数据由邢不行整理，对数据字段有疑问的，可以直接微信私信邢不行，微信号：xbx297,,,,,,,,,,,,,,,,,,,,,,,,,,,,,,,,,,,,,
股票代码,股票名称,交易日期,开盘价,最高价,最低价,收盘价,前收盘价,成交量,成交额,流通市值,总市值,净利润TTM,现金流TTM,净资产,总资产,总负债,净利润(当季),中户资金买入额,中户资金卖出额,大户资金买入额,大户资金卖出额,散户资金买入额,散户资金卖出额,机构资金买入额,机构资金卖出额,沪深300成分股,上证50成分股,中证500成分股,中证1000成分股,中证2000成分股,创业板指成分股,新版申万一级行业名称,新版申万二级行业名称,新版申万三级行业名称,09:35收盘价,09:45收盘价,09:55收盘价
sz300050,N鼎利,2010-01-20,121.0,125.0,113.8,115.23,88.0,8137580.0,954492812.4,1290576000.0,6222420000.0,,,186926271.84,235749178.92,48822907.08,,39769.1,67094.69,27925.88,3244.4,14922.68,17590.38,11551.98,6240.17,,,,,,,信息设备,通信设备,通信配套服务,117.99,116.5,116.11
sz300050,世纪鼎利,2010-01-21,117.01,119.77,115.01,116.23,115.23,2772034.0,324005591.0,1301776000.0,6276420000.0,,,186926271.84,235749178.92,48822907.08,,12799.85,13737.61,10919.43,10628.73,5707.9,5343.33,2470.21,2187.72,,,,,,,信息设备,通信设备,通信配套服务,116.3,117.0,119.39
sz300050,世纪鼎利,2010-01-22,113.0,113.0,106.09,106.1,116.23,2488042.0,270100322.4,1188320000.0,5729400000.0,,,186926271.84,235749178.92,48822907.08,,12053.62,11162.93,7858.08,8439.89,6430.16,4429.63,668.16,2977.58,,,,,,,信息设备,通信设备,通信配套服务,112.0,110.66,110.3
sz300050,世纪鼎利,2010-01-25,103.5,106.9,103.33,103.64,106.1,1120097.0,117335801.9,1160768000.0,5596560000.0,,,186926271.84,235749178.92,48822907.08,,5422.24,5226.98,2994.41,3580.82,2670.6,2284.6,492.94,487.8,,,,,,,信息设备,通信设备,通信配套服务,104.2,104.19,104.07
sz300050,世纪鼎利,2010-01-26,106.0,107.99,103.0,104.85,103.64,1027413.0,108486224.3,1174320000.0,5661900000.0,,,186926271.84,235749178.92,48822907.08,,5101.87,5513.11,2852.63,2729.42,2575.92,2349.67,318.2,256.43,,,,,,,信息设备,通信设备,通信配套服务,106.3,107.3,106.7
sz300050,世纪鼎利,2010-01-27,107.88,112.0,106.0,107.02,104.85,1725776.0,187759704.3,1198624000.0,5779080000.0,,,186926271.84,235749178.92,48822907.08,,8437.77,7546.21,5355.2,6395.25,4152.3,4033.43,671.58,641.96,,,,,,,信息设备,通信设备,通信配套服务,108.0,107.3,107.5
sz300050,世纪鼎利,2010-01-28,106.15,109.87,106.0,109.09,107.02,936153.0,100577226.3,1221808000.0,5890860000.0,,,186926271.84,235749178.92,48822907.08,,4299.86,4840.22,3057.06,2495.69,2394.29,2588.47,306.51,133.35,,,,,,,信息设备,通信设备,通信配套服务,106.51,106.93,107.6
sz300050,世纪鼎利,2010-01-29,108.39,112.87,108.05,109.28,109.09,1045746.0,115539911.5,1223936000.0,5901120000.0,,,186926271.84,235749178.92,48822907.08,,4859.95,5784.52,3781.69,2791.28,2849.11,2965.05,63.24,13.14,,,,,,,信息设备,通信设备,通信配套服务,108.99,109.37,109.0
sz300050,世纪鼎利,2010-02-01,106.3,111.78,105.11,111.19,109.28,1025985.0,111570251.6,1245328000.0,6004260000.0,,,186926271.84,235749178.92,48822907.08,,4812.42,5209.16,3306.28,2710.31,2684.94,2638.61,154.14,399.7,,,,,,,信息设备,通信设备,通信配套服务,107.5,106.8,105.97
sz300050,世纪鼎利,2010-02-02,112.0,112.64,107.88,107.88,111.19,756867.0,83356445.8,1208256000.0,5825520000.0,,,186926271.84,235749178.92,48822907.08,,3324.64,3318.71,2310.87,2575.31,2334.28,1970.11,130.69,236.33,,,,,,,信息设备,通信设备,通信配套服务,110.33,111.4,111.38
sz300050,世纪鼎利,2010-02-03,107.6,108.7,99.0,103.18,107.88,1452186.0,148970733.1,1155616000.0,5571720000.0,,,186926271.84,235749178.92,48822907.08,,6394.13,5310.15,4057.12,5393.02,3945.32,2502.01,246.67,1438.07,,,,,,,信息设备,通信设备,通信配套服务,107.47,106.35,104.51
sz300050,世纪鼎利,2010-02-04,102.99,103.85,100.68,101.0,103.18,775679.0,79174323.3,1131200000.0,5454000000.0,,,186926271.84,235749178.92,48822907.08,,3648.9,3196.45,1687.99,2205.07,2130.28,1587.05,303.82,782.42,,,,,,,信息设备,通信设备,通信配套服务,102.0,102.38,102.46
sz300050,世纪鼎利,2010-02-05,104.0,108.49,102.58,107.6,101.0,1470036.0,156463855.9,1205120000.0,5810400000.0,,,186926271.84,235749178.92,48822907.08,,6861.67,6791.34,5047.88,4261.26,2988.2,3720.88,742.07,866.34,,,,,,,信息设备,通信设备,通信配套服务,105.9,106.27,105.68
sz300050,世纪鼎利,2010-02-08,106.2,111.36,105.51,108.38,107.6,1073453.0,116650874.7,1213856000.0,5852520000.0,,,186926271.84,235749178.92,48822907.08,,5495.35,5358.62,2643.2,3326.41,3075.46,2625.17,451.08,354.88,,,,,,,信息设备,通信设备,通信配套服务,107.01,106.5,106.21
sz300050,世纪鼎利,2010-02-09,106.99,108.87,106.38,107.26,108.38,485351.0,52140788.6,1201312000.0,5792040000.0,,,186926271.84,235749178.92,48822907.08,,2351.27,2541.96,1174.58,1397.49,1544.96,1115.45,107.77,123.67,,,,,,,信息设备,通信设备,通信配套服务,107.67,107.55,107.33
sz300050,世纪鼎利,2010-02-10,108.1,113.8,107.62,113.18,107.26,1148507.0,128022175.3,1267616000.0,6111720000.0,,,186926271.84,235749178.92,48822907.08,,5167.18,5761.34,4448.57,3202.42,2667.2,3525.87,241.49,34.82,,,,,,,信息设备,通信设备,通信配套服务,108.0,108.01,107.66
sz300050,世纪鼎利,2010-02-11,112.5,118.83,112.38,115.79,113.18,1359953.0,157532377.9,1296848000.0,6252660000.0,,,186926271.84,235749178.92,48822907.08,,6240.51,6764.27,4835.84,4039.87,3426.1,4062.41,1135.0,770.89,,,,,,,信息设备,通信设备,通信配套服务,114.12,114.8,113.68
sz300050,世纪鼎利,2010-02-12,116.01,127.37,116.01,127.37,115.79,1655592.0,202515193.9,1426544000.0,6877980000.0,,,186926271.84,235749178.92,48822907.08,,6872.39,9192.19,7087.85,4689.83,3345.29,4918.32,2125.27,630.47,,,,,,,信息设备,通信设备,通信配套服务,116.5,117.8,117.6
sz300050,世纪鼎利,2010-02-22,127.3,128.8,123.11,123.3,127.37,1205359.0,151064337.4,1380960000.0,6658200000.0,,,186926271.84,235749178.92,48822907.08,,6128.63,5506.38,4154.42,5271.36,3725.06,3074.42,914.59,1070.54,,,,,,,信息设备,通信设备,通信配套服务,127.11,127.01,125.36
sz300050,世纪鼎利,2010-02-23,122.6,127.88,122.0,127.4,123.3,1102537.0,137938986.8,1426880000.0,6879600000.0,,,186926271.84,235749178.92,48822907.08,,5477.2,5429.68,4451.59,4508.75,3028.01,3195.4,837.11,660.07,,,,,,,信息设备,通信设备,通信配套服务,123.3,122.82,123.88
sz300050,世纪鼎利,2010-02-24,127.2,131.0,125.1,126.11,127.4,1334284.0,170725103.4,1412432000.0,6809940000.0,,,186926271.84,235749178.92,48822907.08,,7137.4,7100.83,4586.45,5621.19,4515.3,3585.89,563.47,494.72,,,,,,,信息设备,通信设备,通信配套服务,127.45,127.08,126.6
sz300050,世纪鼎利,2010-02-26,129.5,130.48,125.52,125.52,126.11,1227165.0,156664127.6,1405824000.0,6778080000.0,,,186926271.84,235749178.92,48822907.08,,6029.16,5810.48,4532.9,5414.78,3827.49,3083.58,718.29,799.01,,,,,,,信息设备,通信设备,通信配套服务,129.0,128.13,127.11
sz300050,世纪鼎利,2010-03-01,125.2,126.88,123.2,126.47,125.52,911011.0,114308218.9,1416464000.0,6829380000.0,,,186926271.84,235749178.92,48822907.08,,4689.89,4731.46,3014.09,3049.07,2835.13,2720.81,841.66,879.43,,,,,,,信息设备,通信设备,通信配套服务,125.5,123.9,123.68
sz300050,世纪鼎利,2010-03-02,126.41,131.6,126.0,128.75,126.47,1026442.0,132740390.1,1442000000.0,6952500000.0,,,186926271.84,235749178.92,48822907.08,,5673.51,6028.55,3847.73,3102.77,3280.28,3624.13,235.63,281.68,,,,,,,信息设备,通信设备,通信配套服务,126.49,126.5,127.03
sz300050,世纪鼎利,2010-03-03,128.58,131.8,127.0,127.25,128.75,851987.0,109844243.5,1425200000.0,6871500000.0,,,186926271.84,235749178.92,48822907.08,,4631.64,4161.03,3167.53,3520.87,2599.44,2112.36,490.37,1094.73,,,,,,,信息设备,通信设备,通信配套服务,129.3,129.18,130.25
sz300050,世纪鼎利,2010-03-04,126.5,128.62,122.0,123.12,127.25,815971.0,102018464.8,1378944000.0,6648480000.0,,,186926271.84,235749178.92,48822907.08,,4273.78,4441.62,2760.47,3219.72,3038.33,2287.81,0.0,123.43,,,,,,,信息设备,通信设备,通信配套服务,126.46,126.5,127.59
sz300050,世纪鼎利,2010-03-05,123.01,129.0,123.01,128.2,123.12,936976.0,117971207.0,1435840000.0,6922800000.0,,,186926271.84,235749178.92,48822907.08,,4665.32,5345.03,4274.45,2726.62,2539.71,3314.82,220.21,313.22,,,,,,,信息设备,通信设备,通信配套服务,123.74,123.21,123.99
sz300050,世纪鼎利,2010-03-08,128.39,136.65,128.39,136.08,128.2,1220234.0,163230464.4,1524096000.0,7348320000.0,,,186926271.84,235749178.92,48822907.08,,6502.99,6856.67,5571.0,4754.41,3049.65,3950.02,1037.48,600.01,,,,,,,信息设备,通信设备,通信配套服务,129.3,130.99,132.8
sz300050,世纪鼎利,2010-03-09,135.5,136.4,133.3,134.7,136.08,680450.0,91573733.2,1508640000.0,7273800000.0,,,186926271.84,235749178.92,48822907.08,,3988.38,4002.45,2544.42,3337.32,2093.52,1509.54,466.6,243.59,,,,,,,信息设备,通信设备,通信配套服务,135.5,135.0,134.38
sz300050,世纪鼎利,2010-03-10,134.5,138.5,130.28,132.06,134.7,897939.0,120435913.4,1479072000.0,7131240000.0,,,186926271.84,235749178.92,48822907.08,,5168.78,5080.26,3112.6,3885.24,3500.74,2526.65,0.0,289.96,,,,,,,信息设备,通信设备,通信配套服务,135.99,138.5,137.6
sz300050,世纪鼎利,2010-03-11,132.0,138.5,129.8,137.4,132.06,1143456.0,153057314.2,1538880000.0,7419600000.0,,,186926271.84,235749178.92,48822907.08,,6357.38,5796.25,4654.5,5629.64,3071.64,3296.9,985.89,346.61,,,,,,,信息设备,通信设备,通信配套服务,132.5,133.0,133.3
sz300050,世纪鼎利,2010-03-12,137.4,138.8,132.01,132.8,137.4,1037426.0,140516954.0,1487360000.0,7171200000.0,,,186926271.84,235749178.92,48822907.08,,6467.89,5561.42,3419.52,5424.72,3385.07,2180.67,598.87,704.54,,,,,,,信息设备,通信设备,通信配套服务,136.8,136.76,136.47
sz300050,世纪鼎利,2010-03-15,133.8,136.5,131.5,135.83,132.8,701241.0,94073898.2,1521296000.0,7334820000.0,,,186926271.84,235749178.92,48822907.08,,4288.42,4023.22,2682.66,2864.63,2032.7,2112.79,355.41,358.54,,,,,,,信息设备,通信设备,通信配套服务,133.4,133.4,132.8
sz300050,世纪鼎利,2010-03-16,135.2,140.5,135.0,136.3,135.83,969745.0,133617669.1,1526560000.0,7360200000.0,,,186926271.84,235749178.92,48822907.08,,5851.28,5856.84,4209.25,3992.91,2625.29,2762.47,675.94,749.55,,,,,,,信息设备,通信设备,通信配套服务,135.83,135.41,136.36
sz300050,世纪鼎利,2010-03-17,135.7,138.68,134.8,138.01,136.3,654347.0,89875370.2,1545712000.0,7452540000.0,,,186926271.84,235749178.92,48822907.08,,4393.5,3781.55,2144.99,2779.97,1821.21,1584.23,285.57,499.52,,,,,,,信息设备,通信设备,通信配套服务,136.0,136.0,135.02
sz300050,世纪鼎利,2010-03-18,139.0,140.8,137.0,138.7,138.01,603954.0,83609800.9,1553440000.0,7489800000.0,,,186926271.84,235749178.92,48822907.08,,3801.36,4051.49,2644.33,2511.96,1627.02,1528.67,19.41,,,,,,,,信息设备,通信设备,通信配套服务,138.0,140.36,139.2
sz300050,世纪鼎利,2010-03-19,139.01,143.79,138.7,143.6,138.7,934837.0,132727841.9,1608320000.0,7754400000.0,,,186926271.84,235749178.92,48822907.08,,5800.09,5791.03,4835.29,3990.94,2218.89,2947.24,418.52,543.57,,,,,,,信息设备,通信设备,通信配套服务,139.33,139.62,141.9
sz300050,世纪鼎利,2010-03-22,142.5,152.0,142.33,148.5,143.6,940902.0,138101611.9,1663200000.0,8019000000.0,,,186926271.84,235749178.92,48822907.08,,5871.91,5840.81,4158.63,4164.48,2582.84,2873.44,854.37,589.01,,,,,,,信息设备,通信设备,通信配套服务,143.67,143.8,144.0
sz300050,世纪鼎利,2010-03-23,147.6,153.89,146.08,153.18,148.5,960236.0,144664836.9,1715616000.0,8271720000.0,,,186926271.84,235749178.92,48822907.08,,5445.0,6080.27,5065.7,5287.55,3025.22,2857.62,760.54,71.02,,,,,,,信息设备,通信设备,通信配套服务,147.76,147.48,147.0
sz300050,世纪鼎利,2010-03-24,152.52,157.77,151.3,153.15,153.18,934550.0,143923178.3,1715280000.0,8270100000.0,,,186926271.84,235749178.92,48822907.08,,6312.68,5929.69,4202.78,4877.98,3393.57,2788.28,392.93,706.01,,,,,,,信息设备,通信设备,通信配套服务,153.0,154.0,152.71
sz300050,世纪鼎利,2010-03-25,151.99,159.95,151.01,158.4,153.15,1093109.0,171075229.0,1774080000.0,8553600000.0,,,186926271.84,235749178.92,48822907.08,,5868.94,6383.33,6591.14,5788.82,2709.33,3007.73,1660.91,1650.44,,,,,,,信息设备,通信设备,通信配套服务,152.66,,154.34
sz300050,世纪鼎利,2010-03-26,154.99,157.96,148.88,153.58,158.4,1097402.0,167700785.0,1720096000.0,8293320000.0,,,186926271.84,235749178.92,48822907.08,,7648.45,6499.69,4450.06,5979.35,4072.84,2960.1,479.74,1211.94,,,,,,,信息设备,通信设备,通信配套服务,155.0,152.0,151.8
sz300050,世纪鼎利,2010-03-29,152.3,155.75,145.11,152.88,153.58,1248499.0,188589818.6,1712256000.0,8255520000.0,,,186926271.84,235749178.92,48822907.08,,7486.98,7121.32,6569.02,7604.44,4180.18,3347.41,406.55,569.56,,,,,,,信息设备,通信设备,通信配套服务,152.0,154.5,154.09
sz300050,世纪鼎利,2010-03-30,142.11,147.44,142.02,146.0,152.88,2614096.0,378521727.5,1635200000.0,7884000000.0,111344457.28,81314963.35,219836780.5,298497644.17,78660863.67,32659715.870000005,,,,,,,,,,,,,,,信息设备,通信设备,通信配套服务,142.99,144.52,142.92
sz300050,世纪鼎利,2010-03-31,145.55,151.44,145.49,149.79,146.0,1205194.0,179546319.3,1677648000.0,8088660000.0,111344457.28,81314963.35,219836780.5,298497644.17,78660863.67,32659715.870000005,7303.65,8055.54,5930.19,5465.3,3301.11,3919.01,1347.78,442.89,,,,,,,信息设备,通信设备,通信配套服务,146.3,147.69,147.09
sz300050,世纪鼎利,2010-04-01,150.3,150.5,145.01,145.01,149.79,1958585.0,289752390.0,1624112000.0,7830540000.0,111344457.28,81314963.35,219836780.5,298497644.17,78660863.67,32659715.870000005,10579.42,9819.28,8657.38,11177.01,5475.96,3564.33,3382.7,3534.85,,,,,,,信息设备,通信设备,通信配套服务,148.8,149.2,148.66
sz300050,世纪鼎利,2010-04-02,143.0,144.6,141.0,141.33,145.01,1392561.0,198576625.4,1582896000.0,7631820000.0,111344457.28,81314963.35,219836780.5,298497644.17,78660863.67,32659715.870000005,6774.62,6501.18,6985.21,8314.67,3561.41,2533.73,2329.43,2301.07,,,,,,,信息设备,通信设备,通信配套服务,143.01,141.12,142.1
sz300050,世纪鼎利,2010-04-06,141.32,146.68,140.88,146.68,141.33,1127812.0,162190714.6,1642816000.0,7920720000.0,111344457.28,81314963.35,219836780.5,298497644.17,78660863.67,32659715.870000005,6192.46,6769.07,6079.2,4835.15,2824.03,3276.31,711.95,927.11,,,,,,,信息设备,通信设备,通信配套服务,141.39,141.02,142.56
sz300050,世纪鼎利,2010-04-07,146.44,146.48,144.0,146.31,146.68,882254.0,128161422.7,1638672000.0,7900740000.0,111344457.28,81314963.35,219836780.5,298497644.17,78660863.67,32659715.870000005,6171.84,5028.43,3205.51,4736.37,2751.92,1779.4,544.66,1129.73,,,,,,,信息设备,通信设备,通信配套服务,146.0,146.22,145.7
sz300050,世纪鼎利,2010-04-08,145.63,149.23,144.6,144.6,146.31,831823.0,122577927.6,1619520000.0,7808400000.0,111344457.28,81314963.35,219836780.5,298497644.17,78660863.67,32659715.870000005,5691.18,5886.79,3264.91,3357.99,2854.53,2666.03,205.7,105.5,,,,,,,信息设备,通信设备,通信配套服务,146.39,147.65,149.18
sz300050,世纪鼎利,2010-04-09,144.52,148.25,144.52,147.89,144.6,822726.0,120409181.0,1656368000.0,7986060000.0,111344457.28,81314963.35,219836780.5,298497644.17,78660863.67,32659715.870000005,5449.47,5317.9,3202.37,3889.03,2345.69,2377.97,885.68,298.31,,,,,,,信息设备,通信设备,通信配套服务,145.51,145.3,145.21
sz300050,世纪鼎利,2010-04-12,148.5,159.0,148.5,155.21,147.89,1504358.0,230391744.9,1738352000.0,8381340000.0,111344457.28,81314963.35,219836780.5,298497644.17,78660863.67,32659715.870000005,8277.66,9483.47,7792.31,7659.31,3643.81,4308.7,3213.64,1475.94,,,,,,,信息设备,通信设备,通信配套服务,150.19,151.56,151.25
sz300050,世纪鼎利,2010-04-13,152.44,155.99,141.01,143.51,155.21,1560359.0,231612661.1,1607312000.0,7749540000.0,111344457.28,81314963.35,219836780.5,298497644.17,78660863.67,32659715.870000005,8303.49,8986.47,8345.44,7384.36,4074.75,3678.77,2262.5,2936.59,,,,,,,信息设备,通信设备,通信配套服务,154.0,154.9,152.0
sz300050,世纪鼎利,2010-04-14,143.88,152.88,143.68,148.81,143.51,895751.0,133377756.5,1666672000.0,8035740000.0,111344457.28,81314963.35,219836780.5,298497644.17,78660863.67,32659715.870000005,5447.47,5924.5,5032.08,4209.11,2271.13,2928.81,538.88,227.14,,,,,,,信息设备,通信设备,通信配套服务,144.3,146.8,148.13
sz300050,世纪鼎利,2010-04-15,148.11,151.4,135.5,136.89,148.81,1421420.0,200987186.1,1533168000.0,7392060000.0,111344457.28,81314963.35,219836780.5,298497644.17,78660863.67,32659715.870000005,7769.54,7073.72,5559.69,7780.78,4138.79,2562.62,2470.54,2521.44,,,,,,,信息设备,通信设备,通信配套服务,148.62,150.77,150.0
sz300050,世纪鼎利,2010-04-16,134.0,140.37,134.0,137.0,136.89,875660.0,119910734.6,1534400000.0,7398000000.0,111344457.28,81314963.35,219836780.5,298497644.17,78660863.67,32659715.870000005,5195.92,4131.79,3365.45,3634.54,2361.94,1982.88,911.98,2086.08,,,,,,,信息设备,通信设备,通信配套服务,136.39,136.28,135.55
sz300050,世纪鼎利,2010-04-19,135.99,138.9,134.0,134.67,137.0,760488.0,103602745.9,1508304000.0,7272180000.0,111344457.28,81314963.35,219836780.5,298497644.17,78660863.67,32659715.870000005,4800.19,4205.5,3029.81,3866.44,2199.09,1696.99,228.38,488.53,,,,,,,信息设备,通信设备,通信配套服务,135.58,135.55,135.29
sz300050,世纪鼎利,2010-04-20,133.0,133.99,125.3,128.1,134.67,2150720.0,275555475.2,1793400000.0,6917400000.0,111344457.28,81314963.35,219836780.5,298497644.17,78660863.67,32659715.870000005,8066.05,4994.33,8912.35,10698.83,4606.64,2141.0,5970.51,9721.38,,,,,,,信息设备,通信设备,通信配套服务,133.3,127.3,126.99
sz300050,世纪鼎利,2010-04-21,128.2,136.34,128.12,134.22,128.1,1143812.0,152653581.4,1879080000.0,7247880000.0,111344457.28,81314963.35,219836780.5,298497644.17,78660863.67,32659715.870000005,5698.34,6162.03,6297.78,4693.03,2533.84,2853.19,648.16,1469.87,,,,,,,信息设备,通信设备,通信配套服务,130.4,130.81,131.17
sz300050,世纪鼎利,2010-04-22,134.83,138.79,133.96,136.49,134.22,881463.0,120294477.4,1910860000.0,7370460000.0,111344457.28,81314963.35,219836780.5,298497644.17,78660863.67,32659715.870000005,5454.55,4635.89,3315.53,3893.39,2231.18,2168.21,880.77,1184.54,,,,,,,信息设备,通信设备,通信配套服务,135.94,136.0,136.4
sz300050,世纪鼎利,2010-04-26,137.01,137.3,129.01,130.11,136.49,1079173.0,141726583.6,1821540000.0,7025940000.0,111344457.28,81314963.35,219836780.5,298497644.17,78660863.67,32659715.870000005,5460.14,4747.42,4654.96,5378.89,3182.62,2089.39,702.54,1784.56,,,,,,,信息设备,通信设备,通信配套服务,136.51,134.44,134.0
sz300050,世纪鼎利,2010-04-27,135.0,142.95,135.0,139.68,130.11,1734978.0,240578152.2,1955520000.0,7542720000.0,111344457.28,81314963.35,1422403675.6999998,1470583071.6,48179395.9,33117511.45,9010.3,8396.08,8023.51,7818.54,3533.74,3713.92,3284.93,3923.94,,,,,,,信息设备,通信设备,通信配套服务,138.0,138.8,140.6
sz300050,世纪鼎利,2010-04-28,137.2,140.19,134.68,137.85,139.68,953343.0,131245033.6,1929900000.0,7443900000.0,111344457.28,81314963.35,1422403675.6999998,1470583071.6,48179395.9,33117511.45,4803.93,4725.2,4706.78,4966.39,2545.86,2000.82,1014.17,1378.34,,,,,,,信息设备,通信设备,通信配套服务,138.77,139.5,138.0
sz300050,世纪鼎利,2010-04-29,138.18,139.6,133.4,133.4,137.85,648812.0,88754866.2,1867600000.0,7203600000.0,111344457.28,81314963.35,1422403675.6999998,1470583071.6,48179395.9,33117511.45,3495.41,3381.77,2891.33,3622.75,2082.41,1468.46,138.2,134.37,,,,,,,信息设备,通信设备,通信配套服务,139.0,138.68,137.8
sz300050,世纪鼎利,2010-04-30,132.8,132.8,126.71,130.0,133.4,766115.0,98783067.5,1820000000.0,7020000000.0,111344457.28,81314963.35,1422403675.6999998,1470583071.6,48179395.9,33117511.45,3612.99,3737.38,2952.46,3408.55,2847.22,2187.86,376.84,455.72,,,,,,,信息设备,通信设备,通信配套服务,132.0,129.6,127.0
sz300050,世纪鼎利,2010-05-04,127.0,132.18,126.1,129.28,130.0,447504.0,58090173.9,1809920000.0,6981120000.0,111344457.28,81314963.35,1422403675.6999998,1470583071.6,48179395.9,33117511.45,2172.59,2115.47,1513.7,1855.79,1730.36,1447.69,392.37,390.08,,,,,,,信息设备,通信设备,通信配套服务,128.58,129.5,129.68
sz300050,世纪鼎利,2010-05-05,129.0,135.0,128.0,134.16,129.28,788944.0,103724045.6,1878240000.0,7244640000.0,111344457.28,81314963.35,1422403675.6999998,1470583071.6,48179395.9,33117511.45,4021.0,3936.12,3178.26,3177.42,2356.31,2215.71,715.67,941.99,,,,,,,信息设备,通信设备,通信配套服务,129.0,129.01,129.5
sz300050,世纪鼎利,2010-05-06,133.4,134.7,126.0,126.5,134.16,1169782.0,152643398.7,1771000000.0,6831000000.0,111344457.28,81314963.35,1422403675.6999998,1470583071.6,48179395.9,33117511.45,5185.08,4581.34,3765.51,4780.28,3568.12,1987.47,2546.7,3716.34,,,,,,,信息设备,通信设备,通信配套服务,134.6,134.18,133.44
sz300050,世纪鼎利,2010-05-07,122.8,125.76,118.01,119.28,126.5,1176858.0,143331597.6,1669920000.0,6441120000.0,111344457.28,81314963.35,1422403675.6999998,1470583071.6,48179395.9,33117511.45,5907.5,4997.78,4067.23,5838.31,3979.37,2490.34,223.99,851.67,,,,,,,信息设备,通信设备,通信配套服务,123.0,123.7,124.6
sz300050,世纪鼎利,2010-05-10,119.38,120.49,111.5,113.72,119.28,1021137.0,117221940.2,1592080000.0,6140880000.0,111344457.28,81314963.35,1422403675.6999998,1470583071.6,48179395.9,33117511.45,4799.93,4156.98,3379.9,4449.9,3027.25,2126.08,433.82,907.93,,,,,,,信息设备,通信设备,通信配套服务,118.05,116.68,116.68
sz300050,世纪鼎利,2010-05-11,116.88,117.85,110.0,110.85,113.72,859916.0,97840623.4,1551900000.0,5985900000.0,111344457.28,81314963.35,1422403675.6999998,1470583071.6,48179395.9,33117511.45,3652.3,3192.83,2451.54,3029.81,2635.95,1800.53,938.97,1655.58,,,,,,,信息设备,通信设备,通信配套服务,116.3,115.88,115.75
sz300050,世纪鼎利,2010-05-12,109.9,114.98,109.02,114.22,110.85,848704.0,95588656.3,1599080000.0,6167880000.0,111344457.28,81314963.35,1422403675.6999998,1470583071.6,48179395.9,33117511.45,3988.87,3641.43,2542.09,2853.08,2074.13,2254.94,953.78,809.41,,,,,,,信息设备,通信设备,通信配套服务,111.6,110.0,112.7
sz300050,世纪鼎利,2010-05-13,114.5,115.95,110.8,115.77,114.22,823098.0,93972011.2,1620780000.0,6251580000.0,111344457.28,81314963.35,1422403675.6999998,1470583071.6,48179395.9,33117511.45,3574.31,3293.01,2460.28,2288.14,1986.25,1843.4,1376.35,1972.65,,,,,,,信息设备,通信设备,通信配套服务,114.06,114.06,114.27
sz300050,世纪鼎利,2010-05-14,114.01,118.92,113.18,118.15,115.77,771062.0,90138610.2,1654100000.0,6380100000.0,111344457.28,81314963.35,1422403675.6999998,1470583071.6,48179395.9,33117511.45,3141.09,3360.35,2288.02,1939.15,2201.89,2305.89,1262.59,1288.2,,,,,,,信息设备,通信设备,通信配套服务,114.1,115.6,115.0
sz300050,世纪鼎利,2010-05-17,115.99,119.5,112.51,112.51,118.15,805121.0,93758617.8,1575140000.0,6075540000.0,111344457.28,81314963.35,1422403675.6999998,1470583071.6,48179395.9,33117511.45,4093.48,3633.68,2288.78,3200.51,2451.26,2069.11,349.95,280.18,,,,,,,信息设备,通信设备,通信配套服务,116.6,115.63,117.0
sz300050,世纪鼎利,2010-05-18,111.68,117.66,110.01,116.61,112.51,719206.0,81896216.9,1632540000.0,6296940000.0,111344457.28,81314963.35,1422403675.6999998,1470583071.6,48179395.9,33117511.45,3658.62,3629.42,2225.39,1628.92,2069.66,2338.41,148.15,505.07,,,,,,,信息设备,通信设备,通信配套服务,111.98,111.51,111.88
sz300050,世纪鼎利,2010-05-19,114.9,121.98,113.96,119.35,115.96,1126150.0,134511020.4,1670900000.0,6444900000.0,111344457.28,81314963.35,1422403675.6999998,1470583071.6,48179395.9,33117511.45,4497.41,4974.33,4370.81,3711.79,2516.13,3131.95,1879.0,1445.29,,,,,,,信息设备,通信设备,通信配套服务,115.5,116.51,116.49
sz300050,世纪鼎利,2010-05-20,118.88,121.4,116.9,117.0,119.35,607962.0,72225265.7,1638000000.0,6318000000.0,111344457.28,81314963.35,1422403675.6999998,1470583071.6,48179395.9,33117511.45,3032.35,2986.66,1563.11,1634.27,2418.18,2204.62,114.12,302.21,,,,,,,信息设备,通信设备,通信配套服务,118.47,118.81,119.8
sz300050,世纪鼎利,2010-05-21,112.18,123.13,111.01,122.61,117.0,1334659.0,158008027.5,1716540000.0,6620940000.0,111344457.28,81314963.35,1422403675.6999998,1470583071.6,48179395.9,33117511.45,6124.01,5383.59,5720.55,6329.4,3098.51,3269.17,732.22,693.13,,,,,,,信息设备,通信设备,通信配套服务,113.78,114.0,115.28
sz300050,世纪鼎利,2010-05-24,122.0,126.96,122.0,125.7,122.61,1160703.0,145561284.4,1759800000.0,6787800000.0,111344457.28,81314963.35,1422403675.6999998,1470583071.6,48179395.9,33117511.45,5199.17,5634.42,4814.12,4884.2,2924.14,2890.5,1554.85,1083.15,,,,,,,信息设备,通信设备,通信配套服务,123.0,124.0,123.88
sz300050,世纪鼎利,2010-05-25,124.5,132.5,124.1,127.99,125.7,1489364.0,192219187.7,1791860000.0,6911460000.0,111344457.28,81314963.35,1422403675.6999998,1470583071.6,48179395.9,33117511.45,6129.74,7353.7,6984.44,5736.37,3832.0,4363.31,2206.63,1699.43,,,,,,,信息设备,通信设备,通信配套服务,125.3,125.49,126.87
sz300050,世纪鼎利,2010-05-26,130.0,130.8,126.0,126.95,127.99,726430.0,92911102.0,1777300000.0,6855300000.0,111344457.28,81314963.35,1422403675.6999998,1470583071.6,48179395.9,33117511.45,3456.22,3689.74,2860.86,3413.56,2327.91,1882.37,583.26,242.59,,,,,,,信息设备,通信设备,通信配套服务,129.1,129.6,130.66
sz300050,世纪鼎利,2010-05-27,127.0,133.87,126.88,133.0,126.95,846899.0,110456786.5,1862000000.0,7182000000.0,111344457.28,81314963.35,1422403675.6999998,1470583071.6,48179395.9,33117511.45,3478.97,4262.66,4338.6,2938.0,2226.2,3136.74,887.53,593.91,,,,,,,信息设备,通信设备,通信配套服务,127.67,127.0,128.0
sz300050,世纪鼎利,2010-05-28,134.37,134.37,129.33,131.1,133.0,848324.0,111869808.2,1835400000.0,7079400000.0,111344457.28,81314963.35,1422403675.6999998,1470583071.6,48179395.9,33117511.45,3784.77,3694.84,3002.53,4537.53,2818.24,2110.18,1481.16,744.15,,,,,,,信息设备,通信设备,通信配套服务,133.53,132.58,132.32
sz300050,世纪鼎利,2010-05-31,130.27,130.87,124.83,124.83,131.1,902334.0,115569748.3,1747620000.0,6740820000.0,111344457.28,81314963.35,1422403675.6999998,1470583071.6,48179395.9,33117511.45,4969.92,3570.59,2338.32,4195.66,3695.6,1957.2,360.9,1641.28,,,,,,,信息设备,通信设备,通信配套服务,129.4,129.72,128.0
sz300050,世纪鼎利,2010-06-01,124.19,125.88,120.0,122.8,124.83,732585.0,89884827.2,1719200000.0,6631200000.0,111344457.28,81314963.35,1422403675.6999998,1470583071.6,48179395.9,33117511.45,3903.58,3347.94,1960.04,3471.87,2899.15,1971.59,138.15,109.52,,,,,,Y,信息设备,通信设备,通信配套服务,124.53,122.8,122.78
sz300050,世纪鼎利,2010-06-02,122.71,125.47,120.22,125.32,122.8,572387.0,70292703.2,1754480000.0,6767280000.0,111344457.28,81314963.35,1422403675.6999998,1470583071.6,48179395.9,33117511.45,2680.05,2614.7,1962.57,2356.95,2049.74,1955.84,239.97,4.84,,,,,,Y,信息设备,通信设备,通信配套服务,122.2,123.3,122.78
sz300050,世纪鼎利,2010-06-03,125.98,127.7,123.0,123.0,125.32,604614.0,76151561.3,1722000000.0,6642000000.0,111344457.28,81314963.35,1422403675.6999998,1470583071.6,48179395.9,33117511.45,3112.89,3115.91,2059.09,1999.75,2006.96,2063.29,132.28,132.28,,,,,,Y,信息设备,通信设备,通信配套服务,125.22,125.48,125.22
sz300050,世纪鼎利,2010-06-04,122.35,125.75,121.35,125.73,123.0,517044.0,64073641.7,1760220000.0,6789420000.0,111344457.28,81314963.35,1422403675.6999998,1470583071.6,48179395.9,33117511.45,2139.95,2259.43,1942.49,1579.91,1750.65,1898.36,359.89,455.28,,,,,,Y,信息设备,通信设备,通信配套服务,121.53,122.68,122.98
sz300050,世纪鼎利,2010-06-07,122.01,131.88,122.0,128.25,125.73,922119.0,117711524.0,1795500000.0,6925500000.0,111344457.28,81314963.35,1422403675.6999998,1470583071.6,48179395.9,33117511.45,4277.87,3970.29,3742.65,3118.98,3029.1,3018.64,590.57,1532.28,,,,,,Y,信息设备,通信设备,通信配套服务,124.0,124.49,126.5
sz300050,世纪鼎利,2010-06-08,128.0,131.45,127.8,129.02,128.25,645436.0,83644232.9,1806280000.0,6967080000.0,111344457.28,81314963.35,1422403675.6999998,1470583071.6,48179395.9,33117511.45,3291.42,3517.71,2620.55,2396.37,2264.85,2209.07,68.9,122.57,,,,,,Y,信息设备,通信设备,通信配套服务,128.78,129.32,130.99
sz300050,世纪鼎利,2010-06-09,129.1,132.68,129.1,130.92,129.02,931521.0,122074519.4,1832880000.0,7069680000.0,111344457.28,81314963.35,1422403675.6999998,1470583071.6,48179395.9,33117511.45,4966.83,4751.15,3474.31,3671.49,2794.15,2656.99,875.28,1030.93,,,,,,Y,信息设备,通信设备,通信配套服务,129.53,130.15,130.21
sz300050,世纪鼎利,2010-06-10,131.3,135.38,129.88,134.0,130.92,826143.0,110061081.9,1876000000.0,7236000000.0,111344457.28,81314963.35,1422403675.6999998,1470583071.6,48179395.9,33117511.45,4511.7,5064.16,3751.92,2904.63,2157.83,2791.54,584.66,245.78,,,,,,Y,信息设备,通信设备,通信配套服务,131.0,131.72,131.6
sz300050,世纪鼎利,2010-06-11,134.85,141.49,134.8,138.78,134.0,1218441.0,168786831.5,1942920000.0,7494120000.0,111344457.28,81314963.35,1422403675.6999998,1470583071.6,48179395.9,33117511.45,7421.51,8390.84,5205.27,4563.19,2883.77,3420.94,1246.29,381.86,,,,,,Y,信息设备,通信设备,通信配套服务,135.67,137.1,137.54
sz300050,世纪鼎利,2010-06-17,140.21,140.8,131.52,131.52,138.78,984453.0,134122791.9,1841280000.0,7102080000.0,111344457.28,81314963.35,1422403675.6999998,1470583071.6,48179395.9,33117511.45,6136.25,5754.86,2983.52,4241.07,3435.19,2154.48,503.53,908.08,,,,,,Y,信息设备,通信设备,通信配套服务,139.99,139.0,140.4
sz300050,世纪鼎利,2010-06-18,130.5,133.38,127.11,128.0,131.52,917954.0,119504481.0,1792000000.0,6912000000.0,111344457.28,81314963.35,1422403675.6999998,1470583071.6,48179395.9,33117511.45,5026.94,4081.95,2976.62,4146.73,3520.18,2712.67,285.91,868.29,,,,,,Y,信息设备,通信设备,通信配套服务,131.0,129.6,128.9
sz300050,世纪鼎利,2010-06-21,128.0,140.8,128.0,140.8,128.0,1685270.0,232417428.1,1971200000.0,7603200000.0,111344457.28,81314963.35,1422403675.6999998,1470583071.6,48179395.9,33117511.45,7451.87,8047.91,9024.99,6071.01,2936.05,4102.11,3817.57,5009.45,,,,,,Y,信息设备,通信设备,通信配套服务,128.37,130.49,131.68
sz300050,世纪鼎利,2010-06-22,138.48,141.8,138.18,139.87,140.8,1085486.0,152204595.5,1958180000.0,7552980000.0,111344457.28,81314963.35,1422403675.6999998,1470583071.6,48179395.9,33117511.45,6463.56,5943.44,4981.97,6801.55,2631.24,2108.05,1143.69,367.42,,,,,,Y,信息设备,通信设备,通信配套服务,139.5,140.22,141.0
sz300050,世纪鼎利,2010-06-23,139.5,150.25,138.3,148.0,139.87,1435953.0,209765578.0,2072000000.0,7992000000.0,111344457.28,81314963.35,1422403675.6999998,1470583071.6,48179395.9,33117511.45,8649.49,8498.57,7630.65,7056.04,3916.35,4022.54,661.68,1281.01,,,,,,Y,信息设备,通信设备,通信配套服务,140.8,142.5,145.0
sz300050,世纪鼎利,2010-06-24,148.8,152.88,146.09,148.52,148.0,1079995.0,160892964.3,2079280000.0,8020080000.0,111344457.28,81314963.35,1422403675.6999998,1470583071.6,48179395.9,33117511.45,6777.11,6764.17,4428.44,5187.55,3172.39,3012.3,1711.36,1125.27,,,,,,Y,信息设备,通信设备,通信配套服务,148.45,147.2,146.7
sz300050,世纪鼎利,2010-06-25,147.5,153.87,142.11,153.0,148.52,1319902.0,194439986.3,2142000000.0,8262000000.0,111344457.28,81314963.35,1422403675.6999998,1470583071.6,48179395.9,33117511.45,8614.9,7733.32,5363.31,6640.91,4400.02,3571.26,547.09,979.84,,,,,,Y,信息设备,通信设备,通信配套服务,147.45,146.76,146.86
sz300050,世纪鼎利,2010-06-28,151.9,155.5,148.08,148.14,153.0,1182982.0,179842046.5,2073960000.0,7999560000.0,111344457.28,81314963.35,1422403675.6999998,1470583071.6,48179395.9,33117511.45,8225.01,7846.45,4624.82,5104.87,4156.85,3673.91,587.91,969.37,,,,,,Y,信息设备,通信设备,通信配套服务,151.0,150.5,152.0
sz300050,世纪鼎利,2010-06-29,148.0,148.89,136.11,140.0,148.14,1519491.0,215816902.9,1960000000.0,7560000000.0,111344457.28,81314963.35,1422403675.6999998,1470583071.6,48179395.9,33117511.45,9299.08,8412.62,6042.72,8212.42,5066.23,3228.48,990.27,1544.77,,,,,,Y,信息设备,通信设备,通信配套服务,146.5,145.1,145.0
sz300050,世纪鼎利,2010-06-30,138.0,146.5,136.4,145.0,140.0,1204316.0,170794463.4,2030000000.0,7830000000.0,111344457.28,81314963.35,1422403675.6999998,1470583071.6,48179395.9,33117511.45,7642.33,7679.48,6007.34,5667.79,3046.57,3587.28,383.2,144.89,,,,,,Y,信息设备,通信设备,通信配套服务,139.0,137.62,138.0
sz300050,世纪鼎利,2010-07-01,143.91,145.31,130.5,130.5,145.0,1870345.0,252653531.4,1827000000.0,7047000000.0,111344457.28,81314963.35,1422403675.6999998,1470583071.6,48179395.9,33117511.45,10728.68,7435.76,6733.65,10690.11,6560.77,2846.72,1223.99,4274.49,,,,,,Y,信息设备,通信设备,通信配套服务,144.81,144.5,142.0
sz300050,世纪鼎利,2010-07-02,127.06,128.5,119.51,126.39,130.5,1725400.0,214138037.9,1769460000.0,6825060000.0,111344457.28,81314963.35,1422403675.6999998,1470583071.6,48179395.9,33117511.45,7819.2,7309.6,6384.84,7848.08,5223.76,4144.19,1820.44,1946.36,,,,,,Y,信息设备,通信设备,通信配套服务,127.83,124.99,126.7
sz300050,世纪鼎利,2010-07-05,121.8,125.99,120.0,124.0,126.39,657952.0,81019446.7,1736000000.0,6696000000.0,111344457.28,81314963.35,1422403675.6999998,1470583071.6,48179395.9,33117511.45,3204.98,3394.52,2313.2,2214.11,2309.74,2219.29,165.65,165.65,,,,,,Y,信息设备,通信设备,通信配套服务,121.5,121.3,122.5
sz300050,世纪鼎利,2010-07-06,123.38,132.74,123.01,132.28,124.0,1256952.0,163344376.1,1851920000.0,7143120000.0,111344457.28,81314963.35,1422403675.6999998,1470583071.6,48179395.9,33117511.45,6069.43,6103.69,6005.76,5360.83,3183.61,4139.13,874.56,529.71,,,,,,Y,信息设备,通信设备,通信配套服务,124.7,127.2,127.5
sz300050,世纪鼎利,2010-07-07,132.01,135.99,131.0,134.16,132.28,840785.0,112364959.9,1878240000.0,7244640000.0,111344457.28,81314963.35,1422403675.6999998,1470583071.6,48179395.9,33117511.45,5318.17,4761.15,2890.03,3594.65,2763.25,2653.99,138.93,100.6,,,,,,Y,信息设备,通信设备,通信配套服务,131.68,134.49,135.1
sz300050,世纪鼎利,2010-07-08,136.38,147.58,136.38,146.12,134.16,1712938.0,245369462.6,2045680000.0,7890480000.0,111344457.28,81314963.35,1422403675.6999998,1470583071.6,48179395.9,33117511.45,9225.22,9555.67,7975.36,7508.87,3630.16,4598.32,3343.85,2511.73,,,,,,Y,信息设备,通信设备,通信配套服务,137.48,142.8,142.04
sz300050,世纪鼎利,2010-07-09,145.0,148.98,143.01,147.2,146.12,1357762.0,198340378.7,2060800000.0,7948800000.0,111344457.28,81314963.35,1422403675.6999998,1470583071.6,48179395.9,33117511.45,7969.4,8093.17,6262.72,6779.47,4171.41,3304.13,1118.59,1345.35,,,,,,Y,信息设备,通信设备,通信配套服务,144.0,143.6,144.3
sz300050,世纪鼎利,2010-07-12,147.0,150.99,144.1,145.8,147.2,1146209.0,168667286.7,2041200000.0,7873200000.0,111344457.28,81314963.35,1422403675.6999998,1470583071.6,48179395.9,33117511.45,6710.97,6745.21,5279.75,6384.94,3666.89,2745.78,838.55,620.22,,,,,,Y,信息设备,通信设备,通信配套服务,149.0,150.37,147.6
sz300050,世纪鼎利,2010-07-13,143.0,149.89,142.71,147.7,145.8,1338653.0,197361182.1,2067800000.0,7975800000.0,111344457.28,81314963.35,1422403675.6999998,1470583071.6,48179395.9,33117511.45,8965.31,7147.17,6372.78,7628.08,3488.76,3391.7,909.27,1569.17,,,,,,Y,信息设备,通信设备,通信配套服务,144.85,144.68,147.01
sz300050,世纪鼎利,2010-07-14,146.88,146.88,134.4,136.55,147.7,2788648.0,387903510.1,1911700000.0,7373700000.0,111344457.28,81314963.35,1422403675.6999998,1470583071.6,48179395.9,33117511.45,15563.29,12671.62,10985.36,16553.88,9276.69,4557.01,2458.41,4501.23,,,,,,Y,信息设备,通信设备,通信配套服务,142.87,141.0,141.77
sz300050,世纪鼎利,2010-07-15,135.0,140.0,134.02,135.55,136.55,1147919.0,157849002.6,1897700000.0,7319700000.0,111344457.28,81314963.35,1422403675.6999998,1470583071.6,48179395.9,33117511.45,6204.34,6197.47,5464.15,5309.03,3324.21,3537.73,526.6,475.07,,,,,,Y,信息设备,通信设备,通信配套服务,136.6,135.38,137.31
sz300050,世纪鼎利,2010-07-16,134.62,137.44,131.18,136.76,135.55,863111.0,115673823.9,1914640000.0,7385040000.0,111344457.28,81314963.35,1422403675.6999998,1470583071.6,48179395.9,33117511.45,4816.34,4957.67,3039.81,3531.33,3309.96,2967.76,323.32,32.66,,,,,,Y,信息设备,通信设备,通信配套服务,135.0,133.0,134.59
sz300050,世纪鼎利,2010-07-19,134.1,137.98,134.02,137.5,136.76,653551.0,89355320.4,1925000000.0,7425000000.0,111344457.28,81314963.35,1422403675.6999998,1470583071.6,48179395.9,33117511.45,4395.26,3920.49,2409.54,2883.76,2023.74,2024.3,0.0,,,,,,,Y,信息设备,通信设备,通信配套服务,135.65,136.4,137.2
sz300050,世纪鼎利,2010-07-20,137.51,140.49,135.8,139.15,137.5,921364.0,127451888.4,1948100000.0,7514100000.0,111344457.28,81314963.35,1422403675.6999998,1470583071.6,48179395.9,33117511.45,5337.22,4963.28,4195.81,4221.12,2626.76,2516.81,469.9,928.48,,,,,,Y,信息设备,通信设备,通信配套服务,137.2,137.37,136.31
sz300050,世纪鼎利,2010-07-21,140.67,144.12,139.0,139.11,139.15,1023884.0,145227867.6,1947540000.0,7511940000.0,111344457.28,81314963.35,1422403675.6999998,1470583071.6,48179395.9,33117511.45,5902.22,5833.92,5145.5,4827.09,2929.46,2795.24,438.49,959.43,,,,,,Y,信息设备,通信设备,通信配套服务,140.3,141.99,143.75
sz300050,世纪鼎利,2010-07-22,138.0,138.97,134.51,137.01,139.11,900621.0,123124138.0,1918140000.0,7398540000.0,111344457.28,81314963.35,1422403675.6999998,1470583071.6,48179395.9,33117511.45,5748.73,4834.35,2310.88,4131.47,3752.89,2204.32,168.36,810.71,,,,,,Y,信息设备,通信设备,通信配套服务,137.8,138.66,138.0
sz300050,世纪鼎利,2010-07-23,137.5,139.61,136.58,138.6,137.01,719113.0,99314675.4,1940400000.0,7484400000.0,111344457.28,81314963.35,1422403675.6999998,1470583071.6,48179395.9,33117511.45,4443.09,4268.21,3198.82,2976.37,1906.2,2050.31,210.11,463.32,,,,,,Y,信息设备,通信设备,通信配套服务,137.61,139.45,138.8
sz300050,世纪鼎利,2010-07-26,139.0,143.33,138.0,142.0,138.6,907709.0,127792031.4,1988000000.0,7668000000.0,111344457.28,81314963.35,1422403675.6999998,1470583071.6,48179395.9,33117511.45,5393.38,5544.68,4206.32,3395.62,2385.32,2947.92,660.7,757.51,,,,,,Y,信息设备,通信设备,通信配套服务,139.12,138.1,138.48
sz300050,世纪鼎利,2010-07-27,141.68,141.68,137.37,137.99,142.0,998087.0,138657817.7,1931860000.0,7451460000.0,111344457.28,81314963.35,1422403675.6999998,1470583071.6,48179395.9,33117511.45,6767.3,5684.7,3034.61,4983.46,3916.23,1910.23,0.0,1139.74,,,,,,Y,信息设备,通信设备,通信配套服务,140.76,140.1,139.78
sz300050,世纪鼎利,2010-07-29,140.8,141.49,138.06,139.5,137.99,814024.0,113663442.3,1953000000.0,7533000000.0,111344457.28,81314963.35,1422403675.6999998,1470583071.6,48179395.9,33117511.45,5795.22,5319.5,2880.25,3325.72,2387.77,2213.23,165.0,369.79,,,,,,Y,信息设备,通信设备,通信配套服务,141.0,140.5,140.01
sz300050,世纪鼎利,2010-07-30,139.5,139.98,134.68,136.0,139.5,791534.0,108148755.5,1904000000.0,7344000000.0,111344457.28,81314963.35,1422403675.6999998,1470583071.6,48179395.9,33117511.45,4917.69,4571.59,2594.67,3897.69,3175.28,2011.01,3.48,210.84,,,,,,Y,信息设备,通信设备,通信配套服务,139.09,139.3,139.35
sz300050,世纪鼎利,2010-08-02,136.0,140.58,136.0,140.27,136.0,819961.0,113930816.7,1963780000.0,7574580000.0,111344457.28,81314963.35,1422403675.6999998,1470583071.6,48179395.9,33117511.45,4772.03,5232.88,4423.19,2654.52,1911.79,3221.98,217.34,214.97,,,,,,Y,信息设备,通信设备,通信配套服务,136.99,137.34,136.35
sz300050,世纪鼎利,2010-08-03,140.81,142.99,139.1,139.1,140.27,809457.0,114454182.9,1947400000.0,7511400000.0,111344457.28,81314963.35,1422403675.6999998,1470583071.6,48179395.9,33117511.45,4792.16,5360.77,3781.26,3244.69,2223.54,2467.12,423.67,148.05,,,,,,Y,信息设备,通信设备,通信配套服务,140.81,142.02,142.1
sz300050,世纪鼎利,2010-08-04,138.88,139.79,136.0,139.0,139.1,551367.0,75892376.9,1946000000.0,7506000000.0,111344457.28,81314963.35,1422403675.6999998,1470583071.6,48179395.9,33117511.45,3380.82,3457.3,1522.04,1987.02,2378.92,1635.44,172.64,374.63,,,,,,Y,信息设备,通信设备,通信配套服务,139.0,139.55,139.5
sz300050,世纪鼎利,2010-08-05,139.11,143.77,139.0,141.15,139.0,869527.0,123286961.3,1976100000.0,7622100000.0,111344457.28,81314963.35,1422403675.6999998,1470583071.6,48179395.9,33117511.45,4901.99,5082.16,3989.68,4053.88,2317.41,2963.31,1003.87,113.6,,,,,,Y,信息设备,通信设备,通信配套服务,139.5,139.9,142.12
sz300050,世纪鼎利,2010-08-06,141.12,143.48,140.58,142.9,141.15,663999.0,94542537.1,2000600000.0,7716600000.0,111344457.28,81314963.35,1422403675.6999998,1470583071.6,48179395.9,33117511.45,4289.92,3788.04,3086.76,3248.18,1812.28,1938.48,126.32,340.57,,,,,,Y,信息设备,通信设备,通信配套服务,142.6,142.03,143.23
sz300050,世纪鼎利,2010-08-09,143.0,146.1,142.17,146.1,142.9,898210.0,129326891.2,2045400000.0,7889400000.0,111344457.28,81314963.35,1422403675.6999998,1470583071.6,48179395.9,33117511.45,5621.33,5809.33,4317.4,3763.37,2107.62,2436.03,648.04,685.65,,,,,,Y,信息设备,通信设备,通信配套服务,143.99,144.07,143.83
sz300050,世纪鼎利,2010-08-10,145.9,146.0,141.0,141.26,146.1,1019931.0,145656311.5,1977640000.0,7628040000.0,111344457.28,81314963.35,1422403675.6999998,1470583071.6,48179395.9,33117511.45,6053.8,5516.1,4673.88,5334.66,3299.66,2053.19,361.7,1485.1,,,,,,Y,信息设备,通信设备,通信配套服务,145.97,145.2,144.6
sz300050,世纪鼎利,2010-08-11,140.11,143.86,140.11,142.9,141.26,623481.0,88916904.0,2000600000.0,7716600000.0,111344457.28,81314963.35,1422403675.6999998,1470583071.6,48179395.9,33117511.45,3546.67,3771.32,3200.54,2215.8,1394.04,1634.55,750.44,1270.02,,,,,,Y,信息设备,通信设备,通信配套服务,141.5,141.84,142.75
sz300050,世纪鼎利,2010-08-12,141.7,142.7,140.1,140.12,142.9,581198.0,82105317.9,1961680000.0,7566480000.0,111344457.28,81314963.35,1422403675.6999998,1470583071.6,48179395.9,33117511.45,3849.13,3525.56,2293.38,2924.78,1748.58,1263.86,205.94,382.83,,,,,,Y,信息设备,通信设备,通信配套服务,141.0,141.3,140.68
sz300050,世纪鼎利,2010-08-13,141.88,149.2,140.0,147.88,140.12,1306529.0,191076902.7,2070320000.0,7985520000.0,111344457.28,81314963.35,1422403675.6999998,1470583071.6,48179395.9,33117511.45,7515.43,7689.57,7048.55,5829.41,3183.76,4183.17,1359.96,1405.55,,,,,,Y,信息设备,通信设备,通信配套服务,140.5,140.8,140.66
sz300050,世纪鼎利,2010-08-16,148.0,152.0,146.68,150.01,147.88,824427.0,123545506.5,2100140000.0,8100540000.0,111344457.28,81314963.35,1422403675.6999998,1470583071.6,48179395.9,33117511.45,5666.35,5352.94,3237.11,3252.91,2520.79,2492.92,565.68,891.17,,,,,,Y,信息设备,通信设备,通信配套服务,147.0,149.5,151.13
sz300050,世纪鼎利,2010-08-17,150.61,159.99,150.61,157.87,150.01,1214333.0,189084905.3,2210180000.0,8524980000.0,111344457.28,81314963.35,1422403675.6999998,1470583071.6,48179395.9,33117511.45,7822.36,8115.36,5595.07,5490.47,3598.67,4279.88,1485.08,615.48,,,,,,Y,信息设备,通信设备,通信配套服务,151.51,155.95,154.41
sz300050,世纪鼎利,2010-08-18,157.0,162.2,155.6,158.28,157.87,1063518.0,168667345.6,2215920000.0,8547120000.0,111344457.28,81314963.35,1422403675.6999998,1470583071.6,48179395.9,33117511.45,7139.55,6569.74,5007.71,6038.51,3537.69,3050.81,905.47,931.36,,,,,,Y,信息设备,通信设备,通信配套服务,158.45,155.6,156.01
sz300050,世纪鼎利,2010-08-19,158.75,161.68,156.3,161.1,158.28,1005830.0,160077230.0,2255400000.0,8699400000.0,111344457.28,81314963.35,1422403675.6999998,1470583071.6,48179395.9,33117511.45,6393.08,5929.8,5424.23,5732.82,3117.67,3028.07,805.31,1049.61,,,,,,Y,信息设备,通信设备,通信配套服务,158.67,158.55,157.99
sz300050,世纪鼎利,2010-08-20,160.1,165.31,153.12,153.5,161.1,1544457.0,245998785.6,2149000000.0,8289000000.0,111344457.28,81314963.35,1422403675.6999998,1470583071.6,48179395.9,33117511.45,10333.36,9566.25,7142.18,9241.48,5553.93,3972.94,1570.41,1819.21,,,,,,Y,信息设备,通信设备,通信配套服务,159.55,162.0,162.68
sz300050,世纪鼎利,2010-08-23,154.96,168.66,154.8,168.0,153.5,1316171.0,216263957.4,2352000000.0,9072000000.0,111344457.28,81314963.35,1422403675.6999998,1470583071.6,48179395.9,33117511.45,8739.2,9358.92,7519.72,6255.54,3830.65,4778.68,1000.9,697.34,,,,,,Y,信息设备,通信设备,通信配套服务,155.88,158.66,161.98
sz300050,世纪鼎利,2010-08-24,166.0,167.98,153.8,155.11,168.0,1798566.0,286390881.8,2171540000.0,8375940000.0,111344457.28,81314963.35,1422403675.6999998,1470583071.6,48179395.9,33117511.45,12372.87,10526.22,7546.27,12857.74,7649.36,3927.41,539.45,796.57,,,,,,Y,信息设备,通信设备,通信配套服务,167.0,163.0,163.5
sz300050,世纪鼎利,2010-08-25,152.93,153.0,145.11,146.0,155.11,1533414.0,228527525.5,2044000000.0,7884000000.0,111344457.28,81314963.35,1422403675.6999998,1470583071.6,48179395.9,33117511.45,8720.11,8848.05,7480.67,7224.89,4999.92,3071.21,1047.25,3103.81,,,,,,Y,信息设备,通信设备,通信配套服务,152.49,149.5,150.21
sz300050,世纪鼎利,2010-08-26,157.97,158.19,151.0,153.1,146.0,2250758.0,348433620.2,2143400000.0,8267400000.0,111344457.28,81314963.35,1429120113.25,1479339330.43,50219217.18,40393151.25,12250.81,10986.72,12256.82,14104.65,5147.87,4280.61,4824.01,5107.53,,,,,,Y,信息设备,通信设备,通信配套服务,154.8,152.13,153.28
sz300050,世纪鼎利,2010-08-27,152.0,166.66,151.6,162.98,153.1,1702125.0,274502235.8,2281720000.0,8800920000.0,111344457.28,81314963.35,1429120113.25,1479339330.43,50219217.18,40393151.25,10205.47,10743.97,10554.85,9513.65,4388.73,5358.0,2031.31,1564.74,,,,,,Y,信息设备,通信设备,通信配套服务,153.39,154.38,157.4
sz300050,世纪鼎利,2010-08-30,164.99,168.8,162.07,166.0,162.98,1063757.0,175837575.5,2324000000.0,8964000000.0,111344457.28,81314963.35,1429120113.25,1479339330.43,50219217.18,40393151.25,7316.98,7684.02,5192.08,5166.95,3606.45,3237.28,1252.44,1279.7,,,,,,Y,信息设备,通信设备,通信配套服务,164.76,167.1,165.5
sz300050,世纪鼎利,2010-08-31,164.39,173.96,162.0,169.5,166.0,1351726.0,227076459.4,2373000000.0,9153000000.0,111344457.28,81314963.35,1429120113.25,1479339330.43,50219217.18,40393151.25,8503.9,8264.24,8144.2,8394.48,4671.69,4748.23,997.84,910.68,,,,,,Y,信息设备,通信设备,通信配套服务,163.5,162.28,162.53
sz300050,世纪鼎利,2010-09-01,168.71,172.0,160.0,165.88,169.5,1307801.0,216412264.5,2322320000.0,8957520000.0,111344457.28,81314963.35,1429120113.25,1479339330.43,50219217.18,40393151.25,7786.27,7088.86,7104.45,8467.8,5333.52,3331.03,1126.7,2463.25,,,,,,Y,信息设备,通信设备,通信配套服务,167.68,170.49,169.07
sz300050,世纪鼎利,2010-09-02,166.1,171.48,164.55,168.76,165.88,910991.0,153069678.9,2362640000.0,9113040000.0,111344457.28,81314963.35,1429120113.25,1479339330.43,50219217.18,40393151.25,6077.75,5845.5,5214.36,5005.13,2712.97,2976.05,1151.69,1330.09,,,,,,Y,信息设备,通信设备,通信配套服务,167.0,167.3,167.81
sz300050,世纪鼎利,2010-09-03,168.7,173.59,161.98,164.11,168.76,1205633.0,201098642.9,2297540000.0,8861940000.0,111344457.28,81314963.35,1429120113.25,1479339330.43,50219217.18,40393151.25,8246.81,7487.51,5515.54,7105.17,5186.87,3339.17,935.71,1953.08,,,,,,Y,信息设备,通信设备,通信配套服务,169.0,172.0,172.59
sz300050,世纪鼎利,2010-09-06,162.8,164.8,156.66,157.81,164.11,1105909.0,175543277.7,2209340000.0,8521740000.0,111344457.28,81314963.35,1429120113.25,1479339330.43,50219217.18,40393151.25,7336.83,5855.39,4141.68,6643.3,4592.81,2597.26,1353.04,2328.42,,,,,,Y,信息设备,通信设备,通信配套服务,163.0,159.8,160.0
sz300050,世纪鼎利,2010-09-07,158.0,159.94,157.66,159.01,157.81,601830.0,95490712.2,2226140000.0,8586540000.0,111344457.28,81314963.35,1429120113.25,1479339330.43,50219217.18,40393151.25,4545.47,3773.74,2736.03,3357.37,1916.33,1710.35,235.97,592.34,,,,,,Y,信息设备,通信设备,通信配套服务,158.3,159.48,159.67
sz300050,世纪鼎利,2010-09-08,158.42,161.5,155.8,157.42,159.01,743579.0,117363353.8,2203880000.0,8500680000.0,111344457.28,81314963.35,1429120113.25,1479339330.43,50219217.18,40393151.25,5292.77,4902.36,3261.78,4005.35,3062.5,2087.87,119.28,740.76,,,,,,Y,信息设备,通信设备,通信配套服务,159.42,160.9,160.23
sz300050,世纪鼎利,2010-09-09,157.75,159.49,153.65,154.25,157.42,776167.0,121242599.5,2159500000.0,8329500000.0,111344457.28,81314963.35,1429120113.25,1479339330.43,50219217.18,40393151.25,5644.87,5112.05,2701.31,4485.34,3328.36,2045.49,267.7,299.35,,,,,,Y,信息设备,通信设备,通信配套服务,158.58,158.75,157.03
sz300050,世纪鼎利,2010-09-13,156.0,163.0,155.01,160.1,154.25,948190.0,151421082.9,2241400000.0,8645400000.0,111344457.28,81314963.35,1429120113.25,1479339330.43,50219217.18,40393151.25,5865.61,6613.28,5483.29,4353.49,2690.06,3362.85,956.05,665.39,,,,,,Y,信息设备,通信设备,通信配套服务,155.98,155.15,156.35
sz300050,世纪鼎利,2010-09-14,160.99,161.76,155.15,157.37,160.1,799037.0,125598256.8,2203180000.0,8497980000.0,111344457.28,81314963.35,1429120113.25,1479339330.43,50219217.18,40393151.25,5023.32,4374.41,4088.63,4745.78,2999.47,1994.49,324.09,1320.82,,,,,,Y,信息设备,通信设备,通信配套服务,160.33,160.19,159.1
sz300050,世纪鼎利,2010-09-15,157.5,157.5,150.0,151.28,157.37,930690.0,142150548.5,2117920000.0,8169120000.0,111344457.28,81314963.35,1429120113.25,1479339330.43,50219217.18,40393151.25,5972.75,5224.07,3768.35,5670.55,3693.06,1927.64,588.78,1200.67,,,,,,Y,信息设备,通信设备,通信配套服务,157.17,156.0,155.53
sz300050,世纪鼎利,2010-09-16,152.9,158.48,152.0,154.3,151.28,1109758.0,172241094.3,2160200000.0,8332200000.0,111344457.28,81314963.35,1429120113.25,1479339330.43,50219217.18,40393151.25,7054.39,7323.95,6399.45,5095.34,3160.14,3767.49,447.82,875.02,,,,,,Y,信息设备,通信设备,通信配套服务,154.0,153.3,154.2
sz300050,世纪鼎利,2010-09-17,155.01,155.8,147.5,150.6,154.3,796590.0,119216063.1,2108400000.0,8132400000.0,111344457.28,81314963.35,1429120113.25,1479339330.43,50219217.18,40393151.25,4981.71,4405.16,3116.33,4684.17,3388.83,2068.69,299.2,628.04,,,,,,Y,信息设备,通信设备,通信配套服务,154.6,150.1,151.0
sz300050,世纪鼎利,2010-09-20,150.77,150.88,142.11,146.01,150.6,784362.0,114129987.1,2044140000.0,7884540000.0,111344457.28,81314963.35,1429120113.25,1479339330.43,50219217.18,40393151.25,5068.13,4318.73,2888.15,4060.87,3035.55,2130.89,421.17,902.5,,,,,,Y,信息设备,通信设备,通信配套服务,148.53,146.52,144.84
sz300050,世纪鼎利,2010-09-21,73.02,73.88,65.68,65.98,72.93,1907492.0,129906102.2,1847440000.0,7125840000.0,111344457.28,81314963.35,1429120113.25,1479339330.43,50219217.18,40393151.25,5596.66,5369.08,3093.55,4314.33,4060.85,2440.88,139.92,766.68,,,,,,Y,信息设备,通信设备,通信配套服务,72.45,70.33,70.5
sz300050,世纪鼎利,2010-09-27,65.7,66.15,62.93,65.81,65.98,1437223.0,92621397.6,1842680000.0,7107480000.0,111344457.28,81314963.35,1429120113.25,1479339330.43,50219217.18,40393151.25,4028.95,3795.75,2359.83,2837.6,2572.6,2328.04,118.92,118.92,,,,,,Y,信息设备,通信设备,通信配套服务,65.09,64.5,63.49
sz300050,世纪鼎利,2010-09-28,65.67,65.67,61.7,61.8,65.81,1772296.0,111727924.2,1730400000.0,6674400000.0,111344457.28,81314963.35,1429120113.25,1479339330.43,50219217.18,40393151.25,4820.54,4243.79,2274.04,3927.35,3482.47,2102.29,226.73,530.34,,,,,,Y,信息设备,通信设备,通信配套服务,64.8,64.46,64.7
sz300050,世纪鼎利,2010-09-29,62.18,62.82,59.83,60.11,61.8,1241424.0,75548386.9,1683080000.0,6491880000.0,111344457.28,81314963.35,1429120113.25,1479339330.43,50219217.18,40393151.25,3184.34,3035.06,1621.35,2366.97,2749.14,1920.71,0.0,232.1,,,,,,Y,信息设备,通信设备,通信配套服务,62.4,62.5,61.15
sz300050,世纪鼎利,2010-09-30,60.0,61.51,59.22,61.13,60.11,1218383.0,74137732.7,1711640000.0,6602040000.0,111344457.28,81314963.35,1429120113.25,1479339330.43,50219217.18,40393151.25,3393.7,3001.39,2195.91,2313.77,1588.05,1621.53,107.49,348.46,,,,,,Y,信息设备,通信设备,通信配套服务,60.01,59.68,60.0
sz300050,世纪鼎利,2010-10-08,61.1,62.68,59.5,61.58,61.13,1452177.0,88481034.3,1724240000.0,6650640000.0,111344457.28,81314963.35,1429120113.25,1479339330.43,50219217.18,40393151.25,4285.27,3770.55,1758.16,2789.47,2740.01,1947.08,0.0,276.35,,,,,,Y,信息设备,通信设备,通信配套服务,60.25,60.1,60.01
sz300050,世纪鼎利,2010-10-11,61.69,61.69,58.46,59.2,61.58,2408355.0,143905523.0,1657600000.0,6393600000.0,111344457.28,81314963.35,1429120113.25,1479339330.43,50219217.18,40393151.25,5753.92,5051.19,2953.9,4967.71,4582.84,2196.38,995.7,2071.08,,,,,,Y,信息设备,通信设备,通信配套服务,60.8,60.98,60.8
sz300050,世纪鼎利,2010-10-12,59.55,60.88,59.4,60.48,59.2,1483504.0,89364171.3,1693440000.0,6531840000.0,111344457.28,81314963.35,1429120113.25,1479339330.43,50219217.18,40393151.25,3459.93,3635.76,1939.73,1994.95,2759.41,2326.2,649.73,851.9,,,,,,Y,信息设备,通信设备,通信配套服务,60.36,60.39,60.5
sz300050,世纪鼎利,2010-10-13,60.35,61.55,59.38,61.52,60.48,1315033.0,79261843.3,1722560000.0,6644160000.0,111344457.28,81314963.35,1429120113.25,1479339330.43,50219217.18,40393151.25,3604.46,3515.89,1728.08,1945.02,2373.89,2195.28,74.94,125.18,,,,,,Y,信息设备,通信设备,通信配套服务,59.71,59.69,59.58
sz300050,世纪鼎利,2010-10-14,62.61,65.42,62.61,63.05,61.52,2464599.0,157371718.2,1765400000.0,6809400000.0,111344457.28,81314963.35,1429120113.25,1479339330.43,50219217.18,40393151.25,5841.32,6347.07,4941.8,3918.28,4222.27,4536.91,503.66,706.8,,,,,,Y,信息设备,通信设备,通信配套服务,63.63,63.72,64.69
sz300050,世纪鼎利,2010-10-15,62.8,62.9,59.5,60.73,63.05,2030091.0,124152614.9,1700440000.0,6558840000.0,111344457.28,81314963.35,1429120113.25,1479339330.43,50219217.18,40393151.25,4925.27,4396.65,2955.3,4198.83,3622.15,2253.62,830.73,1484.36,,,,,,Y,信息设备,通信设备,通信配套服务,62.19,61.12,61.19
sz300050,世纪鼎利,2010-10-18,60.1,60.73,57.69,59.2,60.73,1463744.0,85459466.6,1657600000.0,6393600000.0,111344457.28,81314963.35,1429120113.25,1479339330.43,50219217.18,40393151.25,3427.41,3182.76,2359.7,2585.09,2596.18,1815.7,102.66,902.39,,,,,,Y,信息设备,通信设备,通信配套服务,59.6,59.22,57.95
sz300050,世纪鼎利,2010-10-19,59.25,65.12,59.25,64.85,59.2,2618621.0,166271724.8,1815800000.0,7003800000.0,111344457.28,81314963.35,1429120113.25,1479339330.43,50219217.18,40393151.25,6221.52,6517.22,4960.82,4526.67,3593.93,5078.47,1665.43,319.33,,,,,,Y,信息设备,通信设备,通信配套服务,59.8,59.95,61.77
sz300050,世纪鼎利,2010-10-20,64.0,67.13,62.62,66.8,64.85,3215680.0,210502264.2,1870400000.0,7214400000.0,111344457.28,81314963.35,1429120113.25,1479339330.43,50219217.18,40393151.25,9206.56,8367.68,6137.83,6304.33,4051.52,4551.6,1502.0,1674.31,,,,,,Y,信息设备,通信设备,通信配套服务,63.69,65.03,65.4
sz300050,世纪鼎利,2010-10-21,66.7,66.7,64.18,64.88,66.8,1092874.0,70926629.2,1816640000.0,7007040000.0,111344457.28,81314963.35,1429120113.25,1479339330.43,50219217.18,40393151.25,3066.58,3130.18,1038.94,1878.62,2728.22,1928.54,103.6,,,,,,,Y,信息设备,通信设备,通信配套服务,65.99,65.0,64.84
sz300050,世纪鼎利,2010-10-22,64.11,66.19,64.11,65.0,64.88,1301282.0,84931515.4,1820000000.0,7020000000.0,111344457.28,81314963.35,1429120113.25,1479339330.43,50219217.18,40393151.25,3768.71,3151.85,1991.84,2790.0,2488.37,1950.29,212.38,569.16,,,,,,Y,信息设备,通信设备,通信配套服务,65.2,64.97,65.7
sz300050,世纪鼎利,2010-10-25,65.01,66.88,65.01,66.13,65.0,1290513.0,85123572.6,1851640000.0,7142040000.0,111344457.28,81314963.35,1429120113.25,1479339330.43,50219217.18,40393151.25,3882.99,3814.65,1901.18,2039.11,2194.71,2102.09,445.52,468.55,,,,,,Y,信息设备,通信设备,通信配套服务,65.99,66.69,66.28
sz300050,世纪鼎利,2010-10-26,66.48,67.1,65.0,65.96,66.13,1469156.0,96717261.9,1846880000.0,7123680000.0,111344457.28,81314963.35,1429120113.25,1479339330.43,50219217.18,40393151.25,3437.59,3582.5,2921.91,3531.75,2285.25,1908.02,953.11,575.58,,,,,,Y,信息设备,通信设备,通信配套服务,66.6,66.63,66.33
sz300050,世纪鼎利,2010-10-27,65.79,65.9,63.52,63.63,65.96,1752180.0,113012620.4,1781640000.0,6872040000.0,152940589.68,114640782.61999996,1483435240.5,1558508630.36,75073389.86,46770211.11,4634.18,4293.5,2244.66,3698.99,3803.35,1861.68,575.48,1403.5,,,,,,Y,信息设备,通信设备,通信配套服务,64.63,64.65,65.39
sz300050,世纪鼎利,2010-10-28,63.2,64.3,63.01,63.7,63.63,939952.0,59920161.5,1783600000.0,6879600000.0,152940589.68,114640782.61999996,1483435240.5,1558508630.36,75073389.86,46770211.11,1952.53,1929.05,1570.19,2150.8,1591.13,1285.39,824.66,573.26,,,,,,Y,信息设备,通信设备,通信配套服务,63.93,64.0,64.0
sz300050,世纪鼎利,2010-10-29,63.95,65.66,63.95,65.59,63.7,1652488.0,107783215.8,1836520000.0,7083720000.0,152940589.68,114640782.61999996,1483435240.5,1558508630.36,75073389.86,46770211.11,4347.58,4221.04,3008.28,3024.57,2373.75,2843.09,850.63,491.53,,,,,,Y,信息设备,通信设备,通信配套服务,64.3,64.19,65.53
sz300050,世纪鼎利,2010-11-01,66.5,71.22,66.5,70.0,65.59,3069441.0,212151136.4,1960000000.0,7560000000.0,152940589.68,114640782.61999996,1483435240.5,1558508630.36,75073389.86,46770211.11,7031.88,7169.26,7589.84,7216.83,3348.06,4358.94,3108.31,2333.06,,,,,,Y,信息设备,通信设备,通信配套服务,68.32,67.65,68.05
sz300050,世纪鼎利,2010-11-02,70.2,70.3,66.14,66.2,70.0,2466273.0,167609415.9,1853600000.0,7149600000.0,152940589.68,114640782.61999996,1483435240.5,1558508630.36,75073389.86,46770211.11,6833.81,5911.64,4716.16,6904.91,4756.06,2648.43,454.91,1295.97,,,,,,Y,信息设备,通信设备,通信配套服务,69.32,69.61,68.91
sz300050,世纪鼎利,2010-11-03,66.0,66.0,64.1,64.87,66.2,1348761.0,87760988.3,1816360000.0,7005960000.0,152940589.68,114640782.61999996,1483435240.5,1558508630.36,75073389.86,46770211.11,3010.52,3536.28,2623.78,2308.97,2291.6,1882.15,795.58,994.07,,,,,,Y,信息设备,通信设备,通信配套服务,64.43,64.51,64.62
sz300050,世纪鼎利,2010-11-04,64.78,65.5,64.5,65.35,64.87,936093.0,60901825.3,1829800000.0,7057800000.0,152940589.68,114640782.61999996,1483435240.5,1558508630.36,75073389.86,46770211.11,2449.65,2420.95,1932.59,2128.97,1488.07,1187.38,118.06,251.07,,,,,,Y,信息设备,通信设备,通信配套服务,65.0,65.42,64.87
sz300050,世纪鼎利,2010-11-05,65.8,66.5,65.01,65.5,65.35,1057997.0,69261382.1,1834000000.0,7074000000.0,152940589.68,114640782.61999996,1483435240.5,1558508630.36,75073389.86,46770211.11,2857.42,2732.31,1556.69,2112.8,1927.87,1396.25,503.6,604.22,,,,,,Y,信息设备,通信设备,通信配套服务,65.8,65.4,65.21
sz300050,世纪鼎利,2010-11-08,65.81,68.5,65.81,68.2,65.5,1454495.0,98333480.0,1909600000.0,7365600000.0,152940589.68,114640782.61999996,1483435240.5,1558508630.36,75073389.86,46770211.11,3580.61,4320.68,3108.56,2125.41,2159.45,2952.62,901.53,351.44,,,,,,Y,信息设备,通信设备,通信配套服务,66.1,66.8,66.21
sz300050,世纪鼎利,2010-11-09,68.31,72.5,67.01,70.72,68.2,2866013.0,201749385.4,1980160000.0,7637760000.0,152940589.68,114640782.61999996,1483435240.5,1558508630.36,75073389.86,46770211.11,6670.45,8211.23,6482.85,5291.61,3240.78,4880.01,3645.51,1656.73,,,,,,Y,信息设备,通信设备,通信配套服务,68.27,68.04,67.2
sz300050,世纪鼎利,2010-11-10,70.08,73.5,70.08,72.6,70.72,1760374.0,127702709.8,2032800000.0,7840800000.0,152940589.68,114640782.61999996,1483435240.5,1558508630.36,75073389.86,46770211.11,5063.88,5534.35,4880.91,3555.88,2350.86,3269.37,336.32,272.36,,,,,,Y,信息设备,通信设备,通信配套服务,71.0,71.94,71.38
sz300050,世纪鼎利,2010-11-11,72.0,73.71,70.88,71.15,72.6,1891127.0,136882806.1,1992200000.0,7684200000.0,152940589.68,114640782.61999996,1483435240.5,1558508630.36,75073389.86,46770211.11,4870.29,5492.74,4862.11,4215.96,3183.12,3184.78,598.45,620.49,,,,,,Y,信息设备,通信设备,通信配套服务,73.14,72.05,71.53
sz300050,世纪鼎利,2010-11-15,67.6,73.99,67.1,73.99,71.15,2493001.0,176247210.6,2071720000.0,7990920000.0,152940589.68,114640782.61999996,1483435240.5,1558508630.36,75073389.86,46770211.11,7144.32,7268.3,4688.25,5725.57,3844.78,3832.65,1517.71,368.55,,,,,,Y,信息设备,通信设备,通信配套服务,68.0,68.7,68.5
sz300050,世纪鼎利,2010-11-16,74.08,76.58,68.88,70.0,73.99,2585409.0,188107594.2,1960000000.0,7560000000.0,152940589.68,114640782.61999996,1483435240.5,1558508630.36,75073389.86,46770211.11,6896.84,7389.48,5724.36,6252.81,5167.71,4084.08,927.36,989.88,,,,,,Y,信息设备,通信设备,通信配套服务,73.78,75.88,75.6
sz300050,世纪鼎利,2010-11-17,69.0,71.3,66.33,66.48,70.0,1160226.0,79640486.7,1861440000.0,7179840000.0,152940589.68,114640782.61999996,1483435240.5,1558508630.36,75073389.86,46770211.11,3680.78,3750.05,1632.27,2317.43,2581.26,1826.83,0.0,,,,,,,Y,信息设备,通信设备,通信配套服务,70.33,69.88,70.25
sz300050,世纪鼎利,2010-11-18,67.1,68.5,65.7,67.23,66.48,961712.0,64200683.4,1882440000.0,7260840000.0,152940589.68,114640782.61999996,1483435240.5,1558508630.36,75073389.86,46770211.11,2659.56,2405.24,1537.07,2183.13,1985.48,1455.64,126.36,264.45,,,,,,Y,信息设备,通信设备,通信配套服务,67.25,67.3,66.67
sz300050,世纪鼎利,2010-11-19,67.8,70.14,67.19,70.06,67.23,1362530.0,94020824.5,1961680000.0,7566480000.0,152940589.68,114640782.61999996,1483435240.5,1558508630.36,75073389.86,46770211.11,4056.85,4255.3,2867.46,2203.3,2262.09,2792.52,215.68,150.96,,,,,,Y,信息设备,通信设备,通信配套服务,67.5,67.41,68.33
sz300050,世纪鼎利,2010-11-22,69.98,73.62,69.21,73.0,70.06,1899656.0,137459968.3,2044000000.0,7884000000.0,152940589.68,114640782.61999996,1483435240.5,1558508630.36,75073389.86,46770211.11,5097.92,5923.79,4972.47,3783.16,2789.25,3508.39,542.53,186.83,,,,,,Y,信息设备,通信设备,通信配套服务,71.35,71.8,72.48
sz300050,世纪鼎利,2010-11-23,72.0,74.0,71.45,73.84,73.0,2058253.0,150104534.8,2067520000.0,7974720000.0,152940589.68,114640782.61999996,1483435240.5,1558508630.36,75073389.86,46770211.11,4643.2,5774.56,6009.96,5265.5,2939.3,3323.51,1204.27,433.16,,,,,,Y,信息设备,通信设备,通信配套服务,72.06,72.66,73.2
sz300050,世纪鼎利,2010-11-24,73.0,74.85,72.66,74.11,73.84,1426536.0,105532204.3,2075080000.0,8003880000.0,152940589.68,114640782.61999996,1483435240.5,1558508630.36,75073389.86,46770211.11,3974.14,4040.36,3211.9,3693.67,2442.05,2258.93,757.2,392.32,,,,,,Y,信息设备,通信设备,通信配套服务,74.66,73.8,73.2
sz300050,世纪鼎利,2010-11-25,74.3,75.78,71.7,72.5,74.11,1991531.0,147013888.9,2030000000.0,7830000000.0,152940589.68,114640782.61999996,1483435240.5,1558508630.36,75073389.86,46770211.11,7397.15,6244.64,2703.99,5183.99,4030.65,2794.36,531.93,440.73,,,,,,Y,信息设备,通信设备,通信配套服务,74.67,74.91,75.46
sz300050,世纪鼎利,2010-11-26,72.02,73.45,71.5,72.7,72.5,995857.0,72179212.4,2035600000.0,7851600000.0,152940589.68,114640782.61999996,1483435240.5,1558508630.36,75073389.86,46770211.11,2997.2,3074.09,2396.32,2607.35,1777.21,1482.02,0.0,7.26,,,,,,Y,信息设备,通信设备,通信配套服务,72.01,72.1,72.7
sz300050,世纪鼎利,2010-11-29,72.39,75.23,71.52,74.61,72.7,1440942.0,106244597.4,2089080000.0,8057880000.0,152940589.68,114640782.61999996,1483435240.5,1558508630.36,75073389.86,46770211.11,3727.04,4145.06,3365.21,2625.97,1993.22,2869.18,1347.24,792.5,,,,,,Y,信息设备,通信设备,通信配套服务,72.04,71.81,72.7
sz300050,世纪鼎利,2010-11-30,74.12,74.91,69.0,71.45,74.61,1219150.0,87010727.4,2000600000.0,7716600000.0,152940589.68,114640782.61999996,1483435240.5,1558508630.36,75073389.86,46770211.11,3678.27,3567.12,1849.51,3000.92,3010.42,1962.74,105.0,112.42,,,,,,Y,信息设备,通信设备,通信配套服务,74.9,74.0,73.51
sz300050,世纪鼎利,2010-12-01,71.4,73.5,71.02,72.81,71.45,851398.0,61883284.8,2038680000.0,7863480000.0,152940589.68,114640782.61999996,1483435240.5,1558508630.36,75073389.86,46770211.11,2740.02,2619.75,1906.96,1619.32,1325.51,1848.02,114.6,,,,,,,Y,信息设备,通信设备,通信配套服务,71.79,72.27,72.76
sz300050,世纪鼎利,2010-12-02,73.25,74.29,72.05,72.81,72.81,881417.0,64298442.3,2038680000.0,7863480000.0,152940589.68,114640782.61999996,1483435240.5,1558508630.36,75073389.86,46770211.11,3243.17,2575.0,1374.13,2418.98,1209.3,1357.97,540.63,15.27,,,,,,Y,信息设备,通信设备,通信配套服务,73.61,73.4,73.05
sz300050,世纪鼎利,2010-12-03,72.82,73.38,70.82,71.0,72.81,836537.0,60034086.5,1988000000.0,7668000000.0,152940589.68,114640782.61999996,1483435240.5,1558508630.36,75073389.86,46770211.11,2495.4,2138.38,1777.05,2384.77,1550.81,1300.11,0.0,,,,,,,Y,信息设备,通信设备,通信配套服务,72.82,72.8,72.85
sz300050,世纪鼎利,2010-12-06,71.01,71.59,67.8,69.11,71.0,900183.0,62343361.4,1935080000.0,7463880000.0,152940589.68,114640782.61999996,1483435240.5,1558508630.36,75073389.86,46770211.11,2806.65,2291.91,1636.75,2321.09,1684.44,1272.53,0.0,242.31,,,,,,Y,信息设备,通信设备,通信配套服务,71.37,70.52,70.5
sz300050,世纪鼎利,2010-12-07,68.99,70.17,67.8,70.02,69.11,515581.0,35770130.7,1960560000.0,7562160000.0,152940589.68,114640782.61999996,1483435240.5,1558508630.36,75073389.86,46770211.11,1348.01,1587.07,1227.43,792.32,952.55,1148.61,0.0,,,,,,,Y,信息设备,通信设备,通信配套服务,68.25,68.08,68.21
sz300050,世纪鼎利,2010-12-08,70.0,72.6,69.61,72.27,70.02,952369.0,68408371.6,2023560000.0,7805160000.0,152940589.68,114640782.61999996,1483435240.5,1558508630.36,75073389.86,46770211.11,2279.3,2955.89,2664.87,1435.37,1362.23,2292.08,376.93,,,,,,,Y,信息设备,通信设备,通信配套服务,70.3,70.31,71.1
sz300050,世纪鼎利,2010-12-09,71.6,72.86,70.93,71.0,72.27,563145.0,40549728.4,1988000000.0,7668000000.0,152940589.68,114640782.61999996,1483435240.5,1558508630.36,75073389.86,46770211.11,1468.97,1786.92,1405.97,917.27,1136.57,1181.25,0.0,126.06,,,,,,Y,信息设备,通信设备,通信配套服务,72.13,71.46,71.5
sz300050,世纪鼎利,2010-12-10,70.5,74.83,70.5,74.5,71.0,1620155.0,119552078.8,2086000000.0,8046000000.0,152940589.68,114640782.61999996,1483435240.5,1558508630.36,75073389.86,46770211.11,4372.66,4767.88,4077.98,3047.85,2012.24,3495.91,1267.34,418.58,,,,,,Y,信息设备,通信设备,通信配套服务,71.0,71.48,72.35
sz300050,世纪鼎利,2010-12-13,74.51,78.88,74.35,77.97,74.5,1477295.0,114317974.8,2183160000.0,8420760000.0,152940589.68,114640782.61999996,1483435240.5,1558508630.36,75073389.86,46770211.11,3610.92,4431.27,4297.21,2941.13,2217.69,3403.0,1176.78,527.2,,,,,,Y,信息设备,通信设备,通信配套服务,75.23,76.3,76.62
sz300050,世纪鼎利,2010-12-14,78.03,78.03,76.8,77.9,77.97,1163405.0,90128377.1,2181200000.0,8413200000.0,152940589.68,114640782.61999996,1483435240.5,1558508630.36,75073389.86,46770211.11,2605.18,2751.39,3232.58,2780.08,1815.09,1783.91,1359.99,1697.46,,,,,,Y,信息设备,通信设备,通信配套服务,77.35,76.81,77.48
sz300050,世纪鼎利,2010-12-15,77.96,78.97,76.05,76.2,77.9,770015.0,59281983.3,2133600000.0,8229600000.0,152940589.68,114640782.61999996,1483435240.5,1558508630.36,75073389.86,46770211.11,2552.5,2371.11,1036.47,2063.27,2277.73,1429.25,0.0,3.07,,,,,,Y,信息设备,通信设备,通信配套服务,78.5,78.52,77.95
sz300050,世纪鼎利,2010-12-16,75.89,77.0,75.0,75.35,76.2,893592.0,68128643.9,2109800000.0,8137800000.0,152940589.68,114640782.61999996,1483435240.5,1558508630.36,75073389.86,46770211.11,2656.76,2516.17,1819.16,2813.1,2219.02,1264.3,0.0,101.38,,,,,,Y,信息设备,通信设备,通信配套服务,76.58,76.0,75.88
sz300050,世纪鼎利,2010-12-17,75.7,76.51,74.68,76.42,75.35,783483.0,59147630.3,2139760000.0,8253360000.0,152940589.68,114640782.61999996,1483435240.5,1558508630.36,75073389.86,46770211.11,2193.97,2204.46,1109.63,1762.93,2029.3,1381.54,514.62,498.58,,,,,,Y,信息设备,通信设备,通信配套服务,75.69,75.48,75.45
sz300050,世纪鼎利,2010-12-20,76.9,77.37,73.02,74.92,76.42,987620.0,73760287.8,2097760000.0,8091360000.0,152940589.68,114640782.61999996,1483435240.5,1558508630.36,75073389.86,46770211.11,2977.25,2935.28,1610.77,2167.58,2578.61,2108.75,141.75,96.76,,,,,,Y,信息设备,通信设备,通信配套服务,76.8,76.39,75.7
sz300050,世纪鼎利,2010-12-21,74.6,75.88,74.3,75.15,74.92,472754.0,35500214.2,2104200000.0,8116200000.0,152940589.68,114640782.61999996,1483435240.5,1558508630.36,75073389.86,46770211.11,1702.01,1694.03,472.06,619.46,1332.36,1192.95,0.0,,,,,,,Y,信息设备,通信设备,通信配套服务,75.0,75.35,74.82
sz300050,世纪鼎利,2010-12-22,75.37,75.37,72.65,73.07,75.15,921577.0,67725696.7,2045960000.0,7891560000.0,152940589.68,114640782.61999996,1483435240.5,1558508630.36,75073389.86,46770211.11,3136.24,2718.02,1251.83,2529.37,2331.16,1280.01,0.0,191.83,,,,,,Y,信息设备,通信设备,通信配套服务,74.87,74.85,74.1
sz300050,世纪鼎利,2010-12-23,72.8,72.8,70.88,71.79,73.07,670031.0,47926343.4,2010120000.0,7753320000.0,152940589.68,114640782.61999996,1483435240.5,1558508630.36,75073389.86,46770211.11,2024.51,1876.16,682.16,1680.74,1928.74,1078.51,0.0,,,,,,,Y,信息设备,通信设备,通信配套服务,72.1,72.15,71.4
sz300050,世纪鼎利,2010-12-24,71.19,71.2,67.91,68.7,71.79,664319.0,46074318.7,1923600000.0,7419600000.0,152940589.68,114640782.61999996,1483435240.5,1558508630.36,75073389.86,46770211.11,2028.78,1272.01,534.69,1064.63,1958.29,1525.47,0.0,659.65,,,,,,Y,信息设备,通信设备,通信配套服务,71.0,70.49,70.56
sz300050,世纪鼎利,2010-12-27,68.7,69.9,65.98,66.0,68.7,564132.0,38521963.8,1848000000.0,7128000000.0,152940589.68,114640782.61999996,1483435240.5,1558508630.36,75073389.86,46770211.11,1575.72,1512.62,722.32,1066.45,1487.84,1098.55,6.25,114.51,,,,,,Y,信息设备,通信设备,通信配套服务,69.43,69.5,69.51
sz300050,世纪鼎利,2010-12-28,65.7,66.55,64.07,64.7,66.0,548695.0,35634162.7,1811600000.0,6987600000.0,152940589.68,114640782.61999996,1483435240.5,1558508630.36,75073389.86,46770211.11,1482.02,1860.89,624.96,717.36,1387.3,916.03,0.0,,,,,,,Y,信息设备,通信设备,通信配套服务,65.86,66.26,65.36
sz300050,世纪鼎利,2010-12-30,65.8,65.92,63.73,64.37,64.7,1233081.0,79690770.5,1802360000.0,6951960000.0,152940589.68,114640782.61999996,1483435240.5,1558508630.36,75073389.86,46770211.11,3536.18,3725.91,2172.36,2623.22,2232.87,983.22,0.0,609.04,,,,,,Y,信息设备,通信设备,通信配套服务,65.41,64.89,64.8
sz300050,世纪鼎利,2010-12-31,64.5,67.98,64.3,67.45,64.37,1254312.0,82241514.9,1888600000.0,7284600000.0,152940589.68,114640782.61999996,1483435240.5,1558508630.36,75073389.86,46770211.11,3299.26,3975.42,2281.61,2027.96,1661.11,1628.92,881.0,490.67,,,,,,Y,信息设备,通信设备,通信配套服务,64.4,64.36,64.66
sz300050,世纪鼎利,2011-01-04,67.59,68.8,67.01,68.3,67.45,923666.0,62974250.4,1912400000.0,7376400000.0,152940589.68,114640782.61999996,1483435240.5,1558508630.36,75073389.86,46770211.11,1798.96,2080.8,1765.76,2119.62,1249.94,1325.93,1452.51,740.81,,,,,,Y,信息设备,通信设备,通信配套服务,67.65,67.5,67.69
sz300050,世纪鼎利,2011-01-05,67.98,71.0,67.1,70.8,68.3,1788454.0,125239485.7,1982400000.0,7646400000.0,152940589.68,114640782.61999996,1483435240.5,1558508630.36,75073389.86,46770211.11,3202.82,3457.19,5438.57,5621.2,1585.08,2196.94,2222.43,1173.57,,,,,,Y,信息设备,通信设备,通信配套服务,67.3,68.15,68.11
sz300050,世纪鼎利,2011-01-06,70.78,71.53,68.68,69.19,70.8,829531.0,58121390.9,1937320000.0,7472520000.0,152940589.68,114640782.61999996,1483435240.5,1558508630.36,75073389.86,46770211.11,1776.72,1637.64,1450.95,1486.9,1307.58,1321.36,1276.9,1366.24,,,,,,Y,信息设备,通信设备,通信配套服务,70.13,71.17,71.0
sz300050,世纪鼎利,2011-01-07,69.21,70.3,68.86,69.68,69.19,378594.0,26316173.5,1951040000.0,7525440000.0,152940589.68,114640782.61999996,1483435240.5,1558508630.36,75073389.86,46770211.11,1132.11,1300.51,585.65,408.11,892.47,901.61,0.0,,,,,,,Y,信息设备,通信设备,通信配套服务,69.26,68.89,69.5
sz300050,世纪鼎利,2011-01-10,69.2,69.2,66.8,66.88,69.68,581740.0,39426592.1,1872640000.0,7223040000.0,152940589.68,114640782.61999996,1483435240.5,1558508630.36,75073389.86,46770211.11,1452.04,1355.09,617.4,839.36,1184.61,1359.74,665.87,365.73,,,,,,Y,信息设备,通信设备,通信配套服务,68.2,68.28,68.51
sz300050,世纪鼎利,2011-01-11,66.6,66.61,63.7,64.81,66.88,949345.0,61246030.4,1814680000.0,6999480000.0,152940589.68,114640782.61999996,1483435240.5,1558508630.36,75073389.86,46770211.11,2007.15,1786.38,1119.48,2859.52,1792.6,829.37,1178.15,622.11,,,,,,Y,信息设备,通信设备,通信配套服务,65.62,65.2,65.0
sz300050,世纪鼎利,2011-01-12,64.82,66.0,64.0,65.2,64.81,415195.0,26932914.4,1825600000.0,7041600000.0,152940589.68,114640782.61999996,1483435240.5,1558508630.36,75073389.86,46770211.11,1014.74,999.43,309.61,441.29,967.04,937.58,375.82,288.92,,,,,,Y,信息设备,通信设备,通信配套服务,65.28,65.76,65.8
sz300050,世纪鼎利,2011-01-13,65.8,65.8,63.38,63.5,65.2,933147.0,59875791.0,1778000000.0,6858000000.0,152940589.68,114640782.61999996,1483435240.5,1558508630.36,75073389.86,46770211.11,2440.52,1160.29,1511.3,2817.98,1948.16,1232.14,0.0,689.57,,,,,,Y,信息设备,通信设备,通信配套服务,65.24,65.1,65.45
sz300050,世纪鼎利,2011-01-14,65.79,66.47,63.53,65.14,63.5,1923601.0,124776605.2,1823920000.0,7035120000.0,152940589.68,114640782.61999996,1483435240.5,1558508630.36,75073389.86,46770211.11,5023.34,3777.55,4433.69,4921.68,2441.78,2239.83,520.87,1480.63,,,,,,Y,信息设备,通信设备,通信配套服务,64.5,64.4,65.14
sz300050,世纪鼎利,2011-01-17,64.25,66.69,63.58,63.8,65.14,1487469.0,96884309.0,1786400000.0,6890400000.0,152940589.68,114640782.61999996,1483435240.5,1558508630.36,75073389.86,46770211.11,3580.24,2949.68,2675.05,4117.44,2397.26,2114.28,771.31,242.45,,,,,,Y,信息设备,通信设备,通信配套服务,63.86,64.02,64.58
sz300050,世纪鼎利,2011-01-18,63.8,63.99,61.91,62.4,63.8,602366.0,37629500.2,1747200000.0,6739200000.0,152940589.68,114640782.61999996,1483435240.5,1558508630.36,75073389.86,46770211.11,1573.78,1583.09,915.94,1279.12,1273.23,900.74,0.0,,,,,,,Y,信息设备,通信设备,通信配套服务,63.8,62.8,62.52
sz300050,世纪鼎利,2011-01-19,62.5,65.48,62.05,65.0,62.4,775849.0,50059187.0,1820000000.0,7020000000.0,152940589.68,114640782.61999996,1483435240.5,1558508630.36,75073389.86,46770211.11,2310.26,2152.97,1531.12,824.3,965.32,1833.16,128.37,124.64,,,,,,Y,信息设备,通信设备,通信配套服务,62.05,62.5,63.49
sz300050,世纪鼎利,2011-01-20,64.87,66.0,64.01,64.1,65.0,1047598.0,68286030.3,3399864000.0,6922800000.0,152940589.68,114640782.61999996,1483435240.5,1558508630.36,75073389.86,46770211.11,2472.92,2789.67,1942.62,1619.66,1500.93,1660.57,832.66,679.22,,,,,,Y,信息设备,通信设备,通信配套服务,65.4,64.81,64.6
sz300050,世纪鼎利,2011-01-21,63.81,65.48,63.2,64.25,64.1,612149.0,39314520.2,3407820000.0,6939000000.0,152940589.68,114640782.61999996,1483435240.5,1558508630.36,75073389.86,46770211.11,1655.27,1575.74,1020.24,1030.54,1218.03,1004.98,0.0,282.29,,,,,,Y,信息设备,通信设备,通信配套服务,64.65,64.56,64.98
sz300050,世纪鼎利,2011-01-24,64.6,65.59,61.86,61.98,64.25,615804.0,39156809.0,3287419200.0,6693840000.0,152940589.68,114640782.61999996,1483435240.5,1558508630.36,75073389.86,46770211.11,1707.43,1665.68,692.86,1042.05,1455.24,1148.94,8.09,6.95,,,,,,Y,信息设备,通信设备,通信配套服务,64.22,64.33,64.14
sz300050,世纪鼎利,2011-01-25,61.8,61.8,58.88,59.46,61.98,800875.0,47727705.7,3153758400.0,6421680000.0,152940589.68,114640782.61999996,1483435240.5,1558508630.36,75073389.86,46770211.11,1955.67,2128.73,918.49,1358.19,1748.16,1179.9,150.46,105.95,,,,,,Y,信息设备,通信设备,通信配套服务,61.36,59.61,59.62
sz300050,世纪鼎利,2011-01-26,59.22,61.29,59.22,60.95,59.46,469533.0,28406477.8,3232788000.0,6582600000.0,152940589.68,114640782.61999996,1483435240.5,1558508630.36,75073389.86,46770211.11,1106.52,1006.06,871.1,749.86,784.15,898.1,61.2,168.95,,,,,,Y,信息设备,通信设备,通信配套服务,60.0,59.7,60.2
sz300050,世纪鼎利,2011-01-27,60.51,62.3,60.24,62.0,60.95,373320.0,22996810.7,3288480000.0,6696000000.0,152940589.68,114640782.61999996,1483435240.5,1558508630.36,75073389.86,46770211.11,1102.96,907.52,565.31,509.07,616.53,868.21,0.0,,,,,,,Y,信息设备,通信设备,通信配套服务,60.49,60.42,60.57
sz300050,世纪鼎利,2011-01-28,62.02,63.01,61.7,63.0,62.0,432042.0,26947506.7,3341520000.0,6804000000.0,152940589.68,114640782.61999996,1483435240.5,1558508630.36,75073389.86,46770211.11,1304.12,1158.82,678.15,712.19,656.09,767.35,0.0,,,,,,,Y,信息设备,通信设备,通信配套服务,62.0,62.07,62.35
sz300050,世纪鼎利,2011-01-31,62.41,63.98,62.41,63.98,63.0,325241.0,20656806.9,3393499200.0,6909840000.0,152940589.68,114640782.61999996,1483435240.5,1558508630.36,75073389.86,46770211.11,832.02,675.01,325.45,526.74,707.76,764.76,101.28,,,,,,,Y,信息设备,通信设备,通信配套服务,62.9,63.27,62.9
sz300050,世纪鼎利,2011-02-01,64.09,64.44,63.43,64.36,63.98,303629.0,19447872.6,3413654400.0,6950880000.0,152940589.68,114640782.61999996,1483435240.5,1558508630.36,75073389.86,46770211.11,751.22,552.79,540.32,632.92,557.35,663.18,0.0,,,,,,,Y,信息设备,通信设备,通信配套服务,63.72,63.5,63.5
sz300050,世纪鼎利,2011-02-09,63.81,64.3,62.58,62.58,64.36,330543.0,20953242.0,3319243200.0,6758640000.0,152940589.68,114640782.61999996,1483435240.5,1558508630.36,75073389.86,46770211.11,744.18,756.93,451.59,600.33,776.26,614.78,0.0,,,,,,,Y,信息设备,通信设备,通信配套服务,63.7,63.49,63.2
sz300050,世纪鼎利,2011-02-10,63.1,65.6,62.59,65.5,62.58,572341.0,36907372.8,3474120000.0,7074000000.0,152940589.68,114640782.61999996,1483435240.5,1558508630.36,75073389.86,46770211.11,1535.26,1434.21,836.86,754.41,853.67,1372.07,451.2,116.29,,,,,,Y,信息设备,通信设备,通信配套服务,62.87,62.94,63.19
sz300050,世纪鼎利,2011-02-11,65.5,66.25,65.02,65.46,65.5,509622.0,33451970.0,3471998400.0,7069680000.0,152940589.68,114640782.61999996,1483435240.5,1558508630.36,75073389.86,46770211.11,1591.21,1302.71,514.01,790.84,907.96,881.77,255.78,293.63,,,,,,Y,信息设备,通信设备,通信配套服务,65.5,66.07,66.2
sz300050,世纪鼎利,2011-02-14,66.21,68.82,66.21,67.85,65.46,819720.0,55716790.5,3598764000.0,7327800000.0,152940589.68,114640782.61999996,1483435240.5,1558508630.36,75073389.86,46770211.11,2126.21,1918.16,1889.02,1510.17,1166.71,1562.91,353.77,544.48,,,,,,Y,信息设备,通信设备,通信配套服务,67.0,68.42,68.0
sz300050,世纪鼎利,2011-02-15,67.88,68.0,66.8,67.1,67.85,683175.0,45979015.5,3558984000.0,7246800000.0,152940589.68,114640782.61999996,1483435240.5,1558508630.36,75073389.86,46770211.11,1843.02,1835.04,993.6,1472.66,1391.78,973.77,304.51,251.43,,,,,,Y,信息设备,通信设备,通信配套服务,67.82,67.15,67.23
sz300050,世纪鼎利,2011-02-16,67.5,70.06,67.11,70.02,67.1,1133949.0,78321209.6,3713860800.0,7562160000.0,152940589.68,114640782.61999996,1483435240.5,1558508630.36,75073389.86,46770211.11,2133.67,2589.98,3946.19,3017.04,1271.45,2016.45,272.85,0.7,,,,,,Y,信息设备,通信设备,通信配套服务,67.4,67.6,67.9
sz300050,世纪鼎利,2011-02-17,71.2,73.8,70.7,71.42,70.02,2365129.0,172032882.6,3788116800.0,7713360000.0,152940589.68,114640782.61999996,1483435240.5,1558508630.36,75073389.86,46770211.11,5543.1,5274.15,6900.96,6179.22,2393.57,2975.73,2352.09,2760.62,,,,,,Y,信息设备,通信设备,通信配套服务,72.0,72.98,73.58
sz300050,世纪鼎利,2011-02-18,71.55,74.3,71.0,72.3,71.42,1486823.0,108545257.9,3834792000.0,7808400000.0,152940589.68,114640782.61999996,1483435240.5,1558508630.36,75073389.86,46770211.11,3654.26,3505.11,3531.96,4181.37,2107.95,2463.29,1408.52,552.91,,,,,,Y,信息设备,通信设备,通信配套服务,71.42,72.08,72.72
sz300050,世纪鼎利,2011-02-21,72.7,76.0,72.7,75.99,72.3,1751182.0,131480762.9,4030509600.0,8206920000.0,152940589.68,114640782.61999996,1483435240.5,1558508630.36,75073389.86,46770211.11,4187.38,4637.12,5525.11,3255.36,2449.93,4402.94,760.72,627.72,,,,,,Y,信息设备,通信设备,通信配套服务,73.96,75.5,74.9
sz300050,世纪鼎利,2011-02-22,76.05,79.53,76.05,76.88,75.99,3521945.0,273881207.7,4077715200.0,8303040000.0,152940589.68,114640782.61999996,1483435240.5,1558508630.36,75073389.86,46770211.11,6608.67,7652.03,11186.41,9172.96,7021.09,6921.05,2299.02,3369.15,,,,,,Y,信息设备,通信设备,通信配套服务,77.0,77.57,77.9
sz300050,世纪鼎利,2011-02-23,76.3,77.0,74.0,75.0,76.88,1894878.0,142579630.1,3978000000.0,8100000000.0,152940589.68,114640782.61999996,1483435240.5,1558508630.36,75073389.86,46770211.11,4643.36,3680.2,3794.71,4994.68,3137.87,1952.59,2615.64,3564.11,,,,,,Y,信息设备,通信设备,通信配套服务,75.54,75.3,75.4
sz300050,世纪鼎利,2011-02-24,74.4,74.44,71.0,72.5,75.0,1578312.0,114857044.2,3845400000.0,7830000000.0,152940589.68,114640782.61999996,1483435240.5,1558508630.36,75073389.86,46770211.11,4628.88,3760.29,3680.71,4700.32,2671.9,1700.25,434.2,1254.84,,,,,,Y,信息设备,通信设备,通信配套服务,74.1,73.1,73.75
sz300050,世纪鼎利,2011-02-25,72.5,74.1,72.1,73.1,72.5,850839.0,62241300.5,3877224000.0,7894800000.0,152940589.68,114640782.61999996,1483435240.5,1558508630.36,75073389.86,46770211.11,2518.45,2559.76,1927.84,1874.33,1400.05,1356.51,331.0,386.74,,,,,,Y,信息设备,通信设备,通信配套服务,72.35,74.1,73.39
sz300050,世纪鼎利,2011-02-28,73.28,75.5,73.2,75.18,73.1,749648.0,56032729.9,4041676800.0,8119440000.0,152940589.68,114640782.61999996,1483435240.5,1558508630.36,75073389.86,46770211.11,1993.13,2180.55,1798.72,1149.15,1276.48,1435.79,490.59,793.43,,,,,,Y,信息设备,通信设备,通信配套服务,73.57,73.7,73.8
sz300050,世纪鼎利,2011-03-01,75.2,75.98,72.72,72.73,75.18,910059.0,67023968.8,3909964800.0,7854840000.0,152940589.68,114640782.61999996,1483435240.5,1558508630.36,75073389.86,46770211.11,2832.02,2452.72,1262.53,2280.5,2029.21,1219.04,470.89,642.39,,,,,,Y,信息设备,通信设备,通信配套服务,75.58,75.38,74.7
sz300050,世纪鼎利,2011-03-02,72.3,72.3,70.23,71.5,72.73,787016.0,56167181.2,3843840000.0,7722000000.0,152940589.68,114640782.61999996,1483435240.5,1558508630.36,75073389.86,46770211.11,1942.01,1988.26,1309.24,1604.21,1825.6,1192.74,484.1,775.74,,,,,,Y,信息设备,通信设备,通信配套服务,72.0,71.7,71.91
sz300050,世纪鼎利,2011-03-03,71.51,71.93,70.46,70.67,71.5,707715.0,50404733.1,3799219200.0,7632360000.0,152940589.68,114640782.61999996,1483435240.5,1558508630.36,75073389.86,46770211.11,1949.29,1409.03,1531.27,2033.1,1276.87,785.65,254.77,784.42,,,,,,Y,信息设备,通信设备,通信配套服务,71.2,71.5,71.31
sz300050,世纪鼎利,2011-03-04,70.68,73.0,70.68,72.8,70.67,478231.0,34480274.4,3913728000.0,7862400000.0,152940589.68,114640782.61999996,1483435240.5,1558508630.36,75073389.86,46770211.11,1415.89,1272.73,1066.08,905.19,763.59,1177.95,115.39,5.1,,,,,,Y,信息设备,通信设备,通信配套服务,71.2,71.71,71.56
sz300050,世纪鼎利,2011-03-07,73.13,73.5,71.36,71.98,72.8,1079446.0,77721674.9,3869644800.0,7773840000.0,152940589.68,114640782.61999996,1483435240.5,1558508630.36,75073389.86,46770211.11,2270.36,1798.03,2954.55,2019.8,1506.66,738.49,1006.76,3182.02,,,,,,Y,信息设备,通信设备,通信配套服务,73.24,72.52,72.2
sz300050,世纪鼎利,2011-03-08,72.0,72.87,71.4,71.8,71.98,792322.0,56887592.2,3859968000.0,7754400000.0,152940589.68,114640782.61999996,1483435240.5,1558508630.36,75073389.86,46770211.11,2217.67,2449.05,2021.93,2150.25,1359.41,675.12,0.0,324.59,,,,,,Y,信息设备,通信设备,通信配套服务,72.5,72.02,72.14
sz300050,世纪鼎利,2011-03-09,72.02,72.06,70.37,70.54,71.8,1090906.0,77059283.8,3792230400.0,7618320000.0,152940589.68,114640782.61999996,1483435240.5,1558508630.36,75073389.86,46770211.11,3499.91,3984.94,1713.37,2378.42,2371.33,839.34,0.0,381.91,,,,,,Y,信息设备,通信设备,通信配套服务,71.77,71.58,71.0
sz300050,世纪鼎利,2011-03-10,70.61,73.59,70.61,73.19,70.54,1704204.0,123558127.2,3934694400.0,7904520000.0,152940589.68,114640782.61999996,1483435240.5,1558508630.36,75073389.86,46770211.11,3801.32,4248.07,5300.54,3318.81,2769.84,3382.23,309.93,1232.52,,,,,,Y,信息设备,通信设备,通信配套服务,70.89,71.14,71.76
sz300050,世纪鼎利,2011-03-11,72.89,74.3,72.08,73.42,73.19,1112326.0,81577707.4,3947059200.0,7929360000.0,152940589.68,114640782.61999996,1483435240.5,1558508630.36,75073389.86,46770211.11,3401.53,3206.92,2696.06,2034.48,1877.02,1752.81,104.6,1085.0,,,,,,Y,信息设备,通信设备,通信配套服务,72.18,73.12,73.1
sz300050,世纪鼎利,2011-03-14,73.43,74.3,71.66,74.12,73.42,928509.0,67747977.3,3984691200.0,8004960000.0,152940589.68,114640782.61999996,1483435240.5,1558508630.36,75073389.86,46770211.11,3019.01,2629.18,1620.51,2280.72,1840.66,1441.24,225.77,354.82,,,,,,Y,信息设备,通信设备,通信配套服务,73.4,72.7,72.84
sz300050,世纪鼎利,2011-03-15,77.89,77.89,74.3,75.1,74.12,2856242.0,216248808.0,4037376000.0,8110800000.0,189449533.67,97164824.35,1557571891.26,1653008639.57,95436748.31,69168659.85999998,8356.52,6292.78,6705.87,7963.2,4735.53,3302.94,1623.43,3862.44,,,,,,Y,信息设备,通信设备,通信配套服务,76.33,76.37,75.81
sz300050,世纪鼎利,2011-03-16,75.45,79.53,75.45,79.13,75.1,2298133.0,179570812.4,4254028800.0,8546040000.0,189449533.67,97164824.35,1557571891.26,1653008639.57,95436748.31,69168659.85999998,6455.79,7167.31,7107.63,5239.14,3367.67,4449.86,832.61,907.39,,,,,,Y,信息设备,通信设备,通信配套服务,75.79,76.57,75.86
sz300050,世纪鼎利,2011-03-17,78.7,79.19,76.05,76.36,79.13,1919127.0,148564431.5,4105113600.0,8246880000.0,189449533.67,97164824.35,1557571891.26,1653008639.57,95436748.31,69168659.85999998,5841.55,5202.21,4768.12,6109.53,3267.03,2522.91,850.7,892.74,,,,,,Y,信息设备,通信设备,通信配套服务,77.7,76.98,77.32
sz300050,世纪鼎利,2011-03-18,76.9,77.6,74.58,74.86,76.36,1894025.0,142322851.9,4024473600.0,8084880000.0,189449533.67,97164824.35,1557571891.26,1653008639.57,95436748.31,69168659.85999998,4963.61,4866.9,5323.23,5539.1,3307.89,2096.92,600.88,1692.68,,,,,,Y,信息设备,通信设备,通信配套服务,76.52,76.39,76.17
sz300050,世纪鼎利,2011-03-21,74.66,74.86,72.27,72.3,74.86,1496825.0,109106310.2,3886848000.0,7808400000.0,189449533.67,97164824.35,1557571891.26,1653008639.57,95436748.31,69168659.85999998,3949.06,3500.11,3065.59,4242.12,2916.08,1542.41,892.32,1538.42,,,,,,Y,信息设备,通信设备,通信配套服务,74.58,73.63,73.2
sz300050,世纪鼎利,2011-03-22,72.8,73.33,71.91,72.2,72.3,917106.0,66289490.1,3881472000.0,7797600000.0,189449533.67,97164824.35,1557571891.26,1653008639.57,95436748.31,69168659.85999998,2253.54,1986.83,1838.39,2288.03,1918.39,1129.6,603.47,1209.32,,,,,,Y,信息设备,通信设备,通信配套服务,72.51,72.32,72.1
sz300050,世纪鼎利,2011-03-23,72.96,73.49,72.1,73.42,72.2,538726.0,39234198.9,3947059200.0,7929360000.0,189449533.67,97164824.35,1557571891.26,1653008639.57,95436748.31,69168659.85999998,1644.83,1843.19,943.1,934.03,1278.67,1093.04,3.67,,,,,,,Y,信息设备,通信设备,通信配套服务,72.72,72.55,72.48
sz300050,世纪鼎利,2011-03-24,74.0,74.57,72.75,72.75,73.42,748235.0,55263775.7,3911040000.0,7857000000.0,189449533.67,97164824.35,1557571891.26,1653008639.57,95436748.31,69168659.85999998,1695.35,2069.81,2364.9,2052.58,1326.7,1195.91,110.7,179.35,,,,,,Y,信息设备,通信设备,通信配套服务,73.68,73.8,74.0
sz300050,世纪鼎利,2011-03-25,72.6,73.2,71.6,71.83,72.75,1138159.0,82065327.7,3861580800.0,7757640000.0,189449533.67,97164824.35,1557571891.26,1653008639.57,95436748.31,69168659.85999998,2678.03,2372.85,2268.38,2536.16,2364.5,1180.57,836.89,2058.22,,,,,,Y,信息设备,通信设备,通信配套服务,72.7,72.97,72.76
sz300050,世纪鼎利,2011-03-28,71.7,72.29,70.3,70.4,71.83,1030119.0,73191921.1,3784704000.0,7603200000.0,189449533.67,97164824.35,1557571891.26,1653008639.57,95436748.31,69168659.85999998,2671.94,2350.92,1625.27,2716.45,2182.39,1088.16,681.89,1005.96,,,,,,Y,信息设备,通信设备,通信配套服务,72.26,72.0,71.96
sz300050,世纪鼎利,2011-03-29,70.39,70.84,69.03,69.4,70.4,912259.0,63651963.3,3730944000.0,7495200000.0,189449533.67,97164824.35,1557571891.26,1653008639.57,95436748.31,69168659.85999998,2128.13,2000.48,1486.75,2371.6,2193.87,1451.78,545.34,530.23,,,,,,Y,信息设备,通信设备,通信配套服务,70.08,70.25,70.05
sz300050,世纪鼎利,2011-03-30,69.3,69.8,66.03,67.5,69.4,1300314.0,87953466.0,3628800000.0,7290000000.0,189449533.67,97164824.35,1557571891.26,1653008639.57,95436748.31,69168659.85999998,2728.42,2453.53,2069.08,3759.38,2088.66,1029.28,1834.94,1478.9,,,,,,Y,信息设备,通信设备,通信配套服务,69.59,69.1,69.35
sz300050,世纪鼎利,2011-03-31,67.5,68.88,66.3,67.25,67.5,714589.0,48365037.9,3615360000.0,7263000000.0,189449533.67,97164824.35,1557571891.26,1653008639.57,95436748.31,69168659.85999998,1868.93,1845.09,1366.02,1340.46,1366.85,970.08,225.93,672.09,,,,,,Y,信息设备,通信设备,通信配套服务,67.96,68.5,68.56
sz300050,世纪鼎利,2011-04-01,67.48,67.96,66.5,67.9,67.25,508649.0,34283649.2,3650304000.0,7333200000.0,189449533.67,97164824.35,1557571891.26,1653008639.57,95436748.31,69168659.85999998,1711.76,1228.94,704.28,1297.77,955.0,722.64,20.99,142.7,,,,,,Y,信息设备,通信设备,通信配套服务,67.48,66.99,66.88
sz300050,世纪鼎利,2011-04-06,67.6,67.9,64.85,65.19,67.9,1157980.0,76204713.0,3504614400.0,7040520000.0,189449533.67,97164824.35,1557571891.26,1653008639.57,95436748.31,69168659.85999998,2939.11,2216.07,1840.77,3271.72,2098.55,1118.94,742.05,1013.74,,,,,,Y,信息设备,通信设备,通信配套服务,67.5,67.57,67.09
sz300050,世纪鼎利,2011-04-07,65.26,66.58,65.01,66.0,65.19,596621.0,39321173.2,3548160000.0,7128000000.0,189449533.67,97164824.35,1557571891.26,1653008639.57,95436748.31,69168659.85999998,1677.71,1332.91,926.54,1269.49,980.24,891.49,288.23,378.84,,,,,,Y,信息设备,通信设备,通信配套服务,65.01,65.6,65.59
sz300050,世纪鼎利,2011-04-11,67.1,67.48,64.28,64.4,66.0,1132062.0,74152759.5,3462144000.0,6955200000.0,189449533.67,97164824.35,1557571891.26,1653008639.57,95436748.31,69168659.85999998,2433.58,2825.66,1576.99,2261.82,2566.88,1847.56,787.41,429.83,,,,,,Y,信息设备,通信设备,通信配套服务,67.25,66.5,66.18
sz300050,世纪鼎利,2011-04-12,64.07,65.36,64.01,64.75,64.4,483732.0,31349448.7,3480960000.0,6993000000.0,189449533.67,97164824.35,1557571891.26,1653008639.57,95436748.31,69168659.85999998,1409.24,1309.07,983.83,756.12,735.7,645.15,0.0,418.42,,,,,,Y,信息设备,通信设备,通信配套服务,64.9,64.9,64.96
sz300050,世纪鼎利,2011-04-13,64.76,67.7,64.6,67.39,64.75,1030667.0,68815437.5,3622886400.0,7278120000.0,189449533.67,97164824.35,1557571891.26,1653008639.57,95436748.31,69168659.85999998,2691.6,2701.91,2269.71,1557.89,1597.52,2164.79,256.2,390.43,,,,,,Y,信息设备,通信设备,通信配套服务,64.96,65.83,66.16
sz300050,世纪鼎利,2011-04-14,67.0,68.49,66.99,67.98,67.39,758098.0,51331122.6,3654604800.0,7341840000.0,189449533.67,97164824.35,1557571891.26,1653008639.57,95436748.31,69168659.85999998,2267.29,2076.66,1454.26,1630.37,1096.11,1113.67,240.0,236.95,,,,,,Y,信息设备,通信设备,通信配套服务,67.55,67.7,67.93
sz300050,世纪鼎利,2011-04-15,67.98,68.1,65.8,66.67,67.98,691795.0,45976178.2,3584179200.0,7200360000.0,189449533.67,97164824.35,1557571891.26,1653008639.57,95436748.31,69168659.85999998,1852.06,2179.25,921.68,1477.69,1530.12,880.68,233.75,,,,,,,Y,信息设备,通信设备,通信配套服务,67.51,67.51,67.52
sz300050,世纪鼎利,2011-04-18,65.89,66.65,65.76,66.0,66.67,462743.0,30549747.6,3548160000.0,7128000000.0,189449533.67,97164824.35,1557571891.26,1653008639.57,95436748.31,69168659.85999998,1312.81,1210.18,808.09,1184.14,919.56,646.14,0.0,,,,,,,Y,信息设备,通信设备,通信配套服务,66.35,66.18,65.84
sz300050,世纪鼎利,2011-04-19,65.79,66.97,65.5,66.84,66.0,714582.0,47515148.3,3593318400.0,7218720000.0,189449533.67,97164824.35,1557571891.26,1653008639.57,95436748.31,69168659.85999998,2323.98,2135.08,1290.21,1369.96,1098.59,1209.37,5.98,4.35,,,,,,Y,信息设备,通信设备,通信配套服务,65.79,66.58,66.2
sz300050,世纪鼎利,2011-04-20,66.78,67.56,66.58,67.5,66.84,931141.0,62773261.1,3628800000.0,7290000000.0,189449533.67,97164824.35,1557571891.26,1653008639.57,95436748.31,69168659.85999998,2364.6,2147.33,2702.22,2960.24,1006.63,944.43,128.96,150.4,,,,,,Y,信息设备,通信设备,通信配套服务,66.99,67.0,67.38
sz300050,世纪鼎利,2011-04-21,68.0,73.39,67.2,68.8,67.5,1152931.0,79957745.7,3698688000.0,7430400000.0,189449533.67,97164824.35,1557571891.26,1653008639.57,95436748.31,69168659.85999998,3351.57,2956.03,2068.36,2386.41,1862.97,2048.66,461.14,352.94,,,,,,Y,信息设备,通信设备,通信配套服务,67.4,70.03,68.64
sz300050,世纪鼎利,2011-04-22,34.3,34.88,31.02,34.5,34.2,2353497.0,79848599.3,2732400000.0,7452000000.0,189449533.67,97164824.35,1557571891.26,1653008639.57,95436748.31,69168659.85999998,2403.11,3092.5,3410.92,2201.23,1544.0,2049.89,575.46,589.87,,,,,,Y,信息设备,通信设备,通信配套服务,32.99,33.1,33.32
sz300050,世纪鼎利,2011-04-25,34.2,34.22,31.05,31.05,34.5,2544459.0,82655141.9,2459160000.0,6706800000.0,189449533.67,97164824.35,1557571891.26,1653008639.57,95436748.31,69168659.85999998,3171.78,3595.87,2058.32,2301.55,2758.65,1493.86,181.76,779.22,,,,,,Y,信息设备,通信设备,通信配套服务,34.0,33.22,33.5
sz300050,世纪鼎利,2011-04-26,31.2,31.47,30.41,30.96,31.05,1231655.0,38157229.5,2452032000.0,6687360000.0,189449533.67,97164824.35,1557571891.26,1653008639.57,95436748.31,69168659.85999998,1893.55,1933.32,724.04,920.67,1194.42,923.26,0.0,34.76,,,,,,Y,信息设备,通信设备,通信配套服务,30.55,31.01,31.02
sz300050,世纪鼎利,2011-04-27,30.7,31.18,29.85,30.06,30.96,1309342.0,39610781.8,2380752000.0,6492960000.0,189449533.67,97164824.35,1557571891.26,1653008639.57,95436748.31,69168659.85999998,1907.55,1955.95,706.96,1086.68,1330.94,902.81,0.0,,,,,,,Y,信息设备,通信设备,通信配套服务,30.92,30.83,30.6
sz300050,世纪鼎利,2011-04-28,28.52,28.7,27.05,27.36,30.06,3516534.0,96545138.0,2166912000.0,5909760000.0,191449288.07,78347975.71000001,1594791297.49,1654858234.43,60066936.94,35117265.85,3238.34,3399.91,2663.7,4451.83,2746.99,1407.62,907.81,297.47,,,,,,Y,信息设备,通信设备,通信配套服务,28.23,27.52,27.28
sz300050,世纪鼎利,2011-04-29,27.33,27.79,26.54,26.66,27.36,1914757.0,52187919.1,2111472000.0,5758560000.0,191449288.07,78347975.71000001,1594791297.49,1654858234.43,60066936.94,35117265.85,2039.97,2607.72,1635.65,1740.31,1347.49,783.85,108.77,,,,,,,Y,信息设备,通信设备,通信配套服务,27.12,27.3,27.37
sz300050,世纪鼎利,2011-05-03,26.66,26.87,25.67,26.66,26.66,1908430.0,50010199.6,2111472000.0,5758560000.0,191449288.07,78347975.71000001,1594791297.49,1654858234.43,60066936.94,35117265.85,2226.89,1925.37,856.25,1743.21,1738.78,1061.56,116.72,208.49,,,,,,Y,信息设备,通信设备,通信配套服务,26.81,26.58,26.3
sz300050,世纪鼎利,2011-05-04,26.46,26.49,25.91,26.0,26.66,1310450.0,34230144.4,2059200000.0,5616000000.0,191449288.07,78347975.71000001,1594791297.49,1654858234.43,60066936.94,35117265.85,1701.74,1171.87,648.42,1448.37,1033.59,659.18,0.0,104.34,,,,,,Y,信息设备,通信设备,通信配套服务,26.14,26.1,26.06
sz300050,世纪鼎利,2011-05-05,26.0,26.99,26.0,26.49,26.0,1045889.0,27768155.1,2098008000.0,5721840000.0,191449288.07,78347975.71000001,1594791297.49,1654858234.43,60066936.94,35117265.85,1270.18,1176.73,418.95,561.94,1058.54,889.06,0.0,119.95,,,,,,Y,信息设备,通信设备,通信配套服务,26.11,26.23,26.48
sz300050,世纪鼎利,2011-05-06,26.2,27.08,26.01,26.84,26.49,1046943.0,27993216.1,2125728000.0,5797440000.0,191449288.07,78347975.71000001,1594791297.49,1654858234.43,60066936.94,35117265.85,1143.75,1134.54,774.39,593.92,850.85,1040.53,0.0,,,,,,,Y,信息设备,通信设备,通信配套服务,26.15,26.45,26.42
sz300050,世纪鼎利,2011-05-09,26.8,27.46,26.75,27.04,26.84,902779.0,24511530.1,2141568000.0,5840640000.0,191449288.07,78347975.71000001,1594791297.49,1654858234.43,60066936.94,35117265.85,1082.01,1199.38,571.58,480.27,789.45,763.39,0.0,,,,,,,Y,信息设备,通信设备,通信配套服务,27.12,27.1,27.0
sz300050,世纪鼎利,2011-05-10,27.16,27.5,26.86,27.39,27.04,870724.0,23661971.6,2169288000.0,5916240000.0,191449288.07,78347975.71000001,1594791297.49,1654858234.43,60066936.94,35117265.85,1385.6,1214.63,290.87,333.8,647.27,775.31,0.0,,,,,,,Y,信息设备,通信设备,通信配套服务,27.16,26.88,26.91
sz300050,世纪鼎利,2011-05-11,27.58,28.17,27.38,27.74,27.39,1207449.0,33590894.7,2197008000.0,5991840000.0,191449288.07,78347975.71000001,1594791297.49,1654858234.43,60066936.94,35117265.85,1521.23,1596.51,683.81,450.67,1111.88,1269.75,0.0,,,,,,,Y,信息设备,通信设备,通信配套服务,27.5,27.5,27.86
sz300050,世纪鼎利,2011-05-12,27.59,27.59,26.91,27.05,27.74,1161920.0,31605073.2,2142360000.0,5842800000.0,191449288.07,78347975.71000001,1594791297.49,1654858234.43,60066936.94,35117265.85,1375.81,1242.31,621.1,803.5,978.37,698.62,153.03,383.89,,,,,,Y,信息设备,通信设备,通信配套服务,27.44,27.5,27.41
sz300050,世纪鼎利,2011-05-13,27.0,27.44,26.0,26.54,27.05,904413.0,23935552.5,2101968000.0,5732640000.0,191449288.07,78347975.71000001,1594791297.49,1654858234.43,60066936.94,35117265.85,907.19,1138.12,308.85,578.72,1130.81,630.01,0.0,,,,,,,Y,信息设备,通信设备,通信配套服务,27.04,27.04,27.08
sz300050,世纪鼎利,2011-05-16,26.54,26.8,25.9,26.0,26.54,853626.0,22317320.2,2059200000.0,5616000000.0,191449288.07,78347975.71000001,1594791297.49,1654858234.43,60066936.94,35117265.85,830.53,744.26,442.58,679.54,949.26,566.37,0.0,232.2,,,,,,Y,信息设备,通信设备,通信配套服务,26.53,26.75,26.58
sz300050,世纪鼎利,2011-05-17,26.02,26.1,24.88,25.35,26.0,1373940.0,34844004.6,2007720000.0,5475600000.0,191449288.07,78347975.71000001,1594791297.49,1654858234.43,60066936.94,35117265.85,1433.85,1563.95,676.68,1061.73,1365.51,850.35,0.0,,,,,,,Y,信息设备,通信设备,通信配套服务,25.99,25.86,25.83
sz300050,世纪鼎利,2011-05-18,25.19,25.79,25.0,25.55,25.35,786764.0,19996014.0,2023560000.0,5518800000.0,191449288.07,78347975.71000001,1594791297.49,1654858234.43,60066936.94,35117265.85,801.27,943.78,587.25,509.22,595.86,531.37,0.0,,,,,,,Y,信息设备,通信设备,通信配套服务,25.25,25.09,25.2
sz300050,世纪鼎利,2011-05-19,25.34,25.79,25.22,25.35,25.55,702472.0,17881740.3,2007720000.0,5475600000.0,191449288.07,78347975.71000001,1594791297.49,1654858234.43,60066936.94,35117265.85,765.65,642.29,170.05,454.6,645.52,496.74,152.76,140.35,,,,,,Y,信息设备,通信设备,通信配套服务,25.51,25.61,25.36
sz300050,世纪鼎利,2011-05-20,25.58,25.58,25.1,25.4,25.35,663906.0,16757445.9,2011680000.0,5486400000.0,191449288.07,78347975.71000001,1594791297.49,1654858234.43,60066936.94,35117265.85,813.13,1001.11,395.29,220.95,467.33,453.69,0.0,,,,,,,Y,信息设备,通信设备,通信配套服务,25.27,25.38,25.36
sz300050,世纪鼎利,2011-05-23,25.2,25.2,24.46,24.7,25.4,887615.0,21933562.1,1956240000.0,5335200000.0,191449288.07,78347975.71000001,1594791297.49,1654858234.43,60066936.94,35117265.85,1005.48,993.8,519.88,554.6,623.54,600.49,0.0,,,,,,,Y,信息设备,通信设备,通信配套服务,25.2,24.87,24.8
sz300050,世纪鼎利,2011-05-24,24.63,25.96,24.15,25.6,24.7,1343271.0,33713408.5,2027520000.0,5529600000.0,191449288.07,78347975.71000001,1594791297.49,1654858234.43,60066936.94,35117265.85,1479.82,1513.02,546.48,448.58,1073.91,1149.56,243.49,232.54,,,,,,Y,信息设备,通信设备,通信配套服务,24.5,24.23,24.25
sz300050,世纪鼎利,2011-05-25,25.49,25.5,24.49,24.5,25.6,911320.0,22765894.2,1940400000.0,5292000000.0,191449288.07,78347975.71000001,1594791297.49,1654858234.43,60066936.94,35117265.85,887.82,1037.34,482.07,589.26,847.9,591.19,0.0,,,,,,,Y,信息设备,通信设备,通信配套服务,25.31,25.23,25.12
sz300050,世纪鼎利,2011-05-26,24.5,24.67,23.75,24.0,24.5,883335.0,21389033.7,1900800000.0,5184000000.0,191449288.07,78347975.71000001,1594791297.49,1654858234.43,60066936.94,35117265.85,901.74,906.22,459.02,670.19,778.15,562.5,0.0,,,,,,,Y,信息设备,通信设备,通信配套服务,24.64,24.49,24.65
sz300050,世纪鼎利,2011-05-27,23.8,24.59,23.58,24.08,24.0,652886.0,15731109.2,1907136000.0,5201280000.0,191449288.07,78347975.71000001,1594791297.49,1654858234.43,60066936.94,35117265.85,612.34,652.42,341.89,188.32,548.81,662.3,0.0,,,,,,,Y,信息设备,通信设备,通信配套服务,24.02,23.89,23.97
sz300050,世纪鼎利,2011-05-30,23.92,24.98,23.63,24.35,24.08,856953.0,21028739.8,1928520000.0,5259600000.0,191449288.07,78347975.71000001,1594791297.49,1654858234.43,60066936.94,35117265.85,1040.78,924.57,336.49,281.65,694.68,865.74,0.0,,,,,,,Y,信息设备,通信设备,通信配套服务,23.78,23.98,24.5
sz300050,世纪鼎利,2011-05-31,24.5,24.88,24.2,24.77,24.35,609584.0,14963581.7,1961784000.0,5350320000.0,191449288.07,78347975.71000001,1594791297.49,1654858234.43,60066936.94,35117265.85,838.98,622.61,201.22,375.41,439.81,481.99,0.0,,,,,,,Y,信息设备,通信设备,通信配套服务,24.23,24.54,24.36
sz300050,世纪鼎利,2011-06-01,24.76,25.1,24.37,24.85,24.77,1170519.0,28866429.9,1968120000.0,5367600000.0,191449288.07,78347975.71000001,1594791297.49,1654858234.43,60066936.94,35117265.85,1177.72,1222.24,676.05,808.35,776.24,608.32,235.26,226.37,,,,,,Y,信息设备,通信设备,通信配套服务,24.64,24.56,24.7
sz300050,世纪鼎利,2011-06-02,24.48,24.5,23.62,24.3,24.85,770144.0,18545418.9,1924560000.0,5248800000.0,191449288.07,78347975.71000001,1594791297.49,1654858234.43,60066936.94,35117265.85,621.09,770.73,377.63,456.54,774.9,546.35,0.0,,,,,,,Y,信息设备,通信设备,通信配套服务,24.41,24.37,24.27
sz300050,世纪鼎利,2011-06-03,24.11,24.97,24.11,24.73,24.3,722773.0,17832699.6,1958616000.0,5341680000.0,191449288.07,78347975.71000001,1594791297.49,1654858234.43,60066936.94,35117265.85,595.59,666.82,845.51,391.11,342.17,725.34,0.0,,,,,,,Y,信息设备,通信设备,通信配套服务,24.41,24.31,24.49
sz300050,世纪鼎利,2011-06-07,24.73,25.07,24.5,24.74,24.73,1109928.0,27533499.8,1959408000.0,5343840000.0,191449288.07,78347975.71000001,1594791297.49,1654858234.43,60066936.94,35117265.85,1119.9,1240.24,809.74,745.56,709.66,520.84,0.0,132.65,,,,,,Y,信息设备,通信设备,通信配套服务,24.54,24.7,24.99
sz300050,世纪鼎利,2011-06-08,24.75,24.89,24.12,24.61,24.74,841004.0,20519520.9,1949112000.0,5315760000.0,191449288.07,78347975.71000001,1594791297.49,1654858234.43,60066936.94,35117265.85,822.95,517.06,496.02,1005.68,731.11,526.61,0.0,0.73,,,,,,Y,信息设备,通信设备,通信配套服务,24.89,24.7,24.65
sz300050,世纪鼎利,2011-06-09,24.31,24.53,23.95,23.96,24.61,744753.0,18098360.7,1897632000.0,5175360000.0,191449288.07,78347975.71000001,1594791297.49,1654858234.43,60066936.94,35117265.85,931.84,672.64,295.53,406.66,450.43,525.75,121.25,194.0,,,,,,Y,信息设备,通信设备,通信配套服务,24.3,24.4,24.2
sz300050,世纪鼎利,2011-06-10,23.9,24.04,23.28,23.7,23.96,553647.0,13048122.3,1877040000.0,5119200000.0,191449288.07,78347975.71000001,1594791297.49,1654858234.43,60066936.94,35117265.85,351.25,506.63,311.57,275.21,632.04,411.9,0.0,101.13,,,,,,Y,信息设备,通信设备,通信配套服务,24.04,23.8,23.95
sz300050,世纪鼎利,2011-06-13,23.46,24.29,23.3,23.8,23.7,852259.0,20235965.2,1884960000.0,5140800000.0,191449288.07,78347975.71000001,1594791297.49,1654858234.43,60066936.94,35117265.85,803.3,891.12,416.47,528.59,682.05,590.56,108.68,0.23,,,,,,Y,信息设备,通信设备,通信配套服务,23.42,23.67,23.48
sz300050,世纪鼎利,2011-06-14,23.88,24.2,23.6,24.03,23.8,848380.0,20289388.4,1903176000.0,5190480000.0,191449288.07,78347975.71000001,1594791297.49,1654858234.43,60066936.94,35117265.85,992.21,1248.63,379.34,167.71,633.5,588.7,0.0,,,,,,,Y,信息设备,通信设备,通信配套服务,23.6,23.65,23.78
sz300050,世纪鼎利,2011-06-15,24.0,24.28,23.47,23.47,24.03,564250.0,13408374.0,1858824000.0,5069520000.0,191449288.07,78347975.71000001,1594791297.49,1654858234.43,60066936.94,35117265.85,620.41,776.21,141.27,172.24,552.64,365.86,0.0,,,,,,,Y,信息设备,通信设备,通信配套服务,24.0,24.0,23.89
sz300050,世纪鼎利,2011-06-16,23.26,23.29,22.51,22.9,23.47,883965.0,20291343.4,1813680000.0,4946400000.0,191449288.07,78347975.71000001,1594791297.49,1654858234.43,60066936.94,35117265.85,643.35,860.21,667.12,670.31,718.67,498.61,0.0,,,,,,,Y,信息设备,通信设备,通信配套服务,23.1,23.15,23.23
sz300050,世纪鼎利,2011-06-17,22.66,22.92,22.4,22.5,22.9,1052871.0,23880780.1,1782000000.0,4860000000.0,191449288.07,78347975.71000001,1594791297.49,1654858234.43,60066936.94,35117265.85,634.46,1017.28,947.19,444.81,402.61,441.5,370.74,451.42,,,,,,Y,信息设备,通信设备,通信配套服务,22.7,22.7,22.8
sz300050,世纪鼎利,2011-06-20,22.5,22.55,22.21,22.39,22.5,596696.0,13328820.8,1773288000.0,4836240000.0,191449288.07,78347975.71000001,1594791297.49,1654858234.43,60066936.94,35117265.85,417.69,521.43,443.23,350.08,322.19,445.25,133.66,,,,,,,Y,信息设备,通信设备,通信配套服务,22.35,22.4,22.31
sz300050,世纪鼎利,2011-06-21,22.53,22.6,22.11,22.52,22.39,623710.0,13957423.4,1783584000.0,4864320000.0,191449288.07,78347975.71000001,1594791297.49,1654858234.43,60066936.94,35117265.85,693.65,740.93,314.6,235.16,387.49,419.66,0.0,,,,,,,Y,信息设备,通信设备,通信配套服务,22.32,22.4,22.4
sz300050,世纪鼎利,2011-06-22,22.44,22.64,22.4,22.63,22.52,1080399.0,24356621.6,1792296000.0,4888080000.0,191449288.07,78347975.71000001,1594791297.49,1654858234.43,60066936.94,35117265.85,804.8,1261.11,819.65,577.82,659.45,558.04,113.07,,,,,,,Y,信息设备,通信设备,通信配套服务,22.52,22.51,22.48
sz300050,世纪鼎利,2011-06-23,22.63,23.57,22.31,23.39,22.63,1866406.0,43001252.0,1852488000.0,5052240000.0,191449288.07,78347975.71000001,1594791297.49,1654858234.43,60066936.94,35117265.85,1816.65,2392.83,1288.81,750.03,1050.5,1126.16,113.06,,,,,,,Y,信息设备,通信设备,通信配套服务,22.52,22.31,22.4
sz300050,世纪鼎利,2011-06-24,23.41,23.98,23.11,23.85,23.39,1191121.0,28126988.6,1888920000.0,5151600000.0,191449288.07,78347975.71000001,1594791297.49,1654858234.43,60066936.94,35117265.85,1402.37,1066.32,340.32,511.89,1050.15,1214.63,0.0,,,,,,,Y,信息设备,通信设备,通信配套服务,23.18,23.38,23.39
sz300050,世纪鼎利,2011-06-27,23.85,24.19,23.65,23.89,23.85,1371695.0,32823297.3,1892088000.0,5160240000.0,191449288.07,78347975.71000001,1594791297.49,1654858234.43,60066936.94,35117265.85,1694.9,1618.02,625.92,823.43,961.52,840.89,0.0,,,,,,,Y,信息设备,通信设备,通信配套服务,23.85,23.9,23.82
sz300050,世纪鼎利,2011-06-28,24.09,24.09,23.48,23.69,23.89,779537.0,18458057.1,1876248000.0,5117040000.0,191449288.07,78347975.71000001,1594791297.49,1654858234.43,60066936.94,35117265.85,761.24,770.01,170.08,326.56,651.08,497.47,154.2,142.56,,,,,,Y,信息设备,通信设备,通信配套服务,23.9,23.96,23.73
sz300050,世纪鼎利,2011-06-29,23.75,23.84,23.15,23.19,23.69,946889.0,22206236.3,1836648000.0,5009040000.0,191449288.07,78347975.71000001,1594791297.49,1654858234.43,60066936.94,35117265.85,1072.78,1027.01,358.81,616.72,753.05,540.9,0.0,,,,,,,Y,信息设备,通信设备,通信配套服务,23.7,23.61,23.74
sz300050,世纪鼎利,2011-06-30,23.19,23.55,23.03,23.46,23.19,706842.0,16536799.3,1858032000.0,5067360000.0,191449288.07,78347975.71000001,1594791297.49,1654858234.43,60066936.94,35117265.85,715.2,747.42,439.56,384.56,486.49,509.27,0.0,,,,,,,Y,信息设备,通信设备,通信配套服务,23.2,23.14,23.21
sz300050,世纪鼎利,2011-07-01,23.7,23.8,23.38,23.46,23.46,685438.0,16159810.7,1858032000.0,5067360000.0,191449288.07,78347975.71000001,1594791297.49,1654858234.43,60066936.94,35117265.85,844.29,673.45,118.6,390.38,636.43,535.49,0.0,,,,,,,Y,信息设备,通信设备,通信配套服务,23.46,23.44,23.41
sz300050,世纪鼎利,2011-07-04,23.39,23.99,23.38,23.94,23.46,1793751.0,42626115.2,1896048000.0,5171040000.0,191449288.07,78347975.71000001,1594791297.49,1654858234.43,60066936.94,35117265.85,2149.97,2420.0,973.95,1071.03,1108.76,741.65,0.0,,,,,,,Y,信息设备,通信设备,通信配套服务,23.59,23.72,23.7
sz300050,世纪鼎利,2011-07-05,23.94,24.6,23.88,24.33,23.94,1773425.0,43202358.8,1926936000.0,5255280000.0,191449288.07,78347975.71000001,1594791297.49,1654858234.43,60066936.94,35117265.85,2286.62,1997.44,734.21,935.09,1278.48,1366.79,0.0,,,,,,,Y,信息设备,通信设备,通信配套服务,24.0,24.18,24.26
sz300050,世纪鼎利,2011-07-06,24.5,24.53,23.9,24.35,24.33,1238817.0,29925920.6,1928520000.0,5259600000.0,191449288.07,78347975.71000001,1594791297.49,1654858234.43,60066936.94,35117265.85,1261.68,1336.91,543.53,680.06,1033.48,831.82,116.88,106.78,,,,,,Y,信息设备,通信设备,通信配套服务,24.35,24.21,23.95
sz300050,世纪鼎利,2011-07-07,24.25,25.0,24.0,24.73,24.35,2297845.0,56344984.8,1958616000.0,5341680000.0,191449288.07,78347975.71000001,1594791297.49,1654858234.43,60066936.94,35117265.85,2439.44,2890.68,1551.59,1124.2,1603.41,1579.55,0.0,,,,,,,Y,信息设备,通信设备,通信配套服务,24.41,24.29,24.24
sz300050,世纪鼎利,2011-07-08,24.59,25.1,24.24,24.65,24.73,1466910.0,36027993.5,1952280000.0,5324400000.0,191449288.07,78347975.71000001,1594791297.49,1654858234.43,60066936.94,35117265.85,1546.03,1454.41,706.53,1085.25,1292.05,998.65,3.72,10.02,,,,,,Y,信息设备,通信设备,通信配套服务,24.62,25.0,24.95
sz300050,世纪鼎利,2011-07-11,24.59,24.79,24.21,24.63,24.65,1053897.0,25788366.5,1950696000.0,5320080000.0,191449288.07,78347975.71000001,1594791297.49,1654858234.43,60066936.94,35117265.85,1252.07,1092.7,315.68,665.69,858.04,689.49,122.76,100.66,,,,,,Y,信息设备,通信设备,通信配套服务,24.39,24.45,24.3
sz300050,世纪鼎利,2011-07-12,24.41,24.41,23.88,23.88,24.63,1140309.0,27462686.5,1891296000.0,5158080000.0,191449288.07,78347975.71000001,1594791297.49,1654858234.43,60066936.94,35117265.85,1301.34,1216.95,423.32,760.26,988.41,614.63,0.0,121.24,,,,,,Y,信息设备,通信设备,通信配套服务,24.13,24.16,24.21
sz300050,世纪鼎利,2011-07-13,24.05,24.65,23.86,24.61,23.88,1230662.0,29978895.9,1949112000.0,5315760000.0,191449288.07,78347975.71000001,1594791297.49,1654858234.43,60066936.94,35117265.85,1464.74,1391.48,692.65,577.61,676.21,1028.8,164.28,,,,,,,Y,信息设备,通信设备,通信配套服务,24.07,24.03,24.01
sz300050,世纪鼎利,2011-07-14,24.66,25.49,24.45,25.3,24.61,3047505.0,76077759.3,2003760000.0,5464800000.0,191449288.07,78347975.71000001,1594791297.49,1654858234.43,60066936.94,35117265.85,3190.04,2668.98,1949.56,2425.32,1687.77,1709.77,704.09,727.41,,,,,,Y,信息设备,通信设备,通信配套服务,24.45,24.7,24.6
sz300050,世纪鼎利,2011-07-15,25.49,25.97,25.08,25.97,25.3,3580836.0,91402542.6,2056824000.0,5609520000.0,191449288.07,78347975.71000001,1594791297.49,1654858234.43,60066936.94,35117265.85,4124.78,3996.06,2485.71,2699.75,2387.08,2050.58,0.0,251.18,,,,,,Y,信息设备,通信设备,通信配套服务,25.42,25.69,25.65
sz300050,世纪鼎利,2011-07-18,26.2,26.2,25.12,25.42,25.97,2603269.0,66921664.7,2013264000.0,5490720000.0,191449288.07,78347975.71000001,1594791297.49,1654858234.43,60066936.94,35117265.85,2897.15,3316.85,1378.8,1768.87,2365.88,1556.11,0.0,,,,,,,Y,信息设备,通信设备,通信配套服务,26.01,26.16,26.05
sz300050,世纪鼎利,2011-07-19,25.26,25.26,24.62,24.79,25.42,1443500.0,35828280.3,1963368000.0,5354640000.0,191449288.07,78347975.71000001,1594791297.49,1654858234.43,60066936.94,35117265.85,1514.23,1574.57,427.87,832.17,1602.31,914.77,0.0,222.9,,,,,,Y,信息设备,通信设备,通信配套服务,25.16,25.05,24.89
sz300050,世纪鼎利,2011-07-20,25.0,25.1,24.46,24.86,24.79,1220073.0,30182520.5,1968912000.0,5369760000.0,191449288.07,78347975.71000001,1594791297.49,1654858234.43,60066936.94,35117265.85,1364.06,1382.41,550.65,647.74,1085.4,736.13,0.0,233.83,,,,,,Y,信息设备,通信设备,通信配套服务,24.86,24.9,24.8
sz300050,世纪鼎利,2011-07-21,24.89,24.89,24.15,24.18,24.86,958127.0,23480098.5,1915056000.0,5222880000.0,191449288.07,78347975.71000001,1594791297.49,1654858234.43,60066936.94,35117265.85,1132.23,1337.84,214.65,313.11,955.43,651.36,0.0,,,,,,,Y,信息设备,通信设备,通信配套服务,24.86,24.84,24.61
sz300050,世纪鼎利,2011-07-22,24.2,24.55,24.15,24.35,24.18,724560.0,17669408.0,1928520000.0,5259600000.0,191449288.07,78347975.71000001,1594791297.49,1654858234.43,60066936.94,35117265.85,826.63,677.04,225.01,428.56,691.68,637.73,0.0,,,,,,,Y,信息设备,通信设备,通信配套服务,24.32,24.46,24.43
sz300050,世纪鼎利,2011-07-25,24.3,24.3,22.5,22.69,24.35,1707623.0,39701763.0,1797048000.0,4901040000.0,191449288.07,78347975.71000001,1594791297.49,1654858234.43,60066936.94,35117265.85,1660.33,1932.07,572.75,909.42,1675.15,951.68,0.0,115.06,,,,,,Y,信息设备,通信设备,通信配套服务,24.22,24.05,23.91
sz300050,世纪鼎利,2011-07-26,22.75,22.94,22.4,22.48,22.69,1110624.0,25015900.3,1780416000.0,4855680000.0,191449288.07,78347975.71000001,1594791297.49,1654858234.43,60066936.94,35117265.85,837.86,1018.35,566.62,946.11,804.49,519.59,275.07,,,,,,,Y,信息设备,通信设备,通信配套服务,22.76,22.69,22.82
sz300050,世纪鼎利,2011-07-27,22.48,22.9,22.29,22.87,22.48,1245532.0,28185875.6,1811304000.0,4939920000.0,191449288.07,78347975.71000001,1594791297.49,1654858234.43,60066936.94,35117265.85,1350.51,1781.24,355.54,240.62,943.11,769.98,142.69,,,,,,,Y,信息设备,通信设备,通信配套服务,22.38,22.3,22.45
sz300050,世纪鼎利,2011-07-28,22.6,23.28,22.48,23.21,22.87,1088010.0,24801319.8,1838232000.0,5013360000.0,191449288.07,78347975.71000001,1594791297.49,1654858234.43,60066936.94,35117265.85,1119.67,1194.28,489.78,461.52,870.68,824.34,0.0,,,,,,,Y,信息设备,通信设备,通信配套服务,22.6,22.57,22.76
sz300050,世纪鼎利,2011-07-29,23.33,23.38,22.52,22.72,23.21,944208.0,21549085.1,1799424000.0,4907520000.0,191449288.07,78347975.71000001,1594791297.49,1654858234.43,60066936.94,35117265.85,912.8,1019.55,320.07,545.83,901.6,569.08,0.0,,,,,,,Y,信息设备,通信设备,通信配套服务,23.29,23.19,23.07
sz300050,世纪鼎利,2011-08-01,22.57,23.25,22.38,22.88,22.72,912200.0,20922731.9,1812096000.0,4942080000.0,191449288.07,78347975.71000001,1594791297.49,1654858234.43,60066936.94,35117265.85,1017.74,968.58,210.34,247.24,827.36,781.26,0.0,58.36,,,,,,Y,信息设备,通信设备,通信配套服务,22.62,22.5,22.64
sz300050,世纪鼎利,2011-08-02,21.35,21.7,20.59,21.56,22.88,6455645.0,135034530.5,2318131200.0,4656960000.0,168245018.89999998,56346489.08999999,1569219044.73,1624634619.59,55415574.86,17188882.08,4979.72,4677.82,3323.62,4726.31,3711.62,2579.22,1375.73,1407.35,,,,,,Y,信息设备,通信设备,通信配套服务,20.9,20.59,20.78
sz300050,世纪鼎利,2011-08-03,20.89,21.89,20.74,21.6,21.56,3446377.0,74056544.2,2322432000.0,4665600000.0,168245018.89999998,56346489.08999999,1569219044.73,1624634619.59,55415574.86,17188882.08,2902.38,2864.19,1881.81,1933.19,2148.34,2280.24,363.18,218.09,,,,,,Y,信息设备,通信设备,通信配套服务,20.85,21.08,21.31
sz300050,世纪鼎利,2011-08-04,21.8,21.87,21.38,21.51,21.6,1681383.0,36340356.3,2312755200.0,4646160000.0,168245018.89999998,56346489.08999999,1569219044.73,1624634619.59,55415574.86,17188882.08,1448.13,1503.11,970.06,833.13,1184.83,1225.78,0.0,41.0,,,,,,Y,信息设备,通信设备,通信配套服务,21.78,21.79,21.78
sz300050,世纪鼎利,2011-08-05,20.7,21.1,20.22,20.91,21.51,2017969.0,41669289.1,2248243200.0,4516560000.0,168245018.89999998,56346489.08999999,1569219044.73,1624634619.59,55415574.86,17188882.08,1450.91,1367.72,1259.14,1664.76,1400.21,1077.79,0.0,,,,,,,Y,信息设备,通信设备,通信配套服务,20.25,20.48,20.63
sz300050,世纪鼎利,2011-08-08,20.22,20.61,19.12,19.47,20.91,2552375.0,50439899.1,2093414400.0,4205520000.0,168245018.89999998,56346489.08999999,1569219044.73,1624634619.59,55415574.86,17188882.08,1375.95,1729.31,1347.98,1526.05,1423.4,1263.24,870.38,499.12,,,,,,Y,信息设备,通信设备,通信配套服务,20.39,20.48,20.52
sz300050,世纪鼎利,2011-08-09,18.5,19.24,18.17,18.94,19.47,1800070.0,33594976.4,2036428800.0,4091040000.0,168245018.89999998,56346489.08999999,1569219044.73,1624634619.59,55415574.86,17188882.08,1356.78,1440.22,697.6,697.41,1284.64,1201.57,0.19,,,,,,,Y,信息设备,通信设备,通信配套服务,18.3,18.21,18.42
sz300050,世纪鼎利,2011-08-10,19.4,19.5,19.09,19.19,18.94,1385779.0,26752045.2,2063308800.0,4145040000.0,168245018.89999998,56346489.08999999,1569219044.73,1624634619.59,55415574.86,17188882.08,1280.05,1278.36,334.56,339.31,1012.43,1009.36,0.0,,,,,,,Y,信息设备,通信设备,通信配套服务,19.26,19.3,19.38
sz300050,世纪鼎利,2011-08-11,18.6,19.55,18.52,19.47,19.19,1728675.0,33167650.6,2093414400.0,4205520000.0,168245018.89999998,56346489.08999999,1569219044.73,1624634619.59,55415574.86,17188882.08,1528.01,1559.62,648.39,679.82,1111.36,1048.31,0.0,,,,,,,Y,信息设备,通信设备,通信配套服务,18.68,18.87,18.9
sz300050,世纪鼎利,2011-08-12,19.51,20.2,19.51,19.74,19.47,1733959.0,34495046.8,2122444800.0,4263840000.0,168245018.89999998,56346489.08999999,1569219044.73,1624634619.59,55415574.86,17188882.08,1633.5,1740.56,477.22,450.51,1312.14,1231.79,0.0,,,,,,,Y,信息设备,通信设备,通信配套服务,19.71,20.01,19.89
sz300050,世纪鼎利,2011-08-15,19.9,20.29,19.61,20.15,19.74,1575374.0,31432963.1,2166528000.0,4352400000.0,168245018.89999998,56346489.08999999,1569219044.73,1624634619.59,55415574.86,17188882.08,1598.84,1545.82,361.05,465.68,1150.56,1098.95,0.0,,,,,,,Y,信息设备,通信设备,通信配套服务,19.88,19.71,19.84
sz300050,世纪鼎利,2011-08-16,20.1,20.28,19.7,19.8,20.15,1290994.0,25821262.3,2128896000.0,4276800000.0,168245018.89999998,56346489.08999999,1569219044.73,1624634619.59,55415574.86,17188882.08,1157.02,1039.68,331.24,676.69,1063.55,835.44,0.0,,,,,,,Y,信息设备,通信设备,通信配套服务,20.1,20.1,20.25
sz300050,世纪鼎利,2011-08-17,19.8,20.2,19.7,19.92,19.8,1653195.0,32868518.0,2141798400.0,4302720000.0,168245018.89999998,56346489.08999999,1569219044.73,1624634619.59,55415574.86,17188882.08,1275.37,1198.07,869.15,1112.01,1113.45,823.89,0.0,124.0,,,,,,Y,信息设备,通信设备,通信配套服务,19.81,19.9,19.83
sz300050,世纪鼎利,2011-08-18,20.0,20.06,19.08,19.18,19.92,2055147.0,39881727.0,2062233600.0,4142880000.0,168245018.89999998,56346489.08999999,1569219044.73,1624634619.59,55415574.86,17188882.08,1943.38,1640.35,418.09,1405.5,1544.23,859.85,0.0,,,,,,,Y,信息设备,通信设备,通信配套服务,19.92,19.9,19.6
sz300050,世纪鼎利,2011-08-19,18.7,18.96,18.58,18.85,19.18,1091755.0,20518685.9,2026752000.0,4071600000.0,168245018.89999998,56346489.08999999,1569219044.73,1624634619.59,55415574.86,17188882.08,908.96,872.23,394.56,452.81,741.75,720.23,0.0,,,,,,,Y,信息设备,通信设备,通信配套服务,18.67,18.76,18.85
sz300050,世纪鼎利,2011-08-22,18.85,19.18,18.82,18.93,18.85,1212435.0,23065546.8,2035353600.0,4088880000.0,168245018.89999998,56346489.08999999,1569219044.73,1624634619.59,55415574.86,17188882.08,1049.92,837.47,480.13,716.19,767.03,743.43,0.0,,,,,,,Y,信息设备,通信设备,通信配套服务,18.86,19.04,18.98
sz300050,世纪鼎利,2011-08-23,18.98,19.57,18.9,19.52,18.93,1747964.0,33650499.1,2098790400.0,4216320000.0,168245018.89999998,56346489.08999999,1569219044.73,1624634619.59,55415574.86,17188882.08,1732.79,1406.76,571.66,843.66,978.24,1032.28,0.0,,,,,,,Y,信息设备,通信设备,通信配套服务,19.09,19.0,18.93
sz300050,世纪鼎利,2011-08-24,19.8,20.15,19.7,19.92,19.52,2262453.0,45107544.3,2141798400.0,4302720000.0,168245018.89999998,56346489.08999999,1569219044.73,1624634619.59,55415574.86,17188882.08,1864.27,2192.5,708.51,608.45,1837.93,1669.47,59.71,,,,,,,Y,信息设备,通信设备,通信配套服务,19.82,19.99,20.1
sz300050,世纪鼎利,2011-08-25,20.06,20.38,19.63,20.29,19.92,2377961.0,47558456.6,2181580800.0,4382640000.0,168245018.89999998,56346489.08999999,1569219044.73,1624634619.59,55415574.86,17188882.08,2365.31,2301.36,618.34,946.83,1461.13,1466.45,269.85,,,,,,,Y,信息设备,通信设备,通信配套服务,19.93,19.95,19.78
sz300050,世纪鼎利,2011-08-26,20.0,20.58,20.0,20.42,20.29,1763383.0,35893957.6,2195558400.0,4410720000.0,168245018.89999998,56346489.08999999,1569219044.73,1624634619.59,55415574.86,17188882.08,1837.52,1641.33,374.98,496.95,1304.19,1378.22,0.0,0.2,,,,,,Y,信息设备,通信设备,通信配套服务,20.18,20.17,20.39
sz300050,世纪鼎利,2011-08-29,20.2,20.5,20.1,20.25,20.42,1408938.0,28561725.9,2177280000.0,4374000000.0,168245018.89999998,56346489.08999999,1569219044.73,1624634619.59,55415574.86,17188882.08,1055.89,1304.36,592.92,565.72,1130.82,909.55,0.0,,,,,,,Y,信息设备,通信设备,通信配套服务,20.37,20.3,20.36
sz300050,世纪鼎利,2011-08-30,20.35,20.59,19.73,19.76,20.25,1788664.0,36108348.7,2124595200.0,4268160000.0,168245018.89999998,56346489.08999999,1569219044.73,1624634619.59,55415574.86,17188882.08,1530.73,1745.89,534.17,573.3,1297.37,1138.91,204.11,108.28,,,,,,Y,信息设备,通信设备,通信配套服务,20.36,20.25,20.22
sz300050,世纪鼎利,2011-08-31,19.51,19.95,19.34,19.6,19.76,948191.0,18561917.4,2107392000.0,4233600000.0,168245018.89999998,56346489.08999999,1569219044.73,1624634619.59,55415574.86,17188882.08,825.69,881.65,254.53,300.21,749.22,647.58,0.0,,,,,,,Y,信息设备,通信设备,通信配套服务,19.69,19.76,19.75
sz300050,世纪鼎利,2011-09-01,19.7,19.91,19.22,19.4,19.6,877771.0,17184327.0,2085888000.0,4190400000.0,168245018.89999998,56346489.08999999,1569219044.73,1624634619.59,55415574.86,17188882.08,708.06,841.23,138.27,345.77,860.27,519.6,0.0,,,,,,,Y,信息设备,通信设备,通信配套服务,19.71,19.8,19.66
sz300050,世纪鼎利,2011-09-02,19.28,19.44,18.98,19.21,19.4,735341.0,14047600.0,2065459200.0,4149360000.0,168245018.89999998,56346489.08999999,1569219044.73,1624634619.59,55415574.86,17188882.08,519.19,699.22,0.0,207.79,850.22,462.4,0.0,,,,,,,Y,信息设备,通信设备,通信配套服务,19.3,19.43,19.37
sz300050,世纪鼎利,2011-09-05,18.99,18.99,18.4,18.4,19.21,1021098.0,18983881.7,1978368000.0,3974400000.0,168245018.89999998,56346489.08999999,1569219044.73,1624634619.59,55415574.86,17188882.08,763.32,897.61,221.54,455.81,894.11,525.56,0.0,,,,,,,Y,信息设备,通信设备,通信配套服务,18.85,18.61,18.74
sz300050,世纪鼎利,2011-09-06,18.23,18.5,18.17,18.37,18.4,828266.0,15200620.7,1975142400.0,3967920000.0,168245018.89999998,56346489.08999999,1569219044.73,1624634619.59,55415574.86,17188882.08,637.96,684.94,368.79,417.61,507.8,412.0,0.0,,,,,,,Y,信息设备,通信设备,通信配套服务,18.4,18.4,18.44
sz300050,世纪鼎利,2011-09-07,18.55,18.77,18.42,18.75,18.37,710987.0,13239878.0,2016000000.0,4050000000.0,168245018.89999998,56346489.08999999,1569219044.73,1624634619.59,55415574.86,17188882.08,461.95,396.37,309.19,362.27,540.08,552.58,0.0,,,,,,,Y,信息设备,通信设备,通信配套服务,18.42,18.56,18.55
sz300050,世纪鼎利,2011-09-08,18.94,19.07,18.66,18.66,18.75,869166.0,16379907.7,2006323200.0,4030560000.0,168245018.89999998,56346489.08999999,1569219044.73,1624634619.59,55415574.86,17188882.08,769.69,667.91,278.18,294.43,568.85,654.38,0.0,,,,,,,Y,信息设备,通信设备,通信配套服务,18.87,18.86,18.85
sz300050,世纪鼎利,2011-09-09,18.63,18.82,18.41,18.56,18.66,598425.0,11144126.8,1995571200.0,4008960000.0,168245018.89999998,56346489.08999999,1569219044.73,1624634619.59,55415574.86,17188882.08,353.23,460.46,377.1,271.19,380.08,378.76,0.0,,,,,,,Y,信息设备,通信设备,通信配套服务,18.76,18.7,18.64
sz300050,世纪鼎利,2011-09-13,18.29,18.37,18.0,18.22,18.56,605054.0,10983119.5,1959014400.0,3935520000.0,168245018.89999998,56346489.08999999,1569219044.73,1624634619.59,55415574.86,17188882.08,423.67,524.09,256.63,131.94,403.7,427.99,0.0,,,,,,,Y,信息设备,通信设备,通信配套服务,18.19,18.15,18.11
sz300050,世纪鼎利,2011-09-14,18.44,18.66,18.2,18.65,18.22,502621.0,9233036.4,2005248000.0,4028400000.0,168245018.89999998,56346489.08999999,1569219044.73,1624634619.59,55415574.86,17188882.08,377.61,328.55,170.06,159.59,365.56,425.09,0.0,,,,,,,Y,信息设备,通信设备,通信配套服务,18.42,18.38,18.2
sz300050,世纪鼎利,2011-09-15,18.75,18.95,18.4,18.43,18.65,680057.0,12683415.3,1981593600.0,3980880000.0,168245018.89999998,56346489.08999999,1569219044.73,1624634619.59,55415574.86,17188882.08,611.64,680.35,59.69,25.42,586.69,552.25,0.0,,,,,,,Y,信息设备,通信设备,通信配套服务,18.7,18.71,18.78
sz300050,世纪鼎利,2011-09-16,18.78,18.78,18.33,18.5,18.43,865742.0,16041573.2,1989120000.0,3996000000.0,168245018.89999998,56346489.08999999,1569219044.73,1624634619.59,55415574.86,17188882.08,756.19,712.76,251.44,237.34,528.07,585.61,0.0,,,,,,,Y,信息设备,通信设备,通信配套服务,18.61,18.62,18.58
sz300050,世纪鼎利,2011-09-19,18.46,18.5,18.03,18.03,18.5,483891.0,8786658.5,1938585600.0,3894480000.0,168245018.89999998,56346489.08999999,1569219044.73,1624634619.59,55415574.86,17188882.08,322.51,362.23,150.85,139.4,376.64,348.37,0.0,,,,,,,Y,信息设备,通信设备,通信配套服务,18.32,18.29,18.32
sz300050,世纪鼎利,2011-09-20,18.0,18.24,17.95,18.11,18.03,369156.0,6674803.5,1947187200.0,3911760000.0,168245018.89999998,56346489.08999999,1569219044.73,1624634619.59,55415574.86,17188882.08,276.99,355.56,2.89,9.24,365.33,280.4,0.0,,,,,,,Y,信息设备,通信设备,通信配套服务,18.17,18.02,18.08
sz300050,世纪鼎利,2011-09-21,18.1,18.66,18.01,18.62,18.11,897880.0,16575561.2,2002022400.0,4021920000.0,168245018.89999998,56346489.08999999,1569219044.73,1624634619.59,55415574.86,17188882.08,798.99,853.46,195.34,32.31,635.11,743.67,0.0,0.0,,,,,,Y,信息设备,通信设备,通信配套服务,18.01,18.03,18.1
sz300050,世纪鼎利,2011-09-22,18.5,18.69,18.11,18.12,18.62,727135.0,13406966.6,1948262400.0,3913920000.0,168245018.89999998,56346489.08999999,1569219044.73,1624634619.59,55415574.86,17188882.08,570.37,612.48,121.51,197.48,633.9,515.81,0.0,0.0,,,,,,Y,信息设备,通信设备,通信配套服务,18.48,18.58,18.51
sz300050,世纪鼎利,2011-09-23,17.51,17.97,17.5,17.8,18.12,804484.0,14228522.8,1913856000.0,3844800000.0,168245018.89999998,56346489.08999999,1569219044.73,1624634619.59,55415574.86,17188882.08,515.16,497.93,74.94,241.31,657.77,488.36,155.76,176.02,,,,,,Y,信息设备,通信设备,通信配套服务,17.5,17.71,17.64
sz300050,世纪鼎利,2011-09-26,17.7,17.93,17.2,17.23,17.8,710236.0,12451669.8,1852569600.0,3721680000.0,168245018.89999998,56346489.08999999,1569219044.73,1624634619.59,55415574.86,17188882.08,378.97,691.01,169.59,137.61,672.88,352.65,0.0,40.17,,,,,,Y,信息设备,通信设备,通信配套服务,17.8,17.93,17.86
sz300050,世纪鼎利,2011-09-27,17.54,17.71,17.22,17.44,17.23,731788.0,12774495.2,1875148800.0,3767040000.0,168245018.89999998,56346489.08999999,1569219044.73,1624634619.59,55415574.86,17188882.08,319.84,405.3,507.12,382.23,436.71,476.14,0.0,0.0,,,,,,Y,信息设备,通信设备,通信配套服务,17.36,17.41,17.48
sz300050,世纪鼎利,2011-09-28,17.68,17.69,17.0,17.1,17.44,575492.0,9965380.3,1838592000.0,3693600000.0,168245018.89999998,56346489.08999999,1569219044.73,1624634619.59,55415574.86,17188882.08,437.7,577.86,86.57,129.52,472.27,289.15,0.0,0.0,,,,,,Y,信息设备,通信设备,通信配套服务,17.6,17.57,17.56
sz300050,世纪鼎利,2011-09-29,16.88,17.1,16.71,16.8,17.1,911319.0,15385517.8,1806336000.0,3628800000.0,168245018.89999998,56346489.08999999,1569219044.73,1624634619.59,55415574.86,17188882.08,466.67,673.62,439.02,379.62,472.77,478.08,152.87,0.0,,,,,,Y,信息设备,通信设备,通信配套服务,16.88,16.83,16.83
sz300050,世纪鼎利,2011-09-30,16.56,16.99,16.55,16.84,16.8,568613.0,9556038.8,1810636800.0,3637440000.0,168245018.89999998,56346489.08999999,1569219044.73,1624634619.59,55415574.86,17188882.08,414.43,332.09,212.56,246.13,328.61,377.39,0.0,0.0,,,,,,Y,信息设备,通信设备,通信配套服务,16.67,16.95,16.85
sz300050,世纪鼎利,2011-10-10,16.99,16.99,16.71,16.85,16.84,346406.0,5828966.5,1811712000.0,3639600000.0,168245018.89999998,56346489.08999999,1569219044.73,1624634619.59,55415574.86,17188882.08,277.91,286.81,30.07,36.29,267.17,252.04,0.0,0.0,,,,,,Y,信息设备,通信设备,通信配套服务,16.84,16.86,16.83
sz300050,世纪鼎利,2011-10-11,17.2,17.4,16.56,16.68,16.85,520821.0,8828628.5,1793433600.0,3602880000.0,168245018.89999998,56346489.08999999,1569219044.73,1624634619.59,55415574.86,17188882.08,314.23,379.71,53.26,136.06,469.16,320.88,0.0,0.0,,,,,,Y,信息设备,通信设备,通信配套服务,17.19,17.07,17.09
sz300050,世纪鼎利,2011-10-12,16.75,17.28,16.51,17.24,16.68,967003.0,16481816.4,1853644800.0,3723840000.0,168245018.89999998,56346489.08999999,1569219044.73,1624634619.59,55415574.86,17188882.08,808.18,634.32,303.42,402.4,518.48,593.36,0.0,0.0,,,,,,Y,信息设备,通信设备,通信配套服务,16.51,16.64,16.61
sz300050,世纪鼎利,2011-10-13,17.3,17.61,17.18,17.46,17.24,1025086.0,17837875.3,1877299200.0,3771360000.0,168245018.89999998,56346489.08999999,1569219044.73,1624634619.59,55415574.86,17188882.08,908.98,840.25,156.18,266.5,705.0,663.42,0.0,0.0,,,,,,Y,信息设备,通信设备,通信配套服务,17.28,17.25,17.29
sz300050,世纪鼎利,2011-10-14,17.38,17.69,17.37,17.56,17.46,1110738.0,19492379.0,1888051200.0,3792960000.0,168245018.89999998,56346489.08999999,1569219044.73,1624634619.59,55415574.86,17188882.08,825.21,908.36,364.11,205.56,649.3,724.68,0.0,0.0,,,,,,Y,信息设备,通信设备,通信配套服务,17.4,17.55,17.64
sz300050,世纪鼎利,2011-10-17,17.51,17.7,17.38,17.63,17.56,861994.0,15149145.2,1895577600.0,3808080000.0,168245018.89999998,56346489.08999999,1569219044.73,1624634619.59,55415574.86,17188882.08,639.97,642.68,183.43,236.27,566.54,515.68,117.4,112.7,,,,,,Y,信息设备,通信设备,通信配套服务,17.54,17.65,17.64
sz300050,世纪鼎利,2011-10-18,17.52,17.52,16.91,16.91,17.63,827238.0,14233475.2,1818163200.0,3652560000.0,168245018.89999998,56346489.08999999,1569219044.73,1624634619.59,55415574.86,17188882.08,636.4,699.94,147.3,246.25,617.16,454.66,0.0,0.0,,,,,,Y,信息设备,通信设备,通信配套服务,17.39,17.4,17.46
sz300050,世纪鼎利,2011-10-19,16.79,17.0,16.51,16.7,16.91,890762.0,14889312.0,1795584000.0,3607200000.0,168245018.89999998,56346489.08999999,1569219044.73,1624634619.59,55415574.86,17188882.08,603.22,696.14,182.33,313.87,702.22,477.76,0.0,0.0,,,,,,Y,信息设备,通信设备,通信配套服务,16.9,16.95,16.89
sz300050,世纪鼎利,2011-10-20,16.65,16.65,15.8,16.05,16.7,1025322.0,16447502.5,1725696000.0,3466800000.0,168245018.89999998,56346489.08999999,1569219044.73,1624634619.59,55415574.86,17188882.08,741.41,838.88,176.74,244.03,721.14,556.38,0.0,0.0,,,,,,Y,信息设备,通信设备,通信配套服务,16.44,16.36,16.31
sz300050,世纪鼎利,2011-10-21,15.97,16.07,15.7,15.85,16.05,660617.0,10462563.0,1704192000.0,3423600000.0,168245018.89999998,56346489.08999999,1569219044.73,1624634619.59,55415574.86,17188882.08,473.13,449.25,176.99,227.45,373.07,346.49,0.0,0.0,,,,,,Y,信息设备,通信设备,通信配套服务,15.98,15.98,15.82
sz300050,世纪鼎利,2011-10-24,15.8,16.06,15.4,16.03,15.85,652223.0,10287360.0,1723545600.0,3462480000.0,168245018.89999998,56346489.08999999,1569219044.73,1624634619.59,55415574.86,17188882.08,368.25,478.34,140.01,77.06,520.48,473.34,0.0,0.0,,,,,,Y,信息设备,通信设备,通信配套服务,15.9,15.72,15.83
sz300050,世纪鼎利,2011-10-25,15.83,16.44,15.81,16.37,16.03,1220924.0,19765364.4,1760102400.0,3535920000.0,168245018.89999998,56346489.08999999,1569219044.73,1624634619.59,55415574.86,17188882.08,958.69,611.78,388.53,687.25,607.38,655.57,0.0,0.0,,,,,,Y,信息设备,通信设备,通信配套服务,15.89,16.05,16.06
sz300050,世纪鼎利,2011-10-26,15.98,16.78,15.81,16.59,16.37,2628780.0,42975986.3,1783756800.0,3583440000.0,136092898.32,16325071.739999996,1586337109.24,1648335473.34,61998364.1,14618090.53,1984.5,1775.8,798.2,940.02,1253.55,1342.44,230.49,208.48,,,,,,Y,信息设备,通信设备,通信配套服务,15.92,15.94,15.98
sz300050,世纪鼎利,2011-10-27,16.49,16.64,16.28,16.32,16.59,1398603.0,22946668.8,1754726400.0,3525120000.0,136092898.32,16325071.739999996,1586337109.24,1648335473.34,61998364.1,14618090.53,968.11,1052.85,351.32,520.09,938.84,685.34,0.0,0.0,,,,,,Y,信息设备,通信设备,通信配套服务,16.53,16.63,16.47
sz300050,世纪鼎利,2011-10-28,16.57,16.7,16.4,16.65,16.32,1742716.0,28820294.5,1790208000.0,3596400000.0,136092898.32,16325071.739999996,1586337109.24,1648335473.34,61998364.1,14618090.53,1227.69,1158.96,621.26,716.63,878.08,869.67,123.36,105.14,,,,,,Y,信息设备,通信设备,通信配套服务,16.5,16.53,16.5
sz300050,世纪鼎利,2011-10-31,16.66,17.07,16.56,16.94,16.65,1565867.0,26376444.9,1821388800.0,3659040000.0,136092898.32,16325071.739999996,1586337109.24,1648335473.34,61998364.1,14618090.53,1041.45,919.83,568.76,645.11,780.02,1050.52,225.22,0.0,,,,,,Y,信息设备,通信设备,通信配套服务,16.64,16.6,16.74
sz300050,世纪鼎利,2011-11-01,16.8,17.12,16.57,16.94,16.94,1721027.0,29027047.1,1821388800.0,3659040000.0,136092898.32,16325071.739999996,1586337109.24,1648335473.34,61998364.1,14618090.53,1317.99,1357.04,495.55,482.71,1089.16,949.64,0.0,113.31,,,,,,Y,信息设备,通信设备,通信配套服务,16.84,16.85,17.08
sz300050,世纪鼎利,2011-11-02,16.55,17.88,16.38,17.69,16.94,2930012.0,50141717.8,1902028800.0,3821040000.0,136092898.32,16325071.739999996,1586337109.24,1648335473.34,61998364.1,14618090.53,2497.62,2408.81,930.88,757.95,1585.67,1847.41,0.0,0.0,,,,,,Y,信息设备,通信设备,通信配套服务,16.6,16.41,16.5
sz300050,世纪鼎利,2011-11-03,17.68,18.45,17.6,17.78,17.69,4167150.0,75239646.3,1911705600.0,3840480000.0,136092898.32,16325071.739999996,1586337109.24,1648335473.34,61998364.1,14618090.53,3905.76,3340.69,1205.15,1769.62,2392.59,2278.08,0.0,115.1,,,,,,Y,信息设备,通信设备,通信配套服务,17.95,18.01,17.85
sz300050,世纪鼎利,2011-11-04,17.94,18.19,17.62,17.99,17.78,2213970.0,39646401.7,1934284800.0,3885840000.0,136092898.32,16325071.739999996,1586337109.24,1648335473.34,61998364.1,14618090.53,1988.32,1890.18,426.16,658.69,1518.54,1383.08,0.0,1.08,,,,,,Y,信息设备,通信设备,通信配套服务,17.78,17.94,17.8
sz300050,世纪鼎利,2011-11-07,18.0,18.45,17.75,18.02,17.99,1692440.0,30612327.3,1937510400.0,3892320000.0,136092898.32,16325071.739999996,1586337109.24,1648335473.34,61998364.1,14618090.53,1489.83,1465.34,231.01,479.11,1340.39,1116.79,0.0,0.0,,,,,,Y,信息设备,通信设备,通信配套服务,17.92,17.79,17.96
sz300050,世纪鼎利,2011-11-08,17.92,18.14,17.55,17.6,18.02,1613808.0,28943394.1,1892352000.0,3801600000.0,136092898.32,16325071.739999996,1586337109.24,1648335473.34,61998364.1,14618090.53,1406.99,1295.42,485.46,530.38,973.2,1039.85,0.0,0.0,,,,,,Y,信息设备,通信设备,通信配套服务,17.9,18.03,18.05
sz300050,世纪鼎利,2011-11-09,17.72,18.8,17.66,18.75,17.6,3733092.0,68194315.6,2016000000.0,4050000000.0,136092898.32,16325071.739999996,1586337109.24,1648335473.34,61998364.1,14618090.53,3224.58,3059.91,1397.79,1313.49,1984.79,2352.66,118.9,0.0,,,,,,Y,信息设备,通信设备,通信配套服务,17.83,17.8,17.91
sz300050,世纪鼎利,2011-11-10,18.49,20.49,18.42,19.46,18.75,6946159.0,135610449.1,2092339200.0,4203360000.0,136092898.32,16325071.739999996,1586337109.24,1648335473.34,61998364.1,14618090.53,5762.95,6027.06,3070.23,2913.44,4279.65,4384.66,332.94,120.61,,,,,,Y,信息设备,通信设备,通信配套服务,18.74,18.93,19.22
sz300050,世纪鼎利,2011-11-11,19.55,19.6,18.22,18.91,19.46,2868508.0,54739857.5,2033203200.0,4084560000.0,136092898.32,16325071.739999996,1586337109.24,1648335473.34,61998364.1,14618090.53,2406.51,2354.87,624.87,971.65,2405.35,1808.63,0.0,301.59,,,,,,Y,信息设备,通信设备,通信配套服务,19.33,19.3,19.11
sz300050,世纪鼎利,2011-11-14,19.18,19.58,19.01,19.3,18.91,3008303.0,58061323.0,2075136000.0,4168800000.0,136092898.32,16325071.739999996,1586337109.24,1648335473.34,61998364.1,14618090.53,2703.85,2585.48,810.23,1266.06,2061.51,1723.47,0.0,0.58,,,,,,Y,信息设备,通信设备,通信配套服务,19.27,19.4,19.3
sz300050,世纪鼎利,2011-11-15,19.31,19.35,18.83,19.05,19.3,2197967.0,41924490.5,2048256000.0,4114800000.0,136092898.32,16325071.739999996,1586337109.24,1648335473.34,61998364.1,14618090.53,1533.93,1865.44,754.96,958.44,1777.83,1241.71,0.0,1.14,,,,,,Y,信息设备,通信设备,通信配套服务,19.2,19.2,19.25
sz300050,世纪鼎利,2011-11-16,19.13,19.13,18.23,18.3,19.05,2278540.0,42273395.0,1967616000.0,3952800000.0,136092898.32,16325071.739999996,1586337109.24,1648335473.34,61998364.1,14618090.53,1863.82,1777.87,431.13,1148.09,1840.43,1104.86,0.0,104.55,,,,,,Y,信息设备,通信设备,通信配套服务,18.98,18.95,18.9
sz300050,世纪鼎利,2011-11-17,18.2,19.14,18.2,18.91,18.3,2831337.0,53137053.8,2033203200.0,4084560000.0,136092898.32,16325071.739999996,1586337109.24,1648335473.34,61998364.1,14618090.53,1837.85,2181.26,1706.38,1081.97,1606.05,1839.09,103.67,151.63,,,,,,Y,信息设备,通信设备,通信配套服务,18.47,18.5,18.35
sz300050,世纪鼎利,2011-11-18,18.7,19.2,18.13,18.2,18.91,2260497.0,42146447.0,1956864000.0,3931200000.0,136092898.32,16325071.739999996,1586337109.24,1648335473.34,61998364.1,14618090.53,1782.18,1923.58,713.56,815.21,1648.88,1310.0,14.33,110.16,,,,,,Y,信息设备,通信设备,通信配套服务,18.76,18.8,19.12
sz300050,世纪鼎利,2011-11-21,18.0,18.5,17.51,17.75,18.2,1231041.0,21902935.6,1908480000.0,3834000000.0,136092898.32,16325071.739999996,1586337109.24,1648335473.34,61998364.1,14618090.53,868.58,916.73,294.11,430.3,980.62,796.27,0.0,0.0,,,,,,Y,信息设备,通信设备,通信配套服务,18.2,18.13,17.7
sz300050,世纪鼎利,2011-11-22,17.6,17.72,17.37,17.67,17.75,861639.0,15122747.2,1899878400.0,3816720000.0,136092898.32,16325071.739999996,1586337109.24,1648335473.34,61998364.1,14618090.53,656.88,753.19,221.28,181.52,618.39,561.83,0.0,0.0,,,,,,Y,信息设备,通信设备,通信配套服务,17.57,17.52,17.53
sz300050,世纪鼎利,2011-11-23,17.85,17.99,17.6,17.71,17.67,866498.0,15448043.1,1904179200.0,3825360000.0,136092898.32,16325071.739999996,1586337109.24,1648335473.34,61998364.1,14618090.53,613.35,644.78,229.2,132.17,578.28,640.35,123.97,127.51,,,,,,Y,信息设备,通信设备,通信配套服务,17.73,17.95,17.95
sz300050,世纪鼎利,2011-11-24,17.5,17.7,17.1,17.52,17.71,1037810.0,18029191.5,1883750400.0,3784320000.0,136092898.32,16325071.739999996,1586337109.24,1648335473.34,61998364.1,14618090.53,706.24,755.23,402.35,218.49,663.08,625.65,0.0,172.3,,,,,,Y,信息设备,通信设备,通信配套服务,17.32,17.34,17.34
sz300050,世纪鼎利,2011-11-25,17.4,17.65,17.07,17.11,17.52,1205876.0,20898063.8,1839667200.0,3695760000.0,136092898.32,16325071.739999996,1586337109.24,1648335473.34,61998364.1,14618090.53,828.19,726.29,593.79,804.31,637.89,417.73,0.0,111.53,,,,,,Y,信息设备,通信设备,通信配套服务,17.51,17.4,17.47
sz300050,世纪鼎利,2011-11-28,17.11,17.31,16.89,17.13,17.11,798100.0,13635764.1,1841817600.0,3700080000.0,136092898.32,16325071.739999996,1586337109.24,1648335473.34,61998364.1,14618090.53,534.85,682.83,408.6,247.61,398.71,411.73,0.0,0.0,,,,,,Y,信息设备,通信设备,通信配套服务,17.15,17.23,17.16
sz300050,世纪鼎利,2011-11-29,17.2,17.42,17.02,17.4,17.13,1027608.0,17692842.5,1870848000.0,3758400000.0,136092898.32,16325071.739999996,1586337109.24,1648335473.34,61998364.1,14618090.53,739.17,737.58,411.02,448.46,619.1,583.25,0.0,0.0,,,,,,Y,信息设备,通信设备,通信配套服务,17.35,17.24,17.24
sz300050,世纪鼎利,2011-11-30,17.3,17.71,16.14,16.4,17.4,2029532.0,34737906.4,1763328000.0,3542400000.0,136092898.32,16325071.739999996,1586337109.24,1648335473.34,61998364.1,14618090.53,1386.75,1326.99,1029.17,1054.35,1030.48,1065.06,0.0,0.0,,,,,,Y,信息设备,通信设备,通信配套服务,17.23,17.28,17.3
sz300050,世纪鼎利,2011-12-01,16.99,17.26,16.63,16.64,16.4,1299023.0,22091987.1,1789132800.0,3594240000.0,136092898.32,16325071.739999996,1586337109.24,1648335473.34,61998364.1,14618090.53,922.83,894.53,473.56,566.87,642.76,747.8,170.05,0.0,,,,,,Y,信息设备,通信设备,通信配套服务,17.02,17.12,17.0
sz300050,世纪鼎利,2011-12-02,16.7,16.7,15.98,16.03,16.64,1280782.0,20708184.3,1723545600.0,3462480000.0,136092898.32,16325071.739999996,1586337109.24,1648335473.34,61998364.1,14618090.53,708.76,1018.1,640.64,546.35,671.09,456.03,0.0,0.0,,,,,,Y,信息设备,通信设备,通信配套服务,16.64,16.2,16.27
sz300050,世纪鼎利,2011-12-05,15.9,16.27,15.12,15.18,16.03,686488.0,10706440.6,1632153600.0,3278880000.0,136092898.32,16325071.739999996,1586337109.24,1648335473.34,61998364.1,14618090.53,436.23,493.81,31.4,86.38,572.04,459.5,0.0,0.0,,,,,,Y,信息设备,通信设备,通信配套服务,15.87,15.83,15.72
sz300050,世纪鼎利,2011-12-06,15.23,15.45,15.1,15.41,15.18,482099.0,7375768.4,1656883200.0,3328560000.0,136092898.32,16325071.739999996,1586337109.24,1648335473.34,61998364.1,14618090.53,283.73,288.78,76.66,71.38,357.62,357.85,0.0,0.0,,,,,,Y,信息设备,通信设备,通信配套服务,15.25,15.35,15.27
sz300050,世纪鼎利,2011-12-07,15.41,15.8,15.37,15.8,15.41,788772.0,12394391.4,1698816000.0,3412800000.0,136092898.32,16325071.739999996,1586337109.24,1648335473.34,61998364.1,14618090.53,390.05,518.9,467.65,209.41,364.74,494.14,0.0,0.0,,,,,,Y,信息设备,通信设备,通信配套服务,15.41,15.44,15.6
sz300050,世纪鼎利,2011-12-08,15.9,16.3,15.4,15.95,15.8,860213.0,13705202.1,1714944000.0,3445200000.0,136092898.32,16325071.739999996,1586337109.24,1648335473.34,61998364.1,14618090.53,498.0,493.01,282.17,198.58,586.21,674.78,0.0,0.0,,,,,,Y,信息设备,通信设备,通信配套服务,15.73,15.67,15.45
sz300050,世纪鼎利,2011-12-09,15.71,15.93,15.6,15.7,15.95,384628.0,6052368.6,1688064000.0,3391200000.0,136092898.32,16325071.739999996,1586337109.24,1648335473.34,61998364.1,14618090.53,239.95,265.13,22.61,34.75,339.52,302.2,0.0,0.0,,,,,,Y,信息设备,通信设备,通信配套服务,15.7,15.7,15.85
sz300050,世纪鼎利,2011-12-12,15.7,15.85,15.5,15.53,15.7,304045.0,4743683.1,1669785600.0,3354480000.0,136092898.32,16325071.739999996,1586337109.24,1648335473.34,61998364.1,14618090.53,162.9,233.47,48.41,48.93,261.81,190.73,0.0,0.0,,,,,,Y,信息设备,通信设备,通信配套服务,15.61,15.58,15.8
sz300050,世纪鼎利,2011-12-13,15.58,15.58,14.51,14.66,15.53,658590.0,9771378.7,1576243200.0,3166560000.0,136092898.32,16325071.739999996,1586337109.24,1648335473.34,61998364.1,14618090.53,313.81,400.46,65.74,149.81,584.97,414.26,0.0,0.0,,,,,,Y,信息设备,通信设备,通信配套服务,15.35,15.32,15.25
sz300050,世纪鼎利,2011-12-14,14.35,14.75,14.1,14.1,14.66,644856.0,9270662.4,1516032000.0,3045600000.0,136092898.32,16325071.739999996,1586337109.24,1648335473.34,61998364.1,14618090.53,335.04,496.46,36.31,102.31,525.83,298.41,0.0,0.0,,,,,,Y,信息设备,通信设备,通信配套服务,14.45,14.41,14.63
sz300050,世纪鼎利,2011-12-15,13.98,14.15,13.8,13.9,14.1,749104.0,10465270.3,1494528000.0,3002400000.0,136092898.32,16325071.739999996,1586337109.24,1648335473.34,61998364.1,14618090.53,435.43,593.59,84.36,64.19,503.25,365.26,0.0,0.0,,,,,,Y,信息设备,通信设备,通信配套服务,13.96,13.99,13.88
sz300050,世纪鼎利,2011-12-16,13.9,14.44,13.9,14.41,13.9,585776.0,8271293.1,1549363200.0,3112560000.0,136092898.32,16325071.739999996,1586337109.24,1648335473.34,61998364.1,14618090.53,330.43,316.33,99.27,100.92,386.76,399.22,0.0,0.0,,,,,,Y,信息设备,通信设备,通信配套服务,14.08,13.96,13.91
sz300050,世纪鼎利,2011-12-19,14.22,14.86,14.1,14.85,14.41,883723.0,12749230.5,1596672000.0,3207600000.0,136092898.32,16325071.739999996,1586337109.24,1648335473.34,61998364.1,14618090.53,484.67,526.19,92.24,77.1,666.98,640.6,0.0,0.0,,,,,,Y,信息设备,通信设备,通信配套服务,14.23,14.21,14.23
sz300050,世纪鼎利,2011-12-20,14.82,14.98,14.4,14.51,14.85,656113.0,9683262.9,1560115200.0,3134160000.0,136092898.32,16325071.739999996,1586337109.24,1648335473.34,61998364.1,14618090.53,343.0,402.56,175.67,130.0,443.56,429.67,0.0,0.0,,,,,,Y,信息设备,通信设备,通信配套服务,14.8,14.9,14.8
sz300050,世纪鼎利,2011-12-21,14.8,14.81,14.27,14.36,14.51,684670.0,9957142.4,1543987200.0,3101760000.0,136092898.32,16325071.739999996,1586337109.24,1648335473.34,61998364.1,14618090.53,321.15,424.37,285.04,186.3,355.78,367.38,16.08,0.0,,,,,,Y,信息设备,通信设备,通信配套服务,14.68,14.63,14.63
sz300050,世纪鼎利,2011-12-22,14.25,14.36,13.75,14.11,14.36,815034.0,11433904.8,1517107200.0,3047760000.0,136092898.32,16325071.739999996,1586337109.24,1648335473.34,61998364.1,14618090.53,466.03,567.31,262.25,197.95,411.02,374.04,0.0,0.0,,,,,,Y,信息设备,通信设备,通信配套服务,14.0,14.14,13.98
sz300050,世纪鼎利,2011-12-23,14.1,14.52,14.05,14.38,14.11,522324.0,7484004.4,1546137600.0,3106080000.0,136092898.32,16325071.739999996,1586337109.24,1648335473.34,61998364.1,14618090.53,318.08,265.4,24.86,28.04,377.14,426.63,0.0,0.0,,,,,,Y,信息设备,通信设备,通信配套服务,14.05,14.15,14.25
sz300050,世纪鼎利,2011-12-26,14.52,14.85,14.36,14.41,14.38,472464.0,6906358.1,1549363200.0,3112560000.0,136092898.32,16325071.739999996,1586337109.24,1648335473.34,61998364.1,14618090.53,293.44,236.05,44.86,101.02,348.87,350.1,0.0,0.0,,,,,,Y,信息设备,通信设备,通信配套服务,14.7,14.7,14.62
sz300050,世纪鼎利,2011-12-27,14.41,14.41,13.78,13.82,14.41,706284.0,9916456.0,1485926400.0,2985120000.0,136092898.32,16325071.739999996,1586337109.24,1648335473.34,61998364.1,14618090.53,395.58,475.74,129.09,170.25,447.49,326.17,0.0,0.0,,,,,,Y,信息设备,通信设备,通信配套服务,14.27,14.21,14.1
sz300050,世纪鼎利,2011-12-28,13.99,14.0,12.75,13.11,13.82,1366089.0,17870975.4,1409587200.0,2831760000.0,136092898.32,16325071.739999996,1586337109.24,1648335473.34,61998364.1,14618090.53,557.88,958.72,440.18,398.11,778.56,419.78,0.0,0.0,,,,,,Y,信息设备,通信设备,通信配套服务,13.56,13.6,13.65
sz300050,世纪鼎利,2011-12-29,13.05,13.38,12.82,13.32,13.11,628850.0,8323446.5,1432166400.0,2877120000.0,136092898.32,16325071.739999996,1586337109.24,1648335473.34,61998364.1,14618090.53,295.14,316.75,238.41,74.75,287.61,429.66,0.0,0.0,,,,,,Y,信息设备,通信设备,通信配套服务,13.05,13.12,13.25
sz300050,世纪鼎利,2011-12-30,13.48,13.64,13.3,13.5,13.32,374458.0,5054666.2,1451520000.0,2916000000.0,136092898.32,16325071.739999996,1586337109.24,1648335473.34,61998364.1,14618090.53,211.95,175.07,0.0,0.0,285.42,322.29,0.0,0.0,,,,,,Y,信息设备,通信设备,通信配套服务,13.35,13.4,13.38
sz300050,世纪鼎利,2012-01-04,13.7,13.73,12.9,13.0,13.5,333389.0,4469498.5,1397760000.0,2808000000.0,136092898.32,16325071.739999996,1586337109.24,1648335473.34,61998364.1,14618090.53,175.51,160.83,0.0,0.0,267.93,282.61,0.0,0.0,,,,,,Y,信息设备,通信设备,通信配套服务,13.56,13.73,13.69
sz300050,世纪鼎利,2012-01-05,12.81,13.17,12.56,12.68,13.0,585035.0,7533770.1,1363353600.0,2738880000.0,136092898.32,16325071.739999996,1586337109.24,1648335473.34,61998364.1,14618090.53,233.54,222.24,117.03,63.88,402.3,466.75,0.0,0.0,,,,,,Y,信息设备,通信设备,通信配套服务,12.96,12.99,13.14
sz300050,世纪鼎利,2012-01-06,12.63,13.0,12.26,12.9,12.68,485861.0,6100709.2,1387008000.0,2786400000.0,136092898.32,16325071.739999996,1586337109.24,1648335473.34,61998364.1,14618090.53,220.06,254.06,0.0,29.61,369.5,305.89,0.0,0.0,,,,,,Y,信息设备,通信设备,通信配套服务,12.63,12.35,12.4
sz300050,世纪鼎利,2012-01-09,12.7,13.43,12.7,13.41,12.9,521611.0,6874444.0,1441843200.0,2896560000.0,136092898.32,16325071.739999996,1586337109.24,1648335473.34,61998364.1,14618090.53,308.2,303.05,44.8,0.93,329.24,378.26,0.0,0.0,,,,,,Y,信息设备,通信设备,通信配套服务,12.7,12.75,12.86
sz300050,世纪鼎利,2012-01-10,13.52,13.98,13.43,13.93,13.41,1072221.0,14774954.2,1497753600.0,3008880000.0,136092898.32,16325071.739999996,1586337109.24,1648335473.34,61998364.1,14618090.53,645.84,502.06,290.09,360.57,521.09,594.39,0.0,0.0,,,,,,Y,信息设备,通信设备,通信配套服务,13.52,13.51,13.53
sz300050,世纪鼎利,2012-01-11,14.08,14.2,13.79,13.79,13.93,1467197.0,20463913.7,1482700800.0,2978640000.0,136092898.32,16325071.739999996,1586337109.24,1648335473.34,61998364.1,14618090.53,760.9,876.16,266.52,333.72,808.44,534.81,201.93,293.1,,,,,,Y,信息设备,通信设备,通信配套服务,14.05,13.81,13.95
sz300050,世纪鼎利,2012-01-12,13.78,14.07,13.68,13.8,13.79,724446.0,10019245.2,1483776000.0,2980800000.0,136092898.32,16325071.739999996,1586337109.24,1648335473.34,61998364.1,14618090.53,467.24,471.57,71.78,76.79,457.72,448.38,0.0,0.0,,,,,,Y,信息设备,通信设备,通信配套服务,13.8,13.79,13.88
sz300050,世纪鼎利,2012-01-13,13.9,13.9,12.9,12.99,13.8,886731.0,11701543.8,1396684800.0,2805840000.0,136092898.32,16325071.739999996,1586337109.24,1648335473.34,61998364.1,14618090.53,405.15,494.82,86.93,163.88,665.6,498.99,0.0,0.0,,,,,,Y,信息设备,通信设备,通信配套服务,13.85,13.8,13.78
sz300050,世纪鼎利,2012-01-16,12.86,12.86,12.47,12.47,12.99,424015.0,5378649.3,1340774400.0,2693520000.0,136092898.32,16325071.739999996,1586337109.24,1648335473.34,61998364.1,14618090.53,215.7,231.65,60.81,51.12,254.74,248.48,0.0,0.0,,,,,,Y,信息设备,通信设备,通信配套服务,12.58,12.65,12.75
sz300050,世纪鼎利,2012-01-17,12.5,13.25,12.23,13.16,12.47,1083090.0,13701256.9,1414963200.0,2842560000.0,136092898.32,16325071.739999996,1586337109.24,1648335473.34,61998364.1,14618090.53,629.18,680.76,60.78,0.53,677.37,686.05,0.0,0.0,,,,,,Y,信息设备,通信设备,通信配套服务,12.47,12.55,12.56
sz300050,世纪鼎利,2012-01-18,13.1,13.28,12.16,12.36,13.16,841594.0,10750630.8,1328947200.0,2669760000.0,136092898.32,16325071.739999996,1586337109.24,1648335473.34,61998364.1,14618090.53,345.7,462.99,88.73,137.05,625.18,459.57,0.0,0.0,,,,,,Y,信息设备,通信设备,通信配套服务,13.1,13.13,13.12
sz300050,世纪鼎利,2012-01-19,12.36,12.9,12.08,12.9,12.36,861485.0,10848471.7,1387008000.0,2786400000.0,136092898.32,16325071.739999996,1586337109.24,1648335473.34,61998364.1,14618090.53,526.82,366.18,99.55,94.45,439.77,605.52,0.0,0.0,,,,,,Y,信息设备,通信设备,通信配套服务,12.33,12.15,12.46
sz300050,世纪鼎利,2012-01-20,12.94,13.06,12.7,12.97,12.9,629886.0,8143987.2,1394534400.0,2801520000.0,136092898.32,16325071.739999996,1586337109.24,1648335473.34,61998364.1,14618090.53,267.12,260.19,83.78,166.55,436.57,374.33,13.59,0.0,,,,,,Y,信息设备,通信设备,通信配套服务,12.88,12.77,12.72
sz300050,世纪鼎利,2012-01-30,13.01,13.2,12.78,13.02,12.97,693720.0,9061914.2,1399910400.0,2812320000.0,136092898.32,16325071.739999996,1586337109.24,1648335473.34,61998364.1,14618090.53,366.68,313.6,165.58,192.62,368.59,394.63,0.0,0.0,,,,,,Y,信息设备,通信设备,通信配套服务,12.78,12.88,13.06
sz300050,世纪鼎利,2012-01-31,13.03,13.05,12.41,12.62,13.02,833116.0,10483843.7,1356902400.0,2725920000.0,136092898.32,16325071.739999996,1586337109.24,1648335473.34,61998364.1,14618090.53,393.36,398.01,177.38,264.78,483.64,391.58,0.0,0.0,,,,,,Y,信息设备,通信设备,通信配套服务,12.98,12.76,12.6
sz300050,世纪鼎利,2012-02-01,12.62,12.87,12.44,12.49,12.62,569535.0,7193496.1,1342924800.0,2697840000.0,136092898.32,16325071.739999996,1586337109.24,1648335473.34,61998364.1,14618090.53,267.8,291.4,13.16,48.56,418.56,359.56,0.0,0.0,,,,,,Y,信息设备,通信设备,通信配套服务,12.61,12.51,12.62
sz300050,世纪鼎利,2012-02-02,12.6,12.96,12.49,12.94,12.49,838201.0,10672831.9,1391308800.0,2795040000.0,136092898.32,16325071.739999996,1586337109.24,1648335473.34,61998364.1,14618090.53,353.67,416.9,351.57,162.48,353.91,479.77,0.0,0.0,,,,,,Y,信息设备,通信设备,通信配套服务,12.6,12.6,12.53
sz300050,世纪鼎利,2012-02-03,12.98,13.43,12.74,13.35,12.94,1296464.0,17093735.1,1435392000.0,2883600000.0,136092898.32,16325071.739999996,1586337109.24,1648335473.34,61998364.1,14618090.53,776.57,704.17,265.33,92.76,628.73,873.7,0.0,0.0,,,,,,Y,信息设备,通信设备,通信配套服务,12.96,12.93,12.96
sz300050,世纪鼎利,2012-02-06,13.45,13.55,13.25,13.47,13.35,1431844.0,19280629.9,1448294400.0,2909520000.0,136092898.32,16325071.739999996,1586337109.24,1648335473.34,61998364.1,14618090.53,1268.23,1190.09,159.38,134.84,500.45,603.13,0.0,0.0,,,,,,Y,信息设备,通信设备,通信配套服务,13.35,13.45,13.46
sz300050,世纪鼎利,2012-02-07,13.43,13.94,13.28,13.9,13.47,1690707.0,22899068.2,1494528000.0,3002400000.0,136092898.32,16325071.739999996,1586337109.24,1648335473.34,61998364.1,14618090.53,1051.32,1113.3,537.38,229.72,669.33,915.01,0.0,0.0,,,,,,Y,信息设备,通信设备,通信配套服务,13.35,13.34,13.35
sz300050,世纪鼎利,2012-02-08,13.86,14.05,13.67,13.9,13.9,2016566.0,27974951.5,1494528000.0,3002400000.0,136092898.32,16325071.739999996,1586337109.24,1648335473.34,61998364.1,14618090.53,1195.69,1187.81,472.61,577.38,1009.66,912.77,0.0,0.0,,,,,,Y,信息设备,通信设备,通信配套服务,13.77,13.67,13.72
sz300050,世纪鼎利,2012-02-09,13.9,14.18,13.86,13.92,13.9,1837229.0,25704185.4,1496678400.0,3006720000.0,136092898.32,16325071.739999996,1586337109.24,1648335473.34,61998364.1,14618090.53,1303.05,1410.83,107.19,44.23,1116.06,1071.23,0.0,0.0,,,,,,Y,信息设备,通信设备,通信配套服务,13.93,14.06,13.96
sz300050,世纪鼎利,2012-02-10,13.86,13.97,13.52,13.79,13.92,1179477.0,16277206.3,1482700800.0,2978640000.0,136092898.32,16325071.739999996,1586337109.24,1648335473.34,61998364.1,14618090.53,702.45,746.23,36.7,242.45,867.1,617.57,0.0,0.0,,,,,,Y,信息设备,通信设备,通信配套服务,13.9,13.92,13.9
sz300050,世纪鼎利,2012-02-13,13.66,14.18,13.6,14.15,13.79,1876662.0,26309754.8,1521408000.0,3056400000.0,136092898.32,16325071.739999996,1586337109.24,1648335473.34,61998364.1,14618090.53,1290.54,1488.62,410.12,141.68,857.63,928.0,0.0,0.0,,,,,,Y,信息设备,通信设备,通信配套服务,13.68,13.78,13.8
sz300050,世纪鼎利,2012-02-14,14.28,14.28,13.82,13.97,14.15,1144391.0,15998752.7,1502054400.0,3017520000.0,136092898.32,16325071.739999996,1586337109.24,1648335473.34,61998364.1,14618090.53,548.28,640.43,240.73,244.1,610.69,515.17,111.76,111.76,,,,,,Y,信息设备,通信设备,通信配套服务,14.15,14.08,13.96
sz300050,世纪鼎利,2012-02-15,13.97,14.21,13.89,14.17,13.97,1584555.0,22295438.7,1523558400.0,3060720000.0,136092898.32,16325071.739999996,1586337109.24,1648335473.34,61998364.1,14618090.53,1116.78,1001.74,310.43,299.65,802.33,928.16,0.0,0.0,,,,,,Y,信息设备,通信设备,通信配套服务,13.92,13.95,13.93
sz300050,世纪鼎利,2012-02-16,14.17,14.35,13.8,13.86,14.17,2169599.0,30394496.2,1490227200.0,2993760000.0,136092898.32,16325071.739999996,1586337109.24,1648335473.34,61998364.1,14618090.53,1334.92,1327.3,351.05,667.04,1296.1,987.73,0.0,0.0,,,,,,Y,信息设备,通信设备,通信配套服务,14.2,14.24,14.27
sz300050,世纪鼎利,2012-02-17,13.9,14.05,13.65,13.8,13.86,1413540.0,19543068.4,1483776000.0,2980800000.0,136092898.32,16325071.739999996,1586337109.24,1648335473.34,61998364.1,14618090.53,755.87,673.16,372.56,492.36,800.48,763.39,0.0,0.0,,,,,,Y,信息设备,通信设备,通信配套服务,13.98,13.9,13.91
sz300050,世纪鼎利,2012-02-20,14.01,14.89,13.9,14.27,13.8,4149502.0,59702574.9,1534310400.0,3082320000.0,136092898.32,16325071.739999996,1586337109.24,1648335473.34,61998364.1,14618090.53,2724.65,2522.62,1047.43,865.74,1992.64,2159.68,117.2,333.88,,,,,,Y,信息设备,通信设备,通信配套服务,13.93,13.98,14.17
sz300050,世纪鼎利,2012-02-21,14.16,14.58,13.94,14.55,14.27,2392647.0,34161974.8,1564416000.0,3142800000.0,136092898.32,16325071.739999996,1586337109.24,1648335473.34,61998364.1,14618090.53,1645.22,1544.46,330.84,275.06,1381.65,1538.18,0.0,0.0,,,,,,Y,信息设备,通信设备,通信配套服务,14.09,14.2,14.15
sz300050,世纪鼎利,2012-02-22,14.55,15.09,14.55,14.87,14.55,4179975.0,61852227.0,1598822400.0,3211920000.0,136092898.32,16325071.739999996,1586337109.24,1648335473.34,61998364.1,14618090.53,3036.56,2852.53,906.31,1152.11,2156.85,2079.77,1.63,16.94,,,,,,Y,信息设备,通信设备,通信配套服务,14.69,14.61,14.65
sz300050,世纪鼎利,2012-02-23,14.88,15.45,14.71,15.41,14.87,4824504.0,72411922.0,1656883200.0,3328560000.0,136092898.32,16325071.739999996,1586337109.24,1648335473.34,61998364.1,14618090.53,3576.49,3344.3,1288.86,1390.78,2216.81,2347.08,0.0,0.0,,,,,,Y,信息设备,通信设备,通信配套服务,14.78,14.99,15.03
sz300050,世纪鼎利,2012-02-24,15.25,15.35,15.02,15.19,15.41,3075806.0,46606092.9,1633228800.0,3281040000.0,136092898.32,16325071.739999996,1586337109.24,1648335473.34,61998364.1,14618090.53,2021.6,2280.91,676.71,925.04,1919.82,1412.18,0.0,0.0,,,,,,Y,信息设备,通信设备,通信配套服务,15.3,15.19,15.1
sz300050,世纪鼎利,2012-02-27,15.22,15.38,14.85,14.85,15.19,3304379.0,49951435.9,1596672000.0,3207600000.0,136092898.32,16325071.739999996,1586337109.24,1648335473.34,61998364.1,14618090.53,2356.63,2108.45,486.37,1394.26,1894.6,1356.56,121.67,0.0,,,,,,Y,信息设备,通信设备,通信配套服务,15.23,15.15,15.16
sz300050,世纪鼎利,2012-02-28,14.82,14.83,14.41,14.56,14.85,2472294.0,36082236.4,1565491200.0,3144960000.0,136092898.32,16325071.739999996,1586337109.24,1648335473.34,61998364.1,14618090.53,1593.16,1832.89,652.92,676.25,1357.19,1094.13,0.0,0.0,,,,,,Y,信息设备,通信设备,通信配套服务,14.72,14.61,14.63
sz300050,世纪鼎利,2012-02-29,14.43,14.62,14.28,14.41,14.56,1408558.0,20345210.6,1549363200.0,3112560000.0,136092898.32,16325071.739999996,1586337109.24,1648335473.34,61998364.1,14618090.53,890.72,992.51,195.16,367.86,932.64,658.15,0.0,0.0,,,,,,Y,信息设备,通信设备,通信配套服务,14.53,14.51,14.51
sz300050,世纪鼎利,2012-03-01,14.31,14.74,14.28,14.56,14.41,1696901.0,24703605.9,1565491200.0,3144960000.0,136092898.32,16325071.739999996,1586337109.24,1648335473.34,61998364.1,14618090.53,1077.22,934.65,466.83,527.52,890.93,972.81,0.0,0.0,,,,,,Y,信息设备,通信设备,通信配套服务,14.4,14.45,14.43
sz300050,世纪鼎利,2012-03-02,14.58,14.89,14.54,14.87,14.56,2041150.0,30135854.3,1598822400.0,3211920000.0,136092898.32,16325071.739999996,1586337109.24,1648335473.34,61998364.1,14618090.53,1466.86,1535.18,290.3,230.27,1173.6,1143.75,0.0,21.56,,,,,,Y,信息设备,通信设备,通信配套服务,14.58,14.59,14.61
sz300050,世纪鼎利,2012-03-05,14.9,14.99,14.61,14.63,14.87,1891642.0,27953326.7,1573017600.0,3160080000.0,136092898.32,16325071.739999996,1586337109.24,1648335473.34,61998364.1,14618090.53,1127.79,1108.9,460.41,718.53,1158.99,816.92,0.0,102.85,,,,,,Y,信息设备,通信设备,通信配套服务,14.82,14.85,14.88
sz300050,世纪鼎利,2012-03-06,14.52,14.77,14.31,14.7,14.63,2444396.0,35428709.2,1580544000.0,3175200000.0,136092898.32,16325071.739999996,1586337109.24,1648335473.34,61998364.1,14618090.53,1442.93,1340.77,701.27,635.74,1285.92,1078.39,0.0,375.22,,,,,,Y,信息设备,通信设备,通信配套服务,14.52,14.51,14.32
sz300050,世纪鼎利,2012-03-07,14.56,15.38,14.49,15.19,14.7,4974369.0,74920477.1,1633228800.0,3281040000.0,136092898.32,16325071.739999996,1586337109.24,1648335473.34,61998364.1,14618090.53,3447.22,3310.02,1733.43,1313.13,1996.65,2585.23,217.22,186.15,,,,,,Y,信息设备,通信设备,通信配套服务,14.61,14.61,14.62
sz300050,世纪鼎利,2012-03-08,15.11,15.38,15.02,15.23,15.19,3210039.0,48711863.1,1637529600.0,3289680000.0,136092898.32,16325071.739999996,1586337109.24,1648335473.34,61998364.1,14618090.53,2284.74,1969.21,711.24,1554.26,1818.95,1291.47,0.0,0.0,,,,,,Y,信息设备,通信设备,通信配套服务,15.19,15.16,15.14
sz300050,世纪鼎利,2012-03-09,15.25,15.74,15.2,15.42,15.23,3197426.0,49363347.0,1657958400.0,3330720000.0,136092898.32,16325071.739999996,1586337109.24,1648335473.34,61998364.1,14618090.53,2299.85,2197.26,666.17,908.91,1934.08,1793.93,0.0,0.0,,,,,,Y,信息设备,通信设备,通信配套服务,15.22,15.48,15.68
sz300050,世纪鼎利,2012-03-12,15.44,15.49,15.0,15.16,15.42,3041805.0,46273653.1,1630003200.0,3274560000.0,136092898.32,16325071.739999996,1586337109.24,1648335473.34,61998364.1,14618090.53,2139.94,2290.21,678.29,1155.79,1792.73,1164.96,0.0,0.0,,,,,,Y,信息设备,通信设备,通信配套服务,15.44,15.32,15.42
sz300050,世纪鼎利,2012-03-13,15.11,15.9,14.92,15.9,15.16,5115746.0,78672286.9,1709568000.0,3434400000.0,136092898.32,16325071.739999996,1586337109.24,1648335473.34,61998364.1,14618090.53,3783.53,3198.34,1332.89,1714.84,2316.36,2629.38,109.78,0.0,,,,,,Y,信息设备,通信设备,通信配套服务,15.06,15.07,15.05
sz300050,世纪鼎利,2012-03-14,15.99,15.99,14.78,14.89,15.9,5357282.0,82981781.4,1600972800.0,3216240000.0,136092898.32,16325071.739999996,1586337109.24,1648335473.34,61998364.1,14618090.53,3324.68,3788.73,2140.04,1837.92,2693.08,2312.78,5.63,223.99,,,,,,Y,信息设备,通信设备,通信配套服务,15.85,15.79,15.86
sz300050,世纪鼎利,2012-03-15,14.81,14.94,14.21,14.31,14.89,2528522.0,36587077.0,1538611200.0,3090960000.0,136092898.32,16325071.739999996,1586337109.24,1648335473.34,61998364.1,14618090.53,1755.44,1817.21,463.83,533.71,1390.14,1258.49,0.0,0.0,,,,,,Y,信息设备,通信设备,通信配套服务,14.88,14.77,14.64
sz300050,世纪鼎利,2012-03-16,14.36,14.59,14.11,14.53,14.31,2025135.0,29178457.5,1562265600.0,3138480000.0,136092898.32,16325071.739999996,1586337109.24,1648335473.34,61998364.1,14618090.53,1410.03,1056.44,359.57,873.69,1095.65,893.27,0.0,41.85,,,,,,Y,信息设备,通信设备,通信配套服务,14.4,14.49,14.51
sz300050,世纪鼎利,2012-03-19,14.55,14.74,14.27,14.57,14.53,2445321.0,35430816.2,1566566400.0,3147120000.0,136092898.32,16325071.739999996,1586337109.24,1648335473.34,61998364.1,14618090.53,1809.17,1632.67,337.32,993.72,1236.02,756.13,0.0,0.0,,,,,,Y,信息设备,通信设备,通信配套服务,14.52,14.59,14.53
sz300050,世纪鼎利,2012-03-20,14.6,14.6,14.08,14.08,14.57,1822981.0,25903747.6,1513881600.0,3041280000.0,136092898.32,16325071.739999996,1586337109.24,1648335473.34,61998364.1,14618090.53,918.85,1372.14,499.59,388.46,1091.45,758.79,12.19,2.69,,,,,,Y,信息设备,通信设备,通信配套服务,14.52,14.45,14.39
sz300050,世纪鼎利,2012-03-21,14.08,14.25,13.78,13.92,14.08,1403353.0,19599815.7,1496678400.0,3006720000.0,136092898.32,16325071.739999996,1586337109.24,1648335473.34,61998364.1,14618090.53,701.14,952.48,354.97,347.92,893.54,652.62,3.38,0.0,,,,,,Y,信息设备,通信设备,通信配套服务,14.16,14.03,14.09
sz300050,世纪鼎利,2012-03-22,13.92,14.18,13.83,13.99,13.92,947665.0,13257715.6,1504204800.0,3021840000.0,136092898.32,16325071.739999996,1586337109.24,1648335473.34,61998364.1,14618090.53,540.99,500.08,171.02,253.68,596.41,554.66,0.0,0.0,,,,,,Y,信息设备,通信设备,通信配套服务,13.84,13.89,13.88
sz300050,世纪鼎利,2012-03-23,13.91,13.97,13.62,13.97,13.99,1031785.0,14241718.5,1502054400.0,3017520000.0,136092898.32,16325071.739999996,1586337109.24,1648335473.34,61998364.1,14618090.53,572.67,678.63,259.41,138.81,522.52,537.16,0.0,0.0,,,,,,Y,信息设备,通信设备,通信配套服务,13.88,13.83,13.83
sz300050,世纪鼎利,2012-03-26,13.87,14.08,13.73,13.89,13.97,695265.0,9675260.6,1493452800.0,3000240000.0,136092898.32,16325071.739999996,1586337109.24,1648335473.34,61998364.1,14618090.53,429.47,499.8,63.32,53.62,452.66,392.02,0.0,0.0,,,,,,Y,信息设备,通信设备,通信配套服务,13.9,13.9,13.97
sz300050,世纪鼎利,2012-03-27,14.1,14.1,13.38,13.44,13.89,932278.0,12823501.1,1445068800.0,2903040000.0,136092898.32,16325071.739999996,1586337109.24,1648335473.34,61998364.1,14618090.53,425.03,618.56,60.24,120.01,755.02,501.71,0.0,0.0,,,,,,Y,信息设备,通信设备,通信配套服务,13.99,13.91,13.95
sz300050,世纪鼎利,2012-03-28,13.09,13.09,12.22,12.24,13.44,2739232.0,34440599.1,1316044800.0,2643840000.0,88406752.56,60286933.61,1609850381.22,1692009060.9,82158679.68,21482514.1,1478.06,1696.28,489.38,661.97,1443.93,989.28,0.0,63.84,,,,,,Y,信息设备,通信设备,通信配套服务,12.92,12.97,12.85
sz300050,世纪鼎利,2012-03-29,12.18,12.35,11.67,11.82,12.24,1689172.0,20259121.3,1270886400.0,2553120000.0,88406752.56,60286933.61,1609850381.22,1692009060.9,82158679.68,21482514.1,788.36,949.86,193.56,384.33,1000.61,648.34,0.0,0.0,,,,,,Y,信息设备,通信设备,通信配套服务,12.2,12.12,12.2
sz300050,世纪鼎利,2012-03-30,11.96,11.96,11.6,11.66,11.82,1001745.0,11749821.0,1253683200.0,2518560000.0,88406752.56,60286933.61,1609850381.22,1692009060.9,82158679.68,21482514.1,427.36,601.83,123.64,84.44,598.07,462.81,0.0,0.0,,,,,,Y,信息设备,通信设备,通信配套服务,11.85,11.88,11.82
sz300050,世纪鼎利,2012-04-05,11.7,12.04,11.65,12.03,11.66,1245987.0,14797121.3,1293465600.0,2598480000.0,88406752.56,60286933.61,1609850381.22,1692009060.9,82158679.68,21482514.1,621.71,606.59,233.2,255.16,597.01,590.18,0.0,0.0,,,,,,Y,信息设备,通信设备,通信配套服务,11.75,11.79,11.84
sz300050,世纪鼎利,2012-04-06,12.03,12.2,11.91,12.13,12.03,1096862.0,13254025.4,1304217600.0,2620080000.0,88406752.56,60286933.61,1609850381.22,1692009060.9,82158679.68,21482514.1,482.11,379.22,55.67,103.65,613.11,671.49,149.52,146.04,,,,,,Y,信息设备,通信设备,通信配套服务,12.0,12.0,12.02
sz300050,世纪鼎利,2012-04-09,12.0,12.13,11.92,11.99,12.13,961444.0,11547760.9,1289164800.0,2589840000.0,88406752.56,60286933.61,1609850381.22,1692009060.9,82158679.68,21482514.1,481.82,511.76,200.71,190.91,430.28,410.14,0.0,0.0,,,,,,Y,信息设备,通信设备,通信配套服务,11.98,11.97,12.03
sz300050,世纪鼎利,2012-04-10,11.93,12.25,11.53,12.24,11.99,1544135.0,18271091.5,1316044800.0,2643840000.0,88406752.56,60286933.61,1609850381.22,1692009060.9,82158679.68,21482514.1,649.64,646.13,480.67,467.42,632.9,649.66,0.0,0.0,,,,,,Y,信息设备,通信设备,通信配套服务,11.85,11.88,11.92
sz300050,世纪鼎利,2012-04-11,11.92,12.54,11.88,12.45,12.24,2765099.0,33794541.4,1338624000.0,2689200000.0,88406752.56,60286933.61,1609850381.22,1692009060.9,82158679.68,21482514.1,853.6,864.62,1150.44,880.19,833.88,1076.11,502.82,519.82,,,,,,Y,信息设备,通信设备,通信配套服务,11.98,11.99,11.95
sz300050,世纪鼎利,2012-04-12,12.3,12.65,12.2,12.57,12.45,2238771.0,27758751.4,1351526400.0,2715120000.0,88406752.56,60286933.61,1609850381.22,1692009060.9,82158679.68,21482514.1,939.49,1053.98,720.39,817.73,1093.49,881.67,0.0,0.0,,,,,,Y,信息设备,通信设备,通信配套服务,12.33,12.41,12.32
sz300050,世纪鼎利,2012-04-13,12.58,12.58,12.36,12.36,12.57,1760772.0,21941035.8,1328947200.0,2669760000.0,88406752.56,60286933.61,1609850381.22,1692009060.9,82158679.68,21482514.1,881.05,766.47,223.87,576.83,1003.9,663.17,0.0,102.35,,,,,,Y,信息设备,通信设备,通信配套服务,12.49,12.52,12.53
sz300050,世纪鼎利,2012-04-16,12.31,12.34,11.99,12.11,12.36,1639608.0,19845586.3,1302067200.0,2615760000.0,88406752.56,60286933.61,1609850381.22,1692009060.9,82158679.68,21482514.1,783.15,769.19,23.09,588.12,1136.06,553.79,0.0,31.19,,,,,,Y,信息设备,通信设备,通信配套服务,12.34,12.23,12.21
sz300050,世纪鼎利,2012-04-17,12.1,12.16,11.95,12.06,12.11,1033366.0,12474606.6,1296691200.0,2604960000.0,88406752.56,60286933.61,1609850381.22,1692009060.9,82158679.68,21482514.1,450.59,595.81,133.26,69.83,653.24,571.45,0.0,0.0,,,,,,Y,信息设备,通信设备,通信配套服务,12.07,12.08,12.07
sz300050,世纪鼎利,2012-04-18,12.07,12.4,12.06,12.36,12.06,1483907.0,18165579.6,1328947200.0,2669760000.0,88406752.56,60286933.61,1609850381.22,1692009060.9,82158679.68,21482514.1,935.38,762.45,109.03,110.1,772.15,944.0,0.0,0.0,,,,,,Y,信息设备,通信设备,通信配套服务,12.1,12.1,12.12
sz300050,世纪鼎利,2012-04-19,12.36,12.46,12.31,12.35,12.36,1074273.0,13308991.6,1327872000.0,2667600000.0,88406752.56,60286933.61,1609850381.22,1692009060.9,82158679.68,21482514.1,458.89,505.08,157.78,117.08,668.04,662.56,0.0,0.0,,,,,,Y,信息设备,通信设备,通信配套服务,12.36,12.35,12.4
sz300050,世纪鼎利,2012-04-23,12.35,12.35,11.12,11.12,12.35,3785186.0,43437738.1,1195622400.0,2401920000.0,88406752.56,60286933.61,1609850381.22,1692009060.9,82158679.68,21482514.1,1461.6,1826.89,466.67,977.7,2058.88,1230.96,335.57,287.17,,,,,,Y,信息设备,通信设备,通信配套服务,12.14,11.8,11.63
sz300050,世纪鼎利,2012-04-24,10.99,11.19,10.42,10.73,11.12,3265695.0,35115290.5,1153689600.0,2317680000.0,60663978.76,17399769.049999997,1613830176.53,1677233091.32,63402914.79,7374492.05,1490.35,1160.67,760.9,1212.33,1248.8,883.8,0.0,243.24,,,,,,Y,信息设备,通信设备,通信配套服务,10.86,10.91,11.01
sz300050,世纪鼎利,2012-04-25,10.68,10.81,10.61,10.65,10.73,2608156.0,27883481.0,1145088000.0,2300400000.0,60663978.76,17399769.049999997,1613830176.53,1677233091.32,63402914.79,7374492.05,1311.49,1407.05,370.98,776.57,1086.53,585.38,0.0,0.0,,,,,,Y,信息设备,通信设备,通信配套服务,10.69,10.73,10.74
sz300050,世纪鼎利,2012-04-26,10.78,10.85,10.61,10.63,10.65,1680399.0,17954919.5,1142937600.0,2296080000.0,60663978.76,17399769.049999997,1613830176.53,1677233091.32,63402914.79,7374492.05,684.23,757.81,278.08,380.19,790.98,615.29,0.0,0.0,,,,,,Y,信息设备,通信设备,通信配套服务,10.75,10.77,10.7
sz300050,世纪鼎利,2012-04-27,10.62,10.99,10.52,10.85,10.63,2480643.0,26826798.1,1166592000.0,2343600000.0,60663978.76,17399769.049999997,1613830176.53,1677233091.32,63402914.79,7374492.05,1073.08,1023.72,566.64,650.94,864.69,937.71,107.95,0.0,,,,,,Y,信息设备,通信设备,通信配套服务,10.65,10.57,10.63
sz300050,世纪鼎利,2012-05-02,11.0,11.01,10.65,10.82,10.85,1851788.0,20052101.7,1163366400.0,2337120000.0,60663978.76,17399769.049999997,1613830176.53,1677233091.32,63402914.79,7374492.05,876.07,1000.32,125.45,320.62,974.88,655.47,0.0,0.0,,,,,,Y,信息设备,通信设备,通信配套服务,10.91,10.77,10.79
sz300050,世纪鼎利,2012-05-03,10.76,10.95,10.7,10.92,10.82,1769208.0,19137152.5,1174118400.0,2358720000.0,60663978.76,17399769.049999997,1613830176.53,1677233091.32,63402914.79,7374492.05,720.7,757.53,371.58,424.15,732.99,643.58,0.0,0.0,,,,,,Y,信息设备,通信设备,通信配套服务,10.77,10.79,10.7
sz300050,世纪鼎利,2012-05-04,10.92,11.11,10.81,11.05,10.92,2740226.0,30181165.2,1188096000.0,2386800000.0,60663978.76,17399769.049999997,1613830176.53,1677233091.32,63402914.79,7374492.05,1306.54,931.1,677.95,871.48,997.93,799.44,0.0,380.41,,,,,,Y,信息设备,通信设备,通信配套服务,10.89,10.86,10.95
sz300050,世纪鼎利,2012-05-07,10.89,11.09,10.72,11.08,10.9,2950821.0,32174547.2,1191321600.0,2393280000.0,60663978.76,17399769.049999997,1613830176.53,1677233091.32,63402914.79,7374492.05,1419.14,1182.46,436.43,1085.08,1324.21,912.24,0.0,0.0,,,,,,Y,信息设备,通信设备,通信配套服务,10.9,10.88,10.85
sz300050,世纪鼎利,2012-05-08,11.1,11.4,10.95,11.29,11.08,3696868.0,41393251.3,1213900800.0,2438640000.0,60663978.76,17399769.049999997,1613830176.53,1677233091.32,63402914.79,7374492.05,1714.96,1656.37,569.32,886.29,1428.0,1451.48,391.94,110.08,,,,,,Y,信息设备,通信设备,通信配套服务,11.09,11.0,11.05
sz300050,世纪鼎利,2012-05-09,11.19,11.23,10.96,10.98,11.29,1875760.0,20779739.2,1180569600.0,2371680000.0,60663978.76,17399769.049999997,1613830176.53,1677233091.32,63402914.79,7374492.05,960.35,1046.54,122.83,184.71,940.83,792.76,0.0,0.0,,,,,,Y,信息设备,通信设备,通信配套服务,11.14,11.02,11.07
sz300050,世纪鼎利,2012-05-10,10.98,11.33,10.88,11.13,10.98,2310214.0,25866766.5,1196697600.0,2404080000.0,60663978.76,17399769.049999997,1613830176.53,1677233091.32,63402914.79,7374492.05,1111.41,953.36,397.8,533.44,975.95,1099.87,101.52,0.0,,,,,,Y,信息设备,通信设备,通信配套服务,11.0,11.04,11.06
sz300050,世纪鼎利,2012-05-11,11.14,11.27,10.9,10.95,11.13,1889148.0,20905716.8,1177344000.0,2365200000.0,60663978.76,17399769.049999997,1613830176.53,1677233091.32,63402914.79,7374492.05,902.28,894.74,97.3,481.62,1090.99,714.21,0.0,0.0,,,,,,Y,信息设备,通信设备,通信配套服务,11.14,11.21,11.18
sz300050,世纪鼎利,2012-05-14,10.99,11.09,10.78,10.78,10.95,1552955.0,16955046.2,1159065600.0,2328480000.0,60663978.76,17399769.049999997,1613830176.53,1677233091.32,63402914.79,7374492.05,759.33,806.66,51.65,268.22,871.05,607.15,0.0,0.0,,,,,,Y,信息设备,通信设备,通信配套服务,11.03,11.02,10.97
sz300050,世纪鼎利,2012-05-15,10.65,10.87,10.58,10.8,10.78,1222207.0,13016526.3,1161216000.0,2332800000.0,60663978.76,17399769.049999997,1613830176.53,1677233091.32,63402914.79,7374492.05,408.24,446.43,239.38,291.64,627.25,536.8,0.0,0.0,,,,,,Y,信息设备,通信设备,通信配套服务,10.63,10.59,10.6
sz300050,世纪鼎利,2012-05-16,10.74,10.91,10.71,10.79,10.8,1076398.0,11643241.1,1160140800.0,2330640000.0,60663978.76,17399769.049999997,1613830176.53,1677233091.32,63402914.79,7374492.05,496.16,408.55,125.59,100.35,532.97,646.04,0.22,0.0,,,,,,Y,信息设备,通信设备,通信配套服务,10.75,10.8,10.85
sz300050,世纪鼎利,2012-05-17,10.83,11.02,10.72,10.98,10.79,1332581.0,14526430.3,1180569600.0,2371680000.0,60663978.76,17399769.049999997,1613830176.53,1677233091.32,63402914.79,7374492.05,706.46,654.33,149.68,150.62,578.5,629.69,0.0,0.0,,,,,,Y,信息设备,通信设备,通信配套服务,10.83,10.83,10.8
sz300050,世纪鼎利,2012-05-18,10.87,11.47,10.81,11.33,10.98,4018174.0,45295930.4,1218201600.0,2447280000.0,60663978.76,17399769.049999997,1613830176.53,1677233091.32,63402914.79,7374492.05,2250.19,2038.32,609.35,394.33,1670.05,2096.94,0.0,0.0,,,,,,Y,信息设备,通信设备,通信配套服务,10.93,,
sz300050,世纪鼎利,2012-05-21,11.3,11.75,11.23,11.49,11.33,3015221.0,34656472.5,1235404800.0,2481840000.0,60663978.76,17399769.049999997,1613830176.53,1677233091.32,63402914.79,7374492.05,1530.96,1595.88,603.6,382.88,1293.95,1449.77,0.0,0.0,,,,,,Y,信息设备,通信设备,通信配套服务,11.45,11.58,11.52
sz300050,世纪鼎利,2012-05-22,11.51,11.54,11.26,11.4,11.49,2263557.0,25753084.9,1225728000.0,2462400000.0,60663978.76,17399769.049999997,1613830176.53,1677233091.32,63402914.79,7374492.05,1081.13,964.15,322.58,345.84,1132.55,947.38,0.0,278.89,,,,,,Y,信息设备,通信设备,通信配套服务,11.48,11.48,11.41
sz300050,世纪鼎利,2012-05-23,11.35,11.41,11.0,11.18,11.4,1792307.0,20027801.4,1202073600.0,2414880000.0,60663978.76,17399769.049999997,1613830176.53,1677233091.32,63402914.79,7374492.05,744.25,740.06,226.23,471.73,1016.2,774.89,0.0,0.0,,,,,,Y,信息设备,通信设备,通信配套服务,11.4,11.39,11.32
sz300050,世纪鼎利,2012-05-24,11.11,11.3,11.05,11.15,11.18,1298341.0,14509243.1,1198848000.0,2408400000.0,60663978.76,17399769.049999997,1613830176.53,1677233091.32,63402914.79,7374492.05,643.21,598.63,144.0,237.72,648.99,599.86,0.0,0.0,,,,,,Y,信息设备,通信设备,通信配套服务,11.17,11.15,11.09
sz300050,世纪鼎利,2012-05-25,11.16,11.2,10.74,10.82,11.15,1352140.0,14796090.3,1163366400.0,2337120000.0,60663978.76,17399769.049999997,1613830176.53,1677233091.32,63402914.79,7374492.05,568.99,645.27,120.62,110.4,734.5,559.27,0.0,109.17,,,,,,Y,信息设备,通信设备,通信配套服务,11.18,11.08,11.04
sz300050,世纪鼎利,2012-05-28,10.68,10.81,10.38,10.8,10.82,1551009.0,16429671.2,1161216000.0,2332800000.0,60663978.76,17399769.049999997,1613830176.53,1677233091.32,63402914.79,7374492.05,611.12,762.66,154.59,277.73,865.7,591.02,0.0,0.0,,,,,,Y,信息设备,通信设备,通信配套服务,10.69,10.55,10.57
sz300050,世纪鼎利,2012-05-29,10.8,11.09,10.71,11.07,10.8,1589993.0,17417030.6,1190246400.0,2391120000.0,60663978.76,17399769.049999997,1613830176.53,1677233091.32,63402914.79,7374492.05,665.35,667.71,377.65,378.12,683.66,680.83,0.0,0.0,,,,,,Y,信息设备,通信设备,通信配套服务,10.78,10.84,10.87
sz300050,世纪鼎利,2012-05-30,11.07,11.29,11.0,11.2,11.07,1596563.0,17866897.3,1204224000.0,2419200000.0,60663978.76,17399769.049999997,1613830176.53,1677233091.32,63402914.79,7374492.05,950.98,770.04,127.3,80.73,669.61,897.11,0.0,0.0,,,,,,Y,信息设备,通信设备,通信配套服务,11.01,11.03,11.12
sz300050,世纪鼎利,2012-05-31,11.12,11.46,11.09,11.37,11.2,1917463.0,21720046.6,1222502400.0,2455920000.0,60663978.76,17399769.049999997,1613830176.53,1677233091.32,63402914.79,7374492.05,894.37,860.31,433.7,225.32,819.81,1062.25,0.0,0.0,,,,,,Y,信息设备,通信设备,通信配套服务,11.15,11.2,11.2
sz300050,世纪鼎利,2012-06-01,11.39,11.42,11.17,11.22,11.37,1379009.0,15529316.6,1206374400.0,2423520000.0,60663978.76,17399769.049999997,1613830176.53,1677233091.32,63402914.79,7374492.05,591.12,760.75,134.09,197.57,813.02,579.91,0.0,0.0,,,,,,Y,信息设备,通信设备,通信配套服务,11.35,11.33,11.33
sz300050,世纪鼎利,2012-06-04,11.0,11.03,10.7,10.71,11.22,1630523.0,17675786.3,1151539200.0,2313360000.0,60663978.76,17399769.049999997,1613830176.53,1677233091.32,63402914.79,7374492.05,637.5,690.8,250.79,382.97,872.54,687.06,0.0,0.0,,,,,,Y,信息设备,通信设备,通信配套服务,10.91,11.01,10.97
sz300050,世纪鼎利,2012-06-05,10.67,10.83,10.6,10.72,10.71,739775.0,7919328.2,1152614400.0,2315520000.0,60663978.76,17399769.049999997,1613830176.53,1677233091.32,63402914.79,7374492.05,301.39,317.58,63.59,26.22,403.75,424.93,0.0,0.0,,,,,,Y,信息设备,通信设备,通信配套服务,10.8,10.71,10.63
sz300050,世纪鼎利,2012-06-06,10.68,10.85,10.68,10.75,10.72,646649.0,6956597.7,1155840000.0,2322000000.0,60663978.76,17399769.049999997,1613830176.53,1677233091.32,63402914.79,7374492.05,288.97,291.31,30.1,55.34,368.31,340.72,0.0,0.0,,,,,,Y,信息设备,通信设备,通信配套服务,10.77,10.74,10.81
sz300050,世纪鼎利,2012-06-07,10.85,10.9,10.56,10.58,10.75,975426.0,10464454.2,1137561600.0,2285280000.0,60663978.76,17399769.049999997,1613830176.53,1677233091.32,63402914.79,7374492.05,421.14,458.54,46.92,121.52,560.19,448.18,0.0,0.0,,,,,,Y,信息设备,通信设备,通信配套服务,10.86,10.83,10.83
sz300050,世纪鼎利,2012-06-08,10.64,10.8,10.55,10.68,10.58,913808.0,9743520.2,1148313600.0,2306880000.0,60663978.76,17399769.049999997,1613830176.53,1677233091.32,63402914.79,7374492.05,435.81,386.54,48.05,137.45,462.83,422.7,0.0,0.0,,,,,,Y,信息设备,通信设备,通信配套服务,10.66,10.73,10.64
sz300050,世纪鼎利,2012-06-11,10.62,11.11,10.62,11.07,10.68,2020978.0,22088812.9,1190246400.0,2391120000.0,60663978.76,17399769.049999997,1613830176.53,1677233091.32,63402914.79,7374492.05,999.96,1010.24,369.76,160.26,839.16,1038.37,0.0,0.0,,,,,,Y,信息设备,通信设备,通信配套服务,10.72,10.74,10.69
sz300050,世纪鼎利,2012-06-12,11.02,11.07,10.91,10.96,11.07,1249992.0,13733727.9,1178419200.0,2367360000.0,60663978.76,17399769.049999997,1613830176.53,1677233091.32,63402914.79,7374492.05,655.63,568.12,137.31,244.84,541.74,521.71,0.0,0.0,,,,,,Y,信息设备,通信设备,通信配套服务,11.02,10.97,10.97
sz300050,世纪鼎利,2012-06-13,11.02,11.3,10.97,11.23,10.96,1902668.0,21277261.0,1207449600.0,2425680000.0,60663978.76,17399769.049999997,1613830176.53,1677233091.32,63402914.79,7374492.05,952.86,909.8,438.88,336.8,735.99,881.13,0.0,0.0,,,,,,Y,信息设备,通信设备,通信配套服务,10.97,11.04,11.03
sz300050,世纪鼎利,2012-06-14,11.2,11.28,11.02,11.02,11.23,1197638.0,13351552.3,1184870400.0,2380320000.0,60663978.76,17399769.049999997,1613830176.53,1677233091.32,63402914.79,7374492.05,492.12,489.74,220.6,268.86,604.2,558.32,0.0,0.0,,,,,,Y,信息设备,通信设备,通信配套服务,11.2,11.14,11.17
sz300050,世纪鼎利,2012-06-15,11.03,12.12,11.03,11.7,11.02,6471984.0,75789799.4,1257984000.0,2527200000.0,60663978.76,17399769.049999997,1613830176.53,1677233091.32,63402914.79,7374492.05,2497.87,2794.24,2338.1,2098.4,2245.63,2456.04,439.3,172.23,,,,,,Y,信息设备,通信设备,通信配套服务,11.1,11.09,11.32
sz300050,世纪鼎利,2012-06-18,11.7,11.86,11.6,11.76,11.7,3251595.0,38025396.6,1264435200.0,2540160000.0,60663978.76,17399769.049999997,1613830176.53,1677233091.32,63402914.79,7374492.05,1687.43,1484.14,666.65,1157.92,1448.46,1160.48,0.0,0.0,,,,,,Y,信息设备,通信设备,通信配套服务,11.61,11.69,11.73
sz300050,世纪鼎利,2012-06-19,11.73,11.8,11.52,11.7,11.76,2069081.0,24175192.4,1257984000.0,2527200000.0,60663978.76,17399769.049999997,1613830176.53,1677233091.32,63402914.79,7374492.05,1212.4,1122.1,246.5,335.62,889.23,890.42,0.0,0.0,,,,,,Y,信息设备,通信设备,通信配套服务,11.68,11.63,11.65
sz300050,世纪鼎利,2012-06-20,11.71,12.1,11.67,11.73,11.7,2679604.0,31820389.7,1261209600.0,2533680000.0,60663978.76,17399769.049999997,1613830176.53,1677233091.32,63402914.79,7374492.05,1391.06,1402.23,307.87,399.49,1426.23,1323.42,0.0,0.0,,,,,,Y,信息设备,通信设备,通信配套服务,11.98,11.85,11.81
sz300050,世纪鼎利,2012-06-21,11.83,12.7,11.83,12.09,11.73,5485028.0,67182257.3,1299916800.0,2611440000.0,60663978.76,17399769.049999997,1613830176.53,1677233091.32,63402914.79,7374492.05,2448.0,2863.51,1686.65,1171.03,2243.12,2357.0,240.11,226.33,,,,,,Y,信息设备,通信设备,通信配套服务,12.1,12.46,12.27
sz300050,世纪鼎利,2012-06-25,11.82,11.88,11.18,11.2,12.09,3502910.0,40099904.7,1204224000.0,2419200000.0,60663978.76,17399769.049999997,1613830176.53,1677233091.32,63402914.79,7374492.05,1605.82,1348.67,395.67,1283.74,1952.73,1321.8,0.0,0.0,,,,,,Y,信息设备,通信设备,通信配套服务,11.69,11.64,11.45
sz300050,世纪鼎利,2012-06-26,11.09,11.41,10.92,11.32,11.2,2006473.0,22407952.5,1217126400.0,2445120000.0,60663978.76,17399769.049999997,1613830176.53,1677233091.32,63402914.79,7374492.05,922.46,989.21,265.34,334.44,1013.83,877.98,0.0,0.0,,,,,,Y,信息设备,通信设备,通信配套服务,11.06,10.95,11.0
sz300050,世纪鼎利,2012-06-27,11.32,11.64,11.22,11.33,11.32,1847257.0,21092949.3,1218201600.0,2447280000.0,60663978.76,17399769.049999997,1613830176.53,1677233091.32,63402914.79,7374492.05,932.1,844.45,218.94,368.44,918.66,856.82,0.0,0.0,,,,,,Y,信息设备,通信设备,通信配套服务,11.26,11.35,11.35
sz300050,世纪鼎利,2012-06-28,11.34,11.52,11.24,11.26,11.33,1830662.0,20783158.8,1210675200.0,2432160000.0,60663978.76,17399769.049999997,1613830176.53,1677233091.32,63402914.79,7374492.05,833.82,852.95,285.9,364.46,921.78,824.09,0.0,0.0,,,,,,Y,信息设备,通信设备,通信配套服务,11.31,11.34,11.33
sz300050,世纪鼎利,2012-06-29,11.17,11.33,10.72,11.16,11.26,1869792.0,20671214.1,1199923200.0,2410560000.0,60663978.76,17399769.049999997,1613830176.53,1677233091.32,63402914.79,7374492.05,823.94,856.37,144.34,337.7,1081.87,856.09,0.0,0.0,,,,,,Y,信息设备,通信设备,通信配套服务,11.26,11.18,11.16
sz300050,世纪鼎利,2012-07-02,11.2,11.48,11.14,11.34,11.16,1855178.0,20960537.7,1219276800.0,2449440000.0,60663978.76,17399769.049999997,1613830176.53,1677233091.32,63402914.79,7374492.05,844.86,824.07,443.63,451.75,793.5,806.17,0.0,0.0,,,,,,Y,信息设备,通信设备,通信配套服务,11.16,11.2,11.23
sz300050,世纪鼎利,2012-07-03,11.28,11.58,11.21,11.38,11.34,2149774.0,24570585.1,1223577600.0,2458080000.0,60663978.76,17399769.049999997,1613830176.53,1677233091.32,63402914.79,7374492.05,1044.01,1066.01,248.2,375.74,1143.23,993.69,0.0,0.0,,,,,,Y,信息设备,通信设备,通信配套服务,11.28,11.34,11.39
sz300050,世纪鼎利,2012-07-04,11.38,12.18,11.38,11.84,11.38,5412232.0,64295664.4,1273036800.0,2557440000.0,60663978.76,17399769.049999997,1613830176.53,1677233091.32,63402914.79,7374492.05,2836.58,3081.28,984.0,703.88,2414.74,2558.03,107.87,0.0,,,,,,Y,信息设备,通信设备,通信配套服务,11.74,11.89,11.9
sz300050,世纪鼎利,2012-07-05,11.65,12.18,11.61,12.14,11.84,5697903.0,68091653.5,1305292800.0,2622240000.0,60663978.76,17399769.049999997,1613830176.53,1677233091.32,63402914.79,7374492.05,2752.31,2886.03,1413.25,1246.84,2419.13,2451.83,0.0,0.0,,,,,,Y,信息设备,通信设备,通信配套服务,11.67,11.83,11.88
sz300050,世纪鼎利,2012-07-06,12.34,12.46,11.75,12.07,12.14,4452535.0,53528436.5,1297766400.0,2607120000.0,60663978.76,17399769.049999997,1613830176.53,1677233091.32,63402914.79,7374492.05,2090.38,2145.73,901.03,1323.6,2295.89,1817.97,0.0,0.0,,,,,,Y,信息设备,通信设备,通信配套服务,12.2,11.93,11.86
sz300050,世纪鼎利,2012-07-09,11.91,12.09,11.62,11.71,12.07,3147168.0,37059698.6,1259059200.0,2529360000.0,60663978.76,17399769.049999997,1613830176.53,1677233091.32,63402914.79,7374492.05,1499.51,1553.41,479.17,862.12,1613.23,1254.31,77.93,0.0,,,,,,Y,信息设备,通信设备,通信配套服务,12.0,11.97,11.94
sz300050,世纪鼎利,2012-07-10,11.7,12.28,11.66,12.19,11.71,4277906.0,51372252.6,1310668800.0,2633040000.0,60663978.76,17399769.049999997,1613830176.53,1677233091.32,63402914.79,7374492.05,2230.84,2353.09,709.61,482.43,2053.72,2158.65,0.0,0.0,,,,,,Y,信息设备,通信设备,通信配套服务,11.72,11.7,11.76
sz300050,世纪鼎利,2012-07-11,12.15,12.25,11.76,11.93,12.19,2742377.0,32759709.7,1282713600.0,2576880000.0,60663978.76,17399769.049999997,1613830176.53,1677233091.32,63402914.79,7374492.05,1233.62,1239.56,348.15,665.57,1630.16,1306.82,0.0,0.0,,,,,,Y,信息设备,通信设备,通信配套服务,12.16,12.12,11.98
sz300050,世纪鼎利,2012-07-12,11.86,11.93,11.52,11.85,11.93,3082173.0,36180614.9,1274112000.0,2559600000.0,60663978.76,17399769.049999997,1613830176.53,1677233091.32,63402914.79,7374492.05,1418.5,1342.34,568.84,1009.09,1630.72,1266.64,0.0,0.0,,,,,,Y,信息设备,通信设备,通信配套服务,11.89,11.73,11.72
sz300050,世纪鼎利,2012-07-13,11.39,11.49,10.67,10.67,11.85,5120072.0,56168447.4,1147238400.0,2304720000.0,60663978.76,17399769.049999997,1613830176.53,1677233091.32,63402914.79,7374492.05,2246.49,2365.04,768.67,1376.1,2481.95,1747.43,118.46,127.0,,,,,,Y,信息设备,通信设备,通信配套服务,11.3,11.41,11.35
sz300050,世纪鼎利,2012-07-16,10.45,10.5,9.6,9.63,10.67,3880262.0,38647338.8,1035417600.0,2080080000.0,60663978.76,17399769.049999997,1613830176.53,1677233091.32,63402914.79,7374492.05,1554.01,1701.89,602.32,917.41,1664.2,1201.24,0.0,0.0,,,,,,Y,信息设备,通信设备,通信配套服务,10.19,10.18,10.06
sz300050,世纪鼎利,2012-07-17,9.63,9.82,9.59,9.7,9.63,1192107.0,11604251.9,1042944000.0,2095200000.0,60663978.76,17399769.049999997,1613830176.53,1677233091.32,63402914.79,7374492.05,485.43,554.45,14.19,99.32,641.88,487.73,0.0,0.0,,,,,,Y,信息设备,通信设备,通信配套服务,9.74,9.68,9.77
sz300050,世纪鼎利,2012-07-18,9.72,9.83,9.41,9.74,9.7,1330110.0,12808842.8,1047244800.0,2103840000.0,60663978.76,17399769.049999997,1613830176.53,1677233091.32,63402914.79,7374492.05,404.76,646.73,190.96,98.64,673.57,523.92,0.0,0.0,,,,,,Y,信息设备,通信设备,通信配套服务,9.68,9.82,9.8
sz300050,世纪鼎利,2012-07-19,9.74,9.95,9.62,9.84,9.74,1747136.0,17148640.5,1057996800.0,2125440000.0,60663978.76,17399769.049999997,1613830176.53,1677233091.32,63402914.79,7374492.05,624.75,672.32,321.09,290.32,762.43,745.63,0.0,0.0,,,,,,Y,信息设备,通信设备,通信配套服务,9.66,9.65,9.69
sz300050,世纪鼎利,2012-07-20,9.7,9.95,9.7,9.78,9.84,968663.0,9545158.4,1051545600.0,2112480000.0,60663978.76,17399769.049999997,1613830176.53,1677233091.32,63402914.79,7374492.05,327.74,371.42,20.66,26.59,587.82,538.23,0.0,0.0,,,,,,Y,信息设备,通信设备,通信配套服务,9.84,9.83,9.89
sz300050,世纪鼎利,2012-07-23,9.65,9.99,9.65,9.78,9.78,964748.0,9487327.3,1051545600.0,2112480000.0,60663978.76,17399769.049999997,1613830176.53,1677233091.32,63402914.79,7374492.05,285.03,311.29,30.83,26.19,616.45,594.82,0.0,0.0,,,,,,Y,信息设备,通信设备,通信配套服务,9.67,9.76,9.79
sz300050,世纪鼎利,2012-07-24,9.77,10.0,9.7,9.96,9.78,1034306.0,10283725.4,1070899200.0,2151360000.0,60663978.76,17399769.049999997,1613830176.53,1677233091.32,63402914.79,7374492.05,400.24,392.96,79.7,81.28,539.77,545.47,0.0,0.0,,,,,,Y,信息设备,通信设备,通信配套服务,9.76,9.87,9.99
sz300050,世纪鼎利,2012-07-25,9.98,10.1,9.85,10.0,9.96,1309420.0,13055418.3,1075200000.0,2160000000.0,60663978.76,17399769.049999997,1613830176.53,1677233091.32,63402914.79,7374492.05,617.97,528.34,84.74,185.01,575.03,564.39,0.0,0.0,,,,,,Y,信息设备,通信设备,通信配套服务,9.96,9.93,9.92
sz300050,世纪鼎利,2012-07-26,10.04,10.08,9.9,9.92,10.0,824632.0,8232277.0,1066598400.0,2142720000.0,60663978.76,17399769.049999997,1613830176.53,1677233091.32,63402914.79,7374492.05,245.61,365.39,140.66,87.7,431.89,365.09,0.0,0.0,,,,,,Y,信息设备,通信设备,通信配套服务,10.06,9.99,9.98
sz300050,世纪鼎利,2012-07-27,9.92,10.01,9.9,9.92,9.92,638512.0,6345968.2,1066598400.0,2142720000.0,60663978.76,17399769.049999997,1613830176.53,1677233091.32,63402914.79,7374492.05,328.55,257.81,0.0,64.39,292.35,298.7,0.0,0.0,,,,,,Y,信息设备,通信设备,通信配套服务,9.93,9.99,9.97
sz300050,世纪鼎利,2012-07-30,9.98,10.03,9.52,9.63,9.92,1018468.0,9980694.6,1035417600.0,2080080000.0,60663978.76,17399769.049999997,1613830176.53,1677233091.32,63402914.79,7374492.05,467.03,495.29,107.57,113.04,420.58,386.84,0.0,0.0,,,,,,Y,信息设备,通信设备,通信配套服务,9.92,9.93,10.0
sz300050,世纪鼎利,2012-07-31,9.59,9.79,9.35,9.67,9.63,806693.0,7709436.9,1039718400.0,2088720000.0,60663978.76,17399769.049999997,1613830176.53,1677233091.32,63402914.79,7374492.05,228.48,250.8,55.03,4.41,476.89,505.19,0.0,0.0,,,,,,Y,信息设备,通信设备,通信配套服务,9.7,9.5,9.39
sz300050,世纪鼎利,2012-08-01,9.67,9.84,9.61,9.7,9.67,666894.0,6478303.5,1042944000.0,2095200000.0,60663978.76,17399769.049999997,1613830176.53,1677233091.32,63402914.79,7374492.05,215.08,295.68,48.45,93.76,378.48,252.57,0.0,0.0,,,,,,Y,信息设备,通信设备,通信配套服务,9.63,9.66,9.7
sz300050,世纪鼎利,2012-08-02,9.71,9.75,9.5,9.55,9.7,393346.0,3786449.1,1026816000.0,2062800000.0,60663978.76,17399769.049999997,1613830176.53,1677233091.32,63402914.79,7374492.05,120.91,152.54,0.0,0.0,243.03,211.4,0.0,0.0,,,,,,Y,信息设备,通信设备,通信配套服务,9.75,9.7,9.64
sz300050,世纪鼎利,2012-08-03,9.67,9.78,9.49,9.77,9.55,511168.0,4925473.9,1050470400.0,2110320000.0,60663978.76,17399769.049999997,1613830176.53,1677233091.32,63402914.79,7374492.05,172.51,173.8,0.0,0.0,302.93,301.64,0.0,0.0,,,,,,Y,信息设备,通信设备,通信配套服务,9.5,9.5,9.54
sz300050,世纪鼎利,2012-08-06,9.7,10.03,9.7,9.99,9.77,1086400.0,10763441.4,1074124800.0,2157840000.0,60663978.76,17399769.049999997,1613830176.53,1677233091.32,63402914.79,7374492.05,494.64,326.08,68.71,256.72,503.26,483.8,0.0,0.0,,,,,,Y,信息设备,通信设备,通信配套服务,9.7,9.74,9.76
sz300050,世纪鼎利,2012-08-07,9.99,10.04,9.94,10.02,9.99,845300.0,8449531.6,1077350400.0,2164320000.0,60663978.76,17399769.049999997,1613830176.53,1677233091.32,63402914.79,7374492.05,298.21,340.6,102.94,102.26,434.59,392.87,0.0,0.0,,,,,,Y,信息设备,通信设备,通信配套服务,9.99,10.01,9.98
sz300050,世纪鼎利,2012-08-08,10.07,10.08,9.93,10.0,10.02,504949.0,5057707.1,1075200000.0,2160000000.0,60663978.76,17399769.049999997,1613830176.53,1677233091.32,63402914.79,7374492.05,200.63,228.96,33.22,40.38,250.62,215.13,0.0,0.0,,,,,,Y,信息设备,通信设备,通信配套服务,10.02,10.01,10.02
sz300050,世纪鼎利,2012-08-09,10.0,10.16,9.9,10.15,10.0,1063862.0,10692448.2,1091328000.0,2192400000.0,60663978.76,17399769.049999997,1613830176.53,1677233091.32,63402914.79,7374492.05,406.24,404.6,204.9,164.7,423.45,465.29,0.0,0.0,,,,,,Y,信息设备,通信设备,通信配套服务,10.02,9.97,9.99
sz300050,世纪鼎利,2012-08-10,10.17,10.17,9.98,10.05,10.15,593510.0,5967135.2,1080576000.0,2170800000.0,60663978.76,17399769.049999997,1613830176.53,1677233091.32,63402914.79,7374492.05,195.03,192.14,63.72,104.55,317.57,279.62,0.0,0.0,,,,,,Y,信息设备,通信设备,通信配套服务,10.1,10.13,10.09
sz300050,世纪鼎利,2012-08-13,10.06,10.06,9.77,9.77,10.05,663900.0,6600391.0,1050470400.0,2110320000.0,60663978.76,17399769.049999997,1613830176.53,1677233091.32,63402914.79,7374492.05,261.99,311.66,64.01,82.58,322.7,254.47,0.0,0.0,,,,,,Y,信息设备,通信设备,通信配套服务,10.06,10.04,10.0
sz300050,世纪鼎利,2012-08-14,9.77,9.89,9.62,9.84,9.77,565886.0,5519801.6,1057996800.0,2125440000.0,60663978.76,17399769.049999997,1613830176.53,1677233091.32,63402914.79,7374492.05,179.91,204.68,51.07,80.9,315.89,261.28,0.0,0.0,,,,,,Y,信息设备,通信设备,通信配套服务,9.8,9.71,9.75
sz300050,世纪鼎利,2012-08-15,9.79,9.87,9.64,9.8,9.84,874201.0,8500907.4,1053696000.0,2116800000.0,60663978.76,17399769.049999997,1613830176.53,1677233091.32,63402914.79,7374492.05,275.16,407.31,141.7,153.93,420.39,276.01,0.0,0.0,,,,,,Y,信息设备,通信设备,通信配套服务,9.81,9.82,9.81
sz300050,世纪鼎利,2012-08-16,9.76,9.8,9.65,9.67,9.8,400738.0,3895890.1,1039718400.0,2088720000.0,60663978.76,17399769.049999997,1613830176.53,1677233091.32,63402914.79,7374492.05,144.57,133.66,21.05,51.0,215.27,196.23,0.0,0.0,,,,,,Y,信息设备,通信设备,通信配套服务,9.72,9.76,9.76
sz300050,世纪鼎利,2012-08-17,9.71,9.79,9.65,9.77,9.67,398526.0,3877427.8,1050470400.0,2110320000.0,60663978.76,17399769.049999997,1613830176.53,1677233091.32,63402914.79,7374492.05,134.99,149.71,43.58,0.0,193.64,222.5,0.0,0.0,,,,,,Y,信息设备,通信设备,通信配套服务,9.71,9.68,9.66
sz300050,世纪鼎利,2012-08-20,9.74,9.81,9.62,9.79,9.77,573040.0,5567012.9,1052620800.0,2114640000.0,60663978.76,17399769.049999997,1613830176.53,1677233091.32,63402914.79,7374492.05,186.95,278.19,28.92,28.92,332.61,241.37,0.0,0.0,,,,,,Y,信息设备,通信设备,通信配套服务,9.67,9.67,9.63
sz300050,世纪鼎利,2012-08-21,9.8,10.17,9.75,10.06,9.79,1469412.0,14805414.4,1081651200.0,2172960000.0,60663978.76,17399769.049999997,1613830176.53,1677233091.32,63402914.79,7374492.05,741.67,642.8,265.18,124.85,460.01,699.21,0.0,0.0,,,,,,Y,信息设备,通信设备,通信配套服务,9.86,9.94,10.0
sz300050,世纪鼎利,2012-08-22,10.04,10.15,10.02,10.07,10.06,788092.0,7946890.3,1082726400.0,2175120000.0,60663978.76,17399769.049999997,1613830176.53,1677233091.32,63402914.79,7374492.05,306.02,278.16,152.19,77.33,328.43,431.14,0.0,0.0,,,,,,Y,信息设备,通信设备,通信配套服务,10.06,10.06,10.07
sz300050,世纪鼎利,2012-08-23,10.07,10.28,10.02,10.19,10.07,1354932.0,13732673.3,1095628800.0,2201040000.0,46818497.37,-9618940.179999998,1569597288.19,1641189938.44,71592650.25,3343400.6900000004,645.28,612.8,157.24,261.64,547.1,475.17,0.0,0.0,,,,,,Y,信息设备,通信设备,通信配套服务,10.08,10.09,10.08
sz300050,世纪鼎利,2012-08-24,10.18,10.19,9.75,9.75,10.19,1265804.0,12625383.5,1048320000.0,2106000000.0,46818497.37,-9618940.179999998,1569597288.19,1641189938.44,71592650.25,3343400.6900000004,466.67,533.17,177.24,249.92,599.32,460.15,0.0,0.0,,,,,,Y,信息设备,通信设备,通信配套服务,10.17,10.17,10.14
sz300050,世纪鼎利,2012-08-27,9.74,9.74,9.44,9.6,9.75,729818.0,6971050.8,1032192000.0,2073600000.0,46818497.37,-9618940.179999998,1569597288.19,1641189938.44,71592650.25,3343400.6900000004,244.26,268.63,4.5,82.98,421.17,318.33,0.0,0.0,,,,,,Y,信息设备,通信设备,通信配套服务,9.66,9.63,9.64
sz300050,世纪鼎利,2012-08-28,9.6,9.82,9.49,9.7,9.6,624188.0,6008284.9,1042944000.0,2095200000.0,46818497.37,-9618940.179999998,1569597288.19,1641189938.44,71592650.25,3343400.6900000004,238.33,207.97,6.13,24.14,356.08,368.43,0.0,0.0,,,,,,Y,信息设备,通信设备,通信配套服务,9.6,9.5,9.54
sz300050,世纪鼎利,2012-08-29,9.71,9.88,9.63,9.82,9.7,756294.0,7409488.7,1055846400.0,2121120000.0,46818497.37,-9618940.179999998,1569597288.19,1641189938.44,71592650.25,3343400.6900000004,349.14,292.48,100.84,33.0,277.42,401.93,0.0,0.0,,,,,,Y,信息设备,通信设备,通信配套服务,9.65,9.66,9.65
sz300050,世纪鼎利,2012-08-30,9.8,9.83,9.34,9.66,9.82,1061359.0,10172577.4,1038643200.0,2086560000.0,46818497.37,-9618940.179999998,1569597288.19,1641189938.44,71592650.25,3343400.6900000004,372.42,478.74,100.89,88.44,535.45,441.58,0.0,0.0,,,,,,Y,信息设备,通信设备,通信配套服务,9.75,9.82,9.78
sz300050,世纪鼎利,2012-08-31,9.56,9.75,9.56,9.73,9.66,394178.0,3799505.2,1046169600.0,2101680000.0,46818497.37,-9618940.179999998,1569597288.19,1641189938.44,71592650.25,3343400.6900000004,100.05,105.78,0.0,0.0,275.62,269.89,0.0,0.0,,,,,,Y,信息设备,通信设备,通信配套服务,9.65,9.64,9.58
sz300050,世纪鼎利,2012-09-03,9.7,9.87,9.6,9.83,9.73,417614.0,4084510.9,1056921600.0,2123280000.0,46818497.37,-9618940.179999998,1569597288.19,1641189938.44,71592650.25,3343400.6900000004,184.64,206.0,9.28,0.0,210.11,198.03,0.0,0.0,,,,,,Y,信息设备,通信设备,通信配套服务,9.68,9.65,9.66
sz300050,世纪鼎利,2012-09-04,9.82,10.08,9.76,9.9,9.83,1077591.0,10723111.3,1064448000.0,2138400000.0,46818497.37,-9618940.179999998,1569597288.19,1641189938.44,71592650.25,3343400.6900000004,550.94,553.7,87.22,2.65,434.15,515.97,0.0,0.0,,,,,,Y,信息设备,通信设备,通信配套服务,9.82,9.83,9.82
sz300050,世纪鼎利,2012-09-05,9.95,10.65,9.86,10.55,9.9,2716779.0,27918304.3,1134336000.0,2278800000.0,46818497.37,-9618940.179999998,1569597288.19,1641189938.44,71592650.25,3343400.6900000004,1293.09,1229.09,646.78,346.26,645.81,1112.98,102.65,0.0,,,,,,Y,信息设备,通信设备,通信配套服务,9.86,9.95,9.89
sz300050,世纪鼎利,2012-09-06,10.45,10.79,10.18,10.69,10.55,2656106.0,27656973.2,1149388800.0,2309040000.0,46818497.37,-9618940.179999998,1569597288.19,1641189938.44,71592650.25,3343400.6900000004,1030.64,1185.85,289.91,597.68,1240.42,916.1,138.66,0.0,,,,,,Y,信息设备,通信设备,通信配套服务,10.48,10.42,10.33
sz300050,世纪鼎利,2012-09-07,10.65,11.12,10.53,10.92,10.69,3688850.0,40168284.4,1174118400.0,2358720000.0,46818497.37,-9618940.179999998,1569597288.19,1641189938.44,71592650.25,3343400.6900000004,1524.1,1623.02,859.93,694.12,1210.79,1496.63,346.0,127.05,,,,,,Y,信息设备,通信设备,通信配套服务,10.6,10.54,10.58
sz300050,世纪鼎利,2012-09-10,10.81,11.08,10.67,10.91,10.92,1797511.0,19590168.5,1173043200.0,2356560000.0,46818497.37,-9618940.179999998,1569597288.19,1641189938.44,71592650.25,3343400.6900000004,915.4,886.33,350.31,329.46,671.92,721.85,0.0,0.0,,,,,,Y,信息设备,通信设备,通信配套服务,10.9,10.8,10.78
sz300050,世纪鼎利,2012-09-11,10.84,11.1,10.7,10.86,10.91,1085575.0,11806545.9,1167667200.0,2345760000.0,46818497.37,-9618940.179999998,1569597288.19,1641189938.44,71592650.25,3343400.6900000004,546.67,599.89,101.42,45.29,532.56,535.48,0.0,0.0,,,,,,Y,信息设备,通信设备,通信配套服务,10.77,10.78,10.76
sz300050,世纪鼎利,2012-09-12,10.9,10.96,10.68,10.86,10.86,1161008.0,12587427.1,1167667200.0,2345760000.0,46818497.37,-9618940.179999998,1569597288.19,1641189938.44,71592650.25,3343400.6900000004,632.72,523.03,120.48,226.79,497.05,500.44,0.0,0.0,,,,,,Y,信息设备,通信设备,通信配套服务,10.86,10.88,10.85
sz300050,世纪鼎利,2012-09-13,10.8,10.99,10.61,10.61,10.86,930756.0,10083478.0,1140787200.0,2291760000.0,46818497.37,-9618940.179999998,1569597288.19,1641189938.44,71592650.25,3343400.6900000004,400.05,384.69,129.81,117.48,454.61,410.54,0.0,71.76,,,,,,Y,信息设备,通信设备,通信配套服务,10.74,10.8,10.77
sz300050,世纪鼎利,2012-09-14,10.76,10.79,10.51,10.59,10.61,915931.0,9726144.7,1138636800.0,2287440000.0,46818497.37,-9618940.179999998,1569597288.19,1641189938.44,71592650.25,3343400.6900000004,411.66,419.12,138.68,181.92,406.28,355.59,0.0,0.0,,,,,,Y,信息设备,通信设备,通信配套服务,10.68,10.67,10.63
sz300050,世纪鼎利,2012-09-17,10.57,10.66,10.12,10.12,10.59,1043520.0,10751728.8,1088102400.0,2185920000.0,46818497.37,-9618940.179999998,1569597288.19,1641189938.44,71592650.25,3343400.6900000004,395.02,353.0,137.46,369.87,515.57,325.19,0.0,0.0,,,,,,Y,信息设备,通信设备,通信配套服务,10.48,10.4,10.4
sz300050,世纪鼎利,2012-09-18,10.02,10.19,9.96,10.07,10.12,652174.0,6570690.1,1082726400.0,2175120000.0,46818497.37,-9618940.179999998,1569597288.19,1641189938.44,71592650.25,3343400.6900000004,240.77,278.46,47.02,107.78,363.03,264.59,0.0,0.0,,,,,,Y,信息设备,通信设备,通信配套服务,10.02,10.11,10.18
sz300050,世纪鼎利,2012-09-19,10.0,10.29,10.0,10.14,10.07,1024346.0,10386543.6,1090252800.0,2190240000.0,46818497.37,-9618940.179999998,1569597288.19,1641189938.44,71592650.25,3343400.6900000004,396.83,361.81,226.15,324.75,412.12,348.55,0.0,0.0,,,,,,Y,信息设备,通信设备,通信配套服务,10.07,10.11,10.06
sz300050,世纪鼎利,2012-09-20,10.12,10.12,9.66,9.7,10.14,1195021.0,11770747.0,1042944000.0,2095200000.0,46818497.37,-9618940.179999998,1569597288.19,1641189938.44,71592650.25,3343400.6900000004,495.37,612.34,106.85,197.33,564.97,357.51,0.0,0.0,,,,,,Y,信息设备,通信设备,通信配套服务,10.0,9.99,9.98
sz300050,世纪鼎利,2012-09-21,9.62,9.74,9.43,9.51,9.7,840801.0,8060300.5,1022515200.0,2054160000.0,46818497.37,-9618940.179999998,1569597288.19,1641189938.44,71592650.25,3343400.6900000004,353.37,398.03,55.52,152.65,390.77,248.97,0.0,0.0,,,,,,Y,信息设备,通信设备,通信配套服务,9.61,9.6,9.43
sz300050,世纪鼎利,2012-09-24,9.41,9.66,9.37,9.54,9.51,485852.0,4640365.1,1025740800.0,2060640000.0,46818497.37,-9618940.179999998,1569597288.19,1641189938.44,71592650.25,3343400.6900000004,243.04,210.61,0.0,21.63,216.8,227.6,0.0,0.0,,,,,,Y,信息设备,通信设备,通信配套服务,9.44,9.46,9.43
sz300050,世纪鼎利,2012-09-25,9.54,9.71,9.51,9.63,9.54,492178.0,4753244.5,1035417600.0,2080080000.0,46818497.37,-9618940.179999998,1569597288.19,1641189938.44,71592650.25,3343400.6900000004,283.08,175.49,47.57,67.28,142.07,229.96,0.0,0.0,,,,,,Y,信息设备,通信设备,通信配套服务,9.53,9.66,9.7
sz300050,世纪鼎利,2012-09-26,9.68,9.68,9.36,9.4,9.63,431793.0,4094597.6,1010688000.0,2030400000.0,46818497.37,-9618940.179999998,1569597288.19,1641189938.44,71592650.25,3343400.6900000004,152.31,186.64,0.0,20.33,253.96,199.3,0.0,0.0,,,,,,Y,信息设备,通信设备,通信配套服务,9.58,9.61,9.63
sz300050,世纪鼎利,2012-09-27,9.41,9.64,9.21,9.46,9.4,1561827.0,14773928.9,1017139200.0,2043360000.0,46818497.37,-9618940.179999998,1569597288.19,1641189938.44,71592650.25,3343400.6900000004,686.99,591.77,106.86,290.08,660.42,572.43,0.0,0.0,,,,,,Y,信息设备,通信设备,通信配套服务,9.43,9.42,9.59
sz300050,世纪鼎利,2012-09-28,9.43,9.58,9.36,9.52,9.46,1110397.0,10546812.1,1023590400.0,2056320000.0,46818497.37,-9618940.179999998,1569597288.19,1641189938.44,71592650.25,3343400.6900000004,429.11,395.06,54.81,234.05,540.77,395.58,0.0,0.0,,,,,,Y,信息设备,通信设备,通信配套服务,9.44,9.48,9.49
sz300050,世纪鼎利,2012-10-08,9.53,9.61,9.46,9.51,9.52,466019.0,4439299.7,1022515200.0,2054160000.0,46818497.37,-9618940.179999998,1569597288.19,1641189938.44,71592650.25,3343400.6900000004,197.21,185.61,0.0,0.0,246.72,258.32,0.0,0.0,,,,,,Y,信息设备,通信设备,通信配套服务,9.52,9.52,9.5
sz300050,世纪鼎利,2012-10-09,9.48,9.82,9.48,9.8,9.51,950299.0,9221016.5,1053696000.0,2116800000.0,46818497.37,-9618940.179999998,1569597288.19,1641189938.44,71592650.25,3343400.6900000004,327.6,338.0,195.99,111.15,391.87,466.31,0.0,0.0,,,,,,Y,信息设备,通信设备,通信配套服务,9.56,9.55,9.58
sz300050,世纪鼎利,2012-10-10,9.8,9.95,9.73,9.89,9.8,920005.0,9066496.5,1063372800.0,2136240000.0,46818497.37,-9618940.179999998,1569597288.19,1641189938.44,71592650.25,3343400.6900000004,454.52,394.41,91.9,29.53,352.61,475.09,0.0,0.0,,,,,,Y,信息设备,通信设备,通信配套服务,9.76,9.84,9.73
sz300050,世纪鼎利,2012-10-11,9.98,10.09,9.71,9.71,9.89,1300938.0,12914569.9,1044019200.0,2097360000.0,46818497.37,-9618940.179999998,1569597288.19,1641189938.44,71592650.25,3343400.6900000004,504.91,597.6,86.16,26.81,631.15,597.81,0.0,0.0,,,,,,Y,信息设备,通信设备,通信配套服务,10.0,10.0,10.04
sz300050,世纪鼎利,2012-10-12,9.79,9.86,9.54,9.67,9.71,744126.0,7214760.1,1039718400.0,2088720000.0,46818497.37,-9618940.179999998,1569597288.19,1641189938.44,71592650.25,3343400.6900000004,252.09,280.31,67.03,109.28,387.18,316.71,0.0,0.0,,,,,,Y,信息设备,通信设备,通信配套服务,9.73,9.82,9.85
sz300050,世纪鼎利,2012-10-15,9.6,9.65,9.27,9.36,9.67,1010002.0,9468115.9,1006387200.0,2021760000.0,46818497.37,-9618940.179999998,1569597288.19,1641189938.44,71592650.25,3343400.6900000004,327.53,390.85,29.76,177.42,589.52,378.53,0.0,0.0,,,,,,Y,信息设备,通信设备,通信配套服务,9.58,9.51,9.46
sz300050,世纪鼎利,2012-10-16,9.37,9.57,9.31,9.39,9.36,664076.0,6258482.7,1009612800.0,2028240000.0,46818497.37,-9618940.179999998,1569597288.19,1641189938.44,71592650.25,3343400.6900000004,272.1,217.52,72.25,109.97,276.15,293.01,0.0,0.0,,,,,,Y,信息设备,通信设备,通信配套服务,9.39,9.35,9.34
sz300050,世纪鼎利,2012-10-17,9.43,9.55,9.34,9.46,9.39,480266.0,4526829.8,1017139200.0,2043360000.0,46818497.37,-9618940.179999998,1569597288.19,1641189938.44,71592650.25,3343400.6900000004,201.82,212.44,21.22,0.0,224.63,235.23,0.0,0.0,,,,,,Y,信息设备,通信设备,通信配套服务,9.39,9.38,9.37
sz300050,世纪鼎利,2012-10-18,9.53,9.75,9.52,9.68,9.46,1108161.0,10708953.3,1040793600.0,2090880000.0,46818497.37,-9618940.179999998,1569597288.19,1641189938.44,71592650.25,3343400.6900000004,658.72,500.46,30.53,80.43,373.62,481.97,0.0,0.0,,,,,,Y,信息设备,通信设备,通信配套服务,9.56,9.58,9.62
sz300050,世纪鼎利,2012-10-19,9.72,9.8,9.63,9.73,9.68,576090.0,5591966.1,1046169600.0,2101680000.0,46818497.37,-9618940.179999998,1569597288.19,1641189938.44,71592650.25,3343400.6900000004,191.21,204.69,4.87,49.65,354.36,296.1,0.0,0.0,,,,,,Y,信息设备,通信设备,通信配套服务,9.75,9.75,9.72
sz300050,世纪鼎利,2012-10-22,9.64,9.85,9.64,9.82,9.73,844608.0,8275450.5,1055846400.0,2121120000.0,46818497.37,-9618940.179999998,1569597288.19,1641189938.44,71592650.25,3343400.6900000004,256.77,335.37,207.52,158.48,355.95,326.39,0.0,0.0,,,,,,Y,信息设备,通信设备,通信配套服务,9.72,9.71,9.7
sz300050,世纪鼎利,2012-10-23,9.85,9.85,9.6,9.63,9.82,744302.0,7210983.4,1035417600.0,2080080000.0,46818497.37,-9618940.179999998,1569597288.19,1641189938.44,71592650.25,3343400.6900000004,222.85,346.15,0.0,31.65,487.65,332.71,0.0,0.0,,,,,,Y,信息设备,通信设备,通信配套服务,9.78,9.75,9.74
sz300050,世纪鼎利,2012-10-24,9.64,9.72,9.56,9.58,9.63,537695.0,5166882.5,1030041600.0,2069280000.0,46818497.37,-9618940.179999998,1569597288.19,1641189938.44,71592650.25,3343400.6900000004,214.76,253.46,32.76,51.78,262.46,204.75,0.0,0.0,,,,,,Y,信息设备,通信设备,通信配套服务,9.58,9.58,9.63
sz300050,世纪鼎利,2012-10-25,9.65,9.68,9.43,9.49,9.58,471318.0,4502585.8,1020364800.0,2049840000.0,46818497.37,-9618940.179999998,1569597288.19,1641189938.44,71592650.25,3343400.6900000004,132.88,205.84,23.37,46.81,279.87,183.46,0.0,0.0,,,,,,Y,信息设备,通信设备,通信配套服务,9.56,9.6,9.6
sz300050,世纪鼎利,2012-10-26,9.45,9.63,9.26,9.26,9.49,860358.0,8144463.2,995635200.0,2000160000.0,43860607.4,-21790421.41,1583307153.58,1648652309.21,65345155.63,11660200.56,316.07,424.56,47.74,45.41,418.69,312.53,0.0,0.0,,,,,,Y,信息设备,通信设备,通信配套服务,9.5,9.53,9.58
sz300050,世纪鼎利,2012-10-29,9.26,9.35,9.25,9.32,9.26,260141.0,2416732.1,1002086400.0,2013120000.0,43860607.4,-21790421.41,1583307153.58,1648652309.21,65345155.63,11660200.56,75.34,106.71,20.62,0.0,144.97,134.22,0.0,0.0,,,,,,Y,信息设备,通信设备,通信配套服务,9.29,9.28,9.33
sz300050,世纪鼎利,2012-10-30,9.3,9.38,9.25,9.28,9.32,237709.0,2209470.3,997785600.0,2004480000.0,43860607.4,-21790421.41,1583307153.58,1648652309.21,65345155.63,11660200.56,75.99,106.72,0.0,0.0,144.96,114.23,0.0,0.0,,,,,,Y,信息设备,通信设备,通信配套服务,9.3,9.3,9.35
sz300050,世纪鼎利,2012-10-31,9.29,9.3,9.06,9.25,9.28,478506.0,4405435.6,994560000.0,1998000000.0,43860607.4,-21790421.41,1583307153.58,1648652309.21,65345155.63,11660200.56,201.23,110.5,0.0,111.42,226.46,205.76,0.0,0.0,,,,,,Y,信息设备,通信设备,通信配套服务,9.28,9.21,9.2
sz300050,世纪鼎利,2012-11-01,9.25,9.45,9.25,9.43,9.25,472413.0,4434208.8,1013913600.0,2036880000.0,43860607.4,-21790421.41,1583307153.58,1648652309.21,65345155.63,11660200.56,190.78,194.3,23.14,0.0,216.77,236.4,0.0,0.0,,,,,,Y,信息设备,通信设备,通信配套服务,9.25,9.25,9.26
sz300050,世纪鼎利,2012-11-02,9.39,9.51,9.38,9.49,9.43,249833.0,2360667.9,1020364800.0,2049840000.0,43860607.4,-21790421.41,1583307153.58,1648652309.21,65345155.63,11660200.56,90.39,79.61,0.71,0.0,133.39,144.88,0.0,0.0,,,,,,Y,信息设备,通信设备,通信配套服务,9.39,9.42,9.41
sz300050,世纪鼎利,2012-11-05,9.41,9.64,9.4,9.44,9.49,257821.0,2435591.5,1014988800.0,2039040000.0,43860607.4,-21790421.41,1583307153.58,1648652309.21,65345155.63,11660200.56,65.52,120.52,0.0,0.0,168.6,113.6,0.0,0.0,,,,,,Y,信息设备,通信设备,通信配套服务,9.49,9.59,9.51
sz300050,世纪鼎利,2012-11-06,9.41,9.48,9.26,9.38,9.44,418484.0,3907339.5,1008537600.0,2026080000.0,43860607.4,-21790421.41,1583307153.58,1648652309.21,65345155.63,11660200.56,207.46,194.42,0.0,39.17,181.4,155.27,0.0,0.0,,,,,,Y,信息设备,通信设备,通信配套服务,9.43,9.44,9.46
sz300050,世纪鼎利,2012-11-07,9.37,9.42,9.3,9.31,9.38,313242.0,2923479.0,1001011200.0,2010960000.0,43860607.4,-21790421.41,1583307153.58,1648652309.21,65345155.63,11660200.56,89.04,125.8,0.0,21.67,203.31,144.88,0.0,0.0,,,,,,Y,信息设备,通信设备,通信配套服务,9.33,9.35,9.32
sz300050,世纪鼎利,2012-11-08,9.2,9.25,9.11,9.11,9.31,398709.0,3658243.0,979507200.0,1967760000.0,43860607.4,-21790421.41,1583307153.58,1648652309.21,65345155.63,11660200.56,152.89,185.07,0.0,0.0,189.9,174.23,16.51,0.0,,,,,,Y,信息设备,通信设备,通信配套服务,9.2,9.17,9.16
sz300050,世纪鼎利,2012-11-09,9.11,9.11,8.88,8.93,9.11,733760.0,6588482.3,960153600.0,1928880000.0,43860607.4,-21790421.41,1583307153.58,1648652309.21,65345155.63,11660200.56,266.48,296.92,0.0,161.06,384.95,193.45,0.0,0.0,,,,,,Y,信息设备,通信设备,通信配套服务,9.03,9.09,9.03
sz300050,世纪鼎利,2012-11-12,8.93,9.02,8.88,8.98,8.93,305117.0,2726903.1,965529600.0,1939680000.0,43860607.4,-21790421.41,1583307153.58,1648652309.21,65345155.63,11660200.56,76.12,129.65,28.26,0.0,163.82,138.55,0.0,0.0,,,,,,Y,信息设备,通信设备,通信配套服务,8.93,8.96,8.94
sz300050,世纪鼎利,2012-11-13,8.95,9.03,8.85,8.96,8.98,353017.0,3153943.1,963379200.0,1935360000.0,43860607.4,-21790421.41,1583307153.58,1648652309.21,65345155.63,11660200.56,143.24,102.36,34.0,28.12,127.49,174.24,0.0,0.0,,,,,,Y,信息设备,通信设备,通信配套服务,9.03,8.96,8.96
sz300050,世纪鼎利,2012-11-14,8.96,8.97,8.85,8.91,8.96,300498.0,2680742.4,958003200.0,1924560000.0,43860607.4,-21790421.41,1583307153.58,1648652309.21,65345155.63,11660200.56,107.0,110.72,0.0,0.0,159.29,155.58,0.0,0.0,,,,,,Y,信息设备,通信设备,通信配套服务,8.96,8.94,8.94
sz300050,世纪鼎利,2012-11-15,8.91,8.92,8.71,8.75,8.91,307565.0,2711848.1,940800000.0,1890000000.0,43860607.4,-21790421.41,1583307153.58,1648652309.21,65345155.63,11660200.56,96.68,127.29,0.0,0.0,172.93,142.32,0.0,0.0,,,,,,Y,信息设备,通信设备,通信配套服务,8.91,8.83,8.86
sz300050,世纪鼎利,2012-11-16,8.8,8.8,8.56,8.67,8.75,252183.0,2185460.3,932198400.0,1872720000.0,43860607.4,-21790421.41,1583307153.58,1648652309.21,65345155.63,11660200.56,85.48,75.64,0.0,0.0,133.07,142.9,0.0,0.0,,,,,,Y,信息设备,通信设备,通信配套服务,8.62,8.7,8.72
sz300050,世纪鼎利,2012-11-19,8.6,8.73,8.55,8.66,8.67,468905.0,4057214.0,931123200.0,1870560000.0,43860607.4,-21790421.41,1583307153.58,1648652309.21,65345155.63,11660200.56,218.23,238.45,0.0,44.99,166.97,101.76,0.0,0.0,,,,,,Y,信息设备,通信设备,通信配套服务,8.63,8.63,8.6
sz300050,世纪鼎利,2012-11-20,8.74,8.74,8.63,8.65,8.66,394503.0,3422322.7,930048000.0,1868400000.0,43860607.4,-21790421.41,1583307153.58,1648652309.21,65345155.63,11660200.56,184.05,168.12,0.0,23.65,150.14,142.42,0.0,0.0,,,,,,Y,信息设备,通信设备,通信配套服务,8.68,8.66,8.66
sz300050,世纪鼎利,2012-11-21,8.62,8.79,8.57,8.79,8.65,582941.0,5080717.1,945100800.0,1898640000.0,43860607.4,-21790421.41,1583307153.58,1648652309.21,65345155.63,11660200.56,184.23,220.01,52.76,0.0,232.25,249.22,0.0,0.0,,,,,,Y,信息设备,通信设备,通信配套服务,8.62,8.71,8.7
sz300050,世纪鼎利,2012-11-22,8.72,8.75,8.49,8.57,8.79,526090.0,4530392.9,921446400.0,1851120000.0,43860607.4,-21790421.41,1583307153.58,1648652309.21,65345155.63,11660200.56,165.74,214.43,0.0,90.19,279.76,140.88,0.0,0.0,,,,,,Y,信息设备,通信设备,通信配套服务,8.75,8.72,8.72
sz300050,世纪鼎利,2012-11-23,8.57,8.67,8.53,8.59,8.57,310478.0,2668270.9,923596800.0,1855440000.0,43860607.4,-21790421.41,1583307153.58,1648652309.21,65345155.63,11660200.56,111.0,88.41,0.0,25.68,150.67,147.57,0.0,0.0,,,,,,Y,信息设备,通信设备,通信配套服务,8.56,8.53,8.56
sz300050,世纪鼎利,2012-11-26,8.51,8.59,8.38,8.4,8.59,350705.0,2972546.8,903168000.0,1814400000.0,43860607.4,-21790421.41,1583307153.58,1648652309.21,65345155.63,11660200.56,93.08,142.93,0.0,0.0,191.66,141.81,0.0,0.0,,,,,,Y,信息设备,通信设备,通信配套服务,8.59,8.55,8.54
sz300050,世纪鼎利,2012-11-27,8.42,8.42,8.05,8.06,8.4,557551.0,4538041.2,866611200.0,1740960000.0,43860607.4,-21790421.41,1583307153.58,1648652309.21,65345155.63,11660200.56,180.7,210.08,0.0,0.0,253.93,224.54,0.0,0.0,,,,,,Y,信息设备,通信设备,通信配套服务,8.39,8.37,8.18
sz300050,世纪鼎利,2012-11-28,8.06,8.06,7.81,7.88,8.06,825340.0,6510351.2,847257600.0,1702080000.0,43860607.4,-21790421.41,1583307153.58,1648652309.21,65345155.63,11660200.56,257.25,179.83,48.73,180.23,323.86,269.78,0.0,0.0,,,,,,Y,信息设备,通信设备,通信配套服务,7.93,7.91,7.89
sz300050,世纪鼎利,2012-11-29,7.88,7.92,7.68,7.79,7.88,521605.0,4076990.4,837580800.0,1682640000.0,43860607.4,-21790421.41,1583307153.58,1648652309.21,65345155.63,11660200.56,145.68,167.91,49.49,69.59,212.54,170.2,0.0,0.0,,,,,,Y,信息设备,通信设备,通信配套服务,7.88,7.88,7.92
sz300050,世纪鼎利,2012-11-30,7.79,7.83,7.7,7.79,7.79,492448.0,3821272.9,837580800.0,1682640000.0,43860607.4,-21790421.41,1583307153.58,1648652309.21,65345155.63,11660200.56,132.63,141.87,0.0,92.97,247.48,145.27,0.0,0.0,,,,,,Y,信息设备,通信设备,通信配套服务,7.71,7.71,7.77
sz300050,世纪鼎利,2012-12-03,7.77,7.78,7.62,7.64,7.79,454829.0,3496886.2,821452800.0,1650240000.0,43860607.4,-21790421.41,1583307153.58,1648652309.21,65345155.63,11660200.56,64.12,132.87,68.78,23.1,216.25,193.18,0.0,0.0,,,,,,Y,信息设备,通信设备,通信配套服务,7.75,7.7,7.75
sz300050,世纪鼎利,2012-12-04,7.6,7.76,7.45,7.68,7.64,508228.0,3858143.2,825753600.0,1658880000.0,43860607.4,-21790421.41,1583307153.58,1648652309.21,65345155.63,11660200.56,84.97,153.43,1.09,0.0,299.76,232.38,0.0,0.0,,,,,,Y,信息设备,通信设备,通信配套服务,7.6,7.58,7.57
sz300050,世纪鼎利,2012-12-05,7.67,8.0,7.67,7.92,7.68,961301.0,7592402.1,851558400.0,1710720000.0,43860607.4,-21790421.41,1583307153.58,1648652309.21,65345155.63,11660200.56,258.94,294.14,36.71,59.23,462.79,405.07,0.0,0.0,,,,,,Y,信息设备,通信设备,通信配套服务,7.67,7.8,7.75
sz300050,世纪鼎利,2012-12-06,8.0,8.06,7.83,7.88,7.92,586700.0,4669674.8,847257600.0,1702080000.0,43860607.4,-21790421.41,1583307153.58,1648652309.21,65345155.63,11660200.56,137.27,223.66,47.51,24.12,278.01,215.0,0.0,0.0,,,,,,Y,信息设备,通信设备,通信配套服务,7.96,8.06,7.99
sz300050,世纪鼎利,2012-12-07,7.89,8.1,7.84,8.09,7.88,1234689.0,9898156.3,869836800.0,1747440000.0,43860607.4,-21790421.41,1583307153.58,1648652309.21,65345155.63,11660200.56,468.05,387.35,126.81,155.6,376.54,428.45,0.0,0.0,,,,,,Y,信息设备,通信设备,通信配套服务,7.89,7.89,7.93
sz300050,世纪鼎利,2012-12-10,8.17,8.21,8.05,8.17,8.09,912955.0,7427161.7,878438400.0,1764720000.0,43860607.4,-21790421.41,1583307153.58,1648652309.21,65345155.63,11660200.56,269.54,240.66,36.2,48.3,422.24,439.01,0.0,0.0,,,,,,Y,信息设备,通信设备,通信配套服务,8.14,8.08,8.12
sz300050,世纪鼎利,2012-12-11,8.17,8.28,8.1,8.17,8.17,934640.0,7644287.9,878438400.0,1764720000.0,43860607.4,-21790421.41,1583307153.58,1648652309.21,65345155.63,11660200.56,377.57,333.66,76.9,45.76,301.63,376.68,0.0,0.0,,,,,,Y,信息设备,通信设备,通信配套服务,8.11,8.15,8.11
sz300050,世纪鼎利,2012-12-12,8.12,8.36,8.05,8.13,8.17,933983.0,7615964.2,874137600.0,1756080000.0,43860607.4,-21790421.41,1583307153.58,1648652309.21,65345155.63,11660200.56,333.32,328.78,113.85,181.5,306.95,243.83,0.0,0.0,,,,,,Y,信息设备,通信设备,通信配套服务,8.2,8.17,8.2
sz300050,世纪鼎利,2012-12-13,8.08,8.18,7.92,8.0,8.13,555462.0,4478960.5,860160000.0,1728000000.0,43860607.4,-21790421.41,1583307153.58,1648652309.21,65345155.63,11660200.56,152.64,139.61,10.38,73.56,284.8,234.64,0.0,0.0,,,,,,Y,信息设备,通信设备,通信配套服务,8.07,8.1,8.08
sz300050,世纪鼎利,2012-12-14,7.96,8.5,7.96,8.39,8.0,2794939.0,23100866.0,902092800.0,1812240000.0,43860607.4,-21790421.41,1583307153.58,1648652309.21,65345155.63,11660200.56,858.89,728.32,254.27,142.23,775.71,937.97,416.1,496.45,,,,,,Y,信息设备,通信设备,通信配套服务,8.0,8.01,8.08
sz300050,世纪鼎利,2012-12-17,8.36,8.58,8.32,8.39,8.39,1531446.0,12939060.0,902092800.0,1812240000.0,43860607.4,-21790421.41,1583307153.58,1648652309.21,65345155.63,11660200.56,403.69,492.34,200.37,177.79,515.36,490.4,169.37,128.25,,,,,,Y,信息设备,通信设备,通信配套服务,8.45,8.46,8.53
sz300050,世纪鼎利,2012-12-18,8.45,8.49,8.32,8.38,8.39,835402.0,7009122.5,901017600.0,1810080000.0,43860607.4,-21790421.41,1583307153.58,1648652309.21,65345155.63,11660200.56,189.33,197.91,135.82,117.41,359.69,369.53,0.0,0.0,,,,,,Y,信息设备,通信设备,通信配套服务,8.34,8.4,8.38
sz300050,世纪鼎利,2012-12-19,8.38,8.48,8.23,8.37,8.38,1019456.0,8513418.7,899942400.0,1807920000.0,43860607.4,-21790421.41,1583307153.58,1648652309.21,65345155.63,11660200.56,324.2,429.35,126.86,125.49,399.95,296.17,0.0,0.0,,,,,,Y,信息设备,通信设备,通信配套服务,8.31,8.37,8.38
sz300050,世纪鼎利,2012-12-20,8.32,8.52,8.26,8.47,8.37,1403595.0,11805876.8,910694400.0,1829520000.0,43860607.4,-21790421.41,1583307153.58,1648652309.21,65345155.63,11660200.56,332.98,384.53,215.37,153.11,452.79,497.78,176.9,142.63,,,,,,Y,信息设备,通信设备,通信配套服务,8.35,8.27,8.35
sz300050,世纪鼎利,2012-12-21,8.47,8.53,8.35,8.47,8.47,1467102.0,12415207.8,910694400.0,1829520000.0,43860607.4,-21790421.41,1583307153.58,1648652309.21,65345155.63,11660200.56,502.13,462.47,181.69,220.51,550.75,551.59,0.0,0.0,,,,,,Y,信息设备,通信设备,通信配套服务,8.52,8.41,8.49
sz300050,世纪鼎利,2012-12-24,8.47,8.75,8.45,8.51,8.47,1107217.0,9480632.1,914995200.0,1838160000.0,43860607.4,-21790421.41,1583307153.58,1648652309.21,65345155.63,11660200.56,294.02,261.58,156.69,165.68,479.91,503.35,0.0,0.0,,,,,,Y,信息设备,通信设备,通信配套服务,8.54,8.52,8.55
sz300050,世纪鼎利,2012-12-25,8.56,8.72,8.49,8.65,8.51,1678122.0,14465939.6,930048000.0,1868400000.0,43860607.4,-21790421.41,1583307153.58,1648652309.21,65345155.63,11660200.56,697.59,587.0,162.1,212.92,582.13,512.67,0.0,129.24,,,,,,Y,信息设备,通信设备,通信配套服务,8.49,8.5,8.52
sz300050,世纪鼎利,2012-12-26,8.65,8.96,8.61,8.96,8.65,2104457.0,18511030.9,963379200.0,1935360000.0,43860607.4,-21790421.41,1583307153.58,1648652309.21,65345155.63,11660200.56,650.84,691.82,345.37,217.56,837.15,923.98,0.0,0.0,,,,,,Y,信息设备,通信设备,通信配套服务,8.63,8.7,8.71
sz300050,世纪鼎利,2012-12-27,9.1,9.18,8.77,8.87,8.96,3581063.0,32047953.2,953702400.0,1915920000.0,43860607.4,-21790421.41,1583307153.58,1648652309.21,65345155.63,11660200.56,1433.87,1633.93,723.91,527.76,1039.12,1035.21,0.0,0.0,,,,,,Y,信息设备,通信设备,通信配套服务,9.03,9.11,8.92
sz300050,世纪鼎利,2012-12-28,8.82,9.65,8.81,9.59,8.87,4932359.0,46085972.5,1031116800.0,2071440000.0,43860607.4,-21790421.41,1583307153.58,1648652309.21,65345155.63,11660200.56,2103.94,2160.81,1159.79,692.22,1205.29,1742.42,126.43,0.0,,,,,,Y,信息设备,通信设备,通信配套服务,9.13,9.43,9.42
sz300050,世纪鼎利,2012-12-31,9.51,10.11,9.51,9.86,9.59,4140656.0,40765188.0,1060147200.0,2129760000.0,43860607.4,-21790421.41,1583307153.58,1648652309.21,65345155.63,11660200.56,1625.62,1679.7,1334.92,957.28,1059.17,1382.73,0.0,0.0,,,,,,Y,信息设备,通信设备,通信配套服务,9.64,9.62,9.7
sz300050,世纪鼎利,2013-01-04,9.83,9.85,9.55,9.69,9.86,1902212.0,18361149.0,1041868800.0,2093040000.0,43860607.4,-21790421.41,1583307153.58,1648652309.21,65345155.63,11660200.56,715.8,642.88,348.57,543.41,769.18,647.26,0.0,0.0,,,,,,Y,信息设备,通信设备,通信配套服务,9.61,9.6,9.57
sz300050,世纪鼎利,2013-01-07,9.7,9.88,9.53,9.84,9.69,1371852.0,13381524.8,1057996800.0,2125440000.0,43860607.4,-21790421.41,1583307153.58,1648652309.21,65345155.63,11660200.56,602.21,597.36,280.93,151.2,453.83,588.4,0.0,0.0,,,,,,Y,信息设备,通信设备,通信配套服务,9.55,9.65,9.67
sz300050,世纪鼎利,2013-01-08,9.85,10.25,9.75,10.16,9.84,2439534.0,24483142.4,1092403200.0,2194560000.0,43860607.4,-21790421.41,1583307153.58,1648652309.21,65345155.63,11660200.56,1022.8,1027.95,864.19,476.71,560.71,792.43,0.0,150.61,,,,,,Y,信息设备,通信设备,通信配套服务,9.78,9.88,9.87
sz300050,世纪鼎利,2013-01-09,10.1,10.2,9.89,10.15,10.16,2594919.0,26173301.0,1091328000.0,2192400000.0,43860607.4,-21790421.41,1583307153.58,1648652309.21,65345155.63,11660200.56,1177.9,978.01,632.79,550.44,631.96,750.2,161.68,325.68,,,,,,Y,信息设备,通信设备,通信配套服务,10.04,10.14,10.05
sz300050,世纪鼎利,2013-01-10,10.03,10.1,9.82,9.9,10.15,1903852.0,18879835.7,1064448000.0,2138400000.0,43860607.4,-21790421.41,1583307153.58,1648652309.21,65345155.63,11660200.56,961.78,749.21,243.69,632.24,660.35,484.36,0.0,0.0,,,,,,Y,信息设备,通信设备,通信配套服务,10.06,10.0,9.95
sz300050,世纪鼎利,2013-01-11,9.85,10.09,9.6,9.64,9.9,1409499.0,13907723.8,1036492800.0,2082240000.0,43860607.4,-21790421.41,1583307153.58,1648652309.21,65345155.63,11660200.56,384.88,418.38,407.84,484.83,595.74,485.25,0.0,0.0,,,,,,Y,信息设备,通信设备,通信配套服务,9.95,9.88,10.03
sz300050,世纪鼎利,2013-01-14,9.64,10.04,9.64,10.0,9.64,1530657.0,15151603.8,1075200000.0,2160000000.0,43860607.4,-21790421.41,1583307153.58,1648652309.21,65345155.63,11660200.56,443.9,562.19,330.66,279.66,572.7,621.58,157.75,41.58,,,,,,Y,信息设备,通信设备,通信配套服务,9.75,9.73,9.73
sz300050,世纪鼎利,2013-01-15,10.0,10.18,9.97,10.06,10.0,1315051.0,13194830.7,1081651200.0,2172960000.0,43860607.4,-21790421.41,1583307153.58,1648652309.21,65345155.63,11660200.56,462.79,512.97,394.82,455.47,461.87,351.04,0.0,0.0,,,,,,Y,信息设备,通信设备,通信配套服务,10.18,10.04,10.1
sz300050,世纪鼎利,2013-01-16,10.03,10.09,9.82,9.9,10.06,1401040.0,13947367.1,1064448000.0,2138400000.0,43860607.4,-21790421.41,1583307153.58,1648652309.21,65345155.63,11660200.56,606.63,639.22,373.65,371.99,404.95,374.01,0.0,0.0,,,,,,Y,信息设备,通信设备,通信配套服务,10.05,10.06,10.05
sz300050,世纪鼎利,2013-01-17,9.85,9.87,9.65,9.76,9.9,913260.0,8895614.4,1049395200.0,2108160000.0,43860607.4,-21790421.41,1583307153.58,1648652309.21,65345155.63,11660200.56,311.31,428.14,196.34,138.62,381.9,322.79,0.0,0.0,,,,,,Y,信息设备,通信设备,通信配套服务,9.85,9.84,9.81
sz300050,世纪鼎利,2013-01-18,9.76,9.84,9.5,9.7,9.76,1216656.0,11769010.6,1042944000.0,2095200000.0,43860607.4,-21790421.41,1583307153.58,1648652309.21,65345155.63,11660200.56,491.37,585.15,95.01,258.92,589.36,331.67,0.0,0.0,,,,,,Y,信息设备,通信设备,通信配套服务,9.8,9.73,9.76
sz300050,世纪鼎利,2013-01-21,9.67,10.06,9.66,10.01,9.7,1418306.0,14051289.4,1121120000.0,2162160000.0,43860607.4,-21790421.41,1583307153.58,1648652309.21,65345155.63,11660200.56,545.06,488.33,380.69,270.12,472.37,639.66,0.0,0.0,,,,,,Y,信息设备,通信设备,通信配套服务,9.68,9.7,9.83
sz300050,世纪鼎利,2013-01-22,10.05,10.06,9.58,9.73,10.01,1952862.0,19238593.4,1089760000.0,2101680000.0,43860607.4,-21790421.41,1583307153.58,1648652309.21,65345155.63,11660200.56,850.29,879.65,415.96,491.04,638.14,533.71,0.0,0.0,,,,,,Y,信息设备,通信设备,通信配套服务,9.95,9.92,9.9
sz300050,世纪鼎利,2013-01-23,9.7,9.87,9.5,9.77,9.73,796380.0,7693465.7,1094240000.0,2110320000.0,43860607.4,-21790421.41,1583307153.58,1648652309.21,65345155.63,11660200.56,306.67,289.03,148.49,184.45,301.19,282.88,0.0,0.0,,,,,,Y,信息设备,通信设备,通信配套服务,9.63,9.65,9.81
sz300050,世纪鼎利,2013-01-24,9.85,9.85,9.42,9.58,9.77,1412089.0,13560290.1,1072960000.0,2069280000.0,43860607.4,-21790421.41,1583307153.58,1648652309.21,65345155.63,11660200.56,437.41,602.27,326.95,278.68,579.87,463.28,0.0,0.0,,,,,,Y,信息设备,通信设备,通信配套服务,9.71,9.79,9.73
sz300050,世纪鼎利,2013-01-25,9.5,9.66,9.48,9.59,9.58,626286.0,5991467.1,1074080000.0,2071440000.0,43860607.4,-21790421.41,1583307153.58,1648652309.21,65345155.63,11660200.56,296.13,277.35,48.18,19.2,254.83,302.59,0.0,0.0,,,,,,Y,信息设备,通信设备,通信配套服务,9.52,9.55,9.58
sz300050,世纪鼎利,2013-01-28,9.63,9.9,9.6,9.83,9.59,1107761.0,10835474.3,1100960000.0,2123280000.0,43860607.4,-21790421.41,1583307153.58,1648652309.21,65345155.63,11660200.56,439.17,311.4,184.76,162.86,459.59,609.26,0.0,0.0,,,,,,Y,信息设备,通信设备,通信配套服务,9.63,9.63,9.67
sz300050,世纪鼎利,2013-01-29,9.79,10.49,9.7,10.35,9.83,2982883.0,30050064.8,1159200000.0,2235600000.0,43860607.4,-21790421.41,1583307153.58,1648652309.21,65345155.63,11660200.56,1301.47,1192.99,819.26,632.15,880.0,1175.59,0.0,0.0,,,,,,Y,信息设备,通信设备,通信配套服务,9.8,9.8,9.76
sz300050,世纪鼎利,2013-01-30,10.24,10.34,10.01,10.08,10.35,1914011.0,19357587.5,1128960000.0,2177280000.0,43860607.4,-21790421.41,1583307153.58,1648652309.21,65345155.63,11660200.56,717.63,598.81,285.34,288.86,926.34,1041.65,0.0,0.0,,,,,,Y,信息设备,通信设备,通信配套服务,10.32,10.25,10.2
sz300050,世纪鼎利,2013-01-31,10.13,10.13,9.79,9.88,10.08,1300113.0,12849164.6,1106560000.0,2134080000.0,43860607.4,-21790421.41,1583307153.58,1648652309.21,65345155.63,11660200.56,520.88,485.63,259.83,424.69,493.52,363.92,0.0,0.0,,,,,,Y,信息设备,通信设备,通信配套服务,10.05,10.02,9.93
sz300050,世纪鼎利,2013-02-01,9.81,9.98,9.7,9.92,9.88,939196.0,9270871.1,1111040000.0,2142720000.0,43860607.4,-21790421.41,1583307153.58,1648652309.21,65345155.63,11660200.56,296.22,223.64,224.06,283.47,394.36,407.53,0.0,0.0,,,,,,Y,信息设备,通信设备,通信配套服务,9.8,9.94,9.95
sz300050,世纪鼎利,2013-02-04,10.0,10.18,9.7,9.81,9.92,1237161.0,12197942.6,1098720000.0,2118960000.0,43860607.4,-21790421.41,1583307153.58,1648652309.21,65345155.63,11660200.56,447.93,563.85,173.38,254.27,594.07,397.26,0.0,0.0,,,,,,Y,信息设备,通信设备,通信配套服务,10.1,10.04,9.92
sz300050,世纪鼎利,2013-02-05,9.79,9.9,9.62,9.85,9.81,618666.0,6062209.5,1103200000.0,2127600000.0,43860607.4,-21790421.41,1583307153.58,1648652309.21,65345155.63,11660200.56,279.59,259.13,89.42,86.4,234.55,258.03,0.0,0.0,,,,,,Y,信息设备,通信设备,通信配套服务,9.65,9.71,9.7
sz300050,世纪鼎利,2013-02-06,9.79,10.03,9.77,9.85,9.85,828835.0,8158602.5,1103200000.0,2127600000.0,43860607.4,-21790421.41,1583307153.58,1648652309.21,65345155.63,11660200.56,301.76,337.28,97.87,180.43,415.05,296.96,0.0,0.0,,,,,,Y,信息设备,通信设备,通信配套服务,9.79,9.92,9.91
sz300050,世纪鼎利,2013-02-07,9.91,9.91,9.76,9.87,9.85,622959.0,6133892.1,1105440000.0,2131920000.0,43860607.4,-21790421.41,1583307153.58,1648652309.21,65345155.63,11660200.56,188.08,286.15,101.81,67.22,318.67,255.18,0.0,0.0,,,,,,Y,信息设备,通信设备,通信配套服务,9.86,9.86,9.85
sz300050,世纪鼎利,2013-02-08,9.87,10.1,9.83,10.03,9.87,1210713.0,12098665.0,1123360000.0,2166480000.0,43860607.4,-21790421.41,1583307153.58,1648652309.21,65345155.63,11660200.56,447.3,332.93,365.56,457.46,392.08,414.56,0.0,0.0,,,,,,Y,信息设备,通信设备,通信配套服务,9.91,9.91,9.92
sz300050,世纪鼎利,2013-02-18,10.1,10.29,9.94,10.2,10.03,1663509.0,16826842.5,1142400000.0,2203200000.0,43860607.4,-21790421.41,1583307153.58,1648652309.21,65345155.63,11660200.56,729.78,546.93,510.65,513.79,432.66,477.63,0.0,134.72,,,,,,Y,信息设备,通信设备,通信配套服务,10.11,10.09,10.05
sz300050,世纪鼎利,2013-02-19,10.2,10.35,9.9,10.13,10.2,1799976.0,18195721.7,1134560000.0,2188080000.0,43860607.4,-21790421.41,1583307153.58,1648652309.21,65345155.63,11660200.56,650.24,692.69,616.86,586.83,541.83,529.42,0.0,0.0,,,,,,Y,信息设备,通信设备,通信配套服务,10.19,10.3,10.29
sz300050,世纪鼎利,2013-02-20,10.16,10.67,10.07,10.57,10.13,2532554.0,26474509.6,1183840000.0,2283120000.0,43860607.4,-21790421.41,1583307153.58,1648652309.21,65345155.63,11660200.56,953.28,907.74,936.48,637.65,757.68,1102.05,0.0,0.0,,,,,,Y,信息设备,通信设备,通信配套服务,10.16,10.11,10.13
sz300050,世纪鼎利,2013-02-21,10.55,10.75,10.32,10.74,10.57,3120913.0,33106360.2,1202880000.0,2319840000.0,43860607.4,-21790421.41,1583307153.58,1648652309.21,65345155.63,11660200.56,1213.45,1250.97,994.12,1054.09,957.26,998.59,138.82,0.0,,,,,,Y,信息设备,通信设备,通信配套服务,10.54,10.59,10.61
sz300050,世纪鼎利,2013-02-22,10.88,10.99,10.56,10.6,10.74,1996435.0,21411982.2,1187200000.0,2289600000.0,43860607.4,-21790421.41,1583307153.58,1648652309.21,65345155.63,11660200.56,903.25,1082.89,418.42,388.61,809.55,659.73,0.0,0.0,,,,,,Y,信息设备,通信设备,通信配套服务,10.86,10.78,10.84
sz300050,世纪鼎利,2013-02-25,10.6,10.66,10.35,10.64,10.6,1245223.0,13092787.4,1191680000.0,2298240000.0,43860607.4,-21790421.41,1583307153.58,1648652309.21,65345155.63,11660200.56,563.15,516.77,270.4,341.69,473.81,448.91,0.0,0.0,,,,,,Y,信息设备,通信设备,通信配套服务,10.56,10.6,10.54
sz300050,世纪鼎利,2013-02-26,10.59,10.69,10.24,10.45,10.64,1451947.0,15233448.1,1170400000.0,2257200000.0,43860607.4,-21790421.41,1583307153.58,1648652309.21,65345155.63,11660200.56,530.65,722.06,353.75,271.16,637.79,528.98,0.0,0.0,,,,,,Y,信息设备,通信设备,通信配套服务,10.53,10.61,10.69
sz300050,世纪鼎利,2013-02-27,10.35,10.68,10.35,10.63,10.45,1672372.0,17642026.4,1190560000.0,2296080000.0,43860607.4,-21790421.41,1583307153.58,1648652309.21,65345155.63,11660200.56,541.02,535.71,803.17,570.96,419.03,551.05,0.0,105.48,,,,,,Y,信息设备,通信设备,通信配套服务,10.4,10.59,10.57
sz300050,世纪鼎利,2013-02-28,10.63,10.75,10.46,10.65,10.63,1479318.0,15644365.9,1192800000.0,2300400000.0,43860607.4,-21790421.41,1583307153.58,1648652309.21,65345155.63,11660200.56,507.5,559.81,566.52,571.94,481.36,423.62,0.0,0.0,,,,,,Y,信息设备,通信设备,通信配套服务,10.67,10.51,10.48
sz300050,世纪鼎利,2013-03-01,10.69,10.97,10.6,10.9,10.65,1989510.0,21497733.3,1220800000.0,2354400000.0,43860607.4,-21790421.41,1583307153.58,1648652309.21,65345155.63,11660200.56,845.33,781.08,499.83,524.58,770.49,809.99,0.0,0.0,,,,,,Y,信息设备,通信设备,通信配套服务,10.6,10.63,10.65
sz300050,世纪鼎利,2013-03-04,10.85,10.86,10.3,10.49,10.9,2162384.0,22879297.6,1174880000.0,2265840000.0,43860607.4,-21790421.41,1583307153.58,1648652309.21,65345155.63,11660200.56,856.71,764.67,636.89,1006.88,689.61,514.28,102.61,0.0,,,,,,Y,信息设备,通信设备,通信配套服务,10.82,10.78,10.8
sz300050,世纪鼎利,2013-03-05,10.31,10.74,10.31,10.69,10.49,1538106.0,16289255.0,1197280000.0,2309040000.0,43860607.4,-21790421.41,1583307153.58,1648652309.21,65345155.63,11660200.56,486.18,503.9,552.03,511.31,550.32,573.32,0.0,0.0,,,,,,Y,信息设备,通信设备,通信配套服务,10.4,10.35,10.5
sz300050,世纪鼎利,2013-03-06,10.68,11.29,10.61,11.2,10.69,2684556.0,29743634.7,1254400000.0,2419200000.0,43860607.4,-21790421.41,1583307153.58,1648652309.21,65345155.63,11660200.56,1045.36,1103.03,1020.86,734.82,901.98,1130.34,0.0,0.0,,,,,,Y,信息设备,通信设备,通信配套服务,10.64,10.84,10.93
sz300050,世纪鼎利,2013-03-07,11.34,11.44,10.91,11.25,11.2,2561071.0,28807128.6,1260000000.0,2430000000.0,43860607.4,-21790421.41,1583307153.58,1648652309.21,65345155.63,11660200.56,1115.21,1218.11,502.87,576.83,1155.98,1080.25,101.13,0.0,,,,,,Y,信息设备,通信设备,通信配套服务,11.4,11.26,11.36
sz300050,世纪鼎利,2013-03-08,11.18,11.57,11.07,11.19,11.25,1931180.0,21826496.8,1253280000.0,2417040000.0,43860607.4,-21790421.41,1583307153.58,1648652309.21,65345155.63,11660200.56,753.01,855.41,645.66,510.96,783.97,816.27,0.0,0.0,,,,,,Y,信息设备,通信设备,通信配套服务,11.35,11.51,11.48
sz300050,世纪鼎利,2013-03-11,11.18,11.23,10.93,11.06,11.19,829452.0,9152611.2,1238720000.0,2388960000.0,43860607.4,-21790421.41,1583307153.58,1648652309.21,65345155.63,11660200.56,294.94,325.69,167.71,203.09,451.84,385.71,0.0,0.0,,,,,,Y,信息设备,通信设备,通信配套服务,11.15,11.03,10.98
sz300050,世纪鼎利,2013-03-12,11.13,11.27,10.35,10.56,11.06,2963348.0,31710945.4,1182720000.0,2280960000.0,43860607.4,-21790421.41,1583307153.58,1648652309.21,65345155.63,11660200.56,1357.99,1137.86,942.28,1085.91,870.82,696.09,0.0,251.22,,,,,,Y,信息设备,通信设备,通信配套服务,11.15,11.19,11.18
sz300050,世纪鼎利,2013-03-13,10.42,10.54,10.1,10.34,10.56,1114489.0,11465335.7,1158080000.0,2233440000.0,43860607.4,-21790421.41,1583307153.58,1648652309.21,65345155.63,11660200.56,345.84,349.92,397.3,431.38,398.22,360.07,0.0,0.0,,,,,,Y,信息设备,通信设备,通信配套服务,10.33,10.37,10.37
sz300050,世纪鼎利,2013-03-14,10.34,10.5,10.25,10.35,10.34,746812.0,7736156.4,1159200000.0,2235600000.0,43860607.4,-21790421.41,1583307153.58,1648652309.21,65345155.63,11660200.56,305.22,330.07,228.0,204.99,233.36,231.52,0.0,0.0,,,,,,Y,信息设备,通信设备,通信配套服务,10.44,10.43,10.35
sz300050,世纪鼎利,2013-03-15,10.35,10.76,10.3,10.6,10.35,1591590.0,16820522.4,1187200000.0,2289600000.0,43860607.4,-21790421.41,1583307153.58,1648652309.21,65345155.63,11660200.56,654.84,538.39,578.87,479.73,446.22,661.81,0.0,0.0,,,,,,Y,信息设备,通信设备,通信配套服务,10.39,10.4,10.32
sz300050,世纪鼎利,2013-03-18,10.48,10.79,10.47,10.54,10.6,1243820.0,13281788.2,1180480000.0,2276640000.0,43860607.4,-21790421.41,1583307153.58,1648652309.21,65345155.63,11660200.56,600.21,430.95,263.93,296.17,448.64,585.67,0.0,0.0,,,,,,Y,信息设备,通信设备,通信配套服务,10.6,10.5,10.62
sz300050,世纪鼎利,2013-03-19,10.54,10.86,10.4,10.69,10.54,1359798.0,14508336.4,1197280000.0,2309040000.0,43860607.4,-21790421.41,1583307153.58,1648652309.21,65345155.63,11660200.56,569.65,638.55,453.39,398.68,426.4,412.21,0.0,0.0,,,,,,Y,信息设备,通信设备,通信配套服务,10.6,10.57,10.42
sz300050,世纪鼎利,2013-03-20,10.6,10.9,10.59,10.88,10.69,1129480.0,12159273.0,1218560000.0,2350080000.0,43860607.4,-21790421.41,1583307153.58,1648652309.21,65345155.63,11660200.56,577.78,586.63,135.72,175.26,502.42,454.03,0.0,0.0,,,,,,Y,信息设备,通信设备,通信配套服务,10.72,10.68,10.66
sz300050,世纪鼎利,2013-03-21,10.86,11.15,10.73,11.14,10.88,2741726.0,30094335.7,1247680000.0,2406240000.0,43860607.4,-21790421.41,1583307153.58,1648652309.21,65345155.63,11660200.56,1262.94,1129.73,633.26,606.59,1079.71,1231.52,15.81,23.87,,,,,,Y,信息设备,通信设备,通信配套服务,10.8,10.83,10.92
sz300050,世纪鼎利,2013-03-22,11.18,11.18,10.6,10.86,11.14,2205554.0,23902487.3,1216320000.0,2345760000.0,43860607.4,-21790421.41,1583307153.58,1648652309.21,65345155.63,11660200.56,1047.28,651.98,283.63,1209.41,1059.34,528.85,0.0,0.0,,,,,,Y,信息设备,通信设备,通信配套服务,11.06,11.0,10.91
sz300050,世纪鼎利,2013-03-25,10.85,10.85,10.48,10.68,10.86,1664199.0,17624926.9,1196160000.0,2306880000.0,43860607.4,-21790421.41,1583307153.58,1648652309.21,65345155.63,11660200.56,575.4,537.21,595.37,860.73,547.72,320.55,0.0,0.0,,,,,,Y,信息设备,通信设备,通信配套服务,10.75,10.73,10.66
sz300050,世纪鼎利,2013-03-26,10.65,10.77,10.46,10.7,10.68,785465.0,8337793.5,1198400000.0,2311200000.0,43860607.4,-21790421.41,1583307153.58,1648652309.21,65345155.63,11660200.56,271.66,288.33,123.37,138.71,421.74,389.72,0.0,0.0,,,,,,Y,信息设备,通信设备,通信配套服务,10.5,10.55,10.53
sz300050,世纪鼎利,2013-03-27,10.55,10.79,10.55,10.7,10.7,759373.0,8098226.7,1198400000.0,2311200000.0,43860607.4,-21790421.41,1583307153.58,1648652309.21,65345155.63,11660200.56,407.51,332.58,86.16,100.0,316.15,377.24,0.0,0.0,,,,,,Y,信息设备,通信设备,通信配套服务,10.68,10.62,10.67
sz300050,世纪鼎利,2013-03-28,10.42,10.69,10.12,10.3,10.7,2114524.0,21707850.1,1153600000.0,2224800000.0,12727783.42,10795444.5,1576111575.87,1652152505.29,76040929.42,-9650309.88,597.25,425.87,929.68,825.75,643.85,390.78,0.0,528.39,,,,,,Y,信息设备,通信设备,通信配套服务,10.4,10.2,10.2
sz300050,世纪鼎利,2013-03-29,10.21,10.35,10.17,10.32,10.3,788582.0,8093031.8,1155840000.0,2229120000.0,12727783.42,10795444.5,1576111575.87,1652152505.29,76040929.42,-9650309.88,360.29,294.57,208.16,156.2,220.2,337.89,0.0,0.0,,,,,,Y,信息设备,通信设备,通信配套服务,10.22,10.22,10.21
sz300050,世纪鼎利,2013-04-01,10.25,10.32,9.6,9.77,10.32,2756896.0,27255307.7,1094240000.0,2110320000.0,12727783.42,10795444.5,1576111575.87,1652152505.29,76040929.42,-9650309.88,1267.42,819.43,489.16,1078.97,968.88,691.35,0.0,135.71,,,,,,,信息设备,通信设备,通信配套服务,10.25,10.22,10.21
sz300050,世纪鼎利,2013-04-02,9.74,9.91,9.51,9.63,9.77,1717058.0,16691741.2,1078560000.0,2080080000.0,12727783.42,10795444.5,1576111575.87,1652152505.29,76040929.42,-9650309.88,685.35,773.04,501.91,506.41,481.91,389.71,0.0,0.0,,,,,,,信息设备,通信设备,通信配套服务,9.85,9.86,9.88
sz300050,世纪鼎利,2013-04-03,9.59,9.69,9.27,9.5,9.63,1251302.0,11811759.9,1064000000.0,2052000000.0,12727783.42,10795444.5,1576111575.87,1652152505.29,76040929.42,-9650309.88,608.67,595.33,219.06,256.74,353.45,329.1,0.0,0.0,,,,,,,信息设备,通信设备,通信配套服务,9.57,9.63,9.58
sz300050,世纪鼎利,2013-04-08,9.38,9.56,9.16,9.5,9.5,586613.0,5468107.8,1064000000.0,2052000000.0,12727783.42,10795444.5,1576111575.87,1652152505.29,76040929.42,-9650309.88,209.96,150.16,36.42,20.55,300.42,376.08,0.0,0.0,,,,,,,信息设备,通信设备,通信配套服务,9.27,9.2,9.21
sz300050,世纪鼎利,2013-04-09,9.5,9.79,9.41,9.69,9.5,1648158.0,15876870.4,1085280000.0,2093040000.0,12727783.42,10795444.5,1576111575.87,1652152505.29,76040929.42,-9650309.88,563.56,604.15,556.64,386.64,467.47,596.88,0.0,0.0,,,,,,,信息设备,通信设备,通信配套服务,9.47,9.52,9.46
sz300050,世纪鼎利,2013-04-10,9.66,9.74,9.31,9.52,9.69,1487874.0,14225624.0,1066240000.0,2056320000.0,12727783.42,10795444.5,1576111575.87,1652152505.29,76040929.42,-9650309.88,600.69,553.29,203.03,283.39,618.82,585.85,0.0,0.0,,,,,,,信息设备,通信设备,通信配套服务,9.7,9.7,9.72
sz300050,世纪鼎利,2013-04-11,9.53,9.6,9.25,9.34,9.52,984300.0,9289148.0,1046080000.0,2017440000.0,12727783.42,10795444.5,1576111575.87,1652152505.29,76040929.42,-9650309.88,346.94,497.04,122.19,146.85,459.78,285.02,0.0,0.0,,,,,,,信息设备,通信设备,通信配套服务,9.57,9.53,9.51
sz300050,世纪鼎利,2013-04-12,9.38,9.43,9.13,9.18,9.34,712233.0,6602646.2,1028160000.0,1982880000.0,12727783.42,10795444.5,1576111575.87,1652152505.29,76040929.42,-9650309.88,291.41,317.73,73.22,78.08,295.63,264.45,0.0,0.0,,,,,,,信息设备,通信设备,通信配套服务,9.31,9.33,9.35
sz300050,世纪鼎利,2013-04-15,9.12,9.17,8.63,8.75,9.18,1155496.0,10236699.0,980000000.0,1890000000.0,12727783.42,10795444.5,1576111575.87,1652152505.29,76040929.42,-9650309.88,466.37,403.22,28.01,221.04,529.23,399.36,0.0,0.0,,,,,,,信息设备,通信设备,通信配套服务,9.17,8.92,8.96
sz300050,世纪鼎利,2013-04-16,8.65,8.79,8.48,8.76,8.75,1455079.0,12588352.8,981120000.0,1892160000.0,12727783.42,10795444.5,1576111575.87,1652152505.29,76040929.42,-9650309.88,524.47,486.97,34.81,165.37,699.52,606.46,0.0,0.0,,,,,,,信息设备,通信设备,通信配套服务,8.65,8.61,8.63
sz300050,世纪鼎利,2013-04-17,8.78,8.78,8.6,8.78,8.76,789840.0,6871292.7,983360000.0,1896480000.0,12727783.42,10795444.5,1576111575.87,1652152505.29,76040929.42,-9650309.88,251.99,185.49,22.41,53.98,412.73,447.65,0.0,0.0,,,,,,,信息设备,通信设备,通信配套服务,8.69,8.72,8.71
sz300050,世纪鼎利,2013-04-18,8.75,8.87,8.7,8.84,8.78,784049.0,6887215.9,990080000.0,1909440000.0,12727783.42,10795444.5,1576111575.87,1652152505.29,76040929.42,-9650309.88,198.09,243.2,97.09,89.6,393.53,355.91,0.0,0.0,,,,,,,信息设备,通信设备,通信配套服务,8.73,8.72,8.7
sz300050,世纪鼎利,2013-04-19,8.84,9.02,8.84,9.0,8.84,1183722.0,10605874.2,1008000000.0,1944000000.0,12727783.42,10795444.5,1576111575.87,1652152505.29,76040929.42,-9650309.88,424.68,509.41,218.89,146.94,417.01,404.24,0.0,0.0,,,,,,,信息设备,通信设备,通信配套服务,8.85,8.87,8.91
sz300050,世纪鼎利,2013-04-22,9.03,9.16,8.94,9.12,9.0,1095419.0,9952553.3,1021440000.0,1969920000.0,12727783.42,10795444.5,1576111575.87,1652152505.29,76040929.42,-9650309.88,368.9,376.31,229.13,122.81,397.22,388.02,0.0,108.11,,,,,,,信息设备,通信设备,通信配套服务,8.97,9.0,8.99
sz300050,世纪鼎利,2013-04-23,9.12,9.12,8.85,8.89,9.12,1551476.0,13852628.5,995680000.0,1920240000.0,12727783.42,10795444.5,1576111575.87,1652152505.29,76040929.42,-9650309.88,355.47,416.73,282.66,177.61,391.55,331.36,355.58,459.56,,,,,,,信息设备,通信设备,通信配套服务,9.03,9.08,9.0
sz300050,世纪鼎利,2013-04-24,8.9,9.36,8.8,9.23,8.89,2216638.0,20331043.0,1033760000.0,1993680000.0,12727783.42,10795444.5,1576111575.87,1652152505.29,76040929.42,-9650309.88,751.45,894.08,728.78,465.48,552.87,673.53,0.0,0.0,,,,,,,信息设备,通信设备,通信配套服务,8.94,8.86,8.82
sz300050,世纪鼎利,2013-04-25,9.11,9.49,9.0,9.22,9.23,1970279.0,18299048.2,1032640000.0,1991520000.0,6728781.399999999,53322580.16,1571876879.86,1626293743.07,54416863.21,1375490.03,864.79,814.64,290.88,255.77,674.22,759.48,0.0,0.0,,,,,,,信息设备,通信设备,通信配套服务,9.06,9.2,9.19
sz300050,世纪鼎利,2013-04-26,9.12,9.23,8.91,9.08,9.22,1090780.0,9889891.8,1016960000.0,1961280000.0,6728781.399999999,53322580.16,1571876879.86,1626293743.07,54416863.21,1375490.03,482.38,503.13,127.97,165.67,376.82,320.18,1.81,0.0,,,,,,,信息设备,通信设备,通信配套服务,9.2,9.12,9.14
sz300050,世纪鼎利,2013-05-02,9.18,9.2,8.97,9.19,9.08,665460.0,6075492.3,1029280000.0,1985040000.0,6728781.399999999,53322580.16,1571876879.86,1626293743.07,54416863.21,1375490.03,197.32,257.75,155.69,125.79,254.54,224.01,0.0,0.0,,,,,,,信息设备,通信设备,通信配套服务,9.08,9.09,9.05
sz300050,世纪鼎利,2013-05-03,9.19,9.41,9.15,9.41,9.19,819244.0,7636715.6,1053920000.0,2032560000.0,6728781.399999999,53322580.16,1571876879.86,1626293743.07,54416863.21,1375490.03,344.04,274.06,61.96,132.29,357.67,357.32,0.0,0.0,,,,,,,信息设备,通信设备,通信配套服务,9.15,9.2,9.25
sz300050,世纪鼎利,2013-05-06,9.43,9.83,9.41,9.78,9.41,1788619.0,17346533.4,1095360000.0,2112480000.0,6728781.399999999,53322580.16,1571876879.86,1626293743.07,54416863.21,1375490.03,729.85,572.67,434.29,492.56,570.52,669.42,0.0,0.0,,,,,,,信息设备,通信设备,通信配套服务,9.55,9.58,9.69
sz300050,世纪鼎利,2013-05-07,9.77,9.88,9.65,9.75,9.78,1265992.0,12343366.1,1092000000.0,2106000000.0,6728781.399999999,53322580.16,1571876879.86,1626293743.07,54416863.21,1375490.03,443.19,564.68,271.96,166.93,519.18,502.72,0.0,0.0,,,,,,,信息设备,通信设备,通信配套服务,9.7,9.77,9.67
sz300050,世纪鼎利,2013-05-08,9.67,9.88,9.66,9.88,9.75,997744.0,9734543.7,1106560000.0,2134080000.0,6728781.399999999,53322580.16,1571876879.86,1626293743.07,54416863.21,1375490.03,258.69,363.34,306.52,224.53,408.24,385.59,0.0,0.0,,,,,,,信息设备,通信设备,通信配套服务,9.8,9.66,9.7
sz300050,世纪鼎利,2013-05-09,9.8,10.2,9.75,10.03,9.88,1738714.0,17390620.2,1123360000.0,2166480000.0,6728781.399999999,53322580.16,1571876879.86,1626293743.07,54416863.21,1375490.03,532.85,583.46,541.55,457.39,664.66,698.21,0.0,0.0,,,,,,,信息设备,通信设备,通信配套服务,9.8,9.85,9.88
sz300050,世纪鼎利,2013-05-10,9.95,10.2,9.78,9.99,10.03,1253845.0,12475336.5,1118880000.0,2157840000.0,6728781.399999999,53322580.16,1571876879.86,1626293743.07,54416863.21,1375490.03,494.01,497.71,197.0,175.18,556.52,445.73,0.0,128.91,,,,,,,信息设备,通信设备,通信配套服务,10.12,10.11,10.13
sz300050,世纪鼎利,2013-05-13,9.99,10.53,9.91,10.4,9.98,2590097.0,26752831.3,1164800000.0,2246400000.0,6728781.399999999,53322580.16,1571876879.86,1626293743.07,54416863.21,1375490.03,771.53,1083.09,667.38,508.83,1050.47,1083.36,185.89,0.0,,,,,,,信息设备,通信设备,通信配套服务,9.99,10.01,10.15
sz300050,世纪鼎利,2013-05-14,10.27,10.41,9.99,10.13,10.4,1961807.0,19904055.7,1134560000.0,2188080000.0,6728781.399999999,53322580.16,1571876879.86,1626293743.07,54416863.21,1375490.03,845.81,740.88,389.48,578.75,755.11,564.89,0.0,105.88,,,,,,,信息设备,通信设备,通信配套服务,10.36,10.27,10.25
sz300050,世纪鼎利,2013-05-15,10.1,10.3,9.95,10.25,10.13,1782190.0,18025767.1,1148000000.0,2214000000.0,6728781.399999999,53322580.16,1571876879.86,1626293743.07,54416863.21,1375490.03,662.17,748.29,459.48,454.55,680.91,599.74,0.0,0.0,,,,,,,信息设备,通信设备,通信配套服务,10.05,9.96,10.05
sz300050,世纪鼎利,2013-05-16,10.2,10.26,9.84,9.89,10.25,3906237.0,39134871.0,1107680000.0,2136240000.0,6728781.399999999,53322580.16,1571876879.86,1626293743.07,54416863.21,1375490.03,1759.94,1796.02,614.38,1217.6,1511.06,858.93,28.09,40.92,,,,,,,信息设备,通信设备,通信配套服务,10.09,10.15,10.18
sz300050,世纪鼎利,2013-05-17,9.91,10.18,9.81,10.1,9.89,2455116.0,24522771.6,1131200000.0,2181600000.0,6728781.399999999,53322580.16,1571876879.86,1626293743.07,54416863.21,1375490.03,1127.04,1128.18,476.48,546.3,698.35,777.79,150.4,0.0,,,,,,,信息设备,通信设备,通信配套服务,9.84,9.9,9.87
sz300050,世纪鼎利,2013-05-20,10.1,10.77,10.04,10.75,10.1,5339312.0,56059861.7,1204000000.0,2322000000.0,6728781.399999999,53322580.16,1571876879.86,1626293743.07,54416863.21,1375490.03,2497.77,2408.86,1459.82,1315.63,1329.38,1794.97,319.0,86.51,,,,,,,信息设备,通信设备,通信配套服务,10.11,10.14,10.29
sz300050,世纪鼎利,2013-05-21,11.2,11.83,11.01,11.83,10.75,11054814.0,127330291.2,1324960000.0,2555280000.0,6728781.399999999,53322580.16,1571876879.86,1626293743.07,54416863.21,1375490.03,4634.04,4826.05,2648.31,3074.18,3940.72,3906.78,1509.92,925.99,,,,,,,信息设备,通信设备,通信配套服务,11.3,11.22,11.78
sz300050,世纪鼎利,2013-05-22,11.5,11.69,10.95,11.19,11.83,8029152.0,90740069.1,1253280000.0,2417040000.0,6728781.399999999,53322580.16,1571876879.86,1626293743.07,54416863.21,1375490.03,3448.58,3022.68,1086.6,2409.96,4431.43,3045.55,105.8,594.22,,,,,,,信息设备,通信设备,通信配套服务,11.43,11.45,11.33
sz300050,世纪鼎利,2013-05-23,11.02,11.55,11.01,11.1,11.19,5031379.0,57130763.4,1243200000.0,2397600000.0,6728781.399999999,53322580.16,1571876879.86,1626293743.07,54416863.21,1375490.03,2324.92,2279.67,708.49,621.53,2577.49,2811.86,102.16,0.0,,,,,,,信息设备,通信设备,通信配套服务,11.14,11.22,11.36
sz300050,世纪鼎利,2013-05-24,11.16,11.51,11.1,11.4,11.1,3565934.0,40455560.1,1276800000.0,2462400000.0,6728781.399999999,53322580.16,1571876879.86,1626293743.07,54416863.21,1375490.03,1568.14,1524.05,864.96,781.57,1608.39,1739.93,4.06,0.0,,,,,,,信息设备,通信设备,通信配套服务,11.13,11.19,11.26
sz300050,世纪鼎利,2013-05-27,11.42,11.56,11.11,11.43,11.4,3687362.0,41507146.1,1280160000.0,2468880000.0,6728781.399999999,53322580.16,1571876879.86,1626293743.07,54416863.21,1375490.03,1529.31,1529.38,412.95,486.21,2208.45,2135.12,0.0,0.0,,,,,,,信息设备,通信设备,通信配套服务,11.34,11.23,11.21
sz300050,世纪鼎利,2013-05-28,11.36,11.49,10.9,11.1,11.43,3698624.0,41030836.0,1243200000.0,2397600000.0,6728781.399999999,53322580.16,1571876879.86,1626293743.07,54416863.21,1375490.03,1553.66,1680.34,707.44,944.8,1841.98,1477.93,0.0,0.0,,,,,,,信息设备,通信设备,通信配套服务,11.48,11.4,11.2
sz300050,世纪鼎利,2013-05-29,11.09,11.39,10.91,11.37,11.1,3113087.0,34672488.7,1273440000.0,2455920000.0,6728781.399999999,53322580.16,1571876879.86,1626293743.07,54416863.21,1375490.03,1198.01,1350.82,850.56,649.55,1197.52,1351.7,221.15,115.17,,,,,,,信息设备,通信设备,通信配套服务,11.0,10.99,10.93
sz300050,世纪鼎利,2013-05-30,11.47,11.49,11.19,11.3,11.37,2266217.0,25613838.3,1265600000.0,2440800000.0,6728781.399999999,53322580.16,1571876879.86,1626293743.07,54416863.21,1375490.03,1200.11,1165.68,400.57,430.88,960.7,964.83,0.0,0.0,,,,,,,信息设备,通信设备,通信配套服务,11.36,11.31,11.31
sz300050,世纪鼎利,2013-05-31,11.33,11.45,11.09,11.25,11.3,2275881.0,25475027.3,1260000000.0,2430000000.0,6728781.399999999,53322580.16,1571876879.86,1626293743.07,54416863.21,1375490.03,1242.19,1196.31,288.16,329.1,1017.13,865.12,0.0,156.95,,,,,,,信息设备,通信设备,通信配套服务,11.41,11.21,11.15
sz300050,世纪鼎利,2013-06-03,11.11,11.22,10.82,10.9,11.25,1832570.0,20122867.8,1220800000.0,2354400000.0,6728781.399999999,53322580.16,1571876879.86,1626293743.07,54416863.21,1375490.03,734.4,756.76,304.67,508.44,973.21,747.08,0.0,0.0,,,,,,,信息设备,通信设备,通信配套服务,11.14,11.16,11.13
sz300050,世纪鼎利,2013-06-04,10.8,11.04,10.26,10.4,10.9,2762879.0,29015456.4,1164800000.0,2246400000.0,6728781.399999999,53322580.16,1571876879.86,1626293743.07,54416863.21,1375490.03,1240.78,1247.76,262.7,744.19,1398.05,909.59,0.0,0.0,,,,,,,信息设备,通信设备,通信配套服务,10.92,10.83,10.62
sz300050,世纪鼎利,2013-06-05,10.4,10.5,10.26,10.46,10.4,1578101.0,16413767.9,1171520000.0,2259360000.0,6728781.399999999,53322580.16,1571876879.86,1626293743.07,54416863.21,1375490.03,683.28,577.65,262.4,368.3,591.88,503.84,103.81,191.58,,,,,,,信息设备,通信设备,通信配套服务,10.36,10.39,10.43
sz300050,世纪鼎利,2013-06-06,10.41,10.48,10.16,10.17,10.46,1276296.0,13075549.9,1139040000.0,2196720000.0,6728781.399999999,53322580.16,1571876879.86,1626293743.07,54416863.21,1375490.03,562.92,559.71,214.38,299.25,530.25,448.59,0.0,0.0,,,,,,,信息设备,通信设备,通信配套服务,10.42,10.22,10.31
sz300050,世纪鼎利,2013-06-07,10.18,10.43,9.7,10.3,10.17,2904379.0,29297156.3,1153600000.0,2224800000.0,6728781.399999999,53322580.16,1571876879.86,1626293743.07,54416863.21,1375490.03,799.91,1038.94,1003.36,857.86,926.79,788.46,199.65,244.44,,,,,,,信息设备,通信设备,通信配套服务,10.24,10.15,10.2
sz300050,世纪鼎利,2013-06-13,10.18,10.18,9.6,10.18,10.3,1714185.0,17079065.2,1140160000.0,2198880000.0,6728781.399999999,53322580.16,1571876879.86,1626293743.07,54416863.21,1375490.03,783.24,770.85,226.85,351.54,697.81,585.52,0.0,0.0,,,,,,,信息设备,通信设备,通信配套服务,10.06,10.02,9.76
sz300050,世纪鼎利,2013-06-14,10.19,10.49,10.07,10.45,10.18,2999536.0,30970713.7,1170400000.0,2257200000.0,6728781.399999999,53322580.16,1571876879.86,1626293743.07,54416863.21,1375490.03,1482.59,1129.96,515.85,1155.63,995.96,715.24,102.67,96.24,,,,,,,信息设备,通信设备,通信配套服务,10.18,10.18,10.22
sz300050,世纪鼎利,2013-06-17,10.45,10.55,10.2,10.24,10.45,2527677.0,26170914.0,1146880000.0,2211840000.0,6728781.399999999,53322580.16,1571876879.86,1626293743.07,54416863.21,1375490.03,1230.79,1093.59,409.69,555.69,976.61,875.64,0.0,92.16,,,,,,,信息设备,通信设备,通信配套服务,10.4,10.27,10.34
sz300050,世纪鼎利,2013-06-18,10.26,10.38,9.93,10.15,10.24,1910022.0,19364370.9,1136800000.0,2192400000.0,6728781.399999999,53322580.16,1571876879.86,1626293743.07,54416863.21,1375490.03,883.09,848.17,253.52,459.81,799.83,628.45,0.0,0.0,,,,,,,信息设备,通信设备,通信配套服务,10.38,10.32,10.27
sz300050,世纪鼎利,2013-06-19,10.19,10.39,10.0,10.35,10.15,1829045.0,18683063.4,1159200000.0,2235600000.0,6728781.399999999,53322580.16,1571876879.86,1626293743.07,54416863.21,1375490.03,836.07,749.34,215.53,247.64,714.41,717.78,102.3,153.53,,,,,,,信息设备,通信设备,通信配套服务,10.05,10.07,10.07
sz300050,世纪鼎利,2013-06-20,10.26,10.49,9.92,10.03,10.35,2524011.0,25805451.0,1123360000.0,2166480000.0,6728781.399999999,53322580.16,1571876879.86,1626293743.07,54416863.21,1375490.03,1167.6,1141.36,478.67,488.63,934.27,781.84,0.0,168.71,,,,,,,信息设备,通信设备,通信配套服务,10.24,10.3,10.43
sz300050,世纪鼎利,2013-06-21,9.9,9.97,9.52,9.86,10.03,1725898.0,16794417.3,1104320000.0,2129760000.0,6728781.399999999,53322580.16,1571876879.86,1626293743.07,54416863.21,1375490.03,677.34,724.68,365.14,351.26,636.96,603.5,0.0,0.0,,,,,,,信息设备,通信设备,通信配套服务,9.61,9.54,9.55
sz300050,世纪鼎利,2013-06-24,9.9,10.22,9.23,9.5,9.86,3314090.0,32453611.3,1064000000.0,2052000000.0,6728781.399999999,53322580.16,1571876879.86,1626293743.07,54416863.21,1375490.03,1143.24,1212.68,1023.24,1038.25,1078.88,993.31,0.0,1.13,,,,,,,信息设备,通信设备,通信配套服务,9.78,10.05,10.02
sz300050,世纪鼎利,2013-06-25,9.32,9.68,8.58,9.59,9.5,2606075.0,24012943.2,1074080000.0,2071440000.0,6728781.399999999,53322580.16,1571876879.86,1626293743.07,54416863.21,1375490.03,1056.53,968.66,399.34,543.88,945.43,888.74,0.0,0.0,,,,,,,信息设备,通信设备,通信配套服务,9.3,9.49,9.56
sz300050,世纪鼎利,2013-06-26,9.43,9.94,9.41,9.94,9.59,2188311.0,21359568.1,1113280000.0,2147040000.0,6728781.399999999,53322580.16,1571876879.86,1626293743.07,54416863.21,1375490.03,1108.69,902.45,174.15,241.45,853.11,992.05,0.0,0.0,,,,,,,信息设备,通信设备,通信配套服务,9.45,9.59,9.68
sz300050,世纪鼎利,2013-06-27,9.9,10.2,9.62,9.65,9.94,1982459.0,19690301.5,1080800000.0,2084400000.0,6728781.399999999,53322580.16,1571876879.86,1626293743.07,54416863.21,1375490.03,817.93,858.73,369.66,309.18,781.43,801.11,0.0,0.0,,,,,,,信息设备,通信设备,通信配套服务,9.9,9.81,9.89
sz300050,世纪鼎利,2013-06-28,9.55,9.75,9.4,9.47,9.65,1230402.0,11710989.5,1060640000.0,2045520000.0,6728781.399999999,53322580.16,1571876879.86,1626293743.07,54416863.21,1375490.03,523.03,506.74,127.54,160.71,520.52,503.65,0.0,0.0,,,,,,,信息设备,通信设备,通信配套服务,9.45,9.55,9.55
sz300050,世纪鼎利,2013-07-01,9.49,9.7,9.4,9.69,9.47,1031744.0,9851166.1,1085280000.0,2093040000.0,6728781.399999999,53322580.16,1571876879.86,1626293743.07,54416863.21,1375490.03,419.99,413.81,141.97,171.11,423.16,400.19,0.0,0.0,,,,,,,信息设备,通信设备,通信配套服务,9.47,9.55,9.55
sz300050,世纪鼎利,2013-07-02,9.7,10.06,9.69,9.98,9.69,2054049.0,20347770.2,1117760000.0,2155680000.0,6728781.399999999,53322580.16,1571876879.86,1626293743.07,54416863.21,1375490.03,530.7,839.28,791.76,449.77,712.32,745.73,0.0,0.0,,,,,,,信息设备,通信设备,通信配套服务,9.71,9.8,9.72
sz300050,世纪鼎利,2013-07-03,9.96,10.25,9.68,10.15,9.98,2455225.0,24490189.8,1136800000.0,2192400000.0,6728781.399999999,53322580.16,1571876879.86,1626293743.07,54416863.21,1375490.03,995.73,1001.9,315.38,516.73,935.0,930.38,202.9,0.0,,,,,,,信息设备,通信设备,通信配套服务,9.95,9.86,9.93
sz300050,世纪鼎利,2013-07-04,10.15,10.29,10.05,10.09,10.15,1877468.0,19045395.6,1130080000.0,2179440000.0,6728781.399999999,53322580.16,1571876879.86,1626293743.07,54416863.21,1375490.03,910.22,761.52,158.21,380.16,836.1,762.85,0.0,0.0,,,,,,,信息设备,通信设备,通信配套服务,10.18,10.24,10.14
sz300050,世纪鼎利,2013-07-05,10.1,10.29,9.9,10.04,10.09,1887638.0,19070982.3,1124480000.0,2168640000.0,6728781.399999999,53322580.16,1571876879.86,1626293743.07,54416863.21,1375490.03,763.4,683.11,160.85,376.55,861.64,745.04,121.2,102.39,,,,,,,信息设备,通信设备,通信配套服务,10.1,10.01,10.0
sz300050,世纪鼎利,2013-07-08,9.88,9.88,9.27,9.27,10.04,1780580.0,16925967.8,1038240000.0,2002320000.0,6728781.399999999,53322580.16,1571876879.86,1626293743.07,54416863.21,1375490.03,636.0,658.98,261.56,335.61,795.03,697.99,0.0,0.0,,,,,,,信息设备,通信设备,通信配套服务,9.88,9.54,9.46
sz300050,世纪鼎利,2013-07-09,9.24,9.41,9.11,9.29,9.27,694899.0,6431297.5,1040480000.0,2006640000.0,6728781.399999999,53322580.16,1571876879.86,1626293743.07,54416863.21,1375490.03,262.52,321.52,33.61,33.54,347.0,288.06,0.0,0.0,,,,,,,信息设备,通信设备,通信配套服务,9.29,9.29,9.33
sz300050,世纪鼎利,2013-07-10,9.34,9.46,9.26,9.45,9.29,809259.0,7585070.8,1058400000.0,2041200000.0,6728781.399999999,53322580.16,1571876879.86,1626293743.07,54416863.21,1375490.03,252.08,306.53,47.23,66.85,459.19,385.13,0.0,0.0,,,,,,,信息设备,通信设备,通信配套服务,9.36,9.37,9.38
sz300050,世纪鼎利,2013-07-11,9.46,9.56,9.32,9.51,9.45,4530307.0,42840095.2,1065120000.0,2054160000.0,6728781.399999999,53322580.16,1571876879.86,1626293743.07,54416863.21,1375490.03,2131.5,2598.04,832.82,880.69,1319.68,805.27,0.0,0.0,,,,,,,信息设备,通信设备,通信配套服务,9.38,9.42,9.42
sz300050,世纪鼎利,2013-07-12,9.49,9.77,9.41,9.45,9.51,2497556.0,24006243.7,1058400000.0,2041200000.0,6728781.399999999,53322580.16,1571876879.86,1626293743.07,54416863.21,1375490.03,1136.8,984.64,262.82,325.57,998.51,1087.92,0.0,0.0,,,,,,,信息设备,通信设备,通信配套服务,9.46,9.52,9.6
sz300050,世纪鼎利,2013-07-15,9.1,9.65,9.1,9.64,9.45,3591888.0,34014497.0,1079680000.0,2082240000.0,6728781.399999999,53322580.16,1571876879.86,1626293743.07,54416863.21,1375490.03,1426.76,1350.72,826.11,872.42,1100.99,1124.74,126.52,132.51,,,,,,,信息设备,通信设备,通信配套服务,9.26,9.32,9.31
sz300050,世纪鼎利,2013-07-16,9.6,9.94,9.57,9.89,9.64,2674796.0,26064929.8,1107680000.0,2136240000.0,6728781.399999999,53322580.16,1571876879.86,1626293743.07,54416863.21,1375490.03,1134.54,1186.74,332.18,386.17,1159.96,1053.77,0.0,0.0,,,,,,,信息设备,通信设备,通信配套服务,9.64,9.9,9.81
sz300050,世纪鼎利,2013-07-17,9.71,10.88,9.71,10.4,9.89,7610458.0,79811120.6,1164800000.0,2246400000.0,6728781.399999999,53322580.16,1571876879.86,1626293743.07,54416863.21,1375490.03,2976.2,3046.02,1713.89,1579.08,2893.86,3004.86,397.13,351.12,,,,,,,信息设备,通信设备,通信配套服务,9.77,9.83,9.92
sz300050,世纪鼎利,2013-07-18,10.28,10.85,10.2,10.7,10.4,5852772.0,61909741.4,1198400000.0,2311200000.0,6728781.399999999,53322580.16,1571876879.86,1626293743.07,54416863.21,1375490.03,2607.92,2482.08,1123.76,1323.61,2343.81,2278.96,115.46,106.3,,,,,,,信息设备,通信设备,通信配套服务,10.38,10.53,10.49
sz300050,世纪鼎利,2013-07-19,10.56,10.88,10.3,10.35,10.7,4199602.0,44320987.2,1159200000.0,2235600000.0,6728781.399999999,53322580.16,1571876879.86,1626293743.07,54416863.21,1375490.03,1946.13,2071.89,620.31,657.52,1865.64,1702.67,0.0,0.0,,,,,,,信息设备,通信设备,通信配套服务,10.53,10.57,10.57
sz300050,世纪鼎利,2013-07-22,10.21,11.26,10.21,11.15,10.35,5952735.0,65263352.8,2408400000.0,2408400000.0,6728781.399999999,53322580.16,1571876879.86,1626293743.07,54416863.21,1375490.03,2742.43,2710.69,1410.46,1138.47,2209.85,2677.17,163.59,0.0,,,,,,,信息设备,通信设备,通信配套服务,10.5,10.65,10.59
sz300050,世纪鼎利,2013-07-23,11.1,11.73,10.93,11.65,11.15,8065339.0,91908026.5,2516400000.0,2516400000.0,6728781.399999999,53322580.16,1571876879.86,1626293743.07,54416863.21,1375490.03,3455.21,3578.61,2686.89,2388.43,2686.61,3109.51,362.07,114.24,,,,,,,信息设备,通信设备,通信配套服务,11.24,11.15,11.3
sz300050,世纪鼎利,2013-07-24,11.5,11.65,11.31,11.55,11.65,5441006.0,62446885.3,2494800000.0,2494800000.0,6728781.399999999,53322580.16,1571876879.86,1626293743.07,54416863.21,1375490.03,2728.16,2872.91,1266.81,1462.63,2249.71,1909.14,0.0,0.0,,,,,,,信息设备,通信设备,通信配套服务,11.5,11.39,11.39
sz300050,世纪鼎利,2013-07-25,11.56,11.65,10.68,10.73,11.55,4638656.0,51446338.1,2317680000.0,2317680000.0,6728781.399999999,53322580.16,1571876879.86,1626293743.07,54416863.21,1375490.03,2094.63,1920.59,1086.21,1411.73,1951.7,1551.17,12.08,261.13,,,,,,,信息设备,通信设备,通信配套服务,11.5,11.39,11.29
sz300050,世纪鼎利,2013-07-26,10.68,10.98,10.48,10.87,10.73,3775532.0,40774617.3,2347920000.0,2347920000.0,6728781.399999999,53322580.16,1571876879.86,1626293743.07,54416863.21,1375490.03,1837.54,1684.52,647.06,991.27,1592.85,1388.07,0.0,13.6,,,,,,,信息设备,通信设备,通信配套服务,10.88,10.96,10.92
sz300050,世纪鼎利,2013-07-29,10.79,11.15,10.52,10.7,10.87,2692421.0,29202013.3,2311200000.0,2311200000.0,6728781.399999999,53322580.16,1571876879.86,1626293743.07,54416863.21,1375490.03,1153.98,1134.46,534.19,577.92,1114.6,1090.39,0.0,0.0,,,,,,,信息设备,通信设备,通信配套服务,10.65,10.6,10.82
sz300050,世纪鼎利,2013-07-30,10.78,10.81,10.01,10.5,10.7,2406797.0,24930756.5,2268000000.0,2268000000.0,6728781.399999999,53322580.16,1571876879.86,1626293743.07,54416863.21,1375490.03,1055.37,1013.71,197.89,511.9,1239.81,967.46,0.0,0.0,,,,,,,信息设备,通信设备,通信配套服务,10.65,10.66,10.51
sz300050,世纪鼎利,2013-07-31,10.5,11.18,10.4,10.75,10.5,3923337.0,42474463.5,2322000000.0,2322000000.0,6728781.399999999,53322580.16,1571876879.86,1626293743.07,54416863.21,1375490.03,1791.26,1820.88,836.56,732.31,1510.75,1694.24,108.86,0.0,,,,,,,信息设备,通信设备,通信配套服务,10.49,10.41,10.43
sz300050,世纪鼎利,2013-08-01,10.6,11.83,10.6,11.83,10.75,9210562.0,105803255.1,2555280000.0,2555280000.0,6728781.399999999,53322580.16,1571876879.86,1626293743.07,54416863.21,1375490.03,3326.03,4182.38,2343.9,2595.86,2696.24,3559.67,2214.13,242.4,,,,,,,信息设备,通信设备,通信配套服务,10.64,10.84,10.87
sz300050,世纪鼎利,2013-08-02,12.1,12.76,11.96,12.11,11.83,13801958.0,169146149.1,2615760000.0,2615760000.0,6728781.399999999,53322580.16,1571876879.86,1626293743.07,54416863.21,1375490.03,6629.06,5966.73,3547.0,5035.19,6374.71,5302.46,363.8,610.19,,,,,,,信息设备,通信设备,通信配套服务,12.16,12.01,12.03
sz300050,世纪鼎利,2013-08-05,12.5,13.32,12.23,12.5,12.11,11388408.0,143940406.7,2700000000.0,2700000000.0,6728781.399999999,53322580.16,1571876879.86,1626293743.07,54416863.21,1375490.03,5826.5,5654.87,2374.57,3007.64,5916.22,5365.78,276.71,365.72,,,,,,,信息设备,通信设备,通信配套服务,12.7,12.79,12.84
sz300050,世纪鼎利,2013-08-06,12.28,13.2,12.28,12.78,12.5,10097355.0,128650252.1,2760480000.0,2760480000.0,6728781.399999999,53322580.16,1571876879.86,1626293743.07,54416863.21,1375490.03,4964.75,5463.95,2501.53,2363.4,5000.11,4971.49,398.61,66.15,,,,,,,信息设备,通信设备,通信配套服务,12.34,12.54,12.59
sz300050,世纪鼎利,2013-08-07,12.61,12.74,12.0,12.21,12.78,6723807.0,83056670.5,2637360000.0,2637360000.0,6728781.399999999,53322580.16,1571876879.86,1626293743.07,54416863.21,1375490.03,3264.99,3051.18,1360.98,2357.67,3679.69,2893.7,0.0,3.1,,,,,,,信息设备,通信设备,通信配套服务,12.65,12.5,12.35
sz300050,世纪鼎利,2013-08-08,12.09,13.43,12.09,13.13,12.21,14775345.0,192709515.7,2836080000.0,2836080000.0,6728781.399999999,53322580.16,1571876879.86,1626293743.07,54416863.21,1375490.03,5729.84,6853.93,4351.29,4644.01,5210.77,6658.35,3979.01,1114.63,,,,,,,信息设备,通信设备,通信配套服务,12.18,12.38,
sz300050,世纪鼎利,2013-08-09,12.91,13.3,12.28,12.75,13.13,10915874.0,138899680.6,2754000000.0,2754000000.0,6728781.399999999,53322580.16,1571876879.86,1626293743.07,54416863.21,1375490.03,5851.42,5546.63,2637.77,3993.01,5208.56,4083.1,192.19,267.2,,,,,,,信息设备,通信设备,通信配套服务,12.8,12.75,12.89
sz300050,世纪鼎利,2013-08-12,12.78,12.97,12.14,12.5,12.75,8019156.0,99841048.5,2700000000.0,2700000000.0,6728781.399999999,53322580.16,1571876879.86,1626293743.07,54416863.21,1375490.03,3997.67,3704.42,2109.64,3154.42,3572.93,2818.21,303.84,307.04,,,,,,,信息设备,通信设备,通信配套服务,12.85,12.55,12.72
sz300050,世纪鼎利,2013-08-13,12.58,12.9,12.34,12.73,12.5,5942853.0,75281385.8,2749680000.0,2749680000.0,6728781.399999999,53322580.16,1571876879.86,1626293743.07,54416863.21,1375490.03,3044.46,3223.53,1549.61,856.25,2934.05,3194.88,0.0,253.46,,,,,,,信息设备,通信设备,通信配套服务,12.49,12.34,12.41
sz300050,世纪鼎利,2013-08-14,12.73,12.77,12.18,12.43,12.73,6637265.0,82506185.3,2684880000.0,2684880000.0,6728781.399999999,53322580.16,1571876879.86,1626293743.07,54416863.21,1375490.03,3012.19,2855.51,1899.85,1957.0,3212.55,2572.4,126.0,865.69,,,,,,,信息设备,通信设备,通信配套服务,12.73,12.54,12.56
sz300050,世纪鼎利,2013-08-15,12.6,13.1,12.27,12.34,12.43,6076683.0,76711118.4,2665440000.0,2665440000.0,6728781.399999999,53322580.16,1571876879.86,1626293743.07,54416863.21,1375490.03,3070.95,3059.44,1432.7,1458.23,3118.7,2966.14,5.89,144.44,,,,,,,信息设备,通信设备,通信配套服务,13.0,12.6,12.68
sz300050,世纪鼎利,2013-08-16,12.37,12.52,11.84,11.87,12.34,5227408.0,63307318.4,2563920000.0,2563920000.0,6728781.399999999,53322580.16,1571876879.86,1626293743.07,54416863.21,1375490.03,2650.12,2334.09,794.44,1218.67,2886.16,2230.5,0.0,547.45,,,,,,,信息设备,通信设备,通信配套服务,12.25,12.17,12.04
sz300050,世纪鼎利,2013-08-19,11.81,12.85,11.8,12.6,11.87,7124413.0,87998930.7,2721600000.0,2721600000.0,6728781.399999999,53322580.16,1571876879.86,1626293743.07,54416863.21,1375490.03,3201.3,3386.95,2376.87,1746.66,2879.18,3451.59,127.85,0.0,,,,,,,信息设备,通信设备,通信配套服务,11.93,11.94,11.98
sz300050,世纪鼎利,2013-08-20,12.51,12.76,12.36,12.55,12.6,6119380.0,76958962.4,2710800000.0,2710800000.0,6728781.399999999,53322580.16,1571876879.86,1626293743.07,54416863.21,1375490.03,3422.9,3294.67,1340.65,1704.11,2875.42,2465.1,0.0,175.08,,,,,,,信息设备,通信设备,通信配套服务,12.61,12.64,12.63
sz300050,世纪鼎利,2013-08-21,12.59,13.2,12.5,12.84,12.55,7671173.0,99128866.4,2773440000.0,2773440000.0,6728781.399999999,53322580.16,1571876879.86,1626293743.07,54416863.21,1375490.03,4216.77,4009.49,1763.38,1924.31,3932.72,3722.36,0.0,256.7,,,,,,,信息设备,通信设备,通信配套服务,12.56,12.89,12.9
sz300050,世纪鼎利,2013-08-22,12.9,14.12,12.73,14.12,12.84,8511814.0,117687533.8,3049920000.0,3049920000.0,6728781.399999999,53322580.16,1571876879.86,1626293743.07,54416863.21,1375490.03,2409.88,4361.62,2173.94,3172.74,1963.3,3200.41,5221.62,1033.97,,,,,,,信息设备,通信设备,通信配套服务,12.92,13.14,13.09
sz300050,世纪鼎利,2013-08-23,14.12,14.12,12.9,13.43,14.12,14723744.0,199767810.0,2900880000.0,2900880000.0,6728781.399999999,53322580.16,1571876879.86,1626293743.07,54416863.21,1375490.03,7796.16,6727.59,5092.72,6892.69,6631.13,5013.64,456.75,1342.83,,,,,,,信息设备,通信设备,通信配套服务,13.78,13.69,13.7
sz300050,世纪鼎利,2013-08-26,13.11,13.51,13.11,13.34,13.43,5766001.0,76859199.5,2881440000.0,2881440000.0,-11724517.02,104700228.36,1483881978.39,1594070651.27,110188672.88,-15109897.73,3095.49,3553.72,1466.87,996.58,3078.06,3135.6,45.49,0.0,,,,,,,信息设备,通信设备,通信配套服务,13.32,13.27,13.31
sz300050,世纪鼎利,2013-08-27,13.25,13.58,12.92,13.53,13.34,5535602.0,73336040.4,2922480000.0,2922480000.0,-11724517.02,104700228.36,1483881978.39,1594070651.27,110188672.88,-15109897.73,2950.68,2842.82,1626.86,1881.98,2756.04,2608.79,0.0,0.0,,,,,,,信息设备,通信设备,通信配套服务,13.28,13.06,13.03
sz300050,世纪鼎利,2013-08-28,13.4,13.4,12.72,12.79,13.53,4884029.0,64030202.8,2762640000.0,2762640000.0,-11724517.02,104700228.36,1483881978.39,1594070651.27,110188672.88,-15109897.73,2621.84,2483.73,841.05,1482.45,2828.97,2101.78,111.15,335.05,,,,,,,信息设备,通信设备,通信配套服务,13.36,13.33,13.25
sz300050,世纪鼎利,2013-08-29,12.83,13.43,12.82,13.01,12.79,4372780.0,57415138.7,2810160000.0,2810160000.0,-11724517.02,104700228.36,1483881978.39,1594070651.27,110188672.88,-15109897.73,2332.02,2655.63,1137.44,858.44,2272.05,2227.43,0.0,0.0,,,,,,,信息设备,通信设备,通信配套服务,12.91,13.01,13.3
sz300050,世纪鼎利,2013-08-30,13.0,13.06,11.95,12.35,13.01,5628791.0,70060197.4,2667600000.0,2667600000.0,-11724517.02,104700228.36,1483881978.39,1594070651.27,110188672.88,-15109897.73,3211.31,2775.35,1034.2,1930.85,2760.49,2269.53,0.0,30.28,,,,,,,信息设备,通信设备,通信配套服务,12.96,12.76,12.65
sz300050,世纪鼎利,2013-09-02,12.05,12.43,11.9,12.35,12.35,2455093.0,29868021.3,2667600000.0,2667600000.0,-11724517.02,104700228.36,1483881978.39,1594070651.27,110188672.88,-15109897.73,1426.72,1239.01,449.6,626.64,1110.48,1121.15,0.0,0.0,,,,,,,信息设备,通信设备,通信配套服务,12.0,12.1,12.19
sz300050,世纪鼎利,2013-09-03,12.43,12.75,12.23,12.65,12.35,3267630.0,40919214.4,2732400000.0,2732400000.0,-11724517.02,104700228.36,1483881978.39,1594070651.27,110188672.88,-15109897.73,1829.85,1888.16,1232.7,851.06,1029.36,1352.7,0.0,0.0,,,,,,,信息设备,通信设备,通信配套服务,12.3,12.34,12.33
sz300050,世纪鼎利,2013-09-04,12.58,12.81,12.38,12.73,12.65,2973250.0,37557736.1,2749680000.0,2749680000.0,-11724517.02,104700228.36,1483881978.39,1594070651.27,110188672.88,-15109897.73,1566.33,1646.17,1302.06,929.16,887.37,1180.44,0.0,0.0,,,,,,,信息设备,通信设备,通信配套服务,12.59,12.6,12.6
sz300050,世纪鼎利,2013-09-05,12.73,13.05,12.6,12.75,12.73,2815898.0,36242103.9,2754000000.0,2754000000.0,-11724517.02,104700228.36,1483881978.39,1594070651.27,110188672.88,-15109897.73,1738.44,1591.08,830.23,644.28,1055.52,1281.86,0.0,106.97,,,,,,,信息设备,通信设备,通信配套服务,12.76,12.67,12.7
sz300050,世纪鼎利,2013-09-06,12.75,13.94,12.58,13.42,12.75,6134337.0,82623324.4,2898720000.0,2898720000.0,-11724517.02,104700228.36,1483881978.39,1594070651.27,110188672.88,-15109897.73,3487.17,3567.05,2513.09,1548.81,2234.85,3146.46,27.2,0.0,,,,,,,信息设备,通信设备,通信配套服务,12.8,13.0,13.25
sz300050,世纪鼎利,2013-09-09,13.43,13.65,12.99,13.23,13.42,5642372.0,74481046.8,2857680000.0,2857680000.0,-11724517.02,104700228.36,1483881978.39,1594070651.27,110188672.88,-15109897.73,2827.71,2782.99,1455.69,1556.92,2797.57,2844.01,367.12,264.18,,,,,,,信息设备,通信设备,通信配套服务,13.4,13.37,13.22
sz300050,世纪鼎利,2013-09-10,13.15,13.28,12.81,13.1,13.23,4275745.0,55578668.7,2829600000.0,2829600000.0,-11724517.02,104700228.36,1483881978.39,1594070651.27,110188672.88,-15109897.73,2050.04,2016.13,1608.35,1424.39,1899.46,1834.58,0.0,282.76,,,,,,,信息设备,通信设备,通信配套服务,13.2,13.18,13.21
sz300050,世纪鼎利,2013-09-11,12.96,13.0,12.2,12.92,13.1,3646888.0,46159871.0,2790720000.0,2790720000.0,-11724517.02,104700228.36,1483881978.39,1594070651.27,110188672.88,-15109897.73,1905.41,2029.29,1278.86,994.37,1431.71,1592.31,0.0,0.0,,,,,,,信息设备,通信设备,通信配套服务,12.88,12.7,12.61
sz300050,世纪鼎利,2013-09-12,12.9,13.15,12.6,12.71,12.92,1574536.0,20251205.7,2745360000.0,2745360000.0,-11724517.02,104700228.36,1483881978.39,1594070651.27,110188672.88,-15109897.73,830.59,725.0,151.93,374.96,1042.6,925.15,0.0,0.0,,,,,,,信息设备,通信设备,通信配套服务,12.92,13.06,13.07
sz300050,世纪鼎利,2013-09-13,12.62,13.43,12.55,13.25,12.71,3625995.0,47551236.8,2862000000.0,2862000000.0,-11724517.02,104700228.36,1483881978.39,1594070651.27,110188672.88,-15109897.73,1970.35,1985.22,1177.32,591.93,1607.44,2177.97,0.0,0.0,,,,,,,信息设备,通信设备,通信配套服务,12.63,12.64,12.66
sz300050,世纪鼎利,2013-09-16,13.25,13.62,13.11,13.57,13.25,3623921.0,48575821.5,2931120000.0,2931120000.0,-11724517.02,104700228.36,1483881978.39,1594070651.27,110188672.88,-15109897.73,2396.7,2052.52,998.71,910.7,1462.16,1799.19,0.0,95.16,,,,,,,信息设备,通信设备,通信配套服务,13.25,13.3,13.16
sz300050,世纪鼎利,2013-09-17,13.59,13.59,13.0,13.1,13.57,5152465.0,68138544.7,2829600000.0,2829600000.0,-11724517.02,104700228.36,1483881978.39,1594070651.27,110188672.88,-15109897.73,3479.34,3482.42,1064.56,1337.17,1935.45,1881.48,334.5,112.78,,,,,,,信息设备,通信设备,通信配套服务,13.38,13.26,13.31
sz300050,世纪鼎利,2013-09-18,13.03,13.45,12.81,13.45,13.1,3862860.0,50712267.7,2905200000.0,2905200000.0,-11724517.02,104700228.36,1483881978.39,1594070651.27,110188672.88,-15109897.73,1975.67,2439.45,1271.9,788.77,1352.16,1519.02,471.49,323.98,,,,,,,信息设备,通信设备,通信配套服务,13.1,13.13,13.1
sz300050,世纪鼎利,2013-09-23,13.41,14.6,13.3,14.3,13.45,7213867.0,102057843.1,3088800000.0,3088800000.0,-11724517.02,104700228.36,1483881978.39,1594070651.27,110188672.88,-15109897.73,4613.05,4633.21,2577.72,2128.85,2881.75,3314.09,133.24,129.61,,,,,,,信息设备,通信设备,通信配套服务,13.46,13.7,13.7
sz300050,世纪鼎利,2013-09-24,14.1,14.7,13.93,13.95,14.3,7237571.0,103299561.5,3013200000.0,3013200000.0,-11724517.02,104700228.36,1483881978.39,1594070651.27,110188672.88,-15109897.73,3739.09,2928.68,2680.19,3283.41,2922.23,1914.63,988.44,2203.22,,,,,,,信息设备,通信设备,通信配套服务,14.27,14.3,14.28
sz300050,世纪鼎利,2013-09-25,13.89,14.18,13.77,13.89,13.95,2959058.0,41388713.5,3000240000.0,3000240000.0,-11724517.02,104700228.36,1483881978.39,1594070651.27,110188672.88,-15109897.73,2109.7,2129.07,578.41,706.41,1450.75,1303.39,0.0,0.0,,,,,,,信息设备,通信设备,通信配套服务,14.08,13.85,14.12
sz300050,世纪鼎利,2013-09-26,13.89,14.64,13.8,14.38,13.89,5821719.0,83780631.0,3106080000.0,3106080000.0,-11724517.02,104700228.36,1483881978.39,1594070651.27,110188672.88,-15109897.73,3412.02,3649.11,2652.86,1958.67,2135.7,2770.28,177.47,0.0,,,,,,,信息设备,通信设备,通信配套服务,13.82,13.95,14.4
sz300050,世纪鼎利,2013-09-27,14.5,14.79,14.0,14.04,14.38,3402896.0,48854831.0,3032640000.0,3032640000.0,-11724517.02,104700228.36,1483881978.39,1594070651.27,110188672.88,-15109897.73,2026.32,2053.84,1283.35,1400.56,1575.81,1325.06,0.0,106.02,,,,,,,信息设备,通信设备,通信配套服务,14.73,14.56,14.45
sz300050,世纪鼎利,2013-09-30,14.0,14.96,13.65,14.7,14.04,3910963.0,56044165.4,3175200000.0,3175200000.0,-11724517.02,104700228.36,1483881978.39,1594070651.27,110188672.88,-15109897.73,2186.58,2548.33,1857.17,821.65,1543.25,1954.04,17.41,280.38,,,,,,,信息设备,通信设备,通信配套服务,14.12,13.88,13.8
sz300050,世纪鼎利,2013-10-08,14.62,15.7,14.45,15.5,14.7,4846024.0,73998493.6,3348000000.0,3348000000.0,-11724517.02,104700228.36,1483881978.39,1594070651.27,110188672.88,-15109897.73,2957.52,3292.36,1976.71,1564.77,2465.61,2485.88,0.0,56.83,,,,,,,信息设备,通信设备,通信配套服务,14.48,14.75,15.02
sz300050,世纪鼎利,2013-10-09,15.76,16.46,15.29,16.33,15.5,6505000.0,103512002.8,3527280000.0,3527280000.0,-11724517.02,104700228.36,1483881978.39,1594070651.27,110188672.88,-15109897.73,3933.85,4792.76,3501.08,2299.31,2916.25,3146.73,0.0,112.39,,,,,,,信息设备,通信设备,通信配套服务,15.9,15.7,15.55
sz300050,世纪鼎利,2013-10-10,16.01,16.29,15.6,15.69,16.33,4470179.0,71256416.2,3389040000.0,3389040000.0,-11724517.02,104700228.36,1483881978.39,1594070651.27,110188672.88,-15109897.73,3237.0,2968.47,1403.64,2015.12,2484.98,2142.04,0.0,0.0,,,,,,,信息设备,通信设备,通信配套服务,16.24,16.1,15.85
sz300050,世纪鼎利,2013-10-11,15.72,16.78,15.72,16.14,15.69,4004896.0,65169246.8,3486240000.0,3486240000.0,-11724517.02,104700228.36,1483881978.39,1594070651.27,110188672.88,-15109897.73,2564.38,2548.9,2034.2,1919.63,1918.32,2048.38,0.0,0.0,,,,,,,信息设备,通信设备,通信配套服务,16.05,16.14,16.22
sz300050,世纪鼎利,2013-10-14,16.13,16.34,16.0,16.28,16.14,2573406.0,41682617.1,3516480000.0,3516480000.0,-11724517.02,104700228.36,1483881978.39,1594070651.27,110188672.88,-15109897.73,2171.77,2019.71,638.63,885.11,1357.85,1263.44,0.0,0.0,,,,,,,信息设备,通信设备,通信配套服务,16.05,16.25,16.3
sz300050,世纪鼎利,2013-10-15,15.56,16.0,15.1,15.13,16.28,6305582.0,97041104.6,3268080000.0,3268080000.0,-11724517.02,104700228.36,1483881978.39,1594070651.27,110188672.88,-15109897.73,4922.37,4225.11,1845.85,2881.1,2817.55,2126.91,118.32,470.97,,,,,,,信息设备,通信设备,通信配套服务,16.0,15.82,15.55
sz300050,世纪鼎利,2013-10-16,15.12,15.35,14.45,14.94,15.13,4018682.0,59514459.7,3227040000.0,3227040000.0,-11724517.02,104700228.36,1483881978.39,1594070651.27,110188672.88,-15109897.73,2449.22,2154.74,1930.37,2127.36,1571.83,1400.58,0.0,268.75,,,,,,,信息设备,通信设备,通信配套服务,15.26,15.17,14.74
sz300050,世纪鼎利,2013-10-17,14.94,15.6,14.8,14.98,14.94,2476781.0,37591124.6,3235680000.0,3235680000.0,-11724517.02,104700228.36,1483881978.39,1594070651.27,110188672.88,-15109897.73,1369.39,1534.96,1036.39,1071.53,968.54,1152.61,384.79,0.0,,,,,,,信息设备,通信设备,通信配套服务,15.0,15.02,14.9
sz300050,世纪鼎利,2013-10-18,14.9,15.25,14.57,15.22,14.98,2548022.0,37967161.1,3287520000.0,3287520000.0,-11724517.02,104700228.36,1483881978.39,1594070651.27,110188672.88,-15109897.73,2082.84,2234.03,537.27,722.12,1176.6,840.57,0.0,0.0,,,,,,,信息设备,通信设备,通信配套服务,14.88,14.73,14.69
sz300050,世纪鼎利,2013-10-21,15.23,15.46,14.76,15.43,15.22,2337291.0,35437481.9,3332880000.0,3332880000.0,-11724517.02,104700228.36,1483881978.39,1594070651.27,110188672.88,-15109897.73,1597.02,1601.03,486.54,668.93,1460.18,1273.78,0.0,0.0,,,,,,,信息设备,通信设备,通信配套服务,15.24,15.23,14.82
sz300050,世纪鼎利,2013-10-22,15.31,15.4,14.57,14.78,15.43,3562456.0,53021946.9,3192480000.0,3192480000.0,-11724517.02,104700228.36,1483881978.39,1594070651.27,110188672.88,-15109897.73,2331.49,2201.0,918.32,1454.73,2052.38,1349.91,0.0,296.55,,,,,,,信息设备,通信设备,通信配套服务,15.26,15.25,15.02
sz300050,世纪鼎利,2013-10-23,14.7,14.77,13.98,14.24,14.78,2146006.0,30859975.3,3075840000.0,3075840000.0,-11724517.02,104700228.36,1483881978.39,1594070651.27,110188672.88,-15109897.73,1570.16,1377.72,362.1,552.26,1153.73,1156.01,0.0,0.0,,,,,,,信息设备,通信设备,通信配套服务,14.64,14.32,14.5
sz300050,世纪鼎利,2013-10-24,14.03,14.29,13.91,14.2,14.24,1085675.0,15311938.0,3067200000.0,3067200000.0,-11724517.02,104700228.36,1483881978.39,1594070651.27,110188672.88,-15109897.73,760.8,768.87,103.84,180.61,666.55,581.71,0.0,0.0,,,,,,,信息设备,通信设备,通信配套服务,14.03,14.15,14.24
sz300050,世纪鼎利,2013-10-25,14.29,14.32,13.16,13.69,14.2,2777763.0,37833294.7,2957040000.0,2957040000.0,-11724517.02,104700228.36,1483881978.39,1594070651.27,110188672.88,-15109897.73,1744.14,1425.8,870.68,1150.99,1168.5,907.11,0.0,299.42,,,,,,,信息设备,通信设备,通信配套服务,14.16,14.28,14.19
sz300050,世纪鼎利,2013-10-28,13.05,14.1,13.05,14.05,13.69,2071215.0,28044141.7,3034800000.0,3034800000.0,-36544528.89,110368253.65,1470732651.78,1543707160.2,72974508.42,-13159811.310000002,1361.69,1234.51,565.95,515.8,776.07,1039.69,100.69,14.42,,,,,,,信息设备,通信设备,通信配套服务,13.36,13.26,13.1
sz300050,世纪鼎利,2013-10-29,13.9,14.22,13.16,13.7,14.05,3242826.0,44108261.3,2959200000.0,2959200000.0,-36544528.89,110368253.65,1470732651.78,1543707160.2,72974508.42,-13159811.310000002,1765.86,1520.34,1535.46,1284.68,1109.49,1003.08,0.0,602.72,,,,,,,信息设备,通信设备,通信配套服务,13.94,14.21,14.17
sz300050,世纪鼎利,2013-10-30,13.7,14.03,13.4,13.8,13.7,2329872.0,31770221.4,2980800000.0,2980800000.0,-36544528.89,110368253.65,1470732651.78,1543707160.2,72974508.42,-13159811.310000002,1181.19,891.76,1307.67,958.24,688.16,599.21,0.0,727.8,,,,,,,信息设备,通信设备,通信配套服务,13.49,13.6,13.45
sz300050,世纪鼎利,2013-10-31,13.8,13.84,13.15,13.4,13.8,1356848.0,18197276.8,2894400000.0,2894400000.0,-36544528.89,110368253.65,1470732651.78,1543707160.2,72974508.42,-13159811.310000002,736.73,953.22,247.69,381.41,835.3,485.09,0.0,0.0,,,,,,,信息设备,通信设备,通信配套服务,13.68,13.58,13.6
sz300050,世纪鼎利,2013-11-01,13.39,13.82,13.23,13.74,13.4,1835450.0,24756698.1,2967840000.0,2967840000.0,-36544528.89,110368253.65,1470732651.78,1543707160.2,72974508.42,-13159811.310000002,900.1,895.73,1097.97,845.25,477.59,734.68,0.0,0.0,,,,,,,信息设备,通信设备,通信配套服务,13.4,13.35,13.35
sz300050,世纪鼎利,2013-11-04,13.84,14.35,13.57,14.16,13.74,1940135.0,27299084.6,3058560000.0,3058560000.0,-36544528.89,110368253.65,1470732651.78,1543707160.2,72974508.42,-13159811.310000002,1035.21,1298.93,944.78,670.42,648.18,760.55,101.74,0.0,,,,,,,信息设备,通信设备,通信配套服务,13.61,13.6,13.71
sz300050,世纪鼎利,2013-11-05,14.16,14.43,14.0,14.2,14.16,1864536.0,26453909.9,3067200000.0,3067200000.0,-36544528.89,110368253.65,1470732651.78,1543707160.2,72974508.42,-13159811.310000002,1205.51,951.29,687.93,975.15,751.94,590.61,0.0,128.34,,,,,,,信息设备,通信设备,通信配套服务,14.13,14.15,14.31
sz300050,世纪鼎利,2013-11-06,14.24,14.46,13.79,14.06,14.2,1800052.0,25509150.4,3036960000.0,3036960000.0,-36544528.89,110368253.65,1470732651.78,1543707160.2,72974508.42,-13159811.310000002,1125.63,1008.33,588.84,743.63,836.44,669.25,0.0,129.7,,,,,,,信息设备,通信设备,通信配套服务,14.12,14.45,14.29
sz300050,世纪鼎利,2013-11-07,13.9,14.05,13.65,13.88,14.06,1110605.0,15371170.7,2998080000.0,2998080000.0,-36544528.89,110368253.65,1470732651.78,1543707160.2,72974508.42,-13159811.310000002,507.71,429.51,493.08,557.79,536.32,447.86,0.0,101.94,,,,,,,信息设备,通信设备,通信配套服务,13.87,14.05,13.97
sz300050,世纪鼎利,2013-11-08,13.8,13.8,13.39,13.39,13.88,803237.0,10901136.2,2892240000.0,2892240000.0,-36544528.89,110368253.65,1470732651.78,1543707160.2,72974508.42,-13159811.310000002,420.22,542.57,262.8,289.38,407.09,258.16,0.0,0.0,,,,,,,信息设备,通信设备,通信配套服务,13.68,13.68,13.68
sz300050,世纪鼎利,2013-11-11,13.51,13.68,13.24,13.62,13.39,576518.0,7754577.9,2941920000.0,2941920000.0,-36544528.89,110368253.65,1470732651.78,1543707160.2,72974508.42,-13159811.310000002,351.69,299.48,130.41,156.81,293.35,319.17,0.0,0.0,,,,,,,信息设备,通信设备,通信配套服务,13.51,13.31,13.32
sz300050,世纪鼎利,2013-11-12,13.51,14.0,13.51,13.9,13.62,1073127.0,14841388.1,3002400000.0,3002400000.0,-36544528.89,110368253.65,1470732651.78,1543707160.2,72974508.42,-13159811.310000002,513.89,645.17,549.37,353.55,420.88,485.42,0.0,0.0,,,,,,,信息设备,通信设备,通信配套服务,13.53,13.64,13.93
sz300050,世纪鼎利,2013-11-13,13.77,13.98,13.31,13.45,13.9,1266750.0,17166381.0,2905200000.0,2905200000.0,-36544528.89,110368253.65,1470732651.78,1543707160.2,72974508.42,-13159811.310000002,887.8,928.49,144.92,218.25,683.92,569.89,0.0,0.0,,,,,,,信息设备,通信设备,通信配套服务,13.77,13.8,13.68
sz300050,世纪鼎利,2013-11-14,13.47,13.59,13.01,13.46,13.45,1503868.0,20035957.2,2907360000.0,2907360000.0,-36544528.89,110368253.65,1470732651.78,1543707160.2,72974508.42,-13159811.310000002,922.96,826.03,482.34,538.88,598.3,518.27,0.0,120.42,,,,,,,信息设备,通信设备,通信配套服务,13.47,13.3,13.17
sz300050,世纪鼎利,2013-11-15,13.5,13.77,13.29,13.29,13.46,2630070.0,35630198.8,2870640000.0,2870640000.0,-36544528.89,110368253.65,1470732651.78,1543707160.2,72974508.42,-13159811.310000002,1881.47,1349.63,770.16,1553.04,911.39,525.25,0.0,135.1,,,,,,,信息设备,通信设备,通信配套服务,13.41,13.49,13.54
sz300050,世纪鼎利,2013-11-18,13.27,13.71,13.21,13.71,13.29,4052512.0,54597462.0,2961360000.0,2961360000.0,-36544528.89,110368253.65,1470732651.78,1543707160.2,72974508.42,-13159811.310000002,2304.39,2279.13,1491.24,1729.48,1185.82,934.74,478.29,516.37,,,,,,,信息设备,通信设备,通信配套服务,13.25,13.55,13.43
sz300050,世纪鼎利,2013-11-19,13.6,13.66,13.37,13.63,13.71,4424457.0,59762457.3,2944080000.0,2944080000.0,-36544528.89,110368253.65,1470732651.78,1543707160.2,72974508.42,-13159811.310000002,1939.87,2213.35,2196.13,2255.01,1385.51,1031.67,454.74,476.21,,,,,,,信息设备,通信设备,通信配套服务,13.57,13.43,13.43
sz300050,世纪鼎利,2013-11-20,13.65,14.32,13.51,14.29,13.63,3812408.0,53324490.8,3086640000.0,3086640000.0,-36544528.89,110368253.65,1470732651.78,1543707160.2,72974508.42,-13159811.310000002,2438.36,2516.11,947.14,724.49,1820.97,2091.84,125.97,0.0,,,,,,,信息设备,通信设备,通信配套服务,13.57,13.65,13.89
sz300050,世纪鼎利,2013-11-21,14.25,14.78,13.88,14.0,14.29,5167067.0,74190784.4,3024000000.0,3024000000.0,-36544528.89,110368253.65,1470732651.78,1543707160.2,72974508.42,-13159811.310000002,3549.35,3258.87,787.31,1532.38,2678.6,1877.48,403.8,750.33,,,,,,,信息设备,通信设备,通信配套服务,14.17,14.6,14.62
sz300050,世纪鼎利,2013-11-22,13.83,14.0,13.61,13.9,14.0,3109292.0,42891125.9,3002400000.0,3002400000.0,-36544528.89,110368253.65,1470732651.78,1543707160.2,72974508.42,-13159811.310000002,1628.75,1810.25,661.09,677.25,1295.23,1205.04,704.04,596.57,,,,,,,信息设备,通信设备,通信配套服务,13.81,13.78,13.69
sz300050,世纪鼎利,2013-11-25,13.9,14.05,13.72,13.8,13.9,1584819.0,22038724.1,2980800000.0,2980800000.0,-36544528.89,110368253.65,1470732651.78,1543707160.2,72974508.42,-13159811.310000002,1151.8,898.96,263.04,557.28,789.02,747.34,0.0,0.28,,,,,,,信息设备,通信设备,通信配套服务,13.72,13.9,13.95
sz300050,世纪鼎利,2013-11-26,13.85,13.9,13.17,13.34,13.8,3570741.0,47978576.8,2881440000.0,2881440000.0,-36544528.89,110368253.65,1470732651.78,1543707160.2,72974508.42,-13159811.310000002,2245.0,2282.92,469.42,1167.38,1895.05,1170.65,188.36,176.88,,,,,,,信息设备,通信设备,通信配套服务,13.87,13.76,13.6
sz300050,世纪鼎利,2013-11-27,13.3,13.6,13.18,13.56,13.34,2218808.0,29842835.2,2928960000.0,2928960000.0,-36544528.89,110368253.65,1470732651.78,1543707160.2,72974508.42,-13159811.310000002,1142.41,1218.41,860.9,666.41,980.97,1099.46,0.0,0.0,,,,,,,信息设备,通信设备,通信配套服务,13.26,13.43,13.3
sz300050,世纪鼎利,2013-11-28,13.88,13.88,13.56,13.67,13.56,2248251.0,30867589.6,2952720000.0,2952720000.0,-36544528.89,110368253.65,1470732651.78,1543707160.2,72974508.42,-13159811.310000002,1730.3,1639.31,248.91,364.17,1107.53,1081.9,0.0,1.37,,,,,,,信息设备,通信设备,通信配套服务,13.75,13.78,13.63
sz300050,世纪鼎利,2013-11-29,13.68,13.99,13.49,13.94,13.67,3711184.0,50747747.9,3011040000.0,3011040000.0,-36544528.89,110368253.65,1470732651.78,1543707160.2,72974508.42,-13159811.310000002,2565.45,2351.37,695.99,1273.13,1546.78,1319.82,266.55,130.45,,,,,,,信息设备,通信设备,通信配套服务,13.58,13.61,13.6
sz300050,世纪鼎利,2013-12-02,13.58,13.58,12.55,12.55,13.94,3236585.0,41325875.8,2710800000.0,2710800000.0,-36544528.89,110368253.65,1470732651.78,1543707160.2,72974508.42,-13159811.310000002,1679.89,854.26,562.35,1804.37,1485.94,657.02,404.4,816.94,,,,,,,信息设备,通信设备,通信配套服务,12.6,12.85,13.05
sz300050,世纪鼎利,2013-12-03,11.35,12.1,11.3,11.87,12.55,5362527.0,62224271.6,2563920000.0,2563920000.0,-36544528.89,110368253.65,1470732651.78,1543707160.2,72974508.42,-13159811.310000002,2984.88,2701.73,1157.79,1321.15,1966.75,1806.02,113.0,393.52,,,,,,,信息设备,通信设备,通信配套服务,11.53,11.43,11.5
sz300050,世纪鼎利,2013-12-04,11.84,12.55,11.5,12.38,11.87,4927797.0,60137570.4,2674080000.0,2674080000.0,-36544528.89,110368253.65,1470732651.78,1543707160.2,72974508.42,-13159811.310000002,2280.47,2695.96,2004.0,1399.12,1226.98,1588.26,502.3,330.41,,,,,,,信息设备,通信设备,通信配套服务,11.6,11.88,11.98
sz300050,世纪鼎利,2013-12-05,12.55,12.59,11.98,12.1,12.38,3560072.0,43583754.9,2613600000.0,2613600000.0,-36544528.89,110368253.65,1470732651.78,1543707160.2,72974508.42,-13159811.310000002,1525.13,1694.36,1092.68,1397.71,1292.07,1266.3,448.48,0.0,,,,,,,信息设备,通信设备,通信配套服务,12.41,12.25,12.05
sz300050,世纪鼎利,2013-12-06,12.0,12.45,11.96,11.98,12.1,2151150.0,26161678.7,2587680000.0,2587680000.0,-36544528.89,110368253.65,1470732651.78,1543707160.2,72974508.42,-13159811.310000002,1121.58,1188.29,594.29,532.3,900.3,895.58,0.0,0.0,,,,,,,信息设备,通信设备,通信配套服务,12.07,12.19,12.05
sz300050,世纪鼎利,2013-12-09,11.97,12.58,11.8,11.84,11.98,2786681.0,33640496.5,2557440000.0,2557440000.0,-36544528.89,110368253.65,1470732651.78,1543707160.2,72974508.42,-13159811.310000002,1142.95,1416.14,1111.8,1067.01,1109.29,880.89,0.0,0.0,,,,,,,信息设备,通信设备,通信配套服务,12.01,12.1,12.4
sz300050,世纪鼎利,2013-12-10,11.88,12.28,11.5,11.67,11.84,2586313.0,30695505.1,2520720000.0,2520720000.0,-36544528.89,110368253.65,1470732651.78,1543707160.2,72974508.42,-13159811.310000002,1224.22,1438.95,671.53,626.12,1173.79,1004.48,0.0,0.0,,,,,,,信息设备,通信设备,通信配套服务,11.91,11.91,11.83
sz300050,世纪鼎利,2013-12-11,11.58,12.08,11.58,11.95,11.67,3001808.0,35686099.6,2581200000.0,2581200000.0,-36544528.89,110368253.65,1470732651.78,1543707160.2,72974508.42,-13159811.310000002,776.27,1550.36,1586.93,1116.87,746.77,901.37,458.63,0.0,,,,,,,信息设备,通信设备,通信配套服务,11.68,11.69,11.67
sz300050,世纪鼎利,2013-12-12,11.81,12.15,11.8,12.14,11.95,2254963.0,27110068.6,2622240000.0,2622240000.0,-36544528.89,110368253.65,1470732651.78,1543707160.2,72974508.42,-13159811.310000002,943.87,1291.6,814.06,683.97,819.88,735.43,133.19,0.0,,,,,,,信息设备,通信设备,通信配套服务,12.01,11.91,12.02
sz300050,世纪鼎利,2013-12-13,12.14,12.14,11.92,11.99,12.14,1349700.0,16214488.4,2589840000.0,2589840000.0,-36544528.89,110368253.65,1470732651.78,1543707160.2,72974508.42,-13159811.310000002,576.72,788.47,309.9,339.72,630.34,493.26,104.49,0.0,,,,,,,信息设备,通信设备,通信配套服务,12.01,12.0,11.93
sz300050,世纪鼎利,2013-12-16,12.03,12.12,11.56,11.6,11.99,1578522.0,18693412.4,2505600000.0,2505600000.0,-36544528.89,110368253.65,1470732651.78,1543707160.2,72974508.42,-13159811.310000002,653.38,851.57,233.83,306.84,982.13,710.92,0.0,0.0,,,,,,,信息设备,通信设备,通信配套服务,11.97,12.04,12.06
sz300050,世纪鼎利,2013-12-17,11.68,11.75,11.51,11.68,11.6,1131755.0,13138765.9,2522880000.0,2522880000.0,-36544528.89,110368253.65,1470732651.78,1543707160.2,72974508.42,-13159811.310000002,617.75,643.68,151.42,203.51,544.7,466.68,0.0,0.0,,,,,,,信息设备,通信设备,通信配套服务,11.73,11.6,11.63
sz300050,世纪鼎利,2013-12-18,11.7,11.78,11.59,11.6,11.68,805108.0,9391441.1,2505600000.0,2505600000.0,-36544528.89,110368253.65,1470732651.78,1543707160.2,72974508.42,-13159811.310000002,538.87,446.03,23.36,129.8,376.91,363.31,0.0,0.0,,,,,,,信息设备,通信设备,通信配套服务,11.7,11.63,11.63
sz300050,世纪鼎利,2013-12-19,11.6,11.74,11.15,11.31,11.6,1115078.0,12843569.2,2442960000.0,2442960000.0,-36544528.89,110368253.65,1470732651.78,1543707160.2,72974508.42,-13159811.310000002,626.97,539.74,20.18,297.14,637.2,447.48,0.0,0.0,,,,,,,信息设备,通信设备,通信配套服务,11.62,11.68,11.68
sz300050,世纪鼎利,2013-12-20,11.35,11.44,11.15,11.36,11.31,954253.0,10786543.2,2453760000.0,2453760000.0,-36544528.89,110368253.65,1470732651.78,1543707160.2,72974508.42,-13159811.310000002,521.0,522.91,136.72,134.01,420.93,421.73,0.0,0.0,,,,,,,信息设备,通信设备,通信配套服务,11.3,11.3,11.39
sz300050,世纪鼎利,2013-12-23,11.36,11.91,11.15,11.53,11.36,1458569.0,16797544.2,2490480000.0,2490480000.0,-36544528.89,110368253.65,1470732651.78,1543707160.2,72974508.42,-13159811.310000002,652.08,663.0,243.88,151.13,672.83,754.44,110.95,111.18,,,,,,,信息设备,通信设备,通信配套服务,11.3,11.22,11.17
sz300050,世纪鼎利,2013-12-24,11.56,11.84,11.51,11.61,11.53,2059708.0,23989756.8,2507760000.0,2507760000.0,-36544528.89,110368253.65,1470732651.78,1543707160.2,72974508.42,-13159811.310000002,1156.08,1128.56,252.21,353.72,990.67,916.68,0.0,0.0,,,,,,,信息设备,通信设备,通信配套服务,11.61,11.71,11.67
sz300050,世纪鼎利,2013-12-25,11.7,11.85,11.65,11.81,11.61,2347123.0,27519646.1,2550960000.0,2550960000.0,-36544528.89,110368253.65,1470732651.78,1543707160.2,72974508.42,-13159811.310000002,1240.08,1124.81,578.08,841.17,933.79,756.53,0.0,29.44,,,,,,,信息设备,通信设备,通信配套服务,11.74,11.75,11.74
sz300050,世纪鼎利,2013-12-26,11.81,11.99,11.7,11.83,11.81,2680649.0,31808658.4,2555280000.0,2555280000.0,-36544528.89,110368253.65,1470732651.78,1543707160.2,72974508.42,-13159811.310000002,1287.57,1150.2,952.67,930.35,940.61,1100.31,0.0,0.0,,,,,,,信息设备,通信设备,通信配套服务,11.7,11.81,11.75
sz300050,世纪鼎利,2013-12-27,11.8,12.12,11.66,12.04,11.83,2207998.0,26299872.7,2600640000.0,2600640000.0,-36544528.89,110368253.65,1470732651.78,1543707160.2,72974508.42,-13159811.310000002,1064.39,1081.61,511.31,404.52,1054.29,1041.72,0.0,102.13,,,,,,,信息设备,通信设备,通信配套服务,11.74,11.78,11.75
sz300050,世纪鼎利,2013-12-30,12.06,12.36,11.96,12.2,12.04,2986177.0,36518662.7,2635200000.0,2635200000.0,-36544528.89,110368253.65,1470732651.78,1543707160.2,72974508.42,-13159811.310000002,1248.86,1598.75,719.62,646.63,1431.15,1272.88,242.58,123.95,,,,,,,信息设备,通信设备,通信配套服务,12.01,12.0,12.23
sz300050,世纪鼎利,2013-12-31,12.12,12.12,11.81,11.98,12.2,1803438.0,21543455.9,2587680000.0,2587680000.0,-36544528.89,110368253.65,1470732651.78,1543707160.2,72974508.42,-13159811.310000002,834.6,768.96,345.99,561.8,973.75,823.58,0.0,0.0,,,,,,,信息设备,通信设备,通信配套服务,12.06,12.1,12.03
sz300050,世纪鼎利,2014-01-02,11.97,13.1,11.8,12.5,11.98,3984103.0,49590238.1,2700000000.0,2700000000.0,-36544528.89,110368253.65,1470732651.78,1543707160.2,72974508.42,-13159811.310000002,2032.11,2038.09,1358.99,975.35,1460.79,1838.45,107.13,107.13,,,,,,,通信,通信设备,通信配套服务,11.94,12.0,12.01
sz300050,世纪鼎利,2014-01-03,12.42,12.97,12.41,12.66,12.5,3430989.0,43831038.9,2718895516.14,2734560000.0,-36544528.89,110368253.65,1470732651.78,1543707160.2,72974508.42,-13159811.310000002,2148.17,2067.74,931.98,640.15,1302.94,1675.21,0.0,0.0,,,,,,,通信,通信设备,通信配套服务,12.66,12.8,12.8
sz300050,世纪鼎利,2014-01-06,12.67,13.3,12.4,13.17,12.66,4123978.0,53225390.2,2828424482.43,2844720000.0,-36544528.89,110368253.65,1470732651.78,1543707160.2,72974508.42,-13159811.310000002,1877.07,2220.25,1525.99,976.82,1769.27,2125.46,150.19,0.0,,,,,,,通信,通信设备,通信配套服务,12.67,12.53,12.52
sz300050,世纪鼎利,2014-01-07,13.1,13.33,12.73,12.88,13.17,3403527.0,44204879.9,2766143305.52,2782080000.0,-36544528.89,110368253.65,1470732651.78,1543707160.2,72974508.42,-13159811.310000002,1800.79,1683.41,766.96,1247.53,1736.43,1474.06,116.29,15.47,,,,,,,通信,通信设备,通信配套服务,12.96,13.11,13.08
sz300050,世纪鼎利,2014-01-08,12.89,13.16,12.7,13.05,12.88,2587563.0,33619294.5,2802652960.95,2818800000.0,-36544528.89,110368253.65,1470732651.78,1543707160.2,72974508.42,-13159811.310000002,1550.81,1428.38,365.53,672.38,1445.58,1261.16,0.0,0.0,,,,,,,通信,通信设备,通信配套服务,12.95,13.06,13.1
sz300050,世纪鼎利,2014-01-09,12.9,13.04,12.4,12.43,13.05,2820607.0,35780085.1,2669500099.97,2684880000.0,-36544528.89,110368253.65,1470732651.78,1543707160.2,72974508.42,-13159811.310000002,1485.41,1574.28,257.83,892.62,1834.76,1111.1,0.0,0.0,,,,,,,通信,通信设备,通信配套服务,12.91,12.98,12.89
sz300050,世纪鼎利,2014-01-10,12.35,12.68,11.68,11.87,12.43,2407776.0,29120320.1,2549232999.73,2563920000.0,-36544528.89,110368253.65,1470732651.78,1543707160.2,72974508.42,-13159811.310000002,1085.09,1358.02,442.3,511.47,1384.64,1042.53,0.0,0.0,,,,,,,通信,通信设备,通信配套服务,12.3,12.22,12.33
sz300050,世纪鼎利,2014-01-13,11.8,11.94,11.5,11.56,11.87,1726131.0,20194313.6,2482656569.24,2496960000.0,-36544528.89,110368253.65,1470732651.78,1543707160.2,72974508.42,-13159811.310000002,850.87,829.42,175.24,472.38,993.32,717.63,0.0,0.0,,,,,,,通信,通信设备,通信配套服务,11.88,11.9,11.85
sz300050,世纪鼎利,2014-01-14,11.58,11.97,11.51,11.83,11.56,1492684.0,17581596.4,2540642492.57,2555280000.0,-36544528.89,110368253.65,1470732651.78,1543707160.2,72974508.42,-13159811.310000002,686.05,840.22,207.39,234.51,864.72,683.42,0.0,0.0,,,,,,,通信,通信设备,通信配套服务,11.62,11.72,11.72
sz300050,世纪鼎利,2014-01-15,11.78,12.24,11.73,12.18,11.83,1757290.0,21207290.2,2615809430.22,2630880000.0,-36544528.89,110368253.65,1470732651.78,1543707160.2,72974508.42,-13159811.310000002,898.94,755.95,244.73,261.82,977.06,1102.96,0.0,0.0,,,,,,,通信,通信设备,通信配套服务,11.79,11.93,12.01
sz300050,世纪鼎利,2014-01-16,12.2,12.38,12.01,12.04,12.18,1654030.0,20216391.1,2585742655.16,2600640000.0,-36544528.89,110368253.65,1470732651.78,1543707160.2,72974508.42,-13159811.310000002,923.79,881.1,148.12,304.97,949.72,835.57,0.0,0.0,,,,,,,通信,通信设备,通信配套服务,12.18,12.23,12.3
sz300050,世纪鼎利,2014-01-17,12.04,12.37,11.91,12.23,12.04,1930755.0,23424568.6,2626547564.17,2641680000.0,-36544528.89,110368253.65,1470732651.78,1543707160.2,72974508.42,-13159811.310000002,1175.9,1187.21,158.26,279.34,1008.3,873.13,0.0,2.77,,,,,,,通信,通信设备,通信配套服务,11.98,12.1,12.09
sz300050,世纪鼎利,2014-01-20,12.25,12.48,12.0,12.21,12.23,1500109.0,18381945.8,2622252310.59,2637360000.0,-36544528.89,110368253.65,1470732651.78,1543707160.2,72974508.42,-13159811.310000002,745.1,890.4,282.77,195.94,810.32,751.85,0.0,0.0,,,,,,,通信,通信设备,通信配套服务,12.2,12.42,12.44
sz300050,世纪鼎利,2014-01-21,12.23,12.63,12.12,12.61,12.21,1794604.0,22296505.1,2708157382.19,2723760000.0,-36544528.89,110368253.65,1470732651.78,1543707160.2,72974508.42,-13159811.310000002,948.07,985.92,367.59,238.36,909.48,1005.36,4.5,0.0,,,,,,,通信,通信设备,通信配套服务,12.12,12.2,12.24
sz300050,世纪鼎利,2014-01-22,12.61,13.75,12.44,13.38,12.61,5154373.0,67796933.9,2873524645.02,2890080000.0,-36544528.89,110368253.65,1470732651.78,1543707160.2,72974508.42,-13159811.310000002,2210.61,2572.16,1772.12,1397.79,1635.45,2354.12,1161.5,455.61,,,,,,,通信,通信设备,通信配套服务,12.48,12.56,12.7
sz300050,世纪鼎利,2014-01-23,13.28,13.64,13.22,13.38,13.38,4427182.0,59330471.1,2873524645.02,2890080000.0,-36544528.89,110368253.65,1470732651.78,1543707160.2,72974508.42,-13159811.310000002,2135.61,2176.52,1465.57,1317.7,1830.49,1577.85,501.36,860.97,,,,,,,通信,通信设备,通信配套服务,13.28,13.38,13.33
sz300050,世纪鼎利,2014-01-24,13.26,13.61,13.15,13.5,13.38,3182585.0,42750605.5,2899296166.5,2916000000.0,-36544528.89,110368253.65,1470732651.78,1543707160.2,72974508.42,-13159811.310000002,1610.85,1817.41,1113.66,1172.44,1428.83,1277.95,121.72,7.26,,,,,,,通信,通信设备,通信配套服务,13.26,13.35,13.48
sz300050,世纪鼎利,2014-01-27,13.48,14.1,13.27,14.05,13.5,5236539.0,72593308.1,3017415639.95,3034800000.0,-36544528.89,110368253.65,1470732651.78,1543707160.2,72974508.42,-13159811.310000002,2624.5,3138.38,2684.81,2021.72,1622.25,2099.22,327.77,0.0,,,,,,,通信,通信设备,通信配套服务,13.44,13.34,13.3
sz300050,世纪鼎利,2014-01-28,14.0,14.15,13.6,13.78,14.05,2288272.0,31492064.9,2959429716.62,2976480000.0,-36544528.89,110368253.65,1470732651.78,1543707160.2,72974508.42,-13159811.310000002,1324.21,1148.14,468.91,1037.36,1356.07,963.7,0.0,0.0,,,,,,,通信,通信设备,通信配套服务,13.94,14.0,13.75
sz300050,世纪鼎利,2014-01-29,13.67,14.29,13.67,14.14,13.78,3139980.0,44231261.4,3036744281.06,3054240000.0,-36544528.89,110368253.65,1470732651.78,1543707160.2,72974508.42,-13159811.310000002,1986.24,1943.52,1028.15,756.99,1408.73,1722.6,0.0,0.0,,,,,,,通信,通信设备,通信配套服务,13.92,13.86,13.84
sz300050,世纪鼎利,2014-01-30,14.01,14.28,13.88,13.88,14.14,2855621.0,40144996.7,2980905984.52,2998080000.0,-36544528.89,110368253.65,1470732651.78,1543707160.2,72974508.42,-13159811.310000002,1626.08,1508.53,1174.01,1359.5,1214.4,1039.37,0.0,107.1,,,,,,,通信,通信设备,通信配套服务,14.25,14.13,14.1
sz300050,世纪鼎利,2014-02-07,13.66,14.35,13.64,14.29,13.88,2220986.0,31403410.8,3068958682.91,3086640000.0,-36544528.89,110368253.65,1470732651.78,1543707160.2,72974508.42,-13159811.310000002,1173.78,1392.57,959.82,543.79,1003.3,1103.88,3.43,100.1,,,,,,,通信,通信设备,通信配套服务,13.75,13.88,13.88
sz300050,世纪鼎利,2014-02-10,14.31,15.5,14.29,14.87,14.29,3296669.0,49070817.6,3193521036.73,3211920000.0,-36544528.89,110368253.65,1470732651.78,1543707160.2,72974508.42,-13159811.310000002,2157.4,2123.59,1099.82,879.96,1649.85,1781.18,0.0,122.34,,,,,,,通信,通信设备,通信配套服务,14.75,14.72,14.73
sz300050,世纪鼎利,2014-02-11,14.87,15.36,14.71,14.77,14.87,3125196.0,46854188.0,3172044768.83,3190320000.0,-36544528.89,110368253.65,1470732651.78,1543707160.2,72974508.42,-13159811.310000002,1939.7,2057.57,1287.53,1065.79,1458.18,1562.04,0.0,0.0,,,,,,,通信,通信设备,通信配套服务,14.71,14.91,15.07
sz300050,世纪鼎利,2014-02-12,14.71,15.05,14.54,14.89,14.77,2420310.0,35786892.6,3197816290.31,3216240000.0,-36544528.89,110368253.65,1470732651.78,1543707160.2,72974508.42,-13159811.310000002,1541.78,1365.81,756.26,1020.3,1249.37,1055.99,31.28,136.58,,,,,,,通信,通信设备,通信配套服务,14.73,14.77,14.77
sz300050,世纪鼎利,2014-02-13,14.89,14.93,13.8,13.86,14.89,3910162.0,56042270.9,2976610730.94,2993760000.0,-36544528.89,110368253.65,1470732651.78,1543707160.2,72974508.42,-13159811.310000002,2150.5,2126.92,1077.13,1674.43,2156.33,1413.41,220.25,389.46,,,,,,,通信,通信设备,通信配套服务,14.73,14.83,14.77
sz300050,世纪鼎利,2014-02-14,13.95,14.52,13.94,14.28,13.86,3119866.0,44554097.5,3066811056.12,3084480000.0,-36544528.89,110368253.65,1470732651.78,1543707160.2,72974508.42,-13159811.310000002,1913.62,1976.44,1208.4,1100.77,1231.05,1254.9,102.33,123.29,,,,,,,通信,通信设备,通信配套服务,14.01,14.34,14.23
sz300050,世纪鼎利,2014-02-17,14.1,15.68,14.08,15.5,14.28,6071017.0,91393555.4,3328821524.5,3348000000.0,-36544528.89,110368253.65,1470732651.78,1543707160.2,72974508.42,-13159811.310000002,2459.98,3752.35,3288.53,2210.84,2050.0,2848.77,1340.82,327.37,,,,,,,通信,通信设备,通信配套服务,14.28,14.42,14.71
sz300050,世纪鼎利,2014-02-18,15.49,15.86,15.25,15.39,15.5,4238393.0,65947634.3,3305197629.81,3324240000.0,-36544528.89,110368253.65,1470732651.78,1543707160.2,72974508.42,-13159811.310000002,3082.83,2481.18,1470.36,2040.56,2041.55,1748.94,0.0,324.08,,,,,,,通信,通信设备,通信配套服务,15.58,15.56,15.44
sz300050,世纪鼎利,2014-02-19,15.39,16.3,15.0,16.01,15.39,5054130.0,79168656.5,3438350490.79,3458160000.0,-36544528.89,110368253.65,1470732651.78,1543707160.2,72974508.42,-13159811.310000002,2549.63,3082.34,2578.36,1902.24,2099.1,2427.23,689.76,505.05,,,,,,,通信,通信设备,通信配套服务,15.38,15.39,15.27
sz300050,世纪鼎利,2014-02-20,16.0,16.33,15.55,15.97,16.01,4732364.0,75496781.7,3429759983.63,3449520000.0,-36544528.89,110368253.65,1470732651.78,1543707160.2,72974508.42,-13159811.310000002,2578.46,3462.35,1806.47,1475.13,2121.36,2018.92,1043.38,593.27,,,,,,,通信,通信设备,通信配套服务,15.83,15.85,15.72
sz300050,世纪鼎利,2014-02-21,16.0,16.33,15.75,16.0,15.97,3383974.0,54239004.5,3436202864.0,3456000000.0,-36544528.89,110368253.65,1470732651.78,1543707160.2,72974508.42,-13159811.310000002,2615.71,2278.12,1116.2,825.1,1560.6,1712.36,131.38,608.31,,,,,,,通信,通信设备,通信配套服务,15.77,16.18,16.08
sz300050,世纪鼎利,2014-02-24,15.81,16.2,15.2,16.0,16.0,2849677.0,44950606.7,3436202864.0,3456000000.0,-36544528.89,110368253.65,1470732651.78,1543707160.2,72974508.42,-13159811.310000002,2208.85,1814.36,912.87,1361.02,1373.33,1176.94,0.0,142.74,,,,,,,通信,通信设备,通信配套服务,15.8,15.41,15.4
sz300050,世纪鼎利,2014-02-25,15.9,16.65,14.86,15.25,16.0,4900699.0,77063551.9,3275130854.75,3294000000.0,-36544528.89,110368253.65,1470732651.78,1543707160.2,72974508.42,-13159811.310000002,3191.84,2855.67,2043.62,2151.96,2353.01,2120.42,117.87,578.3,,,,,,,通信,通信设备,通信配套服务,15.86,16.25,16.05
sz300050,世纪鼎利,2014-02-26,15.01,15.07,13.73,14.51,15.25,3029407.0,43342779.9,3116206472.29,3134160000.0,-36544528.89,110368253.65,1470732651.78,1543707160.2,72974508.42,-13159811.310000002,1805.72,1633.01,748.29,1161.07,1613.17,1133.4,167.09,406.79,,,,,,,通信,通信设备,通信配套服务,14.83,14.82,14.25
sz300050,世纪鼎利,2014-02-27,14.4,14.89,14.21,14.5,14.51,2830800.0,41283637.9,3114058845.5,3132000000.0,-36544528.89,110368253.65,1470732651.78,1543707160.2,72974508.42,-13159811.310000002,2016.57,1711.88,690.12,1143.91,1421.66,1169.61,0.0,102.95,,,,,,,通信,通信设备,通信配套服务,14.52,14.72,14.84
sz300050,世纪鼎利,2014-02-28,14.45,14.63,13.97,14.5,14.5,1861875.0,26464333.7,3114058845.5,3132000000.0,-36544528.89,110368253.65,1470732651.78,1543707160.2,72974508.42,-13159811.310000002,1198.66,1471.64,511.76,230.83,936.0,943.96,0.0,0.0,,,,,,,通信,通信设备,通信配套服务,14.45,14.13,14.27
sz300050,世纪鼎利,2014-03-03,14.7,15.5,14.69,15.4,14.5,2390303.0,36207660.3,3307345256.6,3326400000.0,-69236012.73,15152851.19,1408825274.62,1534896169.89,126070895.27,-42341793.72,1803.85,1738.62,547.88,288.03,1269.02,1594.11,0.0,0.0,,,,,,,通信,通信设备,通信配套服务,14.9,15.0,15.0
sz300050,世纪鼎利,2014-03-04,15.45,15.8,15.15,15.53,15.4,2118707.0,32711325.4,3335264404.87,3354480000.0,-69236012.73,15152851.19,1408825274.62,1534896169.89,126070895.27,-42341793.72,1577.68,1380.83,493.24,296.07,974.93,1287.37,225.28,306.86,,,,,,,通信,通信设备,通信配套服务,15.4,15.3,15.26
sz300050,世纪鼎利,2014-03-05,15.75,15.82,15.2,15.65,15.53,2107457.0,32733581.2,3361035926.35,3380400000.0,-69236012.73,15152851.19,1408825274.62,1534896169.89,126070895.27,-42341793.72,1242.78,1709.6,1227.0,483.04,803.56,1080.71,0.0,0.0,,,,,,,通信,通信设备,通信配套服务,15.54,15.52,15.42
sz300050,世纪鼎利,2014-03-06,15.65,15.85,15.3,15.78,15.65,2747714.0,42790722.9,3388955074.62,3408480000.0,-69236012.73,15152851.19,1408825274.62,1534896169.89,126070895.27,-42341793.72,1338.68,1912.07,1717.38,860.2,1222.99,1506.79,0.0,0.0,,,,,,,通信,通信设备,通信配套服务,15.41,15.65,15.48
sz300050,世纪鼎利,2014-03-07,15.78,15.93,15.01,15.16,15.78,1840574.0,28361826.8,3255802213.64,3274560000.0,-69236012.73,15152851.19,1408825274.62,1534896169.89,126070895.27,-42341793.72,1135.92,1485.79,393.4,517.75,1306.84,832.62,0.0,0.0,,,,,,,通信,通信设备,通信配套服务,15.7,15.8,15.67
sz300050,世纪鼎利,2014-03-10,14.86,15.0,13.7,13.8,15.16,2113422.0,30309550.3,2963724970.2,2980800000.0,-69236012.73,15152851.19,1408825274.62,1534896169.89,126070895.27,-42341793.72,1460.02,1517.73,226.5,796.13,1344.42,717.1,0.0,0.0,,,,,,,通信,通信设备,通信配套服务,14.88,14.97,14.71
sz300050,世纪鼎利,2014-03-11,13.72,14.18,13.68,13.94,13.8,1509480.0,21001025.2,2993791745.26,3011040000.0,-69236012.73,15152851.19,1408825274.62,1534896169.89,126070895.27,-42341793.72,844.41,1047.6,343.91,123.76,911.77,928.73,0.0,0.0,,,,,,,通信,通信设备,通信配套服务,13.94,13.76,13.95
sz300050,世纪鼎利,2014-03-12,13.93,14.17,13.5,13.75,13.94,1206976.0,16659237.7,2952986836.25,2970000000.0,-69236012.73,15152851.19,1408825274.62,1534896169.89,126070895.27,-42341793.72,698.09,777.19,75.22,314.65,892.61,574.09,0.0,0.0,,,,,,,通信,通信设备,通信配套服务,13.98,13.9,13.95
sz300050,世纪鼎利,2014-03-13,13.75,14.01,13.7,13.85,13.75,1125004.0,15571881.8,2974463104.15,2991600000.0,-69236012.73,15152851.19,1408825274.62,1534896169.89,126070895.27,-42341793.72,657.54,530.99,250.3,558.64,649.35,467.56,0.0,0.0,,,,,,,通信,通信设备,通信配套服务,13.8,13.78,13.75
sz300050,世纪鼎利,2014-03-14,13.8,14.07,13.68,13.79,13.85,1477546.0,20448395.0,2961577343.41,2978640000.0,-69236012.73,15152851.19,1408825274.62,1534896169.89,126070895.27,-42341793.72,936.66,1116.5,76.62,129.71,827.41,593.66,204.14,204.97,,,,,,,通信,通信设备,通信配套服务,13.8,13.88,13.94
sz300050,世纪鼎利,2014-03-17,13.8,14.37,13.63,14.31,13.79,1680786.0,23608327.9,3073253936.49,3090960000.0,-69236012.73,15152851.19,1408825274.62,1534896169.89,126070895.27,-42341793.72,1217.15,1107.99,340.11,316.62,803.56,936.2,0.0,0.0,,,,,,,通信,通信设备,通信配套服务,13.85,13.73,13.7
sz300050,世纪鼎利,2014-03-18,14.43,14.81,14.3,14.5,14.31,2211130.0,32163224.9,3114058845.5,3132000000.0,-69236012.73,15152851.19,1408825274.62,1534896169.89,126070895.27,-42341793.72,1374.3,1670.31,851.05,345.04,990.96,1065.37,0.0,135.59,,,,,,,通信,通信设备,通信配套服务,14.36,14.37,14.4
sz300050,世纪鼎利,2014-03-19,14.5,15.13,14.38,15.02,14.5,3186070.0,47067670.0,3225735438.58,3244320000.0,-69236012.73,15152851.19,1408825274.62,1534896169.89,126070895.27,-42341793.72,1343.26,2286.27,1578.85,685.03,1057.43,1515.64,727.21,219.81,,,,,,,通信,通信设备,通信配套服务,14.45,14.41,14.44
sz300050,世纪鼎利,2014-03-20,15.03,15.05,14.25,14.27,15.02,2029192.0,29849065.1,3064663429.33,3082320000.0,-69236012.73,15152851.19,1408825274.62,1534896169.89,126070895.27,-42341793.72,1384.25,1720.37,196.6,283.37,1404.04,981.15,0.0,0.0,,,,,,,通信,通信设备,通信配套服务,15.0,14.95,14.89
sz300050,世纪鼎利,2014-03-21,14.2,15.0,13.75,14.65,14.27,2606827.0,37368198.4,3146273247.35,3164400000.0,-69236012.73,15152851.19,1408825274.62,1534896169.89,126070895.27,-42341793.72,1549.65,2072.5,437.2,678.1,1176.56,986.2,573.4,0.0,,,,,,,通信,通信设备,通信配套服务,14.17,13.92,13.93
sz300050,世纪鼎利,2014-03-24,14.52,14.99,14.48,14.58,14.65,2050300.0,30175603.1,3131239859.82,3149280000.0,-69236012.73,15152851.19,1408825274.62,1534896169.89,126070895.27,-42341793.72,1449.34,1326.19,265.53,183.1,1302.68,1508.25,0.0,0.0,,,,,,,通信,通信设备,通信配套服务,14.77,14.65,14.61
sz300050,世纪鼎利,2014-03-25,14.57,14.95,14.48,14.66,14.58,3223555.0,47542852.8,3148420874.14,3166560000.0,-69236012.73,15152851.19,1408825274.62,1534896169.89,126070895.27,-42341793.72,2163.36,2319.23,1264.08,1336.01,1326.83,1099.04,0.0,0.0,,,,,,,通信,通信设备,通信配套服务,14.64,14.95,14.88
sz300050,世纪鼎利,2014-03-26,14.65,15.34,14.49,15.11,14.66,4739312.0,70797973.2,3245064079.69,3263760000.0,-69236012.73,15152851.19,1408825274.62,1534896169.89,126070895.27,-42341793.72,3456.09,3843.15,1338.7,1129.55,2056.82,2107.1,228.18,0.0,,,,,,,通信,通信设备,通信配套服务,14.73,14.68,14.7
sz300050,世纪鼎利,2014-03-27,15.11,15.11,14.4,14.4,15.11,3146955.0,46150893.6,3092582577.6,3110400000.0,-69236012.73,15152851.19,1408825274.62,1534896169.89,126070895.27,-42341793.72,2286.19,2255.15,702.14,1252.79,1626.74,1107.14,0.0,0.0,,,,,,,通信,通信设备,通信配套服务,14.92,14.91,14.86
sz300050,世纪鼎利,2014-03-28,14.35,14.52,13.56,13.66,14.4,2328320.0,32320014.0,2933658195.14,2950560000.0,-69236012.73,15152851.19,1408825274.62,1534896169.89,126070895.27,-42341793.72,1597.87,1555.4,215.01,751.39,1410.08,925.2,9.04,0.0,,,,,,,通信,通信设备,通信配套服务,14.4,14.03,14.3
sz300050,世纪鼎利,2014-03-31,13.66,13.85,13.29,13.4,13.66,1177004.0,16037646.6,2877819898.6,2894400000.0,-69236012.73,15152851.19,1408825274.62,1534896169.89,126070895.27,-42341793.72,731.1,837.13,140.22,211.66,732.44,554.97,0.0,0.0,,,,,,,通信,通信设备,通信配套服务,13.82,13.57,13.58
sz300050,世纪鼎利,2014-04-01,13.4,13.83,13.33,13.6,13.4,1755538.0,23926396.8,2920772434.4,2937600000.0,-69236012.73,15152851.19,1408825274.62,1534896169.89,126070895.27,-42341793.72,1058.04,1251.34,339.23,353.08,995.35,788.2,0.0,0.0,,,,,,,通信,通信设备,通信配套服务,13.43,13.5,13.72
sz300050,世纪鼎利,2014-04-02,13.61,13.75,13.4,13.61,13.6,1300554.0,17653239.7,2922920061.19,2939760000.0,-69236012.73,15152851.19,1408825274.62,1534896169.89,126070895.27,-42341793.72,877.01,826.97,215.57,261.42,672.73,676.93,0.0,0.0,,,,,,,通信,通信设备,通信配套服务,13.67,13.5,13.48
sz300050,世纪鼎利,2014-04-03,13.65,14.09,13.51,13.79,13.61,1845661.0,25563363.1,2961577343.41,2978640000.0,-69236012.73,15152851.19,1408825274.62,1534896169.89,126070895.27,-42341793.72,982.02,1017.35,572.28,431.03,785.42,859.9,216.62,248.06,,,,,,,通信,通信设备,通信配套服务,13.52,13.61,13.67
sz300050,世纪鼎利,2014-04-04,13.76,14.35,13.69,14.25,13.79,1545419.0,21627497.1,3060368175.75,3078000000.0,-69236012.73,15152851.19,1408825274.62,1534896169.89,126070895.27,-42341793.72,831.73,921.77,774.65,451.62,556.37,789.35,0.0,0.0,,,,,,,通信,通信设备,通信配套服务,13.72,13.74,13.8
sz300050,世纪鼎利,2014-04-08,13.91,14.25,13.9,14.19,14.25,1171332.0,16493746.8,3047482415.01,3065040000.0,-69236012.73,15152851.19,1408825274.62,1534896169.89,126070895.27,-42341793.72,853.76,750.89,139.33,243.41,656.28,655.07,0.0,0.0,,,,,,,通信,通信设备,通信配套服务,14.05,13.91,13.98
sz300050,世纪鼎利,2014-04-09,14.28,14.45,14.18,14.33,14.19,1579411.0,22667196.1,3077549190.07,3095280000.0,-69236012.73,15152851.19,1408825274.62,1534896169.89,126070895.27,-42341793.72,1089.9,1014.87,245.84,297.1,780.84,810.93,150.13,143.8,,,,,,,通信,通信设备,通信配套服务,14.22,14.23,14.3
sz300050,世纪鼎利,2014-04-10,14.44,14.89,14.36,14.56,14.33,3107042.0,45308069.3,3126944606.24,3144960000.0,-69236012.73,15152851.19,1408825274.62,1534896169.89,126070895.27,-42341793.72,1941.8,2176.36,1200.3,537.47,1240.91,1816.95,147.78,0.0,,,,,,,通信,通信设备,通信配套服务,14.4,14.4,14.59
sz300050,世纪鼎利,2014-04-11,14.28,14.75,14.18,14.68,14.56,2341072.0,33946636.7,3152716127.72,3170880000.0,-69236012.73,15152851.19,1408825274.62,1534896169.89,126070895.27,-42341793.72,1255.19,1362.34,1000.57,751.7,1012.83,1051.29,126.06,229.33,,,,,,,通信,通信设备,通信配套服务,14.32,14.35,14.3
sz300050,世纪鼎利,2014-04-14,14.8,15.3,14.61,15.14,14.68,2676815.0,40042234.1,3251506960.06,3270240000.0,-69236012.73,15152851.19,1408825274.62,1534896169.89,126070895.27,-42341793.72,1400.5,2049.87,1136.5,479.82,927.39,1474.53,539.82,0.0,,,,,,,通信,通信设备,通信配套服务,14.71,14.66,14.71
sz300050,世纪鼎利,2014-04-15,14.99,15.36,14.91,15.01,15.14,2640087.0,40014571.4,3223587811.79,3242160000.0,-69236012.73,15152851.19,1408825274.62,1534896169.89,126070895.27,-42341793.72,1706.37,1747.2,1007.02,976.4,1288.06,1277.85,0.0,0.0,,,,,,,通信,通信设备,通信配套服务,14.98,15.04,15.13
sz300050,世纪鼎利,2014-04-16,15.1,15.1,14.66,14.92,15.01,1816406.0,26912156.3,3204259170.68,3222720000.0,-69236012.73,15152851.19,1408825274.62,1534896169.89,126070895.27,-42341793.72,1329.51,957.73,274.6,844.35,1087.1,759.99,0.0,129.14,,,,,,,通信,通信设备,通信配套服务,15.03,14.94,14.89
sz300050,世纪鼎利,2014-04-17,14.81,15.48,14.81,15.05,14.92,2246214.0,34219863.6,3232178318.95,3250800000.0,-69236012.73,15152851.19,1408825274.62,1534896169.89,126070895.27,-42341793.72,1675.6,1679.69,560.83,510.94,1122.59,1231.34,62.95,0.0,,,,,,,通信,通信设备,通信配套服务,14.92,15.02,15.18
sz300050,世纪鼎利,2014-04-18,15.05,15.19,14.88,14.92,15.05,2023978.0,30335633.9,3204259170.68,3222720000.0,-69236012.73,15152851.19,1408825274.62,1534896169.89,126070895.27,-42341793.72,1098.63,990.3,843.17,1192.03,942.07,530.84,149.7,320.38,,,,,,,通信,通信设备,通信配套服务,15.02,15.12,15.06
sz300050,世纪鼎利,2014-04-21,14.8,14.96,14.59,14.64,14.92,1593567.0,23541226.7,3144125620.56,3162240000.0,-69236012.73,15152851.19,1408825274.62,1534896169.89,126070895.27,-42341793.72,1060.11,1103.24,485.51,574.2,808.5,676.67,0.0,0.0,,,,,,,通信,通信设备,通信配套服务,14.73,14.65,14.69
sz300050,世纪鼎利,2014-04-22,14.67,15.35,14.52,15.35,14.64,3176464.0,47477360.5,3296607122.65,3315600000.0,-69236012.73,15152851.19,1408825274.62,1534896169.89,126070895.27,-42341793.72,1641.82,1988.09,1459.51,1074.22,1646.39,1685.42,0.0,0.0,,,,,,,通信,通信设备,通信配套服务,14.76,14.86,15.0
sz300050,世纪鼎利,2014-04-23,15.24,15.83,15.17,15.44,15.35,3370042.0,51965338.7,3315935763.76,3335040000.0,-69236012.73,15152851.19,1408825274.62,1534896169.89,126070895.27,-42341793.72,2124.37,1893.72,1168.98,895.09,1637.17,1692.5,266.0,715.21,,,,,,,通信,通信设备,通信配套服务,15.35,15.25,15.28
sz300050,世纪鼎利,2014-04-24,15.4,15.99,14.93,15.2,15.44,3716136.0,57536450.9,3264392720.8,3283200000.0,-69236012.73,15152851.19,1408825274.62,1534896169.89,126070895.27,-42341793.72,2786.73,2623.49,1095.65,1383.55,1871.26,1600.98,0.0,145.63,,,,,,,通信,通信设备,通信配套服务,15.48,15.22,15.26
sz300050,世纪鼎利,2014-04-25,15.0,15.25,14.5,14.55,15.2,2834281.0,42201362.0,3124796979.45,3142800000.0,-67308934.71000001,-6221914.870000001,1411092625.64,1514977813.21,103885187.57,3302568.05,1859.76,1706.3,564.73,1389.03,1492.15,1124.79,303.49,0.0,,,,,,,通信,通信设备,通信配套服务,15.07,15.09,15.0
sz300050,世纪鼎利,2014-04-28,14.8,15.05,13.32,13.5,14.55,5599948.0,79980913.1,2899296166.5,2916000000.0,-67308934.71000001,-6221914.870000001,1411092625.64,1514977813.21,103885187.57,3302568.05,2531.29,2707.19,1171.16,1793.19,2063.38,1420.1,2232.24,2077.59,,,,,,,通信,通信设备,通信配套服务,14.7,14.51,14.5
sz300050,世纪鼎利,2014-04-29,13.45,13.7,12.99,13.58,13.5,2330633.0,30990878.1,2916477180.82,2933280000.0,-67308934.71000001,-6221914.870000001,1411092625.64,1514977813.21,103885187.57,3302568.05,1322.66,1441.01,611.92,555.36,1164.49,1102.71,0.0,0.0,,,,,,,通信,通信设备,通信配套服务,13.37,12.99,13.36
sz300050,世纪鼎利,2014-04-30,13.48,14.01,13.48,13.94,13.58,1306435.0,18014594.1,2993791745.26,3011040000.0,-67308934.71000001,-6221914.870000001,1411092625.64,1514977813.21,103885187.57,3302568.05,815.03,984.13,300.08,76.0,686.35,741.32,0.0,0.0,,,,,,,通信,通信设备,通信配套服务,13.7,13.59,13.68
sz300050,世纪鼎利,2014-05-05,13.8,14.27,13.8,14.22,13.94,1093778.0,15359224.1,3053925295.38,3071520000.0,-67308934.71000001,-6221914.870000001,1411092625.64,1514977813.21,103885187.57,3302568.05,744.26,721.88,254.28,170.92,537.37,643.11,0.0,0.0,,,,,,,通信,通信设备,通信配套服务,13.93,13.88,13.87
sz300050,世纪鼎利,2014-05-06,14.23,14.59,14.1,14.4,14.22,1461896.0,21011711.8,3092582577.6,3110400000.0,-67308934.71000001,-6221914.870000001,1411092625.64,1514977813.21,103885187.57,3302568.05,964.71,725.5,388.78,494.94,747.66,880.72,0.0,0.0,,,,,,,通信,通信设备,通信配套服务,14.1,14.23,14.35
sz300050,世纪鼎利,2014-05-07,14.3,14.5,13.97,14.03,14.4,1869425.0,26537702.7,3013120386.37,3030480000.0,-67308934.71000001,-6221914.870000001,1411092625.64,1514977813.21,103885187.57,3302568.05,1259.14,1048.88,304.75,737.28,1089.87,867.59,0.0,0.0,,,,,,,通信,通信设备,通信配套服务,14.39,14.21,14.1
sz300050,世纪鼎利,2014-05-08,14.01,14.35,13.99,14.04,14.03,805787.0,11396613.4,3015268013.16,3032640000.0,-67308934.71000001,-6221914.870000001,1411092625.64,1514977813.21,103885187.57,3302568.05,465.15,504.13,120.7,66.44,553.81,569.08,0.0,0.0,,,,,,,通信,通信设备,通信配套服务,14.07,14.03,14.08
sz300050,世纪鼎利,2014-05-09,14.04,14.16,13.8,13.89,14.04,950462.0,13283336.1,2983053611.31,3000240000.0,-67308934.71000001,-6221914.870000001,1411092625.64,1514977813.21,103885187.57,3302568.05,682.56,683.12,86.14,154.59,559.63,490.62,0.0,0.0,,,,,,,通信,通信设备,通信配套服务,13.95,13.9,13.94
sz300050,世纪鼎利,2014-05-12,13.92,14.18,13.73,14.13,13.89,1679383.0,23522857.2,3034596654.27,3052080000.0,-67308934.71000001,-6221914.870000001,1411092625.64,1514977813.21,103885187.57,3302568.05,1084.36,1064.2,472.73,627.41,795.18,660.66,0.0,0.0,,,,,,,通信,通信设备,通信配套服务,14.14,14.05,13.92
sz300050,世纪鼎利,2014-05-13,14.11,14.27,13.82,14.0,14.13,1080797.0,15186694.8,3006677506.0,3024000000.0,-67308934.71000001,-6221914.870000001,1411092625.64,1514977813.21,103885187.57,3302568.05,594.94,648.77,231.11,281.26,689.08,455.74,0.0,129.35,,,,,,,通信,通信设备,通信配套服务,14.24,14.19,14.14
sz300050,世纪鼎利,2014-05-14,13.9,14.38,13.9,14.26,14.0,1484720.0,21053246.6,3062515802.54,3080160000.0,-67308934.71000001,-6221914.870000001,1411092625.64,1514977813.21,103885187.57,3302568.05,1192.96,1038.97,280.48,290.32,631.88,776.03,0.0,0.0,,,,,,,通信,通信设备,通信配套服务,14.0,14.06,14.1
sz300050,世纪鼎利,2014-05-15,14.26,14.33,13.4,13.4,14.26,1705891.0,23587731.8,2877819898.6,2894400000.0,-67308934.71000001,-6221914.870000001,1411092625.64,1514977813.21,103885187.57,3302568.05,927.38,1045.79,444.58,667.68,980.28,543.42,6.53,101.87,,,,,,,通信,通信设备,通信配套服务,14.2,14.23,14.16
sz300050,世纪鼎利,2014-05-16,13.47,14.2,13.11,14.17,13.4,2886128.0,39733969.8,3043187161.43,3060720000.0,-67308934.71000001,-6221914.870000001,1411092625.64,1514977813.21,103885187.57,3302568.05,1655.59,1851.93,1003.59,661.55,1219.82,1459.9,94.39,0.0,,,,,,,通信,通信设备,通信配套服务,13.42,13.5,13.47
sz300050,世纪鼎利,2014-05-19,14.12,14.88,14.04,14.35,14.17,2410728.0,34858008.9,3081844443.65,3099600000.0,-67308934.71000001,-6221914.870000001,1411092625.64,1514977813.21,103885187.57,3302568.05,1739.01,1541.05,289.4,351.38,1457.37,1464.97,0.0,128.4,,,,,,,通信,通信设备,通信配套服务,14.13,14.28,14.69
sz300050,世纪鼎利,2014-05-20,14.35,14.84,14.2,14.38,14.35,2649104.0,38477811.3,3088287324.02,3106080000.0,-67308934.71000001,-6221914.870000001,1411092625.64,1514977813.21,103885187.57,3302568.05,1546.81,1377.33,656.06,1232.6,1525.69,1122.8,119.22,115.04,,,,,,,通信,通信设备,通信配套服务,14.24,14.67,14.82
sz300050,世纪鼎利,2014-05-21,14.3,14.89,14.3,14.74,14.38,3168098.0,46431385.8,3165601888.46,3183840000.0,-67308934.71000001,-6221914.870000001,1411092625.64,1514977813.21,103885187.57,3302568.05,1791.68,1739.07,1018.88,639.77,1730.72,1567.85,101.85,696.44,,,,,,,通信,通信设备,通信配套服务,14.53,14.42,14.64
sz300050,世纪鼎利,2014-05-22,14.75,15.1,14.6,14.77,14.74,3174891.0,47212986.6,3172044768.83,3190320000.0,-67308934.71000001,-6221914.870000001,1411092625.64,1514977813.21,103885187.57,3302568.05,2160.13,2101.4,514.23,969.97,1777.06,1649.93,269.87,0.0,,,,,,,通信,通信设备,通信配套服务,14.74,14.66,14.81
sz300050,世纪鼎利,2014-05-23,14.65,15.26,14.42,15.12,14.77,5293670.0,78500977.9,3247211706.48,3265920000.0,-67308934.71000001,-6221914.870000001,1411092625.64,1514977813.21,103885187.57,3302568.05,2805.07,2499.91,1987.2,1734.06,2116.05,2041.81,941.77,1574.31,,,,,,,通信,通信设备,通信配套服务,14.76,14.85,14.87
sz300050,世纪鼎利,2014-05-26,15.12,15.34,14.98,15.23,15.12,2975379.0,45094721.2,3270835601.17,3289680000.0,-67308934.71000001,-6221914.870000001,1411092625.64,1514977813.21,103885187.57,3302568.05,2445.79,2177.12,555.4,689.44,1508.26,1642.89,0.0,0.0,,,,,,,通信,通信设备,通信配套服务,15.08,15.08,15.12
sz300050,世纪鼎利,2014-05-27,15.17,15.83,15.03,15.48,15.23,4327858.0,66911802.0,3324526270.92,3343680000.0,-67308934.71000001,-6221914.870000001,1411092625.64,1514977813.21,103885187.57,3302568.05,3174.13,3187.04,1218.26,1022.57,2082.29,2481.56,216.48,0.0,,,,,,,通信,通信设备,通信配套服务,15.08,15.11,15.11
sz300050,世纪鼎利,2014-05-28,15.44,17.03,15.35,17.03,15.48,9914059.0,160412071.4,3657408423.37,3678480000.0,-67308934.71000001,-6221914.870000001,1411092625.64,1514977813.21,103885187.57,3302568.05,6288.97,7372.25,4495.34,2967.04,3743.47,5261.74,1513.41,440.16,,,,,,,通信,通信设备,通信配套服务,15.4,15.51,15.55
sz300050,世纪鼎利,2014-05-29,17.51,18.06,17.06,17.78,17.03,11225782.0,196584407.8,3818480432.62,3840480000.0,-67308934.71000001,-6221914.870000001,1411092625.64,1514977813.21,103885187.57,3302568.05,8482.94,8254.09,3601.41,5102.75,7304.77,6045.54,269.28,256.02,,,,,,,通信,通信设备,通信配套服务,17.57,17.43,17.26
sz300050,世纪鼎利,2014-07-30,19.56,19.56,19.45,19.56,17.78,5723928.0,111946109.9,4200758001.24,4224960000.0,-67308934.71000001,-6221914.870000001,1411092625.64,1514977813.21,103885187.57,3302568.05,1702.25,2726.67,1620.76,3579.28,956.73,1513.14,6914.86,3375.51,,,,,,,通信,通信设备,通信配套服务,19.56,19.56,19.56
sz300050,世纪鼎利,2014-07-31,20.15,20.92,18.41,19.61,19.56,16665425.0,322060600.1,4211496135.19,4235760000.0,-67308934.71000001,-6221914.870000001,1411092625.64,1514977813.21,103885187.57,3302568.05,12507.01,10888.16,8203.43,11963.61,10901.29,7702.45,594.28,1651.79,,,,,,,通信,通信设备,通信配套服务,20.5,19.62,19.7
sz300050,世纪鼎利,2014-08-01,18.81,19.2,18.12,18.14,19.61,8471920.0,158248969.2,3895794997.06,3918240000.0,-67308934.71000001,-6221914.870000001,1411092625.64,1514977813.21,103885187.57,3302568.05,6775.99,6338.29,2059.17,3332.03,6755.26,4932.21,234.46,1222.34,,,,,,,通信,通信设备,通信配套服务,19.05,19.03,18.76
sz300050,世纪鼎利,2014-08-04,17.84,18.37,17.7,18.05,18.14,5570932.0,100579187.4,3876466355.95,3898800000.0,-67308934.71000001,-6221914.870000001,1411092625.64,1514977813.21,103885187.57,3302568.05,4514.88,4436.2,2018.05,2043.32,3498.29,3574.57,26.69,3.81,,,,,,,通信,通信设备,通信配套服务,17.94,17.73,18.02
sz300050,世纪鼎利,2014-08-05,18.0,18.45,17.7,18.3,18.05,5732704.0,103639590.2,3930157025.7,3952800000.0,-67308934.71000001,-6221914.870000001,1411092625.64,1514977813.21,103885187.57,3302568.05,4707.68,4849.9,1285.88,1537.36,4219.4,3691.97,150.98,284.7,,,,,,,通信,通信设备,通信配套服务,17.99,17.83,17.75
sz300050,世纪鼎利,2014-08-06,17.95,18.13,17.8,17.93,18.3,4749819.0,85150984.9,3850694834.47,3872880000.0,-67308934.71000001,-6221914.870000001,1411092625.64,1514977813.21,103885187.57,3302568.05,3702.51,2851.76,1320.81,2769.35,3491.76,2223.08,0.0,670.89,,,,,,,通信,通信设备,通信配套服务,17.83,17.89,18.05
sz300050,世纪鼎利,2014-08-07,17.81,18.45,17.58,18.13,17.93,5596239.0,101007665.8,3893647370.27,3916080000.0,-67308934.71000001,-6221914.870000001,1411092625.64,1514977813.21,103885187.57,3302568.05,4236.37,4168.11,2013.74,1773.83,3453.28,3811.12,397.35,347.69,,,,,,,通信,通信设备,通信配套服务,17.94,17.8,17.71
sz300050,世纪鼎利,2014-08-08,18.04,18.6,17.91,18.28,18.13,4658528.0,85440610.0,3925861772.12,3948480000.0,-67308934.71000001,-6221914.870000001,1411092625.64,1514977813.21,103885187.57,3302568.05,4193.22,4061.28,1210.02,1357.54,2993.71,3109.61,147.08,15.61,,,,,,,通信,通信设备,通信配套服务,18.0,18.1,18.2
sz300050,世纪鼎利,2014-08-11,18.39,18.66,18.2,18.24,18.28,3224147.0,59111481.3,3917271264.96,3939840000.0,-39072842.66000001,27673469.98,1423532993.9,1499683331.67,76150337.77,13126194.32,2706.87,2631.98,725.58,1213.51,2478.67,2065.64,0.0,0.0,,,,,,,通信,通信设备,通信配套服务,18.38,18.3,18.57
sz300050,世纪鼎利,2014-08-12,18.03,18.38,17.89,18.06,18.24,2824493.0,51132196.3,3878613982.74,3900960000.0,-39072842.66000001,27673469.98,1423532993.9,1499683331.67,76150337.77,13126194.32,2045.54,2012.56,761.54,989.68,2305.77,1877.12,0.36,233.85,,,,,,,通信,通信设备,通信配套服务,18.13,18.14,18.09
sz300050,世纪鼎利,2014-08-13,18.08,18.24,17.58,17.79,18.06,3841067.0,68311811.2,3820628059.41,3842640000.0,-39072842.66000001,27673469.98,1423532993.9,1499683331.67,76150337.77,13126194.32,2726.38,2829.33,955.76,1332.57,3009.44,1937.81,139.59,731.47,,,,,,,通信,通信设备,通信配套服务,18.19,18.08,18.05
sz300050,世纪鼎利,2014-08-14,17.7,18.16,17.65,17.9,17.79,2813694.0,50466334.0,3844251954.1,3866400000.0,-39072842.66000001,27673469.98,1423532993.9,1499683331.67,76150337.77,13126194.32,2011.25,1777.65,847.03,827.07,1915.29,1971.55,273.05,470.36,,,,,,,通信,通信设备,通信配套服务,17.7,17.83,17.88
sz300050,世纪鼎利,2014-08-15,17.95,18.06,17.75,17.94,17.9,2577831.0,46092739.5,3852842461.26,3875040000.0,-39072842.66000001,27673469.98,1423532993.9,1499683331.67,76150337.77,13126194.32,2162.42,2214.37,709.26,894.16,1710.76,1388.64,26.82,112.09,,,,,,,通信,通信设备,通信配套服务,18.0,17.99,17.91
sz300050,世纪鼎利,2014-08-18,17.94,19.4,17.91,19.11,17.94,8328775.0,156681850.8,4104114795.69,4127760000.0,-39072842.66000001,27673469.98,1423532993.9,1499683331.67,76150337.77,13126194.32,5615.25,6512.2,5366.27,3958.34,3964.25,5045.81,722.01,151.44,,,,,,,通信,通信设备,通信配套服务,18.05,18.13,18.08
sz300050,世纪鼎利,2014-08-19,18.97,19.95,18.91,19.24,19.11,7684489.0,149528638.9,4132033943.96,4155840000.0,-39072842.66000001,27673469.98,1423532993.9,1499683331.67,76150337.77,13126194.32,5971.12,6778.15,4240.12,3782.07,4355.71,4392.63,385.89,0.0,,,,,,,通信,通信设备,通信配套服务,19.2,19.18,19.36
sz300050,世纪鼎利,2014-08-20,19.34,19.75,18.85,19.3,19.24,4536728.0,87076921.1,4144919704.7,4168800000.0,-39072842.66000001,27673469.98,1423532993.9,1499683331.67,76150337.77,13126194.32,3038.13,3298.13,1755.41,2130.41,2980.45,2437.12,933.69,842.01,,,,,,,通信,通信设备,通信配套服务,19.02,19.0,19.1
sz300050,世纪鼎利,2014-08-21,19.21,19.24,18.8,19.11,19.3,2239916.0,42657019.3,4104114795.69,4127760000.0,-39072842.66000001,27673469.98,1423532993.9,1499683331.67,76150337.77,13126194.32,1539.13,1794.0,987.91,1062.11,1738.65,1409.57,0.0,0.0,,,,,,,通信,通信设备,通信配套服务,19.2,19.0,19.1
sz300050,世纪鼎利,2014-08-22,19.09,19.22,18.6,19.11,19.11,3557943.0,67239087.5,4104114795.69,4127760000.0,-39072842.66000001,27673469.98,1423532993.9,1499683331.67,76150337.77,13126194.32,2542.12,1842.86,1197.8,3105.77,2436.7,1613.3,547.28,161.96,,,,,,,通信,通信设备,通信配套服务,19.09,19.17,19.13
sz300050,世纪鼎利,2014-08-25,18.98,18.98,17.7,17.98,19.11,5939823.0,107801940.2,3861432968.42,3883680000.0,-39072842.66000001,27673469.98,1423532993.9,1499683331.67,76150337.77,13126194.32,2969.66,3082.13,1951.89,3120.01,4086.34,2612.4,984.72,1178.07,,,,,,,通信,通信设备,通信配套服务,18.81,18.73,18.57
sz300050,世纪鼎利,2014-08-26,17.9,17.95,16.72,16.77,17.98,6531754.0,112766622.5,3601570126.83,3622320000.0,-39072842.66000001,27673469.98,1423532993.9,1499683331.67,76150337.77,13126194.32,4407.81,3489.93,1938.13,4349.72,4450.57,2222.1,480.14,1214.9,,,,,,,通信,通信设备,通信配套服务,17.94,17.63,17.58
sz300050,世纪鼎利,2014-08-27,16.72,17.19,16.7,16.96,16.77,3194409.0,54073596.2,3642375035.84,3663360000.0,-39072842.66000001,27673469.98,1423532993.9,1499683331.67,76150337.77,13126194.32,2432.42,3096.39,927.06,812.28,2047.87,1498.68,0.0,0.0,,,,,,,通信,通信设备,通信配套服务,16.89,17.06,16.99
sz300050,世纪鼎利,2014-08-28,16.94,17.33,16.86,17.18,16.96,2509566.0,42881372.1,3689622825.22,3710880000.0,-39072842.66000001,27673469.98,1423532993.9,1499683331.67,76150337.77,13126194.32,1942.99,1732.22,833.43,739.14,1466.54,1781.7,10.11,0.0,,,,,,,通信,通信设备,通信配套服务,17.03,17.05,17.0
sz300050,世纪鼎利,2014-08-29,17.11,17.3,16.96,17.25,17.18,1495507.0,25677357.3,3704656212.75,3726000000.0,-39072842.66000001,27673469.98,1423532993.9,1499683331.67,76150337.77,13126194.32,1090.67,971.59,305.98,471.75,1171.08,1124.38,0.0,0.0,,,,,,,通信,通信设备,通信配套服务,17.18,17.13,17.04
sz300050,世纪鼎利,2014-09-01,17.41,17.7,17.27,17.53,17.25,2484105.0,43539370.9,3764789762.87,3786480000.0,-39072842.66000001,27673469.98,1423532993.9,1499683331.67,76150337.77,13126194.32,2087.94,1849.79,786.87,636.42,1479.12,1636.57,0.0,231.15,,,,,,,通信,通信设备,通信配套服务,17.39,17.36,17.45
sz300050,世纪鼎利,2014-09-02,17.58,18.13,17.54,18.02,17.53,3699002.0,66111713.0,3870023475.58,3892320000.0,-39072842.66000001,27673469.98,1423532993.9,1499683331.67,76150337.77,13126194.32,3006.46,2758.35,1562.55,1331.74,1920.14,2410.17,122.01,110.91,,,,,,,通信,通信设备,通信配套服务,17.68,17.69,17.56
sz300050,世纪鼎利,2014-09-03,18.02,18.27,17.9,18.15,18.02,2445827.0,44284203.1,3897942623.85,3920400000.0,-39072842.66000001,27673469.98,1423532993.9,1499683331.67,76150337.77,13126194.32,2083.44,2095.44,568.0,625.39,1776.97,1707.58,0.0,0.0,,,,,,,通信,通信设备,通信配套服务,18.06,18.22,18.18
sz300050,世纪鼎利,2014-09-04,18.14,18.5,18.0,18.31,18.15,2848560.0,51954996.8,3932304652.49,3954960000.0,-39072842.66000001,27673469.98,1423532993.9,1499683331.67,76150337.77,13126194.32,2535.94,2857.02,562.29,659.69,2097.27,1678.79,0.0,0.0,,,,,,,通信,通信设备,通信配套服务,18.17,18.15,18.18
sz300050,世纪鼎利,2014-09-05,18.45,18.58,17.78,17.94,18.31,4615693.0,83126669.2,3852842461.26,3875040000.0,-39072842.66000001,27673469.98,1423532993.9,1499683331.67,76150337.77,13126194.32,4038.36,4088.32,819.06,1868.69,3455.22,2131.32,0.0,224.32,,,,,,,通信,通信设备,通信配套服务,18.45,18.34,18.3
sz300050,世纪鼎利,2014-09-09,18.04,18.15,17.73,17.85,17.94,4140534.0,74315913.7,3833513820.15,3855600000.0,-39072842.66000001,27673469.98,1423532993.9,1499683331.67,76150337.77,13126194.32,3869.73,3393.41,954.42,1864.36,2607.43,1854.16,0.0,319.65,,,,,,,通信,通信设备,通信配套服务,18.0,17.91,17.78
sz300050,世纪鼎利,2014-09-10,18.0,18.75,17.79,18.71,17.85,6084587.0,111563994.9,4018209724.09,4041360000.0,-39072842.66000001,27673469.98,1423532993.9,1499683331.67,76150337.77,13126194.32,4796.99,4493.84,1680.21,2372.51,4338.2,4267.29,340.98,22.73,,,,,,,通信,通信设备,通信配套服务,17.98,17.98,17.96
sz300050,世纪鼎利,2014-09-11,18.7,18.83,18.0,18.33,18.71,5662186.0,104670544.9,3936599906.07,3959280000.0,-39072842.66000001,27673469.98,1423532993.9,1499683331.67,76150337.77,13126194.32,4780.18,4313.85,1652.89,3121.95,3842.11,2797.48,191.86,233.76,,,,,,,通信,通信设备,通信配套服务,18.75,18.82,18.62
sz300050,世纪鼎利,2014-09-12,18.12,18.37,17.96,18.21,18.33,5676055.0,102810703.7,3910828384.59,3933360000.0,-39072842.66000001,27673469.98,1423532993.9,1499683331.67,76150337.77,13126194.32,4381.18,3808.74,1920.15,2410.02,3534.61,2202.29,445.1,1859.99,,,,,,,通信,通信设备,通信配套服务,18.24,18.26,18.15
sz300050,世纪鼎利,2014-09-15,18.18,19.15,17.96,19.05,18.21,9860291.0,182708366.7,4091229034.95,4114800000.0,-39072842.66000001,27673469.98,1423532993.9,1499683331.67,76150337.77,13126194.32,6186.75,8237.9,5687.08,4348.68,4492.27,4970.93,1904.71,713.31,,,,,,,通信,通信设备,通信配套服务,18.11,18.26,18.17
sz300050,世纪鼎利,2014-09-16,19.05,19.05,18.01,18.03,19.05,7112444.0,132437910.1,3872171102.37,3894480000.0,-39072842.66000001,27673469.98,1423532993.9,1499683331.67,76150337.77,13126194.32,5723.91,6223.64,2866.64,3296.05,4390.43,3472.27,262.8,251.81,,,,,,,通信,通信设备,通信配套服务,18.99,18.76,18.81
sz300050,世纪鼎利,2014-09-17,17.9,17.98,17.43,17.76,18.03,3060166.0,54008255.1,3814185179.04,3836160000.0,-39072842.66000001,27673469.98,1423532993.9,1499683331.67,76150337.77,13126194.32,2253.37,2412.13,551.15,864.62,2596.27,2124.05,0.0,0.0,,,,,,,通信,通信设备,通信配套服务,17.79,17.48,17.64
sz300050,世纪鼎利,2014-09-18,17.88,18.09,17.65,17.72,17.76,2684965.0,47940996.7,3805594671.88,3827520000.0,-39072842.66000001,27673469.98,1423532993.9,1499683331.67,76150337.77,13126194.32,2128.78,1963.16,537.79,709.21,2127.51,1997.19,0.0,124.52,,,,,,,通信,通信设备,通信配套服务,17.96,17.77,17.84
sz300050,世纪鼎利,2014-09-19,17.85,18.66,17.81,18.55,17.72,5257199.0,96932282.2,3983847695.45,4006800000.0,-39072842.66000001,27673469.98,1423532993.9,1499683331.67,76150337.77,13126194.32,4499.64,4162.24,1905.34,1750.12,2820.46,3590.66,424.12,146.55,,,,,,,通信,通信设备,通信配套服务,18.07,18.4,18.48
sz300050,世纪鼎利,2014-09-22,18.46,18.9,18.14,18.62,18.55,4785294.0,88897312.0,3998881082.98,4021920000.0,-39072842.66000001,27673469.98,1423532993.9,1499683331.67,76150337.77,13126194.32,3705.56,4033.8,2720.66,1930.18,2463.5,2925.75,0.0,0.0,,,,,,,通信,通信设备,通信配套服务,18.43,18.2,18.26
sz300050,世纪鼎利,2014-09-23,18.61,19.06,18.52,18.84,18.62,3917804.0,73628652.7,4046128872.36,4069440000.0,-39072842.66000001,27673469.98,1423532993.9,1499683331.67,76150337.77,13126194.32,3137.61,3103.71,1466.28,1473.5,2282.99,2259.11,475.97,526.53,,,,,,,通信,通信设备,通信配套服务,18.74,18.55,18.69
sz300050,世纪鼎利,2014-09-24,18.99,19.53,18.8,19.35,18.84,5887303.0,113075183.1,4155657838.65,4179600000.0,-39072842.66000001,27673469.98,1423532993.9,1499683331.67,76150337.77,13126194.32,4223.15,5248.94,3276.45,2316.03,2934.83,3703.73,873.08,38.8,,,,,,,通信,通信设备,通信配套服务,19.01,18.95,19.01
sz300050,世纪鼎利,2014-09-25,19.3,19.68,18.94,19.03,19.35,4825773.0,92720565.4,4086933781.37,4110480000.0,-39072842.66000001,27673469.98,1423532993.9,1499683331.67,76150337.77,13126194.32,3610.29,3924.3,2229.44,2570.65,3369.78,2578.83,62.53,198.26,,,,,,,通信,通信设备,通信配套服务,19.44,19.65,19.48
sz300050,世纪鼎利,2014-09-26,19.03,19.2,18.82,19.04,19.03,3491811.0,66351280.6,4089081408.16,4112640000.0,-39072842.66000001,27673469.98,1423532993.9,1499683331.67,76150337.77,13126194.32,3017.59,2829.94,1431.78,1544.12,2014.43,1675.78,171.33,585.29,,,,,,,通信,通信设备,通信配套服务,19.14,19.1,18.91
sz300050,世纪鼎利,2014-09-29,19.05,19.39,18.92,19.09,19.04,3217206.0,61446521.2,4099819542.11,4123440000.0,-39072842.66000001,27673469.98,1423532993.9,1499683331.67,76150337.77,13126194.32,3063.96,2954.09,895.13,1411.18,2185.55,1779.38,0.0,0.0,,,,,,,通信,通信设备,通信配套服务,19.29,19.34,19.28
sz300050,世纪鼎利,2014-09-30,19.17,19.45,19.02,19.4,19.09,3585270.0,69233842.8,4166395972.6,4190400000.0,-39072842.66000001,27673469.98,1423532993.9,1499683331.67,76150337.77,13126194.32,3372.84,3207.0,1032.54,1069.88,2387.38,2324.15,130.62,322.34,,,,,,,通信,通信设备,通信配套服务,19.26,19.4,19.38
sz300050,世纪鼎利,2014-10-08,19.28,19.75,19.22,19.71,19.4,3022806.0,58954116.2,4232972403.09,4257360000.0,-39072842.66000001,27673469.98,1423532993.9,1499683331.67,76150337.77,13126194.32,2491.37,2409.09,649.05,1215.95,2261.17,2270.37,493.81,0.0,,,,,,,通信,通信设备,通信配套服务,19.28,19.25,19.41
sz300050,世纪鼎利,2014-10-09,19.71,19.78,18.82,19.32,19.71,5352981.0,103055109.8,4149214958.28,4173120000.0,-39072842.66000001,27673469.98,1423532993.9,1499683331.67,76150337.77,13126194.32,4073.43,4624.86,2136.78,2559.17,4095.28,3121.47,0.0,0.0,,,,,,,通信,通信设备,通信配套服务,19.67,19.58,19.51
sz300050,世纪鼎利,2014-10-10,19.2,20.28,19.05,19.9,19.32,6976097.0,138286513.7,4273777312.1,4298400000.0,-39072842.66000001,27673469.98,1423532993.9,1499683331.67,76150337.77,13126194.32,6009.01,6432.78,3597.19,2834.6,3745.87,4561.25,476.56,0.0,,,,,,,通信,通信设备,通信配套服务,19.11,19.25,19.5
sz300050,世纪鼎利,2014-10-13,19.81,20.51,19.32,20.51,19.9,5846399.0,116629488.9,4404782546.29,4430160000.0,-39072842.66000001,27673469.98,1423532993.9,1499683331.67,76150337.77,13126194.32,4614.05,4861.52,2655.27,2661.95,3525.36,3467.72,868.26,671.75,,,,,,,通信,通信设备,通信配套服务,19.89,19.87,19.54
sz300050,世纪鼎利,2014-10-14,20.55,20.63,19.8,20.02,20.51,3657662.0,73908461.4,4299548833.58,4324320000.0,-39072842.66000001,27673469.98,1423532993.9,1499683331.67,76150337.77,13126194.32,3646.94,3347.25,1039.46,1925.01,2704.44,2118.58,0.0,0.0,,,,,,,通信,通信设备,通信配套服务,20.28,20.48,20.28
sz300050,世纪鼎利,2014-10-15,19.96,20.27,19.3,19.84,20.02,4173039.0,82351430.3,4260891551.36,4285440000.0,-39072842.66000001,27673469.98,1423532993.9,1499683331.67,76150337.77,13126194.32,3268.66,3294.47,1775.11,2146.96,2795.39,1973.43,395.97,820.27,,,,,,,通信,通信设备,通信配套服务,19.96,20.08,19.86
sz300050,世纪鼎利,2014-10-16,19.68,19.98,19.3,19.38,19.84,2479744.0,48735460.8,4162100719.02,4186080000.0,-39072842.66000001,27673469.98,1423532993.9,1499683331.67,76150337.77,13126194.32,2278.28,2224.91,555.41,905.8,2039.66,1718.07,0.2,24.77,,,,,,,通信,通信设备,通信配套服务,19.6,19.61,19.58
sz300050,世纪鼎利,2014-10-17,19.35,19.45,17.88,18.53,19.38,5157997.0,96162944.1,3979552441.87,4002480000.0,-39072842.66000001,27673469.98,1423532993.9,1499683331.67,76150337.77,13126194.32,3823.15,3728.19,2039.48,3413.03,3525.6,2223.8,228.06,251.27,,,,Y,,,通信,通信设备,通信配套服务,19.38,19.0,19.03
sz300050,世纪鼎利,2014-10-20,18.66,18.85,18.44,18.75,18.53,3532722.0,66057480.9,4026800231.25,4050000000.0,-39072842.66000001,27673469.98,1423532993.9,1499683331.67,76150337.77,13126194.32,2924.22,3725.49,1147.46,781.25,2534.05,1751.49,0.0,347.51,,,,Y,,,通信,通信设备,通信配套服务,18.69,18.67,18.79
sz300050,世纪鼎利,2014-10-21,18.76,19.07,18.53,18.71,18.75,2733879.0,51572810.7,4018209724.09,4041360000.0,-39072842.66000001,27673469.98,1423532993.9,1499683331.67,76150337.77,13126194.32,2485.19,2398.92,689.96,860.69,1982.13,1893.94,0.0,3.72,,,,Y,,,通信,通信设备,通信配套服务,18.8,18.91,19.04
sz300050,世纪鼎利,2014-10-22,18.72,19.15,18.47,18.47,18.71,3287833.0,62218143.3,3966666681.13,3989520000.0,-39072842.66000001,27673469.98,1423532993.9,1499683331.67,76150337.77,13126194.32,2936.7,2727.04,907.04,1138.66,2378.06,2221.27,0.0,134.83,,,,Y,,,通信,通信设备,通信配套服务,18.82,18.89,19.01
sz300050,世纪鼎利,2014-10-31,20.27,20.27,19.15,19.39,18.47,9397763.0,184135345.9,4164248345.81,4188240000.0,-16651363.080000002,67238230.00999999,1433989857.24,1525800459.75,91810602.51,9261668.27,7506.39,7096.73,4745.46,5493.4,5996.36,5360.48,165.3,462.9,,,,Y,,,通信,通信设备,通信配套服务,19.71,19.4,19.36
sz300050,世纪鼎利,2014-11-03,19.56,21.25,19.4,20.69,19.39,7125178.0,146183423.2,4443439828.51,4469040000.0,-16651363.080000002,67238230.00999999,1433989857.24,1525800459.75,91810602.51,9261668.27,6126.06,6039.85,3246.03,3544.67,4641.42,4484.56,457.61,402.02,,,,Y,,,通信,通信设备,通信配套服务,20.22,20.72,20.61
sz300050,世纪鼎利,2014-11-04,20.6,21.69,20.31,21.17,20.69,6985426.0,147181042.0,4546525914.43,4572720000.0,-16651363.080000002,67238230.00999999,1433989857.24,1525800459.75,91810602.51,9261668.27,6494.66,6402.47,3265.47,3091.35,4555.38,5059.56,402.58,164.71,,,,Y,,,通信,通信设备,通信配套服务,20.42,20.39,20.54
sz300050,世纪鼎利,2014-11-05,21.0,22.59,20.9,21.96,21.17,8076828.0,177190305.4,4716188430.84,4743360000.0,-16651363.080000002,67238230.00999999,1433989857.24,1525800459.75,91810602.51,9261668.27,7650.91,7870.61,4274.42,4345.27,5160.47,5235.3,603.6,238.22,,,,Y,,,通信,通信设备,通信配套服务,21.49,21.66,21.59
sz300050,世纪鼎利,2014-11-06,21.81,22.3,21.36,22.26,21.96,5339693.0,116775800.9,4780617234.54,4808160000.0,-16651363.080000002,67238230.00999999,1433989857.24,1525800459.75,91810602.51,9261668.27,4231.6,4854.07,2608.11,2785.19,3969.85,3785.62,868.01,252.69,,,,Y,,,通信,通信设备,通信配套服务,22.27,22.0,21.7
sz300050,世纪鼎利,2014-11-07,22.11,22.28,20.61,20.97,22.26,5933231.0,127148108.3,4503573378.63,4529520000.0,-16651363.080000002,67238230.00999999,1433989857.24,1525800459.75,91810602.51,9261668.27,5663.35,5419.87,2253.86,3556.07,4755.66,3350.42,32.06,378.57,,,,Y,,,通信,通信设备,通信配套服务,22.22,22.02,21.89
sz300050,世纪鼎利,2014-11-10,21.2,22.6,21.1,22.25,20.97,7057348.0,155381493.9,4778469607.75,4806000000.0,-16651363.080000002,67238230.00999999,1433989857.24,1525800459.75,91810602.51,9261668.27,7314.13,6805.45,3952.59,4035.55,3896.99,4363.47,374.43,333.68,,,,Y,,,通信,通信设备,通信配套服务,21.32,21.2,21.5
sz300050,世纪鼎利,2014-11-11,22.1,22.84,20.44,20.5,22.25,9475287.0,205006394.0,4402634919.5,4428000000.0,-16651363.080000002,67238230.00999999,1433989857.24,1525800459.75,91810602.51,9261668.27,9078.13,7800.87,5077.62,6958.3,5846.45,4686.22,498.44,1055.25,,,,Y,,,通信,通信设备,通信配套服务,22.62,22.28,22.19
sz300050,世纪鼎利,2014-11-12,20.61,21.17,20.04,20.41,20.5,6339735.0,129444297.7,4383306278.39,4408560000.0,-16651363.080000002,67238230.00999999,1433989857.24,1525800459.75,91810602.51,9261668.27,5912.67,4861.01,2652.83,3568.0,4112.39,4313.53,266.43,201.78,,,,Y,,,通信,通信设备,通信配套服务,20.7,20.81,20.96
sz300050,世纪鼎利,2014-11-13,20.4,20.4,19.25,19.73,20.41,4033541.0,79501690.5,4237267656.67,4261680000.0,-16651363.080000002,67238230.00999999,1433989857.24,1525800459.75,91810602.51,9261668.27,3555.67,3563.7,1112.54,1829.82,3274.23,2459.26,7.71,97.38,,,,Y,,,通信,通信设备,通信配套服务,20.28,19.87,19.8
sz300050,世纪鼎利,2014-11-14,19.6,19.99,19.33,19.8,19.73,2311593.0,45536818.7,4252301044.2,4276800000.0,-16651363.080000002,67238230.00999999,1433989857.24,1525800459.75,91810602.51,9261668.27,2159.68,2397.15,729.84,814.22,1664.16,1342.31,0.0,0.0,,,,Y,,,通信,通信设备,通信配套服务,19.72,19.59,19.62
sz300050,世纪鼎利,2014-11-17,19.63,20.45,19.38,20.35,19.8,3454090.0,69599639.0,4370420517.65,4395600000.0,-16651363.080000002,67238230.00999999,1433989857.24,1525800459.75,91810602.51,9261668.27,3114.98,3077.21,1589.35,1588.72,2136.82,2066.22,118.81,227.81,,,,Y,,,通信,通信设备,通信配套服务,19.66,19.73,20.05
sz300050,世纪鼎利,2014-11-18,20.21,20.68,20.1,20.18,20.35,2587695.0,52692948.0,4333910862.22,4358880000.0,-16651363.080000002,67238230.00999999,1433989857.24,1525800459.75,91810602.51,9261668.27,2368.62,2118.0,1209.87,1618.52,1670.54,1416.3,20.27,116.46,,,,Y,,,通信,通信设备,通信配套服务,20.35,20.5,20.6
sz300050,世纪鼎利,2014-11-19,20.25,21.11,20.12,20.93,20.18,3603865.0,74452965.8,4494982871.47,4520880000.0,-16651363.080000002,67238230.00999999,1433989857.24,1525800459.75,91810602.51,9261668.27,3073.54,3312.62,2009.17,1570.99,2128.12,2352.32,234.45,209.36,,,,Y,,,通信,通信设备,通信配套服务,20.24,20.35,20.32
sz300050,世纪鼎利,2014-11-20,20.87,20.87,20.3,20.55,20.93,2706829.0,55547512.2,4413373053.45,4438800000.0,-16651363.080000002,67238230.00999999,1433989857.24,1525800459.75,91810602.51,9261668.27,2777.01,2271.05,977.51,1787.4,1800.22,1184.11,0.0,312.17,,,,Y,,,通信,通信设备,通信配套服务,20.73,20.53,20.5
sz300050,世纪鼎利,2014-11-21,20.66,20.98,20.31,20.77,20.55,3530436.0,73021793.3,4460620842.83,4486320000.0,-16651363.080000002,67238230.00999999,1433989857.24,1525800459.75,91810602.51,9261668.27,3220.26,3213.55,1279.67,1752.07,2683.65,2332.43,118.59,4.13,,,,Y,,,通信,通信设备,通信配套服务,20.67,20.84,20.75
sz300050,世纪鼎利,2014-11-24,20.79,20.95,20.47,20.83,20.77,3894058.0,80553788.7,4473506603.57,4499280000.0,-16651363.080000002,67238230.00999999,1433989857.24,1525800459.75,91810602.51,9261668.27,3024.99,3338.08,2690.33,2455.38,2181.54,2097.05,158.52,164.86,,,,Y,,,通信,通信设备,通信配套服务,20.9,20.77,20.59
sz300050,世纪鼎利,2014-11-25,20.96,21.67,20.96,21.62,20.83,4663330.0,99582747.1,4643169119.98,4669920000.0,-16651363.080000002,67238230.00999999,1433989857.24,1525800459.75,91810602.51,9261668.27,4150.61,4303.52,2750.7,2554.93,2803.57,2992.02,253.39,107.8,,,,Y,,,通信,通信设备,通信配套服务,21.19,21.5,21.36
sz300050,世纪鼎利,2014-11-26,21.55,21.99,21.29,21.67,21.62,3815347.0,82514335.0,4653907253.93,4680720000.0,-16651363.080000002,67238230.00999999,1433989857.24,1525800459.75,91810602.51,9261668.27,3275.88,3561.68,2544.89,2059.74,2299.26,2323.24,121.26,296.64,,,,Y,,,通信,通信设备,通信配套服务,21.41,21.42,21.55
sz300050,世纪鼎利,2014-11-27,21.95,22.09,20.74,21.15,21.67,5751246.0,121969734.9,4542230660.85,4568400000.0,-16651363.080000002,67238230.00999999,1433989857.24,1525800459.75,91810602.51,9261668.27,5554.78,4257.68,2542.47,4213.07,4085.81,2345.3,13.91,1380.92,,,,Y,,,通信,通信设备,通信配套服务,21.6,21.48,21.32
sz300050,世纪鼎利,2014-11-28,21.0,21.65,20.45,21.2,21.15,5545711.0,116538277.5,4552968794.8,4579200000.0,-16651363.080000002,67238230.00999999,1433989857.24,1525800459.75,91810602.51,9261668.27,4696.98,5011.45,3515.59,2871.63,2869.62,2970.26,571.62,800.48,,,,Y,,,通信,通信设备,通信配套服务,20.82,20.68,20.68
sz300050,世纪鼎利,2014-12-01,21.25,22.46,21.1,22.26,21.2,8224109.0,180788427.7,4780617234.54,4808160000.0,-16651363.080000002,67238230.00999999,1433989857.24,1525800459.75,91810602.51,9261668.27,5663.77,7222.03,5699.11,3885.2,3024.55,4363.52,1361.37,278.04,,,,Y,,,通信,通信设备,通信配套服务,21.24,21.28,21.4
sz300050,世纪鼎利,2014-12-02,22.02,22.53,21.88,21.94,22.26,4189682.0,92565303.9,4711893177.26,4739040000.0,-16651363.080000002,67238230.00999999,1433989857.24,1525800459.75,91810602.51,9261668.27,3611.76,3318.21,1971.0,2614.63,3170.17,2494.6,0.0,325.49,,,,Y,,,通信,通信设备,通信配套服务,22.44,22.13,22.03
sz300050,世纪鼎利,2014-12-03,21.93,21.95,20.74,21.72,21.94,5034892.0,107801225.0,4664645387.88,4691520000.0,-16651363.080000002,67238230.00999999,1433989857.24,1525800459.75,91810602.51,9261668.27,4455.19,3814.32,1696.27,3346.77,3540.95,2663.04,155.45,23.73,,,,Y,,,通信,通信设备,通信配套服务,21.73,21.55,21.56
sz300050,世纪鼎利,2014-12-04,21.59,22.32,21.48,21.72,21.72,4478349.0,98307173.3,4664645387.88,4691520000.0,-16651363.080000002,67238230.00999999,1433989857.24,1525800459.75,91810602.51,9261668.27,3520.86,3618.93,2318.33,2786.26,2434.73,2402.19,848.75,315.3,,,,Y,,,通信,通信设备,通信配套服务,21.63,21.7,21.92
sz300050,世纪鼎利,2014-12-05,21.13,21.5,20.0,20.1,21.72,7623921.0,156619355.6,4316729847.9,4341600000.0,-16651363.080000002,67238230.00999999,1433989857.24,1525800459.75,91810602.51,9261668.27,5141.47,4807.27,3372.54,3990.8,3506.21,2454.2,400.22,1168.18,,,,Y,,,通信,通信设备,通信配套服务,21.09,21.3,21.06
sz300050,世纪鼎利,2014-12-08,19.72,21.55,19.15,19.49,20.1,4645650.0,92020167.7,4185724613.71,4209840000.0,-16651363.080000002,67238230.00999999,1433989857.24,1525800459.75,91810602.51,9261668.27,3563.36,3657.98,1672.45,3052.43,3302.66,2259.84,663.53,231.74,,,,Y,,,通信,通信设备,通信配套服务,19.63,19.32,19.49
sz300050,世纪鼎利,2014-12-09,19.51,19.75,17.66,17.77,19.49,5425420.0,101152496.0,3816332805.83,3838320000.0,-16651363.080000002,67238230.00999999,1433989857.24,1525800459.75,91810602.51,9261668.27,4261.29,4188.17,1303.03,2976.76,4550.92,2634.74,0.0,315.56,,,,Y,,,通信,通信设备,通信配套服务,19.55,19.09,18.85
sz300050,世纪鼎利,2014-12-10,17.8,18.55,17.8,18.2,17.77,2825521.0,51478167.2,3908680757.8,3931200000.0,-16651363.080000002,67238230.00999999,1433989857.24,1525800459.75,91810602.51,9261668.27,2461.92,2376.62,655.36,893.71,2030.51,1775.9,0.0,101.56,,,,Y,,,通信,通信设备,通信配套服务,18.06,17.85,18.09
sz300050,世纪鼎利,2014-12-11,18.23,18.67,18.12,18.62,18.2,2551580.0,46946769.4,3998881082.98,4021920000.0,-16651363.080000002,67238230.00999999,1433989857.24,1525800459.75,91810602.51,9261668.27,1970.96,2132.12,1025.46,934.03,1653.16,1527.6,45.09,100.92,,,,Y,,,通信,通信设备,通信配套服务,18.3,18.34,18.4
sz300050,世纪鼎利,2014-12-12,18.58,19.5,18.46,19.2,18.62,2801323.0,53154002.5,4123443436.8,4147200000.0,-16651363.080000002,67238230.00999999,1433989857.24,1525800459.75,91810602.51,9261668.27,2008.89,2586.11,1435.9,545.03,1592.94,2184.26,277.67,0.0,,,,Y,,,通信,通信设备,通信配套服务,18.7,18.63,18.6
sz300050,世纪鼎利,2014-12-15,19.06,19.45,18.76,19.2,19.2,3007422.0,57864349.0,4123443436.8,4147200000.0,-16651363.080000002,67238230.00999999,1433989857.24,1525800459.75,91810602.51,9261668.27,2854.28,2667.79,934.22,1685.46,1840.2,1433.18,157.73,0.0,,,,Y,,,通信,通信设备,通信配套服务,18.86,19.2,19.28
sz300050,世纪鼎利,2014-12-16,19.2,19.38,18.82,18.97,19.2,2605499.0,49682748.5,4074048020.63,4097520000.0,-16651363.080000002,67238230.00999999,1433989857.24,1525800459.75,91810602.51,9261668.27,2465.19,2129.28,1056.42,1274.65,1440.32,1412.19,6.33,152.14,,,,Y,,,通信,通信设备,通信配套服务,19.01,19.35,19.35
sz300050,世纪鼎利,2014-12-17,18.93,19.01,18.3,18.76,18.97,2518070.0,46871712.7,4028947858.04,4052160000.0,-16651363.080000002,67238230.00999999,1433989857.24,1525800459.75,91810602.51,9261668.27,2210.95,2223.59,976.92,1147.75,1499.3,1211.0,0.0,104.83,,,,Y,,,通信,通信设备,通信配套服务,18.84,18.85,18.63
sz300050,世纪鼎利,2014-12-18,18.58,18.92,18.32,18.44,18.76,2053050.0,38286932.8,3960223800.76,3983040000.0,-16651363.080000002,67238230.00999999,1433989857.24,1525800459.75,91810602.51,9261668.27,1744.92,1755.51,792.84,868.19,1272.17,1039.07,18.76,165.91,,,,Y,,,通信,通信设备,通信配套服务,18.8,18.68,18.91
sz300050,世纪鼎利,2014-12-19,18.4,18.67,17.96,18.02,18.44,2148095.0,38987257.8,3870023475.58,3892320000.0,-16651363.080000002,67238230.00999999,1433989857.24,1525800459.75,91810602.51,9261668.27,1393.1,1689.5,960.43,1212.47,1385.6,996.75,159.59,0.0,,,,Y,,,通信,通信设备,通信配套服务,18.23,18.22,18.18
sz300050,世纪鼎利,2014-12-22,18.02,18.4,16.3,16.61,18.02,4085314.0,69150669.0,3567208098.19,3587760000.0,-16651363.080000002,67238230.00999999,1433989857.24,1525800459.75,91810602.51,9261668.27,2349.77,3337.9,2219.29,1750.01,2176.0,1827.14,169.99,0.0,,,,Y,,,通信,通信设备,通信配套服务,17.6,17.5,17.55
sz300050,世纪鼎利,2014-12-23,16.9,17.3,16.5,16.7,16.61,1459556.0,24576850.4,3586536739.3,3607200000.0,-16651363.080000002,67238230.00999999,1433989857.24,1525800459.75,91810602.51,9261668.27,973.33,986.46,363.48,582.44,1120.87,888.78,0.0,0.0,,,,Y,,,通信,通信设备,通信配套服务,17.0,17.05,17.15
sz300050,世纪鼎利,2014-12-24,16.72,17.18,16.72,17.13,16.7,1462931.0,24806378.0,3678884691.27,3700080000.0,-16651363.080000002,67238230.00999999,1433989857.24,1525800459.75,91810602.51,9261668.27,811.45,931.03,544.74,670.17,900.39,746.87,224.07,132.56,,,,Y,,,通信,通信设备,通信配套服务,16.84,16.8,16.96
sz300050,世纪鼎利,2014-12-25,17.15,17.44,16.99,17.14,17.13,1327319.0,22781678.1,3681032318.06,3702240000.0,-16651363.080000002,67238230.00999999,1433989857.24,1525800459.75,91810602.51,9261668.27,1039.6,1096.93,186.98,362.6,1051.58,818.63,0.0,0.0,,,,Y,,,通信,通信设备,通信配套服务,17.09,17.15,17.38
sz300050,世纪鼎利,2014-12-26,17.13,17.28,16.71,16.83,17.14,1921523.0,32493510.1,3614455887.57,3635280000.0,-16651363.080000002,67238230.00999999,1433989857.24,1525800459.75,91810602.51,9261668.27,1367.99,1407.38,463.47,978.03,1274.33,754.08,143.56,109.86,,,,Y,,,通信,通信设备,通信配套服务,17.0,17.01,17.08
sz300050,世纪鼎利,2014-12-29,16.66,16.8,16.0,16.12,16.83,3057834.0,49647506.4,3461974385.48,3481920000.0,-16651363.080000002,67238230.00999999,1433989857.24,1525800459.75,91810602.51,9261668.27,2257.89,2229.6,1027.1,1573.26,1663.53,1161.88,16.22,0.0,,,,Y,,,通信,通信设备,通信配套服务,16.55,16.24,16.25
sz300050,世纪鼎利,2014-12-30,16.3,16.3,14.95,15.04,16.12,5230719.0,80461337.8,3230030692.16,3248640000.0,-16651363.080000002,67238230.00999999,1433989857.24,1525800459.75,91810602.51,9261668.27,3973.85,3875.11,963.51,2448.59,3108.77,1591.37,0.0,131.06,,,,Y,,,通信,通信设备,通信配套服务,16.06,16.23,16.14
sz300050,世纪鼎利,2014-12-31,15.17,15.25,14.49,15.16,15.04,5642794.0,83650162.6,3255802213.64,3274560000.0,-16651363.080000002,67238230.00999999,1433989857.24,1525800459.75,91810602.51,9261668.27,3518.35,2120.85,2028.89,3452.84,2817.64,2689.59,0.0,101.59,,,,Y,,,通信,通信设备,通信配套服务,15.09,15.02,14.78
sz300050,世纪鼎利,2015-01-05,15.12,15.9,14.52,15.58,15.16,4344423.0,66020507.6,3346002538.82,3365280000.0,-16651363.080000002,67238230.00999999,1433989857.24,1525800459.75,91810602.51,9261668.27,2300.68,2931.46,1206.6,1633.11,1746.55,2021.01,1348.2,16.46,,,,Y,,,通信,通信设备,通信配套服务,14.91,14.89,14.76
sz300050,世纪鼎利,2015-01-06,15.3,16.2,15.15,16.13,15.58,5047642.0,79620648.3,3464122012.27,3484080000.0,-16651363.080000002,67238230.00999999,1433989857.24,1525800459.75,91810602.51,9261668.27,3824.33,3230.57,1513.55,2581.94,2623.69,2149.54,0.48,0.0,,,,Y,,,通信,通信设备,通信配套服务,15.3,15.43,15.62
sz300050,世纪鼎利,2015-01-07,16.1,16.19,15.86,15.97,16.13,2609453.0,41690409.2,3429759983.63,3449520000.0,-16651363.080000002,67238230.00999999,1433989857.24,1525800459.75,91810602.51,9261668.27,1627.72,1820.4,681.82,817.97,1857.88,1426.45,1.6,104.21,,,,Y,,,通信,通信设备,通信配套服务,15.98,15.97,15.9
sz300050,世纪鼎利,2015-01-08,16.0,16.56,15.81,16.13,15.97,3416623.0,55161340.5,3464122012.27,3484080000.0,-16651363.080000002,67238230.00999999,1433989857.24,1525800459.75,91810602.51,9261668.27,2528.78,2548.33,980.32,1229.15,2007.03,1734.49,0.0,4.15,,,,Y,,,通信,通信设备,通信配套服务,15.96,16.01,16.0
sz300050,世纪鼎利,2015-01-09,16.13,16.56,15.91,15.92,16.13,3448138.0,56295802.2,3419021849.68,3971359149.36,-16651363.080000002,67238230.00999999,1433989857.24,1525800459.75,91810602.51,9261668.27,2848.38,2753.36,913.57,1034.79,1867.62,1837.74,0.0,3.69,,,,Y,,,通信,通信设备,通信配套服务,16.2,16.35,16.37
sz300050,世纪鼎利,2015-01-12,15.98,16.01,15.51,15.79,15.92,1835582.0,28939003.0,3391102701.41,3938929709.07,-16651363.080000002,67238230.00999999,1433989857.24,1525800459.75,91810602.51,9261668.27,1208.86,1291.67,511.37,729.95,1173.67,872.28,0.0,0.0,,,,Y,,,通信,通信设备,通信配套服务,15.83,15.7,15.8
sz300050,世纪鼎利,2015-01-13,15.72,16.78,15.56,16.66,15.79,3982612.0,65565486.9,3577946232.14,4155957501.78,-16651363.080000002,67238230.00999999,1433989857.24,1525800459.75,91810602.51,9261668.27,2657.03,3172.6,2305.98,1141.5,1416.05,2242.43,177.48,0.0,,,,Y,,,通信,通信设备,通信配套服务,15.64,15.84,15.82
sz300050,世纪鼎利,2015-01-14,16.84,16.84,16.37,16.47,16.66,2236775.0,37058777.4,3537141323.13,4108560627.51,-16651363.080000002,67238230.00999999,1433989857.24,1525800459.75,91810602.51,9261668.27,2072.96,1783.72,372.59,741.57,1260.33,1180.59,0.0,0.0,,,,Y,,,通信,通信设备,通信配套服务,16.64,16.68,16.58
sz300050,世纪鼎利,2015-01-15,16.54,16.6,16.15,16.25,16.47,2197568.0,35825843.2,3489893533.75,4053680036.25,-16651363.080000002,67238230.00999999,1433989857.24,1525800459.75,91810602.51,9261668.27,1674.77,1743.82,481.91,1063.43,1425.91,775.33,0.0,0.0,,,,Y,,,通信,通信设备,通信配套服务,16.5,16.47,16.3
sz300050,世纪鼎利,2015-01-16,16.24,17.12,16.02,16.9,16.25,3696462.0,61816156.2,3629489275.1,4215827237.7,-16651363.080000002,67238230.00999999,1433989857.24,1525800459.75,91810602.51,9261668.27,2387.34,2601.33,1835.27,1155.21,1575.01,2011.74,384.0,413.33,,,,Y,,,通信,通信设备,通信配套服务,16.17,16.29,16.26
sz300050,世纪鼎利,2015-01-19,16.62,17.75,16.62,17.18,16.9,5809635.0,100568157.6,3689622825.22,4285675262.94,-16651363.080000002,67238230.00999999,1433989857.24,1525800459.75,91810602.51,9261668.27,4295.01,4029.95,2840.18,2486.62,2441.45,2817.31,243.41,486.15,,,,Y,,,通信,通信设备,通信配套服务,16.65,17.25,17.2
sz300050,世纪鼎利,2015-01-20,17.35,18.9,17.13,18.48,17.18,7283829.0,132017093.7,3968814307.92,4609969665.84,-16651363.080000002,67238230.00999999,1433989857.24,1525800459.75,91810602.51,9261668.27,5250.45,5686.3,4598.39,2832.64,3005.66,4453.82,347.19,228.92,,,,Y,,,通信,通信设备,通信配套服务,17.15,17.57,17.56
sz300050,世纪鼎利,2015-01-21,18.47,19.07,18.26,18.85,18.48,5023257.0,94309482.1,4048276499.15,4702268842.05,-16651363.080000002,67238230.00999999,1433989857.24,1525800459.75,91810602.51,9261668.27,4600.16,4348.95,1349.01,2115.23,2265.78,2965.82,1215.98,0.94,,,,Y,,,通信,通信设备,通信配套服务,18.36,18.6,18.65
sz300050,世纪鼎利,2015-01-22,18.82,19.06,18.55,18.85,18.85,2172257.0,40691484.2,4058272277.15,4702268842.05,-16651363.080000002,67238230.00999999,1433989857.24,1525800459.75,91810602.51,9261668.27,1590.3,1621.0,946.67,887.45,1532.15,1250.38,0.0,310.3,,,,Y,,,通信,通信设备,通信配套服务,18.66,18.87,18.94
sz300050,世纪鼎利,2015-01-23,18.85,18.95,18.16,18.18,18.85,3012611.0,55464737.4,3914025994.62,4535132495.94,-16651363.080000002,67238230.00999999,1433989857.24,1525800459.75,91810602.51,9261668.27,2107.05,2183.79,640.1,1255.47,2799.31,1727.73,0.0,379.46,,,,Y,,,通信,通信设备,通信配套服务,18.72,18.52,18.49
sz300050,世纪鼎利,2015-01-26,18.24,19.02,18.01,18.84,18.18,3853016.0,71809706.1,4056119347.56,4699774269.72,-16651363.080000002,67238230.00999999,1433989857.24,1525800459.75,91810602.51,9261668.27,2436.84,2666.46,2975.52,2374.44,1399.05,1623.12,369.55,516.94,,,,Y,,,通信,通信设备,通信配套服务,18.47,18.53,18.4
sz300050,世纪鼎利,2015-01-27,19.1,20.0,18.88,19.97,18.84,4968964.0,96632258.5,4299400391.23,4981660943.01,-16651363.080000002,67238230.00999999,1433989857.24,1525800459.75,91810602.51,9261668.27,3942.45,4335.63,2368.02,1826.69,2710.1,3427.73,642.63,73.14,,,,Y,,,通信,通信设备,通信配套服务,19.23,19.3,19.35
sz300050,世纪鼎利,2015-01-28,19.98,20.26,19.2,19.4,19.97,3257498.0,64801223.9,4176683404.6,4839470320.2,-16651363.080000002,67238230.00999999,1433989857.24,1525800459.75,91810602.51,9261668.27,3298.41,3352.8,910.05,1233.12,2264.45,1877.34,7.21,16.86,,,,Y,,,通信,通信设备,通信配套服务,19.96,20.16,19.97
sz300050,世纪鼎利,2015-01-29,19.3,20.01,19.03,19.39,19.4,2491348.0,48821072.7,4174530475.01,4836975747.87,-16651363.080000002,67238230.00999999,1433989857.24,1525800459.75,91810602.51,9261668.27,1985.51,2060.12,966.39,939.33,1758.25,1769.93,171.95,112.72,,,,Y,,,通信,通信设备,通信配套服务,19.29,19.31,19.68
sz300050,世纪鼎利,2015-01-30,19.51,19.68,18.61,18.72,19.39,2630701.0,49989239.1,4030284192.48,4669839401.76,-16651363.080000002,67238230.00999999,1433989857.24,1525800459.75,91810602.51,9261668.27,2107.73,2231.6,880.8,907.84,2010.39,1859.48,0.0,0.0,,,,Y,,,通信,通信设备,通信配套服务,19.35,19.42,19.2
sz300050,世纪鼎利,2015-02-02,18.5,19.07,18.3,18.86,18.72,1328354.0,25006329.0,4060425206.74,4704763414.38,-16651363.080000002,67238230.00999999,1433989857.24,1525800459.75,91810602.51,9261668.27,1151.93,1075.77,385.53,484.45,963.18,940.41,0.0,0.0,,,,Y,,,通信,通信设备,通信配套服务,18.74,18.99,18.8
sz300050,世纪鼎利,2015-02-03,18.87,19.56,18.77,19.22,18.86,3162101.0,60857918.6,4137930671.98,4794568018.26,-16651363.080000002,67238230.00999999,1433989857.24,1525800459.75,91810602.51,9261668.27,2064.05,2169.77,1875.47,1032.78,1675.8,1636.21,470.47,1247.03,,,,Y,,,通信,通信设备,通信配套服务,19.08,18.9,18.9
sz300050,世纪鼎利,2015-02-04,19.19,19.4,18.8,19.37,19.22,3126643.0,59663109.1,4170224615.83,4831986603.21,-16651363.080000002,67238230.00999999,1433989857.24,1525800459.75,91810602.51,9261668.27,2451.76,2809.35,996.19,988.87,2300.38,1975.19,217.98,192.9,,,,Y,,,通信,通信设备,通信配套服务,19.2,19.3,19.36
sz300050,世纪鼎利,2015-02-05,19.3,20.42,18.88,20.16,19.37,9220678.0,182802139.2,4340306053.44,5029057817.28,-16651363.080000002,67238230.00999999,1433989857.24,1525800459.75,91810602.51,9261668.27,6186.05,6186.46,6198.2,5626.43,3368.41,4137.55,2527.54,2329.76,,,,Y,,,通信,通信设备,通信配套服务,19.02,19.0,19.02
sz300050,世纪鼎利,2015-02-06,20.1,20.2,18.8,18.81,20.16,3460113.0,67198960.2,4049660558.79,4692290552.73,-16651363.080000002,67238230.00999999,1433989857.24,1525800459.75,91810602.51,9261668.27,2964.96,3659.76,1095.76,1170.72,2659.16,1882.13,0.0,7.27,,,,Y,,,通信,通信设备,通信配套服务,20.14,19.72,19.69
sz300050,世纪鼎利,2015-02-09,18.58,19.26,18.05,18.19,18.81,2489774.0,46670690.4,3916178924.21,4537627068.27,-16651363.080000002,67238230.00999999,1433989857.24,1525800459.75,91810602.51,9261668.27,1797.46,2030.57,1056.07,1161.85,1813.53,1474.63,0.0,0.0,,,,Y,,,通信,通信设备,通信配套服务,18.56,18.99,18.85
sz300050,世纪鼎利,2015-02-10,18.15,18.99,17.73,18.88,18.19,2768298.0,50439232.9,4064731065.92,4709752559.04,-16651363.080000002,67238230.00999999,1433989857.24,1525800459.75,91810602.51,9261668.27,1837.45,2274.56,1391.27,1080.53,1651.21,1688.83,163.97,0.0,,,,Y,,,通信,通信设备,通信配套服务,18.01,18.0,17.92
sz300050,世纪鼎利,2015-02-11,18.87,19.18,18.51,18.74,18.88,3084800.0,58043370.0,4034590051.66,4674828546.42,-16651363.080000002,67238230.00999999,1433989857.24,1525800459.75,91810602.51,9261668.27,2271.51,2623.58,891.95,1100.74,2526.19,1924.31,114.68,155.7,,,,Y,,,通信,通信设备,通信配套服务,18.95,19.15,19.05
sz300050,世纪鼎利,2015-02-12,18.7,19.75,18.7,19.73,18.74,4433607.0,85206689.3,4247730081.07,4921791207.09,-16651363.080000002,67238230.00999999,1433989857.24,1525800459.75,91810602.51,9261668.27,3321.34,3272.44,2718.45,1427.52,2224.54,2823.91,256.14,996.6,,,,Y,,,通信,通信设备,通信配套服务,18.81,19.02,19.13
sz300050,世纪鼎利,2015-02-13,19.77,20.4,19.51,20.1,19.73,5255975.0,105195931.4,4327388475.9,5014090383.3,-16651363.080000002,67238230.00999999,1433989857.24,1525800459.75,91810602.51,9261668.27,3681.74,4333.06,3463.64,3286.93,2527.0,2718.62,847.2,180.97,,,,Y,,,通信,通信设备,通信配套服务,19.83,19.98,20.15
sz300050,世纪鼎利,2015-02-16,20.11,21.04,19.92,21.0,20.1,5008224.0,103385184.2,4521152139.0,5238601893.0,-16651363.080000002,67238230.00999999,1433989857.24,1525800459.75,91810602.51,9261668.27,4513.21,4538.37,2827.94,2601.53,2710.23,3048.23,287.13,150.37,,,,Y,,,通信,通信设备,通信配套服务,20.13,20.03,20.2
sz300050,世纪鼎利,2015-02-17,21.1,21.2,20.45,21.18,21.0,3621419.0,75705531.0,4559904871.62,5283504194.94,-16651363.080000002,67238230.00999999,1433989857.24,1525800459.75,91810602.51,9261668.27,3013.2,3491.54,2252.76,1885.2,1988.73,2193.81,315.85,0.0,,,,Y,,,通信,通信设备,通信配套服务,21.0,20.85,20.82
sz300050,世纪鼎利,2015-02-25,21.2,21.4,19.75,20.0,21.18,4859113.0,99192191.8,4305859180.0,4989144660.0,-16651363.080000002,67238230.00999999,1433989857.24,1525800459.75,91810602.51,9261668.27,4496.88,3860.26,1717.54,3474.15,3494.84,2079.47,209.92,505.31,,,,Y,,,通信,通信设备,通信配套服务,21.29,20.66,20.75
sz300050,世纪鼎利,2015-02-26,19.85,20.29,19.54,20.01,20.0,3412095.0,67831015.2,4308012109.59,4991639232.33,-16651363.080000002,67238230.00999999,1433989857.24,1525800459.75,91810602.51,9261668.27,2891.82,3046.0,1286.1,1972.79,2497.92,1764.3,107.25,0.0,,,,Y,,,通信,通信设备,通信配套服务,19.9,20.0,20.19
sz300050,世纪鼎利,2015-02-27,20.0,20.69,19.81,20.47,20.01,4560947.0,92854386.5,4407046870.73,5106389559.51,-16651363.080000002,67238230.00999999,1433989857.24,1525800459.75,91810602.51,9261668.27,3926.64,3460.73,2743.24,3078.53,2411.69,2315.55,203.85,430.61,,,,Y,,,通信,通信设备,通信配套服务,20.13,20.02,20.18
sz300050,世纪鼎利,2015-03-02,20.5,21.25,20.5,20.95,20.47,5456061.0,113512539.9,4510387491.05,5226129031.35,-16651363.080000002,67238230.00999999,1433989857.24,1525800459.75,91810602.51,9261668.27,5245.59,5221.36,2777.0,3176.49,2926.03,2504.59,402.62,448.8,,,,Y,,,通信,通信设备,通信配套服务,20.79,20.95,20.66
sz300050,世纪鼎利,2015-03-03,20.89,21.87,20.54,20.88,20.95,6135113.0,130233667.4,4495316983.92,5208667025.04,-16651363.080000002,67238230.00999999,1433989857.24,1525800459.75,91810602.51,9261668.27,4333.98,5149.68,4168.18,3123.48,3188.24,3817.7,1332.96,932.49,,,,Y,,,通信,通信设备,通信配套服务,20.58,20.63,20.88
sz300050,世纪鼎利,2015-03-04,21.02,21.88,20.95,21.88,20.88,6211733.0,133540296.7,4710609942.92,5458124258.04,-16651363.080000002,67238230.00999999,1433989857.24,1525800459.75,91810602.51,9261668.27,5749.75,5280.29,4348.08,3933.55,2969.07,3452.9,287.12,687.29,,,,Y,,,通信,通信设备,通信配套服务,21.1,21.53,21.33
sz300050,世纪鼎利,2015-03-05,21.92,22.34,21.35,21.6,21.88,7173861.0,156689675.9,4650327914.4,5388276232.8,-16651363.080000002,67238230.00999999,1433989857.24,1525800459.75,91810602.51,9261668.27,5622.56,4963.55,4292.04,5772.47,3291.49,2968.41,2462.86,1964.52,,,,Y,,,通信,通信设备,通信配套服务,21.83,22.25,22.23
sz300050,世纪鼎利,2015-03-06,21.7,21.76,20.16,20.28,21.6,5706514.0,118288173.9,4366141208.52,5058992685.24,-16651363.080000002,67238230.00999999,1433989857.24,1525800459.75,91810602.51,9261668.27,5234.1,5049.38,2266.79,3376.74,4011.92,2748.56,316.0,654.13,,,,Y,,,通信,通信设备,通信配套服务,21.53,21.45,21.21
sz300050,世纪鼎利,2015-03-09,20.2,20.8,19.8,20.59,20.28,5202713.0,106452632.1,4432882025.81,5136324427.47,-16651363.080000002,67238230.00999999,1433989857.24,1525800459.75,91810602.51,9261668.27,3860.83,3897.35,2701.22,3561.03,2423.13,2154.44,1660.06,1032.41,,,,Y,,,通信,通信设备,通信配套服务,19.97,20.18,20.2
sz300050,世纪鼎利,2015-03-10,20.47,21.46,20.4,21.3,20.59,6712447.0,139751691.3,4585740026.7,5313439062.9,-16651363.080000002,67238230.00999999,1433989857.24,1525800459.75,91810602.51,9261668.27,4828.21,4408.5,4168.86,5047.23,4263.04,3438.33,715.05,1081.09,,,,Y,,,通信,通信设备,通信配套服务,20.9,21.0,20.87
sz300050,世纪鼎利,2015-03-11,21.28,21.51,20.6,20.8,21.3,4288503.0,90499681.0,4478093547.2,5188710446.4,-16651363.080000002,67238230.00999999,1433989857.24,1525800459.75,91810602.51,9261668.27,3517.58,3558.99,2751.76,2960.03,2434.86,1977.25,345.76,553.69,,,,Y,,,通信,通信设备,通信配套服务,21.11,21.2,21.12
sz300050,世纪鼎利,2015-03-12,20.75,21.25,20.02,20.42,20.8,4411524.0,91267124.0,4396282222.78,5093916697.86,-16651363.080000002,67238230.00999999,1433989857.24,1525800459.75,91810602.51,9261668.27,3619.07,3138.07,1835.45,2401.8,2680.54,2308.49,991.64,1278.34,,,,Y,,,通信,通信设备,通信配套服务,20.87,21.14,21.24
sz300050,世纪鼎利,2015-03-13,20.5,22.46,20.45,22.46,20.42,9644384.0,209656183.2,4835479859.14,5602809453.18,-16651363.080000002,67238230.00999999,1433989857.24,1525800459.75,91810602.51,9261668.27,6464.9,7904.71,6758.8,5753.51,3947.39,5506.0,3616.26,1623.13,,,,Y,,,通信,通信设备,通信配套服务,20.6,20.69,20.5
sz300050,世纪鼎利,2015-03-16,23.0,24.71,22.85,23.72,22.46,20003024.0,474727079.3,5106748987.48,5917125566.76,-16651363.080000002,67238230.00999999,1433989857.24,1525800459.75,91810602.51,9261668.27,17524.89,16303.84,16173.19,19193.15,9541.9,7456.5,4232.68,4519.17,,,,Y,,,通信,通信设备,通信配套服务,23.7,23.56,24.26
sz300050,世纪鼎利,2015-03-17,23.79,25.5,23.53,24.85,23.72,17026129.0,417863231.6,5350030031.15,6199012240.05,-16651363.080000002,67238230.00999999,1433989857.24,1525800459.75,91810602.51,9261668.27,14289.75,14682.84,15167.52,15154.6,9727.84,9279.12,2601.18,2669.73,,,,Y,,,通信,通信设备,通信配套服务,23.9,24.13,24.09
sz300050,世纪鼎利,2015-03-18,24.45,27.34,24.21,27.01,24.85,19545624.0,510861448.5,5815062822.59,6737839863.33,-16651363.080000002,67238230.00999999,1433989857.24,1525800459.75,91810602.51,9261668.27,16139.73,16658.44,15894.16,16942.6,9993.39,10009.82,9058.83,7475.25,,,,Y,,,通信,通信设备,通信配套服务,24.4,24.44,24.56
sz300050,世纪鼎利,2015-03-19,26.45,26.79,25.8,26.7,27.01,11436390.0,300346724.2,5748322005.3,6660508121.1,-16651363.080000002,67238230.00999999,1433989857.24,1525800459.75,91810602.51,9261668.27,11203.36,10335.97,8954.72,9796.25,8121.9,6676.18,1754.67,3226.26,,,,Y,,,通信,通信设备,通信配套服务,26.4,26.75,26.23
sz300050,世纪鼎利,2015-03-20,26.62,28.79,26.16,27.55,26.7,11245963.0,309413210.0,5931321020.45,6872546769.15,-16651363.080000002,67238230.00999999,1433989857.24,1525800459.75,91810602.51,9261668.27,12486.42,12730.96,9322.33,8813.86,7216.02,8022.88,1916.54,1373.61,,,,Y,,,通信,通信设备,通信配套服务,26.23,26.56,27.25
sz300050,世纪鼎利,2015-03-23,28.0,29.95,27.35,29.44,27.55,10817188.0,307917600.8,6338224712.96,7344020939.52,-16651363.080000002,67238230.00999999,1433989857.24,1525800459.75,91810602.51,9261668.27,11747.26,12176.97,9877.9,9424.11,6249.72,6968.72,2916.86,2221.95,,,,Y,,,通信,通信设备,通信配套服务,28.15,27.8,27.9
sz300050,世纪鼎利,2015-03-24,29.49,29.88,26.9,29.0,29.44,13544324.0,384587168.1,6243495811.0,7234259757.0,-16651363.080000002,67238230.00999999,1433989857.24,1525800459.75,91810602.51,9261668.27,14574.66,13067.47,11152.75,12419.42,9133.5,7244.05,3597.79,5727.76,,,,Y,,,通信,通信设备,通信配套服务,28.7,28.89,29.42
sz300050,世纪鼎利,2015-03-25,28.45,28.99,27.65,28.25,29.0,8861216.0,250383696.9,6082026091.75,7047166832.25,-16651363.080000002,67238230.00999999,1433989857.24,1525800459.75,91810602.51,9261668.27,9642.21,9587.01,7566.96,7551.25,6118.64,5293.26,1710.56,2606.85,,,,Y,,,通信,通信设备,通信配套服务,28.18,28.35,27.88
sz300050,世纪鼎利,2015-03-26,27.5,27.6,25.43,26.68,28.25,11274071.0,300718863.2,5744016146.12,6655518976.44,-16651363.080000002,67238230.00999999,1433989857.24,1525800459.75,91810602.51,9261668.27,10791.68,9069.64,9275.5,10333.12,7745.72,5458.36,2258.97,5210.75,,,,Y,,,通信,通信设备,通信配套服务,27.0,26.9,27.35
sz300050,世纪鼎利,2015-03-27,26.26,29.03,26.26,28.58,26.68,10225948.0,284047028.0,6153072768.22,7129487719.14,-16651363.080000002,67238230.00999999,1433989857.24,1525800459.75,91810602.51,9261668.27,9518.5,11094.76,10561.42,8805.04,5436.37,6672.24,2888.39,1832.64,,,,Y,,,通信,通信设备,通信配套服务,26.48,26.94,26.8
sz300050,世纪鼎利,2015-03-30,28.02,28.7,26.89,27.58,28.58,7970595.0,220665728.8,5937779809.22,6880030486.14,-16651363.080000002,67238230.00999999,1433989857.24,1525800459.75,91810602.51,9261668.27,9600.27,7418.51,6115.74,8774.31,6109.34,4213.53,241.2,1660.2,,,,Y,,,通信,通信设备,通信配套服务,28.5,28.07,27.88
sz300050,世纪鼎利,2015-03-31,27.5,29.62,27.21,29.3,27.58,10933555.0,313473856.2,6308083698.7,7309096926.9,-16651363.080000002,67238230.00999999,1433989857.24,1525800459.75,91810602.51,9261668.27,11695.9,12534.18,10601.04,9864.01,6109.82,8048.73,2940.61,900.46,,,,Y,,,通信,通信设备,通信配套服务,27.25,27.55,27.78
sz300050,世纪鼎利,2015-04-01,29.3,32.23,29.3,32.23,29.3,12742400.0,399188284.6,6938892068.57,8040006619.59,-16651363.080000002,67238230.00999999,1433989857.24,1525800459.75,91810602.51,9261668.27,9889.47,13948.1,12742.41,13991.8,5440.73,7419.19,11846.2,4559.73,,,,Y,,,通信,通信设备,通信配套服务,30.5,31.1,30.85
sz300050,世纪鼎利,2015-04-02,32.58,34.3,31.11,33.4,32.23,13812899.0,453785733.4,7190784830.6,8331871582.2,-16651363.080000002,67238230.00999999,1433989857.24,1525800459.75,91810602.51,9261668.27,16049.86,13838.57,13366.74,16213.85,10117.0,7550.69,5844.96,7775.45,,,,Y,,,通信,通信设备,通信配套服务,32.88,33.24,33.53
sz300050,世纪鼎利,2015-04-03,34.88,36.74,34.6,35.9,33.4,14464218.0,516102967.4,7729017228.1,8955514664.7,43858205.45,116161582.53,1961043267.6,2370173129.41,409129861.81,18167774.81,16098.6,15793.42,14892.69,18527.94,11668.01,10114.82,8950.97,7174.1,,,,Y,,,通信,通信设备,通信配套服务,35.68,35.4,35.67
sz300050,世纪鼎利,2015-04-07,35.05,35.5,33.98,35.24,35.9,11079019.0,385794918.5,7586923875.16,8790872890.92,43858205.45,116161582.53,1961043267.6,2370173129.41,409129861.81,18167774.81,14821.45,12285.24,9943.25,13316.95,11759.61,8098.65,2055.17,4878.63,,,,Y,,,通信,通信设备,通信配套服务,35.06,34.83,34.48
sz300050,世纪鼎利,2015-04-08,35.48,35.65,33.13,34.65,35.24,10797099.0,368977530.9,7459901029.35,8643693123.45,43858205.45,116161582.53,1961043267.6,2370173129.41,409129861.81,18167774.81,11591.5,11398.61,10525.37,11769.64,10076.68,7941.05,4704.19,5788.45,,,,Y,,,通信,通信设备,通信配套服务,34.83,35.1,34.72
sz300050,世纪鼎利,2015-04-09,34.0,34.25,31.76,33.3,34.65,10242497.0,335452954.9,7169255534.7,8306925858.9,43858205.45,116161582.53,1961043267.6,2370173129.41,409129861.81,18167774.81,11585.04,11085.55,8588.11,9431.82,9039.96,7226.19,4332.18,5801.72,,,,Y,,,通信,通信设备,通信配套服务,34.02,33.1,32.2
sz300050,世纪鼎利,2015-04-10,32.6,34.38,32.45,34.0,33.3,7595580.0,257061258.1,7319960606.0,8481545922.0,43858205.45,116161582.53,1961043267.6,2370173129.41,409129861.81,18167774.81,8699.47,8795.71,9345.2,9264.13,5643.45,5933.08,2018.0,1713.2,,,,Y,,,通信,通信设备,通信配套服务,33.3,33.51,33.32
sz300050,世纪鼎利,2015-04-13,33.6,34.9,32.3,33.85,34.0,7756252.0,261135328.7,7287666662.15,8444127337.05,43858205.45,116161582.53,1961043267.6,2370173129.41,409129861.81,18167774.81,9873.39,8643.15,7490.72,8622.03,6991.61,5409.26,1757.81,3439.09,,,,Y,,,通信,通信设备,通信配套服务,33.12,33.4,33.26
sz300050,世纪鼎利,2015-04-14,33.77,33.84,32.0,32.25,33.85,6803148.0,223211904.5,6943197927.75,8044995764.25,43858205.45,116161582.53,1961043267.6,2370173129.41,409129861.81,18167774.81,7774.16,7352.44,6507.31,7063.67,6157.82,4055.55,1881.89,3849.53,,,,Y,,,通信,通信设备,通信配套服务,33.3,33.48,33.31
sz300050,世纪鼎利,2015-04-15,31.97,31.98,29.07,29.07,32.25,9439627.0,286279594.2,6258566318.13,7251721763.31,43858205.45,116161582.53,1961043267.6,2370173129.41,409129861.81,18167774.81,9484.77,8947.2,7313.62,8312.58,10241.97,8317.45,1587.58,3050.71,,,,Y,,,通信,通信设备,通信配套服务,31.27,31.2,30.9
sz300050,世纪鼎利,2015-04-16,29.07,30.5,28.9,29.43,29.07,6293732.0,186670632.9,6336071783.37,7341526367.19,43858205.45,116161582.53,1961043267.6,2370173129.41,409129861.81,18167774.81,7159.05,6857.95,5692.1,6377.54,5269.79,4363.49,546.11,1068.07,,,,Y,,,通信,通信设备,通信配套服务,29.2,29.55,29.5
sz300050,世纪鼎利,2015-04-17,29.61,30.49,28.6,29.24,29.43,8062454.0,237060104.8,6295166121.16,7294129492.92,43858205.45,116161582.53,1961043267.6,2370173129.41,409129861.81,18167774.81,9648.01,8167.17,5939.31,7470.01,6946.32,5318.63,1172.34,2750.19,,,,Y,,,通信,通信设备,通信配套服务,29.65,29.08,29.15
sz300050,世纪鼎利,2015-04-20,29.2,29.2,27.96,28.22,29.24,6432774.0,183194465.0,6075567302.98,7039683115.26,43858205.45,116161582.53,1961043267.6,2370173129.41,409129861.81,18167774.81,7758.67,6609.72,4782.09,5075.27,5482.72,4343.75,295.95,2290.7,,,,Y,,,通信,通信设备,通信配套服务,28.3,28.6,28.78
sz300050,世纪鼎利,2015-04-21,28.15,30.32,28.15,30.2,28.22,6435004.0,190412716.2,6501847361.8,7533608436.6,43858205.45,116161582.53,1961043267.6,2370173129.41,409129861.81,18167774.81,7824.19,7907.5,5523.65,4976.22,4535.46,5917.58,1157.96,239.97,,,,Y,,,通信,通信设备,通信配套服务,28.5,28.88,29.09
sz300050,世纪鼎利,2015-04-22,30.58,31.95,30.33,31.73,30.2,9590184.0,299993901.7,6831245589.07,7915278003.09,43858205.45,116161582.53,1961043267.6,2370173129.41,409129861.81,18167774.81,10353.48,9735.71,10614.23,10909.81,6310.52,6283.04,2719.89,3069.56,,,,Y,,,通信,通信设备,通信配套服务,30.52,30.88,31.29
sz300050,世纪鼎利,2015-04-23,32.73,33.8,31.96,32.96,31.73,12670745.0,415972888.3,7096055928.64,8222110399.68,59589442.04000001,108896844.46,1980689875.07,2200959641.2,220269766.13,19033804.64,16944.0,15266.22,10407.47,11980.21,13324.45,10553.44,921.36,3797.41,,,,Y,,,通信,通信设备,通信配套服务,33.18,33.23,33.27
sz300050,世纪鼎利,2015-04-24,32.83,32.83,31.56,32.52,32.96,7669413.0,246921084.6,7001327026.68,8112349217.16,59589442.04000001,108896844.46,1980689875.07,2200959641.2,220269766.13,19033804.64,10264.67,10987.1,5647.98,5063.86,8153.64,7502.19,625.82,1138.95,,,,Y,,,通信,通信设备,通信配套服务,32.4,32.58,32.26
sz300050,世纪鼎利,2015-04-27,32.3,32.78,31.18,31.21,32.52,8956326.0,285459100.9,6719293250.39,7785560241.93,59589442.04000001,108896844.46,1980689875.07,2200959641.2,220269766.13,19033804.64,12053.21,10276.46,6355.42,8992.8,9480.78,6473.55,656.43,2803.03,,,,Y,,,通信,通信设备,通信配套服务,32.75,32.54,32.7
sz300050,世纪鼎利,2015-04-28,31.0,31.1,28.54,29.25,31.21,8005659.0,237899581.0,6297319050.75,7296624065.25,59589442.04000001,108896844.46,1980689875.07,2200959641.2,220269766.13,19033804.64,9079.65,8785.43,6020.67,7528.08,8029.2,6399.35,660.43,1077.08,,,,Y,,,通信,通信设备,通信配套服务,30.69,30.31,30.6
sz300050,世纪鼎利,2015-04-29,28.81,30.6,28.7,30.58,29.25,5499375.0,165468045.3,6583658686.22,7628402185.14,59589442.04000001,108896844.46,1980689875.07,2200959641.2,220269766.13,19033804.64,6664.29,7278.21,4720.71,3242.89,4678.96,5110.1,482.83,915.61,,,,Y,,,通信,通信设备,通信配套服务,29.55,29.47,29.7
sz300050,世纪鼎利,2015-04-30,30.9,31.69,28.0,29.45,30.58,10251888.0,314575248.5,6340377642.55,7346515511.85,59589442.04000001,108896844.46,1980689875.07,2200959641.2,220269766.13,19033804.64,12270.62,9526.19,8621.74,9745.28,8982.54,6354.06,1582.61,5831.98,,,,Y,,,通信,通信设备,通信配套服务,31.17,31.19,30.85
sz300050,世纪鼎利,2015-05-04,29.25,31.58,29.2,31.35,29.45,8694816.0,266256268.1,6749434264.65,7820484254.55,59589442.04000001,108896844.46,1980689875.07,2200959641.2,220269766.13,19033804.64,9530.52,10920.02,8657.55,6911.61,6509.24,8164.36,1928.3,629.62,,,,Y,,,通信,通信设备,通信配套服务,29.44,29.61,29.64
sz300050,世纪鼎利,2015-05-05,31.3,31.34,30.12,30.75,31.35,5999112.0,183947795.9,6620258489.25,7670809914.75,59589442.04000001,108896844.46,1980689875.07,2200959641.2,220269766.13,19033804.64,5895.41,6279.25,4662.39,4480.32,7573.52,5924.27,263.45,1710.93,,,,Y,,,通信,通信设备,通信配套服务,30.98,31.0,30.65
sz300050,世纪鼎利,2015-05-06,30.8,32.37,30.8,31.13,30.75,8477721.0,269185787.1,6702069813.67,7765603663.29,59589442.04000001,108896844.46,1980689875.07,2200959641.2,220269766.13,19033804.64,10959.07,10089.42,7096.94,6717.48,7267.62,7981.66,1594.93,2130.01,,,,Y,,,通信,通信设备,通信配套服务,31.17,31.6,31.47
sz300050,世纪鼎利,2015-05-07,30.7,30.99,29.3,29.4,31.13,6040088.0,181325328.3,6329612994.6,7334042650.2,59589442.04000001,108896844.46,1980689875.07,2200959641.2,220269766.13,19033804.64,6972.32,6602.21,4802.79,5473.63,5132.76,4009.89,1224.65,2046.78,,,,Y,,,通信,通信设备,通信配套服务,30.5,30.6,30.0
sz300050,世纪鼎利,2015-05-08,29.75,32.34,29.75,32.34,29.4,12230767.0,382494144.5,6962574294.06,8067446915.22,59589442.04000001,108896844.46,1980689875.07,2200959641.2,220269766.13,19033804.64,12401.83,14120.34,12449.64,10924.33,7868.54,10149.08,5529.39,3055.65,,,,Y,,,通信,通信设备,通信配套服务,30.12,30.22,30.17
sz300050,世纪鼎利,2015-05-11,33.11,35.53,32.26,34.7,32.34,17637929.0,600449234.9,7470665677.3,8656165985.1,59589442.04000001,108896844.46,1980689875.07,2200959641.2,220269766.13,19033804.64,18906.38,21011.02,19665.16,17562.96,12728.28,13902.94,8745.08,7567.98,,,,Y,,,通信,通信设备,通信配套服务,33.09,32.55,33.2
sz300050,世纪鼎利,2015-05-12,34.79,35.69,33.73,34.76,34.7,16356840.0,567624669.6,7483583254.84,8671133419.08,59589442.04000001,108896844.46,1980689875.07,2200959641.2,220269766.13,19033804.64,19457.0,17838.23,15972.84,16741.58,14090.13,11626.97,7242.48,10555.66,,,,Y,,,通信,通信设备,通信配套服务,34.57,35.2,35.16
sz300050,世纪鼎利,2015-05-13,33.9,36.5,32.86,35.01,34.76,12774600.0,443270255.3,7537406494.59,8733497727.33,59589442.04000001,108896844.46,1980689875.07,2200959641.2,220269766.13,19033804.64,17003.26,16731.82,12451.0,13963.21,11815.78,11628.87,3056.97,2003.12,,,,Y,,,通信,通信设备,通信配套服务,33.4,33.84,33.64
sz300050,世纪鼎利,2015-05-14,36.0,36.66,35.0,35.37,35.01,11304436.0,404730633.6,7614911959.83,8823302331.21,59589442.04000001,108896844.46,1980689875.07,2200959641.2,220269766.13,19033804.64,15480.73,16899.66,11781.64,11358.91,10366.65,10278.0,2844.02,1936.49,,,,Y,,,通信,通信设备,通信配套服务,35.92,35.48,35.09
sz300050,世纪鼎利,2015-05-15,34.56,35.15,33.25,34.45,35.37,9027052.0,309070800.9,7416842437.55,8593801676.85,59589442.04000001,108896844.46,1980689875.07,2200959641.2,220269766.13,19033804.64,10967.53,12102.53,10343.73,9362.85,8229.38,7746.32,1366.43,1695.37,,,,Y,,,通信,通信设备,通信配套服务,34.0,33.72,33.72
sz300050,世纪鼎利,2015-05-18,34.35,37.9,34.04,37.58,34.45,12962871.0,473375800.4,8090709399.22,9374602816.14,59589442.04000001,108896844.46,1980689875.07,2200959641.2,220269766.13,19033804.64,14791.71,16346.41,14869.13,15367.4,9376.67,11391.54,7001.31,2933.47,,,,Y,,,通信,通信设备,通信配套服务,35.44,35.56,35.75
sz300050,世纪鼎利,2015-05-19,37.7,38.86,36.0,38.01,37.58,10099821.0,374953580.2,8183285371.59,9481869426.33,59589442.04000001,108896844.46,1980689875.07,2200959641.2,220269766.13,19033804.64,15063.57,13162.26,9954.69,12803.27,10881.7,8754.65,1595.39,2775.17,,,,Y,,,通信,通信设备,通信配套服务,37.5,36.63,36.1
sz300050,世纪鼎利,2015-05-20,38.26,41.55,38.02,39.26,38.01,10967719.0,440433337.8,8452401570.34,9793690967.58,59589442.04000001,108896844.46,1980689875.07,2200959641.2,220269766.13,19033804.64,11929.21,12082.74,11595.49,13160.62,7063.81,6739.96,4544.48,3149.66,,,,Y,,,通信,通信设备,通信配套服务,38.75,38.91,40.3
sz300050,世纪鼎利,2015-05-21,39.7,42.23,39.26,42.2,39.26,9543483.0,390796634.6,9085362869.8,10527095232.6,59589442.04000001,108896844.46,1980689875.07,2200959641.2,220269766.13,19033804.64,15344.38,15087.11,12611.42,12324.23,8416.14,8158.63,2707.71,3509.68,,,,Y,,,通信,通信设备,通信配套服务,40.29,39.84,39.91
sz300050,世纪鼎利,2015-05-22,42.3,42.99,39.42,40.43,42.2,11179974.0,455703227.2,8704294332.37,10085555930.2,59589442.04000001,108896844.46,1980689875.07,2200959641.2,220269766.13,19033804.64,18637.79,17178.31,13028.88,14789.55,10908.95,9033.57,1352.65,2926.85,,,,Y,,,通信,通信设备,通信配套服务,41.8,42.5,41.35
sz300050,世纪鼎利,2015-05-25,40.43,42.69,40.01,41.49,40.43,11290853.0,471267003.2,8932504868.91,10349980597.2,59589442.04000001,108896844.46,1980689875.07,2200959641.2,220269766.13,19033804.64,18101.89,17651.15,15911.48,17355.09,9289.93,8787.46,3823.38,3332.96,,,,Y,,,通信,通信设备,通信配套服务,41.49,41.25,42.3
sz300050,世纪鼎利,2015-05-26,41.0,43.7,40.6,43.67,41.49,10194936.0,435891113.7,9401843519.53,10893797365.1,59589442.04000001,108896844.46,1980689875.07,2200959641.2,220269766.13,19033804.64,16933.69,16124.93,13711.35,13718.31,8654.83,8059.26,2955.48,4352.85,,,,Y,,,通信,通信设备,通信配套服务,41.49,42.38,42.12
sz300050,世纪鼎利,2015-05-27,43.67,45.18,41.92,44.35,43.67,8860650.0,385898824.1,9548242731.65,11063428283.5,59589442.04000001,108896844.46,1980689875.07,2200959641.2,220269766.13,19033804.64,14813.6,14292.17,10656.53,12537.25,8746.53,8007.51,3647.62,3027.36,,,,Y,,,通信,通信设备,通信配套服务,43.6,43.38,42.01
sz300050,世纪鼎利,2015-05-28,44.0,44.0,39.87,39.87,44.3,10631381.0,446599798.1,8583730275.33,9945859879.71,59589442.04000001,108896844.46,1980689875.07,2200959641.2,220269766.13,19033804.64,14173.61,12994.38,8184.24,11245.69,9539.9,6301.95,1149.02,2504.75,,,,Y,,,通信,通信设备,通信配套服务,43.0,43.26,43.0
sz300050,世纪鼎利,2015-05-29,39.5,41.25,37.18,40.26,39.87,8552476.0,337773233.2,8667694529.34,10043148200.6,59589442.04000001,108896844.46,1980689875.07,2200959641.2,220269766.13,19033804.64,11865.59,12206.1,8907.49,10520.51,9322.52,8150.51,2366.95,1585.43,,,,Y,,,通信,通信设备,通信配套服务,40.15,37.39,37.99
sz300050,世纪鼎利,2015-06-01,40.49,43.5,39.01,43.44,40.26,10199606.0,426287710.5,9352326138.96,10836422201.5,59589442.04000001,108896844.46,1980689875.07,2200959641.2,220269766.13,19033804.64,14566.42,16823.45,16346.7,14979.71,7075.43,9329.49,4640.2,1496.1,,,,Y,,,通信,通信设备,通信配套服务,39.75,40.05,40.55
sz300050,世纪鼎利,2015-06-02,43.43,46.2,42.3,45.4,43.44,11097142.0,490921286.2,9774300338.6,11325358378.2,59589442.04000001,108896844.46,1980689875.07,2200959641.2,220269766.13,19033804.64,18383.26,19983.59,17631.82,15309.85,9316.86,11103.32,3760.17,2695.34,,,,Y,,,通信,通信设备,通信配套服务,43.05,42.43,43.39
sz300050,世纪鼎利,2015-06-03,45.5,46.71,43.21,45.3,45.4,9145296.0,411068113.4,9752771042.7,11300412654.9,59589442.04000001,108896844.46,1980689875.07,2200959641.2,220269766.13,19033804.64,15832.79,16308.07,12660.6,14191.87,10440.56,8477.03,2172.83,2129.81,,,,Y,,,通信,通信设备,通信配套服务,45.0,45.14,44.69
sz300050,世纪鼎利,2015-06-04,45.05,45.27,40.89,43.05,45.3,8555121.0,369775708.7,9268361884.95,10739133880.6,59589442.04000001,108896844.46,1980689875.07,2200959641.2,220269766.13,19033804.64,14741.78,13368.15,9386.3,12891.17,11851.32,7522.39,998.16,3195.85,,,,Y,,,通信,通信设备,通信配套服务,44.07,44.79,44.87
sz300050,世纪鼎利,2015-06-05,44.0,45.0,41.56,42.47,43.05,10082167.0,436377483.7,9143491968.73,10594448685.5,59589442.04000001,108896844.46,1980689875.07,2200959641.2,220269766.13,19033804.64,16171.21,16536.68,13125.18,14338.66,11300.7,8205.43,3040.64,4556.95,,,,Y,,,通信,通信设备,通信配套服务,43.81,43.8,44.05
sz300050,世纪鼎利,2015-06-08,42.0,42.21,39.0,40.37,42.47,10064266.0,408135618.2,8691376754.83,10070588496.2,59589442.04000001,108896844.46,1980689875.07,2200959641.2,220269766.13,19033804.64,15128.3,13556.88,8097.71,14738.08,16602.17,9414.63,985.36,3103.95,,,,Y,,,通信,通信设备,通信配套服务,41.69,41.03,40.5
sz300050,世纪鼎利,2015-06-09,39.8,41.3,38.91,40.19,40.37,10946374.0,437437549.2,8652624022.21,10025686194.3,59589442.04000001,108896844.46,1980689875.07,2200959641.2,220269766.13,19033804.64,14727.89,11835.96,11195.45,15313.88,15970.94,9816.03,1849.45,6777.87,,,,Y,,,通信,通信设备,通信配套服务,40.8,41.2,41.03
sz300050,世纪鼎利,2015-06-10,40.0,41.81,39.3,41.25,40.19,8757866.0,356955585.0,8880834558.75,10290110861.2,59589442.04000001,108896844.46,1980689875.07,2200959641.2,220269766.13,19033804.64,13454.43,13298.35,12404.26,13304.95,7265.94,7562.26,2570.91,1529.98,,,,Y,,,通信,通信设备,通信配套服务,39.98,40.23,39.92
sz300050,世纪鼎利,2015-06-11,41.12,41.83,40.61,41.7,41.25,6856097.0,282148550.7,8977716390.3,10402366616.1,59589442.04000001,108896844.46,1980689875.07,2200959641.2,220269766.13,19033804.64,12067.74,11624.57,7676.13,9306.81,7662.32,6043.82,808.66,1239.65,,,,Y,,,通信,通信设备,通信配套服务,41.45,41.49,41.1
sz300050,世纪鼎利,2015-06-12,42.0,43.55,41.98,42.59,41.7,9549839.0,408572064.7,9169327123.81,10624383553.5,59589442.04000001,108896844.46,1980689875.07,2200959641.2,220269766.13,19033804.64,10639.33,9706.29,8036.49,8805.12,5889.26,5365.99,1551.98,2239.66,,,,Y,,,通信,通信设备,通信配套服务,42.43,42.72,42.9
sz300050,世纪鼎利,2015-06-15,42.7,43.5,40.13,40.35,42.59,9091989.0,376268221.4,8687070895.65,10065599351.5,59589442.04000001,108896844.46,1980689875.07,2200959641.2,220269766.13,19033804.64,12456.95,10887.44,8561.57,10399.76,9008.99,6000.32,720.35,3460.34,,,,Y,,,通信,通信设备,通信配套服务,42.79,42.71,41.99
sz300050,世纪鼎利,2015-06-16,39.34,39.98,38.13,39.26,40.35,6620095.0,259313017.4,8452401570.34,9793690967.58,59589442.04000001,108896844.46,1980689875.07,2200959641.2,220269766.13,19033804.64,9065.48,9047.66,4407.37,6835.88,11565.37,8889.7,893.07,1158.05,,,,Y,,,通信,通信设备,通信配套服务,39.4,39.44,39.33
sz300050,世纪鼎利,2015-06-17,39.06,41.14,38.78,40.8,39.26,5945090.0,236870515.1,8783952727.2,10177855106.4,59589442.04000001,108896844.46,1980689875.07,2200959641.2,220269766.13,19033804.64,9699.78,9698.1,5252.13,4862.58,7321.01,8004.54,1414.11,1121.82,,,,Y,,,通信,通信设备,通信配套服务,39.2,39.61,39.79
sz300050,世纪鼎利,2015-06-18,40.95,42.0,39.66,39.71,40.8,6049786.0,248093445.2,8549283401.89,9905946722.43,59589442.04000001,108896844.46,1980689875.07,2200959641.2,220269766.13,19033804.64,10657.21,10734.9,5840.53,6510.39,7620.13,6848.11,691.47,715.94,,,,Y,,,通信,通信设备,通信配套服务,41.06,41.07,40.65
sz300050,世纪鼎利,2015-06-19,38.0,39.0,35.74,35.74,39.71,5652588.0,212432410.8,7694570354.66,8915601507.42,59589442.04000001,108896844.46,1980689875.07,2200959641.2,220269766.13,19033804.64,6890.29,7817.93,4080.81,5630.84,9107.64,6227.05,1164.48,1567.41,,,,Y,,,通信,通信设备,通信配套服务,38.8,38.72,37.88
sz300050,世纪鼎利,2015-06-23,34.75,36.5,32.51,35.95,35.74,5943584.0,206861608.7,7739781876.05,8967987526.35,59589442.04000001,108896844.46,1980689875.07,2200959641.2,220269766.13,19033804.64,7601.65,6831.67,4306.23,5476.62,8240.85,6729.03,537.43,1648.84,,,,Y,,,通信,通信设备,通信配套服务,36.05,35.85,36.0
sz300050,世纪鼎利,2015-06-24,36.25,36.86,35.3,36.39,35.95,5494102.0,198965728.9,7834510778.01,9077748708.87,59589442.04000001,108896844.46,1980689875.07,2200959641.2,220269766.13,19033804.64,8065.05,8184.83,3638.78,4458.54,7988.84,6810.02,203.89,443.17,,,,Y,,,通信,通信设备,通信配套服务,36.66,36.72,36.6
sz300050,世纪鼎利,2015-06-25,36.5,36.77,33.12,33.88,36.39,5741436.0,202807878.7,7294125450.92,8451611054.04,59589442.04000001,108896844.46,1980689875.07,2200959641.2,220269766.13,19033804.64,7486.08,7341.84,3296.64,6198.56,9234.84,5935.95,263.23,804.43,,,,Y,,,通信,通信设备,通信配套服务,36.48,36.55,35.9
sz300050,世纪鼎利,2015-06-26,32.8,33.33,30.49,30.49,33.88,6334784.0,200051800.8,6564282319.91,7605951034.17,59589442.04000001,108896844.46,1980689875.07,2200959641.2,220269766.13,19033804.64,6670.69,6275.96,3220.42,5195.8,8268.23,5172.38,296.21,1811.42,,,,Y,,,通信,通信设备,通信配套服务,33.25,32.11,32.28
sz300050,世纪鼎利,2015-06-29,31.17,31.26,27.44,27.44,30.49,8989514.0,253196975.3,5907638794.96,6845106473.52,59589442.04000001,108896844.46,1980689875.07,2200959641.2,220269766.13,19033804.64,8678.02,7500.7,6021.12,7204.05,8049.69,5551.84,2570.85,5063.1,,,,Y,,,通信,通信设备,通信配套服务,30.07,28.4,29.09
sz300050,世纪鼎利,2015-06-30,26.79,29.5,24.7,28.52,27.44,10249110.0,275538243.0,6140155190.68,7114520285.16,59589442.04000001,108896844.46,1980689875.07,2200959641.2,220269766.13,19033804.64,10950.01,10097.18,6523.4,6219.0,8733.82,7719.89,1346.57,3517.74,,,,Y,,,通信,通信设备,通信配套服务,26.37,25.53,24.99
sz300050,世纪鼎利,2015-07-01,28.1,29.38,25.67,25.67,28.52,10874873.0,306970272.2,5526570257.53,6403567171.11,59589442.04000001,108896844.46,1980689875.07,2200959641.2,220269766.13,19033804.64,11157.93,11108.01,6929.26,7923.48,10623.61,9029.67,1985.96,2635.61,,,,Y,,,通信,通信设备,通信配套服务,28.5,28.6,29.1
sz300050,世纪鼎利,2015-07-02,25.08,25.7,23.1,23.1,25.67,8305584.0,200138224.0,4973267352.9,5762462082.3,59589442.04000001,108896844.46,1980689875.07,2200959641.2,220269766.13,19033804.64,8000.99,7304.47,4078.51,4863.65,7476.47,5353.32,457.84,2492.37,,,,Y,,,通信,通信设备,通信配套服务,23.8,24.78,25.11
sz300050,世纪鼎利,2015-07-03,22.01,24.1,20.79,20.81,23.1,10901705.0,236355837.9,4480246476.79,5191205018.73,59589442.04000001,108896844.46,1980689875.07,2200959641.2,220269766.13,19033804.64,10162.75,9122.26,4977.1,5791.48,7847.62,7382.07,648.1,1339.76,,,,Y,,,通信,通信设备,通信配套服务,21.68,20.82,21.1
sz300050,世纪鼎利,2015-07-06,22.89,22.89,18.73,19.61,20.81,13475118.0,281570413.1,4221894925.99,4891856339.13,59589442.04000001,108896844.46,1980689875.07,2200959641.2,220269766.13,19033804.64,11008.42,10736.28,7141.75,7433.51,9354.78,7357.57,652.08,2629.67,,,,Y,,,通信,通信设备,通信配套服务,22.76,22.23,22.2
sz300050,世纪鼎利,2015-07-07,18.4,18.83,17.65,17.65,19.61,6024600.0,107986727.4,3799920726.35,4402920162.45,59589442.04000001,108896844.46,1980689875.07,2200959641.2,220269766.13,19033804.64,4735.02,3773.23,1360.05,1953.5,4371.03,3059.77,332.55,2012.16,,,,Y,,,通信,通信设备,通信配套服务,18.39,17.9,18.3
sz300050,世纪鼎利,2015-07-08,15.89,17.0,15.89,16.3,17.65,18713980.0,301814702.7,3509275231.7,4066152897.9,59589442.04000001,108896844.46,1980689875.07,2200959641.2,220269766.13,19033804.64,10102.1,9929.48,8549.53,7895.25,8606.86,8799.06,2922.96,3557.65,,,,Y,,,通信,通信设备,通信配套服务,15.89,15.89,15.89
sz300050,世纪鼎利,2015-07-09,16.21,17.93,16.21,17.93,16.3,10379996.0,180549288.2,3860202754.87,4472768187.69,59589442.04000001,108896844.46,1980689875.07,2200959641.2,220269766.13,19033804.64,6124.65,7395.85,4609.81,4340.96,4149.23,5793.74,3171.23,524.36,,,,Y,,,通信,通信设备,通信配套服务,16.61,16.72,17.61
sz300050,世纪鼎利,2015-07-10,19.7,19.72,19.3,19.72,17.93,3096971.0,60982074.5,4245577151.48,4919296634.76,59589442.04000001,108896844.46,1980689875.07,2200959641.2,220269766.13,19033804.64,1977.68,2144.94,1576.66,1690.86,1230.63,1625.24,1313.24,637.16,,,,Y,,,通信,通信设备,通信配套服务,19.72,19.72,19.72
sz300050,世纪鼎利,2015-07-13,21.69,21.69,21.69,21.69,19.72,2188822.0,47475549.2,4669704280.71,5410727383.77,59589442.04000001,108896844.46,1980689875.07,2200959641.2,220269766.13,19033804.64,1155.42,1474.69,822.26,1354.75,479.58,653.79,2289.64,1263.66,,,,Y,,,通信,通信设备,通信配套服务,21.69,21.69,21.69
sz300050,世纪鼎利,2015-07-14,23.86,23.86,23.01,23.86,21.69,12285266.0,292437799.7,5136890001.74,5952049579.38,59589442.04000001,108896844.46,1980689875.07,2200959641.2,220269766.13,19033804.64,8732.29,10365.97,8082.75,10068.7,4416.44,5227.66,8012.28,3581.42,,,,Y,,,通信,通信设备,通信配套服务,23.86,23.86,23.86
sz300050,世纪鼎利,2015-07-15,23.5,24.0,21.47,21.47,23.86,19371367.0,438283136.0,4622339829.73,5355846792.51,59589442.04000001,108896844.46,1980689875.07,2200959641.2,220269766.13,19033804.64,16443.71,13842.17,11034.31,12942.61,13795.96,9772.52,2554.33,7270.99,,,,Y,,,通信,通信设备,通信配套服务,23.85,23.6,22.94
sz300050,世纪鼎利,2015-07-16,21.46,23.62,20.05,23.62,21.47,17282008.0,393551230.9,5085219691.58,5892179843.46,59589442.04000001,108896844.46,1980689875.07,2200959641.2,220269766.13,19033804.64,13077.86,14794.59,11062.61,9849.76,10446.52,12183.8,4768.12,2526.97,,,,Y,,,通信,通信设备,通信配套服务,20.15,21.34,22.9
sz300050,世纪鼎利,2015-07-17,23.94,25.98,23.62,25.55,23.62,14170255.0,354162293.1,5500735102.45,6373632303.15,59589442.04000001,108896844.46,1980689875.07,2200959641.2,220269766.13,19033804.64,13376.17,12160.62,9581.29,10878.46,9749.5,9674.2,2709.27,2702.94,,,,Y,,,通信,通信设备,通信配套服务,24.1,24.01,24.65
sz300050,世纪鼎利,2015-07-20,25.5,27.23,24.98,26.3,25.55,14671902.0,382744432.2,5662204821.7,6560725227.9,59589442.04000001,108896844.46,1980689875.07,2200959641.2,220269766.13,19033804.64,15695.49,14841.92,9416.87,10276.43,12047.67,10814.65,1114.41,2341.44,,,,Y,,,通信,通信设备,通信配套服务,25.7,26.04,26.6
sz300050,世纪鼎利,2015-07-21,25.1,26.86,25.0,26.24,26.3,9896283.0,258693104.3,5649287244.16,6545757793.92,59589442.04000001,108896844.46,1980689875.07,2200959641.2,220269766.13,19033804.64,10227.4,10346.37,6628.36,6877.62,8410.87,8172.15,602.66,473.15,,,,Y,,,通信,通信设备,通信配套服务,25.5,26.1,26.05
sz300050,世纪鼎利,2015-07-22,26.01,27.08,25.61,26.4,26.24,10456823.0,275517138.1,5683734117.6,6585670951.2,59589442.04000001,108896844.46,1980689875.07,2200959641.2,220269766.13,19033804.64,11062.47,11312.35,6876.01,6466.74,8632.35,8412.43,980.87,1360.18,,,,Y,,,通信,通信设备,通信配套服务,26.2,26.5,26.79
sz300050,世纪鼎利,2015-07-23,26.5,28.0,26.27,27.9,26.4,11063847.0,302764758.8,6006673556.1,6959856800.7,59589442.04000001,108896844.46,1980689875.07,2200959641.2,220269766.13,19033804.64,11597.65,12061.61,8632.51,7547.19,8322.06,9899.48,1724.23,768.17,,,,Y,,,通信,通信设备,通信配套服务,26.52,26.44,26.67
sz300050,世纪鼎利,2015-07-24,28.0,28.48,26.78,27.0,27.9,12223354.0,338425062.9,5812909893.0,6735345291.0,59589442.04000001,108896844.46,1980689875.07,2200959641.2,220269766.13,19033804.64,10041.85,9796.44,6238.72,7704.33,7817.96,6667.24,950.68,881.2,,,,Y,,,通信,通信设备,通信配套服务,27.78,27.99,27.91
sz300050,世纪鼎利,2015-07-27,26.1,27.84,24.3,24.3,27.0,11565132.0,302804337.4,5231618903.7,6061810761.9,59589442.04000001,108896844.46,1980689875.07,2200959641.2,220269766.13,19033804.64,11732.94,11350.16,7389.88,8434.88,10171.43,8296.95,986.17,2198.43,,,,Y,,,通信,通信设备,通信配套服务,26.5,26.99,27.2
sz300050,世纪鼎利,2015-07-28,22.8,25.0,21.91,22.82,24.3,12230264.0,280992708.8,4912985324.38,5692614057.06,59589442.04000001,108896844.46,1980689875.07,2200959641.2,220269766.13,19033804.64,11187.5,10492.52,7548.17,7306.11,8469.95,7186.28,893.62,3114.33,,,,Y,,,通信,通信设备,通信配套服务,22.5,22.89,22.36
sz300050,世纪鼎利,2015-07-29,23.41,24.82,21.52,24.5,22.82,11669193.0,270654396.7,5274677495.5,6111702208.5,59589442.04000001,108896844.46,1980689875.07,2200959641.2,220269766.13,19033804.64,11306.86,10914.25,6417.21,6248.56,8699.4,8776.36,641.95,1126.25,,,,Y,,,通信,通信设备,通信配套服务,23.88,23.51,23.2
sz300050,世纪鼎利,2015-07-30,24.18,24.95,23.01,23.03,24.5,11997823.0,290811819.7,4958196845.77,5745000075.99,59589442.04000001,108896844.46,1980689875.07,2200959641.2,220269766.13,19033804.64,11706.97,11424.75,6324.62,7305.97,8127.69,7698.21,781.85,512.2,,,,Y,,,通信,通信设备,通信配套服务,23.9,24.53,24.2
sz300050,世纪鼎利,2015-07-31,22.1,23.58,21.91,22.44,23.03,8189767.0,185289516.7,4831173999.96,5597820308.52,59589442.04000001,108896844.46,1980689875.07,2200959641.2,220269766.13,19033804.64,6541.51,6847.01,4288.29,4278.22,4986.75,4923.8,607.75,375.27,,,,Y,,,通信,通信设备,通信配套服务,22.38,22.65,22.02
sz300050,世纪鼎利,2015-08-03,22.2,22.24,20.2,20.25,22.44,8370772.0,176675252.8,4359682419.75,5051508968.25,59589442.04000001,108896844.46,1980689875.07,2200959641.2,220269766.13,19033804.64,7004.47,6763.76,4469.41,6012.55,5493.12,4182.36,700.52,708.84,,,,Y,,,通信,通信设备,通信配套服务,22.0,21.7,21.56
sz300050,世纪鼎利,2015-08-04,20.25,22.28,20.25,22.28,20.25,8300713.0,178501862.4,4796727126.52,5557907151.24,59589442.04000001,108896844.46,1980689875.07,2200959641.2,220269766.13,19033804.64,6955.94,7051.43,5069.74,4382.68,4491.05,5503.28,1333.45,912.79,,,,Y,,,通信,通信设备,通信配套服务,20.55,21.29,21.13
sz300050,世纪鼎利,2015-08-05,22.49,23.2,21.8,22.41,22.28,9327966.0,211102591.9,4824715211.19,5590336591.53,59589442.04000001,108896844.46,1980689875.07,2200959641.2,220269766.13,19033804.64,8669.51,8470.85,5478.22,6031.19,6433.51,5918.82,529.01,689.39,,,,Y,,,通信,通信设备,通信配套服务,22.59,22.72,22.48
sz300050,世纪鼎利,2015-08-06,21.67,23.41,21.45,23.12,22.41,8118064.0,185491032.2,4977573212.08,5767451226.96,59589442.04000001,108896844.46,1980689875.07,2200959641.2,220269766.13,19033804.64,6685.26,7053.01,4304.19,3642.76,5145.68,5518.48,535.37,456.25,,,,Y,,,通信,通信设备,通信配套服务,21.92,22.2,22.87
sz300050,世纪鼎利,2015-08-07,23.49,25.43,23.31,25.43,23.12,11869334.0,292308577.1,5474899947.37,6343697435.19,59589442.04000001,108896844.46,1980689875.07,2200959641.2,220269766.13,19033804.64,11315.27,11232.71,8507.04,7567.29,7140.28,8663.75,2268.25,1767.09,,,,Y,,,通信,通信设备,通信配套服务,23.66,23.88,23.85
sz300050,世纪鼎利,2015-08-10,25.48,27.32,25.06,26.52,25.43,16964077.0,445778480.4,5709569272.68,6615605819.16,69318368.53,80016049.09,1995939056.53,2253973025.94,258033969.41,22855120.81,17249.42,16659.07,12619.28,12707.1,12053.38,12236.23,2655.75,2975.42,,,,Y,,,通信,通信设备,通信配套服务,25.4,25.76,26.1
sz300050,世纪鼎利,2015-08-11,26.32,26.98,25.88,26.07,26.52,12776191.0,336458710.5,5612687441.13,6503350064.31,69318368.53,80016049.09,1995939056.53,2253973025.94,258033969.41,22855120.81,13039.13,12248.9,10610.9,11222.18,9284.31,7690.68,711.48,2484.06,,,,Y,,,通信,通信设备,通信配套服务,26.93,26.19,26.5
sz300050,世纪鼎利,2015-08-12,25.9,26.96,25.63,25.82,26.07,8992227.0,237026183.7,5558864201.38,6440985756.06,69318368.53,80016049.09,1995939056.53,2253973025.94,258033969.41,22855120.81,8832.21,8713.52,6279.63,7003.88,6814.62,6087.21,629.75,751.6,,,,Y,,,通信,通信设备,通信配套服务,26.18,26.35,26.75
sz300050,世纪鼎利,2015-08-13,25.35,26.64,25.05,26.6,25.82,8399931.0,218203280.6,5726792709.4,6635562397.8,69318368.53,80016049.09,1995939056.53,2253973025.94,258033969.41,22855120.81,9113.59,8646.01,4960.37,5483.95,6869.87,6918.26,876.49,772.11,,,,Y,,,通信,通信设备,通信配套服务,25.78,26.26,26.33
sz300050,世纪鼎利,2015-08-14,26.97,27.15,25.91,26.04,26.6,9584280.0,254196017.4,5606228652.36,6495866347.32,69318368.53,80016049.09,1995939056.53,2253973025.94,258033969.41,22855120.81,9969.29,9497.24,7441.51,7964.43,6728.72,5613.55,1280.07,2344.37,,,,Y,,,通信,通信设备,通信配套服务,26.87,26.58,26.85
sz300050,世纪鼎利,2015-08-17,25.7,26.08,24.9,25.7,26.04,7857902.0,200081529.7,5533029046.3,6411050888.1,69318368.53,80016049.09,1995939056.53,2253973025.94,258033969.41,22855120.81,7891.58,7554.85,5321.59,7118.45,6536.82,4957.21,258.15,377.64,,,,Y,,,通信,通信设备,通信配套服务,25.71,25.9,25.3
sz300050,世纪鼎利,2015-08-18,25.92,26.8,23.13,23.2,25.7,10950857.0,279200627.3,4994796648.8,5787407805.6,69318368.53,80016049.09,1995939056.53,2253973025.94,258033969.41,22855120.81,10741.74,10873.58,7694.29,8196.7,9017.55,7691.62,466.47,1158.16,,,,Y,,,通信,通信设备,通信配套服务,25.97,26.2,26.75
sz300050,世纪鼎利,2015-08-19,22.07,24.98,21.88,24.77,23.2,9829237.0,229191789.0,5332806594.43,6179055661.41,69318368.53,80016049.09,1995939056.53,2253973025.94,258033969.41,22855120.81,8873.51,9337.2,6147.61,5496.44,7149.49,6971.34,748.56,1114.19,,,,Y,,,通信,通信设备,通信配套服务,22.59,23.3,23.6
sz300050,世纪鼎利,2015-08-20,24.1,25.93,24.0,24.51,24.77,9643366.0,240479344.1,5276830425.09,6114196780.83,69318368.53,80016049.09,1995939056.53,2253973025.94,258033969.41,22855120.81,9655.81,9007.57,6508.02,6647.66,6842.12,6837.58,1041.98,1555.12,,,,Y,,,通信,通信设备,通信配套服务,24.3,24.24,24.73
sz300050,世纪鼎利,2015-08-21,24.15,24.17,22.3,22.4,24.51,7278164.0,169008071.6,4822562281.6,5587842019.2,69318368.53,80016049.09,1995939056.53,2253973025.94,258033969.41,22855120.81,7303.93,6909.04,2784.83,4666.26,6496.72,4796.56,282.65,496.27,,,,Y,,,通信,通信设备,通信配套服务,23.3,23.98,23.25
sz300050,世纪鼎利,2015-08-24,21.3,21.52,20.16,20.16,22.4,4726356.0,96537094.1,4340306053.44,5029057817.28,69318368.53,80016049.09,1995939056.53,2253973025.94,258033969.41,22855120.81,3863.5,3232.2,2071.85,3103.77,3100.36,2114.25,618.0,1203.48,,,,Y,,,通信,通信设备,通信配套服务,21.0,20.67,20.4
sz300050,世纪鼎利,2015-08-25,18.14,18.99,18.14,18.14,20.16,6172362.0,113280650.3,3905414276.26,4525154206.62,69318368.53,80016049.09,1995939056.53,2253973025.94,258033969.41,22855120.81,4743.4,4465.44,1902.83,2461.02,4373.08,3508.94,308.74,892.66,,,,Y,,,通信,通信设备,通信配套服务,18.14,18.27,18.5
sz300050,世纪鼎利,2015-08-26,18.01,19.25,17.0,17.49,18.14,8059575.0,146187036.0,3765473852.91,4363007005.17,69318368.53,80016049.09,1995939056.53,2253973025.94,258033969.41,22855120.81,6203.23,5853.26,2604.14,2614.45,5303.3,5389.49,508.04,761.49,,,,Y,,,通信,通信设备,通信配套服务,18.14,17.55,18.36
sz300050,世纪鼎利,2015-08-27,18.1,18.55,17.1,18.55,17.49,6005780.0,108626389.5,3993684389.45,4627431672.15,69318368.53,80016049.09,1995939056.53,2253973025.94,258033969.41,22855120.81,4824.05,4837.26,1613.43,2026.29,4173.2,3999.08,251.96,0.0,,,,Y,,,通信,通信设备,通信配套服务,18.49,18.2,18.08
sz300050,世纪鼎利,2015-08-28,19.0,20.16,18.4,19.96,18.55,7840753.0,149688150.5,4297247461.64,4979166370.68,69318368.53,80016049.09,1995939056.53,2253973025.94,258033969.41,22855120.81,6649.06,6838.38,3241.61,2690.64,5059.86,5439.79,18.29,0.0,,,,Y,,,通信,通信设备,通信配套服务,18.97,18.79,18.45
sz300050,世纪鼎利,2015-08-31,19.59,19.73,18.2,18.32,19.96,5836670.0,111049374.5,3944167008.88,4570056508.56,69318368.53,80016049.09,1995939056.53,2253973025.94,258033969.41,22855120.81,4360.43,4640.15,1680.97,3059.72,4643.19,3405.06,420.34,0.0,,,,Y,,,通信,通信设备,通信配套服务,19.56,19.27,19.22
sz300050,世纪鼎利,2015-09-01,18.36,18.36,16.49,16.49,18.32,7330649.0,124946215.9,3550180893.91,4113549772.17,69318368.53,80016049.09,1995939056.53,2253973025.94,258033969.41,22855120.81,4807.75,4225.56,2058.62,4072.23,5109.83,3305.18,518.43,891.65,,,,Y,,,通信,通信设备,通信配套服务,17.78,17.52,17.79
sz300050,世纪鼎利,2015-09-02,15.6,17.52,15.2,15.75,16.49,6629534.0,107646764.0,3390864104.25,3928951419.75,69318368.53,80016049.09,1995939056.53,2253973025.94,258033969.41,22855120.81,4161.63,3907.89,2283.53,2776.99,3878.93,3420.39,440.59,659.4,,,,Y,,,通信,通信设备,通信配套服务,15.4,15.77,15.75
sz300050,世纪鼎利,2015-09-07,16.25,17.25,16.25,16.61,15.75,6887489.0,115877605.9,3576016048.99,4143484640.13,69318368.53,80016049.09,1995939056.53,2253973025.94,258033969.41,22855120.81,4668.1,4610.58,2762.01,2524.66,3655.45,3751.21,502.19,701.31,,,,Y,,,通信,通信设备,通信配套服务,16.85,17.05,16.9
sz300050,世纪鼎利,2015-09-08,16.67,18.27,16.3,18.27,16.61,6758404.0,116486266.3,3933402360.93,4557583646.91,69318368.53,80016049.09,1995939056.53,2253973025.94,258033969.41,22855120.81,4787.01,5066.9,2862.94,2264.89,3633.32,4252.1,365.36,64.73,,,,Y,,,通信,通信设备,通信配套服务,16.74,16.81,16.72
sz300050,世纪鼎利,2015-09-09,18.5,19.81,18.3,19.29,18.27,10050973.0,191690370.0,4153001179.11,4812030024.57,69318368.53,80016049.09,1995939056.53,2253973025.94,258033969.41,22855120.81,7235.51,7280.37,3889.42,4322.75,7705.18,6605.2,338.91,960.71,,,,Y,,,通信,通信设备,通信配套服务,18.49,18.99,18.82
sz300050,世纪鼎利,2015-09-10,18.58,19.28,18.44,18.64,19.29,5203687.0,98394156.2,4013060755.76,4649882823.12,69318368.53,80016049.09,1995939056.53,2253973025.94,258033969.41,22855120.81,4336.87,4116.64,1313.13,1876.2,4058.42,3746.04,130.99,100.54,,,,Y,,,通信,通信设备,通信配套服务,18.76,19.0,18.99
sz300050,世纪鼎利,2015-09-11,19.0,19.58,18.96,19.3,18.64,6586079.0,126914256.0,4155154108.7,4814524596.9,69318368.53,80016049.09,1995939056.53,2253973025.94,258033969.41,22855120.81,4663.95,5163.23,3156.05,2520.92,4860.3,4860.13,11.12,147.14,,,,Y,,,通信,通信设备,通信配套服务,19.13,19.43,19.23
sz300050,世纪鼎利,2015-09-14,19.5,19.5,17.37,17.37,19.3,5541752.0,100820611.9,3739638697.83,4333072137.21,69318368.53,80016049.09,1995939056.53,2253973025.94,258033969.41,22855120.81,3714.94,3430.59,1319.09,2918.33,4912.73,3456.28,135.29,276.86,,,,Y,,,通信,通信设备,通信配套服务,19.2,18.74,18.81
sz300050,世纪鼎利,2015-09-15,16.65,17.37,15.75,15.87,17.37,4867655.0,80185522.2,3416699259.33,3958886287.71,69318368.53,80016049.09,1995939056.53,2253973025.94,258033969.41,22855120.81,3318.45,3355.31,886.35,1436.63,3813.72,3226.58,0.0,0.0,,,,Y,,,通信,通信设备,通信配套服务,16.81,16.53,16.75
sz300050,世纪鼎利,2015-09-16,16.2,17.46,16.2,17.46,15.87,6441464.0,108594642.1,3759015064.14,4355523288.18,69318368.53,80016049.09,1995939056.53,2253973025.94,258033969.41,22855120.81,4166.22,4440.45,2650.92,2000.91,3206.93,4239.84,835.38,178.25,,,,Y,,,通信,通信设备,通信配套服务,16.41,16.51,16.36
sz300050,世纪鼎利,2015-09-17,17.6,18.81,17.48,17.84,17.46,9159086.0,165963967.2,3840826388.56,4450317036.72,69318368.53,80016049.09,1995939056.53,2253973025.94,258033969.41,22855120.81,7028.88,6471.35,4334.16,3837.25,5117.96,5881.96,115.39,405.83,,,,Y,,,通信,通信设备,通信配套服务,17.8,17.94,17.73
sz300050,世纪鼎利,2015-09-18,18.15,18.67,17.5,18.52,17.84,6994780.0,126633373.6,3987225600.68,4619947955.16,69318368.53,80016049.09,1995939056.53,2253973025.94,258033969.41,22855120.81,5170.18,4821.17,2757.58,2990.58,4386.61,4732.74,348.96,118.83,,,,Y,,,通信,通信设备,通信配套服务,18.07,17.81,17.8
sz300050,世纪鼎利,2015-09-21,18.1,19.65,18.01,19.55,18.52,7366882.0,140472844.6,4208977348.45,4876888905.15,69318368.53,80016049.09,1995939056.53,2253973025.94,258033969.41,22855120.81,5781.91,5353.6,2825.98,3477.28,4713.09,5113.37,726.31,103.03,,,,Y,,,通信,通信设备,通信配套服务,18.21,18.47,18.65
sz300050,世纪鼎利,2015-09-22,19.6,19.87,19.0,19.3,19.55,7943492.0,154349238.0,4155154108.7,4814524596.9,69318368.53,80016049.09,1995939056.53,2253973025.94,258033969.41,22855120.81,5981.24,6249.38,3424.83,3554.04,5639.37,5002.62,389.47,628.88,,,,Y,,,通信,通信设备,通信配套服务,19.64,19.56,19.42
sz300050,世纪鼎利,2015-09-23,18.9,20.16,18.9,19.66,19.3,8451765.0,165213757.6,4232659573.94,4904329200.78,69318368.53,80016049.09,1995939056.53,2253973025.94,258033969.41,22855120.81,6535.28,6662.55,4001.74,3292.29,5675.37,6088.31,308.98,478.22,,,,Y,,,通信,通信设备,通信配套服务,19.01,19.39,19.6
sz300050,世纪鼎利,2015-09-24,19.73,20.5,19.42,19.73,19.66,8209048.0,163467954.6,4247730081.07,4921791207.09,69318368.53,80016049.09,1995939056.53,2253973025.94,258033969.41,22855120.81,7335.72,7467.19,3229.26,4386.6,5781.8,4479.04,0.0,13.96,,,,Y,,,通信,通信设备,通信配套服务,20.05,20.27,20.43
sz300050,世纪鼎利,2015-09-25,19.5,19.74,18.22,18.48,19.73,7394898.0,139612609.5,3978613882.32,4609969665.84,69318368.53,80016049.09,1995939056.53,2253973025.94,258033969.41,22855120.81,5544.18,5980.95,1929.51,3093.24,5686.41,3814.2,687.21,958.91,,,,Y,,,通信,通信设备,通信配套服务,19.53,19.56,19.64
sz300050,世纪鼎利,2015-09-28,18.6,19.88,18.4,19.8,18.48,6151661.0,118281347.5,4262800588.2,4939253213.4,69318368.53,80016049.09,1995939056.53,2253973025.94,258033969.41,22855120.81,4983.83,5257.7,2696.93,1538.39,3771.46,5028.25,375.91,3.8,,,,Y,,,通信,通信设备,通信配套服务,18.56,18.5,18.59
sz300050,世纪鼎利,2015-09-29,19.32,19.85,18.88,19.48,19.8,5753681.0,111757911.8,4193906841.32,4859426898.84,69318368.53,80016049.09,1995939056.53,2253973025.94,258033969.41,22855120.81,4890.57,5171.59,1456.36,2164.16,4828.86,3840.03,0.0,0.0,,,,Y,,,通信,通信设备,通信配套服务,19.45,19.57,19.42
sz300050,世纪鼎利,2015-09-30,19.51,19.8,18.8,19.1,19.48,4889194.0,94200133.0,4112095516.9,4764633150.3,69318368.53,80016049.09,1995939056.53,2253973025.94,258033969.41,22855120.81,3809.57,3904.62,1483.99,2144.4,4033.01,3242.66,93.43,128.32,,,,Y,,,通信,通信设备,通信配套服务,19.79,19.5,19.42
sz300050,世纪鼎利,2015-10-08,19.9,21.01,19.75,20.78,19.1,9213779.0,187389459.5,4473787688.02,5183721301.74,69318368.53,80016049.09,1995939056.53,2253973025.94,258033969.41,22855120.81,7141.51,7989.6,5196.71,4458.31,4830.13,6108.71,1570.59,182.31,,,,Y,,,通信,通信设备,通信配套服务,19.96,19.84,19.98
sz300050,世纪鼎利,2015-10-09,20.78,21.22,20.51,21.09,20.78,6612447.0,138195367.5,4540528505.31,5261053043.97,69318368.53,80016049.09,1995939056.53,2253973025.94,258033969.41,22855120.81,6231.87,6233.81,3176.75,2981.54,4273.45,4397.71,137.46,206.47,,,,Y,,,通信,通信设备,通信配套服务,20.77,21.02,20.79
sz300050,世纪鼎利,2015-10-12,21.2,22.85,21.2,22.33,21.09,9588244.0,212496999.3,4807491774.47,5570380012.89,69318368.53,80016049.09,1995939056.53,2253973025.94,258033969.41,22855120.81,8126.13,8457.23,6462.11,5088.0,6051.33,7333.31,610.03,371.05,,,,Y,,,通信,通信设备,通信配套服务,21.42,21.8,21.87
sz300050,世纪鼎利,2015-10-13,22.01,23.73,21.95,23.33,22.33,8983605.0,205803072.9,5022784733.47,5819837245.89,69318368.53,80016049.09,1995939056.53,2253973025.94,258033969.41,22855120.81,7946.09,9065.83,6310.91,4594.58,5176.22,6362.39,1147.02,557.44,,,,Y,,,通信,通信设备,通信配套服务,22.47,22.48,22.44
sz300050,世纪鼎利,2015-10-14,23.4,23.4,22.52,22.61,23.33,8062311.0,183819405.3,4867773802.99,5640228038.13,69318368.53,80016049.09,1995939056.53,2253973025.94,258033969.41,22855120.81,7642.36,6374.94,4044.15,5901.5,6190.36,4419.88,505.05,1685.61,,,,Y,,,通信,通信设备,通信配套服务,23.15,22.9,22.72
sz300050,世纪鼎利,2015-10-15,22.65,24.87,22.65,24.87,22.61,7238673.0,171524584.0,5354335890.33,6204001384.71,69318368.53,80016049.09,1995939056.53,2253973025.94,258033969.41,22855120.81,4522.79,5800.84,3326.95,3816.41,3068.24,4678.64,6234.45,2856.56,,,,Y,,,通信,通信设备,通信配套服务,22.73,22.95,22.95
sz300050,世纪鼎利,2015-10-16,25.89,26.58,24.87,25.96,24.87,16449036.0,422332787.5,5589005215.64,6475909768.68,69318368.53,80016049.09,1995939056.53,2253973025.94,258033969.41,22855120.81,14948.77,15002.21,12168.47,12826.47,10612.34,9788.25,4503.67,4616.33,,,,Y,,,通信,通信设备,通信配套服务,26.24,25.99,25.94
sz300050,世纪鼎利,2015-10-19,25.7,26.15,24.91,25.32,25.96,9613902.0,244617933.9,5451217721.88,6316257139.56,69318368.53,80016049.09,1995939056.53,2253973025.94,258033969.41,22855120.81,8579.89,8037.04,6129.52,6612.0,8496.09,8296.07,1256.26,1516.66,,,,Y,,,通信,通信设备,通信配套服务,25.48,25.85,25.85
sz300050,世纪鼎利,2015-10-20,25.12,26.05,25.02,25.87,25.32,9504528.0,243509010.0,5569628849.33,6453458617.71,69318368.53,80016049.09,1995939056.53,2253973025.94,258033969.41,22855120.81,9073.41,8282.54,6950.77,6406.25,7317.78,8493.95,1008.93,1168.14,,,,Y,,,通信,通信设备,通信配套服务,25.5,25.65,25.51
sz300050,世纪鼎利,2015-10-21,25.88,26.27,23.28,23.28,25.87,12961154.0,320179182.6,5012020085.52,5807364384.24,69318368.53,80016049.09,1995939056.53,2253973025.94,258033969.41,22855120.81,11619.44,11413.01,8709.73,10775.47,10378.53,7398.89,1310.18,2430.51,,,,Y,,,通信,通信设备,通信配套服务,26.15,25.96,25.8
sz300050,世纪鼎利,2015-10-22,23.05,25.28,23.05,24.91,23.28,9874956.0,240342888.9,5362947608.69,6213979674.03,69318368.53,80016049.09,1995939056.53,2253973025.94,258033969.41,22855120.81,8675.7,9733.84,6611.57,5299.2,6322.78,7199.64,2424.22,1801.59,,,,Y,,,通信,通信设备,通信配套服务,23.39,23.77,23.75
sz300050,世纪鼎利,2015-10-23,25.36,27.07,25.36,26.61,24.91,12293246.0,324513815.7,5728945638.99,6638056970.13,91426946.19,66332595.20999999,2027397732.85,2286756193.93,259358461.08,31370245.929999992,11374.39,12453.7,10550.99,9104.05,8025.35,9851.2,2500.6,1042.38,,,,Y,,,通信,通信设备,通信配套服务,25.54,25.75,26.2
sz300050,世纪鼎利,2015-10-26,26.92,29.09,26.75,27.77,26.61,13634340.0,377153400.2,5978685471.43,6927427360.41,91426946.19,66332595.20999999,2027397732.85,2286756193.93,259358461.08,31370245.929999992,12837.09,13436.69,10540.14,9640.94,10368.86,12115.23,3969.23,2522.46,,,,Y,,,通信,通信设备,通信配套服务,27.01,27.0,27.32
sz300050,世纪鼎利,2015-10-27,27.3,30.32,27.0,30.0,27.77,13750347.0,392360337.2,6458788770.0,7483716990.0,91426946.19,66332595.20999999,2027397732.85,2286756193.93,259358461.08,31370245.929999992,12563.12,13833.85,10898.21,10573.99,10782.91,12971.15,4991.78,1857.02,,,,Y,,,通信,通信设备,通信配套服务,27.5,27.4,27.9
sz300050,世纪鼎利,2015-10-28,29.43,29.79,28.22,28.57,30.0,10654836.0,309599390.8,6150919838.63,7126993146.81,91426946.19,66332595.20999999,2027397732.85,2286756193.93,259358461.08,31370245.929999992,10839.68,10566.04,7188.95,8470.39,9979.56,8278.07,2951.16,3644.83,,,,Y,,,通信,通信设备,通信配套服务,29.55,29.59,29.28
sz300050,世纪鼎利,2015-10-29,29.1,30.27,28.5,29.8,28.57,9329389.0,274408520.9,6415730178.2,7433825543.4,91426946.19,66332595.20999999,2027397732.85,2286756193.93,259358461.08,31370245.929999992,9563.23,9998.8,8741.64,7332.37,7254.5,9036.39,1881.46,1073.27,,,,Y,,,通信,通信设备,通信配套服务,29.1,28.83,28.8
sz300050,世纪鼎利,2015-10-30,29.3,32.17,28.89,30.35,29.8,12138398.0,369704322.9,6534141305.65,7571027021.55,91426946.19,66332595.20999999,2027397732.85,2286756193.93,259358461.08,31370245.929999992,15086.93,14289.9,10392.89,9721.62,9414.24,10657.15,2076.36,2301.75,,,,Y,,,通信,通信设备,通信配套服务,29.69,29.96,29.4
sz300050,世纪鼎利,2015-11-02,29.39,30.8,28.11,29.18,30.35,10972029.0,324223626.2,6282248543.62,7279162058.94,91426946.19,66332595.20999999,2027397732.85,2286756193.93,259358461.08,31370245.929999992,13848.4,12381.58,7726.38,10002.93,9740.56,8456.78,1106.98,1581.03,,,,Y,,,通信,通信设备,通信配套服务,29.48,29.6,30.17
sz300050,世纪鼎利,2015-11-03,29.1,30.15,28.5,29.45,29.18,8603078.0,252303742.9,6340377642.55,7346515511.85,91426946.19,66332595.20999999,2027397732.85,2286756193.93,259358461.08,31370245.929999992,8105.4,8259.2,8753.55,8070.84,6149.43,7110.39,2221.95,1789.92,,,,Y,,,通信,通信设备,通信配套服务,29.09,28.69,29.66
sz300050,世纪鼎利,2015-11-04,29.63,32.23,29.63,32.11,29.45,9012959.0,280710972.3,6913056913.49,8010071751.63,91426946.19,66332595.20999999,2027397732.85,2286756193.93,259358461.08,31370245.929999992,9326.45,10957.77,9345.7,7756.54,6380.29,8574.01,3018.64,782.76,,,,Y,,,通信,通信设备,通信配套服务,30.28,30.2,30.92
sz300050,世纪鼎利,2015-11-05,32.11,32.4,30.68,31.46,32.11,9960320.0,312505202.5,6773116490.14,7847924550.18,91426946.19,66332595.20999999,2027397732.85,2286756193.93,259358461.08,31370245.929999992,11400.79,10660.29,9037.11,12168.03,9416.79,6668.89,1395.81,1753.28,,,,Y,,,通信,通信设备,通信配套服务,32.3,31.84,31.74
sz300050,世纪鼎利,2015-11-06,31.25,32.5,30.88,31.86,31.46,11071712.0,351022005.7,6859233673.74,7947707443.38,91426946.19,66332595.20999999,2027397732.85,2286756193.93,259358461.08,31370245.929999992,11375.29,10080.22,9429.18,10409.99,9413.97,7976.32,4883.74,6635.65,,,,Y,,,通信,通信设备,通信配套服务,31.5,31.76,31.96
sz300050,世纪鼎利,2015-11-09,31.0,32.19,30.01,31.43,31.86,9961110.0,310511368.0,6766657701.37,7840440833.19,91426946.19,66332595.20999999,2027397732.85,2286756193.93,259358461.08,31370245.929999992,11341.68,11382.67,8887.28,9606.18,8434.45,8267.79,2387.7,1794.47,,,,Y,,,通信,通信设备,通信配套服务,31.27,30.8,30.42
sz300050,世纪鼎利,2015-11-10,30.81,31.83,30.75,30.88,31.43,7216716.0,224991298.3,6648246573.92,7703239355.04,91426946.19,66332595.20999999,2027397732.85,2286756193.93,259358461.08,31370245.929999992,9110.62,8143.99,5757.1,7195.64,6263.0,5580.81,1368.39,1578.67,,,,Y,,,通信,通信设备,通信配套服务,31.2,31.3,31.17
sz300050,世纪鼎利,2015-11-11,30.75,33.95,30.75,33.42,30.88,10988585.0,359566544.2,7195090689.78,8336860726.86,91426946.19,66332595.20999999,2027397732.85,2286756193.93,259358461.08,31370245.929999992,11610.15,13175.83,10906.4,8828.61,8349.6,10542.66,5090.48,3409.54,,,,Y,,,通信,通信设备,通信配套服务,30.82,31.35,32.52
sz300050,世纪鼎利,2015-11-12,33.0,33.19,31.67,32.09,33.42,9491812.0,307029048.3,6908751054.31,8005082606.97,91426946.19,66332595.20999999,2027397732.85,2286756193.93,259358461.08,31370245.929999992,11680.48,10690.75,8198.63,9529.52,10284.82,6803.98,538.96,3678.63,,,,Y,,,通信,通信设备,通信配套服务,32.82,32.76,32.73
sz300050,世纪鼎利,2015-11-13,31.45,32.37,30.42,30.98,32.09,6654037.0,208332434.4,6669775869.82,7728185078.34,91426946.19,66332595.20999999,2027397732.85,2286756193.93,259358461.08,31370245.929999992,7996.77,7936.3,4692.02,5600.76,6627.81,5287.33,1516.62,2008.83,,,,Y,,,通信,通信设备,通信配套服务,31.76,31.57,31.65
sz300050,世纪鼎利,2015-11-16,30.25,32.55,30.0,32.51,30.98,8410487.0,266103243.0,6999174097.09,8109854644.83,91426946.19,66332595.20999999,2027397732.85,2286756193.93,259358461.08,31370245.929999992,8143.1,9170.37,10588.14,9139.6,5240.48,6693.58,2638.59,1606.76,,,,Y,,,通信,通信设备,通信配套服务,30.18,30.6,30.94
sz300050,世纪鼎利,2015-11-17,33.35,35.3,32.48,32.61,32.51,14215858.0,485622458.2,7020703392.99,8134800368.13,91426946.19,66332595.20999999,2027397732.85,2286756193.93,259358461.08,31370245.929999992,13296.0,16272.01,16061.89,14258.93,10570.19,12060.07,8634.15,5971.23,,,,Y,,,通信,通信设备,通信配套服务,33.8,34.6,34.45
sz300050,世纪鼎利,2015-11-18,32.66,33.68,31.7,31.85,32.61,6946097.0,226461133.2,6857080744.15,7945212871.05,91426946.19,66332595.20999999,2027397732.85,2286756193.93,259358461.08,31370245.929999992,8099.18,8267.7,6755.78,7953.56,6275.34,5060.28,1515.8,1364.56,,,,Y,,,通信,通信设备,通信配套服务,32.97,33.12,32.75
sz300050,世纪鼎利,2015-11-19,32.05,34.25,32.01,33.99,31.85,8469628.0,282349146.5,7317807676.41,8479051349.67,91426946.19,66332595.20999999,2027397732.85,2286756193.93,259358461.08,31370245.929999992,9015.01,10700.99,9325.33,8545.63,6028.01,8372.94,3866.55,615.34,,,,Y,,,通信,通信设备,通信配套服务,32.4,32.5,33.15
sz300050,世纪鼎利,2015-11-20,33.9,36.88,33.9,36.31,33.99,11619384.0,414722734.2,7817287341.29,9057792130.23,91426946.19,66332595.20999999,2027397732.85,2286756193.93,259358461.08,31370245.929999992,11678.93,14920.17,14162.13,12261.77,7085.76,9947.32,8545.44,4343.0,,,,Y,,,通信,通信设备,通信配套服务,34.58,34.8,35.5
sz300050,世纪鼎利,2015-11-23,36.08,38.88,35.66,37.58,36.31,11077596.0,416899812.0,8090709399.22,9374602816.14,91426946.19,66332595.20999999,2027397732.85,2286756193.93,259358461.08,31370245.929999992,12302.5,14203.34,14583.62,14488.15,8163.05,8414.9,6640.78,4583.57,,,,Y,,,通信,通信设备,通信配套服务,36.36,37.43,37.43
sz300050,世纪鼎利,2015-11-24,37.2,38.58,36.55,38.5,37.58,6459518.0,243828133.7,8288778921.5,9604103470.5,91426946.19,66332595.20999999,2027397732.85,2286756193.93,259358461.08,31370245.929999992,8408.8,8309.59,7675.12,7560.95,6457.8,6259.59,1841.08,2252.67,,,,Y,,,通信,通信设备,通信配套服务,37.5,37.88,37.45
sz300050,世纪鼎利,2015-11-25,38.18,41.43,38.13,38.93,38.5,7476024.0,297914165.4,8381354893.87,9711370080.69,91426946.19,66332595.20999999,2027397732.85,2286756193.93,259358461.08,31370245.929999992,10366.59,11552.43,9550.58,9553.0,7963.84,7301.85,1910.38,1384.13,,,,Y,,,通信,通信设备,通信配套服务,38.58,39.48,39.98
sz300050,世纪鼎利,2015-11-26,39.18,40.45,36.61,38.2,38.93,7928763.0,305681877.8,8224191033.8,9529266300.6,91426946.19,66332595.20999999,2027397732.85,2286756193.93,259358461.08,31370245.929999992,9426.37,8160.11,8015.32,9312.48,9213.36,6568.8,3913.12,6526.78,,,,Y,,,通信,通信设备,通信配套服务,39.78,39.6,39.6
sz300050,世纪鼎利,2015-11-27,38.0,39.0,36.01,36.66,38.2,7235997.0,270067855.3,7892639876.94,9145102161.78,91426946.19,66332595.20999999,2027397732.85,2286756193.93,259358461.08,31370245.929999992,9564.87,9178.83,7667.72,8478.52,7785.03,5568.57,1989.15,3780.85,,,,Y,,,通信,通信设备,通信配套服务,38.02,38.59,38.7
sz300050,世纪鼎利,2015-11-30,37.02,37.9,34.3,37.37,36.66,8271252.0,300005292.5,8045497877.83,9322216797.21,91426946.19,66332595.20999999,2027397732.85,2286756193.93,259358461.08,31370245.929999992,10600.85,11044.98,10541.81,10005.95,7415.43,6518.44,1442.44,2431.16,,,,Y,,,通信,通信设备,通信配套服务,36.98,37.23,37.44
sz300050,世纪鼎利,2015-12-01,37.3,39.45,37.0,37.79,37.37,8487262.0,323232011.5,8135920920.61,9426988835.07,91426946.19,66332595.20999999,2027397732.85,2286756193.93,259358461.08,31370245.929999992,10354.38,10169.22,10260.37,10649.9,7736.73,7552.05,3971.7,3952.02,,,,Y,,,通信,通信设备,通信配套服务,37.71,37.48,37.97
sz300050,世纪鼎利,2015-12-02,37.3,37.9,35.12,37.0,37.79,6005012.0,219921929.1,7965839483.0,9229917621.0,91426946.19,66332595.20999999,2027397732.85,2286756193.93,259358461.08,31370245.929999992,7330.32,7996.95,7029.05,7495.73,5591.38,5212.66,2041.44,1286.85,,,,Y,,,通信,通信设备,通信配套服务,37.8,36.05,36.3
sz300050,世纪鼎利,2015-12-03,36.9,38.5,36.9,38.4,37.0,5533145.0,209696051.9,8267249625.6,9579157747.2,91426946.19,66332595.20999999,2027397732.85,2286756193.93,259358461.08,31370245.929999992,7921.46,8165.98,6046.17,6385.68,6027.79,5897.81,974.17,520.13,,,,Y,,,通信,通信设备,通信配套服务,37.18,37.69,38.09
sz300050,世纪鼎利,2015-12-04,38.0,38.49,36.5,37.66,38.4,4802746.0,181417305.8,8107932835.94,9394559394.78,91426946.19,66332595.20999999,2027397732.85,2286756193.93,259358461.08,31370245.929999992,6038.15,6560.67,5379.09,6206.34,5820.41,4416.24,904.07,958.46,,,,Y,,,通信,通信设备,通信配套服务,38.39,37.97,37.8
sz300050,世纪鼎利,2015-12-07,37.7,38.2,36.6,37.63,37.66,5589338.0,208877161.6,8101474047.17,9387075677.79,91426946.19,66332595.20999999,2027397732.85,2286756193.93,259358461.08,31370245.929999992,7054.18,7961.65,5487.42,6410.39,6057.69,4341.3,2288.42,2174.38,,,,Y,,,通信,通信设备,通信配套服务,37.69,37.6,37.02
sz300050,世纪鼎利,2015-12-08,37.45,39.0,36.3,38.13,37.63,7290911.0,276200925.0,8209120526.67,9511804294.29,91426946.19,66332595.20999999,2027397732.85,2286756193.93,259358461.08,31370245.929999992,8823.73,9670.36,8276.84,7089.16,6864.63,7985.53,3654.88,2875.03,,,,Y,,,通信,通信设备,通信配套服务,37.12,37.0,36.7
sz300050,世纪鼎利,2015-12-09,37.49,39.88,37.35,38.6,38.13,7108009.0,275490135.2,8310308217.4,9629049193.8,91426946.19,66332595.20999999,2027397732.85,2286756193.93,259358461.08,31370245.929999992,9953.88,10684.36,9136.58,8391.69,7895.12,7632.85,563.4,840.08,,,,Y,,,通信,通信设备,通信配套服务,38.23,38.16,38.14
sz300050,世纪鼎利,2015-12-10,38.31,39.4,37.8,37.86,38.6,6373478.0,245151030.7,8150991427.74,9444450841.38,91426946.19,66332595.20999999,2027397732.85,2286756193.93,259358461.08,31370245.929999992,8570.28,8762.97,6367.39,6913.5,7310.58,5557.39,2266.8,3281.18,,,,Y,,,通信,通信设备,通信配套服务,38.33,38.59,38.87
sz300050,世纪鼎利,2015-12-11,37.98,37.98,34.9,35.25,37.86,7956201.0,286553949.6,7589076804.75,8793367463.25,91426946.19,66332595.20999999,2027397732.85,2286756193.93,259358461.08,31370245.929999992,10223.71,9299.52,6760.25,10294.69,10317.29,6183.39,1354.13,2877.78,,,,Y,,,通信,通信设备,通信配套服务,37.4,37.11,37.23
sz300050,世纪鼎利,2015-12-14,34.3,35.2,33.3,34.95,35.25,5192251.0,177852117.0,7524488917.05,8718530293.35,91426946.19,66332595.20999999,2027397732.85,2286756193.93,259358461.08,31370245.929999992,6008.65,6000.42,5069.86,5585.81,5674.47,4665.08,1032.22,1533.9,,,,Y,,,通信,通信设备,通信配套服务,34.5,34.8,34.62
sz300050,世纪鼎利,2015-12-15,35.0,35.98,34.6,35.06,34.95,5080385.0,179084237.0,7548171142.54,8745970588.98,91426946.19,66332595.20999999,2027397732.85,2286756193.93,259358461.08,31370245.929999992,6529.02,5325.9,5263.6,7098.89,5196.46,3725.55,919.33,1758.08,,,,Y,,,通信,通信设备,通信配套服务,35.35,35.51,35.51
sz300050,世纪鼎利,2015-12-16,35.32,36.98,35.16,36.9,35.06,5614466.0,202713056.7,7944310187.1,9204971897.7,91426946.19,66332595.20999999,2027397732.85,2286756193.93,259358461.08,31370245.929999992,7354.79,7232.37,5790.36,6087.69,5188.9,6329.1,1937.24,622.13,,,,Y,,,通信,通信设备,通信配套服务,35.39,35.4,35.38
sz300050,世纪鼎利,2015-12-17,36.7,40.2,36.63,39.57,36.9,9409646.0,365340947.5,8519142387.63,9871022709.81,91426946.19,66332595.20999999,2027397732.85,2286756193.93,259358461.08,31370245.929999992,10502.02,12560.74,12640.11,9662.07,7414.63,10248.96,5977.32,4062.31,,,,Y,,,通信,通信设备,通信配套服务,37.0,37.02,38.09
sz300050,世纪鼎利,2015-12-18,39.39,39.64,38.06,39.02,39.57,7162546.0,279351128.5,8400731260.18,9733821231.66,91426946.19,66332595.20999999,2027397732.85,2286756193.93,259358461.08,31370245.929999992,10756.43,10717.13,7312.29,7795.54,7769.17,7009.75,2097.21,2412.69,,,,Y,,,通信,通信设备,通信配套服务,39.51,39.13,39.36
sz300050,世纪鼎利,2015-12-21,38.81,39.45,38.4,38.91,39.02,5061275.0,196921959.8,8377049034.69,9706380936.03,91426946.19,66332595.20999999,2027397732.85,2286756193.93,259358461.08,31370245.929999992,6196.24,6865.81,6850.72,5687.67,4255.88,3892.46,2389.35,3246.25,,,,Y,,,通信,通信设备,通信配套服务,39.08,38.89,38.56
sz300050,世纪鼎利,2015-12-22,39.0,40.5,38.2,40.1,38.91,6196707.0,243818359.9,8633247655.9,10003235043.3,91426946.19,66332595.20999999,2027397732.85,2286756193.93,259358461.08,31370245.929999992,7943.91,8411.67,6076.31,6466.09,5907.83,6490.89,4453.78,3013.18,,,,Y,,,通信,通信设备,通信配套服务,39.16,39.03,39.88
sz300050,世纪鼎利,2015-12-23,40.17,40.45,37.65,38.2,40.1,4504107.0,176235357.2,8224191033.8,9529266300.6,91426946.19,66332595.20999999,2027397732.85,2286756193.93,259358461.08,31370245.929999992,6411.13,5959.57,4490.4,6160.06,6187.99,4263.3,534.0,1240.6,,,,Y,,,通信,通信设备,通信配套服务,39.9,39.7,39.72
sz300050,世纪鼎利,2015-12-24,37.98,39.58,37.33,39.45,38.2,4787243.0,184641600.5,8493307232.55,9841087841.85,91426946.19,66332595.20999999,2027397732.85,2286756193.93,259358461.08,31370245.929999992,6484.05,7067.66,5423.67,4497.71,4795.38,5211.58,1761.06,1687.21,,,,Y,,,通信,通信设备,通信配套服务,38.2,37.4,37.67
sz300050,世纪鼎利,2015-12-25,39.85,40.38,39.1,40.1,39.45,6445058.0,256325801.2,8633247655.9,10003235043.3,91426946.19,66332595.20999999,2027397732.85,2286756193.93,259358461.08,31370245.929999992,7969.05,9010.44,9966.07,9316.76,5084.08,4987.12,2613.37,2318.26,,,,Y,,,通信,通信设备,通信配套服务,39.38,39.7,40.37
sz300050,世纪鼎利,2015-12-28,40.06,40.39,38.6,38.68,40.1,6108138.0,240092867.4,8327531654.12,9649005772.44,91426946.19,66332595.20999999,2027397732.85,2286756193.93,259358461.08,31370245.929999992,7394.67,7129.03,6221.72,7633.74,6346.15,4284.4,4046.73,4962.11,,,,Y,,,通信,通信设备,通信配套服务,40.26,39.91,39.61
sz300050,世纪鼎利,2015-12-29,38.55,39.09,37.58,39.01,38.68,4918858.0,188585092.3,8398578330.59,9731326659.33,91426946.19,66332595.20999999,2027397732.85,2286756193.93,259358461.08,31370245.929999992,4952.07,5716.98,5770.73,6903.46,3989.72,3628.65,4145.98,2609.41,,,,Y,,,通信,通信设备,通信配套服务,38.6,38.6,38.62
sz300050,世纪鼎利,2015-12-30,39.17,39.5,38.52,39.15,39.01,5030298.0,196491932.5,8428719344.85,9766250671.95,91426946.19,66332595.20999999,2027397732.85,2286756193.93,259358461.08,31370245.929999992,6070.55,5511.19,6525.85,7628.85,3881.46,3620.2,3171.33,2888.95,,,,Y,,,通信,通信设备,通信配套服务,38.91,39.18,39.4
sz300050,世纪鼎利,2015-12-31,39.08,39.08,35.9,35.9,39.15,7069718.0,266223044.4,7729017228.1,8955514664.7,91426946.19,66332595.20999999,2027397732.85,2286756193.93,259358461.08,31370245.929999992,7283.1,7227.75,10059.92,11454.77,7302.86,4278.34,1976.42,3661.44,,,,Y,,,通信,通信设备,通信配套服务,38.83,38.77,38.68
sz300050,世纪鼎利,2016-01-04,35.88,35.88,32.31,32.31,35.9,5098328.0,173129966.3,6956115505.29,8059963198.23,91426946.19,66332595.20999999,2027397732.85,2286756193.93,259358461.08,31370245.929999992,5606.38,5632.69,4651.87,5785.41,5342.46,2971.23,1712.27,2923.66,,,,Y,,,通信,通信设备,通信配套服务,35.5,34.9,34.7
sz300050,世纪鼎利,2016-01-05,29.81,33.2,29.8,32.3,32.31,6739956.0,215805042.5,6953962575.7,8057468625.9,91426946.19,66332595.20999999,2027397732.85,2286756193.93,259358461.08,31370245.929999992,6993.03,7804.77,7836.94,7155.97,5167.8,4980.54,1582.73,1639.22,,,,Y,,,通信,通信设备,通信配套服务,30.99,31.54,31.6
sz300050,世纪鼎利,2016-01-06,32.75,33.33,31.22,33.08,32.3,5195923.0,169464524.2,7121891083.72,8252045267.64,91426946.19,66332595.20999999,2027397732.85,2286756193.93,259358461.08,31370245.929999992,4804.01,5710.06,6161.9,5065.79,3645.73,4129.06,2334.81,2041.54,,,,Y,,,通信,通信设备,通信配套服务,32.72,32.77,32.79
sz300050,世纪鼎利,2016-01-07,32.21,32.38,29.77,29.77,33.08,969100.0,29803897.9,6409271389.43,7426341826.41,91426946.19,66332595.20999999,2027397732.85,2286756193.93,259358461.08,31370245.929999992,1262.54,1079.62,451.04,616.7,1266.81,769.84,0.0,514.23,,,,Y,,,通信,通信设备,通信配套服务,31.7,30.0,30.0
sz300050,世纪鼎利,2016-01-08,30.49,30.5,26.8,29.9,29.77,8291824.0,243237255.2,6437259474.1,7458771266.7,91426946.19,66332595.20999999,2027397732.85,2286756193.93,259358461.08,31370245.929999992,6521.35,7158.75,8863.03,9057.46,4748.72,4454.56,4190.62,3652.95,,,,Y,,,通信,通信设备,通信配套服务,29.0,28.0,28.15
sz300050,世纪鼎利,2016-01-11,29.5,30.0,27.53,27.99,29.9,6945024.0,198411568.8,6026049922.41,6982307951.67,91426946.19,66332595.20999999,2027397732.85,2286756193.93,259358461.08,31370245.929999992,6316.9,6140.6,7583.06,8154.15,3674.22,3401.38,2266.97,2145.02,,,,Y,,,通信,通信设备,通信配套服务,29.2,28.9,29.0
sz300050,世纪鼎利,2016-01-12,27.9,29.66,27.9,29.5,27.99,4693482.0,136214246.3,6351142290.5,7358988373.5,91426946.19,66332595.20999999,2027397732.85,2286756193.93,259358461.08,31370245.929999992,4221.89,5205.44,5759.29,4133.09,2996.26,3655.79,643.99,627.1,,,,Y,,,通信,通信设备,通信配套服务,28.2,28.61,28.96
sz300050,世纪鼎利,2016-01-13,29.76,30.48,28.48,28.68,29.5,3711610.0,110042938.7,6174602064.12,7154433442.44,91426946.19,66332595.20999999,2027397732.85,2286756193.93,259358461.08,31370245.929999992,4484.09,4617.53,2103.73,2715.94,3149.02,2780.42,1267.45,890.4,,,,Y,,,通信,通信设备,通信配套服务,29.76,29.74,30.26
sz300050,世纪鼎利,2016-01-14,26.99,31.3,26.0,31.2,28.68,5114509.0,152086582.5,6717140320.8,7783065669.6,91426946.19,66332595.20999999,2027397732.85,2286756193.93,259358461.08,31370245.929999992,4405.8,4829.77,7059.18,5282.87,3016.5,4230.27,727.18,865.73,,,,Y,,,通信,通信设备,通信配套服务,27.0,28.09,28.15
sz300050,世纪鼎利,2016-01-15,30.5,31.0,28.08,29.03,31.2,7104448.0,209292596.9,6604944180.87,7241743473.99,91426946.19,66332595.20999999,2027397732.85,2286756193.93,259358461.08,31370245.929999992,5561.56,5842.48,7532.03,8177.81,4675.94,3091.29,3159.72,3817.68,,,,Y,,,通信,通信设备,通信配套服务,30.63,30.71,30.4
sz300050,世纪鼎利,2016-01-18,28.28,30.5,28.0,29.73,29.03,3484186.0,102971545.0,6764209111.17,7416363537.09,91426946.19,66332595.20999999,2027397732.85,2286756193.93,259358461.08,31370245.929999992,4320.77,3957.53,2867.42,2894.35,2798.13,3065.4,310.83,379.87,,,,Y,,,通信,通信设备,通信配套服务,28.59,29.45,29.0
sz300050,世纪鼎利,2016-01-19,29.4,31.22,28.8,31.16,29.73,5825662.0,176052782.7,7089564611.64,7773087380.28,91426946.19,66332595.20999999,2027397732.85,2286756193.93,259358461.08,31370245.929999992,5429.32,6198.48,6830.3,6059.1,3572.9,3856.62,1772.75,1491.07,,,,Y,,,通信,通信设备,通信配套服务,29.7,29.48,29.6
sz300050,世纪鼎利,2016-01-20,30.53,31.4,29.99,30.9,31.16,4946152.0,152168439.4,7030409066.1,7708228499.7,91426946.19,66332595.20999999,2027397732.85,2286756193.93,259358461.08,31370245.929999992,4949.97,4935.78,5541.19,5583.22,3421.99,3003.62,1303.68,1694.22,,,,Y,,,通信,通信设备,通信配套服务,30.92,30.85,31.16
sz300050,世纪鼎利,2016-01-21,30.3,32.5,30.16,30.34,30.9,6011782.0,189804535.0,6902997121.86,7568532449.22,91426946.19,66332595.20999999,2027397732.85,2286756193.93,259358461.08,31370245.929999992,7191.03,6885.94,5844.12,5011.74,4692.71,5288.74,1252.59,1794.02,,,,Y,,,通信,通信设备,通信配套服务,30.49,31.29,31.47
sz300050,世纪鼎利,2016-01-22,30.97,31.83,29.34,31.67,30.34,3912275.0,119940821.5,7205600489.43,7900310569.11,91426946.19,66332595.20999999,2027397732.85,2286756193.93,259358461.08,31370245.929999992,4594.25,4727.06,3207.43,2729.23,3764.44,3850.02,427.95,687.76,,,,Y,,,通信,通信设备,通信配套服务,30.7,30.32,29.71
sz300050,世纪鼎利,2016-01-25,32.15,32.8,31.07,31.91,31.67,6272717.0,200477679.2,7260205608.39,7960180305.03,91426946.19,66332595.20999999,2027397732.85,2286756193.93,259358461.08,31370245.929999992,7165.33,5872.64,6718.67,7820.71,4128.19,3468.62,2035.57,2885.8,,,,Y,,,通信,通信设备,通信配套服务,32.65,32.07,32.11
sz300050,世纪鼎利,2016-01-26,31.0,31.0,28.72,28.72,31.91,4718529.0,140096502.7,6534412568.88,7164411731.76,91426946.19,66332595.20999999,2027397732.85,2286756193.93,259358461.08,31370245.929999992,5068.13,4582.0,2881.44,4650.56,5259.51,2881.55,800.56,1895.52,,,,Y,,,通信,通信设备,通信配套服务,30.73,30.66,30.7
sz300050,世纪鼎利,2016-01-27,28.21,28.78,25.91,28.57,28.72,4970978.0,135194268.1,6500284369.53,7126993146.81,91426946.19,66332595.20999999,2027397732.85,2286756193.93,259358461.08,31370245.929999992,4364.32,5161.26,4249.89,3620.31,3668.72,3684.89,976.66,793.13,,,,Y,,,通信,通信设备,通信配套服务,27.12,27.71,26.78
sz300050,世纪鼎利,2016-01-28,27.58,28.28,25.71,25.71,28.57,3078994.0,82770293.4,5849573368.59,6413545460.43,91426946.19,66332595.20999999,2027397732.85,2286756193.93,259358461.08,31370245.929999992,3305.39,2658.96,1717.16,2560.84,3213.08,2177.99,0.0,837.84,,,,Y,,,通信,通信设备,通信配套服务,27.89,28.03,27.9
sz300050,世纪鼎利,2016-01-29,25.82,27.55,24.72,27.0,25.71,4437621.0,116942209.7,6143075883.0,6735345291.0,91426946.19,66332595.20999999,2027397732.85,2286756193.93,259358461.08,31370245.929999992,3622.13,3886.37,4051.9,3788.22,3044.6,3514.22,975.58,505.4,,,,Y,,,通信,通信设备,通信配套服务,25.89,25.8,25.0
sz300050,世纪鼎利,2016-02-01,27.0,27.15,24.8,25.79,27.0,3416180.0,89378309.4,5867775074.91,6433502039.07,91426946.19,66332595.20999999,2027397732.85,2286756193.93,259358461.08,31370245.929999992,3149.09,3053.21,2382.84,3412.94,3017.37,1980.23,388.52,491.45,,,,Y,,,通信,通信设备,通信配套服务,26.63,26.53,26.67
sz300050,世纪鼎利,2016-02-02,26.48,28.1,26.1,27.56,25.79,3975583.0,108857654.1,6270487827.24,6875041341.48,91426946.19,66332595.20999999,2027397732.85,2286756193.93,259358461.08,31370245.929999992,4016.64,3806.63,3706.62,3533.92,2530.19,3324.04,632.3,221.17,,,,Y,,,通信,通信设备,通信配套服务,26.53,26.89,27.0
sz300050,世纪鼎利,2016-02-03,27.0,28.53,26.91,28.28,27.56,3336921.0,92806840.7,6434303184.12,7054650549.24,91426946.19,66332595.20999999,2027397732.85,2286756193.93,259358461.08,31370245.929999992,2992.6,3871.85,3324.26,2414.9,2615.45,2856.55,348.36,137.38,,,,Y,,,通信,通信设备,通信配套服务,27.3,27.74,27.33
sz300050,世纪鼎利,2016-02-04,28.48,30.31,28.2,30.1,28.28,3576204.0,105696153.5,6848392002.9,7508662713.3,91426946.19,66332595.20999999,2027397732.85,2286756193.93,259358461.08,31370245.929999992,3027.58,3899.56,4171.62,2475.26,2456.06,3606.7,914.35,588.1,,,,Y,,,通信,通信设备,通信配套服务,28.49,28.71,29.78
sz300050,世纪鼎利,2016-02-05,29.89,30.5,29.42,30.15,30.1,2834363.0,85031290.6,6859768069.35,7521135574.95,91426946.19,66332595.20999999,2027397732.85,2286756193.93,259358461.08,31370245.929999992,2297.79,2436.17,3139.65,2945.84,2338.86,2571.37,726.83,549.74,,,,Y,,,通信,通信设备,通信配套服务,29.99,30.0,29.8
sz300050,世纪鼎利,2016-02-15,29.0,30.99,28.59,30.7,30.15,2779969.0,84128312.6,6984904800.3,7658337053.1,91426946.19,66332595.20999999,2027397732.85,2286756193.93,259358461.08,31370245.929999992,2680.22,2553.17,2973.38,2681.38,2451.05,2589.43,308.18,588.85,,,,Y,,,通信,通信设备,通信配套服务,29.2,29.1,29.4
sz300050,世纪鼎利,2016-02-16,30.85,32.11,30.82,31.7,30.7,3516040.0,110913935.6,7212426129.3,7907794286.1,91426946.19,66332595.20999999,2027397732.85,2286756193.93,259358461.08,31370245.929999992,3885.6,4699.14,3869.51,2865.68,2852.16,3092.49,484.1,434.06,,,,Y,,,通信,通信设备,通信配套服务,30.97,31.16,31.17
sz300050,世纪鼎利,2016-02-17,31.5,32.25,31.11,31.68,31.7,3188628.0,100949498.8,7207875702.72,7902805141.44,91426946.19,66332595.20999999,2027397732.85,2286756193.93,259358461.08,31370245.929999992,3675.04,3956.57,2923.94,2793.41,2928.06,2784.16,567.91,560.81,,,,Y,,,通信,通信设备,通信配套服务,31.8,31.69,31.92
sz300050,世纪鼎利,2016-02-18,31.84,32.95,31.84,31.9,31.68,4057817.0,131403043.4,7257930395.1,7957685732.7,91426946.19,66332595.20999999,2027397732.85,2286756193.93,259358461.08,31370245.929999992,3867.17,4256.45,4543.58,4072.0,3246.67,3704.98,1482.88,1106.86,,,,Y,,,通信,通信设备,通信配套服务,32.3,32.58,32.85
sz300050,世纪鼎利,2016-02-19,31.85,32.14,31.06,32.1,31.9,3619093.0,114304141.5,7303434660.9,8007577179.3,91426946.19,66332595.20999999,2027397732.85,2286756193.93,259358461.08,31370245.929999992,3234.51,3359.34,2990.15,3972.42,2996.77,2085.08,2208.66,2013.24,,,,Y,,,通信,通信设备,通信配套服务,31.72,31.91,31.9
sz300050,世纪鼎利,2016-02-22,32.11,32.52,31.52,31.98,32.1,4066577.0,130184142.3,7276132101.42,7977642311.34,91426946.19,66332595.20999999,2027397732.85,2286756193.93,259358461.08,31370245.929999992,4114.38,3163.68,4787.96,7211.11,2659.38,1653.78,1447.47,980.62,,,,Y,,,通信,通信设备,通信配套服务,32.19,32.17,32.06
sz300050,世纪鼎利,2016-02-23,32.03,32.49,31.0,31.41,31.98,3165712.0,99985618.2,7146444943.89,7835451688.53,91426946.19,66332595.20999999,2027397732.85,2286756193.93,259358461.08,31370245.929999992,3838.12,3539.05,3282.63,4143.26,2843.22,1837.93,15.89,459.62,,,,Y,,,通信,通信设备,通信配套服务,32.05,32.3,32.2
sz300050,世纪鼎利,2016-02-24,31.68,31.68,29.2,30.28,31.41,5146107.0,155838126.1,6889345842.12,7553565015.24,91426946.19,66332595.20999999,2027397732.85,2286756193.93,259358461.08,31370245.929999992,4601.64,4175.19,4989.75,7172.85,4500.63,1862.25,1491.79,2373.52,,,,Y,,,通信,通信设备,通信配套服务,31.44,31.41,31.24
sz300050,世纪鼎利,2016-02-25,30.0,30.16,27.25,27.25,30.28,5589814.0,157244508.2,6199956215.25,6797709599.25,91426946.19,66332595.20999999,2027397732.85,2286756193.93,259358461.08,31370245.929999992,5263.5,4481.05,4608.58,6170.67,4969.42,2001.25,875.95,3064.48,,,,Y,,,通信,通信设备,通信配套服务,30.03,29.8,29.49
sz300050,世纪鼎利,2016-02-26,27.25,27.66,26.25,26.98,27.25,4090533.0,110333197.2,6138525456.42,6730356146.34,91426946.19,66332595.20999999,2027397732.85,2286756193.93,259358461.08,31370245.929999992,2727.78,3407.98,4728.64,4498.5,2463.85,1845.77,1089.15,1257.18,,,,Y,,,通信,通信设备,通信配套服务,27.3,27.2,26.62
sz300050,世纪鼎利,2016-02-29,26.92,26.92,24.28,24.28,26.98,4836288.0,118272718.2,5524217868.12,6056821617.24,91426946.19,66332595.20999999,2027397732.85,2286756193.93,259358461.08,31370245.929999992,3977.54,2037.99,2325.85,5826.92,3185.26,836.61,2334.97,3122.1,,,,Y,,,通信,通信设备,通信配套服务,26.0,24.33,24.43
sz300050,世纪鼎利,2016-03-01,24.0,25.0,22.7,24.6,24.28,6825701.0,162479042.8,5597024693.4,6136647931.8,91426946.19,66332595.20999999,2027397732.85,2286756193.93,259358461.08,31370245.929999992,5369.34,5361.88,5569.88,6259.82,3118.42,2969.32,2185.17,1651.79,,,,Y,,,通信,通信设备,通信配套服务,24.1,23.98,23.66
sz300050,世纪鼎利,2016-03-02,24.25,25.55,23.5,25.4,24.6,6587918.0,162748055.0,5779041756.6,6336213718.2,91426946.19,66332595.20999999,2027397732.85,2286756193.93,259358461.08,31370245.929999992,6006.38,4762.33,5820.18,5905.44,3567.74,3238.79,854.64,2342.38,,,,Y,,,通信,通信设备,通信配套服务,24.36,24.29,24.26
sz300050,世纪鼎利,2016-03-03,25.39,26.4,24.98,25.02,25.4,6086788.0,155109055.9,5692583651.58,6241419969.66,91426946.19,66332595.20999999,2027397732.85,2286756193.93,259358461.08,31370245.929999992,5882.07,5030.16,4545.54,6148.83,3760.54,2611.73,1301.96,1699.38,,,,Y,,,通信,通信设备,通信配套服务,25.38,25.26,25.15
sz300050,世纪鼎利,2016-03-04,24.85,25.16,22.9,22.99,25.02,6160101.0,148921666.8,5230715353.71,5735021786.67,91426946.19,66332595.20999999,2027397732.85,2286756193.93,259358461.08,31370245.929999992,6003.19,4629.37,4671.95,6547.02,3467.1,2225.86,721.38,1461.38,,,,Y,,,通信,通信设备,通信配套服务,,25.05,25.0
sz300050,世纪鼎利,2016-03-07,22.71,24.84,22.71,24.03,22.99,5661476.0,136212899.8,5467337535.87,5994457308.99,91426946.19,66332595.20999999,2027397732.85,2286756193.93,259358461.08,31370245.929999992,5617.77,4878.67,4621.12,5323.52,2427.66,2738.32,892.55,618.59,,,,Y,,,通信,通信设备,通信配套服务,23.55,23.47,23.89
sz300050,世纪鼎利,2016-03-08,23.81,25.07,22.48,24.9,24.03,5499791.0,131617494.9,5665281092.1,6211485101.7,91426946.19,66332595.20999999,2027397732.85,2286756193.93,259358461.08,31370245.929999992,6464.44,4967.23,2946.71,3805.53,2976.31,3523.75,738.61,829.56,,,,Y,,,通信,通信设备,通信配套服务,23.15,22.53,22.88
sz300050,世纪鼎利,2016-03-09,24.1,25.38,24.03,24.7,24.9,3769584.0,93603383.5,5619776826.3,6161593655.1,91426946.19,66332595.20999999,2027397732.85,2286756193.93,259358461.08,31370245.929999992,3052.08,3588.14,3862.88,2732.77,2239.22,2555.51,206.16,483.91,,,,Y,,,通信,通信设备,通信配套服务,24.2,24.68,24.68
sz300050,世纪鼎利,2016-03-10,24.7,25.07,23.0,23.59,24.7,3349181.0,80761641.9,5367228151.11,5884696126.47,91426946.19,66332595.20999999,2027397732.85,2286756193.93,259358461.08,31370245.929999992,3083.15,2936.33,2478.32,2897.76,2406.53,1452.67,108.16,789.4,,,,Y,,,通信,通信设备,通信配套服务,24.85,24.78,24.67
sz300050,世纪鼎利,2016-03-11,23.05,23.43,22.5,22.94,23.59,3685914.0,84578465.0,5219339287.26,5722548925.02,91426946.19,66332595.20999999,2027397732.85,2286756193.93,259358461.08,31370245.929999992,3621.58,3885.47,1386.32,2625.24,2941.8,1555.55,483.38,366.8,,,,Y,,,通信,通信设备,通信配套服务,23.1,23.01,22.86
sz300050,世纪鼎利,2016-03-14,23.42,25.05,23.36,24.41,22.94,3887037.0,94738529.2,5553795640.89,6089251057.53,91426946.19,66332595.20999999,2027397732.85,2286756193.93,259358461.08,31370245.929999992,4227.87,3854.77,2654.9,2519.45,2461.1,3041.39,124.07,52.32,,,,Y,,,通信,通信设备,通信配套服务,23.46,23.7,24.18
sz300050,世纪鼎利,2016-03-15,24.5,24.84,24.22,24.35,24.41,3670008.0,89992539.4,5540144361.15,6074283623.55,91426946.19,66332595.20999999,2027397732.85,2286756193.93,259358461.08,31370245.929999992,3387.77,3835.18,2744.85,3066.09,2275.39,1969.25,570.57,108.05,,,,Y,,,通信,通信设备,通信配套服务,24.46,24.46,24.47
sz300050,世纪鼎利,2016-03-16,24.84,25.08,23.26,24.0,24.35,4584892.0,110218470.8,5460511896.0,5986973592.0,91426946.19,66332595.20999999,2027397732.85,2286756193.93,259358461.08,31370245.929999992,3628.86,3550.7,3980.52,4504.4,3070.09,2023.69,308.13,908.81,,,,Y,,,通信,通信设备,通信配套服务,24.84,24.67,24.61
sz300050,世纪鼎利,2016-03-17,23.98,26.24,23.92,26.08,24.0,7313269.0,184703935.7,5933756260.32,6505844636.64,91426946.19,66332595.20999999,2027397732.85,2286756193.93,259358461.08,31370245.929999992,4748.17,6709.0,6853.78,4554.27,2695.01,5521.31,4169.74,1682.12,,,,Y,,,通信,通信设备,通信配套服务,24.05,24.41,24.53
sz300050,世纪鼎利,2016-03-18,26.17,27.96,26.0,27.59,26.08,6064353.0,163645348.4,6277313467.11,6882525058.47,91426946.19,66332595.20999999,2027397732.85,2286756193.93,259358461.08,31370245.929999992,5561.27,5977.98,6438.62,4978.31,3154.55,4245.97,1207.88,1160.06,,,,Y,,,通信,通信设备,通信配套服务,26.3,26.14,26.29
sz300050,世纪鼎利,2016-03-21,27.93,28.42,27.28,28.35,27.59,6102615.0,169111598.8,6450229677.15,7072112555.55,91426946.19,66332595.20999999,2027397732.85,2286756193.93,259358461.08,31370245.929999992,5387.36,5605.31,6216.36,5892.89,3385.97,3643.37,1383.86,1231.97,,,,Y,,,通信,通信设备,通信配套服务,27.89,27.6,27.55
sz300050,世纪鼎利,2016-03-22,27.85,28.14,27.53,27.91,28.35,4584006.0,127621714.2,6350120292.39,6962351373.03,91426946.19,66332595.20999999,2027397732.85,2286756193.93,259358461.08,31370245.929999992,4665.76,4421.96,4673.86,5291.07,2938.0,1952.42,466.38,1078.55,,,,Y,,,通信,通信设备,通信配套服务,27.9,28.01,27.88
sz300050,世纪鼎利,2016-03-23,27.7,28.28,27.37,28.06,27.91,5660909.0,157574471.2,6384248491.74,6999769957.98,91426946.19,66332595.20999999,2027397732.85,2286756193.93,259358461.08,31370245.929999992,5263.73,4646.71,5031.8,6493.54,3256.43,2240.6,2200.16,2371.27,,,,Y,,,通信,通信设备,通信配套服务,27.93,27.96,27.67
sz300050,世纪鼎利,2016-03-24,27.6,28.65,27.51,27.83,28.06,6357164.0,178705869.1,6331918586.07,6942394794.39,91426946.19,66332595.20999999,2027397732.85,2286756193.93,259358461.08,31370245.929999992,6687.77,6304.93,6086.99,5456.45,3642.88,3440.02,1425.9,2642.15,,,,Y,,,通信,通信设备,通信配套服务,27.76,27.85,27.78
sz300050,世纪鼎利,2016-03-25,27.83,28.28,27.4,28.17,27.83,4721039.0,131758137.3,6409275837.93,7027210253.61,91426946.19,66332595.20999999,2027397732.85,2286756193.93,259358461.08,31370245.929999992,5315.64,4596.83,4266.82,4938.21,2593.04,2254.6,961.32,1347.19,,,,Y,,,通信,通信设备,通信配套服务,27.93,27.89,27.88
sz300050,世纪鼎利,2016-03-28,28.68,29.83,28.63,29.02,28.17,7395940.0,216648070.8,6602668967.58,7239248901.66,91426946.19,66332595.20999999,2027397732.85,2286756193.93,259358461.08,31370245.929999992,5682.47,6680.61,8088.23,6537.69,2980.44,4267.7,2216.87,1482.01,,,,Y,,,通信,通信设备,通信配套服务,28.84,29.76,29.35
sz300050,世纪鼎利,2016-03-29,28.98,29.1,26.37,27.05,29.02,7626987.0,210962430.4,6154451949.45,6747818152.65,91426946.19,66332595.20999999,2027397732.85,2286756193.93,259358461.08,31370245.929999992,7562.19,5782.13,5498.74,9206.76,5812.92,2705.24,1208.37,2388.1,,,,Y,,,通信,通信设备,通信配套服务,28.92,28.2,28.39
sz300050,世纪鼎利,2016-03-30,27.35,29.76,27.33,29.76,27.05,9164879.0,263463174.9,6771034751.04,7423847254.08,91426946.19,66332595.20999999,2027397732.85,2286756193.93,259358461.08,31370245.929999992,7215.88,9569.24,9584.59,7164.52,3345.47,6133.57,3949.8,1228.4,,,,Y,,,通信,通信设备,通信配套服务,27.73,27.6,28.17
sz300050,世纪鼎利,2016-03-31,29.92,32.46,29.91,31.81,29.76,12371870.0,384553691.1,7237453475.49,7935234581.73,91426946.19,66332595.20999999,2027397732.85,2286756193.93,259358461.08,31370245.929999992,11433.72,12227.57,16874.47,15157.54,6665.64,7140.58,3437.2,3885.35,,,,Y,,,通信,通信设备,通信配套服务,30.27,30.59,30.88
sz300050,世纪鼎利,2016-04-01,31.82,33.14,30.78,31.04,31.81,19934038.0,639882752.2,7062262052.16,7743152512.32,114433558.12,81691235.51,2066534294.88,2431323003.9,364788709.02,41174386.74000001,20766.6,18481.07,14550.52,22860.72,18267.18,6679.95,6089.36,11651.93,,,,Y,,,通信,通信设备,通信配套服务,32.6,32.56,32.4
sz300050,世纪鼎利,2016-04-05,31.0,31.75,30.13,31.52,31.04,14746776.0,455911732.6,7171472290.08,7862891984.16,114433558.12,81691235.51,2066534294.88,2431323003.9,364788709.02,41174386.74000001,14821.73,11274.94,16676.01,18845.95,9616.44,7393.12,4444.33,8044.5,,,,Y,,,通信,通信设备,通信配套服务,30.85,30.18,30.26
sz300050,世纪鼎利,2016-04-06,31.13,31.99,31.05,31.8,31.52,9222925.0,290741325.5,7235178262.2,7932740009.4,114433558.12,81691235.51,2066534294.88,2431323003.9,364788709.02,41174386.74000001,12108.1,10785.27,7680.54,9726.88,7311.8,6647.32,1956.91,1897.88,,,,Y,,,通信,通信设备,通信配套服务,31.55,31.17,31.4
sz300050,世纪鼎利,2016-04-07,31.8,32.68,31.3,31.34,31.8,10808023.0,346596330.5,7130518450.86,7817989682.22,114433558.12,81691235.51,2066534294.88,2431323003.9,364788709.02,41174386.74000001,11214.04,12081.58,10002.64,11341.57,8240.97,7078.49,5194.01,4150.03,,,,Y,,,通信,通信设备,通信配套服务,31.9,32.25,32.36
sz300050,世纪鼎利,2016-04-08,30.51,30.72,29.87,30.4,31.34,7443659.0,225683158.9,6916648401.6,7583499883.2,114433558.12,81691235.51,2066534294.88,2431323003.9,364788709.02,41174386.74000001,7881.09,7721.28,6453.72,8895.5,6063.46,3789.5,2158.25,2150.25,,,,Y,,,通信,通信设备,通信配套服务,30.53,30.32,30.47
sz300050,世纪鼎利,2016-04-11,30.7,31.6,30.7,31.19,30.4,5886769.0,183433733.0,7096390251.51,7780571097.27,114433558.12,81691235.51,2066534294.88,2431323003.9,364788709.02,41174386.74000001,5476.95,6491.32,8522.19,5680.45,2935.74,4428.09,1384.1,1719.11,,,,Y,,,通信,通信设备,通信配套服务,30.79,30.87,31.09
sz300050,世纪鼎利,2016-04-12,31.12,31.25,29.43,29.88,31.19,5739558.0,173376126.7,6798337310.52,7453782122.04,114433558.12,81691235.51,2066534294.88,2431323003.9,364788709.02,41174386.74000001,6425.86,5268.02,4415.56,6866.81,6023.87,2577.82,460.92,2613.55,,,,Y,,,通信,通信设备,通信配套服务,30.89,31.13,31.0
sz300050,世纪鼎利,2016-04-13,30.44,31.01,29.94,30.44,29.88,7595931.0,232399465.0,6925749254.76,7593478172.52,114433558.12,81691235.51,2066534294.88,2431323003.9,364788709.02,41174386.74000001,7231.65,6178.45,6659.17,6652.75,4315.8,4338.91,5022.05,6058.57,,,,Y,,,通信,通信设备,通信配套服务,30.15,30.0,30.45
sz300050,世纪鼎利,2016-04-14,30.79,31.0,30.3,30.8,30.44,4810901.0,147355564.4,7007656933.2,7683282776.4,114433558.12,81691235.51,2066534294.88,2431323003.9,364788709.02,41174386.74000001,5305.28,4731.68,4563.07,6657.34,3255.02,2675.03,1590.65,649.98,,,,Y,,,通信,通信设备,通信配套服务,30.79,30.6,30.62
sz300050,世纪鼎利,2016-04-15,30.65,30.95,29.99,30.32,30.8,6123966.0,185023204.9,6898446695.28,7563543304.56,114433558.12,81691235.51,2066534294.88,2431323003.9,364788709.02,41174386.74000001,6510.82,5721.06,5037.08,4807.81,5356.0,3415.97,1597.72,4556.79,,,,Y,,,通信,通信设备,通信配套服务,30.7,30.69,30.43
sz300050,世纪鼎利,2016-04-18,29.28,29.28,28.01,28.75,30.32,6824911.0,195596526.9,6541238208.75,7171895448.75,114433558.12,81691235.51,2066534294.88,2431323003.9,364788709.02,41174386.74000001,7544.66,5878.69,5082.41,7130.61,6407.8,2598.96,508.82,3935.43,,,,Y,,,通信,通信设备,通信配套服务,28.9,28.73,28.59
sz300050,世纪鼎利,2016-04-19,29.1,29.24,28.7,29.0,28.75,3739350.0,108282562.7,6598118541.0,7234259757.0,114433558.12,81691235.51,2066534294.88,2431323003.9,364788709.02,41174386.74000001,4553.33,3967.84,2811.84,3511.54,2918.91,2790.19,542.72,557.22,,,,Y,,,通信,通信设备,通信配套服务,29.13,29.08,29.0
sz300050,世纪鼎利,2016-04-20,29.27,29.28,26.4,27.24,29.0,6434601.0,178233465.9,6197681001.96,6795215026.92,114433558.12,81691235.51,2066534294.88,2431323003.9,364788709.02,41174386.74000001,6010.69,6390.82,4747.26,6636.66,5151.18,3216.58,1325.84,990.91,,,,Y,,,通信,通信设备,通信配套服务,29.15,29.0,28.98
sz300050,世纪鼎利,2016-04-21,27.08,27.35,26.41,26.43,27.24,3694712.0,99642914.0,6013388725.47,6593154668.19,114433558.12,81691235.51,2066534294.88,2431323003.9,364788709.02,41174386.74000001,2371.01,2237.02,1741.52,2179.01,2170.9,1275.96,103.16,694.59,,,,Y,,,通信,通信设备,通信配套服务,27.16,27.05,27.1
sz300050,世纪鼎利,2016-04-22,26.22,27.09,26.02,26.96,26.43,3985789.0,106748660.1,6133975029.84,6725367001.68,114433558.12,81691235.51,2066534294.88,2431323003.9,364788709.02,41174386.74000001,3108.66,3169.05,4689.73,3493.97,2070.29,2580.9,804.61,1429.37,,,,Y,,,通信,通信设备,通信配套服务,26.35,26.52,26.49
sz300050,世纪鼎利,2016-04-25,26.65,26.8,25.88,26.3,26.96,3658811.0,96016735.9,5983810952.7,6560725227.9,114433558.12,81691235.51,2066534294.88,2431323003.9,364788709.02,41174386.74000001,3265.09,2880.13,3271.97,3346.16,2578.39,1765.89,486.22,1609.5,,,,Y,,,通信,通信设备,通信配套服务,26.63,26.34,26.36
sz300050,世纪鼎利,2016-04-26,26.26,27.18,26.2,27.09,26.3,2943241.0,78413635.6,6163552802.61,6757796441.97,114433558.12,81691235.51,2066534294.88,2431323003.9,364788709.02,41174386.74000001,3031.25,2903.11,2440.35,2687.22,2010.78,2251.02,358.97,0.0,,,,Y,,,通信,通信设备,通信配套服务,26.34,26.41,26.44
sz300050,世纪鼎利,2016-04-27,26.97,27.6,26.72,26.86,27.09,3754088.0,101794144.8,6176788371.82,6700421278.38,119449201.87,74098797.62,2090502834.06,2418416124.7,327913290.64,24049448.39,3824.89,3947.84,2880.75,3383.36,2769.18,2068.26,704.59,779.94,,,,Y,,,通信,通信设备,通信配套服务,27.07,27.07,26.85
sz300050,世纪鼎利,2016-04-28,26.99,27.9,26.5,27.76,26.86,5854366.0,159698251.6,6383754475.12,6924932788.08,119449201.87,74098797.62,2090502834.06,2418416124.7,327913290.64,24049448.39,4721.06,5931.65,5424.88,5180.03,2706.06,4196.36,3117.81,661.78,,,,Y,,,通信,通信设备,通信配套服务,26.84,26.57,26.81
sz300050,世纪鼎利,2016-04-29,27.65,27.84,27.2,27.4,27.76,3251675.0,89511064.6,6300968033.8,6835128184.2,119449201.87,74098797.62,2090502834.06,2418416124.7,327913290.64,24049448.39,3206.26,3599.32,2924.14,3337.84,2656.1,1903.83,164.6,110.11,,,,Y,,,通信,通信设备,通信配套服务,27.69,27.62,27.7
sz300050,世纪鼎利,2016-05-03,27.56,28.58,27.28,28.53,27.4,5127930.0,144965452.9,6560825474.61,7117014857.49,119449201.87,74098797.62,2090502834.06,2418416124.7,327913290.64,24049448.39,3428.93,3372.48,4558.85,4088.84,2243.85,2906.79,1352.23,1215.76,,,,Y,,,通信,通信设备,通信配套服务,27.4,27.5,27.62
sz300050,世纪鼎利,2016-05-04,28.21,28.91,28.15,28.2,28.53,4756093.0,135589589.9,6484937903.4,7034693970.6,119449201.87,74098797.62,2090502834.06,2418416124.7,327913290.64,24049448.39,5269.76,4438.96,4015.76,5120.27,3666.53,2666.36,606.89,1333.37,,,,Y,,,通信,通信设备,通信配套服务,28.38,28.38,28.4
sz300050,世纪鼎利,2016-05-05,28.15,28.6,28.01,28.6,28.2,3678472.0,104265516.3,6576922838.2,7134476863.8,119449201.87,74098797.62,2090502834.06,2418416124.7,327913290.64,24049448.39,3789.92,3720.01,3311.25,4053.68,2566.75,2409.45,758.63,243.41,,,,Y,,,通信,通信设备,通信配套服务,28.22,28.06,28.45
sz300050,世纪鼎利,2016-05-06,28.6,29.58,27.65,27.66,28.6,7600179.0,217520735.6,6360758241.42,6899987064.78,119449201.87,74098797.62,2090502834.06,2418416124.7,327913290.64,24049448.39,7944.25,7346.49,5423.81,8235.11,5666.04,4629.49,2717.97,1540.97,,,,Y,,,通信,通信设备,通信配套服务,28.74,28.88,28.98
sz300050,世纪鼎利,2016-05-09,27.2,27.3,25.8,26.04,27.66,3809355.0,101144824.1,5988219255.48,6495866347.32,119449201.87,74098797.62,2090502834.06,2418416124.7,327913290.64,24049448.39,3424.46,3280.83,2464.01,2940.75,3069.65,1797.09,462.43,1401.88,,,,Y,,,通信,通信设备,通信配套服务,27.28,26.73,26.75
sz300050,世纪鼎利,2016-05-10,25.99,26.33,25.83,26.16,26.04,2089225.0,54568085.1,6015814735.92,6525801215.28,119449201.87,74098797.62,2090502834.06,2418416124.7,327913290.64,24049448.39,2281.83,2132.64,1217.08,1707.76,1624.14,1188.12,333.75,428.28,,,,Y,,,通信,通信设备,通信配套服务,26.18,26.19,26.3
sz300050,世纪鼎利,2016-05-11,26.26,26.45,25.04,25.14,26.16,3164906.0,81408544.3,5781253152.18,6271354837.62,119449201.87,74098797.62,2090502834.06,2418416124.7,327913290.64,24049448.39,3130.43,3159.46,1886.32,3264.62,3018.94,1487.59,105.16,229.17,,,,Y,,,通信,通信设备,通信配套服务,26.41,26.35,26.29
sz300050,世纪鼎利,2016-05-12,24.51,25.92,24.08,25.88,25.14,3501750.0,87395459.8,5951425281.56,6455953190.04,119449201.87,74098797.62,2090502834.06,2418416124.7,327913290.64,24049448.39,2753.84,3674.9,3687.71,2528.88,2037.53,2437.22,260.47,98.54,,,,Y,,,通信,通信设备,通信配套服务,24.2,24.3,24.35
sz300050,世纪鼎利,2016-05-13,25.51,25.98,25.1,25.35,25.88,2096031.0,53585218.3,5829545242.95,6323740856.55,119449201.87,74098797.62,2090502834.06,2418416124.7,327913290.64,24049448.39,2324.73,2235.58,1151.02,1444.61,1882.76,1184.23,0.0,494.09,,,,Y,,,通信,通信设备,通信配套服务,25.61,25.75,25.85
sz300050,世纪鼎利,2016-05-16,25.07,25.82,25.0,25.7,25.35,3151472.0,80275120.1,5910032060.9,6411050888.1,119449201.87,74098797.62,2090502834.06,2418416124.7,327913290.64,24049448.39,2692.54,2262.1,3210.05,3330.15,1843.56,1546.81,281.36,888.44,,,,Y,,,通信,通信设备,通信配套服务,25.34,25.35,25.0
sz300050,世纪鼎利,2016-05-17,25.6,26.17,25.16,25.7,25.7,3293325.0,84415452.6,5910032060.9,6411050888.1,119449201.87,74098797.62,2090502834.06,2418416124.7,327913290.64,24049448.39,3524.96,3520.35,2473.28,2591.11,2194.77,2228.87,248.53,101.21,,,,Y,,,通信,通信设备,通信配套服务,25.55,25.67,25.69
sz300050,世纪鼎利,2016-05-18,25.3,25.34,24.21,24.85,25.7,3329730.0,82982979.0,5714564074.45,6199012240.05,119449201.87,74098797.62,2090502834.06,2418416124.7,327913290.64,24049448.39,2327.59,3640.25,2575.25,2638.86,2418.99,1649.18,976.45,370.0,,,,Y,,,通信,通信设备,通信配套服务,25.22,25.22,25.24
sz300050,世纪鼎利,2016-05-19,24.79,25.77,24.7,25.07,24.85,2750593.0,69791178.9,5765155788.59,6253892831.31,119449201.87,74098797.62,2090502834.06,2418416124.7,327913290.64,24049448.39,2620.72,2923.45,1993.56,1958.33,2049.11,2097.32,315.71,0.0,,,,Y,,,通信,通信设备,通信配套服务,24.85,25.19,25.2
sz300050,世纪鼎利,2016-05-20,24.81,25.56,24.51,25.56,25.07,2486459.0,62869577.5,5877837333.72,6376126875.48,119449201.87,74098797.62,2090502834.06,2418416124.7,327913290.64,24049448.39,2475.33,2461.37,1794.71,1848.56,1868.99,1977.02,147.92,0.0,,,,Y,,,通信,通信设备,通信配套服务,24.72,24.86,24.98
sz300050,世纪鼎利,2016-05-23,25.58,26.06,25.55,26.06,25.56,3045073.0,78607565.9,5992818502.22,6500855491.98,119449201.87,74098797.62,2090502834.06,2418416124.7,327913290.64,24049448.39,3004.42,2671.85,2836.62,2925.29,2019.71,1999.81,0.0,263.79,,,,Y,,,通信,通信设备,通信配套服务,25.72,25.71,25.86
sz300050,世纪鼎利,2016-05-24,26.37,26.37,25.55,25.76,26.06,3140486.0,81101861.1,5923829801.12,6426018322.08,119449201.87,74098797.62,2090502834.06,2418416124.7,327913290.64,24049448.39,3306.4,3106.1,2204.05,3029.8,2599.71,1832.54,0.0,141.73,,,,Y,,,通信,通信设备,通信配套服务,26.13,26.02,25.8
sz300050,世纪鼎利,2016-05-25,26.18,26.45,25.58,25.79,25.76,2773478.0,72338751.0,5930728671.23,6433502039.07,119449201.87,74098797.62,2090502834.06,2418416124.7,327913290.64,24049448.39,2462.02,3129.93,2009.86,2244.72,2328.3,1858.7,433.18,0.0,,,,Y,,,通信,通信设备,通信配套服务,26.12,26.15,26.3
sz300050,世纪鼎利,2016-05-26,25.64,26.44,24.81,26.39,25.79,3238328.0,82883319.3,6068706073.43,6583176378.87,119449201.87,74098797.62,2090502834.06,2418416124.7,327913290.64,24049448.39,3222.96,3297.69,2624.23,2220.38,2201.92,2490.58,239.21,279.68,,,,Y,,,通信,通信设备,通信配套服务,25.84,25.79,25.55
sz300050,世纪鼎利,2016-05-27,26.38,26.38,25.7,25.74,26.39,2745057.0,71522341.9,5919230554.38,6421029177.42,119449201.87,74098797.62,2090502834.06,2418416124.7,327913290.64,24049448.39,3085.94,2449.91,1320.93,2814.11,2745.36,1733.24,0.0,154.97,,,,Y,,,通信,通信设备,通信配套服务,26.33,26.26,26.25
sz300050,世纪鼎利,2016-05-30,12.7,13.17,12.36,12.97,12.8,5354220.0,68981637.6,5965223021.78,6470920624.02,119449201.87,74098797.62,2090502834.06,2418416124.7,327913290.64,24049448.39,2816.35,2685.07,1831.9,1865.91,1812.18,2347.18,437.73,0.0,,,,Y,,,通信,通信设备,通信配套服务,12.53,12.6,12.5
sz300050,世纪鼎利,2016-05-31,12.86,13.94,12.86,13.78,12.97,14252149.0,194575197.8,6337762007.72,6875041341.48,119449201.87,74098797.62,2090502834.06,2418416124.7,327913290.64,24049448.39,5965.48,5810.65,6376.73,8631.15,3360.41,4230.41,3754.89,785.29,,,,Y,,,通信,通信设备,通信配套服务,12.96,13.05,13.23
sz300050,世纪鼎利,2016-06-01,13.8,14.13,13.68,13.72,13.78,10793090.0,150070695.6,6310166527.28,6845106473.52,119449201.87,74098797.62,2090502834.06,2418416124.7,327913290.64,24049448.39,5943.56,4744.52,4590.6,5164.32,3418.78,2913.29,1054.11,2184.92,,,,Y,,,通信,通信设备,通信配套服务,13.93,14.09,14.03
sz300050,世纪鼎利,2016-06-02,13.58,13.93,13.51,13.92,13.72,10531698.0,144506658.1,6402151462.08,6944889366.72,119449201.87,74098797.62,2090502834.06,2418416124.7,327913290.64,24049448.39,6144.34,5622.72,2974.48,4942.04,3224.79,2663.71,2107.05,1222.19,,,,Y,,,通信,通信设备,通信配套服务,13.62,13.64,13.75
sz300050,世纪鼎利,2016-06-03,13.98,14.07,13.6,13.99,13.92,8936373.0,123942141.4,6434346189.26,6979813379.34,119449201.87,74098797.62,2090502834.06,2418416124.7,327913290.64,24049448.39,4302.26,4386.72,2925.61,3386.1,2871.96,2963.61,2294.37,1657.77,,,,Y,,,通信,通信设备,通信配套服务,13.96,13.89,13.78
sz300050,世纪鼎利,2016-06-06,13.98,14.16,13.8,13.98,13.99,7998134.0,112084738.6,6429746942.52,6974824234.68,119449201.87,74098797.62,2090502834.06,2418416124.7,327913290.64,24049448.39,5162.83,4237.32,3209.63,4185.43,2670.5,2217.53,165.5,568.18,,,,Y,,,通信,通信设备,通信配套服务,13.97,14.0,14.0
sz300050,世纪鼎利,2016-06-07,13.98,14.26,13.63,14.09,13.98,7658922.0,107439448.3,6480338656.66,7029704825.94,119449201.87,74098797.62,2090502834.06,2418416124.7,327913290.64,24049448.39,3355.53,4570.95,3999.44,2396.36,2065.44,2975.77,1323.53,800.86,,,,Y,,,通信,通信设备,通信配套服务,13.82,13.85,13.76
sz300050,世纪鼎利,2016-06-08,14.09,14.09,13.75,13.92,14.09,5372547.0,74636365.4,6402151462.08,6944889366.72,119449201.87,74098797.62,2090502834.06,2418416124.7,327913290.64,24049448.39,2717.29,3188.1,2090.1,2776.87,2601.77,1388.55,54.47,110.11,,,,Y,,,通信,通信设备,通信配套服务,14.0,13.97,13.84
sz300050,世纪鼎利,2016-06-13,13.52,13.68,12.8,12.8,13.92,5899873.0,78800874.6,5887035827.2,6386105164.8,119449201.87,74098797.62,2090502834.06,2418416124.7,327913290.64,24049448.39,3175.87,3384.78,1141.45,2457.77,3330.64,1475.79,232.14,561.75,,,,Y,,,通信,通信设备,通信配套服务,13.48,13.55,13.56
sz300050,世纪鼎利,2016-06-14,12.75,13.04,12.61,12.8,12.8,4788784.0,61406897.6,5887035827.2,6386105164.8,119449201.87,74098797.62,2090502834.06,2418416124.7,327913290.64,24049448.39,2247.03,2103.84,1439.78,1670.54,2128.72,1149.63,325.16,1216.68,,,,Y,,,通信,通信设备,通信配套服务,12.9,12.8,13.04
sz300050,世纪鼎利,2016-06-15,12.6,13.48,12.51,13.35,12.8,5593232.0,73769518.5,6139994397.9,6660508121.1,119449201.87,74098797.62,2090502834.06,2418416124.7,327913290.64,24049448.39,2941.41,2566.78,2123.18,2217.0,2226.54,2461.14,85.82,132.02,,,,Y,,,通信,通信设备,通信配套服务,12.74,12.81,12.9
sz300050,世纪鼎利,2016-06-16,13.3,13.45,13.05,13.11,13.35,5335159.0,70458726.9,6029612476.14,6540768649.26,119449201.87,74098797.62,2090502834.06,2418416124.7,327913290.64,24049448.39,2803.02,2567.98,1400.98,1897.89,2588.36,1954.75,253.51,625.25,,,,Y,,,通信,通信设备,通信配套服务,13.44,13.39,13.3
sz300050,世纪鼎利,2016-06-17,13.13,13.67,13.13,13.33,13.11,5136188.0,68807040.8,6130795904.42,6650529831.78,119449201.87,74098797.62,2090502834.06,2418416124.7,327913290.64,24049448.39,2671.11,2860.65,1806.48,1553.26,2091.84,2199.04,311.28,267.75,,,,Y,,,通信,通信设备,通信配套服务,13.27,13.35,13.36
sz300050,世纪鼎利,2016-06-20,13.33,13.57,12.96,13.52,13.33,5605556.0,74338640.2,6218181592.48,6745323580.32,119449201.87,74098797.62,2090502834.06,2418416124.7,327913290.64,24049448.39,2659.31,2850.07,1993.67,1929.82,1969.88,2207.69,811.0,446.28,,,,Y,,,通信,通信设备,通信配套服务,13.24,13.28,13.18
sz300050,世纪鼎利,2016-06-21,13.59,13.68,13.05,13.17,13.52,6643086.0,89223592.0,6057207956.58,6570703517.22,119449201.87,74098797.62,2090502834.06,2418416124.7,327913290.64,24049448.39,3679.43,3386.35,1571.43,2668.49,3509.71,2291.61,161.78,575.9,,,,Y,,,通信,通信设备,通信配套服务,13.6,13.56,13.56
sz300050,世纪鼎利,2016-06-22,13.15,13.51,12.96,13.5,13.17,6038385.0,80121192.6,6208983099.0,6735345291.0,119449201.87,74098797.62,2090502834.06,2418416124.7,327913290.64,24049448.39,2642.83,3053.57,2569.2,2288.73,2197.8,2453.53,602.27,216.27,,,,Y,,,通信,通信设备,通信配套服务,13.05,13.19,13.12
sz300050,世纪鼎利,2016-06-23,13.47,14.5,13.4,14.18,13.5,15967651.0,224126805.9,6521731877.32,7074607127.88,119449201.87,74098797.62,2090502834.06,2418416124.7,327913290.64,24049448.39,7612.83,7828.46,5832.31,7003.69,5008.3,6612.08,3895.45,904.67,,,,Y,,,通信,通信设备,通信配套服务,13.5,13.6,13.63
sz300050,世纪鼎利,2016-06-24,14.18,14.22,13.31,13.87,14.18,10856675.0,150756142.1,6379155228.38,6919943643.42,119449201.87,74098797.62,2090502834.06,2418416124.7,327913290.64,24049448.39,5770.52,6459.56,3667.89,4111.2,4880.66,3756.33,756.54,748.52,,,,Y,,,通信,通信设备,通信配套服务,14.0,14.09,14.06
sz300050,世纪鼎利,2016-06-27,13.62,14.46,13.59,14.37,13.87,11851045.0,168535851.4,6609117565.38,7169400876.42,119449201.87,74098797.62,2090502834.06,2418416124.7,327913290.64,24049448.39,6434.2,5168.8,6328.07,5750.58,3306.8,4462.61,784.5,1471.58,,,,Y,,,通信,通信设备,通信配套服务,13.9,13.84,14.0
sz300050,世纪鼎利,2016-06-28,14.29,14.48,13.99,14.38,14.37,12154562.0,173277565.8,6613716812.12,7174390021.08,119449201.87,74098797.62,2090502834.06,2418416124.7,327913290.64,24049448.39,6742.18,5812.06,5176.57,6021.38,4844.43,3407.42,564.56,2086.88,,,,Y,,,通信,通信设备,通信配套服务,14.27,14.33,14.34
sz300050,世纪鼎利,2016-06-29,14.42,14.58,14.14,14.26,14.38,8779530.0,126219624.3,6558525851.24,7114520285.16,119449201.87,74098797.62,2090502834.06,2418416124.7,327913290.64,24049448.39,5327.22,5157.67,3522.73,3818.52,3331.71,2946.94,440.29,698.83,,,,Y,,,通信,通信设备,通信配套服务,14.44,14.46,14.4
sz300050,世纪鼎利,2016-06-30,14.37,14.64,14.28,14.39,14.26,10878913.0,157102719.2,6618316058.86,7179379165.74,119449201.87,74098797.62,2090502834.06,2418416124.7,327913290.64,24049448.39,5132.26,5854.97,5310.78,5481.37,3238.47,3206.91,2028.76,1167.02,,,,Y,,,通信,通信设备,通信配套服务,14.47,14.46,14.41
sz300050,世纪鼎利,2016-07-01,14.4,14.57,14.11,14.17,14.39,8418851.0,120837531.4,6517132630.58,7069617983.22,119449201.87,74098797.62,2090502834.06,2418416124.7,327913290.64,24049448.39,5299.63,4791.94,3927.72,4532.83,2856.38,2374.67,0.0,384.29,,,,Y,,,通信,通信设备,通信配套服务,14.51,14.45,14.42
sz300050,世纪鼎利,2016-07-04,14.1,14.64,13.95,14.5,14.17,9380389.0,134683015.4,6668907773.0,7234259757.0,119449201.87,74098797.62,2090502834.06,2418416124.7,327913290.64,24049448.39,4395.16,4832.04,4761.99,4636.31,3023.0,3784.33,1288.14,215.61,,,,Y,,,通信,通信设备,通信配套服务,14.02,14.07,14.03
sz300050,世纪鼎利,2016-07-05,14.48,14.58,14.21,14.41,14.5,7677688.0,110133512.4,6627514552.34,7189357455.06,119449201.87,74098797.62,2090502834.06,2418416124.7,327913290.64,24049448.39,4153.14,3790.59,3089.78,4322.48,3415.98,2096.2,354.44,804.08,,,,Y,,,通信,通信设备,通信配套服务,14.52,14.51,14.45
sz300050,世纪鼎利,2016-07-06,14.28,14.4,14.13,14.21,14.41,6400511.0,91090562.8,6535529617.54,7089574561.86,119449201.87,74098797.62,2090502834.06,2418416124.7,327913290.64,24049448.39,3680.64,3157.92,1735.99,3848.44,2962.96,1455.67,729.45,647.01,,,,Y,,,通信,通信设备,通信配套服务,14.4,14.25,14.26
sz300050,世纪鼎利,2016-07-07,14.21,14.3,13.83,14.11,14.21,8185074.0,115052189.7,6489537150.14,7039683115.26,119449201.87,74098797.62,2090502834.06,2418416124.7,327913290.64,24049448.39,4508.33,4281.83,2690.79,4273.34,3410.8,1932.83,895.29,1017.21,,,,Y,,,通信,通信设备,通信配套服务,14.29,14.19,14.21
sz300050,世纪鼎利,2016-07-08,14.06,14.29,13.9,14.18,14.11,5909338.0,83421232.9,6521731877.32,7074607127.88,119449201.87,74098797.62,2090502834.06,2418416124.7,327913290.64,24049448.39,3195.43,3372.19,2498.1,2739.1,2240.78,2202.72,407.81,28.11,,,,Y,,,通信,通信设备,通信配套服务,14.05,14.0,13.97
sz300050,世纪鼎利,2016-07-11,14.17,14.25,13.81,13.82,14.18,6271344.0,88177674.0,6356158994.68,6894997920.12,119449201.87,74098797.62,2090502834.06,2418416124.7,327913290.64,24049448.39,4256.4,3503.71,1398.47,3037.41,2838.22,1655.5,324.66,621.13,,,,Y,,,通信,通信设备,通信配套服务,14.12,14.1,14.08
sz300050,世纪鼎利,2016-07-12,13.77,13.94,13.4,13.88,13.82,7448271.0,101833514.9,6383754475.12,6924932788.08,119449201.87,74098797.62,2090502834.06,2418416124.7,327913290.64,24049448.39,3994.8,3759.1,2196.47,3393.5,3732.64,1864.31,259.43,1166.44,,,,Y,,,通信,通信设备,通信配套服务,13.84,13.87,13.86
sz300050,世纪鼎利,2016-07-13,13.88,14.35,13.85,14.24,13.88,9305422.0,131732884.0,6549327357.76,7104541995.84,119449201.87,74098797.62,2090502834.06,2418416124.7,327913290.64,24049448.39,4741.4,4840.66,4837.36,4235.98,2826.93,3986.04,767.59,110.6,,,,Y,,,通信,通信设备,通信配套服务,13.96,13.95,13.94
sz300050,世纪鼎利,2016-07-14,14.2,14.47,14.08,14.43,14.24,9201098.0,131555938.6,6636713045.82,7199335744.38,119449201.87,74098797.62,2090502834.06,2418416124.7,327913290.64,24049448.39,5219.49,5187.88,3897.04,4784.48,2661.67,2968.36,1377.38,214.86,,,,Y,,,通信,通信设备,通信配套服务,14.24,14.17,14.19
sz300050,世纪鼎利,2016-07-15,14.54,14.68,14.16,14.46,14.43,9008208.0,129854950.4,6650510786.04,7214303178.36,119449201.87,74098797.62,2090502834.06,2418416124.7,327913290.64,24049448.39,5504.82,4908.84,3442.6,4453.54,3546.07,3194.46,491.98,428.64,,,,Y,,,通信,通信设备,通信配套服务,14.58,14.51,14.48
sz300050,世纪鼎利,2016-07-18,14.43,14.43,14.0,14.24,14.46,5591453.0,79439332.2,6549327357.76,7104541995.84,119449201.87,74098797.62,2090502834.06,2418416124.7,327913290.64,24049448.39,3519.49,2718.36,1514.67,2945.9,2793.43,1777.18,116.33,502.48,,,,Y,,,通信,通信设备,通信配套服务,14.33,14.23,14.28
sz300050,世纪鼎利,2016-11-07,15.66,15.66,14.7,15.66,14.24,41421917.0,645493491.0,7202420394.84,7813000537.56,126211946.79000002,102452377.35,2117617214.98,2427691725.06,310074510.08,31501000.93,13648.3,17167.08,13996.86,16039.63,8563.36,8387.85,28340.76,22954.72,,,,Y,,,通信,通信设备,通信配套服务,15.2,15.49,15.64
sz300050,世纪鼎利,2016-11-08,15.05,15.48,14.9,15.28,15.66,32513957.0,493763140.0,7027649018.72,7623413040.48,126211946.79000002,102452377.35,2117617214.98,2427691725.06,310074510.08,31501000.93,19210.57,12844.46,12193.1,17822.64,13471.3,7242.24,4081.42,11047.05,,,,Y,,,通信,通信设备,通信配套服务,15.15,15.19,15.2
sz300050,世纪鼎利,2016-11-09,15.2,16.27,15.05,16.17,15.28,41156841.0,649865370.0,7436981978.58,8067446915.22,126211946.79000002,102452377.35,2117617214.98,2427691725.06,310074510.08,31501000.93,24547.2,22530.9,19770.05,16860.89,16701.36,15325.34,3964.44,10265.92,,,,Y,,,通信,通信设备,通信配套服务,15.13,15.73,15.87
sz300050,世纪鼎利,2016-11-10,15.98,16.55,15.81,16.33,16.17,33795345.0,545580358.0,7510569926.42,8147273229.78,126211946.79000002,102452377.35,2117617214.98,2427691725.06,310074510.08,31501000.93,22757.86,19210.36,12275.95,17492.51,17405.0,11889.66,2118.87,5965.15,,,,Y,,,通信,通信设备,通信配套服务,16.01,15.9,16.36
sz300050,世纪鼎利,2016-11-11,16.3,16.3,15.52,15.64,16.33,27813161.0,439935783.0,7193221901.36,7803022248.24,126211946.79000002,102452377.35,2117617214.98,2427691725.06,310074510.08,31501000.93,16867.79,13545.25,9113.68,15938.04,16554.93,8761.91,1457.02,5748.22,,,,Y,,,通信,通信设备,通信配套服务,16.12,15.99,16.02
sz300050,世纪鼎利,2016-11-14,15.67,15.8,15.25,15.57,15.64,16889835.0,262241157.0,7161027174.18,7768098235.62,126211946.79000002,102452377.35,2117617214.98,2427691725.06,310074510.08,31501000.93,10329.89,10898.37,7045.69,8351.86,8308.7,6215.22,539.82,758.65,,,,Y,,,通信,通信设备,通信配套服务,15.77,15.6,15.54
sz300050,世纪鼎利,2016-11-15,15.58,15.82,15.4,15.82,15.57,13811554.0,216174063.0,7276008342.68,7892826852.12,126211946.79000002,102452377.35,2117617214.98,2427691725.06,310074510.08,31501000.93,7861.25,9191.52,6838.43,5730.52,5595.74,6095.53,1322.76,600.61,,,,Y,,,通信,通信设备,通信配套服务,15.46,15.64,15.63
sz300050,世纪鼎利,2016-11-16,15.82,15.82,15.2,15.28,15.82,13878847.0,214786163.0,7027649018.72,7623413040.48,126211946.79000002,102452377.35,2117617214.98,2427691725.06,310074510.08,31501000.93,8986.99,7874.37,3473.69,7369.46,8583.68,4245.25,434.25,1989.52,,,,Y,,,通信,通信设备,通信配套服务,15.7,15.66,15.65
sz300050,世纪鼎利,2016-11-17,15.3,15.44,15.02,15.24,15.28,10357082.0,157965659.0,7009252031.76,7603456461.84,126211946.79000002,102452377.35,2117617214.98,2427691725.06,310074510.08,31501000.93,5835.5,6450.72,5182.65,4755.82,3878.64,4054.89,899.76,535.11,,,,Y,,,通信,通信设备,通信配套服务,15.22,15.16,15.19
sz300050,世纪鼎利,2016-11-18,15.25,15.33,14.96,15.0,15.24,8032276.0,121428757.0,6898870110.0,7483716990.0,126211946.79000002,102452377.35,2117617214.98,2427691725.06,310074510.08,31501000.93,5100.53,4711.6,2017.96,4354.47,4672.88,2281.53,351.49,795.27,,,,Y,,,通信,通信设备,通信配套服务,15.17,15.16,15.17
sz300050,世纪鼎利,2016-11-21,15.05,15.23,14.95,15.23,15.0,8355494.0,126110838.0,7004652785.02,7598467317.18,126211946.79000002,102452377.35,2117617214.98,2427691725.06,310074510.08,31501000.93,5360.2,4581.68,3024.03,4074.34,3819.18,3194.46,407.65,760.59,,,,Y,,,通信,通信设备,通信配套服务,15.09,15.15,15.07
sz300050,世纪鼎利,2016-11-22,15.25,15.26,15.05,15.25,15.23,8799283.0,133213352.0,7013851278.5,7608445606.5,126211946.79000002,102452377.35,2117617214.98,2427691725.06,310074510.08,31501000.93,6108.67,5377.77,2448.15,3626.43,4456.43,3682.3,308.07,634.82,,,,Y,,,通信,通信设备,通信配套服务,15.25,15.18,15.18
sz300050,世纪鼎利,2016-11-23,15.29,15.45,15.08,15.13,15.25,11086800.0,169386685.0,6958660317.62,7548575870.58,126211946.79000002,102452377.35,2117617214.98,2427691725.06,310074510.08,31501000.93,6252.32,6760.13,5476.15,4963.9,4418.05,4750.64,792.14,463.98,,,,Y,,,通信,通信设备,通信配套服务,15.27,15.25,15.25
sz300050,世纪鼎利,2016-11-24,15.14,15.17,14.41,14.54,15.13,12914333.0,190904039.0,6687304759.96,7254216335.64,126211946.79000002,102452377.35,2117617214.98,2427691725.06,310074510.08,31501000.93,7610.03,7028.98,3276.33,6084.37,7706.21,3346.62,497.83,2630.42,,,,Y,,,通信,通信设备,通信配套服务,15.13,15.02,15.0
sz300050,世纪鼎利,2016-11-25,14.45,14.58,13.96,14.36,14.54,8827838.0,125719159.0,6604518318.64,7164411731.76,126211946.79000002,102452377.35,2117617214.98,2427691725.06,310074510.08,31501000.93,5075.27,5051.29,2558.35,3531.79,4442.47,2915.45,495.81,1073.38,,,,Y,,,通信,通信设备,通信配套服务,14.55,14.45,14.3
sz300050,世纪鼎利,2016-11-28,14.41,14.52,14.19,14.23,14.36,5722322.0,82091795.0,6544728111.02,7099552851.18,126211946.79000002,102452377.35,2117617214.98,2427691725.06,310074510.08,31501000.93,3134.05,3330.75,1879.03,2774.79,2827.32,1982.0,368.78,121.64,,,,Y,,,通信,通信设备,通信配套服务,14.39,14.31,14.25
sz300050,世纪鼎利,2016-11-29,14.3,14.42,13.91,13.99,14.23,7860100.0,111422672.0,6434346189.26,6979813379.34,126211946.79000002,102452377.35,2117617214.98,2427691725.06,310074510.08,31501000.93,4539.67,5178.14,2366.92,3538.28,4102.14,1989.3,133.54,436.55,,,,Y,,,通信,通信设备,通信配套服务,14.36,14.41,14.38
sz300050,世纪鼎利,2016-11-30,14.01,14.2,13.88,13.99,13.99,6758098.0,94786226.0,6434346189.26,6979813379.34,126211946.79000002,102452377.35,2117617214.98,2427691725.06,310074510.08,31501000.93,3858.91,5302.25,1630.13,1756.48,3512.01,2105.61,477.56,314.27,,,,Y,,,通信,通信设备,通信配套服务,13.99,13.95,14.11
sz300050,世纪鼎利,2016-12-01,14.03,14.22,13.95,14.08,13.99,8049630.0,113583523.0,6475739409.92,7024715681.28,126211946.79000002,102452377.35,2117617214.98,2427691725.06,310074510.08,31501000.93,3770.15,4633.54,4704.32,3306.03,2648.84,2856.69,235.03,562.08,,,,Y,,,通信,通信设备,通信配套服务,14.0,14.03,14.16
sz300050,世纪鼎利,2016-12-02,14.15,14.15,13.58,13.58,14.08,7370250.0,101943611.0,6245777072.92,6775258448.28,126211946.79000002,102452377.35,2117617214.98,2427691725.06,310074510.08,31501000.93,3881.85,4559.06,2586.94,3252.91,3450.56,1997.44,275.0,384.94,,,,Y,,,通信,通信设备,通信配套服务,14.09,14.12,14.11
sz300050,世纪鼎利,2016-12-05,13.39,13.69,13.33,13.51,13.58,6532480.0,88197011.0,6213582345.74,6740334435.66,126211946.79000002,102452377.35,2117617214.98,2427691725.06,310074510.08,31501000.93,2695.26,2790.13,3117.65,3445.56,2467.78,1665.4,539.01,918.6,,,,Y,,,通信,通信设备,通信配套服务,13.37,13.56,13.63
sz300050,世纪鼎利,2016-12-06,13.53,13.64,13.48,13.5,13.51,4629877.0,62763069.0,6208983099.0,6735345291.0,126211946.79000002,102452377.35,2117617214.98,2427691725.06,310074510.08,31501000.93,2064.6,2466.86,2475.1,2201.71,1736.6,1436.54,0.0,171.19,,,,Y,,,通信,通信设备,通信配套服务,13.58,13.57,13.56
sz300050,世纪鼎利,2016-12-07,13.55,13.91,13.47,13.91,13.5,6237848.0,85810402.0,6397552215.34,6939900222.06,126211946.79000002,102452377.35,2117617214.98,2427691725.06,310074510.08,31501000.93,3142.65,3646.97,3921.73,2042.46,1334.81,2891.61,181.84,0.0,,,,Y,,,通信,通信设备,通信配套服务,13.55,13.65,13.6
sz300050,世纪鼎利,2016-12-08,13.92,14.05,13.72,13.93,13.91,6014761.0,83362591.0,6406750708.82,6949878511.38,126211946.79000002,102452377.35,2117617214.98,2427691725.06,310074510.08,31501000.93,3411.14,2623.58,3185.3,2678.2,1653.51,2705.33,78.84,321.68,,,,Y,,,通信,通信设备,通信配套服务,13.91,13.9,13.94
sz300050,世纪鼎利,2016-12-09,13.82,14.02,13.79,14.0,13.93,5263857.0,73123756.0,6438945436.0,6984802524.0,126211946.79000002,102452377.35,2117617214.98,2427691725.06,310074510.08,31501000.93,3132.83,3119.59,1901.05,1584.87,1580.67,1902.16,697.82,705.75,,,,Y,,,通信,通信设备,通信配套服务,13.88,13.85,13.82
sz300050,世纪鼎利,2016-12-12,13.94,13.94,12.6,12.6,14.0,10488183.0,137158856.0,5795050892.4,6286322271.6,126211946.79000002,102452377.35,2117617214.98,2427691725.06,310074510.08,31501000.93,5187.56,4688.85,2619.95,6199.87,5531.71,2112.61,376.65,714.53,,,,Y,,,通信,通信设备,通信配套服务,13.85,13.86,13.68
sz300050,世纪鼎利,2016-12-13,12.6,12.85,12.36,12.74,12.6,6637814.0,83744238.0,5859440346.76,6356170296.84,126211946.79000002,102452377.35,2117617214.98,2427691725.06,310074510.08,31501000.93,2774.21,2498.66,3242.14,2294.85,1862.59,2352.98,495.48,1227.93,,,,Y,,,通信,通信设备,通信配套服务,12.55,12.47,12.46
sz300050,世纪鼎利,2016-12-14,12.7,12.92,12.6,12.62,12.74,4035842.0,51551301.0,5804249385.88,6296300560.92,126211946.79000002,102452377.35,2117617214.98,2427691725.06,310074510.08,31501000.93,1771.83,1946.8,1680.8,1665.48,1445.19,1542.85,257.31,0.0,,,,Y,,,通信,通信设备,通信配套服务,12.67,12.7,12.81
sz300050,世纪鼎利,2016-12-15,12.58,12.9,12.45,12.65,12.62,4403594.0,56038773.0,5818047126.1,6311267994.9,126211946.79000002,102452377.35,2117617214.98,2427691725.06,310074510.08,31501000.93,1770.29,1636.08,1996.23,2580.05,1753.46,1387.73,83.89,0.0,,,,Y,,,通信,通信设备,通信配套服务,12.67,12.72,12.74
sz300050,世纪鼎利,2016-12-16,12.65,12.83,12.62,12.8,12.65,3430767.0,43755656.0,5887035827.2,6386105164.8,126211946.79000002,102452377.35,2117617214.98,2427691725.06,310074510.08,31501000.93,1658.55,1604.3,842.43,1626.4,1738.53,1144.86,136.06,0.0,,,,Y,,,通信,通信设备,通信配套服务,12.69,12.7,12.78
sz300050,世纪鼎利,2016-12-19,12.8,12.84,12.51,12.63,12.8,2655100.0,33563686.0,5808848632.62,6301289705.58,126211946.79000002,102452377.35,2117617214.98,2427691725.06,310074510.08,31501000.93,1337.67,1342.51,586.5,1043.43,1432.19,970.43,0.0,0.0,,,,Y,,,通信,通信设备,通信配套服务,12.75,12.66,12.7
sz300050,世纪鼎利,2016-12-20,12.69,12.73,12.55,12.62,12.63,3354350.0,42322461.0,5804249385.88,6296300560.92,126211946.79000002,102452377.35,2117617214.98,2427691725.06,310074510.08,31501000.93,1458.97,1121.63,951.52,1953.24,1821.76,781.08,0.0,376.29,,,,Y,,,通信,通信设备,通信配套服务,12.72,12.67,12.62
sz300050,世纪鼎利,2016-12-21,12.65,12.77,12.6,12.67,12.62,3544932.0,44928579.0,5827245619.58,6321246284.22,126211946.79000002,102452377.35,2117617214.98,2427691725.06,310074510.08,31501000.93,1848.1,1994.99,861.03,1407.24,1783.73,1090.62,0.0,0.0,,,,Y,,,通信,通信设备,通信配套服务,12.66,12.7,12.7
sz300050,世纪鼎利,2016-12-22,12.67,12.72,12.52,12.71,12.67,3573887.0,45124625.0,5845642606.54,6341202862.86,126211946.79000002,102452377.35,2117617214.98,2427691725.06,310074510.08,31501000.93,1633.18,2017.74,1353.9,1137.41,1525.38,1357.31,0.0,0.0,,,,Y,,,通信,通信设备,通信配套服务,12.66,12.65,12.63
sz300050,世纪鼎利,2016-12-23,12.7,12.83,12.48,12.77,12.71,4498594.0,56881335.0,5873238086.98,6371137730.82,126211946.79000002,102452377.35,2117617214.98,2427691725.06,310074510.08,31501000.93,2454.24,2138.64,1636.95,1622.2,1596.94,1927.29,0.0,0.0,,,,Y,,,通信,通信设备,通信配套服务,12.72,12.7,12.68
sz300050,世纪鼎利,2016-12-26,12.69,12.92,12.47,12.87,12.77,6162436.0,78334862.0,5919230554.38,6421029177.42,126211946.79000002,102452377.35,2117617214.98,2427691725.06,310074510.08,31501000.93,3000.56,2219.64,1862.29,2277.99,2399.37,2347.05,571.27,988.8,,,,Y,,,通信,通信设备,通信配套服务,12.68,12.59,12.56
sz300050,世纪鼎利,2016-12-27,12.82,12.93,12.74,12.84,12.87,3425722.0,43907562.0,5905432814.16,6406061743.44,126211946.79000002,102452377.35,2117617214.98,2427691725.06,310074510.08,31501000.93,1607.55,1993.19,1031.16,1083.38,1495.0,1314.19,257.04,0.0,,,,Y,,,通信,通信设备,通信配套服务,12.84,12.85,12.81
sz300050,世纪鼎利,2016-12-28,12.87,12.9,12.65,12.8,12.84,2508781.0,32019741.0,5887035827.2,6386105164.8,126211946.79000002,102452377.35,2117617214.98,2427691725.06,310074510.08,31501000.93,848.71,1349.76,960.78,592.56,1148.25,1021.09,244.23,238.56,,,,Y,,,通信,通信设备,通信配套服务,12.86,12.84,12.81
sz300050,世纪鼎利,2016-12-29,12.73,13.17,12.7,13.06,12.8,6095587.0,78918596.0,6006616242.44,6515822925.96,126211946.79000002,102452377.35,2117617214.98,2427691725.06,310074510.08,31501000.93,2103.86,2593.33,2940.58,2363.62,1764.66,2934.9,1082.74,0.0,,,,Y,,,通信,通信设备,通信配套服务,12.74,12.76,12.8
sz300050,世纪鼎利,2016-12-30,13.01,13.22,12.92,13.11,13.06,4146235.0,54296158.0,6029612476.14,6540768649.26,126211946.79000002,102452377.35,2117617214.98,2427691725.06,310074510.08,31501000.93,1593.61,1857.21,2415.56,1789.33,1331.95,1672.62,88.49,110.44,,,,Y,,,通信,通信设备,通信配套服务,13.1,13.1,13.07
sz300050,世纪鼎利,2017-01-03,13.17,13.17,13.02,13.08,13.11,2876580.0,37626780.0,6015814735.92,6525801215.28,126211946.79000002,102452377.35,2117617214.98,2427691725.06,310074510.08,31501000.93,1754.12,1528.99,556.11,885.82,1452.44,1037.6,0.0,310.25,,,,Y,,,通信,通信设备,通信配套服务,13.07,13.13,13.13
sz300050,世纪鼎利,2017-01-04,13.1,13.19,12.95,13.16,13.08,3814349.0,49868174.0,6052608709.84,6565714372.56,126211946.79000002,102452377.35,2117617214.98,2427691725.06,310074510.08,31501000.93,1597.3,1772.06,717.44,1408.45,2348.86,1806.3,323.21,0.0,,,,Y,,,通信,通信设备,通信配套服务,13.09,13.06,13.02
sz300050,世纪鼎利,2017-01-05,13.15,13.15,13.02,13.03,13.16,2554325.0,33392552.0,5992818502.22,6500855491.98,126211946.79000002,102452377.35,2117617214.98,2427691725.06,310074510.08,31501000.93,1267.19,1521.64,606.51,488.62,1451.94,940.22,13.6,388.76,,,,Y,,,通信,通信设备,通信配套服务,13.09,13.11,13.1
sz300050,世纪鼎利,2017-01-06,13.05,13.09,12.63,12.64,13.03,5178259.0,66237525.0,5813447879.36,6306278850.24,126211946.79000002,102452377.35,2117617214.98,2427691725.06,310074510.08,31501000.93,2055.98,2252.62,1184.23,2511.72,3074.35,1300.32,313.7,563.61,,,,Y,,,通信,通信设备,通信配套服务,13.05,13.05,13.0
sz300050,世纪鼎利,2017-01-09,12.64,12.81,12.57,12.68,12.64,2904124.0,36821400.0,5831844866.32,6326235428.88,126211946.79000002,102452377.35,2117617214.98,2427691725.06,310074510.08,31501000.93,1081.15,1363.96,697.5,1222.66,1776.99,929.53,126.5,165.99,,,,Y,,,通信,通信设备,通信配套服务,12.66,12.66,12.64
sz300050,世纪鼎利,2017-01-10,12.73,12.79,12.5,12.6,12.68,2689944.0,34054792.0,5795050892.4,6286322271.6,126211946.79000002,102452377.35,2117617214.98,2427691725.06,310074510.08,31501000.93,1005.46,1080.86,477.82,1125.38,1730.83,1064.61,191.36,134.62,,,,Y,,,通信,通信设备,通信配套服务,12.69,12.68,12.67
sz300050,世纪鼎利,2017-01-11,12.52,12.72,12.42,12.49,12.6,3177417.0,39861454.0,5744459178.26,6231441680.34,126211946.79000002,102452377.35,2117617214.98,2427691725.06,310074510.08,31501000.93,1458.53,1602.79,713.34,866.18,1559.27,1073.96,255.01,443.21,,,,Y,,,通信,通信设备,通信配套服务,12.58,12.57,12.59
sz300050,世纪鼎利,2017-01-12,12.5,12.55,12.14,12.15,12.49,3481955.0,43015981.0,5588084789.1,6061810761.9,126211946.79000002,102452377.35,2117617214.98,2427691725.06,310074510.08,31501000.93,1581.61,1620.38,625.58,1431.56,2094.41,816.87,0.0,432.79,,,,Y,,,通信,通信设备,通信配套服务,12.53,12.54,12.51
sz300050,世纪鼎利,2017-01-13,12.24,12.24,11.71,11.76,12.15,3264853.0,39142388.0,5408714166.24,5867234120.16,126211946.79000002,102452377.35,2117617214.98,2427691725.06,310074510.08,31501000.93,1253.75,1573.42,844.69,1306.58,1815.79,1034.24,0.0,0.0,,,,Y,,,通信,通信设备,通信配套服务,12.15,12.18,12.16
sz300050,世纪鼎利,2017-01-16,11.76,11.76,10.7,11.25,11.76,5454115.0,62064814.0,5174152582.5,5612787742.5,126211946.79000002,102452377.35,2117617214.98,2427691725.06,310074510.08,31501000.93,1986.18,2447.43,2087.39,1978.24,1863.41,1627.08,269.5,153.72,,,,Y,,,通信,通信设备,通信配套服务,11.69,11.49,11.65
sz300050,世纪鼎利,2017-01-17,11.22,11.7,10.85,11.59,11.25,4905721.0,55653552.0,5330526971.66,5782418660.94,126211946.79000002,102452377.35,2117617214.98,2427691725.06,310074510.08,31501000.93,1480.8,2127.18,1667.13,1465.65,1923.85,1969.41,490.47,0.0,,,,Y,,,通信,通信设备,通信配套服务,11.18,11.33,11.22
sz300050,世纪鼎利,2017-01-18,11.5,11.6,11.34,11.36,11.59,4402529.0,50487259.0,5224744296.64,5667668333.76,126211946.79000002,102452377.35,2117617214.98,2427691725.06,310074510.08,31501000.93,1405.26,1282.44,530.66,1607.36,1781.82,1362.33,1330.98,796.6,,,,Y,,,通信,通信设备,通信配套服务,11.44,11.47,11.42
sz300050,世纪鼎利,2017-01-19,11.33,11.49,11.18,11.4,11.36,2429594.0,27624309.0,5243141283.6,5687624912.4,126211946.79000002,102452377.35,2117617214.98,2427691725.06,310074510.08,31501000.93,70.67,145.75,65.58,25.28,204.95,170.17,0.0,0.0,,,,Y,,,通信,通信设备,通信配套服务,11.31,11.25,11.23
sz300050,世纪鼎利,2017-01-20,11.33,11.83,11.33,11.73,11.4,4621253.0,53931209.0,5394916426.02,5852266686.18,126211946.79000002,102452377.35,2117617214.98,2427691725.06,310074510.08,31501000.93,1562.07,1438.84,2012.69,1756.12,1117.57,1719.55,700.79,478.6,,,,Y,,,通信,通信设备,通信配套服务,11.42,11.43,11.51
sz300050,世纪鼎利,2017-01-23,11.73,11.91,11.69,11.83,11.73,3025599.0,35778702.0,5440908893.42,5902158132.78,126211946.79000002,102452377.35,2117617214.98,2427691725.06,310074510.08,31501000.93,1566.01,1677.44,579.45,463.45,1233.68,1330.68,198.73,106.29,,,,Y,,,通信,通信设备,通信配套服务,11.75,11.8,11.75
sz300050,世纪鼎利,2017-01-24,11.82,11.84,11.59,11.64,11.83,2759467.0,32274839.0,5353523205.36,5807364384.24,126211946.79000002,102452377.35,2117617214.98,2427691725.06,310074510.08,31501000.93,857.87,749.51,601.27,1027.66,1172.8,973.07,118.29,0.0,,,,Y,,,通信,通信设备,通信配套服务,11.82,11.78,11.81
sz300050,世纪鼎利,2017-01-25,11.55,11.73,11.41,11.49,11.64,3986148.0,46114655.0,5284534504.26,5732527214.34,126211946.79000002,102452377.35,2117617214.98,2427691725.06,310074510.08,31501000.93,1727.01,1868.08,747.0,1730.19,1719.44,704.86,109.68,0.0,,,,Y,,,通信,通信设备,通信配套服务,11.64,11.59,11.67
sz300050,世纪鼎利,2017-01-26,11.55,11.68,11.51,11.64,11.49,2050281.0,23841452.0,5353523205.36,5807364384.24,126211946.79000002,102452377.35,2117617214.98,2427691725.06,310074510.08,31501000.93,963.87,931.66,217.41,538.23,1165.71,798.18,37.15,116.07,,,,Y,,,通信,通信设备,通信配套服务,11.54,11.63,11.64
sz300050,世纪鼎利,2017-02-03,11.63,11.74,11.52,11.73,11.64,3707592.0,43188212.0,5394916426.02,5852266686.18,126211946.79000002,102452377.35,2117617214.98,2427691725.06,310074510.08,31501000.93,2261.9,2339.2,729.02,534.29,1327.88,1445.31,0.0,0.0,,,,Y,,,通信,通信设备,通信配套服务,11.6,11.54,11.6
sz300050,世纪鼎利,2017-02-06,11.71,11.94,11.71,11.91,11.73,3587512.0,42419943.0,5477702867.34,5942071290.06,126211946.79000002,102452377.35,2117617214.98,2427691725.06,310074510.08,31501000.93,2063.32,1572.24,465.74,855.65,1680.67,1814.08,32.24,0.0,,,,Y,,,通信,通信设备,通信配套服务,11.78,11.79,11.8
sz300050,世纪鼎利,2017-02-07,11.88,11.93,11.69,11.8,11.91,3664910.0,43315498.0,5427111153.2,5887190698.8,126211946.79000002,102452377.35,2117617214.98,2427691725.06,310074510.08,31501000.93,2246.36,2003.22,497.58,1078.2,1587.6,1131.52,0.0,118.6,,,,Y,,,通信,通信设备,通信配套服务,11.85,11.88,11.85
sz300050,世纪鼎利,2017-02-08,11.75,11.98,11.62,11.95,11.8,4275680.0,50415005.0,5496099854.3,5962027868.7,126211946.79000002,102452377.35,2117617214.98,2427691725.06,310074510.08,31501000.93,2266.74,1762.58,939.99,1734.93,1400.01,1402.73,434.74,141.25,,,,Y,,,通信,通信设备,通信配套服务,11.76,11.71,11.75
sz300050,世纪鼎利,2017-02-09,11.95,12.1,11.88,12.05,11.95,3195013.0,38345308.0,5542092321.7,6011919315.3,126211946.79000002,102452377.35,2117617214.98,2427691725.06,310074510.08,31501000.93,2014.6,1537.28,808.77,960.16,1011.14,1310.16,0.0,26.92,,,,Y,,,通信,通信设备,通信配套服务,11.92,11.94,12.01
sz300050,世纪鼎利,2017-02-10,12.02,12.07,11.75,11.81,12.05,4262674.0,50637630.0,5431710399.94,5892179843.46,126211946.79000002,102452377.35,2117617214.98,2427691725.06,310074510.08,31501000.93,1692.02,2018.5,1146.76,1664.6,2206.91,1256.19,18.07,124.46,,,,Y,,,通信,通信设备,通信配套服务,12.03,12.0,11.97
sz300050,世纪鼎利,2017-02-13,11.81,11.92,11.73,11.88,11.81,3113207.0,36875856.0,5463905127.12,5927103856.08,126211946.79000002,102452377.35,2117617214.98,2427691725.06,310074510.08,31501000.93,1331.31,1444.73,1104.86,1349.49,1214.86,893.36,36.56,0.0,,,,Y,,,通信,通信设备,通信配套服务,11.77,11.74,11.82
sz300050,世纪鼎利,2017-02-14,11.89,11.89,11.73,11.76,11.88,2726625.0,32134973.0,5408714166.24,5867234120.16,126211946.79000002,102452377.35,2117617214.98,2427691725.06,310074510.08,31501000.93,1125.31,1304.33,775.54,1222.57,1308.43,686.6,4.22,0.0,,,,Y,,,通信,通信设备,通信配套服务,11.88,11.86,11.84
sz300050,世纪鼎利,2017-02-15,11.76,11.8,11.47,11.5,11.76,4049028.0,47149101.0,5289133751.0,5737516359.0,126211946.79000002,102452377.35,2117617214.98,2427691725.06,310074510.08,31501000.93,1727.11,2794.27,609.05,1196.72,2098.67,723.92,280.08,0.0,,,,Y,,,通信,通信设备,通信配套服务,11.76,11.78,11.8
sz300050,世纪鼎利,2017-02-16,11.47,11.61,11.35,11.42,11.5,6461385.0,74139222.0,5252339777.08,5697603201.72,126211946.79000002,102452377.35,2117617214.98,2427691725.06,310074510.08,31501000.93,2611.08,2825.77,1555.89,3055.19,2994.72,1023.78,252.23,509.18,,,,Y,,,通信,通信设备,通信配套服务,11.51,11.5,11.52
sz300050,世纪鼎利,2017-02-17,11.43,11.61,11.38,11.53,11.42,6176648.0,70945077.0,5302931491.22,5752483792.98,126211946.79000002,102452377.35,2117617214.98,2427691725.06,310074510.08,31501000.93,2117.47,2873.39,1795.52,1186.35,2049.36,1915.93,1132.16,1118.84,,,,Y,,,通信,通信设备,通信配套服务,11.43,11.48,11.53
sz300050,世纪鼎利,2017-02-20,11.53,11.67,11.45,11.65,11.53,4425537.0,51228719.0,5358122452.1,5812353528.9,126211946.79000002,102452377.35,2117617214.98,2427691725.06,310074510.08,31501000.93,1835.98,1834.44,1682.07,1478.22,1604.82,1495.65,0.0,314.56,,,,Y,,,通信,通信设备,通信配套服务,11.58,11.53,11.52
sz300050,世纪鼎利,2017-02-21,11.65,11.95,11.62,11.88,11.65,4368022.0,51717789.0,5463905127.12,5927103856.08,126211946.79000002,102452377.35,2117617214.98,2427691725.06,310074510.08,31501000.93,2051.43,1803.01,1150.95,720.36,1467.02,2149.84,180.36,176.55,,,,Y,,,通信,通信设备,通信配套服务,11.64,11.64,11.65
sz300050,世纪鼎利,2017-02-22,11.88,12.05,11.78,11.88,11.88,3960465.0,47103742.0,5463905127.12,5927103856.08,126211946.79000002,102452377.35,2117617214.98,2427691725.06,310074510.08,31501000.93,1972.86,1790.1,610.09,710.73,1454.01,1574.33,113.32,75.11,,,,Y,,,通信,通信设备,通信配套服务,11.93,12.02,11.99
sz300050,世纪鼎利,2017-02-23,11.86,11.91,11.69,11.91,11.88,3914907.0,46188646.0,5477702867.34,5942071290.06,126211946.79000002,102452377.35,2117617214.98,2427691725.06,310074510.08,31501000.93,1675.55,1913.69,1068.78,1226.28,1756.76,1478.86,117.75,0.0,,,,Y,,,通信,通信设备,通信配套服务,11.82,11.79,11.78
sz300050,世纪鼎利,2017-02-24,11.85,12.03,11.77,12.03,11.91,4324087.0,51620485.0,5532893828.22,6001941025.98,126211946.79000002,102452377.35,2117617214.98,2427691725.06,310074510.08,31501000.93,2030.64,1863.42,1004.49,1133.19,1633.29,2028.93,493.59,136.48,,,,Y,,,通信,通信设备,通信配套服务,11.84,11.89,11.84
sz300050,世纪鼎利,2017-02-27,12.09,12.24,11.96,11.97,12.03,4907522.0,59255834.0,5505298347.78,5972006158.02,126211946.79000002,102452377.35,2117617214.98,2427691725.06,310074510.08,31501000.93,2687.34,2152.63,1129.57,1600.65,2108.65,2050.63,0.0,121.66,,,,Y,,,通信,通信设备,通信配套服务,12.03,12.04,12.04
sz300050,世纪鼎利,2017-02-28,11.9,12.01,11.79,11.92,11.97,3736193.0,44409531.0,5482302114.08,5947060434.72,126211946.79000002,102452377.35,2117617214.98,2427691725.06,310074510.08,31501000.93,1910.84,1943.98,557.19,1135.51,1933.66,938.75,39.25,422.7,,,,Y,,,通信,通信设备,通信配套服务,11.93,11.95,11.92
sz300050,世纪鼎利,2017-03-01,11.92,12.08,11.88,11.91,11.92,4882014.0,58477210.0,5477702867.34,5942071290.06,126211946.79000002,102452377.35,2117617214.98,2427691725.06,310074510.08,31501000.93,2399.75,2583.66,370.93,953.64,3041.6,2191.33,35.4,119.05,,,,Y,,,通信,通信设备,通信配套服务,11.94,11.94,11.93
sz300050,世纪鼎利,2017-03-02,11.94,12.06,11.86,11.87,11.91,3474507.0,41484824.0,5459305880.38,5922114711.42,126211946.79000002,102452377.35,2117617214.98,2427691725.06,310074510.08,31501000.93,1952.13,1808.0,460.28,731.42,1627.03,1489.93,109.05,119.13,,,,Y,,,通信,通信设备,通信配套服务,11.95,12.03,12.01
sz300050,世纪鼎利,2017-03-03,11.91,11.99,11.72,11.95,11.87,3407539.0,40451198.0,5496099854.3,5962027868.7,126211946.79000002,102452377.35,2117617214.98,2427691725.06,310074510.08,31501000.93,1755.89,1805.9,665.76,729.57,1623.46,1509.64,0.0,0.0,,,,Y,,,通信,通信设备,通信配套服务,11.92,11.83,11.8
sz300050,世纪鼎利,2017-03-06,11.83,12.22,11.83,12.22,11.95,5037161.0,61070668.0,5620279516.28,6096734774.52,126211946.79000002,102452377.35,2117617214.98,2427691725.06,310074510.08,31501000.93,2385.56,2275.66,1535.29,1188.96,2084.05,2539.18,102.16,103.25,,,,Y,,,通信,通信设备,通信配套服务,11.98,12.07,12.07
sz300050,世纪鼎利,2017-03-07,12.44,12.78,12.39,12.46,12.22,12371189.0,155524624.0,5730661438.04,6216474246.36,119938184.11,240245689.5,2153988402.29,2479788665.84,325800263.55,34900624.06,5971.0,5463.84,3834.28,4712.89,5603.39,4618.67,143.76,757.04,,,,Y,,,通信,通信设备,通信配套服务,12.58,12.6,12.69
sz300050,世纪鼎利,2017-03-08,12.49,12.6,12.34,12.41,12.46,6213559.0,77323479.0,5707665204.34,6191528523.06,119938184.11,240245689.5,2153988402.29,2479788665.84,325800263.55,34900624.06,2833.54,2943.68,1487.63,1509.97,3411.14,3130.74,0.0,147.92,,,,Y,,,通信,通信设备,通信配套服务,12.59,12.46,12.45
sz300050,世纪鼎利,2017-03-09,12.45,12.9,12.31,12.68,12.41,8914390.0,112347486.0,5831844866.32,6326235428.88,119938184.11,240245689.5,2153988402.29,2479788665.84,325800263.55,34900624.06,4439.5,4354.1,3106.84,2709.28,3449.01,4062.63,239.39,108.73,,,,Y,,,通信,通信设备,通信配套服务,12.39,12.41,12.38
sz300050,世纪鼎利,2017-03-10,12.66,12.67,12.45,12.5,12.68,5002041.0,62769149.0,5749058425.0,6236430825.0,119938184.11,240245689.5,2153988402.29,2479788665.84,325800263.55,34900624.06,2398.27,2560.15,930.54,1216.99,2847.7,2262.66,100.39,237.11,,,,Y,,,通信,通信设备,通信配套服务,12.6,12.58,12.55
sz300050,世纪鼎利,2017-03-13,12.56,12.57,12.38,12.47,12.5,5237338.0,65275332.0,5735260684.78,6221463391.02,119938184.11,240245689.5,2153988402.29,2479788665.84,325800263.55,34900624.06,2458.43,2787.76,1502.59,1580.87,2566.51,2034.54,0.0,124.35,,,,Y,,,通信,通信设备,通信配套服务,12.48,12.43,12.4
sz300050,世纪鼎利,2017-03-14,12.5,12.65,12.34,12.37,12.47,4861400.0,60716579.0,5689268217.38,6171571944.42,119938184.11,240245689.5,2153988402.29,2479788665.84,325800263.55,34900624.06,2184.26,2369.69,1417.71,1339.85,2322.62,1879.43,147.05,482.66,,,,Y,,,通信,通信设备,通信配套服务,12.62,12.56,12.55
sz300050,世纪鼎利,2017-03-15,12.43,12.72,12.32,12.72,12.37,7844156.0,98496238.0,5850241853.28,6346192007.52,119938184.11,240245689.5,2153988402.29,2479788665.84,325800263.55,34900624.06,3786.63,3649.23,3201.52,2069.53,2535.31,3769.06,326.15,361.79,,,,Y,,,通信,通信设备,通信配套服务,12.38,12.37,12.41
sz300050,世纪鼎利,2017-03-16,12.66,12.76,12.61,12.7,12.72,6546972.0,83066603.0,5841043359.8,6336213718.2,119938184.11,240245689.5,2153988402.29,2479788665.84,325800263.55,34900624.06,3262.35,3446.15,1897.97,2170.66,3146.31,2568.62,0.0,121.2,,,,Y,,,通信,通信设备,通信配套服务,12.72,12.68,12.64
sz300050,世纪鼎利,2017-03-17,12.69,12.74,12.52,12.57,12.7,6554222.0,82932725.0,5781253152.18,6271354837.62,119938184.11,240245689.5,2153988402.29,2479788665.84,325800263.55,34900624.06,3165.42,4181.78,2135.36,2112.87,2992.47,1998.6,0.0,0.0,,,,Y,,,通信,通信设备,通信配套服务,12.69,12.69,12.69
sz300050,世纪鼎利,2017-03-20,12.52,12.56,12.32,12.45,12.57,4782407.0,59429880.0,5726062191.3,6211485101.7,119938184.11,240245689.5,2153988402.29,2479788665.84,325800263.55,34900624.06,2573.28,2276.16,1026.37,1825.47,2343.45,1444.5,0.0,396.98,,,,Y,,,通信,通信设备,通信配套服务,12.55,12.47,12.43
sz300050,世纪鼎利,2017-03-21,12.46,12.51,12.34,12.51,12.45,4294615.0,53441645.0,5753657671.74,6241419969.66,119938184.11,240245689.5,2153988402.29,2479788665.84,325800263.55,34900624.06,2144.74,2117.87,1086.99,1316.55,1739.41,1625.11,373.01,284.61,,,,Y,,,通信,通信设备,通信配套服务,12.43,12.44,12.46
sz300050,世纪鼎利,2017-03-22,12.41,12.51,12.21,12.24,12.51,5892370.0,72579586.0,5629478009.76,6106713063.84,119938184.11,240245689.5,2153988402.29,2479788665.84,325800263.55,34900624.06,3250.83,2772.75,1385.3,2091.46,2543.41,1567.93,78.41,825.81,,,,Y,,,通信,通信设备,通信配套服务,12.42,12.44,12.46
sz300050,世纪鼎利,2017-03-23,12.26,12.37,12.02,12.12,12.24,6830336.0,83192441.0,5574287048.88,6046843327.92,119938184.11,240245689.5,2153988402.29,2479788665.84,325800263.55,34900624.06,3292.11,3751.22,2055.17,2430.41,2961.3,1777.36,10.61,360.21,,,,Y,,,通信,通信设备,通信配套服务,12.33,12.29,12.25
sz300050,世纪鼎利,2017-03-24,12.1,12.12,11.91,12.06,12.12,4903645.0,58875015.0,5546691568.44,6016908459.96,119938184.11,240245689.5,2153988402.29,2479788665.84,325800263.55,34900624.06,2445.71,2372.65,885.84,1613.12,2555.94,1782.35,0.0,119.36,,,,Y,,,通信,通信设备,通信配套服务,12.07,12.09,12.05
sz300050,世纪鼎利,2017-03-27,12.01,12.05,11.65,11.7,12.06,8507438.0,100320874.0,5381118685.8,5837299252.2,119938184.11,240245689.5,2153988402.29,2479788665.84,325800263.55,34900624.06,3790.28,4001.86,1930.42,2494.27,4188.06,2456.53,123.24,1079.35,,,,Y,,,通信,通信设备,通信配套服务,12.0,11.92,11.92
sz300050,世纪鼎利,2017-03-28,11.67,11.83,11.62,11.7,11.7,3626105.0,42501229.0,5381118685.8,5837299252.2,119938184.11,240245689.5,2153988402.29,2479788665.84,325800263.55,34900624.06,1179.16,1890.29,942.26,1112.37,2055.51,1135.59,73.18,111.86,,,,Y,,,通信,通信设备,通信配套服务,11.7,11.75,11.76
sz300050,世纪鼎利,2017-03-29,11.65,11.74,11.43,11.45,11.7,5517678.0,63646574.0,5266137517.3,5712570635.7,119938184.11,240245689.5,2153988402.29,2479788665.84,325800263.55,34900624.06,2354.71,1771.93,1665.06,2367.76,1989.22,1867.47,344.7,346.53,,,,Y,,,通信,通信设备,通信配套服务,11.71,11.69,11.65
sz300050,世纪鼎利,2017-03-30,11.48,11.48,11.17,11.19,11.45,5963197.0,67039507.0,5178347948.01,5582852874.54,119938184.11,240245689.5,2153988402.29,2479788665.84,325800263.55,34900624.06,2104.7,2430.4,2435.33,1800.78,2063.81,2034.23,100.05,438.49,,,,Y,,,通信,通信设备,通信配套服务,11.42,11.32,11.3
sz300050,世纪鼎利,2017-03-31,11.22,11.27,10.91,11.06,11.19,6086860.0,67634048.0,5118188409.74,5517993993.96,119938184.11,240245689.5,2153988402.29,2479788665.84,325800263.55,34900624.06,2630.51,2293.64,1379.48,2073.02,2509.44,1650.14,243.93,746.56,,,,Y,,,通信,通信设备,通信配套服务,11.21,11.2,11.25
sz300050,世纪鼎利,2017-04-05,11.08,11.37,11.05,11.29,11.06,5629653.0,63146233.0,5224624515.91,5632744321.14,119938184.11,240245689.5,2153988402.29,2479788665.84,325800263.55,34900624.06,2383.51,2490.31,1589.25,1041.79,2227.56,2782.45,114.23,0.0,,,,Y,,,通信,通信设备,通信配套服务,11.07,11.09,11.08
sz300050,世纪鼎利,2017-04-06,11.32,11.47,11.21,11.38,11.29,5868745.0,66538800.0,5266273427.02,5677646623.08,119938184.11,240245689.5,2153988402.29,2479788665.84,325800263.55,34900624.06,2633.06,2582.66,1034.92,1598.58,2332.81,2472.58,653.02,0.0,,,,Y,,,通信,通信设备,通信配套服务,11.26,11.29,11.28
sz300050,世纪鼎利,2017-04-07,11.31,11.36,11.23,11.3,11.38,4902201.0,55362504.0,5229252172.7,5637733465.8,119938184.11,240245689.5,2153988402.29,2479788665.84,325800263.55,34900624.06,1929.37,2357.35,1512.06,1644.79,1872.57,1410.22,222.22,123.87,,,,Y,,,通信,通信设备,通信配套服务,11.32,11.33,11.31
sz300050,世纪鼎利,2017-04-10,11.29,11.3,11.05,11.14,11.3,4879059.0,54592064.0,5155209664.06,5557907151.24,119938184.11,240245689.5,2153988402.29,2479788665.84,325800263.55,34900624.06,1883.9,1798.84,1574.64,2034.14,2000.65,1437.75,0.0,188.45,,,,Y,,,通信,通信设备,通信配套服务,11.24,11.21,11.18
sz300050,世纪鼎利,2017-04-11,11.09,11.43,11.05,11.39,11.14,4461854.0,49978820.0,5270901083.81,5682635767.74,119938184.11,240245689.5,2153988402.29,2479788665.84,325800263.55,34900624.06,1769.25,2176.18,1730.58,1166.85,1498.03,1654.82,0.0,0.0,,,,Y,,,通信,通信设备,通信配套服务,11.07,11.12,11.13
sz300050,世纪鼎利,2017-04-12,11.5,11.62,11.37,11.37,11.39,6048078.0,69546486.0,5261645770.23,5672657478.42,119938184.11,240245689.5,2153988402.29,2479788665.84,325800263.55,34900624.06,2575.76,2602.51,2000.33,2028.68,2123.21,2198.82,255.33,124.62,,,,Y,,,通信,通信设备,通信配套服务,11.46,11.46,11.46
sz300050,世纪鼎利,2017-04-13,11.45,11.45,11.23,11.25,11.32,4397880.0,49860097.0,5206113888.75,5612787742.5,119938184.11,240245689.5,2153988402.29,2479788665.84,325800263.55,34900624.06,1917.55,1647.12,830.9,1658.47,1662.36,1133.88,575.18,546.52,,,,Y,,,通信,通信设备,通信配套服务,11.4,11.36,11.35
sz300050,世纪鼎利,2017-04-14,11.2,11.25,11.04,11.06,11.25,3473231.0,38579193.0,5118188409.74,5517993993.96,119938184.11,240245689.5,2153988402.29,2479788665.84,325800263.55,34900624.06,1342.17,1463.16,607.48,1276.25,1908.36,1118.61,0.0,0.0,,,,Y,,,通信,通信设备,通信配套服务,11.19,11.13,11.14
sz300050,世纪鼎利,2017-04-17,11.13,11.16,11.0,11.07,11.06,2644540.0,29338825.0,5122816066.53,5522983138.62,119938184.11,240245689.5,2153988402.29,2479788665.84,325800263.55,34900624.06,1116.69,1236.19,707.47,632.09,1109.72,1065.59,0.0,0.0,,,,Y,,,通信,通信设备,通信配套服务,11.08,11.05,11.08
sz300050,世纪鼎利,2017-04-18,11.1,11.15,10.82,10.85,11.07,3410772.0,37510224.0,5021007617.15,5413221956.1,119938184.11,240245689.5,2153988402.29,2479788665.84,325800263.55,34900624.06,1188.32,1551.03,853.45,966.96,1488.05,1032.84,221.2,200.19,,,,Y,,,通信,通信设备,通信配套服务,11.12,11.09,11.09
sz300050,世纪鼎利,2017-04-19,10.83,10.83,10.46,10.57,10.85,4105423.0,43504893.0,4891433227.03,5273525905.62,119938184.11,240245689.5,2153988402.29,2479788665.84,325800263.55,34900624.06,1708.28,2031.91,596.49,1013.01,1656.56,1145.39,389.15,160.18,,,,Y,,,通信,通信设备,通信配套服务,10.78,10.71,10.65
sz300050,世纪鼎利,2017-04-20,10.57,10.62,10.23,10.31,10.57,4202110.0,43600914.0,4771114150.49,5143808144.46,119938184.11,240245689.5,2153988402.29,2479788665.84,325800263.55,34900624.06,1803.92,1614.46,622.2,1029.28,1727.56,1477.92,206.4,238.42,,,,Y,,,通信,通信设备,通信配套服务,10.61,10.58,10.59
sz300050,世纪鼎利,2017-04-21,10.32,10.44,10.31,10.4,10.31,3060225.0,31756832.0,4812763061.6,5188710446.4,119938184.11,240245689.5,2153988402.29,2479788665.84,325800263.55,34900624.06,779.12,1324.27,819.7,736.39,779.81,1115.02,797.05,0.0,,,,Y,,,通信,通信设备,通信配套服务,10.32,10.34,10.35
sz300050,世纪鼎利,2017-04-24,10.3,10.38,9.92,10.18,10.4,3847639.0,38856750.0,4710954612.22,5078949263.88,119938184.11,240245689.5,2153988402.29,2479788665.84,325800263.55,34900624.06,1539.84,1641.3,834.81,908.4,1353.45,1119.5,100.2,159.09,,,,Y,,,通信,通信设备,通信配套服务,10.3,10.14,10.1
sz300050,世纪鼎利,2017-04-25,10.19,10.35,10.16,10.18,10.18,2461511.0,25249130.0,4710954612.22,5078949263.88,119938184.11,240245689.5,2153988402.29,2479788665.84,325800263.55,34900624.06,1082.5,1007.79,598.69,517.51,843.71,959.2,0.0,40.41,,,,Y,,,通信,通信设备,通信配套服务,10.25,10.19,10.19
sz300050,世纪鼎利,2017-04-26,10.21,10.22,10.07,10.11,10.18,2166534.0,21995080.0,4678561014.69,5044025251.26,127282949.39,238927110.38,2184685514.34,2515259788.83,330574274.49,31394213.67,1000.68,915.39,342.39,681.59,856.44,602.53,0.0,0.0,,,,Y,,,通信,通信设备,通信配套服务,10.17,10.17,10.17
sz300050,世纪鼎利,2017-04-27,10.09,10.35,9.82,10.35,10.11,4923208.0,49500230.0,4789624777.65,5163764723.1,127282949.39,238927110.38,2184685514.34,2515259788.83,330574274.49,31394213.67,2024.4,2120.16,1301.26,1403.27,1591.77,1426.59,32.58,0.0,,,,Y,,,通信,通信设备,通信配套服务,10.07,10.02,9.99
sz300050,世纪鼎利,2017-04-28,10.32,10.56,10.24,10.44,10.35,3351674.0,34800945.0,4831273688.76,5208667025.04,127282949.39,238927110.38,2184685514.34,2515259788.83,330574274.49,31394213.67,872.88,1531.84,998.81,777.95,888.54,1059.17,717.71,108.99,,,,Y,,,通信,通信设备,通信配套服务,10.29,10.33,10.42
sz300050,世纪鼎利,2017-05-02,10.45,10.6,10.41,10.45,10.44,2126207.0,22293138.0,4835901345.55,5213656169.7,127282949.39,238927110.38,2184685514.34,2515259788.83,330574274.49,31394213.67,1100.2,926.05,219.57,443.14,909.53,860.12,0.0,0.0,,,,Y,,,通信,通信设备,通信配套服务,10.49,10.47,10.48
sz300050,世纪鼎利,2017-05-03,10.4,10.53,10.27,10.34,10.45,2324871.0,24123968.0,4784997120.86,5158775578.44,127282949.39,238927110.38,2184685514.34,2515259788.83,330574274.49,31394213.67,1018.65,1089.59,409.45,516.41,984.29,806.39,0.0,0.0,,,,Y,,,通信,通信设备,通信配套服务,10.42,10.42,10.45
sz300050,世纪鼎利,2017-05-04,10.34,10.49,10.26,10.33,10.34,2289229.0,23777925.0,4780369464.07,5153786433.78,127282949.39,238927110.38,2184685514.34,2515259788.83,330574274.49,31394213.67,917.23,1093.46,419.63,241.8,1040.92,1042.52,0.0,0.0,,,,Y,,,通信,通信设备,通信配套服务,10.33,10.27,10.3
sz300050,世纪鼎利,2017-05-05,10.28,10.35,10.06,10.12,10.33,2736940.0,27958647.0,4683188671.48,5049014395.92,127282949.39,238927110.38,2184685514.34,2515259788.83,330574274.49,31394213.67,1272.68,1381.61,216.01,536.62,1307.17,877.63,0.0,0.0,,,,Y,,,通信,通信设备,通信配套服务,10.3,10.28,10.23
sz300050,世纪鼎利,2017-05-08,10.13,10.3,10.01,10.07,10.12,2679574.0,27207193.0,4660050387.53,5024068672.62,127282949.39,238927110.38,2184685514.34,2515259788.83,330574274.49,31394213.67,967.65,909.72,639.19,132.68,932.63,1051.91,181.24,626.41,,,,Y,,,通信,通信设备,通信配套服务,10.09,10.12,10.11
sz300050,世纪鼎利,2017-05-09,10.06,10.35,9.97,10.35,10.07,3740748.0,37947529.0,4789624777.65,5163764723.1,127282949.39,238927110.38,2184685514.34,2515259788.83,330574274.49,31394213.67,1143.95,1355.08,939.49,825.92,1235.98,1255.23,475.32,358.52,,,,Y,,,通信,通信设备,通信配套服务,10.1,10.06,10.04
sz300050,世纪鼎利,2017-05-10,10.28,10.42,9.95,9.97,10.35,2948852.0,30084665.0,4613773819.63,4974177226.02,127282949.39,238927110.38,2184685514.34,2515259788.83,330574274.49,31394213.67,1194.73,1289.79,285.99,307.74,1527.74,1218.89,0.0,192.04,,,,Y,,,通信,通信设备,通信配套服务,10.3,10.38,10.34
sz300050,世纪鼎利,2017-05-11,9.91,9.95,9.45,9.82,9.97,4817409.0,46979844.0,4544358967.78,4899340056.12,127282949.39,238927110.38,2184685514.34,2515259788.83,330574274.49,31394213.67,1677.87,1987.06,737.1,956.21,1738.5,1561.76,544.51,192.94,,,,Y,,,通信,通信设备,通信配套服务,9.91,9.8,9.79
sz300050,世纪鼎利,2017-05-12,9.78,9.85,9.56,9.7,9.82,2731535.0,26554752.0,4488827086.3,4839470320.2,127282949.39,238927110.38,2184685514.34,2515259788.83,330574274.49,31394213.67,1052.7,1357.3,556.09,439.12,1046.68,859.05,0.0,0.0,,,,Y,,,通信,通信设备,通信配套服务,9.78,9.75,9.73
sz300050,世纪鼎利,2017-05-15,9.72,9.89,9.72,9.73,9.7,1858198.0,18217229.0,4502710056.67,4854437754.18,127282949.39,238927110.38,2184685514.34,2515259788.83,330574274.49,31394213.67,712.65,892.82,203.96,193.97,702.45,620.17,202.66,114.76,,,,Y,,,通信,通信设备,通信配套服务,9.8,9.84,9.85
sz300050,世纪鼎利,2017-05-16,9.75,10.37,9.69,10.34,9.73,4461453.0,44687999.0,4784997120.86,5158775578.44,127282949.39,238927110.38,2184685514.34,2515259788.83,330574274.49,31394213.67,1597.1,1866.85,1287.11,431.46,1454.17,2170.48,130.42,0.0,,,,Y,,,通信,通信设备,通信配套服务,9.75,9.71,9.69
sz300050,世纪鼎利,2017-05-17,10.3,10.41,10.25,10.36,10.34,3145705.0,32523571.0,4794252434.44,5168753867.76,127282949.39,238927110.38,2184685514.34,2515259788.83,330574274.49,31394213.67,1059.7,1484.38,413.76,605.17,1778.89,1162.8,0.0,0.0,,,,Y,,,通信,通信设备,通信配套服务,10.34,10.29,10.34
sz300050,世纪鼎利,2017-05-25,10.29,10.29,9.9,10.12,10.36,6138591.0,62055491.0,4683188671.48,5049014395.92,127282949.39,238927110.38,2184685514.34,2515259788.83,330574274.49,31394213.67,2167.0,2916.74,1624.45,1625.1,1960.09,1563.29,454.0,100.42,,,,Y,,,通信,通信设备,通信配套服务,10.08,10.08,10.2
sz300050,世纪鼎利,2017-05-26,10.16,10.38,10.05,10.29,10.12,4892219.0,49845895.0,4761858836.91,5133829855.14,127282949.39,238927110.38,2184685514.34,2515259788.83,330574274.49,31394213.67,2332.97,1567.85,1238.68,1343.2,1385.78,1903.73,27.16,169.8,,,,Y,,,通信,通信设备,通信配套服务,10.15,10.17,10.08
sz300050,世纪鼎利,2017-05-31,10.3,10.48,10.22,10.23,10.29,3296925.0,34110007.0,4734092896.17,5103894987.18,127282949.39,238927110.38,2184685514.34,2515259788.83,330574274.49,31394213.67,1505.99,1328.23,827.36,940.14,1076.82,1142.62,0.83,0.0,,,,Y,,,通信,通信设备,通信配套服务,10.3,10.36,10.34
sz300050,世纪鼎利,2017-06-01,10.11,10.2,9.58,9.58,10.23,3570749.0,35571141.0,4433295204.82,4779600584.28,127282949.39,238927110.38,2184685514.34,2515259788.83,330574274.49,31394213.67,1584.34,1311.47,513.27,1002.41,1459.5,1243.24,0.0,0.0,,,,Y,,,通信,通信设备,通信配套服务,10.16,10.14,10.1
sz300050,世纪鼎利,2017-06-02,9.6,9.87,9.47,9.76,9.58,2039691.0,19625996.0,4516593027.04,4869405188.16,127282949.39,238927110.38,2184685514.34,2515259788.83,330574274.49,31394213.67,843.57,837.42,296.97,349.83,822.05,775.35,0.0,0.0,,,,Y,,,通信,通信设备,通信配套服务,9.56,9.51,9.61
sz300050,世纪鼎利,2017-06-05,9.77,9.95,9.77,9.83,9.76,1767500.0,17390193.0,4548986624.57,4904329200.78,127282949.39,238927110.38,2184685514.34,2515259788.83,330574274.49,31394213.67,707.59,769.21,385.97,152.04,645.45,817.77,0.0,0.0,,,,Y,,,通信,通信设备,通信配套服务,9.81,9.82,9.82
sz300050,世纪鼎利,2017-06-06,9.77,9.96,9.77,9.93,9.83,1516061.0,15006138.0,4595263192.47,4954220647.38,127282949.39,238927110.38,2184685514.34,2515259788.83,330574274.49,31394213.67,823.67,636.34,220.57,207.07,456.37,657.2,0.0,0.0,,,,Y,,,通信,通信设备,通信配套服务,9.82,9.84,9.85
sz300050,世纪鼎利,2017-06-07,9.93,10.38,9.88,10.29,9.93,4406272.0,44690583.0,4761858836.91,5133829855.14,127282949.39,238927110.38,2184685514.34,2515259788.83,330574274.49,31394213.67,1829.06,1483.5,981.49,1637.27,1029.8,1348.28,628.71,0.0,,,,Y,,,通信,通信设备,通信配套服务,9.91,9.94,9.97
sz300050,世纪鼎利,2017-06-08,10.21,10.34,10.05,10.14,10.29,3731438.0,37984877.0,4692443985.06,5058992685.24,127282949.39,238927110.38,2184685514.34,2515259788.83,330574274.49,31394213.67,1746.42,1205.5,653.59,1782.16,1353.63,798.36,44.85,12.46,,,,Y,,,通信,通信设备,通信配套服务,10.27,10.31,10.26
sz300050,世纪鼎利,2017-06-09,10.1,10.15,9.91,10.12,10.14,2704502.0,27156557.0,4683188671.48,5049014395.92,127282949.39,238927110.38,2184685514.34,2515259788.83,330574274.49,31394213.67,1013.26,1039.5,386.63,905.67,1083.6,770.48,232.17,0.0,,,,Y,,,通信,通信设备,通信配套服务,10.11,10.11,10.09
sz300050,世纪鼎利,2017-06-12,10.04,10.04,9.79,9.79,10.12,2823902.0,27882919.0,4530475997.41,4884372622.14,127282949.39,238927110.38,2184685514.34,2515259788.83,330574274.49,31394213.67,1256.31,1255.17,196.11,706.02,1335.87,827.09,0.0,0.0,,,,Y,,,通信,通信设备,通信配套服务,9.99,9.99,9.95
sz300050,世纪鼎利,2017-06-13,9.83,10.04,9.83,9.99,9.79,1866202.0,18577510.0,4623029133.21,4984155515.34,127282949.39,238927110.38,2184685514.34,2515259788.83,330574274.49,31394213.67,881.83,777.38,256.17,288.79,719.76,791.59,0.0,0.0,,,,Y,,,通信,通信设备,通信配套服务,9.86,9.89,9.91
sz300050,世纪鼎利,2017-06-14,9.95,10.16,9.95,10.09,9.99,2657623.0,26749416.0,4669305701.11,5034046961.94,127282949.39,238927110.38,2184685514.34,2515259788.83,330574274.49,31394213.67,1077.66,1048.33,691.76,647.03,775.28,979.58,130.23,0.0,,,,Y,,,通信,通信设备,通信配套服务,9.98,10.03,10.01
sz300050,世纪鼎利,2017-06-15,10.14,10.4,10.1,10.31,10.09,5797485.0,59706280.0,4771114150.49,5143808144.46,127282949.39,238927110.38,2184685514.34,2515259788.83,330574274.49,31394213.67,2205.05,2464.92,1849.35,1328.56,1608.27,1947.4,307.96,229.73,,,,Y,,,通信,通信设备,通信配套服务,10.16,10.21,10.19
sz300050,世纪鼎利,2017-06-16,10.27,10.33,10.18,10.32,10.31,2959100.0,30342265.0,4775741807.28,5148797289.12,127282949.39,238927110.38,2184685514.34,2515259788.83,330574274.49,31394213.67,1421.22,1403.38,701.64,700.14,911.37,930.71,0.0,0.0,,,,Y,,,通信,通信设备,通信配套服务,10.31,10.26,10.26
sz300050,世纪鼎利,2017-06-19,10.3,10.39,10.25,10.34,10.32,2513184.0,25934342.0,4784997120.86,5158775578.44,127282949.39,238927110.38,2184685514.34,2515259788.83,330574274.49,31394213.67,988.5,1249.58,653.26,654.55,951.67,689.3,0.0,0.0,,,,Y,,,通信,通信设备,通信配套服务,10.3,10.33,10.28
sz300050,世纪鼎利,2017-06-20,10.36,10.44,10.33,10.43,10.34,6195947.0,64399736.0,4826646031.97,5203677880.38,127282949.39,238927110.38,2184685514.34,2515259788.83,330574274.49,31394213.67,3002.15,2537.81,1991.74,2154.37,1446.06,1592.5,0.0,155.27,,,,Y,,,通信,通信设备,通信配套服务,10.35,10.33,10.35
sz300050,世纪鼎利,2017-06-21,10.4,10.42,10.16,10.27,10.43,3994343.0,40978740.0,4752603523.33,5123851565.82,127282949.39,238927110.38,2184685514.34,2515259788.83,330574274.49,31394213.67,1654.89,1440.07,870.44,1390.16,1414.09,1009.65,0.0,99.54,,,,Y,,,通信,通信设备,通信配套服务,10.36,10.31,10.34
sz300050,世纪鼎利,2017-06-22,10.25,10.28,9.95,9.96,10.27,3818900.0,38696575.0,4609146162.84,4969188081.36,127282949.39,238927110.38,2184685514.34,2515259788.83,330574274.49,31394213.67,1487.35,1647.42,797.24,1115.26,1585.07,837.56,0.0,269.41,,,,Y,,,通信,通信设备,通信配套服务,10.24,10.2,10.21
sz300050,世纪鼎利,2017-06-23,9.89,10.01,9.7,9.99,9.96,2720808.0,26913694.0,4623029133.21,4984155515.34,127282949.39,238927110.38,2184685514.34,2515259788.83,330574274.49,31394213.67,922.5,1148.87,549.34,750.36,1199.31,792.14,20.22,0.0,,,,Y,,,通信,通信设备,通信配套服务,9.94,9.96,9.97
sz300050,世纪鼎利,2017-06-26,9.95,10.14,9.91,10.13,9.99,4275724.0,42785552.0,4687816328.27,5054003540.58,127282949.39,238927110.38,2184685514.34,2515259788.83,330574274.49,31394213.67,1448.03,1853.69,1362.91,1183.05,1194.49,1241.81,273.12,0.0,,,,Y,,,通信,通信设备,通信配套服务,9.99,9.96,9.97
sz300050,世纪鼎利,2017-06-27,10.18,10.28,10.09,10.12,10.13,4171760.0,42437375.0,4683188671.48,5049014395.92,127282949.39,238927110.38,2184685514.34,2515259788.83,330574274.49,31394213.67,1724.9,1832.24,1266.53,1197.98,1061.48,1107.43,190.82,106.08,,,,Y,,,通信,通信设备,通信配套服务,10.18,10.15,10.15
sz300050,世纪鼎利,2017-06-28,10.08,10.11,9.89,9.97,10.12,3005652.0,29969546.0,4613773819.63,4974177226.02,127282949.39,238927110.38,2184685514.34,2515259788.83,330574274.49,31394213.67,1102.45,1380.92,665.41,990.28,1229.09,625.75,0.0,0.0,,,,Y,,,通信,通信设备,通信配套服务,10.02,9.99,10.0
sz300050,世纪鼎利,2017-06-29,10.01,10.09,9.92,9.98,9.97,3240688.0,32433229.0,4618401476.42,4979166370.68,127282949.39,238927110.38,2184685514.34,2515259788.83,330574274.49,31394213.67,1250.85,1363.17,1102.47,1272.48,844.07,607.67,45.93,0.0,,,,Y,,,通信,通信设备,通信配套服务,9.98,9.97,10.0
sz300050,世纪鼎利,2017-06-30,10.02,10.08,9.96,10.07,9.98,2148300.0,21515455.0,4660050387.53,5024068672.62,127282949.39,238927110.38,2184685514.34,2515259788.83,330574274.49,31394213.67,921.41,1068.73,486.86,443.06,743.27,639.76,0.0,0.0,,,,Y,,,通信,通信设备,通信配套服务,10.0,10.0,9.98
sz300050,世纪鼎利,2017-07-03,10.11,10.26,10.09,10.25,10.07,3732637.0,38085801.0,4743348209.75,5113873276.5,127282949.39,238927110.38,2184685514.34,2515259788.83,330574274.49,31394213.67,1763.26,1487.55,1121.45,1088.8,923.87,1232.23,0.0,0.0,,,,Y,,,通信,通信设备,通信配套服务,10.09,10.15,10.18
sz300050,世纪鼎利,2017-07-04,10.22,10.37,10.19,10.37,10.25,4795312.0,49268063.0,4798880091.23,5173743012.42,127282949.39,238927110.38,2184685514.34,2515259788.83,330574274.49,31394213.67,1303.42,2023.55,1372.45,1248.76,1940.58,1550.46,310.35,104.03,,,,Y,,,通信,通信设备,通信配套服务,10.26,10.24,10.28
sz300050,世纪鼎利,2017-07-05,10.3,11.28,10.18,10.79,10.37,12768489.0,135864610.0,4993241676.41,5383287088.14,127282949.39,238927110.38,2184685514.34,2515259788.83,330574274.49,31394213.67,4507.9,4307.42,4514.33,3966.7,3155.76,4056.21,819.0,666.66,,,,Y,,,通信,通信设备,通信配套服务,10.3,10.34,10.3
sz300050,世纪鼎利,2017-07-06,10.67,10.76,10.54,10.61,10.79,8611717.0,91508243.0,4909943854.19,5293482484.26,127282949.39,238927110.38,2184685514.34,2515259788.83,330574274.49,31394213.67,3644.66,2926.67,2290.85,3663.95,3006.05,1764.82,209.27,795.38,,,,Y,,,通信,通信设备,通信配套服务,10.59,10.59,10.63
sz300050,世纪鼎利,2017-07-07,10.56,10.78,10.53,10.68,10.61,5288665.0,56497449.0,4942337451.72,5328406496.88,127282949.39,238927110.38,2184685514.34,2515259788.83,330574274.49,31394213.67,1954.35,2411.86,2194.75,1408.0,1423.66,1782.61,76.97,47.27,,,,Y,,,通信,通信设备,通信配套服务,10.57,10.61,10.66
sz300050,世纪鼎利,2017-07-10,10.6,10.72,10.46,10.53,10.68,4651311.0,49266654.0,4872922599.87,5253569326.98,127282949.39,238927110.38,2184685514.34,2515259788.83,330574274.49,31394213.67,1594.3,1878.65,1381.66,997.51,1611.75,1386.67,0.0,324.88,,,,Y,,,通信,通信设备,通信配套服务,10.64,10.61,10.54
sz300050,世纪鼎利,2017-07-11,10.49,10.58,10.31,10.33,10.53,3160066.0,33048988.0,4780369464.07,5153786433.78,127282949.39,238927110.38,2184685514.34,2515259788.83,330574274.49,31394213.67,1019.29,1268.61,691.08,787.46,1319.61,902.03,0.0,71.88,,,,Y,,,通信,通信设备,通信配套服务,10.54,10.53,10.53
sz300050,世纪鼎利,2017-07-12,10.24,10.38,10.14,10.31,10.33,3144848.0,32147227.0,4771114150.49,5143808144.46,127282949.39,238927110.38,2184685514.34,2515259788.83,330574274.49,31394213.67,1320.52,1332.1,504.0,769.05,1385.64,984.47,4.56,129.1,,,,Y,,,通信,通信设备,通信配套服务,10.28,10.33,10.23
sz300050,世纪鼎利,2017-07-13,10.29,10.35,10.1,10.14,10.31,3412640.0,34932691.0,4692443985.06,5058992685.24,127282949.39,238927110.38,2184685514.34,2515259788.83,330574274.49,31394213.67,1336.02,1908.86,626.54,725.19,1530.71,746.31,0.0,112.9,,,,Y,,,通信,通信设备,通信配套服务,10.31,10.28,10.27
sz300050,世纪鼎利,2017-07-14,10.12,10.19,9.97,10.05,10.14,3532051.0,35522832.0,4650795073.95,5014090383.3,127282949.39,238927110.38,2184685514.34,2515259788.83,330574274.49,31394213.67,1357.01,1486.56,644.83,1227.75,1490.74,651.16,59.7,186.81,,,,Y,,,通信,通信设备,通信配套服务,10.16,10.04,10.05
sz300050,世纪鼎利,2017-07-31,10.27,10.77,10.21,10.37,10.05,16634270.0,173833356.0,4798880091.23,5173743012.42,139153366.04,225014533.62,2203289965.59,2557440381.37,354150415.78,41357527.38,6430.8,7856.54,4498.9,5461.65,6030.31,3245.65,423.3,819.47,,,,Y,,,通信,通信设备,通信配套服务,10.39,10.43,10.55
sz300050,世纪鼎利,2017-08-01,10.28,10.41,10.12,10.18,10.37,8359676.0,85387988.0,4710954612.22,5078949263.88,139153366.04,225014533.62,2203289965.59,2557440381.37,354150415.78,41357527.38,3136.42,3062.63,2116.43,1885.12,3285.94,2354.55,0.0,1236.49,,,,Y,,,通信,通信设备,通信配套服务,10.33,10.25,10.26
sz300050,世纪鼎利,2017-08-02,10.14,10.23,10.01,10.01,10.18,4729437.0,47882503.0,4632284446.79,4994133804.66,139153366.04,225014533.62,2203289965.59,2557440381.37,354150415.78,41357527.38,1774.9,2249.74,1084.22,872.05,1929.13,1666.44,0.0,0.0,,,,Y,,,通信,通信设备,通信配套服务,10.14,10.13,10.14
sz300050,世纪鼎利,2017-08-03,10.08,10.22,10.01,10.11,10.01,3766050.0,38178585.0,4678561014.69,5044025251.26,139153366.04,225014533.62,2203289965.59,2557440381.37,354150415.78,41357527.38,1654.92,1694.23,693.34,508.55,1469.59,1615.07,0.0,0.0,,,,Y,,,通信,通信设备,通信配套服务,10.07,10.03,10.08
sz300050,世纪鼎利,2017-08-04,10.11,10.15,9.86,9.89,10.11,5815350.0,58200979.0,4576752565.31,4934264068.74,139153366.04,225014533.62,2203289965.59,2557440381.37,354150415.78,41357527.38,2337.14,2230.8,901.73,2120.59,2565.45,1258.59,15.76,210.12,,,,Y,,,通信,通信设备,通信配套服务,10.12,10.06,10.05
sz300050,世纪鼎利,2017-08-07,9.96,10.04,9.88,9.98,9.89,2888586.0,28843716.0,4618401476.42,4979166370.68,139153366.04,225014533.62,2203289965.59,2557440381.37,354150415.78,41357527.38,1128.56,1096.35,853.61,905.86,902.2,882.15,0.0,0.0,,,,Y,,,通信,通信设备,通信配套服务,9.99,9.95,10.0
sz300050,世纪鼎利,2017-08-08,10.0,10.03,9.83,9.97,9.98,4717600.0,46887542.0,4613773819.63,4974177226.02,139153366.04,225014533.62,2203289965.59,2557440381.37,354150415.78,41357527.38,2030.46,1776.9,647.94,1763.29,2010.35,1005.38,0.0,143.18,,,,Y,,,通信,通信设备,通信配套服务,10.0,9.94,9.95
sz300050,世纪鼎利,2017-08-09,10.01,10.16,9.97,10.11,9.97,5194009.0,52459534.0,4678561014.69,5428469132.37,139153366.04,225014533.62,2203289965.59,2557440381.37,354150415.78,41357527.38,2199.08,2215.6,1465.39,1352.55,1440.9,1677.8,140.57,0.0,,,,Y,,,通信,通信设备,通信配套服务,10.06,10.03,10.05
sz300050,世纪鼎利,2017-08-10,10.07,10.15,9.89,9.94,10.11,4295694.0,42994010.0,4599890849.26,5337189235.98,139153366.04,225014533.62,2203289965.59,2557440381.37,354150415.78,41357527.38,1466.69,2004.08,1192.55,1290.89,1640.15,1004.42,0.0,0.0,,,,Y,,,通信,通信设备,通信配套服务,10.12,10.12,10.11
sz300050,世纪鼎利,2017-08-11,9.91,10.01,9.84,9.92,9.94,3668424.0,36355498.0,4590635535.68,5326450424.64,139153366.04,225014533.62,2203289965.59,2557440381.37,354150415.78,41357527.38,1404.55,1623.11,438.46,943.76,1473.02,1068.68,319.52,0.0,,,,Y,,,通信,通信设备,通信配套服务,9.88,9.9,9.91
sz300050,世纪鼎利,2017-08-14,9.83,10.18,9.83,10.15,9.92,6020767.0,60670947.0,4697071641.85,5449946755.05,139153366.04,225014533.62,2203289965.59,2557440381.37,354150415.78,41357527.38,2393.95,1974.61,1886.25,1864.91,1169.66,1997.6,617.23,229.97,,,,Y,,,通信,通信设备,通信配套服务,9.92,9.9,9.96
sz300050,世纪鼎利,2017-08-15,10.18,10.23,10.09,10.22,10.15,5490199.0,55808395.0,4729465239.38,5487532594.74,139153366.04,225014533.62,2203289965.59,2557440381.37,354150415.78,41357527.38,2472.36,1852.38,1458.48,2029.32,1381.98,1369.82,268.02,329.32,,,,Y,,,通信,通信设备,通信配套服务,10.16,10.14,10.15
sz300050,世纪鼎利,2017-08-16,10.21,10.47,10.15,10.39,10.22,9446792.0,97948551.0,4808135404.81,5578812491.13,139153366.04,225014533.62,2203289965.59,2557440381.37,354150415.78,41357527.38,2992.62,2971.3,2384.62,3135.5,2873.64,3025.82,1543.96,662.22,,,,Y,,,通信,通信设备,通信配套服务,10.19,10.24,10.33
sz300050,世纪鼎利,2017-08-17,10.38,10.63,10.31,10.5,10.39,12839821.0,134835079.0,4859039629.5,5637875953.5,139153366.04,225014533.62,2203289965.59,2557440381.37,354150415.78,41357527.38,4651.66,3876.54,4291.72,5399.39,3105.72,2985.15,1434.4,1222.43,,,,Y,,,通信,通信设备,通信配套服务,10.4,10.53,10.49
sz300050,世纪鼎利,2017-08-18,10.4,10.47,10.28,10.35,10.5,6681520.0,69351289.0,4789624777.65,5557334868.45,139153366.04,225014533.62,2203289965.59,2557440381.37,354150415.78,41357527.38,2331.2,2521.7,2057.03,2570.29,2325.45,1297.98,221.46,545.16,,,,Y,,,通信,通信设备,通信配套服务,10.43,10.38,10.41
sz300050,世纪鼎利,2017-08-21,10.35,10.5,10.33,10.47,10.35,6155207.0,64161211.0,4845156659.13,5621767736.49,139153366.04,225014533.62,2203289965.59,2557440381.37,354150415.78,41357527.38,2286.51,2173.53,1907.56,1868.85,1393.0,1465.8,829.05,907.93,,,,Y,,,通信,通信设备,通信配套服务,10.41,10.44,10.43
sz300050,世纪鼎利,2017-08-22,10.47,10.48,10.27,10.31,10.47,3826290.0,39599733.0,4771114150.49,5535857245.77,139153366.04,225014533.62,2203289965.59,2557440381.37,354150415.78,41357527.38,1547.2,1647.32,959.39,1119.18,1453.38,1073.36,0.0,120.11,,,,Y,,,通信,通信设备,通信配套服务,10.43,10.4,10.4
sz300050,世纪鼎利,2017-08-23,10.3,10.44,10.25,10.28,10.31,3751914.0,38767665.0,4757231180.12,5519749028.76,139153366.04,225014533.62,2203289965.59,2557440381.37,354150415.78,41357527.38,1616.75,1507.4,1071.09,1307.91,1188.93,950.85,0.0,110.6,,,,Y,,,通信,通信设备,通信配套服务,10.35,10.34,10.42
sz300050,世纪鼎利,2017-08-24,10.32,10.32,9.99,10.05,10.28,5544108.0,56384435.0,4650795073.95,5396252698.35,139153366.04,225014533.62,2203289965.59,2557440381.37,354150415.78,41357527.38,2160.42,2210.99,1429.69,1848.38,2048.33,897.27,0.0,681.8,,,,Y,,,通信,通信设备,通信配套服务,10.29,10.22,10.18
sz300050,世纪鼎利,2017-08-25,10.08,10.48,10.06,10.48,10.05,8805772.0,90861904.0,4849784315.92,5627137142.16,139153366.04,225014533.62,2203289965.59,2557440381.37,354150415.78,41357527.38,2563.85,2818.16,3461.02,2436.22,1782.41,2852.15,1278.92,979.65,,,,Y,,,通信,通信设备,通信配套服务,10.09,10.17,10.2
sz300050,世纪鼎利,2017-08-28,10.43,10.64,10.43,10.55,10.48,11496730.0,121358469.0,4882177913.45,5664722981.85,139153366.04,225014533.62,2203289965.59,2557440381.37,354150415.78,41357527.38,4454.32,3641.3,3873.69,4302.3,2574.28,2690.41,1233.55,1501.82,,,,Y,,,通信,通信设备,通信配套服务,10.49,10.46,10.48
sz300050,世纪鼎利,2017-08-29,10.52,10.61,10.36,10.41,10.55,6525869.0,68242136.0,4838637653.31,5671854334.38,139153366.04,225014533.62,2203289965.59,2557440381.37,354150415.78,41357527.38,2984.64,2375.49,1254.21,2184.32,2236.3,1317.49,349.06,946.91,,,,Y,,,通信,通信设备,通信配套服务,10.58,10.53,10.51
sz300050,世纪鼎利,2017-08-30,10.4,10.62,10.38,10.45,10.41,7330850.0,77150926.0,4857229920.95,5693648203.1,139153366.04,225014533.62,2203289965.59,2557440381.37,354150415.78,41357527.38,3058.19,2963.59,2675.01,2328.97,1790.81,1899.2,191.08,523.33,,,,Y,,,通信,通信设备,通信配套服务,10.43,10.42,10.42
sz300050,世纪鼎利,2017-08-31,10.45,10.73,10.43,10.62,10.45,8488977.0,89958052.0,4936247058.42,5786272145.16,139153366.04,225014533.62,2203289965.59,2557440381.37,354150415.78,41357527.38,3560.52,3598.64,2825.05,2179.19,2025.71,2527.54,584.52,690.44,,,,Y,,,通信,通信设备,通信配套服务,10.47,10.5,10.54
sz300050,世纪鼎利,2017-09-01,10.6,10.77,10.48,10.75,10.62,10152453.0,107846407.0,4996671928.25,5857102218.5,139153366.04,225014533.62,2203289965.59,2557440381.37,354150415.78,41357527.38,4022.17,3645.14,3507.35,3843.44,2639.25,2557.32,615.85,738.74,,,,Y,,,通信,通信设备,通信配套服务,10.57,10.57,10.53
sz300050,世纪鼎利,2017-09-04,10.74,10.94,10.63,10.85,10.75,12448956.0,134210531.0,5043152597.35,5911586890.3,139153366.04,225014533.62,2203289965.59,2557440381.37,354150415.78,41357527.38,5164.15,4561.81,4121.85,5273.62,3795.12,3033.53,339.92,552.06,,,,Y,,,通信,通信设备,通信配套服务,10.66,10.68,10.66
sz300050,世纪鼎利,2017-09-05,10.84,10.88,10.65,10.68,10.85,9660611.0,103637133.0,4964135459.88,5818962948.24,139153366.04,225014533.62,2203289965.59,2557440381.37,354150415.78,41357527.38,3844.67,3789.3,2312.32,3613.96,4048.96,2015.56,157.76,944.88,,,,Y,,,通信,通信设备,通信配套服务,10.87,10.8,10.83
sz300050,世纪鼎利,2017-09-06,10.61,10.94,10.55,10.94,10.68,11493483.0,123422008.0,5084985199.54,5960623094.92,139153366.04,225014533.62,2203289965.59,2557440381.37,354150415.78,41357527.38,5042.26,4755.24,3366.62,3633.76,3233.14,3516.89,700.15,436.29,,,,Y,,,通信,通信设备,通信配套服务,10.73,10.68,10.69
sz300050,世纪鼎利,2017-09-07,10.95,11.07,10.66,10.71,10.94,11895697.0,129519344.0,4978079660.61,5835308349.78,139153366.04,225014533.62,2203289965.59,2557440381.37,354150415.78,41357527.38,5029.52,4748.56,3595.97,4604.34,4001.37,3070.85,325.06,528.18,,,,Y,,,通信,通信设备,通信配套服务,10.94,10.97,11.0
sz300050,世纪鼎利,2017-09-08,10.73,10.81,10.55,10.66,10.71,7059610.0,75326526.0,4954839326.06,5808066013.88,139153366.04,225014533.62,2203289965.59,2557440381.37,354150415.78,41357527.38,3009.78,2673.71,1650.31,2561.76,2737.86,1677.98,134.7,619.2,,,,Y,,,通信,通信设备,通信配套服务,10.73,10.77,10.7
sz300050,世纪鼎利,2017-09-11,10.65,10.77,10.57,10.73,10.66,6775154.0,72236591.0,4987375794.43,5846205284.14,139153366.04,225014533.62,2203289965.59,2557440381.37,354150415.78,41357527.38,2932.95,3077.21,2128.41,1901.58,1765.86,1612.78,396.44,632.09,,,,Y,,,通信,通信设备,通信配套服务,10.66,10.6,10.64
sz300050,世纪鼎利,2017-09-12,10.74,10.77,10.47,10.52,10.73,8241569.0,87354856.0,4889766389.32,5731787473.36,139153366.04,225014533.62,2203289965.59,2557440381.37,354150415.78,41357527.38,3280.07,3680.71,2273.29,3060.26,3076.01,1417.88,106.1,576.63,,,,Y,,,通信,通信设备,通信配套服务,10.7,10.63,10.61
sz300050,世纪鼎利,2017-09-13,10.49,10.54,10.43,10.53,10.52,5359934.0,56197973.0,4894414456.23,5737235940.54,139153366.04,225014533.62,2203289965.59,2557440381.37,354150415.78,41357527.38,2139.71,1952.28,1613.47,1945.95,1761.42,1034.01,105.2,687.54,,,,Y,,,通信,通信设备,通信配套服务,10.52,10.52,10.51
sz300050,世纪鼎利,2017-09-14,10.53,10.57,10.38,10.41,10.53,5793689.0,60702012.0,4838637653.31,5671854334.38,139153366.04,225014533.62,2203289965.59,2557440381.37,354150415.78,41357527.38,2293.76,1866.96,1657.18,2350.38,1936.71,1075.74,70.79,665.35,,,,Y,,,通信,通信设备,通信配套服务,10.5,10.51,10.54
sz300050,世纪鼎利,2017-09-15,10.42,10.48,10.35,10.45,10.41,5309888.0,55360373.0,4857229920.95,5693648203.1,139153366.04,225014533.62,2203289965.59,2557440381.37,354150415.78,41357527.38,2068.69,1491.84,1862.68,2838.17,1604.66,1008.17,0.0,197.86,,,,Y,,,通信,通信设备,通信配套服务,10.48,10.45,10.41
sz300050,世纪鼎利,2017-09-18,10.45,10.55,10.41,10.54,10.45,4977767.0,52276714.0,4899062523.14,5742684407.72,139153366.04,225014533.62,2203289965.59,2557440381.37,354150415.78,41357527.38,2104.0,1647.89,1555.44,2258.91,1377.5,1025.05,0.0,105.1,,,,Y,,,通信,通信设备,通信配套服务,10.44,10.44,10.42
sz300050,世纪鼎利,2017-09-19,10.57,10.6,10.41,10.46,10.54,6800500.0,71611055.0,4861877987.86,5699096670.28,139153366.04,225014533.62,2203289965.59,2557440381.37,354150415.78,41357527.38,2430.24,2270.75,2848.09,2702.95,1781.01,1678.83,101.76,508.57,,,,Y,,,通信,通信设备,通信配套服务,10.55,10.57,10.52
sz300050,世纪鼎利,2017-09-20,10.46,10.64,10.37,10.6,10.46,9508926.0,99503995.0,4926950924.6,5775375210.8,139153366.04,225014533.62,2203289965.59,2557440381.37,354150415.78,41357527.38,3182.58,2638.79,4245.08,4519.99,2190.38,1789.69,332.36,1001.92,,,,Y,,,通信,通信设备,通信配套服务,10.43,10.4,10.43
sz300050,世纪鼎利,2017-09-21,10.6,10.88,10.57,10.67,10.6,16651691.0,178846407.0,4959487392.97,5813514481.06,139153366.04,225014533.62,2203289965.59,2557440381.37,354150415.78,41357527.38,6247.31,6539.47,6542.57,5558.94,3640.15,4904.74,1454.59,881.48,,,,Y,,,通信,通信设备,通信配套服务,10.69,10.66,10.63
sz300050,世纪鼎利,2017-09-22,10.61,11.37,10.48,11.29,10.67,35496350.0,391866657.0,5247667541.39,6332128796.22,139153366.04,225014533.62,2203289965.59,2557440381.37,354150415.78,41357527.38,12135.77,12333.39,12970.17,12304.27,6599.0,10488.91,7481.7,4060.08,,,,Y,,,通信,通信设备,通信配套服务,10.7,10.65,10.5
sz300050,世纪鼎利,2017-09-25,11.17,11.45,10.81,10.89,11.29,25443160.0,282529108.0,5061744864.99,6107784109.02,139153366.04,225014533.62,2203289965.59,2557440381.37,354150415.78,41357527.38,9614.69,7429.2,9244.0,12311.64,6927.49,4275.91,2466.71,4236.14,,,,Y,,,通信,通信设备,通信配套服务,11.15,11.19,11.27
sz300050,世纪鼎利,2017-09-26,10.93,10.94,10.5,10.76,10.89,16242809.0,173417520.0,5001319995.16,6034872085.68,139153366.04,225014533.62,2203289965.59,2557440381.37,354150415.78,41357527.38,6232.79,4951.53,4584.43,8127.51,5729.2,2592.14,795.32,1670.56,,,,Y,,,通信,通信设备,通信配套服务,10.86,10.7,10.65
sz300050,世纪鼎利,2017-09-27,10.67,11.33,10.63,11.15,10.76,21217520.0,232972613.0,5182594604.65,6253608155.7,139153366.04,225014533.62,2203289965.59,2557440381.37,354150415.78,41357527.38,7950.19,7927.85,8285.33,7056.16,4879.56,6305.97,2182.19,2007.28,,,,Y,,,通信,通信设备,通信配套服务,10.74,10.71,10.76
sz300050,世纪鼎利,2017-09-28,11.0,11.27,10.85,11.03,11.15,17567424.0,193758264.0,5126817801.73,6186304749.54,139153366.04,225014533.62,2203289965.59,2557440381.37,354150415.78,41357527.38,7535.74,6827.21,4991.92,6397.46,5465.34,3993.32,1382.81,2157.82,,,,Y,,,通信,通信设备,通信配套服务,11.01,11.05,10.97
sz300050,世纪鼎利,2017-09-29,11.05,12.13,10.95,11.59,11.03,35134015.0,404529115.0,5387109548.69,6500387311.62,139153366.04,225014533.62,2203289965.59,2557440381.37,354150415.78,41357527.38,13068.72,14147.45,11205.67,13151.02,9444.0,10191.49,6734.5,2962.94,,,,Y,,,通信,通信设备,通信配套服务,11.11,11.05,11.0
sz300050,世纪鼎利,2017-10-09,11.8,12.13,11.54,12.03,11.59,42536207.0,504370200.0,5591624492.73,6747166467.54,139153366.04,225014533.62,2203289965.59,2557440381.37,354150415.78,41357527.38,17703.68,14897.84,14218.74,17090.42,12003.83,10385.06,6510.75,8063.69,,,,Y,,,通信,通信设备,通信配套服务,11.6,11.61,11.83
sz300050,世纪鼎利,2017-10-10,11.87,11.89,11.61,11.83,12.03,21010950.0,247255753.0,5498663154.53,6634994123.94,139153366.04,225014533.62,2203289965.59,2557440381.37,354150415.78,41357527.38,8874.41,8631.03,6482.07,7932.55,8601.69,5268.39,767.39,2893.61,,,,Y,,,通信,通信设备,通信配套服务,11.83,11.73,11.78
sz300050,世纪鼎利,2017-10-11,11.71,11.76,11.34,11.41,11.83,18579532.0,214288411.0,5303444344.31,6399432202.38,139153366.04,225014533.62,2203289965.59,2557440381.37,354150415.78,41357527.38,7816.65,6559.38,4962.36,7722.87,8037.88,4728.35,611.93,2418.23,,,,Y,,,通信,通信设备,通信配套服务,11.73,11.67,11.64
sz300050,世纪鼎利,2017-10-12,11.42,11.75,11.32,11.54,11.41,17464331.0,201533491.0,5363869214.14,6472344225.72,139153366.04,225014533.62,2203289965.59,2557440381.37,354150415.78,41357527.38,7255.48,6653.92,6044.22,7449.15,5800.47,4710.3,1053.17,1339.97,,,,Y,,,通信,通信设备,通信配套服务,11.46,11.5,11.61
sz300050,世纪鼎利,2017-10-13,11.43,11.47,11.24,11.38,11.54,12266310.0,139119347.0,5289500143.58,6382606350.84,139153366.04,225014533.62,2203289965.59,2557440381.37,354150415.78,41357527.38,5396.18,4520.06,3928.23,5233.63,4257.05,2826.51,330.48,1331.74,,,,Y,,,通信,通信设备,通信配套服务,11.45,11.35,11.31
sz300050,世纪鼎利,2017-10-16,11.25,11.25,10.68,10.69,11.38,17672320.0,193260284.0,4968783526.79,5995611765.42,139153366.04,225014533.62,2203289965.59,2557440381.37,354150415.78,41357527.38,7238.12,6527.16,4016.22,7313.52,7819.7,3023.78,251.97,2461.55,,,,Y,,,通信,通信设备,通信配套服务,11.08,11.11,11.05
sz300050,世纪鼎利,2017-10-17,10.69,10.8,10.63,10.7,10.69,8981320.0,96213153.0,4973431593.7,6001220382.6,139153366.04,225014533.62,2203289965.59,2557440381.37,354150415.78,41357527.38,3687.14,3833.17,2439.82,3195.88,3145.78,1663.26,348.58,929.0,,,,Y,,,通信,通信设备,通信配套服务,10.71,10.66,10.67
sz300050,世纪鼎利,2017-10-18,10.71,10.76,10.3,10.33,10.7,12017244.0,126942411.0,4801453118.03,5793701546.94,139153366.04,225014533.62,2203289965.59,2557440381.37,354150415.78,41357527.38,4963.03,5184.19,3141.81,4881.42,4376.3,2179.86,213.1,448.76,,,,Y,,,通信,通信设备,通信配套服务,10.74,10.74,10.7
sz300050,世纪鼎利,2017-10-19,10.33,10.4,10.08,10.13,10.33,9209900.0,93828050.0,4708491779.83,5681529203.34,139153366.04,225014533.62,2203289965.59,2557440381.37,354150415.78,41357527.38,3871.6,4019.49,1756.78,2490.07,3212.04,1900.09,542.38,973.14,,,,Y,,,通信,通信设备,通信配套服务,10.35,10.35,10.29
sz300050,世纪鼎利,2017-10-20,10.15,10.29,10.11,10.27,10.13,5620589.0,57325518.0,4773564716.57,5760049843.86,139153366.04,225014533.62,2203289965.59,2557440381.37,354150415.78,41357527.38,2154.48,2383.59,1914.05,1846.63,1664.02,1368.73,0.0,133.61,,,,Y,,,通信,通信设备,通信配套服务,10.15,10.15,10.16
sz300050,世纪鼎利,2017-10-23,10.27,10.32,10.21,10.29,10.27,5759991.0,59183205.0,4782860850.39,5771267078.22,139153366.04,225014533.62,2203289965.59,2557440381.37,354150415.78,41357527.38,2582.86,2078.71,1111.7,1656.72,1280.8,1098.86,0.0,141.06,,,,Y,,,通信,通信设备,通信配套服务,10.24,10.28,10.25
sz300050,世纪鼎利,2017-10-24,10.25,10.36,10.11,10.25,10.29,7094690.0,72515206.0,4764268582.75,5748832609.5,139153366.04,225014533.62,2203289965.59,2557440381.37,354150415.78,41357527.38,2623.98,3542.86,2121.51,2133.19,2079.78,1575.47,426.25,0.0,,,,Y,,,通信,通信设备,通信配套服务,10.2,10.2,10.19
sz300050,世纪鼎利,2017-10-25,10.24,10.37,10.18,10.34,10.25,6289039.0,64781811.0,4806101184.94,5799310164.12,139153366.04,225014533.62,2203289965.59,2557440381.37,354150415.78,41357527.38,2431.01,2749.32,1640.99,1627.27,1493.93,1765.97,912.25,335.62,,,,Y,,,通信,通信设备,通信配套服务,10.23,10.24,10.25
sz300050,世纪鼎利,2017-10-26,10.3,10.38,10.24,10.35,10.34,8714934.0,89891610.0,4810749251.85,5804918781.3,139153366.04,225014533.62,2203289965.59,2557440381.37,354150415.78,41357527.38,3572.14,2363.73,2795.89,4803.99,2414.63,1328.88,206.5,492.55,,,,Y,,,通信,通信设备,通信配套服务,10.3,10.3,10.3
sz300050,世纪鼎利,2017-10-27,10.32,10.34,9.9,9.93,10.35,13953056.0,140736030.0,4615530441.63,5569356859.74,139153366.04,225014533.62,2203289965.59,2557440381.37,354150415.78,41357527.38,5460.16,5277.74,2952.53,5048.86,5256.71,2050.8,132.87,1424.87,,,,Y,,,通信,通信设备,通信配套服务,10.32,10.29,10.26
sz300050,世纪鼎利,2017-10-30,9.89,9.9,9.33,9.39,9.93,12910799.0,123227496.0,4364534828.49,5266491532.02,124978171.43000002,172610487.21,2777056861.26,3599448791.39,822391930.13,17325806.320000008,5248.03,5122.05,2413.7,4088.78,4650.34,2204.53,10.68,907.39,,,,Y,,,通信,通信设备,通信配套服务,9.9,9.78,9.7
sz300050,世纪鼎利,2017-10-31,9.37,9.47,9.31,9.45,9.39,6187253.0,58224781.0,4392423229.95,5300143235.1,124978171.43000002,172610487.21,2777056861.26,3599448791.39,822391930.13,17325806.320000008,2348.96,2182.7,1583.26,2213.43,1584.18,1312.51,306.08,113.84,,,,Y,,,通信,通信设备,通信配套服务,9.42,9.35,9.41
sz300050,世纪鼎利,2017-11-01,9.43,9.5,9.25,9.28,9.45,6736800.0,63309040.0,4313406092.48,5204796743.04,124978171.43000002,172610487.21,2777056861.26,3599448791.39,822391930.13,17325806.320000008,3193.6,2526.05,1076.21,2470.39,2061.09,1327.0,0.0,7.46,,,,Y,,,通信,通信设备,通信配套服务,9.42,9.43,9.44
sz300050,世纪鼎利,2017-11-02,9.25,9.25,9.0,9.1,9.28,8265001.0,75372948.0,4229740888.1,5103841633.8,124978171.43000002,172610487.21,2777056861.26,3599448791.39,822391930.13,17325806.320000008,3297.53,3216.78,1285.74,2002.68,2689.27,1663.36,264.76,654.48,,,,Y,,,通信,通信设备,通信配套服务,9.2,9.15,9.09
sz300050,世纪鼎利,2017-11-03,9.1,9.16,8.91,8.97,9.1,7147534.0,64411634.0,4169316018.27,5030929610.46,124978171.43000002,172610487.21,2777056861.26,3599448791.39,822391930.13,17325806.320000008,3143.99,2656.59,1127.33,2122.26,2069.68,1419.97,100.15,242.35,,,,Y,,,通信,通信设备,通信配套服务,9.14,9.11,9.09
sz300050,世纪鼎利,2017-11-06,8.98,9.11,8.94,9.1,8.97,7664226.0,69333150.0,4229740888.1,5103841633.8,124978171.43000002,172610487.21,2777056861.26,3599448791.39,822391930.13,17325806.320000008,2700.31,3123.39,2167.28,2016.36,1929.38,1581.0,136.34,212.57,,,,Y,,,通信,通信设备,通信配套服务,8.98,9.0,8.97
sz300050,世纪鼎利,2017-11-07,9.11,9.11,8.94,9.08,9.1,6321084.0,57035093.0,4220444754.28,5092624399.44,124978171.43000002,172610487.21,2777056861.26,3599448791.39,822391930.13,17325806.320000008,2585.56,2529.49,1389.08,1719.35,1728.87,1275.32,0.0,179.35,,,,Y,,,通信,通信设备,通信配套服务,9.05,9.05,9.01
sz300050,世纪鼎利,2017-11-08,9.05,9.3,9.05,9.15,9.08,8147744.0,75005109.0,4252981222.65,5131884719.7,124978171.43000002,172610487.21,2777056861.26,3599448791.39,822391930.13,17325806.320000008,2921.97,3506.62,2593.2,1600.82,1847.05,2181.37,138.29,211.7,,,,Y,,,通信,通信设备,通信配套服务,9.08,9.09,9.11
sz300050,世纪鼎利,2017-11-09,9.13,9.26,9.11,9.26,9.15,7374096.0,67918322.0,4304109958.66,5193579508.68,124978171.43000002,172610487.21,2777056861.26,3599448791.39,822391930.13,17325806.320000008,2130.39,2859.1,2485.98,1909.83,1388.97,1578.1,786.5,444.79,,,,Y,,,通信,通信设备,通信配套服务,9.14,9.15,9.17
sz300050,世纪鼎利,2017-11-10,9.21,9.33,9.15,9.3,9.26,7609895.0,70351249.0,4322702226.3,5216013977.4,124978171.43000002,172610487.21,2777056861.26,3599448791.39,822391930.13,17325806.320000008,3441.63,3358.87,1632.98,1694.4,1960.51,1792.39,0.0,189.46,,,,Y,,,通信,通信设备,通信配套服务,9.23,9.24,9.22
sz300050,世纪鼎利,2017-11-13,9.49,9.49,9.03,9.07,9.3,9265306.0,84970642.0,4215796687.37,5087015782.26,124978171.43000002,172610487.21,2777056861.26,3599448791.39,822391930.13,17325806.320000008,3653.98,3284.73,1615.26,3497.76,3122.02,1429.78,105.8,284.78,,,,Y,,,通信,通信设备,通信配套服务,9.35,9.28,9.26
sz300050,世纪鼎利,2017-11-14,9.07,9.07,8.7,8.79,9.07,11324233.0,100283341.0,4085650813.89,4929974501.22,124978171.43000002,172610487.21,2777056861.26,3599448791.39,822391930.13,17325806.320000008,4446.82,4114.61,1573.13,3601.96,3883.51,1641.24,124.87,670.51,,,,Y,,,通信,通信设备,通信配套服务,8.99,8.99,8.99
sz300050,世纪鼎利,2017-11-15,8.77,8.91,8.73,8.82,8.79,6129801.0,54178034.0,4099595014.62,4946800352.76,124978171.43000002,172610487.21,2777056861.26,3599448791.39,822391930.13,17325806.320000008,2488.23,2769.73,1419.86,1366.82,1509.7,1281.25,0.0,0.0,,,,Y,,,通信,通信设备,通信配套服务,8.78,8.86,8.9
sz300050,世纪鼎利,2017-11-16,8.78,8.92,8.71,8.87,8.82,5631453.0,49749639.0,4122835349.17,4974843438.66,124978171.43000002,172610487.21,2777056861.26,3599448791.39,822391930.13,17325806.320000008,2034.31,2440.45,1526.71,1069.19,1413.94,1465.32,0.0,0.0,,,,Y,,,通信,通信设备,通信配套服务,8.82,8.78,8.77
sz300050,世纪鼎利,2017-11-17,8.87,8.87,8.06,8.15,8.87,12331413.0,104024098.0,3788174531.65,4571023001.7,124978171.43000002,172610487.21,2777056861.26,3599448791.39,822391930.13,17325806.320000008,4671.69,3967.15,1535.24,3856.29,3834.78,1811.84,360.69,767.12,,,,Y,,,通信,通信设备,通信配套服务,8.79,8.8,8.76
sz300050,世纪鼎利,2017-11-20,8.1,8.16,7.88,8.14,8.15,5939549.0,47761219.0,3783526464.74,4565414384.52,124978171.43000002,172610487.21,2777056861.26,3599448791.39,822391930.13,17325806.320000008,2084.84,2249.79,934.72,1325.9,1756.4,1189.37,0.0,10.89,,,,Y,,,通信,通信设备,通信配套服务,8.08,7.97,7.99
sz300050,世纪鼎利,2017-11-21,8.15,8.24,7.98,8.05,8.14,6632400.0,53735301.0,3741693862.55,4514936829.9,124978171.43000002,172610487.21,2777056861.26,3599448791.39,822391930.13,17325806.320000008,2691.39,2419.09,764.11,1671.58,1918.03,1122.43,0.0,160.43,,,,Y,,,通信,通信设备,通信配套服务,8.13,8.18,8.21
sz300050,世纪鼎利,2017-11-22,8.07,8.24,7.98,8.08,8.05,8956924.0,72517746.0,3755638063.28,4531762681.44,124978171.43000002,172610487.21,2777056861.26,3599448791.39,822391930.13,17325806.320000008,3412.82,3672.06,1585.04,1784.17,2237.04,1795.54,16.87,0.0,,,,Y,,,通信,通信设备,通信配套服务,8.1,8.05,8.1
sz300050,世纪鼎利,2017-11-23,8.11,8.17,7.88,7.88,8.08,8293124.0,66529459.0,3662676725.08,4419590337.84,124978171.43000002,172610487.21,2777056861.26,3599448791.39,822391930.13,17325806.320000008,3087.54,3194.15,1060.53,1622.05,2264.0,1652.05,240.87,184.69,,,,Y,,,通信,通信设备,通信配套服务,8.02,8.01,8.05
sz300050,世纪鼎利,2017-11-24,7.82,8.06,7.82,7.89,7.88,8951106.0,70947478.0,3667324791.99,4425198955.02,124978171.43000002,172610487.21,2777056861.26,3599448791.39,822391930.13,17325806.320000008,3038.45,3957.79,1634.36,1552.21,2421.94,1561.05,0.0,23.69,,,,Y,,,通信,通信设备,通信配套服务,7.84,7.93,7.91
sz300050,世纪鼎利,2017-11-27,7.89,7.98,7.74,7.87,7.89,5942324.0,46840437.0,3658028658.17,4413981720.66,124978171.43000002,172610487.21,2777056861.26,3599448791.39,822391930.13,17325806.320000008,2037.44,2291.11,996.71,894.01,1604.33,1498.93,45.56,0.0,,,,Y,,,通信,通信设备,通信配套服务,7.8,7.76,7.82
sz300050,世纪鼎利,2017-11-28,7.89,8.07,7.86,8.04,7.87,7135128.0,57085233.0,3737045795.64,4509328212.72,124978171.43000002,172610487.21,2777056861.26,3599448791.39,822391930.13,17325806.320000008,2777.47,2885.92,785.41,632.86,1859.01,2083.93,286.64,105.81,,,,Y,,,通信,通信设备,通信配套服务,7.92,7.97,7.97
sz300050,世纪鼎利,2017-11-29,8.03,8.03,7.73,7.95,8.04,8216889.0,64834079.0,3695213193.45,4458850658.1,124978171.43000002,172610487.21,2777056861.26,3599448791.39,822391930.13,17325806.320000008,2796.5,2668.62,1240.59,1483.48,2432.58,1931.05,13.74,400.25,,,,Y,,,通信,通信设备,通信配套服务,8.02,7.98,7.98
sz300050,世纪鼎利,2017-11-30,7.91,8.05,7.86,7.98,7.95,6369718.0,50759314.0,3709157394.18,4475676509.64,124978171.43000002,172610487.21,2777056861.26,3599448791.39,822391930.13,17325806.320000008,2241.51,2254.83,1438.53,954.72,1395.89,1746.28,0.0,120.1,,,,Y,,,通信,通信设备,通信配套服务,7.89,7.91,7.93
sz300050,世纪鼎利,2017-12-01,7.98,8.17,7.93,8.13,7.98,8020673.0,64906798.0,3778878397.83,4559805767.34,124978171.43000002,172610487.21,2777056861.26,3599448791.39,822391930.13,17325806.320000008,2897.13,2719.87,1967.75,1964.07,1600.53,1800.81,25.27,5.92,,,,Y,,,通信,通信设备,通信配套服务,7.99,7.98,7.96
sz300050,世纪鼎利,2017-12-04,8.1,8.1,7.81,7.85,8.13,7027900.0,55898661.0,3648732524.35,4402764486.3,124978171.43000002,172610487.21,2777056861.26,3599448791.39,822391930.13,17325806.320000008,1622.7,1612.11,295.03,871.08,1385.14,819.67,0.0,0.0,,,,Y,,,通信,通信设备,通信配套服务,8.08,8.08,8.01
sz300050,世纪鼎利,2017-12-05,7.85,7.88,7.43,7.52,7.85,8786119.0,67125778.0,3495346316.32,4217680119.36,124978171.43000002,172610487.21,2777056861.26,3599448791.39,822391930.13,17325806.320000008,2561.33,2702.72,1241.33,2205.78,2790.58,1459.55,119.34,344.52,,,,Y,,,通信,通信设备,通信配套服务,7.83,7.87,7.86
sz300050,世纪鼎利,2017-12-06,7.5,7.7,7.48,7.67,7.52,5805633.0,43970209.0,3565067319.97,4301809377.06,124978171.43000002,172610487.21,2777056861.26,3599448791.39,822391930.13,17325806.320000008,1967.9,2210.05,644.95,818.26,1687.14,1368.72,97.03,0.0,,,,Y,,,通信,通信设备,通信配套服务,7.55,7.6,7.6
sz300050,世纪鼎利,2017-12-07,7.61,8.0,7.6,7.87,7.67,9981523.0,78189734.0,3658028658.17,4413981720.66,124978171.43000002,172610487.21,2777056861.26,3599448791.39,822391930.13,17325806.320000008,3101.43,3168.13,2459.06,1202.99,2258.47,3447.84,0.0,0.0,,,,Y,,,通信,通信设备,通信配套服务,7.66,7.68,7.7
sz300050,世纪鼎利,2017-12-08,7.83,8.19,7.83,8.08,7.87,11860439.0,95551532.0,3755638063.28,4531762681.44,124978171.43000002,172610487.21,2777056861.26,3599448791.39,822391930.13,17325806.320000008,3301.26,4350.56,3356.78,2396.39,2438.87,2808.19,458.24,0.0,,,,Y,,,通信,通信设备,通信配套服务,7.9,7.94,8.0
sz300050,世纪鼎利,2017-12-11,8.19,8.3,8.1,8.18,8.08,9331129.0,76592458.0,3802118732.38,4587848853.24,124978171.43000002,172610487.21,2777056861.26,3599448791.39,822391930.13,17325806.320000008,3715.12,3098.21,1578.02,2015.05,2366.1,2194.73,0.0,351.25,,,,Y,,,通信,通信设备,通信配套服务,8.2,8.25,8.28
sz300050,世纪鼎利,2017-12-12,8.19,8.19,7.98,8.02,8.18,6709417.0,54271685.0,3727749661.82,4498110978.36,124978171.43000002,172610487.21,2777056861.26,3599448791.39,822391930.13,17325806.320000008,2618.0,2516.54,593.54,1406.82,2215.62,1503.81,0.0,0.0,,,,Y,,,通信,通信设备,通信配套服务,8.15,8.15,8.14
sz300050,世纪鼎利,2017-12-13,7.96,8.17,7.96,8.14,8.02,5480898.0,44446389.0,3783526464.74,4565414384.52,124978171.43000002,172610487.21,2777056861.26,3599448791.39,822391930.13,17325806.320000008,2268.7,2233.44,668.13,783.69,1507.81,1427.52,0.0,0.0,,,,Y,,,通信,通信设备,通信配套服务,8.05,8.04,8.12
sz300050,世纪鼎利,2017-12-14,8.13,8.27,8.04,8.25,8.14,8213016.0,67057973.0,3834655200.75,4627109173.5,124978171.43000002,172610487.21,2777056861.26,3599448791.39,822391930.13,17325806.320000008,2797.58,3443.98,1722.72,1389.08,2036.91,1828.1,148.58,44.63,,,,Y,,,通信,通信设备,通信配套服务,8.11,8.1,8.14
sz300050,世纪鼎利,2017-12-15,8.2,8.23,8.04,8.1,8.25,5771942.0,46861716.0,3764934197.1,4542979915.8,124978171.43000002,172610487.21,2777056861.26,3599448791.39,822391930.13,17325806.320000008,2165.66,1865.73,793.6,1279.79,1685.17,1419.29,41.74,121.35,,,,Y,,,通信,通信设备,通信配套服务,8.19,8.17,8.17
sz300050,世纪鼎利,2017-12-18,8.1,8.12,7.92,7.99,8.1,4529416.0,36274017.0,3713805461.09,4481285126.82,124978171.43000002,172610487.21,2777056861.26,3599448791.39,822391930.13,17325806.320000008,1334.17,1644.78,739.53,1091.37,1513.88,891.25,39.82,0.0,,,,Y,,,通信,通信设备,通信配套服务,8.08,8.1,8.09
sz300050,世纪鼎利,2017-12-19,8.0,8.19,7.99,8.14,7.99,6178500.0,50163201.0,3783526464.74,4565414384.52,124978171.43000002,172610487.21,2777056861.26,3599448791.39,822391930.13,17325806.320000008,2262.16,1961.51,1207.44,1448.31,1254.72,1485.0,292.0,121.5,,,,Y,,,通信,通信设备,通信配套服务,8.03,8.07,8.11
sz300050,世纪鼎利,2017-12-20,8.11,8.12,7.81,7.85,8.14,6366719.0,50649798.0,3648732524.35,4402764486.3,124978171.43000002,172610487.21,2777056861.26,3599448791.39,822391930.13,17325806.320000008,2139.43,1855.11,485.24,1563.08,2440.31,1376.22,0.0,270.57,,,,Y,,,通信,通信设备,通信配套服务,8.11,8.06,8.05
sz300050,世纪鼎利,2017-12-21,7.85,8.04,7.77,7.99,7.85,5929182.0,47041122.0,3713805461.09,4481285126.82,124978171.43000002,172610487.21,2777056861.26,3599448791.39,822391930.13,17325806.320000008,2138.29,2574.36,840.5,205.34,1725.32,1924.41,0.0,0.0,,,,Y,,,通信,通信设备,通信配套服务,7.87,7.92,7.86
sz300050,世纪鼎利,2017-12-22,7.99,8.06,7.85,7.86,7.99,4279882.0,33962778.0,3653380591.26,4408373103.48,124978171.43000002,172610487.21,2777056861.26,3599448791.39,822391930.13,17325806.320000008,1365.9,1249.83,262.37,1057.65,1654.79,866.68,113.21,222.11,,,,Y,,,通信,通信设备,通信配套服务,8.02,8.02,8.0
sz300050,世纪鼎利,2017-12-25,7.86,7.92,7.7,7.75,7.86,4137067.0,32141431.0,3602251855.25,4346678314.5,124978171.43000002,172610487.21,2777056861.26,3599448791.39,822391930.13,17325806.320000008,1104.27,1495.89,220.02,524.37,1854.21,1158.24,0.0,0.0,,,,Y,,,通信,通信设备,通信配套服务,7.88,7.83,7.85
sz300050,世纪鼎利,2017-12-26,7.73,7.83,7.64,7.8,7.75,4665002.0,36091378.0,3625492189.8,4374721400.4,124978171.43000002,172610487.21,2777056861.26,3599448791.39,822391930.13,17325806.320000008,1504.67,1744.16,693.49,583.29,1410.97,1281.68,0.0,0.0,,,,Y,,,通信,通信设备,通信配套服务,7.74,7.7,7.72
sz300050,世纪鼎利,2017-12-27,7.77,7.83,7.66,7.66,7.8,4874300.0,37764349.0,3560419253.06,4296200759.88,124978171.43000002,172610487.21,2777056861.26,3599448791.39,822391930.13,17325806.320000008,1288.76,1392.06,1097.96,1038.37,1389.71,1346.0,0.0,0.0,,,,Y,,,通信,通信设备,通信配套服务,7.74,7.74,7.77
sz300050,世纪鼎利,2017-12-28,7.66,7.79,7.64,7.7,7.66,4156500.0,32118136.0,3579011520.7,4318635228.6,124978171.43000002,172610487.21,2777056861.26,3599448791.39,822391930.13,17325806.320000008,1408.84,1300.07,737.15,690.73,1065.82,1221.01,0.0,0.0,,,,Y,,,通信,通信设备,通信配套服务,7.69,7.68,7.7
sz300050,世纪鼎利,2017-12-29,7.7,7.88,7.69,7.87,7.7,4915494.0,38297391.0,3658028658.17,4413981720.66,124978171.43000002,172610487.21,2777056861.26,3599448791.39,822391930.13,17325806.320000008,1520.37,1437.21,1188.86,651.54,1010.72,1740.99,109.8,0.0,,,,Y,,,通信,通信设备,通信配套服务,7.72,7.79,7.77
sz300050,世纪鼎利,2018-01-02,7.88,7.9,7.75,7.88,7.87,4666302.0,36529839.0,3662676725.08,4419590337.84,124978171.43000002,172610487.21,2777056861.26,3599448791.39,822391930.13,17325806.320000008,1462.12,1493.02,678.25,650.54,1512.61,1509.41,0.0,0.0,,,,Y,,,通信,通信设备,通信配套服务,7.81,7.77,7.78
sz300050,世纪鼎利,2018-01-03,7.88,8.06,7.84,8.04,7.88,8400382.0,67007504.0,3737045795.64,4509328212.72,124978171.43000002,172610487.21,2777056861.26,3599448791.39,822391930.13,17325806.320000008,2800.64,2997.49,1916.97,1602.6,1707.14,2100.65,276.0,0.0,,,,Y,,,通信,通信设备,通信配套服务,7.87,7.87,7.86
sz300050,世纪鼎利,2018-01-04,8.04,8.04,7.93,8.0,8.04,5094600.0,40679062.0,3718453528.0,4486893744.0,124978171.43000002,172610487.21,2777056861.26,3599448791.39,822391930.13,17325806.320000008,1677.16,1658.45,1045.96,1260.7,1298.06,1015.21,46.73,133.54,,,,Y,,,通信,通信设备,通信配套服务,8.02,8.0,8.02
sz300050,世纪鼎利,2018-01-05,8.01,8.08,7.92,8.01,8.0,6162170.0,49188860.0,3723101594.91,4492502361.18,124978171.43000002,172610487.21,2777056861.26,3599448791.39,822391930.13,17325806.320000008,1975.64,2354.81,1563.26,1118.0,1338.66,1446.07,41.33,0.0,,,,Y,,,通信,通信设备,通信配套服务,8.0,8.0,7.98
sz300050,世纪鼎利,2018-01-08,8.02,8.02,7.82,7.93,8.01,6658184.0,52524036.0,3685917059.63,4447633423.74,124978171.43000002,172610487.21,2777056861.26,3599448791.39,822391930.13,17325806.320000008,1864.74,1766.7,1273.15,2141.72,1886.25,1343.99,228.27,0.0,,,,Y,,,通信,通信设备,通信配套服务,7.94,7.93,7.9
sz300050,世纪鼎利,2018-01-09,7.92,7.97,7.83,7.88,7.93,4347572.0,34264295.0,3662676725.08,4419590337.84,124978171.43000002,172610487.21,2777056861.26,3599448791.39,822391930.13,17325806.320000008,1457.86,1147.76,317.08,856.19,1316.17,1287.3,335.32,135.18,,,,Y,,,通信,通信设备,通信配套服务,7.9,7.88,7.86
sz300050,世纪鼎利,2018-01-10,7.88,7.91,7.73,7.78,7.88,5634000.0,43933533.0,3616196055.98,4363504166.04,124978171.43000002,172610487.21,2777056861.26,3599448791.39,822391930.13,17325806.320000008,1780.58,1413.28,937.59,1092.08,1675.19,1184.81,0.0,703.19,,,,Y,,,通信,通信设备,通信配套服务,7.88,7.86,7.88
sz300050,世纪鼎利,2018-01-11,7.77,8.02,7.72,8.0,7.78,9696961.0,76874243.0,3718453528.0,4486893744.0,124978171.43000002,172610487.21,2777056861.26,3599448791.39,822391930.13,17325806.320000008,3192.11,2921.78,2309.49,1893.22,1886.42,2688.13,299.4,184.29,,,,Y,,,通信,通信设备,通信配套服务,7.74,7.76,7.75
sz300050,世纪鼎利,2018-01-12,7.98,8.03,7.82,7.86,8.0,5210470.0,41228081.0,3653380591.26,4408373103.48,124978171.43000002,172610487.21,2777056861.26,3599448791.39,822391930.13,17325806.320000008,1442.32,1631.41,716.06,1124.11,1964.42,1179.48,0.0,187.81,,,,Y,,,通信,通信设备,通信配套服务,8.0,7.98,7.99
sz300050,世纪鼎利,2018-01-15,7.86,7.86,7.52,7.53,7.86,7461504.0,57104401.0,3499994383.23,4223288736.54,124978171.43000002,172610487.21,2777056861.26,3599448791.39,822391930.13,17325806.320000008,2195.5,2125.47,1063.23,2090.35,2451.7,1380.6,0.0,114.01,,,,Y,,,通信,通信设备,通信配套服务,7.81,7.76,7.69
sz300050,世纪鼎利,2018-01-16,7.53,7.69,7.52,7.61,7.53,3573800.0,27173405.0,3537178918.51,4268157673.98,124978171.43000002,172610487.21,2777056861.26,3599448791.39,822391930.13,17325806.320000008,1015.7,1075.21,467.43,395.61,1101.25,1132.82,132.96,113.7,,,,Y,,,通信,通信设备,通信配套服务,7.55,7.57,7.6
sz300050,世纪鼎利,2018-01-17,7.62,7.85,7.46,7.77,7.61,7371021.0,56542679.0,3611547989.07,4357895548.86,124978171.43000002,172610487.21,2777056861.26,3599448791.39,822391930.13,17325806.320000008,1793.54,1994.75,1376.52,1273.5,1849.03,1926.28,361.33,185.89,,,,Y,,,通信,通信设备,通信配套服务,7.58,7.57,7.51
sz300050,世纪鼎利,2018-01-18,7.94,8.02,7.85,7.9,7.77,10077880.0,79936836.0,3671972858.9,4430807572.2,124978171.43000002,172610487.21,2777056861.26,3599448791.39,822391930.13,17325806.320000008,3000.75,2797.31,1932.51,1782.06,2940.42,2378.22,120.0,1036.09,,,,Y,,,通信,通信设备,通信配套服务,7.94,7.86,7.94
sz300050,世纪鼎利,2018-01-19,7.86,7.96,7.82,7.86,7.9,4980200.0,39249872.0,3653380591.26,4408373103.48,124978171.43000002,172610487.21,2777056861.26,3599448791.39,822391930.13,17325806.320000008,1671.56,1822.09,389.32,943.41,1864.11,1159.49,0.0,0.0,,,,Y,,,通信,通信设备,通信配套服务,7.84,7.93,7.93
sz300050,世纪鼎利,2018-01-22,7.9,8.23,7.77,8.17,7.86,13554506.0,109755537.0,3797470665.47,4582240236.06,124978171.43000002,172610487.21,2777056861.26,3599448791.39,822391930.13,17325806.320000008,3859.35,4078.25,3028.66,1435.93,2287.23,3720.08,289.75,230.73,,,,Y,,,通信,通信设备,通信配套服务,7.85,7.83,7.86
sz300050,世纪鼎利,2018-01-23,8.14,8.28,8.08,8.13,8.17,9136968.0,74530557.0,3778878397.83,4559805767.34,124978171.43000002,172610487.21,2777056861.26,3599448791.39,822391930.13,17325806.320000008,3194.8,2954.3,1672.08,2204.88,2586.16,1850.24,0.0,443.64,,,,Y,,,通信,通信设备,通信配套服务,8.16,8.15,8.22
sz300050,世纪鼎利,2018-01-24,8.14,8.36,8.05,8.3,8.13,11330193.0,93459530.0,3857895535.3,4655152259.4,124978171.43000002,172610487.21,2777056861.26,3599448791.39,822391930.13,17325806.320000008,4314.38,4236.04,2118.95,1662.14,2785.38,3152.21,127.24,295.56,,,,Y,,,通信,通信设备,通信配套服务,8.12,8.09,8.07
sz300050,世纪鼎利,2018-01-25,8.26,8.55,8.25,8.25,8.3,14094250.0,118543758.0,3834655200.75,4627109173.5,124978171.43000002,172610487.21,2777056861.26,3599448791.39,822391930.13,17325806.320000008,5034.94,5088.39,2959.22,3265.67,3483.37,3282.65,376.84,217.66,,,,Y,,,通信,通信设备,通信配套服务,8.4,8.5,8.45
sz300050,世纪鼎利,2018-01-26,8.22,8.38,8.21,8.25,8.25,7911902.0,65681348.0,3834655200.75,4627109173.5,124978171.43000002,172610487.21,2777056861.26,3599448791.39,822391930.13,17325806.320000008,3038.3,2740.77,1190.9,1555.95,2278.5,1975.23,0.0,235.75,,,,Y,,,通信,通信设备,通信配套服务,8.27,8.31,8.26
sz300050,世纪鼎利,2018-01-29,8.25,8.36,8.15,8.33,8.25,6231823.0,51350773.0,3871839736.03,4671978110.94,124978171.43000002,172610487.21,2777056861.26,3599448791.39,822391930.13,17325806.320000008,2182.22,2604.24,1205.75,609.63,1627.4,1921.2,119.71,0.0,,,,Y,,,通信,通信设备,通信配套服务,8.25,8.3,8.3
sz300050,世纪鼎利,2018-01-30,8.33,8.38,8.22,8.3,8.33,5221718.0,43283841.0,3857895535.3,4655152259.4,124978171.43000002,172610487.21,2777056861.26,3599448791.39,822391930.13,17325806.320000008,2177.64,1837.53,702.61,636.18,1448.13,1854.67,0.0,0.0,,,,Y,,,通信,通信设备,通信配套服务,8.32,8.36,8.28
sz300050,世纪鼎利,2018-01-31,8.23,8.24,7.87,7.89,8.3,8933000.0,71950792.0,3667324791.99,4425198955.02,124978171.43000002,172610487.21,2777056861.26,3599448791.39,822391930.13,17325806.320000008,2959.58,2916.26,1228.93,2017.28,3006.58,2005.65,0.0,255.88,,,,Y,,,通信,通信设备,通信配套服务,8.2,8.13,8.1
sz300050,世纪鼎利,2018-02-01,7.93,7.98,7.53,7.53,7.89,9235600.0,71711040.0,3499994383.23,4223288736.54,124978171.43000002,172610487.21,2777056861.26,3599448791.39,822391930.13,17325806.320000008,2678.0,2972.13,1051.04,1892.9,3442.06,2306.08,0.0,0.0,,,,Y,,,通信,通信设备,通信配套服务,7.94,7.96,7.92
sz300050,世纪鼎利,2018-02-02,7.49,7.67,7.32,7.59,7.53,5884801.0,44492294.0,3527882784.69,4256940439.62,124978171.43000002,172610487.21,2777056861.26,3599448791.39,822391930.13,17325806.320000008,1840.73,1898.11,569.72,720.76,2038.77,1830.35,0.0,0.0,,,,Y,,,通信,通信设备,通信配套服务,7.44,7.46,7.53
sz300050,世纪鼎利,2018-02-05,7.47,7.7,7.41,7.61,7.59,4094008.0,31071970.0,3537178918.51,4268157673.98,124978171.43000002,172610487.21,2777056861.26,3599448791.39,822391930.13,17325806.320000008,1403.32,1222.3,445.3,543.23,1258.58,1341.67,0.0,0.0,,,,Y,,,通信,通信设备,通信配套服务,7.5,7.53,7.5
sz300050,世纪鼎利,2018-02-06,7.49,7.58,7.12,7.12,7.61,6873202.0,50790107.0,3309423639.92,3993335432.16,124978171.43000002,172610487.21,2777056861.26,3599448791.39,822391930.13,17325806.320000008,2327.5,2137.46,467.4,1422.96,2284.11,1518.58,0.0,0.0,,,,Y,,,通信,通信设备,通信配套服务,7.48,7.54,7.56
sz300050,世纪鼎利,2018-02-07,7.31,7.42,7.11,7.32,7.12,5634698.0,41097000.0,3402384978.12,4105507775.76,124978171.43000002,172610487.21,2777056861.26,3599448791.39,822391930.13,17325806.320000008,1763.52,1671.29,524.15,533.55,1822.03,1904.86,0.0,0.0,,,,Y,,,通信,通信设备,通信配套服务,7.33,7.33,7.33
sz300050,世纪鼎利,2018-02-08,7.25,7.65,7.25,7.54,7.32,7020602.0,52935785.0,3504642450.14,4228897353.72,124978171.43000002,172610487.21,2777056861.26,3599448791.39,822391930.13,17325806.320000008,2213.52,2029.9,1143.38,895.89,1936.69,2134.36,0.0,233.43,,,,Y,,,通信,通信设备,通信配套服务,7.4,7.5,7.55
sz300050,世纪鼎利,2018-02-09,7.41,7.75,7.35,7.67,7.54,10415418.0,78693594.0,3565067319.97,4301809377.06,124978171.43000002,172610487.21,2777056861.26,3599448791.39,822391930.13,17325806.320000008,3061.1,3316.13,2077.91,1377.61,2667.64,3175.62,62.71,0.0,,,,Y,,,通信,通信设备,通信配套服务,7.39,7.49,7.52
sz300050,世纪鼎利,2018-02-12,7.7,8.03,7.68,8.0,7.67,11225436.0,88718276.0,3718453528.0,4486893744.0,124978171.43000002,172610487.21,2777056861.26,3599448791.39,822391930.13,17325806.320000008,3546.22,3687.8,2221.67,1838.0,2702.86,3346.03,401.08,0.0,,,,Y,,,通信,通信设备,通信配套服务,7.73,7.81,7.82
sz300050,世纪鼎利,2018-02-13,8.02,8.03,7.89,8.02,8.0,8498452.0,67677303.0,3727749661.82,4498110978.36,124978171.43000002,172610487.21,2777056861.26,3599448791.39,822391930.13,17325806.320000008,2765.28,2672.07,1489.45,1569.52,2214.27,2095.89,298.73,430.25,,,,Y,,,通信,通信设备,通信配套服务,7.96,7.92,7.97
sz300050,世纪鼎利,2018-02-14,7.97,7.99,7.75,7.81,8.02,6840473.0,53785539.0,3630140256.71,4380330017.58,124978171.43000002,172610487.21,2777056861.26,3599448791.39,822391930.13,17325806.320000008,1787.85,1745.11,720.86,1443.71,2524.87,1642.42,234.0,436.33,,,,Y,,,通信,通信设备,通信配套服务,7.96,7.96,7.92
sz300050,世纪鼎利,2018-02-22,7.85,8.13,7.76,8.13,7.81,9838906.0,78365240.0,3778878397.83,4559805767.34,124978171.43000002,172610487.21,2777056861.26,3599448791.39,822391930.13,17325806.320000008,3063.42,3625.73,2718.5,1149.88,1886.94,3060.91,167.66,0.0,,,,Y,,,通信,通信设备,通信配套服务,7.83,7.78,7.81
sz300050,世纪鼎利,2018-02-23,8.06,8.12,7.93,8.04,8.13,9224000.0,73849411.0,3737045795.64,4509328212.72,124978171.43000002,172610487.21,2777056861.26,3599448791.39,822391930.13,17325806.320000008,3471.94,2919.57,1601.31,2420.44,2311.69,1633.14,0.0,411.79,,,,Y,,,通信,通信设备,通信配套服务,8.02,8.06,8.0
sz300050,世纪鼎利,2018-02-26,8.08,8.34,8.0,8.31,8.04,13683050.0,112484909.0,3862543602.21,4660760876.58,124978171.43000002,172610487.21,2777056861.26,3599448791.39,822391930.13,17325806.320000008,3800.77,4317.85,2751.62,1885.61,1968.52,2707.91,390.46,0.0,,,,Y,,,通信,通信设备,通信配套服务,8.04,8.01,8.05
sz300050,世纪鼎利,2018-02-27,8.3,8.42,8.23,8.27,8.31,11652604.0,96918867.0,3843951334.57,4638326407.86,124978171.43000002,172610487.21,2777056861.26,3599448791.39,822391930.13,17325806.320000008,4631.39,4575.62,1736.24,2410.58,3018.76,2426.66,305.5,279.03,,,,Y,,,通信,通信设备,通信配套服务,8.3,8.3,8.34
sz300050,世纪鼎利,2018-02-28,8.23,8.63,8.23,8.38,8.27,15865936.0,134070637.0,3895080070.58,4700021196.84,124978171.43000002,172610487.21,2777056861.26,3599448791.39,822391930.13,17325806.320000008,6262.24,6392.27,2761.5,3249.81,3288.52,3621.49,1094.8,143.5,,,,Y,,,通信,通信设备,通信配套服务,8.28,8.35,8.42
sz300050,世纪鼎利,2018-03-01,8.32,8.71,8.32,8.67,8.38,17480381.0,149057479.0,4029874010.97,4862671095.06,124978171.43000002,172610487.21,2777056861.26,3599448791.39,822391930.13,17325806.320000008,7104.8,6973.25,3711.84,3193.57,3610.65,4638.36,478.45,100.56,,,,Y,,,通信,通信设备,通信配套服务,8.42,8.43,8.49
sz300050,世纪鼎利,2018-03-02,8.63,8.88,8.49,8.59,8.67,19940190.0,173349635.0,3992689475.69,4817802157.62,124978171.43000002,172610487.21,2777056861.26,3599448791.39,822391930.13,17325806.320000008,7055.4,7805.71,4551.19,4960.15,4675.47,4239.48,1052.9,329.62,,,,Y,,,通信,通信设备,通信配套服务,8.72,8.78,8.79
sz300050,世纪鼎利,2018-03-05,8.59,8.69,8.5,8.69,8.59,9444208.0,81277049.0,4039170144.79,4873888329.42,124978171.43000002,172610487.21,2777056861.26,3599448791.39,822391930.13,17325806.320000008,3929.2,3721.66,2128.5,1756.14,2070.0,2343.31,0.0,306.6,,,,Y,,,通信,通信设备,通信配套服务,8.58,8.57,8.61
sz300050,世纪鼎利,2018-03-06,8.68,8.82,8.58,8.62,8.69,11594426.0,100620664.0,4006633676.42,4834628009.16,124978171.43000002,172610487.21,2777056861.26,3599448791.39,822391930.13,17325806.320000008,4420.57,4519.05,2433.43,2911.33,2750.07,2303.65,302.0,172.03,,,,Y,,,通信,通信设备,通信配套服务,8.69,8.68,8.72
sz300050,世纪鼎利,2018-03-07,8.57,8.62,8.42,8.53,8.62,9469500.0,80538685.0,3964801074.23,4784150454.54,124978171.43000002,172610487.21,2777056861.26,3599448791.39,822391930.13,17325806.320000008,4113.16,3369.41,919.0,2558.26,2944.99,1812.14,76.71,314.07,,,,Y,,,通信,通信设备,通信配套服务,8.62,8.53,8.53
sz300050,世纪鼎利,2018-03-08,8.5,8.6,8.42,8.55,8.53,6291903.0,53555517.0,3974097208.05,4795367688.9,124978171.43000002,172610487.21,2777056861.26,3599448791.39,822391930.13,17325806.320000008,2728.68,2705.91,937.94,1279.19,1688.92,1370.44,0.0,0.0,,,,Y,,,通信,通信设备,通信配套服务,8.53,8.57,8.53
sz300050,世纪鼎利,2018-03-09,8.55,9.05,8.5,8.86,8.55,18766068.0,165363457.0,4118187282.26,4969234821.48,124978171.43000002,172610487.21,2777056861.26,3599448791.39,822391930.13,17325806.320000008,6463.57,7555.87,5420.02,3353.4,3818.43,4965.42,350.3,177.62,,,,Y,,,通信,通信设备,通信配套服务,8.55,8.57,8.62
sz300050,世纪鼎利,2018-03-12,8.94,9.15,8.87,8.99,8.86,16337836.0,146899326.0,4178612152.09,5042146844.82,124978171.43000002,172610487.21,2777056861.26,3599448791.39,822391930.13,17325806.320000008,5900.72,6147.49,4308.84,4883.85,4093.82,2816.11,386.55,842.49,,,,Y,,,通信,通信设备,通信配套服务,9.02,8.98,8.98
sz300050,世纪鼎利,2018-03-13,8.94,9.0,8.8,8.84,8.99,9461200.0,84176744.0,4108891148.44,4958017587.12,124978171.43000002,172610487.21,2777056861.26,3599448791.39,822391930.13,17325806.320000008,4505.49,3665.56,1359.73,2158.82,2552.46,2264.25,0.0,329.04,,,,Y,,,通信,通信设备,通信配套服务,8.92,8.92,8.86
sz300050,世纪鼎利,2018-03-14,8.81,8.87,8.6,8.6,8.84,8453275.0,73917138.0,3997337542.6,4823410774.8,124978171.43000002,172610487.21,2777056861.26,3599448791.39,822391930.13,17325806.320000008,3510.84,3210.32,900.59,2309.85,2980.28,1701.65,0.0,169.89,,,,Y,,,通信,通信设备,通信配套服务,8.75,8.82,8.82
sz300050,世纪鼎利,2018-03-15,8.55,8.68,8.43,8.66,8.6,8802637.0,75416188.0,4025225944.06,4857062477.88,124978171.43000002,172610487.21,2777056861.26,3599448791.39,822391930.13,17325806.320000008,4044.96,3733.77,1020.62,1568.85,2476.04,2239.0,0.0,0.0,,,,Y,,,通信,通信设备,通信配套服务,8.59,8.56,8.65
sz300050,世纪鼎利,2018-03-16,8.63,8.69,8.44,8.45,8.66,8853000.0,75861534.0,3927616538.95,4739281517.1,124978171.43000002,172610487.21,2777056861.26,3599448791.39,822391930.13,17325806.320000008,3688.58,2922.91,1379.74,2520.97,2517.84,2142.27,0.0,0.0,,,,Y,,,通信,通信设备,通信配套服务,8.66,8.68,8.62
sz300050,世纪鼎利,2018-03-19,8.4,8.62,8.36,8.5,8.45,8154000.0,69429951.0,3950856873.5,4767324603.0,124978171.43000002,172610487.21,2777056861.26,3599448791.39,822391930.13,17325806.320000008,3567.42,3510.7,1517.59,1710.39,1812.77,1618.93,45.21,102.98,,,,Y,,,通信,通信设备,通信配套服务,8.37,8.46,8.46
sz300050,世纪鼎利,2018-03-20,8.4,8.59,8.31,8.55,8.5,7541967.0,63728283.0,3974097208.05,4795367688.9,124978171.43000002,172610487.21,2777056861.26,3599448791.39,822391930.13,17325806.320000008,3147.97,3485.12,1072.86,1100.58,2152.0,1709.73,0.0,77.4,,,,Y,,,通信,通信设备,通信配套服务,8.42,8.45,8.48
sz300050,世纪鼎利,2018-03-21,8.57,8.66,8.3,8.32,8.55,7904100.0,67483017.0,3867191669.12,4666369493.76,124978171.43000002,172610487.21,2777056861.26,3599448791.39,822391930.13,17325806.320000008,3152.77,3223.99,1275.57,1523.31,2319.97,1584.56,0.0,416.45,,,,Y,,,通信,通信设备,通信配套服务,8.59,8.64,8.64
sz300050,世纪鼎利,2018-03-22,8.35,8.59,8.28,8.48,8.32,8721046.0,73688778.0,3941560739.68,4756107368.64,124978171.43000002,172610487.21,2777056861.26,3599448791.39,822391930.13,17325806.320000008,3492.54,3338.11,1766.54,1492.48,2041.48,2036.12,68.31,502.17,,,,Y,,,通信,通信设备,通信配套服务,8.4,8.38,8.4
sz300050,世纪鼎利,2018-03-23,8.22,8.34,7.72,7.88,8.48,11470100.0,93051348.0,3662676725.08,4419590337.84,124978171.43000002,172610487.21,2777056861.26,3599448791.39,822391930.13,17325806.320000008,3983.16,4364.49,1208.22,2539.42,4091.43,2123.91,22.33,277.31,,,,Y,,,通信,通信设备,通信配套服务,8.24,8.23,8.32
sz300050,世纪鼎利,2018-03-26,7.7,8.11,7.62,8.1,7.88,7826278.0,61756139.0,3764934197.1,4542979915.8,124978171.43000002,172610487.21,2777056861.26,3599448791.39,822391930.13,17325806.320000008,3004.91,2751.77,1063.13,1005.08,2013.7,2418.77,93.87,0.0,,,,Y,,,通信,通信设备,通信配套服务,7.73,7.74,7.82
sz300050,世纪鼎利,2018-03-27,8.17,8.5,8.16,8.44,8.1,13791246.0,115241574.0,3922968472.04,4733672899.92,124978171.43000002,172610487.21,2777056861.26,3599448791.39,822391930.13,17325806.320000008,5553.63,5518.38,3453.01,1971.51,2173.15,3600.9,344.36,433.36,,,,Y,,,通信,通信设备,通信配套服务,8.17,8.25,8.23
sz300050,世纪鼎利,2018-03-28,8.33,8.7,8.28,8.6,8.44,16864405.0,143647925.0,3997337542.6,4823410774.8,124978171.43000002,172610487.21,2777056861.26,3599448791.39,822391930.13,17325806.320000008,6043.92,6569.29,4345.73,3803.35,3741.2,3717.26,233.94,274.89,,,,Y,,,通信,通信设备,通信配套服务,8.37,8.45,8.46
sz300050,世纪鼎利,2018-03-29,8.68,8.74,8.49,8.62,8.6,10731528.0,92237519.0,4006633676.42,4834628009.16,124978171.43000002,172610487.21,2777056861.26,3599448791.39,822391930.13,17325806.320000008,4387.31,4205.47,2030.48,2804.22,2671.48,2183.02,103.44,0.0,,,,Y,,,通信,通信设备,通信配套服务,8.66,8.59,8.56
sz300050,世纪鼎利,2018-03-30,8.65,8.98,8.62,8.96,8.62,17115482.0,150889944.0,4164667951.36,5025320993.28,124978171.43000002,172610487.21,2777056861.26,3599448791.39,822391930.13,17325806.320000008,6754.97,6812.88,4827.5,3796.61,3048.08,4376.78,458.44,102.72,,,,Y,,,通信,通信设备,通信配套服务,8.69,8.66,8.67
sz300050,世纪鼎利,2018-04-02,8.96,9.2,8.85,8.98,8.96,19117314.0,172278011.0,4173964085.18,5036538227.64,124978171.43000002,172610487.21,2777056861.26,3599448791.39,822391930.13,17325806.320000008,7046.0,7106.62,5238.93,5498.66,4407.8,4267.0,535.06,355.51,,,,Y,,,通信,通信设备,通信配套服务,8.94,9.04,8.9
sz300050,世纪鼎利,2018-04-03,8.86,9.1,8.79,9.09,8.98,14314091.0,127840579.0,4225092821.19,5098233016.62,124978171.43000002,172610487.21,2777056861.26,3599448791.39,822391930.13,17325806.320000008,5787.69,5299.84,3629.7,4064.35,3101.71,3241.91,264.96,177.95,,,,Y,,,通信,通信设备,通信配套服务,8.87,8.87,8.88
sz300050,世纪鼎利,2018-04-04,9.09,9.15,8.63,8.72,9.09,11968184.0,106783018.0,4053114345.52,4890714180.96,124978171.43000002,172610487.21,2777056861.26,3599448791.39,822391930.13,17325806.320000008,4551.52,5010.04,2240.7,3250.02,3613.68,2050.52,272.4,367.72,,,,Y,,,通信,通信设备,通信配套服务,9.04,9.03,9.11
sz300050,世纪鼎利,2018-04-09,8.67,9.26,8.66,9.24,8.72,20824281.0,187595313.0,4294813824.84,5182362274.32,124978171.43000002,172610487.21,2777056861.26,3599448791.39,822391930.13,17325806.320000008,8048.39,7822.42,5642.6,5105.52,3835.67,5257.81,1232.87,573.78,,,,Y,,,通信,通信设备,通信配套服务,8.86,8.76,8.8
sz300050,世纪鼎利,2018-04-10,8.88,8.88,8.32,8.32,9.24,26380057.0,223421391.0,3867191669.12,4666369493.76,124978171.43000002,172610487.21,2777056861.26,3599448791.39,822391930.13,17325806.320000008,8946.17,6252.38,4554.44,8949.53,8318.03,2687.71,523.48,4452.5,,,,Y,,,通信,通信设备,通信配套服务,8.8,8.47,8.33
sz300050,世纪鼎利,2018-04-11,8.27,8.35,8.14,8.23,8.32,16377574.0,135201866.0,3825359066.93,4615891939.14,124978171.43000002,172610487.21,2777056861.26,3599448791.39,822391930.13,17325806.320000008,5991.57,6291.78,3128.28,3281.99,4400.33,3413.5,0.0,532.91,,,,Y,,,通信,通信设备,通信配套服务,8.3,8.17,8.22
sz300050,世纪鼎利,2018-04-12,8.18,8.25,7.98,8.01,8.23,13214132.0,107031809.0,3723101594.91,4492502361.18,124978171.43000002,172610487.21,2777056861.26,3599448791.39,822391930.13,17325806.320000008,4412.02,3806.47,2293.91,3395.93,3875.59,2689.32,121.65,811.45,,,,Y,,,通信,通信设备,通信配套服务,8.2,8.21,8.12
sz300050,世纪鼎利,2018-04-13,8.09,8.16,8.04,8.07,8.01,7030466.0,56893253.0,3750989996.37,4526154064.26,124978171.43000002,172610487.21,2777056861.26,3599448791.39,822391930.13,17325806.320000008,2746.1,2369.44,905.73,1550.63,2005.45,1594.98,32.04,174.27,,,,Y,,,通信,通信设备,通信配套服务,8.12,8.08,8.14
sz300050,世纪鼎利,2018-04-16,8.07,8.23,8.07,8.2,8.07,9413655.0,76790626.0,3811414866.2,4599066087.6,124978171.43000002,172610487.21,2777056861.26,3599448791.39,822391930.13,17325806.320000008,3070.13,3710.63,2624.41,1764.34,1824.39,2204.08,160.13,0.0,,,,Y,,,通信,通信设备,通信配套服务,8.1,8.12,8.15
sz300050,世纪鼎利,2018-04-17,8.28,8.31,7.9,7.93,8.2,10138500.0,81889951.0,3685917059.63,4447633423.74,124978171.43000002,172610487.21,2777056861.26,3599448791.39,822391930.13,17325806.320000008,3772.78,3291.4,1384.59,2403.56,3031.62,2133.69,0.0,360.35,,,,Y,,,通信,通信设备,通信配套服务,8.27,8.25,8.23
sz300050,世纪鼎利,2018-04-18,7.95,8.3,7.86,8.24,7.93,10651839.0,86246006.0,3830007133.84,4621500556.32,124978171.43000002,172610487.21,2777056861.26,3599448791.39,822391930.13,17325806.320000008,3556.37,3973.26,2668.17,1632.33,2387.97,3019.01,12.1,0.0,,,,Y,,,通信,通信设备,通信配套服务,7.92,7.94,7.91
sz300050,世纪鼎利,2018-04-19,8.07,8.08,7.83,7.87,8.24,19390702.0,154179255.0,3658028658.17,4413981720.66,124978171.43000002,172610487.21,2777056861.26,3599448791.39,822391930.13,17325806.320000008,4990.61,4582.1,3405.23,5616.79,5389.97,2775.82,995.94,1807.04,,,,Y,,,通信,通信设备,通信配套服务,7.94,7.99,8.0
sz300050,世纪鼎利,2018-04-20,7.77,7.9,7.42,7.5,7.87,10341300.0,79491017.0,3486050182.5,4206462885.0,124978171.43000002,172610487.21,2777056861.26,3599448791.39,822391930.13,17325806.320000008,2742.79,2846.31,1422.57,2849.82,3783.73,2113.69,0.0,139.28,,,,Y,,,通信,通信设备,通信配套服务,7.79,7.8,7.83
sz300050,世纪鼎利,2018-04-23,7.58,7.63,7.38,7.52,7.5,5577588.0,41953598.0,3495346316.32,4217680119.36,124978171.43000002,172610487.21,2777056861.26,3599448791.39,822391930.13,17325806.320000008,1515.39,1683.28,907.13,1056.01,1772.83,1456.07,0.0,0.0,,,,Y,,,通信,通信设备,通信配套服务,7.52,7.59,7.62
sz300050,世纪鼎利,2018-04-24,7.52,7.74,7.5,7.69,7.52,5522600.0,42235683.0,3574363453.79,4313026611.42,124978171.43000002,172610487.21,2777056861.26,3599448791.39,822391930.13,17325806.320000008,1711.17,1625.79,1068.19,864.84,1444.21,1732.94,0.0,0.0,,,,Y,,,通信,通信设备,通信配套服务,7.56,7.52,7.56
sz300050,世纪鼎利,2018-04-25,7.64,7.91,7.6,7.91,7.69,10128790.0,79296631.0,3676620925.81,4436416189.38,92598279.68,99392321.34,2814769145.38,3463887660.57,649118515.19,11898440.84,2803.39,3172.76,2557.54,1820.95,2215.4,2818.91,353.33,117.04,,,,Y,,,通信,通信设备,通信配套服务,7.7,7.74,7.79
sz300050,世纪鼎利,2018-04-26,7.86,7.88,7.65,7.65,7.91,6780878.0,52667014.0,3555771186.15,4290592142.7,92598279.68,99392321.34,2814769145.38,3463887660.57,649118515.19,11898440.84,1900.74,2067.15,1364.53,1746.17,1959.81,1220.87,41.62,232.51,,,,Y,,,通信,通信设备,通信配套服务,7.85,7.79,7.83
sz300050,世纪鼎利,2018-04-27,7.66,7.8,7.59,7.74,7.65,5994688.0,46294827.0,3597603788.34,4341069697.32,92598279.68,99392321.34,2814769145.38,3463887660.57,649118515.19,11898440.84,1679.15,1786.04,1066.09,1481.64,1540.06,1361.8,344.17,0.0,,,,Y,,,通信,通信设备,通信配套服务,7.74,7.75,7.72
sz300050,世纪鼎利,2018-05-02,7.74,7.79,7.4,7.5,7.74,6230490.0,46988478.0,3486050182.5,4206462885.0,92598279.68,99392321.34,2814769145.38,3463887660.57,649118515.19,11898440.84,1972.1,1919.31,702.18,1580.68,2024.56,1136.96,0.0,61.89,,,,Y,,,通信,通信设备,通信配套服务,7.7,7.73,7.75
sz300050,世纪鼎利,2018-05-03,7.42,7.7,7.29,7.65,7.5,5946735.0,44578271.0,3555771186.15,4290592142.7,92598279.68,99392321.34,2814769145.38,3463887660.57,649118515.19,11898440.84,2033.44,1717.09,797.73,1019.68,1626.65,1607.92,0.0,113.14,,,,Y,,,通信,通信设备,通信配套服务,7.44,7.51,7.46
sz300050,世纪鼎利,2018-05-04,7.6,7.7,7.53,7.56,7.65,3897100.0,29692953.0,3513938583.96,4240114588.08,92598279.68,99392321.34,2814769145.38,3463887660.57,649118515.19,11898440.84,1100.99,1193.89,679.91,796.31,1188.39,865.72,0.0,113.37,,,,Y,,,通信,通信设备,通信配套服务,7.59,7.62,7.58
sz300050,世纪鼎利,2018-05-07,7.58,7.75,7.56,7.71,7.56,4836600.0,37181054.0,3583659587.61,4324243845.78,92598279.68,99392321.34,2814769145.38,3463887660.57,649118515.19,11898440.84,1636.85,1514.38,861.67,998.75,1219.58,1173.59,0.0,31.38,,,,Y,,,通信,通信设备,通信配套服务,7.6,7.63,7.63
sz300050,世纪鼎利,2018-05-08,7.7,7.8,7.69,7.76,7.71,4610282.0,35704818.0,3606899922.16,4352286931.68,92598279.68,99392321.34,2814769145.38,3463887660.57,649118515.19,11898440.84,1361.38,1242.18,834.58,891.64,1235.39,1305.34,139.14,131.32,,,,Y,,,通信,通信设备,通信配套服务,7.71,7.79,7.75
sz300050,世纪鼎利,2018-05-09,7.74,7.77,7.66,7.71,7.76,5194173.0,40036696.0,3583659587.61,4324243845.78,92598279.68,99392321.34,2814769145.38,3463887660.57,649118515.19,11898440.84,1672.84,1812.37,1037.01,1109.55,1293.83,1081.75,0.0,0.0,,,,Y,,,通信,通信设备,通信配套服务,7.73,7.69,7.68
sz300050,世纪鼎利,2018-05-10,7.71,7.78,7.65,7.75,7.71,4767291.0,36836625.0,3602251855.25,4346678314.5,92598279.68,99392321.34,2814769145.38,3463887660.57,649118515.19,11898440.84,1248.02,1695.3,1279.35,776.47,1156.29,1211.89,0.0,0.0,,,,Y,,,通信,通信设备,通信配套服务,7.72,7.73,7.71
sz300050,世纪鼎利,2018-05-11,7.77,7.77,7.48,7.53,7.75,5699257.0,43300575.0,3711645928.98,4223288736.54,92598279.68,99392321.34,2814769145.38,3463887660.57,649118515.19,11898440.84,1555.63,1667.45,715.92,1612.64,2058.51,1049.97,0.0,0.0,,,,Y,,,通信,通信设备,通信配套服务,7.76,7.71,7.67
sz300050,世纪鼎利,2018-05-14,7.53,7.63,7.44,7.48,7.53,4007300.0,30204355.0,3687000205.68,4195245650.64,92598279.68,99392321.34,2814769145.38,3463887660.57,649118515.19,11898440.84,1081.85,1116.8,677.47,856.36,1047.41,983.57,150.0,0.0,,,,Y,,,通信,通信设备,通信配套服务,7.51,7.51,7.51
sz300050,世纪鼎利,2018-05-15,7.47,7.56,7.34,7.54,7.48,4604256.0,34327434.0,3716575073.64,4228897353.72,92598279.68,99392321.34,2814769145.38,3463887660.57,649118515.19,11898440.84,1138.55,1195.57,657.92,1155.71,1636.27,947.46,0.0,134.0,,,,Y,,,通信,通信设备,通信配套服务,7.46,7.5,7.52
sz300050,世纪鼎利,2018-05-16,7.48,7.52,7.38,7.39,7.54,3596200.0,26763944.0,3642637903.74,4144768096.02,92598279.68,99392321.34,2814769145.38,3463887660.57,649118515.19,11898440.84,886.73,1119.88,544.84,917.87,1244.82,638.64,0.0,0.0,,,,Y,,,通信,通信设备,通信配套服务,7.49,7.45,7.46
sz300050,世纪鼎利,2018-05-17,7.4,7.45,7.37,7.39,7.39,2076646.0,15373854.0,3642637903.74,4144768096.02,92598279.68,99392321.34,2814769145.38,3463887660.57,649118515.19,11898440.84,606.2,563.36,75.38,245.66,855.8,728.37,0.0,0.0,,,,Y,,,通信,通信设备,通信配套服务,7.4,7.42,7.44
sz300050,世纪鼎利,2018-05-18,7.42,7.57,7.41,7.5,7.39,4097547.0,30749526.0,3696858495.0,4206462885.0,92598279.68,99392321.34,2814769145.38,3463887660.57,649118515.19,11898440.84,1025.11,1427.19,938.63,258.96,926.59,1388.79,184.62,0.0,,,,Y,,,通信,通信设备,通信配套服务,7.44,7.49,7.52
sz300050,世纪鼎利,2018-05-21,7.52,7.74,7.52,7.69,7.5,6407800.0,49147798.0,3790512243.54,4313026611.42,92598279.68,99392321.34,2814769145.38,3463887660.57,649118515.19,11898440.84,1472.47,1408.8,1856.15,1147.61,1180.44,2032.88,405.72,325.5,,,,Y,,,通信,通信设备,通信配套服务,7.62,7.65,7.66
sz300050,世纪鼎利,2018-05-22,7.71,7.75,7.62,7.75,7.69,4711580.0,36294259.0,3820087111.5,4346678314.5,92598279.68,99392321.34,2814769145.38,3463887660.57,649118515.19,11898440.84,1358.24,1314.26,753.92,1035.1,1411.32,1280.06,105.94,0.0,,,,Y,,,通信,通信设备,通信配套服务,7.71,7.71,7.7
sz300050,世纪鼎利,2018-05-23,7.74,7.74,7.5,7.51,7.75,5485400.0,41801778.0,3701787639.66,4212071502.18,92598279.68,99392321.34,2814769145.38,3463887660.57,649118515.19,11898440.84,1438.6,1105.73,903.27,2083.12,1838.3,878.58,0.0,112.74,,,,Y,,,通信,通信设备,通信配套服务,7.7,7.68,7.68
sz300050,世纪鼎利,2018-05-24,7.53,7.6,7.48,7.49,7.51,3235900.0,24374401.0,3691929350.34,4200854267.82,92598279.68,99392321.34,2814769145.38,3463887660.57,649118515.19,11898440.84,849.73,1223.44,539.59,576.81,1048.12,637.19,0.0,0.0,,,,Y,,,通信,通信设备,通信配套服务,7.53,7.54,7.56
sz300050,世纪鼎利,2018-05-25,7.53,7.56,7.35,7.36,7.49,3747802.0,27847535.0,3627850469.76,4127942244.48,92598279.68,99392321.34,2814769145.38,3463887660.57,649118515.19,11898440.84,1111.28,1117.22,252.91,759.08,1420.57,908.45,0.0,0.0,,,,Y,,,通信,通信设备,通信配套服务,7.55,7.51,7.52
sz300050,世纪鼎利,2018-05-28,7.36,7.38,7.13,7.15,7.36,4488801.0,32574977.0,3524338431.9,4010161283.7,92598279.68,99392321.34,2814769145.38,3463887660.57,649118515.19,11898440.84,1217.66,1296.26,396.24,835.5,1643.6,1125.74,0.0,0.0,,,,Y,,,通信,通信设备,通信配套服务,7.36,7.35,7.3
sz300050,世纪鼎利,2018-05-29,7.17,7.21,7.06,7.1,7.15,3492899.0,24945924.0,3499692708.6,3982118197.8,92598279.68,99392321.34,2814769145.38,3463887660.57,649118515.19,11898440.84,1116.35,1135.85,239.4,387.96,1138.84,970.78,0.0,0.0,,,,Y,,,通信,通信设备,通信配套服务,7.18,7.2,7.2
sz300050,世纪鼎利,2018-05-30,6.97,6.97,6.53,6.55,7.1,6894060.0,46706125.0,3228589752.3,3673644252.9,92598279.68,99392321.34,2814769145.38,3463887660.57,649118515.19,11898440.84,1727.67,1747.76,756.57,1626.13,2186.37,1194.43,0.0,102.3,,,,Y,,,通信,通信设备,通信配套服务,6.86,6.86,6.85
sz300050,世纪鼎利,2018-05-31,6.61,6.66,6.57,6.59,6.55,4711960.0,31162659.0,3248306330.94,3696078721.62,92598279.68,99392321.34,2814769145.38,3463887660.57,649118515.19,11898440.84,1364.15,1328.42,509.8,1111.2,1242.31,676.64,0.0,0.0,,,,Y,,,通信,通信设备,通信配套服务,6.62,6.66,6.63
sz300050,世纪鼎利,2018-06-01,6.6,6.84,6.56,6.67,6.59,5522262.0,37152405.0,3287739488.22,3740947659.06,92598279.68,99392321.34,2814769145.38,3463887660.57,649118515.19,11898440.84,1162.73,1549.82,1111.36,661.11,1099.37,1504.31,341.77,0.0,,,,Y,,,通信,通信设备,通信配套服务,6.59,6.6,6.58
sz300050,世纪鼎利,2018-06-04,6.67,6.71,6.56,6.58,6.67,2526500.0,16702647.0,3243377186.28,3690470104.44,92598279.68,99392321.34,2814769145.38,3463887660.57,649118515.19,11898440.84,820.76,773.35,0.79,206.75,848.71,690.17,0.0,0.0,,,,Y,,,通信,通信设备,通信配套服务,6.67,6.61,6.64
sz300050,世纪鼎利,2018-06-05,6.58,6.76,6.56,6.72,6.58,3918315.0,26096881.0,3312385211.52,3768990744.96,92598279.68,99392321.34,2814769145.38,3463887660.57,649118515.19,11898440.84,1071.67,1093.98,694.68,544.04,843.33,971.67,0.0,0.0,,,,Y,,,通信,通信设备,通信配套服务,6.62,6.65,6.65
sz300050,世纪鼎利,2018-06-06,6.72,6.77,6.67,6.7,6.72,2491749.0,16725226.0,3302526922.2,3757773510.6,92598279.68,99392321.34,2814769145.38,3463887660.57,649118515.19,11898440.84,586.56,746.95,358.08,394.73,712.39,515.34,0.0,0.0,,,,Y,,,通信,通信设备,通信配套服务,6.71,6.69,6.72
sz300050,世纪鼎利,2018-06-07,6.71,6.76,6.61,6.61,6.7,1977600.0,13186346.0,3258164620.26,3707295955.98,92598279.68,99392321.34,2814769145.38,3463887660.57,649118515.19,11898440.84,644.33,573.03,77.38,226.41,596.92,519.19,0.0,0.0,,,,Y,,,通信,通信设备,通信配套服务,6.74,6.73,6.72
sz300050,世纪鼎利,2018-06-08,6.62,6.66,6.36,6.45,6.61,3654600.0,23834469.0,3179298305.7,3617558081.1,92598279.68,99392321.34,2814769145.38,3463887660.57,649118515.19,11898440.84,945.0,1240.03,215.36,472.88,1211.98,670.54,11.09,0.0,,,,Y,,,通信,通信设备,通信配套服务,6.63,6.61,6.58
sz300050,世纪鼎利,2018-06-11,6.42,6.52,6.35,6.49,6.45,2259202.0,14601163.0,3199014884.34,3639992549.82,92598279.68,99392321.34,2814769145.38,3463887660.57,649118515.19,11898440.84,494.54,666.18,70.14,39.96,895.43,753.97,0.0,0.0,,,,Y,,,通信,通信设备,通信配套服务,6.41,6.41,6.45
sz300050,世纪鼎利,2018-06-12,6.48,6.66,6.34,6.61,6.49,3787376.0,24679843.0,3258164620.26,3707295955.98,92598279.68,99392321.34,2814769145.38,3463887660.57,649118515.19,11898440.84,1103.96,958.56,417.26,227.6,835.21,1281.83,111.55,0.0,,,,Y,,,通信,通信设备,通信配套服务,6.49,6.48,6.48
sz300050,世纪鼎利,2018-06-13,6.54,6.57,6.35,6.36,6.61,3390499.0,21900809.0,3134936003.76,3567080526.48,92598279.68,99392321.34,2814769145.38,3463887660.57,649118515.19,11898440.84,852.93,1006.79,311.48,478.2,1025.66,705.08,0.0,0.0,,,,Y,,,通信,通信设备,通信配套服务,6.49,6.48,6.52
sz300050,世纪鼎利,2018-06-14,6.32,6.46,6.28,6.3,6.34,2593678.0,16477011.0,3105361135.8,3533428823.4,92598279.68,99392321.34,2814769145.38,3463887660.57,649118515.19,11898440.84,663.23,849.69,232.17,280.14,752.31,517.87,0.0,0.0,,,,Y,,,通信,通信设备,通信配套服务,6.35,6.33,6.42
sz300050,世纪鼎利,2018-06-15,6.3,6.35,5.99,6.11,6.3,4931382.0,30204957.0,3011707387.26,3426865096.98,92598279.68,99392321.34,2814769145.38,3463887660.57,649118515.19,11898440.84,1098.02,1396.03,462.73,513.41,1154.06,990.96,305.68,120.1,,,,Y,,,通信,通信设备,通信配套服务,6.33,6.25,6.23
sz300050,世纪鼎利,2018-06-19,6.0,6.11,5.5,5.53,6.11,6221300.0,35898319.0,2725816996.98,3101565300.54,92598279.68,99392321.34,2814769145.38,3463887660.57,649118515.19,11898440.84,1273.22,1502.02,951.22,1193.57,1365.39,894.24,0.0,0.0,,,,Y,,,通信,通信设备,通信配套服务,6.01,6.02,6.06
sz300050,世纪鼎利,2018-06-20,5.51,5.71,5.48,5.61,5.53,3586746.0,20069500.0,2765250154.26,3146434237.98,92598279.68,99392321.34,2814769145.38,3463887660.57,649118515.19,11898440.84,921.11,933.34,234.78,27.38,851.06,1046.23,0.0,0.0,,,,Y,,,通信,通信设备,通信配套服务,5.55,5.57,5.57
sz300050,世纪鼎利,2018-06-21,5.61,5.66,5.33,5.37,5.61,4573900.0,25009330.0,2646950682.42,3011827425.66,92598279.68,99392321.34,2814769145.38,3463887660.57,649118515.19,11898440.84,1102.6,1029.2,250.04,725.51,1148.29,746.22,0.0,0.0,,,,Y,,,通信,通信设备,通信配套服务,5.6,5.62,5.61
sz300050,世纪鼎利,2018-06-22,5.4,5.56,5.31,5.53,5.37,4206202.0,23088453.0,2725816996.98,3101565300.54,92598279.68,99392321.34,2814769145.38,3463887660.57,649118515.19,11898440.84,1231.85,1124.35,320.61,126.62,756.39,1057.88,0.0,0.0,,,,Y,,,通信,通信设备,通信配套服务,5.33,5.42,5.45
sz300050,世纪鼎利,2018-06-25,5.57,5.7,5.54,5.54,5.53,3757000.0,21101740.0,2730746141.64,3107173917.72,92598279.68,99392321.34,2814769145.38,3463887660.57,649118515.19,11898440.84,958.35,1057.81,316.62,264.29,835.2,788.08,0.0,0.0,,,,Y,,,通信,通信设备,通信配套服务,5.57,5.66,5.62
sz300050,世纪鼎利,2018-06-26,5.48,5.75,5.4,5.74,5.54,4373702.0,24838019.0,2829329034.84,3219346261.32,92598279.68,99392321.34,2814769145.38,3463887660.57,649118515.19,11898440.84,1290.84,1116.79,348.66,195.03,844.31,1171.98,0.0,0.0,,,,Y,,,通信,通信设备,通信配套服务,5.53,5.7,5.67
sz300050,世纪鼎利,2018-06-27,5.74,5.82,5.68,5.77,5.74,3135400.0,18026612.0,2844116468.82,3236172112.86,92598279.68,99392321.34,2814769145.38,3463887660.57,649118515.19,11898440.84,910.02,768.29,195.08,56.06,697.57,978.32,0.0,0.0,,,,Y,,,通信,通信设备,通信配套服务,5.75,5.73,5.75
sz300050,世纪鼎利,2018-06-28,5.75,5.92,5.75,5.78,5.77,4661099.0,27237534.0,2849045613.48,3241780730.04,92598279.68,99392321.34,2814769145.38,3463887660.57,649118515.19,11898440.84,993.98,1247.96,986.22,397.79,719.08,1078.0,24.47,0.0,,,,Y,,,通信,通信设备,通信配套服务,5.81,5.83,5.86
sz300050,世纪鼎利,2018-06-29,5.82,6.04,5.79,6.0,5.78,4545702.0,27056904.0,2957486796.0,3365170308.0,92598279.68,99392321.34,2814769145.38,3463887660.57,649118515.19,11898440.84,1067.2,1283.17,736.62,478.46,781.92,944.06,119.95,0.0,,,,Y,,,通信,通信设备,通信配套服务,5.81,5.86,5.84
sz300050,世纪鼎利,2018-07-02,6.6,6.6,6.6,6.6,6.0,3699378.0,24415894.0,3253235475.6,3701687338.8,92598279.68,99392321.34,2814769145.38,3463887660.57,649118515.19,11898440.84,0.0,546.41,50.16,272.04,0.0,639.74,2391.43,983.4,,,,Y,,,通信,通信设备,通信配套服务,6.6,6.6,6.6
sz300050,世纪鼎利,2018-07-03,6.94,7.12,6.66,6.72,6.6,30048133.0,206513989.0,3312385211.52,3768990744.96,92598279.68,99392321.34,2814769145.38,3463887660.57,649118515.19,11898440.84,6606.9,5986.48,4589.22,6547.76,5934.09,5034.78,3521.18,3082.37,,,,Y,,,通信,通信设备,通信配套服务,6.85,6.81,6.79
sz300050,世纪鼎利,2018-07-04,6.55,6.6,6.06,6.18,6.72,18687691.0,118131444.0,3046211399.88,3466125417.24,92598279.68,99392321.34,2814769145.38,3463887660.57,649118515.19,11898440.84,5176.53,4780.68,1874.74,3388.92,4761.87,3089.8,0.0,553.73,,,,Y,,,通信,通信设备,通信配套服务,6.46,6.36,6.35
sz300050,世纪鼎利,2018-07-05,6.33,6.69,6.04,6.06,6.18,9433800.0,59036857.0,2987061663.96,3398822011.08,92598279.68,99392321.34,2814769145.38,3463887660.57,649118515.19,11898440.84,2637.69,2715.06,896.81,991.14,2369.18,2115.58,0.0,81.91,,,,Y,,,通信,通信设备,通信配套服务,6.36,6.29,6.3
sz300050,世纪鼎利,2018-07-06,5.93,6.24,5.72,6.05,6.06,9549982.0,57172945.0,2982132519.3,3393213393.9,92598279.68,99392321.34,2814769145.38,3463887660.57,649118515.19,11898440.84,2475.49,2563.59,943.08,969.75,2298.72,2183.95,0.0,0.0,,,,Y,,,通信,通信设备,通信配套服务,5.83,5.97,5.93
sz300050,世纪鼎利,2018-07-09,6.0,6.21,5.99,6.16,6.05,5699082.0,34963920.0,3036353110.56,3454908182.88,92598279.68,99392321.34,2814769145.38,3463887660.57,649118515.19,11898440.84,1730.78,1510.5,604.31,586.35,1037.69,1399.54,123.6,0.0,,,,Y,,,通信,通信设备,通信配套服务,6.07,6.11,6.11
sz300050,世纪鼎利,2018-07-10,6.15,6.15,5.89,6.06,6.16,9328728.0,55980077.0,2987061663.96,3398822011.08,92598279.68,99392321.34,2814769145.38,3463887660.57,649118515.19,11898440.84,2424.55,2010.06,981.21,1655.65,2192.24,1221.17,0.0,711.14,,,,Y,,,通信,通信设备,通信配套服务,6.09,6.02,5.97
sz300050,世纪鼎利,2018-07-11,5.89,5.92,5.56,5.73,6.06,6651366.0,38345461.0,2824399890.18,3213737644.14,92598279.68,99392321.34,2814769145.38,3463887660.57,649118515.19,11898440.84,1494.08,1607.76,448.76,1043.79,1891.7,1183.0,0.0,0.0,,,,Y,,,通信,通信设备,通信配套服务,5.85,5.88,5.87
sz300050,世纪鼎利,2018-07-12,5.77,5.99,5.75,5.97,5.73,6063544.0,35858779.0,2942699362.02,3348344456.46,92598279.68,99392321.34,2814769145.38,3463887660.57,649118515.19,11898440.84,1877.38,1627.7,501.1,304.52,1150.5,1653.66,56.9,0.0,,,,Y,,,通信,通信设备,通信配套服务,5.83,5.83,5.83
sz300050,世纪鼎利,2018-07-13,5.94,5.98,5.89,5.93,5.97,5017456.0,29765326.0,2922982783.38,3325909987.74,92598279.68,99392321.34,2814769145.38,3463887660.57,649118515.19,11898440.84,1327.13,1433.12,589.96,718.96,940.44,824.45,119.0,0.0,,,,Y,,,通信,通信设备,通信配套服务,5.93,5.92,5.95
sz300050,世纪鼎利,2018-07-16,5.43,5.7,5.43,5.61,5.93,10390843.0,57753560.0,2765250154.26,3146434237.98,92598279.68,99392321.34,2814769145.38,3463887660.57,649118515.19,11898440.84,2659.47,2585.21,819.37,1697.42,2234.88,1333.56,41.21,138.75,,,,Y,,,通信,通信设备,通信配套服务,5.66,5.54,5.62
sz300050,世纪鼎利,2018-07-17,5.57,5.72,5.57,5.7,5.61,5984398.0,33830393.0,2809612456.2,3196911792.6,92598279.68,99392321.34,2814769145.38,3463887660.57,649118515.19,11898440.84,1642.73,1563.62,306.64,635.35,1433.66,1184.06,0.0,0.0,,,,Y,,,通信,通信设备,通信配套服务,5.59,5.6,5.62
sz300050,世纪鼎利,2018-07-18,5.72,5.77,5.65,5.65,5.7,5414678.0,30928715.0,2784966732.9,3168868706.7,92598279.68,99392321.34,2814769145.38,3463887660.57,649118515.19,11898440.84,1375.14,1305.16,668.12,800.32,1049.6,987.39,0.0,0.0,,,,Y,,,通信,通信设备,通信配套服务,5.73,5.7,5.69
sz300050,世纪鼎利,2018-07-19,5.68,5.69,5.48,5.49,5.65,4144300.0,23104414.0,2706100418.34,3079130831.82,92598279.68,99392321.34,2814769145.38,3463887660.57,649118515.19,11898440.84,1064.08,970.52,0.0,539.02,1246.36,800.9,0.0,0.0,,,,Y,,,通信,通信设备,通信配套服务,5.62,5.67,5.67
sz300050,世纪鼎利,2018-07-20,5.52,5.71,5.44,5.68,5.49,6077862.0,34083134.0,2799754166.88,3185694558.24,92598279.68,99392321.34,2814769145.38,3463887660.57,649118515.19,11898440.84,1851.44,1765.45,506.68,346.61,1050.19,1296.25,0.0,0.0,,,,Y,,,通信,通信设备,通信配套服务,5.49,5.46,5.47
sz300050,世纪鼎利,2018-07-23,5.65,5.83,5.56,5.74,5.68,6162100.0,35280918.0,2829329034.84,3219346261.32,92598279.68,99392321.34,2814769145.38,3463887660.57,649118515.19,11898440.84,1570.12,1425.08,835.22,565.52,1021.11,1407.75,101.65,129.74,,,,Y,,,通信,通信设备,通信配套服务,5.6,5.64,5.73
sz300050,世纪鼎利,2018-07-24,5.73,6.08,5.71,5.85,5.74,6042200.0,35253838.0,2883549626.1,3281041050.3,92598279.68,99392321.34,2814769145.38,3463887660.57,649118515.19,11898440.84,1500.7,1774.58,461.32,482.92,1266.92,1267.88,296.44,0.0,,,,Y,,,通信,通信设备,通信配套服务,5.75,5.75,5.73
sz300050,世纪鼎利,2018-07-25,5.82,5.9,5.76,5.78,5.85,5560802.0,32399861.0,2849045613.48,3213282440.04,92598279.68,99392321.34,2814769145.38,3463887660.57,649118515.19,11898440.84,1515.1,1630.5,491.14,786.13,1129.0,823.35,104.74,0.0,,,,Y,,,通信,通信设备,通信配套服务,5.84,5.88,5.87
sz300050,世纪鼎利,2018-07-26,5.75,6.07,5.75,6.0,5.78,13618100.0,80955515.0,2957486796.0,3335587308.0,92598279.68,99392321.34,2814769145.38,3463887660.57,649118515.19,11898440.84,2902.8,3281.5,2118.64,1535.25,2130.14,2413.64,943.97,865.16,,,,Y,,,通信,通信设备,通信配套服务,5.8,5.77,5.95
sz300050,世纪鼎利,2018-07-27,5.92,5.94,5.77,5.77,6.0,7723500.0,45035112.0,2844116468.82,3207723127.86,92598279.68,99392321.34,2814769145.38,3463887660.57,649118515.19,11898440.84,1862.06,1775.2,493.94,1408.33,2145.93,1318.4,0.0,0.0,,,,Y,,,通信,通信设备,通信配套服务,5.9,5.84,5.84
sz300050,世纪鼎利,2018-07-30,5.77,5.79,5.57,5.63,5.77,5043206.0,28421241.0,2775108443.58,3129892757.34,92598279.68,99392321.34,2814769145.38,3463887660.57,649118515.19,11898440.84,1044.5,1056.88,705.8,723.46,1091.83,753.72,0.0,308.06,,,,Y,,,通信,通信设备,通信配套服务,5.78,5.66,5.69
sz300050,世纪鼎利,2018-07-31,5.63,5.68,5.61,5.65,5.63,2293104.0,12942112.0,2784966732.9,3141011381.7,92598279.68,99392321.34,2814769145.38,3463887660.57,649118515.19,11898440.84,686.03,499.56,149.23,246.23,458.95,548.43,0.0,0.0,,,,Y,,,通信,通信设备,通信配套服务,5.63,5.65,5.66
sz300050,世纪鼎利,2018-08-01,5.69,5.71,5.51,5.53,5.65,3685800.0,20759346.0,2725816996.98,3074299635.54,92598279.68,99392321.34,2814769145.38,3463887660.57,649118515.19,11898440.84,928.95,1094.92,309.81,417.09,837.17,563.92,0.0,0.0,,,,Y,,,通信,通信设备,通信配套服务,5.69,5.68,5.69
sz300050,世纪鼎利,2018-08-02,5.5,5.55,5.21,5.34,5.53,5053583.0,27081602.0,2632163248.44,2968672704.12,92598279.68,99392321.34,2814769145.38,3463887660.57,649118515.19,11898440.84,1063.51,1188.35,601.95,690.43,1042.7,716.53,0.0,112.85,,,,Y,,,通信,通信设备,通信配套服务,5.49,5.48,5.44
sz300050,世纪鼎利,2018-08-03,5.36,5.39,5.25,5.25,5.34,1907960.0,10183069.0,2587800946.5,2918638894.5,92598279.68,99392321.34,2814769145.38,3463887660.57,649118515.19,11898440.84,415.36,524.86,127.88,139.46,475.06,353.98,0.0,0.0,,,,Y,,,通信,通信设备,通信配套服务,5.37,5.35,5.36
sz300050,世纪鼎利,2018-08-06,5.26,5.33,5.2,5.26,5.25,2636300.0,13898519.0,2592730091.16,2924198206.68,92598279.68,99392321.34,2814769145.38,3463887660.57,649118515.19,11898440.84,645.98,708.47,203.88,198.55,539.99,482.83,0.0,0.0,,,,Y,,,通信,通信设备,通信配套服务,5.27,5.27,5.27
sz300050,世纪鼎利,2018-08-07,5.28,5.42,5.27,5.39,5.26,2897360.0,15525069.0,2656808971.74,2996469265.02,92598279.68,99392321.34,2814769145.38,3463887660.57,649118515.19,11898440.84,805.53,712.49,284.24,320.56,462.74,519.46,0.0,0.0,,,,Y,,,通信,通信设备,通信配套服务,5.35,5.33,5.31
sz300050,世纪鼎利,2018-08-08,5.4,5.5,5.34,5.36,5.39,3155491.0,17104693.0,2642021537.76,2979791328.48,92598279.68,99392321.34,2814769145.38,3463887660.57,649118515.19,11898440.84,734.07,932.29,298.53,158.01,677.87,620.17,0.0,0.0,,,,Y,,,通信,通信设备,通信配套服务,5.41,5.4,5.46
sz300050,世纪鼎利,2018-08-09,5.32,5.54,5.3,5.5,5.36,4000408.0,21978770.0,2711029563.0,3057621699.0,92598279.68,99392321.34,2814769145.38,3463887660.57,649118515.19,11898440.84,1090.58,1131.45,538.78,295.14,568.52,771.29,0.0,0.0,,,,Y,,,通信,通信设备,通信配套服务,5.37,5.39,5.39
sz300050,世纪鼎利,2018-08-10,5.46,5.53,5.42,5.49,5.5,2779504.0,15201028.0,2706100418.34,3052062386.82,92598279.68,99392321.34,2814769145.38,3463887660.57,649118515.19,11898440.84,635.01,756.61,337.51,333.95,547.58,429.55,0.0,0.0,,,,Y,,,通信,通信设备,通信配套服务,5.48,5.48,5.5
sz300050,世纪鼎利,2018-08-13,5.46,5.64,5.39,5.6,5.49,5058063.0,28116408.0,2760321009.6,3113214820.8,92598279.68,99392321.34,2814769145.38,3463887660.57,649118515.19,11898440.84,1560.58,1117.74,482.72,660.87,768.34,1033.02,0.0,0.0,,,,Y,,,通信,通信设备,通信配套服务,5.44,5.42,5.53
sz300050,世纪鼎利,2018-08-14,5.53,5.64,5.52,5.6,5.6,3946985.0,22033492.0,2760321009.6,3113214820.8,92598279.68,99392321.34,2814769145.38,3463887660.57,649118515.19,11898440.84,1003.83,1255.65,476.24,290.92,723.28,656.78,0.0,0.0,,,,Y,,,通信,通信设备,通信配套服务,5.57,5.56,5.62
sz300050,世纪鼎利,2018-08-15,5.6,5.62,5.45,5.48,5.6,3177200.0,17562588.0,2701171273.68,3046503074.64,92598279.68,99392321.34,2814769145.38,3463887660.57,649118515.19,11898440.84,635.5,800.78,186.98,395.57,933.77,559.91,0.0,0.0,,,,Y,,,通信,通信设备,通信配套服务,5.59,5.6,5.56
sz300050,世纪鼎利,2018-08-16,5.41,5.58,5.31,5.42,5.48,4508200.0,24792000.0,2671596405.72,3013147201.56,92598279.68,99392321.34,2814769145.38,3463887660.57,649118515.19,11898440.84,1244.35,991.94,144.3,422.94,788.63,732.81,301.92,331.5,,,,Y,,,通信,通信设备,通信配套服务,5.37,5.44,5.42
sz300050,世纪鼎利,2018-08-17,5.44,5.54,5.31,5.31,5.42,3715200.0,20323598.0,2640394531.71,2951994767.58,92598279.68,99392321.34,2814769145.38,3463887660.57,649118515.19,11898440.84,744.72,926.85,266.86,427.16,1020.78,678.35,0.0,0.0,,,,Y,,,通信,通信设备,通信配套服务,5.5,5.5,5.54
sz300050,世纪鼎利,2018-08-20,5.35,5.53,5.29,5.51,5.31,3977578.0,21503200.0,2739844419.91,3063181011.18,92598279.68,99392321.34,2814769145.38,3463887660.57,649118515.19,11898440.84,856.62,1108.64,252.93,206.15,1040.77,835.53,0.0,0.0,,,,Y,,,通信,通信设备,通信配套服务,5.35,5.36,5.33
sz300050,世纪鼎利,2018-08-21,5.51,5.59,5.45,5.54,5.51,3772700.0,20874528.0,2754761903.14,3079858947.72,92598279.68,99392321.34,2814769145.38,3463887660.57,649118515.19,11898440.84,884.95,969.05,279.48,294.77,923.03,823.64,0.0,0.0,,,,Y,,,通信,通信设备,通信配套服务,5.47,5.49,5.48
sz300050,世纪鼎利,2018-08-22,5.51,5.55,5.43,5.47,5.54,2813158.0,15450260.0,2719954442.27,3040943762.46,92598279.68,99392321.34,2814769145.38,3463887660.57,649118515.19,11898440.84,805.69,825.29,145.84,256.89,593.5,462.84,0.0,0.0,,,,Y,,,通信,通信设备,通信配套服务,5.55,5.51,5.5
sz300050,世纪鼎利,2018-08-23,5.5,5.58,5.42,5.53,5.47,3474685.0,19171615.0,2749789408.73,3074299635.54,92598279.68,99392321.34,2814769145.38,3463887660.57,649118515.19,11898440.84,1033.15,1010.45,284.84,205.92,599.17,700.79,0.0,0.0,,,,Y,,,通信,通信设备,通信配套服务,5.48,5.43,5.46
sz300050,世纪鼎利,2018-08-24,5.49,5.54,5.42,5.49,5.53,2785300.0,15268317.0,2729899431.09,3052062386.82,92598279.68,99392321.34,2814769145.38,3463887660.57,649118515.19,11898440.84,832.47,811.6,62.62,115.86,631.74,599.37,0.0,0.0,,,,Y,,,通信,通信设备,通信配套服务,5.46,5.48,5.46
sz300050,世纪鼎利,2018-08-27,5.47,6.04,5.44,5.67,5.49,7063385.0,40128408.0,2819404330.47,3152130006.06,92598279.68,99392321.34,2814769145.38,3463887660.57,649118515.19,11898440.84,1749.91,1758.56,880.69,536.2,1226.42,1490.08,155.82,228.0,,,,Y,,,通信,通信设备,通信配套服务,5.49,5.51,5.5
sz300050,世纪鼎利,2018-08-28,5.69,5.79,5.64,5.74,5.67,6468942.0,36942599.0,2854211791.34,3191045191.32,68953780.33,3608055.699999996,2823402643.72,3604641924.45,781239280.73,17713028.03,1778.34,1704.84,601.99,726.7,1313.93,1262.71,0.0,0.0,,,,Y,,,通信,通信设备,通信配套服务,5.71,5.71,5.74
sz300050,世纪鼎利,2018-08-29,5.71,5.73,5.63,5.67,5.74,4103402.0,23296148.0,2819404330.47,3152130006.06,68953780.33,3608055.699999996,2823402643.72,3604641924.45,781239280.73,17713028.03,1180.13,1017.71,215.56,332.78,933.92,877.22,0.0,101.9,,,,Y,,,通信,通信设备,通信配套服务,5.69,5.7,5.71
sz300050,世纪鼎利,2018-08-30,5.63,5.69,5.48,5.53,5.67,3845100.0,21406976.0,2749789408.73,3074299635.54,68953780.33,3608055.699999996,2823402643.72,3604641924.45,781239280.73,17713028.03,845.74,1137.93,162.14,264.03,1132.82,738.73,0.0,0.0,,,,Y,,,通信,通信设备,通信配套服务,5.67,5.63,5.64
sz300050,世纪鼎利,2018-08-31,5.49,5.54,5.41,5.48,5.53,3036162.0,16620429.0,2724926936.68,3046503074.64,68953780.33,3608055.699999996,2823402643.72,3604641924.45,781239280.73,17713028.03,831.27,856.04,88.47,89.7,742.3,716.3,0.0,0.0,,,,Y,,,通信,通信设备,通信配套服务,5.47,5.48,5.5
sz300050,世纪鼎利,2018-09-03,5.43,5.48,5.3,5.4,5.48,3689118.0,19786690.0,2685146981.4,3002028577.2,68953780.33,3608055.699999996,2823402643.72,3604641924.45,781239280.73,17713028.03,694.45,805.84,245.99,252.63,1038.21,817.59,0.0,102.6,,,,Y,,,通信,通信设备,通信配套服务,5.43,5.33,5.34
sz300050,世纪鼎利,2018-09-04,5.43,5.52,5.39,5.49,5.4,3290174.0,17948261.0,2729899431.09,3052062386.82,68953780.33,3608055.699999996,2823402643.72,3604641924.45,781239280.73,17713028.03,926.35,881.78,205.64,105.91,662.83,807.14,0.0,0.0,,,,Y,,,通信,通信设备,通信配套服务,5.41,5.45,5.46
sz300050,世纪鼎利,2018-09-05,5.52,5.61,5.41,5.41,5.49,4204958.0,23245489.0,2690119475.81,3007587889.38,68953780.33,3608055.699999996,2823402643.72,3604641924.45,781239280.73,17713028.03,1129.08,1087.01,342.33,445.23,853.12,792.3,0.0,0.0,,,,Y,,,通信,通信设备,通信配套服务,5.5,5.53,5.53
sz300050,世纪鼎利,2018-09-06,5.41,5.52,5.4,5.44,5.41,4133366.0,22573295.0,2705036959.04,3024265825.92,68953780.33,3608055.699999996,2823402643.72,3604641924.45,781239280.73,17713028.03,1153.13,1040.51,189.03,689.61,915.17,527.2,0.0,0.0,,,,Y,,,通信,通信设备,通信配套服务,5.44,5.49,5.46
sz300050,世纪鼎利,2018-09-07,5.43,5.54,5.39,5.45,5.44,4055708.0,22175355.0,2710009453.45,3029825138.1,68953780.33,3608055.699999996,2823402643.72,3604641924.45,781239280.73,17713028.03,1078.64,1125.1,184.38,192.5,954.51,899.92,0.0,0.0,,,,Y,,,通信,通信设备,通信配套服务,5.46,5.48,5.51
sz300050,世纪鼎利,2018-09-10,5.45,5.48,5.28,5.3,5.45,3410597.0,18234365.0,2635422037.3,2946435455.4,68953780.33,3608055.699999996,2823402643.72,3604641924.45,781239280.73,17713028.03,772.43,798.89,82.4,214.13,968.6,810.4,0.0,0.0,,,,Y,,,通信,通信设备,通信配套服务,5.37,5.37,5.4
sz300050,世纪鼎利,2018-09-11,5.33,5.38,5.24,5.35,5.3,2629721.0,13966178.0,2660284509.35,2974232016.3,68953780.33,3608055.699999996,2823402643.72,3604641924.45,781239280.73,17713028.03,605.79,669.52,178.65,193.28,612.18,533.82,0.0,0.0,,,,Y,,,通信,通信设备,通信配套服务,5.29,5.28,5.3
sz300050,世纪鼎利,2018-09-12,5.35,5.41,5.32,5.36,5.35,2616618.0,14039262.0,2665257003.76,2979791328.48,68953780.33,3608055.699999996,2823402643.72,3604641924.45,781239280.73,17713028.03,700.62,689.15,162.69,309.11,540.62,405.67,0.0,0.0,,,,Y,,,通信,通信设备,通信配套服务,5.35,5.37,5.37
sz300050,世纪鼎利,2018-09-13,5.38,5.5,5.38,5.49,5.36,3582904.0,19466097.0,2729899431.09,3052062386.82,68953780.33,3608055.699999996,2823402643.72,3604641924.45,781239280.73,17713028.03,806.23,990.6,285.42,139.08,854.96,816.92,0.0,0.0,,,,Y,,,通信,通信设备,通信配套服务,5.42,5.44,5.43
sz300050,世纪鼎利,2018-09-14,5.49,5.52,5.34,5.37,5.49,3378072.0,18316124.0,2670229498.17,2985350640.66,68953780.33,3608055.699999996,2823402643.72,3604641924.45,781239280.73,17713028.03,906.1,1002.01,148.47,368.3,772.39,461.3,4.65,0.0,,,,Y,,,通信,通信设备,通信配套服务,5.46,5.46,5.44
sz300050,世纪鼎利,2018-09-17,5.37,5.42,5.29,5.35,5.37,3003400.0,16061268.0,2660284509.35,2974232016.3,68953780.33,3608055.699999996,2823402643.72,3604641924.45,781239280.73,17713028.03,580.22,676.69,64.49,190.82,961.37,738.56,0.0,0.0,,,,Y,,,通信,通信设备,通信配套服务,5.36,5.34,5.34
sz300050,世纪鼎利,2018-09-18,5.34,5.49,5.33,5.48,5.35,3405832.0,18485298.0,2724926936.68,3046503074.64,68953780.33,3608055.699999996,2823402643.72,3604641924.45,781239280.73,17713028.03,1075.22,838.85,241.64,282.75,531.67,726.94,0.0,0.0,,,,Y,,,通信,通信设备,通信配套服务,5.41,5.4,5.39
sz300050,世纪鼎利,2018-09-19,5.43,5.55,5.41,5.49,5.48,5200301.0,28537079.0,2729899431.09,3052062386.82,68953780.33,3608055.699999996,2823402643.72,3604641924.45,781239280.73,17713028.03,1344.19,1353.89,393.58,536.24,1115.93,963.57,0.0,0.0,,,,Y,,,通信,通信设备,通信配套服务,5.45,5.42,5.42
sz300050,世纪鼎利,2018-09-20,5.49,5.5,5.4,5.41,5.49,3583300.0,19488655.0,2690119475.81,3007587889.38,68953780.33,3608055.699999996,2823402643.72,3604641924.45,781239280.73,17713028.03,873.75,808.76,182.49,542.93,892.63,597.17,0.0,0.0,,,,Y,,,通信,通信设备,通信配套服务,5.47,5.48,5.48
sz300050,世纪鼎利,2018-09-21,5.4,5.51,5.4,5.5,5.41,3534568.0,19317363.0,2734871925.5,3057621699.0,68953780.33,3608055.699999996,2823402643.72,3604641924.45,781239280.73,17713028.03,996.61,751.55,307.25,235.84,627.87,944.35,0.0,0.0,,,,Y,,,通信,通信设备,通信配套服务,5.46,5.43,5.44
sz300050,世纪鼎利,2018-09-25,5.46,5.47,5.36,5.41,5.5,3908300.0,21151912.0,2690119475.81,3007587889.38,68953780.33,3608055.699999996,2823402643.72,3604641924.45,781239280.73,17713028.03,772.72,1071.56,158.16,338.05,1022.99,705.57,161.32,0.0,,,,Y,,,通信,通信设备,通信配套服务,5.42,5.42,5.43
sz300050,世纪鼎利,2018-09-26,5.43,5.47,5.41,5.43,5.41,3629000.0,19748891.0,2700064464.63,3018706513.74,68953780.33,3608055.699999996,2823402643.72,3604641924.45,781239280.73,17713028.03,865.35,850.48,249.41,424.78,860.13,699.63,0.0,0.0,,,,Y,,,通信,通信设备,通信配套服务,5.42,5.42,5.42
sz300050,世纪鼎利,2018-09-27,5.41,5.46,5.2,5.2,5.43,5311342.0,28208412.0,2585697093.2,2890842333.6,68953780.33,3608055.699999996,2823402643.72,3604641924.45,781239280.73,17713028.03,1201.28,1210.89,205.18,764.46,1414.38,845.49,0.0,0.0,,,,Y,,,通信,通信设备,通信配套服务,5.42,5.39,5.4
sz300050,世纪鼎利,2018-09-28,5.19,5.25,5.14,5.19,5.2,3579920.0,18597307.0,2580724598.79,2885283021.42,68953780.33,3608055.699999996,2823402643.72,3604641924.45,781239280.73,17713028.03,756.1,870.67,314.49,256.79,789.14,676.99,0.0,55.28,,,,Y,,,通信,通信设备,通信配套服务,5.21,5.23,5.17
sz300050,世纪鼎利,2018-10-08,5.04,5.07,4.84,4.88,5.19,4976307.0,24650784.0,2426577272.08,2712944343.84,68953780.33,3608055.699999996,2823402643.72,3604641924.45,781239280.73,17713028.03,1033.37,1017.39,187.3,438.28,1244.4,1009.4,0.0,0.0,,,,Y,,,通信,通信设备,通信配套服务,5.02,5.03,5.02
sz300050,世纪鼎利,2018-10-09,4.88,4.95,4.87,4.89,4.88,2297920.0,11290620.0,2431549766.49,2718503656.02,68953780.33,3608055.699999996,2823402643.72,3604641924.45,781239280.73,17713028.03,358.1,645.51,98.85,38.3,667.97,441.12,0.0,0.0,,,,Y,,,通信,通信设备,通信配套服务,4.88,4.9,4.93
sz300050,世纪鼎利,2018-10-10,4.87,4.93,4.86,4.9,4.89,1790440.0,8770216.0,2436522260.9,2724062968.2,68953780.33,3608055.699999996,2823402643.72,3604641924.45,781239280.73,17713028.03,299.49,448.25,162.36,81.55,415.17,347.22,0.0,0.0,,,,Y,,,通信,通信设备,通信配套服务,4.89,4.91,4.9
sz300050,世纪鼎利,2018-10-11,4.79,4.79,4.41,4.41,4.9,6432267.0,29088745.0,2192870034.81,2451656671.38,68953780.33,3608055.699999996,2823402643.72,3604641924.45,781239280.73,17713028.03,1250.09,989.97,413.44,777.44,1245.34,581.53,0.0,559.94,,,,Y,,,通信,通信设备,通信配套服务,4.72,4.73,4.72
sz300050,世纪鼎利,2018-10-12,4.43,4.43,3.97,4.15,4.41,6555216.0,27213569.0,2063585180.15,2307114554.7,68953780.33,3608055.699999996,2823402643.72,3604641924.45,781239280.73,17713028.03,1157.66,1102.18,312.31,451.62,1251.38,789.55,0.0,378.01,,,,Y,,,通信,通信设备,通信配套服务,4.34,4.36,4.35
sz300050,世纪鼎利,2018-10-15,4.15,4.26,4.05,4.08,4.15,4282742.0,17858611.0,2028777719.28,2268199369.44,68953780.33,3608055.699999996,2823402643.72,3604641924.45,781239280.73,17713028.03,820.87,1141.57,161.03,127.87,803.96,516.42,0.0,0.0,,,,Y,,,通信,通信设备,通信配套服务,4.14,4.18,4.22
sz300050,世纪鼎利,2018-10-16,4.07,4.2,4.0,4.09,4.08,3377720.0,13912951.0,2033750213.69,2273758681.62,68953780.33,3608055.699999996,2823402643.72,3604641924.45,781239280.73,17713028.03,557.95,718.4,68.4,100.42,764.94,572.47,0.0,0.0,,,,Y,,,通信,通信设备,通信配套服务,4.14,4.14,4.15
sz300050,世纪鼎利,2018-10-17,4.2,4.22,4.07,4.18,4.09,2839320.0,11818682.0,2078502663.38,2323792491.24,68953780.33,3608055.699999996,2823402643.72,3604641924.45,781239280.73,17713028.03,580.04,537.31,152.57,112.53,449.26,532.02,0.0,0.0,,,,Y,,,通信,通信设备,通信配套服务,4.16,4.13,4.15
sz300050,世纪鼎利,2018-10-18,4.15,4.16,4.01,4.02,4.18,2799639.0,11466072.0,1998942752.82,2234843496.36,68953780.33,3608055.699999996,2823402643.72,3604641924.45,781239280.73,17713028.03,539.12,621.06,30.23,130.66,577.26,394.89,0.0,0.0,,,,Y,,,通信,通信设备,通信配套服务,4.1,4.13,4.06
sz300050,世纪鼎利,2018-10-19,4.02,4.19,3.98,4.17,4.02,3422900.0,14115764.0,2073530168.97,2318233179.06,68953780.33,3608055.699999996,2823402643.72,3604641924.45,781239280.73,17713028.03,580.96,704.4,125.81,110.23,704.81,596.95,0.0,0.0,,,,Y,,,通信,通信设备,通信配套服务,4.03,4.07,4.07
sz300050,世纪鼎利,2018-10-22,4.24,4.44,4.2,4.35,4.17,5035500.0,21805651.0,2163035068.35,2370083223.3,68953780.33,3608055.699999996,2823402643.72,3604641924.45,781239280.73,17713028.03,933.27,905.61,417.82,156.87,829.48,1118.08,0.0,0.0,,,,Y,,,通信,通信设备,通信配套服务,4.24,4.25,4.28
sz300050,世纪鼎利,2018-10-23,4.36,4.46,4.3,4.33,4.35,4208549.0,18387000.0,2153090079.53,2359186288.94,68953780.33,3608055.699999996,2823402643.72,3604641924.45,781239280.73,17713028.03,756.37,948.65,235.73,218.29,846.59,671.76,0.0,0.0,,,,Y,,,通信,通信设备,通信配套服务,4.36,4.42,4.39
sz300050,世纪鼎利,2018-10-24,4.33,4.42,4.3,4.35,4.33,3663877.0,16000363.0,2163035068.35,2370083223.3,68953780.33,3608055.699999996,2823402643.72,3604641924.45,781239280.73,17713028.03,638.82,756.77,308.75,240.42,652.46,602.84,0.0,0.0,,,,Y,,,通信,通信设备,通信配套服务,4.37,4.36,4.36
sz300050,世纪鼎利,2018-10-25,4.25,4.34,4.2,4.33,4.35,3611100.0,15379336.0,2153090079.53,2359186288.94,68953780.33,3608055.699999996,2823402643.72,3604641924.45,781239280.73,17713028.03,612.57,758.44,107.43,184.2,817.94,595.3,0.0,0.0,,,,Y,,,通信,通信设备,通信配套服务,4.24,4.26,4.24
sz300050,世纪鼎利,2018-10-26,4.36,4.42,4.34,4.37,4.33,2771387.0,12145796.0,2172980057.17,2380980157.66,68953780.33,3608055.699999996,2823402643.72,3604641924.45,781239280.73,17713028.03,520.59,511.99,21.85,151.22,672.14,551.36,0.0,0.0,,,,Y,,,通信,通信设备,通信配套服务,4.38,4.4,4.4
sz300050,世纪鼎利,2018-10-29,4.29,4.39,4.2,4.26,4.37,2868017.0,12313215.0,2118282618.66,2321047018.68,53854998.81,26088074.01999999,2838946306.6,3610748554.96,771802248.36,2227024.8000000007,431.07,254.91,154.05,209.06,646.21,767.35,0.0,0.0,,,,Y,,,通信,通信设备,通信配套服务,4.32,4.32,4.36
sz300050,世纪鼎利,2018-10-30,4.27,4.33,4.19,4.3,4.26,5065200.0,21583649.0,2138172596.3,2342840887.4,53854998.81,26088074.01999999,2838946306.6,3610748554.96,771802248.36,2227024.8000000007,1087.99,1064.59,120.76,352.95,949.62,740.82,0.0,0.0,,,,Y,,,通信,通信设备,通信配套服务,4.27,4.21,4.23
sz300050,世纪鼎利,2018-10-31,4.28,4.43,4.28,4.39,4.3,9294587.0,40671662.0,2182925045.99,2391877092.02,53854998.81,26088074.01999999,2838946306.6,3610748554.96,771802248.36,2227024.8000000007,1356.05,2018.37,1118.7,1077.51,1099.27,825.27,493.15,146.02,,,,Y,,,通信,通信设备,通信配套服务,4.33,4.32,4.36
sz300050,世纪鼎利,2018-11-01,4.42,4.51,4.38,4.41,4.39,9202300.0,41020266.0,2192870034.81,2402774026.38,53854998.81,26088074.01999999,2838946306.6,3610748554.96,771802248.36,2227024.8000000007,1797.09,1408.91,1057.7,726.26,1054.1,1440.34,193.13,526.52,,,,Y,,,通信,通信设备,通信配套服务,4.43,4.44,4.45
sz300050,世纪鼎利,2018-11-02,4.45,4.56,4.43,4.55,4.41,9038457.0,40737547.0,2262484956.55,2479052566.9,53854998.81,26088074.01999999,2838946306.6,3610748554.96,771802248.36,2227024.8000000007,1756.81,1618.06,1143.2,1081.02,1173.75,1255.6,0.0,119.08,,,,Y,,,通信,通信设备,通信配套服务,4.46,4.5,4.51
sz300050,世纪鼎利,2018-11-05,4.54,4.64,4.47,4.61,4.55,7412522.0,33916984.0,2292319923.01,2511743369.98,53854998.81,26088074.01999999,2838946306.6,3610748554.96,771802248.36,2227024.8000000007,1405.64,1433.83,742.9,897.24,1243.16,949.74,0.0,110.89,,,,Y,,,通信,通信设备,通信配套服务,4.58,4.56,4.6
sz300050,世纪鼎利,2018-11-06,4.6,4.61,4.49,4.58,4.61,5550044.0,25231469.0,2277402439.78,2495397968.44,53854998.81,26088074.01999999,2838946306.6,3610748554.96,771802248.36,2227024.8000000007,867.99,969.56,590.69,725.9,880.81,827.69,183.66,0.0,,,,Y,,,通信,通信设备,通信配套服务,4.57,4.54,4.53
sz300050,世纪鼎利,2018-11-07,4.59,4.98,4.58,4.64,4.58,14056206.0,66172760.0,2307237406.24,2528088771.52,53854998.81,26088074.01999999,2838946306.6,3610748554.96,771802248.36,2227024.8000000007,2666.0,2714.47,1682.2,1833.89,2085.08,1725.27,184.0,343.64,,,,Y,,,通信,通信设备,通信配套服务,4.62,4.62,4.65
sz300050,世纪鼎利,2018-11-08,4.67,4.71,4.56,4.64,4.64,9120119.0,42131222.0,2307237406.24,2528088771.52,53854998.81,26088074.01999999,2838946306.6,3610748554.96,771802248.36,2227024.8000000007,2076.32,1808.13,886.68,945.66,1250.12,1459.33,0.0,0.0,,,,Y,,,通信,通信设备,通信配套服务,4.65,4.62,4.58
sz300050,世纪鼎利,2018-11-09,4.58,4.82,4.52,4.67,4.64,12373819.0,57979392.0,2322154889.47,2544434173.06,53854998.81,26088074.01999999,2838946306.6,3610748554.96,771802248.36,2227024.8000000007,2469.45,2436.18,1495.67,1011.86,1612.25,2123.3,220.56,226.59,,,,Y,,,通信,通信设备,通信配套服务,4.58,4.57,4.59
sz300050,世纪鼎利,2018-11-12,4.67,4.94,4.63,4.9,4.67,14261798.0,68804652.0,2436522260.9,2669748918.2,53854998.81,26088074.01999999,2838946306.6,3610748554.96,771802248.36,2227024.8000000007,2987.23,2940.67,1671.39,1242.39,1852.76,2589.78,369.07,107.61,,,,Y,,,通信,通信设备,通信配套服务,4.75,4.75,4.77
sz300050,世纪鼎利,2018-11-13,4.82,5.07,4.82,5.04,4.9,18557772.0,92068258.0,2506137182.64,2746027458.72,53854998.81,26088074.01999999,2838946306.6,3610748554.96,771802248.36,2227024.8000000007,4440.35,4365.91,2083.87,2101.85,2482.97,2547.5,199.63,191.56,,,,Y,,,通信,通信设备,通信配套服务,4.91,4.98,4.96
sz300050,世纪鼎利,2018-11-14,4.99,5.09,4.95,4.97,5.04,12068396.0,60608558.0,2471329721.77,2707888188.46,53854998.81,26088074.01999999,2838946306.6,3610748554.96,771802248.36,2227024.8000000007,2789.37,2795.95,1236.67,1569.59,1828.34,1695.31,206.48,0.0,,,,Y,,,通信,通信设备,通信配套服务,5.02,4.99,4.99
sz300050,世纪鼎利,2018-11-15,4.97,5.14,4.95,5.08,4.97,11816987.0,59321727.0,2526027160.28,2767821327.44,53854998.81,26088074.01999999,2838946306.6,3610748554.96,771802248.36,2227024.8000000007,2452.26,2706.72,1928.54,1435.34,1353.81,1565.78,197.57,224.33,,,,Y,,,通信,通信设备,通信配套服务,4.97,4.99,4.99
sz300050,世纪鼎利,2018-11-16,5.05,5.16,5.01,5.12,5.08,10027559.0,51042137.0,2545917137.92,2789615196.16,53854998.81,26088074.01999999,2838946306.6,3610748554.96,771802248.36,2227024.8000000007,2043.46,2313.36,1499.09,1372.25,1458.88,1418.6,102.78,0.0,,,,Y,,,通信,通信设备,通信配套服务,5.07,5.08,5.05
sz300050,世纪鼎利,2018-11-19,5.09,5.13,4.97,5.06,5.12,8700645.0,43833570.0,2516082171.46,2756924393.08,53854998.81,26088074.01999999,2838946306.6,3610748554.96,771802248.36,2227024.8000000007,1758.2,1859.47,820.32,1287.95,1659.75,1235.94,145.08,0.0,,,,Y,,,通信,通信设备,通信配套服务,5.1,5.07,5.06
sz300050,世纪鼎利,2018-11-20,5.0,5.1,4.89,4.92,5.06,6270516.0,31387131.0,2446467249.72,2680645852.56,53854998.81,26088074.01999999,2838946306.6,3610748554.96,771802248.36,2227024.8000000007,1124.85,1526.42,311.91,504.59,1701.95,1107.69,0.0,0.0,,,,Y,,,通信,通信设备,通信配套服务,5.0,5.04,5.09
sz300050,世纪鼎利,2018-11-21,4.85,4.95,4.79,4.94,4.92,6392635.0,31112193.0,2456412238.54,2691542786.92,53854998.81,26088074.01999999,2838946306.6,3610748554.96,771802248.36,2227024.8000000007,1427.45,1591.97,360.03,344.36,1323.74,1174.88,0.0,0.0,,,,Y,,,通信,通信设备,通信配套服务,4.87,4.86,4.88
sz300050,世纪鼎利,2018-11-22,4.92,5.08,4.91,5.02,4.94,9216251.0,46046553.0,2496192193.82,2735130524.36,53854998.81,26088074.01999999,2838946306.6,3610748554.96,771802248.36,2227024.8000000007,2157.94,1813.31,1018.41,1252.31,1109.02,1539.03,319.28,0.0,,,,Y,,,通信,通信设备,通信配套服务,4.95,5.0,4.94
sz300050,世纪鼎利,2018-11-23,5.03,5.12,4.86,4.88,5.02,17311771.0,86741740.0,2426577272.08,2658851983.84,53854998.81,26088074.01999999,2838946306.6,3610748554.96,771802248.36,2227024.8000000007,5777.74,4181.29,1035.05,1857.31,1861.37,2483.98,0.0,151.58,,,,Y,,,通信,通信设备,通信配套服务,5.02,5.07,5.07
sz300050,世纪鼎利,2018-11-26,4.84,5.26,4.73,5.19,4.88,18485584.0,94175125.0,2580724598.79,2827754466.42,53854998.81,26088074.01999999,2838946306.6,3610748554.96,771802248.36,2227024.8000000007,5087.0,4070.9,1469.97,1963.45,2486.14,3383.15,374.4,0.0,,,,Y,,,通信,通信设备,通信配套服务,4.79,4.86,4.88
sz300050,世纪鼎利,2018-11-27,5.18,5.37,5.06,5.29,5.19,16182301.0,84454195.0,2630449542.89,2882239138.22,53854998.81,26088074.01999999,2838946306.6,3610748554.96,771802248.36,2227024.8000000007,3204.04,3600.32,1636.4,1901.16,2655.06,2567.45,949.93,376.48,,,,Y,,,通信,通信设备,通信配套服务,5.16,5.14,5.24
sz300050,世纪鼎利,2018-11-28,5.24,5.82,5.22,5.5,5.29,26503629.0,145396671.0,2734871925.5,2996656949.0,53854998.81,26088074.01999999,2838946306.6,3610748554.96,771802248.36,2227024.8000000007,5749.84,5858.13,3869.81,3835.94,3084.2,4363.32,1835.81,482.27,,,,Y,,,通信,通信设备,通信配套服务,5.25,5.3,5.29
sz300050,世纪鼎利,2018-11-29,5.45,5.53,5.24,5.24,5.5,12900000.0,69725226.0,2605587070.84,2854996802.32,53854998.81,26088074.01999999,2838946306.6,3610748554.96,771802248.36,2227024.8000000007,3782.26,2909.3,1177.04,1941.44,2013.22,1980.82,0.0,140.96,,,,Y,,,通信,通信设备,通信配套服务,5.5,5.45,5.44
sz300050,世纪鼎利,2018-11-30,5.2,5.4,5.11,5.4,5.24,8914200.0,47018676.0,2685146981.4,2942172277.2,53854998.81,26088074.01999999,2838946306.6,3610748554.96,771802248.36,2227024.8000000007,2137.02,2175.39,976.8,590.05,1588.05,1936.43,0.0,0.0,,,,Y,,,通信,通信设备,通信配套服务,5.22,5.28,5.31
sz300050,世纪鼎利,2018-12-03,5.5,5.94,5.45,5.94,5.4,14601898.0,84037313.0,2953661679.54,3236389504.92,53854998.81,26088074.01999999,2838946306.6,3610748554.96,771802248.36,2227024.8000000007,2425.81,2853.64,1852.33,1925.18,1367.15,3042.89,2758.44,582.01,,,,Y,,,通信,通信设备,通信配套服务,5.46,5.54,5.66
sz300050,世纪鼎利,2018-12-04,6.05,6.53,5.9,6.53,5.94,43350919.0,271823769.0,3247038849.73,3557849068.54,53854998.81,26088074.01999999,2838946306.6,3610748554.96,771802248.36,2227024.8000000007,6569.33,9809.48,5405.72,8685.57,6477.25,6495.64,8730.06,2191.68,,,,Y,,,通信,通信设备,通信配套服务,6.16,5.94,5.93
sz300050,世纪鼎利,2018-12-05,6.49,7.18,6.28,7.18,6.53,63511360.0,432487723.0,3570250986.38,3911999435.24,53854998.81,26088074.01999999,2838946306.6,3610748554.96,771802248.36,2227024.8000000007,9752.15,15884.56,8064.74,11176.16,8976.02,12090.6,16455.84,4097.43,,,,Y,,,通信,通信设备,通信配套服务,6.4,6.7,6.63
sz300050,世纪鼎利,2018-12-06,7.2,7.36,6.46,6.46,7.18,54152428.0,359234872.0,3212231388.86,3519709798.28,53854998.81,26088074.01999999,2838946306.6,3610748554.96,771802248.36,2227024.8000000007,10589.02,13739.86,8751.38,10251.31,11009.42,6365.42,5573.63,5566.84,,,,Y,,,通信,通信设备,通信配套服务,6.75,7.05,6.6
sz300050,世纪鼎利,2018-12-07,6.45,6.77,5.94,6.06,6.46,63789563.0,403938566.0,3013331612.46,3301771111.08,53854998.81,26088074.01999999,2838946306.6,3610748554.96,771802248.36,2227024.8000000007,13079.52,19231.1,8965.82,6947.54,13473.49,12852.04,4875.02,1363.17,,,,Y,,,通信,通信设备,通信配套服务,6.31,6.51,6.53
sz300050,世纪鼎利,2018-12-10,5.89,6.11,5.63,5.98,6.06,43407935.0,253818787.0,2973551657.18,3258183373.64,53854998.81,26088074.01999999,2838946306.6,3610748554.96,771802248.36,2227024.8000000007,9948.81,9027.67,5764.65,6809.55,8895.37,7791.91,773.04,1752.73,,,,Y,,,通信,通信设备,通信配套服务,5.77,5.71,5.74
sz300050,世纪鼎利,2018-12-11,5.9,6.26,5.82,6.18,5.98,40295804.0,245960154.0,3073001545.38,3367152717.24,53854998.81,26088074.01999999,2838946306.6,3610748554.96,771802248.36,2227024.8000000007,9690.7,10277.49,5015.08,5368.7,8145.59,8126.28,1744.62,823.51,,,,Y,,,通信,通信设备,通信配套服务,5.89,5.93,6.13
sz300050,世纪鼎利,2018-12-12,6.06,6.11,5.69,5.78,6.18,33444159.0,196697948.0,2874101768.98,3149214030.04,53854998.81,26088074.01999999,2838946306.6,3610748554.96,771802248.36,2227024.8000000007,7981.22,8069.03,3416.19,4818.87,8100.66,5518.6,171.72,1263.28,,,,Y,,,通信,通信设备,通信配套服务,6.07,5.98,5.92
sz300050,世纪鼎利,2018-12-13,5.88,5.92,5.77,5.87,5.78,23676865.0,138398872.0,2918854218.67,3198250234.66,53854998.81,26088074.01999999,2838946306.6,3610748554.96,771802248.36,2227024.8000000007,5947.07,5544.4,2219.25,2868.27,4933.02,4757.37,740.53,669.84,,,,Y,,,通信,通信设备,通信配套服务,5.83,5.81,5.88
sz300050,世纪鼎利,2018-12-14,5.77,5.84,5.4,5.5,5.87,23576341.0,132293696.0,2734871925.5,2996656949.0,53854998.81,26088074.01999999,2838946306.6,3610748554.96,771802248.36,2227024.8000000007,4854.86,6126.3,2168.6,3395.98,5989.14,3266.53,216.76,440.55,,,,Y,,,通信,通信设备,通信配套服务,5.74,5.75,5.78
sz300050,世纪鼎利,2018-12-17,5.52,5.61,5.42,5.55,5.5,12664448.0,69872581.0,2759734397.55,3023899284.9,53854998.81,26088074.01999999,2838946306.6,3610748554.96,771802248.36,2227024.8000000007,3222.23,3209.14,1304.06,1383.79,2460.96,2394.32,0.0,0.0,,,,Y,,,通信,通信设备,通信配套服务,5.51,5.45,5.46
sz300050,世纪鼎利,2018-12-18,5.5,5.61,5.38,5.51,5.55,12510338.0,68644680.0,2739844419.91,3002105416.18,53854998.81,26088074.01999999,2838946306.6,3610748554.96,771802248.36,2227024.8000000007,3139.61,3418.73,1016.51,1215.81,2708.35,2229.93,0.0,0.0,,,,Y,,,通信,通信设备,通信配套服务,5.52,5.57,5.59
sz300050,世纪鼎利,2018-12-19,5.54,5.72,5.47,5.51,5.51,18184451.0,101764428.0,2739844419.91,3002105416.18,53854998.81,26088074.01999999,2838946306.6,3610748554.96,771802248.36,2227024.8000000007,4594.86,4136.82,1544.81,1794.87,3849.63,3701.54,187.14,543.21,,,,Y,,,通信,通信设备,通信配套服务,5.52,5.55,5.56
sz300050,世纪鼎利,2018-12-20,5.45,5.73,5.45,5.7,5.51,18095339.0,101739762.0,2834321813.7,3105626292.6,53854998.81,26088074.01999999,2838946306.6,3610748554.96,771802248.36,2227024.8000000007,4272.18,4287.92,2603.58,1497.96,3016.46,4060.4,281.76,327.69,,,,Y,,,通信,通信设备,通信配套服务,5.54,5.63,5.59
sz300050,世纪鼎利,2018-12-21,5.65,5.83,5.59,5.76,5.7,18278050.0,104605659.0,2864156780.16,3138317095.68,53854998.81,26088074.01999999,2838946306.6,3610748554.96,771802248.36,2227024.8000000007,4382.17,4455.31,1672.19,2231.81,4032.58,3658.24,373.62,115.2,,,,Y,,,通信,通信设备,通信配套服务,5.64,5.66,5.74
sz300050,世纪鼎利,2018-12-24,5.78,5.96,5.75,5.87,5.76,21623138.0,127155143.0,2918854218.67,3198250234.66,53854998.81,26088074.01999999,2838946306.6,3610748554.96,771802248.36,2227024.8000000007,5293.91,4876.94,2699.49,3093.42,4556.41,4314.18,101.14,366.41,,,,Y,,,通信,通信设备,通信配套服务,5.82,5.86,5.86
sz300050,世纪鼎利,2018-12-25,5.8,5.91,5.44,5.77,5.87,24161441.0,137533262.0,2869129274.57,3143765562.86,53854998.81,26088074.01999999,2838946306.6,3610748554.96,771802248.36,2227024.8000000007,5761.59,5676.34,2643.56,3303.3,5313.7,4272.45,34.48,501.24,,,,Y,,,通信,通信设备,通信配套服务,5.65,5.54,5.54
sz300050,世纪鼎利,2018-12-26,5.74,5.75,5.41,5.43,5.77,19721600.0,110114545.0,2700064464.63,2958517678.74,53854998.81,26088074.01999999,2838946306.6,3610748554.96,771802248.36,2227024.8000000007,4585.05,4742.95,1273.32,2754.64,5113.87,3240.57,39.21,273.29,,,,Y,,,通信,通信设备,通信配套服务,5.69,5.7,5.61
sz300050,世纪鼎利,2018-12-27,5.54,5.97,5.51,5.97,5.43,18715499.0,109317311.0,2968579162.77,3252734906.46,53854998.81,26088074.01999999,2838946306.6,3610748554.96,771802248.36,2227024.8000000007,2106.65,3930.08,2370.44,2206.66,1252.28,4196.35,5202.35,598.63,,,,Y,,,通信,通信设备,通信配套服务,5.58,5.97,5.97
sz300050,世纪鼎利,2018-12-28,5.97,6.57,5.91,6.21,5.97,57274740.0,355276942.0,3087919028.61,3383498118.78,53854998.81,26088074.01999999,2838946306.6,3610748554.96,771802248.36,2227024.8000000007,12298.04,12985.79,6148.18,10365.04,14488.6,10872.36,2592.86,1304.49,,,,Y,,,通信,通信设备,通信配套服务,6.06,6.14,6.23
sz300050,世纪鼎利,2019-01-02,6.15,6.38,6.02,6.15,6.21,36384202.0,224567257.0,3058084062.15,3350807315.7,53854998.81,26088074.01999999,2838946306.6,3610748554.96,771802248.36,2227024.8000000007,9026.42,8644.55,3943.59,5053.39,9082.84,8193.73,403.88,565.05,,,,Y,,,通信,通信设备,通信配套服务,6.1,6.1,6.18
sz300050,世纪鼎利,2019-01-03,6.1,6.2,5.61,5.66,6.15,33134833.0,192678827.0,2814431836.06,3083832423.88,53854998.81,26088074.01999999,2838946306.6,3610748554.96,771802248.36,2227024.8000000007,7710.02,7728.79,2901.21,4345.47,8286.7,6624.18,369.94,569.43,,,,Y,,,通信,通信设备,通信配套服务,6.13,6.07,6.13
sz300050,世纪鼎利,2019-01-04,5.6,5.82,5.46,5.77,5.66,22053236.0,125520790.0,2869129274.57,3143765562.86,53854998.81,26088074.01999999,2838946306.6,3610748554.96,771802248.36,2227024.8000000007,4749.82,4988.91,3541.73,2346.04,4111.03,4912.48,149.5,304.65,,,,Y,,,通信,通信设备,通信配套服务,5.5,5.6,5.68
sz300050,世纪鼎利,2019-01-07,5.79,6.17,5.77,6.01,5.77,26809921.0,161175941.0,2988469140.41,3274528775.18,53854998.81,26088074.01999999,2838946306.6,3610748554.96,771802248.36,2227024.8000000007,6523.79,6404.58,3660.97,3170.84,5352.49,6168.58,580.35,373.59,,,,Y,,,通信,通信设备,通信配套服务,5.83,5.8,5.97
sz300050,世纪鼎利,2019-01-08,6.1,6.13,5.78,5.89,6.01,22566158.0,134121019.0,2928799207.49,3209147169.02,53854998.81,26088074.01999999,2838946306.6,3610748554.96,771802248.36,2227024.8000000007,5698.72,5752.95,1583.64,3369.08,5917.06,3740.69,212.69,549.37,,,,Y,,,通信,通信设备,通信配套服务,6.07,6.02,6.05
sz300050,世纪鼎利,2019-01-09,5.98,6.48,5.91,6.29,5.89,49834967.0,315005908.0,3127698983.89,3427085856.22,53854998.81,26088074.01999999,2838946306.6,3610748554.96,771802248.36,2227024.8000000007,10281.73,12964.08,7223.44,5866.97,7432.4,11504.34,6563.01,1165.19,,,,Y,,,通信,通信设备,通信配套服务,6.01,6.19,6.17
sz300050,世纪鼎利,2019-01-10,6.33,6.39,6.08,6.2,6.29,35707630.0,222094778.0,3082946534.2,3378049651.6,53854998.81,26088074.01999999,2838946306.6,3610748554.96,771802248.36,2227024.8000000007,9665.0,8025.73,3714.85,6854.65,8324.96,6234.81,504.65,1094.28,,,,Y,,,通信,通信设备,通信配套服务,6.19,6.19,6.2
sz300050,世纪鼎利,2019-01-11,6.22,6.61,6.2,6.25,6.2,36920233.0,235435526.0,3107809006.25,3405291987.5,53854998.81,26088074.01999999,2838946306.6,3610748554.96,771802248.36,2227024.8000000007,9689.96,8996.12,4476.84,5574.95,8241.04,7760.02,1135.7,1212.44,,,,Y,,,通信,通信设备,通信配套服务,6.31,6.39,6.51
sz300050,世纪鼎利,2019-01-14,6.29,6.34,6.06,6.3,6.25,24331079.0,150002434.0,3132671478.3,3432534323.4,53854998.81,26088074.01999999,2838946306.6,3610748554.96,771802248.36,2227024.8000000007,6067.24,5741.45,2735.85,4234.97,5856.49,4671.13,340.65,352.69,,,,Y,,,通信,通信设备,通信配套服务,6.2,6.1,6.11
sz300050,世纪鼎利,2019-01-15,6.2,6.27,6.12,6.18,6.3,17280889.0,106861556.0,3073001545.38,3367152717.24,53854998.81,26088074.01999999,2838946306.6,3610748554.96,771802248.36,2227024.8000000007,4641.91,4147.3,1508.85,2860.36,4535.39,3558.56,0.0,119.93,,,,Y,,,通信,通信设备,通信配套服务,6.21,6.22,6.15
sz300050,世纪鼎利,2019-01-16,6.17,6.24,6.04,6.05,6.18,13747525.0,84122453.0,3008359118.05,3296322643.9,53854998.81,26088074.01999999,2838946306.6,3610748554.96,771802248.36,2227024.8000000007,3493.89,3687.66,869.95,1685.65,4048.4,2456.4,0.0,582.54,,,,Y,,,通信,通信设备,通信配套服务,6.13,6.2,6.21
sz300050,世纪鼎利,2019-01-17,6.06,6.08,5.79,5.8,6.05,14822400.0,87591487.0,2884046757.8,3160110964.4,53854998.81,26088074.01999999,2838946306.6,3610748554.96,771802248.36,2227024.8000000007,3450.6,3712.43,1069.19,2172.63,4096.69,2540.55,142.67,333.54,,,,Y,,,通信,通信设备,通信配套服务,6.01,6.0,5.97
sz300050,世纪鼎利,2019-01-18,5.8,5.89,5.65,5.8,5.8,11830969.0,68155100.0,2884046757.8,3160110964.4,53854998.81,26088074.01999999,2838946306.6,3610748554.96,771802248.36,2227024.8000000007,2798.91,2922.53,1301.32,1496.89,2659.03,2386.4,46.57,0.0,,,,Y,,,通信,通信设备,通信配套服务,5.84,5.86,5.87
sz300050,世纪鼎利,2019-01-21,5.8,6.05,5.73,5.95,5.8,14505983.0,86152428.0,2958634173.95,3241837972.1,53854998.81,26088074.01999999,2838946306.6,3610748554.96,771802248.36,2227024.8000000007,3485.13,3637.26,1834.4,1571.2,2943.58,3406.78,352.13,0.0,,,,Y,,,通信,通信设备,通信配套服务,5.77,5.77,5.84
sz300050,世纪鼎利,2019-01-22,5.91,5.96,5.78,5.82,5.95,9477200.0,55382827.0,2893991746.62,3171007898.76,53854998.81,26088074.01999999,2838946306.6,3610748554.96,771802248.36,2227024.8000000007,2460.0,2072.42,663.07,1541.8,2415.21,1474.17,0.0,449.89,,,,Y,,,通信,通信设备,通信配套服务,5.92,5.88,5.83
sz300050,世纪鼎利,2019-01-23,5.79,5.8,5.63,5.78,5.82,8601302.0,49178873.0,2874101768.98,3149214030.04,53854998.81,26088074.01999999,2838946306.6,3610748554.96,771802248.36,2227024.8000000007,1831.2,2273.37,1171.83,1015.52,1914.85,1629.0,0.0,0.0,,,,Y,,,通信,通信设备,通信配套服务,5.79,5.74,5.75
sz300050,世纪鼎利,2019-01-24,5.79,5.89,5.74,5.82,5.78,7158278.0,41768439.0,2893991746.62,3171007898.76,53854998.81,26088074.01999999,2838946306.6,3610748554.96,771802248.36,2227024.8000000007,2109.52,1743.19,742.37,755.38,1324.96,1678.27,0.0,0.0,,,,Y,,,通信,通信设备,通信配套服务,5.77,5.76,5.81
sz300050,世纪鼎利,2019-01-25,5.81,5.84,5.59,5.6,5.82,9220500.0,52479321.0,2784596869.6,3051141620.8,53854998.81,26088074.01999999,2838946306.6,3610748554.96,771802248.36,2227024.8000000007,2248.01,2344.22,507.08,1531.91,2492.84,1175.7,0.0,196.1,,,,Y,,,通信,通信设备,通信配套服务,5.8,5.78,5.78
sz300050,世纪鼎利,2019-01-28,5.5,5.54,5.3,5.3,5.6,11833469.0,63718678.0,2635422037.3,2887687605.4,53854998.81,26088074.01999999,2838946306.6,3610748554.96,771802248.36,2227024.8000000007,2416.66,3080.65,1118.29,1237.0,2836.91,2054.22,0.0,0.0,,,,Y,,,通信,通信设备,通信配套服务,5.46,5.36,5.39
sz300050,世纪鼎利,2019-01-29,5.25,5.25,5.02,5.15,5.3,8704662.0,44760440.0,2560834621.15,2805960597.7,53854998.81,26088074.01999999,2838946306.6,3610748554.96,771802248.36,2227024.8000000007,1707.26,2124.56,656.93,842.26,2031.91,1509.22,79.94,0.0,,,,Y,,,通信,通信设备,通信配套服务,5.16,5.2,5.23
sz300050,世纪鼎利,2019-01-30,5.17,5.18,4.98,4.98,5.15,6401902.0,32419435.0,2476302216.18,2713336655.64,53854998.81,26088074.01999999,2838946306.6,3610748554.96,771802248.36,2227024.8000000007,1341.86,1240.28,396.91,745.33,1479.43,945.63,23.75,310.7,,,,Y,,,通信,通信设备,通信配套服务,5.12,5.08,5.14
sz300050,世纪鼎利,2019-01-31,4.96,5.12,4.83,4.92,4.98,7546900.0,37627926.0,2446467249.72,2680645852.56,53854998.81,26088074.01999999,2838946306.6,3610748554.96,771802248.36,2227024.8000000007,1435.91,1754.72,536.53,765.06,1790.36,1242.27,0.0,0.75,,,,Y,,,通信,通信设备,通信配套服务,4.96,5.03,5.0
sz300050,世纪鼎利,2019-02-01,4.94,5.11,4.94,5.09,4.92,5937615.0,30057954.0,2530999654.69,2773269794.62,53854998.81,26088074.01999999,2838946306.6,3610748554.96,771802248.36,2227024.8000000007,1198.49,920.78,654.33,650.8,1152.97,1434.21,0.0,0.0,,,,Y,,,通信,通信设备,通信配套服务,5.01,5.04,5.05
sz300050,世纪鼎利,2019-02-11,5.12,5.33,5.1,5.3,5.09,8299264.0,43661557.0,2635422037.3,2887687605.4,53854998.81,26088074.01999999,2838946306.6,3610748554.96,771802248.36,2227024.8000000007,1968.47,1724.7,1050.51,755.33,1306.5,1886.13,40.68,0.0,,,,Y,,,通信,通信设备,通信配套服务,5.1,5.14,5.19
sz300050,世纪鼎利,2019-02-12,5.31,5.44,5.27,5.34,5.3,8968301.0,47948524.0,2655312014.94,2909481474.12,53854998.81,26088074.01999999,2838946306.6,3610748554.96,771802248.36,2227024.8000000007,2186.53,1793.83,843.79,1206.51,1730.87,1720.1,33.67,74.41,,,,Y,,,通信,通信设备,通信配套服务,5.29,5.32,5.44
sz300050,世纪鼎利,2019-02-13,5.34,5.58,5.33,5.52,5.34,11866562.0,65054918.0,2744816914.32,3007553883.36,53854998.81,26088074.01999999,2838946306.6,3610748554.96,771802248.36,2227024.8000000007,2635.66,2563.46,2057.53,1045.93,1791.2,2846.44,21.1,49.66,,,,Y,,,通信,通信设备,通信配套服务,5.34,5.37,5.38
sz300050,世纪鼎利,2019-02-14,5.57,6.07,5.56,5.96,5.52,35587691.0,212599346.0,2963606668.36,3247286439.28,53854998.81,26088074.01999999,2838946306.6,3610748554.96,771802248.36,2227024.8000000007,7033.91,8710.16,4786.58,4393.89,5949.59,7343.84,3489.83,812.02,,,,Y,,,通信,通信设备,通信配套服务,5.9,5.88,5.93
sz300050,世纪鼎利,2019-02-15,5.77,5.94,5.7,5.8,5.96,24723811.0,143667956.0,2884046757.8,3160110964.4,53854998.81,26088074.01999999,2838946306.6,3610748554.96,771802248.36,2227024.8000000007,5787.12,5079.08,2811.15,3798.58,5646.72,3604.98,121.8,1884.15,,,,Y,,,通信,通信设备,通信配套服务,5.73,5.82,5.82
sz300050,世纪鼎利,2019-02-18,5.8,6.01,5.8,5.98,5.8,16687765.0,98841187.0,2973551657.18,3258183373.64,53854998.81,26088074.01999999,2838946306.6,3610748554.96,771802248.36,2227024.8000000007,3674.3,4124.61,2351.43,1664.33,3398.89,4028.48,459.48,66.69,,,,Y,,,通信,通信设备,通信配套服务,5.84,5.88,5.85
sz300050,世纪鼎利,2019-02-19,6.01,6.06,5.82,5.92,5.98,16298748.0,96818263.0,2943716690.72,3225492570.56,53854998.81,26088074.01999999,2838946306.6,3610748554.96,771802248.36,2227024.8000000007,4252.31,3872.82,1363.87,2416.48,3925.93,2957.44,139.71,435.08,,,,Y,,,通信,通信设备,通信配套服务,5.98,5.99,5.99
sz300050,世纪鼎利,2019-02-20,5.93,6.2,5.81,6.19,5.92,22372969.0,134265545.0,3077974039.79,3372601184.42,53854998.81,26088074.01999999,2838946306.6,3610748554.96,771802248.36,2227024.8000000007,4450.05,5582.12,3140.94,2645.34,4023.98,4942.68,1811.58,256.4,,,,Y,,,通信,通信设备,通信配套服务,5.87,5.88,5.87
sz300050,世纪鼎利,2019-02-21,6.06,6.37,5.96,5.99,6.19,30933422.0,190671464.0,2978524151.59,3263631840.82,53854998.81,26088074.01999999,2838946306.6,3610748554.96,771802248.36,2227024.8000000007,7814.12,7003.32,3772.48,5830.29,7233.13,6076.18,247.41,157.35,,,,Y,,,通信,通信设备,通信配套服务,6.04,6.0,6.08
sz300050,世纪鼎利,2019-02-22,5.98,6.36,5.97,6.31,5.99,26976700.0,166660575.0,3137643972.71,3437982790.58,53854998.81,26088074.01999999,2838946306.6,3610748554.96,771802248.36,2227024.8000000007,5546.62,6834.26,4071.19,3601.03,4524.15,6107.98,2524.1,122.79,,,,Y,,,通信,通信设备,通信配套服务,6.11,6.06,6.04
sz300050,世纪鼎利,2019-02-25,6.5,6.59,6.31,6.53,6.31,26716646.0,172462206.0,3247038849.73,3557849068.54,53854998.81,26088074.01999999,2838946306.6,3610748554.96,771802248.36,2227024.8000000007,7135.75,6523.22,4293.99,4396.05,5681.89,5393.58,134.58,933.37,,,,Y,,,通信,通信设备,通信配套服务,6.4,6.41,6.36
sz300050,世纪鼎利,2019-02-26,6.54,6.62,6.31,6.38,6.53,22062451.0,141906188.0,3172451433.58,3476122060.84,53854998.81,26088074.01999999,2838946306.6,3610748554.96,771802248.36,2227024.8000000007,6125.49,5893.36,2546.93,3105.97,4814.54,4610.39,703.65,580.88,,,,Y,,,通信,通信设备,通信配套服务,6.41,6.41,6.4
sz300050,世纪鼎利,2019-02-27,6.35,6.57,6.21,6.33,6.38,17964234.0,115009392.0,3147588961.53,3448879724.94,53854998.81,26088074.01999999,2838946306.6,3610748554.96,771802248.36,2227024.8000000007,4976.49,4948.47,2197.05,2865.26,4011.61,3585.29,315.79,101.92,,,,Y,,,通信,通信设备,通信配套服务,6.39,6.37,6.4
sz300050,世纪鼎利,2019-02-28,6.33,6.45,6.18,6.29,6.33,15362322.0,97016656.0,3127698983.89,3427085856.22,53854998.81,26088074.01999999,2838946306.6,3610748554.96,771802248.36,2227024.8000000007,3937.54,3378.09,1009.42,3892.69,4710.42,2176.65,44.29,254.24,,,,Y,,,通信,通信设备,通信配套服务,6.38,6.42,6.42
sz300050,世纪鼎利,2019-03-01,6.32,6.36,6.12,6.27,6.29,14863765.0,92792573.0,3117753995.07,3416188921.86,53854998.81,26088074.01999999,2838946306.6,3610748554.96,771802248.36,2227024.8000000007,4080.97,3689.74,1098.27,3586.05,4100.01,2003.46,0.0,0.0,,,,Y,,,通信,通信设备,通信配套服务,6.33,6.32,6.27
sz300050,世纪鼎利,2019-03-04,6.33,6.58,6.3,6.38,6.27,23481298.0,151423841.0,3172451433.58,3476122060.84,53854998.81,26088074.01999999,2838946306.6,3610748554.96,771802248.36,2227024.8000000007,5699.02,5506.23,3167.02,4533.42,5112.3,4541.96,1164.05,560.77,,,,Y,,,通信,通信设备,通信配套服务,6.4,6.39,6.4
sz300050,世纪鼎利,2019-03-05,6.43,6.85,6.37,6.77,6.38,31821531.0,210952631.0,3366378715.57,3688612280.86,53854998.81,26088074.01999999,2838946306.6,3610748554.96,771802248.36,2227024.8000000007,7972.04,8343.37,6179.78,5332.39,5490.08,7039.82,1453.35,379.68,,,,Y,,,通信,通信设备,通信配套服务,6.42,6.43,6.48
sz300050,世纪鼎利,2019-03-06,6.77,7.33,6.61,7.1,6.77,42268415.0,297327984.0,3530471031.1,3868411697.8,53854998.81,26088074.01999999,2838946306.6,3610748554.96,771802248.36,2227024.8000000007,8923.98,10638.8,11070.36,10148.24,6982.43,7263.45,2756.03,1682.3,,,,Y,,,通信,通信设备,通信配套服务,6.9,6.78,6.76
sz300050,世纪鼎利,2019-03-07,7.19,7.81,7.05,7.8,7.1,49910860.0,374301165.0,3878545639.8,4249804400.4,53854998.81,26088074.01999999,2838946306.6,3610748554.96,771802248.36,2227024.8000000007,9827.42,11350.87,12511.1,12462.13,6993.76,8109.04,8097.83,5508.07,,,,Y,,,通信,通信设备,通信配套服务,7.18,7.28,7.28
sz300050,世纪鼎利,2019-03-08,7.3,7.52,7.02,7.02,7.8,53083837.0,382083456.0,3490691075.82,3824823960.36,53854998.81,26088074.01999999,2838946306.6,3610748554.96,771802248.36,2227024.8000000007,12536.62,12375.37,12277.76,12991.57,11637.6,8240.27,1756.35,4601.13,,,,Y,,,通信,通信设备,通信配套服务,7.07,7.1,7.29
sz300050,世纪鼎利,2019-03-11,7.03,7.2,6.82,7.2,7.02,28537888.0,200517126.0,3580195975.2,3922896369.6,53854998.81,26088074.01999999,2838946306.6,3610748554.96,771802248.36,2227024.8000000007,7984.64,7226.44,4980.87,5950.79,6676.21,6064.81,409.98,809.66,,,,Y,,,通信,通信设备,通信配套服务,7.05,6.89,7.05
sz300050,世纪鼎利,2019-03-12,7.28,7.38,7.11,7.22,7.2,30310083.0,219376698.0,3590140964.02,3933793303.96,53854998.81,26088074.01999999,2838946306.6,3610748554.96,771802248.36,2227024.8000000007,8196.23,8066.01,6366.7,6854.68,6501.31,6223.9,873.41,793.07,,,,Y,,,通信,通信设备,通信配套服务,7.23,7.21,7.17
sz300050,世纪鼎利,2019-03-13,7.22,7.25,6.69,6.85,7.22,24285393.0,170527523.0,3406158670.85,3732200018.3,53854998.81,26088074.01999999,2838946306.6,3610748554.96,771802248.36,2227024.8000000007,6481.75,7026.1,4194.79,4971.49,6366.35,3421.74,9.86,1633.41,,,,Y,,,通信,通信设备,通信配套服务,7.21,7.19,7.18
sz300050,世纪鼎利,2019-03-14,6.86,6.95,6.56,6.74,6.85,18310705.0,123490505.0,3351461232.34,3672266879.32,53854998.81,26088074.01999999,2838946306.6,3610748554.96,771802248.36,2227024.8000000007,5470.9,5077.78,2205.71,3982.87,4485.93,2934.55,186.51,353.84,,,,Y,,,通信,通信设备,通信配套服务,6.91,6.94,6.9
sz300050,世纪鼎利,2019-03-15,6.71,6.86,6.62,6.73,6.74,11519045.0,77851754.0,3346488737.93,3666818412.14,53854998.81,26088074.01999999,2838946306.6,3610748554.96,771802248.36,2227024.8000000007,3199.54,3063.2,1608.39,1685.16,2688.18,2801.53,289.07,235.28,,,,Y,,,通信,通信设备,通信配套服务,6.8,6.8,6.76
sz300050,世纪鼎利,2019-03-18,6.68,6.79,6.51,6.78,6.73,13870899.0,92439395.0,3371351209.98,3694060748.04,53854998.81,26088074.01999999,2838946306.6,3610748554.96,771802248.36,2227024.8000000007,4385.72,3701.55,1612.81,2387.0,3191.12,2887.58,54.29,267.81,,,,Y,,,通信,通信设备,通信配套服务,6.74,6.57,6.59
sz300050,世纪鼎利,2019-03-19,6.72,6.86,6.69,6.81,6.78,12353066.0,83738982.0,3386268693.21,3710406149.58,53854998.81,26088074.01999999,2838946306.6,3610748554.96,771802248.36,2227024.8000000007,3341.67,3455.88,2110.96,2384.45,2473.6,2367.08,447.67,166.49,,,,Y,,,通信,通信设备,通信配套服务,6.73,6.73,6.8
sz300050,世纪鼎利,2019-03-20,6.81,6.81,6.51,6.67,6.81,12940100.0,85991080.0,3316653771.47,3634127609.06,53854998.81,26088074.01999999,2838946306.6,3610748554.96,771802248.36,2227024.8000000007,3497.77,3399.17,1692.3,2249.04,3409.03,2608.15,0.0,342.75,,,,Y,,,通信,通信设备,通信配套服务,6.74,6.74,6.72
sz300050,世纪鼎利,2019-03-21,6.64,6.79,6.62,6.74,6.67,13175000.0,88821286.0,3351461232.34,3672266879.32,53854998.81,26088074.01999999,2838946306.6,3610748554.96,771802248.36,2227024.8000000007,3711.95,3183.43,2437.57,2591.23,2529.35,2796.52,203.26,310.95,,,,Y,,,通信,通信设备,通信配套服务,6.66,6.69,6.74
sz300050,世纪鼎利,2019-03-22,6.72,6.74,6.49,6.69,6.74,13603902.0,89945352.0,3326598760.29,3645024543.42,53854998.81,26088074.01999999,2838946306.6,3610748554.96,771802248.36,2227024.8000000007,4067.34,3370.89,1460.03,1894.0,3188.8,2740.76,278.37,988.88,,,,Y,,,通信,通信设备,通信配套服务,6.73,6.65,6.65
sz300050,世纪鼎利,2019-03-25,6.6,6.77,6.52,6.66,6.69,11131000.0,74230535.0,3311681277.06,3628679141.88,53854998.81,26088074.01999999,2838946306.6,3610748554.96,771802248.36,2227024.8000000007,2907.91,3032.09,2038.83,1946.07,2476.31,2444.89,0.0,0.0,,,,Y,,,通信,通信设备,通信配套服务,6.57,6.63,6.61
sz300050,世纪鼎利,2019-03-26,6.64,6.74,6.3,6.34,6.66,14465121.0,94677717.0,3152561455.94,3454328192.12,53854998.81,26088074.01999999,2838946306.6,3610748554.96,771802248.36,2227024.8000000007,3839.25,3261.67,1725.28,2904.37,3602.15,2309.76,301.09,991.97,,,,Y,,,通信,通信设备,通信配套服务,6.69,6.64,6.63
sz300050,世纪鼎利,2019-03-27,6.41,6.49,6.25,6.43,6.34,7816803.0,49883930.0,3197313905.63,3503364396.74,53854998.81,26088074.01999999,2838946306.6,3610748554.96,771802248.36,2227024.8000000007,2077.71,2361.59,284.65,837.6,2503.64,1789.2,122.4,0.0,,,,Y,,,通信,通信设备,通信配套服务,6.43,6.44,6.42
sz300050,世纪鼎利,2019-03-28,6.37,6.64,6.28,6.37,6.43,11416572.0,73991992.0,3167478939.17,3470673593.66,53854998.81,26088074.01999999,2838946306.6,3610748554.96,771802248.36,2227024.8000000007,3128.28,2824.32,1592.1,1365.92,2526.27,3024.53,152.54,184.43,,,,Y,,,通信,通信设备,通信配套服务,6.3,6.36,6.55
sz300050,世纪鼎利,2019-03-29,6.36,6.58,6.23,6.56,6.37,11966739.0,76930772.0,3261956332.96,3574194470.08,53854998.81,26088074.01999999,2838946306.6,3610748554.96,771802248.36,2227024.8000000007,3335.58,3083.79,1871.82,1540.62,2464.68,2936.67,20.99,131.99,,,,Y,,,通信,通信设备,通信配套服务,6.36,6.37,6.31
sz300050,世纪鼎利,2019-04-01,6.62,6.81,6.61,6.77,6.56,13009220.0,87661432.0,3366378715.57,3688612280.86,53854998.81,26088074.01999999,2838946306.6,3610748554.96,771802248.36,2227024.8000000007,3378.69,3324.9,2474.62,2130.76,2563.64,3061.54,349.19,248.94,,,,Y,,,通信,通信设备,通信配套服务,6.64,6.69,6.68
sz300050,世纪鼎利,2019-04-02,6.95,6.97,6.75,6.8,6.77,15859003.0,108383518.0,3381296198.8,3704957682.4,53854998.81,26088074.01999999,2838946306.6,3610748554.96,771802248.36,2227024.8000000007,3587.34,3620.46,2814.75,3865.6,3898.68,2807.41,537.59,544.88,,,,Y,,,通信,通信设备,通信配套服务,6.88,6.85,6.86
sz300050,世纪鼎利,2019-04-03,6.71,6.91,6.68,6.87,6.8,13134203.0,89849220.0,3416103659.67,3743096952.66,53854998.81,26088074.01999999,2838946306.6,3610748554.96,771802248.36,2227024.8000000007,3671.83,3110.89,2229.34,3005.53,2815.57,2533.34,268.18,335.15,,,,Y,,,通信,通信设备,通信配套服务,6.76,6.8,6.83
sz300050,世纪鼎利,2019-04-04,6.92,6.92,6.73,6.82,6.87,11342711.0,77295195.0,3391241187.62,3715854616.76,53854998.81,26088074.01999999,2838946306.6,3610748554.96,771802248.36,2227024.8000000007,3050.25,2882.3,1614.77,2329.28,2926.99,2313.78,137.51,204.16,,,,Y,,,通信,通信设备,通信配套服务,6.89,6.86,6.85
sz300050,世纪鼎利,2019-04-08,6.85,6.86,6.51,6.61,6.82,12001590.0,80230550.0,3286818805.01,3601436805.98,53854998.81,26088074.01999999,2838946306.6,3610748554.96,771802248.36,2227024.8000000007,3017.17,3418.53,1688.49,2416.21,3317.39,2082.69,0.0,105.62,,,,Y,,,通信,通信设备,通信配套服务,6.83,6.79,6.82
sz300050,世纪鼎利,2019-04-09,6.61,6.89,6.59,6.8,6.61,13801919.0,93366440.0,3381296198.8,3704957682.4,53854998.81,26088074.01999999,2838946306.6,3610748554.96,771802248.36,2227024.8000000007,3445.39,3705.64,2817.97,2218.35,2674.46,3340.37,398.82,72.28,,,,Y,,,通信,通信设备,通信配套服务,6.65,6.66,6.76
sz300050,世纪鼎利,2019-04-10,6.83,7.19,6.7,7.1,6.8,30672308.0,215577801.0,3530471031.1,3868411697.8,53854998.81,26088074.01999999,2838946306.6,3610748554.96,771802248.36,2227024.8000000007,6760.45,8162.35,7601.8,6644.97,5772.29,6750.46,1423.23,0.0,,,,Y,,,通信,通信设备,通信配套服务,6.81,6.89,6.95
sz300050,世纪鼎利,2019-04-11,7.03,7.13,6.82,6.82,7.1,18880428.0,131459536.0,3391241187.62,3715854616.76,53854998.81,26088074.01999999,2838946306.6,3610748554.96,771802248.36,2227024.8000000007,5156.93,4720.67,2959.43,4054.0,4525.86,3708.08,503.74,663.2,,,,Y,,,通信,通信设备,通信配套服务,6.96,6.99,7.04
sz300050,世纪鼎利,2019-04-12,6.86,6.89,6.61,6.71,6.82,11035430.0,74150145.0,3336543749.11,3655921477.78,53854998.81,26088074.01999999,2838946306.6,3610748554.96,771802248.36,2227024.8000000007,3207.02,2921.28,1260.93,1841.05,2947.07,1933.18,0.0,719.49,,,,Y,,,通信,通信设备,通信配套服务,6.79,6.79,6.75
sz300050,世纪鼎利,2019-04-15,6.8,7.3,6.77,6.83,6.71,22008540.0,153969507.0,3396213682.03,3721303083.94,53854998.81,26088074.01999999,2838946306.6,3610748554.96,771802248.36,2227024.8000000007,5475.31,5862.83,3800.26,4341.37,4771.85,4305.57,1349.52,887.17,,,,Y,,,通信,通信设备,通信配套服务,6.85,6.89,7.13
sz300050,世纪鼎利,2019-04-16,6.75,7.47,6.53,7.34,6.83,42860043.0,303186519.0,3649810896.94,3999174910.12,53854998.81,26088074.01999999,2838946306.6,3610748554.96,771802248.36,2227024.8000000007,10598.39,10077.16,7995.61,9249.97,8886.13,9821.6,2838.5,1169.9,,,,Y,,,通信,通信设备,通信配套服务,6.55,6.61,6.6
sz300050,世纪鼎利,2019-04-17,7.25,7.39,7.13,7.2,7.34,28947582.0,209515989.0,3580195975.2,3922896369.6,53854998.81,26088074.01999999,2838946306.6,3610748554.96,771802248.36,2227024.8000000007,7303.95,7193.08,5194.98,5975.43,7174.15,5587.83,669.91,1586.65,,,,Y,,,通信,通信设备,通信配套服务,7.36,7.25,7.3
sz300050,世纪鼎利,2019-04-18,7.19,7.68,7.12,7.37,7.2,38639990.0,286772896.0,3664728380.17,4015520311.66,53854998.81,26088074.01999999,2838946306.6,3610748554.96,771802248.36,2227024.8000000007,9868.47,9266.03,8592.35,7847.67,7995.08,9343.12,2221.38,2220.46,,,,Y,,,通信,通信设备,通信配套服务,7.15,7.28,7.28
sz300050,世纪鼎利,2019-04-19,7.44,7.55,7.08,7.48,7.37,31017207.0,227002155.0,3719425818.68,4075453450.64,53854998.81,26088074.01999999,2838946306.6,3610748554.96,771802248.36,2227024.8000000007,8354.27,7441.65,6228.95,6449.73,7366.25,7022.0,751.9,1787.99,,,,Y,,,通信,通信设备,通信配套服务,7.4,7.23,7.28
sz300050,世纪鼎利,2019-04-22,7.48,7.79,7.37,7.55,7.48,31863403.0,242172385.0,3754233279.55,4113592720.9,53854998.81,26088074.01999999,2838946306.6,3610748554.96,771802248.36,2227024.8000000007,9858.75,8865.63,5935.12,7176.22,7973.54,7217.22,449.82,958.16,,,,Y,,,通信,通信设备,通信配套服务,7.38,7.48,7.68
sz300050,世纪鼎利,2019-04-23,7.5,7.52,6.99,7.07,7.55,26134688.0,188384121.0,3515553547.87,3852066296.26,53854998.81,26088074.01999999,2838946306.6,3610748554.96,771802248.36,2227024.8000000007,7032.28,7120.7,4286.89,6954.93,7519.24,3967.49,0.0,795.29,,,,Y,,,通信,通信设备,通信配套服务,7.39,7.3,7.34
sz300050,世纪鼎利,2019-04-24,7.13,7.67,7.02,7.55,7.07,30807817.0,226647695.0,3754233279.55,4113592720.9,53854998.81,26088074.01999999,2838946306.6,3610748554.96,771802248.36,2227024.8000000007,7761.06,8571.13,7326.77,4456.32,5488.89,9310.39,2088.04,326.93,,,,Y,,,通信,通信设备,通信配套服务,7.04,7.08,7.14
sz300050,世纪鼎利,2019-04-25,7.4,7.97,7.3,7.33,7.55,42884218.0,326661538.0,3644838402.53,3993726442.94,59773204.16,-63846653.74000001,2869897499.83,3660594083.69,790696583.86,14978287.74,11648.8,11096.79,9913.12,11238.34,9509.89,8805.53,1594.34,1525.49,,,,Y,,,通信,通信设备,通信配套服务,7.37,7.41,7.42
sz300050,世纪鼎利,2019-04-26,7.14,8.06,7.06,8.06,7.33,59158205.0,466584989.0,4007830494.46,4391464547.08,59773204.16,-63846653.74000001,2869897499.83,3660594083.69,790696583.86,14978287.74,9243.01,15865.12,11535.82,14809.21,6192.95,11958.28,19686.69,4025.86,,,,Y,,,通信,通信设备,通信配套服务,7.28,7.55,7.76
sz300050,世纪鼎利,2019-04-29,7.78,7.78,7.25,7.25,8.06,26811400.0,199976080.0,3605058447.25,3950138705.5,59773204.16,-63846653.74000001,2869897499.83,3660594083.69,790696583.86,14978287.74,6584.47,3992.84,4625.86,4525.54,6986.9,2331.77,1800.37,9147.45,,,,Y,,,通信,通信设备,通信配套服务,7.5,7.25,7.25
sz300050,世纪鼎利,2019-04-30,6.55,6.81,6.53,6.53,7.25,42968694.0,283201834.0,3247038849.73,3557849068.54,59773204.16,-63846653.74000001,2869897499.83,3660594083.69,790696583.86,14978287.74,10257.77,8091.9,6796.77,10488.28,8908.35,4603.96,2357.29,5136.04,,,,Y,,,通信,通信设备,通信配套服务,6.6,6.65,6.63
sz300050,世纪鼎利,2019-05-06,6.26,6.4,5.88,5.88,6.53,24748843.0,149828064.0,2923826713.08,3203698701.84,59773204.16,-63846653.74000001,2869897499.83,3660594083.69,790696583.86,14978287.74,5850.83,4968.61,2944.74,5542.32,5688.49,2978.38,498.73,1493.49,,,,Y,,,通信,通信设备,通信配套服务,6.29,6.2,6.21
sz300050,世纪鼎利,2019-05-07,5.95,6.06,5.76,5.96,5.88,16631057.0,98709532.0,2963606668.36,3247286439.28,59773204.16,-63846653.74000001,2869897499.83,3660594083.69,790696583.86,14978287.74,3921.54,4126.59,2544.37,2395.88,3125.67,3260.5,279.37,87.98,,,,Y,,,通信,通信设备,通信配套服务,5.92,5.91,5.9
sz300050,世纪鼎利,2019-05-08,5.72,6.1,5.62,5.87,5.96,15191300.0,90265089.0,2918854218.67,3198250234.66,59773204.16,-63846653.74000001,2869897499.83,3660594083.69,790696583.86,14978287.74,3546.03,4096.1,1870.58,1848.32,3341.98,2916.36,267.92,165.73,,,,Y,,,通信,通信设备,通信配套服务,5.78,5.82,5.87
sz300050,世纪鼎利,2019-05-09,5.78,6.02,5.75,5.83,5.87,10770200.0,63643369.0,2898964241.03,3176456365.94,59773204.16,-63846653.74000001,2869897499.83,3660594083.69,790696583.86,14978287.74,2549.59,2927.98,1319.18,1632.18,2377.4,1704.95,118.17,99.23,,,,Y,,,通信,通信设备,通信配套服务,5.96,5.93,5.95
sz300050,世纪鼎利,2019-05-10,5.94,6.22,5.7,6.15,5.83,19682380.0,118939460.0,3058084062.15,3350807315.7,59773204.16,-63846653.74000001,2869897499.83,3660594083.69,790696583.86,14978287.74,4829.56,4648.53,2957.89,2613.49,3514.03,4078.64,592.47,553.29,,,,Y,,,通信,通信设备,通信配套服务,5.96,6.01,6.01
sz300050,世纪鼎利,2019-05-13,6.12,6.27,6.03,6.25,6.15,16064982.0,99383190.0,3107809006.25,3405291987.5,59773204.16,-63846653.74000001,2869897499.83,3660594083.69,790696583.86,14978287.74,4434.33,4318.2,2323.2,2346.02,3180.79,3180.76,0.0,93.34,,,,Y,,,通信,通信设备,通信配套服务,6.06,6.14,6.21
sz300050,世纪鼎利,2019-05-14,6.16,6.45,6.12,6.32,6.25,16837493.0,105909394.0,3142616467.12,3443431257.76,59773204.16,-63846653.74000001,2869897499.83,3660594083.69,790696583.86,14978287.74,4740.71,4298.74,2415.09,2369.58,3057.69,3896.62,377.45,26.0,,,,Y,,,通信,通信设备,通信配套服务,6.21,6.15,6.19
sz300050,世纪鼎利,2019-05-15,6.37,6.47,6.29,6.39,6.32,15257976.0,97131908.0,3177423927.99,3481570528.02,59773204.16,-63846653.74000001,2869897499.83,3660594083.69,790696583.86,14978287.74,4192.24,4119.52,2159.39,2299.03,3156.75,2825.42,204.8,469.22,,,,Y,,,通信,通信设备,通信配套服务,6.43,6.37,6.4
sz300050,世纪鼎利,2019-05-16,6.33,6.33,6.11,6.22,6.39,17842483.0,110384543.0,3092891523.02,3388946585.96,59773204.16,-63846653.74000001,2869897499.83,3660594083.69,790696583.86,14978287.74,5026.74,4439.89,1773.33,3630.17,4238.39,2613.6,0.0,354.8,,,,Y,,,通信,通信设备,通信配套服务,6.28,6.2,6.19
sz300050,世纪鼎利,2019-05-17,6.23,6.67,6.11,6.18,6.22,25961973.0,166038518.0,3073001545.38,3367152717.24,59773204.16,-63846653.74000001,2869897499.83,3660594083.69,790696583.86,14978287.74,6779.05,7297.89,3679.76,3884.26,5745.99,5318.69,399.04,103.0,,,,Y,,,通信,通信设备,通信配套服务,6.3,6.33,6.44
sz300050,世纪鼎利,2019-05-20,6.28,6.43,5.81,6.41,6.18,21764693.0,135571529.0,3187368916.81,3492467462.38,59773204.16,-63846653.74000001,2869897499.83,3660594083.69,790696583.86,14978287.74,6534.78,5287.1,2596.57,3239.95,4425.8,4539.31,0.0,490.79,,,,Y,,,通信,通信设备,通信配套服务,6.21,6.26,6.06
sz300050,世纪鼎利,2019-05-21,6.3,6.62,6.29,6.42,6.41,20253417.0,130631321.0,3192341411.22,3497915929.56,59773204.16,-63846653.74000001,2869897499.83,3660594083.69,790696583.86,14978287.74,5398.12,5609.31,3262.68,2513.04,4208.62,4940.77,193.71,0.0,,,,Y,,,通信,通信设备,通信配套服务,6.36,6.33,6.37
sz300050,世纪鼎利,2019-05-22,6.43,6.8,6.4,6.59,6.42,24964279.0,165025840.0,3276873816.19,3590539871.62,59773204.16,-63846653.74000001,2869897499.83,3660594083.69,790696583.86,14978287.74,6730.49,6776.22,3633.73,4081.73,5301.18,5593.32,837.17,51.3,,,,Y,,,通信,通信设备,通信配套服务,6.5,6.51,6.55
sz300050,世纪鼎利,2019-05-23,6.52,6.54,6.15,6.27,6.59,18486300.0,117201019.0,3117753995.07,3416188921.86,59773204.16,-63846653.74000001,2869897499.83,3660594083.69,790696583.86,14978287.74,4884.48,4602.37,1520.91,3733.62,5314.7,3004.01,0.0,380.09,,,,Y,,,通信,通信设备,通信配套服务,6.41,6.3,6.41
sz300050,世纪鼎利,2019-05-24,6.1,6.22,6.0,6.04,6.27,12126396.0,74262146.0,3003386623.64,3290874176.72,59773204.16,-63846653.74000001,2869897499.83,3660594083.69,790696583.86,14978287.74,2923.55,3427.18,1348.71,1725.03,3030.98,2163.78,122.97,110.21,,,,Y,,,通信,通信设备,通信配套服务,6.18,6.16,6.15
sz300050,世纪鼎利,2019-05-27,6.06,6.37,6.06,6.36,6.04,12521380.0,78273744.0,3162506444.76,3465225126.48,59773204.16,-63846653.74000001,2869897499.83,3660594083.69,790696583.86,14978287.74,3721.16,3422.01,1584.99,1561.49,2405.42,2843.88,115.79,0.0,,,,Y,,,通信,通信设备,通信配套服务,6.13,6.23,6.21
sz300050,世纪鼎利,2019-05-28,6.36,6.44,6.24,6.28,6.36,14050727.0,89405523.0,3122726489.48,3421637389.04,59773204.16,-63846653.74000001,2869897499.83,3660594083.69,790696583.86,14978287.74,3301.67,3676.81,1485.19,2212.61,4153.69,2670.07,0.0,381.06,,,,Y,,,通信,通信设备,通信配套服务,6.39,6.37,6.36
sz300050,世纪鼎利,2019-05-29,6.24,6.44,6.23,6.32,6.28,10809100.0,68751702.0,3142616467.12,3443431257.76,59773204.16,-63846653.74000001,2869897499.83,3660594083.69,790696583.86,14978287.74,2784.54,3081.09,1148.29,1327.47,2942.34,2304.76,0.0,161.85,,,,Y,,,通信,通信设备,通信配套服务,6.31,6.37,6.39
sz300050,世纪鼎利,2019-05-30,6.32,6.52,6.23,6.47,6.32,20749219.0,132793114.0,3217203883.27,3525158265.46,59773204.16,-63846653.74000001,2869897499.83,3660594083.69,790696583.86,14978287.74,4914.25,5628.01,3694.41,2169.73,4520.8,5315.72,149.85,165.85,,,,Y,,,通信,通信设备,通信配套服务,6.33,6.33,6.29
sz300050,世纪鼎利,2019-05-31,6.33,6.47,6.22,6.24,6.47,19487840.0,123228210.0,3102836511.84,3399843520.32,59773204.16,-63846653.74000001,2869897499.83,3660594083.69,790696583.86,14978287.74,5389.51,4458.01,2505.59,3236.11,4308.23,4319.14,119.49,309.55,,,,Y,,,通信,通信设备,通信配套服务,6.33,6.33,6.33
sz300050,世纪鼎利,2019-06-03,6.24,6.33,5.95,6.16,6.24,16145544.0,99122095.0,3063056556.56,3356255782.88,59773204.16,-63846653.74000001,2869897499.83,3660594083.69,790696583.86,14978287.74,4249.99,4253.01,1747.32,2401.42,3909.83,2891.85,0.0,360.86,,,,Y,,,通信,通信设备,通信配套服务,6.21,6.26,6.18
sz300050,世纪鼎利,2019-06-04,6.18,6.37,6.06,6.17,6.16,16102931.0,100330131.0,3068029050.97,3361704250.06,59773204.16,-63846653.74000001,2869897499.83,3660594083.69,790696583.86,14978287.74,4137.39,4605.78,1722.42,2156.07,3979.74,3271.15,193.46,0.0,,,,Y,,,通信,通信设备,通信配套服务,6.17,6.23,6.26
sz300050,世纪鼎利,2019-06-05,6.24,6.56,6.16,6.39,6.17,23183087.0,147798208.0,3177423927.99,3481570528.02,59773204.16,-63846653.74000001,2869897499.83,3660594083.69,790696583.86,14978287.74,5835.72,5976.79,3511.94,2874.89,4575.64,5812.8,856.51,115.33,,,,Y,,,通信,通信设备,通信配套服务,6.2,6.2,6.26
sz300050,世纪鼎利,2019-06-06,6.32,6.32,5.9,5.99,6.39,19446636.0,117954635.0,2978524151.59,3263631840.82,59773204.16,-63846653.74000001,2869897499.83,3660594083.69,790696583.86,14978287.74,4330.97,4265.78,2385.48,2900.03,5079.0,3241.75,0.0,1387.9,,,,Y,,,通信,通信设备,通信配套服务,6.14,6.14,6.16
sz300050,世纪鼎利,2019-06-10,5.99,6.36,5.99,6.33,5.99,17687923.0,110157028.0,3147588961.53,3448879724.94,59773204.16,-63846653.74000001,2869897499.83,3660594083.69,790696583.86,14978287.74,4050.03,4668.26,1854.65,1675.78,4092.71,4418.13,1018.31,253.52,,,,Y,,,通信,通信设备,通信配套服务,6.06,6.15,6.12
sz300050,世纪鼎利,2019-06-11,6.37,6.52,6.15,6.46,6.33,22261800.0,141945794.0,3212231388.86,3519709798.28,59773204.16,-63846653.74000001,2869897499.83,3660594083.69,790696583.86,14978287.74,6392.95,5458.53,3176.49,3327.37,4252.6,4883.61,372.53,525.06,,,,Y,,,通信,通信设备,通信配套服务,6.28,6.25,6.21
sz300050,世纪鼎利,2019-06-12,6.4,6.8,6.37,6.59,6.46,31256334.0,207569684.0,3276873816.19,3590539871.62,59773204.16,-63846653.74000001,2869897499.83,3660594083.69,790696583.86,14978287.74,8062.81,8384.45,6450.38,5352.74,5531.17,6242.38,712.6,777.4,,,,Y,,,通信,通信设备,通信配套服务,6.44,6.47,6.49
sz300050,世纪鼎利,2019-06-13,6.55,6.74,6.51,6.59,6.59,17367213.0,115010195.0,3276873816.19,3590539871.62,59773204.16,-63846653.74000001,2869897499.83,3660594083.69,790696583.86,14978287.74,5004.56,4944.87,2603.75,3186.41,3892.71,2991.8,0.0,377.94,,,,Y,,,通信,通信设备,通信配套服务,6.72,6.66,6.62
sz300050,世纪鼎利,2019-06-14,6.61,6.68,6.33,6.45,6.59,16610400.0,108086899.0,3207258894.45,3514261331.1,59773204.16,-63846653.74000001,2869897499.83,3660594083.69,790696583.86,14978287.74,4210.78,4617.94,1811.21,2860.66,4496.2,2759.92,290.49,570.18,,,,Y,,,通信,通信设备,通信配套服务,6.61,6.64,6.63
sz300050,世纪鼎利,2019-06-17,6.57,6.58,6.23,6.33,6.45,13026254.0,82612771.0,3147588961.53,3448879724.94,59773204.16,-63846653.74000001,2869897499.83,3660594083.69,790696583.86,14978287.74,3600.76,2867.04,1828.4,2061.09,2832.12,2870.04,0.0,463.11,,,,Y,,,通信,通信设备,通信配套服务,6.46,6.41,6.4
sz300050,世纪鼎利,2019-06-18,6.33,6.4,6.23,6.25,6.33,8225400.0,51929455.0,3107809006.25,3405291987.5,59773204.16,-63846653.74000001,2869897499.83,3660594083.69,790696583.86,14978287.74,2231.83,2175.11,819.5,863.46,2136.09,1934.81,5.52,219.57,,,,Y,,,通信,通信设备,通信配套服务,6.32,6.3,6.29
sz300050,世纪鼎利,2019-06-19,6.4,6.57,6.36,6.41,6.25,15249650.0,98445657.0,3187368916.81,3492467462.38,59773204.16,-63846653.74000001,2869897499.83,3660594083.69,790696583.86,14978287.74,4127.9,3887.51,2032.98,1753.5,2882.31,3415.84,801.37,787.72,,,,Y,,,通信,通信设备,通信配套服务,6.39,6.44,6.44
sz300050,世纪鼎利,2019-06-20,6.39,6.5,6.18,6.5,6.41,17095407.0,108631835.0,3232121366.5,3541503667.0,59773204.16,-63846653.74000001,2869897499.83,3660594083.69,790696583.86,14978287.74,4683.45,4130.02,2241.83,3452.67,3557.9,3041.3,379.99,239.18,,,,Y,,,通信,通信设备,通信配套服务,6.38,6.3,6.25
sz300050,世纪鼎利,2019-06-21,6.59,6.75,6.53,6.62,6.5,20553942.0,136308732.0,3291791299.42,3606885273.16,59773204.16,-63846653.74000001,2869897499.83,3660594083.69,790696583.86,14978287.74,5830.29,5473.59,3624.58,3470.0,3628.47,4264.96,547.54,422.32,,,,Y,,,通信,通信设备,通信配套服务,6.57,6.6,6.65
sz300050,世纪鼎利,2019-06-24,6.63,6.71,6.46,6.61,6.62,12567050.0,82674193.0,3286818805.01,3601436805.98,59773204.16,-63846653.74000001,2869897499.83,3660594083.69,790696583.86,14978287.74,3395.68,3387.61,1314.81,2446.45,3005.42,1922.66,551.49,510.69,,,,Y,,,通信,通信设备,通信配套服务,6.66,6.65,6.61
sz300050,世纪鼎利,2019-06-25,6.63,6.63,6.38,6.46,6.61,12638650.0,81547136.0,3212231388.86,3519709798.28,59773204.16,-63846653.74000001,2869897499.83,3660594083.69,790696583.86,14978287.74,3443.78,2604.27,1382.7,2271.63,3153.45,2001.0,174.79,1277.81,,,,Y,,,通信,通信设备,通信配套服务,6.54,6.52,6.52
sz300050,世纪鼎利,2019-06-26,6.4,6.52,6.37,6.46,6.46,8303600.0,53649553.0,3212231388.86,3519709798.28,59773204.16,-63846653.74000001,2869897499.83,3660594083.69,790696583.86,14978287.74,2243.68,2537.98,1091.08,1358.91,1869.27,1468.07,160.93,0.0,,,,Y,,,通信,通信设备,通信配套服务,6.4,6.46,6.51
sz300050,世纪鼎利,2019-06-27,6.48,6.65,6.42,6.61,6.46,16454080.0,107458166.0,3286818805.01,3601436805.98,59773204.16,-63846653.74000001,2869897499.83,3660594083.69,790696583.86,14978287.74,4418.57,4306.21,2672.41,2375.78,2830.67,3178.75,824.17,885.07,,,,Y,,,通信,通信设备,通信配套服务,6.46,6.51,6.51
sz300050,世纪鼎利,2019-06-28,6.6,6.6,6.28,6.34,6.61,12771623.0,81694760.0,3152561455.94,3454328192.12,59773204.16,-63846653.74000001,2869897499.83,3660594083.69,790696583.86,14978287.74,3338.0,3191.93,1319.29,3054.33,3302.04,1603.7,210.15,319.52,,,,Y,,,通信,通信设备,通信配套服务,6.53,6.5,6.47
sz300050,世纪鼎利,2019-07-01,6.5,6.65,6.46,6.65,6.34,18348090.0,120535501.0,3306708782.65,3623230674.7,59773204.16,-63846653.74000001,2869897499.83,3660594083.69,790696583.86,14978287.74,5028.3,5530.47,3683.68,2390.48,3218.6,4132.6,122.96,0.0,,,,Y,,,通信,通信设备,通信配套服务,6.49,6.52,6.54
sz300050,世纪鼎利,2019-07-02,6.67,6.67,6.53,6.6,6.65,12933158.0,85179642.0,3281846310.6,3595988338.8,59773204.16,-63846653.74000001,2869897499.83,3660594083.69,790696583.86,14978287.74,3746.55,3586.41,1347.24,2417.96,2971.23,2109.77,452.94,403.81,,,,Y,,,通信,通信设备,通信配套服务,6.6,6.58,6.57
sz300050,世纪鼎利,2019-07-03,6.58,6.58,6.37,6.44,6.6,10858072.0,69962894.0,3202286400.04,3508812863.92,59773204.16,-63846653.74000001,2869897499.83,3660594083.69,790696583.86,14978287.74,3175.71,2606.56,797.41,1988.2,3023.17,1819.84,0.0,581.69,,,,Y,,,通信,通信设备,通信配套服务,6.51,6.52,6.47
sz300050,世纪鼎利,2019-07-04,6.45,6.47,6.28,6.36,6.44,8666416.0,55158621.0,3162506444.76,3465225126.48,59773204.16,-63846653.74000001,2869897499.83,3660594083.69,790696583.86,14978287.74,2327.89,2333.47,708.16,1520.51,2352.61,1539.27,127.2,122.61,,,,Y,,,通信,通信设备,通信配套服务,6.46,6.45,6.43
sz300050,世纪鼎利,2019-07-05,6.35,6.41,6.3,6.35,6.36,5182139.0,32945423.0,3157533950.35,3459776659.3,59773204.16,-63846653.74000001,2869897499.83,3660594083.69,790696583.86,14978287.74,1370.54,1607.88,689.93,673.13,1234.07,1013.52,0.0,0.0,,,,Y,,,通信,通信设备,通信配套服务,6.33,6.32,6.33
sz300050,世纪鼎利,2019-07-08,6.3,6.33,5.75,5.91,6.35,14690298.0,87818130.0,2938744196.31,3220044103.38,59773204.16,-63846653.74000001,2869897499.83,3660594083.69,790696583.86,14978287.74,3460.52,4060.17,1099.29,2550.73,4092.72,1895.93,129.29,274.97,,,,Y,,,通信,通信设备,通信配套服务,6.24,6.05,6.11
sz300050,世纪鼎利,2019-07-09,5.9,5.97,5.85,5.94,5.91,5876761.0,34775355.0,2953661679.54,3236389504.92,59773204.16,-63846653.74000001,2869897499.83,3660594083.69,790696583.86,14978287.74,1419.76,1796.78,717.85,380.82,1339.92,1299.93,0.0,0.0,,,,Y,,,通信,通信设备,通信配套服务,5.93,5.91,5.91
sz300050,世纪鼎利,2019-07-10,5.97,5.97,5.78,5.81,5.94,5612825.0,32951219.0,2889019252.21,3165559431.58,59773204.16,-63846653.74000001,2869897499.83,3660594083.69,790696583.86,14978287.74,1522.87,1623.57,345.96,871.29,1426.29,800.26,0.0,0.0,,,,Y,,,通信,通信设备,通信配套服务,5.95,5.93,5.92
sz300050,世纪鼎利,2019-07-11,5.85,5.92,5.75,5.8,5.81,5237200.0,30603869.0,2884046757.8,3160110964.4,59773204.16,-63846653.74000001,2869897499.83,3660594083.69,790696583.86,14978287.74,1291.96,1532.01,484.64,354.22,1283.78,1110.8,0.0,63.36,,,,Y,,,通信,通信设备,通信配套服务,5.88,5.85,5.9
sz300050,世纪鼎利,2019-07-12,5.8,5.85,5.7,5.75,5.8,4757400.0,27460501.0,2859184285.75,3132868628.5,59773204.16,-63846653.74000001,2869897499.83,3660594083.69,790696583.86,14978287.74,1369.97,1110.6,183.97,509.65,1192.11,996.96,0.0,128.85,,,,Y,,,通信,通信设备,通信配套服务,5.81,5.78,5.77
sz300050,世纪鼎利,2019-07-15,5.75,5.82,5.53,5.78,5.75,9624224.0,54565006.0,2874101768.98,3149214030.04,59773204.16,-63846653.74000001,2869897499.83,3660594083.69,790696583.86,14978287.74,2071.02,1958.92,666.56,1506.38,2606.31,1470.85,112.6,520.34,,,,Y,,,通信,通信设备,通信配套服务,5.56,5.54,5.57
sz300050,世纪鼎利,2019-07-16,5.78,5.89,5.74,5.84,5.78,5970654.0,34814884.0,2903936735.44,3181904833.12,59773204.16,-63846653.74000001,2869897499.83,3660594083.69,790696583.86,14978287.74,1540.24,1525.97,505.86,744.77,1312.11,1210.74,123.27,0.0,,,,Y,,,通信,通信设备,通信配套服务,5.8,5.8,5.85
sz300050,世纪鼎利,2019-07-17,5.85,5.86,5.77,5.78,5.84,5069937.0,29470152.0,2874101768.98,3149214030.04,59773204.16,-63846653.74000001,2869897499.83,3660594083.69,790696583.86,14978287.74,1387.67,1386.66,284.82,668.86,1274.52,770.11,0.0,121.38,,,,Y,,,通信,通信设备,通信配套服务,5.8,5.85,5.85
sz300050,世纪鼎利,2019-07-18,5.78,5.78,5.58,5.59,5.78,5658843.0,31935408.0,2779624375.19,3045693153.62,59773204.16,-63846653.74000001,2869897499.83,3660594083.69,790696583.86,14978287.74,1238.27,1416.02,337.54,807.69,1617.73,969.82,0.0,0.0,,,,Y,,,通信,通信设备,通信配套服务,5.72,5.65,5.64
sz300050,世纪鼎利,2019-07-19,5.6,5.73,5.59,5.64,5.59,3987025.0,22610868.0,2804486847.24,3072935489.52,59773204.16,-63846653.74000001,2869897499.83,3660594083.69,790696583.86,14978287.74,829.82,1117.46,276.3,286.58,1154.96,857.04,0.0,0.0,,,,Y,,,通信,通信设备,通信配套服务,5.63,5.68,5.7
sz300050,世纪鼎利,2019-07-22,5.68,5.7,5.36,5.38,5.64,7138119.0,38836506.0,2675201992.58,2931275342.84,59773204.16,-63846653.74000001,2869897499.83,3660594083.69,790696583.86,14978287.74,1609.8,1484.3,443.54,856.1,1792.2,1333.72,0.0,171.43,,,,Y,,,通信,通信设备,通信配套服务,5.6,5.47,5.47
sz300050,世纪鼎利,2019-07-23,5.37,5.58,5.37,5.54,5.38,6196356.0,34160180.0,2754761903.14,3018450817.72,59773204.16,-63846653.74000001,2869897499.83,3660594083.69,790696583.86,14978287.74,955.29,1447.74,155.69,330.65,2122.05,1463.03,182.98,174.58,,,,Y,,,通信,通信设备,通信配套服务,5.44,5.45,5.48
sz300050,世纪鼎利,2019-07-24,5.61,5.73,5.6,5.65,5.54,5720902.0,32415957.0,2809459341.65,3078383956.7,59773204.16,-63846653.74000001,2869897499.83,3660594083.69,790696583.86,14978287.74,1202.34,1190.48,414.26,740.03,1485.78,1169.58,139.22,141.5,,,,Y,,,通信,通信设备,通信配套服务,5.64,5.66,5.68
sz300050,世纪鼎利,2019-07-25,5.65,5.72,5.61,5.66,5.65,4675314.0,26536006.0,2814431836.06,3083832423.88,59773204.16,-63846653.74000001,2869897499.83,3660594083.69,790696583.86,14978287.74,1161.8,1181.52,196.72,522.95,1295.07,949.13,0.0,0.0,,,,Y,,,通信,通信设备,通信配套服务,5.7,5.69,5.7
sz300050,世纪鼎利,2019-07-26,5.62,5.68,5.59,5.64,5.66,3565900.0,20072964.0,2804486847.24,3072935489.52,59773204.16,-63846653.74000001,2869897499.83,3660594083.69,790696583.86,14978287.74,809.55,889.9,215.9,389.08,981.85,728.32,0.0,0.0,,,,Y,,,通信,通信设备,通信配套服务,5.65,5.64,5.64
sz300050,世纪鼎利,2019-07-29,5.64,5.69,5.58,5.63,5.64,3518100.0,19819290.0,2799514352.83,3067487022.34,59773204.16,-63846653.74000001,2869897499.83,3660594083.69,790696583.86,14978287.74,816.66,723.62,194.79,191.38,970.49,1066.93,0.0,0.0,,,,Y,,,通信,通信设备,通信配套服务,5.66,5.66,5.66
sz300050,世纪鼎利,2019-07-30,5.66,5.71,5.59,5.67,5.63,4111686.0,23317943.0,2819404330.47,3089280891.06,59773204.16,-63846653.74000001,2869897499.83,3660594083.69,790696583.86,14978287.74,1124.23,863.06,265.75,367.98,941.82,1100.75,0.0,0.0,,,,Y,,,通信,通信设备,通信配套服务,5.65,5.64,5.65
sz300050,世纪鼎利,2019-07-31,5.67,5.67,5.6,5.64,5.67,3341850.0,18838466.0,2804486847.24,3072935489.52,59773204.16,-63846653.74000001,2869897499.83,3660594083.69,790696583.86,14978287.74,917.4,759.04,208.97,182.82,757.48,897.44,0.0,44.54,,,,Y,,,通信,通信设备,通信配套服务,5.64,5.61,5.66
sz300050,世纪鼎利,2019-08-01,5.59,5.63,5.49,5.57,5.64,5705591.0,31675788.0,2769679386.37,3034796219.26,59773204.16,-63846653.74000001,2869897499.83,3660594083.69,790696583.86,14978287.74,1322.38,1205.88,281.5,846.9,1563.7,1114.8,0.0,0.0,,,,Y,,,通信,通信设备,通信配套服务,5.58,5.57,5.58
sz300050,世纪鼎利,2019-08-02,5.43,5.45,5.28,5.37,5.57,8352100.0,44813186.0,2670229498.17,2925826875.66,59773204.16,-63846653.74000001,2869897499.83,3660594083.69,790696583.86,14978287.74,1599.13,1508.66,604.79,1082.24,2277.4,1890.42,0.0,0.0,,,,Y,,,通信,通信设备,通信配套服务,5.41,5.42,5.42
sz300050,世纪鼎利,2019-08-05,5.3,5.48,5.3,5.31,5.37,5606400.0,30267051.0,2640394531.71,2893136072.58,59773204.16,-63846653.74000001,2869897499.83,3660594083.69,790696583.86,14978287.74,1044.14,1357.28,361.49,613.34,1621.07,999.89,0.0,56.2,,,,Y,,,通信,通信设备,通信配套服务,5.36,5.36,5.4
sz300050,世纪鼎利,2019-08-06,5.24,5.25,4.88,5.1,5.31,9075224.0,45944531.0,2535972149.1,2778718261.8,59773204.16,-63846653.74000001,2869897499.83,3660594083.69,790696583.86,14978287.74,1900.29,1928.25,600.72,843.16,2093.44,1781.59,0.0,41.44,,,,Y,,,通信,通信设备,通信配套服务,5.17,5.15,5.15
sz300050,世纪鼎利,2019-08-07,5.19,5.23,5.11,5.14,5.1,6532770.0,33786209.0,2555862126.74,2800512130.52,59773204.16,-63846653.74000001,2869897499.83,3660594083.69,790696583.86,14978287.74,1204.85,1373.49,446.91,433.51,1726.86,1571.62,0.0,0.0,,,,Y,,,通信,通信设备,通信配套服务,5.16,5.14,5.15
sz300050,世纪鼎利,2019-08-08,5.16,5.25,5.13,5.19,5.14,4576176.0,23793762.0,2580724598.79,2827754466.42,59773204.16,-63846653.74000001,2869897499.83,3660594083.69,790696583.86,14978287.74,826.08,1018.75,208.09,380.97,1345.2,979.66,0.0,0.0,,,,Y,,,通信,通信设备,通信配套服务,5.18,5.16,5.18
sz300050,世纪鼎利,2019-08-09,5.13,5.27,5.06,5.08,5.19,5531848.0,28510785.0,2526027160.28,2767821327.44,59773204.16,-63846653.74000001,2869897499.83,3660594083.69,790696583.86,14978287.74,1103.68,1343.45,340.6,359.89,1406.8,1147.74,0.0,0.0,,,,Y,,,通信,通信设备,通信配套服务,5.22,5.23,5.25
sz300050,世纪鼎利,2019-08-12,5.08,5.23,5.04,5.23,5.08,4854017.0,25016624.0,2623286495.68,2849548335.14,59773204.16,-63846653.74000001,2869897499.83,3660594083.69,790696583.86,14978287.74,1086.07,978.63,236.34,306.55,1179.25,1216.48,0.0,0.0,,,,Y,,,通信,通信设备,通信配套服务,5.12,5.11,5.09
sz300050,世纪鼎利,2019-08-13,5.18,5.31,5.15,5.26,5.23,4321500.0,22696473.0,2638334028.16,2865893736.68,59773204.16,-63846653.74000001,2869897499.83,3660594083.69,790696583.86,14978287.74,767.39,912.65,217.43,302.29,1179.23,1054.71,105.6,0.0,,,,Y,,,通信,通信设备,通信配套服务,5.21,5.25,5.27
sz300050,世纪鼎利,2019-08-14,5.32,5.38,5.22,5.26,5.26,4415235.0,23455776.0,2638334028.16,2865893736.68,59773204.16,-63846653.74000001,2869897499.83,3660594083.69,790696583.86,14978287.74,781.87,1052.32,197.79,126.73,1365.91,1166.52,0.0,0.0,,,,Y,,,通信,通信设备,通信配套服务,5.3,5.3,5.36
sz300050,世纪鼎利,2019-08-15,5.14,5.33,5.11,5.32,5.26,4789487.0,24995425.0,2668429093.12,2898584539.76,59773204.16,-63846653.74000001,2869897499.83,3660594083.69,790696583.86,14978287.74,1006.61,894.87,286.64,435.07,1206.3,1169.61,0.0,0.0,,,,Y,,,通信,通信设备,通信配套服务,5.14,5.15,5.15
sz300050,世纪鼎利,2019-08-16,5.3,5.4,5.29,5.33,5.32,4350970.0,23304333.0,2673444937.28,2904033006.94,59773204.16,-63846653.74000001,2869897499.83,3660594083.69,790696583.86,14978287.74,904.26,935.41,342.06,322.84,1084.12,1072.18,0.0,0.0,,,,Y,,,通信,通信设备,通信配套服务,5.35,5.32,5.33
sz300050,世纪鼎利,2019-08-19,5.41,5.55,5.4,5.54,5.33,6700101.0,36741757.0,2778777664.64,3018450817.72,59773204.16,-63846653.74000001,2869897499.83,3660594083.69,790696583.86,14978287.74,1566.84,1619.44,599.2,607.63,1497.71,1447.1,10.43,0.0,,,,Y,,,通信,通信设备,通信配套服务,5.42,5.43,5.42
sz300050,世纪鼎利,2019-08-20,5.54,5.66,5.54,5.58,5.54,7447611.0,41782705.0,2798841041.28,3040244686.44,59773204.16,-63846653.74000001,2869897499.83,3660594083.69,790696583.86,14978287.74,2031.35,1826.79,339.83,529.15,1807.09,1822.33,0.0,0.0,,,,Y,,,通信,通信设备,通信配套服务,5.6,5.61,5.62
sz300050,世纪鼎利,2019-08-21,5.63,5.72,5.55,5.6,5.58,8306220.0,46781605.0,2808872729.6,3051141620.8,59773204.16,-63846653.74000001,2869897499.83,3660594083.69,790696583.86,14978287.74,1638.99,1589.38,646.02,552.18,2206.5,2469.73,186.64,66.86,,,,Y,,,通信,通信设备,通信配套服务,5.61,5.59,5.6
sz300050,世纪鼎利,2019-08-22,5.6,5.64,5.54,5.6,5.6,6978673.0,38962583.0,2808872729.6,3051141620.8,59773204.16,-63846653.74000001,2869897499.83,3660594083.69,790696583.86,14978287.74,1483.63,1264.89,286.41,699.97,1947.66,1462.88,178.55,468.51,,,,Y,,,通信,通信设备,通信配套服务,5.59,5.57,5.56
sz300050,世纪鼎利,2019-08-23,5.64,5.64,5.46,5.57,5.6,7091511.0,39131918.0,2793825197.12,3034796219.26,59773204.16,-63846653.74000001,2869897499.83,3660594083.69,790696583.86,14978287.74,1273.44,1243.39,550.09,588.46,1931.66,1527.05,157.99,554.28,,,,Y,,,通信,通信设备,通信配套服务,5.55,5.6,5.56
sz300050,世纪鼎利,2019-08-26,5.41,5.46,5.32,5.36,5.57,6540702.0,35209424.0,2688492469.76,2920378408.48,59773204.16,-63846653.74000001,2869897499.83,3660594083.69,790696583.86,14978287.74,1451.7,1331.84,248.65,282.61,1816.86,1906.49,3.73,0.0,,,,Y,,,通信,通信设备,通信配套服务,5.43,5.41,5.43
sz300050,世纪鼎利,2019-08-27,5.4,5.6,5.38,5.57,5.36,8616467.0,47655399.0,2793825197.12,3034796219.26,59773204.16,-63846653.74000001,2869897499.83,3660594083.69,790696583.86,14978287.74,1670.89,2115.58,810.37,798.08,2254.31,1851.87,29.97,0.0,,,,Y,,,通信,通信设备,通信配套服务,5.43,5.45,5.47
sz300050,世纪鼎利,2019-08-28,5.56,5.65,5.51,5.61,5.57,8210434.0,45939086.0,2813888573.76,3056590087.98,47355751.66999999,35580185.04999998,2875433448.26,3704134843.28,828701395.02,5295575.540000001,1817.27,1756.56,897.5,708.41,1741.27,2123.52,132.9,0.45,,,,Y,,,通信,通信设备,通信配套服务,5.52,5.54,5.55
sz300050,世纪鼎利,2019-08-29,5.62,5.67,5.53,5.57,5.61,7183969.0,40162765.0,2793825197.12,3034796219.26,47355751.66999999,35580185.04999998,2875433448.26,3704134843.28,828701395.02,5295575.540000001,1812.18,1384.13,557.79,1238.62,1646.31,1393.52,0.0,0.0,,,,Y,,,通信,通信设备,通信配套服务,5.58,5.54,5.55
sz300050,世纪鼎利,2019-08-30,5.62,5.65,5.36,5.4,5.57,7718459.0,42323462.0,2708555846.4,2942172277.2,47355751.66999999,35580185.04999998,2875433448.26,3704134843.28,828701395.02,5295575.540000001,1566.02,1617.9,574.56,752.63,2091.77,1753.68,0.0,108.14,,,,Y,,,通信,通信设备,通信配套服务,5.59,5.6,5.6
sz300050,世纪鼎利,2019-09-02,5.4,5.63,5.39,5.59,5.4,8650067.0,47938132.0,2803856885.44,3045693153.62,47355751.66999999,35580185.04999998,2875433448.26,3704134843.28,828701395.02,5295575.540000001,1646.66,1668.44,733.78,576.95,1720.17,2267.69,693.2,280.74,,,,Y,,,通信,通信设备,通信配套服务,5.42,5.43,5.47
sz300050,世纪鼎利,2019-09-03,5.58,5.71,5.57,5.68,5.59,9323663.0,52771884.0,2848999482.88,3094729358.24,47355751.66999999,35580185.04999998,2875433448.26,3704134843.28,828701395.02,5295575.540000001,1744.88,1768.72,1233.89,1073.7,1761.37,2088.43,537.05,346.33,,,,Y,,,通信,通信设备,通信配套服务,5.6,5.61,5.65
sz300050,世纪鼎利,2019-09-04,5.64,5.73,5.62,5.72,5.68,7011796.0,39849850.0,2869062859.52,3116523226.96,47355751.66999999,35580185.04999998,2875433448.26,3704134843.28,828701395.02,5295575.540000001,1564.87,1638.84,567.72,789.35,1852.38,1556.79,0.0,0.0,,,,Y,,,通信,通信设备,通信配套服务,5.68,5.68,5.71
sz300050,世纪鼎利,2019-09-05,5.72,5.87,5.72,5.74,5.72,10567963.0,61289340.0,2879094547.84,3127420161.32,47355751.66999999,35580185.04999998,2875433448.26,3704134843.28,828701395.02,5295575.540000001,2206.77,2316.6,1504.09,1407.01,1963.7,2241.65,454.37,163.67,,,,Y,,,通信,通信设备,通信配套服务,5.74,5.75,5.76
sz300050,世纪鼎利,2019-09-06,5.76,5.93,5.72,5.8,5.74,9510421.0,55481163.0,2909189612.8,3160110964.4,47355751.66999999,35580185.04999998,2875433448.26,3704134843.28,828701395.02,5295575.540000001,2098.18,2203.02,384.72,1244.71,2947.02,2100.39,118.2,0.0,,,,Y,,,通信,通信设备,通信配套服务,5.84,5.87,5.87
sz300050,世纪鼎利,2019-09-09,5.88,6.16,5.83,6.1,5.8,17235305.0,103944659.0,3059664937.6,3323564979.8,47355751.66999999,35580185.04999998,2875433448.26,3704134843.28,828701395.02,5295575.540000001,3790.69,3845.29,2591.34,2055.38,3332.12,4256.51,680.29,237.27,,,,Y,,,通信,通信设备,通信配套服务,5.87,5.9,5.97
sz300050,世纪鼎利,2019-09-10,6.13,6.21,6.01,6.09,6.1,12138670.0,73734258.0,3054649093.44,3318116512.62,47355751.66999999,35580185.04999998,2875433448.26,3704134843.28,828701395.02,5295575.540000001,2856.32,2558.59,945.7,1170.38,3137.26,3215.56,406.86,401.61,,,,Y,,,通信,通信设备,通信配套服务,6.17,6.08,6.03
sz300050,世纪鼎利,2019-09-11,6.1,6.12,5.95,5.96,6.09,9184560.0,55315974.0,2989443119.36,3247286439.28,47355751.66999999,35580185.04999998,2875433448.26,3704134843.28,828701395.02,5295575.540000001,2489.43,1854.82,587.67,1304.49,2454.49,2372.28,0.0,0.0,,,,Y,,,通信,通信设备,通信配套服务,6.05,6.01,6.04
sz300050,世纪鼎利,2019-09-12,6.0,6.11,6.0,6.08,5.96,8650125.0,52481734.0,3049633249.28,3312668045.44,47355751.66999999,35580185.04999998,2875433448.26,3704134843.28,828701395.02,5295575.540000001,1946.73,2414.63,1233.56,879.45,2067.88,1954.09,0.0,0.0,,,,Y,,,通信,通信设备,通信配套服务,6.03,6.05,6.06
sz300050,世纪鼎利,2019-09-16,6.15,6.38,6.03,6.25,6.08,22977251.0,142880081.0,3134902600.0,3405291987.5,47355751.66999999,35580185.04999998,2875433448.26,3704134843.28,828701395.02,5295575.540000001,4791.67,5819.09,4902.43,3303.73,3480.2,5038.18,1113.7,127.0,,,,Y,,,通信,通信设备,通信配套服务,6.09,6.07,6.12
sz300050,世纪鼎利,2019-09-17,6.44,6.48,5.97,6.07,6.25,25360333.0,156372155.0,3044617405.12,3307219578.26,47355751.66999999,35580185.04999998,2875433448.26,3704134843.28,828701395.02,5295575.540000001,6151.63,4890.55,2933.47,4598.22,5808.43,4767.03,743.67,1381.4,,,,Y,,,通信,通信设备,通信配套服务,6.3,6.24,6.19
sz300050,世纪鼎利,2019-09-18,6.44,6.68,6.21,6.33,6.07,65224424.0,427067518.0,3175029353.28,3448879724.94,47355751.66999999,35580185.04999998,2875433448.26,3704134843.28,828701395.02,5295575.540000001,11620.71,13425.47,8419.34,13995.29,9079.25,10013.24,13496.92,5182.22,,,,Y,,,通信,通信设备,通信配套服务,6.68,6.68,6.68
sz300050,世纪鼎利,2019-09-19,6.15,6.34,6.13,6.24,6.33,42250852.0,262212456.0,3129886755.84,3399843520.32,47355751.66999999,35580185.04999998,2875433448.26,3704134843.28,828701395.02,5295575.540000001,10782.8,7379.99,6671.83,8587.37,8404.43,5002.03,362.17,5251.84,,,,Y,,,通信,通信设备,通信配套服务,6.19,6.29,6.26
sz300050,世纪鼎利,2019-09-20,6.21,6.58,6.21,6.34,6.24,33781537.0,216741391.0,3180045197.44,3454328192.12,47355751.66999999,35580185.04999998,2875433448.26,3704134843.28,828701395.02,5295575.540000001,9314.45,7908.17,5399.01,5837.31,6691.41,6742.48,269.25,1186.16,,,,Y,,,通信,通信设备,通信配套服务,6.37,6.5,6.44
sz300050,世纪鼎利,2019-09-23,6.24,6.27,5.98,6.11,6.34,25364633.0,153955337.0,3064680781.76,3329013446.98,47355751.66999999,35580185.04999998,2875433448.26,3704134843.28,828701395.02,5295575.540000001,6703.86,5537.79,2813.14,5042.42,5878.52,4441.73,0.0,373.57,,,,Y,,,通信,通信设备,通信配套服务,6.03,6.07,6.09
sz300050,世纪鼎利,2019-09-24,6.07,6.25,6.06,6.09,6.11,16588106.0,101930168.0,3054649093.44,3318116512.62,47355751.66999999,35580185.04999998,2875433448.26,3704134843.28,828701395.02,5295575.540000001,5014.12,4462.26,1689.5,2641.0,3384.69,2986.14,104.69,103.59,,,,Y,,,通信,通信设备,通信配套服务,6.13,6.2,6.18
sz300050,世纪鼎利,2019-09-25,5.99,6.06,5.92,5.92,6.09,14020329.0,83896629.0,2969379742.72,3225492570.56,47355751.66999999,35580185.04999998,2875433448.26,3704134843.28,828701395.02,5295575.540000001,3609.51,3888.29,1110.74,2170.67,3663.33,2205.02,0.0,119.6,,,,Y,,,通信,通信设备,通信配套服务,6.0,6.0,5.97
sz300050,世纪鼎利,2019-09-26,5.94,5.98,5.58,5.61,5.92,15040149.0,86586109.0,2813888573.76,3056590087.98,47355751.66999999,35580185.04999998,2875433448.26,3704134843.28,828701395.02,5295575.540000001,3677.55,3852.31,919.35,2119.41,3951.81,2465.67,109.85,221.17,,,,Y,,,通信,通信设备,通信配套服务,5.94,5.91,5.82
sz300050,世纪鼎利,2019-09-27,5.62,5.76,5.61,5.69,5.61,8899014.0,50665046.0,2854015327.04,3100177825.42,47355751.66999999,35580185.04999998,2875433448.26,3704134843.28,828701395.02,5295575.540000001,2295.22,1829.15,972.64,1282.58,1498.7,1654.83,299.93,299.93,,,,Y,,,通信,通信设备,通信配套服务,5.65,5.69,5.71
sz300050,世纪鼎利,2019-09-30,5.69,5.77,5.58,5.63,5.69,6771664.0,38380101.0,2823920262.08,3067487022.34,47355751.66999999,35580185.04999998,2875433448.26,3704134843.28,828701395.02,5295575.540000001,1508.68,1743.78,690.19,741.68,1639.13,1352.54,0.0,0.0,,,,Y,,,通信,通信设备,通信配套服务,5.74,5.73,5.7
sz300050,世纪鼎利,2019-10-08,5.58,5.7,5.55,5.56,5.63,6148346.0,34661936.0,2788809352.96,3029347752.08,47355751.66999999,35580185.04999998,2875433448.26,3704134843.28,828701395.02,5295575.540000001,1575.6,1441.29,672.67,781.39,1217.92,1243.52,0.0,0.0,,,,Y,,,通信,通信设备,通信配套服务,5.65,5.65,5.66
sz300050,世纪鼎利,2019-10-09,5.54,5.66,5.46,5.66,5.56,5216832.0,29127545.0,2838967794.56,3083832423.88,47355751.66999999,35580185.04999998,2875433448.26,3704134843.28,828701395.02,5295575.540000001,1397.55,1363.68,389.83,333.41,1125.36,1215.66,0.0,0.0,,,,Y,,,通信,通信设备,通信配套服务,5.5,5.61,5.63
sz300050,世纪鼎利,2019-10-10,5.63,5.76,5.63,5.72,5.66,6401784.0,36483867.0,2869062859.52,3116523226.96,47355751.66999999,35580185.04999998,2875433448.26,3704134843.28,828701395.02,5295575.540000001,1718.63,1562.46,632.78,899.39,1122.94,1186.53,174.03,0.0,,,,Y,,,通信,通信设备,通信配套服务,5.67,5.68,5.69
sz300050,世纪鼎利,2019-10-11,5.78,5.78,5.59,5.67,5.72,8059495.0,45674590.0,2843983638.72,3089280891.06,47355751.66999999,35580185.04999998,2875433448.26,3704134843.28,828701395.02,5295575.540000001,2049.96,1767.0,667.45,1757.66,1850.05,1042.79,0.0,0.0,,,,Y,,,通信,通信设备,通信配套服务,5.72,5.68,5.66
sz300050,世纪鼎利,2019-10-14,5.73,5.85,5.7,5.83,5.67,9085566.0,52650210.0,2924237145.28,3176456365.94,47355751.66999999,35580185.04999998,2875433448.26,3704134843.28,828701395.02,5295575.540000001,2235.57,2146.87,1072.12,1060.96,1691.8,1787.62,265.52,269.55,,,,Y,,,通信,通信设备,通信配套服务,5.76,5.74,5.8
sz300050,世纪鼎利,2019-10-15,5.83,6.12,5.78,5.96,5.83,19369297.0,115623330.0,2989443119.36,3247286439.28,47355751.66999999,35580185.04999998,2875433448.26,3704134843.28,828701395.02,5295575.540000001,4956.85,4738.72,3456.03,2423.41,2932.05,4399.59,216.79,0.0,,,,Y,,,通信,通信设备,通信配套服务,5.82,5.86,5.93
sz300050,世纪鼎利,2019-10-16,5.88,5.97,5.83,5.86,5.96,10305459.0,60586996.0,2939284677.76,3192801767.48,47355751.66999999,35580185.04999998,2875433448.26,3704134843.28,828701395.02,5295575.540000001,2181.31,2249.45,845.25,1942.74,2824.89,1784.23,124.98,0.0,,,,Y,,,通信,通信设备,通信配套服务,5.91,5.91,5.92
sz300050,世纪鼎利,2019-10-17,5.78,5.89,5.75,5.79,5.86,8270280.0,48102558.0,2904173768.64,3154662497.22,47355751.66999999,35580185.04999998,2875433448.26,3704134843.28,828701395.02,5295575.540000001,2108.45,1667.04,757.15,1749.48,1944.65,1393.72,0.0,0.0,,,,Y,,,通信,通信设备,通信配套服务,5.8,5.85,5.84
sz300050,世纪鼎利,2019-10-18,5.8,5.86,5.64,5.65,5.79,8141398.0,46856080.0,2833951950.4,3078383956.7,47355751.66999999,35580185.04999998,2875433448.26,3704134843.28,828701395.02,5295575.540000001,1783.53,2307.8,601.06,1264.19,2301.02,1113.61,0.0,0.0,,,,Y,,,通信,通信设备,通信配套服务,5.83,5.79,5.82
sz300050,世纪鼎利,2019-10-21,5.68,5.72,5.58,5.68,5.65,5742328.0,32508456.0,2848999482.88,3094729358.24,47355751.66999999,35580185.04999998,2875433448.26,3704134843.28,828701395.02,5295575.540000001,1307.47,1447.89,352.2,449.45,1565.32,1353.51,25.86,0.0,,,,Y,,,通信,通信设备,通信配套服务,5.62,5.61,5.61
sz300050,世纪鼎利,2019-10-22,5.69,5.88,5.69,5.83,5.68,7308664.0,42200958.0,2924237145.28,3176456365.94,47355751.66999999,35580185.04999998,2875433448.26,3704134843.28,828701395.02,5295575.540000001,1952.48,2163.42,786.87,511.47,1480.74,1545.21,0.0,0.0,,,,Y,,,通信,通信设备,通信配套服务,5.72,5.75,5.76
sz300050,世纪鼎利,2019-10-23,5.76,5.87,5.75,5.8,5.83,5913400.0,34443210.0,2909189612.8,3160110964.4,47355751.66999999,35580185.04999998,2875433448.26,3704134843.28,828701395.02,5295575.540000001,1471.87,1341.28,772.21,784.73,1200.23,1318.3,0.0,0.0,,,,Y,,,通信,通信设备,通信配套服务,5.8,5.79,5.85
sz300050,世纪鼎利,2019-10-24,5.76,5.85,5.71,5.84,5.8,6034879.0,34921875.0,2929252989.44,3181904833.12,47355751.66999999,35580185.04999998,2875433448.26,3704134843.28,828701395.02,5295575.540000001,1289.44,1464.85,785.47,788.78,1300.74,1238.56,116.54,0.0,,,,Y,,,通信,通信设备,通信配套服务,5.79,5.75,5.76
sz300050,世纪鼎利,2019-10-25,5.81,5.84,5.64,5.82,5.84,6600780.0,37972570.0,2919221301.12,3171007898.76,47355751.66999999,35580185.04999998,2875433448.26,3704134843.28,828701395.02,5295575.540000001,1408.25,1439.09,699.29,790.07,1689.71,1456.28,0.0,111.82,,,,Y,,,通信,通信设备,通信配套服务,5.77,5.76,5.77
sz300050,世纪鼎利,2019-10-28,5.85,6.06,5.85,6.06,5.82,14851544.0,89223314.0,3039601560.96,3301771111.08,51759374.55999999,-13580835.439999968,2882449937.26,3628163066.21,745713128.95,6630647.689999998,3463.73,3403.52,1927.67,2149.36,3127.7,3250.04,403.2,119.4,,,,Y,,,通信,通信设备,通信配套服务,5.98,5.95,5.95
sz300050,世纪鼎利,2019-10-29,6.09,6.09,5.88,5.89,6.06,10961700.0,65314003.0,2954332210.24,3209147169.02,51759374.55999999,-13580835.439999968,2882449937.26,3628163066.21,745713128.95,6630647.689999998,2350.32,2704.76,1233.06,1978.5,2948.02,1848.14,0.0,0.0,,,,Y,,,通信,通信设备,通信配套服务,6.01,5.99,6.0
sz300050,世纪鼎利,2019-10-30,5.86,5.89,5.72,5.8,5.89,7174689.0,41631646.0,2909189612.8,3160110964.4,51759374.55999999,-13580835.439999968,2882449937.26,3628163066.21,745713128.95,6630647.689999998,1502.99,1701.89,787.28,670.31,1872.89,1690.74,0.0,100.22,,,,Y,,,通信,通信设备,通信配套服务,5.83,5.8,5.8
sz300050,世纪鼎利,2019-10-31,5.77,5.83,5.56,5.62,5.8,7863668.0,44668169.0,2818904417.92,3062038555.16,51759374.55999999,-13580835.439999968,2882449937.26,3628163066.21,745713128.95,6630647.689999998,1812.94,1633.65,389.28,1176.35,2150.19,1555.94,114.4,100.86,,,,Y,,,通信,通信设备,通信配套服务,5.78,5.76,5.81
sz300050,世纪鼎利,2019-11-01,5.58,5.71,5.5,5.65,5.62,5723884.0,32264852.0,2833951950.4,3078383956.7,51759374.55999999,-13580835.439999968,2882449937.26,3628163066.21,745713128.95,6630647.689999998,1181.99,1206.69,374.95,781.48,1669.53,1238.31,0.0,0.0,,,,Y,,,通信,通信设备,通信配套服务,5.53,5.56,5.59
sz300050,世纪鼎利,2019-11-04,5.73,5.77,5.62,5.62,5.65,5816152.0,33138439.0,2818904417.92,3062038555.16,51759374.55999999,-13580835.439999968,2882449937.26,3628163066.21,745713128.95,6630647.689999998,1102.55,1418.07,427.1,506.46,1593.28,1389.31,190.91,0.0,,,,Y,,,通信,通信设备,通信配套服务,5.72,5.72,5.74
sz300050,世纪鼎利,2019-11-05,5.65,5.66,5.5,5.59,5.62,4651591.0,25942964.0,2803856885.44,3045693153.62,51759374.55999999,-13580835.439999968,2882449937.26,3628163066.21,745713128.95,6630647.689999998,1109.73,1062.15,164.11,678.26,1320.45,853.88,0.0,0.0,,,,Y,,,通信,通信设备,通信配套服务,5.62,5.63,5.64
sz300050,世纪鼎利,2019-11-06,5.6,5.6,5.4,5.43,5.59,5851829.0,32156256.0,2723603378.88,2958517678.74,51759374.55999999,-13580835.439999968,2882449937.26,3628163066.21,745713128.95,6630647.689999998,1132.12,1158.01,463.87,651.1,1619.63,966.3,0.0,440.22,,,,Y,,,通信,通信设备,通信配套服务,5.57,5.55,5.58
sz300050,世纪鼎利,2019-11-07,5.43,5.51,5.41,5.45,5.43,4383817.0,23905489.0,2733635067.2,2969414613.1,51759374.55999999,-13580835.439999968,2882449937.26,3628163066.21,745713128.95,6630647.689999998,929.43,753.35,287.43,380.76,1173.68,770.03,0.0,486.41,,,,Y,,,通信,通信设备,通信配套服务,5.43,5.44,5.44
sz300050,世纪鼎利,2019-11-08,5.48,5.58,5.43,5.45,5.45,6193400.0,33915875.0,2733635067.2,2969414613.1,51759374.55999999,-13580835.439999968,2882449937.26,3628163066.21,745713128.95,6630647.689999998,1094.48,887.85,549.79,485.6,1147.95,1305.04,263.89,377.62,,,,Y,,,通信,通信设备,通信配套服务,5.48,5.46,5.47
sz300050,世纪鼎利,2019-11-11,5.4,5.4,5.13,5.16,5.45,7573606.0,39589739.0,2588175586.56,2811409064.88,51759374.55999999,-13580835.439999968,2882449937.26,3628163066.21,745713128.95,6630647.689999998,1473.03,1494.19,429.09,929.29,2056.85,1251.2,0.0,284.29,,,,Y,,,通信,通信设备,通信配套服务,5.26,5.3,5.28
sz300050,世纪鼎利,2019-11-12,5.19,5.26,5.15,5.23,5.16,4266400.0,22209234.0,2623286495.68,2849548335.14,51759374.55999999,-13580835.439999968,2882449937.26,3628163066.21,745713128.95,6630647.689999998,944.53,978.15,138.03,390.42,1138.36,852.35,0.0,0.0,,,,Y,,,通信,通信设备,通信配套服务,5.22,5.2,5.18
sz300050,世纪鼎利,2019-11-13,5.22,5.25,5.14,5.19,5.23,3239420.0,16828805.0,2603223119.04,2827754466.42,51759374.55999999,-13580835.439999968,2882449937.26,3628163066.21,745713128.95,6630647.689999998,561.02,701.84,83.02,359.63,1038.83,621.4,0.0,0.0,,,,Y,,,通信,通信设备,通信配套服务,5.23,5.22,5.19
sz300050,世纪鼎利,2019-11-14,5.16,5.32,5.16,5.26,5.19,4915900.0,25764840.0,2638334028.16,2865893736.68,51759374.55999999,-13580835.439999968,2882449937.26,3628163066.21,745713128.95,6630647.689999998,1106.84,1055.86,462.55,339.21,1007.09,1181.41,0.0,0.0,,,,Y,,,通信,通信设备,通信配套服务,5.21,5.23,5.22
sz300050,世纪鼎利,2019-11-15,5.26,5.33,5.22,5.23,5.26,4884320.0,25775192.0,2623286495.68,2849548335.14,51759374.55999999,-13580835.439999968,2882449937.26,3628163066.21,745713128.95,6630647.689999998,959.15,1172.25,237.66,242.13,1380.71,1163.14,0.0,0.0,,,,Y,,,通信,通信设备,通信配套服务,5.25,5.3,5.3
sz300050,世纪鼎利,2019-11-18,5.23,5.37,5.21,5.33,5.23,4648466.0,24675397.0,2673444937.28,2904033006.94,51759374.55999999,-13580835.439999968,2882449937.26,3628163066.21,745713128.95,6630647.689999998,816.82,723.18,651.36,639.53,897.65,1067.5,101.72,37.32,,,,Y,,,通信,通信设备,通信配套服务,5.22,5.27,5.29
sz300050,世纪鼎利,2019-11-19,5.31,5.48,5.29,5.46,5.33,7101583.0,38422075.0,2738650911.36,2974863080.28,51759374.55999999,-13580835.439999968,2882449937.26,3628163066.21,745713128.95,6630647.689999998,1330.84,1399.07,872.56,554.69,1222.81,1888.45,415.99,0.0,,,,Y,,,通信,通信设备,通信配套服务,5.29,5.35,5.38
sz300050,世纪鼎利,2019-11-20,5.45,5.49,5.38,5.39,5.46,4585200.0,24921104.0,2703540002.24,2936723810.02,51759374.55999999,-13580835.439999968,2882449937.26,3628163066.21,745713128.95,6630647.689999998,789.21,1159.29,235.26,542.5,1467.64,790.32,0.0,0.0,,,,Y,,,通信,通信设备,通信配套服务,5.42,5.45,5.48
sz300050,世纪鼎利,2019-11-21,5.33,5.48,5.33,5.45,5.39,4253200.0,23139393.0,2733635067.2,2969414613.1,51759374.55999999,-13580835.439999968,2882449937.26,3628163066.21,745713128.95,6630647.689999998,760.23,983.49,102.18,104.27,1233.86,1008.52,0.0,0.0,,,,Y,,,通信,通信设备,通信配套服务,5.41,5.42,5.42
sz300050,世纪鼎利,2019-11-22,5.43,5.54,5.35,5.36,5.45,5765710.0,31220277.0,2688492469.76,2920378408.48,51759374.55999999,-13580835.439999968,2882449937.26,3628163066.21,745713128.95,6630647.689999998,1022.63,1137.85,227.01,632.23,1872.39,1190.54,0.0,161.4,,,,Y,,,通信,通信设备,通信配套服务,5.49,5.5,5.5
sz300050,世纪鼎利,2019-11-25,5.45,5.45,5.24,5.3,5.36,5499600.0,29187702.0,2658397404.8,2887687605.4,51759374.55999999,-13580835.439999968,2882449937.26,3628163066.21,745713128.95,6630647.689999998,805.34,790.75,212.27,588.85,1894.83,1532.85,0.0,0.0,,,,Y,,,通信,通信设备,通信配套服务,5.35,5.36,5.34
sz300050,世纪鼎利,2019-11-26,5.32,5.37,5.23,5.28,5.3,3608300.0,19142669.0,2648365716.48,2876790671.04,51759374.55999999,-13580835.439999968,2882449937.26,3628163066.21,745713128.95,6630647.689999998,612.53,450.35,334.38,248.9,857.11,1107.57,108.6,105.8,,,,Y,,,通信,通信设备,通信配套服务,5.29,5.35,5.36
sz300050,世纪鼎利,2019-11-27,5.25,5.46,5.2,5.36,5.28,6883400.0,36765734.0,2688492469.76,2920378408.48,51759374.55999999,-13580835.439999968,2882449937.26,3628163066.21,745713128.95,6630647.689999998,1659.52,1039.35,918.67,591.2,1010.42,1893.2,87.96,152.83,,,,Y,,,通信,通信设备,通信配套服务,5.24,5.25,5.25
sz300050,世纪鼎利,2019-11-28,5.35,5.68,5.33,5.43,5.36,10239792.0,56206720.0,2723603378.88,2958517678.74,51759374.55999999,-13580835.439999968,2882449937.26,3628163066.21,745713128.95,6630647.689999998,2135.32,2069.9,749.76,868.64,2336.98,2682.13,398.61,0.0,,,,Y,,,通信,通信设备,通信配套服务,5.62,5.53,5.5
sz300050,世纪鼎利,2019-11-29,5.33,5.41,5.29,5.4,5.43,5603445.0,29979782.0,2708555846.4,2942172277.2,51759374.55999999,-13580835.439999968,2882449937.26,3628163066.21,745713128.95,6630647.689999998,1243.58,1255.08,439.82,244.21,1302.86,1486.97,0.0,0.0,,,,Y,,,通信,通信设备,通信配套服务,5.32,5.33,5.34
sz300050,世纪鼎利,2019-12-02,5.41,5.58,5.38,5.55,5.4,9887698.0,54436655.0,2783793508.8,3023899284.9,51759374.55999999,-13580835.439999968,2882449937.26,3628163066.21,745713128.95,6630647.689999998,2507.28,2601.66,1192.81,749.72,1350.7,2092.29,392.87,0.0,,,,Y,,,通信,通信设备,通信配套服务,5.4,5.41,5.43
sz300050,世纪鼎利,2019-12-03,5.55,5.73,5.52,5.59,5.55,12549280.0,70453039.0,2803856885.44,3045693153.62,51759374.55999999,-13580835.439999968,2882449937.26,3628163066.21,745713128.95,6630647.689999998,3105.16,2400.6,1677.32,2136.27,2149.91,2297.15,112.9,211.27,,,,Y,,,通信,通信设备,通信配套服务,5.65,5.66,5.65
sz300050,世纪鼎利,2019-12-04,5.56,5.57,5.48,5.57,5.59,8997818.0,49719888.0,2793825197.12,3034796219.26,51759374.55999999,-13580835.439999968,2882449937.26,3628163066.21,745713128.95,6630647.689999998,1859.27,1920.66,1096.87,1310.56,1798.62,1407.84,217.23,332.93,,,,Y,,,通信,通信设备,通信配套服务,5.54,5.53,5.53
sz300050,世纪鼎利,2019-12-05,5.55,5.62,5.54,5.6,5.57,8531486.0,47591093.0,2808872729.6,3051141620.8,51759374.55999999,-13580835.439999968,2882449937.26,3628163066.21,745713128.95,6630647.689999998,2189.46,1787.06,1235.56,544.03,1334.08,2005.64,0.0,422.38,,,,Y,,,通信,通信设备,通信配套服务,5.56,5.54,5.59
sz300050,世纪鼎利,2019-12-06,5.6,5.69,5.5,5.66,5.6,11029166.0,61986495.0,2838967794.56,3083832423.88,51759374.55999999,-13580835.439999968,2882449937.26,3628163066.21,745713128.95,6630647.689999998,2574.39,2390.42,1252.66,1578.26,1973.97,1837.86,397.63,392.11,,,,Y,,,通信,通信设备,通信配套服务,5.53,5.56,5.61
sz300050,世纪鼎利,2019-12-09,5.66,5.7,5.62,5.66,5.66,7053586.0,39881266.0,2838967794.56,3083832423.88,51759374.55999999,-13580835.439999968,2882449937.26,3628163066.21,745713128.95,6630647.689999998,1448.79,1574.82,890.27,1394.55,1365.95,1018.64,283.0,0.0,,,,Y,,,通信,通信设备,通信配套服务,5.66,5.66,5.67
sz300050,世纪鼎利,2019-12-10,5.65,5.66,5.56,5.65,5.66,8118546.0,45542553.0,2833951950.4,3078383956.7,51759374.55999999,-13580835.439999968,2882449937.26,3628163066.21,745713128.95,6630647.689999998,1856.35,1900.82,536.13,1334.4,1715.52,1133.25,446.24,185.77,,,,Y,,,通信,通信设备,通信配套服务,5.62,5.61,5.59
sz300050,世纪鼎利,2019-12-11,5.65,5.71,5.52,5.55,5.65,8856300.0,49644670.0,2783793508.8,3023899284.9,51759374.55999999,-13580835.439999968,2882449937.26,3628163066.21,745713128.95,6630647.689999998,2039.88,2274.81,1058.81,684.49,1854.23,1528.22,0.0,465.4,,,,Y,,,通信,通信设备,通信配套服务,5.64,5.64,5.7
sz300050,世纪鼎利,2019-12-12,5.54,5.64,5.5,5.56,5.55,7955677.0,44364079.0,2788809352.96,3029347752.08,51759374.55999999,-13580835.439999968,2882449937.26,3628163066.21,745713128.95,6630647.689999998,2141.25,1874.67,622.25,811.99,1672.91,1638.55,0.0,111.2,,,,Y,,,通信,通信设备,通信配套服务,5.53,5.52,5.55
sz300050,世纪鼎利,2019-12-13,5.58,5.66,5.53,5.66,5.56,11447651.0,64095005.0,2838967794.56,3083832423.88,51759374.55999999,-13580835.439999968,2882449937.26,3628163066.21,745713128.95,6630647.689999998,2545.65,2937.1,2098.53,1192.1,1482.32,1898.37,283.0,381.93,,,,Y,,,通信,通信设备,通信配套服务,5.59,5.57,5.59
sz300050,世纪鼎利,2019-12-16,5.66,5.93,5.66,5.92,5.66,23040817.0,133956682.0,2969379742.72,3225492570.56,51759374.55999999,-13580835.439999968,2882449937.26,3628163066.21,745713128.95,6630647.689999998,4786.32,5731.76,4660.19,3527.36,3751.56,4132.85,193.89,0.0,,,,,,,通信,通信设备,通信配套服务,5.69,5.69,5.75
sz300050,世纪鼎利,2019-12-17,5.88,5.97,5.83,5.9,5.92,17304378.0,102096498.0,2959348054.4,3214595636.2,51759374.55999999,-13580835.439999968,2882449937.26,3628163066.21,745713128.95,6630647.689999998,4119.38,4324.18,1860.11,2698.56,4100.84,2914.24,129.33,272.67,,,,,,,通信,通信设备,通信配套服务,5.88,5.86,5.91
sz300050,世纪鼎利,2019-12-18,5.9,5.98,5.86,5.92,5.9,14382871.0,85183323.0,2969379742.72,3225492570.56,51759374.55999999,-13580835.439999968,2882449937.26,3628163066.21,745713128.95,6630647.689999998,3617.97,3289.42,2201.18,2230.21,2522.58,2769.7,176.6,229.0,,,,,,,通信,通信设备,通信配套服务,5.9,5.9,5.96
sz300050,世纪鼎利,2019-12-19,5.9,6.03,5.87,5.94,5.92,13045980.0,77472188.0,2979411431.04,3236389504.92,51759374.55999999,-13580835.439999968,2882449937.26,3628163066.21,745713128.95,6630647.689999998,3291.1,2878.58,1433.65,1564.43,2632.81,3304.21,389.66,0.0,,,,,,,通信,通信设备,通信配套服务,5.91,5.93,5.94
sz300050,世纪鼎利,2019-12-20,5.9,5.93,5.74,5.76,5.94,11986502.0,69978089.0,2889126236.16,3138317095.68,51759374.55999999,-13580835.439999968,2882449937.26,3628163066.21,745713128.95,6630647.689999998,2479.02,2623.64,1410.1,1783.82,3108.69,2007.71,0.0,582.62,,,,,,,通信,通信设备,通信配套服务,5.91,5.91,5.88
sz300050,世纪鼎利,2019-12-23,5.79,5.8,5.56,5.56,5.76,8740345.0,49559976.0,2788809352.96,3029347752.08,51759374.55999999,-13580835.439999968,2882449937.26,3628163066.21,745713128.95,6630647.689999998,1881.86,1974.5,761.91,1130.47,2198.03,1737.94,114.2,113.08,,,,,,,通信,通信设备,通信配套服务,5.71,5.73,5.7
sz300050,世纪鼎利,2019-12-24,5.6,5.71,5.54,5.68,5.56,7225286.0,40644903.0,2848999482.88,3094729358.24,51759374.55999999,-13580835.439999968,2882449937.26,3628163066.21,745713128.95,6630647.689999998,2008.31,1963.01,809.09,539.26,1247.09,1562.22,0.0,0.0,,,,,,,通信,通信设备,通信配套服务,5.6,5.6,5.59
sz300050,世纪鼎利,2019-12-25,5.68,5.86,5.66,5.82,5.68,9750737.0,56384639.0,2919221301.12,3171007898.76,51759374.55999999,-13580835.439999968,2882449937.26,3628163066.21,745713128.95,6630647.689999998,2229.91,2550.34,1501.32,996.97,1907.23,2045.76,0.0,45.4,,,,,,,通信,通信设备,通信配套服务,5.72,5.71,5.74
sz300050,世纪鼎利,2019-12-26,5.82,5.88,5.78,5.87,5.82,8104013.0,47263612.0,2944300521.92,3198250234.66,51759374.55999999,-13580835.439999968,2882449937.26,3628163066.21,745713128.95,6630647.689999998,1730.91,1974.5,1538.59,1124.14,1456.85,1511.52,0.0,116.2,,,,,,,通信,通信设备,通信配套服务,5.81,5.8,5.82
sz300050,世纪鼎利,2019-12-27,5.87,5.92,5.72,5.73,5.87,7805939.0,45383805.0,2874078703.68,3121971694.14,51759374.55999999,-13580835.439999968,2882449937.26,3628163066.21,745713128.95,6630647.689999998,1637.92,2015.48,736.24,1196.95,2157.19,1166.89,0.0,152.03,,,,,,,通信,通信设备,通信配套服务,5.9,5.88,5.86
sz300050,世纪鼎利,2019-12-30,5.69,5.81,5.58,5.78,5.73,7849819.0,44871761.0,2899157924.48,3149214030.04,51759374.55999999,-13580835.439999968,2882449937.26,3628163066.21,745713128.95,6630647.689999998,1918.02,1646.24,882.58,1506.25,1633.48,1334.69,53.09,0.0,,,,,,,通信,通信设备,通信配套服务,5.68,5.64,5.69
sz300050,世纪鼎利,2019-12-31,5.8,5.8,5.63,5.68,5.78,9303002.0,53023845.0,2848999482.88,3094729358.24,51759374.55999999,-13580835.439999968,2882449937.26,3628163066.21,745713128.95,6630647.689999998,2323.21,1715.07,628.8,1951.06,2350.38,1491.83,0.0,144.42,,,,,,,通信,通信设备,通信配套服务,5.73,5.75,5.77
sz300050,世纪鼎利,2020-01-02,5.72,5.9,5.69,5.86,5.68,12116707.0,70475166.0,2939284677.76,3192801767.48,51759374.55999999,-13580835.439999968,2882449937.26,3628163066.21,745713128.95,6630647.689999998,2614.98,3138.62,1699.73,1141.82,2570.45,2655.71,151.92,100.93,,,,,,,通信,通信设备,通信配套服务,5.71,5.74,5.77
sz300050,世纪鼎利,2020-01-03,5.87,6.42,5.81,6.21,5.86,38065385.0,232030868.0,3114839223.36,3383498118.78,51759374.55999999,-13580835.439999968,2882449937.26,3628163066.21,745713128.95,6630647.689999998,7224.56,9542.66,6643.52,5656.61,5333.78,7775.0,4001.21,228.81,,,,,,,通信,通信设备,通信配套服务,5.9,5.89,5.87
sz300050,世纪鼎利,2020-01-06,6.05,6.16,6.03,6.08,6.21,24532455.0,149462924.0,3049633249.28,3312668045.44,51759374.55999999,-13580835.439999968,2882449937.26,3628163066.21,745713128.95,6630647.689999998,6429.48,4594.39,2772.24,4535.89,5109.97,4369.0,634.56,1446.98,,,,,,,通信,通信设备,通信配套服务,6.06,6.1,6.09
sz300050,世纪鼎利,2020-01-07,6.09,6.16,6.04,6.14,6.08,15047148.0,91784527.0,3079728314.24,3345358848.52,51759374.55999999,-13580835.439999968,2882449937.26,3628163066.21,745713128.95,6630647.689999998,3522.49,3810.63,2702.41,2057.78,2767.66,3066.23,185.87,243.8,,,,,,,通信,通信设备,通信配套服务,6.09,6.09,6.1
sz300050,世纪鼎利,2020-01-08,6.07,6.11,5.87,5.91,6.14,18011606.0,108108292.0,2964363898.56,3220044103.38,51759374.55999999,-13580835.439999968,2882449937.26,3628163066.21,745713128.95,6630647.689999998,4384.0,3812.48,2093.27,3168.2,4333.53,2160.25,0.0,1669.88,,,,,,,通信,通信设备,通信配套服务,6.1,6.1,6.06
sz300050,世纪鼎利,2020-01-09,5.96,6.13,5.96,6.08,5.91,14663990.0,88809975.0,3049633249.28,3312668045.44,51759374.55999999,-13580835.439999968,2882449937.26,3628163066.21,745713128.95,6630647.689999998,3985.73,3749.15,2575.18,2195.59,2320.02,2782.82,0.06,153.43,,,,,,,通信,通信设备,通信配套服务,5.99,6.03,6.05
sz300050,世纪鼎利,2020-01-10,6.13,6.14,5.98,6.04,6.08,9496400.0,57441741.0,3065809872.64,3290874176.72,51759374.55999999,-13580835.439999968,2882449937.26,3628163066.21,745713128.95,6630647.689999998,2333.72,2444.97,937.97,1663.74,2472.48,1533.85,0.0,101.62,,,,,,,通信,通信设备,通信配套服务,6.08,6.09,6.11
sz300050,世纪鼎利,2020-01-13,6.02,6.08,5.89,6.08,6.04,10519222.0,62897669.0,3086113249.28,3312668045.44,51759374.55999999,-13580835.439999968,2882449937.26,3628163066.21,745713128.95,6630647.689999998,2577.06,2469.73,1074.79,1848.29,2470.26,1968.49,164.4,0.0,,,,,,,通信,通信设备,通信配套服务,6.0,5.95,5.93
sz300050,世纪鼎利,2020-01-14,6.1,6.1,6.0,6.05,6.08,8851727.0,53555919.0,3070885716.8,3296322643.9,51759374.55999999,-13580835.439999968,2882449937.26,3628163066.21,745713128.95,6630647.689999998,2377.97,1992.81,748.58,1228.05,1770.51,1777.5,458.52,357.23,,,,,,,通信,通信设备,通信配套服务,6.09,6.08,6.08
sz300050,世纪鼎利,2020-01-15,6.01,6.15,5.94,6.0,6.05,8859089.0,53254519.0,3045506496.0,3269080308.0,51759374.55999999,-13580835.439999968,2882449937.26,3628163066.21,745713128.95,6630647.689999998,2169.86,2094.44,968.57,1212.06,1944.33,1751.42,242.7,267.53,,,,,,,通信,通信设备,通信配套服务,6.05,6.07,6.05
sz300050,世纪鼎利,2020-01-16,6.0,6.06,5.95,6.04,6.0,10653003.0,64101969.0,3065809872.64,3290874176.72,51759374.55999999,-13580835.439999968,2882449937.26,3628163066.21,745713128.95,6630647.689999998,2983.43,2922.36,1714.7,1722.39,1537.54,1765.44,174.53,0.0,,,,,,,通信,通信设备,通信配套服务,5.97,6.0,5.99
sz300050,世纪鼎利,2020-01-17,6.06,6.11,5.97,5.98,6.04,10658320.0,64546461.0,3035354807.68,3258183373.64,51759374.55999999,-13580835.439999968,2882449937.26,3628163066.21,745713128.95,6630647.689999998,2877.42,2674.14,1129.57,1810.46,2067.24,1727.44,380.42,242.6,,,,,,,通信,通信设备,通信配套服务,6.05,6.05,6.05
sz300050,世纪鼎利,2020-01-20,5.96,5.96,5.78,5.9,5.98,12527138.0,73484198.0,2994748054.4,3214595636.2,51759374.55999999,-13580835.439999968,2882449937.26,3628163066.21,745713128.95,6630647.689999998,3165.11,2881.39,1206.3,2835.95,2977.01,1504.93,0.0,126.14,,,,,,,通信,通信设备,通信配套服务,5.93,5.82,5.84
sz300050,世纪鼎利,2020-01-21,5.31,5.38,5.31,5.31,5.9,17080900.0,90730217.0,2695273248.96,2893136072.58,51759374.55999999,-13580835.439999968,2882449937.26,3628163066.21,745713128.95,6630647.689999998,3591.97,2442.71,1860.59,3248.92,2963.59,1128.92,656.88,2252.48,,,,,,,通信,通信设备,通信配套服务,5.32,5.31,5.31
sz300050,世纪鼎利,2020-01-22,5.08,5.28,5.02,5.16,5.31,19775615.0,101518917.0,2619135586.56,2811409064.88,51759374.55999999,-13580835.439999968,2882449937.26,3628163066.21,745713128.95,6630647.689999998,3752.27,4350.26,2874.76,2737.33,3267.42,2820.96,257.45,243.33,,,,,,,通信,通信设备,通信配套服务,5.1,5.05,5.08
sz300050,世纪鼎利,2020-01-23,5.18,5.27,4.97,5.04,5.16,13876579.0,70991363.0,2558225456.64,2746027458.72,51759374.55999999,-13580835.439999968,2882449937.26,3628163066.21,745713128.95,6630647.689999998,2518.39,2901.29,1565.25,2261.43,2921.49,1622.18,94.0,314.24,,,,,,,通信,通信设备,通信配套服务,5.17,5.2,5.22
sz300050,世纪鼎利,2020-02-03,4.54,4.54,4.54,4.54,5.04,1433800.0,6509452.0,2304433248.64,2473604099.72,51759374.55999999,-13580835.439999968,2882449937.26,3628163066.21,745713128.95,6630647.689999998,241.89,341.32,51.98,178.24,321.7,96.02,0.0,0.0,,,,,,,通信,通信设备,通信配套服务,4.54,4.54,4.54
sz300050,世纪鼎利,2020-02-04,4.19,4.62,4.19,4.6,4.54,15407710.0,68631324.0,2334888313.6,2506294902.8,51759374.55999999,-13580835.439999968,2882449937.26,3628163066.21,745713128.95,6630647.689999998,2540.07,2651.99,1918.28,1900.94,2285.58,2196.45,119.2,113.75,,,,,,,通信,通信设备,通信配套服务,4.29,4.33,4.39
sz300050,世纪鼎利,2020-02-05,4.58,4.89,4.53,4.86,4.6,15074902.0,71541693.0,2466860261.76,2647955049.48,51759374.55999999,-13580835.439999968,2882449937.26,3628163066.21,745713128.95,6630647.689999998,2991.04,2912.72,1844.92,1498.12,2132.65,2743.33,185.56,0.0,,,,,,,通信,通信设备,通信配套服务,4.68,4.7,4.7
sz300050,世纪鼎利,2020-02-06,4.85,5.35,4.71,5.35,4.86,20409391.0,105053125.0,2715576625.6,2914929941.3,51759374.55999999,-13580835.439999968,2882449937.26,3628163066.21,745713128.95,6630647.689999998,2341.9,3733.86,2060.12,2587.34,2464.88,3574.03,3619.96,591.62,,,,,,,通信,通信设备,通信配套服务,4.85,4.99,4.92
sz300050,世纪鼎利,2020-02-07,5.48,5.89,5.3,5.89,5.35,58841309.0,332839846.0,2989672210.24,3209147169.02,51759374.55999999,-13580835.439999968,2882449937.26,3628163066.21,745713128.95,6630647.689999998,10295.38,11227.88,9323.53,8038.65,7793.23,9521.03,5870.57,4495.14,,,,,,,通信,通信设备,通信配套服务,5.61,5.43,5.44
sz300050,世纪鼎利,2020-02-10,5.77,5.89,5.3,5.36,5.89,48231857.0,261115474.0,2720652469.76,2920378408.48,51759374.55999999,-13580835.439999968,2882449937.26,3628163066.21,745713128.95,6630647.689999998,9552.81,6303.99,4746.36,8409.08,10351.33,3752.05,1426.54,7611.91,,,,,,,通信,通信设备,通信配套服务,5.48,5.43,5.45
sz300050,世纪鼎利,2020-02-11,5.26,5.45,5.1,5.14,5.36,26085853.0,136998373.0,2608983898.24,2800512130.52,51759374.55999999,-13580835.439999968,2882449937.26,3628163066.21,745713128.95,6630647.689999998,4841.43,5036.4,3364.08,3517.98,5177.79,3861.57,316.54,1283.89,,,,,,,通信,通信设备,通信配套服务,5.43,5.39,5.3
sz300050,世纪鼎利,2020-02-12,5.19,5.28,5.08,5.24,5.14,16529901.0,86122967.0,2659742339.84,2995166802.32,51759374.55999999,-13580835.439999968,2882449937.26,3628163066.21,745713128.95,6630647.689999998,3201.96,3494.28,2654.81,2300.5,2487.78,2712.51,267.76,105.0,,,,,,,通信,通信设备,通信配套服务,5.17,5.15,5.18
sz300050,世纪鼎利,2020-02-13,5.21,5.26,5.12,5.14,5.24,12869300.0,66631903.0,2608983898.24,2938007130.52,51759374.55999999,-13580835.439999968,2882449937.26,3628163066.21,745713128.95,6630647.689999998,2753.22,2989.44,1536.18,1789.59,2373.78,1884.15,0.0,0.0,,,,,,,通信,通信设备,通信配套服务,5.23,5.22,5.18
sz300050,世纪鼎利,2020-02-14,5.09,5.15,5.03,5.05,5.14,11876210.0,60337943.0,2563301300.8,2886563425.9,51759374.55999999,-13580835.439999968,2882449937.26,3628163066.21,745713128.95,6630647.689999998,1065.56,1172.86,505.89,574.14,1206.67,939.25,0.0,91.87,,,,,,,通信,通信设备,通信配套服务,5.12,5.13,5.11
sz300050,世纪鼎利,2020-02-17,5.06,5.3,5.06,5.28,5.05,15149779.0,78856442.0,2680045716.48,3018030671.04,51759374.55999999,-13580835.439999968,2882449937.26,3628163066.21,745713128.95,6630647.689999998,2999.69,3065.09,2246.07,1673.05,2245.66,2665.52,394.21,481.98,,,,,,,通信,通信设备,通信配套服务,5.11,5.11,5.12
sz300050,世纪鼎利,2020-02-18,5.3,5.42,5.24,5.41,5.28,17101342.0,91095662.0,2746031690.56,3092338244.38,51759374.55999999,-13580835.439999968,2882449937.26,3628163066.21,745713128.95,6630647.689999998,3490.47,3504.6,2140.67,1970.22,2987.95,3399.99,483.15,227.43,,,,,,,通信,通信设备,通信配套服务,5.27,5.29,5.31
sz300050,世纪鼎利,2020-02-19,5.37,5.45,5.27,5.28,5.41,13971101.0,74871619.0,2680045716.48,3018030671.04,51759374.55999999,-13580835.439999968,2882449937.26,3628163066.21,745713128.95,6630647.689999998,2792.01,3481.6,1755.71,1710.21,2800.61,2295.35,138.83,0.0,,,,,,,通信,通信设备,通信配套服务,5.36,5.31,5.34
sz300050,世纪鼎利,2020-02-20,5.33,5.38,5.22,5.36,5.28,12629531.0,67216030.0,2720652469.76,3063758408.48,51759374.55999999,-13580835.439999968,2882449937.26,3628163066.21,745713128.95,6630647.689999998,2792.41,2557.9,1347.06,1651.12,2452.31,2164.04,127.41,346.15,,,,,,,通信,通信设备,通信配套服务,5.35,5.34,5.3
sz300050,世纪鼎利,2020-02-21,5.38,5.59,5.35,5.57,5.36,24802789.0,136130404.0,2827245197.12,3183793719.26,51759374.55999999,-13580835.439999968,2882449937.26,3628163066.21,745713128.95,6630647.689999998,4795.39,5445.78,4699.36,2897.17,3470.14,4924.39,648.14,345.69,,,,,,,通信,通信设备,通信配套服务,5.39,5.44,5.47
sz300050,世纪鼎利,2020-02-24,5.6,6.08,5.57,5.84,5.57,38242207.0,221029646.0,2964292989.44,3338124833.12,51759374.55999999,-13580835.439999968,2882449937.26,3628163066.21,745713128.95,6630647.689999998,8410.42,6891.06,6053.85,7755.09,7192.85,6219.61,445.85,1237.21,,,,,,,通信,通信设备,通信配套服务,5.7,5.69,5.75
sz300050,世纪鼎利,2020-02-25,5.72,6.42,5.66,6.42,5.84,73585737.0,461968152.0,3258691950.72,3669650929.56,51759374.55999999,-13580835.439999968,2882449937.26,3628163066.21,745713128.95,6630647.689999998,10333.06,16481.14,11084.72,13216.78,6222.43,11577.58,18507.62,4872.33,,,,,,,通信,通信设备,通信配套服务,5.84,6.17,6.11
sz300050,世纪鼎利,2020-02-26,6.59,6.8,6.02,6.07,6.42,84393619.0,540173539.0,3081037405.12,3469592078.26,51759374.55999999,-13580835.439999968,2882449937.26,3628163066.21,745713128.95,6630647.689999998,13978.74,10729.9,10137.1,14482.05,12165.72,8019.68,1580.52,4630.45,,,,,,,通信,通信设备,通信配套服务,6.56,6.48,6.46
sz300050,世纪鼎利,2020-02-27,6.07,6.29,5.8,5.91,6.07,41940640.0,252057254.0,2999823898.56,3378136603.38,51759374.55999999,-13580835.439999968,2882449937.26,3628163066.21,745713128.95,6630647.689999998,10164.68,10329.32,6386.92,6857.01,8654.12,6122.22,0.0,1897.18,,,,,,,通信,通信设备,通信配套服务,6.26,6.18,6.06
sz300050,世纪鼎利,2020-02-28,5.6,5.68,5.32,5.32,5.91,38854176.0,212442075.0,2700349093.12,3040894539.76,51759374.55999999,-13580835.439999968,2882449937.26,3628163066.21,745713128.95,6630647.689999998,8143.54,8190.02,4821.74,5959.5,8170.92,4912.77,108.0,2181.9,,,,,,,通信,通信设备,通信配套服务,5.59,5.55,5.58
sz300050,世纪鼎利,2020-03-02,5.33,5.67,5.25,5.59,5.32,25712290.0,141242140.0,2837396885.44,3195225653.62,51759374.55999999,-13580835.439999968,2882449937.26,3628163066.21,745713128.95,6630647.689999998,5501.91,5909.29,4327.39,3333.01,3891.01,4881.92,403.9,0.0,,,,,,,通信,通信设备,通信配套服务,5.42,5.35,5.37
sz300050,世纪鼎利,2020-03-03,5.68,5.85,5.54,5.7,5.59,29495689.0,168560816.0,2893231171.2,3258101292.6,51759374.55999999,-13580835.439999968,2882449937.26,3628163066.21,745713128.95,6630647.689999998,7442.55,6578.1,3449.31,4927.68,5113.23,4610.61,850.99,739.69,,,,,,,通信,通信设备,通信配套服务,5.71,5.78,5.72
sz300050,世纪鼎利,2020-03-04,5.6,6.01,5.56,5.92,5.7,27957314.0,163195662.0,3004899742.72,3383852570.56,51759374.55999999,-13580835.439999968,2882449937.26,3628163066.21,745713128.95,6630647.689999998,6015.11,6784.71,3921.52,3523.91,4545.36,5395.64,1837.57,615.3,,,,,,,通信,通信设备,通信配套服务,5.61,5.67,5.73
sz300050,世纪鼎利,2020-03-05,6.4,6.4,6.02,6.11,5.92,48762432.0,301947169.0,3101340781.76,3492455946.98,51759374.55999999,-13580835.439999968,2882449937.26,3628163066.21,745713128.95,6630647.689999998,11458.75,10958.71,8197.43,9381.87,9206.38,7686.36,1332.15,2167.76,,,,,,,通信,通信设备,通信配套服务,6.28,6.26,6.2
sz300050,世纪鼎利,2020-03-06,5.93,6.18,5.93,6.03,6.11,30282625.0,183182010.0,3060734028.48,3446728209.54,51759374.55999999,-13580835.439999968,2882449937.26,3628163066.21,745713128.95,6630647.689999998,6970.92,7385.55,4295.47,4810.58,6416.08,4966.67,635.73,1155.4,,,,,,,通信,通信设备,通信配套服务,5.97,6.09,6.12
sz300050,世纪鼎利,2020-03-09,5.94,6.28,5.68,5.93,6.03,38963937.0,237464141.0,3009975586.88,3389568537.74,51759374.55999999,-13580835.439999968,2882449937.26,3628163066.21,745713128.95,6630647.689999998,9732.1,9475.97,5723.66,6727.41,7428.64,6658.83,862.01,884.2,,,,,,,通信,通信设备,通信配套服务,5.92,5.87,6.07
sz300050,世纪鼎利,2020-03-10,5.89,6.43,5.7,6.38,5.93,49712419.0,306385880.0,3238388574.08,3646787060.84,51759374.55999999,-13580835.439999968,2882449937.26,3628163066.21,745713128.95,6630647.689999998,11590.06,11504.5,8686.36,7672.97,7646.01,10021.66,2716.15,1439.46,,,,,,,通信,通信设备,通信配套服务,5.99,5.89,6.04
sz300050,世纪鼎利,2020-03-11,6.3,6.58,6.05,6.06,6.38,42851939.0,270781541.0,3075961560.96,3463876111.08,51759374.55999999,-13580835.439999968,2882449937.26,3628163066.21,745713128.95,6630647.689999998,9958.4,9905.72,5962.31,7225.86,9656.71,7436.87,435.75,1444.72,,,,,,,通信,通信设备,通信配套服务,6.45,6.43,6.5
sz300050,世纪鼎利,2020-03-12,5.98,6.67,5.9,6.67,6.06,71721421.0,467125782.0,3385588054.72,3812550109.06,51759374.55999999,-13580835.439999968,2882449937.26,3628163066.21,745713128.95,6630647.689999998,10186.35,14660.93,12564.77,13402.8,6035.31,11841.39,17926.13,6807.42,,,,,,,通信,通信设备,通信配套服务,5.96,6.15,6.2
sz300050,世纪鼎利,2020-03-13,6.42,7.14,6.42,6.8,6.67,114355863.0,778025721.0,3451574028.8,3886857682.4,51759374.55999999,-13580835.439999968,2882449937.26,3628163066.21,745713128.95,6630647.689999998,27185.5,22541.31,21355.55,29685.69,22995.45,15577.22,6266.05,9998.33,,,,,,,通信,通信设备,通信配套服务,6.48,6.79,6.9
sz300050,世纪鼎利,2020-03-16,6.59,6.76,6.12,6.12,6.8,72354433.0,462702135.0,3106416625.92,3498171914.16,51759374.55999999,-13580835.439999968,2882449937.26,3628163066.21,745713128.95,6630647.689999998,17524.11,15968.48,8404.0,14979.47,19718.98,10877.99,622.71,4443.86,,,,,,,通信,通信设备,通信配套服务,6.65,6.43,6.5
sz300050,世纪鼎利,2020-03-17,6.13,6.39,5.76,6.19,6.12,46194420.0,280812476.0,3141947535.04,3538183684.42,51759374.55999999,-13580835.439999968,2882449937.26,3628163066.21,745713128.95,6630647.689999998,10878.05,11341.31,7462.21,6863.17,9377.54,9428.99,363.44,447.78,,,,,,,通信,通信设备,通信配套服务,6.11,5.99,5.99
sz300050,世纪鼎利,2020-03-18,6.24,6.34,5.75,5.76,6.19,42363254.0,258185479.0,2923686236.16,3292397095.68,51759374.55999999,-13580835.439999968,2882449937.26,3628163066.21,745713128.95,6630647.689999998,10766.18,10414.65,4329.13,7494.11,10617.48,6592.32,105.74,1317.45,,,,,,,通信,通信设备,通信配套服务,6.15,6.16,6.22
sz300050,世纪鼎利,2020-03-19,5.72,6.09,5.72,6.02,5.76,38613023.0,227647037.0,3055658184.32,3441012242.36,51759374.55999999,-13580835.439999968,2882449937.26,3628163066.21,745713128.95,6630647.689999998,9556.55,9655.59,5458.65,4012.99,7227.02,8158.78,522.48,937.34,,,,,,,通信,通信设备,通信配套服务,5.86,5.78,5.91
sz300050,世纪鼎利,2020-03-20,6.12,6.12,5.88,6.03,6.02,27888829.0,167656324.0,3060734028.48,3446728209.54,51759374.55999999,-13580835.439999968,2882449937.26,3628163066.21,745713128.95,6630647.689999998,7462.93,7043.98,3088.05,3530.38,6079.87,5719.04,134.78,472.23,,,,,,,通信,通信设备,通信配套服务,6.04,6.02,6.08
sz300050,世纪鼎利,2020-03-23,5.82,6.63,5.76,6.3,6.03,63253293.0,400640811.0,3197781820.8,3601059323.4,51759374.55999999,-13580835.439999968,2882449937.26,3628163066.21,745713128.95,6630647.689999998,15036.76,16119.1,8925.65,8567.27,11779.49,13705.78,4320.9,1670.64,,,,,,,通信,通信设备,通信配套服务,5.91,5.95,6.14
sz300050,世纪鼎利,2020-03-24,6.48,6.54,5.94,6.47,6.3,55072033.0,348284309.0,3284071171.52,3698230765.46,51759374.55999999,-13580835.439999968,2882449937.26,3628163066.21,745713128.95,6630647.689999998,13738.89,12936.73,8435.29,8943.62,11466.52,10735.1,1187.72,2212.97,,,,,,,通信,通信设备,通信配套服务,6.4,6.45,6.43
sz300050,世纪鼎利,2020-03-25,6.59,6.82,6.41,6.55,6.47,57495060.0,380013225.0,3324677924.8,3743958502.9,51759374.55999999,-13580835.439999968,2882449937.26,3628163066.21,745713128.95,6630647.689999998,15283.14,14229.14,9781.5,10888.73,11577.82,11511.6,1207.72,1220.72,,,,,,,通信,通信设备,通信配套服务,6.45,6.56,6.63
sz300050,世纪鼎利,2020-03-26,6.45,7.1,6.4,6.85,6.55,71432321.0,484093792.0,3476953249.6,3915437518.3,51759374.55999999,-13580835.439999968,2882449937.26,3628163066.21,745713128.95,6630647.689999998,16079.7,17998.64,12318.81,12429.26,13358.83,15573.34,6652.02,2408.13,,,,,,,通信,通信设备,通信配套服务,6.51,6.68,6.64
sz300050,世纪鼎利,2020-03-27,6.78,6.84,6.21,6.33,6.85,55525660.0,362055310.0,3213009353.28,3618207224.94,51759374.55999999,-13580835.439999968,2882449937.26,3628163066.21,745713128.95,6630647.689999998,13112.64,13497.3,7824.18,11127.54,13912.76,7988.38,1355.94,3592.29,,,,,,,通信,通信设备,通信配套服务,6.75,6.76,6.72
sz300050,世纪鼎利,2020-03-30,6.23,6.44,5.91,6.4,6.33,35133708.0,217011637.0,3248540262.4,3658218995.2,51759374.55999999,-13580835.439999968,2882449937.26,3628163066.21,745713128.95,6630647.689999998,8936.47,8868.18,4971.08,5192.84,7299.86,6674.11,493.74,966.03,,,,,,,通信,通信设备,通信配套服务,6.05,6.08,5.99
sz300050,世纪鼎利,2020-03-31,6.39,6.52,6.17,6.19,6.4,29415089.0,186574575.0,3141947535.04,3538183684.42,51759374.55999999,-13580835.439999968,2882449937.26,3628163066.21,745713128.95,6630647.689999998,7990.48,7702.88,4131.62,5102.47,6373.85,5259.67,161.5,592.43,,,,,,,通信,通信设备,通信配套服务,6.5,6.41,6.36
sz300050,世纪鼎利,2020-04-01,6.05,6.81,6.05,6.68,6.19,86762122.0,578838588.0,3390663898.88,3818266076.24,51759374.55999999,-13580835.439999968,2882449937.26,3628163066.21,745713128.95,6630647.689999998,15062.03,20251.54,14061.2,15319.42,13293.48,16912.25,15467.14,5400.64,,,,,,,通信,通信设备,通信配套服务,6.17,6.39,6.66
sz300050,世纪鼎利,2020-04-02,6.62,6.98,6.5,6.95,6.68,78611215.0,533760818.0,3527711691.2,3972597190.1,51759374.55999999,-13580835.439999968,2882449937.26,3628163066.21,745713128.95,6630647.689999998,20201.42,16827.75,12415.44,18479.89,16810.44,12815.33,3948.78,5253.12,,,,,,,通信,通信设备,通信配套服务,6.63,6.72,6.75
sz300050,世纪鼎利,2020-04-03,6.86,6.88,6.42,6.49,6.95,55747591.0,368729228.0,3294222859.84,3709662699.82,51759374.55999999,-13580835.439999968,2882449937.26,3628163066.21,745713128.95,6630647.689999998,13679.14,12640.23,8131.65,10010.21,14541.84,10395.51,520.28,3826.98,,,,,,,通信,通信设备,通信配套服务,6.75,6.69,6.7
sz300050,世纪鼎利,2020-04-07,6.63,7.14,6.59,7.14,6.49,47608640.0,332964637.0,3624152730.24,4081200566.52,51759374.55999999,-13580835.439999968,2882449937.26,3628163066.21,745713128.95,6630647.689999998,7634.83,11718.22,8688.38,9279.92,4307.48,9438.46,12665.77,2859.86,,,,,,,通信,通信设备,通信配套服务,6.72,6.9,7.14
sz300050,世纪鼎利,2020-04-08,7.22,7.5,7.0,7.06,7.14,93216134.0,676204363.0,3583545976.96,4035472829.08,51759374.55999999,-13580835.439999968,2882449937.26,3628163066.21,745713128.95,6630647.689999998,25474.97,23732.31,14254.54,21122.07,24200.55,15500.78,3690.36,7265.26,,,,,,,通信,通信设备,通信配套服务,7.33,7.22,7.44
sz300050,世纪鼎利,2020-04-09,7.07,7.39,6.92,7.13,7.06,58675950.0,418060935.0,3619076886.08,4075484599.34,51759374.55999999,-13580835.439999968,2882449937.26,3628163066.21,745713128.95,6630647.689999998,15291.78,15554.99,8721.5,11776.48,15620.5,12627.24,2172.31,1847.37,,,,,,,通信,通信设备,通信配套服务,7.26,7.28,7.12
sz300050,世纪鼎利,2020-04-10,6.71,6.87,6.5,6.5,7.13,58768326.0,390629631.0,3299298704.0,3715378667.0,51759374.55999999,-13580835.439999968,2882449937.26,3628163066.21,745713128.95,6630647.689999998,14366.01,15450.04,8454.86,10624.74,15187.36,11139.46,1054.08,1848.06,,,,,,,通信,通信设备,通信配套服务,6.61,6.69,6.74
sz300050,世纪鼎利,2020-04-13,6.39,6.67,6.27,6.63,6.5,32646075.0,212830170.0,3365284678.08,3789686240.34,51759374.55999999,-13580835.439999968,2882449937.26,3628163066.21,745713128.95,6630647.689999998,7612.78,8273.2,4364.45,4309.87,7968.82,8136.37,1336.97,563.57,,,,,,,通信,通信设备,通信配套服务,6.35,6.44,6.6
sz300050,世纪鼎利,2020-04-14,6.61,6.71,6.52,6.69,6.63,25858926.0,171341024.0,3395739743.04,3823982043.42,51759374.55999999,-13580835.439999968,2882449937.26,3628163066.21,745713128.95,6630647.689999998,7220.97,6961.77,3654.61,3314.47,6043.67,5845.32,214.84,1012.54,,,,,,,通信,通信设备,通信配套服务,6.6,6.64,6.62
sz300050,世纪鼎利,2020-04-15,6.69,6.69,6.42,6.46,6.69,26600865.0,173310809.0,3278995327.36,3692514798.28,51759374.55999999,-13580835.439999968,2882449937.26,3628163066.21,745713128.95,6630647.689999998,6719.54,7221.16,2633.42,4896.67,7702.97,4649.46,275.15,563.79,,,,,,,通信,通信设备,通信配套服务,6.62,6.59,6.6
sz300050,世纪鼎利,2020-04-16,6.36,6.44,6.14,6.21,6.46,29763896.0,185694669.0,3152099223.36,3549615618.78,51759374.55999999,-13580835.439999968,2882449937.26,3628163066.21,745713128.95,6630647.689999998,7111.07,8012.77,2915.78,4648.26,8026.97,5393.86,334.34,333.27,,,,,,,通信,通信设备,通信配套服务,6.32,6.24,6.27
sz300050,世纪鼎利,2020-04-17,6.25,6.38,6.08,6.11,6.21,22462488.0,140013794.0,3101340781.76,3492455946.98,51759374.55999999,-13580835.439999968,2882449937.26,3628163066.21,745713128.95,6630647.689999998,5519.49,6371.64,2847.18,2954.03,5410.95,4394.6,223.75,281.1,,,,,,,通信,通信设备,通信配套服务,6.25,6.29,6.36
sz300050,世纪鼎利,2020-04-20,6.1,6.2,6.06,6.12,6.11,14212106.0,86998295.0,3106416625.92,3498171914.16,51759374.55999999,-13580835.439999968,2882449937.26,3628163066.21,745713128.95,6630647.689999998,3919.22,3422.59,1213.75,2159.17,3566.85,2449.56,0.0,668.51,,,,,,,通信,通信设备,通信配套服务,6.14,6.18,6.11
sz300050,世纪鼎利,2020-04-21,6.05,6.25,6.04,6.18,6.12,16686284.0,102922944.0,3136871690.88,3532467717.24,51759374.55999999,-13580835.439999968,2882449937.26,3628163066.21,745713128.95,6630647.689999998,4142.95,4054.18,2313.86,2452.56,3578.3,3373.35,257.18,412.21,,,,,,,通信,通信设备,通信配套服务,6.1,6.14,6.2
sz300050,世纪鼎利,2020-04-22,6.1,6.3,6.07,6.3,6.18,17689283.0,110168511.0,3197781820.8,3601059323.4,51759374.55999999,-13580835.439999968,2882449937.26,3628163066.21,745713128.95,6630647.689999998,4286.85,4802.81,3116.72,2199.61,3308.25,3914.17,305.03,100.25,,,,,,,通信,通信设备,通信配套服务,6.11,6.22,6.18
sz300050,世纪鼎利,2020-04-23,6.27,6.28,6.0,6.03,6.3,22814349.0,139237922.0,3060734028.48,3446728209.54,51759374.55999999,-13580835.439999968,2882449937.26,3628163066.21,745713128.95,6630647.689999998,5464.32,4815.18,1823.13,4894.95,6636.34,3081.39,0.0,1132.27,,,,,,,通信,通信设备,通信配套服务,6.23,6.17,6.17
sz300050,世纪鼎利,2020-04-24,6.01,6.03,5.5,5.64,6.03,30353700.0,174515802.0,2862776106.24,3223805489.52,-503107443.98,3390725.48999998,2396501342.24,3222982109.74,826480767.5,-5346665.63,6311.14,6916.1,3536.97,5056.9,7427.91,4644.91,175.57,833.67,,,,,,,通信,通信设备,通信配套服务,6.0,5.84,5.87
sz300050,世纪鼎利,2020-04-27,5.61,5.61,5.3,5.44,5.64,16818048.0,92138394.0,2761259223.04,3109486145.92,-503107443.98,3390725.48999998,2396501342.24,3222982109.74,826480767.5,-5346665.63,4040.79,3943.32,1050.44,1745.95,4122.62,3078.25,0.0,446.33,,,,,,,通信,通信设备,通信配套服务,5.53,5.37,5.53
sz300050,世纪鼎利,2020-04-28,5.4,5.44,4.94,5.13,5.44,21810300.0,112284339.0,2603908054.08,2932291163.34,-503107443.98,3390725.48999998,2396501342.24,3222982109.74,826480767.5,-5346665.63,4471.37,4872.78,1852.13,3162.81,4730.93,3192.85,174.0,0.0,,,,,,,通信,通信设备,通信配套服务,5.43,5.22,5.07
sz300050,世纪鼎利,2020-04-29,5.16,5.18,5.01,5.03,5.13,13270442.0,67494293.0,2553149612.48,2875131491.54,-503107443.98,3390725.48999998,2396501342.24,3222982109.74,826480767.5,-5346665.63,2937.64,2770.59,1026.75,1694.72,2785.04,2274.83,0.0,9.29,,,,,,,通信,通信设备,通信配套服务,5.15,5.15,5.15
sz300050,世纪鼎利,2020-04-30,5.06,5.28,5.06,5.24,5.03,15263846.0,79250678.0,2659742339.84,2995166802.32,-503107443.98,3390725.48999998,2396501342.24,3222982109.74,826480767.5,-5346665.63,3250.15,3335.07,1635.88,1157.92,2624.89,2993.96,414.14,438.11,,,,,,,通信,通信设备,通信配套服务,5.1,5.12,5.16
sz300050,世纪鼎利,2020-05-06,5.18,5.36,5.17,5.34,5.24,13406308.0,70915543.0,2710500781.44,3052326474.12,-503107443.98,3390725.48999998,2396501342.24,3222982109.74,826480767.5,-5346665.63,2914.28,2677.53,1690.68,1950.18,1902.07,2288.94,584.53,174.91,,,,,,,通信,通信设备,通信配套服务,5.24,5.25,5.26
sz300050,世纪鼎利,2020-05-07,5.46,5.65,5.29,5.3,5.34,21560048.0,117715043.0,2690197404.8,3029462605.4,-503107443.98,3390725.48999998,2396501342.24,3222982109.74,826480767.5,-5346665.63,4683.6,4562.72,2418.06,3672.82,4558.81,3361.36,111.02,174.6,,,,,,,通信,通信设备,通信配套服务,5.59,5.52,5.48
sz300050,世纪鼎利,2020-05-08,5.37,5.45,5.33,5.37,5.3,14722149.0,79347304.0,2725728313.92,3069474375.66,-503107443.98,3390725.48999998,2396501342.24,3222982109.74,826480767.5,-5346665.63,3093.83,3206.85,2403.11,2351.92,2210.26,2268.22,227.53,107.74,,,,,,,通信,通信设备,通信配套服务,5.39,5.42,5.43
sz300050,世纪鼎利,2020-05-11,5.4,5.41,5.25,5.33,5.37,13869042.0,74013182.0,2705424937.28,3046610506.94,-503107443.98,3390725.48999998,2396501342.24,3222982109.74,826480767.5,-5346665.63,2878.46,3074.25,1930.16,2139.51,2590.87,1713.08,0.0,472.64,,,,,,,通信,通信设备,通信配套服务,5.37,5.37,5.38
sz300050,世纪鼎利,2020-05-12,5.3,5.34,5.15,5.29,5.33,12051700.0,63261494.0,2685121560.64,3023746638.22,-503107443.98,3390725.48999998,2396501342.24,3222982109.74,826480767.5,-5346665.63,2290.49,2476.24,1340.83,1449.02,2589.43,1875.33,105.4,525.55,,,,,,,通信,通信设备,通信配套服务,5.28,5.24,5.24
sz300050,世纪鼎利,2020-05-13,5.26,5.33,5.23,5.3,5.29,8004900.0,42291405.0,2690197404.8,3029462605.4,-503107443.98,3390725.48999998,2396501342.24,3222982109.74,826480767.5,-5346665.63,1971.07,1904.45,693.88,761.42,1473.03,1528.7,56.59,0.0,,,,,,,通信,通信设备,通信配套服务,5.29,5.28,5.27
sz300050,世纪鼎利,2020-05-14,5.3,5.4,5.24,5.31,5.3,10574632.0,56259322.0,2695273248.96,3035178572.58,-503107443.98,3390725.48999998,2396501342.24,3222982109.74,826480767.5,-5346665.63,2438.06,1919.64,1175.1,1013.84,1905.17,2268.13,107.59,424.32,,,,,,,通信,通信设备,通信配套服务,5.25,5.26,5.28
sz300050,世纪鼎利,2020-05-15,5.43,5.48,5.31,5.33,5.31,13711992.0,73858554.0,2705424937.28,3046610506.94,-503107443.98,3390725.48999998,2396501342.24,3222982109.74,826480767.5,-5346665.63,3211.77,3175.53,1351.07,1332.05,2663.73,2690.95,107.71,135.75,,,,,,,通信,通信设备,通信配套服务,5.44,5.41,5.37
sz300050,世纪鼎利,2020-05-18,5.31,5.39,5.07,5.08,5.33,15270630.0,79084458.0,2578528833.28,2903711327.44,-503107443.98,3390725.48999998,2396501342.24,3222982109.74,826480767.5,-5346665.63,3312.15,3123.46,1117.52,2605.81,3478.77,1973.58,0.0,205.6,,,,,,,通信,通信设备,通信配套服务,5.24,5.22,5.17
sz300050,世纪鼎利,2020-05-19,5.08,5.18,5.08,5.12,5.08,9225800.0,47161660.0,2598832209.92,2926575196.16,-503107443.98,3390725.48999998,2396501342.24,3222982109.74,826480767.5,-5346665.63,2045.3,1859.86,1032.33,1438.81,1638.54,1197.49,0.0,220.01,,,,,,,通信,通信设备,通信配套服务,5.11,5.16,5.11
sz300050,世纪鼎利,2020-05-20,5.11,5.14,4.94,4.96,5.12,12676100.0,63477651.0,2517618703.36,2835119721.28,-503107443.98,3390725.48999998,2396501342.24,3222982109.74,826480767.5,-5346665.63,2473.29,2589.83,984.03,2031.79,2890.45,1377.48,0.0,348.66,,,,,,,通信,通信设备,通信配套服务,5.08,5.05,5.07
sz300050,世纪鼎利,2020-05-21,4.98,4.99,4.81,4.83,4.96,11528234.0,56545685.0,2451632729.28,2760812147.94,-503107443.98,3390725.48999998,2396501342.24,3222982109.74,826480767.5,-5346665.63,2066.32,2398.82,901.87,1098.28,2346.0,1443.41,340.37,714.06,,,,,,,通信,通信设备,通信配套服务,4.96,4.98,4.97
sz300050,世纪鼎利,2020-05-22,4.78,4.98,4.78,4.96,4.83,12402555.0,60744650.0,2517618703.36,2835119721.28,-503107443.98,3390725.48999998,2396501342.24,3222982109.74,826480767.5,-5346665.63,2347.89,2605.83,1180.52,1296.94,1963.25,2171.7,582.81,0.0,,,,,,,通信,通信设备,通信配套服务,4.89,4.86,4.85
sz300050,世纪鼎利,2020-05-25,4.89,4.92,4.79,4.86,4.96,9320700.0,45139458.0,2466860261.76,2777960049.48,-503107443.98,3390725.48999998,2396501342.24,3222982109.74,826480767.5,-5346665.63,1956.93,1626.34,550.83,1193.7,1794.18,1342.99,212.01,350.91,,,,,,,通信,通信设备,通信配套服务,4.85,4.84,4.85
sz300050,世纪鼎利,2020-05-26,4.88,5.06,4.85,5.04,4.86,11200400.0,55648046.0,2558225456.64,2880847458.72,-503107443.98,3390725.48999998,2396501342.24,3222982109.74,826480767.5,-5346665.63,2022.5,2630.25,1884.95,764.37,1300.96,2067.58,356.4,102.61,,,,,,,通信,通信设备,通信配套服务,4.86,4.9,4.9
sz300050,世纪鼎利,2020-05-27,5.04,5.04,4.94,4.97,5.04,7348700.0,36563789.0,2522694547.52,2840835688.46,-503107443.98,3390725.48999998,2396501342.24,3222982109.74,826480767.5,-5346665.63,1423.3,1419.51,835.33,1059.08,1397.75,1072.63,0.0,105.15,,,,,,,通信,通信设备,通信配套服务,5.01,4.98,4.99
sz300050,世纪鼎利,2020-05-28,4.95,5.03,4.87,5.01,4.97,9905256.0,49206919.0,2542997924.16,2863699557.18,-503107443.98,3390725.48999998,2396501342.24,3222982109.74,826480767.5,-5346665.63,1976.47,2326.0,1187.74,905.73,1589.45,1588.97,167.03,100.0,,,,,,,通信,通信设备,通信配套服务,4.96,4.97,4.97
sz300050,世纪鼎利,2020-05-29,4.99,5.03,4.95,4.95,5.01,8049500.0,40125173.0,2512542859.2,2829403754.1,-503107443.98,3390725.48999998,2396501342.24,3222982109.74,826480767.5,-5346665.63,1899.45,1470.45,691.14,1677.4,1421.92,754.58,0.0,110.09,,,,,,,通信,通信设备,通信配套服务,4.97,5.0,5.02
sz300050,世纪鼎利,2020-06-01,4.96,5.13,4.96,5.1,4.95,11190842.0,56788803.0,2588680521.6,2915143261.8,-503107443.98,3390725.48999998,2396501342.24,3222982109.74,826480767.5,-5346665.63,2363.27,2463.04,1642.43,1183.08,1673.17,2032.77,0.0,0.0,,,,,,,通信,通信设备,通信配套服务,4.99,5.04,5.03
sz300050,世纪鼎利,2020-06-02,5.1,5.21,5.07,5.18,5.1,14315817.0,73609020.0,2629287274.88,2960870999.24,-503107443.98,3390725.48999998,2396501342.24,3222982109.74,826480767.5,-5346665.63,2552.59,3354.65,2192.5,1733.88,2170.57,2127.57,445.24,144.79,,,,,,,通信,通信设备,通信配套服务,5.11,5.12,5.11
sz300050,世纪鼎利,2020-06-03,5.23,5.23,5.12,5.12,5.18,8127900.0,41925155.0,2598832209.92,2926575196.16,-503107443.98,3390725.48999998,2396501342.24,3222982109.74,826480767.5,-5346665.63,1733.48,2008.14,698.41,771.17,1760.63,1413.19,0.0,0.0,,,,,,,通信,通信设备,通信配套服务,5.16,5.16,5.13
sz300050,世纪鼎利,2020-06-04,5.13,5.15,5.04,5.09,5.12,6975942.0,35542886.0,2583604677.44,2909427294.62,-503107443.98,3390725.48999998,2396501342.24,3222982109.74,826480767.5,-5346665.63,1280.73,1510.18,883.66,672.46,1389.89,1128.81,0.0,242.84,,,,,,,通信,通信设备,通信配套服务,5.14,5.13,5.12
sz300050,世纪鼎利,2020-06-05,5.12,5.14,5.0,5.09,5.09,6027942.0,30675481.0,2583604677.44,2909427294.62,-503107443.98,3390725.48999998,2396501342.24,3222982109.74,826480767.5,-5346665.63,1353.2,1335.04,553.38,528.35,1129.1,1110.67,0.0,61.62,,,,,,,通信,通信设备,通信配套服务,5.08,5.1,5.1
sz300050,世纪鼎利,2020-06-08,5.12,5.16,5.05,5.07,5.09,7396761.0,37769262.0,2573452989.12,2897995360.26,-503107443.98,3390725.48999998,2396501342.24,3222982109.74,826480767.5,-5346665.63,1662.63,1258.49,517.27,1724.52,1483.73,793.91,113.29,0.0,,,,,,,通信,通信设备,通信配套服务,5.13,5.14,5.12
sz300050,世纪鼎利,2020-06-09,5.06,5.12,5.04,5.1,5.07,5545188.0,28152665.0,2588680521.6,2915143261.8,-503107443.98,3390725.48999998,2396501342.24,3222982109.74,826480767.5,-5346665.63,1357.5,1416.29,408.69,261.07,1049.08,1137.91,0.0,0.0,,,,,,,通信,通信设备,通信配套服务,5.05,5.05,5.06
sz300050,世纪鼎利,2020-06-10,5.1,5.1,4.96,4.98,5.1,7055400.0,35298656.0,2527770391.68,2846551655.64,-503107443.98,3390725.48999998,2396501342.24,3222982109.74,826480767.5,-5346665.63,1613.64,1637.07,319.09,682.76,1597.13,1027.26,0.0,182.77,,,,,,,通信,通信设备,通信配套服务,5.05,5.03,5.03
sz300050,世纪鼎利,2020-06-11,4.98,5.04,4.94,4.96,4.98,7127602.0,35594382.0,2517618703.36,2835119721.28,-503107443.98,3390725.48999998,2396501342.24,3222982109.74,826480767.5,-5346665.63,1535.94,1535.56,206.88,912.27,1707.33,989.85,109.27,121.74,,,,,,,通信,通信设备,通信配套服务,4.99,5.03,5.01
sz300050,世纪鼎利,2020-06-12,4.86,4.99,4.81,4.96,4.96,6846909.0,33533032.0,2517618703.36,2835119721.28,-503107443.98,3390725.48999998,2396501342.24,3222982109.74,826480767.5,-5346665.63,1353.68,1656.25,420.41,597.88,1471.33,1099.18,107.89,0.0,,,,,,,通信,通信设备,通信配套服务,4.85,4.86,4.87
sz300050,世纪鼎利,2020-06-15,4.96,5.1,4.91,4.97,4.96,7741756.0,38892483.0,1892358487.95,2840835688.46,-503107443.98,3390725.48999998,2396501342.24,3222982109.74,826480767.5,-5346665.63,1777.03,1576.99,701.23,890.25,1400.6,1422.01,10.38,0.0,,,,,,,通信,通信设备,通信配套服务,4.98,4.99,4.99
sz300050,世纪鼎利,2020-06-16,5.04,5.45,5.04,5.23,4.97,21351375.0,111900023.0,1991355109.05,2989450835.14,-503107443.98,3390725.48999998,2396501342.24,3222982109.74,826480767.5,-5346665.63,4127.17,4557.41,3287.97,2344.48,3456.07,4073.19,318.79,214.9,,,,,,,通信,通信设备,通信配套服务,5.15,5.27,5.22
sz300050,世纪鼎利,2020-06-17,5.24,5.24,5.13,5.22,5.23,13435798.0,69680160.0,1987547546.7,2983734867.96,-503107443.98,3390725.48999998,2396501342.24,3222982109.74,826480767.5,-5346665.63,3117.52,2577.24,1292.31,1956.74,2553.62,2225.61,4.56,208.43,,,,,,,通信,通信设备,通信配套服务,5.2,5.19,5.2
sz300050,世纪鼎利,2020-06-18,5.16,5.28,5.14,5.25,5.22,12002842.0,62759622.0,1998970233.75,3000882769.5000005,-503107443.98,3390725.48999998,2396501342.24,3222982109.74,826480767.5,-5346665.63,2467.89,2559.33,1641.18,1124.38,1931.14,2375.95,235.74,216.31,,,,,,,通信,通信设备,通信配套服务,5.15,5.18,5.2
sz300050,世纪鼎利,2020-06-19,5.24,5.28,5.18,5.2,5.25,7767409.0,40559325.0,1979932422.0,2972302933.6,-503107443.98,3390725.48999998,2396501342.24,3222982109.74,826480767.5,-5346665.63,1629.96,1845.61,1003.93,903.06,1311.36,1180.33,102.69,118.94,,,,,,,通信,通信设备,通信配套服务,5.27,5.21,5.2
sz300050,世纪鼎利,2020-06-22,5.2,5.23,5.1,5.14,5.2,10246030.0,52754472.0,1957087047.9,2938007130.52,-503107443.98,3390725.48999998,2396501342.24,3222982109.74,826480767.5,-5346665.63,2064.54,1895.21,923.52,1845.01,2287.38,942.96,0.0,592.27,,,,,,,通信,通信设备,通信配套服务,5.2,5.2,5.18
sz300050,世纪鼎利,2020-06-23,5.13,5.14,5.05,5.08,5.14,7534402.0,38361058.0,1934241673.8,2903711327.44,-503107443.98,3390725.48999998,2396501342.24,3222982109.74,826480767.5,-5346665.63,1450.6,1544.03,779.73,875.85,1589.17,1163.92,16.61,252.3,,,,,,,通信,通信设备,通信配套服务,5.12,5.09,5.08
sz300050,世纪鼎利,2020-06-24,5.1,5.12,5.02,5.05,5.08,5724102.0,28997670.0,1922818986.75,2886563425.9,-503107443.98,3390725.48999998,2396501342.24,3222982109.74,826480767.5,-5346665.63,1349.73,1058.83,571.05,782.22,978.98,1042.35,0.0,16.37,,,,,,,通信,通信设备,通信配套服务,5.1,5.09,5.07
sz300050,世纪鼎利,2020-06-29,5.04,5.04,4.87,4.91,5.05,7519295.0,37055847.0,1869513113.85,2806539885.38,-503107443.98,3390725.48999998,2396501342.24,3222982109.74,826480767.5,-5346665.63,1319.37,1452.55,431.41,1058.56,1823.81,822.44,130.98,372.01,,,,,,,通信,通信设备,通信配套服务,4.99,4.95,4.98
sz300050,世纪鼎利,2020-06-30,4.94,5.08,4.94,5.06,4.91,8286900.0,41589856.0,1926626549.1,2892279393.08,-503107443.98,3390725.48999998,2396501342.24,3222982109.74,826480767.5,-5346665.63,1394.52,1607.07,1217.95,1099.02,1023.19,1452.89,523.33,0.0,,,,,,,通信,通信设备,通信配套服务,4.97,4.96,4.97
sz300050,世纪鼎利,2020-07-01,5.06,5.18,5.0,5.08,5.06,9207493.0,46698540.0,1934241673.8,2903711327.44,-503107443.98,3390725.48999998,2396501342.24,3222982109.74,826480767.5,-5346665.63,1501.86,1697.57,988.84,1200.56,1818.31,1216.04,360.84,555.68,,,,,,,通信,通信设备,通信配套服务,5.14,5.13,5.12
sz300050,世纪鼎利,2020-07-02,5.06,5.18,5.02,5.17,5.08,10531233.0,53931830.0,1968509734.95,2955155032.0600004,-503107443.98,3390725.48999998,2396501342.24,3222982109.74,826480767.5,-5346665.63,1941.08,2208.62,1551.11,1189.42,1566.7,1991.36,334.29,3.77,,,,,,,通信,通信设备,通信配套服务,5.07,5.06,5.08
sz300050,世纪鼎利,2020-07-03,5.2,5.25,5.15,5.22,5.17,12155300.0,63201698.0,1987547546.7,2983734867.96,-503107443.98,3390725.48999998,2396501342.24,3222982109.74,826480767.5,-5346665.63,2441.94,2673.84,1590.32,1677.56,1913.97,1837.37,373.95,131.4,,,,,,,通信,通信设备,通信配套服务,5.17,5.17,5.19
sz300050,世纪鼎利,2020-07-06,5.28,5.47,5.24,5.43,5.22,18965407.0,102035096.0,2067506356.05,3103770178.74,-503107443.98,3390725.48999998,2396501342.24,3222982109.74,826480767.5,-5346665.63,4238.55,4402.98,2461.47,2274.58,2865.86,3417.54,637.62,108.4,,,,,,,通信,通信设备,通信配套服务,5.28,5.33,5.34
sz300050,世纪鼎利,2020-07-07,5.52,5.6,5.36,5.44,5.43,22214009.0,122273026.0,2071313918.4,3109486145.92,-503107443.98,3390725.48999998,2396501342.24,3222982109.74,826480767.5,-5346665.63,4865.2,5175.35,3305.96,3351.28,3845.62,3700.66,210.51,0.0,,,,,,,通信,通信设备,通信配套服务,5.53,5.38,5.42
sz300050,世纪鼎利,2020-07-08,5.48,5.59,5.42,5.58,5.44,18847156.0,103952630.0,2124619791.3,3189509686.44,-503107443.98,3390725.48999998,2396501342.24,3222982109.74,826480767.5,-5346665.63,4070.21,4787.32,2438.83,2514.66,3493.42,2817.87,392.79,275.4,,,,,,,通信,通信设备,通信配套服务,5.5,5.5,5.48
sz300050,世纪鼎利,2020-07-09,5.56,5.76,5.55,5.73,5.58,22500181.0,128104163.0,2181733226.55,3275249194.14,-503107443.98,3390725.48999998,2396501342.24,3222982109.74,826480767.5,-5346665.63,5341.72,4636.55,3654.93,4333.36,3585.23,3723.52,228.53,116.99,,,,,,,通信,通信设备,通信配套服务,5.74,5.67,5.67
sz300050,世纪鼎利,2020-07-10,5.71,5.83,5.61,5.61,5.73,17663016.0,100740237.0,2136042478.35,3206657587.98,-503107443.98,3390725.48999998,2396501342.24,3222982109.74,826480767.5,-5346665.63,4028.95,4035.37,2317.11,3103.53,3455.19,2935.11,272.76,0.0,,,,,,,通信,通信设备,通信配套服务,5.76,5.75,5.77
sz300050,世纪鼎利,2020-07-13,5.71,5.83,5.68,5.81,5.61,23824020.0,137886016.0,2212193725.35,3320976931.58,-503107443.98,3390725.48999998,2396501342.24,3222982109.74,826480767.5,-5346665.63,4000.61,4425.23,4210.02,4112.34,3368.97,3290.01,2208.99,1961.01,,,,,,,通信,通信设备,通信配套服务,5.76,5.75,5.79
sz300050,世纪鼎利,2020-07-14,5.82,5.9,5.59,5.72,5.81,20875116.0,119668614.0,2177925664.2,3269533226.96,-503107443.98,3390725.48999998,2396501342.24,3222982109.74,826480767.5,-5346665.63,4453.5,4442.18,2854.35,4133.83,4260.12,3024.11,398.88,366.74,,,,,,,通信,通信设备,通信配套服务,5.87,5.86,5.81
sz300050,世纪鼎利,2020-07-15,5.78,5.78,5.45,5.48,5.72,17187056.0,95854818.0,2086544167.8,3132350014.64,-503107443.98,3390725.48999998,2396501342.24,3222982109.74,826480767.5,-5346665.63,3797.57,3495.4,2341.64,3068.25,3446.27,2752.83,0.0,269.0,,,,,,,通信,通信设备,通信配套服务,5.72,5.62,5.64
sz300050,世纪鼎利,2020-07-16,5.53,5.61,5.3,5.31,5.48,16314714.0,88950560.0,2021815607.85,3035178572.58,-503107443.98,3390725.48999998,2396501342.24,3222982109.74,826480767.5,-5346665.63,3626.68,3668.01,1901.25,1780.79,3043.6,3124.76,323.51,321.49,,,,,,,通信,通信设备,通信配套服务,5.5,5.53,5.51
sz300050,世纪鼎利,2020-07-17,5.36,5.4,5.16,5.23,5.31,11377900.0,59891592.0,1991355109.05,2989450835.14,-503107443.98,3390725.48999998,2396501342.24,3222982109.74,826480767.5,-5346665.63,2327.66,2007.64,1125.0,1225.19,2400.7,2444.94,135.8,311.38,,,,,,,通信,通信设备,通信配套服务,5.31,5.31,5.27
sz300050,世纪鼎利,2020-07-20,5.26,5.42,5.22,5.41,5.23,10081000.0,53907781.0,2059891231.35,3092338244.38,-503107443.98,3390725.48999998,2396501342.24,3222982109.74,826480767.5,-5346665.63,2377.49,1946.37,819.25,1282.32,1798.08,1792.54,395.96,369.54,,,,,,,通信,通信设备,通信配套服务,5.29,5.29,5.3
sz300050,世纪鼎利,2020-07-21,5.44,5.49,5.38,5.43,5.41,9620300.0,52235413.0,2067506356.05,3103770178.74,-503107443.98,3390725.48999998,2396501342.24,3222982109.74,826480767.5,-5346665.63,1982.34,2247.95,1310.93,1202.42,1911.87,1646.15,0.0,108.62,,,,,,,通信,通信设备,通信配套服务,5.43,5.45,5.47
sz300050,世纪鼎利,2020-07-22,5.44,5.66,5.37,5.57,5.43,17732962.0,98460630.0,2120812228.95,3183793719.26,-503107443.98,3390725.48999998,2396501342.24,3222982109.74,826480767.5,-5346665.63,3936.43,3791.58,2654.75,2142.7,2927.54,3243.36,327.34,668.42,,,,,,,通信,通信设备,通信配套服务,5.41,5.41,5.45
sz300050,世纪鼎利,2020-07-23,5.51,5.54,5.27,5.42,5.57,14517400.0,78176825.0,2063698793.7,3098054211.56,-503107443.98,3390725.48999998,2396501342.24,3222982109.74,826480767.5,-5346665.63,3151.93,2535.58,1340.85,2438.74,3072.95,2637.13,251.96,206.23,,,,,,,通信,通信设备,通信配套服务,5.51,5.47,5.48
sz300050,世纪鼎利,2020-07-24,5.48,5.73,5.26,5.31,5.42,15820758.0,86213585.0,2021815607.85,3035178572.58,-503107443.98,3390725.48999998,2396501342.24,3222982109.74,826480767.5,-5346665.63,3750.26,3012.16,1677.84,1724.02,3193.25,3491.05,0.0,394.13,,,,,,,通信,通信设备,通信配套服务,5.62,5.54,5.51
sz300050,世纪鼎利,2020-07-27,5.27,5.37,5.21,5.3,5.31,7624358.0,40344995.0,2018008045.5,3029462605.4,-503107443.98,3390725.48999998,2396501342.24,3222982109.74,826480767.5,-5346665.63,1547.99,1487.68,1040.0,553.15,1446.51,1993.66,0.0,0.0,,,,,,,通信,通信设备,通信配套服务,5.26,5.23,5.32
sz300050,世纪鼎利,2020-07-28,5.3,5.39,5.2,5.25,5.3,12844500.0,67976204.0,1998970233.75,3000882769.5000005,-503107443.98,3390725.48999998,2396501342.24,3222982109.74,826480767.5,-5346665.63,2542.6,1770.6,1279.49,2410.75,2960.13,1943.12,15.39,673.15,,,,,,,通信,通信设备,通信配套服务,5.32,5.33,5.37
sz300050,世纪鼎利,2020-07-29,5.23,5.36,5.11,5.35,5.25,10821056.0,56753169.0,2037045857.25,3058042441.3,-503107443.98,3390725.48999998,2396501342.24,3222982109.74,826480767.5,-5346665.63,2363.18,2126.34,856.55,1396.17,2214.62,2048.61,240.97,104.2,,,,,,,通信,通信设备,通信配套服务,5.17,5.14,5.19
sz300050,世纪鼎利,2020-07-30,5.38,5.4,5.23,5.25,5.35,9224604.0,48831140.0,1998970233.75,3000882769.5000005,-503107443.98,3390725.48999998,2396501342.24,3222982109.74,826480767.5,-5346665.63,1888.18,1744.01,865.31,1596.01,1981.91,1195.68,147.71,347.4,,,,,,,通信,通信设备,通信配套服务,5.34,5.35,5.31
sz300050,世纪鼎利,2020-07-31,5.24,5.37,5.23,5.33,5.25,8903848.0,47177013.0,2029430732.55,3046610506.94,-503107443.98,3390725.48999998,2396501342.24,3222982109.74,826480767.5,-5346665.63,1708.2,1679.29,1281.3,1192.52,1382.37,1729.09,345.83,116.8,,,,,,,通信,通信设备,通信配套服务,5.27,5.26,5.3
sz300050,世纪鼎利,2020-08-03,5.35,5.53,5.35,5.53,5.33,14185904.0,77609583.0,2105581979.55,3160929850.54,-503107443.98,3390725.48999998,2396501342.24,3222982109.74,826480767.5,-5346665.63,2795.03,3262.1,2072.33,1543.75,2632.87,2735.3,260.72,219.8,,,,,,,通信,通信设备,通信配套服务,5.38,5.4,5.41
sz300050,世纪鼎利,2020-08-04,5.55,5.55,5.43,5.47,5.53,9638455.0,52801488.0,2082736605.45,3126634047.46,-503107443.98,3390725.48999998,2396501342.24,3222982109.74,826480767.5,-5346665.63,2379.58,2049.27,825.81,1165.88,1982.65,1436.76,92.1,628.23,,,,,,,通信,通信设备,通信配套服务,5.52,5.49,5.5
sz300050,世纪鼎利,2020-08-05,5.55,5.65,5.45,5.6,5.47,16911135.0,94119093.0,2132234916.0,3200941620.8,-503107443.98,3390725.48999998,2396501342.24,3222982109.74,826480767.5,-5346665.63,3154.96,3754.92,2676.88,2208.71,2511.73,3236.22,1003.07,146.79,,,,,,,通信,通信设备,通信配套服务,5.53,5.5,5.48
sz300050,世纪鼎利,2020-08-06,5.57,5.75,5.43,5.67,5.6,19676294.0,110116832.0,2158887852.4500003,3240953391.0600004,-503107443.98,3390725.48999998,2396501342.24,3222982109.74,826480767.5,-5346665.63,3808.57,4006.27,2981.25,2507.57,3458.45,3338.44,756.81,1152.8,,,,,,,通信,通信设备,通信配套服务,5.62,5.53,5.55
sz300050,世纪鼎利,2020-08-07,5.6,5.6,5.35,5.47,5.67,16182547.0,88511405.0,2082736605.45,3126634047.46,-503107443.98,3390725.48999998,2396501342.24,3222982109.74,826480767.5,-5346665.63,3454.8,2657.2,1784.52,2672.2,3385.86,1866.96,225.95,1654.77,,,,,,,通信,通信设备,通信配套服务,5.56,5.51,5.52
sz300050,世纪鼎利,2020-08-10,5.49,5.63,5.43,5.55,5.47,11899788.0,66295730.0,2113197104.25,3172361784.9,-503107443.98,3390725.48999998,2396501342.24,3222982109.74,826480767.5,-5346665.63,2868.06,2675.7,1581.72,1397.6,2179.79,2434.7,0.0,121.58,,,,,,,通信,通信设备,通信配套服务,5.56,5.58,5.55
sz300050,世纪鼎利,2020-08-11,5.6,5.65,5.35,5.37,5.55,12113204.0,66183707.0,2044660981.95,3069474375.66,-503107443.98,3390725.48999998,2396501342.24,3222982109.74,826480767.5,-5346665.63,2727.69,2312.45,946.65,2035.38,2624.59,1992.23,319.42,278.29,,,,,,,通信,通信设备,通信配套服务,5.54,5.5,5.5
sz300050,世纪鼎利,2020-08-12,5.33,5.38,5.22,5.37,5.37,8324148.0,44094720.0,2044660981.95,3069474375.66,-503107443.98,3390725.48999998,2396501342.24,3222982109.74,826480767.5,-5346665.63,1869.42,1775.6,826.73,992.31,1713.32,1536.41,0.0,105.15,,,,,,,通信,通信设备,通信配套服务,5.33,5.32,5.32
sz300050,世纪鼎利,2020-08-13,5.39,5.57,5.36,5.47,5.37,16687827.0,91899956.0,2082736605.45,3126634047.46,-503107443.98,3390725.48999998,2396501342.24,3222982109.74,826480767.5,-5346665.63,3742.42,3130.04,1961.33,2587.0,3073.07,2685.45,413.18,787.5,,,,,,,通信,通信设备,通信配套服务,5.41,5.46,5.52
sz300050,世纪鼎利,2020-08-14,5.49,5.54,5.4,5.53,5.47,8748358.0,47974817.0,2105581979.55,3160929850.54,-503107443.98,3390725.48999998,2396501342.24,3222982109.74,826480767.5,-5346665.63,2069.34,2025.2,1085.72,982.01,1582.53,1758.11,59.9,32.16,,,,,,,通信,通信设备,通信配套服务,5.47,5.47,5.51
sz300050,世纪鼎利,2020-08-17,5.51,5.58,5.5,5.58,5.53,15949076.0,88462977.0,2664514292.76,3189509686.44,-503107443.98,3390725.48999998,2396501342.24,3222982109.74,826480767.5,-5346665.63,3279.36,3509.09,2609.42,3033.8,2367.87,1847.32,589.64,456.09,,,,,,,通信,通信设备,通信配套服务,5.52,5.52,5.52
sz300050,世纪鼎利,2020-08-18,5.58,5.62,5.52,5.55,5.58,10032700.0,55694298.0,2650188947.1000004,3172361784.9,-503107443.98,3390725.48999998,2396501342.24,3222982109.74,826480767.5,-5346665.63,1832.48,2039.07,2075.31,2157.5,1515.56,1372.86,146.08,0.0,,,,,,,通信,通信设备,通信配套服务,5.56,5.57,5.55
sz300050,世纪鼎利,2020-08-19,5.56,5.57,5.45,5.46,5.55,11553897.0,63685600.0,2670953026.56,3120918080.28,-503107443.98,3390725.48999998,2396501342.24,3222982109.74,826480767.5,-5346665.63,2705.14,2500.19,1610.8,1496.63,1940.84,1610.8,111.78,760.93,,,,,,,通信,通信设备,通信配套服务,5.53,5.49,5.48
sz300050,世纪鼎利,2020-08-20,5.41,5.5,5.37,5.44,5.46,6883416.0,37462968.0,2661169315.84,3109486145.92,-503107443.98,3390725.48999998,2396501342.24,3222982109.74,826480767.5,-5346665.63,1762.94,1391.45,821.05,1000.95,1143.24,1090.06,19.06,263.83,,,,,,,通信,通信设备,通信配套服务,5.4,5.43,5.45
sz300050,世纪鼎利,2020-08-21,5.44,5.54,5.41,5.44,5.44,6945000.0,37957626.0,2661169315.84,3109486145.92,-503107443.98,3390725.48999998,2396501342.24,3222982109.74,826480767.5,-5346665.63,1835.23,1332.37,931.85,1343.57,1028.68,1119.82,0.0,0.0,,,,,,,通信,通信设备,通信配套服务,5.47,5.52,5.5
sz300050,世纪鼎利,2020-08-24,5.5,5.66,5.33,5.56,5.44,14703170.0,81200459.0,2719871580.16,3178077752.08,-503107443.98,3390725.48999998,2396501342.24,3222982109.74,826480767.5,-5346665.63,3160.51,3457.24,2406.1,2342.87,2315.2,2319.93,238.24,0.0,,,,,,,通信,通信设备,通信配套服务,5.41,5.39,5.36
sz300050,世纪鼎利,2020-08-25,5.56,5.86,5.54,5.76,5.56,29859129.0,171114713.0,2817708687.36,3292397095.68,-503107443.98,3390725.48999998,2396501342.24,3222982109.74,826480767.5,-5346665.63,6272.67,6436.82,5426.99,4702.24,3865.57,5397.59,1546.24,574.82,,,,,,,通信,通信设备,通信配套服务,5.58,5.56,5.56
sz300050,世纪鼎利,2020-08-26,5.73,6.02,5.68,5.88,5.76,34159201.0,199272606.0,2876410951.6800003,3360988701.84,-503107443.98,3390725.48999998,2396501342.24,3222982109.74,826480767.5,-5346665.63,7351.99,7738.63,5337.11,5666.2,5554.75,5644.7,1683.4,877.73,,,,,,,通信,通信设备,通信配套服务,5.76,5.71,5.72
sz300050,世纪鼎利,2020-08-27,5.88,6.28,5.71,6.16,5.88,45561198.0,275753003.0,3013382901.76,3521035782.88,-488151387.17,24850247.65000001,2428040396.67,3180523633.13,752483236.46,20251632.35,10513.06,10600.32,8690.11,5624.33,6988.57,10456.64,1383.54,894.0,,,,,,,通信,通信设备,通信配套服务,5.72,5.8,5.9
sz300050,世纪鼎利,2020-08-28,6.14,6.15,5.97,6.08,6.16,27329594.0,165295342.0,2974248058.88,3475308045.44,-488151387.17,24850247.65000001,2428040396.67,3180523633.13,752483236.46,20251632.35,6324.69,6356.74,4769.52,4861.22,5032.2,4088.92,403.12,1222.65,,,,,,,通信,通信设备,通信配套服务,5.99,6.03,5.99
sz300050,世纪鼎利,2020-08-31,6.1,6.11,5.8,5.85,6.08,26883642.0,159549603.0,2861735385.6000004,3343840800.3,-488151387.17,24850247.65000001,2428040396.67,3180523633.13,752483236.46,20251632.35,6556.73,5544.66,3500.6,6160.95,5874.79,3500.79,22.83,748.55,,,,,,,通信,通信设备,通信配套服务,6.08,6.08,6.04
sz300050,世纪鼎利,2020-09-01,5.88,6.08,5.83,6.07,5.85,22357705.0,133342590.0,3017346540.09,3469592078.26,-488151387.17,24850247.65000001,2428040396.67,3180523633.13,752483236.46,20251632.35,5006.58,5321.57,4616.04,3741.94,3303.94,4163.78,401.29,100.56,,,,,,,通信,通信设备,通信配套服务,5.86,5.9,5.86
sz300050,世纪鼎利,2020-09-02,6.12,6.55,6.07,6.39,6.07,42541415.0,269284777.0,3176415879.93,3652503028.02,-488151387.17,24850247.65000001,2428040396.67,3180523633.13,752483236.46,20251632.35,11755.34,10813.58,7343.01,6838.03,6918.88,8825.95,911.24,450.91,,,,,,,通信,通信设备,通信配套服务,6.12,6.19,6.24
sz300050,世纪鼎利,2020-09-03,6.38,6.56,6.23,6.42,6.39,33626792.0,215122065.0,3191328630.54,3669650929.56,-488151387.17,24850247.65000001,2428040396.67,3180523633.13,752483236.46,20251632.35,7649.54,7005.12,4140.61,4955.09,4927.07,4643.07,483.04,596.98,,,,,,,通信,通信设备,通信配套服务,6.42,6.26,6.29
sz300050,世纪鼎利,2020-09-04,6.24,6.87,6.21,6.69,6.42,36710320.0,244318685.0,3325543386.03,3823982043.42,-488151387.17,24850247.65000001,2428040396.67,3180523633.13,752483236.46,20251632.35,8946.61,9662.58,8196.41,6171.82,6408.02,7806.87,837.99,747.76,,,,,,,通信,通信设备,通信配套服务,6.4,6.7,6.68
sz300050,世纪鼎利,2020-09-07,6.83,7.35,6.7,6.81,6.69,54739823.0,382569183.0,3385194388.4700003,3892573649.58,-488151387.17,24850247.65000001,2428040396.67,3180523633.13,752483236.46,20251632.35,13549.08,13979.15,12032.45,12193.65,11133.66,9778.86,1541.73,2305.25,,,,,,,通信,通信设备,通信配套服务,6.83,6.88,7.04
sz300050,世纪鼎利,2020-09-08,6.77,7.35,6.76,7.25,6.81,58281279.0,414858143.0,3603914730.75,4144076205.5,-488151387.17,24850247.65000001,2428040396.67,3180523633.13,752483236.46,20251632.35,14909.34,14719.99,12884.58,12365.46,10546.95,11084.64,3144.94,3315.72,,,,,,,通信,通信设备,通信配套服务,7.01,7.11,7.33
sz300050,世纪鼎利,2020-09-09,7.04,7.2,6.54,6.64,7.25,54744655.0,380325717.0,3300688801.68,3795402207.52,-488151387.17,24850247.65000001,2428040396.67,3180523633.13,752483236.46,20251632.35,13392.56,13260.45,11329.95,13360.5,11528.4,8505.76,1781.66,2905.85,,,,,,,通信,通信设备,通信配套服务,7.02,7.08,7.14
sz300050,世纪鼎利,2020-09-10,6.63,6.65,5.75,5.78,6.64,46801934.0,288034408.0,2873189950.86,3303829030.0400004,-488151387.17,24850247.65000001,2428040396.67,3180523633.13,752483236.46,20251632.35,11057.54,10932.57,7146.34,9803.15,10599.55,6231.36,0.0,1836.36,,,,,,,通信,通信设备,通信配套服务,6.47,6.39,6.35
sz300050,世纪鼎利,2020-09-11,5.73,6.38,5.73,6.25,5.78,38214816.0,234566211.0,3106823043.75,3572479487.5,-488151387.17,24850247.65000001,2428040396.67,3180523633.13,752483236.46,20251632.35,10001.09,9680.69,3759.29,5762.91,9446.1,7829.01,250.14,184.02,,,,,,,通信,通信设备,通信配套服务,5.8,5.99,6.05
sz300050,世纪鼎利,2020-09-14,6.37,6.6,6.2,6.55,6.25,28340698.0,182573348.0,3255950549.85,3743958502.9,-488151387.17,24850247.65000001,2428040396.67,3180523633.13,752483236.46,20251632.35,7844.53,7507.05,3466.68,2867.85,6644.82,7882.43,301.3,0.0,,,,,,,通信,通信设备,通信配套服务,6.26,6.38,6.41
sz300050,世纪鼎利,2020-09-15,6.45,6.67,6.33,6.41,6.55,20873949.0,135175983.0,3186357713.67,3663934962.38,-488151387.17,24850247.65000001,2428040396.67,3180523633.13,752483236.46,20251632.35,5616.53,6024.21,2079.83,2697.99,5821.22,4692.7,0.0,102.69,,,,,,,通信,通信设备,通信配套服务,6.52,6.66,6.55
sz300050,世纪鼎利,2020-09-16,6.38,6.53,6.21,6.38,6.41,18693472.0,118901722.0,3171444963.06,3646787060.84,-488151387.17,24850247.65000001,2428040396.67,3180523633.13,752483236.46,20251632.35,4522.95,5339.04,1982.68,1766.27,5005.22,4409.5,380.58,376.62,,,,,,,通信,通信设备,通信配套服务,6.46,6.42,6.51
sz300050,世纪鼎利,2020-09-17,6.41,6.75,6.3,6.63,6.38,28951111.0,191270085.0,3295717884.81,3789686240.34,-488151387.17,24850247.65000001,2428040396.67,3180523633.13,752483236.46,20251632.35,7229.21,7936.31,5092.38,4357.3,6006.64,6833.4,798.77,0.0,,,,,,,通信,通信设备,通信配套服务,6.34,6.38,6.46
sz300050,世纪鼎利,2020-09-18,6.59,6.64,6.35,6.53,6.63,16909771.0,109594928.0,3246008716.11,3732526568.54,-488151387.17,24850247.65000001,2428040396.67,3180523633.13,752483236.46,20251632.35,4132.62,4329.69,2004.24,2655.05,4594.2,3844.6,228.43,130.15,,,,,,,通信,通信设备,通信配套服务,6.51,6.47,6.51
sz300050,世纪鼎利,2020-09-21,6.54,6.93,6.5,6.77,6.53,33183114.0,224949337.0,3365310720.99,3869709780.86,-488151387.17,24850247.65000001,2428040396.67,3180523633.13,752483236.46,20251632.35,8966.01,8148.91,6434.75,6155.43,6732.67,6902.93,361.49,1287.67,,,,,,,通信,通信设备,通信配套服务,6.61,6.69,6.65
sz300050,世纪鼎利,2020-09-22,6.72,6.92,6.63,6.83,6.77,25865079.0,175221639.0,3395136222.21,3904005583.94,-488151387.17,24850247.65000001,2428040396.67,3180523633.13,752483236.46,20251632.35,6399.12,6958.05,4879.49,3522.63,5992.04,6435.05,251.5,606.42,,,,,,,通信,通信设备,通信配套服务,6.85,6.67,6.63
sz300050,世纪鼎利,2020-09-23,6.83,6.87,6.67,6.78,6.83,16813046.0,113735805.0,3370281637.86,3875425748.04,-488151387.17,24850247.65000001,2428040396.67,3180523633.13,752483236.46,20251632.35,4414.21,4191.9,2983.22,3084.85,3815.0,3633.15,161.16,463.69,,,,,,,通信,通信设备,通信配套服务,6.8,6.76,6.71
sz300050,世纪鼎利,2020-09-24,6.81,6.81,6.46,6.62,6.78,16166800.0,106539694.0,3290746967.94,3783970273.16,-488151387.17,24850247.65000001,2428040396.67,3180523633.13,752483236.46,20251632.35,3558.41,4486.45,2699.42,2793.43,4158.76,3243.83,237.38,130.26,,,,,,,通信,通信设备,通信配套服务,6.72,6.64,6.62
sz300050,世纪鼎利,2020-09-25,6.62,6.88,6.44,6.68,6.62,18028866.0,119863562.0,3320572469.16,3818266076.24,-488151387.17,24850247.65000001,2428040396.67,3180523633.13,752483236.46,20251632.35,4803.12,4256.63,2940.91,2408.18,3986.44,4968.16,255.89,353.38,,,,,,,通信,通信设备,通信配套服务,6.7,6.85,6.69
sz300050,世纪鼎利,2020-10-13,7.7,8.02,7.5,8.02,6.68,17894352.0,140032082.0,3986675329.74,4584205678.36,-488151387.17,24850247.65000001,2428040396.67,3180523633.13,752483236.46,20251632.35,2524.25,4172.96,4121.62,4285.8,1917.19,3121.55,5440.13,2422.88,,,,,,,通信,通信设备,通信配套服务,8.02,8.02,8.02
sz300050,世纪鼎利,2020-10-14,8.96,8.96,7.56,7.63,8.02,90303878.0,737762486.0,3792809571.81,4361282958.34,-488151387.17,24850247.65000001,2428040396.67,3180523633.13,752483236.46,20251632.35,28673.32,26470.9,16393.9,24078.02,26407.86,17096.61,2137.34,5966.88,,,,,,,通信,通信设备,通信配套服务,8.55,8.36,8.3
sz300050,世纪鼎利,2020-10-15,7.6,7.6,7.06,7.19,7.63,48538289.0,352766535.0,3574089229.53,4109780402.42,-488151387.17,24850247.65000001,2428040396.67,3180523633.13,752483236.46,20251632.35,13409.59,13563.03,7894.37,10170.5,12909.24,10250.83,1063.44,1292.27,,,,,,,通信,通信设备,通信配套服务,7.41,7.25,7.23
sz300050,世纪鼎利,2020-10-16,7.27,8.1,7.27,7.71,7.19,61854049.0,477051517.0,3832576906.77,4407010695.78,-490109530.0500001,71595926.1,2443560236.1,3066551536.21,622991300.11,4672504.8100000005,17803.01,16628.05,12628.66,13584.52,13948.97,14991.82,3324.5,2500.75,,,,,,,通信,通信设备,通信配套服务,7.37,7.56,7.7
sz300050,世纪鼎利,2020-10-19,7.7,7.88,7.39,7.5,7.71,43779226.0,331831782.0,3728187652.5,4286975385.000001,-490109530.0500001,71595926.1,2443560236.1,3066551536.21,622991300.11,4672504.8100000005,13070.03,12621.18,7270.09,10145.75,11942.19,8179.24,900.86,2236.99,,,,,,,通信,通信设备,通信配套服务,7.7,7.62,7.55
sz300050,世纪鼎利,2020-10-20,7.42,7.49,7.17,7.43,7.5,31249000.0,228383896.0,3693391234.41,4246963614.74,-490109530.0500001,71595926.1,2443560236.1,3066551536.21,622991300.11,4672504.8100000005,8698.64,9918.45,5244.77,5654.32,7987.48,6575.65,907.5,689.97,,,,,,,通信,通信设备,通信配套服务,7.36,7.34,7.26
sz300050,世纪鼎利,2020-10-21,7.4,7.45,6.95,7.0,7.43,32395739.0,230769380.0,3479641809.0,4001177026.0,-490109530.0500001,71595926.1,2443560236.1,3066551536.21,622991300.11,4672504.8100000005,8629.79,8331.92,4510.56,7196.74,9498.28,5687.31,438.31,1860.96,,,,,,,通信,通信设备,通信配套服务,7.37,7.26,7.22
sz300050,世纪鼎利,2020-10-22,6.98,7.23,6.88,7.04,7.0,23251900.0,164734632.0,3499525476.48,4024040894.72,-490109530.0500001,71595926.1,2443560236.1,3066551536.21,622991300.11,4672504.8100000005,7104.9,6075.81,3577.45,4268.76,5323.23,5356.68,440.48,744.81,,,,,,,通信,通信设备,通信配套服务,6.97,7.12,7.11
sz300050,世纪鼎利,2020-10-23,7.05,7.15,6.8,6.85,7.04,22699140.0,157920926.0,3405078055.95,3915437518.3,-490109530.0500001,71595926.1,2443560236.1,3066551536.21,622991300.11,4672504.8100000005,4537.0,4378.01,2164.64,3172.84,3872.0,3083.37,286.42,225.85,,,,,,,通信,通信设备,通信配套服务,6.89,7.06,7.01
sz300050,世纪鼎利,2020-10-26,6.85,6.93,6.73,6.85,6.85,13689100.0,93609169.0,3405078055.95,3915437518.3,-490109530.0500001,71595926.1,2443560236.1,3066551536.21,622991300.11,4672504.8100000005,3877.44,3795.87,1661.44,2377.94,3645.65,2846.4,151.12,315.44,,,,,,,通信,通信设备,通信配套服务,6.83,6.79,6.87
sz300050,世纪鼎利,2020-10-27,6.84,6.93,6.62,6.68,6.85,16937735.0,114387050.0,3320572469.16,3818266076.24,-490109530.0500001,71595926.1,2443560236.1,3066551536.21,622991300.11,4672504.8100000005,4189.64,4246.9,1605.31,3160.09,4603.01,2424.37,0.0,566.6,,,,,,,通信,通信设备,通信配套服务,6.84,6.86,6.9
sz300050,世纪鼎利,2020-10-28,6.7,6.75,6.44,6.7,6.68,18465026.0,121604125.0,3330514302.9,3829698010.6,-490109530.0500001,71595926.1,2443560236.1,3066551536.21,622991300.11,4672504.8100000005,3742.67,4357.53,2214.12,3065.58,4683.36,3322.16,349.55,244.42,,,,,,,通信,通信设备,通信配套服务,6.64,6.55,6.51
sz300050,世纪鼎利,2020-10-29,6.53,6.81,6.5,6.7,6.7,14041826.0,93754212.0,3330514302.9,3829698010.6,-490109530.0500001,71595926.1,2443560236.1,3066551536.21,622991300.11,4672504.8100000005,2793.33,3271.84,1848.39,1677.44,2995.02,3097.93,410.47,0.0,,,,,,,通信,通信设备,通信配套服务,6.57,6.58,6.62
sz300050,世纪鼎利,2020-10-30,6.68,6.78,6.34,6.35,6.7,17150700.0,112045322.0,3156532212.4500003,3629639159.3,-490109530.0500001,71595926.1,2443560236.1,3066551536.21,622991300.11,4672504.8100000005,3248.48,3516.69,1302.59,2798.56,4167.5,2028.19,0.0,375.12,,,,,,,通信,通信设备,通信配套服务,6.77,6.71,6.68
sz300050,世纪鼎利,2020-11-02,6.35,6.49,6.3,6.42,6.35,12066621.0,77078140.0,3191328630.54,3669650929.56,-490109530.0500001,71595926.1,2443560236.1,3066551536.21,622991300.11,4672504.8100000005,3238.96,3225.13,1631.15,1658.54,2837.71,2824.14,0.0,0.0,,,,,,,通信,通信设备,通信配套服务,6.35,6.32,6.44
sz300050,世纪鼎利,2020-11-03,6.43,6.72,6.43,6.69,6.42,14790420.0,97797522.0,3325543386.03,3823982043.42,-490109530.0500001,71595926.1,2443560236.1,3066551536.21,622991300.11,4672504.8100000005,4256.58,3987.83,2379.87,1724.5,3143.3,4067.41,0.0,0.0,,,,,,,通信,通信设备,通信配套服务,6.48,6.5,6.52
sz300050,世纪鼎利,2020-11-04,6.7,6.7,6.51,6.57,6.69,12473346.0,82273716.0,3265892383.59,3755390437.26,-490109530.0500001,71595926.1,2443560236.1,3066551536.21,622991300.11,4672504.8100000005,2468.94,2614.61,724.72,1522.5,3169.54,2058.07,0.0,168.03,,,,,,,通信,通信设备,通信配套服务,6.66,6.59,6.67
sz300050,世纪鼎利,2020-11-05,6.65,6.92,6.52,6.89,6.57,25099980.0,169954522.0,3424961723.4300003,3938301387.020001,-490109530.0500001,71595926.1,2443560236.1,3066551536.21,622991300.11,4672504.8100000005,5690.01,6533.11,4958.34,4091.63,5371.59,6064.69,975.5,306.02,,,,,,,通信,通信设备,通信配套服务,6.66,6.63,6.61
sz300050,世纪鼎利,2020-11-06,6.88,6.96,6.78,6.83,6.89,21067100.0,144475661.0,3395136222.21,3904005583.94,-490109530.0500001,71595926.1,2443560236.1,3066551536.21,622991300.11,4672504.8100000005,5387.91,4848.63,2661.11,4499.7,6067.73,3710.64,330.81,1388.59,,,,,,,通信,通信设备,通信配套服务,6.86,6.85,6.9
sz300050,世纪鼎利,2020-11-09,6.9,7.1,6.86,7.04,6.83,22655300.0,158958099.0,3499525476.48,4024040894.72,-490109530.0500001,71595926.1,2443560236.1,3066551536.21,622991300.11,4672504.8100000005,6226.42,5911.47,3703.59,3901.84,5836.98,5604.33,128.82,478.17,,,,,,,通信,通信设备,通信配套服务,6.92,6.96,6.92
sz300050,世纪鼎利,2020-11-10,6.95,6.96,6.7,6.71,7.04,16603096.0,112855366.0,3335485219.77,3835413977.78,-490109530.0500001,71595926.1,2443560236.1,3066551536.21,622991300.11,4672504.8100000005,4362.34,4537.42,1933.78,3594.57,4858.95,2981.24,130.47,172.31,,,,,,,通信,通信设备,通信配套服务,6.8,6.85,6.83
sz300050,世纪鼎利,2020-11-11,6.72,6.8,6.57,6.58,6.71,9540400.0,63695911.0,3270863300.46,3761106404.44,-490109530.0500001,71595926.1,2443560236.1,3066551536.21,622991300.11,4672504.8100000005,2640.7,2325.75,857.19,1402.11,2518.88,2641.73,352.82,0.0,,,,,,,通信,通信设备,通信配套服务,6.72,6.73,6.65
sz300050,世纪鼎利,2020-11-12,6.61,6.84,6.49,6.69,6.58,12685700.0,84821914.0,3325543386.03,3823982043.42,-490109530.0500001,71595926.1,2443560236.1,3066551536.21,622991300.11,4672504.8100000005,3565.65,3285.87,1804.35,1868.56,3112.19,3327.76,0.0,0.0,,,,,,,通信,通信设备,通信配套服务,6.67,6.61,6.6
sz300050,世纪鼎利,2020-11-13,6.72,6.73,6.55,6.67,6.69,10457025.0,69427861.0,3315601552.2900004,3812550109.06,-490109530.0500001,71595926.1,2443560236.1,3066551536.21,622991300.11,4672504.8100000005,2679.82,2538.68,1827.42,2512.05,2435.55,1873.56,0.0,18.5,,,,,,,通信,通信设备,通信配套服务,6.58,6.7,6.71
sz300050,世纪鼎利,2020-11-16,6.68,6.72,6.37,6.39,6.67,12454000.0,80640090.0,3176415879.93,3652503028.02,-490109530.0500001,71595926.1,2443560236.1,3066551536.21,622991300.11,4672504.8100000005,3254.99,3233.81,1041.49,1327.44,3767.52,2948.2,0.0,554.56,,,,,,,通信,通信设备,通信配套服务,6.59,6.57,6.58
sz300050,世纪鼎利,2020-11-17,6.39,6.42,6.13,6.25,6.39,11481363.0,71473857.0,3106823043.75,3572479487.5,-490109530.0500001,71595926.1,2443560236.1,3066551536.21,622991300.11,4672504.8100000005,2574.48,2629.81,1127.09,1818.34,3445.81,2618.38,0.0,80.86,,,,,,,通信,通信设备,通信配套服务,6.32,6.24,6.22
sz300050,世纪鼎利,2020-11-18,6.25,6.34,6.18,6.26,6.25,7664500.0,47932681.0,3111793960.6200004,3578195454.68,-490109530.0500001,71595926.1,2443560236.1,3066551536.21,622991300.11,4672504.8100000005,1786.36,1513.84,792.17,1100.31,2214.74,2179.12,0.0,0.0,,,,,,,通信,通信设备,通信配套服务,6.3,6.32,6.3
sz300050,世纪鼎利,2020-11-19,6.22,6.28,6.15,6.23,6.26,6496400.0,40461224.0,3096881210.01,3561047553.14,-490109530.0500001,71595926.1,2443560236.1,3066551536.21,622991300.11,4672504.8100000005,1660.51,1534.46,683.96,734.25,1598.56,1777.42,103.1,0.0,,,,,,,通信,通信设备,通信配套服务,6.19,6.24,6.24
sz300050,世纪鼎利,2020-11-20,6.27,6.35,6.2,6.24,6.23,8035302.0,50229501.0,3101852126.88,3566763520.32,-490109530.0500001,71595926.1,2443560236.1,3066551536.21,622991300.11,4672504.8100000005,2132.1,2146.84,857.74,725.46,2033.11,2150.65,0.0,0.0,,,,,,,通信,通信设备,通信配套服务,6.33,6.28,6.25
sz300050,世纪鼎利,2020-11-23,6.22,6.22,6.07,6.16,6.24,8861600.0,54438886.0,3062084791.92,3521035782.88,-490109530.0500001,71595926.1,2443560236.1,3066551536.21,622991300.11,4672504.8100000005,2129.57,2225.85,701.48,1278.38,2517.57,1939.66,95.27,0.0,,,,,,,通信,通信设备,通信配套服务,6.16,6.14,6.12
sz300050,世纪鼎利,2020-11-24,6.16,6.27,6.1,6.22,6.16,7719000.0,47957443.0,3091910293.14,3555331585.96,-490109530.0500001,71595926.1,2443560236.1,3066551536.21,622991300.11,4672504.8100000005,1233.78,1126.89,517.32,364.4,1059.61,1516.12,196.69,0.0,,,,,,,通信,通信设备,通信配套服务,6.16,6.22,6.18
sz300050,世纪鼎利,2020-11-25,6.27,6.3,6.11,6.12,6.22,9018200.0,55816286.0,3042201124.44,3498171914.1600003,-490109530.0500001,71595926.1,2443560236.1,3066551536.21,622991300.11,4672504.8100000005,2186.31,2029.33,687.83,1203.83,2707.49,2348.48,0.0,0.0,,,,,,,通信,通信设备,通信配套服务,6.16,6.16,6.17
sz300050,世纪鼎利,2020-11-26,6.13,6.21,6.01,6.02,6.12,9292000.0,56622674.0,2992491955.74,3441012242.36,-490109530.0500001,71595926.1,2443560236.1,3066551536.21,622991300.11,4672504.8100000005,1843.05,1633.06,929.11,1126.01,2494.28,2114.11,395.82,789.08,,,,,,,通信,通信设备,通信配套服务,6.15,6.17,6.15
sz300050,世纪鼎利,2020-11-27,6.0,6.05,5.87,5.95,6.02,9176302.0,54559684.0,2957695537.65,3401000472.1,-490109530.0500001,71595926.1,2443560236.1,3066551536.21,622991300.11,4672504.8100000005,2121.66,1727.8,975.01,1406.68,2347.25,2078.78,12.04,242.7,,,,,,,通信,通信设备,通信配套服务,5.98,5.94,5.96
sz300050,世纪鼎利,2020-11-30,5.96,6.07,5.85,5.95,5.95,9953500.0,59668384.0,2957695537.65,3401000472.1,-490109530.0500001,71595926.1,2443560236.1,3066551536.21,622991300.11,4672504.8100000005,2227.61,1970.29,953.11,1642.02,2610.49,2178.9,175.63,175.63,,,,,,,通信,通信设备,通信配套服务,5.9,5.99,5.98
sz300050,世纪鼎利,2020-12-01,5.96,6.08,5.92,6.05,5.95,8788300.0,53054736.0,3007404706.35,3458160143.9,-490109530.0500001,71595926.1,2443560236.1,3066551536.21,622991300.11,4672504.8100000005,1579.94,1861.06,1560.89,1261.47,1928.63,2067.92,236.02,115.02,,,,,,,通信,通信设备,通信配套服务,5.96,6.0,6.0
sz300050,世纪鼎利,2020-12-02,6.08,6.12,5.97,6.09,6.05,10473103.0,63221041.0,3027288373.83,3481024012.6200004,-490109530.0500001,71595926.1,2443560236.1,3066551536.21,622991300.11,4672504.8100000005,2271.4,2419.92,1565.41,1382.2,2453.75,2467.54,31.55,52.46,,,,,,,通信,通信设备,通信配套服务,6.05,6.04,6.0
sz300050,世纪鼎利,2020-12-03,6.17,6.44,6.16,6.29,6.09,25301900.0,158695622.0,3126706711.23,3595343356.22,-490109530.0500001,71595926.1,2443560236.1,3066551536.21,622991300.11,4672504.8100000005,6436.23,5668.79,4137.63,3614.54,4647.39,6423.38,648.31,162.86,,,,,,,通信,通信设备,通信配套服务,6.27,6.35,6.25
sz300050,世纪鼎利,2020-12-04,6.2,6.65,6.19,6.54,6.29,29414403.0,191644541.0,3250979632.98,3738242535.72,-490109530.0500001,71595926.1,2443560236.1,3066551536.21,622991300.11,4672504.8100000005,8002.77,7046.94,4887.75,3869.81,5750.63,8007.77,523.3,239.93,,,,,,,通信,通信设备,通信配套服务,6.56,6.56,6.56
sz300050,世纪鼎利,2020-12-07,6.41,6.47,6.26,6.26,6.54,17821100.0,112628445.0,3111793960.6200004,3578195454.68,-490109530.0500001,71595926.1,2443560236.1,3066551536.21,622991300.11,4672504.8100000005,4292.16,4018.51,1874.14,2456.71,4718.85,3547.51,377.7,1240.12,,,,,,,通信,通信设备,通信配套服务,6.34,6.39,6.31
sz300050,世纪鼎利,2020-12-08,6.26,6.56,6.2,6.48,6.26,22424602.0,144366837.0,3221154131.76,3703946732.64,-490109530.0500001,71595926.1,2443560236.1,3066551536.21,622991300.11,4672504.8100000005,4681.75,4831.56,3090.66,2688.16,4399.85,5053.96,1623.28,1221.85,,,,,,,通信,通信设备,通信配套服务,6.29,6.3,6.33
sz300050,世纪鼎利,2020-12-09,6.48,6.5,6.23,6.29,6.48,13626200.0,86524137.0,3126706711.23,3595343356.22,-490109530.0500001,71595926.1,2443560236.1,3066551536.21,622991300.11,4672504.8100000005,3395.78,3439.95,1572.31,2233.62,3302.43,2477.49,381.9,501.36,,,,,,,通信,通信设备,通信配套服务,6.43,6.38,6.39
sz300050,世纪鼎利,2020-12-10,6.28,6.44,6.18,6.27,6.29,10865000.0,68608185.0,3116764877.49,3583911421.86,-490109530.0500001,71595926.1,2443560236.1,3066551536.21,622991300.11,4672504.8100000005,2662.18,2641.45,1450.58,1422.68,2631.7,2444.92,0.0,235.41,,,,,,,通信,通信设备,通信配套服务,6.23,6.2,6.23
sz300050,世纪鼎利,2020-12-11,6.26,6.27,6.0,6.08,6.27,12212902.0,74785380.0,3022317456.96,3475308045.44,-490109530.0500001,71595926.1,2443560236.1,3066551536.21,622991300.11,4672504.8100000005,3174.34,2886.19,1286.5,2080.59,3017.7,2258.22,0.0,253.54,,,,,,,通信,通信设备,通信配套服务,6.22,6.23,6.2
sz300050,世纪鼎利,2020-12-14,6.15,6.44,5.99,6.4,6.08,14897900.0,93939512.0,3181386796.8,3658218995.2,-490109530.0500001,71595926.1,2443560236.1,3066551536.21,622991300.11,4672504.8100000005,3630.89,3844.16,1628.03,1324.43,3606.5,4215.34,518.52,0.0,,,,,,,通信,通信设备,通信配套服务,6.04,6.05,6.14
sz300050,世纪鼎利,2020-12-15,6.4,6.42,6.18,6.2,6.4,11062603.0,69256479.0,3081968459.4,3543899651.600001,-490109530.0500001,71595926.1,2443560236.1,3066551536.21,622991300.11,4672504.8100000005,2849.92,2251.37,1128.78,1762.2,2882.49,2632.67,0.0,214.95,,,,,,,通信,通信设备,通信配套服务,6.34,6.34,6.36
sz300050,世纪鼎利,2020-12-16,6.19,6.2,5.97,6.0,6.2,9001100.0,54507775.0,2982550122.0,3429580308.0,-490109530.0500001,71595926.1,2443560236.1,3066551536.21,622991300.11,4672504.8100000005,2117.45,1837.47,924.65,817.2,2408.68,2470.64,0.0,325.47,,,,,,,通信,通信设备,通信配套服务,6.13,6.08,6.07
sz300050,世纪鼎利,2020-12-17,6.06,6.32,5.79,6.17,6.0,17401210.0,105736385.0,3067055708.79,3526751750.06,-490109530.0500001,71595926.1,2443560236.1,3066551536.21,622991300.11,4672504.8100000005,4267.51,4080.36,1922.8,2238.05,4259.22,4153.26,124.11,101.97,,,,,,,通信,通信设备,通信配套服务,6.03,5.97,5.94
sz300050,世纪鼎利,2020-12-18,6.18,6.24,5.97,5.99,6.17,10403800.0,63008876.0,2977579205.13,3423864340.82,-490109530.0500001,71595926.1,2443560236.1,3066551536.21,622991300.11,4672504.8100000005,2472.19,2985.93,987.82,891.08,2636.18,2413.91,194.74,0.0,,,,,,,通信,通信设备,通信配套服务,6.19,6.18,6.16
sz300050,世纪鼎利,2020-12-21,6.01,6.11,5.9,6.04,5.99,8969301.0,53867590.0,3002433789.4800005,3452444176.7200003,-490109530.0500001,71595926.1,2443560236.1,3066551536.21,622991300.11,4672504.8100000005,2537.8,1971.62,818.74,728.39,1827.11,2686.75,203.11,0.0,,,,,,,通信,通信设备,通信配套服务,5.91,6.08,5.97
sz300050,世纪鼎利,2020-12-22,6.03,6.11,5.79,5.79,6.04,11847608.0,70341905.0,2878160867.73,3309544997.22,-490109530.0500001,71595926.1,2443560236.1,3066551536.21,622991300.11,4672504.8100000005,2835.43,2652.15,1599.2,1411.19,2599.56,2495.96,0.0,474.89,,,,,,,通信,通信设备,通信配套服务,6.0,6.01,6.0
sz300050,世纪鼎利,2020-12-23,5.75,5.83,5.69,5.74,5.79,9062820.0,52225970.0,2853306283.38,3280965161.32,-490109530.0500001,71595926.1,2443560236.1,3066551536.21,622991300.11,4672504.8100000005,1782.04,1953.14,1608.08,1789.47,1821.32,1479.99,11.15,0.0,,,,,,,通信,通信设备,通信配套服务,5.78,5.82,5.78
sz300050,世纪鼎利,2020-12-24,5.75,5.79,5.46,5.48,5.74,11752874.0,65444128.0,2724062444.76,3132350014.64,-490109530.0500001,71595926.1,2443560236.1,3066551536.21,622991300.11,4672504.8100000005,2550.0,2587.08,978.45,1616.35,2908.38,2206.08,107.58,134.9,,,,,,,通信,通信设备,通信配套服务,5.72,5.65,5.55
sz300050,世纪鼎利,2020-12-25,5.43,5.6,5.42,5.53,5.48,7451200.0,41277427.0,2748917029.11,3160929850.54,-490109530.0500001,71595926.1,2443560236.1,3066551536.21,622991300.11,4672504.8100000005,2028.59,1630.68,729.36,970.46,1369.79,1222.67,0.0,303.93,,,,,,,通信,通信设备,通信配套服务,5.49,5.58,5.53
sz300050,世纪鼎利,2020-12-28,5.54,5.59,5.32,5.36,5.53,8694100.0,46915671.0,2664411442.32,3063758408.48,-490109530.0500001,71595926.1,2443560236.1,3066551536.21,622991300.11,4672504.8100000005,2179.68,2196.6,395.02,1033.0,2116.87,1461.97,0.0,0.0,,,,,,,通信,通信设备,通信配套服务,5.48,5.43,5.37
sz300050,世纪鼎利,2020-12-29,5.42,5.63,5.4,5.53,5.36,12184000.0,67417630.0,2748917029.11,3160929850.54,-490109530.0500001,71595926.1,2443560236.1,3066551536.21,622991300.11,4672504.8100000005,3295.02,2486.81,1109.8,1395.03,2195.77,2727.14,141.17,132.78,,,,,,,通信,通信设备,通信配套服务,5.61,5.54,5.54
sz300050,世纪鼎利,2020-12-30,5.59,5.59,5.41,5.42,5.53,9201988.0,50229010.0,2694236943.54,3098054211.56,-490109530.0500001,71595926.1,2443560236.1,3066551536.21,622991300.11,4672504.8100000005,2289.9,1660.56,860.92,1123.35,1730.9,1772.81,141.18,466.18,,,,,,,通信,通信设备,通信配套服务,5.45,5.44,5.45
sz300050,世纪鼎利,2020-12-31,5.38,5.58,5.37,5.54,5.42,9415698.0,51980907.0,2753887945.98,3166645817.7200003,-490109530.0500001,71595926.1,2443560236.1,3066551536.21,622991300.11,4672504.8100000005,2174.5,2466.49,1057.12,946.54,1856.85,1785.06,109.62,0.0,,,,,,,通信,通信设备,通信配套服务,5.4,5.48,5.49
sz300050,世纪鼎利,2021-01-04,5.57,5.58,5.46,5.51,5.54,8519891.0,46924442.0,2738975195.37,3149497916.1800003,-490109530.0500001,71595926.1,2443560236.1,3066551536.21,622991300.11,4672504.8100000005,2221.85,1776.12,662.6,1086.31,1793.94,1676.67,0.0,139.29,,,,,,,通信,通信设备,通信配套服务,5.51,5.56,5.51
sz300050,世纪鼎利,2021-01-05,5.51,5.55,5.37,5.42,5.51,9513900.0,51653555.0,2694236943.54,3098054211.56,-490109530.0500001,71595926.1,2443560236.1,3066551536.21,622991300.11,4672504.8100000005,2165.75,2208.14,1228.55,1344.15,1651.97,1362.85,0.0,131.13,,,,,,,通信,通信设备,通信配套服务,5.52,5.49,5.48
sz300050,世纪鼎利,2021-01-06,5.41,5.42,5.17,5.17,5.42,10959070.0,57421609.0,2569964021.79,2955155032.0600004,-490109530.0500001,71595926.1,2443560236.1,3066551536.21,622991300.11,4672504.8100000005,2211.9,2543.71,1116.73,1494.61,2156.75,1521.76,256.78,182.08,,,,,,,通信,通信设备,通信配套服务,5.36,5.32,5.25
sz300050,世纪鼎利,2021-01-07,5.13,5.15,4.86,4.89,5.17,11990195.0,59578891.0,2430778349.43,2795107951.02,-490109530.0500001,71595926.1,2443560236.1,3066551536.21,622991300.11,4672504.8100000005,2635.94,2307.03,611.32,1576.02,2710.63,2074.84,0.0,0.0,,,,,,,通信,通信设备,通信配套服务,5.1,5.06,5.04
sz300050,世纪鼎利,2021-01-08,4.88,5.15,4.8,4.93,4.89,10085600.0,50219138.0,2450662016.91,2817971819.74,-490109530.0500001,71595926.1,2443560236.1,3066551536.21,622991300.11,4672504.8100000005,2315.23,2097.3,826.86,613.79,1760.16,2209.82,119.67,101.0,,,,,,,通信,通信设备,通信配套服务,4.83,4.94,4.95
sz300050,世纪鼎利,2021-01-11,4.94,5.01,4.79,4.83,4.93,7683900.0,37527834.0,2400952848.21,2760812147.94,-490109530.0500001,71595926.1,2443560236.1,3066551536.21,622991300.11,4672504.8100000005,1837.94,1730.9,483.18,756.82,1431.67,1265.07,0.0,0.0,,,,,,,通信,通信设备,通信配套服务,4.96,4.96,4.98
sz300050,世纪鼎利,2021-01-12,4.84,4.92,4.79,4.81,4.83,5716703.0,27629271.0,2391011014.47,2749380213.58,-490109530.0500001,71595926.1,2443560236.1,3066551536.21,622991300.11,4672504.8100000005,1293.68,999.55,397.59,692.97,1071.66,1070.4,0.0,0.0,,,,,,,通信,通信设备,通信配套服务,4.83,4.88,4.91
sz300050,世纪鼎利,2021-01-13,4.81,4.82,4.59,4.68,4.81,8542097.0,39981267.0,2326389095.1600003,2675072640.24,-490109530.0500001,71595926.1,2443560236.1,3066551536.21,622991300.11,4672504.8100000005,1823.29,1896.55,800.33,1083.59,1374.5,1017.99,0.0,0.0,,,,,,,通信,通信设备,通信配套服务,4.75,4.71,4.71
sz300050,世纪鼎利,2021-01-14,4.68,4.78,4.62,4.75,4.68,7399302.0,34848673.0,2361185513.25,2715084410.5,-490109530.0500001,71595926.1,2443560236.1,3066551536.21,622991300.11,4672504.8100000005,1709.72,1722.46,817.81,772.83,929.69,961.92,0.0,0.0,,,,,,,通信,通信设备,通信配套服务,4.69,4.67,4.63
sz300050,世纪鼎利,2021-01-15,4.75,4.98,4.75,4.98,4.75,10277964.0,50393247.0,2475516601.26,2846551655.6400003,-490109530.0500001,71595926.1,2443560236.1,3066551536.21,622991300.11,4672504.8100000005,2208.34,2245.19,1331.52,1039.22,1330.85,1754.92,168.62,0.0,,,,,,,通信,通信设备,通信配套服务,4.82,4.84,4.9
sz300050,世纪鼎利,2021-01-18,4.98,5.65,4.98,5.56,4.98,26732100.0,145605439.0,2763829779.7200003,3178077752.08,-490109530.0500001,71595926.1,2443560236.1,3066551536.21,622991300.11,4672504.8100000005,5262.61,5753.6,4703.95,3495.42,3561.76,5166.48,995.37,108.2,,,,,,,通信,通信设备,通信配套服务,5.2,5.4,5.47
sz300050,世纪鼎利,2021-01-19,5.52,5.94,5.4,5.72,5.56,22134027.0,127014822.0,2843364449.6400003,3269533226.96,-490109530.0500001,71595926.1,2443560236.1,3066551536.21,622991300.11,4672504.8100000005,4723.4,5458.8,3041.06,2305.15,4397.99,4653.41,539.03,284.13,,,,,,,通信,通信设备,通信配套服务,5.57,5.78,5.83
sz300050,世纪鼎利,2021-01-20,5.65,5.82,5.65,5.75,5.72,11291408.0,64802125.0,2858277200.25,3286681128.4999995,-490109530.0500001,71595926.1,2443560236.1,3066551536.21,622991300.11,4672504.8100000005,2260.11,2843.4,1213.93,1011.15,3006.17,2389.34,0.0,236.33,,,,,,,通信,通信设备,通信配套服务,5.8,5.79,5.69
sz300050,世纪鼎利,2021-01-21,5.86,5.97,5.7,5.95,5.75,13201300.0,77618125.0,2957695537.65,3401000472.1,-490109530.0500001,71595926.1,2443560236.1,3066551536.21,622991300.11,4672504.8100000005,2663.15,3554.02,2328.03,1229.42,2475.89,2978.38,294.74,0.0,,,,,,,通信,通信设备,通信配套服务,5.82,5.78,5.77
sz300050,世纪鼎利,2021-01-22,6.08,6.27,6.0,6.16,5.95,16565900.0,101786357.0,3062084791.92,3521035782.88,-490109530.0500001,71595926.1,2443560236.1,3066551536.21,622991300.11,4672504.8100000005,3687.24,3853.31,2662.24,1860.84,3725.1,4297.25,104.05,167.24,,,,,,,通信,通信设备,通信配套服务,6.05,6.02,6.07
sz300050,世纪鼎利,2021-01-25,6.09,6.16,5.84,5.9,6.16,14629775.0,87279379.0,2932840953.3,3372420636.2,-490109530.0500001,71595926.1,2443560236.1,3066551536.21,622991300.11,4672504.8100000005,3867.14,3198.97,1107.38,2523.41,3753.42,2848.59,0.0,156.97,,,,,,,通信,通信设备,通信配套服务,6.07,6.02,6.05
sz300050,世纪鼎利,2021-01-26,5.98,6.24,5.92,5.99,5.9,12532000.0,76194570.0,2977579205.13,3423864340.82,-490109530.0500001,71595926.1,2443560236.1,3066551536.21,622991300.11,4672504.8100000005,2959.36,3295.98,1624.14,1082.81,2853.57,3240.67,182.4,0.0,,,,,,,通信,通信设备,通信配套服务,6.18,6.17,6.08
sz300050,世纪鼎利,2021-01-27,5.95,6.08,5.71,5.77,5.99,8756800.0,51544479.0,2868219033.99,3298113062.86,-490109530.0500001,71595926.1,2443560236.1,3066551536.21,622991300.11,4672504.8100000005,1949.98,1966.17,562.51,1357.19,2620.36,1809.48,0.0,0.0,,,,,,,通信,通信设备,通信配套服务,5.92,5.95,5.98
sz300050,世纪鼎利,2021-01-28,5.72,5.95,5.65,5.69,5.77,7509545.0,43446906.0,2828451699.03,3252385325.42,-490109530.0500001,71595926.1,2443560236.1,3066551536.21,622991300.11,4672504.8100000005,1549.23,1357.83,526.0,561.07,2269.0,2425.32,0.0,0.0,,,,,,,通信,通信设备,通信配套服务,5.91,5.85,5.84
sz300050,世纪鼎利,2021-01-29,5.85,5.87,5.54,5.66,5.69,8090100.0,45840847.0,2813538948.42,3235237423.88,-490109530.0500001,71595926.1,2443560236.1,3066551536.21,622991300.11,4672504.8100000005,1843.51,1641.74,458.44,300.22,2282.07,2642.07,0.0,0.0,,,,,,,通信,通信设备,通信配套服务,5.71,5.62,5.68
sz300050,世纪鼎利,2021-02-01,5.57,5.77,5.48,5.52,5.66,7770900.0,43310867.0,2743946112.24,3155213883.36,-490109530.0500001,71595926.1,2443560236.1,3066551536.21,622991300.11,4672504.8100000005,1892.21,1459.95,706.39,896.41,1732.49,1777.37,0.0,197.36,,,,,,,通信,通信设备,通信配套服务,5.75,5.6,5.59
sz300050,世纪鼎利,2021-02-02,5.54,5.61,5.39,5.42,5.52,7405800.0,40500614.0,2694236943.54,3098054211.56,-490109530.0500001,71595926.1,2443560236.1,3066551536.21,622991300.11,4672504.8100000005,1537.31,1417.77,469.74,614.73,2043.02,1724.12,0.0,293.44,,,,,,,通信,通信设备,通信配套服务,5.43,5.53,5.56
sz300050,世纪鼎利,2021-02-03,5.47,5.48,5.17,5.21,5.42,7475900.0,39706540.0,2589847689.27,2978018900.78,-490109530.0500001,71595926.1,2443560236.1,3066551536.21,622991300.11,4672504.8100000005,1604.08,1406.73,701.84,792.99,1656.66,1373.13,8.08,397.8,,,,,,,通信,通信设备,通信配套服务,5.37,5.36,5.35
sz300050,世纪鼎利,2021-02-04,5.2,5.2,4.97,5.15,5.21,6670110.0,33822006.0,2560022188.05,2943723097.7,-490109530.0500001,71595926.1,2443560236.1,3066551536.21,622991300.11,4672504.8100000005,1302.4,1039.81,355.95,970.89,1723.86,1371.49,0.0,0.0,,,,,,,通信,通信设备,通信配套服务,5.13,5.13,5.07
sz300050,世纪鼎利,2021-02-05,5.12,5.33,5.02,5.03,5.15,7884805.0,40463958.0,2500371185.61,2875131491.54,-490109530.0500001,71595926.1,2443560236.1,3066551536.21,622991300.11,4672504.8100000005,1751.61,1035.72,970.53,743.46,1215.47,1363.6,108.78,903.61,,,,,,,通信,通信设备,通信配套服务,5.29,5.21,5.2
sz300050,世纪鼎利,2021-02-08,5.16,5.17,5.0,5.1,5.03,5702600.0,28892718.0,2535167603.7,2915143261.8,-490109530.0500001,71595926.1,2443560236.1,3066551536.21,622991300.11,4672504.8100000005,1142.9,1089.24,640.06,324.0,1106.3,1344.79,0.0,131.25,,,,,,,通信,通信设备,通信配套服务,5.09,5.02,5.11
sz300050,世纪鼎利,2021-02-09,5.1,5.3,5.09,5.16,5.1,6846400.0,35473011.0,2564993104.92,2949439064.88,-490109530.0500001,71595926.1,2443560236.1,3066551536.21,622991300.11,4672504.8100000005,1488.11,1462.55,479.66,422.09,1579.53,1560.44,0.0,102.22,,,,,,,通信,通信设备,通信配套服务,5.18,5.27,5.24
sz300050,世纪鼎利,2021-02-10,5.25,5.27,5.06,5.16,5.16,7533900.0,38772955.0,2564993104.92,2949439064.88,-490109530.0500001,71595926.1,2443560236.1,3066551536.21,622991300.11,4672504.8100000005,1735.08,1509.19,799.88,340.51,1342.34,1899.85,0.0,127.75,,,,,,,通信,通信设备,通信配套服务,5.26,5.19,5.22
sz300050,世纪鼎利,2021-02-18,5.3,5.43,5.24,5.26,5.16,7764600.0,41328539.0,2614702273.62,3006598736.68,-490109530.0500001,71595926.1,2443560236.1,3066551536.21,622991300.11,4672504.8100000005,1578.83,1605.85,820.76,689.15,1612.87,1837.85,120.4,0.0,,,,,,,通信,通信设备,通信配套服务,5.27,5.35,5.37
sz300050,世纪鼎利,2021-02-19,5.29,5.57,5.26,5.55,5.26,8575976.0,46664090.0,2758858862.8500004,3172361784.9,-490109530.0500001,71595926.1,2443560236.1,3066551536.21,622991300.11,4672504.8100000005,2225.37,1990.45,434.83,804.68,1932.82,1822.39,24.5,0.0,,,,,,,通信,通信设备,通信配套服务,5.34,5.33,5.41
sz300050,世纪鼎利,2021-02-22,5.5,5.76,5.49,5.65,5.55,11007381.0,62572155.0,2808568031.55,3229521456.7,-490109530.0500001,71595926.1,2443560236.1,3066551536.21,622991300.11,4672504.8100000005,2468.55,2265.05,1007.86,1445.27,2663.93,1845.01,116.88,701.89,,,,,,,通信,通信设备,通信配套服务,5.68,5.66,5.68
sz300050,世纪鼎利,2021-02-23,5.65,5.69,5.46,5.5,5.65,6844702.0,38205400.0,2734004278.5,3143781949.0,-490109530.0500001,71595926.1,2443560236.1,3066551536.21,622991300.11,4672504.8100000005,1505.47,1438.77,629.8,912.55,1685.27,1469.22,0.0,0.0,,,,,,,通信,通信设备,通信配套服务,5.67,5.56,5.56
sz300050,世纪鼎利,2021-02-24,5.51,5.69,5.51,5.59,5.5,6021440.0,33786843.0,2778742530.33,3195225653.6200004,-490109530.0500001,71595926.1,2443560236.1,3066551536.21,622991300.11,4672504.8100000005,1206.99,1378.17,372.29,607.35,1799.41,1393.16,0.0,0.0,,,,,,,通信,通信设备,通信配套服务,5.62,5.64,5.63
sz300050,世纪鼎利,2021-02-25,5.65,5.68,5.43,5.45,5.59,5802900.0,31900360.0,2709149694.15,3115202113.1,-490109530.0500001,71595926.1,2443560236.1,3066551536.21,622991300.11,4672504.8100000005,1122.28,1189.17,402.83,634.69,1664.92,1202.68,0.0,163.5,,,,,,,通信,通信设备,通信配套服务,5.55,5.53,5.54
sz300050,世纪鼎利,2021-02-26,5.36,5.81,5.34,5.69,5.45,10553238.0,59498127.0,2828451699.03,3252385325.42,-490109530.0500001,71595926.1,2443560236.1,3066551536.21,622991300.11,4672504.8100000005,2244.19,2387.37,985.13,592.86,2690.15,2969.58,30.34,0.0,,,,,,,通信,通信设备,通信配套服务,5.46,5.51,5.57
sz300050,世纪鼎利,2021-03-01,5.65,5.74,5.53,5.7,5.69,12353842.0,69692114.0,2854458608.4,3258101292.6000004,-490109530.0500001,71595926.1,2443560236.1,3066551536.21,622991300.11,4672504.8100000005,2953.61,3088.52,1006.04,1375.24,3009.56,2505.45,0.0,0.0,,,,,,,通信,通信设备,通信配套服务,5.61,5.59,5.57
sz300050,世纪鼎利,2021-03-02,5.72,5.76,5.61,5.67,5.7,7447904.0,42344238.0,2839435142.04,3240953391.0600004,-490109530.0500001,71595926.1,2443560236.1,3066551536.21,622991300.11,4672504.8100000005,1820.39,1827.93,563.36,723.47,1850.67,1683.03,0.0,0.0,,,,,,,通信,通信设备,通信配套服务,5.69,5.64,5.68
sz300050,世纪鼎利,2021-03-03,5.71,5.81,5.64,5.71,5.67,7960104.0,45433664.0,2859466430.5200005,3263817259.78,-490109530.0500001,71595926.1,2443560236.1,3066551536.21,622991300.11,4672504.8100000005,1868.76,2066.86,626.16,456.74,1998.69,2003.59,33.57,0.0,,,,,,,通信,通信设备,通信配套服务,5.78,5.68,5.65
sz300050,世纪鼎利,2021-03-04,5.69,5.76,5.63,5.69,5.71,6988029.0,39845405.0,2849450786.28,3252385325.42,-490109530.0500001,71595926.1,2443560236.1,3066551536.21,622991300.11,4672504.8100000005,1485.53,1663.15,577.72,661.58,1779.88,1659.81,141.41,0.0,,,,,,,通信,通信设备,通信配套服务,5.75,5.69,5.69
sz300050,世纪鼎利,2021-03-05,5.62,5.78,5.62,5.75,5.69,7255900.0,41559286.0,2879497719.0,3286681128.4999995,-490109530.0500001,71595926.1,2443560236.1,3066551536.21,622991300.11,4672504.8100000005,1609.68,1588.12,768.41,1019.53,1495.72,1366.82,215.34,114.67,,,,,,,通信,通信设备,通信配套服务,5.7,5.68,5.75
sz300050,世纪鼎利,2021-03-08,5.79,5.85,5.65,5.66,5.75,7142500.0,40959344.0,2834427319.92,3235237423.88,-490109530.0500001,71595926.1,2443560236.1,3066551536.21,622991300.11,4672504.8100000005,1546.33,1557.69,913.99,808.17,1635.62,1730.07,0.0,0.0,,,,,,,通信,通信设备,通信配套服务,5.75,5.8,5.78
sz300050,世纪鼎利,2021-03-09,5.52,5.6,5.21,5.26,5.66,12174200.0,65374704.0,2634114435.1200004,3006598736.68,-490109530.0500001,71595926.1,2443560236.1,3066551536.21,622991300.11,4672504.8100000005,2282.74,2761.38,891.34,1510.59,3363.39,2153.49,0.0,112.02,,,,,,,通信,通信设备,通信配套服务,5.51,5.46,5.31
sz300050,世纪鼎利,2021-03-10,5.3,5.39,5.05,5.08,5.26,7927900.0,40954597.0,2543973636.96,2903711327.44,-490109530.0500001,71595926.1,2443560236.1,3066551536.21,622991300.11,4672504.8100000005,1573.29,1437.93,591.42,623.84,1930.74,1468.16,0.0,565.53,,,,,,,通信,通信设备,通信配套服务,5.28,5.24,5.24
sz300050,世纪鼎利,2021-03-11,5.14,5.18,5.01,5.15,5.08,6341640.0,32397734.0,2579028391.8,2943723097.7,-490109530.0500001,71595926.1,2443560236.1,3066551536.21,622991300.11,4672504.8100000005,1222.42,735.46,571.72,808.34,1292.94,1473.06,152.7,222.91,,,,,,,通信,通信设备,通信配套服务,5.03,5.05,5.08
sz300050,世纪鼎利,2021-03-12,5.15,5.18,5.06,5.08,5.15,5058900.0,25866036.0,2543973636.96,2903711327.44,-490109530.0500001,71595926.1,2443560236.1,3066551536.21,622991300.11,4672504.8100000005,1007.85,1160.6,375.89,345.26,1202.86,926.84,0.0,153.9,,,,,,,通信,通信设备,通信配套服务,5.16,5.13,5.1
sz300050,世纪鼎利,2021-03-15,5.08,5.12,5.03,5.07,5.08,3484500.0,17672336.0,2538965814.84,2897995360.26,-490109530.0500001,71595926.1,2443560236.1,3066551536.21,622991300.11,4672504.8100000005,773.74,677.21,232.35,310.7,761.14,779.32,0.0,0.0,,,,,,,通信,通信设备,通信配套服务,5.06,5.09,5.1
sz300050,世纪鼎利,2021-03-16,5.09,5.19,5.07,5.18,5.07,6054400.0,31110222.0,2594051858.1600003,2960870999.24,-490109530.0500001,71595926.1,2443560236.1,3066551536.21,622991300.11,4672504.8100000005,1224.18,1115.11,760.92,730.21,1120.15,1259.94,0.0,0.0,,,,,,,通信,通信设备,通信配套服务,5.1,5.1,5.09
sz300050,世纪鼎利,2021-03-17,5.18,5.21,5.09,5.1,5.18,5950300.0,30526899.0,2553989281.2,2915143261.8,-490109530.0500001,71595926.1,2443560236.1,3066551536.21,622991300.11,4672504.8100000005,1286.09,1389.43,220.15,399.16,1525.93,1089.7,0.0,153.88,,,,,,,通信,通信设备,通信配套服务,5.15,5.14,5.16
sz300050,世纪鼎利,2021-03-18,5.1,5.13,5.04,5.04,5.1,5758200.0,29225902.0,2523942348.48,2880847458.72,-490109530.0500001,71595926.1,2443560236.1,3066551536.21,622991300.11,4672504.8100000005,1059.32,891.96,243.69,686.17,1477.42,1221.06,119.75,101.0,,,,,,,通信,通信设备,通信配套服务,5.08,5.1,5.08
sz300050,世纪鼎利,2021-03-19,5.06,5.13,5.0,5.04,5.04,7429900.0,37591763.0,2523942348.48,2880847458.72,-490109530.0500001,71595926.1,2443560236.1,3066551536.21,622991300.11,4672504.8100000005,1405.81,1284.61,817.99,891.36,1199.43,1132.53,335.95,450.67,,,,,,,通信,通信设备,通信配套服务,5.05,5.03,5.03
sz300050,世纪鼎利,2021-03-22,5.07,5.1,5.01,5.08,5.04,4795299.0,24250796.0,2543973636.96,2903711327.44,-490109530.0500001,71595926.1,2443560236.1,3066551536.21,622991300.11,4672504.8100000005,1074.53,904.52,381.62,671.85,968.93,848.71,0.0,0.0,,,,,,,通信,通信设备,通信配套服务,5.06,5.02,5.07
sz300050,世纪鼎利,2021-03-23,5.08,5.17,5.03,5.15,5.08,7677040.0,39178328.0,2579028391.8,2943723097.7,-490109530.0500001,71595926.1,2443560236.1,3066551536.21,622991300.11,4672504.8100000005,1662.21,1521.79,1055.33,693.04,1200.29,1703.01,0.0,0.0,,,,,,,通信,通信设备,通信配套服务,5.09,5.04,5.05
sz300050,世纪鼎利,2021-03-24,5.1,5.3,5.08,5.26,5.15,10874264.0,56624318.0,2634114435.1200004,3006598736.68,-490109530.0500001,71595926.1,2443560236.1,3066551536.21,622991300.11,4672504.8100000005,2620.23,2079.99,1344.39,1166.39,1589.98,2308.21,107.83,107.83,,,,,,,通信,通信设备,通信配套服务,5.1,5.08,5.12
sz300050,世纪鼎利,2021-03-25,5.26,5.29,5.16,5.21,5.26,5930479.0,30880510.0,2609075324.52,2978018900.78,-490109530.0500001,71595926.1,2443560236.1,3066551536.21,622991300.11,4672504.8100000005,1730.75,1150.67,340.94,463.92,1016.36,1473.46,0.0,0.0,,,,,,,通信,通信设备,通信配套服务,5.24,5.2,5.17
sz300050,世纪鼎利,2021-03-26,5.19,5.24,5.15,5.23,5.21,4268879.0,22207576.0,2619090968.76,2989450835.14,-490109530.0500001,71595926.1,2443560236.1,3066551536.21,622991300.11,4672504.8100000005,1158.16,979.73,319.57,388.78,743.03,852.24,0.0,0.0,,,,,,,通信,通信设备,通信配套服务,5.17,5.17,5.17
sz300050,世纪鼎利,2021-03-29,5.21,5.23,5.1,5.14,5.23,4480200.0,23075592.0,2574020569.68,2938007130.52,-490109530.0500001,71595926.1,2443560236.1,3066551536.21,622991300.11,4672504.8100000005,1015.06,1005.73,289.43,359.77,1003.06,839.46,0.0,102.6,,,,,,,通信,通信设备,通信配套服务,5.22,5.22,5.2
sz300050,世纪鼎利,2021-03-30,5.11,5.13,5.04,5.06,5.14,4341400.0,21975353.0,2533957992.7200003,2892279393.08,-490109530.0500001,71595926.1,2443560236.1,3066551536.21,622991300.11,4672504.8100000005,882.73,834.8,238.51,555.39,825.21,655.5,251.08,151.84,,,,,,,通信,通信设备,通信配套服务,5.1,5.07,5.07
sz300050,世纪鼎利,2021-03-31,5.06,5.09,5.04,5.06,5.06,2536191.0,12833057.0,2533957992.7200003,2892279393.08,-490109530.0500001,71595926.1,2443560236.1,3066551536.21,622991300.11,4672504.8100000005,567.74,435.38,166.13,268.95,547.67,577.21,0.0,0.0,,,,,,,通信,通信设备,通信配套服务,5.05,5.07,5.09
sz300050,世纪鼎利,2021-04-01,5.1,5.1,5.02,5.04,5.06,3220115.0,16252714.0,2523942348.48,2880847458.72,-490109530.0500001,71595926.1,2443560236.1,3066551536.21,622991300.11,4672504.8100000005,666.35,573.2,287.38,437.37,671.54,614.71,0.0,0.0,,,,,,,通信,通信设备,通信配套服务,5.02,5.04,5.04
sz300050,世纪鼎利,2021-04-02,5.04,5.08,5.01,5.07,5.04,4452536.0,22496825.0,2538965814.84,2897995360.26,-490109530.0500001,71595926.1,2443560236.1,3066551536.21,622991300.11,4672504.8100000005,963.38,888.36,484.39,383.82,650.41,674.5,151.5,303.0,,,,,,,通信,通信设备,通信配套服务,5.03,5.03,5.04
sz300050,世纪鼎利,2021-04-06,5.05,5.22,5.05,5.18,5.07,5277566.0,27189642.0,2594051858.1600003,2960870999.24,-490109530.0500001,71595926.1,2443560236.1,3066551536.21,622991300.11,4672504.8100000005,1149.35,1332.52,668.15,290.75,901.46,1095.69,0.0,0.0,,,,,,,通信,通信设备,通信配套服务,5.07,5.11,5.11
sz300050,世纪鼎利,2021-04-07,5.14,5.48,5.12,5.44,5.18,14236750.0,75956855.0,2724255233.28,3109486145.92,-490109530.0500001,71595926.1,2443560236.1,3066551536.21,622991300.11,4672504.8100000005,3437.28,2828.6,1539.02,1745.75,2158.94,2760.63,460.45,260.7,,,,,,,通信,通信设备,通信配套服务,5.19,5.17,5.17
sz300050,世纪鼎利,2021-04-08,5.35,5.5,5.22,5.22,5.44,10980861.0,58381779.0,2614083146.64,2983734867.96,-490109530.0500001,71595926.1,2443560236.1,3066551536.21,622991300.11,4672504.8100000005,2327.58,2676.05,704.44,1109.22,2735.96,1982.71,0.0,0.0,,,,,,,通信,通信设备,通信配套服务,5.41,5.35,5.37
sz300050,世纪鼎利,2021-04-09,5.21,5.27,5.16,5.19,5.22,5436400.0,28324959.0,2599059680.28,2966586966.42,-490109530.0500001,71595926.1,2443560236.1,3066551536.21,622991300.11,4672504.8100000005,1044.76,1063.65,483.25,241.43,1304.49,1477.57,0.0,49.84,,,,,,,通信,通信设备,通信配套服务,5.2,5.2,5.23
sz300050,世纪鼎利,2021-04-12,5.17,5.21,5.09,5.12,5.19,3338200.0,17187666.0,2564004925.44,2926575196.16,-490109530.0500001,71595926.1,2443560236.1,3066551536.21,622991300.11,4672504.8100000005,928.25,719.88,97.07,122.5,693.45,876.39,0.0,0.0,,,,,,,通信,通信设备,通信配套服务,5.13,5.14,5.16
sz300050,世纪鼎利,2021-04-13,5.08,5.15,5.08,5.09,5.12,2799600.0,14306180.0,2548981459.08,2909427294.6200004,-490109530.0500001,71595926.1,2443560236.1,3066551536.21,622991300.11,4672504.8100000005,601.25,564.8,135.02,235.89,694.35,629.93,0.0,0.0,,,,,,,通信,通信设备,通信配套服务,5.12,5.14,5.11
sz300050,世纪鼎利,2021-04-14,5.15,5.28,5.11,5.2,5.09,6463138.0,33657639.0,2604067502.4,2972302933.6,-490109530.0500001,71595926.1,2443560236.1,3066551536.21,622991300.11,4672504.8100000005,1516.83,1240.33,592.52,905.25,1227.71,1191.49,0.0,0.0,,,,,,,通信,通信设备,通信配套服务,5.17,5.14,5.14
sz300050,世纪鼎利,2021-04-15,5.14,5.27,5.14,5.18,5.2,4222800.0,21981275.0,2594051858.1600003,2960870999.24,-490109530.0500001,71595926.1,2443560236.1,3066551536.21,622991300.11,4672504.8100000005,974.94,1210.91,246.97,211.42,976.21,775.79,0.0,0.0,,,,,,,通信,通信设备,通信配套服务,5.18,5.18,5.21
sz300050,世纪鼎利,2021-04-16,5.25,5.34,5.23,5.29,5.18,7504200.0,39670792.0,2649137901.48,3023746638.22,-490109530.0500001,71595926.1,2443560236.1,3066551536.21,622991300.11,4672504.8100000005,1708.84,1357.49,599.69,1093.89,1658.55,1263.15,0.0,252.54,,,,,,,通信,通信设备,通信配套服务,5.27,5.26,5.24
sz300050,世纪鼎利,2021-04-19,5.28,5.35,5.25,5.29,5.29,7873188.0,41750089.0,2649137901.48,3023746638.22,-490109530.0500001,71595926.1,2443560236.1,3066551536.21,622991300.11,4672504.8100000005,1600.33,1349.67,949.18,1273.12,1625.5,1288.4,0.0,263.82,,,,,,,通信,通信设备,通信配套服务,5.32,5.3,5.34
sz300050,世纪鼎利,2021-04-20,5.29,5.35,5.22,5.23,5.29,5805080.0,30603372.0,2619090968.76,2989450835.14,-490109530.0500001,71595926.1,2443560236.1,3066551536.21,622991300.11,4672504.8100000005,1080.26,1388.12,741.14,578.02,1207.4,1094.2,31.54,0.0,,,,,,,通信,通信设备,通信配套服务,5.26,5.29,5.32
sz300050,世纪鼎利,2021-04-21,5.2,5.23,5.12,5.14,5.23,5817900.0,30067896.0,2574020569.68,2938007130.52,-490109530.0500001,71595926.1,2443560236.1,3066551536.21,622991300.11,4672504.8100000005,1065.51,1029.92,678.91,694.73,1262.37,828.97,0.0,453.17,,,,,,,通信,通信设备,通信配套服务,5.18,5.18,5.18
sz300050,世纪鼎利,2021-04-22,5.16,5.3,5.14,5.21,5.14,4373800.0,22828991.0,2609075324.52,2978018900.78,-490109530.0500001,71595926.1,2443560236.1,3066551536.21,622991300.11,4672504.8100000005,732.93,1022.37,609.74,366.28,940.23,894.24,0.0,0.0,,,,,,,通信,通信设备,通信配套服务,5.21,5.25,5.23
sz300050,世纪鼎利,2021-04-23,5.23,5.23,5.1,5.12,5.21,4027941.0,20686042.0,2564004925.44,2926575196.16,-490109530.0500001,71595926.1,2443560236.1,3066551536.21,622991300.11,4672504.8100000005,867.93,871.6,356.92,361.82,843.75,835.19,0.0,0.0,,,,,,,通信,通信设备,通信配套服务,5.13,5.16,5.16
sz300050,世纪鼎利,2021-04-26,5.15,5.16,5.04,5.06,5.12,4365512.0,22158608.0,2533957992.7200003,2892279393.08,-490109530.0500001,71595926.1,2443560236.1,3066551536.21,622991300.11,4672504.8100000005,1016.1,703.96,390.16,392.33,809.6,536.98,0.0,582.59,,,,,,,通信,通信设备,通信配套服务,5.08,5.09,5.09
sz300050,世纪鼎利,2021-04-27,5.08,5.08,4.96,4.99,5.06,4951620.0,24703896.0,2498903237.88,2852267622.82,-490109530.0500001,71595926.1,2443560236.1,3066551536.21,622991300.11,4672504.8100000005,827.93,1065.56,626.43,707.47,1016.03,697.36,0.0,0.0,,,,,,,通信,通信设备,通信配套服务,5.05,5.04,5.02
sz300050,世纪鼎利,2021-04-28,4.9,4.91,4.76,4.79,4.99,8652600.0,41703512.0,2385864229.3900003,2737948279.2200003,-490109530.0500001,71595926.1,2419130435.49,2979512628.48,560382192.99,-8236612.95,1721.67,1294.54,897.6,1028.08,1551.08,1464.66,0.0,383.06,,,,,,,通信,通信设备,通信配套服务,4.8,4.89,4.89
sz300050,世纪鼎利,2021-04-29,4.79,4.9,4.75,4.81,4.79,3726200.0,17998112.0,2395826084.21,2749380213.58,-490109530.0500001,71595926.1,2419130435.49,2979512628.48,560382192.99,-8236612.95,757.4,658.51,522.22,442.13,520.19,695.79,0.0,3.38,,,,,,,通信,通信设备,通信配套服务,4.79,4.83,4.83
sz300050,世纪鼎利,2021-04-30,4.82,4.82,4.67,4.68,4.81,4547600.0,21472466.0,2331074027.88,2675072640.24,-490109530.0500001,71595926.1,2419130435.49,2979512628.48,560382192.99,-8236612.95,822.56,871.7,483.91,482.15,840.77,690.0,0.0,103.4,,,,,,,通信,通信设备,通信配套服务,4.82,4.8,4.73
sz300050,世纪鼎利,2021-05-06,4.7,4.72,4.66,4.71,4.68,2214800.0,10385987.0,2346016810.11,2692220541.78,-490109530.0500001,71595926.1,2419130435.49,2979512628.48,560382192.99,-8236612.95,509.7,473.07,60.82,159.19,468.08,406.34,0.0,0.0,,,,,,,通信,通信设备,通信配套服务,4.68,4.69,4.71
sz300050,世纪鼎利,2021-05-07,4.72,4.73,4.64,4.68,4.71,3652070.0,17101232.0,2331074027.88,2675072640.24,-490109530.0500001,71595926.1,2419130435.49,2979512628.48,560382192.99,-8236612.95,690.3,569.36,302.04,669.92,717.78,470.83,0.0,0.0,,,,,,,通信,通信设备,通信配套服务,4.7,4.67,4.69
sz300050,世纪鼎利,2021-05-10,4.7,4.79,4.66,4.77,4.68,3794528.0,17969844.0,2375902374.57,2726516344.86,-490109530.0500001,71595926.1,2419130435.49,2979512628.48,560382192.99,-8236612.95,561.29,796.33,430.57,358.57,683.17,642.09,121.97,0.0,,,,,,,通信,通信设备,通信配套服务,4.66,4.69,4.68
sz300050,世纪鼎利,2021-05-11,4.78,4.83,4.74,4.83,4.77,2628328.0,12599165.0,2405787939.03,2760812147.94,-490109530.0500001,71595926.1,2419130435.49,2979512628.48,560382192.99,-8236612.95,640.8,514.53,187.37,233.03,421.21,512.36,10.54,0.0,,,,,,,通信,通信设备,通信配套服务,4.79,4.8,4.78
sz300050,世纪鼎利,2021-05-12,4.83,4.85,4.79,4.83,4.83,2299765.0,11084587.0,2405787939.03,2760812147.94,-490109530.0500001,71595926.1,2419130435.49,2979512628.48,560382192.99,-8236612.95,455.33,550.35,200.25,229.9,452.88,328.2,0.0,0.0,,,,,,,通信,通信设备,通信配套服务,4.8,4.8,4.81
sz300050,世纪鼎利,2021-05-13,4.8,4.89,4.77,4.83,4.83,2934540.0,14198488.0,2405787939.03,2760812147.94,-490109530.0500001,71595926.1,2419130435.49,2979512628.48,560382192.99,-8236612.95,560.74,558.83,165.09,335.85,565.76,525.16,128.26,0.0,,,,,,,通信,通信设备,通信配套服务,4.82,4.85,4.84
sz300050,世纪鼎利,2021-05-14,4.8,4.94,4.8,4.91,4.83,4994141.0,24322287.0,2445635358.31,2806539885.38,-490109530.0500001,71595926.1,2419130435.49,2979512628.48,560382192.99,-8236612.95,1110.48,905.47,636.1,690.39,685.07,835.79,0.0,0.0,,,,,,,通信,通信设备,通信配套服务,4.82,4.85,4.85
sz300050,世纪鼎利,2021-05-17,4.88,4.91,4.73,4.76,4.91,5309758.0,25471372.0,2370921447.1600003,2720800377.68,-490109530.0500001,71595926.1,2419130435.49,2979512628.48,560382192.99,-8236612.95,917.48,1029.61,506.4,770.46,1039.22,747.06,84.04,0.0,,,,,,,通信,通信设备,通信配套服务,4.86,4.86,4.84
sz300050,世纪鼎利,2021-05-18,4.71,4.79,4.7,4.75,4.76,3089138.0,14633437.0,2365940519.75,2715084410.5,-490109530.0500001,71595926.1,2419130435.49,2979512628.48,560382192.99,-8236612.95,691.73,585.93,123.45,418.29,648.16,421.84,0.0,37.29,,,,,,,通信,通信设备,通信配套服务,4.73,4.74,4.7
sz300050,世纪鼎利,2021-05-19,4.74,4.8,4.72,4.75,4.75,2684900.0,12792996.0,2365926269.75,2660174410.5,-490109530.0500001,71595926.1,2419130435.49,2979512628.48,560382192.99,-8236612.95,676.4,585.32,90.06,337.16,512.83,356.82,0.0,0.0,,,,,,,通信,通信设备,通信配套服务,4.76,4.77,4.75
sz300050,世纪鼎利,2021-05-20,4.74,4.75,4.7,4.72,4.75,2680800.0,12646976.0,2350983577.52,2643373308.9600005,-490109530.0500001,71595926.1,2419130435.49,2979512628.48,560382192.99,-8236612.95,498.48,636.95,242.79,151.99,523.42,475.76,0.0,0.0,,,,,,,通信,通信设备,通信配套服务,4.74,4.71,4.73
sz300050,世纪鼎利,2021-05-21,4.7,4.78,4.7,4.74,4.72,1952000.0,9269638.0,2360945372.34,2654574043.32,-490109530.0500001,71595926.1,2419130435.49,2979512628.48,560382192.99,-8236612.95,402.76,499.77,75.93,89.35,448.27,337.85,0.0,0.0,,,,,,,通信,通信设备,通信配套服务,4.72,4.74,4.74
sz300050,世纪鼎利,2021-05-24,4.74,4.85,4.71,4.81,4.74,4076500.0,19449177.0,2395811654.21,2693776613.58,-490109530.0500001,71595926.1,2419130435.49,2979512628.48,560382192.99,-8236612.95,848.34,857.95,512.08,539.45,584.5,547.52,0.0,0.0,,,,,,,通信,通信设备,通信配套服务,4.72,4.73,4.72
sz300050,世纪鼎利,2021-05-25,4.78,4.8,4.75,4.77,4.81,4393400.0,20979289.0,2375888064.57,2671375144.86,-490109530.0500001,71595926.1,2419130435.49,2979512628.48,560382192.99,-8236612.95,930.79,766.44,509.71,604.65,657.42,440.72,0.0,286.12,,,,,,,通信,通信设备,通信配套服务,4.78,4.78,4.78
sz300050,世纪鼎利,2021-05-26,4.79,4.93,4.76,4.83,4.77,5575800.0,27080153.0,2405773449.03,2704977347.94,-490109530.0500001,71595926.1,2419130435.49,2979512628.48,560382192.99,-8236612.95,1132.89,1297.73,724.74,590.25,790.26,820.03,60.12,0.0,,,,,,,通信,通信设备,通信配套服务,4.78,4.8,4.88
sz300050,世纪鼎利,2021-05-27,4.84,4.91,4.81,4.9,4.83,5211672.0,25365674.0,2440639730.9,2744179918.2,-490109530.0500001,71595926.1,2419130435.49,2979512628.48,560382192.99,-8236612.95,1049.76,1176.28,650.04,580.57,709.39,779.72,127.38,0.0,,,,,,,通信,通信设备,通信配套服务,4.84,4.82,4.83
sz300050,世纪鼎利,2021-05-28,4.88,4.93,4.83,4.88,4.9,3459998.0,16839621.0,2430677936.08,2732979183.84,-490109530.0500001,71595926.1,2419130435.49,2979512628.48,560382192.99,-8236612.95,668.42,781.45,403.3,225.73,600.98,665.52,0.0,0.0,,,,,,,通信,通信设备,通信配套服务,4.87,4.89,4.88
sz300050,世纪鼎利,2021-05-31,4.91,4.95,4.83,4.94,4.88,5223400.0,25602860.0,2460563320.54,2766581386.92,-490109530.0500001,71595926.1,2419130435.49,2979512628.48,560382192.99,-8236612.95,1011.88,1065.07,668.44,666.6,686.08,746.54,193.88,82.07,,,,,,,通信,通信设备,通信配套服务,4.89,4.89,4.85
sz300050,世纪鼎利,2021-06-01,4.93,5.07,4.88,5.0,4.94,6371400.0,31833357.0,2490448705.0,2800183590.0,-490109530.0500001,71595926.1,2419130435.49,2979512628.48,560382192.99,-8236612.95,1342.69,1552.56,991.68,587.54,817.31,1043.23,31.66,0.0,,,,,,,通信,通信设备,通信配套服务,4.91,4.91,4.95
sz300050,世纪鼎利,2021-06-02,5.0,5.01,4.93,4.96,5.0,3915000.0,19386772.0,2470525115.36,2777782121.28,-490109530.0500001,71595926.1,2419130435.49,2979512628.48,560382192.99,-8236612.95,878.12,879.06,333.07,507.46,727.49,552.16,0.0,0.0,,,,,,,通信,通信设备,通信配套服务,4.97,4.95,4.95
sz300050,世纪鼎利,2021-06-03,4.99,5.05,4.94,4.94,4.96,5219800.0,26048810.0,2460563320.54,2766581386.92,-490109530.0500001,71595926.1,2419130435.49,2979512628.48,560382192.99,-8236612.95,1200.07,1152.74,630.83,697.23,773.98,709.29,0.0,45.61,,,,,,,通信,通信设备,通信配套服务,5.01,4.98,5.01
sz300050,世纪鼎利,2021-06-04,4.91,4.99,4.85,4.87,4.94,6186900.0,30265571.0,2425697038.67,2727378816.66,-490109530.0500001,71595926.1,2419130435.49,2979512628.48,560382192.99,-8236612.95,1268.8,1073.71,370.26,1103.88,1011.34,555.26,376.17,293.7,,,,,,,通信,通信设备,通信配套服务,4.96,4.97,4.95
sz300050,世纪鼎利,2021-06-07,4.88,5.09,4.85,5.04,4.87,10877288.0,54259012.0,2510372294.64,2822585058.7200003,-490109530.0500001,71595926.1,2419130435.49,2979512628.48,560382192.99,-8236612.95,2285.23,1899.27,1060.02,1964.27,1790.41,1315.18,266.12,223.05,,,,,,,通信,通信设备,通信配套服务,4.89,4.93,4.9
sz300050,世纪鼎利,2021-06-08,5.02,5.33,4.95,5.15,5.04,17955088.0,92413385.0,2565162166.15,2884189097.7000003,-490109530.0500001,71595926.1,2419130435.49,2979512628.48,560382192.99,-8236612.95,3936.29,3404.68,2478.2,2671.11,2602.15,2822.91,224.7,342.65,,,,,,,通信,通信设备,通信配套服务,5.0,4.98,4.97
sz300050,世纪鼎利,2021-06-09,5.1,5.29,5.05,5.29,5.15,17156077.0,89387685.0,2634894729.89,2962594238.22,-490109530.0500001,71595926.1,2419130435.49,2979512628.48,560382192.99,-8236612.95,3542.43,3630.27,2193.04,2528.76,2514.7,2493.92,688.6,285.83,,,,,,,通信,通信设备,通信配套服务,5.13,5.25,5.18
sz300050,世纪鼎利,2021-06-10,5.36,5.58,5.25,5.46,5.29,35216720.0,191177274.0,2719569985.86,3057800480.28,-490109530.0500001,71595926.1,2419130435.49,2979512628.48,560382192.99,-8236612.95,7681.91,6566.03,4948.7,5295.23,4808.03,5968.66,1679.09,1287.81,,,,,,,通信,通信设备,通信配套服务,5.28,5.36,5.3
sz300050,世纪鼎利,2021-06-11,5.35,5.5,5.14,5.39,5.46,24746437.0,132621204.0,2684703703.99,3018597910.02,-490109530.0500001,71595926.1,2419130435.49,2979512628.48,560382192.99,-8236612.95,4736.13,4948.75,3367.61,4069.97,4341.02,3423.87,817.36,819.53,,,,,,,通信,通信设备,通信配套服务,5.25,5.33,5.35
sz300050,世纪鼎利,2021-06-15,5.37,5.84,5.33,5.56,5.39,29783526.0,165252351.0,2769378959.96,3113804152.08,-490109530.0500001,71595926.1,2419130435.49,2979512628.48,560382192.99,-8236612.95,6358.32,6194.27,3834.83,5482.95,4389.84,4591.27,1942.24,256.75,,,,,,,通信,通信设备,通信配套服务,5.36,5.45,5.51
sz300050,世纪鼎利,2021-06-16,5.43,5.74,5.36,5.62,5.56,26872766.0,148741810.0,2799264344.42,3147406355.16,-490109530.0500001,71595926.1,2419130435.49,2979512628.48,560382192.99,-8236612.95,5638.34,5515.23,4645.92,3743.51,4266.78,3966.07,323.14,1649.37,,,,,,,通信,通信设备,通信配套服务,5.48,5.42,5.47
sz300050,世纪鼎利,2021-06-17,5.62,5.99,5.37,5.93,5.62,41131504.0,232947660.0,2953672164.13,3321017737.74,-490109530.0500001,71595926.1,2419130435.49,2979512628.48,560382192.99,-8236612.95,8590.38,8652.69,7117.47,7103.02,5852.53,6602.9,1734.39,936.16,,,,,,,通信,通信设备,通信配套服务,5.71,5.58,5.57
sz300050,世纪鼎利,2021-06-18,5.8,5.95,5.69,5.85,5.93,33944035.0,198435823.0,2913824984.85,3276214800.3,-490109530.0500001,71595926.1,2419130435.49,2979512628.48,560382192.99,-8236612.95,7934.57,7414.19,4225.76,6106.57,7104.97,4890.81,578.28,1432.01,,,,,,,通信,通信设备,通信配套服务,5.84,5.92,5.81
sz300050,世纪鼎利,2021-06-21,5.86,5.93,5.71,5.87,5.85,23422469.0,136669056.0,2923786779.67,3287415534.6600003,-490109530.0500001,71595926.1,2419130435.49,2979512628.48,560382192.99,-8236612.95,5720.69,5597.77,2993.64,3608.43,4467.75,3997.96,484.83,462.73,,,,,,,通信,通信设备,通信配套服务,5.8,5.74,5.82
sz300050,世纪鼎利,2021-06-22,5.86,5.87,5.6,5.68,5.87,25227514.0,143877859.0,2829149728.88,3181008558.24,-490109530.0500001,71595926.1,2419130435.49,2979512628.48,560382192.99,-8236612.95,4979.84,5179.83,4097.58,3891.65,5024.16,3180.82,286.2,2135.49,,,,,,,通信,通信设备,通信配套服务,5.82,5.81,5.73
sz300050,世纪鼎利,2021-06-23,5.62,5.76,5.49,5.59,5.68,24663600.0,138204550.0,2784321652.19,3130605253.62,-490109530.0500001,71595926.1,2419130435.49,2979512628.48,560382192.99,-8236612.95,4732.65,5588.76,3584.34,3968.9,4593.3,3569.0,910.17,693.79,,,,,,,通信,通信设备,通信配套服务,5.63,5.57,5.6
sz300050,世纪鼎利,2021-06-24,5.54,5.63,5.39,5.41,5.59,18249739.0,100298887.0,2694665498.81,3029798644.38,-490109530.0500001,71595926.1,2419130435.49,2979512628.48,560382192.99,-8236612.95,3679.47,3626.17,2150.26,3862.58,3640.11,2038.43,560.05,502.7,,,,,,,通信,通信设备,通信配套服务,5.51,5.56,5.6
sz300050,世纪鼎利,2021-06-25,5.4,5.52,5.35,5.37,5.41,12422900.0,67386945.0,2674741909.17,3007397175.66,-490109530.0500001,71595926.1,2419130435.49,2979512628.48,560382192.99,-8236612.95,3038.39,2938.11,1309.73,1628.08,2268.24,1997.2,122.33,175.3,,,,,,,通信,通信设备,通信配套服务,5.45,5.41,5.48
sz300050,世纪鼎利,2021-06-28,5.37,5.43,5.24,5.37,5.37,13427484.0,71620302.0,2674741909.17,3007397175.66,-490109530.0500001,71595926.1,2419130435.49,2979512628.48,560382192.99,-8236612.95,2913.11,2887.59,1448.03,2177.8,2682.52,1762.57,118.36,334.08,,,,,,,通信,通信设备,通信配套服务,5.31,5.3,5.31
sz300050,世纪鼎利,2021-06-29,5.37,5.45,5.26,5.27,5.37,11961300.0,63829702.0,2624932935.07,2951393503.86,-490109530.0500001,71595926.1,2419130435.49,2979512628.48,560382192.99,-8236612.95,2632.99,2760.57,1511.92,1209.03,2069.27,2307.96,168.8,105.4,,,,,,,通信,通信设备,通信配套服务,5.34,5.4,5.41
sz300050,世纪鼎利,2021-06-30,5.33,5.47,5.28,5.38,5.27,13752481.0,74004667.0,2679722806.58,3012997542.84,-490109530.0500001,71595926.1,2419130435.49,2979512628.48,560382192.99,-8236612.95,3290.11,3037.95,2033.83,1980.27,2076.52,1953.19,0.0,429.05,,,,,,,通信,通信设备,通信配套服务,5.34,5.39,5.35
sz300050,世纪鼎利,2021-07-01,5.4,5.52,5.24,5.26,5.38,16176300.0,87071454.0,2619952037.66,2945793136.68,-490109530.0500001,71595926.1,2419130435.49,2979512628.48,560382192.99,-8236612.95,3187.12,3953.29,2586.83,2140.24,2653.97,2338.98,279.22,274.64,,,,,,,通信,通信设备,通信配套服务,5.37,5.48,5.43
sz300050,世纪鼎利,2021-07-02,5.23,5.46,5.14,5.44,5.26,16048005.0,85718914.0,2709608191.04,3046599745.92,-490109530.0500001,71595926.1,2419130435.49,2979512628.48,560382192.99,-8236612.95,3460.12,3332.75,2332.0,2466.27,2364.4,2772.87,415.37,0.0,,,,,,,通信,通信设备,通信配套服务,5.22,5.25,5.25
sz300050,世纪鼎利,2021-07-05,5.44,5.55,5.43,5.48,5.44,14778405.0,80922975.0,2729531780.6800003,3069001214.6400003,-490109530.0500001,71595926.1,2419130435.49,2979512628.48,560382192.99,-8236612.95,3522.18,3672.91,2004.73,1921.03,2565.39,2205.49,0.0,292.87,,,,,,,通信,通信设备,通信配套服务,5.45,5.53,5.5
sz300050,世纪鼎利,2021-07-06,5.48,5.74,5.43,5.58,5.48,22821196.0,127561730.0,2779340754.78,3125004886.44,-490109530.0500001,71595926.1,2419130435.49,2979512628.48,560382192.99,-8236612.95,5047.2,4888.4,4074.42,4001.11,3421.12,3698.32,213.44,168.34,,,,,,,通信,通信设备,通信配套服务,5.49,5.48,5.54
sz300050,世纪鼎利,2021-07-07,5.54,5.59,5.45,5.51,5.58,12463750.0,68533146.0,2744474472.91,3085802316.1800003,-490109530.0500001,71595926.1,2419130435.49,2979512628.48,560382192.99,-8236612.95,2898.97,3188.73,1444.28,1637.24,2504.42,1959.46,5.65,67.88,,,,,,,通信,通信设备,通信配套服务,5.58,5.56,5.5
sz300050,世纪鼎利,2021-07-08,5.51,5.53,5.37,5.4,5.51,10051729.0,54559260.0,2689684601.4,3024198277.2,-490109530.0500001,71595926.1,2419130435.49,2979512628.48,560382192.99,-8236612.95,2153.01,2586.66,1249.85,1255.8,1974.13,1613.46,78.93,0.0,,,,,,,通信,通信设备,通信配套服务,5.44,5.46,5.49
sz300050,世纪鼎利,2021-07-09,5.4,5.46,5.27,5.33,5.4,11781800.0,62871569.0,2654818319.53,2984995706.94,-490109530.0500001,71595926.1,2419130435.49,2979512628.48,560382192.99,-8236612.95,2429.31,1936.6,1216.72,2524.42,2631.4,1342.38,9.73,483.75,,,,,,,通信,通信设备,通信配套服务,5.45,5.41,5.38
sz300050,世纪鼎利,2021-07-12,5.35,5.61,5.34,5.6,5.33,23850515.0,131549551.0,2789302549.6,3136205620.8,-490109530.0500001,71595926.1,2419130435.49,2979512628.48,560382192.99,-8236612.95,4814.87,5366.62,2960.18,3267.52,3939.96,4276.72,1439.94,244.1,,,,,,,通信,通信设备,通信配套服务,5.39,5.42,5.44
sz300050,世纪鼎利,2021-07-13,5.61,5.65,5.53,5.58,5.6,15375300.0,85869277.0,2779340754.78,3125004886.44,-490109530.0500001,71595926.1,2419130435.49,2979512628.48,560382192.99,-8236612.95,3218.27,3440.81,1791.24,2313.36,3236.31,2030.83,341.1,801.92,,,,,,,通信,通信设备,通信配套服务,5.62,5.57,5.61
sz300050,世纪鼎利,2021-07-14,5.59,5.75,5.52,5.63,5.58,20083705.0,113495533.0,2804245241.83,3153006722.34,-490109530.0500001,71595926.1,2419130435.49,2979512628.48,560382192.99,-8236612.95,4527.32,4528.3,2507.02,3052.37,3839.74,3444.32,475.47,324.57,,,,,,,通信,通信设备,通信配套服务,5.58,5.64,5.62
sz300050,世纪鼎利,2021-07-15,5.55,5.77,5.45,5.75,5.63,22822664.0,128279351.0,2864016010.75,3220211128.4999995,-490109530.0500001,71595926.1,2419130435.49,2979512628.48,560382192.99,-8236612.95,3938.07,5126.32,4520.38,3895.32,3742.89,3530.56,626.6,275.73,,,,,,,通信,通信设备,通信配套服务,5.56,5.54,5.49
sz300050,世纪鼎利,2021-07-16,5.7,5.76,5.56,5.59,5.75,18649601.0,105249033.0,2784321652.19,3130605253.62,-490109530.0500001,71595926.1,2419130435.49,2979512628.48,560382192.99,-8236612.95,3434.55,3122.15,2442.07,3415.16,2876.4,2046.75,1771.87,1940.83,,,,,,,通信,通信设备,通信配套服务,5.72,5.68,5.67
sz300050,世纪鼎利,2021-07-19,5.52,5.78,5.47,5.71,5.59,19228333.0,108849691.0,2844092421.11,3197809659.78,-490109530.0500001,71595926.1,2419130435.49,2979512628.48,560382192.99,-8236612.95,4419.1,3995.55,2726.89,3267.7,3386.36,3267.46,259.27,260.92,,,,,,,通信,通信设备,通信配套服务,5.5,5.52,5.52
sz300050,世纪鼎利,2021-07-20,5.67,5.82,5.61,5.77,5.71,16221400.0,93172268.0,2873977805.57,3231411862.86,-490109530.0500001,71595926.1,2419130435.49,2979512628.48,560382192.99,-8236612.95,3688.19,3704.9,2605.09,2618.23,2783.6,2849.32,240.34,144.78,,,,,,,通信,通信设备,通信配套服务,5.68,5.67,5.64
sz300050,世纪鼎利,2021-07-21,5.8,5.84,5.7,5.71,5.77,14510157.0,83667078.0,2844092421.11,3197809659.78,-490109530.0500001,71595926.1,2419130435.49,2979512628.48,560382192.99,-8236612.95,3646.36,3215.19,1919.76,2490.05,2627.18,2022.51,173.4,638.97,,,,,,,通信,通信设备,通信配套服务,5.78,5.79,5.78
sz300050,世纪鼎利,2021-07-22,5.75,5.76,5.65,5.67,5.71,12312400.0,70056853.0,2824168831.47,3175408191.06,-490109530.0500001,71595926.1,2419130435.49,2979512628.48,560382192.99,-8236612.95,2878.18,2564.17,1652.49,2685.74,2473.21,1641.77,1.81,114.0,,,,,,,通信,通信设备,通信配套服务,5.7,5.72,5.74
sz300050,世纪鼎利,2021-07-23,5.69,5.73,5.56,5.6,5.67,13899184.0,78359339.0,2789302549.6,3136205620.8,-490109530.0500001,71595926.1,2419130435.49,2979512628.48,560382192.99,-8236612.95,3175.53,2706.4,1743.0,2422.23,2905.08,2034.15,12.33,673.16,,,,,,,通信,通信设备,通信配套服务,5.68,5.66,5.68
sz300050,世纪鼎利,2021-07-26,5.6,5.6,4.83,5.0,5.6,41108624.0,209414319.0,2490448705.0,2800183590.0,-490109530.0500001,71595926.1,2419130435.49,2979512628.48,560382192.99,-8236612.95,8602.6,6621.94,4243.95,6617.63,8094.88,6018.1,0.0,1683.77,,,,,,,通信,通信设备,通信配套服务,5.45,5.32,5.28
sz300050,世纪鼎利,2021-07-27,4.98,5.05,4.8,4.82,5.0,20050216.0,98412913.0,2400792551.62,2699376980.76,-490109530.0500001,71595926.1,2419130435.49,2979512628.48,560382192.99,-8236612.95,4375.19,4306.94,1585.2,2000.42,3597.32,3386.34,283.59,147.6,,,,,,,通信,通信设备,通信配套服务,5.02,4.94,4.88
sz300050,世纪鼎利,2021-07-28,4.82,4.93,4.61,4.69,4.82,16384415.0,77587418.0,2336040885.29,2626572207.42,-490109530.0500001,71595926.1,2419130435.49,2979512628.48,560382192.99,-8236612.95,3592.94,2752.47,1351.96,2201.67,2527.26,2673.04,286.58,131.57,,,,,,,通信,通信设备,通信配套服务,4.75,4.63,4.69
sz300050,世纪鼎利,2021-07-29,4.75,4.85,4.74,4.74,4.69,9795399.0,46989365.0,2360945372.34,2654574043.32,-490109530.0500001,71595926.1,2419130435.49,2979512628.48,560382192.99,-8236612.95,2207.44,2045.89,702.06,1076.11,1789.43,1319.99,0.0,256.94,,,,,,,通信,通信设备,通信配套服务,4.82,4.84,4.81
sz300050,世纪鼎利,2021-07-30,4.7,5.04,4.69,4.95,4.74,16116720.0,79295037.0,2465544217.95,2772181754.1000004,-490109530.0500001,71595926.1,2419130435.49,2979512628.48,560382192.99,-8236612.95,2954.61,3099.76,1489.1,1752.8,2994.51,2672.92,491.28,404.03,,,,,,,通信,通信服务,通信工程及服务,4.77,4.76,4.83
sz300050,世纪鼎利,2021-08-02,4.91,5.02,4.9,5.01,4.95,11118500.0,55197243.0,2495429602.41,2805783957.1800003,-490109530.0500001,71595926.1,2419130435.49,2979512628.48,560382192.99,-8236612.95,2348.34,2004.54,1277.45,1229.91,1893.94,1781.01,0.0,504.26,,,,,,,通信,通信服务,通信工程及服务,4.97,4.94,4.93
sz300050,世纪鼎利,2021-08-03,4.98,5.22,4.96,5.11,5.01,16169302.0,82916495.0,2545238576.51,2861787628.98,-490109530.0500001,71595926.1,2419130435.49,2979512628.48,560382192.99,-8236612.95,3269.99,2925.28,1771.27,2760.88,3239.42,2495.98,10.97,109.51,,,,,,,通信,通信服务,通信工程及服务,5.05,5.05,5.09
sz300050,世纪鼎利,2021-08-04,5.18,6.13,5.1,5.54,5.11,61576779.0,352693530.0,2759417165.1400003,3102603417.7200003,-490109530.0500001,71595926.1,2419130435.49,2979512628.48,560382192.99,-8236612.95,11503.56,13665.52,9150.07,10473.79,8697.25,10017.52,5918.47,1112.52,,,,,,,通信,通信服务,通信工程及服务,5.16,5.27,5.6
sz300050,世纪鼎利,2021-08-05,5.5,5.78,5.48,5.53,5.54,40298037.0,224734874.0,2754436267.73,3097003050.54,-490109530.0500001,71595926.1,2419130435.49,2979512628.48,560382192.99,-8236612.95,7343.65,7495.11,4529.06,7348.97,8516.42,5289.55,2084.35,2339.85,,,,,,,通信,通信服务,通信工程及服务,5.62,5.6,5.56
sz300050,世纪鼎利,2021-08-06,5.55,5.61,5.41,5.53,5.53,22807012.0,125844844.0,2754436267.73,3097003050.54,-490109530.0500001,71595926.1,2419130435.49,2979512628.48,560382192.99,-8236612.95,4320.18,5309.69,3079.68,2732.94,4975.29,3618.68,209.34,923.17,,,,,,,通信,通信服务,通信工程及服务,5.5,5.58,5.54
sz300050,世纪鼎利,2021-08-09,5.53,5.67,5.41,5.62,5.53,23889700.0,132543859.0,2799264344.42,3147406355.16,-490109530.0500001,71595926.1,2419130435.49,2979512628.48,560382192.99,-8236612.95,4604.83,4518.16,4063.25,3731.1,3657.25,4727.02,929.06,278.1,,,,,,,通信,通信服务,通信工程及服务,5.52,5.49,5.47
sz300050,世纪鼎利,2021-08-10,5.57,5.71,5.55,5.68,5.62,20389000.0,115061334.0,2829149728.88,3181008558.24,-490109530.0500001,71595926.1,2419130435.49,2979512628.48,560382192.99,-8236612.95,3539.44,3805.66,2382.01,4160.94,4627.51,3128.32,957.17,411.21,,,,,,,通信,通信服务,通信工程及服务,5.59,5.61,5.61
sz300050,世纪鼎利,2021-08-11,5.63,5.71,5.57,5.63,5.68,13463300.0,75770227.0,2804245241.83,3153006722.34,-490109530.0500001,71595926.1,2419130435.49,2979512628.48,560382192.99,-8236612.95,2018.39,2940.94,1928.87,2165.97,3414.69,2109.71,215.08,360.4,,,,,,,通信,通信服务,通信工程及服务,5.59,5.62,5.61
sz300050,世纪鼎利,2021-08-12,5.64,5.72,5.52,5.57,5.63,13379012.0,74938996.0,2774359857.37,3119404519.26,-490109530.0500001,71595926.1,2419130435.49,2979512628.48,560382192.99,-8236612.95,2446.81,2221.11,1348.69,2040.13,3587.8,2277.47,110.6,955.19,,,,,,,通信,通信服务,通信工程及服务,5.66,5.64,5.68
sz300050,世纪鼎利,2021-08-13,5.55,5.59,5.41,5.49,5.57,14377166.0,78989224.0,2734512678.09,3074601581.82,-490109530.0500001,71595926.1,2419130435.49,2979512628.48,560382192.99,-8236612.95,2516.43,2661.15,1356.74,1877.25,3915.86,2076.99,109.89,1283.54,,,,,,,通信,通信服务,通信工程及服务,5.53,5.57,5.55
sz300050,世纪鼎利,2021-08-16,5.55,5.58,5.33,5.33,5.49,11993700.0,64763763.0,2654818319.53,2984995706.94,-490109530.0500001,71595926.1,2419130435.49,2979512628.48,560382192.99,-8236612.95,2361.53,1621.11,1085.79,2076.21,3029.06,2457.9,0.0,321.16,,,,,,,通信,通信服务,通信工程及服务,5.45,5.46,5.41
sz300050,世纪鼎利,2021-08-17,5.38,5.4,5.1,5.11,5.33,10836078.0,56593820.0,2545238576.51,2861787628.98,-490109530.0500001,71595926.1,2419130435.49,2979512628.48,560382192.99,-8236612.95,2101.62,1761.8,777.29,771.93,2674.86,2968.49,105.6,157.17,,,,,,,通信,通信服务,通信工程及服务,5.27,5.28,5.29
sz300050,世纪鼎利,2021-08-18,5.12,5.35,4.99,5.16,5.11,22701058.0,116812422.0,2570143063.56,2889789464.88,-490109530.0500001,71595926.1,2419130435.49,2979512628.48,560382192.99,-8236612.95,3697.77,4048.35,3419.27,2217.83,3279.99,4853.48,1284.21,561.59,,,,,,,通信,通信服务,通信工程及服务,5.13,5.08,5.1
sz300050,世纪鼎利,2021-08-19,5.14,5.46,5.11,5.22,5.16,21761628.0,115104711.0,2599977292.02,2923391667.96,-490109530.0500001,71595926.1,2419130435.49,2979512628.48,560382192.99,-8236612.95,4342.89,3892.67,3272.56,2218.25,3243.94,4748.85,651.08,650.69,,,,,,,通信,通信服务,通信工程及服务,5.15,5.44,5.29
sz300050,世纪鼎利,2021-08-20,5.2,5.34,5.16,5.24,5.22,15314267.0,80483010.0,2609938890.84,2934592402.32,-490109530.0500001,71595926.1,2419130435.49,2979512628.48,560382192.99,-8236612.95,2396.39,2767.73,2183.87,1982.34,2745.05,2667.42,722.98,630.81,,,,,,,通信,通信服务,通信工程及服务,5.19,5.28,5.31
sz300050,世纪鼎利,2021-08-23,5.2,5.39,5.16,5.31,5.24,25096900.0,132827140.0,2644804486.71,2973794972.5800004,-490109530.0500001,71595926.1,2419130435.49,2979512628.48,560382192.99,-8236612.95,4930.59,3702.38,4119.05,4176.15,3512.73,4168.02,720.34,1236.17,,,,,,,通信,通信服务,通信工程及服务,5.22,5.24,5.23
sz300050,世纪鼎利,2021-08-24,5.32,5.35,4.89,4.95,5.31,41206347.0,208938311.0,2465495707.9500003,2772181754.1000004,-490109530.0500001,71595926.1,2419130435.49,2979512628.48,560382192.99,-8236612.95,7287.23,6958.22,4685.64,7415.36,8377.93,3707.44,543.04,2812.82,,,,,,,通信,通信服务,通信工程及服务,5.31,5.27,5.24
sz300050,世纪鼎利,2021-08-25,4.85,5.15,4.85,5.05,4.95,25368242.0,127320239.0,2515303702.05,2828185425.9,-490109530.0500001,71595926.1,2419130435.49,2979512628.48,560382192.99,-8236612.95,4594.64,5418.81,3430.69,3007.94,3863.55,4016.19,843.14,289.08,,,,,,,通信,通信服务,通信工程及服务,4.97,5.08,5.05
sz300050,世纪鼎利,2021-08-26,4.97,5.44,4.93,5.14,5.05,35396852.0,184120224.0,2560130896.74,2878588730.52,-33314716.06,48882043.73,2386215725.5,2959651113.28,573435387.78,-36096110.98,6355.47,7203.58,5249.02,3703.98,5013.39,6880.53,1794.15,623.93,,,,,,,通信,通信服务,通信工程及服务,5.17,5.15,5.33
sz300050,世纪鼎利,2021-08-27,5.13,5.15,4.91,5.02,5.14,18572476.0,92753016.0,2500361303.82,2811384324.36,-33314716.06,48882043.73,2386215725.5,2959651113.28,573435387.78,-36096110.98,2991.34,3513.12,2460.93,1736.36,3226.27,3520.28,596.77,505.54,,,,,,,通信,通信服务,通信工程及服务,5.0,5.0,4.92
sz300050,世纪鼎利,2021-08-30,5.0,5.05,4.87,4.9,5.02,16761968.0,82719526.0,2440591710.9,2744179918.2,-33314716.06,48882043.73,2386215725.5,2959651113.28,573435387.78,-36096110.98,3432.37,2369.28,2076.15,2204.12,2460.27,2955.63,303.16,742.92,,,,,,,通信,通信服务,通信工程及服务,5.02,5.0,5.0
sz300050,世纪鼎利,2021-08-31,4.9,5.03,4.87,4.96,4.9,11585884.0,57190915.0,2470476507.36,2777782121.28,-33314716.06,48882043.73,2386215725.5,2959651113.28,573435387.78,-36096110.98,2022.03,2467.06,1495.59,959.66,1668.41,1935.29,533.06,357.08,,,,,,,通信,通信服务,通信工程及服务,4.88,4.96,4.97
sz300050,世纪鼎利,2021-09-01,4.99,5.14,4.92,4.99,4.96,18953558.0,94955863.0,2485418905.59,2794583222.82,-33314716.06,48882043.73,2386215725.5,2959651113.28,573435387.78,-36096110.98,3420.51,2869.25,2963.22,2086.93,2977.75,3735.42,134.11,803.99,,,,,,,通信,通信服务,通信工程及服务,5.0,5.02,5.03
sz300050,世纪鼎利,2021-09-02,4.95,5.0,4.88,4.99,4.99,10536580.0,52149514.0,2485418905.59,2794583222.82,-33314716.06,48882043.73,2386215725.5,2959651113.28,573435387.78,-36096110.98,1820.05,2075.65,1248.81,1345.88,1642.41,1644.02,503.67,149.4,,,,,,,通信,通信服务,通信工程及服务,4.91,4.92,4.92
sz300050,世纪鼎利,2021-09-03,5.02,5.15,4.97,5.08,4.99,18145397.0,91602967.0,2530246100.28,2844986527.44,-33314716.06,48882043.73,2386215725.5,2959651113.28,573435387.78,-36096110.98,3368.47,3219.45,2914.94,1507.22,2247.92,3135.97,628.97,1297.66,,,,,,,通信,通信服务,通信工程及服务,5.02,5.04,5.02
sz300050,世纪鼎利,2021-09-06,5.09,5.17,5.03,5.11,5.08,14016672.0,71471545.0,2545188498.51,2861787628.98,-33314716.06,48882043.73,2386215725.5,2959651113.28,573435387.78,-36096110.98,3324.64,2397.42,1555.15,2405.92,2267.36,1958.08,0.0,385.73,,,,,,,通信,通信服务,通信工程及服务,5.15,5.12,5.1
sz300050,世纪鼎利,2021-09-07,5.09,5.18,5.04,5.15,5.11,14499727.0,74027141.0,2565111696.15,2884189097.7000003,-33314716.06,48882043.73,2386215725.5,2959651113.28,573435387.78,-36096110.98,2619.91,3135.36,1597.62,1749.6,2190.24,2384.11,994.94,133.64,,,,,,,通信,通信服务,通信工程及服务,5.12,5.11,5.08
sz300050,世纪鼎利,2021-09-08,5.13,5.31,5.12,5.28,5.15,15793727.0,82414622.0,2629862088.48,2956993871.0400004,-33314716.06,48882043.73,2386215725.5,2959651113.28,573435387.78,-36096110.98,2921.86,3343.31,2027.28,1950.71,2605.93,2714.47,686.38,232.98,,,,,,,通信,通信服务,通信工程及服务,5.16,5.18,5.18
sz300050,世纪鼎利,2021-09-09,5.26,5.27,5.15,5.17,5.28,11036600.0,57341475.0,2575073294.97,2895389832.06,-33314716.06,48882043.73,2386215725.5,2959651113.28,573435387.78,-36096110.98,2291.89,2165.53,808.85,1651.84,2598.08,1469.26,0.0,412.2,,,,,,,通信,通信服务,通信工程及服务,5.24,5.25,5.22
sz300050,世纪鼎利,2021-09-10,5.18,5.24,5.11,5.13,5.17,7698900.0,39826849.0,2555150097.33,2872988363.34,-33314716.06,48882043.73,2386215725.5,2959651113.28,573435387.78,-36096110.98,1645.28,1752.2,574.69,522.59,1762.71,1707.89,0.0,0.0,,,,,,,通信,通信服务,通信工程及服务,5.2,5.22,5.2
sz300050,世纪鼎利,2021-09-13,5.14,5.14,5.03,5.13,5.13,7531624.0,38234070.0,2555150097.33,2872988363.34,-33314716.06,48882043.73,2386215725.5,2959651113.28,573435387.78,-36096110.98,1579.34,1639.14,632.13,445.02,1611.94,1739.25,0.0,0.0,,,,,,,通信,通信服务,通信工程及服务,5.05,5.05,5.05
sz300050,世纪鼎利,2021-09-14,5.18,5.21,5.05,5.06,5.13,9860100.0,50659034.0,2520284501.46,2833785793.08,-33314716.06,48882043.73,2386215725.5,2959651113.28,573435387.78,-36096110.98,2154.5,1846.42,1097.32,956.84,1814.08,2123.82,0.0,138.82,,,,,,,通信,通信服务,通信工程及服务,5.14,5.16,5.14
sz300050,世纪鼎利,2021-09-15,5.03,5.18,4.99,5.1,5.06,11393900.0,57953512.0,2540207699.1,2856187261.8,-33314716.06,48882043.73,2386215725.5,2959651113.28,573435387.78,-36096110.98,2310.57,2201.76,1093.6,1854.05,1816.87,1505.18,574.31,234.36,,,,,,,通信,通信服务,通信工程及服务,5.03,5.06,5.06
sz300050,世纪鼎利,2021-09-16,5.07,5.2,5.02,5.04,5.1,9565200.0,48852619.0,2510322902.64,2822585058.7200003,-33314716.06,48882043.73,2386215725.5,2959651113.28,573435387.78,-36096110.98,2043.78,1763.24,998.74,1110.52,1708.83,1731.51,133.9,279.99,,,,,,,通信,通信服务,通信工程及服务,5.11,5.13,5.15
sz300050,世纪鼎利,2021-09-17,5.04,5.06,4.88,4.93,5.04,10715116.0,52867995.0,2455534109.13,2760981019.74,-33314716.06,48882043.73,2386215725.5,2959651113.28,573435387.78,-36096110.98,2157.45,1766.07,1091.7,1545.02,1910.46,1644.82,127.19,330.89,,,,,,,通信,通信服务,通信工程及服务,5.01,4.98,4.96
sz300050,世纪鼎利,2021-09-22,4.88,4.95,4.86,4.94,4.93,5031200.0,24719417.0,2460514908.54,2766581386.92,-33314716.06,48882043.73,2386215725.5,2959651113.28,573435387.78,-36096110.98,794.88,1042.28,943.62,827.82,733.44,601.84,0.0,0.0,,,,,,,通信,通信服务,通信工程及服务,4.88,4.9,4.89
sz300050,世纪鼎利,2021-09-23,4.96,5.08,4.94,5.01,4.94,7736526.0,38780950.0,2495380504.41,2805783957.1800003,-33314716.06,48882043.73,2386215725.5,2959651113.28,573435387.78,-36096110.98,1462.16,1713.63,1110.2,1127.13,1303.47,1037.34,2.27,0.0,,,,,,,通信,通信服务,通信工程及服务,4.97,5.0,5.01
sz300050,世纪鼎利,2021-09-24,5.01,5.03,4.89,4.91,5.01,6674200.0,32999295.0,2445572510.31,2749780285.38,-33314716.06,48882043.73,2386215725.5,2959651113.28,573435387.78,-36096110.98,1121.27,1290.4,889.05,986.98,1092.3,1022.55,197.31,0.0,,,,,,,通信,通信服务,通信工程及服务,5.01,5.0,4.96
sz300050,世纪鼎利,2021-09-27,4.92,4.97,4.7,4.73,4.91,8167204.0,39145071.0,2355918120.93,2648973676.14,-33314716.06,48882043.73,2386215725.5,2959651113.28,573435387.78,-36096110.98,1687.18,1153.23,620.43,1526.98,1606.9,1234.3,0.0,0.0,,,,,,,通信,通信服务,通信工程及服务,4.94,4.87,4.87
sz300050,世纪鼎利,2021-09-28,4.75,4.79,4.69,4.76,4.73,4307378.0,20443991.0,2370860519.16,2665774777.68,-33314716.06,48882043.73,2386215725.5,2959651113.28,573435387.78,-36096110.98,673.01,770.8,566.44,572.59,717.01,558.51,87.94,142.5,,,,,,,通信,通信服务,通信工程及服务,4.72,4.76,4.75
sz300050,世纪鼎利,2021-09-29,4.74,4.74,4.61,4.61,4.76,5091799.0,23772259.0,2296148528.01,2581769269.98,-33314716.06,48882043.73,2386215725.5,2959651113.28,573435387.78,-36096110.98,1137.51,892.17,290.33,683.02,949.39,700.32,0.0,101.72,,,,,,,通信,通信服务,通信工程及服务,4.73,4.7,4.68
sz300050,世纪鼎利,2021-09-30,4.61,4.72,4.61,4.71,4.61,3355362.0,15719268.0,2345956522.11,2637772941.78,-33314716.06,48882043.73,2386215725.5,2959651113.28,573435387.78,-36096110.98,652.2,912.67,221.96,260.11,616.04,399.16,81.72,0.0,,,,,,,通信,通信服务,通信工程及服务,4.66,4.66,4.67
sz300050,世纪鼎利,2021-10-08,4.73,4.93,4.73,4.91,4.71,9592510.0,46683825.0,2445572510.31,2749780285.38,-33314716.06,48882043.73,2386215725.5,2959651113.28,573435387.78,-36096110.98,1796.21,1708.15,1422.39,1556.4,1189.13,1403.83,260.65,0.0,,,,,,,通信,通信服务,通信工程及服务,4.76,4.82,4.85
sz300050,世纪鼎利,2021-10-11,4.91,4.95,4.88,4.92,4.91,4144400.0,20347297.0,2450553309.72,2755380652.56,-33314716.06,48882043.73,2386215725.5,2959651113.28,573435387.78,-36096110.98,842.65,915.95,477.25,398.75,714.84,720.03,0.0,0.0,,,,,,,通信,通信服务,通信工程及服务,4.89,4.9,4.9
sz300050,世纪鼎利,2021-10-12,4.93,4.93,4.83,4.91,4.92,3348862.0,16301521.0,2445572510.31,2749780285.38,-33314716.06,48882043.73,2386215725.5,2959651113.28,573435387.78,-36096110.98,655.77,871.48,356.99,132.02,617.39,626.65,0.0,0.0,,,,,,,通信,通信服务,通信工程及服务,4.9,4.91,4.88
sz300050,世纪鼎利,2021-10-13,5.12,5.15,4.79,4.82,4.91,28863738.0,143053526.0,2400745315.62,2699376980.76,-33314716.06,48882043.73,2386215725.5,2959651113.28,573435387.78,-36096110.98,6049.0,3780.74,4028.18,5115.73,3789.29,2338.23,438.88,3070.66,,,,,,,通信,通信服务,通信工程及服务,4.95,5.0,4.92
sz300050,世纪鼎利,2021-10-14,4.71,4.95,4.68,4.89,4.82,19015100.0,91810852.0,2435610911.49,2738579551.02,-33314716.06,48882043.73,2386215725.5,2959651113.28,573435387.78,-36096110.98,4145.59,4259.8,1858.4,2162.28,2884.29,2422.59,292.81,336.41,,,,,,,通信,通信服务,通信工程及服务,4.78,4.78,4.75
sz300050,世纪鼎利,2021-10-15,4.87,4.99,4.79,4.84,4.89,11149500.0,54279386.0,2410706914.44,2710577715.12,-33314716.06,48882043.73,2386215725.5,2959651113.28,573435387.78,-36096110.98,2259.54,2342.2,1484.85,1398.03,1683.54,1513.23,0.0,174.48,,,,,,,通信,通信服务,通信工程及服务,4.85,4.88,4.93
sz300050,世纪鼎利,2021-10-18,4.79,4.94,4.79,4.87,4.84,8271800.0,40131745.0,2425649312.67,2727378816.66,-33314716.06,48882043.73,2386215725.5,2959651113.28,573435387.78,-36096110.98,1751.31,1641.01,804.84,1011.34,1373.17,1255.97,0.0,21.01,,,,,,,通信,通信服务,通信工程及服务,4.84,4.81,4.83
sz300050,世纪鼎利,2021-10-19,4.85,4.95,4.72,4.75,4.87,11908000.0,57529771.0,2365879719.75,2660174410.5,-33314716.06,48882043.73,2386215725.5,2959651113.28,573435387.78,-36096110.98,2239.36,1975.35,1549.24,1822.63,1964.38,1232.83,0.0,722.17,,,,,,,通信,通信服务,通信工程及服务,4.87,4.93,4.86
sz300050,世纪鼎利,2021-10-20,4.72,4.8,4.62,4.63,4.75,10982400.0,51430153.0,2306110126.83,2592970004.34,-33314716.06,48882043.73,2386215725.5,2959651113.28,573435387.78,-36096110.98,2005.16,1556.18,1257.77,1597.08,1880.08,804.3,0.0,1185.47,,,,,,,通信,通信服务,通信工程及服务,4.75,4.73,4.74
sz300050,世纪鼎利,2021-10-21,4.63,4.65,4.52,4.52,4.63,8310267.0,37986057.0,2251321333.32,2531365965.36,-33314716.06,48882043.73,2386215725.5,2959651113.28,573435387.78,-36096110.98,1587.7,1771.76,904.59,940.58,1306.31,1086.26,0.0,0.0,,,,,,,通信,通信服务,通信工程及服务,4.64,4.63,4.62
sz300050,世纪鼎利,2021-10-22,4.48,4.57,4.47,4.51,4.52,5169680.0,23365568.0,2246340533.91,2525765598.1800003,-33314716.06,48882043.73,2386215725.5,2959651113.28,573435387.78,-36096110.98,910.27,759.75,563.37,551.66,727.49,1025.15,135.43,0.0,,,,,,,通信,通信服务,通信工程及服务,4.51,4.51,4.53
sz300050,世纪鼎利,2021-10-25,4.54,4.54,4.4,4.42,4.51,6502800.0,28878800.0,2201513339.22,2475362293.56,-33314716.06,48882043.73,2386215725.5,2959651113.28,573435387.78,-36096110.98,1398.31,1108.83,522.32,745.14,967.26,915.12,0.0,118.79,,,,,,,通信,通信服务,通信工程及服务,4.49,4.5,4.49
sz300050,世纪鼎利,2021-10-26,4.41,4.43,4.29,4.31,4.42,8060700.0,34977622.0,2146724545.71,2413758254.58,-33314716.06,48882043.73,2386215725.5,2959651113.28,573435387.78,-36096110.98,1347.6,1435.16,883.66,1189.61,1266.5,743.7,0.0,129.3,,,,,,,通信,通信服务,通信工程及服务,4.38,4.38,4.38
sz300050,世纪鼎利,2021-10-27,4.26,4.31,4.18,4.23,4.31,8529200.0,36132268.0,2106878150.43,2368955317.14,-73394157.07,57320710.27000001,2357495660.52,2987322262.64,629826602.12,-35406936.2,1303.22,1623.67,1132.36,800.52,1106.99,936.79,70.66,252.25,,,,,,,通信,通信服务,通信工程及服务,4.29,4.27,4.29
sz300050,世纪鼎利,2021-10-28,4.25,4.26,4.17,4.18,4.23,4792416.0,20143626.0,2099806643.66,2340953481.24,-73394157.07,57320710.27000001,2357495660.52,2987322262.64,629826602.12,-35406936.2,799.39,820.83,599.58,660.27,609.72,533.26,5.67,0.0,,,,,,,通信,通信服务,通信工程及服务,4.25,4.24,4.21
sz300050,世纪鼎利,2021-10-29,4.22,4.32,4.17,4.26,4.18,6491200.0,27650594.0,2139994330.62,2385756418.68,-73394157.07,57320710.27000001,2357495660.52,2987322262.64,629826602.12,-35406936.2,1180.76,1315.68,830.95,763.08,753.35,652.35,0.0,33.95,,,,,,,通信,通信服务,通信工程及服务,4.22,4.19,4.19
sz300050,世纪鼎利,2021-11-01,4.29,4.31,4.23,4.28,4.26,4525340.0,19355822.0,2150041252.36,2396957153.04,-73394157.07,57320710.27000001,2357495660.52,2987322262.64,629826602.12,-35406936.2,920.55,985.66,411.69,348.42,603.35,601.5,0.0,0.0,,,,,,,通信,通信服务,通信工程及服务,4.26,4.24,4.26
sz300050,世纪鼎利,2021-11-02,4.26,4.3,4.12,4.15,4.28,7205420.0,30210868.0,2084736261.05,2324152379.7,-73394157.07,57320710.27000001,2357495660.52,2987322262.64,629826602.12,-35406936.2,1210.37,1278.05,840.5,1089.23,970.22,653.8,0.0,0.0,,,,,,,通信,通信服务,通信工程及服务,4.27,4.29,4.28
sz300050,世纪鼎利,2021-11-03,4.14,4.21,4.13,4.2,4.15,4402517.0,18397127.0,2109853565.4,2352154215.6,-73394157.07,57320710.27000001,2357495660.52,2987322262.64,629826602.12,-35406936.2,721.43,966.57,366.74,458.09,736.16,415.05,15.38,0.0,,,,,,,通信,通信服务,通信工程及服务,4.17,4.19,4.18
sz300050,世纪鼎利,2021-11-04,4.2,4.27,4.19,4.25,4.2,4816897.0,20366055.0,2134970869.75,2380156051.5,-73394157.07,57320710.27000001,2357495660.52,2987322262.64,629826602.12,-35406936.2,842.18,744.39,582.37,642.37,581.75,649.85,30.31,0.0,,,,,,,通信,通信服务,通信工程及服务,4.21,4.21,4.21
sz300050,世纪鼎利,2021-11-05,4.25,4.32,4.22,4.28,4.25,5887502.0,25220921.0,2150041252.36,2396957153.04,-73394157.07,57320710.27000001,2357495660.52,2987322262.64,629826602.12,-35406936.2,1038.12,1093.68,541.68,749.52,838.8,678.88,103.5,0.0,,,,,,,通信,通信服务,通信工程及服务,4.24,4.27,4.26
sz300050,世纪鼎利,2021-11-08,4.3,4.32,4.23,4.31,4.28,4291400.0,18408787.0,2165111634.97,2413758254.58,-73394157.07,57320710.27000001,2357495660.52,2987322262.64,629826602.12,-35406936.2,503.3,959.07,508.67,278.6,793.18,603.21,35.73,0.0,,,,,,,通信,通信服务,通信工程及服务,4.27,4.26,4.27
sz300050,世纪鼎利,2021-11-09,4.31,4.35,4.28,4.33,4.31,4536597.0,19554121.0,2175158556.71,2424958988.94,-73394157.07,57320710.27000001,2357495660.52,2987322262.64,629826602.12,-35406936.2,935.52,761.16,403.01,575.25,613.36,619.0,3.53,0.0,,,,,,,通信,通信服务,通信工程及服务,4.3,4.33,4.32
sz300050,世纪鼎利,2021-11-10,4.33,4.38,4.3,4.36,4.33,6170847.0,26786524.0,2190228939.32,2441760090.48,-73394157.07,57320710.27000001,2357495660.52,2987322262.64,629826602.12,-35406936.2,1171.3,1140.18,627.35,890.94,815.74,647.53,64.26,0.0,,,,,,,通信,通信服务,通信工程及服务,4.33,4.31,4.31
sz300050,世纪鼎利,2021-11-11,4.36,4.45,4.34,4.4,4.36,8419300.0,37061063.0,2210322782.8,2464161559.2,-73394157.07,57320710.27000001,2357495660.52,2987322262.64,629826602.12,-35406936.2,1153.56,1731.37,848.96,1279.95,1571.7,694.79,131.89,0.0,,,,,,,通信,通信服务,通信工程及服务,4.38,4.4,4.4
sz300050,世纪鼎利,2021-11-12,4.4,4.45,4.38,4.44,4.4,6522423.0,28839906.0,2230416626.28,2486563027.92,-73394157.07,57320710.27000001,2357495660.52,2987322262.64,629826602.12,-35406936.2,1005.25,1269.57,490.77,868.53,1192.97,745.88,195.01,0.0,,,,,,,通信,通信服务,通信工程及服务,4.42,4.43,4.42
sz300050,世纪鼎利,2021-11-15,4.42,4.56,4.39,4.54,4.44,7937104.0,35655927.0,2280651234.98,2542566699.7200003,-73394157.07,57320710.27000001,2357495660.52,2987322262.64,629826602.12,-35406936.2,1421.47,1506.34,729.42,705.47,1068.13,1353.78,346.57,0.0,,,,,,,通信,通信服务,通信工程及服务,4.46,4.41,4.43
sz300050,世纪鼎利,2021-11-16,4.5,4.57,4.47,4.48,4.54,6291403.0,28383996.0,2250510469.76,2508964496.6400003,-73394157.07,57320710.27000001,2357495660.52,2987322262.64,629826602.12,-35406936.2,1251.73,931.67,353.66,740.96,1233.01,1053.27,0.0,112.5,,,,,,,通信,通信服务,通信工程及服务,4.53,4.55,4.54
sz300050,世纪鼎利,2021-11-17,4.48,4.59,4.46,4.59,4.48,7841103.0,35691643.0,2305768539.33,2570568535.62,-73394157.07,57320710.27000001,2357495660.52,2987322262.64,629826602.12,-35406936.2,1408.85,1322.21,859.33,1118.08,1027.08,1128.88,273.9,0.0,,,,,,,通信,通信服务,通信工程及服务,4.48,4.5,4.52
sz300050,世纪鼎利,2021-11-18,4.6,4.6,4.46,4.46,4.59,6255800.0,28264734.0,2240463548.02,2497763762.28,-73394157.07,57320710.27000001,2357495660.52,2987322262.64,629826602.12,-35406936.2,1204.76,1123.27,355.25,803.27,1266.46,899.93,0.0,0.0,,,,,,,通信,通信服务,通信工程及服务,4.59,4.56,4.55
sz300050,世纪鼎利,2021-11-19,4.45,4.55,4.45,4.53,4.46,5257514.0,23716270.0,2275627774.11,2536966332.54,-73394157.07,57320710.27000001,2357495660.52,2987322262.64,629826602.12,-35406936.2,760.42,1183.09,496.98,360.02,999.79,828.52,114.44,0.0,,,,,,,通信,通信服务,通信工程及服务,4.5,4.52,4.48
sz300050,世纪鼎利,2021-11-22,4.52,4.53,4.46,4.48,4.53,4862074.0,21864324.0,2250510469.76,2508964496.6400003,-73394157.07,57320710.27000001,2357495660.52,2987322262.64,629826602.12,-35406936.2,1006.92,737.93,257.19,347.12,892.11,1101.38,30.22,0.0,,,,,,,通信,通信服务,通信工程及服务,4.51,4.5,4.48
sz300050,世纪鼎利,2021-11-23,4.49,4.55,4.47,4.5,4.48,4516270.0,20352652.0,2260557391.5,2520165231.0,-73394157.07,57320710.27000001,2357495660.52,2987322262.64,629826602.12,-35406936.2,708.46,738.31,258.62,380.9,933.29,916.06,134.9,0.0,,,,,,,通信,通信服务,通信工程及服务,4.5,4.5,4.49
sz300050,世纪鼎利,2021-11-24,4.5,4.52,4.41,4.47,4.5,7426027.0,33120446.0,2245487008.89,2503364129.46,-73394157.07,57320710.27000001,2357495660.52,2987322262.64,629826602.12,-35406936.2,1285.02,1115.63,502.05,1017.77,1298.55,913.1,226.43,265.54,,,,,,,通信,通信服务,通信工程及服务,4.46,4.47,4.44
sz300050,世纪鼎利,2021-11-25,4.48,4.54,4.45,4.48,4.47,6549814.0,29428980.0,2250510469.76,2508964496.6400003,-73394157.07,57320710.27000001,2357495660.52,2987322262.64,629826602.12,-35406936.2,1151.24,1235.59,617.69,532.91,1113.59,1039.37,59.56,134.22,,,,,,,通信,通信服务,通信工程及服务,4.49,4.47,4.46
sz300050,世纪鼎利,2021-11-26,4.45,4.47,4.33,4.36,4.48,10840300.0,47421540.0,2190228939.32,2441760090.48,-73394157.07,57320710.27000001,2357495660.52,2987322262.64,629826602.12,-35406936.2,2074.37,1711.83,627.36,1054.1,2019.7,1736.81,20.73,239.41,,,,,,,通信,通信服务,通信工程及服务,4.41,4.38,4.36
sz300050,世纪鼎利,2021-11-29,4.36,4.47,4.33,4.37,4.36,11978477.0,52600781.0,2195252400.19,2447360457.66,-73394157.07,57320710.27000001,2357495660.52,2987322262.64,629826602.12,-35406936.2,2186.6,2059.53,1596.14,1181.13,1345.38,1761.89,131.96,257.53,,,,,,,通信,通信服务,通信工程及服务,4.36,4.38,4.43
sz300050,世纪鼎利,2021-11-30,4.36,4.58,4.36,4.55,4.37,19002161.0,85329279.0,2285674695.85,2548167066.9,-73394157.07,57320710.27000001,2357495660.52,2987322262.64,629826602.12,-35406936.2,3041.98,3252.19,2411.03,2895.79,2783.86,2384.95,296.06,0.0,,,,,,,通信,通信服务,通信工程及服务,4.38,4.43,4.42
sz300050,世纪鼎利,2021-12-01,4.55,4.68,4.5,4.65,4.55,14903889.0,68826567.0,2335909304.55,2604170738.7,-73394157.07,57320710.27000001,2357495660.52,2987322262.64,629826602.12,-35406936.2,2799.45,2374.59,2031.79,1824.09,2051.42,2439.05,0.0,244.92,,,,,,,通信,通信服务,通信工程及服务,4.52,4.55,4.62
sz300050,世纪鼎利,2021-12-02,4.7,4.82,4.6,4.6,4.65,19868785.0,93356312.0,2310792000.2,2576168902.8,-73394157.07,57320710.27000001,2357495660.52,2987322262.64,629826602.12,-35406936.2,3824.85,3409.05,2120.49,2339.54,3390.3,3092.9,0.0,494.14,,,,,,,通信,通信服务,通信工程及服务,4.69,4.69,4.69
sz300050,世纪鼎利,2021-12-03,4.58,4.68,4.56,4.58,4.6,10387057.0,47816958.0,2300745078.46,2564968168.44,-73394157.07,57320710.27000001,2357495660.52,2987322262.64,629826602.12,-35406936.2,1688.97,2061.29,1062.74,1112.0,1895.39,1471.05,134.6,137.35,,,,,,,通信,通信服务,通信工程及服务,4.65,4.61,4.61
sz300050,世纪鼎利,2021-12-06,4.56,4.58,4.46,4.46,4.58,7399107.0,33315957.0,2240463548.02,2497763762.28,-73394157.07,57320710.27000001,2357495660.52,2987322262.64,629826602.12,-35406936.2,1198.56,1255.49,700.17,830.76,1432.87,1245.34,0.0,0.0,,,,,,,通信,通信服务,通信工程及服务,4.54,4.51,4.5
sz300050,世纪鼎利,2021-12-07,4.48,4.52,4.44,4.49,4.46,5744458.0,25709381.0,2255533930.63,2514564863.82,-73394157.07,57320710.27000001,2357495660.52,2987322262.64,629826602.12,-35406936.2,865.46,1028.22,754.3,466.69,949.52,1076.02,1.65,0.0,,,,,,,通信,通信服务,通信工程及服务,4.48,4.49,4.48
sz300050,世纪鼎利,2021-12-08,4.51,4.51,4.42,4.47,4.49,5947937.0,26556368.0,2245487008.89,2503364129.46,-73394157.07,57320710.27000001,2357495660.52,2987322262.64,629826602.12,-35406936.2,1047.34,884.74,523.41,680.95,950.79,980.75,134.1,109.2,,,,,,,通信,通信服务,通信工程及服务,4.47,4.43,4.45
sz300050,世纪鼎利,2021-12-09,4.47,4.55,4.43,4.49,4.47,6871956.0,30859923.0,2255533930.63,2514564863.82,-73394157.07,57320710.27000001,2357495660.52,2987322262.64,629826602.12,-35406936.2,1233.86,1248.33,690.87,726.41,888.84,1111.25,272.42,0.0,,,,,,,通信,通信服务,通信工程及服务,4.45,4.47,4.48
sz300050,世纪鼎利,2021-12-10,4.48,4.51,4.39,4.46,4.49,7447156.0,33258364.0,2240463548.02,2497763762.28,-73394157.07,57320710.27000001,2357495660.52,2987322262.64,629826602.12,-35406936.2,1472.87,1308.78,1008.13,545.99,844.84,937.79,0.0,533.27,,,,,,,通信,通信服务,通信工程及服务,4.44,4.47,4.46
sz300050,世纪鼎利,2021-12-13,4.49,4.55,4.45,4.53,4.46,7504800.0,33795218.0,2275627774.11,2536966332.54,-73394157.07,57320710.27000001,2357495660.52,2987322262.64,629826602.12,-35406936.2,1098.58,1418.88,1120.42,1006.75,944.99,953.89,215.54,0.0,,,,,,,通信,通信服务,通信工程及服务,4.47,4.49,4.48
sz300050,世纪鼎利,2021-12-14,4.5,4.68,4.48,4.65,4.53,14916759.0,68981308.0,2335909304.55,2604170738.7,-73394157.07,57320710.27000001,2357495660.52,2987322262.64,629826602.12,-35406936.2,2204.33,2834.37,2215.6,1651.51,1874.7,2273.36,603.5,138.9,,,,,,,通信,通信服务,通信工程及服务,4.49,4.56,4.6
sz300050,世纪鼎利,2021-12-15,4.69,4.71,4.62,4.65,4.65,12563400.0,58478362.0,2335909304.55,2604170738.7,-73394157.07,57320710.27000001,2357495660.52,2987322262.64,629826602.12,-35406936.2,1711.23,1927.54,1903.49,1893.59,2215.5,1424.49,17.61,602.22,,,,,,,通信,通信服务,通信工程及服务,4.63,4.66,4.64
sz300050,世纪鼎利,2021-12-16,4.64,4.72,4.63,4.7,4.65,9202702.0,43144725.0,2361026608.9,2632172574.6,-73394157.07,57320710.27000001,2357495660.52,2987322262.64,629826602.12,-35406936.2,1348.62,1639.22,1274.59,1321.18,1532.36,1354.07,158.9,0.0,,,,,,,通信,通信服务,通信工程及服务,4.65,4.68,4.67
sz300050,世纪鼎利,2021-12-17,4.7,4.74,4.63,4.69,4.7,9154185.0,42799262.0,2356003148.03,2626572207.42,-73394157.07,57320710.27000001,2357495660.52,2987322262.64,629826602.12,-35406936.2,1400.49,1626.23,1071.4,1038.42,1799.27,1335.67,8.77,279.6,,,,,,,通信,通信服务,通信工程及服务,4.66,4.67,4.64
sz300050,世纪鼎利,2021-12-20,4.7,4.72,4.61,4.65,4.69,7989600.0,37330755.0,2335909304.55,2604170738.7,-73394157.07,57320710.27000001,2357495660.52,2987322262.64,629826602.12,-35406936.2,1374.07,1047.63,900.32,1569.68,1383.94,836.46,74.75,279.3,,,,,,,通信,通信服务,通信工程及服务,4.66,4.71,4.68
sz300050,世纪鼎利,2021-12-21,4.67,4.82,4.65,4.8,4.65,10869000.0,51747962.0,2411261217.6,2688176246.4,-73394157.07,57320710.27000001,2357495660.52,2987322262.64,629826602.12,-35406936.2,1224.0,2191.17,1932.8,1133.22,1637.2,1850.41,380.8,0.0,,,,,,,通信,通信服务,通信工程及服务,4.68,4.7,4.73
sz300050,世纪鼎利,2021-12-22,4.81,4.87,4.75,4.75,4.8,9780901.0,46989392.0,2386143913.25,2660174410.5,-73394157.07,57320710.27000001,2357495660.52,2987322262.64,629826602.12,-35406936.2,1625.56,1565.54,915.33,1229.11,2013.56,1761.44,144.49,142.85,,,,,,,通信,通信服务,通信工程及服务,4.78,4.84,4.86
sz300050,世纪鼎利,2021-12-23,4.75,4.78,4.62,4.64,4.75,9492400.0,44438660.0,2330885843.6800003,2598570371.52,-73394157.07,57320710.27000001,2357495660.52,2987322262.64,629826602.12,-35406936.2,1497.12,1270.35,903.01,791.6,2006.49,1108.33,37.25,1273.59,,,,,,,通信,通信服务,通信工程及服务,4.75,4.71,4.71
sz300050,世纪鼎利,2021-12-24,4.65,4.67,4.52,4.56,4.64,7349500.0,33627528.0,2290698156.72,2553767434.08,-73394157.07,57320710.27000001,2357495660.52,2987322262.64,629826602.12,-35406936.2,1244.17,1163.73,728.27,752.79,1382.94,1341.99,7.38,104.24,,,,,,,通信,通信服务,通信工程及服务,4.65,4.63,4.58
sz300050,世纪鼎利,2021-12-27,4.56,4.62,4.47,4.59,4.56,8095400.0,36892586.0,2305768539.33,2570568535.62,-73394157.07,57320710.27000001,2357495660.52,2987322262.64,629826602.12,-35406936.2,1418.57,1002.32,727.58,879.77,1411.86,1014.41,131.25,792.76,,,,,,,通信,通信服务,通信工程及服务,4.55,4.53,4.52
sz300050,世纪鼎利,2021-12-28,4.62,4.76,4.58,4.7,4.59,10756526.0,50378665.0,2361026608.9,2632172574.6,-73394157.07,57320710.27000001,2357495660.52,2987322262.64,629826602.12,-35406936.2,1936.66,1873.37,1678.51,1363.21,1422.7,1801.28,0.0,0.0,,,,,,,通信,通信服务,通信工程及服务,4.6,4.61,4.63
sz300050,世纪鼎利,2021-12-29,4.7,4.73,4.62,4.68,4.7,7538049.0,35120447.0,2350979687.16,2620971840.24,-73394157.07,57320710.27000001,2357495660.52,2987322262.64,629826602.12,-35406936.2,1245.18,1223.87,1048.01,830.5,1218.85,1457.67,0.0,0.0,,,,,,,通信,通信服务,通信工程及服务,4.64,4.62,4.65
sz300050,世纪鼎利,2021-12-30,4.66,4.8,4.65,4.78,4.68,10921108.0,52057681.0,2401214295.86,2676975512.04,-73394157.07,57320710.27000001,2357495660.52,2987322262.64,629826602.12,-35406936.2,1616.19,1881.76,1588.7,1705.17,1936.34,1618.83,64.54,0.0,,,,,,,通信,通信服务,通信工程及服务,4.72,4.77,4.78
sz300050,世纪鼎利,2021-12-31,4.79,4.85,4.75,4.78,4.78,8785601.0,42151767.0,2401214295.86,2676975512.04,-73394157.07,57320710.27000001,2357495660.52,2987322262.64,629826602.12,-35406936.2,1294.94,1724.57,1205.78,1040.38,1573.94,1313.76,140.52,136.47,,,,,,,通信,通信服务,通信工程及服务,4.79,4.77,4.82
sz300050,世纪鼎利,2022-01-04,4.76,4.89,4.75,4.88,4.78,9873109.0,47915224.0,2451448904.56,2732979183.84,-73394157.07,57320710.27000001,2357495660.52,2987322262.64,629826602.12,-35406936.2,1741.3,1768.67,1192.35,1237.22,1718.25,1785.63,139.62,0.0,,,,,,,通信,通信服务,通信工程及服务,4.76,4.83,4.85
sz300050,世纪鼎利,2022-01-05,4.87,4.93,4.76,4.83,4.88,9555800.0,46094539.0,2426331600.21,2704977347.94,-73394157.07,57320710.27000001,2357495660.52,2987322262.64,629826602.12,-35406936.2,1338.77,1535.79,1454.93,1522.06,1708.19,1263.48,107.56,288.12,,,,,,,通信,通信服务,通信工程及服务,4.91,4.91,4.87
sz300050,世纪鼎利,2022-01-06,4.82,4.88,4.79,4.84,4.83,6231600.0,30149700.0,2431355061.08,2710577715.12,-73394157.07,57320710.27000001,2357495660.52,2987322262.64,629826602.12,-35406936.2,935.29,995.19,833.96,827.83,1143.09,1046.75,102.64,145.2,,,,,,,通信,通信服务,通信工程及服务,4.81,4.84,4.85
sz300050,世纪鼎利,2022-01-07,4.84,4.88,4.69,4.75,4.84,8169249.0,39001564.0,2386143913.25,2660174410.5,-73394157.07,57320710.27000001,2357495660.52,2987322262.64,629826602.12,-35406936.2,1346.18,1219.3,844.77,1162.18,1591.33,1235.29,117.87,283.39,,,,,,,通信,通信服务,通信工程及服务,4.87,4.86,4.83
sz300050,世纪鼎利,2022-01-10,4.75,4.83,4.66,4.8,4.75,9236000.0,44102448.0,2411261217.6,2688176246.4,-73394157.07,57320710.27000001,2357495660.52,2987322262.64,629826602.12,-35406936.2,1300.73,1581.56,816.81,1203.67,2022.09,1625.02,270.61,0.0,,,,,,,通信,通信服务,通信工程及服务,4.71,4.69,4.74
sz300050,世纪鼎利,2022-01-11,4.78,4.87,4.69,4.74,4.8,8967425.0,42885221.0,2381120452.38,2654574043.32,-73394157.07,57320710.27000001,2357495660.52,2987322262.64,629826602.12,-35406936.2,1360.79,1503.38,690.15,1348.87,2023.11,1166.72,214.48,269.55,,,,,,,通信,通信服务,通信工程及服务,4.82,4.86,4.8
sz300050,世纪鼎利,2022-01-12,4.76,4.83,4.71,4.76,4.74,9320700.0,44372496.0,2391167374.12,2665774777.68,-73394157.07,57320710.27000001,2357495660.52,2987322262.64,629826602.12,-35406936.2,1746.9,1405.11,662.36,1238.41,1884.89,1764.57,143.1,29.16,,,,,,,通信,通信服务,通信工程及服务,4.79,4.79,4.77
sz300050,世纪鼎利,2022-01-13,4.77,4.85,4.73,4.76,4.76,9467851.0,45402646.0,2391167374.12,2665774777.68,-73394157.07,57320710.27000001,2357495660.52,2987322262.64,629826602.12,-35406936.2,1608.5,1805.49,1020.33,729.13,1805.92,1729.17,105.51,276.46,,,,,,,通信,通信服务,通信工程及服务,4.77,4.83,4.79
sz300050,世纪鼎利,2022-01-14,4.77,4.83,4.59,4.64,4.76,12744628.0,59855572.0,2330885843.6800003,2598570371.52,-73394157.07,57320710.27000001,2357495660.52,2987322262.64,629826602.12,-35406936.2,1944.71,2168.3,1111.2,1194.43,2789.55,2168.9,140.1,453.93,,,,,,,通信,通信服务,通信工程及服务,4.73,4.81,4.81
sz300050,世纪鼎利,2022-01-17,4.65,4.99,4.64,4.92,4.64,24523399.0,118947711.0,2471542748.04,2755380652.56,-73394157.07,57320710.27000001,2357495660.52,2987322262.64,629826602.12,-35406936.2,4329.61,4600.57,2581.17,2743.38,4287.42,4188.28,696.57,362.55,,,,,,,通信,通信服务,通信工程及服务,4.8,4.71,4.76
sz300050,世纪鼎利,2022-01-18,4.9,4.98,4.79,4.83,4.92,16962528.0,82669454.0,2426331600.21,2704977347.94,-73394157.07,57320710.27000001,2357495660.52,2987322262.64,629826602.12,-35406936.2,2275.28,2773.22,2035.06,2326.93,3744.16,2986.77,212.45,180.01,,,,,,,通信,通信服务,通信工程及服务,4.93,4.85,4.89
sz300050,世纪鼎利,2022-01-19,4.79,4.93,4.77,4.92,4.83,14918428.0,72776399.0,2471542748.04,2755380652.56,-73394157.07,57320710.27000001,2357495660.52,2987322262.64,629826602.12,-35406936.2,2694.12,2924.62,1786.87,1343.74,2544.5,3009.28,252.14,0.0,,,,,,,通信,通信服务,通信工程及服务,4.83,4.82,4.85
sz300050,世纪鼎利,2022-01-20,4.9,4.91,4.67,4.71,4.92,15505600.0,73737058.0,2366050069.77,2637772941.78,-73394157.07,57320710.27000001,2357495660.52,2987322262.64,629826602.12,-35406936.2,2392.67,2440.39,1636.91,1706.75,3342.76,2829.79,1.37,396.78,,,,,,,通信,通信服务,通信工程及服务,4.82,4.8,4.78
sz300050,世纪鼎利,2022-01-21,4.71,4.85,4.67,4.78,4.71,13263400.0,63323618.0,2401214295.86,2676975512.04,-73394157.07,57320710.27000001,2357495660.52,2987322262.64,629826602.12,-35406936.2,2365.75,2458.4,1077.76,1312.96,2838.88,2561.0,49.97,0.0,,,,,,,通信,通信服务,通信工程及服务,4.77,4.74,4.75
sz300050,世纪鼎利,2022-01-24,4.79,4.79,4.58,4.59,4.78,15653402.0,72794417.0,2305768539.33,2570568535.62,-73394157.07,57320710.27000001,2357495660.52,2987322262.64,629826602.12,-35406936.2,2586.86,2061.58,955.08,2395.72,3717.93,2129.07,19.57,693.07,,,,,,,通信,通信服务,通信工程及服务,4.77,4.69,4.75
sz300050,世纪鼎利,2022-01-25,4.59,4.61,4.27,4.27,4.59,16552022.0,72269940.0,2145017791.49,2391356785.86,-73394157.07,57320710.27000001,2357495660.52,2987322262.64,629826602.12,-35406936.2,2483.7,2234.75,1768.67,1822.79,2974.63,2813.2,0.0,356.25,,,,,,,通信,通信服务,通信工程及服务,4.58,4.51,4.46
sz300050,世纪鼎利,2022-01-26,4.28,4.36,4.24,4.35,4.27,8561062.0,36819410.0,2185205478.45,2436159723.3,-73394157.07,57320710.27000001,2357495660.52,2987322262.64,629826602.12,-35406936.2,1169.78,1292.17,1002.24,707.18,1396.82,1682.59,113.09,0.0,,,,,,,通信,通信服务,通信工程及服务,4.33,4.28,4.27
sz300050,世纪鼎利,2022-01-27,4.09,4.18,3.93,3.95,4.35,25927170.0,104442407.0,1984267043.65,2212145036.1000004,-73394157.07,57320710.27000001,2357495660.52,2987322262.64,629826602.12,-35406936.2,3419.12,3793.96,2742.92,2554.48,3919.6,3044.75,362.6,1051.05,,,,,,,通信,通信服务,通信工程及服务,4.14,4.13,4.05
sz300050,世纪鼎利,2022-01-28,3.97,4.33,3.95,4.21,3.95,19671252.0,81502966.0,2114877026.27,2357754582.78,-73394157.07,57320710.27000001,2357495660.52,2987322262.64,629826602.12,-35406936.2,3005.5,2931.72,1556.57,2117.67,3482.34,2948.66,105.89,152.24,,,,,,,通信,通信服务,通信工程及服务,4.01,4.06,4.07
sz300050,世纪鼎利,2022-02-07,4.24,4.32,4.1,4.19,4.21,10138500.0,42370142.0,2104830104.53,2346553848.42,-73394157.07,57320710.27000001,2357495660.52,2987322262.64,629826602.12,-35406936.2,1291.5,1104.79,616.78,447.7,2328.73,2684.52,0.0,0.0,,,,,,,通信,通信服务,通信工程及服务,4.16,4.14,4.15
sz300050,世纪鼎利,2022-02-08,4.16,4.39,4.16,4.36,4.19,9312348.0,40006325.0,2190228939.32,2441760090.48,-73394157.07,57320710.27000001,2357495660.52,2987322262.64,629826602.12,-35406936.2,1440.63,1388.31,767.97,637.89,1641.54,1974.43,150.49,0.0,,,,,,,通信,通信服务,通信工程及服务,4.19,4.23,4.28
sz300050,世纪鼎利,2022-02-09,4.34,4.52,4.3,4.47,4.36,10758000.0,47552006.0,2245487008.89,2503364129.46,-73394157.07,57320710.27000001,2357495660.52,2987322262.64,629826602.12,-35406936.2,1783.1,1839.8,1114.08,693.3,1724.86,1954.6,133.15,267.5,,,,,,,通信,通信服务,通信工程及服务,4.35,4.37,4.36
sz300050,世纪鼎利,2022-02-10,4.44,4.46,4.32,4.35,4.47,8610500.0,37656812.0,2185205478.45,2436159723.3,-73394157.07,57320710.27000001,2357495660.52,2987322262.64,629826602.12,-35406936.2,1543.14,1254.59,510.09,755.13,1712.44,1755.96,0.0,0.0,,,,,,,通信,通信服务,通信工程及服务,4.4,4.41,4.4
sz300050,世纪鼎利,2022-02-11,4.33,4.35,4.2,4.21,4.35,9635616.0,41045357.0,2114877026.27,2357754582.78,-73394157.07,57320710.27000001,2357495660.52,2987322262.64,629826602.12,-35406936.2,1523.15,1354.23,688.06,870.18,1893.33,1498.38,0.0,381.75,,,,,,,通信,通信服务,通信工程及服务,4.32,4.29,4.3
sz300050,世纪鼎利,2022-02-14,4.18,4.33,4.18,4.26,4.21,6284000.0,26805862.0,2139994330.62,2385756418.68,-73394157.07,57320710.27000001,2357495660.52,2987322262.64,629826602.12,-35406936.2,970.79,721.24,606.15,397.73,1011.46,1561.62,92.19,0.0,,,,,,,通信,通信服务,通信工程及服务,4.24,4.3,4.3
sz300050,世纪鼎利,2022-02-15,4.32,4.33,4.19,4.22,4.26,7770100.0,32933756.0,2119900487.14,2363354949.96,-73394157.07,57320710.27000001,2357495660.52,2987322262.64,629826602.12,-35406936.2,1235.69,1090.33,938.08,357.95,1119.6,1845.1,0.0,0.0,,,,,,,通信,通信服务,通信工程及服务,4.25,4.2,4.27
sz300050,世纪鼎利,2022-02-16,4.26,4.31,4.22,4.27,4.22,5622200.0,23962307.0,2145017791.49,2391356785.86,-73394157.07,57320710.27000001,2357495660.52,2987322262.64,629826602.12,-35406936.2,788.13,814.77,390.89,207.88,1164.74,1373.58,52.47,0.0,,,,,,,通信,通信服务,通信工程及服务,4.29,4.26,4.25
sz300050,世纪鼎利,2022-02-17,4.27,4.33,4.18,4.21,4.27,8951000.0,37903138.0,2114877026.27,2357754582.78,-73394157.07,57320710.27000001,2357495660.52,2987322262.64,629826602.12,-35406936.2,1444.94,1221.51,1002.23,732.62,1343.15,1715.65,0.0,120.54,,,,,,,通信,通信服务,通信工程及服务,4.23,4.26,4.3
sz300050,世纪鼎利,2022-02-18,4.19,4.32,4.17,4.32,4.21,7748400.0,32996900.0,2170135095.84,2419358621.76,-73394157.07,57320710.27000001,2357495660.52,2987322262.64,629826602.12,-35406936.2,1141.27,1222.13,813.21,526.2,1257.26,1425.35,87.95,126.01,,,,,,,通信,通信服务,通信工程及服务,4.22,4.18,4.24
sz300050,世纪鼎利,2022-02-21,4.33,4.55,4.31,4.55,4.32,15318729.0,68563489.0,2285674695.85,2548167066.9,-73394157.07,57320710.27000001,2357495660.52,2987322262.64,629826602.12,-35406936.2,1810.75,2391.12,1735.79,1510.78,2866.89,2824.85,442.92,129.6,,,,,,,通信,通信服务,通信工程及服务,4.38,4.4,4.44
sz300050,世纪鼎利,2022-02-22,4.52,4.57,4.43,4.49,4.55,9609400.0,43155511.0,2255533930.63,2514564863.82,-73394157.07,57320710.27000001,2357495660.52,2987322262.64,629826602.12,-35406936.2,1349.69,1055.99,568.5,743.39,1862.96,1848.82,0.0,132.94,,,,,,,通信,通信服务,通信工程及服务,4.56,4.51,4.48
sz300050,世纪鼎利,2022-02-23,4.53,4.66,4.42,4.6,4.49,12453259.0,56857936.0,2310792000.2,2576168902.8,-73394157.07,57320710.27000001,2357495660.52,2987322262.64,629826602.12,-35406936.2,1699.91,1746.4,2086.81,1368.58,1710.3,2570.81,188.78,0.0,,,,,,,通信,通信服务,通信工程及服务,4.45,4.43,4.44
sz300050,世纪鼎利,2022-02-24,4.52,4.62,4.36,4.44,4.6,14527900.0,65316455.0,2230416626.28,2486563027.92,-73394157.07,57320710.27000001,2357495660.52,2987322262.64,629826602.12,-35406936.2,2186.16,1894.68,1189.75,2281.26,2889.83,2084.07,265.91,271.63,,,,,,,通信,通信服务,通信工程及服务,4.58,4.59,4.57
sz300050,世纪鼎利,2022-02-25,4.48,4.52,4.38,4.39,4.44,7357276.0,32638428.0,2205299321.93,2458561192.02,-73394157.07,57320710.27000001,2357495660.52,2987322262.64,629826602.12,-35406936.2,1243.5,958.07,634.35,581.19,1385.99,1592.23,0.0,132.36,,,,,,,通信,通信服务,通信工程及服务,4.49,4.44,4.49
sz300050,世纪鼎利,2022-02-28,4.39,4.41,4.26,4.31,4.39,5583500.0,24114382.0,2165111634.97,2413758254.58,-73394157.07,57320710.27000001,2357495660.52,2987322262.64,629826602.12,-35406936.2,681.47,708.68,530.61,417.19,1199.36,1285.57,0.0,0.0,,,,,,,通信,通信服务,通信工程及服务,4.34,4.32,4.31
sz300050,世纪鼎利,2022-03-01,4.35,4.55,4.29,4.53,4.31,12201465.0,54339041.0,2275627774.11,2536966332.54,-73394157.07,57320710.27000001,2357495660.52,2987322262.64,629826602.12,-35406936.2,2077.17,2042.81,1112.12,935.22,1831.07,2320.57,413.55,135.3,,,,,,,通信,通信服务,通信工程及服务,4.33,4.35,4.34
sz300050,世纪鼎利,2022-03-02,4.49,4.73,4.45,4.69,4.53,20483041.0,95209540.0,2356003148.03,2626572207.42,-73394157.07,57320710.27000001,2357495660.52,2987322262.64,629826602.12,-35406936.2,3235.8,3317.21,2722.69,2588.37,3044.4,3335.35,518.06,280.03,,,,,,,通信,通信服务,通信工程及服务,4.51,4.52,4.54
sz300050,世纪鼎利,2022-03-03,4.77,4.77,4.55,4.6,4.69,12025800.0,55500636.0,2310792000.2,2576168902.8,-73394157.07,57320710.27000001,2357495660.52,2987322262.64,629826602.12,-35406936.2,2031.12,2046.15,1139.67,1447.98,2379.28,1804.0,0.0,251.94,,,,,,,通信,通信服务,通信工程及服务,4.64,4.62,4.64
sz300050,世纪鼎利,2022-03-04,4.57,4.66,4.5,4.51,4.6,13161400.0,60011463.0,2265580852.37,2525765598.1800003,-73394157.07,57320710.27000001,2357495660.52,2987322262.64,629826602.12,-35406936.2,2504.43,1896.53,1141.59,1419.84,2355.12,2431.89,0.0,252.89,,,,,,,通信,通信服务,通信工程及服务,4.56,4.54,4.58
sz300050,世纪鼎利,2022-03-07,4.46,4.62,4.42,4.48,4.51,10550600.0,47368102.0,2250510469.76,2508964496.6400003,-73394157.07,57320710.27000001,2357495660.52,2987322262.64,629826602.12,-35406936.2,1767.46,1819.39,1135.16,1265.82,1834.19,1651.61,0.0,0.0,,,,,,,通信,通信服务,通信工程及服务,4.5,4.52,4.5
sz300050,世纪鼎利,2022-03-08,4.49,4.54,4.3,4.33,4.48,9119365.0,39881519.0,2175158556.71,2424958988.94,-73394157.07,57320710.27000001,2357495660.52,2987322262.64,629826602.12,-35406936.2,1479.1,1557.18,701.94,769.71,1786.88,1661.25,20.24,0.0,,,,,,,通信,通信服务,通信工程及服务,4.43,4.38,4.38
sz300050,世纪鼎利,2022-03-09,4.36,4.41,4.0,4.25,4.33,11335000.0,47588417.0,2134970869.75,2380156051.5,-73394157.07,57320710.27000001,2357495660.52,2987322262.64,629826602.12,-35406936.2,1545.91,1429.68,1070.17,1225.38,2015.09,1860.45,127.68,243.32,,,,,,,通信,通信服务,通信工程及服务,4.31,4.38,4.34
sz300050,世纪鼎利,2022-03-10,4.28,4.38,4.23,4.24,4.25,7013500.0,30111915.0,2129947408.88,2374555684.32,-73394157.07,57320710.27000001,2357495660.52,2987322262.64,629826602.12,-35406936.2,1296.47,1095.7,536.58,361.4,1178.15,1554.09,0.0,0.0,,,,,,,通信,通信服务,通信工程及服务,4.3,4.31,4.35
sz300050,世纪鼎利,2022-03-11,4.24,4.33,4.14,4.33,4.24,6793404.0,28718596.0,2175158556.71,2424958988.94,-73394157.07,57320710.27000001,2357495660.52,2987322262.64,629826602.12,-35406936.2,1063.75,1169.91,485.11,506.52,1266.07,1195.42,56.93,0.0,,,,,,,通信,通信服务,通信工程及服务,4.16,4.18,4.19
sz300050,世纪鼎利,2022-03-14,4.3,4.4,4.22,4.23,4.33,6379500.0,27448020.0,2124923948.01,2368955317.1400003,-73394157.07,57320710.27000001,2357495660.52,2987322262.64,629826602.12,-35406936.2,985.82,1154.06,287.46,351.72,1471.53,1239.02,0.0,0.0,,,,,,,通信,通信服务,通信工程及服务,4.37,4.35,4.33
sz300050,世纪鼎利,2022-03-15,4.28,4.35,4.07,4.07,4.23,10385200.0,43873416.0,2044548574.09,2279349442.26,-73394157.07,57320710.27000001,2357495660.52,2987322262.64,629826602.12,-35406936.2,1756.91,1477.85,712.65,389.35,1913.58,2520.15,4.21,0.0,,,,,,,通信,通信服务,通信工程及服务,4.2,4.23,4.18
sz300050,世纪鼎利,2022-03-16,4.12,4.32,4.1,4.3,4.07,10905600.0,45948591.0,2160088174.1,2408157887.4,-73394157.07,57320710.27000001,2357495660.52,2987322262.64,629826602.12,-35406936.2,1492.58,1775.17,796.63,1190.16,2305.65,1629.53,0.0,0.0,,,,,,,通信,通信服务,通信工程及服务,4.16,4.15,4.24
sz300050,世纪鼎利,2022-03-17,4.33,4.38,4.23,4.28,4.3,8798800.0,37969941.0,2150041252.36,2396957153.04,-73394157.07,57320710.27000001,2357495660.52,2987322262.64,629826602.12,-35406936.2,1427.53,1234.98,690.43,596.42,1679.04,1570.18,0.0,395.41,,,,,,,通信,通信服务,通信工程及服务,4.34,4.34,4.37
sz300050,世纪鼎利,2022-03-18,4.27,4.42,4.24,4.41,4.28,8772100.0,38311069.0,2215346243.67,2469761926.38,-73394157.07,57320710.27000001,2357495660.52,2987322262.64,629826602.12,-35406936.2,1392.29,1701.72,766.94,847.69,1446.34,1281.7,225.54,0.0,,,,,,,通信,通信服务,通信工程及服务,4.27,4.32,4.31
sz300050,世纪鼎利,2022-03-21,4.42,4.44,4.35,4.41,4.41,7238300.0,31832182.0,2215346243.67,2469761926.38,-73394157.07,57320710.27000001,2357495660.52,2987322262.64,629826602.12,-35406936.2,1265.27,1155.47,584.52,805.85,1106.44,1119.72,226.98,102.19,,,,,,,通信,通信服务,通信工程及服务,4.4,4.41,4.42
sz300050,世纪鼎利,2022-03-22,4.37,4.44,4.33,4.41,4.41,3891100.0,17092841.0,2215346243.67,2469761926.38,-73394157.07,57320710.27000001,2357495660.52,2987322262.64,629826602.12,-35406936.2,769.44,682.59,287.53,192.57,643.64,834.12,8.68,0.0,,,,,,,通信,通信服务,通信工程及服务,4.37,4.38,4.37
sz300050,世纪鼎利,2022-03-23,4.42,4.5,4.37,4.44,4.41,6701626.0,29736505.0,2230416626.28,2486563027.92,-73394157.07,57320710.27000001,2357495660.52,2987322262.64,629826602.12,-35406936.2,1468.66,1516.48,428.91,426.6,928.22,1030.57,147.85,0.0,,,,,,,通信,通信服务,通信工程及服务,4.42,4.41,4.48
sz300050,世纪鼎利,2022-03-24,4.38,4.41,4.3,4.32,4.44,5901000.0,25672789.0,2170135095.84,2419358621.76,-73394157.07,57320710.27000001,2357495660.52,2987322262.64,629826602.12,-35406936.2,697.15,1054.54,271.63,475.58,1598.5,787.13,0.0,250.03,,,,,,,通信,通信服务,通信工程及服务,4.4,4.39,4.39
sz300050,世纪鼎利,2022-03-25,4.31,4.36,4.27,4.34,4.32,6921400.0,29871828.0,2180182017.58,2430559356.12,-73394157.07,57320710.27000001,2357495660.52,2987322262.64,629826602.12,-35406936.2,934.95,1035.03,1060.92,592.86,903.78,1064.3,0.0,207.46,,,,,,,通信,通信服务,通信工程及服务,4.31,4.33,4.31
sz300050,世纪鼎利,2022-03-28,4.26,4.37,4.21,4.31,4.34,4989600.0,21436383.0,2165111634.97,2413758254.58,-73394157.07,57320710.27000001,2357495660.52,2987322262.64,629826602.12,-35406936.2,700.97,652.81,461.25,425.33,901.11,933.79,80.31,131.71,,,,,,,通信,通信服务,通信工程及服务,4.27,4.26,4.26
sz300050,世纪鼎利,2022-03-29,4.32,4.36,4.26,4.29,4.31,6358251.0,27411956.0,2155064713.23,2402557520.22,-73394157.07,57320710.27000001,2357495660.52,2987322262.64,629826602.12,-35406936.2,1103.91,1083.73,779.62,234.74,821.0,1422.73,36.66,0.0,,,,,,,通信,通信服务,通信工程及服务,4.29,4.29,4.28
sz300050,世纪鼎利,2022-03-30,4.3,4.33,4.27,4.29,4.29,5023958.0,21552133.0,2155064713.23,2402557520.22,-73394157.07,57320710.27000001,2357495660.52,2987322262.64,629826602.12,-35406936.2,1014.32,644.05,367.66,453.41,748.05,929.5,25.18,128.25,,,,,,,通信,通信服务,通信工程及服务,4.31,4.3,4.3
sz300050,世纪鼎利,2022-03-31,4.26,4.33,4.24,4.27,4.29,4034558.0,17277174.0,2145017791.49,2391356785.86,-73394157.07,57320710.27000001,2357495660.52,2987322262.64,629826602.12,-35406936.2,724.54,682.46,7.86,209.54,995.32,835.72,0.0,0.0,,,,,,,通信,通信服务,通信工程及服务,4.26,4.29,4.29
sz300050,世纪鼎利,2022-04-01,4.25,4.26,4.16,4.18,4.27,6094900.0,25520438.0,2099806643.66,2340953481.24,-73394157.07,57320710.27000001,2357495660.52,2987322262.64,629826602.12,-35406936.2,949.95,1213.41,443.59,325.52,1158.5,1013.11,0.0,0.0,,,,,,,通信,通信服务,通信工程及服务,4.21,4.21,4.18
sz300050,世纪鼎利,2022-04-06,4.17,4.35,4.15,4.3,4.18,8022100.0,34471620.0,2160088174.1,2408157887.4,-73394157.07,57320710.27000001,2357495660.52,2987322262.64,629826602.12,-35406936.2,1336.41,1321.4,339.03,621.18,1771.72,1504.59,0.0,0.0,,,,,,,通信,通信服务,通信工程及服务,4.26,4.3,4.3
sz300050,世纪鼎利,2022-04-07,4.3,4.31,4.15,4.16,4.3,6449800.0,27092055.0,2089759721.92,2329752746.88,-73394157.07,57320710.27000001,2357495660.52,2987322262.64,629826602.12,-35406936.2,1103.51,778.95,482.75,448.44,1122.95,1389.24,0.0,92.58,,,,,,,通信,通信服务,通信工程及服务,4.26,4.26,4.25
sz300050,世纪鼎利,2022-04-08,4.18,4.18,4.03,4.08,4.16,5919500.0,24181210.0,2049572034.96,2284949809.44,-73394157.07,57320710.27000001,2357495660.52,2987322262.64,629826602.12,-35406936.2,915.22,755.83,497.49,557.67,1005.41,1092.25,0.0,12.36,,,,,,,通信,通信服务,通信工程及服务,4.16,4.13,4.09
sz300050,世纪鼎利,2022-04-11,4.06,4.08,3.93,3.99,4.08,5409200.0,21616114.0,2004360887.13,2234546504.82,-73394157.07,57320710.27000001,2357495660.52,2987322262.64,629826602.12,-35406936.2,792.91,679.32,281.67,351.91,850.03,938.8,237.0,191.58,,,,,,,通信,通信服务,通信工程及服务,4.04,4.07,4.06
sz300050,世纪鼎利,2022-04-12,4.02,4.16,3.95,4.13,3.99,6274526.0,25442210.0,2074689339.31,2312951645.34,-73394157.07,57320710.27000001,2357495660.52,2987322262.64,629826602.12,-35406936.2,1018.14,1010.61,325.29,573.98,1086.12,959.63,114.68,0.0,,,,,,,通信,通信服务,通信工程及服务,4.02,3.99,4.02
sz300050,世纪鼎利,2022-04-13,4.13,4.13,4.0,4.01,4.13,4132700.0,16719632.0,2014407808.87,2245747239.18,-73394157.07,57320710.27000001,2357495660.52,2987322262.64,629826602.12,-35406936.2,696.03,689.75,193.98,225.01,775.67,757.21,6.28,0.0,,,,,,,通信,通信服务,通信工程及服务,4.08,4.04,4.02
sz300050,世纪鼎利,2022-04-14,4.1,4.11,4.01,4.03,4.01,4201900.0,17006671.0,2024454730.61,2256947973.54,-73394157.07,57320710.27000001,2357495660.52,2987322262.64,629826602.12,-35406936.2,555.84,553.12,398.57,256.6,723.28,890.95,22.98,0.0,,,,,,,通信,通信服务,通信工程及服务,4.05,4.06,4.05
sz300050,世纪鼎利,2022-04-15,4.01,4.02,3.86,3.89,4.03,6889600.0,27002030.0,1954126278.43,2178542833.02,-73394157.07,57320710.27000001,2357495660.52,2987322262.64,629826602.12,-35406936.2,805.06,861.82,196.5,800.83,1460.72,920.56,237.93,117.0,,,,,,,通信,通信服务,通信工程及服务,3.97,3.94,3.92
sz300050,世纪鼎利,2022-04-18,3.87,3.9,3.74,3.83,3.89,4705200.0,17959522.0,1923985513.21,2144940629.94,-73394157.07,57320710.27000001,2357495660.52,2987322262.64,629826602.12,-35406936.2,662.58,600.12,224.47,342.44,908.9,745.38,0.0,108.01,,,,,,,通信,通信服务,通信工程及服务,3.77,3.79,3.79
sz300050,世纪鼎利,2022-04-19,3.85,3.88,3.79,3.86,3.83,3601258.0,13822790.0,1939055895.82,2161741731.48,-73394157.07,57320710.27000001,2357495660.52,2987322262.64,629826602.12,-35406936.2,529.87,488.62,82.08,76.04,770.34,817.62,0.0,0.0,,,,,,,通信,通信服务,通信工程及服务,3.85,3.87,3.85
sz300050,世纪鼎利,2022-04-20,3.85,3.95,3.79,3.8,3.86,6080100.0,23544997.0,1908915130.6,2128139528.4,-73394157.07,57320710.27000001,2357495660.52,2987322262.64,629826602.12,-35406936.2,532.94,671.47,538.04,166.38,1201.99,1171.39,81.53,345.26,,,,,,,通信,通信服务,通信工程及服务,3.88,3.95,3.91
sz300050,世纪鼎利,2022-04-21,3.81,3.83,3.6,3.61,3.8,6340902.0,23516143.0,1813469374.07,2021732551.98,-73394157.07,57320710.27000001,2357495660.52,2987322262.64,629826602.12,-35406936.2,697.58,682.98,462.24,544.53,1191.79,1014.08,0.0,110.03,,,,,,,通信,通信服务,通信工程及服务,3.8,3.76,3.79
sz300050,世纪鼎利,2022-04-22,3.59,3.62,3.5,3.57,3.61,6130700.0,21860375.0,1793375530.59,1999331083.26,-73394157.07,57320710.27000001,2357495660.52,2987322262.64,629826602.12,-35406936.2,1052.41,525.69,184.06,270.92,922.27,1389.43,27.29,0.0,,,,,,,通信,通信服务,通信工程及服务,3.57,3.57,3.61
sz300050,世纪鼎利,2022-04-25,3.55,3.55,3.21,3.23,3.57,7654900.0,25750226.0,1622577861.01,1808918599.14,-73394157.07,57320710.27000001,2357495660.52,2987322262.64,629826602.12,-35406936.2,1105.99,855.04,150.04,539.97,1318.99,1096.88,0.0,83.13,,,,,,,通信,通信服务,通信工程及服务,3.44,3.39,3.42
sz300050,世纪鼎利,2022-04-26,3.24,3.3,3.08,3.08,3.23,5478400.0,17489484.0,1547225947.9599998,1724913091.44,-73394157.07,57320710.27000001,2357495660.52,2987322262.64,629826602.12,-35406936.2,568.06,684.91,71.43,221.55,1109.46,842.49,0.0,0.0,,,,,,,通信,通信服务,通信工程及服务,3.22,3.26,3.23
sz300050,世纪鼎利,2022-04-27,3.06,3.18,2.97,3.17,3.08,8292500.0,25371977.0,1592437095.79,1775316396.0600004,-73394157.07,57320710.27000001,2357495660.52,2987322262.64,629826602.12,-35406936.2,1116.21,1008.35,193.18,201.39,1210.32,1309.97,0.0,0.0,,,,,,,通信,通信服务,通信工程及服务,2.99,3.05,3.01
sz300050,世纪鼎利,2022-04-28,3.21,3.33,3.16,3.25,3.17,11145900.0,36267135.0,1655664357.75,1820119333.5,-1378259792.15,50139684.53,1019245399.39,1554521897.99,535276498.6,6885004.84,1070.01,1180.47,511.06,776.9,2033.83,1657.53,0.0,0.0,,,,,,,通信,通信服务,通信工程及服务,3.28,3.24,3.23
sz300050,世纪鼎利,2022-04-29,3.25,3.63,3.24,3.5,3.25,12037778.0,42026690.0,1783023154.5,1960128513.0,-1378259792.15,50139684.53,1019245399.39,1554521897.99,535276498.6,6885004.84,1383.32,1113.11,337.07,565.16,2344.3,2507.38,121.96,0.99,,,,,,,通信,通信服务,通信工程及服务,3.38,3.48,3.49
sz300050,世纪鼎利,2022-05-05,3.48,3.51,3.39,3.46,3.5,8539500.0,29457055.0,1762645747.0200005,1937727044.28,-1378259792.15,50139684.53,1019245399.39,1554521897.99,535276498.6,6885004.84,1308.9,725.02,314.88,418.72,1313.11,1791.85,8.82,10.11,,,,,,,通信,通信服务,通信工程及服务,3.44,3.42,3.46
sz300050,世纪鼎利,2022-05-06,3.39,3.52,3.37,3.45,3.46,5826900.0,20152869.0,1757551395.15,1932126677.1,-1378259792.15,50139684.53,1019245399.39,1554521897.99,535276498.6,6885004.84,684.25,621.82,147.93,286.78,1172.8,1096.37,0.0,0.0,,,,,,,通信,通信服务,通信工程及服务,3.4,3.42,3.51
sz300050,世纪鼎利,2022-05-09,3.41,3.54,3.4,3.5,3.45,3806100.0,13321653.0,1783023154.5,1960128513.0,-1378259792.15,50139684.53,1019245399.39,1554521897.99,535276498.6,6885004.84,379.57,386.41,127.69,128.42,824.91,817.33,0.0,0.0,,,,,,,通信,通信服务,通信工程及服务,3.49,3.52,3.54
sz300050,世纪鼎利,2022-05-10,3.49,3.55,3.43,3.54,3.5,5012755.0,17579477.0,1803400561.98,1982529981.72,-1378259792.15,50139684.53,1019245399.39,1554521897.99,535276498.6,6885004.84,654.06,549.09,102.03,186.21,1001.15,1021.94,0.0,0.0,,,,,,,通信,通信服务,通信工程及服务,3.48,3.48,3.47
sz300050,世纪鼎利,2022-05-11,3.53,3.6,3.46,3.47,3.54,6387900.0,22604382.0,1767740098.89,1943327411.46,-1378259792.15,50139684.53,1019245399.39,1554521897.99,535276498.6,6885004.84,872.49,753.06,347.64,195.78,1026.49,1297.78,0.0,0.0,,,,,,,通信,通信服务,通信工程及服务,3.53,3.55,3.55
sz300050,世纪鼎利,2022-05-12,3.44,3.56,3.44,3.55,3.47,5505100.0,19381294.0,1808494913.85,1988130348.9,-1378259792.15,50139684.53,1019245399.39,1554521897.99,535276498.6,6885004.84,639.82,685.86,259.51,271.87,963.33,939.23,34.29,0.0,,,,,,,通信,通信服务,通信工程及服务,3.52,3.54,3.54
sz300050,世纪鼎利,2022-05-13,3.54,3.66,3.46,3.66,3.55,8400562.0,29908282.0,1864532784.42,2049734387.88,-1378259792.15,50139684.53,1019245399.39,1554521897.99,535276498.6,6885004.84,1080.07,1005.37,725.67,610.58,1083.34,1268.97,101.75,105.9,,,,,,,通信,通信服务,通信工程及服务,3.54,3.51,3.55
sz300050,世纪鼎利,2022-05-16,3.63,4.1,3.6,3.87,3.66,25288787.0,97857557.0,1971514173.69,2167342098.66,-1378259792.15,50139684.53,1019245399.39,1554521897.99,535276498.6,6885004.84,3223.1,3500.91,2895.18,1629.94,3427.97,4514.22,217.93,119.1,,,,,,,通信,通信服务,通信工程及服务,3.65,3.72,3.88
sz300050,世纪鼎利,2022-05-17,3.86,3.86,3.66,3.71,3.87,14925482.0,55784473.0,1890004543.77,2077736223.78,-1378259792.15,50139684.53,1019245399.39,1554521897.99,535276498.6,6885004.84,1580.11,2285.26,748.24,1246.54,3048.39,2028.38,183.45,0.0,,,,,,,通信,通信服务,通信工程及服务,3.72,3.7,3.7
sz300050,世纪鼎利,2022-05-18,3.68,3.82,3.68,3.71,3.71,7473657.0,28015979.0,1890004543.77,2077736223.78,-1378259792.15,50139684.53,1019245399.39,1554521897.99,535276498.6,6885004.84,928.76,943.31,88.6,363.44,1662.72,1449.57,76.23,0.0,,,,,,,通信,通信服务,通信工程及服务,3.73,3.73,3.72
sz300050,世纪鼎利,2022-05-19,3.69,3.78,3.67,3.76,3.71,6799957.0,25404955.0,1915476303.12,2105738059.68,-1378259792.15,50139684.53,1019245399.39,1554521897.99,535276498.6,6885004.84,910.97,695.18,269.35,229.82,1339.69,1487.53,0.0,107.46,,,,,,,通信,通信服务,通信工程及服务,3.71,3.72,3.73
sz300050,世纪鼎利,2022-05-20,3.75,3.79,3.72,3.75,3.76,4892877.0,18348748.0,1910381951.25,2100137692.5,-1378259792.15,50139684.53,1019245399.39,1554521897.99,535276498.6,6885004.84,500.47,709.24,156.86,131.16,1114.98,931.9,0.0,0.0,,,,,,,通信,通信服务,通信工程及服务,3.78,3.77,3.77
sz300050,世纪鼎利,2022-05-23,3.77,3.85,3.73,3.83,3.75,4846321.0,18424284.0,1951136766.21,2144940629.94,-1378259792.15,50139684.53,1019245399.39,1554521897.99,535276498.6,6885004.84,537.16,618.39,256.74,26.81,894.33,1043.02,0.0,0.0,,,,,,,通信,通信服务,通信工程及服务,3.77,3.79,3.79
sz300050,世纪鼎利,2022-05-24,3.83,3.86,3.6,3.62,3.83,6994300.0,26058353.0,1844155376.94,2027332919.16,-1378259792.15,50139684.53,1019245399.39,1554521897.99,535276498.6,6885004.84,822.93,804.63,169.81,628.91,1606.3,1165.48,0.0,0.0,,,,,,,通信,通信服务,通信工程及服务,3.86,3.82,3.78
sz300050,世纪鼎利,2022-05-25,3.63,3.78,3.61,3.75,3.62,11190200.0,41275559.0,1910381951.25,2100137692.5,-1378259792.15,50139684.53,1019245399.39,1554521897.99,535276498.6,6885004.84,1596.17,1014.4,1020.3,1647.77,1511.09,1357.87,0.0,107.51,,,,,,,通信,通信服务,通信工程及服务,3.66,3.68,3.7
sz300050,世纪鼎利,2022-05-26,3.72,3.82,3.65,3.75,3.75,7781500.0,29024480.0,1910381951.25,2100137692.5,-1378259792.15,50139684.53,1019245399.39,1554521897.99,535276498.6,6885004.84,969.61,1024.89,214.79,494.41,1718.05,1235.86,0.0,147.29,,,,,,,通信,通信服务,通信工程及服务,3.72,3.67,3.67
sz300050,世纪鼎利,2022-05-27,3.77,3.97,3.72,3.85,3.75,11911500.0,45788543.0,1961325469.95,2156141364.3,-1378259792.15,50139684.53,1019245399.39,1554521897.99,535276498.6,6885004.84,1679.3,1699.74,850.82,551.96,1575.6,2327.16,473.13,0.0,,,,,,,通信,通信服务,通信工程及服务,3.74,3.76,3.75
sz300050,世纪鼎利,2022-05-30,3.78,3.86,3.76,3.8,3.85,9792551.0,37175667.0,1935853710.6,2128139528.4,-1378259792.15,50139684.53,1019245399.39,1554521897.99,535276498.6,6885004.84,1128.1,1163.62,365.4,840.11,2224.07,1373.28,0.0,340.55,,,,,,,通信,通信服务,通信工程及服务,3.82,3.78,3.8
sz300050,世纪鼎利,2022-05-31,3.77,3.83,3.73,3.81,3.8,5335600.0,20192093.0,1940948062.47,2133739895.58,-1378259792.15,50139684.53,1019245399.39,1554521897.99,535276498.6,6885004.84,589.71,671.32,396.47,289.78,1033.03,1058.11,0.0,0.0,,,,,,,通信,通信服务,通信工程及服务,3.79,3.78,3.73
sz300050,世纪鼎利,2022-06-01,3.83,3.91,3.8,3.81,3.81,6020208.0,23213946.0,1940948062.47,2133739895.58,-1378259792.15,50139684.53,1019245399.39,1554521897.99,535276498.6,6885004.84,681.51,704.8,276.65,409.09,1363.23,1207.5,0.0,0.0,,,,,,,通信,通信服务,通信工程及服务,3.87,3.9,3.88
sz300050,世纪鼎利,2022-06-02,3.79,3.87,3.75,3.85,3.81,4793000.0,18287772.0,1961325469.95,2156141364.3,-1378259792.15,50139684.53,1019245399.39,1554521897.99,535276498.6,6885004.84,443.08,608.78,167.38,86.86,1156.4,1071.22,0.0,0.0,,,,,,,通信,通信服务,通信工程及服务,3.81,3.78,3.75
sz300050,世纪鼎利,2022-06-06,3.87,3.89,3.81,3.85,3.85,6859200.0,26387824.0,1961325469.95,2156141364.3,-1378259792.15,50139684.53,1019245399.39,1554521897.99,535276498.6,6885004.84,866.89,808.46,382.87,577.38,1359.61,1138.27,29.41,114.67,,,,,,,通信,通信服务,通信工程及服务,3.85,3.85,3.86
sz300050,世纪鼎利,2022-06-07,3.85,3.85,3.7,3.78,3.85,6347000.0,23942096.0,1925665006.86,2116938794.04,-1378259792.15,50139684.53,1019245399.39,1554521897.99,535276498.6,6885004.84,753.11,742.09,148.8,349.11,1488.92,1187.82,0.0,111.81,,,,,,,通信,通信服务,通信工程及服务,3.83,3.83,3.81
sz300050,世纪鼎利,2022-06-08,3.76,3.79,3.65,3.74,3.78,6028900.0,22499091.0,1905287599.38,2094537325.32,-1378259792.15,50139684.53,1019245399.39,1554521897.99,535276498.6,6885004.84,702.86,604.55,77.38,465.15,1442.87,1041.2,0.0,112.2,,,,,,,通信,通信服务,通信工程及服务,3.76,3.77,3.76
sz300050,世纪鼎利,2022-06-09,3.73,3.73,3.58,3.6,3.74,5996200.0,21787659.0,1833966673.2,2016132184.8,-1378259792.15,50139684.53,1019245399.39,1554521897.99,535276498.6,6885004.84,690.15,581.48,133.74,401.35,1340.02,1043.15,0.0,137.94,,,,,,,通信,通信服务,通信工程及服务,3.68,3.66,3.67
sz300050,世纪鼎利,2022-06-10,3.58,3.67,3.56,3.59,3.6,6522300.0,23533740.0,1828872321.33,2010531817.62,-1378259792.15,50139684.53,1019245399.39,1554521897.99,535276498.6,6885004.84,746.99,852.53,433.99,519.68,1172.39,981.17,0.0,0.0,,,,,,,通信,通信服务,通信工程及服务,3.64,3.63,3.62
sz300050,世纪鼎利,2022-06-13,3.57,3.68,3.56,3.62,3.59,8061900.0,29194974.0,1844155376.94,2027332919.16,-1378259792.15,50139684.53,1019245399.39,1554521897.99,535276498.6,6885004.84,937.89,725.3,314.1,977.92,1317.12,1216.28,350.38,0.0,,,,,,,通信,通信服务,通信工程及服务,3.61,3.6,3.61
sz300050,世纪鼎利,2022-06-14,3.6,3.62,3.4,3.58,3.62,5788600.0,20414472.0,1823777969.46,2004931450.44,-1378259792.15,50139684.53,1019245399.39,1554521897.99,535276498.6,6885004.84,771.5,792.63,151.0,272.76,1118.95,976.06,0.0,0.0,,,,,,,通信,通信服务,通信工程及服务,3.55,3.51,3.54
sz300050,世纪鼎利,2022-06-15,3.58,3.7,3.52,3.65,3.58,7519500.0,27497615.0,1859438432.55,2044134020.7,-1378259792.15,50139684.53,1019245399.39,1554521897.99,535276498.6,6885004.84,1050.11,780.59,490.53,539.37,1178.91,1429.81,30.2,0.0,,,,,,,通信,通信服务,通信工程及服务,3.59,3.65,3.63
sz300050,世纪鼎利,2022-06-16,3.63,3.98,3.63,3.87,3.65,23658700.0,90942455.0,1971514173.69,2167342098.66,-1378259792.15,50139684.53,1019245399.39,1554521897.99,535276498.6,6885004.84,2666.52,2883.47,1504.1,2162.2,4382.65,3437.06,380.58,451.12,,,,,,,通信,通信服务,通信工程及服务,3.66,3.73,3.78
sz300050,世纪鼎利,2022-06-17,3.89,3.93,3.74,3.78,3.87,12887400.0,49107710.0,1925665006.86,2116938794.04,-1378259792.15,50139684.53,1019245399.39,1554521897.99,535276498.6,6885004.84,1102.28,1878.17,429.72,780.29,3378.78,2139.73,0.0,112.58,,,,,,,通信,通信服务,通信工程及服务,3.84,3.86,3.82
sz300050,世纪鼎利,2022-06-20,3.76,3.89,3.73,3.83,3.78,8788700.0,33395488.0,1951136766.21,2144940629.94,-1378259792.15,50139684.53,1019245399.39,1554521897.99,535276498.6,6885004.84,1268.44,1115.03,306.96,169.15,1764.15,2055.37,0.0,0.0,,,,,,,通信,通信服务,通信工程及服务,3.79,3.77,3.74
sz300050,世纪鼎利,2022-06-21,3.84,4.02,3.79,3.99,3.83,17589000.0,68695361.0,2032646396.13,2234546504.82,-1378259792.15,50139684.53,1019245399.39,1554521897.99,535276498.6,6885004.84,2094.08,2362.08,1012.05,873.72,2707.16,3633.74,1056.24,0.0,,,,,,,通信,通信服务,通信工程及服务,3.8,3.86,3.85
sz300050,世纪鼎利,2022-06-22,3.94,3.94,3.82,3.84,3.99,13875000.0,53658366.0,1956231118.08,2150540997.12,-1378259792.15,50139684.53,1019245399.39,1554521897.99,535276498.6,6885004.84,1896.84,1707.13,711.82,491.23,2712.09,3122.39,0.0,0.0,,,,,,,通信,通信服务,通信工程及服务,3.88,3.85,3.86
sz300050,世纪鼎利,2022-06-23,3.83,3.92,3.79,3.89,3.84,7856200.0,30204508.0,1981702877.43,2178542833.02,-1378259792.15,50139684.53,1019245399.39,1554521897.99,535276498.6,6885004.84,892.08,900.36,553.72,151.1,1502.51,1968.99,72.14,0.0,,,,,,,通信,通信服务,通信工程及服务,3.83,3.82,3.83
sz300050,世纪鼎利,2022-06-24,3.89,3.92,3.84,3.84,3.89,7020844.0,27159482.0,1956231118.08,2150540997.12,-1378259792.15,50139684.53,1019245399.39,1554521897.99,535276498.6,6885004.84,915.65,885.96,249.64,985.3,1550.66,844.69,0.0,0.0,,,,,,,通信,通信服务,通信工程及服务,3.91,3.9,3.87
sz300050,世纪鼎利,2022-06-27,3.83,3.87,3.81,3.86,3.84,6514520.0,25009769.0,1966419821.82,2161741731.48,-1378259792.15,50139684.53,1019245399.39,1554521897.99,535276498.6,6885004.84,788.26,913.0,213.78,669.76,1498.94,918.22,0.0,0.0,,,,,,,通信,通信服务,通信工程及服务,3.83,3.82,3.82
sz300050,世纪鼎利,2022-06-28,3.84,3.98,3.82,3.97,3.86,13780900.0,54352680.0,2022457692.39,2223345770.46,-1378259792.15,50139684.53,1019245399.39,1554521897.99,535276498.6,6885004.84,1526.97,1789.42,1110.15,1310.45,2738.12,1987.06,45.75,334.07,,,,,,,通信,通信服务,通信工程及服务,3.84,3.88,3.93
sz300050,世纪鼎利,2022-06-29,3.98,4.0,3.9,4.0,3.97,10699900.0,42368707.0,2037740748.0,2240146872.0,-1378259792.15,50139684.53,1019245399.39,1554521897.99,535276498.6,6885004.84,1389.73,1391.68,856.57,698.04,1820.43,2100.48,123.48,0.0,,,,,,,通信,通信服务,通信工程及服务,3.98,3.92,3.94
sz300050,世纪鼎利,2022-06-30,3.99,4.09,3.95,3.96,4.0,13048700.0,52468500.0,2017363340.52,2217745403.28,-1378259792.15,50139684.53,1019245399.39,1554521897.99,535276498.6,6885004.84,1985.57,1777.01,914.56,1384.38,2035.85,1997.61,223.01,0.0,,,,,,,通信,通信服务,通信工程及服务,3.97,4.0,4.01
sz300050,世纪鼎利,2022-07-01,3.99,4.01,3.92,3.93,3.96,6977764.0,27625339.0,2002080284.91,2200944301.74,-1378259792.15,50139684.53,1019245399.39,1554521897.99,535276498.6,6885004.84,863.12,1187.83,414.44,608.66,1484.97,966.05,0.0,0.0,,,,,,,通信,通信服务,通信工程及服务,3.96,3.95,3.95
sz300050,世纪鼎利,2022-07-04,3.91,3.98,3.88,3.89,3.93,6585290.0,25837408.0,1981702877.43,2178542833.02,-1378259792.15,50139684.53,1019245399.39,1554521897.99,535276498.6,6885004.84,850.96,796.47,134.13,308.28,1598.65,1478.99,0.0,0.0,,,,,,,通信,通信服务,通信工程及服务,3.96,3.94,3.96
sz300050,世纪鼎利,2022-07-05,3.89,3.95,3.75,3.82,3.89,6528000.0,25000483.0,1946042414.34,2139340262.76,-1378259792.15,50139684.53,1019245399.39,1554521897.99,535276498.6,6885004.84,657.79,939.22,269.01,421.36,1565.64,1065.4,7.6,74.07,,,,,,,通信,通信服务,通信工程及服务,3.9,3.89,3.87
sz300050,世纪鼎利,2022-07-06,3.83,4.15,3.83,4.01,3.82,27282164.0,109571096.0,2042835099.87,2245747239.18,-1378259792.15,50139684.53,1019245399.39,1554521897.99,535276498.6,6885004.84,3734.89,3634.52,3071.7,2116.72,3883.17,4965.39,267.35,240.48,,,,,,,通信,通信服务,通信工程及服务,3.87,3.9,3.92
sz300050,世纪鼎利,2022-07-07,4.02,4.11,3.95,4.06,4.01,18661848.0,75272174.0,2068306859.22,2273749075.08,-1378259792.15,50139684.53,1019245399.39,1554521897.99,535276498.6,6885004.84,2319.08,2392.38,1192.98,1836.91,3654.71,3297.92,360.45,0.0,,,,,,,通信,通信服务,通信工程及服务,4.04,4.05,4.04
sz300050,世纪鼎利,2022-07-08,4.08,4.15,4.02,4.13,4.06,13699155.0,56230876.0,2103967322.31,2312951645.34,-1378259792.15,50139684.53,1019245399.39,1554521897.99,535276498.6,6885004.84,1886.84,2289.91,1188.49,1017.14,2547.75,2316.04,0.0,0.0,,,,,,,通信,通信服务,通信工程及服务,4.04,4.06,4.07
sz300050,世纪鼎利,2022-07-11,4.09,4.12,3.99,4.04,4.13,9019598.0,36332770.0,2058118155.48,2262548340.72,-1378259792.15,50139684.53,1019245399.39,1554521897.99,535276498.6,6885004.84,1070.64,1483.6,660.1,595.86,1797.26,1524.38,105.27,29.44,,,,,,,通信,通信服务,通信工程及服务,4.04,4.06,4.03
sz300050,世纪鼎利,2022-07-12,4.0,4.05,3.93,3.94,4.04,7567600.0,30053743.0,2007174636.78,2206544668.92,-1378259792.15,50139684.53,1019245399.39,1554521897.99,535276498.6,6885004.84,874.63,1100.29,208.12,696.84,1803.35,1208.24,119.27,0.0,,,,,,,通信,通信服务,通信工程及服务,4.04,4.02,3.97
sz300050,世纪鼎利,2022-07-13,3.94,4.15,3.92,4.08,3.94,11398500.0,46140623.0,2078495562.96,2284949809.44,-1378259792.15,50139684.53,1019245399.39,1554521897.99,535276498.6,6885004.84,1598.29,1487.76,948.37,1259.86,1643.78,1866.45,423.62,0.0,,,,,,,通信,通信服务,通信工程及服务,3.97,3.99,3.97
sz300050,世纪鼎利,2022-07-14,4.08,4.1,3.98,4.03,4.08,7523190.0,30180267.0,2053023803.61,2256947973.54,-1378259792.15,50139684.53,1019245399.39,1554521897.99,535276498.6,6885004.84,1186.22,1163.04,567.59,536.51,1264.22,1318.47,0.0,0.0,,,,,,,通信,通信服务,通信工程及服务,4.03,4.01,4.0
sz300050,世纪鼎利,2022-07-15,3.97,4.01,3.84,3.9,4.03,9600500.0,37542070.0,1986797229.3,2184143200.2000003,-1378259792.15,50139684.53,1019245399.39,1554521897.99,535276498.6,6885004.84,942.32,1058.37,267.83,851.19,2536.45,1446.18,7.6,398.47,,,,,,,通信,通信服务,通信工程及服务,3.94,3.88,3.89
sz300050,世纪鼎利,2022-07-18,3.9,4.07,3.88,4.06,3.9,8296004.0,33393657.0,2068306859.22,2273749075.08,-1378259792.15,50139684.53,1019245399.39,1554521897.99,535276498.6,6885004.84,904.27,1438.73,374.65,380.04,2014.12,1520.6,46.34,0.0,,,,,,,通信,通信服务,通信工程及服务,3.98,4.0,4.0
sz300050,世纪鼎利,2022-07-19,4.09,4.2,4.03,4.18,4.06,11831000.0,48968022.0,2129439081.66,2340953481.24,-1378259792.15,50139684.53,1019245399.39,1554521897.99,535276498.6,6885004.84,1816.93,1999.2,765.57,890.48,2013.24,2007.13,301.06,0.0,,,,,,,通信,通信服务,通信工程及服务,4.08,4.07,4.11
sz300050,世纪鼎利,2022-07-20,4.2,4.2,4.12,4.18,4.18,6386100.0,26540981.0,2129439081.66,2340953481.24,-1378259792.15,50139684.53,1019245399.39,1554521897.99,535276498.6,6885004.84,722.56,873.77,295.08,513.72,1608.72,1238.87,0.0,0.0,,,,,,,通信,通信服务,通信工程及服务,4.15,4.15,4.17
sz300050,世纪鼎利,2022-07-21,4.18,4.21,4.0,4.05,4.18,20638900.0,84246246.0,2063212507.35,2268148707.9,-1378259792.15,50139684.53,1019245399.39,1554521897.99,535276498.6,6885004.84,3564.62,3161.95,1689.84,3080.39,3162.92,1704.83,7.23,477.45,,,,,,,通信,通信服务,通信工程及服务,4.19,4.13,4.12
sz300050,世纪鼎利,2022-07-22,4.05,4.16,4.01,4.08,4.05,9226444.0,37742456.0,2078495562.96,2284949809.44,-1378259792.15,50139684.53,1019245399.39,1554521897.99,535276498.6,6885004.84,1231.92,1251.15,319.28,813.67,2223.04,1588.75,0.0,120.68,,,,,,,通信,通信服务,通信工程及服务,4.1,4.1,4.12
sz300050,世纪鼎利,2022-07-25,4.12,4.14,3.99,4.01,4.08,7719500.0,31227029.0,2042835099.87,2245747239.18,-1378259792.15,50139684.53,1019245399.39,1554521897.99,535276498.6,6885004.84,962.2,1103.08,431.67,429.04,1728.83,1354.99,0.0,235.59,,,,,,,通信,通信服务,通信工程及服务,4.12,4.09,4.08
sz300050,世纪鼎利,2022-07-26,4.01,4.07,3.97,4.06,4.01,5406060.0,21727292.0,2068306859.22,2273749075.08,-1378259792.15,50139684.53,1019245399.39,1554521897.99,535276498.6,6885004.84,704.67,702.62,302.92,192.9,1165.13,1277.21,0.0,0.0,,,,,,,通信,通信服务,通信工程及服务,4.01,4.0,3.98
sz300050,世纪鼎利,2022-07-27,4.06,4.18,4.02,4.08,4.06,6536336.0,26753069.0,2078495562.96,2284949809.44,-1378259792.15,50139684.53,1019245399.39,1554521897.99,535276498.6,6885004.84,1057.41,944.17,277.65,429.57,1340.25,1301.57,0.0,0.0,,,,,,,通信,通信服务,通信工程及服务,4.12,4.1,4.09
sz300050,世纪鼎利,2022-07-28,4.09,4.15,4.07,4.13,4.08,7207558.0,29760049.0,2103967322.31,2312951645.34,-1378259792.15,50139684.53,1019245399.39,1554521897.99,535276498.6,6885004.84,1357.33,1317.28,239.44,472.92,1379.24,1185.81,0.0,0.0,,,,,,,通信,通信服务,通信工程及服务,4.12,4.12,4.13
sz300050,世纪鼎利,2022-07-29,4.14,4.2,4.1,4.18,4.13,9304200.0,38692243.0,2129439081.66,2340953481.24,-1378259792.15,50139684.53,1019245399.39,1554521897.99,535276498.6,6885004.84,1609.2,1431.02,906.16,416.43,1353.87,1898.53,0.0,123.24,,,,,,,通信,通信服务,通信工程及服务,4.11,4.12,4.15
sz300050,世纪鼎利,2022-08-01,4.17,4.41,4.12,4.31,4.18,19416500.0,83279316.0,2195665655.9700003,2413758254.58,-1378259792.15,50139684.53,1019245399.39,1554521897.99,535276498.6,6885004.84,3120.82,2952.73,2124.09,1312.23,2952.84,3932.45,130.18,130.53,,,,,,,通信,通信服务,通信工程及服务,4.16,4.16,4.17
sz300050,世纪鼎利,2022-08-02,4.27,4.29,4.01,4.08,4.31,14439700.0,59343757.0,2078495562.96,2284949809.44,-1378259792.15,50139684.53,1019245399.39,1554521897.99,535276498.6,6885004.84,2124.87,2020.7,833.21,1220.57,2976.29,2241.35,0.0,451.75,,,,,,,通信,通信服务,通信工程及服务,4.19,4.13,4.13
sz300050,世纪鼎利,2022-08-03,4.09,4.2,4.01,4.01,4.08,12357600.0,50895875.0,2042835099.87,2245747239.18,-1378259792.15,50139684.53,1019245399.39,1554521897.99,535276498.6,6885004.84,1802.69,2007.07,737.94,937.61,2548.96,2144.9,0.0,0.0,,,,,,,通信,通信服务,通信工程及服务,4.15,4.16,4.16
sz300050,世纪鼎利,2022-08-04,4.04,4.18,4.04,4.18,4.01,10791566.0,44507704.0,2129439081.66,2340953481.24,-1378259792.15,50139684.53,1019245399.39,1554521897.99,535276498.6,6885004.84,1699.35,1784.66,694.96,708.96,2056.47,1957.15,0.0,0.0,,,,,,,通信,通信服务,通信工程及服务,4.12,4.11,4.1
sz300050,世纪鼎利,2022-08-05,4.21,4.23,4.12,4.19,4.18,6647800.0,27664590.0,2134533433.53,2346553848.42,-1378259792.15,50139684.53,1019245399.39,1554521897.99,535276498.6,6885004.84,950.18,1169.22,514.23,346.12,1302.05,1251.12,0.0,0.0,,,,,,,通信,通信服务,通信工程及服务,4.17,4.15,4.14
sz300050,世纪鼎利,2022-08-08,4.17,4.26,4.16,4.26,4.19,7885228.0,33294840.0,2170193896.62,2385756418.68,-1378259792.15,50139684.53,1019245399.39,1554521897.99,535276498.6,6885004.84,1278.49,1131.25,627.05,997.78,1423.94,1200.45,0.0,0.0,,,,,,,通信,通信服务,通信工程及服务,4.18,4.21,4.23
sz300050,世纪鼎利,2022-08-09,4.26,4.3,4.21,4.27,4.26,6989087.0,29690575.0,2175288248.49,2391356785.86,-1378259792.15,50139684.53,1019245399.39,1554521897.99,535276498.6,6885004.84,1074.62,1177.35,554.75,636.95,1339.69,1048.51,0.0,106.25,,,,,,,通信,通信服务,通信工程及服务,4.23,4.23,4.25
sz300050,世纪鼎利,2022-08-10,4.27,4.32,4.24,4.3,4.27,7608153.0,32581270.0,2190571304.1,2408157887.4,-1378259792.15,50139684.53,1019245399.39,1554521897.99,535276498.6,6885004.84,1198.82,1443.99,279.42,496.9,1675.63,1317.24,104.26,0.0,,,,,,,通信,通信服务,通信工程及服务,4.25,4.3,4.3
sz300050,世纪鼎利,2022-08-11,4.3,4.39,4.29,4.36,4.3,9218666.0,40056234.0,2221137415.32,2441760090.48,-1378259792.15,50139684.53,1019245399.39,1554521897.99,535276498.6,6885004.84,1657.08,1569.34,808.77,857.61,1539.77,1578.67,0.0,0.0,,,,,,,通信,通信服务,通信工程及服务,4.34,4.31,4.3
sz300050,世纪鼎利,2022-08-12,4.36,4.44,4.3,4.41,4.36,11008300.0,48360137.0,2246609174.67,2469761926.38,-1378259792.15,50139684.53,1019245399.39,1554521897.99,535276498.6,6885004.84,1732.14,1770.21,1444.04,1093.71,1659.83,1972.09,0.0,0.0,,,,,,,通信,通信服务,通信工程及服务,4.32,4.3,4.37
sz300050,世纪鼎利,2022-08-15,4.42,4.43,4.32,4.35,4.41,6818100.0,29654701.0,2216043063.45,2436159723.3,-1378259792.15,50139684.53,1019245399.39,1554521897.99,535276498.6,6885004.84,1073.05,1026.78,336.29,580.04,1556.13,1358.65,0.0,0.0,,,,,,,通信,通信服务,通信工程及服务,4.34,4.36,4.33
sz300050,世纪鼎利,2022-08-16,4.33,4.38,4.29,4.32,4.35,5995100.0,25944133.0,2200760007.84,2419358621.76,-1378259792.15,50139684.53,1019245399.39,1554521897.99,535276498.6,6885004.84,870.4,1040.54,577.68,343.24,1146.33,1210.63,0.0,0.0,,,,,,,通信,通信服务,通信工程及服务,4.38,4.35,4.35
sz300050,世纪鼎利,2022-08-17,4.34,4.35,4.27,4.31,4.32,5179520.0,22289086.0,2195665655.9700003,2413758254.58,-1378259792.15,50139684.53,1019245399.39,1554521897.99,535276498.6,6885004.84,683.66,643.56,338.68,451.76,1206.56,1095.58,0.0,38.01,,,,,,,通信,通信服务,通信工程及服务,4.34,4.33,4.31
sz300050,世纪鼎利,2022-08-18,4.32,4.32,4.23,4.29,4.31,7106800.0,30358835.0,2185476952.23,2402557520.22,-1378259792.15,50139684.53,1019245399.39,1554521897.99,535276498.6,6885004.84,993.55,830.58,321.14,766.79,1721.19,1438.51,0.0,0.0,,,,,,,通信,通信服务,通信工程及服务,4.26,4.27,4.24
sz300050,世纪鼎利,2022-08-19,4.3,4.38,4.23,4.23,4.29,8616700.0,37057705.0,2154910841.01,2368955317.1400003,-1378259792.15,50139684.53,1019245399.39,1554521897.99,535276498.6,6885004.84,1278.77,1238.5,551.89,507.45,1875.11,1959.82,0.0,0.0,,,,,,,通信,通信服务,通信工程及服务,4.35,4.35,4.35
sz300050,世纪鼎利,2022-08-22,4.2,4.35,4.19,4.25,4.23,6099600.0,25965927.0,2165099544.75,2380156051.5,-1378259792.15,50139684.53,1019245399.39,1554521897.99,535276498.6,6885004.84,878.85,898.11,483.72,470.96,1234.03,1227.52,0.0,0.0,,,,,,,通信,通信服务,通信工程及服务,4.27,4.28,4.28
sz300050,世纪鼎利,2022-08-23,4.26,4.29,4.22,4.26,4.25,5178791.0,22051926.0,2170193896.62,2385756418.68,-1378259792.15,50139684.53,1019245399.39,1554521897.99,535276498.6,6885004.84,609.25,734.98,462.13,249.26,1017.58,1220.96,116.23,0.0,,,,,,,通信,通信服务,通信工程及服务,4.26,4.25,4.27
sz300050,世纪鼎利,2022-08-24,4.27,4.29,4.08,4.11,4.26,7674520.0,31884731.0,2093778618.57,2301750910.98,-1378259792.15,50139684.53,1019245399.39,1554521897.99,535276498.6,6885004.84,1156.54,1001.81,274.07,574.74,1757.86,1611.92,0.0,0.0,,,,,,,通信,通信服务,通信工程及服务,4.24,4.21,4.2
sz300050,世纪鼎利,2022-08-25,4.09,4.13,3.94,4.0,4.11,10636020.0,42540657.0,2037740748.0,2240146872.0,-1371081928.65,78283809.22,990724945.1,1446870886.68,456145941.58,-28918247.48,1301.09,1104.93,759.03,736.85,2193.95,2292.17,0.0,120.12,,,,,,,通信,通信服务,通信工程及服务,4.06,4.03,4.03
sz300050,世纪鼎利,2022-08-26,3.98,4.03,3.89,3.9,4.0,7411620.0,29296976.0,1986797229.3,2184143200.2000003,-1371081928.65,78283809.22,990724945.1,1446870886.68,456145941.58,-28918247.48,925.51,793.05,277.84,140.86,1726.36,1995.78,0.0,0.0,,,,,,,通信,通信服务,通信工程及服务,3.99,3.98,3.97
sz300050,世纪鼎利,2022-08-29,3.92,3.96,3.77,3.96,3.9,4296470.0,16738566.0,2017363340.52,2217745403.28,-1371081928.65,78283809.22,990724945.1,1446870886.68,456145941.58,-28918247.48,699.01,363.16,144.12,64.47,830.72,1246.23,0.0,0.0,,,,,,,通信,通信服务,通信工程及服务,3.85,3.86,3.86
sz300050,世纪鼎利,2022-08-30,3.98,4.08,3.92,3.99,3.96,6568336.0,26286452.0,2032646396.13,2234546504.82,-1371081928.65,78283809.22,990724945.1,1446870886.68,456145941.58,-28918247.48,902.63,885.78,235.37,309.96,1458.83,1432.91,31.82,0.0,,,,,,,通信,通信服务,通信工程及服务,4.0,4.03,4.01
sz300050,世纪鼎利,2022-08-31,3.97,4.09,3.88,3.88,3.99,6450700.0,25466930.0,1976608525.56,2172942465.84,-1371081928.65,78283809.22,990724945.1,1446870886.68,456145941.58,-28918247.48,806.95,706.19,302.58,440.41,1437.16,1400.09,0.0,0.0,,,,,,,通信,通信服务,通信工程及服务,4.02,4.01,3.97
sz300050,世纪鼎利,2022-09-01,3.9,3.97,3.84,3.84,3.88,4433700.0,17248775.0,1956231118.08,2150540997.12,-1371081928.65,78283809.22,990724945.1,1446870886.68,456145941.58,-28918247.48,492.73,422.45,321.22,227.93,910.93,1074.49,0.0,0.0,,,,,,,通信,通信服务,通信工程及服务,3.89,3.9,3.92
sz300050,世纪鼎利,2022-09-02,3.85,4.04,3.85,4.02,3.84,9712600.0,38700058.0,2047929451.74,2251347606.36,-1371081928.65,78283809.22,990724945.1,1446870886.68,456145941.58,-28918247.48,1071.67,1617.44,448.06,770.25,2230.57,1482.32,119.7,0.0,,,,,,,通信,通信服务,通信工程及服务,3.89,3.9,3.92
sz300050,世纪鼎利,2022-09-05,4.02,4.06,3.95,4.0,4.02,4787900.0,19140626.0,2037740748.0,2240146872.0,-1371081928.65,78283809.22,990724945.1,1446870886.68,456145941.58,-28918247.48,448.36,775.41,399.58,228.21,1066.13,910.44,0.0,0.0,,,,,,,通信,通信服务,通信工程及服务,4.01,4.01,4.01
sz300050,世纪鼎利,2022-09-06,4.02,4.02,3.94,4.01,4.0,3980300.0,15864148.0,2042835099.87,2245747239.18,-1371081928.65,78283809.22,990724945.1,1446870886.68,456145941.58,-28918247.48,598.23,637.95,56.95,209.59,931.23,738.88,0.0,0.0,,,,,,,通信,通信服务,通信工程及服务,3.99,3.99,3.99
sz300050,世纪鼎利,2022-09-07,4.01,4.01,3.94,3.96,4.01,4151300.0,16476743.0,2017363340.52,2217745403.28,-1371081928.65,78283809.22,990724945.1,1446870886.68,456145941.58,-28918247.48,501.98,534.13,326.05,110.85,819.64,1002.69,0.0,0.0,,,,,,,通信,通信服务,通信工程及服务,4.0,3.98,3.99
sz300050,世纪鼎利,2022-09-08,3.97,3.97,3.88,3.9,3.96,4213700.0,16464350.0,1986797229.3,2184143200.2000003,-1371081928.65,78283809.22,990724945.1,1446870886.68,456145941.58,-28918247.48,506.18,642.73,242.17,96.64,898.08,907.06,0.0,0.0,,,,,,,通信,通信服务,通信工程及服务,3.96,3.95,3.93
sz300050,世纪鼎利,2022-09-09,3.9,3.95,3.83,3.9,3.9,6198998.0,24095983.0,1986797229.3,2184143200.2000003,-1371081928.65,78283809.22,990724945.1,1446870886.68,456145941.58,-28918247.48,962.51,674.88,559.74,191.42,887.35,1543.3,0.0,0.0,,,,,,,通信,通信服务,通信工程及服务,3.87,3.85,3.84
sz300050,世纪鼎利,2022-09-13,3.92,3.96,3.86,3.89,3.9,4078625.0,15930783.0,1981702877.43,2178542833.02,-1371081928.65,78283809.22,990724945.1,1446870886.68,456145941.58,-28918247.48,454.72,461.5,437.94,212.3,700.42,919.28,0.0,0.0,,,,,,,通信,通信服务,通信工程及服务,3.91,3.95,3.94
sz300050,世纪鼎利,2022-09-14,3.82,3.86,3.8,3.82,3.89,3989600.0,15260376.0,1946042414.34,2139340262.76,-1371081928.65,78283809.22,990724945.1,1446870886.68,456145941.58,-28918247.48,546.67,595.42,166.37,177.71,813.0,752.91,0.0,0.0,,,,,,,通信,通信服务,通信工程及服务,3.83,3.82,3.83
sz300050,世纪鼎利,2022-09-15,3.83,3.84,3.67,3.72,3.82,6339400.0,23685183.0,1895098895.64,2083336590.96,-1371081928.65,78283809.22,990724945.1,1446870886.68,456145941.58,-28918247.48,745.28,767.12,633.23,600.07,990.01,1001.32,0.0,0.0,,,,,,,通信,通信服务,通信工程及服务,3.81,3.8,3.78
sz300050,世纪鼎利,2022-09-16,3.71,3.72,3.59,3.59,3.72,4299400.0,15683804.0,1828872321.33,2010531817.62,-1371081928.65,78283809.22,990724945.1,1446870886.68,456145941.58,-28918247.48,504.71,408.85,66.63,117.44,997.04,1042.09,0.0,0.0,,,,,,,通信,通信服务,通信工程及服务,3.69,3.64,3.65
sz300050,世纪鼎利,2022-09-19,3.61,3.61,3.48,3.51,3.59,3346200.0,11819928.0,1788117506.37,1965728880.18,-1371081928.65,78283809.22,990724945.1,1446870886.68,456145941.58,-28918247.48,200.64,421.4,44.74,62.35,936.62,698.25,0.0,0.0,,,,,,,通信,通信服务,通信工程及服务,3.57,3.58,3.56
sz300050,世纪鼎利,2022-09-20,3.53,3.61,3.53,3.58,3.51,3480500.0,12420516.0,1823777969.46,2004931450.44,-1371081928.65,78283809.22,990724945.1,1446870886.68,456145941.58,-28918247.48,374.02,336.77,99.71,110.75,768.32,794.53,0.0,0.0,,,,,,,通信,通信服务,通信工程及服务,3.56,3.56,3.57
sz300050,世纪鼎利,2022-09-21,3.57,3.65,3.5,3.63,3.58,3904200.0,14010642.0,1849249728.81,2032933286.34,-1371081928.65,78283809.22,990724945.1,1446870886.68,456145941.58,-28918247.48,382.73,524.0,104.37,142.6,884.46,704.97,0.0,0.0,,,,,,,通信,通信服务,通信工程及服务,3.53,3.53,3.54
sz300050,世纪鼎利,2022-09-22,3.62,3.65,3.55,3.56,3.63,3147500.0,11324331.0,1813589265.72,1993730716.08,-1371081928.65,78283809.22,990724945.1,1446870886.68,456145941.58,-28918247.48,439.4,320.76,0.0,48.63,693.03,763.05,0.0,0.0,,,,,,,通信,通信服务,通信工程及服务,3.62,3.63,3.63
sz300050,世纪鼎利,2022-09-23,3.57,3.58,3.44,3.47,3.56,3802900.0,13281882.0,1767740098.89,1943327411.46,-1371081928.65,78283809.22,990724945.1,1446870886.68,456145941.58,-28918247.48,316.33,385.74,154.46,122.12,857.39,820.33,0.0,0.0,,,,,,,通信,通信服务,通信工程及服务,3.54,3.53,3.52
sz300050,世纪鼎利,2022-09-26,3.45,3.45,3.34,3.36,3.47,4244300.0,14345296.0,1711702228.32,1881723372.48,-1371081928.65,78283809.22,990724945.1,1446870886.68,456145941.58,-28918247.48,372.93,438.9,0.0,199.33,1061.6,796.29,0.0,0.0,,,,,,,通信,通信服务,通信工程及服务,3.39,3.39,3.38
sz300050,世纪鼎利,2022-09-27,3.38,3.48,3.38,3.46,3.36,4211202.0,14477621.0,1762645747.0200002,1937727044.28,-1371081928.65,78283809.22,990724945.1,1446870886.68,456145941.58,-28918247.48,438.44,692.12,134.95,109.94,874.38,645.7,0.0,0.0,,,,,,,通信,通信服务,通信工程及服务,3.44,3.44,3.41
sz300050,世纪鼎利,2022-09-28,3.43,3.48,3.39,3.39,3.46,3535802.0,12123617.0,1726985283.9299998,1898524474.02,-1371081928.65,78283809.22,990724945.1,1446870886.68,456145941.58,-28918247.48,369.51,462.54,129.59,39.79,713.27,710.03,0.0,0.0,,,,,,,通信,通信服务,通信工程及服务,3.45,3.46,3.45
sz300050,世纪鼎利,2022-09-29,3.44,3.45,3.32,3.34,3.39,4611244.0,15563919.0,1701513524.5800002,1870522638.12,-1371081928.65,78283809.22,990724945.1,1446870886.68,456145941.58,-28918247.48,483.49,433.96,102.94,37.23,969.96,1085.2,0.0,0.0,,,,,,,通信,通信服务,通信工程及服务,3.43,3.43,3.43
sz300050,世纪鼎利,2022-09-30,3.32,3.38,3.3,3.34,3.34,4063946.0,13566216.0,1701513524.5800002,1870522638.12,-1371081928.65,78283809.22,990724945.1,1446870886.68,456145941.58,-28918247.48,362.54,540.05,308.08,196.33,686.0,620.25,0.0,0.0,,,,,,,通信,通信服务,通信工程及服务,3.36,3.37,3.35
sz300050,世纪鼎利,2022-10-10,3.35,3.37,3.2,3.23,3.34,5241700.0,17162401.0,1645475654.01,1808918599.14,-1371081928.65,78283809.22,990724945.1,1446870886.68,456145941.58,-28918247.48,587.91,626.25,132.39,361.33,995.94,728.66,0.0,0.0,,,,,,,通信,通信服务,通信工程及服务,3.3,3.33,3.31
sz300050,世纪鼎利,2022-10-11,3.28,3.29,3.17,3.27,3.23,4361700.0,14174991.0,1665853061.49,1831320067.86,-1371081928.65,78283809.22,990724945.1,1446870886.68,456145941.58,-28918247.48,321.07,551.95,132.36,104.56,964.07,760.98,0.0,0.0,,,,,,,通信,通信服务,通信工程及服务,3.25,3.23,3.23
sz300050,世纪鼎利,2022-10-12,3.31,3.41,3.27,3.39,3.27,5534200.0,18496031.0,1726985283.9299998,1898524474.02,-1371081928.65,78283809.22,990724945.1,1446870886.68,456145941.58,-28918247.48,615.29,751.17,222.59,123.38,1011.72,975.06,0.0,0.0,,,,,,,通信,通信服务,通信工程及服务,3.3,3.33,3.32
sz300050,世纪鼎利,2022-10-13,3.39,3.57,3.36,3.53,3.39,8158991.0,28537471.0,1798306210.11,1976929614.54,-1371081928.65,78283809.22,990724945.1,1446870886.68,456145941.58,-28918247.48,745.18,726.1,391.64,490.34,1293.57,1637.3,423.36,0.0,,,,,,,通信,通信服务,通信工程及服务,3.42,3.4,3.44
sz300050,世纪鼎利,2022-10-14,3.53,3.62,3.5,3.58,3.53,6152700.0,21972584.0,1823777969.46,2004931450.44,-1371081928.65,78283809.22,990724945.1,1446870886.68,456145941.58,-28918247.48,657.53,529.52,346.18,251.43,1193.55,1416.32,0.0,0.0,,,,,,,通信,通信服务,通信工程及服务,3.53,3.56,3.57
sz300050,世纪鼎利,2022-10-17,3.56,3.76,3.55,3.69,3.58,7182200.0,26420452.0,1879815840.03,2066535489.42,-1371081928.65,78283809.22,990724945.1,1446870886.68,456145941.58,-28918247.48,702.69,832.69,283.13,345.93,1656.22,1463.43,0.0,0.0,,,,,,,通信,通信服务,通信工程及服务,3.61,3.63,3.64
sz300050,世纪鼎利,2022-10-18,3.69,3.73,3.64,3.67,3.69,6271925.0,23118636.0,1869627136.29,2055334755.06,-1371081928.65,78283809.22,990724945.1,1446870886.68,456145941.58,-28918247.48,483.25,1071.04,80.14,327.29,1748.47,913.53,0.0,0.0,,,,,,,通信,通信服务,通信工程及服务,3.68,3.68,3.69
sz300050,世纪鼎利,2022-10-19,3.58,3.74,3.58,3.66,3.67,5992000.0,22072187.0,1864532784.42,2049734387.88,-1371081928.65,78283809.22,990724945.1,1446870886.68,456145941.58,-28918247.48,653.72,808.18,211.99,245.96,1341.51,1153.09,0.0,0.0,,,,,,,通信,通信服务,通信工程及服务,3.66,3.67,3.65
sz300050,世纪鼎利,2022-10-20,3.66,3.74,3.63,3.67,3.66,6210725.0,22848347.0,1869627136.29,2055334755.06,-1371081928.65,78283809.22,990724945.1,1446870886.68,456145941.58,-28918247.48,717.75,865.17,254.4,213.63,1312.69,1206.03,0.0,0.0,,,,,,,通信,通信服务,通信工程及服务,3.69,3.67,3.66
sz300050,世纪鼎利,2022-10-21,3.65,3.83,3.65,3.7,3.67,9592300.0,35869481.0,1884910191.9,2072135856.6,-1371081928.65,78283809.22,990724945.1,1446870886.68,456145941.58,-28918247.48,1353.41,1330.97,460.95,679.21,1623.54,1573.42,145.7,0.0,,,,,,,通信,通信服务,通信工程及服务,3.72,3.7,3.69
sz300050,世纪鼎利,2022-10-24,3.73,3.77,3.55,3.59,3.7,8596400.0,31536744.0,1828872321.33,2010531817.62,-1371081928.65,78283809.22,990724945.1,1446870886.68,456145941.58,-28918247.48,992.9,1023.35,196.01,770.95,1964.76,1359.38,0.0,0.0,,,,,,,通信,通信服务,通信工程及服务,3.72,3.71,3.71
sz300050,世纪鼎利,2022-10-25,3.61,3.64,3.49,3.53,3.59,7567000.0,26746822.0,1798306210.11,1976929614.54,-1371081928.65,78283809.22,990724945.1,1446870886.68,456145941.58,-28918247.48,664.88,741.22,377.6,386.37,1632.2,1123.77,0.0,423.33,,,,,,,通信,通信服务,通信工程及服务,3.56,3.56,3.54
sz300050,世纪鼎利,2022-10-26,3.57,3.67,3.52,3.63,3.53,7429900.0,26897612.0,1849249728.81,2032933286.34,-1371081928.65,78283809.22,990724945.1,1446870886.68,456145941.58,-28918247.48,979.68,981.4,151.93,371.28,1558.15,1337.09,0.0,0.0,,,,,,,通信,通信服务,通信工程及服务,3.54,3.61,3.62
sz300050,世纪鼎利,2022-10-27,3.7,3.77,3.64,3.7,3.63,10308100.0,38382908.0,1884910191.9,2072135856.6,-1333950933.61,78613759.50999999,993038670.2,1412882540.22,419843870.02,1724058.84,757.23,1299.63,395.75,566.8,2685.31,1971.86,0.0,0.0,,,,,,,通信,通信服务,通信工程及服务,3.7,3.73,3.75
sz300050,世纪鼎利,2022-10-28,3.69,3.72,3.53,3.53,3.7,8034600.0,29031742.0,1798306210.11,1976929614.54,-1333950933.61,78613759.50999999,993038670.2,1412882540.22,419843870.02,1724058.84,828.58,727.4,226.09,213.92,1848.5,1961.85,0.0,0.0,,,,,,,通信,通信服务,通信工程及服务,3.67,3.65,3.63
sz300050,世纪鼎利,2022-10-31,3.5,3.71,3.49,3.65,3.53,8767800.0,31860617.0,1859438432.55,2044134020.7,-1333950933.61,78613759.50999999,993038670.2,1412882540.22,419843870.02,1724058.84,1082.03,847.9,511.56,290.06,1592.48,2048.1,0.0,0.0,,,,,,,通信,通信服务,通信工程及服务,3.57,3.6,3.61
sz300050,世纪鼎利,2022-11-01,3.68,3.74,3.65,3.7,3.65,6076400.0,22449669.0,1884910191.9,2072135856.6,-1333950933.61,78613759.50999999,993038670.2,1412882540.22,419843870.02,1724058.84,804.44,714.59,108.59,111.27,1228.11,1419.1,103.83,0.0,,,,,,,通信,通信服务,通信工程及服务,3.71,3.72,3.69
sz300050,世纪鼎利,2022-11-02,3.7,3.76,3.68,3.72,3.7,7701400.0,28641329.0,1895098895.64,2083336590.96,-1333950933.61,78613759.50999999,993038670.2,1412882540.22,419843870.02,1724058.84,1082.57,900.64,408.06,343.82,1247.33,1619.67,126.17,0.0,,,,,,,通信,通信服务,通信工程及服务,3.71,3.73,3.72
sz300050,世纪鼎利,2022-11-03,3.69,3.75,3.63,3.68,3.72,4875021.0,17915990.0,1874721488.16,2060935122.24,-1333950933.61,78613759.50999999,993038670.2,1412882540.22,419843870.02,1724058.84,466.07,593.52,170.75,94.58,1154.79,1103.5,0.0,0.0,,,,,,,通信,通信服务,通信工程及服务,3.73,3.69,3.67
sz300050,世纪鼎利,2022-11-04,3.66,3.72,3.64,3.69,3.68,8199000.0,30190816.0,1879815840.03,2066535489.42,-1333950933.61,78613759.50999999,993038670.2,1412882540.22,419843870.02,1724058.84,1113.47,1002.33,658.12,734.44,1247.5,1178.99,0.0,103.32,,,,,,,通信,通信服务,通信工程及服务,3.68,3.68,3.67
sz300050,世纪鼎利,2022-11-07,3.71,3.75,3.68,3.73,3.69,8266900.0,30719411.0,1900193247.51,2088936958.14,-1333950933.61,78613759.50999999,993038670.2,1412882540.22,419843870.02,1724058.84,965.99,921.59,323.5,821.15,1782.45,1329.2,0.0,0.0,,,,,,,通信,通信服务,通信工程及服务,3.73,3.75,3.7
sz300050,世纪鼎利,2022-11-08,3.75,3.81,3.69,3.77,3.73,9756121.0,36482439.0,1920570654.99,2111338426.86,-1333950933.61,78613759.50999999,993038670.2,1412882540.22,419843870.02,1724058.84,1487.47,1208.99,562.39,737.67,1598.38,1701.59,0.0,0.0,,,,,,,通信,通信服务,通信工程及服务,3.7,3.7,3.73
sz300050,世纪鼎利,2022-11-09,3.77,3.79,3.73,3.75,3.77,4820588.0,18146810.0,1910381951.25,2100137692.5,-1333950933.61,78613759.50999999,993038670.2,1412882540.22,419843870.02,1724058.84,639.45,641.26,131.73,93.13,1043.51,1080.29,0.0,0.0,,,,,,,通信,通信服务,通信工程及服务,3.74,3.75,3.76
sz300050,世纪鼎利,2022-11-10,3.76,3.79,3.72,3.79,3.75,5268502.0,19870215.0,1930759358.73,2122539161.22,-1333950933.61,78613759.50999999,993038670.2,1412882540.22,419843870.02,1724058.84,800.57,639.93,275.77,112.35,910.68,1234.74,0.0,0.0,,,,,,,通信,通信服务,通信工程及服务,3.76,3.76,3.78
sz300050,世纪鼎利,2022-11-11,3.83,3.87,3.75,3.77,3.79,7403800.0,28156360.0,1920570654.99,2111338426.86,-1333950933.61,78613759.50999999,993038670.2,1412882540.22,419843870.02,1724058.84,1180.45,991.46,435.06,402.87,1200.13,1421.31,0.0,0.0,,,,,,,通信,通信服务,通信工程及服务,3.83,3.82,3.82
sz300050,世纪鼎利,2022-11-14,3.75,3.8,3.74,3.77,3.77,5233000.0,19729709.0,1920570654.99,2111338426.86,-1333950933.61,78613759.50999999,993038670.2,1412882540.22,419843870.02,1724058.84,575.83,749.73,306.11,116.51,1091.02,1106.73,0.0,0.0,,,,,,,通信,通信服务,通信工程及服务,3.76,3.76,3.77
sz300050,世纪鼎利,2022-11-15,3.75,3.82,3.75,3.8,3.77,5201200.0,19722459.0,1935853710.6,2128139528.4,-1333950933.61,78613759.50999999,993038670.2,1412882540.22,419843870.02,1724058.84,674.94,604.74,252.07,546.75,1045.23,820.76,0.0,0.0,,,,,,,通信,通信服务,通信工程及服务,3.79,3.8,3.79
sz300050,世纪鼎利,2022-11-16,3.8,3.91,3.78,3.89,3.8,10936900.0,42356395.0,1981702877.43,2178542833.02,-1333950933.61,78613759.50999999,993038670.2,1412882540.22,419843870.02,1724058.84,1457.49,1383.89,806.11,1172.05,1855.34,1679.7,116.7,0.0,,,,,,,通信,通信服务,通信工程及服务,3.84,3.84,3.87
sz300050,世纪鼎利,2022-11-17,3.9,3.91,3.85,3.91,3.89,5473200.0,21256620.0,1991891581.17,2189743567.38,-1333950933.61,78613759.50999999,993038670.2,1412882540.22,419843870.02,1724058.84,624.8,792.3,373.1,490.14,1127.76,739.01,0.0,104.21,,,,,,,通信,通信服务,通信工程及服务,3.89,3.9,3.86
sz300050,世纪鼎利,2022-11-18,3.94,3.97,3.87,3.88,3.91,8294900.0,32475192.0,1976608525.56,2172942465.84,-1333950933.61,78613759.50999999,993038670.2,1412882540.22,419843870.02,1724058.84,1128.33,1303.72,513.78,789.4,1368.88,1154.41,236.54,0.0,,,,,,,通信,通信服务,通信工程及服务,3.93,3.9,3.9
sz300050,世纪鼎利,2022-11-21,3.86,3.89,3.77,3.81,3.88,7606447.0,28986541.0,1940948062.47,2133739895.58,-1333950933.61,78613759.50999999,993038670.2,1412882540.22,419843870.02,1724058.84,1128.35,957.8,185.12,848.67,1585.18,1092.19,0.0,0.0,,,,,,,通信,通信服务,通信工程及服务,3.85,3.84,3.81
sz300050,世纪鼎利,2022-11-22,3.82,3.89,3.77,3.8,3.81,6668800.0,25576185.0,1935853710.6,2128139528.4,-1333950933.61,78613759.50999999,993038670.2,1412882540.22,419843870.02,1724058.84,886.22,1008.01,412.53,489.35,1258.87,1060.26,0.0,0.0,,,,,,,通信,通信服务,通信工程及服务,3.84,3.86,3.86
sz300050,世纪鼎利,2022-11-23,3.77,3.82,3.64,3.7,3.8,5867800.0,21755485.0,1884910191.9,2072135856.6,-1333950933.61,78613759.50999999,993038670.2,1412882540.22,419843870.02,1724058.84,600.35,793.13,250.88,305.85,1324.31,1076.56,0.0,0.0,,,,,,,通信,通信服务,通信工程及服务,3.74,3.72,3.71
sz300050,世纪鼎利,2022-11-24,3.7,3.75,3.65,3.67,3.7,5786448.0,21388595.0,1869627136.29,2055334755.06,-1333950933.61,78613759.50999999,993038670.2,1412882540.22,419843870.02,1724058.84,805.65,706.57,328.6,205.28,1004.6,1227.01,0.0,0.0,,,,,,,通信,通信服务,通信工程及服务,3.71,3.74,3.73
sz300050,世纪鼎利,2022-11-25,3.7,3.71,3.61,3.62,3.67,4185300.0,15281338.0,1844155376.94,2027332919.16,-1333950933.61,78613759.50999999,993038670.2,1412882540.22,419843870.02,1724058.84,366.64,553.07,69.37,80.12,1092.12,894.95,0.0,0.0,,,,,,,通信,通信服务,通信工程及服务,3.69,3.69,3.66
sz300050,世纪鼎利,2022-11-28,3.64,3.66,3.53,3.6,3.62,5390502.0,19418734.0,1833966673.2,2016132184.8,-1333950933.61,78613759.50999999,993038670.2,1412882540.22,419843870.02,1724058.84,702.81,400.52,207.91,162.13,1031.15,1379.22,0.0,0.0,,,,,,,通信,通信服务,通信工程及服务,3.59,3.61,3.63
sz300050,世纪鼎利,2022-11-29,3.61,3.7,3.6,3.7,3.6,5036002.0,18461219.0,1884910191.9,2072135856.6,-1333950933.61,78613759.50999999,993038670.2,1412882540.22,419843870.02,1724058.84,524.74,446.6,268.78,214.5,1052.6,1185.02,0.0,0.0,,,,,,,通信,通信服务,通信工程及服务,3.65,3.64,3.65
sz300050,世纪鼎利,2022-11-30,3.7,3.76,3.66,3.73,3.7,7070602.0,26196216.0,1900193247.51,2088936958.14,-1333950933.61,78613759.50999999,993038670.2,1412882540.22,419843870.02,1724058.84,812.48,677.01,830.46,520.81,864.29,1421.81,112.39,0.0,,,,,,,通信,通信服务,通信工程及服务,3.68,3.68,3.69
sz300050,世纪鼎利,2022-12-01,3.73,3.77,3.71,3.73,3.73,5449900.0,20370862.0,1900193247.51,2088936958.14,-1333950933.61,78613759.50999999,993038670.2,1412882540.22,419843870.02,1724058.84,559.2,643.41,490.34,318.17,886.57,1075.51,100.98,0.0,,,,,,,通信,通信服务,通信工程及服务,3.74,3.73,3.73
sz300050,世纪鼎利,2022-12-02,3.73,3.82,3.71,3.8,3.73,7959200.0,30166823.0,1935853710.6,2128139528.4,-1333950933.61,78613759.50999999,993038670.2,1412882540.22,419843870.02,1724058.84,834.73,947.39,394.87,999.74,1705.19,1069.55,81.89,0.0,,,,,,,通信,通信服务,通信工程及服务,3.75,3.78,3.8
sz300050,世纪鼎利,2022-12-05,3.81,3.85,3.75,3.81,3.8,7135859.0,27180318.0,1940948062.47,2133739895.58,-1333950933.61,78613759.50999999,993038670.2,1412882540.22,419843870.02,1724058.84,788.75,883.65,412.17,731.23,1403.11,1103.15,114.0,0.0,,,,,,,通信,通信服务,通信工程及服务,3.84,3.82,3.81
sz300050,世纪鼎利,2022-12-06,3.81,3.86,3.78,3.8,3.81,6118000.0,23259161.0,1935853710.6,2128139528.4,-1333950933.61,78613759.50999999,993038670.2,1412882540.22,419843870.02,1724058.84,472.17,1020.53,217.97,124.37,1614.02,1045.56,0.0,113.7,,,,,,,通信,通信服务,通信工程及服务,3.82,3.8,3.8
sz300050,世纪鼎利,2022-12-07,3.81,3.82,3.74,3.79,3.8,5406700.0,20388790.0,1930759358.73,2122539161.22,-1333950933.61,78613759.50999999,993038670.2,1412882540.22,419843870.02,1724058.84,755.79,411.15,334.82,185.26,948.27,1442.47,0.0,0.0,,,,,,,通信,通信服务,通信工程及服务,3.77,3.75,3.77
sz300050,世纪鼎利,2022-12-08,3.82,3.82,3.73,3.73,3.79,4790900.0,17955821.0,1900193247.51,2088936958.14,-1333950933.61,78613759.50999999,993038670.2,1412882540.22,419843870.02,1724058.84,700.1,425.11,268.7,163.61,826.79,1206.86,0.0,0.0,,,,,,,通信,通信服务,通信工程及服务,3.75,3.75,3.73
sz300050,世纪鼎利,2022-12-09,3.74,3.76,3.64,3.65,3.73,6119780.0,22521751.0,1859438432.55,2044134020.7,-1333950933.61,78613759.50999999,993038670.2,1412882540.22,419843870.02,1724058.84,726.75,696.82,184.41,453.71,1341.01,991.93,0.0,109.72,,,,,,,通信,通信服务,通信工程及服务,3.75,3.72,3.71
sz300050,世纪鼎利,2022-12-12,3.64,3.75,3.59,3.71,3.65,8663180.0,31812703.0,1890004543.77,2077736223.78,-1333950933.61,78613759.50999999,993038670.2,1412882540.22,419843870.02,1724058.84,1174.99,871.98,230.75,345.64,1775.53,1963.65,0.0,0.0,,,,,,,通信,通信服务,通信工程及服务,3.64,3.63,3.61
sz300050,世纪鼎利,2022-12-13,3.71,3.74,3.68,3.69,3.71,4258300.0,15763192.0,1879815840.03,2066535489.42,-1333950933.61,78613759.50999999,993038670.2,1412882540.22,419843870.02,1724058.84,431.96,385.61,175.21,229.69,969.15,961.01,0.0,0.0,,,,,,,通信,通信服务,通信工程及服务,3.73,3.7,3.71
sz300050,世纪鼎利,2022-12-14,3.69,3.74,3.65,3.67,3.69,4827000.0,17863266.0,1869627136.29,2055334755.06,-1333950933.61,78613759.50999999,993038670.2,1412882540.22,419843870.02,1724058.84,564.6,455.46,202.3,58.43,1019.43,1272.43,0.0,0.0,,,,,,,通信,通信服务,通信工程及服务,3.71,3.72,3.69
sz300050,世纪鼎利,2022-12-15,3.65,3.79,3.65,3.74,3.67,6602490.0,24755409.0,1905287599.38,2094537325.32,-1333950933.61,78613759.50999999,993038670.2,1412882540.22,419843870.02,1724058.84,503.04,827.4,155.47,380.89,1375.38,1267.26,441.66,0.0,,,,,,,通信,通信服务,通信工程及服务,3.72,3.74,3.74
sz300050,世纪鼎利,2022-12-16,3.78,3.83,3.65,3.71,3.74,6545100.0,24227366.0,1890004543.77,2077736223.78,-1333950933.61,78613759.50999999,993038670.2,1412882540.22,419843870.02,1724058.84,766.38,847.14,492.73,149.17,1163.63,1316.02,0.0,110.4,,,,,,,通信,通信服务,通信工程及服务,3.72,3.71,3.67
sz300050,世纪鼎利,2022-12-19,3.68,3.75,3.59,3.66,3.71,10309100.0,37860411.0,1864532784.42,2049734387.88,-1333950933.61,78613759.50999999,993038670.2,1412882540.22,419843870.02,1724058.84,1192.34,981.04,603.01,453.05,1990.69,2242.4,0.0,109.55,,,,,,,通信,通信服务,通信工程及服务,3.65,3.59,3.66
sz300050,世纪鼎利,2022-12-20,3.63,3.73,3.57,3.65,3.66,6626900.0,24232307.0,1859438432.55,2044134020.7,-1333950933.61,78613759.50999999,993038670.2,1412882540.22,419843870.02,1724058.84,574.44,622.47,378.31,229.1,1470.48,1571.65,0.0,0.0,,,,,,,通信,通信服务,通信工程及服务,3.66,3.61,3.6
sz300050,世纪鼎利,2022-12-21,3.66,3.68,3.52,3.57,3.65,5609300.0,20180121.0,1818683617.59,1999331083.26,-1333950933.61,78613759.50999999,993038670.2,1412882540.22,419843870.02,1724058.84,652.96,444.12,135.96,310.73,1229.1,1263.16,0.0,0.0,,,,,,,通信,通信服务,通信工程及服务,3.62,3.64,3.62
sz300050,世纪鼎利,2022-12-22,3.58,3.66,3.52,3.55,3.57,6173490.0,22238891.0,1808494913.85,1988130348.9,-1333950933.61,78613759.50999999,993038670.2,1412882540.22,419843870.02,1724058.84,725.84,446.06,271.25,375.33,1226.8,1402.5,0.0,0.0,,,,,,,通信,通信服务,通信工程及服务,3.6,3.56,3.53
sz300050,世纪鼎利,2022-12-23,3.52,4.26,3.52,4.16,3.55,79132483.0,322143263.0,2119250377.92,2329752746.88,-1333950933.61,78613759.50999999,993038670.2,1412882540.22,419843870.02,1724058.84,9995.66,11344.9,8759.87,7927.91,8354.79,10799.78,5104.0,2141.73,,,,,,,通信,通信服务,通信工程及服务,3.6,3.61,3.96
sz300050,世纪鼎利,2022-12-26,3.95,4.08,3.91,4.04,4.16,50584344.0,203285015.0,2058118155.48,2262548340.72,-1333950933.61,78613759.50999999,993038670.2,1412882540.22,419843870.02,1724058.84,7534.75,7239.88,4076.9,5046.87,8199.35,6770.36,517.51,1271.39,,,,,,,通信,通信服务,通信工程及服务,4.07,4.08,4.01
sz300050,世纪鼎利,2022-12-27,4.06,4.1,3.95,3.98,4.04,26832714.0,107531875.0,2027552044.26,2228946137.64,-1333950933.61,78613759.50999999,993038670.2,1412882540.22,419843870.02,1724058.84,3887.87,4016.78,1587.21,1926.42,5036.95,4451.87,241.16,358.11,,,,,,,通信,通信服务,通信工程及服务,4.01,4.02,4.05
sz300050,世纪鼎利,2022-12-28,3.96,4.0,3.84,3.88,3.98,21584400.0,83894305.0,1976608525.56,2172942465.84,-1333950933.61,78613759.50999999,993038670.2,1412882540.22,419843870.02,1724058.84,2735.83,2939.06,1036.16,2194.54,4598.02,3095.6,19.42,160.23,,,,,,,通信,通信服务,通信工程及服务,3.93,3.92,3.92
sz300050,世纪鼎利,2022-12-29,3.84,3.88,3.77,3.77,3.88,14085300.0,53781914.0,1920570654.99,2111338426.86,-1333950933.61,78613759.50999999,993038670.2,1412882540.22,419843870.02,1724058.84,1775.29,1932.34,915.84,1077.61,2687.05,2128.17,0.0,240.07,,,,,,,通信,通信服务,通信工程及服务,3.83,3.85,3.82
sz300050,世纪鼎利,2022-12-30,3.75,3.89,3.71,3.84,3.77,19612500.0,74923607.0,1956231118.08,2150540997.12,-1333950933.61,78613759.50999999,993038670.2,1412882540.22,419843870.02,1724058.84,2660.34,2929.22,1250.79,1576.73,3410.48,2986.41,170.76,0.0,,,,,,,通信,通信服务,通信工程及服务,3.75,3.73,3.77
sz300050,世纪鼎利,2023-01-03,3.87,4.01,3.78,3.99,3.84,17354100.0,68201306.0,2032646396.13,2234546504.82,-1333950933.61,78613759.50999999,993038670.2,1412882540.22,419843870.02,1724058.84,2067.37,2347.58,1078.41,1159.02,3571.58,3313.53,102.76,0.0,,,,,,,通信,通信服务,通信工程及服务,3.83,3.85,3.88
sz300050,世纪鼎利,2023-01-04,4.01,4.05,3.97,4.03,3.99,13875600.0,55789680.0,2053023803.61,2256947973.54,-1333950933.61,78613759.50999999,993038670.2,1412882540.22,419843870.02,1724058.84,1781.2,2310.64,864.16,1144.15,2820.33,2011.78,113.28,112.4,,,,,,,通信,通信服务,通信工程及服务,3.98,3.99,4.02
sz300050,世纪鼎利,2023-01-05,4.07,4.07,3.92,3.95,4.03,12538800.0,49677133.0,2012268988.65,2212145036.1000004,-1333950933.61,78613759.50999999,993038670.2,1412882540.22,419843870.02,1724058.84,1521.71,1520.57,584.01,909.69,2861.99,2537.45,0.0,0.0,,,,,,,通信,通信服务,通信工程及服务,3.95,3.98,4.0
sz300050,世纪鼎利,2023-01-06,3.95,4.02,3.88,3.88,3.95,10125700.0,39673410.0,1976608525.56,2172942465.84,-1333950933.61,78613759.50999999,993038670.2,1412882540.22,419843870.02,1724058.84,1249.1,1193.57,401.35,408.31,2237.5,2133.43,79.39,232.03,,,,,,,通信,通信服务,通信工程及服务,3.95,3.92,3.95
sz300050,世纪鼎利,2023-01-09,3.92,4.14,3.88,4.1,3.88,20994700.0,84863745.0,2088684266.7,2296150543.8,-1333950933.61,78613759.50999999,993038670.2,1412882540.22,419843870.02,1724058.84,3092.38,3174.97,1925.36,1021.37,3012.62,4188.8,456.02,101.24,,,,,,,通信,通信服务,通信工程及服务,3.91,3.91,3.89
sz300050,世纪鼎利,2023-01-10,4.07,4.08,3.94,4.03,4.1,12462800.0,49807420.0,2053023803.61,2256947973.54,-1333950933.61,78613759.50999999,993038670.2,1412882540.22,419843870.02,1724058.84,1703.91,1526.15,688.39,1033.87,2473.08,2095.56,115.36,325.17,,,,,,,通信,通信服务,通信工程及服务,3.97,4.02,3.99
sz300050,世纪鼎利,2023-01-11,4.03,4.05,3.95,3.98,4.03,7531700.0,30051121.0,2027552044.26,2228946137.64,-1333950933.61,78613759.50999999,993038670.2,1412882540.22,419843870.02,1724058.84,1141.32,909.34,314.38,487.08,1549.41,1608.69,0.0,0.0,,,,,,,通信,通信服务,通信工程及服务,3.98,3.99,4.01
sz300050,世纪鼎利,2023-01-12,3.98,4.02,3.91,3.95,3.98,7347400.0,28998686.0,2012268988.65,2212145036.1000004,-1333950933.61,78613759.50999999,993038670.2,1412882540.22,419843870.02,1724058.84,1076.88,931.29,455.81,386.48,1367.18,1582.1,0.0,0.0,,,,,,,通信,通信服务,通信工程及服务,3.98,4.0,3.97
sz300050,世纪鼎利,2023-01-13,3.96,3.96,3.83,3.86,3.95,9234100.0,35797675.0,1966419821.82,2161741731.48,-1333950933.61,78613759.50999999,993038670.2,1412882540.22,419843870.02,1724058.84,1326.19,1304.35,429.32,757.5,1824.26,1169.91,0.0,348.01,,,,,,,通信,通信服务,通信工程及服务,3.93,3.91,3.89
sz300050,世纪鼎利,2023-01-16,3.88,3.92,3.84,3.89,3.86,7198300.0,27880211.0,1981702877.43,2178542833.02,-1333950933.61,78613759.50999999,993038670.2,1412882540.22,419843870.02,1724058.84,974.69,913.84,571.19,390.23,1242.13,1483.96,0.0,0.0,,,,,,,通信,通信服务,通信工程及服务,3.86,3.87,3.91
sz300050,世纪鼎利,2023-01-17,3.89,3.89,3.79,3.82,3.89,5956800.0,22802698.0,1946042414.34,2139340262.76,-1333950933.61,78613759.50999999,993038670.2,1412882540.22,419843870.02,1724058.84,730.8,695.18,312.22,505.17,1237.25,1079.93,0.0,0.0,,,,,,,通信,通信服务,通信工程及服务,3.89,3.88,3.86
sz300050,世纪鼎利,2023-01-18,3.84,3.95,3.8,3.92,3.82,9458500.0,36852494.0,1996985933.04,2195343934.56,-1333950933.61,78613759.50999999,993038670.2,1412882540.22,419843870.02,1724058.84,1531.69,1104.75,800.33,959.2,1353.22,1621.3,0.0,0.0,,,,,,,通信,通信服务,通信工程及服务,3.81,3.81,3.86
sz300050,世纪鼎利,2023-01-19,3.9,3.94,3.89,3.9,3.92,5581700.0,21803061.0,1986797229.3,2184143200.2000003,-1333950933.61,78613759.50999999,993038670.2,1412882540.22,419843870.02,1724058.84,748.61,843.12,307.93,260.11,1123.76,965.44,0.0,111.63,,,,,,,通信,通信服务,通信工程及服务,3.92,3.92,3.93
sz300050,世纪鼎利,2023-01-20,3.88,4.03,3.88,3.96,3.9,10801800.0,42845863.0,2017363340.52,2217745403.28,-1333950933.61,78613759.50999999,993038670.2,1412882540.22,419843870.02,1724058.84,1313.14,1433.47,655.71,744.3,2269.2,2106.81,46.53,0.0,,,,,,,通信,通信服务,通信工程及服务,3.91,3.93,4.0
sz300050,世纪鼎利,2023-01-30,3.99,4.04,3.97,4.03,3.96,9232600.0,37002883.0,2053023803.61,2256947973.54,-1333950933.61,78613759.50999999,993038670.2,1412882540.22,419843870.02,1724058.84,1204.2,1161.85,632.3,524.95,1863.79,2013.49,0.0,0.0,,,,,,,通信,通信服务,通信工程及服务,4.0,3.97,3.98
sz300050,世纪鼎利,2023-01-31,4.06,4.06,3.95,4.03,4.03,7721100.0,30931026.0,2053023803.61,2256947973.54,-1333950933.61,78613759.50999999,993038670.2,1412882540.22,419843870.02,1724058.84,912.0,985.38,485.7,617.28,1593.5,1388.14,101.91,102.3,,,,,,,通信,通信服务,通信工程及服务,3.97,4.01,4.02
sz300050,世纪鼎利,2023-02-01,4.06,4.29,4.01,4.21,4.03,24952100.0,103983477.0,2144722137.27,2357754582.78,-1333950933.61,78613759.50999999,993038670.2,1412882540.22,419843870.02,1724058.84,3987.79,3586.89,1510.34,2563.33,3673.55,4179.66,1226.67,68.46,,,,,,,通信,通信服务,通信工程及服务,4.03,4.06,4.05
sz300050,世纪鼎利,2023-02-02,4.19,4.3,4.18,4.25,4.21,18918642.0,80288338.0,2165099544.75,2380156051.5,-1333950933.61,78613759.50999999,993038670.2,1412882540.22,419843870.02,1724058.84,2842.01,2841.63,1667.92,2168.63,3347.72,2851.8,131.91,127.5,,,,,,,通信,通信服务,通信工程及服务,4.19,4.24,4.24
sz300050,世纪鼎利,2023-02-03,4.25,4.29,4.18,4.24,4.25,10526100.0,44517610.0,2160005192.88,2374555684.32,-1333950933.61,78613759.50999999,993038670.2,1412882540.22,419843870.02,1724058.84,1530.46,1731.14,726.01,1128.28,2195.3,1592.34,0.0,0.0,,,,,,,通信,通信服务,通信工程及服务,4.24,4.26,4.23
sz300050,世纪鼎利,2023-02-06,4.26,4.26,4.16,4.18,4.24,8075900.0,33843865.0,2129439081.66,2340953481.24,-1333950933.61,78613759.50999999,993038670.2,1412882540.22,419843870.02,1724058.84,1455.31,1287.04,315.07,858.84,1614.01,1238.51,0.0,0.0,,,,,,,通信,通信服务,通信工程及服务,4.21,4.26,4.24
sz300050,世纪鼎利,2023-02-07,4.2,4.27,4.16,4.25,4.18,8934740.0,37765728.0,2165099544.75,2380156051.5,-1333950933.61,78613759.50999999,993038670.2,1412882540.22,419843870.02,1724058.84,1351.74,1412.83,628.1,989.31,1796.73,1374.43,0.0,0.0,,,,,,,通信,通信服务,通信工程及服务,4.18,4.19,4.18
sz300050,世纪鼎利,2023-02-08,4.29,4.29,4.17,4.21,4.25,8749300.0,36940404.0,2144722137.27,2357754582.78,-1333950933.61,78613759.50999999,993038670.2,1412882540.22,419843870.02,1724058.84,1129.79,1460.07,362.82,668.7,2201.44,1565.27,0.0,0.0,,,,,,,通信,通信服务,通信工程及服务,4.23,4.21,4.2
sz300050,世纪鼎利,2023-02-09,4.21,4.31,4.19,4.26,4.21,9134800.0,38818298.0,2170193896.62,2385756418.68,-1333950933.61,78613759.50999999,993038670.2,1412882540.22,419843870.02,1724058.84,1174.66,1227.75,830.08,960.31,1877.09,1693.77,0.0,0.0,,,,,,,通信,通信服务,通信工程及服务,4.2,4.21,4.2
sz300050,世纪鼎利,2023-02-10,4.26,4.4,4.26,4.33,4.26,12044600.0,52278812.0,2205854359.71,2424958988.94,-1333950933.61,78613759.50999999,993038670.2,1412882540.22,419843870.02,1724058.84,1771.08,1735.25,1401.74,974.09,2035.76,2397.49,19.31,121.04,,,,,,,通信,通信服务,通信工程及服务,4.34,4.34,4.34
sz300050,世纪鼎利,2023-02-13,4.32,4.35,4.23,4.27,4.33,7832408.0,33477438.0,2175288248.49,2391356785.86,-1333950933.61,78613759.50999999,993038670.2,1412882540.22,419843870.02,1724058.84,1201.6,1186.95,545.73,422.29,1600.41,1738.5,0.0,0.0,,,,,,,通信,通信服务,通信工程及服务,4.31,4.3,4.29
sz300050,世纪鼎利,2023-02-14,4.29,4.3,4.2,4.22,4.27,6698703.0,28358788.0,2149816489.14,2363354949.96,-1333950933.61,78613759.50999999,993038670.2,1412882540.22,419843870.02,1724058.84,1001.09,1043.95,432.53,555.45,1402.25,1236.47,0.0,0.0,,,,,,,通信,通信服务,通信工程及服务,4.28,4.27,4.25
sz300050,世纪鼎利,2023-02-15,4.24,4.31,4.2,4.31,4.22,10040908.0,42981561.0,2195665655.9700003,2413758254.58,-1333950933.61,78613759.50999999,993038670.2,1412882540.22,419843870.02,1724058.84,1193.29,984.84,1066.83,713.17,2010.28,2600.15,27.76,0.0,,,,,,,通信,通信服务,通信工程及服务,4.23,4.25,4.23
sz300050,世纪鼎利,2023-02-16,4.33,4.36,4.15,4.19,4.31,10329700.0,43982600.0,2134533433.53,2346553848.42,-1333950933.61,78613759.50999999,993038670.2,1412882540.22,419843870.02,1724058.84,1325.1,1478.25,554.57,601.08,2413.59,2073.22,105.0,245.71,,,,,,,通信,通信服务,通信工程及服务,4.3,4.3,4.3
sz300050,世纪鼎利,2023-02-17,4.17,4.25,4.13,4.13,4.19,8359005.0,34828582.0,2103967322.31,2312951645.34,-1333950933.61,78613759.50999999,993038670.2,1412882540.22,419843870.02,1724058.84,1144.83,939.06,645.61,639.33,1692.42,1800.72,0.0,103.75,,,,,,,通信,通信服务,通信工程及服务,4.2,4.17,4.17
sz300050,世纪鼎利,2023-02-20,4.13,4.17,4.07,4.17,4.13,6804202.0,28104677.0,2124344729.79,2335353114.06,-1333950933.61,78613759.50999999,993038670.2,1412882540.22,419843870.02,1724058.84,1002.36,850.17,519.58,424.55,1184.53,1413.29,104.0,122.47,,,,,,,通信,通信服务,通信工程及服务,4.12,4.13,4.13
sz300050,世纪鼎利,2023-02-21,4.16,4.22,4.09,4.13,4.17,6969100.0,28849254.0,2103967322.31,2312951645.34,-1333950933.61,78613759.50999999,993038670.2,1412882540.22,419843870.02,1724058.84,891.93,997.73,593.7,380.05,1399.29,1507.15,0.0,0.0,,,,,,,通信,通信服务,通信工程及服务,4.16,4.2,4.19
sz300050,世纪鼎利,2023-02-22,4.11,4.16,4.06,4.14,4.13,6185400.0,25395858.0,2109061674.18,2318552012.52,-1333950933.61,78613759.50999999,993038670.2,1412882540.22,419843870.02,1724058.84,686.54,842.5,592.99,519.88,1257.8,1174.96,0.0,0.0,,,,,,,通信,通信服务,通信工程及服务,4.1,4.09,4.08
sz300050,世纪鼎利,2023-02-23,4.14,4.15,4.04,4.06,4.14,5589280.0,22820955.0,2068306859.22,2273749075.08,-1333950933.61,78613759.50999999,993038670.2,1412882540.22,419843870.02,1724058.84,831.28,691.26,522.81,647.23,928.0,943.61,0.0,0.0,,,,,,,通信,通信服务,通信工程及服务,4.12,4.12,4.12
sz300050,世纪鼎利,2023-02-24,4.1,4.14,4.05,4.07,4.06,4927380.0,20138970.0,2073401211.09,2279349442.26,-1333950933.61,78613759.50999999,993038670.2,1412882540.22,419843870.02,1724058.84,840.27,602.09,185.46,266.13,988.17,1145.67,0.0,0.0,,,,,,,通信,通信服务,通信工程及服务,4.12,4.1,4.1
sz300050,世纪鼎利,2023-02-27,4.06,4.1,4.01,4.02,4.07,5387100.0,21817193.0,2047929451.74,2251347606.36,-1333950933.61,78613759.50999999,993038670.2,1412882540.22,419843870.02,1724058.84,685.61,637.54,274.8,262.68,1221.31,1281.49,0.0,0.0,,,,,,,通信,通信服务,通信工程及服务,4.07,4.07,4.07
sz300050,世纪鼎利,2023-02-28,4.06,4.16,4.02,4.1,4.02,8287720.0,33879656.0,2088684266.7,2296150543.8,-1333950933.61,78613759.50999999,993038670.2,1412882540.22,419843870.02,1724058.84,1154.48,1216.18,585.61,520.68,1647.87,1651.11,0.0,0.0,,,,,,,通信,通信服务,通信工程及服务,4.09,4.14,4.12
sz300050,世纪鼎利,2023-03-01,4.11,4.27,4.08,4.27,4.1,13504200.0,57079713.0,2175288248.49,2391356785.86,-1333950933.61,78613759.50999999,993038670.2,1412882540.22,419843870.02,1724058.84,2107.98,2064.22,828.59,1092.99,2771.4,2550.77,0.0,0.0,,,,,,,通信,通信服务,通信工程及服务,4.18,4.23,4.22
sz300050,世纪鼎利,2023-03-02,4.33,4.37,4.23,4.32,4.27,12599100.0,54407264.0,2200760007.84,2419358621.76,-1333950933.61,78613759.50999999,993038670.2,1412882540.22,419843870.02,1724058.84,1837.01,2011.2,713.35,909.14,2890.36,2301.15,0.0,219.23,,,,,,,通信,通信服务,通信工程及服务,4.29,4.32,4.35
sz300050,世纪鼎利,2023-03-03,4.35,4.36,4.2,4.26,4.32,9613274.0,40839007.0,2170193896.62,2385756418.68,-1333950933.61,78613759.50999999,993038670.2,1412882540.22,419843870.02,1724058.84,1530.77,1322.28,612.29,950.58,1741.64,1811.04,199.21,0.0,,,,,,,通信,通信服务,通信工程及服务,4.28,4.27,4.29
sz300050,世纪鼎利,2023-03-06,4.27,4.33,4.24,4.26,4.26,7952800.0,34076913.0,2170193896.62,2385756418.68,-1333950933.61,78613759.50999999,993038670.2,1412882540.22,419843870.02,1724058.84,1246.45,1411.27,402.69,492.82,1758.55,1503.6,0.0,0.0,,,,,,,通信,通信服务,通信工程及服务,4.27,4.29,4.31
sz300050,世纪鼎利,2023-03-07,4.29,4.3,4.16,4.16,4.26,8106000.0,34265850.0,2119250377.92,2329752746.88,-1333950933.61,78613759.50999999,993038670.2,1412882540.22,419843870.02,1724058.84,1180.91,1193.0,416.78,609.13,1828.89,1624.46,0.0,0.0,,,,,,,通信,通信服务,通信工程及服务,4.28,4.27,4.25
sz300050,世纪鼎利,2023-03-08,4.15,4.27,4.15,4.23,4.16,6298600.0,26617411.0,2154910841.01,2368955317.1400003,-1333950933.61,78613759.50999999,993038670.2,1412882540.22,419843870.02,1724058.84,953.72,793.21,407.26,701.7,1300.77,1166.84,0.0,0.0,,,,,,,通信,通信服务,通信工程及服务,4.2,4.21,4.21
sz300050,世纪鼎利,2023-03-09,4.29,4.37,4.21,4.35,4.23,15426990.0,66525401.0,2216043063.45,2436159723.3,-1333950933.61,78613759.50999999,993038670.2,1412882540.22,419843870.02,1724058.84,2460.09,1846.57,1251.11,2084.56,2941.34,2618.35,0.0,103.07,,,,,,,通信,通信服务,通信工程及服务,4.26,4.25,4.23
sz300050,世纪鼎利,2023-03-10,4.35,4.38,4.3,4.3,4.35,8673500.0,37524178.0,2190571304.1,2408157887.4,-1333950933.61,78613759.50999999,993038670.2,1412882540.22,419843870.02,1724058.84,1237.11,1409.25,841.43,596.45,1673.88,1746.72,0.0,0.0,,,,,,,通信,通信服务,通信工程及服务,4.31,4.33,4.31
sz300050,世纪鼎利,2023-03-13,4.33,4.33,4.25,4.31,4.3,7185800.0,30804798.0,2195665655.9700003,2413758254.58,-1333950933.61,78613759.50999999,993038670.2,1412882540.22,419843870.02,1724058.84,1112.67,991.98,466.26,540.81,1501.55,1547.69,0.0,0.0,,,,,,,通信,通信服务,通信工程及服务,4.29,4.3,4.28
sz300050,世纪鼎利,2023-03-14,4.32,4.35,4.22,4.26,4.31,9398342.0,40228790.0,2170193896.62,2385756418.68,-1333950933.61,78613759.50999999,993038670.2,1412882540.22,419843870.02,1724058.84,1156.98,1479.73,563.07,797.88,2302.82,1745.27,0.0,0.0,,,,,,,通信,通信服务,通信工程及服务,4.3,4.31,4.33
sz300050,世纪鼎利,2023-03-15,4.27,4.32,4.23,4.24,4.26,7304100.0,31140098.0,2160005192.88,2374555684.32,-1333950933.61,78613759.50999999,993038670.2,1412882540.22,419843870.02,1724058.84,1075.81,1112.69,259.85,349.95,1768.5,1651.37,9.85,0.0,,,,,,,通信,通信服务,通信工程及服务,4.25,4.27,4.28
sz300050,世纪鼎利,2023-03-16,4.25,4.27,4.15,4.16,4.24,7313900.0,30653112.0,2119250377.92,2329752746.88,-1333950933.61,78613759.50999999,993038670.2,1412882540.22,419843870.02,1724058.84,1009.95,784.23,462.22,523.24,1593.14,1757.84,0.0,0.0,,,,,,,通信,通信服务,通信工程及服务,4.19,4.17,4.19
sz300050,世纪鼎利,2023-03-17,4.22,4.32,4.16,4.27,4.16,10152400.0,43402038.0,2175288248.49,2391356785.86,-1333950933.61,78613759.50999999,993038670.2,1412882540.22,419843870.02,1724058.84,1719.89,1288.35,560.0,991.66,2060.32,2024.2,0.0,35.99,,,,,,,通信,通信服务,通信工程及服务,4.24,4.28,4.28
sz300050,世纪鼎利,2023-03-20,4.31,4.43,4.26,4.28,4.27,11970410.0,51635233.0,2180382600.36,2396957153.04,-1333950933.61,78613759.50999999,993038670.2,1412882540.22,419843870.02,1724058.84,1642.83,1779.11,581.02,822.95,2917.51,2561.47,22.17,0.0,,,,,,,通信,通信服务,通信工程及服务,4.35,4.31,4.27
sz300050,世纪鼎利,2023-03-21,4.28,4.39,4.22,4.38,4.28,11989642.0,52005014.0,2231326119.06,2452960824.84,-1333950933.61,78613759.50999999,993038670.2,1412882540.22,419843870.02,1724058.84,1551.79,1565.37,1077.0,1081.83,1919.95,2553.29,651.76,0.0,,,,,,,通信,通信服务,通信工程及服务,4.25,4.31,4.31
sz300050,世纪鼎利,2023-03-22,4.36,4.46,4.36,4.45,4.38,12318500.0,54438639.0,2266986582.15,2492163395.1,-1333950933.61,78613759.50999999,993038670.2,1412882540.22,419843870.02,1724058.84,1682.64,1441.27,890.58,1222.93,2607.84,2254.06,262.8,525.6,,,,,,,通信,通信服务,通信工程及服务,4.38,4.38,4.41
sz300050,世纪鼎利,2023-03-23,4.45,4.47,4.38,4.4,4.45,9742900.0,43001220.0,2241514822.8,2464161559.2,-1333950933.61,78613759.50999999,993038670.2,1412882540.22,419843870.02,1724058.84,1574.3,1838.65,621.18,807.9,2104.65,1522.84,0.0,130.74,,,,,,,通信,通信服务,通信工程及服务,4.43,4.43,4.41
sz300050,世纪鼎利,2023-03-24,4.41,4.42,4.32,4.41,4.4,8392200.0,36720845.0,2246609174.67,2469761926.38,-1333950933.61,78613759.50999999,993038670.2,1412882540.22,419843870.02,1724058.84,1282.05,916.46,610.24,849.17,1779.79,1906.46,0.0,0.0,,,,,,,通信,通信服务,通信工程及服务,4.37,4.39,4.36
sz300050,世纪鼎利,2023-03-27,4.38,4.44,4.33,4.42,4.41,9313600.0,40938833.0,2251703526.54,2475362293.56,-1333950933.61,78613759.50999999,993038670.2,1412882540.22,419843870.02,1724058.84,1285.5,1484.34,315.54,419.26,2479.99,2085.16,12.85,105.12,,,,,,,通信,通信服务,通信工程及服务,4.41,4.43,4.41
sz300050,世纪鼎利,2023-03-28,4.39,4.45,4.32,4.36,4.42,9638700.0,42202488.0,2221137415.32,2441760090.48,-1333950933.61,78613759.50999999,993038670.2,1412882540.22,419843870.02,1724058.84,1336.16,1255.89,597.18,1029.36,2043.52,1807.58,243.39,127.42,,,,,,,通信,通信服务,通信工程及服务,4.37,4.37,4.35
sz300050,世纪鼎利,2023-03-29,4.4,4.4,4.31,4.35,4.36,7068000.0,30785818.0,2216043063.45,2436159723.3,-1333950933.61,78613759.50999999,993038670.2,1412882540.22,419843870.02,1724058.84,870.72,993.5,176.31,265.52,2031.55,1819.56,0.0,0.0,,,,,,,通信,通信服务,通信工程及服务,4.34,4.36,4.37
sz300050,世纪鼎利,2023-03-30,4.34,4.36,4.22,4.24,4.35,8560187.0,36618832.0,2160005192.88,2374555684.32,-1333950933.61,78613759.50999999,993038670.2,1412882540.22,419843870.02,1724058.84,1333.51,830.73,391.02,1156.64,1937.36,1674.51,0.0,0.0,,,,,,,通信,通信服务,通信工程及服务,4.31,4.29,4.32
sz300050,世纪鼎利,2023-03-31,4.26,4.41,4.18,4.37,4.24,14422300.0,62233436.0,2226231767.19,2447360457.66,-1333950933.61,78613759.50999999,993038670.2,1412882540.22,419843870.02,1724058.84,2335.38,2212.71,1321.95,1223.71,2308.65,2760.97,257.35,25.95,,,,,,,通信,通信服务,通信工程及服务,4.22,4.27,4.25
sz300050,世纪鼎利,2023-04-03,4.36,4.49,4.33,4.49,4.37,12444682.0,55140065.0,2287363989.63,2514564863.82,-1333950933.61,78613759.50999999,993038670.2,1412882540.22,419843870.02,1724058.84,1587.6,1910.61,877.09,1194.49,2936.27,2408.91,113.04,0.0,,,,,,,通信,通信服务,通信工程及服务,4.41,4.4,4.38
sz300050,世纪鼎利,2023-04-04,4.5,4.52,4.41,4.45,4.49,10895242.0,48551568.0,2266986582.15,2492163395.1,-1333950933.61,78613759.50999999,993038670.2,1412882540.22,419843870.02,1724058.84,1493.94,1687.28,1088.02,648.77,2273.2,2490.51,0.0,28.6,,,,,,,通信,通信服务,通信工程及服务,4.47,4.47,4.47
sz300050,世纪鼎利,2023-04-06,4.44,4.45,4.35,4.41,4.45,12873000.0,56526729.0,2246609174.67,2469761926.38,-1333950933.61,78613759.50999999,993038670.2,1412882540.22,419843870.02,1724058.84,2029.23,1315.66,1481.29,666.13,1844.27,2255.22,297.88,1415.66,,,,,,,通信,通信服务,通信工程及服务,4.38,4.4,4.4
sz300050,世纪鼎利,2023-04-07,4.41,4.54,4.32,4.52,4.41,13526384.0,60147137.0,2302647045.24,2531365965.36,-1333950933.61,78613759.50999999,993038670.2,1412882540.22,419843870.02,1724058.84,2124.41,1752.48,1306.35,1273.25,2246.57,2988.99,337.39,0.0,,,,,,,通信,通信服务,通信工程及服务,4.39,4.34,4.35
sz300050,世纪鼎利,2023-04-10,4.51,4.55,4.36,4.39,4.52,12765200.0,56785530.0,2236420470.93,2458561192.02,-1333950933.61,78613759.50999999,993038670.2,1412882540.22,419843870.02,1724058.84,1292.54,1804.26,989.16,1127.15,3190.83,2429.45,0.0,111.66,,,,,,,通信,通信服务,通信工程及服务,4.5,4.51,4.53
sz300050,世纪鼎利,2023-04-11,4.38,4.52,4.32,4.43,4.39,14617800.0,64516025.0,2256797878.4100003,2480962660.74,-1333950933.61,78613759.50999999,993038670.2,1412882540.22,419843870.02,1724058.84,2413.32,1728.94,1606.35,553.44,2300.45,3836.95,131.49,332.28,,,,,,,通信,通信服务,通信工程及服务,4.34,4.39,4.38
sz300050,世纪鼎利,2023-04-12,4.45,4.55,4.42,4.54,4.43,10358000.0,46691390.0,2312835748.98,2542566699.7200003,-1333950933.61,78613759.50999999,993038670.2,1412882540.22,419843870.02,1724058.84,1743.51,1559.99,745.11,1421.72,1773.1,1687.43,407.42,0.0,,,,,,,通信,通信服务,通信工程及服务,4.44,4.44,4.46
sz300050,世纪鼎利,2023-04-13,4.54,4.59,4.49,4.51,4.54,10651800.0,48354023.0,2297552693.37,2525765598.1800003,-1333950933.61,78613759.50999999,993038670.2,1412882540.22,419843870.02,1724058.84,1818.83,1434.55,1199.44,1155.28,1817.13,2245.57,0.0,0.0,,,,,,,通信,通信服务,通信工程及服务,4.52,4.53,4.54
sz300050,世纪鼎利,2023-04-14,4.5,4.62,4.46,4.59,4.51,16855156.0,76704502.0,2338307508.33,2570568535.62,-1333950933.61,78613759.50999999,993038670.2,1412882540.22,419843870.02,1724058.84,2994.95,2650.66,1871.7,1760.99,2423.24,2618.39,380.56,640.41,,,,,,,通信,通信服务,通信工程及服务,4.51,4.61,4.59
sz300050,世纪鼎利,2023-04-17,4.58,4.58,4.38,4.41,4.59,17771020.0,78811678.0,2246609174.67,2469761926.38,-1333950933.61,78613759.50999999,993038670.2,1412882540.22,419843870.02,1724058.84,3235.27,2356.21,1808.09,1379.88,2591.88,3776.97,245.93,368.11,,,,,,,通信,通信服务,通信工程及服务,4.48,4.45,4.44
sz300050,世纪鼎利,2023-04-18,4.4,4.44,4.31,4.4,4.41,12252620.0,53505455.0,2241514822.8,2464161559.2,-1333950933.61,78613759.50999999,993038670.2,1412882540.22,419843870.02,1724058.84,1991.62,1691.09,807.0,501.73,2439.86,3040.1,112.07,117.62,,,,,,,通信,通信服务,通信工程及服务,4.38,4.32,4.34
sz300050,世纪鼎利,2023-04-19,4.4,4.55,4.34,4.46,4.4,15492324.0,69372199.0,2272080934.02,2497763762.28,-1333950933.61,78613759.50999999,993038670.2,1412882540.22,419843870.02,1724058.84,2237.5,2420.78,1426.57,2250.46,2891.49,2130.97,381.66,135.0,,,,,,,通信,通信服务,通信工程及服务,4.43,4.46,4.47
sz300050,世纪鼎利,2023-04-20,4.46,4.55,4.43,4.55,4.46,15961820.0,72071724.0,2317930100.85,2548167066.9,-1333950933.61,78613759.50999999,993038670.2,1412882540.22,419843870.02,1724058.84,2553.17,2351.27,1588.02,2218.9,2568.17,2390.79,497.81,246.21,,,,,,,通信,通信服务,通信工程及服务,4.5,4.5,4.46
sz300050,世纪鼎利,2023-04-21,4.51,4.54,4.26,4.28,4.55,18214620.0,79706402.0,2180382600.36,2396957153.04,-1333950933.61,78613759.50999999,993038670.2,1412882540.22,419843870.02,1724058.84,3264.54,3368.0,1744.48,1614.09,2802.7,2988.55,158.92,0.0,,,,,,,通信,通信服务,通信工程及服务,4.49,4.48,4.46
sz300050,世纪鼎利,2023-04-24,4.25,4.34,4.2,4.28,4.28,11100300.0,47433327.0,2180382600.36,2396957153.04,-1333950933.61,78613759.50999999,993038670.2,1412882540.22,419843870.02,1724058.84,1276.77,1389.3,556.22,787.54,2753.43,2524.1,156.92,42.39,,,,,,,通信,通信服务,通信工程及服务,4.3,4.28,4.25
sz300050,世纪鼎利,2023-04-25,4.24,4.27,4.06,4.09,4.28,15425902.0,63580898.0,2083589914.83,2290550176.62,-1333950933.61,78613759.50999999,993038670.2,1412882540.22,419843870.02,1724058.84,2539.33,1671.24,1144.58,854.71,2674.19,3462.55,0.0,369.59,,,,,,,通信,通信服务,通信工程及服务,4.17,4.18,4.15
sz300050,世纪鼎利,2023-04-26,4.07,4.11,3.94,3.94,4.09,12127600.0,48623890.0,2007174636.78,2206544668.92,-1333950933.61,78613759.50999999,993038670.2,1412882540.22,419843870.02,1724058.84,2057.9,1897.75,406.2,851.23,2398.29,2002.43,0.0,110.98,,,,,,,通信,通信服务,通信工程及服务,4.09,4.09,4.07
sz300050,世纪鼎利,2023-04-27,3.92,4.1,3.88,3.96,3.94,13402400.0,53602847.0,2017363340.52,2217745403.28,-396201869.04,78753233.31,673377706.5,991114267.79,317736561.29,-12827747.14,1863.18,1684.7,675.88,491.44,2730.57,3170.6,90.66,13.54,,,,,,,通信,通信服务,通信工程及服务,3.95,3.98,4.05
sz300050,世纪鼎利,2023-04-28,3.96,4.18,3.95,4.14,3.96,14519700.0,59366089.0,2109061674.18,2318552012.52,-396201869.04,78753233.31,673377706.5,991114267.79,317736561.29,-12827747.14,1833.31,2418.91,896.67,756.36,2712.49,2707.27,494.13,54.07,,,,,,,通信,通信服务,通信工程及服务,3.97,3.99,4.01
sz300050,世纪鼎利,2023-05-04,4.14,4.21,4.1,4.2,4.14,12337300.0,51412751.0,2139627785.4,2352154215.6,-396201869.04,78753233.31,673377706.5,991114267.79,317736561.29,-12827747.14,1456.58,1967.16,753.38,738.5,2805.62,2435.62,125.7,0.0,,,,,,,通信,通信服务,通信工程及服务,4.19,4.18,4.16
sz300050,世纪鼎利,2023-05-05,4.2,4.26,4.13,4.19,4.2,8832020.0,36995631.0,2134533433.53,2346553848.42,-396201869.04,78753233.31,673377706.5,991114267.79,317736561.29,-12827747.14,1159.77,1137.92,476.91,612.86,2062.88,1933.28,0.0,15.5,,,,,,,通信,通信服务,通信工程及服务,4.16,4.16,4.19
sz300050,世纪鼎利,2023-05-08,4.17,4.21,4.06,4.17,4.19,12263892.0,50706168.0,2124344729.79,2335353114.06,-396201869.04,78753233.31,673377706.5,991114267.79,317736561.29,-12827747.14,1998.75,2063.89,712.14,831.64,2359.73,1848.53,0.0,326.56,,,,,,,通信,通信服务,通信工程及服务,4.15,4.15,4.16
sz300050,世纪鼎利,2023-05-09,4.22,4.22,4.02,4.03,4.17,11620290.0,47311086.0,2053023803.61,2256947973.54,-396201869.04,78753233.31,673377706.5,991114267.79,317736561.29,-12827747.14,1620.47,1036.68,959.21,801.36,2151.42,2893.07,0.0,0.0,,,,,,,通信,通信服务,通信工程及服务,4.14,4.08,4.08
sz300050,世纪鼎利,2023-05-10,4.02,4.16,4.02,4.07,4.03,7443400.0,30454130.0,2073401211.09,2279349442.26,-396201869.04,78753233.31,673377706.5,991114267.79,317736561.29,-12827747.14,1003.24,967.9,636.94,518.49,1405.23,1559.03,0.0,0.0,,,,,,,通信,通信服务,通信工程及服务,4.07,4.08,4.12
sz300050,世纪鼎利,2023-05-11,4.1,4.17,4.04,4.13,4.07,6930879.0,28586287.0,2103967322.31,2312951645.34,-396201869.04,78753233.31,673377706.5,991114267.79,317736561.29,-12827747.14,953.29,1061.22,407.72,608.64,1497.62,1188.77,0.0,0.0,,,,,,,通信,通信服务,通信工程及服务,4.11,4.11,4.1
sz300050,世纪鼎利,2023-05-12,4.13,4.19,4.04,4.05,4.13,7256500.0,29692273.0,2063212507.35,2268148707.9,-396201869.04,78753233.31,673377706.5,991114267.79,317736561.29,-12827747.14,891.61,956.08,461.03,494.19,1616.58,1518.95,0.0,0.0,,,,,,,通信,通信服务,通信工程及服务,4.16,4.13,4.11
sz300050,世纪鼎利,2023-05-15,4.05,4.07,3.94,4.02,4.05,7057900.0,28206527.0,2047929451.74,2251347606.36,-396201869.04,78753233.31,673377706.5,991114267.79,317736561.29,-12827747.14,1089.39,896.26,473.53,321.93,1257.74,1434.94,0.0,167.53,,,,,,,通信,通信服务,通信工程及服务,4.04,4.02,4.02
sz300050,世纪鼎利,2023-05-16,4.01,4.02,3.9,3.93,4.02,8109300.0,31974051.0,2002080284.91,2200944301.74,-396201869.04,78753233.31,673377706.5,991114267.79,317736561.29,-12827747.14,1134.82,812.5,396.45,627.51,1666.14,1641.01,0.0,116.38,,,,,,,通信,通信服务,通信工程及服务,3.97,3.97,3.97
sz300050,世纪鼎利,2023-05-17,3.95,4.08,3.88,4.03,3.93,8088600.0,32408775.0,2053023803.61,2256947973.54,-396201869.04,78753233.31,673377706.5,991114267.79,317736561.29,-12827747.14,1302.45,947.6,419.36,616.97,1519.07,1676.31,0.0,0.0,,,,,,,通信,通信服务,通信工程及服务,3.9,3.93,3.96
sz300050,世纪鼎利,2023-05-18,4.03,4.33,4.03,4.28,4.03,20609900.0,87221214.0,2180382600.36,2396957153.04,-396201869.04,78753233.31,673377706.5,991114267.79,317736561.29,-12827747.14,2885.1,3099.3,1939.58,2583.34,3519.4,2784.72,378.04,254.77,,,,,,,通信,通信服务,通信工程及服务,4.04,4.08,4.14
sz300050,世纪鼎利,2023-05-19,4.3,4.42,4.26,4.34,4.28,15376900.0,66863159.0,2210948711.58,2430559356.12,-396201869.04,78753233.31,673377706.5,991114267.79,317736561.29,-12827747.14,1494.31,2654.04,760.34,1400.41,4282.8,2631.87,148.87,0.0,,,,,,,通信,通信服务,通信工程及服务,4.35,4.35,4.38
sz300050,世纪鼎利,2023-05-22,4.36,4.36,4.19,4.22,4.34,12921444.0,54738793.0,2149816489.14,2363354949.96,-396201869.04,78753233.31,673377706.5,991114267.79,317736561.29,-12827747.14,1455.49,1524.68,709.77,1170.35,2519.15,1989.38,0.0,0.0,,,,,,,通信,通信服务,通信工程及服务,4.29,4.27,4.27
sz300050,世纪鼎利,2023-05-23,4.2,4.26,4.11,4.11,4.22,10124341.0,42039245.0,2093778618.57,2301750910.98,-396201869.04,78753233.31,673377706.5,991114267.79,317736561.29,-12827747.14,1680.17,1289.41,433.95,683.28,2089.8,2231.24,0.0,0.0,,,,,,,通信,通信服务,通信工程及服务,4.12,4.15,4.14
sz300050,世纪鼎利,2023-05-24,4.09,4.23,4.08,4.11,4.11,10817270.0,44808457.0,2093778618.57,2301750910.98,-396201869.04,78753233.31,673377706.5,991114267.79,317736561.29,-12827747.14,1736.95,1234.21,612.24,804.26,2131.66,2337.21,0.0,105.17,,,,,,,通信,通信服务,通信工程及服务,4.12,4.11,4.11
sz300050,世纪鼎利,2023-05-25,4.19,4.24,4.05,4.14,4.11,11108700.0,45865084.0,2109061674.18,2318552012.52,-396201869.04,78753233.31,673377706.5,991114267.79,317736561.29,-12827747.14,1710.73,1475.05,461.1,417.07,2414.68,2694.39,0.0,0.0,,,,,,,通信,通信服务,通信工程及服务,4.19,4.15,4.16
sz300050,世纪鼎利,2023-05-26,4.14,4.48,4.13,4.32,4.14,18298241.0,78597293.0,2200760007.84,2419358621.76,-396201869.04,78753233.31,673377706.5,991114267.79,317736561.29,-12827747.14,3169.36,2798.94,1342.73,1590.03,3217.73,3434.33,129.9,36.43,,,,,,,通信,通信服务,通信工程及服务,4.16,4.34,4.27
sz300050,世纪鼎利,2023-05-29,4.34,4.36,4.26,4.27,4.32,9947600.0,42866086.0,2175288248.49,2391356785.86,-396201869.04,78753233.31,673377706.5,991114267.79,317736561.29,-12827747.14,1604.99,1672.31,291.73,567.51,2389.89,1940.26,0.0,106.52,,,,,,,通信,通信服务,通信工程及服务,4.32,4.31,4.33
sz300050,世纪鼎利,2023-05-30,4.26,4.38,4.2,4.38,4.27,10805200.0,46716297.0,2231326119.06,2452960824.84,-396201869.04,78753233.31,673377706.5,991114267.79,317736561.29,-12827747.14,1845.19,1419.47,886.65,1325.16,1939.78,1927.0,0.0,0.0,,,,,,,通信,通信服务,通信工程及服务,4.22,4.26,4.28
sz300050,世纪鼎利,2023-05-31,4.39,4.4,4.32,4.34,4.38,7269750.0,31593566.0,2210948711.58,2430559356.12,-396201869.04,78753233.31,673377706.5,991114267.79,317736561.29,-12827747.14,929.6,1212.12,415.93,698.36,1704.46,1248.87,109.36,0.0,,,,,,,通信,通信服务,通信工程及服务,4.34,4.33,4.34
sz300050,世纪鼎利,2023-06-01,4.34,4.4,4.28,4.37,4.34,9989900.0,43469617.0,2226231767.19,2447360457.66,-396201869.04,78753233.31,673377706.5,991114267.79,317736561.29,-12827747.14,1696.52,1238.73,675.04,839.72,1844.0,2161.81,131.4,106.7,,,,,,,通信,通信服务,通信工程及服务,4.32,4.3,4.33
sz300050,世纪鼎利,2023-06-02,4.4,4.42,4.32,4.33,4.37,8415100.0,36704609.0,2205854359.71,2424958988.94,-396201869.04,78753233.31,673377706.5,991114267.79,317736561.29,-12827747.14,1023.8,1176.41,370.28,1014.24,2276.38,1479.81,0.0,0.0,,,,,,,通信,通信服务,通信工程及服务,4.39,4.38,4.37
sz300050,世纪鼎利,2023-06-05,4.35,4.58,4.33,4.48,4.33,21116600.0,94507862.0,2282269637.76,2508964496.6400003,-396201869.04,78753233.31,673377706.5,991114267.79,317736561.29,-12827747.14,3268.89,3441.15,1900.17,2189.39,4146.72,3688.9,135.0,131.35,,,,,,,通信,通信服务,通信工程及服务,4.4,4.39,4.43
sz300050,世纪鼎利,2023-06-06,4.44,4.47,4.32,4.34,4.48,12063400.0,53046921.0,2210948711.58,2430559356.12,-396201869.04,78753233.31,673377706.5,991114267.79,317736561.29,-12827747.14,2081.18,1689.99,776.09,1077.88,2447.42,2406.92,0.0,129.9,,,,,,,通信,通信服务,通信工程及服务,4.41,4.44,4.45
sz300050,世纪鼎利,2023-06-07,4.34,4.48,4.31,4.41,4.34,11435467.0,50477870.0,2246609174.67,2469761926.38,-396201869.04,78753233.31,673377706.5,991114267.79,317736561.29,-12827747.14,1920.52,2203.96,964.01,797.23,2050.05,2046.59,113.21,0.0,,,,,,,通信,通信服务,通信工程及服务,4.33,4.35,4.38
sz300050,世纪鼎利,2023-06-08,4.4,4.44,4.31,4.38,4.41,7462900.0,32625483.0,2231326119.06,2452960824.84,-396201869.04,78753233.31,673377706.5,991114267.79,317736561.29,-12827747.14,1459.21,1110.12,257.34,488.24,1546.0,1553.02,0.0,111.17,,,,,,,通信,通信服务,通信工程及服务,4.33,4.37,4.38
sz300050,世纪鼎利,2023-06-09,4.4,4.46,4.33,4.43,4.38,10058425.0,44374174.0,2256797878.4100003,2480962660.74,-396201869.04,78753233.31,673377706.5,991114267.79,317736561.29,-12827747.14,1601.0,1659.6,1054.88,761.36,1598.18,1771.08,183.35,245.38,,,,,,,通信,通信服务,通信工程及服务,4.35,4.35,4.45
sz300050,世纪鼎利,2023-06-12,4.43,4.51,4.39,4.45,4.43,9433102.0,41995006.0,2266986582.15,2492163395.1,-396201869.04,78753233.31,673377706.5,991114267.79,317736561.29,-12827747.14,1183.34,1481.16,999.08,832.52,1803.78,1885.82,213.3,0.0,,,,,,,通信,通信服务,通信工程及服务,4.41,4.45,4.43
sz300050,世纪鼎利,2023-06-13,4.46,4.56,4.41,4.51,4.45,12046000.0,54262204.0,2297552693.37,2525765598.1800003,-396201869.04,78753233.31,673377706.5,991114267.79,317736561.29,-12827747.14,1717.48,1685.48,707.19,1205.74,2231.21,2170.67,770.34,364.34,,,,,,,通信,通信服务,通信工程及服务,4.42,4.46,4.5
sz300050,世纪鼎利,2023-06-14,4.48,4.62,4.47,4.53,4.51,12455004.0,56453490.0,2307741397.11,2536966332.54,-396201869.04,78753233.31,673377706.5,991114267.79,317736561.29,-12827747.14,1991.97,2061.93,909.17,1574.34,2744.21,1767.12,0.0,241.97,,,,,,,通信,通信服务,通信工程及服务,4.54,4.58,4.52
sz300050,世纪鼎利,2023-06-15,4.54,4.55,4.44,4.45,4.53,8410500.0,37718548.0,2266986582.15,2492163395.1,-396201869.04,78753233.31,673377706.5,991114267.79,317736561.29,-12827747.14,1601.42,1469.26,281.73,541.14,1888.7,1649.32,0.0,112.13,,,,,,,通信,通信服务,通信工程及服务,4.53,4.51,4.48
sz300050,世纪鼎利,2023-06-16,4.48,4.53,4.4,4.46,4.45,8545500.0,38250335.0,2272080934.02,2497763762.28,-396201869.04,78753233.31,673377706.5,991114267.79,317736561.29,-12827747.14,1408.11,1157.15,523.3,525.14,1893.62,1986.18,0.0,156.56,,,,,,,通信,通信服务,通信工程及服务,4.44,4.45,4.49
sz300050,世纪鼎利,2023-06-19,4.46,4.49,4.39,4.44,4.46,7380000.0,32800115.0,2261892230.28,2486563027.92,-396201869.04,78753233.31,673377706.5,991114267.79,317736561.29,-12827747.14,1100.58,972.46,167.38,752.84,2012.06,1554.71,0.0,0.0,,,,,,,通信,通信服务,通信工程及服务,4.45,4.4,4.43
sz300050,世纪鼎利,2023-06-20,4.44,4.44,4.34,4.39,4.44,6976300.0,30578887.0,2236420470.93,2458561192.02,-396201869.04,78753233.31,673377706.5,991114267.79,317736561.29,-12827747.14,1231.16,853.87,317.42,347.75,1509.31,1856.26,0.0,0.0,,,,,,,通信,通信服务,通信工程及服务,4.38,4.39,4.37
sz300050,世纪鼎利,2023-06-21,4.39,4.41,4.27,4.3,4.39,7996400.0,34617785.0,2190571304.1,2408157887.4,-396201869.04,78753233.31,673377706.5,991114267.79,317736561.29,-12827747.14,1396.68,1121.05,112.39,693.72,1952.71,1647.0,0.0,0.0,,,,,,,通信,通信服务,通信工程及服务,4.35,4.38,4.33
sz300050,世纪鼎利,2023-06-26,4.29,4.33,4.08,4.11,4.3,11410500.0,47568621.0,2093778618.57,2301750910.98,-396201869.04,78753233.31,673377706.5,991114267.79,317736561.29,-12827747.14,1664.37,1574.04,776.02,1067.79,2316.48,2115.03,0.0,0.0,,,,,,,通信,通信服务,通信工程及服务,4.26,4.27,4.22
sz300050,世纪鼎利,2023-06-27,4.11,4.26,4.08,4.21,4.11,9872100.0,41314037.0,2144722137.27,2357754582.78,-396201869.04,78753233.31,673377706.5,991114267.79,317736561.29,-12827747.14,1366.92,1151.74,360.5,469.8,2403.98,2509.87,0.0,0.0,,,,,,,通信,通信服务,通信工程及服务,4.12,4.13,4.14
sz300050,世纪鼎利,2023-06-28,4.25,4.28,4.04,4.14,4.21,8850400.0,36359133.0,2109061674.18,2318552012.52,-396201869.04,78753233.31,673377706.5,991114267.79,317736561.29,-12827747.14,1443.45,1031.41,293.2,382.8,1899.26,2221.7,0.0,0.0,,,,,,,通信,通信服务,通信工程及服务,4.14,4.08,4.08
sz300050,世纪鼎利,2023-06-29,4.14,4.26,4.13,4.24,4.14,6919900.0,29142161.0,2160005192.88,2374555684.32,-396201869.04,78753233.31,673377706.5,991114267.79,317736561.29,-12827747.14,1085.39,1174.2,288.61,204.47,1540.22,1535.55,0.0,0.0,,,,,,,通信,通信服务,通信工程及服务,4.2,4.2,4.17
sz300050,世纪鼎利,2023-06-30,4.25,4.42,4.24,4.35,4.24,9364300.0,40457013.0,2228034138.6,2370083223.3,-396201869.04,78753233.31,673377706.5,991114267.79,317736561.29,-12827747.14,1453.57,1414.33,337.97,333.12,2254.17,2298.26,0.0,0.0,,,,,,,通信,通信服务,通信工程及服务,4.3,4.31,4.33
sz300050,世纪鼎利,2023-07-03,4.35,4.39,4.26,4.31,4.35,8388000.0,36198855.0,2207546468.36,2348289354.58,-396201869.04,78753233.31,673377706.5,991114267.79,317736561.29,-12827747.14,1190.82,1284.85,348.8,475.93,2080.27,1859.1,0.0,0.0,,,,,,,通信,通信服务,通信工程及服务,4.37,4.32,4.3
sz300050,世纪鼎利,2023-07-04,4.34,4.36,4.28,4.31,4.31,5574705.0,24059805.0,2207546468.36,2348289354.58,-396201869.04,78753233.31,673377706.5,991114267.79,317736561.29,-12827747.14,767.26,856.74,366.22,157.32,1272.5,1391.92,0.0,0.0,,,,,,,通信,通信服务,通信工程及服务,4.31,4.32,4.32
sz300050,世纪鼎利,2023-07-05,4.34,4.41,4.27,4.29,4.31,7188107.0,31178258.0,2197302633.24,2337392420.22,-396201869.04,78753233.31,673377706.5,991114267.79,317736561.29,-12827747.14,1123.55,1304.74,359.13,200.87,1635.15,1612.21,0.0,0.0,,,,,,,通信,通信服务,通信工程及服务,4.3,4.29,4.37
sz300050,世纪鼎利,2023-07-06,4.29,4.43,4.28,4.37,4.29,9587002.0,42021319.0,2238277973.72,2380980157.66,-396201869.04,78753233.31,673377706.5,991114267.79,317736561.29,-12827747.14,1763.75,1323.64,668.81,1154.31,1769.57,1724.18,0.0,0.0,,,,,,,通信,通信服务,通信工程及服务,4.32,4.37,4.4
sz300050,世纪鼎利,2023-07-07,4.36,4.41,4.23,4.24,4.37,7639206.0,32765517.0,2171693045.44,2310150084.32,-396201869.04,78753233.31,673377706.5,991114267.79,317736561.29,-12827747.14,1375.04,1094.27,529.99,488.78,1371.53,1693.5,0.0,0.0,,,,,,,通信,通信服务,通信工程及服务,4.34,4.29,4.29
sz300050,世纪鼎利,2023-07-10,4.27,4.29,4.17,4.18,4.24,5863602.0,24630126.0,2140961540.08,2277459281.24,-396201869.04,78753233.31,673377706.5,991114267.79,317736561.29,-12827747.14,1164.39,725.34,156.43,158.13,1142.2,1579.54,0.0,0.0,,,,,,,通信,通信服务,通信工程及服务,4.22,4.23,4.21
sz300050,世纪鼎利,2023-07-11,4.2,4.26,4.15,4.2,4.18,4633002.0,19493998.0,2151205375.2000003,2288356215.6,-396201869.04,78753233.31,673377706.5,991114267.79,317736561.29,-12827747.14,832.04,568.99,113.21,102.37,1004.15,1278.04,0.0,0.0,,,,,,,通信,通信服务,通信工程及服务,4.17,4.19,4.2
sz300050,世纪鼎利,2023-07-12,4.22,4.24,4.05,4.09,4.2,8173195.0,33735424.0,2094864282.04,2228423076.62,-396201869.04,78753233.31,673377706.5,991114267.79,317736561.29,-12827747.14,1496.74,734.89,434.27,502.7,1442.53,1891.64,0.0,244.31,,,,,,,通信,通信服务,通信工程及服务,4.16,4.21,4.19
sz300050,世纪鼎利,2023-07-13,4.09,4.13,4.05,4.12,4.09,8269402.0,33889470.0,2110230034.72,2244768478.16,-396201869.04,78753233.31,673377706.5,991114267.79,317736561.29,-12827747.14,1195.14,948.49,679.67,319.61,1514.14,2120.85,0.0,0.0,,,,,,,通信,通信服务,通信工程及服务,4.09,4.11,4.1
sz300050,世纪鼎利,2023-07-14,4.1,4.31,4.1,4.24,4.12,10793900.0,45770378.0,2171693045.44,2310150084.32,-396201869.04,78753233.31,673377706.5,991114267.79,317736561.29,-12827747.14,1698.67,1650.07,846.43,1006.66,2031.93,1920.31,0.0,0.0,,,,,,,通信,通信服务,通信工程及服务,4.12,4.17,4.2
sz300050,世纪鼎利,2023-07-17,4.25,4.28,4.21,4.24,4.24,6398604.0,27119798.0,2171693045.44,2310150084.32,-396201869.04,78753233.31,673377706.5,991114267.79,317736561.29,-12827747.14,729.53,1023.46,271.05,227.84,1711.4,1460.69,0.0,0.0,,,,,,,通信,通信服务,通信工程及服务,4.22,4.27,4.27
sz300050,世纪鼎利,2023-07-18,4.22,4.33,4.18,4.21,4.24,7758400.0,32920607.0,2156327292.76,2293804682.78,-396201869.04,78753233.31,673377706.5,991114267.79,317736561.29,-12827747.14,1088.73,1258.14,745.52,404.02,1457.81,1629.89,0.0,0.0,,,,,,,通信,通信服务,通信工程及服务,4.22,4.29,4.27
sz300050,世纪鼎利,2023-07-19,4.48,4.85,4.46,4.53,4.21,63906741.0,294434362.0,2320228654.68,2468155632.54,-396201869.04,78753233.31,673377706.5,991114267.79,317736561.29,-12827747.14,12000.02,10121.28,5410.63,6741.86,11108.87,11834.36,923.91,745.93,,,,,,,通信,通信服务,通信工程及服务,4.74,4.53,4.61
sz300050,世纪鼎利,2023-07-20,4.6,4.69,4.46,4.49,4.53,56819723.0,260170063.0,2299740984.44,2446361763.82,-396201869.04,78753233.31,673377706.5,991114267.79,317736561.29,-12827747.14,11179.08,8920.67,4185.18,3917.0,9546.45,12715.17,1003.84,361.73,,,,,,,通信,通信服务,通信工程及服务,4.64,4.55,4.47
sz300050,世纪鼎利,2023-07-21,4.43,4.85,4.43,4.51,4.49,53276532.0,244960717.0,2309984819.56,2457258698.18,-396201869.04,78753233.31,673377706.5,991114267.79,317736561.29,-12827747.14,11253.29,9155.59,4553.18,4490.79,8302.25,10461.45,387.35,388.24,,,,,,,通信,通信服务,通信工程及服务,4.55,4.71,4.63
sz300050,世纪鼎利,2023-07-24,4.53,4.57,4.36,4.52,4.51,39517500.0,177059964.0,2315106737.12,2462707165.36,-396201869.04,78753233.31,673377706.5,991114267.79,317736561.29,-12827747.14,7254.77,7091.84,3258.39,3129.22,6905.46,7246.62,287.38,238.32,,,,,,,通信,通信服务,通信工程及服务,4.48,4.41,4.41
sz300050,世纪鼎利,2023-07-25,4.48,4.52,4.41,4.46,4.52,31794100.0,141949079.0,2284375231.76,2430016362.28,-396201869.04,78753233.31,673377706.5,991114267.79,317736561.29,-12827747.14,6136.97,5103.79,3330.4,2853.09,4727.54,5023.98,0.0,1214.04,,,,,,,通信,通信服务,通信工程及服务,4.51,4.46,4.48
sz300050,世纪鼎利,2023-07-26,4.48,4.48,4.31,4.35,4.46,21808081.0,95049808.0,2228034138.6,2370083223.3,-396201869.04,78753233.31,673377706.5,991114267.79,317736561.29,-12827747.14,3453.65,3815.72,1923.15,2092.88,4058.23,3067.1,69.95,529.27,,,,,,,通信,通信服务,通信工程及服务,4.41,4.37,4.37
sz300050,世纪鼎利,2023-07-27,4.35,4.37,4.25,4.26,4.35,16347902.0,70437362.0,2181936880.56,2321047018.68,-396201869.04,78753233.31,673377706.5,991114267.79,317736561.29,-12827747.14,2811.78,3353.64,1258.95,1504.19,2973.01,2185.91,0.0,0.0,,,,,,,通信,通信服务,通信工程及服务,4.34,4.34,4.33
sz300050,世纪鼎利,2023-07-28,4.25,4.3,4.19,4.28,4.26,15177534.0,64341012.0,2192180715.6800003,2331943953.04,-396201869.04,78753233.31,673377706.5,991114267.79,317736561.29,-12827747.14,2305.52,2934.91,1257.36,845.63,2770.42,2535.52,100.8,118.04,,,,,,,通信,通信服务,通信工程及服务,4.24,4.22,4.25
sz300050,世纪鼎利,2023-07-31,4.28,4.33,4.23,4.31,4.28,11644200.0,50017196.0,2207546468.36,2348289354.58,-396201869.04,78753233.31,673377706.5,991114267.79,317736561.29,-12827747.14,1628.52,1873.16,1112.89,942.85,2030.99,2073.91,229.32,111.8,,,,,,,通信,通信服务,通信工程及服务,4.29,4.29,4.29
sz300050,世纪鼎利,2023-08-01,4.3,4.31,4.2,4.23,4.31,12329090.0,52122798.0,2166571127.88,2304701617.14,-396201869.04,78753233.31,673377706.5,991114267.79,317736561.29,-12827747.14,1740.96,1800.83,1114.76,1303.07,2356.56,2108.38,0.0,0.0,,,,,,,通信,通信服务,通信工程及服务,4.25,4.24,4.23
sz300050,世纪鼎利,2023-08-02,4.22,4.27,4.19,4.25,4.23,10224688.0,43263607.0,2176814963.0,2315598551.5,-396201869.04,78753233.31,673377706.5,991114267.79,317736561.29,-12827747.14,1335.91,1532.95,792.09,650.06,2198.36,2143.35,0.0,0.0,,,,,,,通信,通信服务,通信工程及服务,4.2,4.21,4.23
sz300050,世纪鼎利,2023-08-03,4.22,4.26,4.18,4.2,4.25,9511010.0,40055569.0,2151205375.2000003,2288356215.6,-396201869.04,78753233.31,673377706.5,991114267.79,317736561.29,-12827747.14,1248.88,1497.88,832.74,610.5,1923.94,1897.18,0.0,0.0,,,,,,,通信,通信服务,通信工程及服务,4.22,4.23,4.24
sz300050,世纪鼎利,2023-08-04,4.2,4.42,4.2,4.35,4.2,21645304.0,94054460.0,2228034138.6,2370083223.3,-396201869.04,78753233.31,673377706.5,991114267.79,317736561.29,-12827747.14,3404.45,3577.04,1850.96,2736.75,3941.58,3091.66,208.45,0.0,,,,,,,通信,通信服务,通信工程及服务,4.27,4.31,4.35
sz300050,世纪鼎利,2023-08-07,4.39,4.41,4.33,4.34,4.35,11243100.0,49031003.0,2222912221.04,2364634756.12,-396201869.04,78753233.31,673377706.5,991114267.79,317736561.29,-12827747.14,1878.67,1484.94,317.61,940.11,2706.82,2369.73,0.0,108.32,,,,,,,通信,通信服务,通信工程及服务,4.4,4.36,4.35
sz300050,世纪鼎利,2023-08-08,4.32,4.48,4.32,4.39,4.34,13417300.0,58871500.0,2248521808.84,2391877092.02,-396201869.04,78753233.31,673377706.5,991114267.79,317736561.29,-12827747.14,1807.23,2299.92,1193.73,1170.21,2886.19,2417.02,0.0,0.0,,,,,,,通信,通信服务,通信工程及服务,4.38,4.38,4.38
sz300050,世纪鼎利,2023-08-09,4.36,4.46,4.34,4.37,4.39,12144500.0,53300069.0,2238277973.72,2380980157.66,-396201869.04,78753233.31,673377706.5,991114267.79,317736561.29,-12827747.14,1912.43,1851.97,1244.25,976.15,2137.35,2394.92,35.97,106.97,,,,,,,通信,通信服务,通信工程及服务,4.39,4.42,4.41
sz300050,世纪鼎利,2023-08-10,4.37,4.38,4.31,4.33,4.37,9111404.0,39480003.0,2217790303.48,2359186288.94,-396201869.04,78753233.31,673377706.5,991114267.79,317736561.29,-12827747.14,1503.03,1319.63,759.41,950.1,1685.57,1678.27,0.0,0.0,,,,,,,通信,通信服务,通信工程及服务,4.35,4.37,4.35
sz300050,世纪鼎利,2023-08-11,4.32,4.34,4.19,4.2,4.33,11314800.0,48191306.0,2151205375.2000003,2288356215.6,-396201869.04,78753233.31,673377706.5,991114267.79,317736561.29,-12827747.14,1514.3,1623.53,503.98,1085.9,2798.49,2107.34,0.0,0.0,,,,,Y,,通信,通信服务,通信工程及服务,4.33,4.33,4.29
sz300050,世纪鼎利,2023-08-14,4.15,4.2,4.11,4.18,4.2,11233900.0,46625831.0,2140961540.08,2277459281.24,-396201869.04,78753233.31,673377706.5,991114267.79,317736561.29,-12827747.14,1481.36,1872.1,1026.75,766.53,2154.47,1922.31,0.0,101.64,,,,,Y,,通信,通信服务,通信工程及服务,4.17,4.15,4.14
sz300050,世纪鼎利,2023-08-15,4.16,4.18,4.05,4.09,4.18,9738500.0,39973553.0,2094864282.04,2228423076.62,-396201869.04,78753233.31,673377706.5,991114267.79,317736561.29,-12827747.14,1379.32,1447.17,616.32,645.99,2001.72,1904.2,0.0,0.0,,,,,Y,,通信,通信服务,通信工程及服务,4.17,4.14,4.14
sz300050,世纪鼎利,2023-08-16,4.08,4.08,3.97,3.99,4.09,9794300.0,39317248.0,2043645106.44,2173938404.82,-396201869.04,78753233.31,673377706.5,991114267.79,317736561.29,-12827747.14,1592.23,1152.65,568.6,646.57,1770.9,2132.51,0.0,0.0,,,,,Y,,通信,通信服务,通信工程及服务,4.03,4.05,4.01
sz300050,世纪鼎利,2023-08-17,3.98,4.04,3.91,4.03,3.99,8466300.0,33810754.0,2064132776.68,2195732273.54,-396201869.04,78753233.31,673377706.5,991114267.79,317736561.29,-12827747.14,1209.54,962.38,261.98,573.04,1909.56,1793.92,0.0,51.75,,,,,Y,,通信,通信服务,通信工程及服务,3.94,3.96,3.95
sz300050,世纪鼎利,2023-08-18,4.03,4.07,3.9,3.91,4.03,8692400.0,34588146.0,2002669765.96,2130350667.38,-396201869.04,78753233.31,673377706.5,991114267.79,317736561.29,-12827747.14,1059.11,1179.48,506.95,615.47,1892.75,1663.86,0.0,0.0,,,,,Y,,通信,通信服务,通信工程及服务,4.05,4.05,4.02
sz300050,世纪鼎利,2023-08-21,3.92,4.03,3.9,3.93,3.91,8444500.0,33488277.0,2012913601.08,2141247601.74,-396201869.04,78753233.31,673377706.5,991114267.79,317736561.29,-12827747.14,960.86,977.29,476.08,388.72,1911.88,1982.81,0.0,0.0,,,,,Y,,通信,通信服务,通信工程及服务,3.96,4.01,4.0
sz300050,世纪鼎利,2023-08-22,3.95,4.03,3.91,4.02,3.93,9824100.0,39047882.0,2059010859.12,2190283806.36,-396201869.04,78753233.31,673377706.5,991114267.79,317736561.29,-12827747.14,1383.26,1285.77,529.21,366.76,1992.32,2252.25,0.0,0.0,,,,,Y,,通信,通信服务,通信工程及服务,3.99,3.95,3.93
sz300050,世纪鼎利,2023-08-23,4.02,4.05,3.95,3.96,4.02,7242600.0,28966910.0,2028279353.76,2157593003.28,-396201869.04,78753233.31,673377706.5,991114267.79,317736561.29,-12827747.14,843.97,744.94,284.57,368.14,1768.15,1663.61,0.0,120.0,,,,,Y,,通信,通信服务,通信工程及服务,4.01,4.02,3.99
sz300050,世纪鼎利,2023-08-24,3.97,4.02,3.92,3.96,3.96,7771600.0,30871638.0,2028279353.76,2157593003.28,-396201869.04,78753233.31,673377706.5,991114267.79,317736561.29,-12827747.14,721.53,1004.5,377.48,419.9,1858.0,1523.12,130.16,139.64,,,,,Y,,通信,通信服务,通信工程及服务,4.0,3.99,3.94
sz300050,世纪鼎利,2023-08-25,3.97,3.99,3.83,3.86,3.96,12541100.0,49058006.0,1977060178.16,2103108331.48,-361117948.63,57720501.43000001,675198909.0899999,976723742.93,301524833.84,6165672.930000001,1004.34,1661.32,487.84,934.04,3413.62,2310.45,0.0,0.0,,,,,Y,,通信,通信服务,通信工程及服务,3.94,3.97,3.96
sz300050,世纪鼎利,2023-08-28,4.01,4.09,3.92,3.93,3.86,12119100.0,48472139.0,2012913601.08,2141247601.74,-361117948.63,57720501.43000001,675198909.0899999,976723742.93,301524833.84,6165672.930000001,1202.68,1847.17,862.06,977.92,2699.59,2022.12,82.89,0.0,,,,,Y,,通信,通信服务,通信工程及服务,4.02,4.01,4.0
sz300050,世纪鼎利,2023-08-29,3.97,4.11,3.92,4.09,3.93,14404500.0,58486350.0,2094864282.04,2228423076.62,-361117948.63,57720501.43000001,675198909.0899999,976723742.93,301524833.84,6165672.930000001,2035.02,1907.15,1034.04,1751.1,2779.58,2190.39,0.0,0.0,,,,,Y,,通信,通信服务,通信工程及服务,4.02,4.05,4.04
sz300050,世纪鼎利,2023-08-30,4.1,4.23,4.07,4.22,4.09,17383200.0,72760284.0,2272977256.6600003,2299253149.96,-361117948.63,57720501.43000001,675198909.0899999,976723742.93,301524833.84,6165672.930000001,2165.92,2219.35,1217.37,2948.15,3786.73,2108.52,106.0,0.0,,,,,Y,,通信,通信服务,通信工程及服务,4.16,4.15,4.17
sz300050,世纪鼎利,2023-08-31,4.22,4.24,4.16,4.19,4.22,12129660.0,50849102.0,2281514703.31,2282907748.42,-361117948.63,57720501.43000001,675198909.0899999,976723742.93,301524833.84,6165672.930000001,1107.31,2146.18,739.5,711.07,3238.09,2227.67,0.0,0.0,,,,,Y,,通信,通信服务,通信工程及服务,4.18,4.22,4.21
sz300050,世纪鼎利,2023-09-01,4.19,5.03,4.13,5.03,4.19,63117911.0,297261252.0,2738906672.47,2740578991.54,-361117948.63,57720501.43000001,675198909.0899999,976723742.93,301524833.84,6165672.930000001,5230.43,10233.9,6661.8,7838.57,5058.92,8528.63,12774.97,3125.02,,,,,Y,,通信,通信服务,通信工程及服务,4.2,4.17,4.17
sz300050,世纪鼎利,2023-09-04,5.4,6.03,5.31,5.8,5.03,199793702.0,1122028454.0,3158182644.2000003,3160110964.4,-361117948.63,57720501.43000001,675198909.0899999,976723742.93,301524833.84,6165672.930000001,40612.07,33762.54,26788.0,32300.27,33367.45,31488.99,11435.32,14651.05,,,,,Y,,通信,通信服务,通信工程及服务,5.8,5.63,5.47
sz300050,世纪鼎利,2023-09-05,5.44,5.63,5.12,5.14,5.8,173234422.0,931163623.0,2798803239.86,2800512130.52,-361117948.63,57720501.43000001,675198909.0899999,976723742.93,301524833.84,6165672.930000001,34063.9,32797.75,20538.92,25022.49,30937.59,25822.85,7575.95,9473.28,,,,,Y,,通信,通信服务,通信工程及服务,5.4,5.47,5.37
sz300050,世纪鼎利,2023-09-06,4.92,5.48,4.78,5.31,5.14,168014794.0,858194583.0,2891370662.19,2893136072.58,-361117948.63,57720501.43000001,675198909.0899999,976723742.93,301524833.84,6165672.930000001,33584.04,32244.79,22149.51,21536.62,25381.1,27229.73,4704.81,4808.33,,,,,Y,,通信,通信服务,通信工程及服务,4.97,4.81,4.86
sz300050,世纪鼎利,2023-09-07,5.13,5.17,4.8,4.83,5.31,103759400.0,515692230.0,2630003822.67,2631609647.94,-361117948.63,57720501.43000001,675198909.0899999,976723742.93,301524833.84,6165672.930000001,19196.3,20548.77,11757.74,12695.89,18772.7,15560.37,1842.48,2764.2,,,,,Y,,通信,通信服务,通信工程及服务,5.02,4.98,5.05
sz300050,世纪鼎利,2023-09-08,4.8,4.89,4.64,4.8,4.83,72613500.0,346094744.0,2613668395.2000003,2615264246.4,-361117948.63,57720501.43000001,675198909.0899999,976723742.93,301524833.84,6165672.930000001,14207.87,14803.58,7461.39,7187.69,12647.01,11971.35,293.2,646.85,,,,,Y,,通信,通信服务,通信工程及服务,4.69,4.68,4.69
sz300050,世纪鼎利,2023-09-11,4.8,4.81,4.62,4.68,4.8,56550962.0,264749180.0,2548326685.32,2549882640.24,-361117948.63,57720501.43000001,675198909.0899999,976723742.93,301524833.84,6165672.930000001,8953.17,10872.32,5139.69,7955.6,12120.15,7149.98,261.91,497.02,,,,,Y,,通信,通信服务,通信工程及服务,4.64,4.62,4.63
sz300050,世纪鼎利,2023-09-12,4.68,4.73,4.59,4.62,4.68,41162131.0,190645917.0,2515655830.38,2517191837.16,-361117948.63,57720501.43000001,675198909.0899999,976723742.93,301524833.84,6165672.930000001,7075.14,7281.9,3519.08,5738.07,8033.81,5930.18,436.56,114.44,,,,,Y,,通信,通信服务,通信工程及服务,4.71,4.64,4.61
sz300050,世纪鼎利,2023-09-13,4.67,4.72,4.61,4.66,4.62,53951884.0,252174906.0,2537436400.34,2538985705.88,-361117948.63,57720501.43000001,675198909.0899999,976723742.93,301524833.84,6165672.930000001,9214.54,9030.83,4549.34,5066.95,11337.11,10720.1,116.5,399.62,,,,,Y,,通信,通信服务,通信工程及服务,4.63,4.69,4.7
sz300050,世纪鼎利,2023-09-14,4.62,4.93,4.62,4.75,4.66,61991120.0,296496346.0,2586442682.75,2588021910.5,-361117948.63,57720501.43000001,675198909.0899999,976723742.93,301524833.84,6165672.930000001,10492.19,11715.41,6969.93,7060.38,9722.05,10523.33,2465.46,350.51,,,,,Y,,通信,通信服务,通信工程及服务,4.83,4.75,4.78
sz300050,世纪鼎利,2023-09-15,4.68,4.72,4.57,4.57,4.75,42381500.0,195848867.0,2488430117.9300003,2489949501.26,-361117948.63,57720501.43000001,675198909.0899999,976723742.93,301524833.84,6165672.930000001,7439.93,7463.69,2784.03,4322.67,8975.61,6263.66,385.32,1534.87,,,,,Y,,通信,通信服务,通信工程及服务,4.64,4.63,4.62
sz300050,世纪鼎利,2023-09-18,4.57,4.73,4.57,4.68,4.57,34284800.0,160278288.0,2548326685.32,2549882640.24,-361117948.63,57720501.43000001,675198909.0899999,976723742.93,301524833.84,6165672.930000001,5346.06,6087.39,3208.43,3342.61,7226.74,6367.33,246.6,230.5,,,,,Y,,通信,通信服务,通信工程及服务,4.61,4.66,4.68
sz300050,世纪鼎利,2023-09-19,4.65,4.71,4.6,4.66,4.68,23480800.0,108929474.0,2537436400.34,2538985705.88,-361117948.63,57720501.43000001,675198909.0899999,976723742.93,301524833.84,6165672.930000001,3654.25,3885.37,1841.8,1962.32,5272.9,4836.01,124.0,209.25,,,,,Y,,通信,通信服务,通信工程及服务,4.63,4.64,4.63
sz300050,世纪鼎利,2023-09-20,4.62,4.88,4.6,4.71,4.66,47961435.0,227149285.0,2564662112.79,2566228041.78,-361117948.63,57720501.43000001,675198909.0899999,976723742.93,301524833.84,6165672.930000001,9056.56,8293.07,4972.26,4857.86,8372.98,8914.57,313.14,649.42,,,,,Y,,通信,通信服务,通信工程及服务,4.61,4.63,4.62
sz300050,世纪鼎利,2023-09-21,4.64,4.83,4.61,4.79,4.71,49680300.0,235727458.0,2608223252.71,2609815779.22,-361117948.63,57720501.43000001,675198909.0899999,976723742.93,301524833.84,6165672.930000001,10353.64,8872.78,4815.85,4851.59,7856.57,9488.65,546.68,359.73,,,,,Y,,通信,通信服务,通信工程及服务,4.76,4.76,4.74
sz300050,世纪鼎利,2023-09-22,4.74,4.92,4.71,4.9,4.79,61290240.0,294894651.0,2668119820.1,2669748918.2000003,-361117948.63,57720501.43000001,675198909.0899999,976723742.93,301524833.84,6165672.930000001,11790.48,11274.31,8377.45,6317.05,8846.41,11442.66,475.13,455.44,,,,,Y,,通信,通信服务,通信工程及服务,4.82,4.72,4.76
sz300050,世纪鼎利,2023-09-25,5.02,5.24,4.94,4.99,4.9,103822423.0,527233959.0,2717126102.51,2718785122.82,-361117948.63,57720501.43000001,675198909.0899999,976723742.93,301524833.84,6165672.930000001,20756.42,20149.66,11789.97,14501.56,18831.69,16554.85,1345.31,1517.33,,,,,Y,,通信,通信服务,通信工程及服务,4.97,5.16,5.15
sz300050,世纪鼎利,2023-09-26,4.93,5.03,4.75,4.78,4.99,63096942.0,305632565.0,2602778110.2200003,2604367312.04,-361117948.63,57720501.43000001,675198909.0899999,976723742.93,301524833.84,6165672.930000001,12325.29,12247.38,5752.94,7045.02,12234.02,9852.39,251.01,1418.47,,,,,Y,,通信,通信服务,通信工程及服务,4.98,4.88,4.91
sz300050,世纪鼎利,2023-09-27,4.72,4.8,4.65,4.65,4.78,47132704.0,221622115.0,2531991257.85,2533537238.7,-361117948.63,57720501.43000001,675198909.0899999,976723742.93,301524833.84,6165672.930000001,6859.07,8779.98,4207.92,6310.32,11077.4,6688.54,17.82,383.37,,,,,Y,,通信,通信服务,通信工程及服务,4.72,4.74,4.74
sz300050,世纪鼎利,2023-09-28,4.7,5.37,4.7,5.07,4.65,103013309.0,522286810.0,2760687242.43,2762372860.26,-361117948.63,57720501.43000001,675198909.0899999,976723742.93,301524833.84,6165672.930000001,17849.48,21156.45,9869.16,10688.31,21641.16,18860.45,2835.56,1490.15,,,,,Y,,通信,通信服务,通信工程及服务,4.9,5.11,5.19
sz300050,世纪鼎利,2023-10-09,5.22,5.55,5.16,5.47,5.07,105242812.0,564980930.0,2978492942.03,2980311547.46,-361117948.63,57720501.43000001,675198909.0899999,976723742.93,301524833.84,6165672.930000001,21013.27,20987.89,11621.96,11914.66,20818.72,21630.24,3044.15,1965.31,,,,,Y,,通信,通信服务,通信工程及服务,5.35,5.49,5.41
sz300050,世纪鼎利,2023-10-10,5.47,5.47,5.26,5.33,5.47,76374614.0,406889256.0,2902260947.17,2904033006.94,-361117948.63,57720501.43000001,675198909.0899999,976723742.93,301524833.84,6165672.930000001,15329.96,15811.72,7540.93,8828.64,16206.91,13987.0,1611.12,2061.57,,,,,Y,,通信,通信服务,通信工程及服务,5.3,5.41,5.31
sz300050,世纪鼎利,2023-10-11,5.3,5.39,5.17,5.29,5.33,50212000.0,266267025.0,2880480377.21,2882239138.22,-361117948.63,57720501.43000001,675198909.0899999,976723742.93,301524833.84,6165672.930000001,10003.61,10184.47,5847.66,5991.24,10255.21,9476.66,520.23,974.33,,,,,Y,,通信,通信服务,通信工程及服务,5.19,5.3,5.32
sz300050,世纪鼎利,2023-10-12,5.29,5.41,5.23,5.33,5.29,46407300.0,247077911.0,2902260947.17,2904033006.94,-361117948.63,57720501.43000001,675198909.0899999,976723742.93,301524833.84,6165672.930000001,9050.16,9103.18,4526.24,4895.26,10206.08,9615.29,925.31,1094.06,,,,,Y,,通信,通信服务,通信工程及服务,5.25,5.33,5.29
sz300050,世纪鼎利,2023-10-13,5.32,5.39,5.22,5.28,5.33,39511200.0,209558640.0,2875035234.72,2876790671.04,-361117948.63,57720501.43000001,675198909.0899999,976723742.93,301524833.84,6165672.930000001,7466.1,7922.54,4681.32,4355.73,8477.69,7675.73,330.76,1001.86,,,,,Y,,通信,通信服务,通信工程及服务,5.26,5.31,5.33
sz300050,世纪鼎利,2023-10-16,5.34,5.53,5.21,5.46,5.28,67769900.0,366102343.0,2973047799.5400004,2974863080.28,-361117948.63,57720501.43000001,675198909.0899999,976723742.93,301524833.84,6165672.930000001,12817.79,13771.61,8974.38,8655.15,12026.36,13385.89,2791.71,797.59,,,,,Y,,通信,通信服务,通信工程及服务,5.26,5.38,5.39
sz300050,世纪鼎利,2023-10-17,5.42,5.43,5.23,5.27,5.46,47561857.0,251574564.0,2869590092.2299995,2871342203.86,-361117948.63,57720501.43000001,675198909.0899999,976723742.93,301524833.84,6165672.930000001,9913.46,7104.64,4366.85,8516.24,10424.54,7673.15,452.61,1863.43,,,,,Y,,通信,通信服务,通信工程及服务,5.31,5.29,5.29
sz300050,世纪鼎利,2023-10-18,5.27,5.27,5.12,5.13,5.27,38789200.0,200575672.0,2793358097.37,2795063663.34,-361117948.63,57720501.43000001,675198909.0899999,976723742.93,301524833.84,6165672.930000001,6374.79,7561.62,2712.91,6379.93,10752.55,5116.29,217.31,999.73,,,,,Y,,通信,通信服务,通信工程及服务,5.22,5.19,5.15
sz300050,世纪鼎利,2023-10-19,5.13,5.27,5.1,5.12,5.13,32185152.0,166711503.0,2787912954.88,2789615196.16,-361117948.63,57720501.43000001,675198909.0899999,976723742.93,301524833.84,6165672.930000001,5736.12,6199.15,2978.7,4308.12,6701.99,5717.79,1254.33,446.09,,,,,Y,,通信,通信服务,通信工程及服务,5.2,5.15,5.17
sz300050,世纪鼎利,2023-10-20,5.1,5.2,4.95,4.98,5.12,29203752.0,147057679.0,2711680960.02,2713336655.6400003,-361117948.63,57720501.43000001,675198909.0899999,976723742.93,301524833.84,6165672.930000001,4739.25,4693.67,3283.61,4120.14,6447.61,4991.66,235.3,900.3,,,,,Y,,通信,通信服务,通信工程及服务,5.14,5.13,5.05
sz300050,世纪鼎利,2023-10-23,4.95,5.01,4.74,4.8,4.98,25152975.0,122127696.0,2613668395.2000003,2615264246.4,-361117948.63,57720501.43000001,675198909.0899999,976723742.93,301524833.84,6165672.930000001,3799.47,4756.08,1841.6,2760.83,6429.64,4123.77,142.06,572.09,,,,,Y,,通信,通信服务,通信工程及服务,4.95,4.94,4.91
sz300050,世纪鼎利,2023-10-24,4.85,4.99,4.78,4.93,4.8,22259600.0,109392024.0,2684455247.57,2686094319.74,-361117948.63,57720501.43000001,675198909.0899999,976723742.93,301524833.84,6165672.930000001,3767.15,3804.7,2360.25,1776.83,4690.78,5211.93,121.02,145.74,,,,,Y,,通信,通信服务,通信工程及服务,4.84,4.87,4.85
sz300050,世纪鼎利,2023-10-25,4.95,5.12,4.89,5.08,4.93,25493600.0,128486269.0,2766132384.92,2767821327.44,-361117948.63,57720501.43000001,675198909.0899999,976723742.93,301524833.84,6165672.930000001,4221.5,4680.22,2963.33,2388.55,5156.88,5646.87,506.92,132.98,,,,,Y,,通信,通信服务,通信工程及服务,4.98,4.94,5.0
sz300050,世纪鼎利,2023-10-26,5.1,5.33,5.06,5.25,5.08,48150400.0,252288651.0,2858699807.2499995,2860445269.5000005,-361117948.63,57720501.43000001,675198909.0899999,976723742.93,301524833.84,6165672.930000001,9344.37,8576.75,5059.58,4874.53,9439.64,10494.04,1385.28,1283.55,,,,,Y,,通信,通信服务,通信工程及服务,5.23,5.2,5.23
sz300050,世纪鼎利,2023-10-27,5.25,5.25,4.88,4.97,5.25,45054160.0,225242772.0,2706235817.53,2707888188.46,-369898206.62,56584600.26,670692895.23,984477692.92,313784797.69,-7056199.149999999,8367.67,8182.18,4006.26,5759.65,9852.75,8057.69,297.6,524.75,,,,,Y,,通信,通信服务,通信工程及服务,5.13,5.02,4.97
sz300050,世纪鼎利,2023-10-30,4.97,5.11,4.93,5.07,4.97,30179300.0,152475889.0,2760687242.43,2762372860.26,-369898206.62,56584600.26,670692895.23,984477692.92,313784797.69,-7056199.149999999,4893.26,5244.69,3052.84,3614.61,6648.67,5979.09,652.81,409.2,,,,,Y,,通信,通信服务,通信工程及服务,5.03,5.03,5.05
sz300050,世纪鼎利,2023-10-31,5.05,5.09,4.91,4.95,5.07,24668760.0,123343464.0,2695345532.55,2696991254.1,-369898206.62,56584600.26,670692895.23,984477692.92,313784797.69,-7056199.149999999,4530.37,4273.56,2140.28,2824.42,5663.7,4585.95,0.0,650.42,,,,,Y,,通信,通信服务,通信工程及服务,5.02,5.08,5.07
sz300050,世纪鼎利,2023-11-01,4.98,5.07,4.93,4.94,4.95,20477200.0,102082704.0,2689900390.06,2691542786.92,-369898206.62,56584600.26,670692895.23,984477692.92,313784797.69,-7056199.149999999,3341.62,3490.38,1910.17,2539.24,4592.14,3885.46,239.13,167.97,,,,,Y,,通信,通信服务,通信工程及服务,5.06,5.01,4.98
sz300050,世纪鼎利,2023-11-02,4.94,5.0,4.85,4.85,4.94,18422900.0,90321987.0,2640894107.65,2642506582.3,-369898206.62,56584600.26,670692895.23,984477692.92,313784797.69,-7056199.149999999,2755.48,3135.3,1671.46,2234.23,4492.64,3287.14,112.63,375.54,,,,,Y,,通信,通信服务,通信工程及服务,4.97,4.95,4.93
sz300050,世纪鼎利,2023-11-03,4.87,5.0,4.87,4.94,4.85,17561900.0,86911045.0,2689900390.06,2691542786.92,-369898206.62,56584600.26,670692895.23,984477692.92,313784797.69,-7056199.149999999,2821.91,2980.45,2004.58,2263.21,3600.07,3333.48,264.55,113.97,,,,,Y,,通信,通信服务,通信工程及服务,4.93,4.94,4.97
sz300050,世纪鼎利,2023-11-06,5.0,5.15,4.98,5.12,4.94,27728000.0,141039060.0,2787912954.88,2789615196.16,-369898206.62,56584600.26,670692895.23,984477692.92,313784797.69,-7056199.149999999,4125.37,5073.32,3055.22,2566.76,6298.91,6104.42,624.41,359.41,,,,,Y,,通信,通信服务,通信工程及服务,5.04,5.06,5.09
sz300050,世纪鼎利,2023-11-07,5.11,5.18,5.08,5.17,5.12,22391100.0,114953089.0,2815138667.33,2816857532.0600004,-369898206.62,56584600.26,670692895.23,984477692.92,313784797.69,-7056199.149999999,3772.53,4331.42,2061.21,2799.01,5384.25,4091.64,277.31,273.23,,,,,Y,,通信,通信服务,通信工程及服务,5.1,5.13,5.11
sz300050,世纪鼎利,2023-11-08,5.18,5.28,5.11,5.23,5.17,27686600.0,143982115.0,2847809522.2699995,2849548335.14,-369898206.62,56584600.26,670692895.23,984477692.92,313784797.69,-7056199.149999999,4911.61,4771.62,3043.66,3747.85,5959.51,5340.35,483.43,538.39,,,,,Y,,通信,通信服务,通信工程及服务,5.15,5.12,5.13
sz300050,世纪鼎利,2023-11-09,5.21,5.22,5.03,5.07,5.23,25049781.0,127605761.0,2760687242.43,2762372860.26,-369898206.62,56584600.26,670692895.23,984477692.92,313784797.69,-7056199.149999999,4717.76,3926.5,1893.37,3925.46,6025.73,4563.95,123.72,344.66,,,,,Y,,通信,通信服务,通信工程及服务,5.17,5.16,5.12
sz300050,世纪鼎利,2023-11-10,5.06,5.22,5.0,5.16,5.07,31951014.0,164517742.0,2809693524.84,2811409064.88,-369898206.62,56584600.26,670692895.23,984477692.92,313784797.69,-7056199.149999999,5913.93,5372.65,4148.54,3183.25,6030.44,7795.36,358.87,100.52,,,,,Y,,通信,通信服务,通信工程及服务,5.02,5.1,5.19
sz300050,世纪鼎利,2023-11-13,5.19,5.36,5.15,5.26,5.16,35445514.0,186578571.0,2864144949.74,2865893736.68,-369898206.62,56584600.26,670692895.23,984477692.92,313784797.69,-7056199.149999999,6492.34,6318.86,4131.37,4176.82,7542.16,7454.68,491.99,707.5,,,,,Y,,通信,通信服务,通信工程及服务,5.23,5.3,5.3
sz300050,世纪鼎利,2023-11-14,5.26,5.34,5.25,5.32,5.26,31410300.0,166458381.0,2896815804.68,2898584539.76,-369898206.62,56584600.26,670692895.23,984477692.92,313784797.69,-7056199.149999999,5693.87,5981.66,3455.43,3668.86,6997.43,6538.55,499.1,456.77,,,,,Y,,通信,通信服务,通信工程及服务,5.31,5.3,5.33
sz300050,世纪鼎利,2023-11-15,5.33,5.35,5.26,5.3,5.32,24652900.0,130664789.0,2885925519.7,2887687605.4,-369898206.62,56584600.26,670692895.23,984477692.92,313784797.69,-7056199.149999999,4114.26,4681.35,2745.7,3527.05,5699.86,4303.56,249.05,296.92,,,,,Y,,通信,通信服务,通信工程及服务,5.32,5.32,5.32
sz300050,世纪鼎利,2023-11-16,5.3,5.41,5.25,5.33,5.3,33835402.0,181321527.0,2902260947.17,2904033006.94,-369898206.62,56584600.26,670692895.23,984477692.92,313784797.69,-7056199.149999999,6255.18,6536.47,4134.25,3657.6,6792.02,7625.07,950.7,313.02,,,,,Y,,通信,通信服务,通信工程及服务,5.28,5.37,5.36
sz300050,世纪鼎利,2023-11-17,5.35,5.81,5.28,5.62,5.33,83814100.0,468122090.0,3060170079.38,3062038555.1600003,-369898206.62,56584600.26,670692895.23,984477692.92,313784797.69,-7056199.149999999,16423.34,15906.55,11536.61,8774.92,15526.37,20623.65,3325.89,1507.08,,,,,Y,,通信,通信服务,通信工程及服务,5.34,5.42,5.5
sz300050,世纪鼎利,2023-11-20,5.58,5.68,5.48,5.65,5.62,57478370.0,319525491.0,3076505506.8500004,3078383956.7,-369898206.62,56584600.26,670692895.23,984477692.92,313784797.69,-7056199.149999999,12697.6,10200.24,6513.13,7322.4,11944.5,13023.35,797.32,1406.56,,,,,Y,,通信,通信服务,通信工程及服务,5.54,5.51,5.51
sz300050,世纪鼎利,2023-11-21,5.65,5.71,5.47,5.5,5.65,43548947.0,241193207.0,2994828369.5000005,2996656949.0,-369898206.62,56584600.26,670692895.23,984477692.92,313784797.69,-7056199.149999999,9425.56,8278.58,4261.19,6128.43,9768.69,8248.56,663.89,1463.75,,,,,Y,,通信,通信服务,通信工程及服务,5.6,5.58,5.52
sz300050,世纪鼎利,2023-11-22,5.48,5.48,5.34,5.35,5.5,30152200.0,162998241.0,2913151232.15,2914929941.3,-369898206.62,56584600.26,670692895.23,984477692.92,313784797.69,-7056199.149999999,5667.1,6182.5,2888.42,4335.76,7080.7,4679.94,663.61,1101.63,,,,,Y,,通信,通信服务,通信工程及服务,5.43,5.46,5.42
sz300050,世纪鼎利,2023-11-23,5.4,5.4,5.26,5.36,5.35,21382700.0,114141200.0,2918596374.6400003,2920378408.48,-369898206.62,56584600.26,670692895.23,984477692.92,313784797.69,-7056199.149999999,4558.28,4217.73,2163.71,2790.74,4525.08,3962.84,167.06,442.81,,,,,Y,,通信,通信服务,通信工程及服务,5.29,5.26,5.29
sz300050,世纪鼎利,2023-11-24,5.35,5.37,5.19,5.22,5.36,22378600.0,117543045.0,2842364379.78,2844099867.96,-369898206.62,56584600.26,670692895.23,984477692.92,313784797.69,-7056199.149999999,4040.21,3952.22,1889.61,3561.02,5687.35,3654.7,137.13,586.37,,,,,Y,,通信,通信服务,通信工程及服务,5.32,5.32,5.28
sz300050,世纪鼎利,2023-11-27,5.23,5.32,5.22,5.27,5.22,19725330.0,103918891.0,2869590092.2299995,2871342203.86,-369898206.62,56584600.26,670692895.23,984477692.92,313784797.69,-7056199.149999999,3833.13,3803.38,1763.83,2268.54,4502.46,4215.15,292.47,104.82,,,,,Y,,通信,通信服务,通信工程及服务,5.29,5.3,5.26
sz300050,世纪鼎利,2023-11-28,5.26,5.31,5.18,5.25,5.27,16953470.0,88734691.0,2858699807.2499995,2860445269.5000005,-369898206.62,56584600.26,670692895.23,984477692.92,313784797.69,-7056199.149999999,3320.0,2999.78,1969.12,2195.32,3348.44,3567.24,235.91,111.13,,,,,Y,,通信,通信服务,通信工程及服务,5.24,5.22,5.29
sz300050,世纪鼎利,2023-11-29,5.25,5.27,5.17,5.18,5.25,14280500.0,74283080.0,2820583809.82,2822305999.24,-369898206.62,56584600.26,670692895.23,984477692.92,313784797.69,-7056199.149999999,2676.62,2624.34,1102.43,1434.8,3411.92,3134.15,237.34,235.03,,,,,Y,,通信,通信服务,通信工程及服务,5.19,5.19,5.21
sz300050,世纪鼎利,2023-11-30,5.18,5.22,5.11,5.16,5.18,14630400.0,75464643.0,2809693524.84,2811409064.88,-369898206.62,56584600.26,670692895.23,984477692.92,313784797.69,-7056199.149999999,2172.42,2635.16,1222.16,1856.87,4151.89,2792.44,0.0,262.0,,,,,Y,,通信,通信服务,通信工程及服务,5.18,5.19,5.16
sz300050,世纪鼎利,2023-12-01,5.18,5.33,5.12,5.31,5.16,19641400.0,103398319.0,2891370662.19,2893136072.58,-369898206.62,56584600.26,670692895.23,984477692.92,313784797.69,-7056199.149999999,3416.48,3773.96,2778.27,2277.81,3775.84,4154.03,369.24,134.04,,,,,Y,,通信,通信服务,通信工程及服务,5.18,5.22,5.23
sz300050,世纪鼎利,2023-12-04,5.31,5.38,5.27,5.29,5.31,15008400.0,79957420.0,2880480377.21,2882239138.22,-369898206.62,56584600.26,670692895.23,984477692.92,313784797.69,-7056199.149999999,3213.84,3166.9,1237.09,1892.38,3412.72,2830.07,132.1,106.4,,,,,Y,,通信,通信服务,通信工程及服务,5.32,5.33,5.37
sz300050,世纪鼎利,2023-12-05,5.23,5.28,5.06,5.07,5.29,23802200.0,122148962.0,2760687242.43,2762372860.26,-369898206.62,56584600.26,670692895.23,984477692.92,313784797.69,-7056199.149999999,4225.44,4000.53,2109.27,3470.01,5621.68,3521.84,258.5,1222.52,,,,,Y,,通信,通信服务,通信工程及服务,5.25,5.22,5.17
sz300050,世纪鼎利,2023-12-06,5.07,5.07,4.96,5.0,5.07,16182700.0,80951127.0,2722571245.0,2724233590.0,-369898206.62,56584600.26,670692895.23,984477692.92,313784797.69,-7056199.149999999,2711.19,3150.06,1324.12,1583.46,3913.21,3110.99,146.59,250.6,,,,,Y,,通信,通信服务,通信工程及服务,5.02,5.02,5.02
sz300050,世纪鼎利,2023-12-07,4.96,5.07,4.96,5.0,5.0,12160400.0,60809587.0,2722571245.0,2724233590.0,-369898206.62,56584600.26,670692895.23,984477692.92,313784797.69,-7056199.149999999,1779.89,2464.63,1500.98,1295.55,2800.1,2273.06,0.0,47.72,,,,,Y,,通信,通信服务,通信工程及服务,5.06,5.02,5.02
sz300050,世纪鼎利,2023-12-08,5.0,5.03,4.91,4.92,5.0,12743600.0,63089981.0,2679010105.08,2680645852.56,-369898206.62,56584600.26,670692895.23,984477692.92,313784797.69,-7056199.149999999,1932.69,2350.55,1383.92,1841.88,2992.39,2116.57,0.0,0.0,,,,,Y,,通信,通信服务,通信工程及服务,5.01,4.98,4.98
sz300050,世纪鼎利,2023-12-11,4.92,4.97,4.86,4.97,4.92,11127920.0,54903577.0,2706235817.53,2707888188.46,-369898206.62,56584600.26,670692895.23,984477692.92,313784797.69,-7056199.149999999,1763.48,2128.14,1176.99,460.51,2549.88,2901.71,0.0,0.0,,,,,,,通信,通信服务,通信工程及服务,4.89,4.94,4.94
sz300050,世纪鼎利,2023-12-12,4.97,5.06,4.95,5.04,4.97,13158058.0,66070783.0,2744351814.96,2746027458.72,-369898206.62,56584600.26,670692895.23,984477692.92,313784797.69,-7056199.149999999,2339.15,2031.69,1368.99,1418.88,2769.71,2905.61,129.23,250.9,,,,,,,通信,通信服务,通信工程及服务,5.0,5.02,5.02
sz300050,世纪鼎利,2023-12-13,5.02,5.06,4.99,5.0,5.04,10722608.0,53878106.0,2722571245.0,2724233590.0,-369898206.62,56584600.26,670692895.23,984477692.92,313784797.69,-7056199.149999999,1715.87,1875.67,904.18,1476.18,2648.69,1835.67,119.08,200.3,,,,,,,通信,通信服务,通信工程及服务,5.04,5.04,5.01
sz300050,世纪鼎利,2023-12-14,5.0,5.05,4.94,4.95,5.0,9176270.0,45746015.0,2695345532.55,2696991254.1,-369898206.62,56584600.26,670692895.23,984477692.92,313784797.69,-7056199.149999999,1517.41,1412.3,616.98,907.36,2324.94,2254.94,115.27,0.0,,,,,,,通信,通信服务,通信工程及服务,5.05,5.01,5.02
sz300050,世纪鼎利,2023-12-15,4.95,5.0,4.9,4.92,4.95,8784900.0,43379379.0,2679010105.08,2680645852.56,-369898206.62,56584600.26,670692895.23,984477692.92,313784797.69,-7056199.149999999,1489.04,1443.81,580.47,932.31,2268.42,1961.82,0.0,0.0,,,,,,,通信,通信服务,通信工程及服务,4.95,4.9,4.91
sz300050,世纪鼎利,2023-12-18,4.9,4.9,4.79,4.8,4.92,11554460.0,55927007.0,2613668395.2000003,2615264246.4,-369898206.62,56584600.26,670692895.23,984477692.92,313784797.69,-7056199.149999999,1661.83,1911.79,820.83,1386.75,3110.04,2169.41,0.0,124.76,,,,,,,通信,通信服务,通信工程及服务,4.9,4.88,4.88
sz300050,世纪鼎利,2023-12-19,4.81,4.85,4.77,4.84,4.8,8651200.0,41631175.0,2635448965.16,2637058115.12,-369898206.62,56584600.26,670692895.23,984477692.92,313784797.69,-7056199.149999999,1304.3,1534.4,763.18,667.13,2095.63,1961.59,0.0,0.0,,,,,,,通信,通信服务,通信工程及服务,4.81,4.79,4.79
sz300050,世纪鼎利,2023-12-20,4.84,4.89,4.78,4.78,4.84,8728400.0,42168560.0,2602778110.2200003,2604367312.04,-369898206.62,56584600.26,670692895.23,984477692.92,313784797.69,-7056199.149999999,1194.13,1734.69,735.83,565.94,2286.9,1816.11,0.0,100.12,,,,,,,通信,通信服务,通信工程及服务,4.84,4.83,4.83
sz300050,世纪鼎利,2023-12-21,4.77,4.82,4.68,4.79,4.78,11075300.0,52637339.0,2608223252.71,2609815779.22,-369898206.62,56584600.26,670692895.23,984477692.92,313784797.69,-7056199.149999999,1505.12,1754.95,973.67,1184.02,2651.57,1965.21,133.38,359.56,,,,,,,通信,通信服务,通信工程及服务,4.77,4.74,4.74
sz300050,世纪鼎利,2023-12-22,4.79,4.79,4.66,4.67,4.79,8912700.0,42066432.0,2542881542.83,2544434173.06,-369898206.62,56584600.26,670692895.23,984477692.92,313784797.69,-7056199.149999999,1458.89,1568.22,458.79,672.25,2288.96,1966.17,0.0,0.0,,,,,,,通信,通信服务,通信工程及服务,4.75,4.76,4.76
sz300050,世纪鼎利,2023-12-25,4.65,4.74,4.61,4.63,4.67,7833600.0,36433932.0,2521100972.87,2522640304.34,-369898206.62,56584600.26,670692895.23,984477692.92,313784797.69,-7056199.149999999,1130.97,1123.61,418.12,657.47,2094.3,1862.18,0.0,0.14,,,,,,,通信,通信服务,通信工程及服务,4.72,4.64,4.63
sz300050,世纪鼎利,2023-12-26,4.62,4.66,4.51,4.52,4.63,8837800.0,40175028.0,2461204405.48,2462707165.36,-369898206.62,56584600.26,670692895.23,984477692.92,313784797.69,-7056199.149999999,1294.96,1436.7,674.9,734.84,2047.64,1709.76,0.0,136.2,,,,,,,通信,通信服务,通信工程及服务,4.59,4.59,4.57
sz300050,世纪鼎利,2023-12-27,4.54,4.6,4.53,4.59,4.52,7364400.0,33633899.0,2499320402.9100003,2500846435.62,-369898206.62,56584600.26,670692895.23,984477692.92,313784797.69,-7056199.149999999,974.72,1195.85,535.17,566.32,1853.51,1601.22,0.0,0.0,,,,,,,通信,通信服务,通信工程及服务,4.55,4.55,4.56
sz300050,世纪鼎利,2023-12-28,4.56,4.65,4.51,4.62,4.59,9534600.0,43882844.0,2515655830.38,2517191837.16,-369898206.62,56584600.26,670692895.23,984477692.92,313784797.69,-7056199.149999999,1623.39,1691.3,668.82,758.53,2096.08,1938.46,0.0,0.0,,,,,,,通信,通信服务,通信工程及服务,4.54,4.52,4.55
sz300050,世纪鼎利,2023-12-29,4.61,4.74,4.61,4.73,4.62,8541307.0,40205464.0,2575552397.77,2577124976.14,-369898206.62,56584600.26,670692895.23,984477692.92,313784797.69,-7056199.149999999,1331.62,1430.54,855.27,643.76,1751.86,1946.24,81.8,0.0,,,,,,,通信,通信服务,通信工程及服务,4.67,4.72,4.69
sz300050,世纪鼎利,2024-01-02,4.75,4.77,4.7,4.71,4.73,7710700.0,36483731.0,2564662112.79,2566228041.78,-369898206.62,56584600.26,670692895.23,984477692.92,313784797.69,-7056199.149999999,1122.09,1209.08,591.06,587.87,1935.22,1851.42,0.0,0.0,,,,,,,通信,通信服务,通信工程及服务,4.74,4.74,4.71
sz300050,世纪鼎利,2024-01-03,4.7,4.75,4.67,4.71,4.71,8266800.0,38921697.0,2564662112.79,2566228041.78,-369898206.62,56584600.26,670692895.23,984477692.92,313784797.69,-7056199.149999999,951.78,1470.18,431.02,634.28,2509.38,1686.02,0.0,101.7,,,,,,,通信,通信服务,通信工程及服务,4.73,4.74,4.73
sz300050,世纪鼎利,2024-01-04,4.7,4.75,4.67,4.74,4.71,6822270.0,32210450.0,2580997540.26,2582573443.32,-369898206.62,56584600.26,670692895.23,984477692.92,313784797.69,-7056199.149999999,910.18,1129.85,409.68,375.36,1763.88,1715.83,137.31,0.0,,,,,,,通信,通信服务,通信工程及服务,4.68,4.7,4.73
sz300050,世纪鼎利,2024-01-05,4.77,4.77,4.58,4.61,4.74,9570900.0,44590202.0,2510210687.8900003,2511743369.98,-369898206.62,56584600.26,670692895.23,984477692.92,313784797.69,-7056199.149999999,1464.38,1231.0,559.4,1224.54,2325.26,2003.48,109.98,0.0,,,,,,,通信,通信服务,通信工程及服务,4.72,4.69,4.69
sz300050,世纪鼎利,2024-01-08,4.58,4.63,4.53,4.53,4.61,6477000.0,29587784.0,2466649547.9700003,2468155632.54,-369898206.62,56584600.26,670692895.23,984477692.92,313784797.69,-7056199.149999999,798.28,852.3,346.09,469.44,1677.6,1637.04,136.8,0.0,,,,,,,通信,通信服务,通信工程及服务,4.57,4.58,4.58
sz300050,世纪鼎利,2024-01-09,4.52,4.63,4.48,4.54,4.53,7281600.0,33166857.0,2472094690.46,2473604099.72,-369898206.62,56584600.26,670692895.23,984477692.92,313784797.69,-7056199.149999999,1128.27,883.74,329.56,476.76,1858.86,1818.19,0.0,138.0,,,,,,,通信,通信服务,通信工程及服务,4.62,4.59,4.58
sz300050,世纪鼎利,2024-01-10,4.56,4.56,4.42,4.42,4.54,7210100.0,32185832.0,2406752980.58,2408222493.56,-369898206.62,56584600.26,670692895.23,984477692.92,313784797.69,-7056199.149999999,950.0,975.31,469.81,596.87,1798.78,1646.4,0.0,0.0,,,,,,,通信,通信服务,通信工程及服务,4.46,4.43,4.45
sz300050,世纪鼎利,2024-01-11,4.41,4.58,4.41,4.58,4.42,9145000.0,41319882.0,2493875260.42,2495397968.44,-369898206.62,56584600.26,670692895.23,984477692.92,313784797.69,-7056199.149999999,1165.38,1427.61,549.33,599.3,2417.27,1991.65,0.0,113.43,,,,,,,通信,通信服务,通信工程及服务,4.49,4.46,4.48
sz300050,世纪鼎利,2024-01-12,4.56,4.57,4.45,4.45,4.58,8571270.0,38564319.0,2423088408.05,2424567895.1,-369898206.62,56584600.26,670692895.23,984477692.92,313784797.69,-7056199.149999999,1283.92,1072.02,626.65,816.29,1945.87,1867.73,0.0,100.4,,,,,,,通信,通信服务,通信工程及服务,4.53,4.52,4.51
sz300050,世纪鼎利,2024-01-15,4.44,4.46,4.39,4.44,4.45,5924900.0,26245362.0,2417643265.56,2419119427.92,-369898206.62,56584600.26,670692895.23,984477692.92,313784797.69,-7056199.149999999,753.09,855.47,245.14,191.92,1539.52,1476.28,86.78,100.87,,,,,,,通信,通信服务,通信工程及服务,4.43,4.41,4.41
sz300050,世纪鼎利,2024-01-16,4.46,4.46,4.34,4.43,4.44,8275100.0,36333729.0,2412198123.07,2413670960.74,-369898206.62,56584600.26,670692895.23,984477692.92,313784797.69,-7056199.149999999,734.73,1155.99,403.0,492.28,2363.64,1985.1,132.0,0.0,,,,,,,通信,通信服务,通信工程及服务,4.41,4.41,4.43
sz300050,世纪鼎利,2024-01-17,4.45,4.45,4.31,4.31,4.43,6015600.0,26366272.0,2346856413.19,2348289354.58,-369898206.62,56584600.26,670692895.23,984477692.92,313784797.69,-7056199.149999999,596.69,658.35,213.28,254.7,1826.66,1723.58,0.0,0.0,,,,,,,通信,通信服务,通信工程及服务,4.41,4.42,4.42
sz300050,世纪鼎利,2024-01-18,4.28,4.36,4.16,4.32,4.31,9443200.0,40084804.0,2352301555.68,2353737821.76,-369898206.62,56584600.26,670692895.23,984477692.92,313784797.69,-7056199.149999999,1243.37,1378.88,413.29,384.29,2341.89,2245.31,9.93,0.0,,,,,,,通信,通信服务,通信工程及服务,4.3,4.27,4.29
sz300050,世纪鼎利,2024-01-19,4.32,4.33,4.24,4.24,4.32,5904700.0,25274755.0,2308740415.76,2310150084.32,-369898206.62,56584600.26,670692895.23,984477692.92,313784797.69,-7056199.149999999,657.34,715.52,243.23,299.22,1626.9,1512.74,0.0,0.0,,,,,,,通信,通信服务,通信工程及服务,4.32,4.29,4.29
sz300050,世纪鼎利,2024-01-22,4.28,4.29,3.96,4.02,4.24,9923200.0,40908190.0,2188947280.98,2190283806.36,-369898206.62,56584600.26,670692895.23,984477692.92,313784797.69,-7056199.149999999,1338.29,1330.69,333.75,486.45,2418.78,2273.68,0.0,0.0,,,,,,,通信,通信服务,通信工程及服务,4.27,4.24,4.23
sz300050,世纪鼎利,2024-01-23,3.98,4.02,3.9,3.95,4.02,10990300.0,43315469.0,2150831283.55,2152144536.1,-369898206.62,56584600.26,670692895.23,984477692.92,313784797.69,-7056199.149999999,1357.96,921.42,451.01,545.61,2522.58,2749.72,0.0,114.8,,,,,,,通信,通信服务,通信工程及服务,3.96,3.95,3.9
sz300050,世纪鼎利,2024-01-24,3.97,4.04,3.84,4.03,3.95,9646000.0,38237253.0,2194392423.47,2195732273.54,-369898206.62,56584600.26,670692895.23,984477692.92,313784797.69,-7056199.149999999,1317.32,1275.51,569.73,484.84,1936.68,2063.38,0.0,0.0,,,,,,,通信,通信服务,通信工程及服务,4.01,3.99,4.03
sz300050,世纪鼎利,2024-01-25,4.03,4.2,3.98,4.2,4.03,9643700.0,39728261.0,2286959845.8,2288356215.6,-369898206.62,56584600.26,670692895.23,984477692.92,313784797.69,-7056199.149999999,1147.68,1412.61,406.97,701.66,2299.47,1858.55,118.7,0.0,,,,,,,通信,通信服务,通信工程及服务,4.04,4.03,4.03
sz300050,世纪鼎利,2024-01-26,4.22,4.33,4.19,4.23,4.2,10438500.0,44456165.0,2303295273.27,2304701617.14,-369898206.62,56584600.26,670692895.23,984477692.92,313784797.69,-7056199.149999999,1324.08,1561.1,399.49,562.45,2722.05,2322.07,0.0,0.0,,,,,,,通信,通信服务,通信工程及服务,4.24,4.22,4.24
sz300050,世纪鼎利,2024-01-29,4.28,4.28,3.95,3.96,4.23,14745200.0,59527351.0,2156276426.04,2157593003.28,-369898206.62,56584600.26,670692895.23,984477692.92,313784797.69,-7056199.149999999,2105.5,1236.08,636.74,2077.77,3210.49,2638.89,0.0,0.0,,,,,,,通信,通信服务,通信工程及服务,4.14,4.1,4.09
sz300050,世纪鼎利,2024-01-30,3.96,3.99,3.81,3.81,3.96,9397500.0,36503567.0,2074599288.69,2075865995.58,-369898206.62,56584600.26,670692895.23,984477692.92,313784797.69,-7056199.149999999,941.54,945.96,384.89,299.67,2321.88,2404.73,2.05,0.0,,,,,,,通信,通信服务,通信工程及服务,3.9,3.9,3.91
sz300050,世纪鼎利,2024-01-31,3.76,3.81,3.5,3.51,3.81,17687300.0,64034896.0,1911245013.99,1912411980.18,-369898206.62,56584600.26,670692895.23,984477692.92,313784797.69,-7056199.149999999,2262.8,1712.7,704.42,1305.28,3436.27,3282.67,0.0,102.84,,,,,,,通信,通信服务,通信工程及服务,3.76,3.73,3.7
sz300050,世纪鼎利,2024-02-01,3.5,3.51,3.29,3.38,3.51,16075500.0,54357164.0,1840458161.62,1841581906.84,-369898206.62,56584600.26,670692895.23,984477692.92,313784797.69,-7056199.149999999,1469.86,1458.28,647.82,742.78,3318.04,3234.66,0.0,0.0,,,,,,,通信,通信服务,通信工程及服务,3.4,3.37,3.36
sz300050,世纪鼎利,2024-02-02,3.39,3.5,3.04,3.2,3.38,19943308.0,65424279.0,1742445596.8,1743509497.6,-369898206.62,56584600.26,670692895.23,984477692.92,313784797.69,-7056199.149999999,2298.88,1881.62,740.75,1031.82,3502.8,3428.28,0.0,200.7,,,,,,,通信,通信服务,通信工程及服务,3.44,3.44,3.4
sz300050,世纪鼎利,2024-02-05,3.17,3.18,2.57,2.66,3.2,31853360.0,87765490.0,1448407902.34,1449292269.88,-369898206.62,56584600.26,670692895.23,984477692.92,313784797.69,-7056199.149999999,2679.38,2405.16,784.26,834.36,5312.91,5537.03,0.0,0.0,,,,,,,通信,通信服务,通信工程及服务,2.94,2.83,2.79
sz300050,世纪鼎利,2024-02-06,2.5,2.79,2.28,2.59,2.66,41423505.0,101759306.0,1410291904.9099998,1411152999.62,-369898206.62,56584600.26,670692895.23,984477692.92,313784797.69,-7056199.149999999,3479.0,2759.17,1768.54,1401.46,4928.39,6015.3,0.0,0.0,,,,,,,通信,通信服务,通信工程及服务,2.34,2.29,2.36
sz300050,世纪鼎利,2024-02-07,2.57,2.59,2.16,2.24,2.59,44730330.0,103847650.0,1219711917.76,1220456648.32,-369898206.62,56584600.26,670692895.23,984477692.92,313784797.69,-7056199.149999999,3670.53,3420.11,1719.63,1506.75,4994.61,5457.91,0.0,0.0,,,,,,,通信,通信服务,通信工程及服务,2.36,2.39,2.37
sz300050,世纪鼎利,2024-02-08,2.25,2.47,2.06,2.44,2.24,41801800.0,95304776.0,1328614767.56,1329425991.9199998,-369898206.62,56584600.26,670692895.23,984477692.92,313784797.69,-7056199.149999999,3580.6,2778.81,2159.55,1299.51,3790.34,5452.16,0.0,0.0,,,,,,,通信,通信服务,通信工程及服务,2.15,2.18,2.13
sz300050,世纪鼎利,2024-02-19,2.49,2.76,2.49,2.7,2.44,37818519.0,99511625.0,1470188472.3000002,1471086138.6,-369898206.62,56584600.26,670692895.23,984477692.92,313784797.69,-7056199.149999999,3395.52,4195.47,1612.2,1630.87,4943.44,4124.82,0.0,0.0,,,,,,,通信,通信服务,通信工程及服务,2.56,2.55,2.63
sz300050,世纪鼎利,2024-02-20,2.75,2.91,2.65,2.89,2.7,34454671.0,96742319.0,1573646179.61,1574607015.0200002,-369898206.62,56584600.26,670692895.23,984477692.92,313784797.69,-7056199.149999999,2983.52,3526.65,2523.26,1997.32,4167.46,4150.26,0.0,0.0,,,,,,,通信,通信服务,通信工程及服务,2.68,2.71,2.76
sz300050,世纪鼎利,2024-02-21,2.84,3.08,2.78,2.93,2.89,34673377.0,102859528.0,1595426749.5700002,1596400883.7400002,-369898206.62,56584600.26,670692895.23,984477692.92,313784797.69,-7056199.149999999,3495.86,3573.99,2714.1,3127.62,4075.99,3584.35,0.0,0.0,,,,,,,通信,通信服务,通信工程及服务,2.84,2.93,2.92
sz300050,世纪鼎利,2024-02-22,2.95,3.14,2.95,3.14,2.93,28886570.0,88400736.0,1709774741.86,1710818694.5200002,-369898206.62,56584600.26,670692895.23,984477692.92,313784797.69,-7056199.149999999,3018.16,3155.09,1555.1,1785.02,4266.82,3899.97,0.0,0.0,,,,,,,通信,通信服务,通信工程及服务,3.05,3.04,3.07
sz300050,世纪鼎利,2024-02-23,3.15,3.38,3.13,3.37,3.14,34653594.0,112894768.0,1835013019.13,1836133439.66,-369898206.62,56584600.26,670692895.23,984477692.92,313784797.69,-7056199.149999999,3798.0,3336.03,2290.55,2621.58,5100.43,5231.07,100.5,100.8,,,,,,,通信,通信服务,通信工程及服务,3.15,3.25,3.21
sz300050,世纪鼎利,2024-02-26,3.38,3.6,3.33,3.48,3.37,37939359.0,131429757.0,1894909586.52,1896066578.64,-369898206.62,56584600.26,670692895.23,984477692.92,313784797.69,-7056199.149999999,4023.78,4774.93,3025.26,2910.38,5773.03,5253.7,320.91,203.96,,,,,,,通信,通信服务,通信工程及服务,3.4,3.55,3.5
sz300050,世纪鼎利,2024-02-27,3.43,3.61,3.38,3.6,3.48,29852359.0,104838026.0,1960251296.4,1961448184.8,-369898206.62,56584600.26,670692895.23,984477692.92,313784797.69,-7056199.149999999,3338.22,3278.03,1857.52,2414.79,4964.64,4790.98,323.43,0.0,,,,,,,通信,通信服务,通信工程及服务,3.47,3.47,3.47
sz300050,世纪鼎利,2024-02-28,3.67,3.76,3.16,3.18,3.6,50298937.0,174644093.0,1731555311.8200002,1732612563.2399998,-369898206.62,56584600.26,670692895.23,984477692.92,313784797.69,-7056199.149999999,5115.85,5590.85,3333.05,4516.89,8911.11,6793.12,104.4,563.55,,,,,,,通信,通信服务,通信工程及服务,3.66,3.74,3.71
sz300050,世纪鼎利,2024-02-29,3.15,3.39,3.15,3.39,3.18,31603972.0,104877933.0,1845903304.11,1847030374.02,-369898206.62,56584600.26,670692895.23,984477692.92,313784797.69,-7056199.149999999,3628.85,3430.95,2097.06,1665.29,4633.36,5391.55,128.53,0.0,,,,,,,通信,通信服务,通信工程及服务,3.33,3.32,3.34
sz300050,世纪鼎利,2024-03-01,3.42,3.52,3.38,3.47,3.39,24140194.0,83138139.0,1889464444.03,1890618111.46,-369898206.62,56584600.26,670692895.23,984477692.92,313784797.69,-7056199.149999999,2859.31,2783.87,2072.21,1716.12,3278.19,3710.75,104.1,103.07,,,,,,,通信,通信服务,通信工程及服务,3.46,3.4,3.41
sz300050,世纪鼎利,2024-03-04,3.47,3.57,3.4,3.49,3.47,26512304.0,92358965.0,1900354729.01,1901515045.82,-369898206.62,56584600.26,670692895.23,984477692.92,313784797.69,-7056199.149999999,2802.38,2938.49,1904.01,2329.95,4423.61,3662.44,105.9,305.02,,,,,,,通信,通信服务,通信工程及服务,3.5,3.52,3.47
sz300050,世纪鼎利,2024-03-05,3.48,3.5,3.31,3.34,3.49,25660363.0,86750423.0,1818677591.66,1819788038.12,-369898206.62,56584600.26,670692895.23,984477692.92,313784797.69,-7056199.149999999,2387.98,2833.96,1727.28,2511.91,4559.78,3297.29,0.0,31.87,,,,,,,通信,通信服务,通信工程及服务,3.42,3.46,3.42
sz300050,世纪鼎利,2024-03-06,3.33,3.44,3.28,3.37,3.34,18872408.0,63464806.0,1835013019.13,1836133439.66,-369898206.62,56584600.26,670692895.23,984477692.92,313784797.69,-7056199.149999999,2056.35,1863.05,1659.07,1563.07,2514.08,2819.26,116.98,101.1,,,,,,,通信,通信服务,通信工程及服务,3.34,3.37,3.36
sz300050,世纪鼎利,2024-03-07,3.38,3.48,3.35,3.35,3.37,22693816.0,77358991.0,1824122734.15,1825236505.3,-369898206.62,56584600.26,670692895.23,984477692.92,313784797.69,-7056199.149999999,2337.37,2979.71,1343.87,1417.4,3954.07,3237.88,100.6,100.9,,,,,,,通信,通信服务,通信工程及服务,3.41,3.4,3.44
sz300050,世纪鼎利,2024-03-08,3.36,3.42,3.31,3.41,3.35,15684300.0,52867121.0,1856793589.09,1857927308.38,-369898206.62,56584600.26,670692895.23,984477692.92,313784797.69,-7056199.149999999,1809.46,1576.41,1085.57,1441.53,2391.69,2268.78,0.0,0.0,,,,,,,通信,通信服务,通信工程及服务,3.32,3.37,3.38
sz300050,世纪鼎利,2024-03-11,3.41,3.49,3.34,3.49,3.41,19933050.0,68231073.0,1900354729.01,1901515045.82,-369898206.62,56584600.26,670692895.23,984477692.92,313784797.69,-7056199.149999999,2253.12,2271.21,1387.74,1537.77,3079.05,2912.95,103.2,101.19,,,,,,,通信,通信服务,通信工程及服务,3.38,3.37,3.36
sz300050,世纪鼎利,2024-03-12,3.5,3.65,3.48,3.61,3.49,28520694.0,101444733.0,1965696438.89,1966896651.98,-369898206.62,56584600.26,670692895.23,984477692.92,313784797.69,-7056199.149999999,3122.43,3433.41,2353.16,2559.62,4313.9,3939.04,354.98,212.4,,,,,,,通信,通信服务,通信工程及服务,3.51,3.54,3.61
sz300050,世纪鼎利,2024-03-13,3.58,3.67,3.53,3.6,3.61,23030400.0,82809713.0,1960251296.4,1961448184.8,-369898206.62,56584600.26,670692895.23,984477692.92,313784797.69,-7056199.149999999,2640.57,2752.19,1630.38,2170.13,4010.02,3145.05,0.0,213.6,,,,,,,通信,通信服务,通信工程及服务,3.59,3.58,3.57
sz300050,世纪鼎利,2024-03-14,3.6,3.82,3.56,3.71,3.6,48232700.0,178512364.0,2020147863.79,2021381323.78,-369898206.62,56584600.26,670692895.23,984477692.92,313784797.69,-7056199.149999999,6100.68,6032.31,5137.77,3478.03,6395.43,8227.79,217.36,113.1,,,,,,,通信,通信服务,通信工程及服务,3.6,3.61,3.57
sz300050,世纪鼎利,2024-03-15,3.65,3.65,3.53,3.64,3.71,33336200.0,119582262.0,1982031866.36,1983242053.52,-369898206.62,56584600.26,670692895.23,984477692.92,313784797.69,-7056199.149999999,4345.84,2956.19,2190.71,3398.79,5421.68,5496.44,0.0,106.8,,,,,,,通信,通信服务,通信工程及服务,3.57,3.57,3.56
sz300050,世纪鼎利,2024-03-18,3.64,3.73,3.6,3.69,3.64,26208200.0,96233812.0,2009257578.81,2010484389.42,-369898206.62,56584600.26,670692895.23,984477692.92,313784797.69,-7056199.149999999,2569.31,3349.74,2686.25,2928.2,4256.88,3345.44,110.94,0.0,,,,,,,通信,通信服务,通信工程及服务,3.65,3.71,3.67
sz300050,世纪鼎利,2024-03-19,3.69,3.75,3.66,3.72,3.69,25380800.0,94353389.0,2025593006.28,2026829790.96,-369898206.62,56584600.26,670692895.23,984477692.92,313784797.69,-7056199.149999999,2732.72,3230.42,1839.56,2915.07,4646.78,3055.47,216.28,234.38,,,,,,,通信,通信服务,通信工程及服务,3.7,3.72,3.71
sz300050,世纪鼎利,2024-03-20,3.71,3.82,3.7,3.81,3.72,22811200.0,85835194.0,2074599288.69,2075865995.58,-369898206.62,56584600.26,670692895.23,984477692.92,313784797.69,-7056199.149999999,2497.68,2912.7,1896.16,2130.26,4189.68,3540.56,0.0,0.0,,,,,,,通信,通信服务,通信工程及服务,3.73,3.72,3.74
sz300050,世纪鼎利,2024-03-21,3.82,3.91,3.76,3.85,3.81,25969200.0,99744384.0,2096379858.65,2097659864.3,-369898206.62,56584600.26,670692895.23,984477692.92,313784797.69,-7056199.149999999,3022.74,3255.53,1865.88,2609.73,4947.32,3950.57,138.49,158.6,,,,,,,通信,通信服务,通信工程及服务,3.85,3.87,3.88
sz300050,世纪鼎利,2024-03-22,3.83,3.91,3.72,3.87,3.85,29012500.0,110767990.0,2107270143.63,2108556798.66,-369898206.62,56584600.26,670692895.23,984477692.92,313784797.69,-7056199.149999999,3685.71,3514.74,1900.1,2777.16,5300.59,4613.73,190.4,171.17,,,,,,,通信,通信服务,通信工程及服务,3.83,3.81,3.8
sz300050,世纪鼎利,2024-03-25,3.83,3.85,3.64,3.66,3.87,23868800.0,89779915.0,1992922151.34,1994138987.88,-369898206.62,56584600.26,670692895.23,984477692.92,313784797.69,-7056199.149999999,2957.61,2524.09,1096.91,2403.78,4923.46,3796.05,0.0,254.06,,,,,,,通信,通信服务,通信工程及服务,3.76,3.78,3.75
sz300050,世纪鼎利,2024-03-26,3.66,3.73,3.56,3.65,3.66,17631700.0,64300026.0,1987477008.85,1988690520.7,-369898206.62,56584600.26,670692895.23,984477692.92,313784797.69,-7056199.149999999,2457.73,2441.77,602.42,994.04,3260.35,2994.19,109.5,0.0,,,,,,,通信,通信服务,通信工程及服务,3.7,3.71,3.69
sz300050,世纪鼎利,2024-03-27,3.65,3.65,3.46,3.47,3.65,17917200.0,63406884.0,1889464444.03,1890618111.46,-369898206.62,56584600.26,670692895.23,984477692.92,313784797.69,-7056199.149999999,2120.41,2139.35,1281.66,1264.33,2938.62,2831.96,0.0,105.05,,,,,,,通信,通信服务,通信工程及服务,3.62,3.58,3.56
sz300050,世纪鼎利,2024-03-28,3.44,3.65,3.44,3.61,3.47,17517500.0,62889532.0,1965696438.89,1966896651.98,-369898206.62,56584600.26,670692895.23,984477692.92,313784797.69,-7056199.149999999,1706.29,1983.5,1424.81,1160.45,3157.85,3145.0,0.0,0.0,,,,,,,通信,通信服务,通信工程及服务,3.53,3.56,3.55
sz300050,世纪鼎利,2024-03-29,3.61,4.02,3.56,3.89,3.61,46579188.0,176999837.0,2118160428.61,2119453733.02,-369898206.62,56584600.26,670692895.23,984477692.92,313784797.69,-7056199.149999999,5996.18,6485.2,4592.02,3230.01,5650.02,7984.78,1461.77,0.0,,,,,,,通信,通信服务,通信工程及服务,3.64,3.65,3.63
sz300050,世纪鼎利,2024-04-01,3.78,3.87,3.75,3.86,3.89,41784334.0,159050523.0,2101825001.14,2103108331.48,-369898206.62,56584600.26,670692895.23,984477692.92,313784797.69,-7056199.149999999,5869.26,4004.75,2850.31,3875.01,7185.49,6787.65,0.0,1237.65,,,,,,,通信,通信服务,通信工程及服务,3.82,3.79,3.77
sz300050,世纪鼎利,2024-04-02,3.81,4.25,3.79,4.0,3.86,54642530.0,217047566.0,2178056996.0,2179386872.0,-369898206.62,56584600.26,670692895.23,984477692.92,313784797.69,-7056199.149999999,7949.18,7026.75,5512.99,4226.73,7012.29,10321.51,1230.3,129.76,,,,,,,通信,通信服务,通信工程及服务,3.81,3.89,3.93
sz300050,世纪鼎利,2024-04-03,3.93,3.97,3.71,3.73,4.0,41458343.0,156765366.0,2031038148.77,2032278258.14,-369898206.62,56584600.26,670692895.23,984477692.92,313784797.69,-7056199.149999999,5633.76,4069.26,3248.92,3873.88,6452.76,6361.47,341.1,1371.94,,,,,,,通信,通信服务,通信工程及服务,3.85,3.82,3.8
sz300050,世纪鼎利,2024-04-08,3.72,3.75,3.5,3.53,3.73,26449160.0,94375965.0,1922135298.97,1923308914.54,-369898206.62,56584600.26,670692895.23,984477692.92,313784797.69,-7056199.149999999,3611.41,3523.7,1263.29,2161.34,4562.9,3752.56,0.0,0.0,,,,,,,通信,通信服务,通信工程及服务,3.6,3.54,3.59
sz300050,世纪鼎利,2024-04-09,3.53,3.58,3.43,3.49,3.53,17109889.0,59537024.0,1900354729.01,1901515045.82,-369898206.62,56584600.26,670692895.23,984477692.92,313784797.69,-7056199.149999999,2009.13,2046.48,1116.17,1059.83,2828.41,2847.39,0.0,0.0,,,,,,,通信,通信服务,通信工程及服务,3.55,3.51,3.48
sz300050,世纪鼎利,2024-04-10,3.49,3.49,3.21,3.28,3.49,21918368.0,72671041.0,1786006736.72,1787097235.04,-369898206.62,56584600.26,670692895.23,984477692.92,313784797.69,-7056199.149999999,2412.8,2392.19,1108.08,2588.43,3746.23,2286.48,0.0,0.0,,,,,,,通信,通信服务,通信工程及服务,3.44,3.38,3.35
sz300050,世纪鼎利,2024-04-11,3.25,3.38,3.22,3.29,3.28,14266100.0,47483367.0,1791451879.21,1792545702.22,-369898206.62,56584600.26,670692895.23,984477692.92,313784797.69,-7056199.149999999,1466.86,1594.86,1028.64,1030.2,2230.56,2022.47,22.28,100.8,,,,,,,通信,通信服务,通信工程及服务,3.33,3.33,3.32
sz300050,世纪鼎利,2024-04-12,3.3,3.37,3.27,3.29,3.29,12034044.0,39903292.0,1791451879.21,1792545702.22,-369898206.62,56584600.26,670692895.23,984477692.92,313784797.69,-7056199.149999999,1098.33,1397.74,740.15,911.35,2151.85,1681.24,0.0,0.0,,,,,,,通信,通信服务,通信工程及服务,3.36,3.33,3.31
sz300050,世纪鼎利,2024-04-15,3.23,3.27,2.92,3.02,3.29,23271011.0,70794189.0,1644433031.98,1645437088.36,-369898206.62,56584600.26,670692895.23,984477692.92,313784797.69,-7056199.149999999,2151.85,2689.66,1426.67,1568.79,3500.9,2820.98,0.0,0.0,,,,,,,通信,通信服务,通信工程及服务,3.22,3.01,2.97
sz300050,世纪鼎利,2024-04-16,2.98,2.98,2.54,2.56,3.02,26728500.0,71127401.0,1393956477.4399998,1394807598.08,-369898206.62,56584600.26,670692895.23,984477692.92,313784797.69,-7056199.149999999,2441.9,2220.42,931.82,1863.56,3739.02,3028.76,0.0,0.0,,,,,,,通信,通信服务,通信工程及服务,2.74,2.67,2.63
sz300050,世纪鼎利,2024-04-17,2.67,2.99,2.67,2.98,2.56,27251043.0,78333823.0,1622652462.02,1623643219.64,-369898206.62,56584600.26,670692895.23,984477692.92,313784797.69,-7056199.149999999,2437.79,2749.6,1971.86,1128.47,3423.73,3955.32,0.0,0.0,,,,,,,通信,通信服务,通信工程及服务,2.82,2.81,2.85
sz300050,世纪鼎利,2024-04-18,2.99,3.03,2.83,2.88,2.98,18674493.0,54183151.0,1568201037.12,1569158547.84,-369898206.62,56584600.26,670692895.23,984477692.92,313784797.69,-7056199.149999999,2139.38,2026.63,787.84,809.81,2491.09,2581.88,0.0,0.0,,,,,,,通信,通信服务,通信工程及服务,2.91,2.89,2.86
sz300050,世纪鼎利,2024-04-19,2.89,3.46,2.84,3.46,2.88,70725151.0,234480582.0,1884020339.54,1885169644.28,-204266744.59000003,-41695683.24,479292231.42,719530538.4,240238306.98,-2020329.05,3388.72,7606.56,9072.91,6694.72,2765.5,7592.48,8220.93,1554.3,,,,,,,通信,通信服务,通信工程及服务,2.89,2.92,2.95
sz300050,世纪鼎利,2024-04-22,3.53,3.74,3.04,3.28,3.46,85748440.0,288724468.0,1786007720.72,1787097235.04,-204266744.59000003,-41695683.24,479292231.42,719530538.4,240238306.98,-2020329.05,11406.58,9463.21,5741.02,7332.79,11516.51,11030.41,208.34,1046.04,,,,,,,通信,通信服务,通信工程及服务,3.56,3.37,3.4
sz300050,世纪鼎利,2024-04-23,3.1,3.3,3.1,3.19,3.28,41388564.0,132941912.0,1737001411.3100002,1738061030.42,-204266744.59000003,-41695683.24,479292231.42,719530538.4,240238306.98,-2020329.05,4873.52,4797.92,2009.04,2793.75,6411.63,5702.52,0.0,0.0,,,,,,,通信,通信服务,通信工程及服务,3.19,3.22,3.28
sz300050,世纪鼎利,2024-04-24,3.34,3.83,3.28,3.83,3.19,71547868.0,258816188.0,2085490722.67,2086762929.94,-204266744.59000003,-41695683.24,479292231.42,719530538.4,240238306.98,-2020329.05,6930.77,9305.7,6839.39,4659.63,6539.72,11694.08,5571.74,222.22,,,,,,,通信,通信服务,通信工程及服务,3.38,3.55,3.6
sz300050,世纪鼎利,2024-04-25,3.93,4.17,3.76,4.03,3.83,120273112.0,477433688.0,2194393632.47,2195732273.54,-204266744.59000003,-41695683.24,479292231.42,719530538.4,240238306.98,-2020329.05,16920.22,18611.42,10602.51,11258.25,17904.54,15131.13,2316.09,2742.56,,,,,,,通信,通信服务,通信工程及服务,3.8,3.88,3.85
sz300050,世纪鼎利,2024-04-26,3.82,3.92,3.72,3.77,4.03,85896739.0,328764401.0,2052819849.73,2054072126.86,-204266744.59000003,-41695683.24,479292231.42,719530538.4,240238306.98,-2020329.05,12086.32,11806.45,6088.64,8014.17,14101.01,10921.21,600.47,2134.62,,,,,,,通信,通信服务,通信工程及服务,3.83,3.89,3.85
sz300050,世纪鼎利,2024-04-29,3.74,3.88,3.73,3.82,3.77,56578684.0,215758194.0,2080045577.18,2081314462.76,-204266744.59000003,-41695683.24,479292231.42,719530538.4,240238306.98,-2020329.05,7924.24,8192.4,4909.25,4703.97,8278.93,8245.82,463.4,433.63,,,,,,,通信,通信服务,通信工程及服务,3.82,3.86,3.83
sz300050,世纪鼎利,2024-04-30,3.82,3.88,3.65,3.66,3.82,44360606.0,164756709.0,1992923249.34,1994138987.88,-204266744.59000003,-41695683.24,479292231.42,719530538.4,240238306.98,-2020329.05,5512.28,6392.59,2727.45,3559.29,8007.73,5748.16,228.21,775.63,,,,,,,通信,通信服务,通信工程及服务,3.7,3.74,3.73
sz300050,世纪鼎利,2024-05-06,3.66,3.71,3.55,3.62,3.66,37559444.0,135232573.0,1971142667.38,1972345119.16,-204266744.59000003,-41695683.24,479292231.42,719530538.4,240238306.98,-2020329.05,4371.76,5200.78,2938.03,3190.09,6008.73,5024.19,204.74,108.19,,,,,,,通信,通信服务,通信工程及服务,3.64,3.63,3.59
sz300050,世纪鼎利,2024-05-07,3.59,3.71,3.54,3.7,3.62,36851331.0,134801375.0,2014703831.3,2015932856.6,-204266744.59000003,-41695683.24,479292231.42,719530538.4,240238306.98,-2020329.05,5187.93,4934.24,3112.1,2468.6,4718.63,5756.66,461.48,320.64,,,,,,,通信,通信服务,通信工程及服务,3.6,3.62,3.65
sz300050,世纪鼎利,2024-05-08,3.67,3.68,3.52,3.59,3.7,26630931.0,95067801.0,1954807230.91,1955999717.62,-204266744.59000003,-41695683.24,479292231.42,719530538.4,240238306.98,-2020329.05,3331.82,3508.22,1879.4,2106.84,4188.76,3784.92,106.8,106.8,,,,,,,通信,通信服务,通信工程及服务,3.56,3.59,3.6
sz300050,世纪鼎利,2024-05-09,3.58,3.72,3.54,3.7,3.59,33142031.0,120733007.0,2014703831.3,2015932856.6,-204266744.59000003,-41695683.24,479292231.42,719530538.4,240238306.98,-2020329.05,4349.56,3924.08,3575.61,2927.28,3819.73,5006.84,328.4,215.1,,,,,,,通信,通信服务,通信工程及服务,3.59,3.6,3.62
sz300050,世纪鼎利,2024-05-10,3.63,3.7,3.53,3.53,3.7,25203068.0,90292275.0,1922136357.97,1923308914.54,-204266744.59000003,-41695683.24,479292231.42,719530538.4,240238306.98,-2020329.05,2785.82,2895.08,1791.59,2933.24,4022.82,2640.2,429.0,560.7,,,,,,,通信,通信服务,通信工程及服务,3.62,3.6,3.58
sz300050,世纪鼎利,2024-05-13,3.45,3.45,3.29,3.3,3.53,28110743.0,94288644.0,1796898011.6999998,1797994169.4,-204266744.59000003,-41695683.24,479292231.42,719530538.4,240238306.98,-2020329.05,3068.59,3533.1,1399.17,2903.75,4961.11,2992.02,0.0,0.0,,,,,,,通信,通信服务,通信工程及服务,3.43,3.36,3.43
sz300050,世纪鼎利,2024-05-14,3.33,3.39,3.23,3.34,3.3,18869500.0,62315114.0,1818678593.66,1819788038.12,-204266744.59000003,-41695683.24,479292231.42,719530538.4,240238306.98,-2020329.05,1819.83,2497.59,1753.7,1510.71,2556.88,2223.21,101.1,0.0,,,,,,,通信,通信服务,通信工程及服务,3.37,3.33,3.3
sz300050,世纪鼎利,2024-05-15,3.3,3.37,3.24,3.26,3.34,13760400.0,45582259.0,1775117429.74,1776200300.6799998,-204266744.59000003,-41695683.24,479292231.42,719530538.4,240238306.98,-2020329.05,1841.15,1578.5,598.81,1174.41,2118.27,1805.32,0.0,0.0,,,,,,,通信,通信服务,通信工程及服务,3.27,3.33,3.35
sz300050,世纪鼎利,2024-05-16,3.25,3.54,3.25,3.47,3.26,37872384.0,130514770.0,1889465485.03,1890618111.46,-204266744.59000003,-41695683.24,479292231.42,719530538.4,240238306.98,-2020329.05,4851.02,4633.63,3139.03,2008.09,4649.58,6153.0,411.84,256.77,,,,,,,通信,通信服务,通信工程及服务,3.29,3.34,3.38
sz300050,世纪鼎利,2024-05-17,3.5,3.64,3.5,3.59,3.47,36218100.0,129293306.0,1954807230.91,1955999717.62,-204266744.59000003,-41695683.24,479292231.42,719530538.4,240238306.98,-2020329.05,4610.04,4925.48,3381.69,2654.39,4937.6,4819.96,0.0,529.51,,,,,,,通信,通信服务,通信工程及服务,3.54,3.6,3.57
sz300050,世纪鼎利,2024-05-20,3.58,3.6,3.44,3.51,3.59,26857600.0,93810770.0,1911246066.99,1912411980.18,-204266744.59000003,-41695683.24,479292231.42,719530538.4,240238306.98,-2020329.05,2832.75,3846.16,1537.69,1852.06,4800.04,3575.37,210.6,107.48,,,,,,,通信,通信服务,通信工程及服务,3.52,3.5,3.49
sz300050,世纪鼎利,2024-05-21,3.52,3.52,3.33,3.38,3.51,19296600.0,65379603.0,1840459175.62,1841581906.84,-204266744.59000003,-41695683.24,479292231.42,719530538.4,240238306.98,-2020329.05,2140.33,2098.06,682.17,1654.88,3715.46,2682.42,0.0,102.6,,,,,,,通信,通信服务,通信工程及服务,3.45,3.41,3.37
sz300050,世纪鼎利,2024-05-22,3.4,3.5,3.35,3.46,3.38,18100800.0,62513111.0,1884020339.54,1885169644.28,-204266744.59000003,-41695683.24,479292231.42,719530538.4,240238306.98,-2020329.05,2116.95,2334.04,1430.27,1210.53,2392.09,2706.75,312.0,0.0,,,,,,,通信,通信服务,通信工程及服务,3.4,3.46,3.49
sz300050,世纪鼎利,2024-05-23,3.49,3.54,3.35,3.38,3.46,18994401.0,65243600.0,1840459175.62,1841581906.84,-204266744.59000003,-41695683.24,479292231.42,719530538.4,240238306.98,-2020329.05,2286.66,2104.12,999.04,1114.33,3136.36,3305.91,102.3,0.0,,,,,,,通信,通信服务,通信工程及服务,3.4,3.49,3.48
sz300050,世纪鼎利,2024-05-24,3.37,3.5,3.33,3.37,3.38,15452900.0,52604504.0,1835014030.13,1836133439.66,-204266744.59000003,-41695683.24,479292231.42,719530538.4,240238306.98,-2020329.05,1929.13,2007.63,1019.67,693.43,2311.65,2559.39,0.0,0.0,,,,,,,通信,通信服务,通信工程及服务,3.34,3.41,3.41
sz300050,世纪鼎利,2024-05-27,3.34,3.37,3.22,3.31,3.37,16069500.0,52650606.0,1802343157.19,1803442636.58,-204266744.59000003,-41695683.24,479292231.42,719530538.4,240238306.98,-2020329.05,1649.56,1963.81,647.82,1400.54,2967.69,1900.72,0.0,0.0,,,,,,,通信,通信服务,通信工程及服务,3.32,3.27,3.29
sz300050,世纪鼎利,2024-05-28,3.28,3.3,3.18,3.2,3.31,13721868.0,44113913.0,1742446556.8,1743509497.6,-204266744.59000003,-41695683.24,479292231.42,719530538.4,240238306.98,-2020329.05,1552.86,1466.62,705.3,1043.35,2153.24,1901.42,0.0,0.0,,,,,,,通信,通信服务,通信工程及服务,3.26,3.24,3.26
sz300050,世纪鼎利,2024-05-29,2.91,3.05,2.71,2.95,3.2,44709072.0,131447335.0,1606317919.55,1607297818.1,-204266744.59000003,-41695683.24,479292231.42,719530538.4,240238306.98,-2020329.05,4338.28,4683.67,2725.28,4357.3,6081.17,4103.76,0.0,0.0,,,,,,,通信,通信服务,通信工程及服务,2.93,3.03,3.0
sz300050,世纪鼎利,2024-05-30,2.94,2.95,2.82,2.87,2.95,23991300.0,69002441.0,1562756755.63,1563710080.66,-204266744.59000003,-41695683.24,479292231.42,719530538.4,240238306.98,-2020329.05,1843.73,2669.32,520.8,1113.03,4535.72,3117.89,0.0,0.0,,,,,,,通信,通信服务,通信工程及服务,2.91,2.92,2.93
sz300050,世纪鼎利,2024-05-31,2.86,3.06,2.86,3.02,2.87,25438100.0,75855381.0,1644433937.98,1645437088.36,-204266744.59000003,-41695683.24,479292231.42,719530538.4,240238306.98,-2020329.05,2605.79,2421.8,1484.32,1356.35,3495.42,3807.39,0.0,0.0,,,,,,,通信,通信服务,通信工程及服务,2.94,2.96,2.97
sz300050,世纪鼎利,2024-06-03,3.03,3.05,2.89,2.93,3.02,16185600.0,47699860.0,1595427628.57,1596400883.7400002,-204266744.59000003,-41695683.24,479292231.42,719530538.4,240238306.98,-2020329.05,1127.37,1828.92,629.57,838.8,3013.05,2102.26,0.0,0.0,,,,,,,通信,通信服务,通信工程及服务,2.99,2.96,2.98
sz300050,世纪鼎利,2024-06-04,2.88,2.89,2.74,2.81,2.93,18410500.0,51596817.0,1530085882.69,1531019277.5800002,-204266744.59000003,-41695683.24,479292231.42,719530538.4,240238306.98,-2020329.05,1846.62,1846.52,828.35,815.33,2484.71,2497.83,0.0,0.0,,,,,,,通信,通信服务,通信工程及服务,2.87,2.83,2.88
sz300050,世纪鼎利,2024-06-05,2.79,2.79,2.68,2.69,2.81,18591707.0,50521841.0,1464744136.81,1465637671.42,-204266744.59000003,-41695683.24,479292231.42,719530538.4,240238306.98,-2020329.05,1908.28,1598.54,574.55,1290.32,2569.35,2163.32,0.0,0.0,,,,,,,通信,通信服务,通信工程及服务,2.72,2.73,2.74
sz300050,世纪鼎利,2024-06-06,2.71,2.76,2.42,2.48,2.69,31898300.0,80831906.0,1350396081.52,1351219860.64,-204266744.59000003,-41695683.24,479292231.42,719530538.4,240238306.98,-2020329.05,2769.96,3096.83,1424.41,1983.12,3888.82,3003.25,0.0,0.0,,,,,,,通信,通信服务,通信工程及服务,2.73,2.67,2.65
sz300050,世纪鼎利,2024-06-07,2.55,2.65,2.53,2.6,2.48,20730800.0,53763895.0,1415737827.4,1416601466.8,-204266744.59000003,-41695683.24,479292231.42,719530538.4,240238306.98,-2020329.05,1810.92,1914.64,785.35,608.84,2780.12,2852.91,0.0,0.0,,,,,,,通信,通信服务,通信工程及服务,2.58,2.62,2.59
sz300050,世纪鼎利,2024-06-11,2.59,2.69,2.44,2.68,2.6,19705300.0,51625455.0,1459298991.32,1460189204.24,-204266744.59000003,-41695683.24,479292231.42,719530538.4,240238306.98,-2020329.05,1722.8,1819.01,1188.1,592.82,2251.65,2750.72,0.0,0.0,,,,,,,通信,通信服务,通信工程及服务,2.57,2.6,2.58
sz300050,世纪鼎利,2024-06-12,2.66,2.8,2.63,2.79,2.68,19292100.0,52925186.0,1519195591.71,1520122343.22,-204266744.59000003,-41695683.24,479292231.42,719530538.4,240238306.98,-2020329.05,1688.87,1669.03,1117.35,535.38,2486.3,3088.1,0.0,0.0,,,,,,,通信,通信服务,通信工程及服务,2.67,2.7,2.74
sz300050,世纪鼎利,2024-06-13,2.79,2.84,2.69,2.7,2.79,17097401.0,46700554.0,1470189282.3,1471086138.6,-204266744.59000003,-41695683.24,479292231.42,719530538.4,240238306.98,-2020329.05,1685.67,1340.66,527.17,1131.65,2457.21,2197.74,0.0,0.0,,,,,,,通信,通信服务,通信工程及服务,2.82,2.77,2.75
sz300050,世纪鼎利,2024-06-14,2.69,2.73,2.65,2.71,2.7,11809500.0,31782306.0,1475634427.79,1476534605.78,-204266744.59000003,-41695683.24,479292231.42,719530538.4,240238306.98,-2020329.05,1016.65,1067.02,332.73,590.05,1828.85,1521.16,0.0,0.0,,,,,,,通信,通信服务,通信工程及服务,2.7,2.69,2.71
sz300050,世纪鼎利,2024-06-17,2.68,2.71,2.62,2.64,2.71,10578606.0,28083367.0,1437518409.36,1438395335.52,-204266744.59000003,-41695683.24,479292231.42,719530538.4,240238306.98,-2020329.05,1092.87,923.52,125.62,628.52,1589.85,1256.3,0.0,0.0,,,,,,,通信,通信服务,通信工程及服务,2.69,2.67,2.67
sz300050,世纪鼎利,2024-06-18,2.64,2.84,2.62,2.83,2.64,23907406.0,66208828.0,1540976173.67,1541916211.94,-204266744.59000003,-41695683.24,479292231.42,719530538.4,240238306.98,-2020329.05,2572.29,2411.59,1464.82,858.07,2583.77,3351.22,0.0,0.0,,,,,,,通信,通信服务,通信工程及服务,2.69,2.68,2.7
sz300050,世纪鼎利,2024-06-19,2.84,2.91,2.8,2.84,2.83,18910648.0,54052216.0,1546421319.16,1547364679.12,-204266744.59000003,-41695683.24,479292231.42,719530538.4,240238306.98,-2020329.05,1986.94,2039.55,966.63,1033.55,2451.65,2332.13,0.0,0.0,,,,,,,通信,通信服务,通信工程及服务,2.91,2.87,2.85
sz300050,世纪鼎利,2024-06-20,2.84,2.84,2.71,2.75,2.84,16820100.0,46447294.0,1497415009.75,1498328474.5,-204266744.59000003,-41695683.24,479292231.42,719530538.4,240238306.98,-2020329.05,1975.21,1890.54,547.13,676.94,2122.39,2077.25,0.0,0.0,,,,,,,通信,通信服务,通信工程及服务,2.8,2.76,2.76
sz300050,世纪鼎利,2024-06-21,2.73,2.79,2.66,2.75,2.75,13605901.0,37164729.0,1497415009.75,1498328474.5,-204266744.59000003,-41695683.24,479292231.42,719530538.4,240238306.98,-2020329.05,1407.72,1240.54,630.6,320.73,1678.15,2155.2,0.0,0.0,,,,,,,通信,通信服务,通信工程及服务,2.68,2.69,2.73
sz300050,世纪鼎利,2024-06-24,2.72,2.75,2.58,2.59,2.75,15744502.0,41288686.0,1410292681.91,1411152999.62,-204266744.59000003,-41695683.24,479292231.42,719530538.4,240238306.98,-2020329.05,1574.08,1462.68,727.77,787.63,1827.02,1878.56,0.0,0.0,,,,,,,通信,通信服务,通信工程及服务,2.67,2.67,2.63
sz300050,世纪鼎利,2024-06-25,2.58,2.64,2.5,2.51,2.59,15525000.0,39543795.0,1366731517.9900002,1367565262.18,-204266744.59000003,-41695683.24,479292231.42,719530538.4,240238306.98,-2020329.05,1444.15,1529.92,540.1,523.66,1970.13,1900.8,0.0,0.0,,,,,,,通信,通信服务,通信工程及服务,2.62,2.59,2.6
sz300050,世纪鼎利,2024-06-26,2.5,2.67,2.45,2.66,2.51,16638800.0,43026554.0,1448408700.34,1449292269.88,-204266744.59000003,-41695683.24,479292231.42,719530538.4,240238306.98,-2020329.05,1640.2,1744.23,791.48,655.82,1870.97,1902.61,0.0,0.0,,,,,,,通信,通信服务,通信工程及服务,2.49,2.54,2.58
sz300050,世纪鼎利,2024-06-27,2.67,2.71,2.62,2.62,2.66,14678400.0,39106939.0,1426628118.38,1427498401.16,-204266744.59000003,-41695683.24,479292231.42,719530538.4,240238306.98,-2020329.05,1324.58,1560.81,385.01,406.49,2201.1,1943.39,0.0,0.0,,,,,,,通信,通信服务,通信工程及服务,2.64,2.67,2.69
sz300050,世纪鼎利,2024-06-28,2.65,2.74,2.63,2.64,2.62,13589300.0,36405086.0,1437518409.36,1438395335.52,-204266744.59000003,-41695683.24,479292231.42,719530538.4,240238306.98,-2020329.05,1316.75,1283.67,408.7,309.4,1915.06,2047.44,0.0,0.0,,,,,,,通信,通信服务,通信工程及服务,2.68,2.67,2.68
sz300050,世纪鼎利,2024-07-01,2.63,2.66,2.55,2.62,2.64,12928800.0,33547955.0,1426628118.38,1427498401.16,-204266744.59000003,-41695683.24,479292231.42,719530538.4,240238306.98,-2020329.05,1288.0,1343.4,496.27,578.72,1570.52,1432.67,0.0,0.0,,,,,,,通信,通信服务,通信工程及服务,2.65,2.59,2.6
sz300050,世纪鼎利,2024-07-02,2.64,2.84,2.63,2.79,2.62,25166800.0,69623204.0,1519195591.71,1520122343.22,-204266744.59000003,-41695683.24,479292231.42,719530538.4,240238306.98,-2020329.05,2400.53,2701.2,1672.05,1094.67,2889.74,3166.45,0.0,0.0,,,,,,,通信,通信服务,通信工程及服务,2.73,2.74,2.77
sz300050,世纪鼎利,2024-07-03,2.77,2.79,2.72,2.75,2.79,15336000.0,42332943.0,1497415009.75,1498328474.5,-204266744.59000003,-41695683.24,479292231.42,719530538.4,240238306.98,-2020329.05,1544.52,1584.17,689.33,696.18,1999.45,1952.95,0.0,0.0,,,,,,,通信,通信服务,通信工程及服务,2.76,2.76,2.78
sz300050,世纪鼎利,2024-07-04,2.75,2.77,2.6,2.6,2.75,12647400.0,33677680.0,1415737827.4,1416601466.8,-204266744.59000003,-41695683.24,479292231.42,719530538.4,240238306.98,-2020329.05,1135.65,1073.87,596.01,858.4,1636.11,1435.5,0.0,0.0,,,,,,,通信,通信服务,通信工程及服务,2.75,2.71,2.67
sz300050,世纪鼎利,2024-07-05,2.57,2.81,2.53,2.74,2.6,22510600.0,60745496.0,1491969864.26,1492880007.32,-204266744.59000003,-41695683.24,479292231.42,719530538.4,240238306.98,-2020329.05,2664.33,1949.76,1201.93,1003.28,2208.29,3121.51,0.0,0.0,,,,,,,通信,通信服务,通信工程及服务,2.55,2.62,2.63
sz300050,世纪鼎利,2024-07-08,2.72,2.74,2.61,2.63,2.74,17378300.0,46103798.0,1432073263.87,1432946868.34,-204266744.59000003,-41695683.24,479292231.42,719530538.4,240238306.98,-2020329.05,1379.54,1518.22,765.53,648.5,2465.31,2443.67,0.0,0.0,,,,,,,通信,通信服务,通信工程及服务,2.7,2.66,2.66
sz300050,世纪鼎利,2024-07-09,2.63,2.64,2.51,2.62,2.63,18441813.0,47760836.0,1426628118.38,1427498401.16,-204266744.59000003,-41695683.24,479292231.42,719530538.4,240238306.98,-2020329.05,1597.85,1433.28,1000.53,907.16,2177.7,2435.64,0.0,0.0,,,,,,,通信,通信服务,通信工程及服务,2.6,2.61,2.6
sz300050,世纪鼎利,2024-07-10,2.66,2.69,2.54,2.59,2.62,15024700.0,39060682.0,1410292681.91,1411152999.62,-204266744.59000003,-41695683.24,479292231.42,719530538.4,240238306.98,-2020329.05,1779.44,1310.6,465.74,1115.21,1660.89,1480.25,0.0,0.0,,,,,,,通信,通信服务,通信工程及服务,2.59,2.63,2.6
sz300050,世纪鼎利,2024-07-11,2.65,2.72,2.63,2.69,2.59,18662700.0,50140374.0,1464744136.81,1465637671.42,-204266744.59000003,-41695683.24,479292231.42,719530538.4,240238306.98,-2020329.05,1985.32,1977.1,1024.83,1179.41,2003.89,1857.52,0.0,0.0,,,,,,,通信,通信服务,通信工程及服务,2.66,2.65,2.65
sz300050,世纪鼎利,2024-07-12,2.69,2.75,2.62,2.66,2.69,16109800.0,43329452.0,1448408700.34,1449292269.88,-204266744.59000003,-41695683.24,479292231.42,719530538.4,240238306.98,-2020329.05,1386.53,1670.91,610.2,929.2,2336.21,1732.84,0.0,0.0,,,,,,,通信,通信服务,通信工程及服务,2.7,2.73,2.73
sz300050,世纪鼎利,2024-07-15,2.64,2.68,2.55,2.57,2.66,12407800.0,32034775.0,1399402390.93,1400256065.26,-204266744.59000003,-41695683.24,479292231.42,719530538.4,240238306.98,-2020329.05,1315.42,1042.21,471.4,548.21,1416.66,1613.06,0.0,0.0,,,,,,,通信,通信服务,通信工程及服务,2.62,2.58,2.59
sz300050,世纪鼎利,2024-07-16,2.56,2.61,2.53,2.55,2.57,11470200.0,29363934.0,1388512099.95,1389359130.9,-204266744.59000003,-41695683.24,479292231.42,719530538.4,240238306.98,-2020329.05,1222.54,934.38,287.95,306.36,1425.9,1695.66,0.0,0.0,,,,,,,通信,通信服务,通信工程及服务,2.58,2.59,2.58
sz300050,世纪鼎利,2024-07-17,2.55,2.58,2.46,2.47,2.55,13605789.0,33974375.0,1344950936.03,1345771393.46,-204266744.59000003,-41695683.24,479292231.42,719530538.4,240238306.98,-2020329.05,1171.05,1318.33,702.91,695.65,1523.49,1383.46,0.0,0.0,,,,,,,通信,通信服务,通信工程及服务,2.56,2.54,2.51
sz300050,世纪鼎利,2024-07-18,2.45,2.45,2.34,2.41,2.47,14950100.0,35650014.0,1312280063.09,1313080590.38,-204266744.59000003,-41695683.24,479292231.42,719530538.4,240238306.98,-2020329.05,1516.72,1426.01,438.13,387.83,1610.15,1751.16,0.0,0.0,,,,,,,通信,通信服务,通信工程及服务,2.41,2.38,2.37
sz300050,世纪鼎利,2024-07-19,2.42,2.46,2.37,2.43,2.41,11154301.0,27057780.0,1323170354.07,1323977524.74,-204266744.59000003,-41695683.24,479292231.42,719530538.4,240238306.98,-2020329.05,909.66,1164.66,292.34,494.86,1503.77,1046.26,0.0,0.0,,,,,,,通信,通信服务,通信工程及服务,2.42,2.42,2.39
sz300050,世纪鼎利,2024-07-22,2.46,2.92,2.46,2.79,2.43,75872230.0,211857355.0,1519195591.71,1520122343.22,-204266744.59000003,-41695683.24,479292231.42,719530538.4,240238306.98,-2020329.05,5559.14,7433.45,10408.31,7090.83,5218.28,6661.45,0.0,0.0,,,,,,,通信,通信服务,通信工程及服务,2.59,2.55,2.55
sz300050,世纪鼎利,2024-07-23,2.67,2.8,2.67,2.69,2.79,65535235.0,177777252.0,1464744136.81,1465637671.42,-204266744.59000003,-41695683.24,479292231.42,719530538.4,240238306.98,-2020329.05,6379.61,5510.83,4179.4,5705.59,7218.71,6561.3,0.0,0.0,,,,,,,通信,通信服务,通信工程及服务,2.74,2.69,2.71
sz300050,世纪鼎利,2024-07-24,2.68,3.14,2.66,2.87,2.69,79383188.0,229780287.0,1562756755.63,1563710080.66,-204266744.59000003,-41695683.24,479292231.42,719530538.4,240238306.98,-2020329.05,7800.63,8264.06,6367.4,4830.36,8810.0,9883.61,0.0,0.0,,,,,,,通信,通信服务,通信工程及服务,2.72,2.67,2.81
sz300050,世纪鼎利,2024-07-25,2.81,2.87,2.7,2.85,2.87,46347500.0,128125678.0,1551866464.65,1552813146.3000002,-204266744.59000003,-41695683.24,479292231.42,719530538.4,240238306.98,-2020329.05,5143.75,4475.76,2278.12,3212.79,5390.7,5124.02,0.0,0.0,,,,,,,通信,通信服务,通信工程及服务,2.72,2.76,2.71
sz300050,世纪鼎利,2024-07-26,2.8,3.09,2.77,2.88,2.85,52692500.0,154235950.0,1568201901.12,1569158547.84,-204266744.59000003,-41695683.24,479292231.42,719530538.4,240238306.98,-2020329.05,5852.74,5443.43,3593.66,3769.82,5977.19,6210.35,0.0,0.0,,,,,,,通信,通信服务,通信工程及服务,2.86,2.98,2.98
sz300050,世纪鼎利,2024-07-29,2.82,2.94,2.82,2.89,2.88,35362600.0,102124412.0,1573647046.61,1574607015.0200002,-204266744.59000003,-41695683.24,479292231.42,719530538.4,240238306.98,-2020329.05,4116.11,4070.1,2193.73,2451.85,3902.6,3690.5,0.0,0.0,,,,,,,通信,通信服务,通信工程及服务,2.84,2.87,2.89
sz300050,世纪鼎利,2024-07-30,2.87,3.14,2.81,3.04,2.89,53748500.0,160031518.0,1655324228.96,1656334022.72,-204266744.59000003,-41695683.24,479292231.42,719530538.4,240238306.98,-2020329.05,6529.45,6744.24,4112.65,3207.64,5361.06,6051.28,0.0,0.0,,,,,,,通信,通信服务,通信工程及服务,2.86,2.88,2.9
sz300050,世纪鼎利,2024-07-31,2.98,3.06,2.93,3.04,3.04,42704956.0,127937653.0,1655324228.96,1656334022.72,-204266744.59000003,-41695683.24,479292231.42,719530538.4,240238306.98,-2020329.05,4720.14,4842.53,3084.14,3235.03,4989.49,4716.21,0.0,0.0,,,,,,,通信,通信服务,通信工程及服务,2.93,2.96,2.97
sz300050,世纪鼎利,2024-08-01,3.02,3.16,2.98,3.07,3.04,42641500.0,130476722.0,1671659665.4299998,1672679424.26,-204266744.59000003,-41695683.24,479292231.42,719530538.4,240238306.98,-2020329.05,4959.59,4517.7,3656.93,4051.18,4431.15,4478.79,0.0,0.0,,,,,,,通信,通信服务,通信工程及服务,3.03,3.08,3.04
sz300050,世纪鼎利,2024-08-02,3.03,3.04,2.89,2.93,3.07,33340400.0,98875960.0,1595427628.57,1596400883.7400002,-204266744.59000003,-41695683.24,479292231.42,719530538.4,240238306.98,-2020329.05,3778.17,3716.31,2197.42,3200.13,3912.0,2971.16,0.0,0.0,,,,,,,通信,通信服务,通信工程及服务,3.01,2.98,3.01
sz300050,世纪鼎利,2024-08-05,2.89,2.99,2.83,2.84,2.93,27194513.0,79265902.0,1546421319.16,1547364679.12,-204266744.59000003,-41695683.24,479292231.42,719530538.4,240238306.98,-2020329.05,3260.36,3430.04,1823.91,2124.21,2842.31,2372.34,0.0,0.0,,,,,,,通信,通信服务,通信工程及服务,2.95,2.94,2.92
sz300050,世纪鼎利,2024-08-06,2.89,3.33,2.89,3.05,2.84,47415622.0,145849777.0,1660769374.4499998,1661782489.9,-204266744.59000003,-41695683.24,479292231.42,719530538.4,240238306.98,-2020329.05,5827.85,5402.11,3444.93,4147.42,5312.2,5035.45,0.0,0.0,,,,,,,通信,通信服务,通信工程及服务,3.19,3.02,3.02
sz300050,世纪鼎利,2024-08-07,3.01,3.19,2.98,3.09,3.05,45648356.0,141316067.0,1682549956.4099998,1683576358.62,-204266744.59000003,-41695683.24,479292231.42,719530538.4,240238306.98,-2020329.05,5798.43,5376.16,3093.16,3486.05,5240.02,5269.39,0.0,0.0,,,,,,,通信,通信服务,通信工程及服务,3.05,3.17,3.16
sz300050,世纪鼎利,2024-08-08,3.03,3.21,2.92,3.1,3.09,44612814.0,135790586.0,1687995101.9,1689024825.8000002,-204266744.59000003,-41695683.24,479292231.42,719530538.4,240238306.98,-2020329.05,5370.86,5377.21,3162.39,3398.68,5045.81,4803.17,0.0,0.0,,,,,,,通信,通信服务,通信工程及服务,2.97,2.95,2.95
sz300050,世纪鼎利,2024-08-09,3.07,3.12,3.02,3.04,3.1,25760700.0,78726290.0,1655324228.96,1656334022.72,-204266744.59000003,-41695683.24,479292231.42,719530538.4,240238306.98,-2020329.05,3108.27,3175.89,1973.08,1790.8,2791.28,2905.95,0.0,0.0,,,,,,,通信,通信服务,通信工程及服务,3.09,3.08,3.08
sz300050,世纪鼎利,2024-08-12,2.98,3.14,2.97,3.02,3.04,27446700.0,84200798.0,1644433937.98,1645437088.36,-204266744.59000003,-41695683.24,479292231.42,719530538.4,240238306.98,-2020329.05,2935.75,3198.59,2692.2,2263.39,2792.13,2958.1,0.0,0.0,,,,,,,通信,通信服务,通信工程及服务,3.03,3.09,3.07
sz300050,世纪鼎利,2024-08-13,3.01,3.09,2.93,3.06,3.02,20204914.0,60842786.0,1666214519.94,1667230957.0800002,-204266744.59000003,-41695683.24,479292231.42,719530538.4,240238306.98,-2020329.05,2120.45,2234.76,1795.2,1653.26,2168.63,2196.26,0.0,0.0,,,,,,,通信,通信服务,通信工程及服务,2.95,3.09,3.03
sz300050,世纪鼎利,2024-08-14,3.05,3.67,3.04,3.39,3.06,125920670.0,441407594.0,1845904321.11,1847030374.02,-204266744.59000003,-41695683.24,479292231.42,719530538.4,240238306.98,-2020329.05,11759.55,14290.7,16149.76,14031.17,9715.45,12784.04,6516.0,3034.85,,,,,,,通信,通信服务,通信工程及服务,3.11,3.1,3.17
sz300050,世纪鼎利,2024-08-15,3.35,4.07,3.3,4.07,3.39,171620532.0,653188374.0,2216174214.43,2217526142.26,-204266744.59000003,-41695683.24,479292231.42,719530538.4,240238306.98,-2020329.05,17258.4,23904.37,17406.88,20921.53,11189.11,14577.12,19464.45,5915.81,,,,,,,通信,通信服务,通信工程及服务,3.51,3.61,4.07
sz300050,世纪鼎利,2024-08-16,4.55,4.88,4.54,4.88,4.07,82052326.0,391932827.0,2657230999.12,2658851983.84,-204266744.59000003,-41695683.24,479292231.42,719530538.4,240238306.98,-2020329.05,9089.81,10404.12,11750.75,12640.51,6978.73,6739.17,11374.0,9409.49,,,,,,,通信,通信服务,通信工程及服务,4.88,4.88,4.88
sz300050,世纪鼎利,2024-08-19,5.86,5.86,5.3,5.66,4.88,291381736.0,1671471312.0,3081952347.34,3083832423.88,-204266744.59000003,-41695683.24,479292231.42,719530538.4,240238306.98,-2020329.05,54617.54,45993.45,37376.27,52057.8,50976.86,30648.84,24176.46,38447.05,,,,,,,通信,通信服务,通信工程及服务,5.86,5.86,5.86
sz300050,世纪鼎利,2024-08-20,4.53,5.63,4.53,4.9,5.66,235614449.0,1162940372.0,2668121290.1,2669748918.2000003,-204266744.59000003,-41695683.24,479292231.42,719530538.4,240238306.98,-2020329.05,39875.71,37911.86,28525.42,29355.4,36941.57,34597.05,10951.34,14429.73,,,,,,,通信,通信服务,通信工程及服务,4.76,4.77,4.91
sz300050,世纪鼎利,2024-08-21,4.61,5.38,4.6,4.8,4.9,198556137.0,1000192320.0,2613669835.2000003,2615264246.4,-204266744.59000003,-41695683.24,479292231.42,719530538.4,240238306.98,-2020329.05,36923.75,34500.15,24205.16,29532.16,35389.58,27751.13,3500.75,8235.79,,,,,,,通信,通信服务,通信工程及服务,5.18,5.17,5.07
sz300050,世纪鼎利,2024-08-22,5.08,5.68,5.08,5.32,4.8,224062238.0,1204001765.0,2896817400.68,2898584539.76,-204266744.59000003,-41695683.24,479292231.42,719530538.4,240238306.98,-2020329.05,42660.74,45529.36,30801.01,30261.75,39020.52,40192.14,7917.9,4416.92,,,,,,,通信,通信服务,通信工程及服务,5.49,5.5,5.35
