timestamp,open_price,high_price,low_price,close_price,volume_from,volume_to
2024-09-14 12:00:00,551.48,552.85,552.01,552.01,279.34,154198.48
2024-09-14 13:00:00,552.01,552.61,551.6,552.49,323.63,178803.39
2024-09-14 14:00:00,552.49,553.88,552.08,552.74,730.66,403863.08
2024-09-14 15:00:00,552.74,552.37,551.05,551.17,289.72,159684.7
2024-09-14 16:00:00,551.17,553.3,551.98,553.24,357.93,198019.41
2024-09-14 17:00:00,553.24,552.53,551.51,551.81,506.76,279634.35
2024-09-14 18:00:00,551.81,552.23,549.48,551.21,1795.05,989453.09
2024-09-14 19:00:00,551.21,551.56,550.78,551.2,325.59,179465.68
2024-09-14 20:00:00,551.2,553.78,552.16,552.82,643.79,355896.99
2024-09-14 21:00:00,552.82,553.65,551.54,551.96,782.48,431901.35
2024-09-14 22:00:00,551.96,552.87,551.79,552.75,286.6,158417.11
2024-09-14 23:00:00,552.75,553.98,552.48,553.56,1668.74,923751.57
2024-09-15 00:00:00,553.56,554.66,553.64,554.3,305.04,169082.84
2024-09-15 01:00:00,554.3,557.01,555.51,555.69,487.63,270970.38
2024-09-15 02:00:00,555.69,556.11,555.33,555.87,420.79,233905.58
2024-09-15 03:00:00,555.87,555.21,552.92,553.16,333.51,184485.51
2024-09-15 04:00:00,553.16,553.29,552.51,553.29,287.31,158965.55
2024-09-15 05:00:00,553.29,554.61,553.52,554.37,410.63,227638.97
2024-09-15 06:00:00,554.37,554.91,553.94,554.12,405.96,224952.03
2024-09-15 07:00:00,554.12,555.08,554.12,555.02,353.19,196027.49
2024-09-15 08:00:00,555.02,554.03,553.13,554.03,322.27,178547.21
2024-09-15 09:00:00,554.03,554.6,553.28,554.18,469.96,260444.19
2024-09-15 10:00:00,554.18,555.21,553.95,554.49,605.08,335510.47
2024-09-15 11:00:00,554.49,555.16,554.08,554.8,763.4,423531.98
2024-09-15 12:00:00,554.8,557.96,555.62,557.24,1093.9,609566.3
2024-09-15 13:00:00,557.24,561.0,557.93,559.56,1585.13,886973.32
2024-09-15 14:00:00,559.56,561.07,558.24,559.99,1593.71,892461.15
2024-09-15 15:00:00,559.99,561.89,559.54,561.41,784.03,440161.13
2024-09-15 16:00:00,561.41,559.28,557.36,558.38,1333.84,744793.45
2024-09-15 17:00:00,558.38,558.76,554.04,556.61,2545.21,1416687.7
2024-09-15 18:00:00,556.61,559.15,556.63,557.59,1359.51,758055.43
2024-09-15 19:00:00,557.59,557.41,555.97,556.93,377.41,210192.12
2024-09-15 20:00:00,557.14,560.22,554.78,559.98,1287.92,721208.77
2024-09-15 21:00:00,560.21,560.06,556.84,559.29,1130.13,632068.67
2024-09-15 22:00:00,559.29,560.78,556.86,560.54,1306.89,732565.81
2024-09-15 23:00:00,560.54,559.34,552.18,553.48,3834.43,2122295.14
2024-09-16 00:00:00,553.48,551.5,547.86,549.86,2111.52,1161031.92
2024-09-16 01:00:00,549.86,550.64,545.54,545.95,1767.73,965094.35
2024-09-16 02:00:00,545.95,544.7,541.91,542.08,2005.89,1087356.11
2024-09-16 03:00:00,542.08,546.59,543.6,545.18,2489.95,1357482.03
2024-09-16 04:00:00,545.18,545.6,542.74,545.19,709.29,386697.43
2024-09-16 05:00:00,545.19,548.33,547.21,547.33,777.82,425723.63
2024-09-16 06:00:00,547.33,548.69,546.51,546.63,1073.91,587033.33
2024-09-16 07:00:00,546.63,550.79,548.19,550.43,1785.67,982891.17
2024-09-16 08:00:00,550.43,552.15,548.91,549.15,898.91,493634.64
2024-09-16 09:00:00,549.15,547.11,544.7,545.23,1624.56,885761.23
2024-09-16 10:00:00,545.23,548.06,545.77,547.71,555.55,304279.27
2024-09-16 11:00:00,547.71,547.33,546.04,547.33,517.07,283006.61
2024-09-16 12:00:00,547.33,546.96,545.96,546.96,1239.07,677718.54
2024-09-16 13:00:00,546.9,548.58,546.04,548.12,2028.71,1111969.18
2024-09-16 14:00:00,547.89,541.86,537.19,539.26,4001.54,2157888.14
2024-09-16 15:00:00,539.26,542.0,534.7,535.28,2688.28,1438990.85
2024-09-16 16:00:00,535.28,535.58,531.82,532.97,3374.43,1798482.81
2024-09-16 17:00:00,532.97,536.51,534.01,536.04,2395.76,1284228.43
2024-09-16 18:00:00,536.04,535.4,533.25,533.89,1383.69,738738.83
2024-09-16 19:00:00,533.89,534.39,532.83,532.83,536.45,285834.65
2024-09-16 20:00:00,532.83,530.46,528.84,529.42,989.28,523742.38
2024-09-16 21:00:00,529.42,532.32,529.47,530.52,1141.81,605750.28
2024-09-16 22:00:00,530.52,530.53,529.89,530.24,670.05,355288.58
2024-09-16 23:00:00,530.24,534.37,532.21,533.61,954.99,509593.32
2024-09-17 00:00:00,533.61,530.24,528.11,530.24,882.33,467846.8
2024-09-17 01:00:00,530.24,532.65,531.09,531.61,1252.13,665642.73
2024-09-17 02:00:00,531.61,534.72,533.27,534.08,431.79,230611.4
2024-09-17 03:00:00,534.08,535.18,533.03,535.06,579.51,310072.37
2024-09-17 04:00:00,535.06,536.94,535.26,536.13,413.41,221640.99
2024-09-17 05:00:00,536.13,540.89,538.84,539.6,773.32,417285.04
2024-09-17 06:00:00,539.6,539.12,537.31,537.84,803.14,431957.43
2024-09-17 07:00:00,537.84,539.84,538.43,538.6,538.23,289893.25
2024-09-17 08:00:00,538.6,539.89,538.95,539.07,1340.57,722658.72
2024-09-17 09:00:00,539.07,541.22,539.62,540.1,1287.98,695633.28
2024-09-17 10:00:00,540.1,543.45,541.38,543.34,1138.49,618581.75
2024-09-17 11:00:00,543.34,543.59,541.29,543.12,1032.17,560591.03
2024-09-17 12:00:00,543.12,547.06,544.98,545.27,795.83,433944.83
2024-09-17 13:00:00,545.27,541.68,539.91,540.8,719.79,389259.59
2024-09-17 14:00:00,540.8,552.96,546.69,547.05,2685.89,1469319.01
2024-09-17 15:00:00,547.05,555.22,549.72,550.33,4807.26,2645584.4
2024-09-17 16:00:00,550.33,549.22,545.87,546.66,2097.11,1146404.47
2024-09-17 17:00:00,546.66,550.18,547.25,549.2,860.49,472581.2
2024-09-17 18:00:00,549.2,547.01,544.65,546.77,563.43,308065.69
2024-09-17 19:00:00,546.77,545.39,541.37,545.33,1067.14,581940.64
2024-09-17 20:00:00,545.33,547.43,545.09,545.27,1230.1,670734.22
2024-09-17 21:00:00,545.27,547.92,546.6,547.38,561.78,307507.21
2024-09-17 22:00:00,547.38,547.39,545.34,545.58,464.24,253279.6
2024-09-17 23:00:00,545.58,546.82,545.67,546.27,382.46,208927.31
2024-09-18 00:00:00,546.27,546.32,544.75,545.83,676.5,369256.47
2024-09-18 01:00:00,545.83,547.66,544.54,545.62,903.51,492973.49
2024-09-18 02:00:00,545.62,548.97,547.76,548.01,364.1,199529.05
2024-09-18 03:00:00,548.01,549.76,547.03,547.58,879.79,481753.16
2024-09-18 04:00:00,547.58,546.87,544.94,545.72,599.56,327194.38
2024-09-18 05:00:00,545.72,545.37,543.44,545.19,506.13,275938.13
2024-09-18 06:00:00,545.19,547.57,545.33,545.33,405.57,221171.02
2024-09-18 07:00:00,545.33,545.75,545.02,545.63,301.06,164267.05
2024-09-18 08:00:00,545.63,544.96,543.51,543.51,439.9,239091.9
2024-09-18 09:00:00,543.51,539.99,538.62,538.74,841.12,453144.02
2024-09-18 10:00:00,538.74,542.84,540.62,542.66,1110.7,602731.84
2024-09-18 11:00:00,542.66,542.23,539.78,540.02,507.38,273994.49
2024-09-18 12:00:00,540.02,542.17,541.03,542.17,362.48,196525.72
2024-09-18 13:00:00,542.17,540.69,537.36,539.98,1128.04,609117.11
2024-09-18 14:00:00,539.98,541.81,539.85,541.51,986.7,534310.86
2024-09-18 15:00:00,541.51,541.02,537.75,538.28,853.98,459681.8
2024-09-18 16:00:00,538.28,543.71,541.49,541.79,806.76,437097.81
2024-09-18 17:00:00,541.79,543.19,541.39,542.65,748.57,406211.39
2024-09-18 18:00:00,542.65,549.22,545.76,547.58,4740.87,2596004.8
2024-09-18 19:00:00,547.58,545.16,542.16,545.16,1719.37,937337.1
2024-09-18 20:00:00,545.16,548.27,545.68,547.36,1289.55,705854.5
2024-09-18 21:00:00,547.36,548.2,546.52,548.02,645.72,353869.79
2024-09-18 22:00:00,548.02,553.75,550.53,552.35,885.66,489196.3
2024-09-18 23:00:00,552.35,565.37,559.69,559.69,2221.96,1243603.59
2024-09-19 00:00:00,559.69,564.22,559.36,560.86,3127.22,1753919.02
2024-09-19 01:00:00,560.86,559.56,557.26,557.26,1398.87,779540.58
2024-09-19 02:00:00,557.26,560.13,557.51,559.01,920.08,514330.53
2024-09-19 03:00:00,559.01,561.83,558.23,560.34,913.12,511656.6
2024-09-19 04:00:00,560.34,562.74,559.94,561.87,754.99,424204.59
2024-09-19 05:00:00,561.87,561.78,559.74,559.86,697.34,390413.75
2024-09-19 06:00:00,559.86,560.95,558.65,558.65,461.62,257885.72
2024-09-19 07:00:00,558.65,559.21,556.85,557.41,953.84,531676.41
2024-09-19 08:00:00,557.41,556.11,553.81,553.81,794.93,440243.05
2024-09-19 09:00:00,553.81,558.12,556.25,556.25,824.83,458813.28
2024-09-19 10:00:00,556.25,556.85,554.86,556.42,1268.05,705564.11
2024-09-19 11:00:00,556.42,560.06,558.37,558.81,504.66,282007.94
2024-09-19 12:00:00,558.81,566.85,560.62,565.91,4235.84,2397088.19
2024-09-19 13:00:00,565.91,567.58,563.1,564.43,2093.12,1181417.38
2024-09-19 14:00:00,564.43,565.03,561.88,564.34,1920.22,1083650.08
2024-09-19 15:00:00,564.34,566.49,563.83,565.41,1045.44,591104.44
2024-09-19 16:00:00,565.41,572.72,569.1,570.62,1635.69,933361.83
2024-09-19 17:00:00,570.62,572.94,569.44,570.52,1642.82,937265.35
2024-09-19 18:00:00,570.52,570.61,568.77,568.83,708.38,402948.25
2024-09-19 19:00:00,568.83,567.36,565.14,566.16,1044.04,591090.42
2024-09-19 20:00:00,566.16,567.02,564.05,566.76,691.21,391753.35
2024-09-19 21:00:00,566.76,565.66,562.9,563.09,1044.75,588284.42
2024-09-19 22:00:00,563.09,566.15,563.57,565.96,1090.05,616927.5
2024-09-19 23:00:00,566.05,567.14,563.2,567.14,1763.59,1000204.02
2024-09-20 00:00:00,567.05,566.25,560.48,560.92,2129.45,1194441.11
2024-09-20 01:00:00,560.92,563.8,562.22,563.17,875.95,493308.37
2024-09-20 02:00:00,563.17,565.17,563.84,564.35,593.25,334798.95
2024-09-20 03:00:00,564.25,579.81,571.49,571.49,1547.77,884542.55
2024-09-20 04:00:00,571.47,574.67,570.39,574.41,2056.79,1181441.26
2024-09-20 05:00:00,574.41,576.11,573.3,574.13,1645.89,944955.99
2024-09-20 06:00:00,574.13,575.86,573.31,575.6,1148.15,660880.72
2024-09-20 07:00:00,575.6,573.75,572.35,573.75,888.03,509504.71
2024-09-20 08:00:00,573.75,572.69,570.54,571.55,1102.3,630017.49
2024-09-20 09:00:00,571.55,573.42,571.51,571.7,997.05,570017.78
2024-09-20 10:00:00,571.7,573.4,571.17,571.17,746.54,426402.56
2024-09-20 11:00:00,571.17,571.11,566.66,570.15,2213.29,1261915.45
2024-09-20 12:00:00,570.15,573.15,569.86,571.89,912.83,522034.09
2024-09-20 13:00:00,571.89,568.94,566.56,567.06,1776.97,1007647.87
2024-09-20 14:00:00,567.06,570.1,566.83,568.21,2186.61,1242459.03
2024-09-20 15:00:00,568.21,570.88,568.73,569.87,766.97,437072.73
2024-09-20 16:00:00,569.87,568.3,566.67,566.98,695.11,394113.19
2024-09-20 17:00:00,566.98,566.6,564.72,566.47,490.23,277701.61
2024-09-20 18:00:00,566.47,569.11,566.59,566.91,548.3,310835.7
2024-09-20 19:00:00,566.91,566.89,565.44,566.7,443.05,251074.98
2024-09-20 20:00:00,566.7,567.92,566.17,566.92,466.82,264649.12
2024-09-20 21:00:00,566.92,569.88,567.86,568.37,1104.65,627846.55
2024-09-20 22:00:00,568.37,568.97,567.7,568.15,283.36,160990.11
2024-09-20 23:00:00,568.15,569.16,568.27,569.09,157.18,89450.02
2024-09-21 00:00:00,569.09,572.46,568.85,570.75,635.7,362825.84
2024-09-21 01:00:00,570.75,569.45,567.13,567.25,619.45,351384.97
2024-09-21 02:00:00,567.25,568.98,567.28,568.91,547.06,311230.17
2024-09-21 03:00:00,568.91,569.28,567.77,567.77,207.45,117784.91
2024-09-21 04:00:00,567.77,570.26,567.3,570.0,638.97,364215.78
2024-09-21 05:00:00,570.0,574.62,570.28,574.24,1643.93,944011.7
2024-09-21 06:00:00,574.24,579.04,574.12,577.33,2722.46,1571769.38
2024-09-21 07:00:00,577.33,583.42,578.12,582.6,2164.81,1261215.56
2024-09-21 08:00:00,582.6,585.95,580.53,585.63,3439.03,2014015.39
2024-09-21 09:00:00,585.63,588.03,584.11,587.27,3318.66,1948947.66
2024-09-21 10:00:00,587.27,586.08,581.74,581.8,1551.9,902897.61
2024-09-21 11:00:00,581.8,583.0,580.35,580.41,1724.56,1000948.84
2024-09-21 12:00:00,580.41,583.52,580.05,582.26,1219.78,710225.1
2024-09-21 13:00:00,582.26,584.92,581.95,583.53,1161.07,677522.26
2024-09-21 14:00:00,583.53,586.27,583.99,585.06,757.62,443256.94
2024-09-21 15:00:00,585.06,584.36,582.79,583.8,550.73,321514.05
2024-09-21 16:00:00,583.8,584.83,583.44,584.45,676.83,395571.82
2024-09-21 17:00:00,584.45,585.71,583.81,584.7,392.34,229400.72
2024-09-21 18:00:00,584.7,585.2,584.44,584.44,167.15,97689.62
2024-09-21 19:00:00,584.44,585.37,583.66,585.18,463.16,271030.49
2024-09-21 20:00:00,585.18,585.04,584.35,584.73,433.33,253379.29
2024-09-21 21:00:00,584.73,585.61,583.72,585.48,737.46,431770.97
2024-09-21 22:00:00,585.48,588.4,586.44,587.77,490.22,288137.31
2024-09-21 23:00:00,587.77,591.12,588.26,588.83,1249.4,735689.12
2024-09-22 00:00:00,588.83,587.78,585.44,586.58,775.17,454699.82
2024-09-22 01:00:00,586.58,584.99,581.9,583.98,707.57,413204.07
2024-09-22 02:00:00,583.98,584.01,581.93,582.44,697.91,406487.77
2024-09-22 03:00:00,582.44,584.4,582.38,584.27,452.22,264218.96
2024-09-22 04:00:00,584.27,584.05,582.53,583.1,363.64,212038.41
2024-09-22 05:00:00,583.3,583.69,578.79,583.18,701.12,408877.88
2024-09-22 06:00:00,583.09,584.19,582.18,583.0,756.22,440875.51
2024-09-22 07:00:00,583.0,584.72,582.83,584.66,568.1,332144.51
2024-09-22 08:00:00,584.66,586.25,584.93,585.75,708.22,414837.18
2024-09-22 09:00:00,585.75,583.13,581.38,582.19,1204.24,701101.1
2024-09-22 10:00:00,582.19,582.46,580.58,581.84,847.75,493251.54
2024-09-22 11:00:00,581.84,583.5,581.62,581.62,619.76,360465.09
2024-09-22 12:00:00,581.62,582.71,581.26,582.46,999.94,582423.0
2024-09-22 13:00:00,582.46,581.07,578.62,579.81,891.89,517130.29
2024-09-22 14:00:00,579.81,580.79,578.79,579.16,1170.9,678141.03
2024-09-22 15:00:00,579.16,584.25,579.11,580.74,1755.48,1019476.43
2024-09-22 16:00:00,580.74,582.2,580.13,580.32,887.03,514759.12
2024-09-22 17:00:00,580.32,584.65,582.89,583.77,499.88,291815.69
2024-09-22 18:00:00,583.77,587.15,582.8,587.02,669.15,392805.99
2024-09-22 19:00:00,587.02,589.21,585.55,585.99,1130.56,662496.92
2024-09-22 20:00:00,585.99,593.97,586.38,589.99,3215.19,1896920.29
2024-09-22 21:00:00,589.99,586.0,580.73,580.73,1727.6,1003265.16
2024-09-22 22:00:00,580.73,593.43,587.93,588.44,2142.67,1260837.16
2024-09-22 23:00:00,588.44,588.76,584.94,588.63,2253.66,1326569.69
2024-09-23 00:00:00,588.63,593.15,588.64,590.35,3128.93,1847170.42
2024-09-23 01:00:00,590.35,595.33,592.4,595.08,2656.13,1580599.7
2024-09-23 02:00:00,595.08,598.43,591.59,595.49,2568.79,1529685.13
2024-09-23 03:00:00,595.49,599.39,595.53,596.82,2169.82,1294989.39
2024-09-23 04:00:00,596.82,594.65,591.84,594.59,1077.61,640735.22
2024-09-23 05:00:00,594.59,595.22,593.12,594.71,1032.92,614287.75
2024-09-23 06:00:00,594.71,594.46,593.19,593.7,662.02,393038.0
2024-09-23 07:00:00,593.7,593.62,590.19,591.14,1208.1,714157.98
2024-09-23 08:00:00,591.14,590.91,589.45,589.96,748.53,441603.77
2024-09-23 09:00:00,589.96,592.62,591.09,592.62,844.36,500384.23
2024-09-23 10:00:00,592.62,593.71,589.97,591.94,1093.32,647175.98
2024-09-23 11:00:00,591.94,592.41,589.69,592.35,1000.89,592875.87
2024-09-23 12:00:00,592.35,594.37,590.7,593.92,1903.65,1130624.06
2024-09-23 13:00:00,593.92,593.9,592.38,593.14,2214.68,1313615.38
2024-09-23 14:00:00,593.14,595.63,592.71,594.49,1538.13,914398.41
2024-09-23 15:00:00,594.49,600.68,595.21,600.62,2052.11,1232528.43
2024-09-23 16:00:00,600.62,606.96,596.91,606.58,5818.35,3529303.95
2024-09-23 17:00:00,606.58,610.9,606.98,608.31,4587.93,2790864.54
2024-09-23 18:00:00,608.31,614.39,608.49,612.42,3293.06,2016737.48
2024-09-23 19:00:00,612.42,615.46,609.76,612.04,4117.13,2519843.43
2024-09-23 20:00:00,612.04,614.02,609.08,610.41,3052.48,1863265.22
2024-09-23 21:00:00,610.41,612.45,609.15,609.72,2403.22,1465291.82
2024-09-23 22:00:00,609.72,608.85,606.32,606.51,1285.87,779889.84
2024-09-23 23:00:00,606.51,607.96,603.21,604.66,3261.07,1971846.56
2024-09-24 00:00:00,604.66,604.37,600.59,603.17,5102.95,3077944.58
2024-09-24 01:00:00,603.17,606.7,603.18,603.87,2525.17,1524880.61
2024-09-24 02:00:00,603.87,605.91,602.88,604.14,1073.54,648570.54
2024-09-24 03:00:00,604.14,606.56,604.1,606.31,926.3,561620.55
2024-09-24 04:00:00,606.31,606.01,602.1,602.29,1080.46,650745.2
2024-09-24 05:00:00,602.29,603.89,601.17,602.43,1094.1,659120.11
2024-09-24 06:00:00,602.43,603.65,601.37,601.5,864.33,519891.85
2024-09-24 07:00:00,601.5,604.54,602.0,602.06,1071.53,645127.1
2024-09-24 08:00:00,602.06,606.5,603.25,605.35,1349.92,817180.45
2024-09-24 09:00:00,605.35,603.09,600.55,602.84,1128.73,680438.57
2024-09-24 10:00:00,602.84,603.65,602.44,603.01,824.21,497008.09
2024-09-24 11:00:00,603.01,604.83,602.29,603.75,910.43,549676.13
2024-09-24 12:00:00,603.75,605.02,603.18,603.69,856.42,517009.85
2024-09-24 13:00:00,603.69,607.19,604.46,606.81,865.2,525011.93
2024-09-24 14:00:00,606.81,607.07,603.15,605.43,2834.58,1716125.76
2024-09-24 15:00:00,605.43,608.22,605.0,606.33,1673.46,1014663.14
2024-09-24 16:00:00,606.33,608.41,605.75,606.51,1193.34,723774.31
2024-09-24 17:00:00,606.51,611.5,607.16,608.05,1362.71,828597.65
2024-09-24 18:00:00,608.05,608.72,606.55,606.93,709.92,430873.6
2024-09-24 19:00:00,606.93,612.7,609.1,609.48,948.77,578257.73
2024-09-24 20:00:00,609.48,609.35,607.23,608.58,4284.92,2607701.55
2024-09-24 21:00:00,608.58,607.98,606.31,607.46,568.07,345081.86
2024-09-24 22:00:00,607.46,614.27,607.94,608.01,2196.51,1335492.92
2024-09-24 23:00:00,608.01,607.93,604.71,606.06,1429.53,866387.43
2024-09-25 00:00:00,606.06,606.47,601.98,604.42,2878.17,1739626.28
2024-09-25 01:00:00,604.42,607.49,603.95,606.46,1588.24,963205.34
2024-09-25 02:00:00,606.46,607.09,605.87,606.77,1307.44,793311.92
2024-09-25 03:00:00,606.77,607.22,606.12,607.09,820.1,497871.67
2024-09-25 04:00:00,607.09,604.68,602.37,603.01,1587.15,957065.79
2024-09-25 05:00:00,603.01,603.33,600.77,601.92,1199.84,722210.65
2024-09-25 06:00:00,601.92,599.62,593.18,594.52,3583.36,2130379.54
2024-09-25 07:00:00,594.52,597.03,594.03,596.13,1440.44,858696.23
2024-09-25 08:00:00,596.13,597.55,594.87,597.17,1123.42,670871.14
2024-09-25 09:00:00,597.17,595.91,594.0,594.45,841.07,499971.04
2024-09-25 10:00:00,594.45,595.61,594.34,594.65,635.25,377754.39
2024-09-25 11:00:00,594.65,597.02,596.0,596.58,683.73,407896.79
2024-09-25 12:00:00,596.58,595.61,593.38,593.7,719.33,427067.92
2024-09-25 13:00:00,593.7,597.33,594.46,596.94,854.29,509963.1
2024-09-25 14:00:00,596.94,600.2,598.28,599.11,1060.21,635184.82
2024-09-25 15:00:00,599.11,595.03,592.49,593.38,1095.65,650135.03
2024-09-25 16:00:00,593.38,593.94,592.48,593.56,1501.2,891057.03
2024-09-25 17:00:00,593.56,590.82,587.4,587.91,2057.5,1209624.13
2024-09-25 18:00:00,587.91,591.11,589.21,590.23,706.08,416746.89
2024-09-25 19:00:00,590.23,589.02,586.56,586.94,997.47,585452.59
2024-09-25 20:00:00,586.94,590.5,589.04,589.04,571.21,336463.03
2024-09-25 21:00:00,589.04,589.25,587.6,587.6,751.1,441343.56
2024-09-25 22:00:00,587.6,587.22,585.07,587.16,1031.48,605643.08
2024-09-25 23:00:00,587.16,588.07,585.48,587.37,956.33,561722.62
2024-09-26 00:00:00,587.4,585.66,583.34,584.37,1790.28,1046186.13
2024-09-26 01:00:00,584.4,586.58,584.94,586.01,1508.08,883756.83
2024-09-26 02:00:00,586.01,589.85,587.82,588.26,987.71,581033.8
2024-09-26 03:00:00,588.26,590.46,587.47,587.79,972.91,571867.28
2024-09-26 04:00:00,587.79,588.69,586.59,587.8,722.29,424560.14
2024-09-26 05:00:00,587.8,590.74,589.15,590.61,684.7,404392.31
2024-09-26 06:00:00,590.61,595.13,591.56,594.62,1116.24,663739.9
2024-09-26 07:00:00,594.62,596.52,594.48,596.01,1622.04,966754.74
2024-09-26 08:00:00,596.01,595.81,594.09,594.47,970.48,576923.33
2024-09-26 09:00:00,594.47,595.71,593.35,594.05,687.91,408652.17
2024-09-26 10:00:00,594.05,599.96,597.06,597.19,1049.0,626454.04
2024-09-26 11:00:00,597.19,597.33,595.46,595.46,970.4,577837.49
2024-09-26 12:00:00,595.46,596.6,592.73,592.99,2571.33,1524779.03
2024-09-26 13:00:00,592.99,595.16,592.52,593.74,831.1,493459.98
2024-09-26 14:00:00,593.74,594.08,590.54,593.7,2898.32,1720724.84
2024-09-26 15:00:00,593.7,602.73,599.27,601.75,2818.45,1695995.62
2024-09-26 16:00:00,601.75,606.85,602.47,606.0,2171.97,1316204.82
2024-09-26 17:00:00,606.0,605.05,598.86,598.86,1560.19,934338.41
2024-09-26 18:00:00,598.86,600.81,596.63,596.76,1426.46,851251.29
2024-09-26 19:00:00,596.76,594.04,591.06,593.07,1458.56,865027.71
2024-09-26 20:00:00,593.07,594.0,590.77,592.25,1274.72,754956.58
2024-09-26 21:00:00,592.25,597.74,594.62,597.09,1080.56,645190.02
2024-09-26 22:00:00,597.09,597.71,596.14,596.14,1083.5,645921.17
2024-09-26 23:00:00,596.48,597.38,594.49,596.59,844.71,503949.55
2024-09-27 00:00:00,596.5,599.17,597.21,598.77,654.11,391663.81
2024-09-27 01:00:00,598.77,598.99,597.36,598.99,716.0,428875.77
2024-09-27 02:00:00,598.99,601.47,596.73,601.47,2137.73,1285771.41
2024-09-27 03:00:00,601.47,607.1,603.96,604.61,1805.33,1091527.6
2024-09-27 04:00:00,604.61,605.84,602.83,603.88,813.78,491424.17
2024-09-27 05:00:00,603.88,605.41,602.34,604.1,1112.03,671778.32
2024-09-27 06:00:00,604.1,606.39,602.79,605.99,1327.11,804220.58
2024-09-27 07:00:00,605.99,607.71,604.24,604.24,839.45,507226.39
2024-09-27 08:00:00,604.24,608.79,606.55,606.62,1115.98,676975.29
2024-09-27 09:00:00,606.62,608.19,605.82,606.29,1269.91,769927.86
2024-09-27 10:00:00,606.29,604.3,602.27,603.91,1103.05,666143.79
2024-09-27 11:00:00,603.91,608.6,603.36,608.53,1198.1,729083.83
2024-09-27 12:00:00,608.53,616.97,608.55,609.21,5522.74,3364514.44
2024-09-27 13:00:00,609.21,610.72,606.51,608.09,2920.56,1775968.32
2024-09-27 14:00:00,608.09,613.61,609.97,610.17,2681.82,1636357.41
2024-09-27 15:00:00,610.17,609.94,607.57,609.28,1224.39,745999.12
2024-09-27 16:00:00,609.28,613.74,610.29,611.82,1214.91,743300.51
2024-09-27 17:00:00,611.82,610.72,608.22,610.2,1200.58,732590.55
2024-09-27 18:00:00,610.2,611.34,608.18,608.44,941.64,572934.91
2024-09-27 19:00:00,608.44,606.88,604.71,605.57,798.84,483751.77
2024-09-27 20:00:00,605.57,609.76,605.02,609.63,1560.44,951285.3
2024-09-27 21:00:00,609.63,610.93,606.98,607.58,1243.39,755455.63
2024-09-27 22:00:00,607.58,609.12,607.28,609.06,405.32,246863.07
2024-09-27 23:00:00,609.06,609.74,606.78,607.11,686.94,417050.0
2024-09-28 00:00:00,607.11,608.98,607.39,607.72,541.68,329191.81
2024-09-28 01:00:00,607.67,610.63,607.66,609.82,1098.04,669607.1
2024-09-28 02:00:00,609.67,616.73,607.07,615.47,3116.49,1918113.35
2024-09-28 03:00:00,615.47,617.55,612.0,612.33,3381.33,2070502.29
2024-09-28 04:00:00,612.33,612.3,610.91,610.91,512.92,313347.92
2024-09-28 05:00:00,610.91,611.07,605.73,605.92,1391.77,843305.67
2024-09-28 06:00:00,605.92,604.56,600.81,602.06,2108.57,1269477.41
2024-09-28 07:00:00,602.06,604.22,601.85,602.7,874.35,526972.11
2024-09-28 08:00:00,602.7,601.38,598.76,599.22,1350.18,809049.0
2024-09-28 09:00:00,599.22,601.26,596.01,600.93,2773.42,1666642.42
2024-09-28 10:00:00,600.93,602.32,600.28,602.32,798.12,480721.8
2024-09-28 11:00:00,602.32,603.04,601.39,602.25,886.75,534045.52
2024-09-28 12:00:00,602.25,600.72,598.29,599.54,827.62,496189.99
2024-09-28 13:00:00,599.54,601.14,598.19,600.81,1127.59,677466.77
2024-09-28 14:00:00,600.81,603.34,601.77,602.56,520.16,313425.52
2024-09-28 15:00:00,602.56,602.65,601.14,601.14,613.17,368603.04
2024-09-28 16:00:00,601.14,600.66,599.62,599.81,710.56,426202.43
2024-09-28 17:00:00,599.81,601.55,599.97,600.56,514.44,308952.59
2024-09-28 18:00:00,600.56,601.48,600.43,600.43,330.19,198255.68
2024-09-28 19:00:00,600.43,601.15,599.3,600.36,733.27,440223.4
2024-09-28 20:00:00,600.36,599.86,599.0,599.4,378.22,226703.38
2024-09-28 21:00:00,599.4,599.97,598.32,599.64,570.91,342339.63
2024-09-28 22:00:00,599.64,600.69,599.45,600.63,363.08,218075.89
2024-09-28 23:00:00,600.63,602.43,600.92,601.12,414.46,249139.15
2024-09-29 00:00:00,601.12,600.31,598.8,598.86,605.39,362544.29
2024-09-29 01:00:00,598.86,601.4,600.35,600.74,1538.18,924047.46
2024-09-29 02:00:00,600.74,600.92,600.0,600.19,344.89,207001.22
2024-09-29 03:00:00,600.19,600.51,599.52,600.44,316.36,189955.53
2024-09-29 04:00:00,600.44,599.87,597.76,598.29,1319.44,789406.08
2024-09-29 05:00:00,598.29,598.14,596.44,597.88,493.19,294867.83
2024-09-29 06:00:00,597.88,597.25,595.54,595.81,497.08,296162.79
2024-09-29 07:00:00,595.81,597.23,593.63,593.69,1508.3,895466.73
2024-09-29 08:00:00,593.69,596.33,593.84,595.15,1841.52,1095983.78
2024-09-29 09:00:00,595.15,597.03,594.08,594.67,1007.96,599406.08
2024-09-29 10:00:00,594.67,596.48,594.51,596.09,933.96,556722.62
2024-09-29 11:00:00,596.09,598.18,596.93,597.39,643.32,384316.0
2024-09-29 12:00:00,597.39,597.46,595.23,595.42,657.6,391550.21
2024-09-29 13:00:00,595.42,598.33,595.96,598.13,755.09,451645.52
2024-09-29 14:00:00,598.13,598.05,596.27,597.26,653.81,390494.38
2024-09-29 15:00:00,597.26,598.46,596.49,597.08,586.26,350043.68
2024-09-29 16:00:00,597.08,598.17,596.98,597.77,653.32,390537.37
2024-09-29 17:00:00,597.77,598.85,597.53,598.13,555.62,332330.8
2024-09-29 18:00:00,598.13,598.95,597.11,598.29,568.95,340398.68
2024-09-29 19:00:00,598.29,600.28,599.09,599.75,686.17,411532.7
2024-09-29 20:00:00,599.75,599.73,598.15,599.33,1059.55,635022.1
2024-09-29 21:00:00,599.33,600.4,599.67,600.27,587.65,352746.17
2024-09-29 22:00:00,600.27,598.89,597.12,597.25,582.21,347725.07
2024-09-29 23:00:00,597.25,596.81,595.36,595.63,792.73,472170.25
2024-09-30 00:00:00,595.63,594.87,586.36,587.34,5580.65,3277728.92
2024-09-30 01:00:00,587.34,582.68,579.31,582.03,2182.41,1270233.13
2024-09-30 02:00:00,582.03,579.57,574.81,575.51,2982.81,1716648.4
2024-09-30 03:00:00,575.51,579.71,574.94,577.97,1960.98,1133386.64
2024-09-30 04:00:00,577.97,577.49,575.82,577.24,865.62,499667.07
2024-09-30 05:00:00,577.24,581.09,576.9,581.03,1162.05,675184.25
2024-09-30 06:00:00,581.03,581.04,579.3,580.59,935.1,542907.34
2024-09-30 07:00:00,580.59,583.02,581.86,582.18,542.65,315920.07
2024-09-30 08:00:00,582.18,581.78,579.34,580.56,1114.14,646824.46
2024-09-30 09:00:00,580.56,575.54,573.26,574.27,1530.52,878936.83
2024-09-30 10:00:00,574.27,575.93,572.04,572.36,1999.92,1144676.6
2024-09-30 11:00:00,572.36,575.84,573.73,574.88,1133.46,651601.61
2024-09-30 12:00:00,574.88,579.42,575.77,576.6,1431.78,825564.63
2024-09-30 13:00:00,576.6,577.43,574.3,577.43,1015.97,586649.08
2024-09-30 14:00:00,577.43,577.12,574.06,576.54,1434.16,826854.35
2024-09-30 15:00:00,576.54,574.84,571.34,571.41,1480.08,845727.42
2024-09-30 16:00:00,571.41,572.89,570.09,570.79,1527.76,872031.02
2024-09-30 17:00:00,570.79,573.21,571.69,572.83,812.06,465173.95
2024-09-30 18:00:00,572.83,571.11,569.15,571.05,1148.89,656074.03
2024-09-30 19:00:00,571.05,572.72,571.33,572.53,637.96,365252.93
2024-09-30 20:00:00,572.53,575.96,574.56,574.81,631.2,362822.22
2024-09-30 21:00:00,574.81,574.17,573.02,573.15,392.45,224933.11
2024-09-30 22:00:00,573.15,571.59,569.75,570.38,427.43,243798.2
2024-09-30 23:00:00,570.38,569.77,566.92,567.24,1403.44,796083.63
2024-10-01 00:00:00,567.24,572.17,568.42,571.79,801.82,458470.5
2024-10-01 01:00:00,571.79,573.19,570.91,573.13,739.28,423700.93
2024-10-01 02:00:00,573.13,573.39,572.06,573.2,557.07,319311.64
2024-10-01 03:00:00,573.2,577.5,575.08,576.48,737.38,425083.02
2024-10-01 04:00:00,576.48,581.21,577.57,580.95,1183.95,687821.25
2024-10-01 05:00:00,580.95,580.47,578.81,579.9,619.04,358978.57
2024-10-01 06:00:00,579.9,583.27,581.16,581.74,806.69,469280.56
2024-10-01 07:00:00,581.74,582.37,581.09,581.22,873.33,507595.52
2024-10-01 08:00:00,581.22,581.2,579.86,580.24,592.49,343785.76
2024-10-01 09:00:00,580.24,579.42,578.08,578.15,758.89,438748.51
2024-10-01 10:00:00,578.15,579.61,578.58,579.29,485.1,281012.32
2024-10-01 11:00:00,579.29,577.99,577.16,577.41,412.83,238373.95
2024-10-01 12:00:00,577.41,577.83,576.43,577.51,546.12,315390.81
2024-10-01 13:00:00,577.51,570.3,567.66,568.41,2006.13,1140313.55
2024-10-01 14:00:00,568.41,566.58,560.95,561.58,2900.41,1628805.47
2024-10-01 15:00:00,561.58,563.91,554.27,561.41,7361.86,4133019.15
2024-10-01 16:00:00,561.41,560.54,556.23,556.48,3029.11,1685650.69
2024-10-01 17:00:00,556.48,554.48,547.46,552.0,6909.79,3814182.98
2024-10-01 18:00:00,552.0,552.8,550.01,550.94,1677.26,924068.5
2024-10-01 19:00:00,550.94,550.2,547.98,548.66,1493.53,819437.79
2024-10-01 20:00:00,548.66,545.06,539.35,543.42,3301.34,1794022.01
2024-10-01 21:00:00,543.42,549.67,545.69,549.55,1675.71,920878.86
2024-10-01 22:00:00,549.55,548.3,545.62,547.51,1636.5,895996.14
2024-10-01 23:00:00,547.65,548.49,543.84,547.03,3607.09,1973169.09
2024-10-02 00:00:00,547.05,550.43,548.11,549.33,920.74,505787.98
2024-10-02 01:00:00,549.33,554.18,553.08,553.57,582.83,322636.29
2024-10-02 02:00:00,553.57,556.41,554.43,554.5,971.44,538658.71
2024-10-02 03:00:00,554.5,554.65,553.29,554.34,636.51,352845.37
2024-10-02 04:00:00,554.34,553.47,551.38,553.47,495.91,274469.91
2024-10-02 05:00:00,553.47,554.04,552.81,552.87,709.01,391988.92
2024-10-02 06:00:00,552.87,556.75,554.47,555.95,719.92,400240.79
2024-10-02 07:00:00,555.95,557.13,555.84,556.21,619.32,344469.59
2024-10-02 08:00:00,556.21,557.82,555.23,555.29,798.64,443474.98
2024-10-02 09:00:00,555.29,550.89,548.75,548.93,1070.92,587864.46
2024-10-02 10:00:00,548.93,548.89,546.69,546.69,910.86,497957.92
2024-10-02 11:00:00,546.69,547.09,545.69,546.73,673.19,368051.06
2024-10-02 12:00:00,546.73,543.72,541.84,542.2,1010.25,547762.52
2024-10-02 13:00:00,542.2,547.48,542.02,545.58,3753.48,2047817.67
2024-10-02 14:00:00,545.58,545.36,541.82,544.75,1370.13,746376.91
2024-10-02 15:00:00,544.75,552.15,548.87,549.49,1355.62,744904.28
2024-10-02 16:00:00,549.49,549.49,547.46,548.2,1186.04,650183.62
2024-10-02 17:00:00,548.2,548.7,546.54,547.59,697.07,381709.31
2024-10-02 18:00:00,547.59,540.27,538.02,538.26,1165.27,627219.88
2024-10-02 19:00:00,538.26,539.41,532.13,539.05,2543.53,1371093.93
2024-10-02 20:00:00,539.05,545.65,543.03,543.95,2090.01,1136857.88
2024-10-02 21:00:00,543.77,545.63,542.06,543.25,660.23,358668.04
2024-10-02 22:00:00,543.25,546.88,543.79,544.74,700.6,381643.61
2024-10-02 23:00:00,544.95,543.47,542.02,542.44,1353.28,734074.42
2024-10-03 00:00:00,542.44,545.72,544.38,544.81,869.9,473926.19
2024-10-03 01:00:00,544.81,547.3,544.8,546.69,887.62,485251.87
2024-10-03 02:00:00,546.24,549.5,547.35,547.35,563.69,308535.87
2024-10-03 03:00:00,547.53,550.63,549.4,549.83,527.15,289844.45
2024-10-03 04:00:00,549.83,549.82,548.48,549.15,385.38,211631.49
2024-10-03 05:00:00,549.15,549.45,547.8,548.9,888.14,487500.95
2024-10-03 06:00:00,548.9,550.39,549.04,549.17,451.26,247816.85
2024-10-03 07:00:00,549.17,546.34,544.52,545.25,723.36,394410.24
2024-10-03 08:00:00,545.25,542.71,538.72,540.9,1312.0,709656.24
2024-10-03 09:00:00,540.9,544.2,541.17,542.99,1437.57,780585.47
2024-10-03 10:00:00,542.99,545.9,541.2,542.18,869.3,471317.02
2024-10-03 11:00:00,542.18,540.54,538.23,538.29,820.38,441602.3
2024-10-03 12:00:00,538.29,539.68,534.66,539.62,2252.64,1215567.29
2024-10-03 13:00:00,539.62,542.16,538.24,541.44,1583.13,857170.28
2024-10-03 14:00:00,541.44,539.9,537.01,537.19,1664.54,894180.45
2024-10-03 15:00:00,537.19,542.69,539.78,541.3,1099.3,595046.97
2024-10-03 16:00:00,541.3,539.51,535.9,539.27,1017.77,548853.04
2024-10-03 17:00:00,539.27,544.89,542.28,542.34,1109.47,601709.99
2024-10-03 18:00:00,542.34,544.58,542.94,544.16,548.75,298605.71
2024-10-03 19:00:00,544.16,547.9,545.71,545.71,545.63,297754.26
2024-10-03 20:00:00,545.71,544.33,542.99,542.99,460.04,249797.38
2024-10-03 21:00:00,542.99,544.88,542.99,544.63,485.47,264403.85
2024-10-03 22:00:00,544.63,545.42,544.45,544.81,245.3,133642.25
2024-10-03 23:00:00,544.81,544.71,543.44,544.65,299.32,163025.17
2024-10-04 00:00:00,544.65,543.93,541.51,542.66,725.6,393756.75
2024-10-04 01:00:00,542.66,549.89,548.48,549.03,497.33,273050.28
2024-10-04 02:00:00,549.03,548.0,546.23,546.23,441.68,241260.82
2024-10-04 03:00:00,546.23,546.68,545.46,546.55,263.36,143940.66
2024-10-04 04:00:00,546.55,548.61,546.96,547.57,383.81,210163.73
2024-10-04 05:00:00,547.57,549.89,548.91,549.52,235.24,129269.69
2024-10-04 06:00:00,549.52,549.14,547.79,547.98,358.33,196356.85
2024-10-04 07:00:00,547.98,550.94,549.78,550.51,370.49,203960.0
2024-10-04 08:00:00,550.51,552.55,550.64,551.81,551.7,304434.64
2024-10-04 09:00:00,551.81,551.55,550.27,550.82,459.51,253106.72
2024-10-04 10:00:00,550.82,552.37,550.29,552.31,941.96,520253.63
2024-10-04 11:00:00,552.31,553.86,552.87,553.18,549.26,303839.95
2024-10-04 12:00:00,553.18,557.53,554.99,555.92,1503.68,835921.69
2024-10-04 13:00:00,555.92,553.82,550.74,551.3,1132.66,624432.19
2024-10-04 14:00:00,551.3,550.02,548.18,548.24,1276.49,699827.06
2024-10-04 15:00:00,548.24,554.68,552.45,553.56,1348.26,746345.66
2024-10-04 16:00:00,553.83,557.81,554.16,555.62,1405.55,780952.48
2024-10-04 17:00:00,556.12,554.27,552.96,553.21,581.02,321427.4
2024-10-04 18:00:00,553.21,556.94,555.76,556.75,639.13,355838.74
2024-10-04 19:00:00,556.75,557.85,556.04,557.16,652.63,363620.86
2024-10-04 20:00:00,557.16,558.0,556.44,556.69,316.22,176036.67
2024-10-04 21:00:00,556.69,555.99,555.3,555.68,274.15,152338.89
2024-10-04 22:00:00,555.68,556.05,554.99,556.05,263.67,146613.95
2024-10-04 23:00:00,556.05,556.05,554.87,555.49,563.84,313209.43
2024-10-05 00:00:00,555.49,557.83,556.02,557.64,247.4,137960.32
2024-10-05 01:00:00,557.64,557.4,556.16,556.53,416.21,231633.66
2024-10-05 02:00:00,556.53,554.56,552.82,553.01,261.33,144518.12
2024-10-05 03:00:00,553.01,553.89,552.96,553.52,335.06,185462.75
2024-10-05 04:00:00,553.1,556.35,554.43,555.87,449.2,249697.6
2024-10-05 05:00:00,556.03,558.62,557.31,558.37,293.26,163746.82
2024-10-05 06:00:00,558.37,561.08,558.72,561.08,473.55,265700.0
2024-10-05 07:00:00,561.08,563.45,559.23,561.96,2608.1,1465659.49
2024-10-05 08:00:00,561.96,564.37,562.57,564.37,494.21,278916.62
2024-10-05 09:00:00,564.37,565.57,562.77,563.02,616.58,347145.27
2024-10-05 10:00:00,563.02,564.23,561.56,561.68,1756.13,986388.33
2024-10-05 11:00:00,561.68,562.2,560.89,561.39,317.47,178223.8
2024-10-05 12:00:00,561.39,563.34,562.47,563.1,497.46,280117.38
2024-10-05 13:00:00,563.1,561.83,560.64,560.89,331.24,185790.24
2024-10-05 14:00:00,560.89,562.76,561.2,562.14,323.56,181884.53
2024-10-05 15:00:00,562.32,564.65,562.48,564.65,812.61,458840.55
2024-10-05 16:00:00,564.25,562.74,560.57,561.56,974.06,546996.73
2024-10-05 17:00:00,561.56,563.71,562.03,563.34,626.88,353143.67
2024-10-05 18:00:00,563.34,562.75,561.76,561.76,822.91,462279.05
2024-10-05 19:00:00,561.76,562.37,559.84,560.7,584.26,327595.65
2024-10-05 20:00:00,560.7,560.04,558.13,558.56,448.3,250401.69
2024-10-05 21:00:00,558.56,561.32,559.34,561.19,288.61,161965.91
2024-10-05 22:00:00,561.19,564.13,562.4,564.01,333.21,187934.08
2024-10-05 23:00:00,564.01,564.43,562.44,562.94,432.97,243735.66
2024-10-06 00:00:00,562.94,562.65,561.22,562.52,336.4,189232.2
2024-10-06 01:00:00,562.52,566.22,563.73,565.66,713.98,403867.9
2024-10-06 02:00:00,565.66,565.16,564.23,564.48,384.21,216877.46
2024-10-06 03:00:00,564.48,563.85,561.87,562.0,536.62,301578.91
2024-10-06 04:00:00,562.0,562.96,561.84,562.34,262.57,147652.82
2024-10-06 05:00:00,562.34,563.17,562.05,562.67,602.28,338885.3
2024-10-06 06:00:00,562.67,563.43,562.0,562.19,280.69,157800.94
2024-10-06 07:00:00,562.19,563.05,562.05,562.61,263.48,148237.01
2024-10-06 08:00:00,562.61,563.14,561.66,562.59,711.55,400307.63
2024-10-06 09:00:00,562.59,563.59,562.91,563.16,321.1,180829.37
2024-10-06 10:00:00,563.16,563.07,561.4,561.46,247.62,139029.24
2024-10-06 11:00:00,561.46,562.99,562.12,562.49,400.27,225148.68
2024-10-06 12:00:00,562.49,564.2,563.21,563.4,320.42,180523.36
2024-10-06 13:00:00,563.4,563.67,562.93,563.67,253.62,142959.07
2024-10-06 14:00:00,563.67,568.41,566.91,568.29,776.46,441252.96
2024-10-06 15:00:00,568.29,568.64,567.07,567.26,697.94,395911.35
2024-10-06 16:00:00,567.26,566.29,564.78,565.91,912.71,516512.1
2024-10-06 17:00:00,565.91,566.7,565.45,565.76,414.31,234400.94
2024-10-06 18:00:00,565.76,567.7,566.2,566.32,705.47,399523.02
2024-10-06 19:00:00,566.32,566.86,564.67,565.92,519.21,293832.62
2024-10-06 20:00:00,565.92,575.63,565.49,566.99,2409.45,1366138.2
2024-10-06 21:00:00,566.99,564.87,563.43,564.31,577.42,325842.19
2024-10-06 22:00:00,564.31,567.74,566.61,567.18,628.83,356657.0
2024-10-06 23:00:00,567.18,571.11,568.73,570.3,897.2,511669.51
2024-10-07 00:00:00,570.46,582.36,575.64,575.64,2040.0,1174298.07
2024-10-07 01:00:00,575.56,576.89,574.4,575.74,1197.78,689606.2
2024-10-07 02:00:00,575.74,576.34,573.54,574.81,669.72,384962.23
2024-10-07 03:00:00,574.81,573.76,571.79,573.25,1283.69,735875.92
2024-10-07 04:00:00,573.25,574.03,572.7,573.08,502.89,288197.11
2024-10-07 05:00:00,573.08,573.73,571.7,573.6,615.89,353275.64
2024-10-07 06:00:00,573.6,577.3,576.15,576.92,342.89,197819.57
2024-10-07 07:00:00,576.92,576.57,575.3,576.12,895.23,515761.99
2024-10-07 08:00:00,576.12,576.99,575.79,575.98,651.44,375215.02
2024-10-07 09:00:00,575.98,573.24,571.41,572.42,1209.46,692320.56
2024-10-07 10:00:00,572.42,569.77,567.44,569.45,646.79,368315.91
2024-10-07 11:00:00,569.45,573.15,571.06,571.63,1265.61,723463.43
2024-10-07 12:00:00,571.63,571.34,569.33,570.78,342.3,195376.67
2024-10-07 13:00:00,570.78,577.77,574.92,575.24,1040.72,598660.06
2024-10-07 14:00:00,575.24,580.28,576.63,576.89,2062.47,1189814.2
2024-10-07 15:00:00,576.89,575.84,573.54,575.52,942.29,542304.74
2024-10-07 16:00:00,575.52,577.26,575.79,576.87,942.41,543651.0
2024-10-07 17:00:00,576.87,577.85,576.19,576.19,356.49,205404.92
2024-10-07 18:00:00,576.11,568.63,564.26,567.9,1284.82,729652.12
2024-10-07 19:00:00,568.08,573.5,571.4,572.61,693.45,397075.63
2024-10-07 20:00:00,572.61,571.08,569.12,570.51,813.19,463932.96
2024-10-07 21:00:00,570.51,573.96,572.95,573.33,352.2,201925.19
2024-10-07 22:00:00,573.33,567.94,565.07,567.57,1196.06,678844.79
2024-10-07 23:00:00,567.57,565.86,563.43,564.12,1198.92,676333.35
2024-10-08 00:00:00,564.12,569.94,566.75,569.44,1298.26,739286.11
2024-10-08 01:00:00,569.44,570.86,569.23,570.23,664.47,378902.23
2024-10-08 02:00:00,570.23,571.92,569.66,569.85,666.77,379957.96
2024-10-08 03:00:00,569.85,570.29,568.03,569.6,358.29,204081.83
2024-10-08 04:00:00,569.6,570.5,569.24,569.31,265.88,151367.27
2024-10-08 05:00:00,569.31,568.29,564.17,564.92,1085.3,613107.05
2024-10-08 06:00:00,564.92,566.05,564.11,565.36,305.73,172848.93
2024-10-08 07:00:00,565.36,563.86,561.81,563.3,1401.41,789416.61
2024-10-08 08:00:00,563.3,572.57,563.59,571.82,5451.63,3117364.76
2024-10-08 09:00:00,571.82,573.4,571.27,572.46,2413.53,1381645.07
2024-10-08 10:00:00,572.46,573.78,571.28,573.21,817.78,468762.35
2024-10-08 11:00:00,573.21,576.78,573.96,576.71,3528.8,2035104.26
2024-10-08 12:00:00,576.71,576.26,573.58,574.26,1278.87,734409.83
2024-10-08 13:00:00,574.26,580.7,577.8,577.86,1926.87,1113463.99
2024-10-08 14:00:00,577.86,578.41,574.95,578.28,1637.75,947078.9
2024-10-08 15:00:00,578.28,578.94,573.77,577.88,4479.28,2588498.71
2024-10-08 16:00:00,577.88,584.01,579.38,582.57,2845.12,1657486.61
2024-10-08 17:00:00,582.57,582.27,580.09,580.09,2890.05,1676475.73
2024-10-08 18:00:00,580.09,580.49,577.38,580.42,1632.45,947512.04
2024-10-08 19:00:00,580.42,585.3,581.01,585.11,5260.98,3078259.99
2024-10-08 20:00:00,585.11,587.05,583.0,583.0,2632.04,1534483.92
2024-10-08 21:00:00,583.0,584.04,582.3,583.11,1446.8,843639.03
2024-10-08 22:00:00,583.11,581.02,579.22,580.27,2297.88,1333395.32
2024-10-08 23:00:00,580.27,580.91,579.6,580.53,1359.3,789121.18
2024-10-09 00:00:00,580.53,581.8,578.38,579.44,1994.81,1155874.88
2024-10-09 01:00:00,579.44,583.55,578.93,579.37,2287.97,1325572.09
2024-10-09 02:00:00,579.37,578.4,574.29,574.66,2040.79,1172766.0
2024-10-09 03:00:00,574.66,576.69,574.89,576.07,1654.29,952986.75
2024-10-09 04:00:00,576.07,579.42,575.37,578.43,1931.89,1117454.55
2024-10-09 05:00:00,578.43,581.27,579.52,581.27,1317.2,765651.16
2024-10-09 06:00:00,581.27,584.21,580.28,583.4,2483.8,1449048.08
2024-10-09 07:00:00,583.4,583.52,581.78,582.03,1990.77,1158687.85
2024-10-09 08:00:00,582.03,585.13,580.72,584.57,2743.72,1603904.93
2024-10-09 09:00:00,584.57,585.9,582.98,584.1,1043.64,609586.26
2024-10-09 10:00:00,584.1,584.6,581.8,581.86,908.2,528449.64
2024-10-09 11:00:00,581.86,582.65,581.53,582.58,1265.86,737470.35
2024-10-09 12:00:00,582.58,581.54,579.86,579.99,3590.6,2082507.12
2024-10-09 13:00:00,579.99,578.65,575.69,576.43,1424.75,821265.77
2024-10-09 14:00:00,576.43,581.13,576.99,579.16,2291.49,1327130.8
2024-10-09 15:00:00,579.16,584.82,580.27,580.64,1592.05,924412.78
2024-10-09 16:00:00,580.64,578.96,575.13,577.85,2125.23,1228059.83
2024-10-09 17:00:00,577.85,577.69,576.45,577.07,1068.38,616531.27
2024-10-09 18:00:00,577.07,574.19,571.5,574.19,1273.18,731053.16
2024-10-09 19:00:00,574.19,573.78,570.91,571.28,2100.45,1199946.72
2024-10-09 20:00:00,571.28,568.07,564.51,566.74,1781.19,1009471.8
2024-10-09 21:00:00,566.74,571.9,569.71,570.01,1071.51,610775.31
2024-10-09 22:00:00,570.01,571.02,569.02,569.99,990.03,564307.94
2024-10-09 23:00:00,569.99,570.17,568.23,570.05,2633.69,1501325.33
2024-10-10 00:00:00,570.05,569.01,567.26,568.53,1711.84,973225.22
2024-10-10 01:00:00,568.53,572.24,570.54,570.54,1675.23,955783.88
2024-10-10 02:00:00,570.54,571.3,569.96,570.26,1018.96,581073.51
2024-10-10 03:00:00,570.26,570.27,568.94,568.94,841.08,478520.32
2024-10-10 04:00:00,568.94,569.77,568.74,569.77,659.23,375612.21
2024-10-10 05:00:00,569.77,571.16,570.31,571.1,1001.86,572162.52
2024-10-10 06:00:00,571.1,573.06,571.84,571.96,1081.27,618442.33
2024-10-10 07:00:00,571.96,569.95,568.97,569.64,400.96,228404.53
2024-10-10 08:00:00,569.64,569.23,567.59,567.65,3808.42,2161841.08
2024-10-10 09:00:00,567.65,568.86,566.37,566.86,2324.28,1317531.82
2024-10-10 10:00:00,566.86,568.98,567.82,568.12,414.56,235520.33
2024-10-10 11:00:00,568.25,571.17,569.73,570.21,1290.19,735675.95
2024-10-10 12:00:00,569.95,568.47,566.28,567.37,916.96,520257.58
2024-10-10 13:00:00,567.37,567.55,564.2,564.63,1192.3,673208.97
2024-10-10 14:00:00,564.63,563.58,560.8,563.52,1371.7,772980.46
2024-10-10 15:00:00,563.52,566.13,564.8,564.98,706.67,399253.12
2024-10-10 16:00:00,564.98,562.89,559.51,562.83,867.06,488004.83
2024-10-10 17:00:00,562.83,556.87,552.88,556.33,1860.3,1034939.83
2024-10-10 18:00:00,556.33,557.87,555.26,557.52,2754.66,1535767.45
2024-10-10 19:00:00,557.52,560.19,559.06,559.24,1425.53,797212.58
2024-10-10 20:00:00,559.24,559.95,558.4,558.82,842.57,470842.83
2024-10-10 21:00:00,558.82,562.89,561.27,561.63,486.15,273037.01
2024-10-10 22:00:00,561.63,561.6,560.34,560.64,658.11,368959.82
2024-10-10 23:00:00,560.64,563.26,561.75,563.26,464.12,261420.17
2024-10-11 00:00:00,563.2,563.67,562.0,562.71,1260.94,709545.21
2024-10-11 01:00:00,562.93,566.48,563.34,563.7,1775.86,1001051.39
2024-10-11 02:00:00,563.7,563.87,561.57,562.29,1970.74,1108136.87
2024-10-11 03:00:00,562.29,564.41,562.65,563.62,2182.87,1230313.34
2024-10-11 04:00:00,563.62,564.53,562.59,562.65,1089.87,613216.44
2024-10-11 05:00:00,562.65,562.18,560.61,560.79,766.45,429817.1
2024-10-11 06:00:00,560.79,562.66,560.77,560.9,1233.62,691931.36
2024-10-11 07:00:00,560.9,560.29,559.02,560.05,509.39,285282.94
2024-10-11 08:00:00,560.05,563.16,559.46,563.16,1306.49,735761.12
2024-10-11 09:00:00,563.16,567.83,565.94,567.16,2123.48,1204344.21
2024-10-11 10:00:00,567.16,568.45,566.92,567.6,1073.29,609196.0
2024-10-11 11:00:00,567.6,568.43,566.96,567.63,678.24,384992.7
2024-10-11 12:00:00,567.63,570.19,568.16,568.28,1106.21,628641.48
2024-10-11 13:00:00,568.28,571.11,567.54,568.77,1541.83,876945.16
2024-10-11 14:00:00,568.77,569.5,567.4,568.63,1638.25,931560.71
2024-10-11 15:00:00,568.63,573.52,571.34,571.97,1944.02,1111916.05
2024-10-11 16:00:00,571.97,573.18,571.01,572.06,3443.13,1969689.74
2024-10-11 17:00:00,572.06,578.62,574.91,575.29,1287.76,740830.86
2024-10-11 18:00:00,575.29,575.99,573.66,573.91,790.57,453719.35
2024-10-11 19:00:00,573.91,576.24,574.16,574.41,1406.49,807901.35
2024-10-11 20:00:00,574.41,574.28,572.71,573.08,881.55,505202.34
2024-10-11 21:00:00,573.08,574.18,571.6,573.8,1395.12,800524.89
2024-10-11 22:00:00,573.8,572.91,570.03,572.72,692.4,396550.91
2024-10-11 23:00:00,572.72,574.03,572.35,573.53,482.51,276736.28
2024-10-12 00:00:00,573.53,576.97,574.96,575.27,437.52,251692.34
2024-10-12 01:00:00,575.27,576.97,573.02,576.72,1023.95,590530.24
2024-10-12 02:00:00,576.72,576.34,574.77,576.09,1419.47,817736.75
2024-10-12 03:00:00,576.09,577.09,575.59,576.47,279.33,161024.16
2024-10-12 04:00:00,576.47,578.36,576.3,578.36,766.5,443316.43
2024-10-12 05:00:00,578.36,580.36,577.66,577.79,1577.87,911673.48
2024-10-12 06:00:00,577.79,577.79,576.85,577.66,412.12,238066.33
2024-10-12 07:00:00,577.66,578.61,573.9,574.97,1439.39,827600.14
2024-10-12 08:00:00,574.97,575.6,574.54,575.29,366.65,210929.82
2024-10-12 09:00:00,575.29,576.93,575.93,576.18,383.6,221021.84
2024-10-12 10:00:00,576.18,578.79,577.27,577.46,1130.94,653074.53
2024-10-12 11:00:00,577.46,577.36,575.6,576.23,824.44,475063.1
2024-10-12 12:00:00,576.23,578.25,576.74,577.12,2008.61,1159207.78
2024-10-12 13:00:00,577.12,577.63,576.18,576.24,535.82,308761.3
2024-10-12 14:00:00,576.24,578.29,576.02,577.28,1008.09,581951.71
2024-10-12 15:00:00,577.28,576.99,575.29,575.92,706.79,407052.64
2024-10-12 16:00:00,575.92,576.01,574.94,575.95,324.99,187177.72
2024-10-12 17:00:00,575.95,576.83,575.82,576.52,230.02,132610.32
2024-10-12 18:00:00,576.52,576.2,575.0,576.2,284.73,164060.47
2024-10-12 19:00:00,576.2,577.27,576.39,577.27,236.22,136363.03
2024-10-12 20:00:00,577.27,577.64,576.88,577.14,154.88,89386.77
2024-10-12 21:00:00,577.14,578.96,577.38,577.38,269.97,155875.54
2024-10-12 22:00:00,577.38,578.26,577.37,577.69,219.58,126848.88
2024-10-12 23:00:00,577.69,576.99,576.29,576.42,243.78,140519.69
2024-10-13 00:00:00,576.42,577.83,576.18,577.01,363.54,209764.64
2024-10-13 01:00:00,577.01,576.06,573.86,576.06,639.43,368348.24
2024-10-13 02:00:00,576.06,577.36,575.54,575.54,624.24,359272.02
2024-10-13 03:00:00,575.54,574.72,572.52,573.08,577.89,331180.06
2024-10-13 04:00:00,573.08,574.98,574.04,574.98,169.21,97293.07
2024-10-13 05:00:00,574.98,575.31,574.62,574.62,220.77,126858.57
2024-10-13 06:00:00,574.62,574.84,573.14,573.71,633.65,363531.62
2024-10-13 07:00:00,573.71,574.09,573.21,574.03,431.66,247784.48
2024-10-13 08:00:00,574.03,574.02,573.45,573.52,500.42,286998.51
2024-10-13 09:00:00,573.52,575.06,573.62,574.43,265.05,152253.57
2024-10-13 10:00:00,574.43,574.01,572.76,572.82,417.9,239382.97
2024-10-13 11:00:00,572.82,573.01,571.5,572.13,566.94,324363.19
2024-10-13 12:00:00,572.13,573.55,572.54,572.54,237.71,136099.6
2024-10-13 13:00:00,572.54,572.69,572.06,572.5,355.85,203725.21
2024-10-13 14:00:00,572.5,568.93,566.44,566.93,1071.19,607293.69
2024-10-13 15:00:00,566.93,568.12,566.32,566.88,1913.68,1084820.37
2024-10-13 16:00:00,566.88,570.98,569.85,570.54,709.7,404910.39
2024-10-13 17:00:00,570.54,569.57,568.25,568.38,987.95,561528.66
2024-10-13 18:00:00,568.38,568.31,567.38,568.06,328.08,186370.31
2024-10-13 19:00:00,568.06,571.51,570.82,570.82,281.39,160623.78
2024-10-13 20:00:00,570.82,571.4,570.77,570.77,367.76,209905.84
2024-10-13 21:00:00,570.77,572.03,570.33,570.71,790.38,451074.7
2024-10-13 22:00:00,570.71,571.5,569.87,571.44,466.11,266353.65
2024-10-13 23:00:00,571.44,572.73,571.6,571.98,243.84,139470.57
2024-10-14 00:00:00,571.98,570.57,568.76,570.2,443.86,253087.11
2024-10-14 01:00:00,570.2,571.38,570.57,570.88,416.25,237630.08
2024-10-14 02:00:00,570.88,571.44,570.25,570.31,328.22,187187.47
2024-10-14 03:00:00,570.31,585.59,580.26,580.51,4119.41,2391370.0
2024-10-14 04:00:00,580.51,581.39,578.5,581.26,1531.96,890468.0
2024-10-14 05:00:00,581.26,580.25,577.89,579.87,847.45,491409.27
2024-10-14 06:00:00,579.87,581.8,579.11,580.46,845.97,491047.75
2024-10-14 07:00:00,580.46,585.31,580.21,580.21,6534.7,3791496.45
2024-10-14 08:00:00,580.21,579.4,577.27,578.82,1991.88,1152932.38
2024-10-14 09:00:00,578.82,582.4,579.42,580.2,2531.32,1468673.33
2024-10-14 10:00:00,580.2,581.52,580.03,580.55,1369.01,794773.92
2024-10-14 11:00:00,580.55,582.47,579.62,580.72,2542.08,1476239.06
2024-10-14 12:00:00,580.72,581.7,580.01,580.21,764.17,443377.57
2024-10-14 13:00:00,580.21,584.18,580.6,582.03,1795.92,1045284.27
2024-10-14 14:00:00,582.03,590.15,585.34,585.61,7297.82,4273647.62
2024-10-14 15:00:00,585.61,588.25,585.22,588.06,1943.09,1142644.85
2024-10-14 16:00:00,588.06,591.4,586.34,587.85,2247.98,1321481.15
2024-10-14 17:00:00,587.85,588.58,587.26,587.66,1293.61,760199.18
2024-10-14 18:00:00,587.66,590.16,587.66,588.45,1201.89,707255.68
2024-10-14 19:00:00,588.45,590.13,588.09,588.62,691.7,407145.49
2024-10-14 20:00:00,588.62,589.14,587.63,587.96,360.24,211805.53
2024-10-14 21:00:00,587.96,587.66,586.54,587.59,404.16,237481.95
2024-10-14 22:00:00,587.59,593.64,591.38,591.78,1005.51,595036.51
2024-10-14 23:00:00,591.78,589.39,587.74,589.13,1782.23,1049966.2
2024-10-15 00:00:00,589.13,590.63,587.8,589.84,964.16,568702.28
2024-10-15 01:00:00,589.84,590.91,589.13,589.65,1108.79,653802.69
2024-10-15 02:00:00,589.65,590.4,588.56,590.4,372.7,220042.54
2024-10-15 03:00:00,590.4,587.18,584.24,584.63,646.64,378048.28
2024-10-15 04:00:00,584.63,586.43,585.51,586.03,365.97,214470.68
2024-10-15 05:00:00,586.03,584.15,582.19,582.19,471.98,274782.26
2024-10-15 06:00:00,582.19,584.85,583.27,584.0,622.61,363601.37
2024-10-15 07:00:00,584.0,585.05,583.41,584.39,1338.44,782174.53
2024-10-15 08:00:00,584.39,586.83,584.99,586.5,549.02,321998.47
2024-10-15 09:00:00,586.5,586.66,585.02,586.27,518.68,304086.73
2024-10-15 10:00:00,586.27,590.23,586.49,589.97,1120.99,661344.95
2024-10-15 11:00:00,589.97,588.81,583.84,585.15,2922.19,1709905.66
2024-10-15 12:00:00,585.15,593.79,588.73,593.2,1887.77,1119825.72
2024-10-15 13:00:00,593.2,613.38,598.16,598.43,6492.82,3885514.06
2024-10-15 14:00:00,598.43,584.17,577.24,583.98,6425.24,3752188.27
2024-10-15 15:00:00,583.98,590.01,585.86,588.96,2789.55,1642924.89
2024-10-15 16:00:00,588.96,597.07,591.53,591.79,3163.75,1872284.53
2024-10-15 17:00:00,591.79,592.47,590.67,591.61,1260.54,745742.25
2024-10-15 18:00:00,591.61,594.0,590.06,593.73,1955.8,1161226.37
2024-10-15 19:00:00,593.73,596.52,593.85,594.45,937.99,557586.86
2024-10-15 20:00:00,594.45,590.32,587.53,588.06,1067.19,627575.49
2024-10-15 21:00:00,588.06,591.33,587.15,590.74,1082.27,639336.26
2024-10-15 22:00:00,590.74,593.61,591.34,591.94,522.57,309329.96
2024-10-15 23:00:00,591.94,595.67,593.59,594.53,581.13,345498.33
2024-10-16 00:00:00,594.53,594.11,592.31,592.84,851.92,505054.33
2024-10-16 01:00:00,592.84,597.66,594.97,596.04,958.67,571410.41
2024-10-16 02:00:00,596.04,595.83,594.56,595.7,417.28,248573.53
2024-10-16 03:00:00,595.7,594.9,593.29,594.02,476.3,282933.21
2024-10-16 04:00:00,594.02,593.36,590.95,591.42,1486.11,878913.13
2024-10-16 05:00:00,591.42,594.13,592.39,592.92,511.05,303014.12
2024-10-16 06:00:00,592.92,591.9,590.82,591.83,4431.71,2622809.89
2024-10-16 07:00:00,591.83,593.15,590.73,591.2,794.02,469426.85
2024-10-16 08:00:00,591.2,592.78,591.91,591.97,2554.73,1512334.1
2024-10-16 09:00:00,591.97,595.34,594.33,594.67,1449.09,861729.47
2024-10-16 10:00:00,594.67,598.73,595.88,595.88,7102.73,4232403.98
2024-10-16 11:00:00,595.88,599.71,595.77,599.1,3512.5,2104325.25
2024-10-16 12:00:00,599.1,600.63,596.76,597.65,1274.97,761981.16
2024-10-16 13:00:00,597.65,596.3,593.47,594.01,2520.53,1497210.4
2024-10-16 14:00:00,594.01,597.35,594.24,596.41,5949.57,3548358.77
2024-10-16 15:00:00,596.41,597.45,594.61,595.42,1946.78,1159156.21
2024-10-16 16:00:00,595.42,596.42,594.38,594.59,5013.87,2981172.76
2024-10-16 17:00:00,594.59,596.43,595.14,596.43,2860.67,1706188.61
2024-10-16 18:00:00,596.43,603.92,595.3,601.0,2242.76,1347902.37
2024-10-16 19:00:00,601.0,601.58,598.87,601.45,891.68,536296.69
2024-10-16 20:00:00,601.45,603.18,600.21,602.24,1633.64,983839.45
2024-10-16 21:00:00,602.24,602.18,600.29,600.56,435.38,261472.87
2024-10-16 22:00:00,600.56,604.23,602.2,603.01,575.54,347057.3
2024-10-16 23:00:00,603.01,602.24,599.95,600.89,358.27,215281.55
2024-10-17 00:00:00,600.89,603.11,600.4,603.04,635.9,383476.12
2024-10-17 01:00:00,603.04,608.21,604.74,604.95,1174.21,710335.37
2024-10-17 02:00:00,604.95,604.45,600.81,603.58,816.73,492959.12
2024-10-17 03:00:00,603.58,605.25,603.9,603.97,349.03,210802.29
2024-10-17 04:00:00,603.97,602.43,599.33,601.35,732.91,440735.06
2024-10-17 05:00:00,601.35,602.24,600.29,600.29,575.96,345743.15
2024-10-17 06:00:00,600.29,598.62,597.21,598.42,721.05,431489.25
2024-10-17 07:00:00,598.42,599.59,596.77,596.84,1938.13,1156746.16
2024-10-17 08:00:00,596.84,598.22,597.01,597.48,606.93,362629.37
2024-10-17 09:00:00,597.48,595.3,594.36,595.3,421.45,250889.88
2024-10-17 10:00:00,595.3,595.45,593.3,593.64,952.76,565594.08
2024-10-17 11:00:00,593.64,591.51,590.18,590.24,639.03,377184.12
2024-10-17 12:00:00,590.24,593.32,592.24,592.78,637.52,377908.42
2024-10-17 13:00:00,592.78,593.61,591.13,592.41,1043.94,618437.56
2024-10-17 14:00:00,592.41,593.5,591.02,591.42,1479.05,874744.6
2024-10-17 15:00:00,591.42,596.0,594.11,594.11,4263.69,2533088.09
2024-10-17 16:00:00,594.11,593.4,591.78,591.78,1858.53,1099841.54
2024-10-17 17:00:00,591.78,591.14,589.18,589.18,5184.09,3054386.21
2024-10-17 18:00:00,589.18,588.28,585.73,587.27,3579.16,2101943.65
2024-10-17 19:00:00,587.27,589.04,586.36,588.7,541.86,318994.88
2024-10-17 20:00:00,588.7,590.08,588.74,590.08,320.32,189015.42
2024-10-17 21:00:00,590.08,591.35,588.74,589.67,1031.42,608202.52
2024-10-17 22:00:00,589.67,592.91,591.69,591.96,368.36,218056.06
2024-10-17 23:00:00,591.96,593.06,591.58,592.66,520.65,308567.8
2024-10-18 00:00:00,592.66,592.25,590.71,591.92,396.21,234523.98
2024-10-18 01:00:00,591.92,599.8,596.67,597.14,3229.55,1928499.83
2024-10-18 02:00:00,597.14,597.84,596.82,596.82,426.68,254652.41
2024-10-18 03:00:00,596.82,593.99,591.49,593.93,1536.52,912578.09
2024-10-18 04:00:00,593.83,595.64,594.07,594.59,270.05,160569.54
2024-10-18 05:00:00,594.47,597.67,596.58,597.4,366.57,218988.18
2024-10-18 06:00:00,597.4,598.4,596.29,597.65,1731.79,1035004.82
2024-10-18 07:00:00,597.65,597.72,596.43,597.72,325.97,194838.66
2024-10-18 08:00:00,597.72,598.09,596.4,597.07,596.52,356166.58
2024-10-18 09:00:00,597.07,597.35,595.79,597.01,501.36,299317.74
2024-10-18 10:00:00,597.01,598.18,596.15,596.42,385.18,229729.24
2024-10-18 11:00:00,596.42,594.96,594.14,594.75,406.5,241767.11
2024-10-18 12:00:00,594.75,594.52,593.37,594.45,502.44,298675.73
2024-10-18 13:00:00,594.45,599.23,597.25,597.25,820.25,489892.89
2024-10-18 14:00:00,597.25,600.18,597.58,599.63,8065.01,4836008.61
2024-10-18 15:00:00,599.63,603.94,600.84,600.91,4012.66,2411261.24
2024-10-18 16:00:00,600.91,602.34,600.96,601.51,1168.37,702786.55
2024-10-18 17:00:00,601.51,601.34,599.96,600.1,1119.5,671809.87
2024-10-18 18:00:00,600.1,603.08,601.57,601.57,861.16,518046.43
2024-10-18 19:00:00,601.57,599.72,598.82,599.44,777.44,466030.25
2024-10-18 20:00:00,599.44,600.05,597.59,599.84,329.36,197564.44
2024-10-18 21:00:00,599.84,601.02,598.7,599.18,682.06,408674.0
2024-10-18 22:00:00,599.18,598.84,597.0,598.71,455.37,272633.09
2024-10-18 23:00:00,598.71,600.91,599.0,599.07,381.62,228615.72
2024-10-19 00:00:00,599.07,599.6,598.16,599.32,459.47,275371.6
2024-10-19 01:00:00,599.32,599.98,599.09,599.71,379.42,227541.28
2024-10-19 02:00:00,599.71,601.39,600.02,600.09,130.73,78449.57
2024-10-19 03:00:00,599.76,600.14,596.96,598.81,395.12,236602.77
2024-10-19 04:00:00,598.96,598.55,597.26,597.39,309.73,185030.22
2024-10-19 05:00:00,597.39,598.51,597.62,598.03,240.9,144066.26
2024-10-19 06:00:00,598.03,597.79,597.24,597.72,116.21,69461.23
2024-10-19 07:00:00,597.72,598.07,597.25,597.73,317.37,189700.09
2024-10-19 08:00:00,597.73,598.33,597.92,598.19,610.3,365075.79
2024-10-19 09:00:00,598.19,598.15,597.33,597.88,292.88,175105.9
2024-10-19 10:00:00,597.88,597.97,596.81,597.7,202.42,120986.37
2024-10-19 11:00:00,597.7,597.37,596.22,596.9,438.32,261631.73
2024-10-19 12:00:00,596.9,598.51,597.62,597.76,282.21,168693.08
2024-10-19 13:00:00,597.76,597.14,596.18,596.32,191.48,114183.33
2024-10-19 14:00:00,596.32,598.19,597.44,597.92,180.5,107924.88
2024-10-19 15:00:00,597.92,598.11,596.82,596.89,226.08,134944.09
2024-10-19 16:00:00,596.89,596.19,594.97,595.85,246.37,146800.34
2024-10-19 17:00:00,595.85,597.22,596.13,596.2,286.89,171044.19
2024-10-19 18:00:00,596.2,597.22,596.47,596.81,144.2,86059.45
2024-10-19 19:00:00,596.81,597.38,596.63,596.97,239.78,143142.34
2024-10-19 20:00:00,596.97,598.06,597.04,597.1,279.76,167045.77
2024-10-19 21:00:00,597.1,597.07,596.25,596.25,214.5,127896.51
2024-10-19 22:00:00,596.25,597.81,597.05,597.74,199.7,119368.13
2024-10-19 23:00:00,597.74,598.44,597.83,597.9,238.14,142382.95
2024-10-20 00:00:00,597.9,596.91,596.16,596.78,329.1,196399.11
2024-10-20 01:00:00,596.78,596.69,595.81,595.88,155.88,92885.04
2024-10-20 02:00:00,595.88,596.35,593.96,594.17,2951.8,1753863.5
2024-10-20 03:00:00,594.17,595.01,594.12,594.6,792.02,470933.2
2024-10-20 04:00:00,594.6,595.66,594.97,595.11,415.56,247303.84
2024-10-20 05:00:00,595.11,596.23,594.86,595.75,159.96,95295.97
2024-10-20 06:00:00,595.75,598.7,597.33,597.4,338.78,202386.02
2024-10-20 07:00:00,597.4,597.71,597.03,597.44,419.26,250481.59
2024-10-20 08:00:00,597.44,597.88,596.85,596.92,299.69,178890.64
2024-10-20 09:00:00,596.92,597.48,597.0,597.21,228.36,136377.88
2024-10-20 10:00:00,597.21,597.0,596.18,596.25,379.05,226008.92
2024-10-20 11:00:00,596.25,596.89,596.62,596.62,158.34,94468.32
2024-10-20 12:00:00,596.63,595.53,594.48,595.01,395.23,235164.12
2024-10-20 13:00:00,595.51,597.95,597.06,597.88,375.36,224420.99
2024-10-20 14:00:00,598.07,609.22,598.38,599.2,1945.7,1165856.59
2024-10-20 15:00:00,599.09,599.38,598.55,599.1,588.3,352451.81
2024-10-20 16:00:00,599.1,598.67,597.71,598.26,300.3,179656.58
2024-10-20 17:00:00,598.26,599.13,598.44,598.58,685.97,410606.12
2024-10-20 18:00:00,598.58,599.17,598.35,598.62,215.54,129027.16
2024-10-20 19:00:00,598.62,598.58,597.62,598.24,252.19,150869.5
2024-10-20 20:00:00,598.17,601.3,598.86,599.68,1957.71,1173990.55
2024-10-20 21:00:00,599.78,600.63,599.39,599.8,368.98,221314.51
2024-10-20 22:00:00,599.8,605.01,602.45,604.67,2092.08,1265009.52
2024-10-20 23:00:00,604.67,606.42,603.66,605.8,1262.25,764667.0
2024-10-21 00:00:00,605.8,607.54,603.04,604.36,2401.09,1451119.38
2024-10-21 01:00:00,604.36,605.75,602.98,604.43,1440.98,870975.37
2024-10-21 02:00:00,604.43,601.34,599.48,601.27,449.14,270053.0
2024-10-21 03:00:00,601.27,605.27,603.06,604.23,760.86,459736.22
2024-10-21 04:00:00,604.23,605.37,603.51,604.61,1079.55,652709.22
2024-10-21 05:00:00,604.61,606.62,604.27,606.55,1403.89,851526.18
2024-10-21 06:00:00,606.55,607.17,603.73,606.82,2659.76,1614006.34
2024-10-21 07:00:00,606.82,609.12,605.14,608.84,3209.77,1954246.66
2024-10-21 08:00:00,608.84,608.85,605.5,608.5,4027.8,2450935.13
2024-10-21 09:00:00,608.5,609.08,605.73,606.55,1482.49,899209.54
2024-10-21 10:00:00,606.55,607.86,605.06,607.25,1137.77,690908.16
2024-10-21 11:00:00,607.25,608.9,606.51,608.63,1755.48,1068432.64
2024-10-21 12:00:00,608.63,608.73,604.02,604.98,1884.17,1139882.98
2024-10-21 13:00:00,604.98,598.74,595.31,596.12,4164.66,2482624.06
2024-10-21 14:00:00,596.12,598.24,594.94,597.3,2041.7,1219502.74
2024-10-21 15:00:00,597.3,599.05,595.62,595.69,1460.92,870252.66
2024-10-21 16:00:00,595.69,596.88,594.26,596.41,1963.47,1171032.94
2024-10-21 17:00:00,596.41,599.33,597.17,599.06,794.76,476111.26
2024-10-21 18:00:00,599.06,599.4,597.38,597.58,979.79,585504.0
2024-10-21 19:00:00,597.58,601.59,598.27,599.29,1069.09,640693.87
2024-10-21 20:00:00,599.29,599.15,597.93,598.47,279.08,167021.39
2024-10-21 21:00:00,598.47,600.52,598.96,599.5,613.77,367957.1
2024-10-21 22:00:00,599.5,601.61,599.24,600.87,373.55,224453.18
2024-10-21 23:00:00,600.87,598.95,597.26,598.48,422.23,252694.97
2024-10-22 00:00:00,598.48,598.96,596.28,597.42,1834.2,1095784.48
2024-10-22 01:00:00,597.42,600.81,598.31,598.72,428.96,256825.05
2024-10-22 02:00:00,598.72,597.2,595.92,597.0,599.32,357793.09
2024-10-22 03:00:00,597.0,599.19,597.23,598.11,462.63,276703.77
2024-10-22 04:00:00,598.11,599.61,598.12,598.19,364.85,218249.71
2024-10-22 05:00:00,598.19,598.93,597.78,598.12,367.41,219755.13
2024-10-22 06:00:00,598.12,598.12,595.96,596.71,1276.45,761665.87
2024-10-22 07:00:00,596.71,595.62,593.74,594.61,679.48,404026.4
2024-10-22 08:00:00,594.61,590.68,587.81,588.21,2804.93,1649880.54
2024-10-22 09:00:00,588.21,590.44,587.03,589.84,1215.28,716819.81
2024-10-22 10:00:00,589.84,592.8,591.39,591.79,992.69,587466.14
2024-10-22 11:00:00,591.79,596.53,592.02,595.79,2558.57,1524366.48
2024-10-22 12:00:00,595.79,595.84,592.16,592.49,2467.7,1462087.73
2024-10-22 13:00:00,592.49,593.76,591.95,592.69,1915.73,1135436.38
2024-10-22 14:00:00,592.69,599.04,596.47,597.89,1677.93,1003217.55
2024-10-22 15:00:00,597.89,596.71,594.62,596.3,840.26,501049.14
2024-10-22 16:00:00,596.3,594.33,591.79,592.06,972.16,575572.66
2024-10-22 17:00:00,592.06,595.84,594.16,594.36,736.37,437667.66
2024-10-22 18:00:00,594.36,595.02,593.07,593.2,915.82,543267.0
2024-10-22 19:00:00,593.2,594.26,593.52,594.06,878.78,522046.54
2024-10-22 20:00:00,594.06,594.84,594.03,594.78,233.04,138606.45
2024-10-22 21:00:00,594.78,595.83,594.61,594.88,492.29,292855.49
2024-10-22 22:00:00,594.88,596.7,594.81,595.08,588.21,350030.42
2024-10-22 23:00:00,595.08,593.84,592.23,593.37,467.81,277585.25
2024-10-23 00:00:00,593.37,592.28,591.07,591.75,703.61,416357.82
2024-10-23 01:00:00,591.75,593.31,591.42,591.56,433.05,256173.61
2024-10-23 02:00:00,591.56,591.1,589.23,590.57,539.23,318452.1
2024-10-23 03:00:00,590.57,591.1,589.89,589.89,503.87,297229.01
2024-10-23 04:00:00,589.89,591.31,589.76,589.76,337.68,199151.07
2024-10-23 05:00:00,589.76,589.14,586.66,588.27,1178.77,693434.44
2024-10-23 06:00:00,588.27,586.86,585.39,586.73,533.42,312971.88
2024-10-23 07:00:00,586.73,586.48,582.94,583.54,947.3,552785.8
2024-10-23 08:00:00,583.54,581.72,578.73,580.12,1906.19,1105826.09
2024-10-23 09:00:00,580.12,582.48,580.02,581.68,1495.29,869778.49
2024-10-23 10:00:00,581.68,582.36,580.44,582.36,569.7,331773.23
2024-10-23 11:00:00,582.36,582.81,581.95,582.02,505.94,294464.77
2024-10-23 12:00:00,582.02,583.24,581.52,582.71,897.28,522857.4
2024-10-23 13:00:00,582.71,587.01,584.61,585.68,1313.06,769032.56
2024-10-23 14:00:00,585.68,583.65,581.39,583.11,817.37,476619.71
2024-10-23 15:00:00,583.07,580.52,577.22,579.25,929.35,538329.47
2024-10-23 16:00:00,579.25,576.21,567.99,574.72,1221.1,701784.58
2024-10-23 17:00:00,574.99,576.74,573.33,575.95,1349.07,776999.38
2024-10-23 18:00:00,576.18,581.6,574.63,577.87,1382.7,799016.5
2024-10-23 19:00:00,577.72,582.93,580.8,581.53,909.21,528735.82
2024-10-23 20:00:00,581.53,584.23,583.17,583.63,355.5,207481.74
2024-10-23 21:00:00,583.63,581.85,580.79,580.99,340.55,197855.73
2024-10-23 22:00:00,580.99,582.39,580.93,582.19,383.83,223461.34
2024-10-23 23:00:00,582.19,584.33,583.46,584.33,355.62,207799.07
2024-10-24 00:00:00,584.33,591.47,588.37,588.37,729.03,428938.05
2024-10-24 01:00:00,588.37,588.45,586.03,587.44,697.45,409710.29
2024-10-24 02:00:00,587.44,591.2,588.51,590.93,978.74,578370.74
2024-10-24 03:00:00,590.93,589.93,588.92,589.79,669.72,394996.19
2024-10-24 04:00:00,589.81,593.33,590.52,592.05,680.38,402818.95
2024-10-24 05:00:00,591.88,593.17,591.69,593.1,572.05,339285.33
2024-10-24 06:00:00,593.1,591.02,589.54,590.48,619.21,365631.44
2024-10-24 07:00:00,590.48,590.51,588.7,589.97,396.96,234194.79
2024-10-24 08:00:00,589.97,588.98,587.65,587.98,743.37,437088.21
2024-10-24 09:00:00,587.98,588.26,586.52,587.19,674.08,395814.51
2024-10-24 10:00:00,587.19,589.15,587.94,588.07,553.15,325293.54
2024-10-24 11:00:00,588.07,591.83,590.48,590.75,256.13,151308.74
2024-10-24 12:00:00,590.09,592.38,589.35,592.13,700.46,414763.07
2024-10-24 13:00:00,592.62,596.22,591.74,592.89,1657.06,982458.66
2024-10-24 14:00:00,592.89,592.62,590.45,591.27,972.79,575178.72
2024-10-24 15:00:00,591.27,591.95,589.92,591.82,615.18,364074.42
2024-10-24 16:00:00,591.86,592.87,589.85,590.35,1113.04,657082.93
2024-10-24 17:00:00,590.4,591.81,590.26,591.2,337.94,199791.0
2024-10-24 18:00:00,591.2,593.61,591.45,592.26,502.78,297775.87
2024-10-24 19:00:00,592.26,596.88,594.29,594.29,2275.72,1352439.23
2024-10-24 20:00:00,594.29,594.82,593.32,594.35,699.85,415952.83
2024-10-24 21:00:00,594.35,595.7,593.38,594.75,3790.24,2254229.56
2024-10-24 22:00:00,594.75,593.39,592.64,593.05,427.23,253368.98
2024-10-24 23:00:00,593.05,594.32,593.02,594.11,213.04,126569.96
2024-10-25 00:00:00,594.11,594.54,592.1,593.52,497.49,295272.53
2024-10-25 01:00:00,593.52,594.73,592.96,593.91,320.61,190414.79
2024-10-25 02:00:00,593.85,596.76,594.49,596.26,907.91,541349.57
2024-10-25 03:00:00,596.2,595.98,594.28,594.69,339.46,201873.59
2024-10-25 04:00:00,594.69,592.97,590.94,591.28,522.31,308831.91
2024-10-25 05:00:00,591.28,591.79,590.7,591.25,290.14,171543.93
2024-10-25 06:00:00,591.25,590.66,589.85,590.12,269.74,159179.34
2024-10-25 07:00:00,590.12,589.58,587.35,588.23,707.74,416312.23
2024-10-25 08:00:00,588.31,596.19,590.4,590.4,978.01,577421.29
2024-10-25 09:00:00,590.4,595.97,592.17,592.68,3575.06,2118851.92
2024-10-25 10:00:00,592.54,592.98,590.88,590.94,397.81,235083.26
2024-10-25 11:00:00,590.94,593.5,592.21,592.34,1575.81,933419.28
2024-10-25 12:00:00,592.34,592.14,591.12,591.19,1721.9,1017969.31
2024-10-25 13:00:00,591.19,594.96,592.63,592.7,2016.53,1195201.22
2024-10-25 14:00:00,592.7,593.29,591.17,592.74,2474.28,1466608.63
2024-10-25 15:00:00,592.74,590.12,586.06,589.72,827.4,487931.11
2024-10-25 16:00:00,589.72,590.29,589.01,589.62,770.56,454335.81
2024-10-25 17:00:00,589.62,584.94,581.87,583.94,900.39,525774.18
2024-10-25 18:00:00,583.94,587.33,583.65,584.32,2717.23,1587727.07
2024-10-25 19:00:00,584.32,584.51,582.04,584.31,732.63,428079.45
2024-10-25 20:00:00,584.31,584.68,582.61,582.95,431.12,251319.84
2024-10-25 21:00:00,582.95,586.39,585.39,585.66,343.58,201219.41
2024-10-25 22:00:00,585.66,580.8,578.21,580.21,627.61,364143.04
2024-10-25 23:00:00,580.21,581.09,571.37,574.23,10747.65,6171658.16
2024-10-26 00:00:00,574.23,576.83,571.96,576.36,1216.21,700979.07
2024-10-26 01:00:00,576.36,577.87,576.01,577.01,1565.87,903519.3
2024-10-26 02:00:00,577.01,578.15,575.68,576.15,789.43,454827.45
2024-10-26 03:00:00,576.15,578.1,576.83,577.96,353.53,204326.83
2024-10-26 04:00:00,577.96,579.47,577.93,579.27,324.15,187768.83
2024-10-26 05:00:00,579.27,582.75,580.67,582.34,439.06,255684.38
2024-10-26 06:00:00,582.34,582.77,580.49,581.69,345.7,201091.25
2024-10-26 07:00:00,581.69,580.84,578.9,579.16,570.67,330511.9
2024-10-26 08:00:00,579.16,582.48,580.2,582.41,322.58,187873.57
2024-10-26 09:00:00,582.41,582.44,581.37,582.11,289.76,168671.1
2024-10-26 10:00:00,582.11,582.76,581.75,582.69,330.47,192561.07
2024-10-26 11:00:00,582.8,584.88,582.91,583.4,317.54,185252.78
2024-10-26 12:00:00,583.63,583.36,582.63,582.83,271.52,158249.82
2024-10-26 13:00:00,582.83,581.84,580.1,580.17,380.5,220755.22
2024-10-26 14:00:00,580.17,579.97,578.3,578.37,774.36,447866.14
2024-10-26 15:00:00,578.37,580.24,578.97,580.17,461.94,268005.61
2024-10-26 16:00:00,580.17,582.47,580.93,582.4,268.36,156292.93
2024-10-26 17:00:00,582.59,584.44,582.95,582.95,278.45,162322.22
2024-10-26 18:00:00,583.0,583.62,582.75,583.49,165.64,96648.66
2024-10-26 19:00:00,583.49,585.39,584.66,584.72,234.88,137339.69
2024-10-26 20:00:00,584.91,586.1,581.87,583.86,1385.11,808711.49
2024-10-26 21:00:00,583.95,583.59,583.05,583.25,229.07,133605.69
2024-10-26 22:00:00,583.25,583.02,582.41,583.02,169.21,98652.49
2024-10-26 23:00:00,583.02,583.1,582.22,582.63,530.62,309153.0
2024-10-27 00:00:00,582.63,582.35,581.28,582.22,181.42,105626.39
2024-10-27 01:00:00,582.22,583.23,582.36,583.03,302.04,176098.06
2024-10-27 02:00:00,583.03,583.91,582.7,583.71,298.94,174493.62
2024-10-27 03:00:00,583.71,585.8,584.72,584.92,153.47,89767.92
2024-10-27 04:00:00,584.92,584.79,583.85,584.72,499.9,292303.45
2024-10-27 05:00:00,584.72,585.17,584.29,584.36,376.08,219766.06
2024-10-27 06:00:00,584.36,584.36,583.76,583.89,105.17,61407.66
2024-10-27 07:00:00,583.89,584.53,583.99,584.19,174.25,101795.6
2024-10-27 08:00:00,584.19,584.49,583.68,583.88,266.27,155470.78
2024-10-27 09:00:00,583.88,583.57,581.96,582.36,336.8,196140.24
2024-10-27 10:00:00,582.36,582.23,581.36,581.42,200.01,116290.73
2024-10-27 11:00:00,581.42,582.55,581.35,582.22,244.34,142259.23
2024-10-27 12:00:00,582.22,585.18,583.56,583.63,584.18,340943.52
2024-10-27 13:00:00,583.63,586.09,584.2,584.74,602.36,352223.63
2024-10-27 14:00:00,584.74,586.36,585.15,586.09,275.46,161445.38
2024-10-27 15:00:00,586.09,587.1,586.29,586.83,251.41,147534.86
2024-10-27 16:00:00,586.83,588.24,587.02,587.83,282.69,166173.99
2024-10-27 17:00:00,587.83,587.7,586.08,586.89,351.41,206239.49
2024-10-27 18:00:00,586.89,585.75,585.01,585.75,164.45,96326.77
2024-10-27 19:00:00,585.75,588.19,586.36,586.43,227.38,133342.93
2024-10-27 20:00:00,586.47,586.41,585.66,585.91,208.96,122431.88
2024-10-27 21:00:00,585.91,590.95,586.94,588.44,1993.9,1173300.15
2024-10-27 22:00:00,588.75,590.53,588.08,589.03,428.54,252423.65
2024-10-27 23:00:00,589.03,588.88,587.93,588.68,1451.72,854593.73
2024-10-28 00:00:00,588.68,587.94,587.06,587.74,596.23,350427.64
2024-10-28 01:00:00,587.74,587.06,586.58,586.58,173.0,101478.96
2024-10-28 02:00:00,586.58,588.32,587.03,587.44,263.71,154913.7
2024-10-28 03:00:00,587.44,587.12,585.97,586.38,2139.27,1254414.6
2024-10-28 04:00:00,586.54,588.81,586.57,586.57,384.43,225496.78
2024-10-28 05:00:00,586.71,588.16,587.48,587.75,2148.98,1263066.5
2024-10-28 06:00:00,587.75,588.66,587.77,587.84,388.44,228341.23
2024-10-28 07:00:00,587.84,592.02,589.63,590.99,3398.53,2008505.06
2024-10-28 08:00:00,590.99,591.0,589.84,590.66,393.03,232145.57
2024-10-28 09:00:00,590.61,598.91,593.84,593.84,5447.2,3234748.99
2024-10-28 10:00:00,594.0,594.53,592.33,593.15,996.66,591173.16
2024-10-28 11:00:00,593.15,594.64,594.16,594.16,1079.01,641105.91
2024-10-28 12:00:00,594.16,596.05,594.4,595.36,5861.66,3489802.29
2024-10-28 13:00:00,595.36,595.08,592.19,593.64,1139.28,676319.02
2024-10-28 14:00:00,593.64,594.58,592.17,593.13,1008.56,598210.03
2024-10-28 15:00:00,593.13,591.39,589.2,590.22,1027.79,606626.83
2024-10-28 16:00:00,590.22,592.67,589.99,590.95,945.11,558516.02
2024-10-28 17:00:00,590.95,593.38,590.21,590.28,1246.36,735703.63
2024-10-28 18:00:00,590.28,593.98,592.05,592.11,764.08,452422.94
2024-10-28 19:00:00,592.11,596.46,593.32,596.32,2238.45,1334825.1
2024-10-28 20:00:00,596.32,599.8,596.32,597.92,1025.74,613312.86
2024-10-28 21:00:00,597.92,602.37,598.32,600.69,828.58,497721.5
2024-10-28 22:00:00,600.89,606.87,598.92,601.74,2017.87,1214233.01
2024-10-28 23:00:00,601.63,601.92,600.31,600.73,916.46,550547.59
2024-10-29 00:00:00,600.73,603.79,600.57,603.79,563.01,339940.39
2024-10-29 01:00:00,603.79,607.03,603.38,603.45,1192.24,719459.47
2024-10-29 02:00:00,603.45,611.23,604.12,606.32,7100.22,4305023.28
2024-10-29 03:00:00,606.32,605.55,603.56,605.05,599.29,362601.46
2024-10-29 04:00:00,605.05,607.46,605.12,605.12,553.8,335114.07
2024-10-29 05:00:00,605.12,605.7,603.93,605.07,394.61,238764.78
2024-10-29 06:00:00,605.07,607.04,604.41,604.77,1036.03,626555.37
2024-10-29 07:00:00,604.77,605.44,602.75,603.74,496.04,299480.13
2024-10-29 08:00:00,603.72,606.07,604.5,605.29,564.4,341623.98
2024-10-29 09:00:00,605.72,607.23,605.59,605.8,346.66,210007.95
2024-10-29 10:00:00,605.75,608.53,604.84,605.9,854.27,517599.38
2024-10-29 11:00:00,606.03,608.75,606.03,606.39,528.01,320180.13
2024-10-29 12:00:00,606.39,605.52,603.11,604.31,705.94,426609.06
2024-10-29 13:00:00,604.31,611.42,606.68,606.75,928.05,563096.77
2024-10-29 14:00:00,606.75,610.38,605.49,606.14,1704.15,1032952.87
2024-10-29 15:00:00,606.14,613.5,608.72,610.02,1824.35,1112897.5
2024-10-29 16:00:00,610.02,613.39,609.46,610.33,5425.22,3311200.12
2024-10-29 17:00:00,610.33,611.37,608.17,609.04,1034.91,630300.36
2024-10-29 18:00:00,609.04,613.22,607.81,609.12,2649.49,1613863.8
2024-10-29 19:00:00,609.12,604.25,600.62,603.6,3453.7,2084645.35
2024-10-29 20:00:00,603.6,604.86,601.17,603.63,2340.92,1413046.61
2024-10-29 21:00:00,603.63,603.64,602.19,603.35,488.52,294746.99
2024-10-29 22:00:00,603.35,608.23,604.16,605.25,604.9,366115.61
2024-10-29 23:00:00,605.25,606.95,605.06,606.3,506.15,306877.35
2024-10-30 00:00:00,606.3,603.5,601.91,601.99,1607.95,967962.49
2024-10-30 01:00:00,601.99,603.42,600.89,601.47,498.08,299577.92
2024-10-30 02:00:00,601.47,601.22,599.34,600.79,621.25,373237.81
2024-10-30 03:00:00,600.79,603.11,599.86,602.53,753.54,454030.42
2024-10-30 04:00:00,602.53,603.26,602.25,602.32,180.84,108923.7
2024-10-30 05:00:00,602.4,605.69,603.57,603.83,324.8,196124.98
2024-10-30 06:00:00,603.75,604.42,601.02,601.81,1664.59,1001774.81
2024-10-30 07:00:00,601.74,604.29,601.35,601.89,895.4,538929.86
2024-10-30 08:00:00,602.01,602.44,601.29,601.43,935.75,562789.27
2024-10-30 09:00:00,601.39,607.93,602.28,602.55,932.79,562051.2
2024-10-30 10:00:00,602.54,601.06,599.03,600.12,649.53,389795.42
2024-10-30 11:00:00,600.12,597.43,595.84,595.84,591.86,352655.26
2024-10-30 12:00:00,595.84,596.51,594.21,596.51,901.18,537562.42
2024-10-30 13:00:00,596.51,598.61,595.73,597.46,1752.6,1047107.98
2024-10-30 14:00:00,597.19,600.87,596.53,600.32,1114.1,668820.15
2024-10-30 15:00:00,600.32,597.64,593.89,596.57,1559.95,930619.7
2024-10-30 16:00:00,596.9,599.16,597.43,598.58,348.59,208658.76
2024-10-30 17:00:00,598.5,599.38,595.37,598.31,1226.69,733939.86
2024-10-30 18:00:00,598.15,599.65,598.57,599.15,312.23,187072.3
2024-10-30 19:00:00,599.15,598.4,596.67,597.25,387.8,231613.28
2024-10-30 20:00:00,597.25,605.78,599.88,600.03,1847.12,1108326.56
2024-10-30 21:00:00,600.06,598.91,594.66,597.85,626.1,374314.58
2024-10-30 22:00:00,597.45,597.83,596.09,596.52,219.27,130799.87
2024-10-30 23:00:00,596.52,596.38,595.0,595.36,294.61,175400.29
2024-10-31 00:00:00,595.36,595.98,593.02,594.1,1531.42,909820.77
2024-10-31 01:00:00,594.1,595.79,594.13,594.71,393.25,233869.36
2024-10-31 02:00:00,594.71,596.73,595.06,595.28,689.55,410477.12
2024-10-31 03:00:00,595.28,593.72,591.7,592.28,3881.58,2298965.21
2024-10-31 04:00:00,592.28,591.81,589.86,590.29,2404.16,1419152.15
2024-10-31 05:00:00,590.29,591.35,590.27,590.92,861.58,509125.48
2024-10-31 06:00:00,590.92,590.31,587.35,588.72,1605.3,945080.24
2024-10-31 07:00:00,588.72,590.55,587.36,587.58,2354.47,1383442.07
2024-10-31 08:00:00,587.58,586.38,582.12,583.78,3557.26,2076651.7
2024-10-31 09:00:00,583.78,584.06,581.81,582.97,6462.69,3767561.85
2024-10-31 10:00:00,582.97,587.39,584.41,585.94,599.63,351345.29
2024-10-31 11:00:00,585.94,586.56,582.58,586.48,781.74,458477.95
2024-10-31 12:00:00,586.48,588.76,585.23,588.11,686.98,404022.27
2024-10-31 13:00:00,588.11,583.64,579.58,583.5,1142.27,666510.58
2024-10-31 14:00:00,583.5,579.67,575.63,578.04,1931.87,1116695.49
2024-10-31 15:00:00,578.04,580.22,575.84,580.22,9676.44,5614439.47
2024-10-31 16:00:00,580.22,578.25,574.73,576.49,3309.32,1907795.32
2024-10-31 17:00:00,576.49,579.85,576.88,576.88,449.11,259080.44
2024-10-31 18:00:00,576.96,576.97,572.68,574.7,1166.94,670638.55
2024-10-31 19:00:00,574.59,572.47,568.84,572.26,730.8,418210.75
2024-10-31 20:00:00,572.26,573.31,571.28,572.75,3175.28,1818642.47
2024-10-31 21:00:00,572.75,576.45,574.77,575.54,324.97,187033.25
2024-10-31 22:00:00,575.54,576.11,574.43,575.97,942.1,542624.68
2024-10-31 23:00:00,575.97,575.7,573.6,575.7,658.77,379255.09
2024-11-01 00:00:00,575.7,577.15,574.42,577.08,1828.4,1055133.46
2024-11-01 01:00:00,577.08,575.1,570.25,574.41,1069.01,614047.03
2024-11-01 02:00:00,574.41,578.68,574.65,577.36,1789.57,1033227.43
2024-11-01 03:00:00,577.36,578.44,575.53,578.09,1398.5,808465.3
2024-11-01 04:00:00,578.09,580.56,577.29,577.36,521.35,301008.99
2024-11-01 05:00:00,577.36,577.65,574.31,574.31,1211.85,695978.73
2024-11-01 06:00:00,574.31,573.49,570.65,573.35,964.0,552709.25
2024-11-01 07:00:00,573.35,574.54,573.23,574.13,470.64,270207.02
2024-11-01 08:00:00,574.13,575.91,574.59,575.77,755.07,434747.88
2024-11-01 09:00:00,575.77,578.44,577.05,578.44,932.36,539317.6
2024-11-01 10:00:00,578.44,582.15,576.56,576.56,899.98,518889.86
2024-11-01 11:00:00,576.56,577.23,575.76,576.88,268.88,155110.64
2024-11-01 12:00:00,576.88,582.13,579.53,579.88,578.6,335519.45
2024-11-01 13:00:00,579.88,587.13,584.22,584.36,789.0,461059.43
2024-11-01 14:00:00,584.36,586.08,581.52,582.73,1130.73,658908.42
2024-11-01 15:00:00,582.73,571.97,564.2,571.97,1777.78,1016844.15
2024-11-01 16:00:00,571.97,576.68,572.56,575.5,921.34,530227.25
2024-11-01 17:00:00,575.5,574.92,571.16,574.08,980.92,563129.95
2024-11-01 18:00:00,574.08,571.34,568.93,570.86,528.04,301437.09
2024-11-01 19:00:00,570.86,573.06,571.05,571.47,3200.48,1828962.98
2024-11-01 20:00:00,571.47,573.71,571.01,572.12,733.45,419621.94
2024-11-01 21:00:00,572.12,572.39,570.17,570.93,549.97,313997.11
2024-11-01 22:00:00,570.93,572.43,571.11,571.8,264.93,151488.14
2024-11-01 23:00:00,571.94,572.37,571.36,572.37,180.47,103295.42
2024-11-02 00:00:00,572.67,574.8,573.41,573.62,241.3,138413.66
2024-11-02 01:00:00,573.62,575.04,573.51,574.2,157.81,90614.99
2024-11-02 02:00:00,574.16,574.56,573.05,574.31,314.69,180729.35
2024-11-02 03:00:00,574.41,575.17,572.67,574.89,379.53,218189.33
2024-11-02 04:00:00,574.89,576.18,574.51,575.21,314.26,180764.07
2024-11-02 05:00:00,575.21,576.27,575.37,575.44,172.33,99164.81
2024-11-02 06:00:00,575.44,576.26,575.5,575.5,165.54,95267.49
2024-11-02 07:00:00,575.52,576.29,574.53,576.04,356.55,205385.3
2024-11-02 08:00:00,576.02,576.05,574.44,575.21,462.73,266167.07
2024-11-02 09:00:00,575.08,575.91,573.91,575.16,286.68,164887.25
2024-11-02 10:00:00,575.16,576.3,573.8,574.05,296.7,170320.83
2024-11-02 11:00:00,573.89,574.7,572.75,572.96,223.66,128147.74
2024-11-02 12:00:00,573.28,570.46,567.73,567.73,338.99,192453.13
2024-11-02 13:00:00,568.05,568.09,564.62,565.31,666.33,376686.31
2024-11-02 14:00:00,565.31,566.32,563.76,565.49,1361.22,769754.77
2024-11-02 15:00:00,565.49,566.86,564.02,566.38,948.16,537018.12
2024-11-02 16:00:00,566.38,569.49,567.89,569.07,174.62,99371.02
2024-11-02 17:00:00,568.86,569.14,566.66,568.64,359.53,204444.4
2024-11-02 18:00:00,568.64,569.2,567.96,568.2,196.15,111453.23
2024-11-02 19:00:00,568.38,569.74,568.55,569.67,122.35,69698.73
2024-11-02 20:00:00,569.67,570.56,569.17,570.29,184.58,105263.35
2024-11-02 21:00:00,570.29,569.96,568.09,569.82,175.23,99849.72
2024-11-02 22:00:00,569.82,569.85,568.25,568.53,578.67,328992.1
2024-11-02 23:00:00,568.53,569.05,567.94,568.56,142.52,81031.77
2024-11-03 00:00:00,568.56,567.77,566.66,566.94,91.97,52141.28
2024-11-03 01:00:00,566.94,566.45,564.65,564.79,179.34,101289.78
2024-11-03 02:00:00,564.79,562.6,558.17,560.01,1035.5,579890.16
2024-11-03 03:00:00,560.01,562.45,560.12,562.04,353.64,198759.48
2024-11-03 04:00:00,562.01,563.81,562.09,563.81,396.32,223448.32
2024-11-03 05:00:00,563.74,562.97,561.47,562.29,131.37,73867.61
2024-11-03 06:00:00,562.29,564.3,562.73,564.1,288.81,162917.44
2024-11-03 07:00:00,564.1,563.73,562.02,563.32,353.38,199064.28
2024-11-03 08:00:00,563.31,565.6,561.67,562.16,460.12,258662.39
2024-11-03 09:00:00,562.02,560.45,557.99,558.33,236.99,132319.14
2024-11-03 10:00:00,558.03,560.29,558.82,558.82,973.44,543975.16
2024-11-03 11:00:00,558.86,558.45,557.36,557.36,1227.11,683940.23
2024-11-03 12:00:00,557.36,559.53,558.16,558.16,546.24,304888.04
2024-11-03 13:00:00,558.16,555.01,553.51,553.51,2886.73,1597838.09
2024-11-03 14:00:00,553.51,552.82,550.65,551.33,2241.32,1235696.31
2024-11-03 15:00:00,551.33,555.19,550.9,551.65,3795.6,2093828.2
2024-11-03 16:00:00,551.65,553.76,551.51,553.08,929.35,514001.49
2024-11-03 17:00:00,553.07,555.05,553.09,554.32,282.3,156483.97
2024-11-03 18:00:00,554.27,551.62,550.19,550.19,231.23,127220.52
2024-11-03 19:00:00,550.19,557.01,555.02,556.94,634.55,353406.08
2024-11-03 20:00:00,556.94,559.72,557.72,557.72,216.01,120472.89
2024-11-03 21:00:00,557.72,559.47,557.4,558.71,355.14,198420.61
2024-11-03 22:00:00,558.71,558.8,556.67,558.53,1736.66,969968.17
2024-11-03 23:00:00,558.53,558.78,557.06,557.68,797.6,444802.37
2024-11-04 00:00:00,557.68,557.5,555.99,556.2,1418.54,788989.59
2024-11-04 01:00:00,556.2,560.78,558.16,559.33,359.0,200800.92
2024-11-04 02:00:00,559.33,563.41,561.26,563.2,256.29,144342.79
2024-11-04 03:00:00,563.2,562.48,560.55,562.07,163.24,91751.59
2024-11-04 04:00:00,562.07,563.0,560.45,560.72,259.86,145709.43
2024-11-04 05:00:00,560.72,558.73,557.36,558.39,189.91,106043.64
2024-11-04 06:00:00,558.39,561.59,560.42,560.69,179.35,100560.08
2024-11-04 07:00:00,560.69,559.0,556.12,558.52,263.1,146946.96
2024-11-04 08:00:00,558.52,559.55,557.22,557.35,1101.6,613979.78
2024-11-04 09:00:00,557.35,558.1,556.39,557.9,481.54,268648.84
2024-11-04 10:00:00,557.9,561.31,559.11,559.86,459.47,257240.97
2024-11-04 11:00:00,559.86,560.8,559.49,559.63,250.12,139974.6
2024-11-04 12:00:00,559.63,562.26,560.47,561.02,376.31,211116.68
2024-11-04 13:00:00,561.02,559.58,557.86,559.37,612.58,342660.15
2024-11-04 14:00:00,559.37,558.32,556.47,557.36,615.74,343190.98
2024-11-04 15:00:00,557.14,559.85,555.45,559.36,463.73,259392.66
2024-11-04 16:00:00,559.41,555.52,551.73,555.05,773.51,429334.27
2024-11-04 17:00:00,555.05,557.49,551.05,551.66,832.47,459236.71
2024-11-04 18:00:00,551.66,552.32,549.82,552.32,550.35,303968.13
2024-11-04 19:00:00,552.32,554.19,551.81,552.29,356.43,196851.58
2024-11-04 20:00:00,552.29,550.07,548.12,549.94,229.39,126149.74
2024-11-04 21:00:00,550.06,546.51,538.22,544.14,1323.91,720393.08
2024-11-04 22:00:00,544.06,551.51,549.95,551.31,936.74,516434.74
2024-11-04 23:00:00,551.31,553.28,550.43,552.12,703.93,388657.28
2024-11-05 00:00:00,552.12,554.19,553.03,553.64,402.05,222592.38
2024-11-05 01:00:00,553.64,555.18,552.94,554.43,566.02,313819.06
2024-11-05 02:00:00,554.43,553.91,552.76,553.17,188.94,104515.01
2024-11-05 03:00:00,553.35,556.84,554.66,554.9,440.11,244217.15
2024-11-05 04:00:00,554.9,556.96,554.5,556.82,1291.76,719283.04
2024-11-05 05:00:00,556.82,560.53,558.4,558.88,116.52,65121.28
2024-11-05 06:00:00,558.88,560.31,558.38,558.66,165.15,92262.35
2024-11-05 07:00:00,558.66,560.59,559.35,560.32,163.13,91404.56
2024-11-05 08:00:00,560.32,561.52,560.0,560.14,1428.99,800438.01
2024-11-05 09:00:00,560.14,560.32,557.84,559.29,490.74,274464.64
2024-11-05 10:00:00,559.29,559.72,558.34,558.41,191.51,106941.43
2024-11-05 11:00:00,558.41,559.01,557.91,558.94,817.69,457038.52
2024-11-05 12:00:00,558.94,560.73,559.15,559.84,472.58,264567.52
2024-11-05 13:00:00,559.84,560.95,559.16,560.6,248.33,139214.67
2024-11-05 14:00:00,560.6,570.46,567.1,567.73,1628.64,924622.41
2024-11-05 15:00:00,567.73,565.7,564.09,564.44,2395.97,1352386.07
2024-11-05 16:00:00,564.44,569.58,567.19,568.38,4258.94,2420708.93
2024-11-05 17:00:00,568.38,571.63,565.47,570.16,2954.39,1684470.37
2024-11-05 18:00:00,570.16,572.71,568.84,568.98,1947.65,1108179.37
2024-11-05 19:00:00,568.8,561.18,557.08,560.21,979.88,548943.25
2024-11-05 20:00:00,560.43,564.91,562.27,563.94,512.23,288864.5
2024-11-05 21:00:00,563.47,562.56,560.87,561.59,436.68,245235.03
2024-11-05 22:00:00,561.44,565.66,564.06,564.9,249.13,140732.56
2024-11-05 23:00:00,564.9,564.88,562.66,563.28,596.24,335850.49
2024-11-06 00:00:00,563.28,577.84,570.3,572.79,2821.15,1615933.09
2024-11-06 01:00:00,573.0,574.28,568.82,573.04,1208.19,692343.35
2024-11-06 02:00:00,573.04,593.62,580.52,582.32,2753.64,1603486.49
2024-11-06 03:00:00,582.52,592.4,581.4,581.4,18055.0,10497124.77
2024-11-06 04:00:00,581.4,582.28,575.6,577.08,33635.58,19410479.98
2024-11-06 05:00:00,577.08,583.87,579.76,581.03,13104.42,7614058.53
2024-11-06 06:00:00,581.03,583.9,575.73,583.68,3526.74,2058490.31
2024-11-06 07:00:00,583.35,586.99,578.17,584.13,3576.86,2089367.33
2024-11-06 08:00:00,583.98,585.56,579.68,579.76,3996.98,2317277.62
2024-11-06 09:00:00,579.76,582.42,579.18,580.87,1608.57,934377.62
2024-11-06 10:00:00,580.87,583.64,580.39,581.71,986.48,573849.97
2024-11-06 11:00:00,581.71,586.08,581.92,582.21,951.75,554121.9
2024-11-06 12:00:00,582.21,583.75,579.74,582.79,1545.8,900869.83
2024-11-06 13:00:00,582.79,583.66,580.7,582.04,685.89,399212.87
2024-11-06 14:00:00,582.04,581.3,576.29,580.85,1518.62,882095.45
2024-11-06 15:00:00,581.06,585.67,577.76,583.3,1762.59,1028111.52
2024-11-06 16:00:00,583.3,588.54,581.63,584.02,701.68,409798.04
2024-11-06 17:00:00,584.08,585.43,581.93,582.53,739.02,430497.89
2024-11-06 18:00:00,582.53,589.79,587.23,587.3,633.64,372138.79
2024-11-06 19:00:00,587.3,593.26,588.71,589.01,1585.81,934059.72
2024-11-06 20:00:00,589.01,592.46,587.43,589.42,1036.01,610640.12
2024-11-06 21:00:00,589.42,592.54,587.3,590.72,1394.44,823717.98
2024-11-06 22:00:00,590.72,594.97,587.86,594.59,1329.2,790333.05
2024-11-06 23:00:00,594.59,594.56,590.78,592.67,452.66,268276.81
2024-11-07 00:00:00,592.67,598.68,590.54,595.21,1911.18,1137553.69
2024-11-07 01:00:00,595.21,604.89,595.54,602.25,3650.72,2198657.39
2024-11-07 02:00:00,602.25,609.07,601.24,608.92,1707.29,1039601.5
2024-11-07 03:00:00,608.92,610.05,604.42,605.1,2542.38,1538387.27
2024-11-07 04:00:00,605.1,604.6,600.04,601.38,1147.17,689888.09
2024-11-07 05:00:00,601.38,601.5,599.03,599.86,484.84,290834.6
2024-11-07 06:00:00,599.86,600.55,593.67,595.24,861.42,512752.48
2024-11-07 07:00:00,595.24,596.96,594.42,596.22,516.18,307754.29
2024-11-07 08:00:00,596.22,599.42,594.68,596.56,876.17,522689.01
2024-11-07 09:00:00,596.56,595.96,593.27,595.96,458.26,273106.62
2024-11-07 10:00:00,595.96,597.13,594.58,595.03,495.44,294802.1
2024-11-07 11:00:00,595.19,592.57,588.94,592.57,474.11,280942.99
2024-11-07 12:00:00,592.68,595.73,593.55,594.22,458.67,272552.93
2024-11-07 13:00:00,594.22,592.15,590.13,590.13,655.44,386795.96
2024-11-07 14:00:00,590.13,592.85,589.26,590.61,1141.07,673924.0
2024-11-07 15:00:00,590.61,602.53,598.42,598.5,1088.61,651529.25
2024-11-07 16:00:00,598.5,600.06,596.95,599.23,821.69,492378.39
2024-11-07 17:00:00,599.23,602.63,599.5,600.87,1321.1,793815.9
2024-11-07 18:00:00,600.87,605.29,600.07,601.22,1426.15,857435.45
2024-11-07 19:00:00,601.22,603.35,599.44,599.75,1266.75,759733.49
2024-11-07 20:00:00,599.75,601.72,597.51,601.57,1189.17,715366.17
2024-11-07 21:00:00,601.57,601.66,596.42,601.58,1162.91,699588.62
2024-11-07 22:00:00,601.58,602.08,597.45,597.6,1457.42,870950.19
2024-11-07 23:00:00,597.6,598.72,596.98,598.65,784.57,469681.42
2024-11-08 00:00:00,598.65,605.16,599.84,605.09,1610.19,974307.26
2024-11-08 01:00:00,605.09,605.04,601.01,602.76,972.05,585908.1
2024-11-08 02:00:00,602.76,600.66,594.37,594.37,2328.95,1384250.68
2024-11-08 03:00:00,594.37,597.89,595.31,597.36,930.02,555554.16
2024-11-08 04:00:00,597.36,597.85,595.65,596.56,423.22,252475.1
2024-11-08 05:00:00,596.56,599.5,597.6,599.35,452.59,271257.81
2024-11-08 06:00:00,599.35,599.3,597.78,598.23,704.62,421527.07
2024-11-08 07:00:00,598.23,602.28,599.68,599.99,819.9,491930.58
2024-11-08 08:00:00,599.99,597.94,595.13,595.21,930.66,553938.77
2024-11-08 09:00:00,595.21,597.95,596.2,597.95,596.24,356519.83
2024-11-08 10:00:00,597.95,600.53,599.01,599.39,365.25,218926.38
2024-11-08 11:00:00,599.39,597.71,595.89,596.65,746.99,445688.25
2024-11-08 12:00:00,596.65,599.38,596.71,599.38,561.1,336310.28
2024-11-08 13:00:00,599.38,601.19,599.67,599.82,744.53,446582.85
2024-11-08 14:00:00,599.82,598.87,595.0,597.05,1156.9,690729.03
2024-11-08 15:00:00,597.05,604.4,597.81,598.04,1478.7,884328.32
2024-11-08 16:00:00,598.04,595.05,590.56,591.63,1473.37,871685.81
2024-11-08 17:00:00,591.63,595.72,592.28,594.04,1421.7,844542.75
2024-11-08 18:00:00,594.04,597.79,595.71,596.94,1112.94,664361.63
2024-11-08 19:00:00,596.94,599.16,594.61,598.31,1350.11,807784.63
2024-11-08 20:00:00,598.31,596.87,594.41,596.1,767.35,457419.04
2024-11-08 21:00:00,596.1,595.61,593.69,595.45,687.51,409379.76
2024-11-08 22:00:00,595.45,597.07,591.56,596.68,2173.21,1296717.63
2024-11-08 23:00:00,596.68,598.49,597.34,598.03,342.15,204615.35
2024-11-09 00:00:00,598.03,611.34,597.42,608.21,2021.67,1229592.5
2024-11-09 01:00:00,608.21,628.43,607.05,628.13,8578.05,5388099.83
2024-11-09 02:00:00,628.13,631.67,624.26,630.3,5998.56,3780873.25
2024-11-09 03:00:00,630.5,639.83,627.66,635.68,5193.39,3301318.87
2024-11-09 04:00:00,635.73,636.66,627.41,627.72,3707.83,2327471.13
2024-11-09 05:00:00,627.72,635.52,629.09,634.07,2514.37,1594284.0
2024-11-09 06:00:00,634.07,634.47,629.27,630.95,2209.97,1394386.57
2024-11-09 07:00:00,630.95,631.42,628.67,629.43,1156.09,727678.88
2024-11-09 08:00:00,629.43,631.91,628.16,631.76,1027.85,649350.59
2024-11-09 09:00:00,631.76,634.18,629.2,629.97,1372.77,864799.85
2024-11-09 10:00:00,629.97,629.37,624.33,626.77,1357.78,851020.67
2024-11-09 11:00:00,626.77,627.35,624.74,626.05,755.98,473277.63
2024-11-09 12:00:00,626.05,625.59,621.85,623.68,1062.89,662905.57
2024-11-09 13:00:00,623.68,626.42,624.13,624.13,708.85,442411.38
2024-11-09 14:00:00,624.13,623.72,617.76,618.52,1390.49,860048.22
2024-11-09 15:00:00,618.52,619.07,616.7,617.01,1270.47,783889.57
2024-11-09 16:00:00,617.01,621.4,614.86,619.8,1673.55,1037272.39
2024-11-09 17:00:00,619.8,621.18,613.17,618.82,2060.2,1274887.38
2024-11-09 18:00:00,618.82,620.27,618.36,618.59,416.78,257815.6
2024-11-09 19:00:00,618.59,617.65,613.31,616.2,1385.78,853924.2
2024-11-09 20:00:00,616.27,620.32,615.07,619.4,679.15,420663.22
2024-11-09 21:00:00,619.43,621.18,617.97,620.72,613.32,380702.65
2024-11-09 22:00:00,620.72,624.48,620.8,624.02,822.78,513429.99
2024-11-09 23:00:00,624.02,627.92,623.09,624.86,2227.73,1392008.58
2024-11-10 00:00:00,624.86,629.82,625.21,626.36,1774.1,1111229.88
2024-11-10 01:00:00,626.36,627.16,623.63,624.71,1165.05,727816.01
2024-11-10 02:00:00,624.71,628.71,624.86,627.17,2372.4,1487896.6
2024-11-10 03:00:00,627.17,629.94,627.01,628.17,963.41,605182.89
2024-11-10 04:00:00,628.17,644.04,632.8,633.91,5514.02,3495382.47
2024-11-10 05:00:00,634.41,635.55,624.73,631.73,7394.22,4671152.23
2024-11-10 06:00:00,631.85,632.87,624.98,630.58,3233.13,2038758.73
2024-11-10 07:00:00,630.58,632.36,627.78,629.83,1322.4,832890.33
2024-11-10 08:00:00,629.83,635.29,630.23,633.55,2064.1,1307710.31
2024-11-10 09:00:00,633.55,637.01,632.56,635.18,1884.71,1197135.28
2024-11-10 10:00:00,635.18,640.34,633.1,635.33,2907.88,1847462.27
2024-11-10 11:00:00,635.33,643.93,634.1,641.77,4010.72,2573973.41
2024-11-10 12:00:00,641.77,640.24,635.78,637.61,5217.47,3326708.96
2024-11-10 13:00:00,637.61,639.38,634.67,639.38,1595.01,1019819.67
2024-11-10 14:00:00,639.38,640.98,634.46,634.85,2916.35,1851454.84
2024-11-10 15:00:00,634.85,640.32,633.46,640.32,2142.09,1371613.73
2024-11-10 16:00:00,640.32,642.64,638.33,639.53,1984.57,1269186.78
2024-11-10 17:00:00,639.53,645.78,640.31,640.31,5642.5,3612938.01
2024-11-10 18:00:00,640.31,642.35,633.32,636.63,4095.28,2607159.58
2024-11-10 19:00:00,636.63,632.77,627.18,629.58,2691.35,1694413.41
2024-11-10 20:00:00,629.58,624.92,619.07,619.23,2413.61,1494583.43
2024-11-10 21:00:00,619.23,626.8,622.33,625.52,1863.68,1165774.46
2024-11-10 22:00:00,625.52,631.28,624.1,627.01,2806.83,1759907.14
2024-11-10 23:00:00,627.01,629.84,625.18,627.75,2522.69,1583622.94
2024-11-11 00:00:00,627.75,639.73,627.24,638.52,2584.83,1650472.16
2024-11-11 01:00:00,638.52,644.73,635.79,640.18,3033.29,1941845.82
2024-11-11 02:00:00,640.18,642.82,637.6,638.82,1538.06,982549.22
2024-11-11 03:00:00,638.82,640.82,636.25,638.29,1310.14,836246.07
2024-11-11 04:00:00,638.29,638.06,633.09,633.58,993.8,629650.29
2024-11-11 05:00:00,633.58,630.25,618.77,619.9,3549.4,2200290.41
2024-11-11 06:00:00,619.9,623.75,615.57,617.68,1791.47,1106551.09
2024-11-11 07:00:00,617.68,620.18,616.12,616.61,2576.98,1588982.88
2024-11-11 08:00:00,616.61,623.32,617.06,623.24,3438.0,2142707.31
2024-11-11 09:00:00,623.24,627.04,619.93,622.95,1863.73,1161017.83
2024-11-11 10:00:00,622.95,628.74,622.1,626.2,1944.43,1217603.31
2024-11-11 11:00:00,626.26,628.28,624.76,626.36,1574.32,986083.93
2024-11-11 12:00:00,626.65,628.15,620.25,621.16,5067.03,3147414.56
2024-11-11 13:00:00,621.16,619.17,615.73,617.7,1845.83,1140166.79
2024-11-11 14:00:00,617.7,624.78,620.08,620.82,2242.32,1392077.32
2024-11-11 15:00:00,620.82,633.22,625.64,626.74,5687.89,3564813.66
2024-11-11 16:00:00,626.74,640.83,623.04,634.84,4947.61,3140960.12
2024-11-11 17:00:00,634.84,637.95,633.04,636.34,3418.78,2175506.29
2024-11-11 18:00:00,636.34,647.73,638.28,638.7,1798.17,1148499.91
2024-11-11 19:00:00,638.7,643.18,632.4,636.28,3350.72,2132001.45
2024-11-11 20:00:00,636.28,642.48,637.69,638.91,3057.03,1953176.26
2024-11-11 21:00:00,638.91,646.37,636.51,636.68,3457.02,2201031.88
2024-11-11 22:00:00,636.68,643.67,635.92,640.23,2398.2,1535407.38
2024-11-11 23:00:00,640.23,666.93,638.62,660.45,6571.07,4339867.02
2024-11-12 00:00:00,660.45,664.66,650.85,653.08,4999.88,3265309.58
2024-11-12 01:00:00,653.08,665.91,641.27,660.24,7135.19,4710931.12
2024-11-12 02:00:00,660.24,654.19,647.25,649.53,3203.49,2080771.49
2024-11-12 03:00:00,649.53,657.83,650.07,654.66,1353.91,886346.37
2024-11-12 04:00:00,654.66,658.02,648.46,651.03,1586.66,1032956.47
2024-11-12 05:00:00,651.03,654.72,647.2,651.09,1266.16,824382.01
2024-11-12 06:00:00,651.09,661.26,647.72,649.87,2189.0,1422570.88
2024-11-12 07:00:00,649.87,649.79,644.35,649.43,1466.85,952622.01
2024-11-12 08:00:00,649.43,657.99,651.28,656.29,1204.53,790521.64
2024-11-12 09:00:00,656.29,647.09,636.91,636.91,3152.99,2008163.87
2024-11-12 10:00:00,636.91,632.68,622.0,625.48,5288.56,3307863.06
2024-11-12 11:00:00,625.48,630.89,626.35,627.14,3144.09,1971777.56
2024-11-12 12:00:00,627.14,625.09,617.84,622.85,3135.04,1952652.98
2024-11-12 13:00:00,622.85,626.39,618.97,623.37,3339.9,2081995.91
2024-11-12 14:00:00,623.37,633.19,628.23,630.06,2632.76,1658795.46
2024-11-12 15:00:00,630.06,629.86,624.65,626.04,1419.18,888465.79
2024-11-12 16:00:00,626.04,630.17,622.33,624.16,2497.82,1559041.28
2024-11-12 17:00:00,624.16,624.37,622.02,623.67,2262.78,1411233.23
2024-11-12 18:00:00,623.67,637.39,631.43,632.05,881.77,557320.97
2024-11-12 19:00:00,632.05,632.13,625.55,629.28,1820.01,1145301.88
2024-11-12 20:00:00,629.28,634.57,627.23,628.12,1135.61,713301.63
2024-11-12 21:00:00,628.12,630.87,619.12,630.16,1320.04,831841.2
2024-11-12 22:00:00,630.16,636.65,631.5,635.32,1687.75,1072255.41
2024-11-12 23:00:00,635.32,631.6,625.7,625.97,1245.64,779731.08
2024-11-13 00:00:00,625.97,628.66,624.51,626.1,1183.93,741257.02
2024-11-13 01:00:00,626.1,627.97,618.61,620.46,1991.84,1235859.61
2024-11-13 02:00:00,620.46,621.35,616.69,618.97,1745.56,1080457.7
2024-11-13 03:00:00,618.97,614.42,607.09,607.09,3904.04,2370107.5
2024-11-13 04:00:00,607.09,611.56,603.97,606.94,3088.15,1874313.97
2024-11-13 05:00:00,606.94,604.76,599.9,603.8,1240.59,749073.69
2024-11-13 06:00:00,603.8,606.77,601.83,603.21,1154.07,696152.32
2024-11-13 07:00:00,603.21,610.6,605.18,608.41,1035.68,630122.87
2024-11-13 08:00:00,608.41,612.24,606.65,610.05,1165.6,711078.51
2024-11-13 09:00:00,610.05,611.26,607.24,608.11,893.81,543536.46
2024-11-13 10:00:00,608.11,609.49,605.9,607.48,1182.6,718400.08
2024-11-13 11:00:00,607.48,612.27,608.23,611.04,1041.25,636248.06
2024-11-13 12:00:00,611.04,611.3,606.56,610.33,761.93,465029.87
2024-11-13 13:00:00,610.33,622.94,619.1,620.44,2277.35,1412962.54
2024-11-13 14:00:00,620.44,640.15,632.26,638.4,5593.02,3570607.99
2024-11-13 15:00:00,638.4,646.25,626.49,630.11,8496.62,5353803.95
2024-11-13 16:00:00,630.11,638.02,622.77,637.84,3581.54,2284442.58
2024-11-13 17:00:00,637.84,638.04,629.27,630.01,2000.96,1260622.08
2024-11-13 18:00:00,630.01,635.34,628.37,628.55,889.97,559394.69
2024-11-13 19:00:00,628.55,619.47,610.35,612.97,3827.05,2345854.92
2024-11-13 20:00:00,612.97,615.33,606.89,615.06,2539.07,1561677.77
2024-11-13 21:00:00,615.06,610.86,605.54,610.41,1877.26,1145907.64
2024-11-13 22:00:00,610.41,619.11,614.17,616.05,803.75,495152.23
2024-11-13 23:00:00,616.05,623.44,620.01,621.54,1403.43,872293.17
2024-11-14 00:00:00,621.54,622.44,613.87,613.87,1874.54,1150719.59
2024-11-14 01:00:00,613.87,620.4,615.33,618.22,942.79,582855.99
2024-11-14 02:00:00,618.22,623.66,616.26,622.31,2062.66,1283603.75
2024-11-14 03:00:00,622.31,628.24,619.06,626.98,2022.03,1267779.63
2024-11-14 04:00:00,626.98,633.09,628.13,631.29,2913.93,1839538.22
2024-11-14 05:00:00,631.29,633.01,627.97,632.2,1491.43,942876.8
2024-11-14 06:00:00,632.2,629.99,623.91,623.91,1352.54,843866.51
2024-11-14 07:00:00,623.91,661.16,629.45,660.16,8921.0,5889282.22
2024-11-14 08:00:00,660.16,658.57,642.63,648.42,5595.43,3628215.8
2024-11-14 09:00:00,648.42,652.02,639.56,642.1,2785.46,1788551.29
2024-11-14 10:00:00,642.1,643.66,632.17,633.54,4079.96,2584810.36
2024-11-14 11:00:00,633.54,636.3,630.16,633.0,4716.8,2985743.21
2024-11-14 12:00:00,633.0,635.9,630.42,635.26,1412.98,897612.88
2024-11-14 13:00:00,635.26,637.69,629.88,630.52,2827.21,1782603.59
2024-11-14 14:00:00,630.52,622.68,614.78,622.68,3072.22,1913013.68
2024-11-14 15:00:00,622.68,630.58,615.62,628.2,9424.08,5920212.37
2024-11-14 16:00:00,628.2,643.86,634.85,635.29,6639.76,4218183.36
2024-11-14 17:00:00,635.29,639.25,633.54,635.86,1171.52,744919.98
2024-11-14 18:00:00,635.86,637.81,632.19,637.63,2112.51,1346999.41
2024-11-14 19:00:00,637.63,640.52,636.31,637.65,886.46,565253.77
2024-11-14 20:00:00,637.65,634.05,624.07,633.88,1042.09,660559.33
2024-11-14 21:00:00,633.88,642.2,635.41,636.64,1624.04,1033936.8
2024-11-14 22:00:00,636.64,634.47,629.21,630.88,1053.3,664502.97
2024-11-14 23:00:00,630.88,628.89,618.59,622.69,2291.1,1426651.42
2024-11-15 00:00:00,622.69,626.77,620.88,621.84,2255.63,1402650.31
2024-11-15 01:00:00,621.84,625.15,620.13,621.19,1219.92,757800.41
2024-11-15 02:00:00,621.19,624.76,621.31,624.05,1207.68,753655.51
2024-11-15 03:00:00,624.05,624.77,621.76,623.71,1253.39,781747.13
2024-11-15 04:00:00,623.71,618.49,609.83,612.19,3526.72,2159037.31
2024-11-15 05:00:00,612.19,616.4,611.04,616.22,749.78,462030.67
2024-11-15 06:00:00,616.15,620.4,617.64,618.56,552.29,341624.16
2024-11-15 07:00:00,618.83,617.22,613.54,615.73,983.21,605391.56
2024-11-15 08:00:00,615.73,619.56,615.77,619.21,807.23,499841.5
2024-11-15 09:00:00,619.21,628.02,623.02,624.18,879.75,549121.6
2024-11-15 10:00:00,624.18,625.39,622.53,623.34,506.38,315644.68
2024-11-15 11:00:00,623.34,626.08,623.56,624.19,1841.41,1149394.26
2024-11-15 12:00:00,624.19,624.41,618.03,619.83,1426.54,884212.02
2024-11-15 13:00:00,619.83,623.65,617.97,619.68,1195.46,740805.93
2024-11-15 14:00:00,619.68,612.98,607.18,609.15,2027.49,1235035.61
2024-11-15 15:00:00,609.15,609.51,604.29,606.68,1354.58,821795.31
2024-11-15 16:00:00,606.68,615.3,609.49,611.54,1470.66,899374.38
2024-11-15 17:00:00,611.54,614.37,609.36,612.76,1227.89,752403.55
2024-11-15 18:00:00,612.76,612.61,608.5,611.62,787.16,481446.35
2024-11-15 19:00:00,611.62,619.14,611.19,612.81,3378.23,2070220.48
2024-11-15 20:00:00,612.81,621.52,618.41,618.68,1336.91,827123.72
2024-11-15 21:00:00,618.68,622.52,617.47,617.56,761.99,470576.0
2024-11-15 22:00:00,617.56,619.76,613.74,618.94,950.06,588027.95
2024-11-15 23:00:00,618.94,620.57,616.38,619.38,682.03,422437.63
2024-11-16 00:00:00,619.38,619.98,616.89,619.53,664.19,411485.03
2024-11-16 01:00:00,619.53,622.46,619.54,620.45,335.91,208415.81
2024-11-16 02:00:00,620.45,622.89,619.51,621.24,642.89,399391.86
2024-11-16 03:00:00,621.24,626.35,619.69,624.98,2106.33,1316420.01
2024-11-16 04:00:00,624.98,626.44,622.23,623.24,321.32,200259.31
2024-11-16 05:00:00,623.24,626.21,621.18,625.29,2768.35,1731026.6
2024-11-16 06:00:00,625.29,626.13,622.48,624.85,695.5,434586.47
2024-11-16 07:00:00,625.0,624.08,621.6,623.77,451.78,281808.43
2024-11-16 08:00:00,623.64,626.68,622.29,623.3,436.06,271795.82
2024-11-16 09:00:00,623.3,624.32,621.13,622.31,282.1,175554.67
2024-11-16 10:00:00,622.31,625.9,623.06,625.9,443.06,277310.69
2024-11-16 11:00:00,625.9,630.81,624.42,630.71,1160.4,731880.56
2024-11-16 12:00:00,630.71,631.52,624.61,625.97,1565.11,979718.61
2024-11-16 13:00:00,625.97,626.43,622.71,625.52,1628.98,1018960.16
2024-11-16 14:00:00,625.52,630.97,626.97,629.24,1213.83,763794.3
2024-11-16 15:00:00,629.38,626.52,619.92,623.38,2086.75,1300835.61
2024-11-16 16:00:00,623.54,626.87,620.98,624.6,630.19,393618.69
2024-11-16 17:00:00,624.6,630.46,626.37,629.28,398.17,250561.19
2024-11-16 18:00:00,629.28,632.17,628.42,629.24,346.5,218033.36
2024-11-16 19:00:00,629.24,630.31,627.66,630.12,302.22,190435.79
2024-11-16 20:00:00,630.3,628.45,624.66,624.66,558.11,348631.76
2024-11-16 21:00:00,625.33,628.35,625.71,627.17,529.26,331934.33
2024-11-16 22:00:00,627.17,623.96,621.16,621.97,582.14,362074.52
2024-11-16 23:00:00,621.97,623.9,622.0,623.09,297.85,185586.68
2024-11-17 00:00:00,623.09,628.46,624.19,627.27,301.73,189267.68
2024-11-17 01:00:00,627.31,615.74,613.28,615.13,527.81,324670.44
2024-11-17 02:00:00,615.3,613.85,609.53,612.77,886.82,543418.46
2024-11-17 03:00:00,612.77,615.79,612.0,614.35,524.27,322083.12
2024-11-17 04:00:00,614.35,631.11,615.44,630.39,1789.46,1128052.08
2024-11-17 05:00:00,630.39,632.1,622.96,625.04,1338.87,836847.06
2024-11-17 06:00:00,625.04,633.52,625.64,633.34,1053.98,667526.86
2024-11-17 07:00:00,633.34,647.54,632.6,638.58,7816.84,4991652.57
2024-11-17 08:00:00,638.58,647.07,636.98,642.25,1992.43,1279644.15
2024-11-17 09:00:00,642.57,645.0,634.64,635.26,1874.9,1191057.38
2024-11-17 10:00:00,635.56,637.04,633.58,634.22,484.37,307196.73
2024-11-17 11:00:00,634.22,632.12,628.5,628.5,619.98,389655.02
2024-11-17 12:00:00,628.5,635.13,630.12,633.95,560.93,355599.68
2024-11-17 13:00:00,633.95,630.08,623.47,626.73,916.29,574267.21
2024-11-17 14:00:00,626.73,625.95,623.15,625.41,566.07,354024.14
2024-11-17 15:00:00,625.41,625.34,622.81,624.98,414.22,258879.72
2024-11-17 16:00:00,624.98,626.29,621.14,622.31,371.92,231450.85
2024-11-17 17:00:00,622.31,626.81,621.74,623.28,1018.49,634803.83
2024-11-17 18:00:00,623.28,620.42,617.0,617.9,444.42,274606.86
2024-11-17 19:00:00,617.9,620.63,618.11,620.09,211.65,131241.44
2024-11-17 20:00:00,620.09,618.18,615.94,618.18,385.14,238085.76
2024-11-17 21:00:00,618.18,616.04,613.28,614.71,371.74,228510.88
2024-11-17 22:00:00,614.71,619.48,616.44,616.71,529.27,326404.4
2024-11-17 23:00:00,616.71,619.16,617.1,618.8,413.67,255980.75
2024-11-18 00:00:00,618.74,624.33,618.13,621.23,535.38,332592.62
2024-11-18 01:00:00,621.25,627.84,625.11,626.29,432.62,270946.88
2024-11-18 02:00:00,626.29,627.81,622.65,625.46,1356.13,848199.75
2024-11-18 03:00:00,625.46,628.57,624.04,628.12,867.41,544834.49
2024-11-18 04:00:00,628.12,627.88,624.45,625.35,343.67,214914.41
2024-11-18 05:00:00,625.35,627.1,623.11,624.56,365.5,228278.34
2024-11-18 06:00:00,624.56,635.08,628.82,628.82,887.92,558342.89
2024-11-18 07:00:00,628.82,628.72,625.42,625.88,2594.8,1624033.6
2024-11-18 08:00:00,625.88,627.36,624.14,625.25,2520.7,1576058.41
2024-11-18 09:00:00,625.25,626.12,619.24,620.89,1001.71,621954.82
2024-11-18 10:00:00,620.89,623.51,619.84,623.05,705.11,439317.12
2024-11-18 11:00:00,623.05,616.33,611.64,615.79,1192.0,734025.41
2024-11-18 12:00:00,615.79,618.11,614.31,617.29,575.22,355080.14
2024-11-18 13:00:00,617.29,606.76,601.55,606.32,1312.09,795544.24
2024-11-18 14:00:00,606.32,620.92,616.77,619.48,586.46,363300.03
2024-11-18 15:00:00,619.48,634.02,624.13,624.78,1134.33,708703.7
2024-11-18 16:00:00,624.78,623.06,616.57,622.79,1509.51,940107.15
2024-11-18 17:00:00,622.79,625.01,620.06,621.71,901.92,560730.87
2024-11-18 18:00:00,621.71,629.31,613.22,621.8,3982.73,2476481.15
2024-11-18 19:00:00,621.8,624.45,617.2,617.29,836.96,516645.45
2024-11-18 20:00:00,617.29,624.11,617.42,617.88,2711.94,1675657.16
2024-11-18 21:00:00,617.88,621.42,615.76,619.32,814.78,504610.79
2024-11-18 22:00:00,619.32,620.58,618.3,619.66,363.91,225502.12
2024-11-18 23:00:00,619.37,630.67,617.52,619.76,766.85,475264.62
2024-11-19 00:00:00,619.76,619.88,606.62,619.88,847.96,525633.5
2024-11-19 01:00:00,619.46,619.25,616.34,618.34,623.62,385608.2
2024-11-19 02:00:00,618.34,621.97,617.95,619.14,678.2,419901.33
2024-11-19 03:00:00,619.14,620.76,617.92,618.93,764.44,473133.25
2024-11-19 04:00:00,618.93,621.87,616.84,617.11,858.45,529758.23
2024-11-19 05:00:00,617.31,620.78,616.07,619.21,632.11,391408.99
2024-11-19 06:00:00,619.21,621.18,611.47,618.99,3780.56,2340121.0
2024-11-19 07:00:00,618.99,619.38,615.32,618.13,484.82,299681.52
2024-11-19 08:00:00,617.99,619.01,616.8,617.17,730.57,450886.39
2024-11-19 09:00:00,617.17,618.18,615.25,615.8,540.13,332611.16
2024-11-19 10:00:00,615.8,618.31,613.9,616.75,3154.24,1945363.81
2024-11-19 11:00:00,616.75,618.63,614.87,618.44,1104.95,683348.75
2024-11-19 12:00:00,618.44,624.54,619.73,620.19,912.15,565708.61
2024-11-19 13:00:00,620.19,614.05,605.57,613.5,3355.24,2058448.24
2024-11-19 14:00:00,613.5,618.54,611.19,613.95,1527.05,937531.47
2024-11-19 15:00:00,613.95,618.89,615.56,615.65,1873.22,1153251.65
2024-11-19 16:00:00,615.65,618.02,612.55,614.87,1416.82,871155.31
2024-11-19 17:00:00,614.87,618.14,614.05,616.65,1072.53,661379.54
2024-11-19 18:00:00,616.65,622.72,616.9,618.59,1633.17,1010265.44
2024-11-19 19:00:00,618.59,618.62,614.79,616.94,979.71,604417.42
2024-11-19 20:00:00,616.94,612.91,608.09,611.06,1122.29,685781.32
2024-11-19 21:00:00,611.06,611.57,607.7,611.3,1049.44,641518.01
2024-11-19 22:00:00,611.3,613.65,606.29,612.91,613.33,375915.91
2024-11-19 23:00:00,612.91,619.2,615.32,616.62,935.77,577010.85
2024-11-20 00:00:00,616.2,616.3,613.82,615.06,711.34,437517.15
2024-11-20 01:00:00,614.97,615.57,613.36,613.45,360.55,221180.17
2024-11-20 02:00:00,613.45,613.3,609.72,610.27,308.78,188438.05
2024-11-20 03:00:00,610.27,612.34,608.47,611.7,831.53,508644.34
2024-11-20 04:00:00,611.7,613.56,609.87,611.62,589.81,360739.3
2024-11-20 05:00:00,611.88,614.61,610.26,613.68,490.94,301280.3
2024-11-20 06:00:00,613.73,613.53,611.31,612.7,327.6,200719.45
2024-11-20 07:00:00,612.7,616.35,613.28,613.56,318.83,195620.91
2024-11-20 08:00:00,613.56,617.2,614.03,614.5,820.0,503886.9
2024-11-20 09:00:00,614.5,615.83,611.17,615.27,846.52,520841.98
2024-11-20 10:00:00,615.27,616.61,613.53,614.09,590.99,362922.04
2024-11-20 11:00:00,614.09,617.96,611.97,612.82,1096.46,671927.84
2024-11-20 12:00:00,612.82,613.45,609.98,611.3,1459.56,892222.17
2024-11-20 13:00:00,611.3,618.96,614.24,618.39,1524.89,942983.6
2024-11-20 14:00:00,618.39,622.41,615.77,615.87,1397.03,860388.36
2024-11-20 15:00:00,615.87,617.53,613.92,616.11,1644.01,1012886.43
2024-11-20 16:00:00,616.11,613.74,609.69,610.53,1987.45,1213406.56
2024-11-20 17:00:00,610.53,609.95,605.16,606.85,863.41,523960.8
2024-11-20 18:00:00,606.85,609.34,602.5,605.87,1095.1,663492.8
2024-11-20 19:00:00,605.87,608.06,603.91,605.33,769.67,465901.49
2024-11-20 20:00:00,605.33,611.24,603.97,609.45,865.1,527232.84
2024-11-20 21:00:00,609.45,613.17,609.21,610.72,383.53,234229.03
2024-11-20 22:00:00,610.72,611.76,609.22,609.5,345.01,210283.46
2024-11-20 23:00:00,609.5,612.62,606.01,606.01,648.25,392848.23
2024-11-21 00:00:00,606.01,610.66,607.24,608.0,473.03,287603.6
2024-11-21 01:00:00,608.0,609.26,606.33,606.42,662.62,401826.35
2024-11-21 02:00:00,606.42,604.75,595.77,600.11,2103.46,1262317.04
2024-11-21 03:00:00,600.11,609.23,602.04,602.61,3796.98,2288100.77
2024-11-21 04:00:00,602.61,618.76,606.75,609.49,6262.38,3816844.95
2024-11-21 05:00:00,609.49,613.61,607.86,610.59,1714.98,1047144.7
2024-11-21 06:00:00,610.59,611.13,607.73,610.84,2081.53,1271476.65
2024-11-21 07:00:00,610.84,613.08,609.88,612.89,5056.65,3099172.27
2024-11-21 08:00:00,612.89,615.06,611.37,613.21,2171.75,1331740.69
2024-11-21 09:00:00,613.21,616.61,609.39,609.39,2283.85,1391748.85
2024-11-21 10:00:00,609.39,612.84,608.25,609.03,1653.89,1007268.16
2024-11-21 11:00:00,609.03,610.89,606.67,609.91,1583.9,966033.18
2024-11-21 12:00:00,609.56,636.76,615.08,617.71,7129.21,4403755.51
2024-11-21 13:00:00,618.21,626.4,619.47,623.96,3684.79,2299169.66
2024-11-21 14:00:00,623.96,628.48,620.81,625.08,2646.01,1653977.88
2024-11-21 15:00:00,625.08,623.94,614.27,616.98,2374.62,1465083.06
2024-11-21 16:00:00,616.98,623.21,618.94,620.4,2020.53,1253528.36
2024-11-21 17:00:00,620.4,626.79,620.71,621.2,1482.07,920657.75
2024-11-21 18:00:00,621.2,624.51,620.38,624.22,897.1,559984.65
2024-11-21 19:00:00,624.22,625.03,615.92,625.03,1240.99,775656.93
2024-11-21 20:00:00,625.03,627.44,619.87,622.43,1808.98,1125957.37
2024-11-21 21:00:00,622.43,624.41,619.6,622.54,1011.31,629583.79
2024-11-21 22:00:00,622.54,626.55,621.83,623.3,553.45,344967.96
2024-11-21 23:00:00,623.3,623.79,620.44,622.61,528.52,329061.46
2024-11-22 00:00:00,622.57,637.12,613.54,631.14,3214.66,2028899.24
2024-11-22 01:00:00,630.61,633.54,625.0,632.76,1374.82,869927.8
2024-11-22 02:00:00,632.76,642.02,632.24,635.99,1736.09,1104144.29
2024-11-22 03:00:00,635.99,638.63,633.18,636.25,2058.79,1309908.93
2024-11-22 04:00:00,636.25,639.85,633.03,636.69,1810.21,1152541.63
2024-11-22 05:00:00,636.43,636.41,631.34,632.35,646.22,408640.43
2024-11-22 06:00:00,632.35,632.22,629.52,629.85,1574.13,991471.09
2024-11-22 07:00:00,629.99,631.4,627.72,628.12,1089.75,684494.8
2024-11-22 08:00:00,628.12,630.49,625.64,629.7,537.82,338662.87
2024-11-22 09:00:00,629.7,630.49,628.42,629.21,726.03,456823.77
2024-11-22 10:00:00,629.21,631.96,623.49,623.69,1911.09,1191929.66
2024-11-22 11:00:00,623.69,626.98,624.11,625.8,725.03,453720.49
2024-11-22 12:00:00,625.8,629.63,622.92,628.06,646.68,406150.64
2024-11-22 13:00:00,628.06,622.77,616.41,621.4,1409.42,875819.68
2024-11-22 14:00:00,621.4,619.54,615.16,619.34,911.16,564320.3
2024-11-22 15:00:00,619.34,628.83,623.1,625.47,2094.13,1309812.36
2024-11-22 16:00:00,625.47,627.71,624.05,625.13,1110.95,694493.36
2024-11-22 17:00:00,625.13,624.87,621.11,623.78,1112.01,693654.09
2024-11-22 18:00:00,623.78,626.35,619.8,620.99,801.95,498002.85
2024-11-22 19:00:00,620.99,623.04,618.67,622.94,1801.75,1122382.72
2024-11-22 20:00:00,622.94,626.27,621.5,625.87,867.66,543044.73
2024-11-22 21:00:00,625.87,631.39,625.72,629.6,1514.87,953755.73
2024-11-22 22:00:00,629.6,630.71,623.89,628.73,1116.82,702179.4
2024-11-22 23:00:00,628.73,634.66,629.51,633.77,941.94,596972.1
2024-11-23 00:00:00,633.77,638.3,631.88,634.65,1346.3,854425.04
2024-11-23 01:00:00,634.65,651.86,634.29,647.61,5708.24,3696730.99
2024-11-23 02:00:00,647.61,648.23,638.77,641.43,2250.53,1443560.8
2024-11-23 03:00:00,641.43,645.16,640.42,645.16,2295.25,1480797.09
2024-11-23 04:00:00,645.16,651.23,642.84,648.96,2359.76,1531394.71
2024-11-23 05:00:00,648.96,651.94,647.0,649.08,1774.42,1151732.66
2024-11-23 06:00:00,648.99,652.79,648.11,651.12,4196.26,2732268.27
2024-11-23 07:00:00,651.28,668.31,649.56,664.85,12648.11,8409133.2
2024-11-23 08:00:00,664.85,683.02,663.7,671.19,14506.1,9736399.51
2024-11-23 09:00:00,671.19,671.61,665.01,665.01,1742.79,1158971.29
2024-11-23 10:00:00,664.71,666.78,662.09,664.43,5956.77,3957867.45
2024-11-23 11:00:00,664.43,666.55,660.34,663.88,1869.67,1241245.87
2024-11-23 12:00:00,663.88,670.15,662.15,668.57,2517.3,1682997.64
2024-11-23 13:00:00,668.57,671.87,666.74,670.19,2138.04,1432890.51
2024-11-23 14:00:00,670.19,684.07,670.82,676.16,5634.8,3810002.21
2024-11-23 15:00:00,676.16,677.55,670.36,670.85,2397.13,1608111.48
2024-11-23 16:00:00,670.85,668.58,656.16,659.68,4254.22,2806422.09
2024-11-23 17:00:00,659.68,661.4,654.24,659.93,2246.24,1482355.09
2024-11-23 18:00:00,659.93,659.86,655.06,658.78,1130.03,744443.74
2024-11-23 19:00:00,658.78,658.49,652.83,654.2,1093.57,715412.59
2024-11-23 20:00:00,654.2,656.0,646.9,650.81,1415.1,920966.64
2024-11-23 21:00:00,650.81,657.8,652.01,656.62,793.3,520895.53
2024-11-23 22:00:00,656.62,656.37,653.92,655.09,740.84,485320.31
2024-11-23 23:00:00,655.09,655.51,649.36,650.82,854.01,555808.39
2024-11-24 00:00:00,650.82,662.5,651.13,660.73,874.13,577566.89
2024-11-24 01:00:00,660.73,663.07,659.14,661.8,1214.44,803712.76
2024-11-24 02:00:00,661.8,663.7,658.28,660.06,1172.9,774181.73
2024-11-24 03:00:00,660.06,659.84,656.99,659.84,602.71,397692.15
2024-11-24 04:00:00,659.84,666.03,657.48,661.12,1855.39,1226634.7
2024-11-24 05:00:00,661.7,669.9,659.64,665.8,4207.18,2801120.38
2024-11-24 06:00:00,664.96,670.96,662.3,670.86,690.06,462933.43
2024-11-24 07:00:00,670.86,674.31,667.31,673.42,2187.29,1472965.93
2024-11-24 08:00:00,673.42,686.96,670.86,680.09,14239.21,9683970.4
2024-11-24 09:00:00,680.09,687.16,674.51,676.67,6409.96,4337426.37
2024-11-24 10:00:00,676.67,676.49,665.14,667.29,3905.66,2606224.75
2024-11-24 11:00:00,667.29,665.88,648.74,652.34,4797.52,3129626.03
2024-11-24 12:00:00,652.34,653.42,640.42,645.76,4200.21,2712318.61
2024-11-24 13:00:00,645.76,655.04,646.97,651.73,3738.28,2436362.75
2024-11-24 14:00:00,651.73,651.84,645.04,651.84,1774.75,1156855.26
2024-11-24 15:00:00,651.84,646.8,642.2,642.68,1578.66,1014568.58
2024-11-24 16:00:00,642.68,652.37,644.27,650.35,1501.52,976508.43
2024-11-24 17:00:00,650.35,648.01,643.88,647.34,964.7,624487.23
2024-11-24 18:00:00,647.34,655.98,650.76,654.63,802.91,525605.71
2024-11-24 19:00:00,654.63,654.41,649.69,651.13,487.47,317407.36
2024-11-24 20:00:00,651.13,657.87,654.09,657.87,671.23,441579.28
2024-11-24 21:00:00,657.87,659.42,656.22,657.77,505.62,332582.28
2024-11-24 22:00:00,657.77,665.53,661.81,662.39,562.17,372378.16
2024-11-24 23:00:00,662.39,664.47,659.47,660.45,865.41,571557.12
2024-11-25 00:00:00,660.45,664.27,657.52,660.26,1409.67,930741.79
2024-11-25 01:00:00,660.26,656.86,648.88,653.75,881.45,576246.11
2024-11-25 02:00:00,653.75,656.81,653.3,654.56,786.13,514571.84
2024-11-25 03:00:00,654.56,661.05,657.62,659.29,450.51,297016.48
2024-11-25 04:00:00,659.29,661.84,658.02,658.02,495.02,325734.22
2024-11-25 05:00:00,658.02,665.2,659.8,661.47,774.15,512078.66
2024-11-25 06:00:00,661.47,661.55,657.52,658.6,737.48,485706.48
2024-11-25 07:00:00,658.6,665.36,656.33,661.83,1305.6,864080.28
2024-11-25 08:00:00,661.83,673.57,660.6,673.08,1646.3,1108097.18
2024-11-25 09:00:00,673.08,675.83,670.8,672.67,1362.11,916254.93
2024-11-25 10:00:00,672.84,678.03,664.37,667.87,12810.04,8555466.14
2024-11-25 11:00:00,667.87,665.77,659.17,664.38,1131.86,751987.14
2024-11-25 12:00:00,664.66,668.22,661.76,667.05,1101.46,734725.54
2024-11-25 13:00:00,667.05,665.39,652.91,654.76,1716.21,1123706.77
2024-11-25 14:00:00,654.63,641.97,634.13,640.61,4405.24,2822032.51
2024-11-25 15:00:00,640.61,666.15,647.85,648.56,3259.36,2113881.49
2024-11-25 16:00:00,648.74,651.36,645.6,648.38,1484.4,962461.68
2024-11-25 17:00:00,648.38,644.82,639.96,643.2,1062.07,683119.57
2024-11-25 18:00:00,643.2,644.2,640.68,642.49,519.78,333953.23
2024-11-25 19:00:00,642.49,644.14,638.27,643.0,1293.83,831938.82
2024-11-25 20:00:00,643.0,645.95,642.35,645.29,923.34,595822.91
2024-11-25 21:00:00,645.29,638.24,631.4,637.96,1521.01,970341.16
2024-11-25 22:00:00,637.96,643.83,636.66,638.83,1774.41,1133541.11
2024-11-25 23:00:00,638.83,636.62,629.46,635.97,1533.0,974947.38
2024-11-26 00:00:00,635.97,641.81,638.62,639.56,1435.88,918335.53
2024-11-26 01:00:00,639.56,648.0,644.3,644.68,525.63,338861.48
2024-11-26 02:00:00,644.68,645.34,642.59,644.39,257.03,165627.28
2024-11-26 03:00:00,644.39,643.57,641.49,643.0,1585.31,1019357.1
2024-11-26 04:00:00,643.0,642.37,639.07,642.28,407.69,261849.54
2024-11-26 05:00:00,642.28,645.41,642.85,644.56,583.87,376336.66
2024-11-26 06:00:00,644.56,643.68,640.85,641.51,398.61,255712.26
2024-11-26 07:00:00,641.51,643.79,635.25,641.44,2288.15,1467720.17
2024-11-26 08:00:00,641.4,637.54,626.41,627.76,3185.77,1999892.93
2024-11-26 09:00:00,627.76,630.2,624.16,630.2,7345.1,4628902.22
2024-11-26 10:00:00,630.2,622.8,619.49,619.49,2810.08,1740804.26
2024-11-26 11:00:00,619.52,621.01,614.92,619.63,2188.65,1356145.24
2024-11-26 12:00:00,619.63,622.03,617.51,619.63,1343.13,832244.18
2024-11-26 13:00:00,619.63,620.16,609.38,609.84,2098.68,1279867.41
2024-11-26 14:00:00,609.84,622.02,616.8,620.15,1715.83,1064079.34
2024-11-26 15:00:00,620.15,617.44,613.27,614.19,1348.19,828050.0
2024-11-26 16:00:00,614.19,622.59,616.19,619.39,1546.53,957908.43
2024-11-26 17:00:00,619.39,618.27,615.28,617.24,963.46,594687.12
2024-11-26 18:00:00,617.24,609.22,599.55,604.43,2766.49,1672157.61
2024-11-26 19:00:00,604.43,610.26,598.99,609.99,903.95,551400.18
2024-11-26 20:00:00,609.99,613.62,604.8,613.26,1749.02,1072597.49
2024-11-26 21:00:00,613.26,617.54,611.86,613.15,1190.01,729649.71
2024-11-26 22:00:00,613.15,613.65,611.09,612.64,360.09,220607.06
2024-11-26 23:00:00,612.64,615.57,612.54,613.09,288.99,177177.12
2024-11-27 00:00:00,613.09,613.44,609.02,609.12,698.27,425327.37
2024-11-27 01:00:00,609.12,616.38,613.32,614.71,448.96,275981.73
2024-11-27 02:00:00,614.71,618.79,614.23,618.04,583.99,360931.54
2024-11-27 03:00:00,618.12,617.51,614.83,616.17,742.17,457303.49
2024-11-27 04:00:00,616.17,623.87,614.01,617.07,2276.03,1404472.02
2024-11-27 05:00:00,617.07,618.21,615.49,616.85,663.51,409284.63
2024-11-27 06:00:00,616.86,620.02,618.16,619.09,259.12,160418.05
2024-11-27 07:00:00,619.09,623.16,620.07,622.04,774.78,481944.11
2024-11-27 08:00:00,622.04,621.7,620.3,620.67,447.62,277824.26
2024-11-27 09:00:00,620.67,620.98,618.74,620.51,287.7,178521.0
2024-11-27 10:00:00,619.99,628.89,620.95,624.06,6486.48,4047927.26
2024-11-27 11:00:00,624.3,629.79,620.26,625.21,4607.31,2880543.21
2024-11-27 12:00:00,624.28,627.47,622.26,623.3,5076.49,3164170.21
2024-11-27 13:00:00,623.47,629.83,623.89,626.9,1144.08,717228.51
2024-11-27 14:00:00,626.9,633.85,627.78,633.76,1514.05,959539.62
2024-11-27 15:00:00,633.66,640.33,634.64,637.49,2114.51,1347972.23
2024-11-27 16:00:00,637.49,639.89,633.12,635.61,783.72,498143.02
2024-11-27 17:00:00,636.07,641.45,637.98,638.27,725.34,462961.24
2024-11-27 18:00:00,638.27,638.75,635.09,637.21,516.88,329360.5
2024-11-27 19:00:00,637.24,639.56,634.89,639.2,723.74,462615.82
2024-11-27 20:00:00,639.2,646.36,641.27,641.27,2469.87,1583864.25
2024-11-27 21:00:00,641.67,642.67,638.33,642.47,565.69,363441.25
2024-11-27 22:00:00,642.47,645.51,640.51,644.65,1609.71,1037698.15
2024-11-27 23:00:00,644.52,645.22,639.0,644.85,705.25,454783.48
2024-11-28 00:00:00,644.83,651.36,645.27,651.07,1048.62,682723.93
2024-11-28 01:00:00,650.06,661.1,648.72,655.64,4981.82,3266267.51
2024-11-28 02:00:00,655.16,653.36,646.84,652.21,2788.74,1818837.49
2024-11-28 03:00:00,652.21,653.75,648.31,652.61,1901.18,1240721.49
2024-11-28 04:00:00,652.61,657.44,650.83,654.18,945.82,618735.82
2024-11-28 05:00:00,654.18,656.29,651.51,654.66,2111.74,1382478.14
2024-11-28 06:00:00,654.66,658.96,650.55,656.86,2169.0,1424722.44
2024-11-28 07:00:00,656.86,655.83,649.44,650.2,1614.53,1049767.85
2024-11-28 08:00:00,650.2,655.91,648.84,654.95,3514.99,2302143.41
2024-11-28 09:00:00,654.95,658.95,650.21,658.0,1138.88,749386.35
2024-11-28 10:00:00,658.0,661.7,654.29,658.76,2223.73,1464895.95
2024-11-28 11:00:00,658.76,664.4,656.76,660.01,1531.96,1011106.19
2024-11-28 12:00:00,660.01,663.89,656.54,657.78,2781.83,1829830.76
2024-11-28 13:00:00,657.78,660.91,654.97,655.36,1381.79,905565.0
2024-11-28 14:00:00,655.36,653.52,648.84,651.8,1531.63,998319.18
2024-11-28 15:00:00,651.8,650.65,644.37,646.37,1149.78,743183.28
2024-11-28 16:00:00,646.37,648.54,645.4,647.78,645.02,417828.0
2024-11-28 17:00:00,647.78,649.23,646.67,647.62,529.47,342894.07
2024-11-28 18:00:00,647.62,652.42,650.51,652.32,504.67,329206.77
2024-11-28 19:00:00,652.32,659.83,650.41,657.36,2864.64,1883095.33
2024-11-28 20:00:00,657.36,655.28,649.49,653.47,1539.63,1006109.68
2024-11-28 21:00:00,653.47,657.5,654.36,657.03,754.74,495883.33
2024-11-28 22:00:00,657.03,661.65,658.97,659.35,582.4,384007.72
2024-11-28 23:00:00,659.35,659.46,653.24,654.0,1509.07,986936.19
2024-11-29 00:00:00,654.0,657.44,652.86,654.01,1079.94,706287.89
2024-11-29 01:00:00,654.01,657.75,653.34,654.78,708.45,463878.25
2024-11-29 02:00:00,654.78,663.9,659.07,662.94,1280.87,849135.38
2024-11-29 03:00:00,662.94,662.17,657.91,658.01,565.55,372138.27
2024-11-29 04:00:00,658.01,657.0,654.4,655.94,1623.83,1065136.84
2024-11-29 05:00:00,655.94,656.0,652.25,654.08,644.44,421513.16
2024-11-29 06:00:00,654.08,655.48,653.26,653.55,252.91,165289.5
2024-11-29 07:00:00,653.55,650.19,647.03,649.8,859.25,558343.66
2024-11-29 08:00:00,649.8,654.87,651.99,654.48,403.59,264142.02
2024-11-29 09:00:00,654.48,657.44,652.91,653.0,549.5,358826.2
2024-11-29 10:00:00,653.0,656.42,653.23,655.07,672.94,440821.38
2024-11-29 11:00:00,655.07,658.49,654.59,656.73,2365.79,1553694.32
2024-11-29 12:00:00,656.73,656.08,652.4,655.31,931.98,610734.57
2024-11-29 13:00:00,655.5,662.02,656.96,659.49,1775.88,1171170.29
2024-11-29 14:00:00,659.41,665.31,659.22,659.52,868.96,573095.66
2024-11-29 15:00:00,659.52,660.56,657.12,660.56,1712.67,1131319.33
2024-11-29 16:00:00,660.56,659.75,654.75,657.79,828.84,545201.36
2024-11-29 17:00:00,657.79,655.57,651.98,654.89,853.24,558781.85
2024-11-29 18:00:00,654.89,662.26,656.33,657.69,1299.39,854593.52
2024-11-29 19:00:00,657.69,659.07,654.79,654.79,367.95,240928.72
2024-11-29 20:00:00,654.79,655.12,652.4,652.88,747.97,488337.48
2024-11-29 21:00:00,652.88,654.61,652.75,653.53,525.4,343366.87
2024-11-29 22:00:00,653.39,654.93,652.05,653.13,691.05,451347.69
2024-11-29 23:00:00,653.19,655.76,653.13,654.98,340.47,223001.33
2024-11-30 00:00:00,654.98,653.13,650.02,651.09,713.58,464603.85
2024-11-30 01:00:00,651.09,650.87,645.66,649.42,828.41,537984.92
2024-11-30 02:00:00,648.93,654.47,646.49,651.93,513.03,334459.46
2024-11-30 03:00:00,651.53,657.63,651.83,656.95,800.22,525704.13
2024-11-30 04:00:00,656.95,658.0,655.0,655.58,553.57,362910.36
2024-11-30 05:00:00,655.58,659.82,656.62,658.56,1978.82,1303169.76
2024-11-30 06:00:00,658.56,660.7,655.28,659.92,1474.7,973188.8
2024-11-30 07:00:00,659.92,676.64,660.37,673.35,5988.1,4032084.09
2024-11-30 08:00:00,673.35,676.29,668.63,668.82,3594.5,2404075.75
2024-11-30 09:00:00,668.82,670.27,665.91,669.69,1600.1,1071564.83
2024-11-30 10:00:00,669.69,667.51,658.85,659.72,2416.54,1594240.65
2024-11-30 11:00:00,659.72,662.68,657.67,658.44,1320.26,869314.1
2024-11-30 12:00:00,658.44,663.54,659.97,662.19,1192.37,789578.5
2024-11-30 13:00:00,662.19,663.95,659.03,662.5,643.24,426146.93
2024-11-30 14:00:00,662.5,664.34,654.4,655.17,1609.86,1054730.45
2024-11-30 15:00:00,655.17,657.04,653.85,656.46,768.98,504804.12
2024-11-30 16:00:00,656.46,659.48,656.48,657.93,1001.19,658713.43
2024-11-30 17:00:00,657.93,658.31,655.6,657.83,861.68,566835.66
2024-11-30 18:00:00,657.83,659.27,655.0,655.87,382.97,251179.68
2024-11-30 19:00:00,655.87,656.28,653.76,655.12,626.91,410701.17
2024-11-30 20:00:00,655.12,657.61,653.43,657.61,379.32,249443.49
2024-11-30 21:00:00,657.61,657.84,655.32,657.54,698.79,459485.75
2024-11-30 22:00:00,657.54,656.75,654.62,655.78,332.08,217772.21
2024-11-30 23:00:00,655.78,656.79,653.99,653.99,379.72,248334.57
2024-12-01 00:00:00,654.52,652.56,648.87,651.45,5583.28,3637222.98
2024-12-01 01:00:00,651.54,653.53,648.72,652.18,1043.81,680751.7
2024-12-01 02:00:00,652.18,650.5,645.8,647.63,694.84,449996.1
2024-12-01 03:00:00,647.63,653.79,650.22,652.05,823.9,537225.03
2024-12-01 04:00:00,652.05,653.86,651.54,652.31,331.21,216052.62
2024-12-01 05:00:00,652.31,651.13,648.91,649.1,584.53,379420.65
2024-12-01 06:00:00,648.61,651.92,649.33,650.44,597.79,388827.36
2024-12-01 07:00:00,650.58,652.07,650.24,651.49,370.95,241671.77
2024-12-01 08:00:00,651.49,657.33,651.5,657.13,1017.2,668436.6
2024-12-01 09:00:00,657.13,658.33,655.9,656.0,461.65,302841.26
2024-12-01 10:00:00,656.14,658.07,652.18,657.7,5391.44,3545975.27
2024-12-01 11:00:00,657.7,659.84,657.25,658.73,2430.91,1601316.1
2024-12-01 12:00:00,658.61,658.09,655.77,657.41,362.86,238549.15
2024-12-01 13:00:00,657.41,661.47,657.98,661.47,1299.9,859847.92
2024-12-01 14:00:00,661.2,663.49,659.04,661.26,1145.94,757767.71
2024-12-01 15:00:00,661.09,663.65,659.09,662.78,922.3,611281.1
2024-12-01 16:00:00,662.78,665.16,661.37,661.95,1085.38,718467.19
2024-12-01 17:00:00,661.95,662.6,657.93,659.78,618.37,407986.86
2024-12-01 18:00:00,659.78,658.96,656.04,657.11,601.72,395395.48
2024-12-01 19:00:00,657.11,658.98,656.65,658.79,409.44,269734.65
2024-12-01 20:00:00,658.79,658.5,654.03,656.27,957.74,628531.31
2024-12-01 21:00:00,656.27,660.98,656.68,657.27,435.42,286186.71
2024-12-01 22:00:00,657.16,660.18,654.97,657.2,2802.37,1841721.15
2024-12-01 23:00:00,657.45,656.71,654.09,656.42,489.43,321272.43
2024-12-02 00:00:00,656.42,659.92,656.51,658.07,704.92,463886.81
2024-12-02 01:00:00,658.07,667.81,660.06,666.63,1278.71,852427.44
2024-12-02 02:00:00,666.63,666.35,659.12,662.93,919.02,609246.98
2024-12-02 03:00:00,662.93,656.46,651.73,651.83,3669.49,2391884.58
2024-12-02 04:00:00,651.83,663.52,644.46,652.78,5962.32,3892072.36
2024-12-02 05:00:00,652.78,652.09,648.61,652.09,888.65,579475.41
2024-12-02 06:00:00,651.78,652.87,648.08,649.93,1980.87,1287418.82
2024-12-02 07:00:00,650.09,648.79,644.85,647.35,710.51,459946.56
2024-12-02 08:00:00,647.35,640.9,631.49,633.68,2099.3,1330278.32
2024-12-02 09:00:00,633.68,639.95,634.89,639.76,1458.03,932791.11
2024-12-02 10:00:00,639.76,636.5,631.27,631.46,1035.56,653919.55
2024-12-02 11:00:00,631.64,635.32,632.81,633.53,2551.14,1616216.93
2024-12-02 12:00:00,633.91,634.15,631.97,632.82,806.52,510382.78
2024-12-02 13:00:00,632.82,639.85,637.17,639.56,819.28,523980.04
2024-12-02 14:00:00,639.56,645.33,640.7,642.44,1523.99,979066.68
2024-12-02 15:00:00,642.44,651.76,646.22,650.01,1214.6,789499.16
2024-12-02 16:00:00,650.01,644.35,639.06,641.95,2156.55,1384388.2
2024-12-02 17:00:00,641.95,632.51,627.97,629.77,1161.84,731688.62
2024-12-02 18:00:00,629.77,640.55,636.72,639.31,536.77,343160.48
2024-12-02 19:00:00,639.31,641.09,638.12,638.6,734.08,468780.94
2024-12-02 20:00:00,638.6,640.97,636.66,640.39,487.74,312345.16
2024-12-02 21:00:00,640.39,641.42,637.51,641.42,564.06,361801.47
2024-12-02 22:00:00,641.42,642.3,639.34,641.63,979.68,628594.22
2024-12-02 23:00:00,641.63,648.2,644.66,647.92,655.12,424462.76
2024-12-03 00:00:00,647.92,653.61,646.23,653.51,1593.36,1041277.56
2024-12-03 01:00:00,653.46,651.59,647.97,647.97,3112.24,2016646.99
2024-12-03 02:00:00,648.41,653.02,648.5,652.63,1091.91,712617.37
2024-12-03 03:00:00,652.63,653.31,650.72,652.06,491.56,320528.83
2024-12-03 04:00:00,652.06,654.07,650.14,653.11,802.1,523859.55
2024-12-03 05:00:00,653.11,655.87,653.27,655.77,643.17,421772.86
2024-12-03 06:00:00,655.77,657.29,652.22,653.56,3764.36,2460226.57
2024-12-03 07:00:00,653.56,654.58,647.22,648.37,1780.2,1154231.2
2024-12-03 08:00:00,648.37,653.09,648.22,652.13,944.54,615967.43
2024-12-03 09:00:00,652.13,650.94,647.8,649.99,667.48,433853.09
2024-12-03 10:00:00,649.99,649.06,646.12,647.64,3231.3,2092712.35
2024-12-03 11:00:00,647.64,652.07,648.08,650.83,1919.21,1249086.01
2024-12-03 12:00:00,650.59,650.37,645.32,648.93,2859.33,1855491.29
2024-12-03 13:00:00,648.61,642.19,629.07,632.63,5566.9,3521789.02
2024-12-03 14:00:00,632.63,644.63,632.72,640.43,4355.74,2789562.77
2024-12-03 15:00:00,640.43,645.53,636.53,643.14,1855.41,1193285.03
2024-12-03 16:00:00,643.14,648.71,638.91,647.47,2487.13,1610353.23
2024-12-03 17:00:00,647.47,661.3,652.29,659.38,2565.71,1691781.66
2024-12-03 18:00:00,659.38,678.07,656.87,677.98,8548.82,5795888.8
2024-12-03 19:00:00,677.98,697.88,677.64,690.05,11932.8,8234223.2
2024-12-03 20:00:00,690.05,716.51,689.06,713.64,10522.78,7509489.41
2024-12-03 21:00:00,713.64,719.33,703.28,708.85,7992.92,5665806.56
2024-12-03 22:00:00,708.85,740.59,704.91,736.36,9368.43,6898541.19
2024-12-03 23:00:00,736.36,749.3,729.06,735.29,17387.34,12784753.85
2024-12-04 00:00:00,735.29,769.83,734.47,760.15,18605.54,14143045.07
2024-12-04 01:00:00,760.15,774.36,757.31,772.05,8630.38,6663062.11
2024-12-04 02:00:00,772.05,768.94,746.71,749.77,8169.88,6125557.67
2024-12-04 03:00:00,749.77,766.45,744.31,753.9,6955.03,5243362.76
2024-12-04 04:00:00,753.9,759.34,748.39,755.5,3509.62,2651515.92
2024-12-04 05:00:00,755.5,764.71,752.16,762.1,3598.88,2742716.15
2024-12-04 06:00:00,762.1,767.71,755.93,758.34,5936.59,4501968.5
2024-12-04 07:00:00,758.34,766.25,754.75,765.0,3682.83,2817349.23
2024-12-04 08:00:00,765.0,778.9,762.54,778.61,6906.62,5377540.73
2024-12-04 09:00:00,778.61,782.91,768.28,782.91,6030.86,4721628.33
2024-12-04 10:00:00,782.91,792.61,776.87,784.79,9337.05,7327597.52
2024-12-04 11:00:00,784.79,786.52,773.52,782.57,5609.71,4389985.16
2024-12-04 12:00:00,782.57,785.2,771.09,780.21,4302.02,3356484.05
2024-12-04 13:00:00,780.21,778.5,768.64,774.0,3211.91,2486028.92
2024-12-04 14:00:00,774.0,777.27,767.3,769.41,3576.06,2751444.54
2024-12-04 15:00:00,769.41,769.75,752.11,756.81,7478.23,5659590.11
2024-12-04 16:00:00,756.81,754.34,727.39,732.33,8780.0,6429836.63
2024-12-04 17:00:00,732.33,743.98,727.15,732.22,4053.95,2968375.72
2024-12-04 18:00:00,732.22,739.42,732.4,735.0,2023.02,1486911.52
2024-12-04 19:00:00,735.0,749.53,740.09,740.87,2218.54,1643639.11
2024-12-04 20:00:00,740.87,753.9,727.18,734.9,8448.06,6208448.38
2024-12-04 21:00:00,734.9,739.61,725.13,737.56,3777.43,2786079.57
2024-12-04 22:00:00,737.56,743.74,733.41,735.48,2190.52,1611078.72
2024-12-04 23:00:00,735.48,740.64,726.81,740.44,6848.07,5070595.37
2024-12-05 00:00:00,740.44,739.48,719.98,720.37,5262.7,3791098.94
2024-12-05 01:00:00,720.4,721.41,697.05,703.9,14445.58,10168263.36
2024-12-05 02:00:00,704.05,732.89,719.92,722.35,9103.23,6575739.58
2024-12-05 03:00:00,722.35,734.84,709.9,715.05,9600.86,6865133.42
2024-12-05 04:00:00,715.05,737.27,713.49,726.1,5059.64,3673815.66
2024-12-05 05:00:00,726.1,728.43,719.51,724.13,3693.17,2674323.23
2024-12-05 06:00:00,724.13,727.57,718.09,722.48,2742.24,1981201.86
2024-12-05 07:00:00,722.48,732.08,725.43,730.96,2591.78,1894481.35
2024-12-05 08:00:00,730.96,739.42,730.46,733.45,3681.92,2700488.11
2024-12-05 09:00:00,733.45,737.04,728.51,733.85,1670.29,1225743.52
2024-12-05 10:00:00,733.85,735.79,729.03,732.0,2267.58,1659873.65
2024-12-05 11:00:00,732.0,741.75,733.23,737.95,1886.9,1392436.47
2024-12-05 12:00:00,737.95,740.97,728.61,730.16,2534.22,1850382.43
2024-12-05 13:00:00,730.16,731.13,723.52,728.86,1685.45,1228464.19
2024-12-05 14:00:00,728.86,739.68,727.14,727.77,2474.76,1801045.45
2024-12-05 15:00:00,727.77,724.94,711.97,724.84,2704.73,1960505.5
2024-12-05 16:00:00,724.84,734.16,720.3,732.74,2744.5,2011013.12
2024-12-05 17:00:00,732.74,740.13,732.73,733.95,2084.35,1529807.79
2024-12-05 18:00:00,733.95,729.83,722.31,726.62,5353.39,3889897.77
2024-12-05 19:00:00,726.62,719.4,714.24,716.82,3443.96,2468700.7
2024-12-05 20:00:00,716.82,718.47,710.74,713.81,6813.57,4863620.02
2024-12-05 21:00:00,713.81,716.23,709.7,716.23,1912.44,1369749.98
2024-12-05 22:00:00,716.23,735.49,698.3,716.8,11280.69,8085982.62
2024-12-05 23:00:00,716.8,720.82,716.16,717.91,2500.23,1794932.88
2024-12-06 00:00:00,717.91,733.48,721.67,730.36,4577.49,3343217.45
2024-12-06 01:00:00,730.36,734.64,727.77,729.93,1939.47,1415673.07
2024-12-06 02:00:00,729.93,731.17,724.82,730.78,2108.93,1541153.47
2024-12-06 03:00:00,730.78,732.3,727.71,729.76,1220.85,890926.74
2024-12-06 04:00:00,729.76,735.63,729.86,733.28,3030.61,2222296.81
2024-12-06 05:00:00,733.28,733.64,726.79,727.38,1021.77,743212.85
2024-12-06 06:00:00,727.38,730.85,728.3,728.89,574.57,418797.44
2024-12-06 07:00:00,728.89,730.12,725.5,725.89,2417.2,1754628.79
2024-12-06 08:00:00,725.89,729.78,723.29,723.39,746.07,539697.17
2024-12-06 09:00:00,723.39,721.06,713.41,718.02,1713.06,1230015.81
2024-12-06 10:00:00,718.02,721.66,715.67,721.46,1045.98,754636.24
2024-12-06 11:00:00,721.46,722.14,717.23,719.2,970.47,697958.68
2024-12-06 12:00:00,719.2,717.44,708.26,708.94,1100.26,780021.71
2024-12-06 13:00:00,708.94,718.89,712.08,718.49,1814.21,1303493.84
2024-12-06 14:00:00,718.49,726.32,721.34,725.22,1719.0,1246659.54
2024-12-06 15:00:00,725.14,734.0,717.21,733.6,3766.95,2763427.49
2024-12-06 16:00:00,733.53,744.92,728.36,742.83,4157.99,3088695.99
2024-12-06 17:00:00,742.83,759.8,742.53,743.74,3617.03,2690134.99
2024-12-06 18:00:00,743.74,748.04,738.09,739.41,1593.24,1178062.44
2024-12-06 19:00:00,739.41,742.9,736.3,739.45,1202.75,889368.53
2024-12-06 20:00:00,739.18,743.8,734.48,742.18,1434.5,1064659.61
2024-12-06 21:00:00,742.05,740.06,732.01,732.92,2361.49,1730774.71
2024-12-06 22:00:00,732.92,737.05,732.82,734.84,885.75,650881.53
2024-12-06 23:00:00,734.84,732.65,728.76,731.35,1023.81,748766.55
2024-12-07 00:00:00,731.35,737.61,733.79,735.2,847.64,623183.94
2024-12-07 01:00:00,735.2,739.05,732.94,736.65,1077.28,793575.66
2024-12-07 02:00:00,736.65,739.08,735.88,737.18,354.42,261271.63
2024-12-07 03:00:00,737.18,737.0,730.94,736.7,571.35,420915.56
2024-12-07 04:00:00,736.7,747.1,736.83,741.02,2531.01,1875526.41
2024-12-07 05:00:00,741.02,750.21,737.9,746.34,3766.57,2811136.1
2024-12-07 06:00:00,746.34,748.03,742.66,743.05,2319.59,1723578.87
2024-12-07 07:00:00,743.05,746.59,738.62,739.52,1594.08,1178850.89
2024-12-07 08:00:00,739.52,742.78,738.1,742.39,738.08,547939.84
2024-12-07 09:00:00,742.39,744.94,741.14,742.84,561.18,416867.56
2024-12-07 10:00:00,742.84,748.27,741.2,746.98,1383.43,1033393.11
2024-12-07 11:00:00,746.98,750.82,745.24,746.83,1236.03,923107.13
2024-12-07 12:00:00,746.83,745.53,740.95,744.33,1213.16,902994.36
2024-12-07 13:00:00,744.33,748.54,743.67,744.47,870.82,648295.39
2024-12-07 14:00:00,744.47,746.11,742.43,745.42,921.58,686961.22
2024-12-07 15:00:00,745.42,758.41,746.43,756.02,1797.11,1358644.4
2024-12-07 16:00:00,756.02,756.02,748.34,751.93,2082.56,1565936.36
2024-12-07 17:00:00,751.93,759.34,749.76,757.24,2008.57,1520974.01
2024-12-07 18:00:00,757.24,763.77,757.15,757.86,3244.23,2458660.53
2024-12-07 19:00:00,757.86,761.19,756.18,760.99,2528.66,1924277.98
2024-12-07 20:00:00,760.99,763.17,755.03,755.33,2656.07,2006219.25
2024-12-07 21:00:00,755.33,754.83,751.13,754.33,570.51,430353.33
2024-12-07 22:00:00,754.33,752.66,748.78,749.37,675.08,505887.05
2024-12-07 23:00:00,749.37,752.75,749.65,750.25,702.61,527131.23
2024-12-08 00:00:00,750.25,753.88,750.78,751.28,633.1,475635.79
2024-12-08 01:00:00,751.28,756.01,748.92,756.01,2162.52,1634892.83
2024-12-08 02:00:00,756.01,758.33,753.12,753.22,892.24,672055.66
2024-12-08 03:00:00,752.99,756.57,750.98,754.58,1387.14,1046703.7
2024-12-08 04:00:00,754.74,754.98,750.19,750.49,882.48,662292.54
2024-12-08 05:00:00,750.49,749.53,745.35,746.34,1000.67,746843.91
2024-12-08 06:00:00,746.34,748.93,745.23,747.93,923.15,690449.29
2024-12-08 07:00:00,747.93,749.3,747.6,747.8,235.23,175906.01
2024-12-08 08:00:00,747.8,743.18,738.03,739.71,685.17,506827.17
2024-12-08 09:00:00,739.71,740.46,728.49,729.28,1238.45,903175.08
2024-12-08 10:00:00,729.28,737.59,731.93,735.7,918.51,675748.38
2024-12-08 11:00:00,735.7,741.44,737.84,738.84,505.54,373513.79
2024-12-08 12:00:00,738.84,741.17,739.07,740.67,376.62,278950.88
2024-12-08 13:00:00,740.67,745.18,743.37,743.67,435.1,323570.29
2024-12-08 14:00:00,743.67,740.06,737.96,739.16,488.96,361419.48
2024-12-08 15:00:00,739.16,742.88,739.38,740.68,684.82,507232.29
2024-12-08 16:00:00,740.68,742.36,739.26,739.46,856.79,633562.3
2024-12-08 17:00:00,739.46,741.46,737.96,739.56,1479.75,1094364.0
2024-12-08 18:00:00,739.56,737.92,735.92,736.52,396.3,291882.51
2024-12-08 19:00:00,736.52,741.71,739.0,740.01,408.1,301996.33
2024-12-08 20:00:00,740.01,740.57,737.87,739.17,402.32,297382.19
2024-12-08 21:00:00,739.17,741.94,740.43,741.14,391.97,290502.76
2024-12-08 22:00:00,741.14,744.81,742.7,744.1,319.74,237919.92
2024-12-08 23:00:00,744.1,750.73,742.33,742.53,903.41,670809.77
2024-12-09 00:00:00,742.53,736.47,730.89,731.19,1839.83,1345260.45
2024-12-09 01:00:00,731.19,732.84,728.66,728.76,1514.98,1104051.51
2024-12-09 02:00:00,728.76,727.21,719.37,721.26,1529.72,1103321.28
2024-12-09 03:00:00,721.26,724.91,719.95,722.13,923.97,667230.62
2024-12-09 04:00:00,722.13,725.48,721.4,724.39,1032.22,747729.0
2024-12-09 05:00:00,724.39,726.83,724.24,726.13,685.87,498030.98
2024-12-09 06:00:00,726.13,723.61,717.57,718.76,693.15,498206.29
2024-12-09 07:00:00,718.76,723.28,718.8,720.59,1209.04,871223.3
2024-12-09 08:00:00,720.59,715.81,708.59,708.59,1948.11,1380414.82
2024-12-09 09:00:00,708.59,714.21,704.86,714.01,2135.35,1524665.83
2024-12-09 10:00:00,714.01,722.19,715.97,722.19,1112.63,803525.31
2024-12-09 11:00:00,722.19,717.85,712.45,715.39,866.04,619560.53
2024-12-09 12:00:00,715.39,727.75,716.51,724.6,1647.9,1194064.79
2024-12-09 13:00:00,724.6,733.33,726.6,729.47,1496.21,1091447.14
2024-12-09 14:00:00,729.47,738.75,729.33,729.64,952.85,695232.96
2024-12-09 15:00:00,729.64,718.32,711.09,715.09,2176.07,1556092.83
2024-12-09 16:00:00,715.09,722.38,714.46,720.52,1972.42,1421171.3
2024-12-09 17:00:00,720.52,718.74,715.33,715.72,554.92,397168.64
2024-12-09 18:00:00,715.72,721.78,717.48,719.63,688.05,495139.74
2024-12-09 19:00:00,719.63,719.3,713.29,716.78,1019.41,730691.19
2024-12-09 20:00:00,716.78,711.85,695.1,697.51,2783.65,1941619.52
2024-12-09 21:00:00,697.51,703.09,667.13,681.86,11299.02,7704372.74
2024-12-09 22:00:00,681.86,682.36,662.66,682.07,5550.43,3785761.87
2024-12-09 23:00:00,682.07,689.84,681.27,689.64,1490.0,1027566.79
2024-12-10 00:00:00,689.64,700.39,687.27,695.69,2714.15,1888213.51
2024-12-10 01:00:00,695.69,697.12,690.07,693.89,923.12,640544.45
2024-12-10 02:00:00,693.89,685.03,678.64,679.81,1614.69,1097675.55
2024-12-10 03:00:00,679.81,692.25,676.93,685.66,4543.61,3115353.74
2024-12-10 04:00:00,685.16,694.48,689.29,691.89,1430.8,989951.96
2024-12-10 05:00:00,692.03,694.75,689.41,694.55,939.6,652601.12
2024-12-10 06:00:00,694.55,700.09,695.71,697.46,1284.35,895784.94
2024-12-10 07:00:00,697.46,695.51,692.69,693.28,1013.42,702579.58
2024-12-10 08:00:00,693.28,695.95,691.86,695.27,1102.38,766454.78
2024-12-10 09:00:00,695.7,700.23,694.6,698.73,1038.38,725547.67
2024-12-10 10:00:00,698.78,704.73,699.36,702.0,1493.64,1048531.92
2024-12-10 11:00:00,702.0,702.38,697.3,698.28,573.03,400133.74
2024-12-10 12:00:00,698.28,694.76,679.5,680.28,2782.75,1893040.85
2024-12-10 13:00:00,680.28,688.84,682.68,687.86,1458.91,1003525.22
2024-12-10 14:00:00,687.86,692.94,686.78,686.87,1533.44,1053279.32
2024-12-10 15:00:00,686.87,673.31,656.57,657.62,4860.17,3196144.79
2024-12-10 16:00:00,657.62,673.63,656.97,670.84,4142.78,2779136.19
2024-12-10 17:00:00,670.84,662.94,650.28,651.04,2625.17,1709077.62
2024-12-10 18:00:00,651.04,663.49,654.84,662.73,1673.47,1109064.46
2024-12-10 19:00:00,662.73,673.01,667.74,672.73,705.69,474736.95
2024-12-10 20:00:00,672.73,677.87,674.79,677.01,689.02,466470.23
2024-12-10 21:00:00,677.01,682.04,673.22,674.1,885.85,597148.08
2024-12-10 22:00:00,674.1,678.43,673.87,676.49,895.52,605810.4
2024-12-10 23:00:00,676.49,677.57,674.29,677.28,443.64,300469.28
2024-12-11 00:00:00,677.28,677.36,670.7,672.63,1130.52,760425.58
2024-12-11 01:00:00,672.63,668.15,658.95,659.72,2378.94,1569437.44
2024-12-11 02:00:00,659.72,679.17,669.15,677.13,842.02,570154.62
2024-12-11 03:00:00,677.4,680.48,678.28,679.75,584.07,397021.91
2024-12-11 04:00:00,679.22,682.9,680.27,681.24,578.71,394242.12
2024-12-11 05:00:00,681.24,681.31,677.31,677.7,830.71,562969.68
2024-12-11 06:00:00,677.7,682.56,678.26,681.48,387.66,264184.25
2024-12-11 07:00:00,681.48,680.93,677.53,677.53,389.64,263991.32
2024-12-11 08:00:00,677.53,688.12,682.72,687.23,2648.11,1819870.61
2024-12-11 09:00:00,687.23,689.31,684.21,688.82,690.01,475293.45
2024-12-11 10:00:00,688.82,691.13,688.58,689.56,435.52,300316.12
2024-12-11 11:00:00,689.56,691.21,688.26,689.24,479.44,330449.91
2024-12-11 12:00:00,689.24,690.79,687.64,688.43,487.23,335422.36
2024-12-11 13:00:00,688.43,695.49,691.34,692.42,836.52,579226.95
2024-12-11 14:00:00,692.42,698.15,691.77,693.46,1119.34,776223.09
2024-12-11 15:00:00,693.46,700.66,695.24,695.84,7369.01,5127662.7
2024-12-11 16:00:00,695.84,700.18,695.45,697.86,1373.91,958800.74
2024-12-11 17:00:00,697.86,700.28,690.09,699.98,12869.51,9008368.02
2024-12-11 18:00:00,699.98,710.6,702.77,704.98,1531.78,1079870.55
2024-12-11 19:00:00,704.98,712.22,708.37,708.37,557.32,394790.16
2024-12-11 20:00:00,708.37,709.4,705.14,707.57,529.61,374736.43
2024-12-11 21:00:00,707.57,712.22,708.56,708.66,505.96,358555.03
2024-12-11 22:00:00,708.66,711.82,705.03,710.3,907.17,644359.73
2024-12-11 23:00:00,710.3,712.27,708.52,711.76,782.39,556874.84
2024-12-12 00:00:00,711.76,719.91,708.72,715.78,2544.64,1821389.78
2024-12-12 01:00:00,715.78,717.06,709.82,709.92,2483.12,1762806.83
2024-12-12 02:00:00,709.92,722.13,717.65,719.28,1954.5,1405831.11
2024-12-12 03:00:00,719.28,721.41,713.12,719.09,2514.41,1808085.16
2024-12-12 04:00:00,719.09,718.51,715.99,717.3,1231.13,883091.2
2024-12-12 05:00:00,717.3,719.56,715.53,715.63,2906.51,2079990.84
2024-12-12 06:00:00,715.63,718.6,714.18,718.2,707.35,508020.34
2024-12-12 07:00:00,718.2,718.5,714.78,714.88,802.43,573644.06
2024-12-12 08:00:00,714.88,720.54,717.81,719.33,1028.11,739547.02
2024-12-12 09:00:00,719.33,725.39,716.72,724.68,1128.73,817972.12
2024-12-12 10:00:00,724.68,724.36,718.22,719.03,1492.32,1073019.79
2024-12-12 11:00:00,719.03,717.95,711.02,714.14,2394.13,1709732.82
2024-12-12 12:00:00,714.14,719.5,715.06,718.39,762.72,547929.57
2024-12-12 13:00:00,718.39,719.13,711.56,713.98,2231.97,1593583.26
2024-12-12 14:00:00,713.98,720.76,717.3,717.4,866.9,621914.53
2024-12-12 15:00:00,717.4,720.86,714.85,714.85,828.46,592223.21
2024-12-12 16:00:00,714.85,720.93,709.45,720.21,2598.06,1871161.63
2024-12-12 17:00:00,720.21,721.71,717.14,718.76,525.96,378041.33
2024-12-12 18:00:00,718.76,719.49,712.43,719.49,498.86,358924.71
2024-12-12 19:00:00,719.49,712.93,704.57,704.57,1852.74,1305387.74
2024-12-12 20:00:00,704.57,710.23,707.93,709.43,712.13,505206.14
2024-12-12 21:00:00,709.43,708.51,703.82,705.81,639.38,451282.83
2024-12-12 22:00:00,705.81,710.66,705.54,708.25,866.95,614015.6
2024-12-12 23:00:00,708.25,706.5,702.89,706.1,862.12,608739.74
2024-12-13 00:00:00,706.1,710.22,706.51,709.72,1096.38,778117.59
2024-12-13 01:00:00,709.72,704.37,694.93,704.17,2328.82,1639887.96
2024-12-13 02:00:00,704.17,711.17,704.2,708.88,804.94,570604.4
2024-12-13 03:00:00,708.88,710.57,707.68,709.58,525.23,372691.0
2024-12-13 04:00:00,709.58,712.03,706.83,707.93,859.06,608155.4
2024-12-13 05:00:00,707.93,708.85,705.95,707.05,381.26,269568.91
2024-12-13 06:00:00,707.05,707.34,700.76,700.76,510.66,357848.12
2024-12-13 07:00:00,700.76,704.84,700.93,701.83,828.62,581553.7
2024-12-13 08:00:00,701.83,714.46,702.62,714.16,1085.7,775359.14
2024-12-13 09:00:00,714.16,719.41,707.8,708.7,5839.04,4138114.41
2024-12-13 10:00:00,708.7,714.43,711.02,712.93,1008.4,718915.97
2024-12-13 11:00:00,712.93,716.3,711.89,715.8,1454.41,1041065.81
2024-12-13 12:00:00,715.8,719.73,715.31,718.52,1534.15,1102322.91
2024-12-13 13:00:00,718.52,718.65,714.04,717.05,2070.26,1484473.08
2024-12-13 14:00:00,717.05,723.25,718.81,720.02,1159.81,835083.93
2024-12-13 15:00:00,720.02,712.4,706.81,708.5,2042.73,1447281.26
2024-12-13 16:00:00,708.5,719.11,715.07,716.18,1486.4,1064529.56
2024-12-13 17:00:00,716.18,723.65,718.56,719.17,855.51,615256.89
2024-12-13 18:00:00,719.17,719.01,715.76,718.6,1167.89,839249.68
2024-12-13 19:00:00,718.6,727.67,718.33,727.67,1290.52,939067.55
2024-12-13 20:00:00,727.67,732.16,727.28,727.48,1554.13,1130601.47
2024-12-13 21:00:00,727.48,727.49,724.75,725.56,659.18,478275.77
2024-12-13 22:00:00,725.56,727.02,724.08,726.92,548.11,398431.3
2024-12-13 23:00:00,726.92,729.18,725.73,725.83,687.31,498871.25
2024-12-14 00:00:00,725.83,730.21,724.43,725.95,1928.76,1400190.96
2024-12-14 01:00:00,725.95,732.19,725.35,725.76,958.12,695361.55
2024-12-14 02:00:00,725.76,729.96,724.86,726.9,976.58,709878.8
2024-12-14 03:00:00,726.27,731.01,725.53,731.01,5002.33,3656747.69
2024-12-14 04:00:00,731.15,730.79,727.74,728.45,826.69,602200.04
2024-12-14 05:00:00,728.45,729.21,726.26,727.17,361.13,262604.54
2024-12-14 06:00:00,727.17,729.45,726.91,727.72,373.87,272073.19
2024-12-14 07:00:00,727.72,730.21,726.85,728.68,480.86,350394.31
2024-12-14 08:00:00,728.68,729.28,724.49,725.51,546.31,396354.75
2024-12-14 09:00:00,725.51,724.57,722.54,723.46,421.32,304806.55
2024-12-14 10:00:00,723.46,723.66,720.51,720.51,481.44,346882.89
2024-12-14 11:00:00,720.51,721.62,719.18,719.79,708.26,509800.07
2024-12-14 12:00:00,719.79,718.1,713.34,713.95,800.47,571496.29
2024-12-14 13:00:00,713.95,714.1,709.85,710.66,1135.16,806715.21
2024-12-14 14:00:00,710.66,716.63,712.47,715.41,738.84,528574.92
2024-12-14 15:00:00,715.41,716.91,714.88,715.49,365.95,261832.98
2024-12-14 16:00:00,715.49,716.59,712.82,715.06,2126.78,1520776.17
2024-12-14 17:00:00,715.06,710.63,707.3,708.11,957.98,678355.46
2024-12-14 18:00:00,708.11,709.63,706.0,706.71,521.48,368533.05
2024-12-14 19:00:00,706.71,711.05,707.8,711.05,620.44,441161.51
2024-12-14 20:00:00,710.87,707.15,705.24,706.39,463.72,327565.73
2024-12-14 21:00:00,706.34,711.33,708.3,711.33,469.13,333706.39
2024-12-14 22:00:00,711.33,714.78,711.54,714.68,575.59,411360.65
2024-12-14 23:00:00,714.68,717.02,715.3,715.8,293.51,210095.46
2024-12-15 00:00:00,715.8,715.98,711.41,712.12,223.08,158860.69
2024-12-15 01:00:00,712.12,719.69,716.42,717.24,799.26,573261.35
2024-12-15 02:00:00,717.24,717.68,715.03,716.86,274.85,197030.07
2024-12-15 03:00:00,716.86,716.64,713.08,713.08,361.21,257571.47
2024-12-15 04:00:00,713.08,717.81,714.12,716.07,750.5,537409.46
2024-12-15 05:00:00,716.07,714.93,713.29,714.41,114.23,81607.58
2024-12-15 06:00:00,714.41,712.71,710.57,710.67,109.11,77541.59
2024-12-15 07:00:00,710.67,711.09,703.86,706.41,695.85,491553.5
2024-12-15 08:00:00,706.41,711.57,707.9,710.65,398.98,283535.42
2024-12-15 09:00:00,710.65,712.4,710.36,710.36,395.82,281172.91
2024-12-15 10:00:00,710.36,712.12,709.36,709.66,273.3,193951.19
2024-12-15 11:00:00,709.66,714.59,712.12,713.77,346.93,247627.15
2024-12-15 12:00:00,713.77,716.05,713.06,715.64,526.45,376747.18
2024-12-15 13:00:00,715.64,718.5,714.29,716.14,813.37,582484.84
2024-12-15 14:00:00,716.14,720.63,716.72,719.09,629.78,452865.66
2024-12-15 15:00:00,719.09,717.65,714.05,716.21,257.11,184144.56
2024-12-15 16:00:00,716.21,720.77,717.27,719.95,1492.46,1074491.09
2024-12-15 17:00:00,719.95,720.42,717.64,717.74,469.09,336684.38
2024-12-15 18:00:00,717.74,718.99,717.14,718.89,702.28,504862.01
2024-12-15 19:00:00,718.65,720.47,718.13,718.91,1156.96,831752.82
2024-12-15 20:00:00,718.91,717.82,715.1,716.66,369.04,264475.37
2024-12-15 21:00:00,716.84,714.96,707.96,707.96,906.24,641584.66
2024-12-15 22:00:00,707.96,714.6,710.37,714.39,380.89,272105.75
2024-12-15 23:00:00,714.04,728.24,717.94,718.34,8652.66,6215557.84
2024-12-16 00:00:00,718.55,726.46,713.92,723.41,3966.31,2869254.77
2024-12-16 01:00:00,723.41,724.33,718.11,718.43,2384.98,1713434.69
2024-12-16 02:00:00,718.43,713.75,710.82,712.5,569.65,405873.26
2024-12-16 03:00:00,712.5,712.89,708.4,710.91,548.42,389875.93
2024-12-16 04:00:00,710.91,713.81,710.99,713.29,531.13,378849.7
2024-12-16 05:00:00,713.29,715.99,713.15,714.52,601.63,429876.4
2024-12-16 06:00:00,714.52,716.5,713.25,714.09,534.9,381965.07
2024-12-16 07:00:00,714.09,715.28,712.34,715.07,339.97,243100.89
2024-12-16 08:00:00,715.47,712.26,708.7,711.47,1853.21,1318501.17
2024-12-16 09:00:00,711.43,713.15,708.02,708.44,419.22,296991.49
2024-12-16 10:00:00,708.44,710.2,707.16,709.57,537.59,381456.43
2024-12-16 11:00:00,709.57,706.39,702.14,705.04,815.23,574772.61
2024-12-16 12:00:00,705.04,711.32,702.61,711.32,1859.21,1322485.6
2024-12-16 13:00:00,711.32,714.04,709.67,709.99,1271.29,902596.98
2024-12-16 14:00:00,709.99,721.23,711.84,713.11,1152.37,821765.21
2024-12-16 15:00:00,713.11,720.14,715.14,718.65,1265.54,909483.39
2024-12-16 16:00:00,718.65,724.37,717.75,719.45,1196.5,860827.39
2024-12-16 17:00:00,720.11,733.14,724.26,724.26,491.45,355938.05
2024-12-16 18:00:00,724.12,731.2,719.52,730.23,2005.78,1464682.87
2024-12-16 19:00:00,730.23,730.23,725.21,726.81,2804.05,2038020.94
2024-12-16 20:00:00,726.81,724.74,721.46,724.63,711.35,515465.59
2024-12-16 21:00:00,724.63,727.33,724.36,726.8,950.94,691145.15
2024-12-16 22:00:00,726.8,726.58,723.51,724.46,376.37,272666.38
2024-12-16 23:00:00,724.46,726.39,720.35,720.77,436.88,314890.01
2024-12-17 00:00:00,720.77,720.1,714.06,714.48,967.55,691298.1
2024-12-17 01:00:00,714.48,720.27,716.66,719.1,493.29,354726.25
2024-12-17 02:00:00,719.1,723.8,718.27,723.48,623.7,451234.37
2024-12-17 03:00:00,723.48,727.86,722.19,722.19,336.96,243350.64
2024-12-17 04:00:00,722.19,721.79,718.28,718.38,260.25,186958.8
2024-12-17 05:00:00,718.38,720.42,716.37,717.75,875.48,628379.15
2024-12-17 06:00:00,717.75,717.58,715.24,717.05,236.01,169230.11
2024-12-17 07:00:00,717.05,719.66,715.38,716.24,529.28,379089.96
2024-12-17 08:00:00,716.24,721.06,716.55,717.3,640.57,459482.33
2024-12-17 09:00:00,717.3,721.47,716.54,720.72,698.29,503272.03
2024-12-17 10:00:00,720.72,724.68,719.21,721.25,961.96,693813.66
2024-12-17 11:00:00,721.25,723.71,717.08,720.39,2663.99,1919123.47
2024-12-17 12:00:00,720.39,725.02,720.2,722.99,904.12,653668.86
2024-12-17 13:00:00,722.99,725.37,721.08,724.08,592.62,429106.07
2024-12-17 14:00:00,724.08,742.32,729.97,732.46,4709.8,3449756.42
2024-12-17 15:00:00,732.46,729.97,720.17,729.97,2364.04,1725676.08
2024-12-17 16:00:00,729.97,735.74,727.5,727.92,1278.85,930906.82
2024-12-17 17:00:00,727.92,732.89,726.22,727.73,765.22,556869.99
2024-12-17 18:00:00,727.73,724.25,719.78,722.01,473.66,341989.01
2024-12-17 19:00:00,722.01,724.76,719.33,723.8,585.14,423525.24
2024-12-17 20:00:00,723.8,728.97,725.45,727.58,540.63,393352.72
2024-12-17 21:00:00,727.58,734.39,725.13,730.13,1008.41,736274.87
2024-12-17 22:00:00,730.19,726.52,718.75,721.86,2596.85,1874559.53
2024-12-17 23:00:00,721.39,722.81,714.43,717.61,1686.0,1209896.34
2024-12-18 00:00:00,717.58,720.47,715.42,718.53,1187.68,853382.4
2024-12-18 01:00:00,719.1,715.98,712.39,712.39,549.71,391609.85
2024-12-18 02:00:00,712.39,717.06,711.27,716.01,759.78,544010.88
2024-12-18 03:00:00,716.01,714.3,710.11,711.89,627.65,446818.74
2024-12-18 04:00:00,711.81,710.49,705.89,706.27,1958.02,1382890.37
2024-12-18 05:00:00,706.65,709.57,704.49,707.81,1211.41,857443.61
2024-12-18 06:00:00,707.81,711.18,705.99,708.9,957.31,678636.28
2024-12-18 07:00:00,708.9,714.04,710.19,713.21,1149.53,819854.18
2024-12-18 08:00:00,713.21,715.29,710.0,712.59,860.13,612923.0
2024-12-18 09:00:00,712.59,718.64,713.33,718.22,543.18,390124.25
2024-12-18 10:00:00,718.43,719.18,715.7,716.47,1466.1,1050416.45
2024-12-18 11:00:00,716.47,719.33,718.17,718.94,1590.08,1143179.35
2024-12-18 12:00:00,718.94,716.52,714.21,716.14,624.55,447262.57
2024-12-18 13:00:00,716.33,715.13,712.41,715.02,509.08,364002.65
2024-12-18 14:00:00,715.02,713.56,709.4,710.55,1358.35,965171.32
2024-12-18 15:00:00,710.55,716.03,711.22,713.0,605.09,431427.71
2024-12-18 16:00:00,713.0,716.54,711.02,715.5,491.51,351676.34
2024-12-18 17:00:00,715.5,719.75,713.36,716.92,1754.47,1257819.47
2024-12-18 18:00:00,716.92,721.81,716.99,719.92,454.09,326910.57
2024-12-18 19:00:00,719.92,709.0,704.28,704.38,955.77,673224.13
2024-12-18 20:00:00,704.38,697.85,677.9,694.73,5970.6,4147956.56
2024-12-18 21:00:00,694.73,696.8,692.16,696.5,974.04,678419.46
2024-12-18 22:00:00,696.5,698.43,694.49,694.59,904.87,628515.63
2024-12-18 23:00:00,695.0,688.69,682.89,685.79,2839.54,1947321.22
2024-12-19 00:00:00,685.79,695.89,688.58,694.79,1474.85,1024715.44
2024-12-19 01:00:00,694.82,688.01,684.02,685.61,1577.33,1081439.58
2024-12-19 02:00:00,685.61,690.86,678.3,688.95,3131.85,2157677.72
2024-12-19 03:00:00,688.95,700.22,693.44,700.01,2371.88,1660349.42
2024-12-19 04:00:00,700.01,698.65,695.84,696.84,802.67,559333.7
2024-12-19 05:00:00,696.84,703.78,698.62,702.97,3051.87,2145375.6
2024-12-19 06:00:00,702.97,702.64,699.8,701.22,424.19,297450.92
2024-12-19 07:00:00,701.22,704.66,699.07,701.51,989.47,694125.61
2024-12-19 08:00:00,701.51,701.5,697.33,698.85,1643.64,1148665.93
2024-12-19 09:00:00,698.85,701.07,697.1,698.22,499.65,348866.63
2024-12-19 10:00:00,698.46,704.49,700.79,701.9,522.41,366678.25
2024-12-19 11:00:00,701.41,705.11,701.02,703.78,738.72,519898.6
2024-12-19 12:00:00,703.78,701.2,697.64,698.15,559.71,390759.32
2024-12-19 13:00:00,698.15,702.28,697.5,699.43,1185.45,829141.0
2024-12-19 14:00:00,699.43,695.41,690.37,694.3,918.37,637626.49
2024-12-19 15:00:00,694.3,692.29,686.66,689.47,1053.27,726203.32
2024-12-19 16:00:00,689.47,693.31,688.18,691.6,602.67,416807.62
2024-12-19 17:00:00,691.6,679.48,669.9,670.89,2271.84,1524153.19
2024-12-19 18:00:00,670.89,673.2,667.67,669.94,2264.83,1517296.69
2024-12-19 19:00:00,669.94,661.52,653.47,658.03,1975.71,1300075.03
2024-12-19 20:00:00,658.03,663.26,649.69,663.16,2315.91,1535827.67
2024-12-19 21:00:00,663.16,672.01,668.5,670.74,883.15,592365.17
2024-12-19 22:00:00,670.74,678.86,674.44,674.53,796.7,537401.19
2024-12-19 23:00:00,674.78,668.21,664.11,664.8,859.01,571067.54
2024-12-20 00:00:00,665.02,672.47,660.81,666.74,1068.35,712311.72
2024-12-20 01:00:00,666.29,665.27,657.17,664.93,1599.65,1063652.38
2024-12-20 02:00:00,665.08,678.9,674.12,677.05,1942.08,1314878.07
2024-12-20 03:00:00,677.17,674.36,668.91,674.02,577.29,389107.01
2024-12-20 04:00:00,673.73,675.85,672.26,672.65,636.91,428414.93
2024-12-20 05:00:00,672.48,671.92,663.87,669.91,1286.3,861699.61
2024-12-20 06:00:00,669.91,671.15,666.12,666.12,1373.39,914840.29
2024-12-20 07:00:00,665.72,677.57,669.07,671.71,1199.8,805919.2
2024-12-20 08:00:00,671.71,655.81,640.84,645.42,4321.85,2789386.92
2024-12-20 09:00:00,645.42,645.14,638.33,641.83,2617.33,1679881.18
2024-12-20 10:00:00,641.85,640.84,625.25,632.25,3189.16,2016344.79
2024-12-20 11:00:00,631.84,627.58,616.19,619.43,3379.58,2093419.94
2024-12-20 12:00:00,619.43,649.65,627.04,645.81,3882.44,2507303.89
2024-12-20 13:00:00,645.81,655.18,648.9,650.62,1997.58,1299655.62
2024-12-20 14:00:00,650.62,658.86,653.13,655.23,1469.92,963136.47
2024-12-20 15:00:00,655.23,666.54,661.21,665.86,1367.2,910366.77
2024-12-20 16:00:00,665.86,668.75,661.5,667.88,3345.26,2234227.5
2024-12-20 17:00:00,667.88,673.38,668.72,673.38,1627.94,1096228.39
2024-12-20 18:00:00,673.38,673.85,668.13,669.29,1520.24,1017481.71
2024-12-20 19:00:00,669.29,673.09,667.84,671.92,1039.3,698327.63
2024-12-20 20:00:00,671.92,670.94,664.48,670.74,674.66,452524.51
2024-12-20 21:00:00,670.74,673.56,670.95,672.11,638.97,429456.93
2024-12-20 22:00:00,672.11,679.43,677.1,677.49,646.04,437682.51
2024-12-20 23:00:00,677.49,681.65,677.84,678.32,784.18,531928.68
2024-12-21 00:00:00,678.32,681.38,676.41,680.89,479.05,326181.86
2024-12-21 01:00:00,680.89,686.03,679.32,685.06,3280.8,2247537.15
2024-12-21 02:00:00,685.06,685.56,681.66,683.13,1646.07,1124471.76
2024-12-21 03:00:00,683.13,684.4,680.21,680.69,1072.84,730276.4
2024-12-21 04:00:00,680.69,686.25,681.28,684.98,466.04,319229.66
2024-12-21 05:00:00,684.98,694.61,691.06,692.15,596.73,413026.0
2024-12-21 06:00:00,692.15,693.41,684.92,689.96,5779.07,3987301.69
2024-12-21 07:00:00,690.04,689.59,685.36,688.53,2813.03,1936865.12
2024-12-21 08:00:00,688.63,688.11,682.78,682.88,1227.57,838287.32
2024-12-21 09:00:00,682.88,682.3,679.24,681.41,861.97,587353.71
2024-12-21 10:00:00,681.41,680.93,677.6,680.34,354.62,241263.3
2024-12-21 11:00:00,680.34,681.48,676.86,676.86,796.97,539440.27
2024-12-21 12:00:00,676.86,669.05,663.81,667.7,871.46,581869.61
2024-12-21 13:00:00,667.7,671.17,659.1,665.23,3325.87,2212476.78
2024-12-21 14:00:00,664.99,665.71,658.62,663.01,2111.79,1400130.96
2024-12-21 15:00:00,662.58,669.29,665.58,667.14,552.22,368408.47
2024-12-21 16:00:00,667.14,665.8,660.55,662.1,1552.08,1027635.22
2024-12-21 17:00:00,662.1,666.03,661.35,665.94,735.28,489650.42
2024-12-21 18:00:00,665.94,665.7,658.59,659.37,687.86,453553.64
2024-12-21 19:00:00,659.37,659.03,653.39,658.93,1971.95,1299381.39
2024-12-21 20:00:00,658.93,665.25,659.02,663.21,1079.23,715752.12
2024-12-21 21:00:00,663.07,660.01,655.03,659.35,2383.14,1571313.93
2024-12-21 22:00:00,659.45,661.26,657.76,660.87,240.23,158760.21
2024-12-21 23:00:00,660.87,663.16,658.69,663.06,204.07,135311.37
2024-12-22 00:00:00,663.06,667.12,661.68,666.54,297.32,198174.77
2024-12-22 01:00:00,666.54,665.9,663.08,665.12,157.81,104962.49
2024-12-22 02:00:00,665.12,663.8,659.74,660.03,627.19,413964.72
2024-12-22 03:00:00,660.03,663.79,658.36,663.79,534.28,354650.6
2024-12-22 04:00:00,663.79,657.77,653.17,653.84,315.01,205965.35
2024-12-22 05:00:00,653.84,655.58,650.97,654.71,970.55,635433.32
2024-12-22 06:00:00,654.71,660.44,658.21,659.57,211.54,139524.84
2024-12-22 07:00:00,659.57,658.73,655.85,658.25,366.51,241256.02
2024-12-22 08:00:00,658.25,663.35,660.26,662.58,219.7,145568.8
2024-12-22 09:00:00,662.58,667.18,665.24,666.21,344.0,229175.08
2024-12-22 10:00:00,666.21,668.06,665.54,666.61,213.46,142293.55
2024-12-22 11:00:00,666.61,667.94,664.93,666.19,160.89,107183.5
2024-12-22 12:00:00,666.19,667.08,664.85,665.72,196.34,130708.07
2024-12-22 13:00:00,665.72,667.7,664.7,666.54,208.84,139200.32
2024-12-22 14:00:00,666.54,655.61,650.66,651.61,800.59,521674.37
2024-12-22 15:00:00,651.83,656.96,653.33,656.3,1996.57,1310353.63
2024-12-22 16:00:00,656.18,660.67,656.36,657.42,792.3,520869.98
2024-12-22 17:00:00,657.42,658.31,653.82,656.4,1353.68,888550.05
2024-12-22 18:00:00,656.4,658.76,655.11,655.98,335.86,220316.11
2024-12-22 19:00:00,655.98,648.72,641.9,644.27,2788.03,1796231.04
2024-12-22 20:00:00,644.27,650.82,646.14,650.44,684.8,445418.89
2024-12-22 21:00:00,650.44,649.89,647.23,648.66,352.02,228340.0
2024-12-22 22:00:00,648.66,651.36,647.54,649.26,459.52,298348.59
2024-12-22 23:00:00,649.26,649.33,646.2,649.33,637.49,413943.71
2024-12-23 00:00:00,649.33,644.43,641.32,643.87,262.22,168834.91
2024-12-23 01:00:00,643.87,647.33,641.19,645.82,771.28,498107.34
2024-12-23 02:00:00,645.82,662.87,647.36,655.3,5077.07,3327027.32
2024-12-23 03:00:00,655.3,666.5,662.19,663.72,521.84,346357.0
2024-12-23 04:00:00,663.72,665.12,661.01,663.02,1197.88,794215.59
2024-12-23 05:00:00,663.02,662.22,660.69,661.84,226.08,149628.79
2024-12-23 06:00:00,661.84,657.81,655.25,657.43,407.72,268048.01
2024-12-23 07:00:00,657.43,663.41,661.12,661.51,598.72,396056.84
2024-12-23 08:00:00,661.51,672.01,662.09,672.01,1959.48,1316789.8
2024-12-23 09:00:00,672.01,675.96,669.24,669.92,1393.13,933280.61
2024-12-23 10:00:00,669.92,677.66,671.5,674.39,2262.9,1526075.9
2024-12-23 11:00:00,674.39,673.36,670.68,673.08,730.59,491742.08
2024-12-23 12:00:00,673.08,678.89,675.13,678.6,1353.72,918629.64
2024-12-23 13:00:00,678.6,681.25,668.64,679.64,3781.09,2569784.39
2024-12-23 14:00:00,679.64,678.97,669.64,676.52,3645.36,2466156.16
2024-12-23 15:00:00,676.52,673.85,668.26,670.87,5695.15,3820681.42
2024-12-23 16:00:00,670.87,684.35,675.81,682.94,2615.45,1786204.3
2024-12-23 17:00:00,682.94,683.97,677.81,681.64,2086.1,1421962.59
2024-12-23 18:00:00,681.64,680.4,675.21,680.4,775.3,527513.64
2024-12-23 19:00:00,680.4,684.73,680.26,684.26,1021.45,698937.91
2024-12-23 20:00:00,684.26,689.86,684.84,689.58,1506.15,1038611.05
2024-12-23 21:00:00,689.58,696.72,689.5,689.78,1944.08,1340985.66
2024-12-23 22:00:00,689.78,703.09,696.53,697.2,1599.24,1114990.65
2024-12-23 23:00:00,697.2,695.06,689.75,693.35,1387.86,962271.78
2024-12-24 00:00:00,693.35,692.31,688.06,690.61,3337.85,2305142.92
2024-12-24 01:00:00,690.61,688.31,685.87,686.99,1149.63,789788.68
2024-12-24 02:00:00,686.99,690.13,684.4,689.84,1103.54,761271.55
2024-12-24 03:00:00,689.84,696.03,691.79,691.79,794.57,549675.73
2024-12-24 04:00:00,691.79,693.34,691.27,691.27,629.01,434814.34
2024-12-24 05:00:00,691.27,694.34,691.88,693.77,408.91,283690.25
2024-12-24 06:00:00,693.77,690.77,685.8,687.11,1087.62,747318.78
2024-12-24 07:00:00,687.11,693.21,689.26,691.8,1010.69,699196.35
2024-12-24 08:00:00,691.8,694.18,688.23,689.18,882.15,607955.9
2024-12-24 09:00:00,689.18,687.31,685.33,686.27,508.63,349059.1
2024-12-24 10:00:00,686.27,687.04,684.41,686.48,333.28,228788.55
2024-12-24 11:00:00,686.48,689.79,684.98,685.45,867.68,594751.38
2024-12-24 12:00:00,685.45,685.0,682.56,683.4,1478.45,1010378.09
2024-12-24 13:00:00,683.4,697.63,691.29,692.35,1147.83,794696.89
2024-12-24 14:00:00,692.35,702.71,692.58,693.26,1795.57,1244795.51
2024-12-24 15:00:00,693.26,704.1,694.97,695.07,1841.52,1279977.94
2024-12-24 16:00:00,695.07,698.92,693.11,694.1,1333.58,925632.16
2024-12-24 17:00:00,694.1,697.98,693.24,696.01,755.82,526057.7
2024-12-24 18:00:00,696.01,696.42,692.48,695.34,943.3,655910.24
2024-12-24 19:00:00,695.34,693.49,687.24,692.12,971.91,672680.7
2024-12-24 20:00:00,692.12,690.88,685.15,690.59,787.25,543668.79
2024-12-24 21:00:00,690.59,698.38,695.43,696.02,468.4,326017.67
2024-12-24 22:00:00,696.02,699.39,695.24,695.44,758.65,527597.31
2024-12-24 23:00:00,695.44,698.14,693.5,696.46,484.69,337567.56
2024-12-25 00:00:00,696.46,698.25,693.92,698.25,356.03,248598.06
2024-12-25 01:00:00,698.25,698.04,694.91,697.75,1665.3,1161954.98
2024-12-25 02:00:00,697.59,701.75,699.66,701.75,269.19,188905.15
2024-12-25 03:00:00,701.63,705.11,700.7,703.05,1106.17,777693.87
2024-12-25 04:00:00,703.05,705.44,701.12,703.28,350.9,246781.0
2024-12-25 05:00:00,703.28,704.6,702.54,704.31,526.21,370613.78
2024-12-25 06:00:00,704.31,703.57,699.95,702.59,295.92,207911.45
2024-12-25 07:00:00,702.59,704.01,700.58,701.75,468.48,328757.36
2024-12-25 08:00:00,701.9,703.9,701.46,703.55,641.58,451381.97
2024-12-25 09:00:00,703.55,707.44,704.65,706.4,491.18,346967.19
2024-12-25 10:00:00,707.27,710.93,705.52,710.54,958.51,681059.57
2024-12-25 11:00:00,710.54,707.01,702.21,703.68,507.89,357392.9
2024-12-25 12:00:00,703.68,707.7,704.95,706.82,938.9,663628.64
2024-12-25 13:00:00,706.82,709.77,707.11,709.77,616.42,437513.86
2024-12-25 14:00:00,709.77,712.18,707.74,708.34,354.39,251027.05
2024-12-25 15:00:00,708.34,706.95,702.42,703.11,843.08,592775.68
2024-12-25 16:00:00,703.11,703.64,699.31,700.1,586.08,410314.23
2024-12-25 17:00:00,700.1,701.92,699.56,699.96,1165.62,815882.09
2024-12-25 18:00:00,699.96,702.41,698.76,702.02,657.42,461519.71
2024-12-25 19:00:00,702.02,704.28,701.41,704.28,559.85,394289.07
2024-12-25 20:00:00,704.28,705.34,701.68,701.88,404.57,283958.21
2024-12-25 21:00:00,701.88,699.48,695.25,698.49,768.92,537085.77
2024-12-25 22:00:00,699.18,700.67,698.59,700.67,268.66,188242.49
2024-12-25 23:00:00,700.59,705.23,701.65,702.45,231.65,162721.93
2024-12-26 00:00:00,702.45,702.45,696.31,702.05,1998.21,1402852.36
2024-12-26 01:00:00,702.05,705.82,701.86,705.03,637.57,449505.52
2024-12-26 02:00:00,705.03,709.36,702.75,704.52,1969.51,1387563.7
2024-12-26 03:00:00,704.52,706.53,703.56,706.03,457.02,322670.88
2024-12-26 04:00:00,706.03,705.38,698.9,705.18,732.34,516434.81
2024-12-26 05:00:00,705.18,710.1,704.3,704.3,1026.77,723158.3
2024-12-26 06:00:00,704.3,714.6,702.25,714.31,1663.45,1188218.72
2024-12-26 07:00:00,714.31,715.88,704.06,706.3,3604.29,2545727.39
2024-12-26 08:00:00,706.3,699.05,689.85,697.22,2835.18,1976757.18
2024-12-26 09:00:00,697.22,696.24,691.47,695.28,1865.68,1297178.11
2024-12-26 10:00:00,695.28,697.07,693.16,694.02,1379.59,957465.28
2024-12-26 11:00:00,694.02,697.1,695.38,695.57,268.13,186503.79
2024-12-26 12:00:00,695.57,695.85,682.95,683.43,1547.42,1057553.26
2024-12-26 13:00:00,683.43,693.67,682.49,691.76,2091.47,1446791.67
2024-12-26 14:00:00,691.76,690.88,687.25,690.31,927.53,640278.83
2024-12-26 15:00:00,690.31,695.96,691.07,691.07,530.89,366880.68
2024-12-26 16:00:00,691.07,696.75,693.09,693.18,484.3,335708.66
2024-12-26 17:00:00,693.18,689.31,684.52,689.02,645.84,444998.85
2024-12-26 18:00:00,689.02,692.96,686.55,692.48,664.56,460196.33
2024-12-26 19:00:00,692.48,695.63,691.21,691.88,338.27,234042.3
2024-12-26 20:00:00,691.88,689.44,686.57,688.48,291.95,201002.92
2024-12-26 21:00:00,688.48,692.02,687.9,691.64,672.23,464939.37
2024-12-26 22:00:00,691.64,693.66,690.31,690.31,433.25,299075.49
2024-12-26 23:00:00,690.47,690.19,687.86,688.53,483.1,332626.9
2024-12-27 00:00:00,688.61,689.77,686.52,687.86,948.97,652759.29
2024-12-27 01:00:00,687.86,689.47,686.02,688.99,468.54,322818.19
2024-12-27 02:00:00,688.99,691.39,688.8,688.8,688.26,474075.77
2024-12-27 03:00:00,688.8,691.51,688.33,688.33,1198.26,824800.14
2024-12-27 04:00:00,688.33,689.61,686.73,687.69,374.74,257704.2
2024-12-27 05:00:00,687.69,696.48,686.0,694.07,3792.43,2632219.86
2024-12-27 06:00:00,694.07,700.63,696.48,699.76,713.22,499081.28
2024-12-27 07:00:00,699.76,694.35,688.74,691.5,1922.44,1329362.17
2024-12-27 08:00:00,691.5,696.81,691.17,696.81,944.63,658228.0
2024-12-27 09:00:00,696.81,706.76,702.22,703.67,2401.37,1689764.93
2024-12-27 10:00:00,703.67,706.21,701.1,703.99,842.2,592901.5
2024-12-27 11:00:00,703.99,708.69,705.11,705.3,865.29,610289.1
2024-12-27 12:00:00,705.3,706.08,702.61,705.7,631.97,445979.92
2024-12-27 13:00:00,705.7,705.7,701.17,702.23,795.02,558286.23
2024-12-27 14:00:00,702.23,698.6,693.44,694.87,1285.34,893142.32
2024-12-27 15:00:00,694.87,692.94,686.33,687.74,2150.04,1478671.85
2024-12-27 16:00:00,687.74,689.2,683.37,689.2,1309.17,902274.29
2024-12-27 17:00:00,689.2,693.57,688.29,692.53,2451.63,1697829.02
2024-12-27 18:00:00,692.53,695.35,693.28,694.97,507.43,352651.12
2024-12-27 19:00:00,694.97,696.9,693.87,694.06,619.36,429874.27
2024-12-27 20:00:00,694.06,693.96,691.22,693.3,1147.81,795778.83
2024-12-27 21:00:00,693.3,692.99,689.12,689.22,514.2,354395.51
2024-12-27 22:00:00,689.22,690.51,688.06,689.66,361.76,249492.14
2024-12-27 23:00:00,689.66,690.83,688.48,690.83,215.87,149129.86
2024-12-28 00:00:00,690.83,695.58,690.77,695.39,1306.95,908840.09
2024-12-28 01:00:00,695.39,697.46,694.63,696.24,722.76,503210.87
2024-12-28 02:00:00,696.24,695.1,692.18,692.74,635.91,440521.11
2024-12-28 03:00:00,692.74,696.29,694.21,696.1,237.17,165094.31
2024-12-28 04:00:00,696.1,696.01,694.59,695.73,178.87,124444.61
2024-12-28 05:00:00,695.73,697.47,695.01,696.99,448.7,312741.54
2024-12-28 06:00:00,696.99,696.0,693.36,694.21,304.53,211408.55
2024-12-28 07:00:00,694.21,695.99,693.07,694.96,294.26,204497.85
2024-12-28 08:00:00,694.96,697.97,695.61,697.68,421.73,294233.8
2024-12-28 09:00:00,697.68,699.6,698.08,698.37,333.37,232814.96
2024-12-28 10:00:00,698.37,702.18,697.27,700.76,815.96,571796.08
2024-12-28 11:00:00,700.76,704.32,701.67,702.52,773.23,543210.07
2024-12-28 12:00:00,702.52,708.22,701.42,707.94,1463.21,1035858.09
2024-12-28 13:00:00,707.94,708.83,704.48,707.79,1893.97,1340526.14
2024-12-28 14:00:00,707.79,723.89,707.17,721.71,6295.82,4543786.53
2024-12-28 15:00:00,721.71,721.23,717.27,720.38,3020.11,2175639.17
2024-12-28 16:00:00,720.38,727.66,722.26,725.39,3150.15,2285080.85
2024-12-28 17:00:00,725.39,727.72,723.07,725.73,1925.3,1397243.16
2024-12-28 18:00:00,725.73,727.09,722.92,726.81,1397.56,1015754.64
2024-12-28 19:00:00,726.81,730.07,727.5,728.93,2651.24,1932562.01
2024-12-28 20:00:00,728.93,729.69,724.94,725.23,860.36,623956.98
2024-12-28 21:00:00,725.23,728.24,723.21,723.68,1164.83,842968.15
2024-12-28 22:00:00,723.68,725.94,721.46,722.13,1307.42,944127.91
2024-12-28 23:00:00,722.13,722.78,719.26,720.88,968.47,698147.67
2024-12-29 00:00:00,720.88,723.17,717.75,718.32,1407.77,1011232.51
2024-12-29 01:00:00,718.32,716.54,712.94,713.61,1705.5,1217053.65
2024-12-29 02:00:00,713.61,716.38,714.0,714.0,707.29,505006.93
2024-12-29 03:00:00,714.04,714.95,712.59,714.28,306.57,218976.15
2024-12-29 04:00:00,714.39,714.61,711.86,712.9,487.49,347533.49
2024-12-29 05:00:00,712.9,713.36,711.74,711.93,200.45,142706.98
2024-12-29 06:00:00,711.93,713.7,711.32,711.8,662.3,471421.93
2024-12-29 07:00:00,711.8,715.18,711.85,715.09,284.37,203348.98
2024-12-29 08:00:00,715.09,716.33,713.49,715.48,757.82,542204.92
2024-12-29 09:00:00,715.48,716.23,709.38,712.05,1180.61,840648.68
2024-12-29 10:00:00,712.05,712.94,711.32,712.18,650.53,463292.6
2024-12-29 11:00:00,712.18,711.71,709.52,709.9,392.66,278750.48
2024-12-29 12:00:00,709.9,710.37,707.81,709.7,352.99,250517.73
2024-12-29 13:00:00,709.7,711.52,708.02,710.86,436.38,310204.45
2024-12-29 14:00:00,710.86,712.15,706.76,709.31,818.56,580614.49
2024-12-29 15:00:00,709.31,710.54,708.27,709.5,406.72,288566.95
2024-12-29 16:00:00,709.5,706.67,702.73,703.48,1219.69,858031.05
2024-12-29 17:00:00,703.48,704.68,697.93,700.18,1784.58,1249528.64
2024-12-29 18:00:00,700.18,700.28,697.38,700.09,933.5,653532.39
2024-12-29 19:00:00,700.09,700.53,697.07,699.78,820.99,574514.18
2024-12-29 20:00:00,699.78,701.65,695.28,695.93,1860.74,1294949.35
2024-12-29 21:00:00,695.93,693.38,690.21,692.73,682.97,473114.34
2024-12-29 22:00:00,692.73,692.08,688.82,691.98,743.95,514800.81
2024-12-29 23:00:00,691.98,696.4,693.03,693.5,469.1,325322.1
2024-12-30 00:00:00,693.5,709.81,690.85,696.45,4283.76,2983431.88
2024-12-30 01:00:00,696.45,701.48,698.39,698.48,1142.64,798113.3
2024-12-30 02:00:00,698.48,700.29,695.98,696.35,975.65,679398.39
2024-12-30 03:00:00,696.35,695.65,693.97,694.81,138.66,96342.27
2024-12-30 04:00:00,694.81,695.06,691.62,695.06,320.71,222912.63
2024-12-30 05:00:00,695.06,698.21,696.34,696.9,219.23,152781.93
2024-12-30 06:00:00,696.9,700.75,698.13,698.5,518.47,362151.54
2024-12-30 07:00:00,698.76,698.78,695.36,696.39,515.99,359329.95
2024-12-30 08:00:00,696.31,697.75,694.76,695.6,343.99,239279.39
2024-12-30 09:00:00,695.6,696.61,692.96,695.3,289.73,201449.87
2024-12-30 10:00:00,695.3,696.29,693.11,696.01,1209.38,841742.23
2024-12-30 11:00:00,696.01,699.7,696.88,699.51,424.04,296620.1
2024-12-30 12:00:00,699.51,699.49,697.15,699.49,544.56,380913.46
2024-12-30 13:00:00,699.49,692.03,689.07,689.34,748.71,516119.18
2024-12-30 14:00:00,689.34,691.23,682.43,690.86,1057.76,730769.27
2024-12-30 15:00:00,690.86,696.36,689.93,693.88,2124.17,1473920.8
2024-12-30 16:00:00,693.88,696.68,693.74,694.48,620.14,430672.04
2024-12-30 17:00:00,694.48,708.8,701.3,702.8,1117.93,785681.09
2024-12-30 18:00:00,702.8,709.7,704.04,707.15,832.87,588966.63
2024-12-30 19:00:00,707.15,710.55,705.64,709.41,560.15,397378.47
2024-12-30 20:00:00,709.41,710.34,705.16,710.24,589.93,418994.78
2024-12-30 21:00:00,710.24,696.17,690.01,694.89,1861.28,1293377.27
2024-12-30 22:00:00,694.89,703.8,699.82,703.34,1013.11,712558.67
2024-12-30 23:00:00,703.34,704.48,701.42,704.11,497.46,350267.16
2024-12-31 00:00:00,704.11,704.56,701.42,702.9,898.48,631542.74
2024-12-31 01:00:00,702.9,704.1,701.15,702.07,1171.97,822809.56
2024-12-31 02:00:00,702.07,705.55,701.31,704.91,605.15,426573.43
2024-12-31 03:00:00,704.91,706.2,703.8,705.83,419.07,295791.07
2024-12-31 04:00:00,705.83,706.37,699.54,699.54,895.64,626536.1
2024-12-31 05:00:00,699.54,701.39,697.5,697.97,405.35,282920.84
2024-12-31 06:00:00,697.97,700.86,698.55,699.66,313.4,219273.18
2024-12-31 07:00:00,699.66,701.74,698.49,700.34,318.04,222737.48
2024-12-31 08:00:00,700.34,708.34,698.86,702.9,1336.36,939322.98
2024-12-31 09:00:00,702.9,705.88,701.84,705.41,353.17,249128.23
2024-12-31 10:00:00,705.41,707.51,704.13,704.5,470.96,331792.16
2024-12-31 11:00:00,704.5,706.19,703.08,703.37,554.81,390234.18
2024-12-31 12:00:00,703.37,708.04,704.36,704.83,626.06,441264.75
2024-12-31 13:00:00,704.83,713.16,707.91,711.25,961.74,684041.48
2024-12-31 14:00:00,711.25,713.15,709.71,711.53,573.89,408338.86
2024-12-31 15:00:00,711.53,713.81,708.38,709.62,608.08,431505.42
2024-12-31 16:00:00,709.62,710.77,704.99,710.39,428.95,304722.48
2024-12-31 17:00:00,710.39,706.46,703.18,703.65,776.18,546155.26
2024-12-31 18:00:00,703.54,704.57,701.89,703.23,223.58,157227.86
2024-12-31 19:00:00,703.26,705.63,702.34,702.53,400.36,281264.98
2024-12-31 20:00:00,702.28,702.22,699.88,700.55,233.66,163690.77
2024-12-31 21:00:00,701.47,703.97,700.78,701.72,167.85,117783.41
2024-12-31 22:00:00,701.72,699.9,697.11,699.62,313.98,219668.17
2024-12-31 23:00:00,699.62,701.28,698.2,700.91,226.88,159021.74
2025-01-01 00:00:00,700.91,708.97,705.11,707.75,547.64,387592.37
2025-01-01 01:00:00,707.75,708.35,701.99,707.13,665.5,470595.82
2025-01-01 02:00:00,707.13,711.92,708.16,708.16,340.42,241072.73
2025-01-01 03:00:00,708.16,707.35,704.17,704.26,504.05,354981.59
2025-01-01 04:00:00,704.26,703.64,701.95,703.35,223.23,157009.92
2025-01-01 05:00:00,703.35,705.19,702.95,704.16,280.92,197813.52
2025-01-01 06:00:00,704.16,705.88,703.92,705.13,503.39,354956.52
2025-01-01 07:00:00,705.13,704.68,701.59,702.25,297.62,209002.63
2025-01-01 08:00:00,702.25,702.52,700.09,701.96,237.46,166687.04
2025-01-01 09:00:00,701.96,703.14,701.28,702.3,310.41,218001.51
2025-01-01 10:00:00,702.3,706.09,700.88,705.91,546.85,386025.12
2025-01-01 11:00:00,705.91,708.09,705.57,706.23,507.83,358643.47
2025-01-01 12:00:00,706.23,709.6,704.73,704.92,324.98,229085.52
2025-01-01 13:00:00,704.92,710.56,706.34,708.69,783.31,555121.35
2025-01-01 14:00:00,708.69,709.93,706.17,706.74,661.67,467626.0
2025-01-01 15:00:00,706.74,709.69,706.01,706.58,382.5,270266.52
2025-01-01 16:00:00,706.58,704.47,703.25,703.44,357.03,251149.55
2025-01-01 17:00:00,703.44,705.49,703.52,704.18,366.51,258088.8
2025-01-01 18:00:00,704.18,706.08,704.01,704.48,222.99,157091.03
2025-01-01 19:00:00,704.48,708.42,705.02,706.34,560.95,396223.47
2025-01-01 20:00:00,706.34,708.08,706.57,706.76,359.68,254205.73
2025-01-01 21:00:00,706.76,708.41,705.28,706.51,310.62,219456.55
2025-01-01 22:00:00,706.51,706.91,704.83,706.44,403.83,285280.89
2025-01-01 23:00:00,706.44,706.53,704.45,706.43,187.54,132484.55
2025-01-02 00:00:00,706.43,710.83,698.11,700.68,4369.49,3061601.15
2025-01-02 01:00:00,700.68,700.97,696.81,700.22,1011.69,708402.11
2025-01-02 02:00:00,700.22,703.5,698.65,700.84,1452.57,1018017.66
2025-01-02 03:00:00,700.84,702.95,699.06,700.95,877.13,614828.12
2025-01-02 04:00:00,700.95,706.98,703.35,706.32,454.25,320843.73
2025-01-02 05:00:00,706.32,707.36,704.59,705.17,270.56,190789.75
2025-01-02 06:00:00,705.17,706.21,703.16,703.92,209.41,147407.89
2025-01-02 07:00:00,703.92,706.89,705.17,706.03,521.64,368294.66
2025-01-02 08:00:00,706.03,710.26,707.77,709.4,471.59,334545.67
2025-01-02 09:00:00,709.28,719.03,713.83,714.18,469.15,335056.53
2025-01-02 10:00:00,714.2,715.03,711.45,711.64,570.14,405737.04
2025-01-02 11:00:00,711.64,713.22,709.93,712.54,521.79,371797.47
2025-01-02 12:00:00,712.54,714.12,711.8,713.25,293.85,209588.48
2025-01-02 13:00:00,713.25,710.6,708.77,710.6,569.34,404572.46
2025-01-02 14:00:00,710.6,717.73,709.95,711.51,1012.4,720331.0
2025-01-02 15:00:00,711.51,708.45,702.19,703.92,3178.67,2237543.8
2025-01-02 16:00:00,703.92,710.14,704.31,705.96,1625.05,1147223.89
2025-01-02 17:00:00,705.96,706.26,702.1,704.42,2148.9,1513730.5
2025-01-02 18:00:00,704.42,709.77,705.59,705.88,549.65,387988.54
2025-01-02 19:00:00,705.88,706.21,703.68,704.17,488.04,343663.27
2025-01-02 20:00:00,704.17,705.43,702.03,705.33,485.77,342630.34
2025-01-02 21:00:00,705.33,705.46,703.61,705.07,181.04,127645.82
2025-01-02 22:00:00,705.07,705.41,702.9,704.93,252.89,178269.83
2025-01-02 23:00:00,704.93,706.5,705.25,705.63,168.36,118800.34
2025-01-03 00:00:00,705.63,705.01,702.98,703.56,315.18,221747.14
2025-01-03 01:00:00,703.56,704.89,702.28,704.02,3262.23,2296679.54
2025-01-03 02:00:00,704.02,705.43,703.1,703.49,1762.79,1240108.99
2025-01-03 03:00:00,703.49,704.6,703.25,704.6,185.48,130689.75
2025-01-03 04:00:00,704.6,704.92,702.4,704.15,219.05,154243.09
2025-01-03 05:00:00,704.15,705.03,703.38,704.64,193.62,136432.23
2025-01-03 06:00:00,704.64,704.09,702.35,702.35,233.18,163774.52
2025-01-03 07:00:00,702.35,702.0,699.59,700.17,402.8,282027.48
2025-01-03 08:00:00,700.17,698.99,696.69,698.7,623.12,435376.03
2025-01-03 09:00:00,698.7,702.31,699.9,700.86,520.93,365099.45
2025-01-03 10:00:00,700.86,701.53,699.51,700.47,601.5,421332.23
2025-01-03 11:00:00,700.47,704.78,702.17,704.78,301.21,212286.12
2025-01-03 12:00:00,704.78,705.22,703.0,703.19,353.84,248818.26
2025-01-03 13:00:00,703.19,704.61,702.1,704.13,461.55,324989.51
2025-01-03 14:00:00,704.13,708.9,706.77,707.74,934.84,661621.7
2025-01-03 15:00:00,707.74,712.01,708.89,709.86,1211.64,860097.36
2025-01-03 16:00:00,709.86,713.13,710.0,712.25,1328.6,946299.05
2025-01-03 17:00:00,712.25,713.54,705.41,711.28,13520.69,9617060.99
2025-01-03 18:00:00,711.28,715.82,711.78,711.78,476.43,339113.83
2025-01-03 19:00:00,711.78,713.44,710.58,713.14,481.06,343063.4
2025-01-03 20:00:00,713.14,711.68,708.92,711.68,868.18,617862.4
2025-01-03 21:00:00,712.1,717.19,713.94,713.94,362.13,258537.9
2025-01-03 22:00:00,713.87,714.34,712.18,713.65,225.58,160985.57
2025-01-03 23:00:00,713.65,714.53,712.37,714.53,307.52,219731.27
2025-01-04 00:00:00,714.53,719.64,712.59,717.0,1126.73,807865.79
2025-01-04 01:00:00,717.0,718.78,715.35,715.65,505.29,361608.3
2025-01-04 02:00:00,715.65,720.46,716.63,718.98,598.68,430440.95
2025-01-04 03:00:00,718.98,722.14,717.91,719.09,4120.63,2963114.9
2025-01-04 04:00:00,719.09,720.32,717.28,719.73,1057.94,761432.45
2025-01-04 05:00:00,719.73,721.13,718.18,719.26,1371.73,986632.28
2025-01-04 06:00:00,719.26,719.79,717.53,718.61,433.71,311668.68
2025-01-04 07:00:00,718.61,719.67,717.61,717.81,217.38,156036.54
2025-01-04 08:00:00,717.81,715.47,712.14,714.49,492.01,351535.82
2025-01-04 09:00:00,714.49,715.27,712.73,715.27,408.42,292130.08
2025-01-04 10:00:00,715.27,716.13,713.3,713.98,196.83,140532.94
2025-01-04 11:00:00,714.21,717.3,713.7,713.7,144.71,103279.01
2025-01-04 12:00:00,713.7,720.67,714.49,716.31,244.28,174979.41
2025-01-04 13:00:00,716.82,717.53,714.78,715.08,230.7,164968.39
2025-01-04 14:00:00,715.25,717.14,713.14,716.77,576.65,413327.65
2025-01-04 15:00:00,716.61,714.26,708.21,709.38,792.69,562317.06
2025-01-04 16:00:00,709.38,711.38,709.52,710.69,291.0,206811.75
2025-01-04 17:00:00,710.69,713.6,712.33,712.62,146.01,104049.72
2025-01-04 18:00:00,712.62,712.71,711.24,711.73,156.11,111108.01
2025-01-04 19:00:00,711.73,713.32,711.25,711.84,182.31,129776.07
2025-01-04 20:00:00,711.84,715.0,713.32,714.31,237.32,169518.89
2025-01-04 21:00:00,714.38,714.35,710.69,713.62,260.63,185991.09
2025-01-04 22:00:00,713.16,714.83,712.86,714.54,344.02,245814.94
2025-01-04 23:00:00,714.54,714.11,712.83,713.33,248.6,177332.85
2025-01-05 00:00:00,713.37,712.76,708.38,712.76,178.89,127506.17
2025-01-05 01:00:00,712.65,712.24,709.69,710.48,222.53,158102.24
2025-01-05 02:00:00,710.48,712.62,710.56,712.43,287.26,204651.43
2025-01-05 03:00:00,712.43,712.25,711.36,711.95,108.17,77011.72
2025-01-05 04:00:00,711.95,713.83,712.26,713.34,142.4,101579.2
2025-01-05 05:00:00,713.34,713.66,711.1,711.2,118.9,84561.51
2025-01-05 06:00:00,711.2,712.69,711.51,712.1,137.86,98170.16
2025-01-05 07:00:00,712.1,712.26,710.68,712.26,125.78,89587.61
2025-01-05 08:00:00,712.26,711.51,709.26,711.12,281.98,200520.68
2025-01-05 09:00:00,711.12,709.62,705.13,705.71,425.28,300124.77
2025-01-05 10:00:00,705.71,708.58,705.26,707.9,212.04,150102.08
2025-01-05 11:00:00,707.9,708.14,706.58,707.94,117.56,83225.91
2025-01-05 12:00:00,708.03,708.18,706.37,707.1,257.36,181978.58
2025-01-05 13:00:00,707.08,707.21,705.75,706.53,151.49,107032.28
2025-01-05 14:00:00,706.8,708.81,706.27,706.63,700.59,495059.8
2025-01-05 15:00:00,706.86,709.38,706.34,707.81,993.69,703341.44
2025-01-05 16:00:00,707.81,707.89,705.73,706.51,164.33,116101.53
2025-01-05 17:00:00,706.51,705.56,704.09,704.39,157.01,110595.5
2025-01-05 18:00:00,704.43,709.97,704.52,704.89,717.71,505904.98
2025-01-05 19:00:00,705.1,706.28,705.5,705.6,111.08,78377.76
2025-01-05 20:00:00,705.6,707.38,705.22,706.4,339.19,239603.27
2025-01-05 21:00:00,706.29,708.61,707.51,707.88,491.3,347779.71
2025-01-05 22:00:00,707.81,710.11,708.13,708.72,217.19,153927.84
2025-01-05 23:00:00,708.72,709.67,706.03,709.18,570.53,404608.47
2025-01-06 00:00:00,709.25,707.94,704.32,707.57,419.47,296806.34
2025-01-06 01:00:00,707.96,713.09,710.92,712.2,196.8,140161.41
2025-01-06 02:00:00,712.2,714.57,710.81,712.89,517.2,368706.0
2025-01-06 03:00:00,712.89,714.54,711.47,712.36,256.52,182734.56
2025-01-06 04:00:00,712.36,715.47,712.29,712.29,590.39,420530.29
2025-01-06 05:00:00,712.29,714.11,712.51,713.91,588.08,419833.93
2025-01-06 06:00:00,713.91,714.79,712.4,714.49,465.6,332666.81
2025-01-06 07:00:00,714.49,714.8,712.61,714.1,433.97,309899.6
2025-01-06 08:00:00,714.1,712.6,709.63,712.3,398.03,283516.74
2025-01-06 09:00:00,712.3,717.3,711.76,716.31,671.54,481031.55
2025-01-06 10:00:00,716.32,718.67,715.03,718.67,1959.2,1408009.0
2025-01-06 11:00:00,718.67,722.29,717.54,718.64,1401.47,1007151.72
2025-01-06 12:00:00,718.64,718.07,714.8,717.71,1236.51,887455.7
2025-01-06 13:00:00,717.96,721.69,716.92,717.22,785.29,563224.52
2025-01-06 14:00:00,717.22,728.62,718.95,720.87,1166.7,841035.57
2025-01-06 15:00:00,720.87,731.68,722.38,725.95,1392.69,1011029.49
2025-01-06 16:00:00,725.95,736.75,726.12,732.77,2251.08,1649517.8
2025-01-06 17:00:00,732.77,730.34,726.06,728.61,950.68,692671.62
2025-01-06 18:00:00,728.61,729.0,726.35,729.0,270.13,196923.54
2025-01-06 19:00:00,729.0,733.17,729.0,732.66,437.21,320327.56
2025-01-06 20:00:00,732.66,742.52,733.12,739.66,2518.17,1862595.76
2025-01-06 21:00:00,739.66,743.84,733.77,742.31,2665.68,1978766.96
2025-01-06 22:00:00,742.31,745.98,738.13,738.23,1379.64,1018487.93
2025-01-06 23:00:00,738.23,739.91,729.48,729.89,1799.32,1313298.08
2025-01-07 00:00:00,729.89,730.88,726.08,727.1,1071.73,779258.71
2025-01-07 01:00:00,727.1,728.05,725.3,727.44,308.16,224167.6
2025-01-07 02:00:00,727.44,728.4,725.56,727.79,609.0,443226.16
2025-01-07 03:00:00,727.79,729.82,726.97,729.11,1211.97,883658.43
2025-01-07 04:00:00,729.11,728.89,726.45,727.57,306.38,222912.17
2025-01-07 05:00:00,727.57,731.41,727.54,730.7,545.89,398880.76
2025-01-07 06:00:00,730.7,733.47,730.01,731.33,211.81,154903.46
2025-01-07 07:00:00,731.33,731.14,728.7,730.64,227.98,166570.45
2025-01-07 08:00:00,730.64,733.09,730.34,730.34,506.23,369721.55
2025-01-07 09:00:00,730.34,729.25,725.59,726.91,521.69,379221.93
2025-01-07 10:00:00,726.91,728.09,724.65,728.09,258.95,188539.77
2025-01-07 11:00:00,728.09,726.54,723.61,726.54,718.42,521959.18
2025-01-07 12:00:00,726.54,725.95,723.43,724.34,266.0,192673.48
2025-01-07 13:00:00,724.34,724.84,722.73,724.44,126.67,91764.49
2025-01-07 14:00:00,724.44,721.02,717.53,717.83,758.64,544570.83
2025-01-07 15:00:00,717.83,709.69,702.16,708.72,3669.86,2600886.57
2025-01-07 16:00:00,708.72,710.62,705.84,708.38,2460.01,1742614.46
2025-01-07 17:00:00,708.38,709.41,704.64,705.13,1222.34,861906.68
2025-01-07 18:00:00,705.13,703.13,700.04,701.97,494.92,347418.7
2025-01-07 19:00:00,701.97,699.79,691.21,696.51,1615.67,1125332.9
2025-01-07 20:00:00,696.51,699.37,693.39,695.51,900.14,626060.83
2025-01-07 21:00:00,695.51,695.68,691.14,691.53,556.8,385043.31
2025-01-07 22:00:00,691.53,697.33,695.28,696.45,507.72,353601.96
2025-01-07 23:00:00,696.6,698.06,693.33,697.72,763.55,532744.68
2025-01-08 00:00:00,697.99,708.77,699.53,705.37,1295.95,914121.48
2025-01-08 01:00:00,705.37,703.02,699.72,699.82,473.89,331638.04
2025-01-08 02:00:00,699.82,701.02,698.69,699.18,451.84,315916.68
2025-01-08 03:00:00,699.18,698.72,694.86,697.18,970.71,676758.4
2025-01-08 04:00:00,697.21,695.32,690.96,693.31,809.26,561065.3
2025-01-08 05:00:00,694.0,697.19,691.01,691.2,1952.9,1349852.93
2025-01-08 06:00:00,691.2,688.48,681.91,682.58,1381.14,942733.83
2025-01-08 07:00:00,682.58,694.64,684.79,694.45,1673.17,1161927.0
2025-01-08 08:00:00,694.45,702.23,696.58,702.14,1122.56,788192.59
2025-01-08 09:00:00,702.14,700.48,697.24,698.86,1466.13,1024623.06
2025-01-08 10:00:00,698.86,703.14,697.96,698.53,542.61,379029.96
2025-01-08 11:00:00,698.53,697.66,691.28,695.75,1301.45,905489.06
2025-01-08 12:00:00,695.75,696.72,692.83,692.92,1143.54,792386.43
2025-01-08 13:00:00,692.92,697.9,695.13,696.09,512.99,357085.77
2025-01-08 14:00:00,696.07,699.99,694.93,695.27,1187.45,825599.29
2025-01-08 15:00:00,695.27,693.65,689.97,692.98,1143.1,792147.1
2025-01-08 16:00:00,693.36,690.82,686.56,686.75,903.87,620731.24
2025-01-08 17:00:00,686.75,690.86,680.62,689.08,3782.0,2606095.97
2025-01-08 18:00:00,689.08,692.77,689.38,690.88,1921.49,1327527.3
2025-01-08 19:00:00,690.88,691.47,688.93,689.4,496.08,341995.91
2025-01-08 20:00:00,689.4,689.87,686.86,689.4,612.51,422261.81
2025-01-08 21:00:00,689.4,693.68,689.62,691.04,525.45,363105.09
2025-01-08 22:00:00,691.04,699.41,696.75,697.13,571.76,398589.94
2025-01-08 23:00:00,697.13,697.1,695.3,695.87,216.86,150906.11
2025-01-09 00:00:00,695.87,698.57,696.19,698.38,507.94,354734.18
2025-01-09 01:00:00,698.38,699.52,697.15,699.52,909.44,636173.48
2025-01-09 02:00:00,699.52,703.54,697.95,699.47,2601.77,1819850.95
2025-01-09 03:00:00,699.47,696.25,693.53,696.06,335.89,233801.22
2025-01-09 04:00:00,696.06,699.91,697.36,699.53,695.96,486845.39
2025-01-09 05:00:00,699.53,700.72,698.55,698.93,433.13,302727.85
2025-01-09 06:00:00,698.93,697.9,695.55,697.43,552.08,385038.66
2025-01-09 07:00:00,697.43,691.01,688.12,690.26,681.0,470070.16
2025-01-09 08:00:00,690.26,696.27,688.55,694.97,2222.54,1544594.06
2025-01-09 09:00:00,694.97,699.82,697.21,698.61,279.71,195407.5
2025-01-09 10:00:00,698.61,698.97,696.54,698.78,654.93,457654.01
2025-01-09 11:00:00,698.78,699.66,697.8,699.48,380.69,266283.85
2025-01-09 12:00:00,699.48,700.32,697.8,698.17,917.05,640259.98
2025-01-09 13:00:00,698.17,689.83,686.06,686.06,1156.31,793302.77
2025-01-09 14:00:00,686.06,693.6,685.34,686.36,1810.04,1242338.3
2025-01-09 15:00:00,686.36,699.87,694.41,696.86,1200.35,836474.29
2025-01-09 16:00:00,696.86,696.92,693.63,695.79,781.73,543922.7
2025-01-09 17:00:00,695.79,688.24,683.69,685.73,716.23,491142.9
2025-01-09 18:00:00,685.73,690.88,687.9,688.46,624.53,429964.26
2025-01-09 19:00:00,688.46,680.65,677.8,680.1,641.95,436590.22
2025-01-09 20:00:00,680.1,681.48,677.99,680.2,1855.21,1261909.32
2025-01-09 21:00:00,680.2,684.46,680.86,683.53,1122.01,766932.64
2025-01-09 22:00:00,683.53,689.16,685.56,687.68,802.46,551839.57
2025-01-09 23:00:00,687.68,689.02,685.41,685.41,519.17,355845.02
2025-01-10 00:00:00,685.41,689.26,686.2,686.29,562.42,385982.33
2025-01-10 01:00:00,686.29,688.84,686.04,686.97,928.54,637883.02
2025-01-10 02:00:00,686.97,689.44,687.02,687.67,254.56,175052.99
2025-01-10 03:00:00,687.67,690.52,687.61,687.89,465.6,320282.45
2025-01-10 04:00:00,687.89,690.41,688.91,689.85,161.23,111223.89
2025-01-10 05:00:00,689.85,691.9,689.65,691.62,273.25,188985.27
2025-01-10 06:00:00,691.62,694.19,692.03,693.63,249.66,173171.51
2025-01-10 07:00:00,693.63,696.49,692.99,695.26,636.53,442551.91
2025-01-10 08:00:00,695.26,697.6,695.71,696.75,291.82,203325.92
2025-01-10 09:00:00,696.75,698.64,696.65,697.41,505.58,352595.51
2025-01-10 10:00:00,697.41,700.51,698.32,698.51,254.39,177694.07
2025-01-10 11:00:00,698.51,698.69,696.88,696.88,583.28,406477.84
2025-01-10 12:00:00,696.88,697.48,695.87,696.53,201.16,140114.25
2025-01-10 13:00:00,696.53,693.81,685.67,690.91,2005.41,1385558.62
2025-01-10 14:00:00,690.91,695.34,691.86,693.09,1122.38,777905.26
2025-01-10 15:00:00,693.09,697.24,689.46,693.02,2346.07,1625878.35
2025-01-10 16:00:00,693.02,693.48,689.83,690.58,1257.18,868182.3
2025-01-10 17:00:00,690.58,708.18,700.52,700.71,1929.6,1352084.08
2025-01-10 18:00:00,700.71,699.16,693.37,697.07,1180.71,823042.56
2025-01-10 19:00:00,697.07,701.54,692.96,694.58,1740.5,1208924.46
2025-01-10 20:00:00,694.58,691.83,688.04,691.64,1390.56,961765.94
2025-01-10 21:00:00,691.64,693.04,690.3,692.09,346.97,240135.99
2025-01-10 22:00:00,692.09,694.0,691.73,693.43,440.06,305152.02
2025-01-10 23:00:00,693.43,693.56,692.62,692.81,93.05,64465.58
2025-01-11 00:00:00,692.81,693.79,691.05,693.13,1469.78,1018751.72
2025-01-11 01:00:00,693.13,692.03,690.62,691.37,305.07,210917.12
2025-01-11 02:00:00,691.37,693.75,690.82,692.9,608.4,421561.05
2025-01-11 03:00:00,692.9,691.88,690.93,691.5,139.17,96235.85
2025-01-11 04:00:00,691.5,692.34,690.37,692.34,539.64,373615.71
2025-01-11 05:00:00,692.34,695.15,693.85,694.5,125.59,87222.33
2025-01-11 06:00:00,694.51,693.54,692.5,692.88,275.32,190763.81
2025-01-11 07:00:00,692.39,695.06,691.83,694.74,158.38,110033.0
2025-01-11 08:00:00,694.62,694.62,693.12,694.06,428.92,297696.37
2025-01-11 09:00:00,694.06,696.04,694.81,695.0,173.43,120533.68
2025-01-11 10:00:00,695.0,696.43,694.63,695.67,129.33,89971.18
2025-01-11 11:00:00,695.67,697.54,696.12,697.17,142.22,99150.82
2025-01-11 12:00:00,697.17,696.94,695.9,696.47,248.42,173016.71
2025-01-11 13:00:00,696.47,696.47,695.15,695.53,203.6,141609.98
2025-01-11 14:00:00,695.53,697.28,696.14,696.14,205.36,142960.14
2025-01-11 15:00:00,696.14,695.88,694.46,695.22,170.71,118680.41
2025-01-11 16:00:00,695.22,695.9,693.35,695.43,336.71,234157.08
2025-01-11 17:00:00,695.43,695.23,693.16,694.85,209.55,145606.1
2025-01-11 18:00:00,694.85,696.44,695.5,695.87,542.02,377177.83
2025-01-11 19:00:00,695.87,696.65,695.42,696.65,87.86,61207.49
2025-01-11 20:00:00,696.65,699.68,698.64,699.31,331.39,231743.11
2025-01-11 21:00:00,699.31,703.07,699.84,700.5,1250.02,875644.74
2025-01-11 22:00:00,700.5,698.47,696.96,696.96,585.31,407936.04
2025-01-11 23:00:00,696.96,697.17,696.41,696.51,339.65,236568.83
2025-01-12 00:00:00,696.51,697.71,694.88,697.34,257.06,179256.98
2025-01-12 01:00:00,697.34,698.31,697.27,697.84,431.7,301256.55
2025-01-12 02:00:00,697.84,698.45,695.99,696.65,158.57,110467.67
2025-01-12 03:00:00,696.65,696.67,695.25,695.72,251.35,174870.17
2025-01-12 04:00:00,695.72,696.67,695.07,695.73,85.26,59317.75
2025-01-12 05:00:00,695.73,695.87,695.02,695.12,178.66,124189.92
2025-01-12 06:00:00,694.94,694.25,692.62,693.27,95.55,66241.95
2025-01-12 07:00:00,693.51,693.94,692.43,693.84,343.99,238674.83
2025-01-12 08:00:00,693.84,693.03,691.9,692.18,127.47,88232.52
2025-01-12 09:00:00,692.18,692.2,690.13,691.63,196.34,135795.48
2025-01-12 10:00:00,691.63,692.74,690.11,690.11,186.55,128740.29
2025-01-12 11:00:00,690.11,692.09,690.21,690.87,667.38,461072.15
2025-01-12 12:00:00,690.87,691.63,690.5,691.44,134.8,93206.03
2025-01-12 13:00:00,691.44,693.89,692.19,692.38,625.33,432966.11
2025-01-12 14:00:00,692.38,693.45,691.65,692.22,963.6,667018.59
2025-01-12 15:00:00,692.22,695.14,692.58,694.86,647.0,449573.3
2025-01-12 16:00:00,694.86,695.66,694.24,694.43,171.82,119316.36
2025-01-12 17:00:00,694.43,695.64,694.4,695.54,115.56,80377.06
2025-01-12 18:00:00,695.54,696.02,694.22,695.73,88.18,61349.85
2025-01-12 19:00:00,695.73,695.88,693.14,695.79,190.84,132784.51
2025-01-12 20:00:00,695.79,696.65,695.7,695.98,196.12,136496.21
2025-01-12 21:00:00,695.98,693.66,692.62,693.19,82.61,57264.11
2025-01-12 22:00:00,693.19,691.69,689.53,690.94,418.43,289109.88
2025-01-12 23:00:00,690.94,695.28,692.92,693.1,286.73,198733.88
2025-01-13 00:00:00,693.1,700.15,694.71,696.33,734.53,511478.92
2025-01-13 01:00:00,696.33,691.39,687.81,690.73,428.6,296045.74
2025-01-13 02:00:00,690.73,691.62,687.48,687.95,454.11,312403.21
2025-01-13 03:00:00,687.95,689.31,685.64,685.83,259.42,177917.03
2025-01-13 04:00:00,685.83,687.89,685.81,686.09,346.99,238067.98
2025-01-13 05:00:00,686.09,684.22,680.08,682.24,751.76,512882.08
2025-01-13 06:00:00,682.24,680.47,677.38,678.6,877.62,595549.39
2025-01-13 07:00:00,678.6,682.21,678.19,682.03,557.83,380454.06
2025-01-13 08:00:00,682.03,678.47,675.96,677.35,540.95,366414.3
2025-01-13 09:00:00,677.35,676.31,671.3,673.62,1124.87,757733.66
2025-01-13 10:00:00,673.62,668.83,662.97,666.91,2425.91,1617857.1
2025-01-13 11:00:00,666.91,661.4,658.41,660.31,1241.46,819751.69
2025-01-13 12:00:00,660.31,665.69,659.43,663.97,1541.62,1023584.93
2025-01-13 13:00:00,663.97,669.8,665.25,669.25,1292.74,865170.5
2025-01-13 14:00:00,669.25,679.43,671.72,671.72,2397.94,1610735.39
2025-01-13 15:00:00,671.72,677.24,671.53,676.87,1552.91,1051118.79
2025-01-13 16:00:00,676.87,675.19,670.62,672.63,1061.97,714312.9
2025-01-13 17:00:00,672.63,677.78,670.15,670.24,1125.2,754157.38
2025-01-13 18:00:00,670.24,672.11,668.43,670.36,734.09,492107.62
2025-01-13 19:00:00,670.36,674.01,671.43,672.26,296.76,199499.05
2025-01-13 20:00:00,672.26,683.71,678.85,681.75,801.17,546194.56
2025-01-13 21:00:00,681.75,686.25,680.6,682.96,1031.02,704141.08
2025-01-13 22:00:00,682.96,686.56,682.13,686.28,640.15,439321.18
2025-01-13 23:00:00,686.28,689.13,686.77,688.37,242.6,166999.08
2025-01-14 00:00:00,688.37,688.73,686.27,687.31,847.12,582234.07
2025-01-14 01:00:00,687.31,690.47,688.67,688.76,280.38,193115.65
2025-01-14 02:00:00,688.76,690.18,688.47,689.89,274.88,189637.12
2025-01-14 03:00:00,689.89,691.9,689.72,691.8,382.87,264871.31
2025-01-14 04:00:00,691.8,693.73,689.55,689.64,1026.31,707785.51
2025-01-14 05:00:00,689.64,688.48,686.49,687.63,653.34,449254.91
2025-01-14 06:00:00,687.63,691.45,688.32,690.69,331.31,228832.8
2025-01-14 07:00:00,690.69,689.63,688.11,688.78,136.65,94121.54
2025-01-14 08:00:00,688.78,693.69,689.68,691.59,948.7,656109.88
2025-01-14 09:00:00,691.59,703.89,695.92,696.9,1410.15,982728.08
2025-01-14 10:00:00,696.9,696.21,692.44,695.53,893.56,621500.51
2025-01-14 11:00:00,695.53,695.31,693.29,694.25,236.79,164391.9
2025-01-14 12:00:00,694.25,692.62,689.65,692.62,411.45,284980.43
2025-01-14 13:00:00,692.62,697.13,690.1,696.84,1168.58,814312.24
2025-01-14 14:00:00,696.84,697.16,690.62,694.85,789.02,548251.1
2025-01-14 15:00:00,694.85,696.42,693.04,694.78,670.17,465621.07
2025-01-14 16:00:00,694.78,697.24,689.49,695.81,1019.14,709125.04
2025-01-14 17:00:00,695.81,702.74,697.43,697.43,464.06,323650.21
2025-01-14 18:00:00,697.43,700.66,696.7,697.66,438.77,306113.91
2025-01-14 19:00:00,697.66,698.05,695.16,697.86,285.72,199392.91
2025-01-14 20:00:00,697.86,698.24,695.05,697.27,502.05,350065.74
2025-01-14 21:00:00,697.27,699.72,696.63,698.75,331.78,231832.25
2025-01-14 22:00:00,698.75,700.84,699.1,699.68,270.37,189171.98
2025-01-14 23:00:00,699.68,699.14,697.79,698.76,149.58,104520.22
2025-01-15 00:00:00,698.76,702.17,699.17,699.75,428.04,299520.81
2025-01-15 01:00:00,699.75,703.38,699.49,699.78,783.74,548444.35
2025-01-15 02:00:00,699.78,698.45,695.54,697.0,567.34,395433.52
2025-01-15 03:00:00,697.0,701.73,699.4,700.96,303.22,212543.79
2025-01-15 04:00:00,700.96,702.15,698.17,701.96,275.09,193102.03
2025-01-15 05:00:00,701.96,702.47,700.43,700.63,557.78,390795.86
2025-01-15 06:00:00,700.63,701.22,699.28,699.28,840.24,587563.78
2025-01-15 07:00:00,699.28,700.88,697.77,699.52,981.35,686472.88
2025-01-15 08:00:00,699.52,700.0,697.76,698.35,152.25,106323.33
2025-01-15 09:00:00,698.35,695.91,691.84,692.32,964.11,667476.67
2025-01-15 10:00:00,692.32,693.89,692.43,693.4,141.43,98068.0
2025-01-15 11:00:00,693.4,692.34,690.31,692.05,174.34,120651.53
2025-01-15 12:00:00,692.05,693.57,689.6,689.89,370.62,255687.79
2025-01-15 13:00:00,689.89,705.66,698.54,699.83,1777.8,1244150.21
2025-01-15 14:00:00,699.83,704.55,701.27,704.36,1209.22,851721.16
2025-01-15 15:00:00,704.36,704.44,699.0,704.05,953.37,671215.97
2025-01-15 16:00:00,704.05,705.05,701.39,701.79,375.41,263457.45
2025-01-15 17:00:00,701.79,700.33,697.66,700.23,301.56,211161.18
2025-01-15 18:00:00,700.23,707.17,705.28,706.17,285.16,201372.06
2025-01-15 19:00:00,706.17,709.74,708.04,708.64,1202.52,852156.06
2025-01-15 20:00:00,708.72,709.47,704.32,709.13,1785.74,1266324.17
2025-01-15 21:00:00,709.34,710.73,708.73,710.43,284.44,202074.38
2025-01-15 22:00:00,710.43,712.67,710.17,712.27,293.03,208716.09
2025-01-15 23:00:00,712.27,719.86,714.13,714.73,916.81,655273.98
2025-01-16 00:00:00,714.73,710.89,707.09,709.29,1110.84,787908.44
2025-01-16 01:00:00,709.29,713.78,710.67,712.87,433.83,309266.36
2025-01-16 02:00:00,712.87,711.8,709.01,711.11,1340.03,952903.35
2025-01-16 03:00:00,711.11,710.96,708.08,708.77,328.15,232583.64
2025-01-16 04:00:00,708.77,710.22,708.73,709.93,148.42,105367.12
2025-01-16 05:00:00,709.93,710.04,708.05,710.04,72.21,51271.69
2025-01-16 06:00:00,710.04,713.37,709.87,712.47,517.43,368652.24
2025-01-16 07:00:00,712.47,714.35,711.16,711.16,175.42,124751.79
2025-01-16 08:00:00,711.16,706.16,703.98,705.07,800.03,564078.73
2025-01-16 09:00:00,705.07,707.58,705.2,706.49,520.45,367691.18
2025-01-16 10:00:00,706.49,710.27,706.89,710.27,427.87,303902.09
2025-01-16 11:00:00,710.27,713.39,708.73,713.39,546.86,390123.04
2025-01-16 12:00:00,713.39,717.05,713.47,713.77,1893.65,1351623.02
2025-01-16 13:00:00,713.77,713.89,707.85,709.04,1368.37,970222.87
2025-01-16 14:00:00,709.04,702.73,696.88,702.05,1228.57,862515.76
2025-01-16 15:00:00,702.05,715.85,709.5,709.5,1516.74,1076127.88
2025-01-16 16:00:00,709.5,713.16,708.59,712.36,1483.24,1056602.29
2025-01-16 17:00:00,712.36,717.29,712.1,714.3,703.46,502481.15
2025-01-16 18:00:00,714.3,714.31,711.02,711.72,447.44,318450.75
2025-01-16 19:00:00,711.72,718.86,714.44,714.64,479.36,342571.06
2025-01-16 20:00:00,714.64,715.71,712.5,715.71,657.68,470710.56
2025-01-16 21:00:00,715.71,715.55,712.35,712.35,507.28,361359.94
2025-01-16 22:00:00,712.35,711.8,708.9,709.0,579.67,410987.29
2025-01-16 23:00:00,709.0,710.95,707.35,708.05,447.8,317066.73
2025-01-17 00:00:00,708.05,710.91,708.21,710.91,388.82,276417.93
2025-01-17 01:00:00,710.91,722.57,715.45,716.26,1092.18,782290.2
2025-01-17 02:00:00,716.26,715.4,710.05,714.69,1849.11,1321548.82
2025-01-17 03:00:00,714.69,715.68,713.05,714.37,239.51,171098.14
2025-01-17 04:00:00,714.37,717.42,715.18,715.18,204.13,145990.67
2025-01-17 05:00:00,715.18,718.1,713.85,718.1,902.14,647830.3
2025-01-17 06:00:00,718.1,718.59,716.25,716.25,144.21,103290.95
2025-01-17 07:00:00,716.25,716.74,714.1,714.51,314.58,224769.93
2025-01-17 08:00:00,714.51,721.21,717.53,719.78,856.81,616714.17
2025-01-17 09:00:00,719.78,719.61,717.06,718.59,264.91,190361.46
2025-01-17 10:00:00,718.59,725.13,720.73,722.47,589.73,426060.65
2025-01-17 11:00:00,722.47,725.6,721.92,724.78,647.17,469057.43
2025-01-17 12:00:00,724.78,729.82,724.17,724.38,912.85,661248.38
2025-01-17 13:00:00,724.38,723.51,719.51,720.64,833.78,600852.27
2025-01-17 14:00:00,720.64,728.13,722.44,722.44,1351.78,976579.67
2025-01-17 15:00:00,722.44,727.54,720.26,720.78,1896.17,1366717.04
2025-01-17 16:00:00,720.78,728.72,723.78,725.15,1429.47,1036577.76
2025-01-17 17:00:00,725.15,723.88,717.94,723.25,1130.69,817775.11
2025-01-17 18:00:00,723.25,729.23,723.05,723.15,596.54,431387.98
2025-01-17 19:00:00,723.15,730.63,723.22,723.32,1038.59,751236.85
2025-01-17 20:00:00,723.32,728.58,715.18,726.7,1756.95,1276773.54
2025-01-17 21:00:00,726.7,727.04,722.01,724.63,581.41,421307.52
2025-01-17 22:00:00,724.63,725.62,719.98,721.03,774.09,558139.24
2025-01-17 23:00:00,721.03,722.01,717.53,721.91,402.72,290726.22
2025-01-18 00:00:00,721.91,726.11,722.86,723.07,307.38,222258.45
2025-01-18 01:00:00,723.07,720.74,716.89,718.35,305.47,219432.96
2025-01-18 02:00:00,718.35,718.9,715.97,716.29,276.78,198253.96
2025-01-18 03:00:00,716.29,711.44,706.58,707.71,1526.18,1080099.48
2025-01-18 04:00:00,707.71,710.82,706.16,706.37,1056.48,746267.73
2025-01-18 05:00:00,706.37,701.93,695.04,697.3,1612.08,1124103.51
2025-01-18 06:00:00,697.3,705.99,700.93,704.03,987.45,695191.37
2025-01-18 07:00:00,704.15,700.57,697.62,699.26,561.73,392794.57
2025-01-18 08:00:00,699.84,703.51,700.83,701.24,870.87,610691.39
2025-01-18 09:00:00,701.24,701.27,698.59,700.24,525.54,368001.62
2025-01-18 10:00:00,700.24,701.02,697.83,698.24,654.48,456983.72
2025-01-18 11:00:00,698.24,702.35,700.38,701.62,484.92,340231.2
2025-01-18 12:00:00,701.62,702.21,698.69,701.18,690.72,484315.88
2025-01-18 13:00:00,701.18,708.87,705.95,706.47,691.58,488578.99
2025-01-18 14:00:00,706.47,704.62,702.13,702.44,663.49,466061.94
2025-01-18 15:00:00,702.44,706.66,701.44,703.0,969.58,681619.33
2025-01-18 16:00:00,703.0,697.92,693.49,695.76,878.56,611264.42
2025-01-18 17:00:00,695.76,699.96,696.53,696.95,831.61,579588.45
2025-01-18 18:00:00,696.95,699.85,697.45,698.7,873.07,610015.7
2025-01-18 19:00:00,698.7,705.37,699.53,705.27,793.23,559440.02
2025-01-18 20:00:00,705.27,706.03,702.39,703.02,752.53,529041.14
2025-01-18 21:00:00,703.02,703.94,701.55,702.48,393.47,276405.59
2025-01-18 22:00:00,702.48,706.65,705.09,705.3,309.49,218282.42
2025-01-18 23:00:00,705.3,710.76,705.33,708.78,1371.34,971973.88
2025-01-19 00:00:00,708.78,711.72,706.0,710.68,689.82,490239.45
2025-01-19 01:00:00,710.68,715.32,709.68,712.6,576.05,410494.22
2025-01-19 02:00:00,712.6,715.58,709.08,710.55,764.92,543513.18
2025-01-19 03:00:00,710.55,712.45,708.67,709.2,594.37,421524.45
2025-01-19 04:00:00,709.2,709.59,706.65,706.97,1017.7,719479.76
2025-01-19 05:00:00,706.97,709.41,706.05,706.26,424.18,299581.65
2025-01-19 06:00:00,706.26,710.64,707.27,707.27,484.93,342975.39
2025-01-19 07:00:00,707.27,706.72,701.68,703.99,1011.84,712328.89
2025-01-19 08:00:00,703.99,699.59,688.12,690.52,2846.72,1965721.26
2025-01-19 09:00:00,690.52,697.02,691.76,693.02,2849.65,1974866.66
2025-01-19 10:00:00,693.02,690.35,687.32,687.63,1056.67,726601.03
2025-01-19 11:00:00,687.4,685.94,680.59,681.85,2842.31,1938020.09
2025-01-19 12:00:00,682.04,691.17,684.99,690.54,1920.46,1326155.7
2025-01-19 13:00:00,690.54,695.87,689.48,695.87,1416.14,985456.41
2025-01-19 14:00:00,696.22,720.52,693.85,697.56,3220.76,2246680.35
2025-01-19 15:00:00,697.56,699.06,689.27,697.04,1923.27,1340588.67
2025-01-19 16:00:00,697.04,702.69,694.86,697.92,684.19,477511.38
2025-01-19 17:00:00,697.42,702.27,698.59,701.64,794.3,557311.66
2025-01-19 18:00:00,701.64,706.31,700.44,705.58,941.4,664232.38
2025-01-19 19:00:00,705.58,713.38,706.49,706.49,671.77,474595.77
2025-01-19 20:00:00,706.49,709.48,702.16,702.9,1055.72,742064.28
2025-01-19 21:00:00,702.9,689.35,683.45,685.31,2264.46,1551867.3
2025-01-19 22:00:00,685.31,694.81,683.34,689.02,4233.97,2917290.59
2025-01-19 23:00:00,689.02,687.44,675.09,682.38,4899.92,3343583.3
2025-01-20 00:00:00,682.38,677.02,670.94,675.33,2506.44,1692662.85
2025-01-20 01:00:00,675.33,682.57,676.33,676.53,2012.83,1361745.49
2025-01-20 02:00:00,676.53,690.08,682.55,683.26,2017.65,1378584.8
2025-01-20 03:00:00,683.26,688.11,682.72,685.97,2071.38,1420914.21
2025-01-20 04:00:00,685.97,689.15,685.68,688.13,635.49,437300.57
2025-01-20 05:00:00,688.13,689.23,686.78,688.72,1058.7,729147.02
2025-01-20 06:00:00,688.72,723.45,690.5,702.41,6754.31,4744319.34
2025-01-20 07:00:00,702.41,700.82,688.62,697.5,4593.18,3203752.56
2025-01-20 08:00:00,697.5,705.77,698.41,699.5,1092.76,764380.21
2025-01-20 09:00:00,699.5,699.59,693.76,696.57,1340.25,933575.45
2025-01-20 10:00:00,696.57,696.93,691.44,694.89,1795.64,1247765.27
2025-01-20 11:00:00,694.89,697.29,692.43,697.08,1101.43,767781.13
2025-01-20 12:00:00,697.08,695.63,684.85,689.44,2272.41,1566687.09
2025-01-20 13:00:00,689.44,701.12,691.52,692.17,1481.75,1025622.98
2025-01-20 14:00:00,692.17,694.26,688.01,689.74,3047.74,2102134.59
2025-01-20 15:00:00,689.74,689.26,671.02,687.48,1982.05,1362612.05
2025-01-20 16:00:00,687.48,700.03,687.67,690.23,2698.57,1862638.24
2025-01-20 17:00:00,690.23,687.26,666.17,678.41,11287.76,7657748.0
2025-01-20 18:00:00,678.41,687.28,680.33,684.17,1821.72,1246361.01
2025-01-20 19:00:00,684.17,688.75,682.53,685.12,1193.47,817675.12
2025-01-20 20:00:00,685.12,685.02,679.01,682.33,870.85,594202.99
2025-01-20 21:00:00,682.33,678.58,673.77,678.58,707.1,479826.43
2025-01-20 22:00:00,678.58,687.5,681.5,683.05,1083.21,739886.4
2025-01-20 23:00:00,683.05,683.78,673.88,681.64,1528.23,1041700.47
2025-01-21 00:00:00,681.64,676.5,671.24,675.18,1779.69,1201616.6
2025-01-21 01:00:00,675.18,683.63,675.12,679.07,2209.97,1500725.94
2025-01-21 02:00:00,679.07,687.71,679.32,681.26,1578.67,1075488.28
2025-01-21 03:00:00,681.26,685.24,679.9,681.54,727.55,495855.69
2025-01-21 04:00:00,681.54,681.53,677.13,681.12,778.52,530264.59
2025-01-21 05:00:00,681.12,679.2,674.13,678.59,797.07,540883.6
2025-01-21 06:00:00,678.59,683.91,679.62,679.62,796.6,541387.07
2025-01-21 07:00:00,679.62,681.39,676.9,681.39,590.04,402045.56
2025-01-21 08:00:00,681.39,684.81,681.74,681.95,572.01,390079.69
2025-01-21 09:00:00,681.95,685.77,681.87,682.89,982.7,671079.43
2025-01-21 10:00:00,682.89,687.3,684.62,685.86,472.12,323808.87
2025-01-21 11:00:00,685.86,690.2,687.09,688.86,1340.58,923468.16
2025-01-21 12:00:00,688.86,694.83,687.84,688.46,1030.47,709441.2
2025-01-21 13:00:00,688.46,690.09,685.19,687.38,860.62,591570.79
2025-01-21 14:00:00,687.38,685.58,676.91,684.55,1704.17,1166582.0
2025-01-21 15:00:00,684.55,690.97,686.41,686.61,930.11,638625.53
2025-01-21 16:00:00,686.61,694.08,682.23,690.62,2613.47,1804918.53
2025-01-21 17:00:00,690.62,699.05,693.21,695.22,737.25,512554.43
2025-01-21 18:00:00,695.22,701.79,694.31,696.45,1298.27,904179.24
2025-01-21 19:00:00,696.45,699.53,694.18,694.82,670.63,465968.8
2025-01-21 20:00:00,694.82,693.47,687.74,692.94,772.13,535041.13
2025-01-21 21:00:00,692.94,698.3,692.75,692.85,485.51,336387.87
2025-01-21 22:00:00,692.85,693.57,687.31,692.72,606.2,419925.62
2025-01-21 23:00:00,692.72,695.11,690.97,692.24,499.44,345732.71
2025-01-22 00:00:00,692.24,693.95,689.82,693.74,1331.73,923870.85
2025-01-22 01:00:00,693.74,693.21,690.04,690.89,463.36,320128.85
2025-01-22 02:00:00,690.89,693.75,688.58,693.75,402.55,279270.42
2025-01-22 03:00:00,693.75,695.47,692.3,695.47,500.93,348380.35
2025-01-22 04:00:00,695.47,704.18,694.26,702.5,3310.61,2325687.58
2025-01-22 05:00:00,702.5,703.93,699.49,699.7,470.98,329545.97
2025-01-22 06:00:00,699.7,700.33,696.22,698.44,455.67,318257.01
2025-01-22 07:00:00,698.44,697.41,695.42,697.2,384.08,267781.76
2025-01-22 08:00:00,697.2,699.74,696.48,698.05,549.67,383699.71
2025-01-22 09:00:00,698.05,699.17,696.12,698.43,355.0,247943.03
2025-01-22 10:00:00,698.43,700.23,696.23,696.97,470.71,328070.25
2025-01-22 11:00:00,696.97,699.89,696.63,699.57,598.87,418952.15
2025-01-22 12:00:00,699.57,701.45,697.13,699.55,661.94,463062.49
2025-01-22 13:00:00,699.55,695.91,691.02,694.66,875.23,607984.79
2025-01-22 14:00:00,694.66,698.03,693.23,694.48,994.35,690555.98
2025-01-22 15:00:00,694.48,694.02,689.54,692.87,1061.67,735603.05
2025-01-22 16:00:00,692.87,694.47,688.67,693.54,1078.39,747908.1
2025-01-22 17:00:00,693.54,697.93,693.86,694.39,780.52,541982.54
2025-01-22 18:00:00,694.39,692.92,690.95,692.09,491.61,340237.28
2025-01-22 19:00:00,692.09,696.91,694.19,695.45,493.23,343016.74
2025-01-22 20:00:00,695.45,698.84,693.42,696.96,806.56,562142.8
2025-01-22 21:00:00,696.96,698.12,694.9,697.6,624.9,435931.65
2025-01-22 22:00:00,697.6,697.4,694.59,695.63,382.84,266315.44
2025-01-22 23:00:00,695.63,695.2,692.2,695.2,334.44,232504.31
2025-01-23 00:00:00,695.2,696.29,692.26,694.53,623.88,433304.42
2025-01-23 01:00:00,694.53,694.3,691.11,692.35,582.82,403513.53
2025-01-23 02:00:00,692.35,692.17,688.17,689.71,1399.75,965418.66
2025-01-23 03:00:00,689.71,689.41,686.54,688.18,399.69,275058.47
2025-01-23 04:00:00,688.18,688.19,684.93,685.33,786.82,539235.1
2025-01-23 05:00:00,685.33,689.07,686.0,686.2,555.41,381122.41
2025-01-23 06:00:00,686.2,684.47,682.01,683.75,994.37,679900.47
2025-01-23 07:00:00,683.75,688.61,686.05,687.07,403.66,277343.67
2025-01-23 08:00:00,687.07,686.7,683.83,685.88,802.37,550327.89
2025-01-23 09:00:00,685.88,683.97,681.64,683.26,420.09,287031.51
2025-01-23 10:00:00,683.26,685.53,682.49,683.5,591.4,404222.88
2025-01-23 11:00:00,683.5,685.61,682.96,685.4,518.47,355361.38
2025-01-23 12:00:00,685.4,683.64,681.0,682.22,568.15,387600.71
2025-01-23 13:00:00,682.22,688.81,685.12,685.74,450.89,309191.87
2025-01-23 14:00:00,685.74,705.11,685.12,689.96,3628.58,2503576.13
2025-01-23 15:00:00,689.96,702.02,687.29,688.65,7107.36,4894509.64
2025-01-23 16:00:00,688.65,689.28,681.71,686.65,2729.71,1874361.17
2025-01-23 17:00:00,686.65,695.51,687.57,688.94,2020.3,1391874.59
2025-01-23 18:00:00,688.94,689.27,684.73,685.58,641.82,440017.8
2025-01-23 19:00:00,685.58,684.45,674.48,682.89,1298.12,886473.26
2025-01-23 20:00:00,682.89,687.49,670.44,685.22,6954.3,4765193.31
2025-01-23 21:00:00,685.22,687.42,682.17,683.2,1416.11,967481.8
2025-01-23 22:00:00,683.2,690.6,684.67,689.56,1166.2,804164.69
2025-01-23 23:00:00,689.56,690.54,686.59,690.02,717.18,494866.41
2025-01-24 00:00:00,690.02,688.15,684.63,685.36,425.86,291866.04
2025-01-24 01:00:00,685.36,686.16,682.86,684.72,632.93,433379.5
2025-01-24 02:00:00,684.72,683.4,679.18,680.31,880.22,598826.13
2025-01-24 03:00:00,680.31,686.48,681.29,682.23,1003.53,684633.86
2025-01-24 04:00:00,682.23,686.99,683.85,685.84,706.77,484732.26
2025-01-24 05:00:00,685.84,692.01,688.22,690.85,1247.6,861910.56
2025-01-24 06:00:00,690.85,690.71,683.57,685.46,1597.06,1094716.77
2025-01-24 07:00:00,685.46,687.74,685.53,686.79,943.5,647988.62
2025-01-24 08:00:00,686.79,690.39,688.07,689.02,1104.16,760786.09
2025-01-24 09:00:00,689.02,689.05,686.0,688.74,490.01,337488.36
2025-01-24 10:00:00,688.83,692.65,689.92,690.26,740.28,510988.85
2025-01-24 11:00:00,690.38,690.93,688.92,689.14,228.42,157412.23
2025-01-24 12:00:00,689.14,690.33,688.44,688.75,236.3,162752.06
2025-01-24 13:00:00,688.75,687.5,685.4,685.82,550.38,377460.12
2025-01-24 14:00:00,685.82,692.24,686.1,687.58,989.64,680459.96
2025-01-24 15:00:00,687.58,689.22,684.24,685.51,537.98,368792.36
2025-01-24 16:00:00,685.51,684.6,682.7,684.39,487.74,333803.16
2025-01-24 17:00:00,684.39,689.89,686.16,687.01,1271.46,873507.39
2025-01-24 18:00:00,687.01,686.67,681.88,685.82,526.99,361418.3
2025-01-24 19:00:00,685.82,684.01,680.94,684.01,358.03,244896.14
2025-01-24 20:00:00,684.01,681.16,677.49,680.43,546.33,371738.75
2025-01-24 21:00:00,680.43,682.05,680.37,681.31,294.79,200844.35
2025-01-24 22:00:00,681.31,680.72,677.06,680.62,399.38,271825.77
2025-01-24 23:00:00,680.62,682.6,679.88,680.4,394.18,268201.12
2025-01-25 00:00:00,680.4,679.66,677.26,678.1,232.49,157650.51
2025-01-25 01:00:00,678.1,682.46,679.74,682.25,251.58,171640.49
2025-01-25 02:00:00,682.25,683.58,681.07,683.05,396.89,271097.03
2025-01-25 03:00:00,683.05,688.06,683.44,683.86,479.49,327902.88
2025-01-25 04:00:00,683.86,683.7,680.35,683.28,207.54,141807.63
2025-01-25 05:00:00,683.28,684.29,680.85,683.56,400.7,273901.74
2025-01-25 06:00:00,683.56,683.95,682.59,682.7,102.53,69996.91
2025-01-25 07:00:00,682.7,683.31,681.22,681.95,269.25,183615.51
2025-01-25 08:00:00,681.95,682.53,681.28,682.21,168.06,114652.92
2025-01-25 09:00:00,682.21,683.05,681.91,682.32,127.02,86668.85
2025-01-25 10:00:00,682.32,684.25,683.2,684.14,181.83,124397.27
2025-01-25 11:00:00,684.14,685.89,684.63,684.95,181.08,124030.3
2025-01-25 12:00:00,684.95,686.29,684.4,684.72,431.8,295661.18
2025-01-25 13:00:00,684.72,685.68,683.59,685.37,644.27,441562.15
2025-01-25 14:00:00,685.37,687.36,684.64,686.94,351.46,241433.14
2025-01-25 15:00:00,686.94,689.18,686.35,687.39,257.62,177086.54
2025-01-25 16:00:00,686.9,689.49,686.82,687.82,262.99,180890.49
2025-01-25 17:00:00,687.5,689.52,686.79,687.0,623.47,428324.48
2025-01-25 18:00:00,687.0,688.06,685.55,687.12,454.08,312007.48
2025-01-25 19:00:00,687.12,688.91,686.39,688.28,145.65,100248.49
2025-01-25 20:00:00,688.28,687.97,687.13,687.65,141.0,96959.12
2025-01-25 21:00:00,687.65,689.49,688.33,688.33,69.91,48121.14
2025-01-25 22:00:00,688.33,689.48,686.96,687.27,225.61,155055.66
2025-01-25 23:00:00,687.27,686.84,685.06,686.32,201.28,138141.75
2025-01-26 00:00:00,686.32,688.36,684.7,687.94,283.95,195341.44
2025-01-26 01:00:00,687.94,689.43,688.07,689.01,221.95,152926.75
2025-01-26 02:00:00,689.01,689.95,688.27,688.69,64.61,44496.24
2025-01-26 03:00:00,688.69,691.29,688.56,689.61,198.28,136736.64
2025-01-26 04:00:00,689.61,690.81,688.39,690.28,160.85,111032.2
2025-01-26 05:00:00,690.28,690.24,689.29,689.92,208.24,143669.75
2025-01-26 06:00:00,689.92,689.24,688.08,688.82,113.4,78112.15
2025-01-26 07:00:00,688.82,689.37,688.53,689.27,384.75,265195.16
2025-01-26 08:00:00,689.27,690.15,687.52,688.47,365.59,251697.42
2025-01-26 09:00:00,688.47,688.61,684.53,685.36,522.38,358019.99
2025-01-26 10:00:00,685.43,687.61,685.3,685.3,404.71,277346.34
2025-01-26 11:00:00,685.03,686.21,685.06,685.37,100.44,68838.58
2025-01-26 12:00:00,685.37,686.3,685.46,685.88,122.53,84040.93
2025-01-26 13:00:00,685.88,686.27,684.7,685.12,208.61,142922.27
2025-01-26 14:00:00,685.12,685.51,683.83,684.36,209.66,143481.98
2025-01-26 15:00:00,684.35,688.54,683.9,684.56,149.87,102594.99
2025-01-26 16:00:00,684.87,684.66,683.09,683.72,58.04,39683.0
2025-01-26 17:00:00,683.72,685.01,683.54,684.59,101.35,69383.06
2025-01-26 18:00:00,684.59,686.17,683.55,683.97,348.98,238690.63
2025-01-26 19:00:00,683.97,684.09,683.04,684.09,79.04,54070.73
2025-01-26 20:00:00,684.09,683.72,682.14,682.46,79.32,54132.52
2025-01-26 21:00:00,682.46,680.97,679.19,680.97,273.06,185945.8
2025-01-26 22:00:00,680.97,680.18,672.88,673.71,736.98,496512.17
2025-01-26 23:00:00,673.71,667.26,661.52,667.06,1179.77,786974.75
2025-01-27 00:00:00,667.06,663.8,658.72,663.5,1036.27,687563.37
2025-01-27 01:00:00,663.5,662.4,659.36,661.48,1144.95,757367.07
2025-01-27 02:00:00,661.48,660.31,654.25,657.99,3364.57,2213843.27
2025-01-27 03:00:00,657.99,662.03,660.2,661.42,1013.05,670049.55
2025-01-27 04:00:00,661.42,657.76,653.54,653.74,814.02,532160.58
2025-01-27 05:00:00,653.74,653.88,649.47,653.18,1050.21,685978.16
2025-01-27 06:00:00,653.18,649.09,643.84,648.89,1201.44,779599.39
2025-01-27 07:00:00,648.89,649.74,644.99,647.07,2656.83,1719148.08
2025-01-27 08:00:00,647.07,647.34,642.69,646.84,1051.44,680117.09
2025-01-27 09:00:00,646.84,653.04,648.77,652.35,1351.21,881459.38
2025-01-27 10:00:00,652.35,646.84,642.52,645.96,596.75,385476.0
2025-01-27 11:00:00,645.96,651.35,648.09,650.86,663.39,431772.2
2025-01-27 12:00:00,650.86,664.26,658.63,658.93,920.52,606557.26
2025-01-27 13:00:00,658.93,661.14,656.01,659.83,1200.27,791976.93
2025-01-27 14:00:00,659.83,669.84,664.85,666.58,1560.65,1040295.78
2025-01-27 15:00:00,666.58,665.61,661.06,664.5,906.61,602441.33
2025-01-27 16:00:00,664.5,665.21,655.24,661.22,3569.29,2360095.46
2025-01-27 17:00:00,661.22,660.31,656.94,659.41,687.31,453221.74
2025-01-27 18:00:00,659.41,660.66,657.09,658.18,3455.21,2274140.84
2025-01-27 19:00:00,658.18,665.92,660.34,665.13,733.38,487790.48
2025-01-27 20:00:00,665.13,678.25,670.75,672.47,2157.53,1450874.5
2025-01-27 21:00:00,672.47,675.97,668.98,674.35,939.22,633359.67
2025-01-27 22:00:00,674.35,678.88,676.03,678.47,627.35,425638.49
2025-01-27 23:00:00,678.47,681.59,678.12,679.55,1412.65,959971.34
2025-01-28 00:00:00,679.55,678.71,674.13,678.2,588.02,398795.73
2025-01-28 01:00:00,678.2,677.77,673.82,677.77,504.35,341835.11
2025-01-28 02:00:00,677.77,685.29,679.96,679.96,572.75,389447.95
2025-01-28 03:00:00,679.96,682.65,678.55,679.47,454.25,308649.63
2025-01-28 04:00:00,679.47,681.91,678.72,681.71,627.67,427888.26
2025-01-28 05:00:00,681.71,682.48,680.62,681.35,392.11,267162.39
2025-01-28 06:00:00,681.35,680.92,678.66,678.97,329.4,223651.31
2025-01-28 07:00:00,678.97,680.14,677.05,677.67,551.03,373415.52
2025-01-28 08:00:00,677.67,678.15,675.27,675.68,1683.88,1137760.53
2025-01-28 09:00:00,675.68,677.24,675.7,675.7,1271.27,858993.63
2025-01-28 10:00:00,675.7,676.6,672.9,675.88,1669.84,1128606.87
2025-01-28 11:00:00,675.88,676.05,674.61,675.23,335.37,226451.79
2025-01-28 12:00:00,675.23,674.69,672.74,673.25,303.37,204245.1
2025-01-28 13:00:00,673.25,675.53,670.19,672.45,1389.56,934407.78
2025-01-28 14:00:00,672.45,674.75,671.26,672.49,748.17,503140.53
2025-01-28 15:00:00,672.49,673.98,670.18,673.16,1303.98,877784.37
2025-01-28 16:00:00,673.16,673.2,668.91,670.23,1023.92,686266.8
2025-01-28 17:00:00,670.23,674.15,670.04,672.81,583.83,392808.82
2025-01-28 18:00:00,672.81,670.82,667.96,669.69,461.36,308969.15
2025-01-28 19:00:00,669.69,671.36,668.6,670.03,340.97,228459.98
2025-01-28 20:00:00,670.03,664.87,661.73,664.46,396.61,263532.52
2025-01-28 21:00:00,664.46,661.77,657.96,660.86,614.47,406080.93
2025-01-28 22:00:00,660.86,667.61,662.15,663.97,650.36,431818.71
2025-01-28 23:00:00,663.97,665.03,660.68,660.88,528.6,349341.78
2025-01-29 00:00:00,660.88,666.6,662.94,666.6,308.84,205873.63
2025-01-29 01:00:00,666.6,669.65,666.4,668.94,281.06,188012.19
2025-01-29 02:00:00,668.94,669.96,667.12,669.35,159.34,106654.82
2025-01-29 03:00:00,669.35,674.94,670.55,674.32,957.04,645355.4
2025-01-29 04:00:00,674.32,678.66,673.97,676.52,1436.46,971798.96
2025-01-29 05:00:00,676.52,678.32,675.36,675.77,224.77,151892.61
2025-01-29 06:00:00,675.77,680.38,677.81,678.02,259.8,176148.74
2025-01-29 07:00:00,678.02,677.5,673.7,673.91,413.06,278365.12
2025-01-29 08:00:00,673.91,674.14,670.44,670.64,450.05,301823.68
2025-01-29 09:00:00,670.64,669.79,667.95,669.28,201.96,135168.25
2025-01-29 10:00:00,669.28,671.27,669.12,670.24,210.83,141307.67
2025-01-29 11:00:00,670.24,671.5,669.86,669.96,99.11,66399.61
2025-01-29 12:00:00,669.96,667.85,665.91,666.53,280.32,186840.34
2025-01-29 13:00:00,666.53,666.71,663.86,666.2,277.92,185150.89
2025-01-29 14:00:00,666.2,667.88,663.8,664.0,364.64,242120.75
2025-01-29 15:00:00,664.0,665.59,663.24,664.37,285.24,189503.74
2025-01-29 16:00:00,664.37,665.15,662.81,663.11,323.76,214689.46
2025-01-29 17:00:00,663.11,665.85,664.52,665.44,361.89,240817.41
2025-01-29 18:00:00,665.44,668.74,666.27,668.12,543.85,363358.81
2025-01-29 19:00:00,668.12,674.85,667.49,668.32,1197.91,800586.32
2025-01-29 20:00:00,668.32,673.72,669.76,671.22,933.92,626868.87
2025-01-29 21:00:00,671.22,671.14,667.19,671.14,501.55,336608.02
2025-01-29 22:00:00,671.14,672.25,668.63,671.53,839.3,563611.56
2025-01-29 23:00:00,671.53,672.98,667.27,667.9,138.21,92310.08
2025-01-30 00:00:00,667.9,672.25,669.45,671.53,250.94,168512.71
2025-01-30 01:00:00,671.53,674.12,671.93,672.55,133.14,89543.57
2025-01-30 02:00:00,672.55,676.54,673.93,674.34,142.13,95844.62
2025-01-30 03:00:00,674.34,678.42,675.16,675.27,877.25,592378.69
2025-01-30 04:00:00,675.27,680.68,676.99,677.63,356.22,241383.59
2025-01-30 05:00:00,677.63,679.84,676.26,678.89,296.15,201053.46
2025-01-30 06:00:00,678.89,679.86,675.86,677.44,1130.81,766051.0
2025-01-30 07:00:00,677.44,678.17,676.17,676.91,194.23,131475.89
2025-01-30 08:00:00,676.91,677.32,675.53,677.32,80.38,54442.6
2025-01-30 09:00:00,677.32,680.42,677.78,678.52,206.89,140378.56
2025-01-30 10:00:00,678.52,679.19,677.5,678.66,232.01,157456.19
2025-01-30 11:00:00,678.66,679.71,678.23,678.55,102.43,69503.76
2025-01-30 12:00:00,678.55,678.69,676.59,678.06,102.6,69569.18
2025-01-30 13:00:00,678.43,687.83,678.04,679.34,698.06,474221.49
2025-01-30 14:00:00,679.18,686.23,680.3,682.2,838.31,571897.85
2025-01-30 15:00:00,682.2,681.05,677.04,680.63,419.24,285346.66
2025-01-30 16:00:00,680.63,681.95,678.99,681.63,199.95,136292.58
2025-01-30 17:00:00,681.63,682.55,678.97,680.55,346.31,235680.54
2025-01-30 18:00:00,680.55,684.29,681.12,681.33,262.89,179115.48
2025-01-30 19:00:00,681.33,682.95,680.2,680.62,245.43,167045.73
2025-01-30 20:00:00,680.62,678.56,673.84,678.14,740.09,501885.18
2025-01-30 21:00:00,678.14,679.99,677.68,679.05,116.86,79353.6
2025-01-30 22:00:00,679.05,679.46,678.1,679.04,353.55,240075.39
2025-01-30 23:00:00,679.04,677.67,675.88,677.56,347.34,235343.81
2025-01-31 00:00:00,677.56,679.74,677.85,678.48,221.85,150520.04
2025-01-31 01:00:00,678.48,679.33,677.34,678.39,94.82,64324.7
2025-01-31 02:00:00,678.39,677.97,675.26,677.56,173.08,117271.47
2025-01-31 03:00:00,677.56,678.43,675.19,675.51,348.33,235299.59
2025-01-31 04:00:00,675.51,674.39,672.62,674.39,163.57,110310.35
2025-01-31 05:00:00,674.39,678.41,676.22,678.41,107.05,72624.17
2025-01-31 06:00:00,678.41,679.81,678.45,679.71,165.36,112396.22
2025-01-31 07:00:00,679.94,677.51,673.62,677.51,201.11,136253.42
2025-01-31 08:00:00,677.45,677.4,675.95,676.78,255.62,172998.12
2025-01-31 09:00:00,676.78,679.81,677.83,679.5,167.33,113700.86
2025-01-31 10:00:00,679.5,680.0,678.23,678.96,104.23,70767.78
2025-01-31 11:00:00,679.13,692.75,682.75,683.08,1473.96,1006835.14
2025-01-31 12:00:00,683.08,687.28,681.25,682.59,346.37,236428.89
2025-01-31 13:00:00,682.59,685.05,682.71,683.38,569.3,389046.43
2025-01-31 14:00:00,683.38,685.94,680.92,683.26,1116.41,762799.13
2025-01-31 15:00:00,683.26,699.42,688.8,689.48,1289.42,889031.11
2025-01-31 16:00:00,689.48,688.51,682.39,686.47,2444.25,1677908.77
2025-01-31 17:00:00,686.53,684.87,683.09,683.61,387.08,264613.45
2025-01-31 18:00:00,683.61,677.7,670.0,677.39,1991.97,1349336.38
2025-01-31 19:00:00,677.39,679.42,674.2,678.8,1600.0,1086086.83
2025-01-31 20:00:00,678.8,677.71,673.24,677.3,832.48,563839.01
2025-01-31 21:00:00,677.3,680.78,676.18,676.59,1329.67,899641.96
2025-01-31 22:00:00,676.59,678.51,676.05,676.56,362.63,245341.98
2025-01-31 23:00:00,676.56,678.69,677.25,677.36,561.04,380023.63
2025-02-01 00:00:00,677.36,680.57,676.67,680.36,471.5,320791.01
2025-02-01 01:00:00,680.11,679.66,675.69,679.0,1141.43,775029.77
2025-02-01 02:00:00,679.11,679.87,677.51,679.66,519.4,353015.51
2025-02-01 03:00:00,679.66,678.17,676.74,677.05,532.84,360759.08
2025-02-01 04:00:00,677.05,678.16,676.73,677.03,776.45,525682.21
2025-02-01 05:00:00,677.03,678.6,677.48,677.48,289.63,196217.23
2025-02-01 06:00:00,677.48,676.9,675.46,675.56,975.11,658749.93
2025-02-01 07:00:00,675.56,674.09,673.17,673.89,170.24,114722.73
2025-02-01 08:00:00,673.89,673.47,671.73,672.85,389.2,261875.04
2025-02-01 09:00:00,672.85,671.39,668.85,668.85,284.61,190361.35
2025-02-01 10:00:00,668.85,669.18,668.36,668.97,489.86,327703.45
2025-02-01 11:00:00,668.97,671.72,670.7,671.32,135.94,91258.58
2025-02-01 12:00:00,671.32,673.05,671.92,672.23,311.88,209654.38
2025-02-01 13:00:00,672.23,669.57,667.94,668.76,273.31,182778.54
2025-02-01 14:00:00,668.76,669.07,667.23,667.74,610.21,407463.61
2025-02-01 15:00:00,667.74,669.59,667.45,667.96,252.5,168660.24
2025-02-01 16:00:00,667.96,667.55,666.53,666.84,784.65,523235.91
2025-02-01 17:00:00,666.84,669.23,667.9,668.51,178.24,119155.52
2025-02-01 18:00:00,668.51,667.11,665.38,665.48,735.18,489248.3
2025-02-01 19:00:00,665.48,663.71,660.86,661.06,447.25,295660.54
2025-02-01 20:00:00,661.06,660.03,658.0,659.42,1445.81,953397.75
2025-02-01 21:00:00,659.42,661.25,658.01,658.32,1144.92,753721.22
2025-02-01 22:00:00,658.32,656.58,652.85,655.27,645.34,422871.0
2025-02-01 23:00:00,655.27,655.94,652.22,652.92,538.88,351846.79
2025-02-02 00:00:00,652.92,660.43,656.68,660.43,271.43,179259.65
2025-02-02 01:00:00,660.43,662.36,660.04,661.76,279.95,185258.8
2025-02-02 02:00:00,661.76,656.94,655.13,655.43,260.52,170753.59
2025-02-02 03:00:00,655.43,650.31,645.45,649.72,712.58,462974.48
2025-02-02 04:00:00,649.72,656.87,651.89,654.08,776.68,508010.5
2025-02-02 05:00:00,654.08,659.0,656.7,657.8,222.08,146084.43
2025-02-02 06:00:00,657.8,658.67,655.86,656.56,293.67,192813.18
2025-02-02 07:00:00,656.56,653.42,651.43,653.12,254.79,166408.9
2025-02-02 08:00:00,653.12,657.53,653.94,656.93,473.21,310867.19
2025-02-02 09:00:00,656.93,657.18,655.29,656.78,777.33,510534.97
2025-02-02 10:00:00,656.78,656.73,654.64,654.64,403.59,264206.46
2025-02-02 11:00:00,654.64,651.06,646.61,646.71,2172.53,1405003.87
2025-02-02 12:00:00,646.71,644.64,642.09,644.25,480.84,309781.47
2025-02-02 13:00:00,644.25,650.21,645.77,649.33,817.25,530661.1
2025-02-02 14:00:00,649.33,652.4,648.93,649.73,321.75,209049.19
2025-02-02 15:00:00,649.73,650.63,644.27,645.36,1089.45,703091.61
2025-02-02 16:00:00,645.36,638.49,631.32,632.5,984.0,622378.88
2025-02-02 17:00:00,632.5,627.96,620.58,620.87,3494.36,2169546.32
2025-02-02 18:00:00,620.87,621.33,613.38,614.83,4766.4,2930541.71
2025-02-02 19:00:00,614.83,628.13,617.32,624.3,2779.79,1735411.55
2025-02-02 20:00:00,624.3,625.37,620.19,621.36,359.12,223142.51
2025-02-02 21:00:00,621.36,620.82,615.58,617.62,847.82,523629.9
2025-02-02 22:00:00,617.62,625.53,609.47,617.79,1972.82,1218794.59
2025-02-02 23:00:00,617.58,623.76,616.58,617.44,2281.46,1408672.04
2025-02-03 00:00:00,617.44,610.86,599.09,603.72,2660.54,1606228.76
2025-02-03 01:00:00,603.72,589.08,538.73,550.32,11466.96,6310447.97
2025-02-03 02:00:00,548.07,576.94,536.38,542.36,20564.73,11153397.71
2025-02-03 03:00:00,542.03,557.99,545.09,553.19,3848.33,2128843.13
2025-02-03 04:00:00,553.46,543.97,533.66,542.74,5044.98,2738105.04
2025-02-03 05:00:00,542.74,566.97,553.38,564.2,2243.91,1266017.48
2025-02-03 06:00:00,564.2,566.9,562.1,565.39,3890.93,2199886.41
2025-02-03 07:00:00,565.33,580.71,573.64,578.61,1586.68,918063.47
2025-02-03 08:00:00,578.61,578.78,568.47,573.34,1170.89,671315.35
2025-02-03 09:00:00,573.34,576.96,571.14,573.82,2122.99,1218203.63
2025-02-03 10:00:00,573.82,583.47,576.28,582.22,1054.86,614163.15
2025-02-03 11:00:00,582.22,578.88,576.03,576.5,475.04,273861.82
2025-02-03 12:00:00,576.5,578.15,571.99,572.75,934.47,535213.81
2025-02-03 13:00:00,572.75,574.22,569.2,572.89,1572.34,900785.47
2025-02-03 14:00:00,572.89,585.17,571.05,577.14,3597.63,2076337.62
2025-02-03 15:00:00,577.14,593.37,585.84,589.8,3808.83,2246466.49
2025-02-03 16:00:00,589.8,594.32,587.41,591.06,1342.68,793606.75
2025-02-03 17:00:00,591.06,598.27,594.9,595.0,1345.34,800471.37
2025-02-03 18:00:00,595.0,600.37,597.47,599.97,631.83,379077.42
2025-02-03 19:00:00,599.97,615.19,611.41,612.12,1799.07,1101254.65
2025-02-03 20:00:00,612.12,607.0,597.39,601.94,1649.27,992767.86
2025-02-03 21:00:00,601.94,613.4,605.25,613.4,762.83,467918.42
2025-02-03 22:00:00,613.05,626.9,609.38,613.97,2246.4,1379228.77
2025-02-03 23:00:00,614.23,618.14,611.85,617.94,923.81,570858.92
2025-02-04 00:00:00,617.94,618.43,613.57,615.09,942.84,579930.89
2025-02-04 01:00:00,615.09,617.44,609.93,612.37,1223.26,749086.47
2025-02-04 02:00:00,612.35,604.76,599.72,604.76,1793.26,1084500.1
2025-02-04 03:00:00,604.76,607.4,602.34,602.34,1087.66,655139.2
2025-02-04 04:00:00,602.34,600.45,597.36,597.92,1253.72,749627.47
2025-02-04 05:00:00,598.2,591.48,575.84,576.53,1909.06,1100639.83
2025-02-04 06:00:00,576.41,585.02,580.92,582.83,1703.98,993133.24
2025-02-04 07:00:00,582.83,578.18,569.52,569.52,2917.69,1661690.06
2025-02-04 08:00:00,569.23,571.99,565.2,571.4,1187.44,678502.62
2025-02-04 09:00:00,571.4,575.52,570.89,574.93,662.01,380606.76
2025-02-04 10:00:00,574.93,582.39,577.25,581.6,504.78,293580.69
2025-02-04 11:00:00,581.6,585.37,582.2,583.49,545.83,318484.06
2025-02-04 12:00:00,583.49,589.77,585.89,588.28,740.21,435450.25
2025-02-04 13:00:00,588.28,587.99,581.54,582.34,668.07,389042.34
2025-02-04 14:00:00,582.34,589.36,584.85,585.25,2022.13,1183459.16
2025-02-04 15:00:00,585.25,584.46,580.19,582.67,1182.45,688982.71
2025-02-04 16:00:00,582.67,583.21,579.05,581.93,818.06,476050.1
2025-02-04 17:00:00,582.23,587.29,580.25,582.79,522.43,304465.75
2025-02-04 18:00:00,582.81,585.55,583.56,584.45,419.94,245436.0
2025-02-04 19:00:00,584.45,581.66,575.52,575.72,957.15,551050.89
2025-02-04 20:00:00,575.72,575.91,571.27,571.27,1609.54,919476.96
2025-02-04 21:00:00,571.27,561.52,554.68,558.34,1681.74,938986.05
2025-02-04 22:00:00,558.34,569.42,565.61,567.66,1065.69,604949.16
2025-02-04 23:00:00,567.66,572.78,567.7,572.78,316.55,181314.97
2025-02-05 00:00:00,572.78,575.95,570.94,571.92,245.86,140612.25
2025-02-05 01:00:00,571.92,570.69,568.73,569.51,399.83,227708.26
2025-02-05 02:00:00,569.51,575.14,570.34,574.55,686.6,394488.38
2025-02-05 03:00:00,574.55,575.95,574.18,574.87,380.98,219012.49
2025-02-05 04:00:00,574.87,576.69,574.34,576.3,216.56,124803.94
2025-02-05 05:00:00,576.3,579.21,574.79,579.01,602.79,349024.05
2025-02-05 06:00:00,579.01,576.07,572.26,572.45,1295.61,741677.06
2025-02-05 07:00:00,572.45,575.89,573.25,573.94,501.97,288099.03
2025-02-05 08:00:00,573.92,576.9,572.18,572.74,727.14,416461.7
2025-02-05 09:00:00,572.74,571.03,567.44,569.65,2829.98,1612102.68
2025-02-05 10:00:00,569.65,574.66,570.77,571.04,447.65,255628.23
2025-02-05 11:00:00,571.19,577.19,573.95,575.13,626.81,360495.62
2025-02-05 12:00:00,575.13,575.44,572.49,574.65,523.63,300904.38
2025-02-05 13:00:00,574.65,578.2,576.13,577.61,190.48,110022.46
2025-02-05 14:00:00,577.61,576.2,573.54,574.13,456.96,262355.62
2025-02-05 15:00:00,574.13,573.37,570.23,570.23,442.68,252428.85
2025-02-05 16:00:00,570.23,570.58,564.8,568.72,922.96,524906.02
2025-02-05 17:00:00,568.72,567.0,562.71,563.78,438.23,247066.77
2025-02-05 18:00:00,563.78,565.15,558.66,562.92,530.02,298359.29
2025-02-05 19:00:00,562.92,571.17,566.5,570.3,495.25,282439.29
2025-02-05 20:00:00,570.3,570.55,567.04,568.7,622.03,353747.88
2025-02-05 21:00:00,568.7,570.02,564.4,569.93,511.46,291494.27
2025-02-05 22:00:00,569.93,568.72,566.01,567.27,403.16,228700.17
2025-02-05 23:00:00,567.27,571.11,568.11,569.56,896.54,510632.5
2025-02-06 00:00:00,569.56,573.53,570.72,570.92,509.86,291086.93
2025-02-06 01:00:00,570.92,575.49,571.89,574.32,229.72,131933.07
2025-02-06 02:00:00,574.32,578.77,575.56,576.53,343.46,198015.88
2025-02-06 03:00:00,576.52,578.78,572.61,576.82,985.79,568619.34
2025-02-06 04:00:00,576.42,578.72,576.86,577.35,184.65,106608.09
2025-02-06 05:00:00,577.15,579.58,574.76,577.03,431.13,248773.69
2025-02-06 06:00:00,577.01,581.81,580.13,581.61,343.44,199747.69
2025-02-06 07:00:00,581.61,580.9,579.03,579.23,211.07,122257.32
2025-02-06 08:00:00,579.23,579.43,577.56,577.95,265.19,153267.45
2025-02-06 09:00:00,577.95,581.14,580.26,580.75,151.65,88070.67
2025-02-06 10:00:00,580.75,583.09,580.02,580.42,428.66,248802.82
2025-02-06 11:00:00,580.42,580.37,577.7,579.09,253.43,146757.78
2025-02-06 12:00:00,579.09,587.5,575.5,583.86,3020.24,1763389.31
2025-02-06 13:00:00,583.86,590.73,585.1,587.67,2598.46,1527033.49
2025-02-06 14:00:00,587.67,583.6,579.59,580.47,677.58,393316.06
2025-02-06 15:00:00,580.47,578.95,571.84,572.23,1234.32,706319.72
2025-02-06 16:00:00,572.23,575.89,567.68,575.22,1109.63,638276.8
2025-02-06 17:00:00,575.22,578.12,573.28,575.8,586.95,337963.18
2025-02-06 18:00:00,575.8,578.53,572.37,574.87,964.41,554412.48
2025-02-06 19:00:00,574.87,576.61,572.57,575.17,543.03,312332.34
2025-02-06 20:00:00,575.17,582.37,580.24,581.99,530.5,308743.81
2025-02-06 21:00:00,581.99,581.86,579.25,580.7,284.62,165279.32
2025-02-06 22:00:00,580.94,585.0,578.52,578.79,545.03,315455.58
2025-02-06 23:00:00,578.68,577.26,571.76,572.05,408.23,233526.64
2025-02-07 00:00:00,572.05,576.06,571.04,576.06,538.98,310483.09
2025-02-07 01:00:00,576.06,582.28,579.55,580.24,421.51,244575.13
2025-02-07 02:00:00,580.24,583.86,580.64,580.84,404.08,234704.56
2025-02-07 03:00:00,580.84,580.92,579.46,579.85,152.25,88281.82
2025-02-07 04:00:00,579.85,581.99,579.65,580.82,205.91,119596.38
2025-02-07 05:00:00,580.82,580.71,579.15,580.42,297.83,172865.67
2025-02-07 06:00:00,580.42,578.17,574.2,577.49,342.25,197645.51
2025-02-07 07:00:00,577.49,582.03,576.32,581.64,633.2,368294.02
2025-02-07 08:00:00,581.64,585.3,582.39,585.01,856.21,500893.57
2025-02-07 09:00:00,585.01,587.69,584.67,587.69,708.94,416635.23
2025-02-07 10:00:00,587.69,587.87,584.07,584.56,236.81,138429.7
2025-02-07 11:00:00,584.56,587.65,584.23,584.62,441.2,257934.47
2025-02-07 12:00:00,584.62,586.19,584.03,585.11,256.53,150098.68
2025-02-07 13:00:00,585.11,592.39,587.44,587.84,970.28,570367.31
2025-02-07 14:00:00,587.84,593.35,586.87,589.46,869.12,512311.22
2025-02-07 15:00:00,589.46,584.73,580.7,583.25,1077.07,628204.05
2025-02-07 16:00:00,583.25,583.51,580.19,581.16,503.11,292389.69
2025-02-07 17:00:00,581.23,583.93,577.76,582.05,731.15,425565.45
2025-02-07 18:00:00,582.01,585.33,582.88,584.74,283.0,165481.2
2025-02-07 19:00:00,584.74,581.94,579.33,581.36,412.56,239847.3
2025-02-07 20:00:00,581.46,572.72,565.73,571.68,872.6,498850.21
2025-02-07 21:00:00,571.55,576.3,573.03,573.99,667.05,382881.26
2025-02-07 22:00:00,574.04,576.54,572.15,574.99,405.53,233176.17
2025-02-07 23:00:00,574.99,584.07,577.51,578.04,595.14,344012.62
2025-02-08 00:00:00,578.04,584.11,576.16,579.34,377.31,218591.09
2025-02-08 01:00:00,578.94,578.57,574.81,574.91,341.93,196577.34
2025-02-08 02:00:00,574.91,577.01,574.59,576.62,402.71,232211.36
2025-02-08 03:00:00,576.62,577.49,575.75,577.0,253.76,146420.45
2025-02-08 04:00:00,577.0,578.07,574.6,578.07,179.45,103733.91
2025-02-08 05:00:00,577.97,578.56,574.89,578.29,162.64,94053.67
2025-02-08 06:00:00,578.58,579.57,577.17,579.57,384.09,222606.48
2025-02-08 07:00:00,579.57,580.98,578.47,579.92,300.5,174265.45
2025-02-08 08:00:00,579.51,577.84,574.45,577.84,181.58,104923.98
2025-02-08 09:00:00,577.51,579.4,578.54,579.21,98.65,57139.07
2025-02-08 10:00:00,579.21,581.13,578.53,580.93,622.44,361597.04
2025-02-08 11:00:00,580.93,583.54,581.13,582.77,745.2,434277.93
2025-02-08 12:00:00,582.77,587.86,582.29,587.09,1286.36,755213.72
2025-02-08 13:00:00,587.28,598.05,588.87,594.38,6978.43,4147818.48
2025-02-08 14:00:00,594.38,606.56,592.96,602.64,7786.17,4692266.46
2025-02-08 15:00:00,602.98,603.61,592.88,596.61,1984.7,1184098.24
2025-02-08 16:00:00,596.61,615.37,597.3,611.81,4809.65,2942614.19
2025-02-08 17:00:00,611.81,617.24,612.52,616.18,2093.41,1289927.67
2025-02-08 18:00:00,616.18,627.4,616.3,626.53,3335.58,2089840.55
2025-02-08 19:00:00,626.53,632.75,622.41,625.21,2834.68,1772276.03
2025-02-08 20:00:00,624.68,632.9,624.2,627.63,12343.26,7746990.63
2025-02-08 21:00:00,627.68,628.37,621.04,621.04,1161.89,721575.11
2025-02-08 22:00:00,621.04,620.99,616.16,616.74,1227.0,756741.94
2025-02-08 23:00:00,616.74,617.83,612.33,612.52,1584.28,970408.76
2025-02-09 00:00:00,612.52,615.45,611.2,613.23,1609.31,986873.3
2025-02-09 01:00:00,613.23,620.81,614.02,614.7,2308.96,1419324.36
2025-02-09 02:00:00,614.7,615.2,612.78,613.07,661.17,405344.31
2025-02-09 03:00:00,613.07,617.66,613.48,616.4,1012.87,624332.69
2025-02-09 04:00:00,616.4,618.8,615.4,617.05,684.02,422076.7
2025-02-09 05:00:00,617.05,615.92,610.68,612.62,781.57,478804.62
2025-02-09 06:00:00,612.62,616.62,612.15,616.42,331.67,204449.11
2025-02-09 07:00:00,616.42,638.36,614.96,637.49,6819.84,4347568.51
2025-02-09 08:00:00,637.49,648.39,633.92,647.71,4502.23,2916129.9
2025-02-09 09:00:00,647.71,647.34,635.61,637.45,5746.55,3663128.08
2025-02-09 10:00:00,637.45,643.61,635.39,635.97,2431.75,1546512.27
2025-02-09 11:00:00,635.97,636.95,627.58,630.09,2824.57,1779741.44
2025-02-09 12:00:00,630.09,631.08,618.24,622.1,3692.68,2297219.32
2025-02-09 13:00:00,622.1,622.97,615.49,622.68,1717.63,1069530.95
2025-02-09 14:00:00,622.68,627.82,620.12,622.43,1671.95,1040675.91
2025-02-09 15:00:00,622.43,627.04,622.6,624.63,893.33,557997.36
2025-02-09 16:00:00,624.63,627.8,622.98,626.16,842.11,527297.84
2025-02-09 17:00:00,626.16,625.65,622.86,623.34,612.7,381920.16
2025-02-09 18:00:00,623.34,625.42,621.28,622.43,592.84,369003.78
2025-02-09 19:00:00,622.43,621.88,616.98,617.84,785.14,485092.25
2025-02-09 20:00:00,617.84,620.31,616.65,617.13,717.24,442629.83
2025-02-09 21:00:00,617.13,611.44,605.25,606.3,1148.3,696214.68
2025-02-09 22:00:00,606.3,616.08,608.6,613.87,745.81,457830.69
2025-02-09 23:00:00,613.87,618.18,615.48,616.06,540.93,333245.64
2025-02-10 00:00:00,616.06,621.33,615.91,618.91,1853.58,1147195.53
2025-02-10 01:00:00,618.91,611.54,602.08,604.76,2552.53,1543657.31
2025-02-10 02:00:00,604.76,607.07,596.73,598.36,2229.29,1333908.34
2025-02-10 03:00:00,598.36,610.35,602.7,606.57,1442.19,874793.3
2025-02-10 04:00:00,606.57,609.01,605.52,606.69,1252.05,759602.39
2025-02-10 05:00:00,606.69,609.26,606.16,608.29,689.91,419666.57
2025-02-10 06:00:00,608.29,609.38,606.27,608.31,512.33,311654.72
2025-02-10 07:00:00,608.31,610.81,608.08,608.08,220.82,134276.68
2025-02-10 08:00:00,608.08,609.84,603.39,604.85,1541.61,932450.14
2025-02-10 09:00:00,604.85,606.17,602.85,604.9,455.55,275561.72
2025-02-10 10:00:00,604.9,606.82,603.4,605.84,1245.5,754577.19
2025-02-10 11:00:00,605.84,606.85,603.34,606.37,470.27,285155.56
2025-02-10 12:00:00,606.37,606.19,603.47,605.9,561.66,340309.57
2025-02-10 13:00:00,605.81,614.78,608.08,608.35,384.1,233665.85
2025-02-10 14:00:00,608.41,603.55,601.02,602.77,686.06,413537.72
2025-02-10 15:00:00,602.77,605.71,601.92,603.47,479.62,289438.43
2025-02-10 16:00:00,603.47,616.82,603.97,611.08,2792.67,1706546.16
2025-02-10 17:00:00,611.08,614.8,610.81,611.1,395.93,241952.3
2025-02-10 18:00:00,611.1,614.27,611.34,612.12,343.31,210147.6
2025-02-10 19:00:00,612.12,613.81,610.69,612.34,952.58,583306.7
2025-02-10 20:00:00,612.34,612.74,610.4,612.44,352.43,215843.98
2025-02-10 21:00:00,612.44,614.32,612.18,612.18,211.07,129212.37
2025-02-10 22:00:00,612.18,614.79,611.38,614.79,428.72,263574.22
2025-02-10 23:00:00,614.79,619.15,614.96,618.67,730.09,451682.68
2025-02-11 00:00:00,618.67,625.38,619.41,621.46,1008.57,626789.27
2025-02-11 01:00:00,621.46,624.08,617.81,618.2,1031.57,637718.75
2025-02-11 02:00:00,618.2,618.07,615.43,616.02,1630.43,1004369.83
2025-02-11 03:00:00,616.02,623.14,615.04,622.46,716.48,445981.17
2025-02-11 04:00:00,622.46,644.35,623.65,637.38,8536.91,5441278.29
2025-02-11 05:00:00,637.38,641.53,635.53,638.28,4654.95,2971169.48
2025-02-11 06:00:00,638.28,641.85,637.72,638.11,1780.58,1136208.08
2025-02-11 07:00:00,638.11,638.07,635.32,637.09,509.82,324801.91
2025-02-11 08:00:00,637.09,643.57,636.79,641.41,1201.85,770879.4
2025-02-11 09:00:00,641.41,643.04,638.14,640.0,1470.08,940855.52
2025-02-11 10:00:00,640.0,641.26,638.22,639.3,756.44,483592.23
2025-02-11 11:00:00,639.3,645.92,639.34,643.66,1032.34,664474.31
2025-02-11 12:00:00,643.66,642.21,638.1,640.25,964.41,617464.81
2025-02-11 13:00:00,640.25,636.26,629.97,630.65,2470.94,1558289.08
2025-02-11 14:00:00,630.65,637.12,631.3,632.86,1992.95,1261249.8
2025-02-11 15:00:00,632.86,638.89,632.98,637.83,1141.77,728250.95
2025-02-11 16:00:00,637.83,635.01,631.06,632.7,820.96,519419.47
2025-02-11 17:00:00,632.7,633.46,628.75,633.27,849.04,537671.49
2025-02-11 18:00:00,633.27,630.57,626.18,630.09,1707.39,1075816.02
2025-02-11 19:00:00,630.06,629.11,623.93,628.59,4231.55,2659902.17
2025-02-11 20:00:00,628.32,634.21,629.07,632.4,1462.37,924805.08
2025-02-11 21:00:00,632.4,641.38,637.43,640.13,796.21,509678.43
2025-02-11 22:00:00,640.13,640.75,634.25,640.56,1309.29,838677.83
2025-02-11 23:00:00,640.56,645.66,641.35,642.12,1716.3,1102063.96
2025-02-12 00:00:00,642.12,648.26,640.96,642.12,2400.18,1541194.41
2025-02-12 01:00:00,642.12,643.01,639.74,640.51,2019.66,1293607.25
2025-02-12 02:00:00,640.51,636.96,633.91,635.53,857.06,544687.05
2025-02-12 03:00:00,635.53,633.67,631.19,631.86,687.39,434332.89
2025-02-12 04:00:00,631.86,633.97,627.86,628.05,2333.66,1465653.59
2025-02-12 05:00:00,628.05,631.44,629.05,630.87,803.94,507179.41
2025-02-12 06:00:00,630.87,633.92,630.28,631.14,637.18,402151.5
2025-02-12 07:00:00,631.14,639.49,632.47,637.09,702.34,447450.54
2025-02-12 08:00:00,637.09,643.97,637.8,642.81,782.85,503225.39
2025-02-12 09:00:00,642.81,647.37,640.35,647.08,1643.19,1063270.7
2025-02-12 10:00:00,647.08,652.27,645.55,647.85,3203.88,2075647.33
2025-02-12 11:00:00,647.85,650.14,644.95,646.2,1107.5,715669.85
2025-02-12 12:00:00,646.2,646.56,643.11,646.28,1440.61,931030.35
2025-02-12 13:00:00,646.28,644.31,638.52,643.27,4198.85,2700992.01
2025-02-12 14:00:00,643.27,649.28,640.67,648.13,2428.7,1574124.74
2025-02-12 15:00:00,648.13,663.75,648.81,658.96,5202.24,3428079.44
2025-02-12 16:00:00,658.96,673.71,666.24,672.64,3594.38,2417736.3
2025-02-12 17:00:00,672.48,679.08,666.78,667.85,5432.38,3628003.0
2025-02-12 18:00:00,668.21,689.27,664.94,688.98,8978.98,6186343.42
2025-02-12 19:00:00,688.98,694.45,685.6,692.99,4446.54,3081419.42
2025-02-12 20:00:00,692.99,705.08,691.01,701.29,5626.2,3945617.39
2025-02-12 21:00:00,701.29,706.79,693.71,697.52,2395.86,1671151.54
2025-02-12 22:00:00,697.52,704.39,697.35,701.16,3235.41,2268551.43
2025-02-12 23:00:00,701.16,704.01,695.4,696.97,3361.7,2342987.57
2025-02-13 00:00:00,696.97,700.86,696.07,698.9,1582.79,1106218.77
2025-02-13 01:00:00,698.9,720.19,698.63,715.09,8379.43,5992076.72
2025-02-13 02:00:00,715.09,718.14,704.88,710.73,4701.75,3341683.85
2025-02-13 03:00:00,710.73,724.41,709.39,717.19,4718.38,3383988.24
2025-02-13 04:00:00,717.19,718.53,701.28,705.83,4325.48,3053065.38
2025-02-13 05:00:00,705.83,714.26,702.95,712.81,4256.06,3033774.66
2025-02-13 06:00:00,712.81,710.93,703.15,706.03,2705.9,1910449.84
2025-02-13 07:00:00,706.03,708.51,703.52,705.82,1814.63,1280808.89
2025-02-13 08:00:00,705.82,705.74,695.67,700.66,2655.75,1860771.53
2025-02-13 09:00:00,700.66,708.52,702.26,707.08,2214.49,1565811.86
2025-02-13 10:00:00,707.08,711.08,705.21,709.54,2149.81,1525381.36
2025-02-13 11:00:00,709.54,712.31,703.1,710.67,1952.92,1387891.25
2025-02-13 12:00:00,710.67,709.99,701.27,702.71,1587.27,1115391.94
2025-02-13 13:00:00,702.71,732.04,698.7,721.18,15948.39,11501676.52
2025-02-13 14:00:00,721.18,719.51,687.49,699.29,13513.65,9449906.14
2025-02-13 15:00:00,699.33,710.94,696.9,705.91,13587.04,9591162.19
2025-02-13 16:00:00,705.4,703.7,666.22,669.66,17891.68,11981270.37
2025-02-13 17:00:00,669.66,677.07,660.13,668.65,10214.91,6830219.87
2025-02-13 18:00:00,668.65,674.77,669.49,672.37,3246.99,2183186.7
2025-02-13 19:00:00,672.37,673.01,666.41,667.47,4732.64,3158879.22
2025-02-13 20:00:00,667.55,673.28,669.23,672.51,1219.65,820220.73
2025-02-13 21:00:00,672.51,678.18,669.98,674.13,1886.14,1271503.69
2025-02-13 22:00:00,674.13,673.62,668.32,669.09,883.4,591074.55
2025-02-13 23:00:00,669.09,673.05,664.83,664.93,2487.61,1654086.91
2025-02-14 00:00:00,664.93,672.75,661.81,672.75,2305.51,1551026.19
2025-02-14 01:00:00,672.75,676.96,670.97,676.76,2241.47,1516944.51
2025-02-14 02:00:00,676.76,681.75,674.99,678.85,2786.42,1891558.03
2025-02-14 03:00:00,678.85,684.78,679.15,683.33,1325.04,905433.82
2025-02-14 04:00:00,683.27,681.98,677.93,680.09,1340.71,911799.68
2025-02-14 05:00:00,680.28,683.39,673.91,674.78,1972.43,1330960.99
2025-02-14 06:00:00,674.78,676.0,668.83,670.28,1736.27,1163792.87
2025-02-14 07:00:00,670.28,671.51,665.69,668.69,2826.32,1889944.64
2025-02-14 08:00:00,668.69,671.34,667.17,670.66,1374.06,921524.59
2025-02-14 09:00:00,670.66,675.98,668.5,672.68,2571.99,1730122.12
2025-02-14 10:00:00,672.68,678.52,668.24,669.3,2202.07,1473851.34
2025-02-14 11:00:00,669.3,669.09,662.02,664.34,1462.81,971805.34
2025-02-14 12:00:00,664.34,667.46,661.95,666.98,863.44,575893.89
2025-02-14 13:00:00,666.98,668.0,664.52,665.29,634.21,421935.4
2025-02-14 14:00:00,665.29,670.2,665.44,667.48,698.08,465953.33
2025-02-14 15:00:00,667.48,667.26,663.48,665.23,1203.37,800513.62
2025-02-14 16:00:00,665.23,674.0,667.06,670.58,1491.7,1000305.68
2025-02-14 17:00:00,670.58,679.15,670.37,671.75,1450.16,974150.39
2025-02-14 18:00:00,671.75,670.07,666.14,667.91,1512.98,1010531.43
2025-02-14 19:00:00,667.91,669.44,665.52,669.34,526.63,352496.71
2025-02-14 20:00:00,669.34,664.12,660.53,662.37,625.18,414103.38
2025-02-14 21:00:00,662.37,665.52,662.79,662.89,477.55,316562.63
2025-02-14 22:00:00,662.89,660.94,652.19,653.55,957.59,625836.21
2025-02-14 23:00:00,653.55,659.84,655.16,659.84,734.94,484943.87
2025-02-15 00:00:00,659.42,657.54,652.37,655.63,1791.36,1174476.19
2025-02-15 01:00:00,655.44,661.01,657.49,660.81,1214.07,802275.46
2025-02-15 02:00:00,660.81,664.12,660.21,663.14,540.73,358581.17
2025-02-15 03:00:00,663.14,662.21,660.16,661.13,373.41,246873.25
2025-02-15 04:00:00,661.13,660.37,656.37,657.74,744.49,489681.2
2025-02-15 05:00:00,657.74,661.77,656.98,660.5,2309.67,1525532.27
2025-02-15 06:00:00,660.5,660.48,657.75,658.14,293.2,192967.71
2025-02-15 07:00:00,658.14,658.26,655.73,657.68,282.63,185879.34
2025-02-15 08:00:00,657.68,660.35,657.62,659.09,306.44,201970.29
2025-02-15 09:00:00,659.09,659.75,656.43,657.21,245.78,161529.1
2025-02-15 10:00:00,657.21,658.52,655.78,657.74,478.85,314957.16
2025-02-15 11:00:00,657.74,659.77,654.79,658.5,497.78,327788.36
2025-02-15 12:00:00,658.5,661.68,658.55,659.92,685.76,452545.65
2025-02-15 13:00:00,659.79,662.0,659.02,660.64,3727.86,2462790.73
2025-02-15 14:00:00,660.64,664.83,654.88,661.87,874.72,578949.81
2025-02-15 15:00:00,661.87,666.61,660.96,666.61,543.55,362336.0
2025-02-15 16:00:00,666.2,671.01,665.26,667.6,1315.25,878060.76
2025-02-15 17:00:00,667.22,668.4,664.1,666.78,4571.59,3048264.6
2025-02-15 18:00:00,666.36,669.34,665.54,665.64,557.57,371138.62
2025-02-15 19:00:00,665.77,663.57,660.88,661.96,1287.32,852151.62
2025-02-15 20:00:00,661.86,663.47,658.01,659.28,490.02,323058.71
2025-02-15 21:00:00,659.28,663.15,659.25,663.15,235.94,156464.41
2025-02-15 22:00:00,663.15,662.89,660.55,661.52,287.7,190320.69
2025-02-15 23:00:00,662.03,663.15,659.92,662.35,196.67,130263.67
2025-02-16 00:00:00,662.39,665.11,660.43,663.94,435.63,289232.87
2025-02-16 01:00:00,663.94,665.18,661.37,662.35,1205.05,798165.84
2025-02-16 02:00:00,662.35,663.17,657.42,658.39,457.55,301247.98
2025-02-16 03:00:00,658.39,660.04,656.53,660.04,690.4,455694.38
2025-02-16 04:00:00,660.04,662.35,659.23,661.38,423.85,280325.43
2025-02-16 05:00:00,661.38,661.92,659.09,660.55,399.93,264173.71
2025-02-16 06:00:00,660.55,660.06,657.23,658.4,173.71,114370.43
2025-02-16 07:00:00,658.4,656.76,653.65,654.53,626.77,410238.54
2025-02-16 08:00:00,654.53,655.82,652.81,655.73,430.2,282094.04
2025-02-16 09:00:00,655.73,658.11,655.68,657.14,518.17,340509.22
2025-02-16 10:00:00,657.04,670.53,654.35,667.83,4007.57,2676371.16
2025-02-16 11:00:00,667.87,669.48,666.17,669.28,943.43,631423.5
2025-02-16 12:00:00,669.28,669.0,666.67,667.45,729.14,486661.01
2025-02-16 13:00:00,667.45,666.43,662.65,664.98,788.2,524135.56
2025-02-16 14:00:00,664.98,679.75,664.33,674.71,2877.23,1941301.16
2025-02-16 15:00:00,674.71,685.28,672.0,681.4,3493.13,2380230.72
2025-02-16 16:00:00,681.4,682.65,674.6,675.28,1183.32,799068.73
2025-02-16 17:00:00,675.28,677.46,672.61,675.13,907.34,612570.93
2025-02-16 18:00:00,675.13,675.49,672.58,674.33,646.41,435891.47
2025-02-16 19:00:00,674.33,677.21,671.87,676.05,583.67,394588.28
2025-02-16 20:00:00,676.05,679.64,674.89,678.48,1035.11,702299.16
2025-02-16 21:00:00,678.48,681.14,676.18,679.49,453.8,308351.28
2025-02-16 22:00:00,679.49,680.47,677.08,679.11,796.56,540952.77
2025-02-16 23:00:00,679.11,678.5,673.02,673.22,475.44,320074.4
2025-02-17 00:00:00,673.22,678.11,674.16,674.45,1118.21,754177.13
2025-02-17 01:00:00,674.45,676.72,671.99,672.28,418.41,281286.68
2025-02-17 02:00:00,672.28,671.56,668.96,670.5,966.97,648354.77
2025-02-17 03:00:00,670.5,673.98,669.94,672.73,1416.24,952750.43
2025-02-17 04:00:00,672.73,671.5,668.04,669.87,379.65,254314.42
2025-02-17 05:00:00,669.87,676.39,668.79,675.33,724.44,489239.26
2025-02-17 06:00:00,675.33,677.75,671.29,674.47,689.53,465067.26
2025-02-17 07:00:00,674.47,672.72,669.74,670.22,511.37,342730.41
2025-02-17 08:00:00,670.22,671.3,667.36,671.3,795.51,534028.15
2025-02-17 09:00:00,671.3,672.4,669.13,670.57,579.05,388294.1
2025-02-17 10:00:00,670.57,671.7,665.46,666.7,780.11,520102.99
2025-02-17 11:00:00,666.7,674.27,666.01,673.03,897.81,604248.94
2025-02-17 12:00:00,673.03,677.02,672.87,674.61,1205.33,813124.75
2025-02-17 13:00:00,674.61,677.74,673.98,675.62,763.07,515544.38
2025-02-17 14:00:00,675.6,689.13,680.09,680.09,2314.98,1574393.79
2025-02-17 15:00:00,680.23,673.6,669.01,670.54,1008.46,676211.23
2025-02-17 16:00:00,670.54,669.47,664.8,668.9,2080.2,1391444.53
2025-02-17 17:00:00,668.9,671.62,664.17,664.17,871.73,578979.3
2025-02-17 18:00:00,664.17,663.32,659.02,659.98,851.94,562261.73
2025-02-17 19:00:00,659.98,663.29,660.14,662.91,587.48,389444.66
2025-02-17 20:00:00,662.91,669.45,665.8,669.16,339.85,227413.04
2025-02-17 21:00:00,669.16,672.73,670.12,670.99,343.42,230432.07
2025-02-17 22:00:00,670.99,668.33,666.22,666.89,296.16,197507.05
2025-02-17 23:00:00,666.89,668.52,666.13,667.56,343.87,229554.78
2025-02-18 00:00:00,667.56,666.47,662.74,663.13,216.21,143374.79
2025-02-18 01:00:00,663.13,667.92,665.32,665.71,486.39,323793.66
2025-02-18 02:00:00,665.71,666.13,663.16,665.65,142.91,95128.64
2025-02-18 03:00:00,665.65,666.59,664.37,665.72,211.14,140560.15
2025-02-18 04:00:00,665.72,664.9,660.48,660.96,927.03,612726.7
2025-02-18 05:00:00,660.96,658.45,654.91,655.2,1213.31,794962.43
2025-02-18 06:00:00,655.2,653.85,645.74,645.74,1293.82,835475.15
2025-02-18 07:00:00,645.54,652.28,646.67,651.48,1035.8,674802.9
2025-02-18 08:00:00,651.66,650.16,643.97,644.64,561.07,361685.52
2025-02-18 09:00:00,644.72,655.04,650.46,654.77,1031.46,675369.99
2025-02-18 10:00:00,654.56,655.22,650.53,653.5,1152.11,752900.04
2025-02-18 11:00:00,653.5,655.51,652.36,655.32,474.52,310964.06
2025-02-18 12:00:00,655.32,662.61,658.86,661.17,1008.29,666646.86
2025-02-18 13:00:00,661.17,661.44,656.05,659.71,929.9,613461.74
2025-02-18 14:00:00,659.71,655.69,651.01,653.01,1546.71,1010024.61
2025-02-18 15:00:00,653.01,653.74,647.25,648.39,1636.6,1061157.75
2025-02-18 16:00:00,648.39,645.19,632.51,633.36,2291.19,1451157.85
2025-02-18 17:00:00,633.36,634.85,627.04,634.85,1881.93,1194747.61
2025-02-18 18:00:00,634.85,642.28,632.99,640.03,1385.53,886780.72
2025-02-18 19:00:00,640.03,645.36,640.09,640.47,1405.9,900432.36
2025-02-18 20:00:00,640.47,642.28,639.55,641.05,482.38,309231.33
2025-02-18 21:00:00,641.05,647.25,642.69,642.98,556.35,357720.7
2025-02-18 22:00:00,642.98,645.94,643.17,643.55,540.32,347725.05
2025-02-18 23:00:00,643.55,648.76,645.7,647.9,206.33,133680.75
2025-02-19 00:00:00,647.9,646.93,643.98,646.17,2094.46,1353374.81
2025-02-19 01:00:00,646.17,647.26,638.67,639.91,2728.53,1746026.38
2025-02-19 02:00:00,639.91,648.58,642.35,647.62,678.19,439211.03
2025-02-19 03:00:00,647.62,649.75,645.83,649.66,974.94,633376.19
2025-02-19 04:00:00,649.66,648.65,645.7,646.46,473.65,306196.16
2025-02-19 05:00:00,646.46,653.64,646.59,652.59,635.88,414969.44
2025-02-19 06:00:00,652.59,656.6,654.02,654.4,385.74,252430.13
2025-02-19 07:00:00,654.4,656.84,654.45,654.83,360.89,236321.63
2025-02-19 08:00:00,654.83,658.5,651.42,652.09,1247.95,813776.9
2025-02-19 09:00:00,652.09,654.72,650.11,653.85,682.41,446195.98
2025-02-19 10:00:00,653.85,658.06,654.21,657.0,713.1,468509.63
2025-02-19 11:00:00,657.0,661.02,657.17,659.19,654.16,431217.19
2025-02-19 12:00:00,659.19,657.59,653.07,653.26,347.45,226976.6
2025-02-19 13:00:00,653.26,662.89,653.93,658.46,1018.42,670587.52
2025-02-19 14:00:00,658.46,655.67,649.07,649.64,641.63,416829.37
2025-02-19 15:00:00,649.64,653.6,650.53,652.54,724.0,472439.9
2025-02-19 16:00:00,652.54,656.99,651.5,655.93,619.09,406081.36
2025-02-19 17:00:00,655.93,657.34,654.55,655.71,310.63,203681.79
2025-02-19 18:00:00,655.71,654.74,647.66,649.76,602.42,391430.67
2025-02-19 19:00:00,649.76,655.02,650.69,650.98,510.86,332559.32
2025-02-19 20:00:00,650.98,651.86,648.49,650.12,423.98,275639.95
2025-02-19 21:00:00,650.12,653.42,650.82,650.82,379.6,247051.75
2025-02-19 22:00:00,650.82,655.88,650.67,651.25,417.99,272215.48
2025-02-19 23:00:00,651.25,654.55,648.75,653.68,586.96,383683.81
2025-02-20 00:00:00,653.68,657.2,651.39,652.36,826.1,538911.24
2025-02-20 01:00:00,652.36,654.41,649.67,649.96,1592.59,1035119.11
2025-02-20 02:00:00,649.96,653.63,650.81,653.05,657.95,429671.83
2025-02-20 03:00:00,653.05,654.31,651.11,653.92,357.51,233784.52
2025-02-20 04:00:00,653.92,655.73,650.77,651.45,521.32,339614.25
2025-02-20 05:00:00,651.45,650.51,648.96,649.34,240.23,155991.91
2025-02-20 06:00:00,648.91,648.74,646.83,647.92,732.8,474795.17
2025-02-20 07:00:00,647.94,649.36,647.22,649.07,428.72,278267.31
2025-02-20 08:00:00,649.07,651.37,649.04,649.33,268.93,174625.08
2025-02-20 09:00:00,649.33,649.53,647.69,648.95,303.79,197144.88
2025-02-20 10:00:00,648.95,651.21,648.97,650.82,236.17,153705.24
2025-02-20 11:00:00,650.82,650.43,648.19,648.48,220.95,143282.01
2025-02-20 12:00:00,648.48,650.83,646.54,646.83,557.87,360848.14
2025-02-20 13:00:00,646.83,651.09,647.68,650.61,945.4,615083.25
2025-02-20 14:00:00,650.61,649.43,646.13,648.36,702.73,455623.41
2025-02-20 15:00:00,648.36,648.96,647.12,648.18,357.5,231724.74
2025-02-20 16:00:00,648.18,652.5,648.11,648.89,395.17,256421.15
2025-02-20 17:00:00,648.89,654.77,651.44,654.77,915.45,599412.85
2025-02-20 18:00:00,654.77,657.07,654.12,655.7,286.69,187981.23
2025-02-20 19:00:00,655.7,658.08,655.72,656.5,189.99,124729.29
2025-02-20 20:00:00,656.5,658.13,654.98,655.57,229.49,150447.22
2025-02-20 21:00:00,655.57,656.09,651.77,655.01,542.79,355531.5
2025-02-20 22:00:00,655.01,658.69,653.1,656.93,250.18,164350.23
2025-02-20 23:00:00,656.93,658.42,656.65,656.65,143.13,93986.88
2025-02-21 00:00:00,656.65,656.14,653.29,653.59,183.82,120142.3
2025-02-21 01:00:00,653.59,654.73,651.78,652.86,777.63,507687.38
2025-02-21 02:00:00,652.86,652.21,650.64,652.11,664.45,433294.49
2025-02-21 03:00:00,652.11,653.07,651.3,651.69,155.47,101318.83
2025-02-21 04:00:00,651.89,653.61,651.68,652.51,146.69,95716.15
2025-02-21 05:00:00,652.3,653.88,651.72,651.72,169.88,110714.01
2025-02-21 06:00:00,651.72,654.55,651.89,653.76,1275.14,833638.79
2025-02-21 07:00:00,653.68,656.33,651.37,656.05,2915.01,1912404.38
2025-02-21 08:00:00,656.05,656.57,654.36,656.29,5374.24,3527059.92
2025-02-21 09:00:00,656.29,664.32,650.13,659.87,1274.74,841160.48
2025-02-21 10:00:00,659.83,665.85,661.6,663.38,650.73,431680.8
2025-02-21 11:00:00,663.38,663.71,660.95,662.23,247.13,163656.79
2025-02-21 12:00:00,662.23,665.84,662.98,664.46,564.2,374887.96
2025-02-21 13:00:00,664.46,668.16,666.17,666.97,922.57,615324.83
2025-02-21 14:00:00,666.97,667.2,663.15,664.83,468.49,311464.83
2025-02-21 15:00:00,664.83,662.46,655.59,658.04,3231.6,2126531.37
2025-02-21 16:00:00,658.04,660.9,655.8,656.39,1068.35,701250.08
2025-02-21 17:00:00,656.39,648.23,642.6,646.48,972.64,628794.63
2025-02-21 18:00:00,646.48,648.15,642.85,647.19,483.46,312890.35
2025-02-21 19:00:00,647.19,639.26,633.64,639.17,1103.15,705096.76
2025-02-21 20:00:00,639.17,642.39,636.6,641.91,1075.8,690570.12
2025-02-21 21:00:00,641.91,645.56,642.6,644.03,310.25,199810.77
2025-02-21 22:00:00,644.03,648.49,644.37,644.47,326.62,210495.48
2025-02-21 23:00:00,644.47,648.05,645.65,647.28,327.29,211849.46
2025-02-22 00:00:00,647.28,650.98,646.27,649.25,492.29,319619.83
2025-02-22 01:00:00,649.25,650.44,647.65,650.25,1001.52,651240.1
2025-02-22 02:00:00,650.25,651.31,649.77,650.35,902.8,587131.91
2025-02-22 03:00:00,650.35,650.63,649.08,650.14,147.51,95902.72
2025-02-22 04:00:00,650.14,655.28,650.26,655.08,282.47,185041.42
2025-02-22 05:00:00,655.08,660.16,655.23,657.36,1754.88,1153581.68
2025-02-22 06:00:00,657.36,656.87,655.14,655.52,242.64,159056.2
2025-02-22 07:00:00,655.54,656.06,652.3,654.72,754.94,494270.85
2025-02-22 08:00:00,654.81,657.25,653.4,656.96,287.48,188862.62
2025-02-22 09:00:00,656.96,660.06,656.58,657.55,570.54,375157.9
2025-02-22 10:00:00,657.47,662.02,653.82,656.01,179.15,117523.48
2025-02-22 11:00:00,656.01,656.43,654.24,655.61,275.62,180698.76
2025-02-22 12:00:00,655.61,659.25,655.41,657.06,247.54,162647.97
2025-02-22 13:00:00,656.76,655.88,653.85,654.34,407.12,266393.2
2025-02-22 14:00:00,654.34,655.59,653.95,655.1,214.59,140578.95
2025-02-22 15:00:00,655.1,658.66,655.56,658.46,451.26,297138.08
2025-02-22 16:00:00,658.46,661.22,656.88,658.81,587.7,387183.33
2025-02-22 17:00:00,658.81,677.4,659.52,669.47,6098.3,4082639.22
2025-02-22 18:00:00,669.47,675.29,662.46,674.9,2832.8,1911855.06
2025-02-22 19:00:00,674.9,680.39,671.5,675.75,3855.07,2605061.75
2025-02-22 20:00:00,676.18,679.66,669.14,669.97,2771.51,1856821.21
2025-02-22 21:00:00,669.97,671.65,665.56,669.71,6386.82,4277327.1
2025-02-22 22:00:00,669.57,671.37,668.08,671.37,228.39,153333.24
2025-02-22 23:00:00,671.37,671.81,667.66,668.63,576.19,385255.92
2025-02-23 00:00:00,668.63,672.05,668.19,668.77,559.49,374167.99
2025-02-23 01:00:00,668.77,668.96,666.26,668.58,1404.64,939110.51
2025-02-23 02:00:00,668.58,669.94,667.34,667.92,951.54,635552.3
2025-02-23 03:00:00,667.92,668.38,665.78,666.26,415.18,276616.92
2025-02-23 04:00:00,666.26,667.16,664.27,666.87,363.9,242674.19
2025-02-23 05:00:00,666.87,668.08,665.09,667.4,299.49,199880.17
2025-02-23 06:00:00,667.4,668.8,666.0,666.1,272.9,181778.0
2025-02-23 07:00:00,666.36,673.74,667.24,667.24,283.3,189030.39
2025-02-23 08:00:00,667.28,667.08,664.29,664.48,325.99,216613.94
2025-02-23 09:00:00,664.48,663.93,661.62,661.72,280.76,185784.02
2025-02-23 10:00:00,661.72,662.83,660.14,661.68,329.48,218008.95
2025-02-23 11:00:00,661.68,662.08,659.3,659.49,210.95,139118.96
2025-02-23 12:00:00,659.49,656.88,654.78,655.83,529.95,347556.62
2025-02-23 13:00:00,655.79,661.24,654.49,656.18,508.56,333705.5
2025-02-23 14:00:00,655.6,654.1,651.33,653.24,497.36,324894.29
2025-02-23 15:00:00,653.24,653.11,648.44,649.01,509.44,330631.71
2025-02-23 16:00:00,649.01,651.28,648.8,650.61,730.56,475313.21
2025-02-23 17:00:00,650.61,656.76,652.07,653.13,345.47,225635.88
2025-02-23 18:00:00,653.13,654.48,652.38,653.43,469.11,306531.22
2025-02-23 19:00:00,653.43,655.1,652.32,654.62,118.06,77284.03
2025-02-23 20:00:00,654.62,655.05,652.94,653.52,375.24,245225.22
2025-02-23 21:00:00,653.52,655.39,653.19,655.11,179.85,117820.91
2025-02-23 22:00:00,655.11,656.29,654.18,655.14,179.39,117524.83
2025-02-23 23:00:00,655.14,659.67,657.26,658.13,254.33,167382.17
2025-02-24 00:00:00,658.13,658.54,654.02,654.5,1210.13,792026.66
2025-02-24 01:00:00,654.5,653.99,651.02,651.21,255.64,166475.48
2025-02-24 02:00:00,651.21,651.09,649.27,650.42,543.79,353692.59
2025-02-24 03:00:00,650.42,647.89,644.26,645.31,1359.41,877238.75
2025-02-24 04:00:00,645.31,644.35,638.44,640.82,1307.18,837672.0
2025-02-24 05:00:00,640.82,646.44,641.94,645.97,888.22,573759.81
2025-02-24 06:00:00,645.97,647.28,643.35,643.35,227.13,146123.47
2025-02-24 07:00:00,643.35,645.39,643.28,644.72,210.45,135680.6
2025-02-24 08:00:00,644.72,642.26,638.25,639.4,503.64,322025.34
2025-02-24 09:00:00,639.4,644.93,640.81,643.11,354.82,228186.61
2025-02-24 10:00:00,643.11,642.51,637.06,638.88,675.22,431383.25
2025-02-24 11:00:00,639.13,642.41,639.45,640.79,1108.23,710146.84
2025-02-24 12:00:00,640.17,640.19,638.37,639.81,269.01,172115.55
2025-02-24 13:00:00,639.81,641.57,637.93,641.28,809.89,519365.15
2025-02-24 14:00:00,641.28,636.41,633.19,634.23,478.67,303585.77
2025-02-24 15:00:00,634.23,637.01,631.26,635.31,1020.45,648303.48
2025-02-24 16:00:00,635.31,636.31,634.23,635.93,328.66,209005.09
2025-02-24 17:00:00,635.93,638.06,635.03,636.64,445.22,283446.65
2025-02-24 18:00:00,636.64,634.74,631.63,633.32,246.93,156386.84
2025-02-24 19:00:00,633.32,631.86,624.35,628.48,915.05,575090.75
2025-02-24 20:00:00,628.48,631.43,628.14,631.34,766.51,483926.03
2025-02-24 21:00:00,631.34,632.85,630.03,630.03,288.16,181548.54
2025-02-24 22:00:00,630.03,621.41,610.5,612.91,2331.08,1428735.33
2025-02-24 23:00:00,612.91,615.22,606.89,614.12,1783.88,1095519.12
2025-02-25 00:00:00,614.12,619.94,613.14,614.24,1318.9,810122.46
2025-02-25 01:00:00,614.24,616.0,609.55,609.83,1245.55,759572.44
2025-02-25 02:00:00,609.83,615.4,609.03,615.03,3655.6,2248314.21
2025-02-25 03:00:00,615.03,614.06,606.87,606.96,557.39,338312.88
2025-02-25 04:00:00,606.96,607.08,602.4,604.97,1054.76,638097.47
2025-02-25 05:00:00,604.97,613.04,605.4,611.75,498.75,305109.25
2025-02-25 06:00:00,611.75,608.98,604.42,604.69,532.98,322289.65
2025-02-25 07:00:00,604.69,601.53,587.05,599.65,6253.78,3750084.61
2025-02-25 08:00:00,599.65,606.97,599.72,606.88,1750.4,1062276.07
2025-02-25 09:00:00,606.88,606.14,597.13,603.31,4132.96,2493464.7
2025-02-25 10:00:00,603.31,607.95,599.92,606.27,2980.39,1806928.48
2025-02-25 11:00:00,606.27,614.65,609.02,611.17,1259.26,769617.15
2025-02-25 12:00:00,611.17,616.6,611.15,615.53,1794.4,1104499.65
2025-02-25 13:00:00,615.53,612.85,610.28,611.87,1332.94,815591.91
2025-02-25 14:00:00,611.87,605.59,596.96,605.24,3218.68,1948066.06
2025-02-25 15:00:00,605.24,610.03,604.28,608.46,2596.55,1579906.98
2025-02-25 16:00:00,608.46,614.62,610.08,612.79,4126.6,2528727.8
2025-02-25 17:00:00,612.79,614.32,610.31,613.8,1242.07,762380.66
2025-02-25 18:00:00,613.8,613.33,608.8,612.37,1360.47,833109.63
2025-02-25 19:00:00,612.37,619.93,617.38,618.96,2150.67,1331184.07
2025-02-25 20:00:00,618.96,623.79,617.98,622.64,1345.44,837730.16
2025-02-25 21:00:00,622.64,627.36,623.37,624.34,642.28,401004.23
2025-02-25 22:00:00,624.34,626.39,621.42,625.5,1531.41,957897.55
2025-02-25 23:00:00,625.38,623.62,620.38,622.62,1670.75,1040244.88
2025-02-26 00:00:00,622.75,625.56,618.95,624.32,1404.51,876869.27
2025-02-26 01:00:00,624.32,630.29,626.74,626.92,3098.86,1942741.46
2025-02-26 02:00:00,626.92,630.18,626.98,628.85,1013.81,637533.22
2025-02-26 03:00:00,628.85,630.24,626.87,630.06,1435.69,904575.82
2025-02-26 04:00:00,630.06,628.68,624.96,625.32,469.14,293361.37
2025-02-26 05:00:00,625.32,623.83,620.03,621.09,803.92,499307.77
2025-02-26 06:00:00,621.09,624.67,622.09,622.54,424.69,264384.58
2025-02-26 07:00:00,622.54,623.42,620.05,623.07,588.3,366551.47
2025-02-26 08:00:00,623.07,625.04,620.36,624.87,777.49,485827.14
2025-02-26 09:00:00,624.87,630.23,628.09,629.34,616.52,387997.91
2025-02-26 10:00:00,629.34,630.29,627.35,627.97,309.61,194427.29
2025-02-26 11:00:00,627.97,625.41,623.29,624.26,365.99,228474.0
2025-02-26 12:00:00,624.26,623.61,618.52,619.13,613.33,379731.93
2025-02-26 13:00:00,619.13,616.62,613.31,616.54,758.72,467778.02
2025-02-26 14:00:00,616.54,624.11,617.89,618.6,7068.02,4372243.36
2025-02-26 15:00:00,618.6,623.43,616.09,623.0,3475.61,2165296.67
2025-02-26 16:00:00,623.0,620.63,616.46,618.29,1616.6,999519.55
2025-02-26 17:00:00,618.29,613.19,607.0,609.4,1436.32,875297.79
2025-02-26 18:00:00,609.4,602.73,595.74,597.84,2323.65,1389178.56
2025-02-26 19:00:00,597.84,601.33,591.61,601.16,2825.35,1698501.48
2025-02-26 20:00:00,601.16,611.66,603.9,609.46,4723.75,2878956.52
2025-02-26 21:00:00,609.46,612.5,607.77,610.3,2247.64,1371745.29
2025-02-26 22:00:00,610.3,615.43,608.94,614.25,2182.64,1340696.07
2025-02-26 23:00:00,614.25,613.97,610.77,610.86,902.73,551438.19
2025-02-27 00:00:00,610.86,614.53,608.01,608.52,1642.85,999702.9
2025-02-27 01:00:00,608.52,612.57,608.17,612.4,721.16,441640.75
2025-02-27 02:00:00,612.4,610.09,606.56,609.0,769.87,468849.91
2025-02-27 03:00:00,609.0,615.86,612.37,612.8,601.54,368623.06
2025-02-27 04:00:00,612.8,613.89,609.64,611.77,1122.28,686572.14
2025-02-27 05:00:00,611.77,617.85,613.04,614.76,2570.14,1580008.31
2025-02-27 06:00:00,614.76,619.13,614.65,617.58,1201.09,741769.51
2025-02-27 07:00:00,617.58,617.81,616.18,617.38,768.92,474718.21
2025-02-27 08:00:00,617.38,617.67,614.75,614.75,866.42,532627.41
2025-02-27 09:00:00,614.75,616.88,613.09,613.52,973.09,597013.36
2025-02-27 10:00:00,613.52,620.46,614.03,614.46,947.95,582480.23
2025-02-27 11:00:00,614.46,613.78,610.92,611.44,1232.18,753400.32
2025-02-27 12:00:00,611.44,610.67,608.51,610.24,662.7,404404.8
2025-02-27 13:00:00,610.24,610.55,607.28,609.61,1089.79,664344.73
2025-02-27 14:00:00,609.61,604.84,598.3,602.55,1484.81,894672.73
2025-02-27 15:00:00,602.55,607.09,602.31,606.07,990.35,600218.16
2025-02-27 16:00:00,606.07,603.13,598.23,602.37,719.52,433414.03
2025-02-27 17:00:00,602.37,607.83,603.1,606.99,857.25,520341.07
2025-02-27 18:00:00,606.99,607.66,605.29,606.98,393.03,238561.48
2025-02-27 19:00:00,606.98,606.65,603.29,604.55,1664.29,1006152.61
2025-02-27 20:00:00,604.55,603.99,597.24,598.57,1767.52,1057989.62
2025-02-27 21:00:00,598.57,605.44,602.15,605.02,658.37,398324.34
2025-02-27 22:00:00,605.02,607.94,606.0,606.17,419.39,254220.13
2025-02-27 23:00:00,606.17,606.74,604.11,604.88,1935.22,1170569.48
2025-02-28 00:00:00,604.88,602.54,600.69,601.45,506.13,304409.55
2025-02-28 01:00:00,601.45,590.48,582.57,587.3,4624.56,2716008.21
2025-02-28 02:00:00,587.3,584.94,576.7,580.42,3776.77,2192110.54
2025-02-28 03:00:00,580.42,580.8,572.12,572.28,1393.34,797376.5
2025-02-28 04:00:00,572.28,577.17,571.3,574.84,2883.19,1657363.59
2025-02-28 05:00:00,574.84,573.77,569.14,572.41,1530.97,876344.45
2025-02-28 06:00:00,572.41,568.76,565.28,568.37,1686.67,958649.34
2025-02-28 07:00:00,568.37,569.63,566.31,566.7,1092.29,619005.73
2025-02-28 08:00:00,566.7,570.86,561.7,570.23,2687.31,1532372.06
2025-02-28 09:00:00,570.23,581.39,575.37,577.61,2038.8,1177641.21
2025-02-28 10:00:00,577.61,576.2,568.92,569.48,932.91,531274.28
2025-02-28 11:00:00,569.48,573.78,570.73,570.97,1416.39,808713.16
2025-02-28 12:00:00,570.97,575.56,572.17,572.17,769.16,440090.48
2025-02-28 13:00:00,572.17,579.38,576.69,577.51,1379.61,796737.29
2025-02-28 14:00:00,577.51,585.9,581.31,582.37,1092.31,636133.86
2025-02-28 15:00:00,582.37,596.56,588.49,588.49,1713.31,1008264.51
2025-02-28 16:00:00,588.49,592.85,588.12,588.88,1372.04,807967.76
2025-02-28 17:00:00,588.88,587.32,583.14,586.07,673.45,394688.89
2025-02-28 18:00:00,586.07,593.86,587.7,589.73,1161.35,684877.98
2025-02-28 19:00:00,589.73,590.22,586.5,587.6,615.14,361456.15
2025-02-28 20:00:00,587.6,589.33,584.62,586.56,535.93,314352.47
2025-02-28 21:00:00,586.56,587.42,584.81,584.89,766.41,448265.0
2025-02-28 22:00:00,584.89,585.6,583.66,584.59,683.95,399830.43
2025-02-28 23:00:00,584.59,588.15,585.7,587.81,750.26,441012.31
2025-03-01 00:00:00,587.81,587.41,583.3,586.49,1672.94,981163.17
2025-03-01 01:00:00,586.49,594.98,591.08,593.45,1383.73,821178.77
2025-03-01 02:00:00,593.45,598.83,591.92,593.8,3622.14,2150821.68
2025-03-01 03:00:00,593.8,594.7,591.54,591.71,585.97,346726.23
2025-03-01 04:00:00,591.71,598.39,593.04,595.11,970.01,577265.44
2025-03-01 05:00:00,595.11,595.01,588.67,595.01,902.26,536850.58
2025-03-01 06:00:00,595.01,597.36,590.98,595.4,653.72,389227.98
2025-03-01 07:00:00,595.4,595.65,592.68,595.65,424.14,252637.53
2025-03-01 08:00:00,595.65,599.68,595.07,595.16,350.09,208358.82
2025-03-01 09:00:00,595.17,596.62,594.17,596.4,1948.64,1162168.07
2025-03-01 10:00:00,596.29,595.41,592.61,594.81,303.95,180793.59
2025-03-01 11:00:00,594.81,594.58,591.54,591.54,695.78,411578.52
2025-03-01 12:00:00,591.76,596.87,590.98,596.87,1331.28,794595.5
2025-03-01 13:00:00,596.87,599.75,588.78,595.02,6909.82,4111479.06
2025-03-01 14:00:00,595.02,602.71,597.09,599.47,1145.27,686554.95
2025-03-01 15:00:00,599.47,604.46,599.24,604.24,3706.18,2239428.78
2025-03-01 16:00:00,604.24,618.22,606.08,606.3,2426.83,1471378.26
2025-03-01 17:00:00,606.56,609.47,605.63,605.81,479.78,290653.26
2025-03-01 18:00:00,605.81,608.1,604.26,604.51,930.03,562216.63
2025-03-01 19:00:00,604.51,607.78,602.67,604.67,681.69,412198.52
2025-03-01 20:00:00,604.88,606.12,603.98,605.1,431.18,260905.14
2025-03-01 21:00:00,605.1,610.19,607.7,608.47,347.32,211334.74
2025-03-01 22:00:00,608.47,610.67,605.85,606.02,574.88,348389.11
2025-03-01 23:00:00,606.02,610.1,605.45,607.86,329.04,200010.68
2025-03-02 00:00:00,607.86,610.45,606.58,610.2,386.17,235639.21
2025-03-02 01:00:00,610.2,612.57,609.03,609.72,910.4,555089.29
2025-03-02 02:00:00,609.72,607.94,605.02,606.91,518.77,314845.45
2025-03-02 03:00:00,606.91,608.86,606.28,607.06,736.79,447272.12
2025-03-02 04:00:00,607.06,610.15,606.12,608.69,409.45,249227.32
2025-03-02 05:00:00,608.69,610.31,608.17,608.34,342.6,208416.32
2025-03-02 06:00:00,608.34,611.15,608.91,609.95,1519.45,926781.29
2025-03-02 07:00:00,609.95,611.63,609.31,610.34,316.67,193276.83
2025-03-02 08:00:00,610.34,610.0,606.92,607.86,330.59,200952.48
2025-03-02 09:00:00,607.86,609.87,607.3,608.93,495.01,301426.12
2025-03-02 10:00:00,608.93,610.27,609.06,609.06,159.95,97419.36
2025-03-02 11:00:00,609.06,610.0,607.94,608.2,283.93,172685.27
2025-03-02 12:00:00,608.2,609.34,607.11,608.65,220.21,134031.46
2025-03-02 13:00:00,608.65,607.03,605.32,605.92,368.22,223110.48
2025-03-02 14:00:00,605.92,603.22,600.33,603.13,502.77,303237.55
2025-03-02 15:00:00,603.13,619.99,608.8,613.52,4150.4,2546349.15
2025-03-02 16:00:00,613.77,676.4,617.75,626.3,9387.94,5879689.06
2025-03-02 17:00:00,627.14,647.15,628.42,631.34,7938.44,5011823.06
2025-03-02 18:00:00,631.34,628.19,621.32,627.73,2527.6,1586637.78
2025-03-02 19:00:00,627.73,633.39,624.78,625.62,1688.79,1056549.1
2025-03-02 20:00:00,625.62,631.21,618.28,618.38,3535.99,2186577.63
2025-03-02 21:00:00,618.38,623.38,616.12,620.37,5410.16,3356282.96
2025-03-02 22:00:00,620.37,624.29,620.05,623.16,2405.47,1499000.16
2025-03-02 23:00:00,623.16,625.33,619.3,624.01,1675.62,1045605.74
2025-03-03 00:00:00,624.01,620.03,616.58,619.94,2916.74,1808204.06
2025-03-03 01:00:00,619.94,623.04,615.04,615.13,1698.05,1044525.6
2025-03-03 02:00:00,615.13,616.61,611.48,614.55,1770.1,1087821.23
2025-03-03 03:00:00,614.55,611.74,608.96,610.9,527.76,322410.47
2025-03-03 04:00:00,610.9,613.21,611.08,612.75,737.68,452010.99
2025-03-03 05:00:00,612.75,616.38,611.24,611.71,444.9,272150.36
2025-03-03 06:00:00,611.71,602.09,599.16,601.54,921.26,554177.54
2025-03-03 07:00:00,601.54,608.94,604.6,607.55,776.18,471569.43
2025-03-03 08:00:00,607.55,601.88,596.85,598.23,872.5,521951.32
2025-03-03 09:00:00,598.23,601.23,598.2,600.03,4047.69,2428741.68
2025-03-03 10:00:00,600.03,607.07,603.83,604.02,373.29,225472.96
2025-03-03 11:00:00,604.02,605.88,602.82,603.19,637.28,384402.99
2025-03-03 12:00:00,603.19,605.21,602.88,605.02,2159.24,1306381.85
2025-03-03 13:00:00,605.02,609.34,606.91,607.38,669.51,406643.99
2025-03-03 14:00:00,607.38,589.01,576.43,587.49,3131.22,1839559.98
2025-03-03 15:00:00,587.49,593.8,587.5,591.28,2809.83,1661396.88
2025-03-03 16:00:00,591.28,594.75,589.88,594.66,675.04,401417.76
2025-03-03 17:00:00,594.66,595.9,592.65,594.09,808.53,480343.38
2025-03-03 18:00:00,594.09,583.12,572.76,582.69,2672.02,1556952.64
2025-03-03 19:00:00,582.69,573.89,568.25,572.52,1654.79,947408.15
2025-03-03 20:00:00,572.52,578.27,573.19,574.23,1636.99,940003.08
2025-03-03 21:00:00,574.23,570.42,568.03,568.37,991.77,563690.46
2025-03-03 22:00:00,568.37,578.36,574.73,578.02,729.74,421803.11
2025-03-03 23:00:00,578.02,577.44,574.42,575.63,1126.37,648370.05
2025-03-04 00:00:00,575.63,576.52,571.62,571.62,916.21,523719.55
2025-03-04 01:00:00,571.62,558.63,553.47,555.3,2845.31,1580003.89
2025-03-04 02:00:00,555.47,565.7,556.41,558.68,3543.82,1979857.28
2025-03-04 03:00:00,558.47,561.64,557.19,560.47,637.47,357281.1
2025-03-04 04:00:00,560.59,562.83,558.67,559.5,1022.77,572242.8
2025-03-04 05:00:00,559.66,566.58,563.47,566.16,572.54,324150.24
2025-03-04 06:00:00,566.16,564.55,560.94,563.88,483.32,272533.74
2025-03-04 07:00:00,563.88,564.45,558.96,564.37,946.38,534106.94
2025-03-04 08:00:00,564.37,570.09,567.24,567.49,689.1,391056.49
2025-03-04 09:00:00,567.49,567.03,563.94,566.45,584.75,331230.53
2025-03-04 10:00:00,566.45,569.5,567.74,568.66,463.83,263761.89
2025-03-04 11:00:00,568.8,571.13,566.3,570.71,1457.95,832072.48
2025-03-04 12:00:00,570.81,571.77,569.43,570.43,847.49,483437.24
2025-03-04 13:00:00,570.43,567.23,562.68,564.42,1159.15,654242.06
2025-03-04 14:00:00,564.41,573.18,558.64,566.53,2639.17,1495173.0
2025-03-04 15:00:00,566.68,572.86,565.06,570.2,2404.87,1371263.47
2025-03-04 16:00:00,570.22,572.8,565.8,568.06,4793.9,2723241.84
2025-03-04 17:00:00,568.43,583.44,574.13,574.39,1263.16,725546.44
2025-03-04 18:00:00,574.39,586.49,579.89,580.59,777.07,451158.31
2025-03-04 19:00:00,580.59,590.81,580.75,583.31,1425.83,831703.79
2025-03-04 20:00:00,583.31,579.66,571.5,579.49,978.37,566954.32
2025-03-04 21:00:00,579.49,585.43,578.78,584.73,948.51,554625.12
2025-03-04 22:00:00,584.73,584.96,582.68,583.56,435.26,253999.05
2025-03-04 23:00:00,583.56,583.91,580.42,583.83,381.63,222805.52
2025-03-05 00:00:00,583.83,584.36,580.63,583.14,706.95,412252.27
2025-03-05 01:00:00,583.14,590.34,587.18,590.07,406.15,239658.73
2025-03-05 02:00:00,590.07,592.35,587.37,588.33,555.3,326698.21
2025-03-05 03:00:00,588.33,585.99,582.69,585.64,320.46,187674.87
2025-03-05 04:00:00,585.64,589.43,586.21,589.26,502.72,296230.75
2025-03-05 05:00:00,589.26,591.81,589.11,590.51,227.14,134127.48
2025-03-05 06:00:00,590.51,593.52,591.51,592.12,276.1,163484.58
2025-03-05 07:00:00,592.39,597.3,591.34,592.67,1293.96,766889.44
2025-03-05 08:00:00,593.18,599.78,593.72,598.02,663.83,396986.03
2025-03-05 09:00:00,598.0,604.93,597.77,600.9,1102.84,662701.69
2025-03-05 10:00:00,600.9,610.8,600.82,602.35,1194.61,719568.61
2025-03-05 11:00:00,602.35,603.21,598.09,598.72,425.39,254689.81
2025-03-05 12:00:00,598.72,602.44,594.76,598.19,1302.13,778925.39
2025-03-05 13:00:00,598.19,596.61,591.24,595.09,968.94,576607.58
2025-03-05 14:00:00,595.09,592.28,585.29,590.6,1457.63,860872.15
2025-03-05 15:00:00,590.6,592.31,586.13,590.99,1115.92,659493.21
2025-03-05 16:00:00,590.99,596.9,591.21,592.01,1044.24,618203.08
2025-03-05 17:00:00,592.01,597.11,589.58,592.99,1285.07,762028.66
2025-03-05 18:00:00,592.99,597.19,591.63,595.04,591.71,352088.6
2025-03-05 19:00:00,595.04,596.16,594.0,594.9,420.24,250001.33
2025-03-05 20:00:00,594.9,600.62,596.73,596.91,353.88,211233.52
2025-03-05 21:00:00,596.91,597.92,594.94,596.66,421.44,251454.93
2025-03-05 22:00:00,596.66,599.32,596.51,597.6,277.25,165683.64
2025-03-05 23:00:00,597.6,599.21,596.58,598.3,423.39,253315.55
2025-03-06 00:00:00,598.3,597.9,593.76,597.54,575.49,343877.88
2025-03-06 01:00:00,597.54,604.16,599.79,602.16,500.78,301548.07
2025-03-06 02:00:00,602.16,607.34,601.56,602.38,721.28,434486.05
2025-03-06 03:00:00,602.38,602.96,600.21,601.95,421.94,253986.7
2025-03-06 04:00:00,601.95,608.01,604.14,605.43,549.87,332907.79
2025-03-06 05:00:00,605.43,612.15,608.44,612.15,463.03,283442.68
2025-03-06 06:00:00,612.15,608.13,604.08,605.55,898.87,544312.55
2025-03-06 07:00:00,605.55,605.01,601.54,604.65,388.99,235201.75
2025-03-06 08:00:00,604.65,604.71,600.89,603.99,327.86,198022.59
2025-03-06 09:00:00,603.99,602.11,599.66,600.03,324.13,194486.23
2025-03-06 10:00:00,600.03,604.54,601.98,602.26,495.33,298315.32
2025-03-06 11:00:00,602.26,604.49,601.93,603.76,382.8,231118.96
2025-03-06 12:00:00,603.76,602.15,595.48,600.88,789.93,474656.38
2025-03-06 13:00:00,600.88,597.66,594.53,597.39,541.36,323404.59
2025-03-06 14:00:00,597.39,600.38,594.81,596.88,995.98,594479.94
2025-03-06 15:00:00,596.88,604.3,598.58,600.21,769.4,461803.42
2025-03-06 16:00:00,600.21,594.63,588.92,594.46,673.46,400342.55
2025-03-06 17:00:00,594.46,594.19,589.76,592.07,703.04,416245.91
2025-03-06 18:00:00,592.07,593.14,588.9,593.05,443.61,263084.3
2025-03-06 19:00:00,593.05,595.32,590.1,593.46,587.93,348915.59
2025-03-06 20:00:00,593.46,597.04,593.48,595.08,346.04,205920.72
2025-03-06 21:00:00,595.08,600.36,597.76,598.02,383.28,229210.98
2025-03-06 22:00:00,598.02,602.95,597.35,598.71,1149.85,688422.04
2025-03-06 23:00:00,598.71,597.06,593.73,596.43,376.4,224495.66
2025-03-07 00:00:00,596.43,583.04,562.52,579.79,6053.52,3509799.12
2025-03-07 01:00:00,579.79,599.32,591.2,592.88,2024.16,1200087.16
2025-03-07 02:00:00,592.88,593.88,586.11,593.71,1028.9,610863.14
2025-03-07 03:00:00,593.76,593.92,591.13,593.71,716.38,425319.96
2025-03-07 04:00:00,593.72,598.93,594.55,596.57,921.63,549814.36
2025-03-07 05:00:00,596.57,602.11,597.87,601.58,1166.18,701547.01
2025-03-07 06:00:00,601.58,603.86,600.24,601.21,1148.86,690706.41
2025-03-07 07:00:00,601.21,604.14,599.28,599.28,767.64,460030.39
2025-03-07 08:00:00,599.28,602.31,598.86,599.66,395.38,237092.42
2025-03-07 09:00:00,599.66,604.08,597.77,600.17,704.15,422607.49
2025-03-07 10:00:00,600.17,603.88,600.58,601.56,576.61,346866.41
2025-03-07 11:00:00,601.56,601.32,597.94,599.63,380.57,228200.59
2025-03-07 12:00:00,599.63,602.72,598.54,599.07,557.96,334256.89
2025-03-07 13:00:00,599.07,601.75,597.47,601.49,1018.31,612499.42
2025-03-07 14:00:00,601.49,611.93,603.43,605.87,1527.26,925322.14
2025-03-07 15:00:00,605.87,605.28,592.1,604.13,1937.2,1170321.2
2025-03-07 16:00:00,604.13,602.59,593.17,600.24,2378.17,1427464.38
2025-03-07 17:00:00,600.24,604.88,596.03,600.24,1213.71,728512.39
2025-03-07 18:00:00,600.24,606.95,601.46,603.76,1101.83,665238.72
2025-03-07 19:00:00,603.76,602.73,596.41,599.74,641.52,384746.97
2025-03-07 20:00:00,599.74,598.13,591.52,596.91,1183.8,706622.84
2025-03-07 21:00:00,596.91,596.13,590.09,592.94,1717.8,1018552.72
2025-03-07 22:00:00,592.94,598.56,594.22,594.66,904.4,537807.18
2025-03-07 23:00:00,594.66,595.65,593.22,594.44,358.05,212838.54
2025-03-08 00:00:00,594.44,596.33,593.47,596.15,437.24,260662.59
2025-03-08 01:00:00,596.15,596.91,591.83,594.33,1025.07,609227.86
2025-03-08 02:00:00,594.33,595.93,593.69,595.42,558.37,332463.26
2025-03-08 03:00:00,595.42,596.11,593.7,596.02,265.56,158279.01
2025-03-08 04:00:00,596.02,600.84,598.94,599.11,334.99,200695.8
2025-03-08 05:00:00,599.11,598.4,597.19,597.62,493.59,294981.01
2025-03-08 06:00:00,597.62,598.98,596.21,597.25,455.54,272071.36
2025-03-08 07:00:00,597.25,597.38,595.05,596.69,325.23,194062.08
2025-03-08 08:00:00,596.69,596.27,594.72,595.41,371.16,220991.42
2025-03-08 09:00:00,595.41,595.8,594.17,595.11,335.62,199730.91
2025-03-08 10:00:00,595.11,597.08,595.45,596.83,193.88,115712.74
2025-03-08 11:00:00,596.83,595.99,593.33,594.01,349.24,207453.27
2025-03-08 12:00:00,594.22,601.71,595.64,596.07,694.32,413866.04
2025-03-08 13:00:00,596.17,598.6,596.88,597.4,341.8,204190.15
2025-03-08 14:00:00,597.4,598.56,596.23,597.26,361.93,216167.46
2025-03-08 15:00:00,597.26,599.15,596.9,599.15,210.6,126180.06
2025-03-08 16:00:00,599.15,598.97,596.12,598.88,588.11,352207.77
2025-03-08 17:00:00,598.88,601.83,597.53,600.37,1307.81,785168.97
2025-03-08 18:00:00,600.16,604.39,599.31,599.98,715.64,429366.89
2025-03-08 19:00:00,599.98,605.27,597.49,597.93,946.79,566116.19
2025-03-08 20:00:00,598.06,598.79,596.81,596.89,208.36,124368.73
2025-03-08 21:00:00,596.89,596.98,595.08,596.72,499.18,297869.02
2025-03-08 22:00:00,596.75,596.31,593.88,595.87,257.9,153675.16
2025-03-08 23:00:00,595.47,595.04,593.14,593.14,237.63,140948.28
2025-03-09 00:00:00,593.14,594.53,592.28,592.37,292.17,173071.31
2025-03-09 01:00:00,592.37,591.09,588.77,589.03,497.93,293293.54
2025-03-09 02:00:00,589.03,588.51,587.13,587.9,274.32,161273.51
2025-03-09 03:00:00,587.9,588.97,586.99,588.54,922.31,542815.49
2025-03-09 04:00:00,588.54,588.47,587.35,588.13,219.31,128982.01
2025-03-09 05:00:00,588.25,586.84,585.1,586.63,187.87,110209.51
2025-03-09 06:00:00,586.78,585.98,583.58,584.78,780.76,456572.27
2025-03-09 07:00:00,584.78,586.26,584.54,586.09,135.38,79344.19
2025-03-09 08:00:00,586.09,584.83,583.54,583.72,696.65,406645.95
2025-03-09 09:00:00,583.72,584.35,581.52,583.66,341.26,199180.26
2025-03-09 10:00:00,583.66,580.07,576.59,576.68,409.24,235998.89
2025-03-09 11:00:00,576.68,579.81,576.66,578.19,682.68,394718.67
2025-03-09 12:00:00,578.19,578.42,574.78,578.34,608.54,351941.62
2025-03-09 13:00:00,578.34,571.67,567.82,569.24,898.96,511727.25
2025-03-09 14:00:00,569.24,572.5,569.07,571.24,857.38,489772.96
2025-03-09 15:00:00,571.24,569.23,566.4,566.65,406.69,230451.72
2025-03-09 16:00:00,566.65,564.02,559.98,560.22,1887.78,1057577.78
2025-03-09 17:00:00,560.22,559.83,552.5,552.5,1954.67,1079954.11
2025-03-09 18:00:00,552.5,555.66,551.27,555.33,1850.54,1027651.66
2025-03-09 19:00:00,555.33,561.05,555.02,560.64,2026.08,1135904.66
2025-03-09 20:00:00,560.64,563.81,558.99,560.07,367.03,205562.4
2025-03-09 21:00:00,560.07,557.06,551.66,556.73,592.88,330074.87
2025-03-09 22:00:00,556.73,554.55,545.64,554.23,1240.64,687604.01
2025-03-09 23:00:00,554.23,557.61,553.89,554.54,1289.73,715206.71
2025-03-10 00:00:00,554.54,560.66,557.25,558.79,858.17,479540.62
2025-03-10 01:00:00,558.79,564.79,559.15,559.15,699.64,391201.08
2025-03-10 02:00:00,559.15,562.28,554.88,557.59,1483.56,827223.56
2025-03-10 03:00:00,557.59,560.69,556.18,560.61,349.74,196066.31
2025-03-10 04:00:00,560.61,565.64,563.25,563.58,520.5,293342.88
2025-03-10 05:00:00,563.58,564.35,560.89,564.1,331.75,187141.23
2025-03-10 06:00:00,564.1,565.89,563.92,564.74,430.66,243211.02
2025-03-10 07:00:00,564.74,566.02,564.04,564.62,533.34,301134.17
2025-03-10 08:00:00,564.62,560.45,557.84,559.55,584.13,326851.26
2025-03-10 09:00:00,559.55,567.89,562.12,563.36,1266.71,713608.29
2025-03-10 10:00:00,563.36,567.73,562.05,563.61,492.17,277392.7
2025-03-10 11:00:00,563.61,572.85,567.08,567.5,770.58,437305.64
2025-03-10 12:00:00,567.5,568.98,565.31,566.48,653.3,370079.89
2025-03-10 13:00:00,566.48,557.33,553.25,557.08,1051.99,586043.31
2025-03-10 14:00:00,557.08,551.59,544.65,545.29,2280.79,1243683.03
2025-03-10 15:00:00,545.29,550.49,546.09,550.17,1327.19,730175.84
2025-03-10 16:00:00,550.17,546.28,540.12,546.28,972.66,531343.23
2025-03-10 17:00:00,546.28,543.6,533.48,535.21,3267.01,1748525.1
2025-03-10 18:00:00,535.39,528.4,507.98,526.03,4634.01,2437641.94
2025-03-10 19:00:00,526.0,538.87,533.42,537.37,2281.14,1225808.07
2025-03-10 20:00:00,537.0,540.33,534.53,535.84,869.39,465856.35
2025-03-10 21:00:00,535.84,542.22,536.37,539.01,766.43,413115.8
2025-03-10 22:00:00,539.01,540.2,532.68,533.62,5421.47,2893011.76
2025-03-10 23:00:00,533.9,532.02,527.23,531.08,502.57,266903.14
2025-03-11 00:00:00,531.08,527.66,512.91,518.11,3151.89,1633040.46
2025-03-11 01:00:00,518.11,535.02,524.35,530.91,2872.75,1525174.65
2025-03-11 02:00:00,530.91,536.71,531.32,534.41,794.51,424595.79
2025-03-11 03:00:00,534.41,537.05,532.36,533.15,437.48,233243.49
2025-03-11 04:00:00,533.15,535.47,533.24,535.39,536.78,287387.01
2025-03-11 05:00:00,535.43,543.51,535.37,539.34,595.23,321033.84
2025-03-11 06:00:00,539.7,540.31,538.31,539.75,437.11,235931.87
2025-03-11 07:00:00,539.75,558.1,541.45,558.01,2702.23,1507884.72
2025-03-11 08:00:00,557.63,562.29,551.03,562.29,6060.24,3407592.84
2025-03-11 09:00:00,562.35,565.41,559.38,562.96,1723.59,970318.96
2025-03-11 10:00:00,562.96,568.03,555.35,555.51,2390.69,1328054.59
2025-03-11 11:00:00,555.51,557.06,546.03,548.07,3011.0,1650253.76
2025-03-11 12:00:00,548.07,548.46,542.53,546.03,2607.64,1423841.85
2025-03-11 13:00:00,546.03,548.72,543.06,546.94,2553.77,1396761.49
2025-03-11 14:00:00,546.94,543.01,538.86,542.69,2191.11,1189088.5
2025-03-11 15:00:00,542.69,553.31,546.73,548.85,1126.68,618373.13
2025-03-11 16:00:00,548.85,552.34,547.29,550.46,821.21,452046.87
2025-03-11 17:00:00,550.46,550.96,547.96,549.58,540.73,297175.72
2025-03-11 18:00:00,549.58,562.93,557.6,557.77,1311.5,731515.6
2025-03-11 19:00:00,557.77,557.38,554.22,555.71,584.08,324581.01
2025-03-11 20:00:00,555.71,556.92,552.78,555.76,255.22,141840.04
2025-03-11 21:00:00,555.76,558.16,554.84,555.34,215.42,119630.64
2025-03-11 22:00:00,555.34,557.4,555.32,556.99,171.2,95355.99
2025-03-11 23:00:00,556.99,555.73,551.58,551.58,502.2,277003.63
2025-03-12 00:00:00,551.58,552.24,550.26,552.08,451.27,249136.89
2025-03-12 01:00:00,552.08,555.84,553.17,555.01,485.14,269255.63
2025-03-12 02:00:00,555.01,550.35,547.47,549.28,530.63,291463.74
2025-03-12 03:00:00,549.28,549.23,545.7,546.93,313.04,171211.09
2025-03-12 04:00:00,546.93,548.69,544.19,547.79,614.54,336637.69
2025-03-12 05:00:00,547.97,554.98,548.97,552.35,1587.26,876717.14
2025-03-12 06:00:00,552.21,551.98,548.48,551.82,289.82,159929.09
2025-03-12 07:00:00,551.82,560.83,555.39,555.56,543.67,302040.68
2025-03-12 08:00:00,555.45,570.48,556.6,557.75,420.89,234752.68
2025-03-12 09:00:00,557.75,559.16,542.31,558.59,760.27,424680.25
2025-03-12 10:00:00,558.46,560.38,557.16,557.41,677.72,377768.85
2025-03-12 11:00:00,557.41,563.35,558.62,558.87,516.71,288771.39
2025-03-12 12:00:00,558.87,566.84,560.87,562.81,1536.47,864733.45
2025-03-12 13:00:00,562.81,555.59,550.96,555.09,1249.39,693526.52
2025-03-12 14:00:00,555.09,567.63,547.0,559.96,9090.39,5090296.89
2025-03-12 15:00:00,559.96,562.15,549.73,552.26,2598.75,1435189.48
2025-03-12 16:00:00,552.26,558.31,553.56,557.82,1241.21,692375.02
2025-03-12 17:00:00,557.82,557.26,553.34,557.02,742.23,413435.8
2025-03-12 18:00:00,557.02,563.45,560.39,562.13,393.22,221039.36
2025-03-12 19:00:00,562.13,567.5,563.52,566.59,530.49,300571.25
2025-03-12 20:00:00,566.59,571.87,567.71,568.96,3032.09,1725138.25
2025-03-12 21:00:00,568.96,572.44,568.45,571.28,1134.79,648277.32
2025-03-12 22:00:00,571.28,577.17,571.4,572.74,1439.81,824631.62
2025-03-12 23:00:00,572.74,573.44,568.59,569.76,851.21,484985.07
2025-03-13 00:00:00,569.76,569.18,566.01,568.01,316.2,179604.43
2025-03-13 01:00:00,568.01,574.82,571.13,574.65,569.19,327087.17
2025-03-13 02:00:00,574.65,574.61,570.34,574.53,550.27,316146.35
2025-03-13 03:00:00,574.53,577.82,571.3,577.32,2986.21,1723994.98
2025-03-13 04:00:00,577.32,580.24,575.16,580.07,1447.86,839858.93
2025-03-13 05:00:00,580.07,579.29,573.63,575.63,969.24,557920.34
2025-03-13 06:00:00,575.63,580.47,576.56,578.8,523.33,302906.0
2025-03-13 07:00:00,578.8,578.62,574.3,578.29,606.66,350824.5
2025-03-13 08:00:00,578.29,580.43,575.78,575.86,968.87,557935.12
2025-03-13 09:00:00,576.21,582.23,576.94,579.59,1414.52,819835.1
2025-03-13 10:00:00,579.4,581.94,577.11,581.02,699.24,406272.98
2025-03-13 11:00:00,581.02,580.63,578.31,578.31,1517.52,877589.86
2025-03-13 12:00:00,578.31,577.93,573.73,577.93,1590.09,918967.15
2025-03-13 13:00:00,577.93,604.85,572.64,583.92,22910.15,13377723.42
2025-03-13 14:00:00,583.92,594.28,577.31,579.28,6032.61,3494573.35
2025-03-13 15:00:00,579.28,581.2,569.93,581.2,2450.19,1424039.53
2025-03-13 16:00:00,581.2,582.34,577.17,580.32,1511.38,877081.43
2025-03-13 17:00:00,580.32,577.66,571.65,572.13,1306.2,747322.73
2025-03-13 18:00:00,572.13,579.27,575.96,578.38,848.1,490527.91
2025-03-13 19:00:00,578.38,577.15,572.1,576.91,464.58,268018.57
2025-03-13 20:00:00,576.91,578.33,573.43,573.43,468.24,268501.18
2025-03-13 21:00:00,573.43,577.3,572.22,573.83,2246.51,1289118.43
2025-03-13 22:00:00,573.83,579.75,576.99,577.23,545.76,315028.95
2025-03-13 23:00:00,577.23,579.57,575.11,579.57,490.98,284557.31
2025-03-14 00:00:00,579.57,583.24,579.41,582.1,2236.84,1302064.42
2025-03-14 01:00:00,582.1,583.27,578.22,581.81,2305.45,1341325.68
2025-03-14 02:00:00,581.81,587.62,581.62,581.78,1799.93,1047164.86
2025-03-14 03:00:00,581.78,583.45,578.79,582.64,418.78,243996.25
2025-03-14 04:00:00,582.64,586.5,582.4,585.02,618.96,362106.3
2025-03-14 05:00:00,585.02,586.48,582.46,582.62,268.7,156550.87
2025-03-14 06:00:00,582.62,582.66,580.2,581.26,1120.32,651199.79
2025-03-14 07:00:00,581.26,583.28,576.46,576.71,1121.55,646807.02
2025-03-14 08:00:00,576.71,581.01,577.79,578.62,1104.49,639075.75
2025-03-14 09:00:00,578.62,580.66,578.75,579.58,277.78,160995.53
2025-03-14 10:00:00,579.58,582.77,578.62,579.29,817.41,473513.76
2025-03-14 11:00:00,579.29,581.68,577.69,578.44,932.3,539276.54
2025-03-14 12:00:00,578.44,581.68,578.17,578.26,289.92,167647.9
2025-03-14 13:00:00,578.26,585.16,579.06,582.57,1198.61,698274.59
2025-03-14 14:00:00,582.57,589.46,582.02,584.11,1071.64,625958.31
2025-03-14 15:00:00,584.11,592.58,583.34,584.7,1729.47,1011221.82
2025-03-14 16:00:00,584.7,591.03,584.16,585.94,1041.76,610408.29
2025-03-14 17:00:00,585.94,584.96,582.68,584.45,863.15,504470.08
2025-03-14 18:00:00,584.45,587.63,584.76,585.6,272.11,159348.34
2025-03-14 19:00:00,585.6,589.23,584.84,588.22,531.48,312626.63
2025-03-14 20:00:00,588.22,590.53,585.31,586.23,619.41,363119.01
2025-03-14 21:00:00,586.23,587.84,584.81,586.16,309.96,181685.33
2025-03-14 22:00:00,586.16,588.92,587.15,588.16,168.54,99128.27
2025-03-14 23:00:00,588.16,587.88,584.94,587.88,542.31,318815.53
2025-03-15 00:00:00,587.88,591.31,589.79,591.31,463.04,273800.61
2025-03-15 01:00:00,591.31,594.29,591.75,593.61,2048.39,1215945.35
2025-03-15 02:00:00,593.61,595.56,591.5,592.26,406.49,240749.51
2025-03-15 03:00:00,592.26,593.87,590.99,593.27,584.29,346643.87
2025-03-15 04:00:00,593.27,594.83,593.05,594.57,340.23,202291.64
2025-03-15 05:00:00,594.57,594.14,591.7,593.89,793.36,471170.25
2025-03-15 06:00:00,593.89,594.44,593.26,594.36,943.05,560509.7
2025-03-15 07:00:00,594.36,591.95,589.18,590.94,550.59,325366.08
2025-03-15 08:00:00,590.94,594.02,591.25,593.77,1896.91,1126321.3
2025-03-15 09:00:00,593.77,597.35,594.16,597.01,2777.45,1658170.73
2025-03-15 10:00:00,597.01,597.99,596.06,597.49,908.43,542774.27
2025-03-15 11:00:00,597.46,597.92,595.41,596.18,283.14,168803.71
2025-03-15 12:00:00,596.18,598.08,596.31,596.98,423.29,252697.02
2025-03-15 13:00:00,596.98,600.38,598.69,599.53,476.65,285767.13
2025-03-15 14:00:00,599.53,599.44,596.49,596.49,622.83,371513.06
2025-03-15 15:00:00,596.49,602.92,597.86,602.75,1993.89,1201812.97
2025-03-15 16:00:00,602.75,608.51,602.44,608.26,2158.71,1313059.53
2025-03-15 17:00:00,608.26,616.1,608.5,613.15,3480.72,2134198.08
2025-03-15 18:00:00,613.15,613.17,610.81,611.74,1437.97,879661.45
2025-03-15 19:00:00,611.74,615.25,611.37,611.71,1033.73,632344.22
2025-03-15 20:00:00,611.71,615.47,611.75,615.47,518.73,319261.07
2025-03-15 21:00:00,615.47,619.2,615.48,618.35,977.31,604324.01
2025-03-15 22:00:00,618.35,618.66,615.79,616.05,323.4,199229.1
2025-03-15 23:00:00,616.05,619.93,615.71,619.85,682.93,423312.32
2025-03-16 00:00:00,619.85,622.58,617.69,618.95,3223.03,1994909.81
2025-03-16 01:00:00,618.95,616.4,611.28,612.46,1617.14,990428.01
2025-03-16 02:00:00,612.46,614.37,611.27,611.43,770.88,471342.79
2025-03-16 03:00:00,611.43,614.56,607.73,609.25,1228.38,748388.63
2025-03-16 04:00:00,609.25,609.96,607.09,608.19,675.92,411087.77
2025-03-16 05:00:00,607.97,610.01,607.31,609.05,210.21,128028.05
2025-03-16 06:00:00,608.94,608.59,605.9,608.34,303.36,184545.74
2025-03-16 07:00:00,608.34,608.97,605.01,605.09,366.5,221766.35
2025-03-16 08:00:00,605.09,608.24,604.87,606.72,400.94,243259.7
2025-03-16 09:00:00,606.72,604.04,601.35,602.19,393.53,236979.94
2025-03-16 10:00:00,602.19,600.65,598.06,600.49,555.13,333348.01
2025-03-16 11:00:00,600.49,595.49,590.29,594.99,1116.95,664575.11
2025-03-16 12:00:00,594.99,600.8,596.41,600.3,741.34,445028.38
2025-03-16 13:00:00,600.3,600.53,596.4,596.73,664.74,396668.23
2025-03-16 14:00:00,596.73,605.08,601.42,601.58,411.42,247503.45
2025-03-16 15:00:00,601.58,602.3,600.05,600.8,307.46,184721.37
2025-03-16 16:00:00,600.8,603.76,596.32,603.43,1294.16,780928.7
2025-03-16 17:00:00,603.43,606.39,603.28,604.04,242.84,146684.94
2025-03-16 18:00:00,604.04,604.08,601.91,602.33,275.65,166031.06
2025-03-16 19:00:00,602.33,600.54,597.63,598.79,349.94,209540.84
2025-03-16 20:00:00,598.79,602.73,599.24,601.4,216.57,130245.78
2025-03-16 21:00:00,601.4,603.34,598.12,603.17,399.56,241002.85
2025-03-16 22:00:00,603.17,600.68,597.89,598.47,431.57,258280.75
2025-03-16 23:00:00,598.47,602.53,599.81,602.2,279.48,168302.94
2025-03-17 00:00:00,602.2,609.51,605.53,608.93,960.36,584794.63
2025-03-17 01:00:00,608.93,617.75,610.26,617.08,1862.96,1149596.0
2025-03-17 02:00:00,616.77,625.01,613.76,624.82,3387.87,2116811.9
2025-03-17 03:00:00,624.82,630.85,624.93,625.5,2590.46,1620334.42
2025-03-17 04:00:00,625.65,632.44,624.24,625.5,2686.03,1680103.7
2025-03-17 05:00:00,625.5,627.73,620.49,624.73,2890.37,1805709.96
2025-03-17 06:00:00,624.73,632.29,625.38,629.3,3137.08,1974150.4
2025-03-17 07:00:00,629.3,635.04,628.02,629.77,2269.81,1429462.04
2025-03-17 08:00:00,629.77,633.63,629.12,633.21,900.48,570193.97
2025-03-17 09:00:00,633.21,642.94,633.15,636.66,3473.13,2211208.49
2025-03-17 10:00:00,636.66,639.23,632.06,638.65,2088.46,1333786.68
2025-03-17 11:00:00,638.65,640.5,628.98,630.9,1821.03,1148881.42
2025-03-17 12:00:00,630.9,630.58,625.85,627.51,1636.64,1027002.79
2025-03-17 13:00:00,627.51,628.11,624.04,626.2,1151.42,721014.65
2025-03-17 14:00:00,626.2,634.55,625.27,631.73,1409.2,890238.11
2025-03-17 15:00:00,631.73,637.09,628.48,630.07,2344.61,1477268.32
2025-03-17 16:00:00,630.07,629.61,624.69,627.19,1795.82,1126327.06
2025-03-17 17:00:00,627.19,633.24,625.66,626.75,1162.17,728393.64
2025-03-17 18:00:00,626.75,631.07,626.76,627.77,685.59,430395.56
2025-03-17 19:00:00,627.77,629.56,626.18,628.21,846.05,531498.02
2025-03-17 20:00:00,628.21,626.4,622.78,624.21,559.29,349115.54
2025-03-17 21:00:00,624.21,628.42,622.7,627.74,335.36,210520.37
2025-03-17 22:00:00,627.74,628.79,626.35,628.2,278.03,174657.6
2025-03-17 23:00:00,628.2,631.95,625.74,631.87,693.45,438169.49
2025-03-18 00:00:00,631.87,636.83,629.21,633.82,861.25,545874.23
2025-03-18 01:00:00,633.82,631.33,621.6,623.93,1282.21,800008.82
2025-03-18 02:00:00,623.93,630.79,625.04,629.63,836.36,526593.58
2025-03-18 03:00:00,629.63,629.62,625.05,628.29,533.5,335194.79
2025-03-18 04:00:00,628.29,631.32,627.17,631.15,394.43,248944.73
2025-03-18 05:00:00,631.15,635.54,631.39,633.88,875.7,555091.59
2025-03-18 06:00:00,633.88,635.95,627.54,630.51,1526.96,962760.72
2025-03-18 07:00:00,630.51,638.29,632.47,633.05,1039.39,657984.02
2025-03-18 08:00:00,633.05,642.99,634.0,640.49,1859.8,1191191.22
2025-03-18 09:00:00,640.49,640.6,633.55,638.53,2330.64,1488172.66
2025-03-18 10:00:00,638.53,643.5,634.56,634.64,2962.55,1880156.38
2025-03-18 11:00:00,634.64,635.22,630.18,631.09,1343.38,847790.48
2025-03-18 12:00:00,631.09,632.09,627.72,628.3,947.4,595252.43
2025-03-18 13:00:00,628.3,625.27,620.3,624.05,1732.67,1081267.65
2025-03-18 14:00:00,624.05,631.26,626.02,627.25,1540.95,966564.26
2025-03-18 15:00:00,627.25,629.8,625.31,627.51,997.26,625792.61
2025-03-18 16:00:00,627.51,635.05,629.4,633.98,1176.01,745569.54
2025-03-18 17:00:00,633.98,631.95,628.61,631.06,1536.03,969324.96
2025-03-18 18:00:00,631.06,636.96,634.1,634.67,670.2,425357.26
2025-03-18 19:00:00,634.67,638.52,632.1,632.35,753.17,476264.72
2025-03-18 20:00:00,632.35,632.54,628.52,629.75,1058.89,666833.23
2025-03-18 21:00:00,629.75,630.03,627.49,628.15,281.56,176860.99
2025-03-18 22:00:00,628.15,631.72,628.75,629.49,795.76,500925.7
2025-03-18 23:00:00,629.49,632.12,626.99,627.99,588.25,369412.46
2025-03-19 00:00:00,627.75,632.94,622.83,623.22,1054.38,657106.96
2025-03-19 01:00:00,623.35,620.62,615.58,616.24,785.71,484186.4
2025-03-19 02:00:00,616.24,620.31,613.51,614.01,1193.18,732624.87
2025-03-19 03:00:00,613.89,619.66,615.4,618.89,512.47,317162.36
2025-03-19 04:00:00,618.77,619.55,616.48,618.39,606.34,374954.47
2025-03-19 05:00:00,618.39,621.78,617.95,618.11,436.81,269998.51
2025-03-19 06:00:00,618.11,618.59,615.76,616.59,927.72,572026.12
2025-03-19 07:00:00,616.59,618.22,615.72,615.8,361.96,222895.81
2025-03-19 08:00:00,615.8,621.91,617.07,617.57,956.39,590639.15
2025-03-19 09:00:00,617.57,619.74,614.89,614.89,714.07,439075.15
2025-03-19 10:00:00,614.89,618.03,612.85,617.28,730.47,450903.68
2025-03-19 11:00:00,617.12,634.22,616.78,617.39,842.55,520179.52
2025-03-19 12:00:00,617.44,616.9,607.52,607.69,2423.92,1472985.9
2025-03-19 13:00:00,607.69,611.29,606.58,609.28,1526.8,930241.87
2025-03-19 14:00:00,609.28,613.6,609.89,612.85,913.72,559969.22
2025-03-19 15:00:00,612.85,616.09,609.31,610.07,871.12,531443.5
2025-03-19 16:00:00,610.07,616.84,607.62,615.07,937.78,576798.7
2025-03-19 17:00:00,615.07,615.25,607.75,612.81,1463.56,896881.1
2025-03-19 18:00:00,612.81,626.09,619.24,621.55,1580.69,982478.52
2025-03-19 19:00:00,621.55,621.47,615.31,615.91,1180.18,726886.29
2025-03-19 20:00:00,615.91,615.54,611.95,615.11,965.49,593884.37
2025-03-19 21:00:00,615.11,618.76,615.25,616.28,233.36,143814.9
2025-03-19 22:00:00,616.28,620.03,616.15,618.65,733.28,453643.83
2025-03-19 23:00:00,618.65,623.61,618.92,618.92,688.88,426363.29
2025-03-20 00:00:00,618.92,624.64,610.62,623.78,3758.18,2344281.07
2025-03-20 01:00:00,623.78,625.08,618.98,618.98,887.38,549267.19
2025-03-20 02:00:00,618.98,625.76,620.08,624.64,2434.15,1520478.87
2025-03-20 03:00:00,624.64,628.14,622.65,624.79,915.03,571705.03
2025-03-20 04:00:00,624.79,627.76,622.54,626.74,604.93,379130.83
2025-03-20 05:00:00,626.74,628.53,625.09,626.12,715.29,447859.17
2025-03-20 06:00:00,626.12,627.95,625.04,627.01,382.58,239881.09
2025-03-20 07:00:00,627.01,628.81,624.44,624.44,463.44,289389.03
2025-03-20 08:00:00,624.44,628.72,621.99,623.37,1033.42,644200.88
2025-03-20 09:00:00,623.37,636.95,620.72,635.15,3217.49,2043592.72
2025-03-20 10:00:00,635.15,634.11,622.87,633.26,3272.53,2072357.09
2025-03-20 11:00:00,633.26,637.78,626.76,626.76,1760.43,1103359.56
2025-03-20 12:00:00,626.76,630.24,623.67,626.66,2003.98,1255807.92
2025-03-20 13:00:00,626.66,628.41,622.68,624.56,646.44,403740.75
2025-03-20 14:00:00,624.56,629.5,625.1,627.6,594.45,373078.17
2025-03-20 15:00:00,627.6,623.97,616.52,623.97,864.71,539550.68
2025-03-20 16:00:00,623.97,618.31,615.72,617.56,743.61,459222.78
2025-03-20 17:00:00,617.56,623.06,619.36,621.71,850.35,528674.57
2025-03-20 18:00:00,621.71,624.91,620.03,624.82,479.15,299383.88
2025-03-20 19:00:00,624.82,626.94,625.0,626.85,765.87,480087.44
2025-03-20 20:00:00,626.85,629.57,627.37,628.97,164.11,103220.85
2025-03-20 21:00:00,628.97,632.28,627.14,632.28,833.6,527072.44
2025-03-20 22:00:00,632.28,632.16,628.12,629.72,502.1,316182.73
2025-03-20 23:00:00,629.72,631.93,628.98,630.24,1367.64,861945.55
2025-03-21 00:00:00,630.24,632.27,627.79,627.79,566.97,355940.46
2025-03-21 01:00:00,627.79,630.67,628.3,629.06,1408.34,885927.88
2025-03-21 02:00:00,629.06,631.39,628.34,629.35,497.38,313028.52
2025-03-21 03:00:00,629.35,630.71,627.59,629.7,1004.54,632555.21
2025-03-21 04:00:00,629.7,631.38,628.92,630.53,306.31,193137.66
2025-03-21 05:00:00,630.53,633.42,628.78,633.17,466.01,295063.22
2025-03-21 06:00:00,633.17,633.23,629.69,630.7,875.21,551996.43
2025-03-21 07:00:00,630.7,632.28,628.59,629.18,741.92,466798.09
2025-03-21 08:00:00,629.18,630.4,627.04,629.82,582.35,366773.63
2025-03-21 09:00:00,629.82,632.49,629.8,632.49,770.57,487380.31
2025-03-21 10:00:00,632.49,636.26,631.89,635.0,1303.87,827955.13
2025-03-21 11:00:00,635.0,635.25,633.32,634.91,814.79,517320.76
2025-03-21 12:00:00,634.91,632.02,628.02,630.94,504.69,318427.48
2025-03-21 13:00:00,630.94,636.58,633.98,635.49,1321.3,839668.74
2025-03-21 14:00:00,635.49,638.29,635.77,636.1,666.48,423949.58
2025-03-21 15:00:00,636.1,633.88,630.45,633.88,678.44,430046.94
2025-03-21 16:00:00,633.88,638.29,634.0,636.19,595.53,378869.42
2025-03-21 17:00:00,636.19,638.55,634.85,635.69,430.48,273651.65
2025-03-21 18:00:00,635.69,636.84,634.15,635.91,426.26,271064.94
2025-03-21 19:00:00,635.91,635.79,633.61,634.87,300.13,190542.24
2025-03-21 20:00:00,634.87,637.5,632.03,632.03,716.77,453020.98
2025-03-21 21:00:00,632.03,636.66,633.37,635.4,316.82,201307.22
2025-03-21 22:00:00,635.4,635.13,632.6,634.2,203.92,129326.72
2025-03-21 23:00:00,634.2,635.67,633.56,634.99,240.81,152912.63
2025-03-22 00:00:00,634.99,635.81,632.78,634.29,253.86,161021.64
2025-03-22 01:00:00,634.29,634.65,632.04,632.55,181.37,114725.37
2025-03-22 02:00:00,632.55,633.64,630.94,631.11,349.39,220504.12
2025-03-22 03:00:00,631.11,632.3,628.93,630.11,752.84,474373.85
2025-03-22 04:00:00,630.14,631.18,628.19,629.78,266.04,167547.55
2025-03-22 05:00:00,629.66,629.7,627.76,629.53,297.78,187460.57
2025-03-22 06:00:00,629.53,632.21,628.08,632.21,596.34,377013.55
2025-03-22 07:00:00,632.21,632.74,630.72,630.97,233.4,147268.69
2025-03-22 08:00:00,630.97,632.18,629.82,631.42,753.32,475664.14
2025-03-22 09:00:00,631.42,632.59,630.82,630.99,812.66,512782.02
2025-03-22 10:00:00,630.99,631.59,627.87,627.96,801.64,503396.76
2025-03-22 11:00:00,627.96,627.56,625.2,627.48,311.48,195446.2
2025-03-22 12:00:00,627.48,628.98,627.3,627.46,178.56,112040.05
2025-03-22 13:00:00,627.46,628.69,626.92,627.85,227.51,142842.17
2025-03-22 14:00:00,627.85,626.93,624.24,624.66,378.68,236547.29
2025-03-22 15:00:00,624.66,625.9,624.21,625.64,393.48,246177.96
2025-03-22 16:00:00,625.64,626.55,624.28,625.96,192.43,120453.56
2025-03-22 17:00:00,625.96,627.57,626.31,626.39,233.77,146431.5
2025-03-22 18:00:00,626.39,626.88,625.2,626.04,119.11,74567.42
2025-03-22 19:00:00,626.04,626.67,625.08,626.25,124.38,77893.45
2025-03-22 20:00:00,626.25,627.52,624.08,627.52,283.19,177708.18
2025-03-22 21:00:00,627.52,628.41,625.38,625.8,278.78,174461.58
2025-03-22 22:00:00,625.8,627.42,625.49,627.34,132.66,83222.88
2025-03-22 23:00:00,627.34,626.85,624.42,626.85,185.32,116168.24
2025-03-23 00:00:00,626.85,628.61,625.17,627.69,474.93,298107.21
2025-03-23 01:00:00,627.69,629.22,624.35,624.35,819.53,511670.7
2025-03-23 02:00:00,624.35,626.48,623.53,624.04,785.15,489962.27
2025-03-23 03:00:00,624.04,624.76,623.42,623.92,717.46,447638.0
2025-03-23 04:00:00,623.92,624.09,622.4,622.99,102.06,63582.68
2025-03-23 05:00:00,622.99,624.28,622.93,624.28,400.55,250054.11
2025-03-23 06:00:00,624.28,624.41,622.73,622.81,287.38,178983.13
2025-03-23 07:00:00,622.81,623.89,622.8,622.88,661.78,412210.01
2025-03-23 08:00:00,622.88,624.45,622.26,622.26,198.35,123425.45
2025-03-23 09:00:00,622.26,622.8,621.29,621.54,340.99,211938.46
2025-03-23 10:00:00,621.54,622.82,620.2,620.96,284.35,176569.91
2025-03-23 11:00:00,620.96,622.6,621.07,621.58,695.93,432575.9
2025-03-23 12:00:00,621.36,623.77,620.15,623.37,1653.07,1030470.73
2025-03-23 13:00:00,623.31,625.93,623.89,624.06,220.92,137867.68
2025-03-23 14:00:00,624.06,623.24,621.71,622.65,180.99,112693.04
2025-03-23 15:00:00,622.65,625.37,621.28,621.28,294.52,182978.4
2025-03-23 16:00:00,621.28,622.93,619.94,621.31,502.7,312331.41
2025-03-23 17:00:00,621.31,622.89,618.72,622.89,442.37,275546.5
2025-03-23 18:00:00,622.89,624.6,622.47,623.49,477.53,297735.69
2025-03-23 19:00:00,623.49,624.62,622.58,623.18,204.94,127713.67
2025-03-23 20:00:00,623.18,623.97,621.67,623.72,164.63,102682.47
2025-03-23 21:00:00,623.72,625.29,623.67,623.67,186.83,116520.74
2025-03-23 22:00:00,623.67,625.03,620.93,621.96,469.27,291866.76
2025-03-23 23:00:00,621.96,627.18,623.65,624.08,484.79,302547.02
2025-03-24 00:00:00,624.08,627.65,622.23,622.83,3110.4,1937246.45
2025-03-24 01:00:00,622.83,621.28,618.97,619.4,329.2,203906.42
2025-03-24 02:00:00,619.4,623.08,620.07,621.19,555.91,345324.06
2025-03-24 03:00:00,621.19,626.42,623.04,623.21,925.75,576940.67
2025-03-24 04:00:00,623.21,626.13,623.78,624.57,991.76,619419.4
2025-03-24 05:00:00,624.57,625.53,623.01,625.18,362.79,226809.27
2025-03-24 06:00:00,625.18,627.11,623.1,623.1,998.66,622264.67
2025-03-24 07:00:00,623.1,623.1,621.36,623.1,741.95,462308.69
2025-03-24 08:00:00,623.1,627.07,624.71,626.29,948.07,593763.63
2025-03-24 09:00:00,626.29,628.16,624.06,627.9,754.07,473478.59
2025-03-24 10:00:00,627.9,633.09,628.97,629.41,462.57,291144.08
2025-03-24 11:00:00,629.41,631.93,628.42,630.7,362.83,228837.54
2025-03-24 12:00:00,630.7,629.8,626.83,626.92,702.63,440491.53
2025-03-24 13:00:00,626.92,631.27,626.0,626.53,917.02,574541.03
2025-03-24 14:00:00,626.53,628.84,624.0,627.25,1554.11,974822.12
2025-03-24 15:00:00,627.25,632.44,628.02,631.11,911.55,575289.28
2025-03-24 16:00:00,631.11,639.74,627.5,635.96,2370.97,1507831.22
2025-03-24 17:00:00,635.96,640.49,637.66,638.19,1069.74,682699.08
2025-03-24 18:00:00,638.19,639.29,636.55,636.99,464.56,295920.12
2025-03-24 19:00:00,636.99,638.17,634.64,636.5,386.83,246216.01
2025-03-24 20:00:00,636.5,637.01,633.49,636.92,301.1,191776.73
2025-03-24 21:00:00,636.92,638.89,634.92,635.45,323.84,205784.5
2025-03-24 22:00:00,635.45,635.64,629.78,635.47,529.97,336779.41
2025-03-24 23:00:00,635.47,638.81,635.57,637.24,681.53,434295.87
2025-03-25 00:00:00,637.24,643.11,635.84,636.71,2214.84,1410214.94
2025-03-25 01:00:00,636.71,636.52,632.86,636.35,559.76,356202.1
2025-03-25 02:00:00,636.35,639.69,634.65,639.6,508.94,325520.51
2025-03-25 03:00:00,639.6,640.1,636.9,640.1,781.58,500291.89
2025-03-25 04:00:00,640.1,641.06,638.38,639.93,644.56,412475.73
2025-03-25 05:00:00,639.93,643.42,639.86,642.81,703.17,452004.33
2025-03-25 06:00:00,642.81,643.92,641.75,643.49,951.19,612076.88
2025-03-25 07:00:00,643.49,642.69,639.41,641.4,598.97,384177.98
2025-03-25 08:00:00,641.4,643.56,639.39,640.26,1960.73,1255380.13
2025-03-25 09:00:00,640.26,646.04,640.28,640.28,765.52,490146.28
2025-03-25 10:00:00,640.28,639.93,636.44,637.31,1077.26,686553.18
2025-03-25 11:00:00,637.31,641.26,633.22,634.53,1977.77,1254953.54
2025-03-25 12:00:00,634.53,633.88,631.01,631.1,1215.75,767256.22
2025-03-25 13:00:00,631.1,635.58,631.81,632.95,1333.96,844331.3
2025-03-25 14:00:00,632.95,637.61,633.83,634.36,701.33,444893.51
2025-03-25 15:00:00,634.36,634.3,631.58,633.86,590.69,374416.36
2025-03-25 16:00:00,633.86,634.15,630.46,632.39,804.26,508607.52
2025-03-25 17:00:00,632.39,633.38,631.01,631.89,363.31,229571.41
2025-03-25 18:00:00,631.89,632.74,630.11,630.81,555.59,350472.71
2025-03-25 19:00:00,630.81,633.55,630.73,631.61,323.67,204432.69
2025-03-25 20:00:00,631.61,632.12,627.29,632.03,603.97,381729.4
2025-03-25 21:00:00,632.03,631.26,628.37,630.82,212.61,134119.42
2025-03-25 22:00:00,630.82,629.86,627.06,629.33,1079.74,679514.08
2025-03-25 23:00:00,629.33,630.35,628.78,630.09,343.94,216713.32
2025-03-26 00:00:00,630.09,632.84,629.34,630.56,559.49,352793.61
2025-03-26 01:00:00,630.56,632.75,630.99,631.87,261.26,165081.72
2025-03-26 02:00:00,631.7,631.9,627.5,627.6,77.73,48865.88
2025-03-26 03:00:00,628.03,629.51,626.46,628.38,324.35,203815.39
2025-03-26 04:00:00,628.38,631.04,629.3,629.73,429.28,270331.52
2025-03-26 05:00:00,629.73,632.48,630.82,631.08,375.41,236913.07
2025-03-26 06:00:00,630.88,634.2,631.92,632.13,174.55,110338.21
2025-03-26 07:00:00,632.34,635.11,632.91,633.52,560.61,355159.82
2025-03-26 08:00:00,633.52,633.18,631.77,632.56,235.61,149038.05
2025-03-26 09:00:00,632.56,632.64,629.91,630.35,175.29,110494.48
2025-03-26 10:00:00,630.35,632.73,630.53,631.94,353.96,223680.69
2025-03-26 11:00:00,631.94,632.26,630.14,631.64,245.4,155004.55
2025-03-26 12:00:00,631.64,631.74,629.2,630.25,266.95,168245.7
2025-03-26 13:00:00,630.25,626.25,622.17,625.82,802.8,502406.95
2025-03-26 14:00:00,625.82,626.21,623.35,625.34,552.12,345264.69
2025-03-26 15:00:00,625.34,626.37,623.85,624.89,576.03,359955.57
2025-03-26 16:00:00,624.89,623.35,620.93,622.74,550.5,342820.83
2025-03-26 17:00:00,622.74,623.05,619.41,620.54,368.25,228512.16
2025-03-26 18:00:00,620.54,618.43,616.45,617.83,302.15,186676.43
2025-03-26 19:00:00,617.83,621.28,617.99,618.34,570.83,352966.29
2025-03-26 20:00:00,618.34,623.67,618.69,619.48,638.55,395566.3
2025-03-26 21:00:00,619.48,620.82,618.38,620.21,418.98,259854.83
2025-03-26 22:00:00,620.21,618.48,615.79,617.87,345.28,213339.17
2025-03-26 23:00:00,617.87,619.25,617.07,618.03,349.32,215889.99
2025-03-27 00:00:00,618.03,622.14,620.05,621.62,206.83,128569.52
2025-03-27 01:00:00,621.62,624.43,622.33,624.43,320.34,200028.86
2025-03-27 02:00:00,624.43,626.31,624.47,626.22,193.72,121312.09
2025-03-27 03:00:00,626.22,627.26,625.95,626.74,115.43,72344.45
2025-03-27 04:00:00,626.74,627.89,625.26,627.89,139.89,87834.84
2025-03-27 05:00:00,627.89,627.51,626.2,626.55,221.97,139075.97
2025-03-27 06:00:00,626.55,634.83,626.79,634.39,778.86,494104.12
2025-03-27 07:00:00,634.39,637.46,633.88,635.63,660.57,419877.28
2025-03-27 08:00:00,635.63,641.26,635.66,640.99,1678.23,1075734.33
2025-03-27 09:00:00,640.99,642.0,634.83,636.93,5774.27,3677789.41
2025-03-27 10:00:00,636.93,635.97,632.57,634.92,1764.45,1120284.39
2025-03-27 11:00:00,634.92,634.8,632.72,632.89,617.74,390961.88
2025-03-27 12:00:00,632.89,632.59,624.43,628.34,4304.97,2704976.21
2025-03-27 13:00:00,628.34,633.86,625.05,633.52,3234.96,2049409.3
2025-03-27 14:00:00,633.52,640.3,636.89,637.42,910.92,580636.48
2025-03-27 15:00:00,637.42,638.11,633.42,636.9,1486.54,946772.67
2025-03-27 16:00:00,636.9,637.2,634.94,635.37,745.79,473854.93
2025-03-27 17:00:00,635.37,641.27,635.8,637.54,2887.79,1841067.95
2025-03-27 18:00:00,637.54,641.13,638.08,639.3,396.91,253744.75
2025-03-27 19:00:00,639.3,640.17,637.04,639.91,643.45,411750.6
2025-03-27 20:00:00,639.91,641.83,639.91,640.26,316.72,202781.98
2025-03-27 21:00:00,640.26,642.22,638.46,639.24,753.81,481867.93
2025-03-27 22:00:00,639.24,638.99,637.06,638.55,263.54,168283.11
2025-03-27 23:00:00,638.55,638.36,636.7,637.4,382.88,244046.05
2025-03-28 00:00:00,637.4,638.9,634.36,636.55,1476.11,939612.05
2025-03-28 01:00:00,636.55,639.78,634.8,636.37,1192.79,759060.34
2025-03-28 02:00:00,636.37,634.5,632.5,633.02,412.87,261354.0
2025-03-28 03:00:00,633.02,633.79,631.27,633.27,377.17,238848.66
2025-03-28 04:00:00,633.27,631.65,629.23,630.87,760.98,480079.67
2025-03-28 05:00:00,630.87,631.71,628.78,629.3,747.1,470147.68
2025-03-28 06:00:00,629.3,631.76,626.7,631.33,1482.76,936107.08
2025-03-28 07:00:00,631.33,629.28,626.64,628.43,789.63,496225.79
2025-03-28 08:00:00,628.43,630.03,626.54,627.13,467.18,292983.27
2025-03-28 09:00:00,627.13,629.45,626.38,628.85,1117.86,702966.99
2025-03-28 10:00:00,628.85,629.81,627.35,628.71,923.15,580390.14
2025-03-28 11:00:00,628.71,633.71,629.11,633.37,875.55,554546.69
2025-03-28 12:00:00,633.37,632.18,627.25,628.61,850.04,534344.03
2025-03-28 13:00:00,628.61,628.39,624.65,626.69,949.55,595071.7
2025-03-28 14:00:00,626.69,625.74,620.1,625.32,2092.65,1308570.0
2025-03-28 15:00:00,625.19,625.14,619.9,624.95,1448.46,905216.15
2025-03-28 16:00:00,625.23,625.03,620.92,621.76,1543.96,959976.24
2025-03-28 17:00:00,621.76,625.25,622.64,624.83,684.31,427575.65
2025-03-28 18:00:00,624.83,624.77,621.5,621.58,769.92,478569.75
2025-03-28 19:00:00,621.58,622.37,618.35,618.94,421.85,261099.44
2025-03-28 20:00:00,618.94,620.21,616.61,616.61,875.53,539860.03
2025-03-28 21:00:00,616.61,618.47,616.2,616.45,284.42,175330.49
2025-03-28 22:00:00,616.45,620.61,619.01,619.6,705.21,436946.27
2025-03-28 23:00:00,619.6,620.24,618.3,619.49,225.53,139712.46
2025-03-29 00:00:00,619.49,622.28,618.91,621.61,728.45,452808.81
2025-03-29 01:00:00,621.61,621.91,617.94,618.62,230.02,142294.74
2025-03-29 02:00:00,618.62,615.78,612.09,612.43,764.86,468423.05
2025-03-29 03:00:00,612.43,615.06,612.46,613.04,293.21,179750.71
2025-03-29 04:00:00,613.04,612.8,610.78,610.87,1412.9,863093.22
2025-03-29 05:00:00,610.87,610.46,606.85,606.85,501.8,304517.88
2025-03-29 06:00:00,606.85,607.25,603.39,606.99,1826.13,1108450.64
2025-03-29 07:00:00,606.99,608.66,605.23,607.57,392.11,238236.16
2025-03-29 08:00:00,607.57,611.08,608.48,609.32,608.78,370942.81
2025-03-29 09:00:00,609.32,606.93,603.33,606.93,679.16,412199.39
2025-03-29 10:00:00,606.93,604.6,602.03,604.27,421.56,254735.69
2025-03-29 11:00:00,604.04,603.25,596.06,601.04,828.04,497684.9
2025-03-29 12:00:00,600.82,605.12,601.33,602.9,397.0,239349.95
2025-03-29 13:00:00,602.9,607.85,605.53,607.6,740.26,449783.83
2025-03-29 14:00:00,607.6,606.45,604.38,606.45,182.29,110549.09
2025-03-29 15:00:00,606.45,607.25,604.53,604.53,1171.29,708085.17
2025-03-29 16:00:00,604.53,604.46,600.84,601.75,528.69,318137.09
2025-03-29 17:00:00,601.75,604.14,600.52,600.6,686.68,412418.76
2025-03-29 18:00:00,600.6,603.26,599.88,603.17,580.07,349883.13
2025-03-29 19:00:00,603.17,608.05,605.32,605.74,363.33,220082.02
2025-03-29 20:00:00,605.74,604.46,601.0,601.33,225.6,135659.06
2025-03-29 21:00:00,601.33,602.88,600.98,602.14,693.85,417794.78
2025-03-29 22:00:00,602.38,603.95,601.23,601.23,151.12,90857.19
2025-03-29 23:00:00,601.23,605.33,602.59,602.77,233.69,140861.06
2025-03-30 00:00:00,602.75,605.29,602.48,603.47,202.16,121997.35
2025-03-30 01:00:00,603.47,606.77,604.53,606.27,860.17,521493.26
2025-03-30 02:00:00,606.27,611.95,608.62,611.37,270.42,165325.51
2025-03-30 03:00:00,611.37,610.62,607.8,608.96,219.16,133459.65
2025-03-30 04:00:00,608.96,611.62,609.13,611.04,269.12,164442.34
2025-03-30 05:00:00,611.04,610.86,609.12,610.11,845.95,516123.53
2025-03-30 06:00:00,610.11,611.82,607.75,607.75,308.06,187222.75
2025-03-30 07:00:00,607.75,607.8,606.3,606.55,668.82,405673.05
2025-03-30 08:00:00,606.55,608.98,606.48,608.39,274.37,166924.83
2025-03-30 09:00:00,608.39,610.6,607.42,607.92,311.29,189240.87
2025-03-30 10:00:00,607.92,606.62,604.29,606.37,616.67,373927.79
2025-03-30 11:00:00,606.37,606.3,604.72,605.05,150.64,91145.06
2025-03-30 12:00:00,605.05,605.29,603.13,604.96,389.66,235728.41
2025-03-30 13:00:00,604.96,602.95,600.97,601.46,706.59,424986.47
2025-03-30 14:00:00,601.46,604.5,601.76,604.41,380.25,229828.1
2025-03-30 15:00:00,604.41,604.45,601.72,601.97,288.37,173590.72
2025-03-30 16:00:00,601.97,601.0,597.96,600.01,329.09,197458.2
2025-03-30 17:00:00,599.99,603.74,600.13,600.67,792.54,476056.15
2025-03-30 18:00:00,600.71,604.86,601.63,604.86,645.04,390159.17
2025-03-30 19:00:00,604.86,604.45,602.38,603.7,153.69,92783.38
2025-03-30 20:00:00,603.7,604.0,601.52,601.69,251.29,151197.83
2025-03-30 21:00:00,601.69,600.55,599.07,599.4,272.35,163245.86
2025-03-30 22:00:00,599.4,601.63,599.08,601.38,1551.9,933286.82
2025-03-30 23:00:00,601.38,603.1,600.71,602.11,500.99,301652.01
2025-03-31 00:00:00,602.11,598.36,595.67,596.81,1372.95,819395.13
2025-03-31 01:00:00,596.81,604.57,599.24,604.41,820.64,495999.2
2025-03-31 02:00:00,604.41,606.64,603.69,604.01,2625.64,1585921.53
2025-03-31 03:00:00,604.01,601.99,598.32,599.14,1333.01,798652.97
2025-03-31 04:00:00,599.14,603.63,601.17,601.75,783.61,471534.74
2025-03-31 05:00:00,601.75,604.34,602.12,602.45,266.52,160564.18
2025-03-31 06:00:00,602.45,602.03,599.32,599.32,746.01,447101.73
2025-03-31 07:00:00,599.32,598.49,595.29,595.78,1083.09,645287.01
2025-03-31 08:00:00,595.89,594.92,591.33,592.23,3379.08,2001192.15
2025-03-31 09:00:00,592.05,591.26,587.92,589.22,520.68,306797.63
2025-03-31 10:00:00,589.22,595.81,593.34,595.07,663.3,394708.54
2025-03-31 11:00:00,595.07,596.18,593.8,595.61,546.26,325355.42
2025-03-31 12:00:00,595.61,601.94,599.62,600.45,444.88,267128.19
2025-03-31 13:00:00,600.45,600.72,596.6,598.25,495.15,296221.82
2025-03-31 14:00:00,598.25,607.5,602.32,605.16,1003.34,607182.93
2025-03-31 15:00:00,605.16,604.79,600.7,604.29,897.06,542084.57
2025-03-31 16:00:00,604.29,604.88,602.38,604.22,540.14,326361.1
2025-03-31 17:00:00,604.22,605.56,599.69,605.32,677.93,410361.49
2025-03-31 18:00:00,605.32,609.77,605.86,607.19,555.61,337361.12
2025-03-31 19:00:00,607.19,605.33,599.48,605.25,370.02,223953.42
2025-03-31 20:00:00,605.25,606.81,604.01,605.08,513.73,310845.98
2025-03-31 21:00:00,605.0,606.96,604.59,605.86,246.15,149133.25
2025-03-31 22:00:00,605.86,606.83,604.27,604.82,194.11,117401.31
2025-03-31 23:00:00,604.65,606.58,604.02,604.68,686.3,414994.99
2025-04-01 00:00:00,604.59,609.93,604.25,607.0,418.83,254229.34
2025-04-01 01:00:00,607.0,607.21,605.02,605.57,210.16,127266.85
2025-04-01 02:00:00,605.57,611.14,607.83,608.2,263.6,160320.72
2025-04-01 03:00:00,608.24,608.87,606.63,608.7,311.74,189756.83
2025-04-01 04:00:00,609.1,610.75,608.18,609.28,178.34,108659.66
2025-04-01 05:00:00,609.28,610.55,607.23,607.6,197.73,120140.61
2025-04-01 06:00:00,607.6,612.96,606.83,610.73,360.79,220345.12
2025-04-01 07:00:00,610.73,610.87,606.79,610.13,323.0,197072.52
2025-04-01 08:00:00,610.08,618.22,614.27,615.62,739.44,455210.41
2025-04-01 09:00:00,615.62,618.54,615.42,616.6,827.02,509940.02
2025-04-01 10:00:00,616.6,615.88,609.56,609.73,888.08,541491.92
2025-04-01 11:00:00,609.73,608.43,605.92,607.59,831.22,505043.96
2025-04-01 12:00:00,607.59,613.3,605.18,612.79,1569.86,962000.04
2025-04-01 13:00:00,612.79,614.66,612.24,614.16,778.06,477853.36
2025-04-01 14:00:00,614.16,625.92,615.23,615.48,4834.32,2975446.34
2025-04-01 15:00:00,615.48,623.97,615.27,615.44,2387.4,1469308.03
2025-04-01 16:00:00,615.44,614.77,610.08,610.68,2974.75,1816619.07
2025-04-01 17:00:00,610.68,611.68,607.6,609.47,1563.54,952928.84
2025-04-01 18:00:00,609.47,611.24,608.18,608.18,535.62,325752.78
2025-04-01 19:00:00,608.18,609.13,606.58,608.53,298.33,181543.74
2025-04-01 20:00:00,608.53,611.38,608.65,610.02,340.42,207661.92
2025-04-01 21:00:00,610.02,610.49,608.1,608.96,291.67,177614.23
2025-04-01 22:00:00,608.96,613.91,607.7,610.25,890.46,543407.38
2025-04-01 23:00:00,610.25,611.47,609.26,611.13,635.53,388391.66
2025-04-02 00:00:00,611.13,610.15,607.77,607.85,575.42,349769.98
2025-04-02 01:00:00,607.85,609.3,606.92,607.09,646.35,392392.78
2025-04-02 02:00:00,607.09,604.34,601.2,601.37,844.32,507751.02
2025-04-02 03:00:00,601.37,602.96,599.83,601.36,336.19,202169.76
2025-04-02 04:00:00,601.37,602.31,600.24,600.61,303.46,182262.53
2025-04-02 05:00:00,600.72,597.85,595.83,597.43,1085.98,648798.8
2025-04-02 06:00:00,597.45,599.2,595.68,598.64,334.76,200401.96
2025-04-02 07:00:00,598.69,602.14,599.86,601.12,541.53,325526.38
2025-04-02 08:00:00,601.12,606.85,602.87,603.47,429.66,259285.62
2025-04-02 09:00:00,603.47,606.04,601.96,602.55,504.64,304071.36
2025-04-02 10:00:00,602.55,601.49,599.71,600.81,436.88,262483.7
2025-04-02 11:00:00,600.81,600.24,598.21,599.99,272.26,163352.57
2025-04-02 12:00:00,599.82,603.18,600.19,601.5,338.69,203720.98
2025-04-02 13:00:00,601.91,604.97,599.86,603.01,1004.63,605803.25
2025-04-02 14:00:00,603.01,607.75,603.8,604.23,985.15,595253.24
2025-04-02 15:00:00,604.23,610.92,599.2,604.84,6511.2,3938246.54
2025-04-02 16:00:00,604.84,609.86,605.51,606.46,1877.27,1138496.67
2025-04-02 17:00:00,606.46,604.81,602.38,603.77,1289.16,778351.97
2025-04-02 18:00:00,603.82,606.45,602.85,603.8,391.84,236591.09
2025-04-02 19:00:00,603.8,609.12,604.91,605.48,338.77,205119.44
2025-04-02 20:00:00,605.87,603.62,590.61,602.6,3379.89,2036710.23
2025-04-02 21:00:00,602.6,602.5,596.65,600.46,1857.58,1115411.6
2025-04-02 22:00:00,600.28,587.55,577.31,586.83,2555.9,1499891.0
2025-04-02 23:00:00,586.93,591.05,584.78,590.3,1035.83,611453.13
2025-04-03 00:00:00,590.25,598.86,594.85,596.67,979.29,584314.33
2025-04-03 01:00:00,596.75,601.88,599.28,601.54,433.99,261063.24
2025-04-03 02:00:00,601.54,611.35,601.29,603.3,1918.85,1157651.35
2025-04-03 03:00:00,603.3,602.05,597.79,601.21,586.81,352797.98
2025-04-03 04:00:00,601.26,605.27,601.23,603.25,687.18,414539.05
2025-04-03 05:00:00,603.03,608.37,601.37,607.95,2411.89,1466308.48
2025-04-03 06:00:00,607.95,607.02,602.2,603.95,1866.34,1127170.75
2025-04-03 07:00:00,604.15,605.55,599.74,600.1,1132.34,679519.29
2025-04-03 08:00:00,600.22,602.05,596.27,598.11,3433.99,2053915.25
2025-04-03 09:00:00,598.11,599.51,595.75,598.84,842.96,504796.26
2025-04-03 10:00:00,598.76,595.51,590.67,594.44,853.81,507535.28
2025-04-03 11:00:00,594.44,595.56,592.69,593.04,599.13,355310.97
2025-04-03 12:00:00,593.04,588.34,580.6,585.17,1749.31,1023648.49
2025-04-03 13:00:00,585.17,595.04,586.66,587.55,1113.6,654292.88
2025-04-03 14:00:00,587.41,582.49,578.25,579.63,728.98,422542.13
2025-04-03 15:00:00,579.76,588.34,585.67,586.21,451.17,264478.39
2025-04-03 16:00:00,586.03,587.18,583.74,586.69,519.61,304849.25
2025-04-03 17:00:00,586.69,588.85,586.72,587.79,433.18,254618.1
2025-04-03 18:00:00,587.88,592.26,586.54,588.15,445.9,262254.62
2025-04-03 19:00:00,588.15,588.36,586.75,587.83,321.95,189250.61
2025-04-03 20:00:00,587.94,591.7,589.73,589.73,585.41,345231.46
2025-04-03 21:00:00,589.73,592.8,589.82,592.39,932.58,552449.48
2025-04-03 22:00:00,592.41,592.34,591.07,592.34,336.37,199244.3
2025-04-03 23:00:00,592.39,595.83,591.76,592.42,468.13,277331.12
2025-04-04 00:00:00,592.42,592.7,590.88,591.63,353.85,209346.52
2025-04-04 01:00:00,591.77,591.93,581.06,589.61,604.47,356401.74
2025-04-04 02:00:00,589.61,592.59,588.47,592.41,403.32,238929.78
2025-04-04 03:00:00,592.49,593.45,591.63,592.95,1642.43,973879.93
2025-04-04 04:00:00,592.95,593.58,590.77,591.6,292.09,172800.41
2025-04-04 05:00:00,591.55,598.88,595.45,595.63,292.19,174037.47
2025-04-04 06:00:00,595.63,595.48,593.32,594.58,188.46,112054.16
2025-04-04 07:00:00,594.39,602.07,598.29,598.29,426.88,255398.91
2025-04-04 08:00:00,598.29,601.32,597.53,598.29,813.9,486944.83
2025-04-04 09:00:00,598.29,601.34,597.71,598.21,428.77,256496.54
2025-04-04 10:00:00,598.21,590.7,583.93,589.63,948.4,559206.4
2025-04-04 11:00:00,589.63,592.45,588.56,588.65,738.84,434916.32
2025-04-04 12:00:00,588.65,591.15,587.84,590.66,711.65,420340.63
2025-04-04 13:00:00,590.66,596.25,592.5,592.67,1700.09,1007585.98
2025-04-04 14:00:00,592.67,593.73,586.8,591.51,766.45,453359.6
2025-04-04 15:00:00,591.63,593.99,588.61,593.63,1328.39,788572.85
2025-04-04 16:00:00,593.63,596.44,592.85,594.47,410.51,244034.83
2025-04-04 17:00:00,594.37,602.91,597.85,598.86,613.89,367633.73
2025-04-04 18:00:00,598.86,598.05,594.69,597.12,422.05,252016.59
2025-04-04 19:00:00,597.12,598.0,595.39,596.99,237.38,141713.01
2025-04-04 20:00:00,596.79,600.24,596.6,597.69,321.59,192211.66
2025-04-04 21:00:00,597.69,599.18,596.64,598.46,205.65,123072.61
2025-04-04 22:00:00,598.46,599.41,596.87,597.78,129.95,77681.14
2025-04-04 23:00:00,597.78,599.36,597.0,597.73,222.84,133197.68
2025-04-05 00:00:00,597.5,597.88,596.29,597.21,290.88,173716.01
2025-04-05 01:00:00,596.93,597.49,595.31,597.49,137.96,82430.03
2025-04-05 02:00:00,597.49,597.29,595.84,597.29,90.24,53899.47
2025-04-05 03:00:00,597.33,596.03,594.94,595.78,68.84,41013.26
2025-04-05 04:00:00,595.65,595.65,594.57,595.47,81.28,48400.03
2025-04-05 05:00:00,595.47,596.25,594.44,594.8,117.59,69942.42
2025-04-05 06:00:00,594.95,594.06,592.97,593.72,133.82,79451.87
2025-04-05 07:00:00,593.72,595.94,594.85,595.39,115.43,68726.23
2025-04-05 08:00:00,595.39,596.9,595.63,596.18,100.26,59772.69
2025-04-05 09:00:00,596.14,598.54,597.54,597.54,122.54,73221.96
2025-04-05 10:00:00,597.59,598.19,596.73,597.64,116.18,69433.82
2025-04-05 11:00:00,597.64,596.96,593.71,596.6,239.67,142986.82
2025-04-05 12:00:00,596.6,596.31,593.26,595.95,245.93,146563.17
2025-04-05 13:00:00,595.95,593.49,592.24,593.13,1021.48,605871.74
2025-04-05 14:00:00,593.13,594.74,593.13,593.67,204.73,121542.08
2025-04-05 15:00:00,593.67,592.3,590.16,591.41,792.26,468551.69
2025-04-05 16:00:00,591.41,592.98,591.74,592.63,148.08,87756.38
2025-04-05 17:00:00,592.58,593.58,592.42,592.84,129.72,76903.01
2025-04-05 18:00:00,592.72,594.59,592.61,592.61,125.15,74165.61
2025-04-05 19:00:00,592.61,591.21,588.54,590.85,127.48,75322.05
2025-04-05 20:00:00,590.85,596.18,587.23,590.99,1562.38,923354.02
2025-04-05 21:00:00,590.99,592.18,590.75,591.11,165.19,97645.16
2025-04-05 22:00:00,591.11,593.42,591.63,592.17,119.19,70580.26
2025-04-05 23:00:00,592.17,594.99,592.46,592.82,180.93,107259.72
2025-04-06 00:00:00,592.82,594.82,592.1,592.65,209.76,124313.69
2025-04-06 01:00:00,592.65,593.11,591.12,591.66,223.58,132283.25
2025-04-06 02:00:00,591.66,591.28,588.93,590.74,190.06,112275.65
2025-04-06 03:00:00,590.99,591.87,590.37,591.78,119.53,70735.73
2025-04-06 04:00:00,591.68,592.05,590.6,590.96,108.6,64178.38
2025-04-06 05:00:00,590.96,592.95,591.14,592.95,118.4,70205.11
2025-04-06 06:00:00,592.95,591.15,588.46,591.15,145.15,85805.83
2025-04-06 07:00:00,591.6,592.2,590.4,590.4,148.49,87830.49
2025-04-06 08:00:00,590.2,590.73,588.82,589.32,489.04,288201.27
2025-04-06 09:00:00,589.31,588.68,587.79,588.51,83.28,49010.78
2025-04-06 10:00:00,588.51,589.39,587.96,588.49,92.86,54647.57
2025-04-06 11:00:00,588.46,589.07,587.17,588.99,176.13,103738.73
2025-04-06 12:00:00,588.99,587.93,585.53,585.53,162.31,95037.36
2025-04-06 13:00:00,585.39,581.55,575.26,579.98,838.96,486577.04
2025-04-06 14:00:00,579.98,587.78,583.0,583.0,419.15,244364.8
2025-04-06 15:00:00,583.0,581.25,578.79,581.07,293.67,170643.64
2025-04-06 16:00:00,581.07,578.05,570.95,574.24,584.79,335808.85
2025-04-06 17:00:00,574.47,567.29,562.36,563.9,2876.33,1621959.21
2025-04-06 18:00:00,564.52,557.39,541.86,555.12,1880.4,1043853.23
2025-04-06 19:00:00,555.54,560.01,554.68,558.34,1214.59,678152.32
2025-04-06 20:00:00,558.31,556.01,539.95,551.6,1607.15,886502.94
2025-04-06 21:00:00,551.56,554.77,551.14,553.43,636.69,352362.8
2025-04-06 22:00:00,553.5,554.08,546.83,551.55,2090.43,1152986.07
2025-04-06 23:00:00,551.55,560.46,552.56,555.25,2640.32,1466029.69
2025-04-07 00:00:00,555.25,559.61,551.9,556.46,1601.07,890936.57
2025-04-07 01:00:00,556.46,566.9,559.23,563.54,835.61,470900.1
2025-04-07 02:00:00,563.54,560.12,556.01,559.33,343.9,192352.99
2025-04-07 03:00:00,559.33,554.05,545.26,549.73,1424.94,783334.7
2025-04-07 04:00:00,549.92,550.99,544.61,548.46,948.04,519958.23
2025-04-07 05:00:00,548.46,548.6,542.91,543.53,857.27,465949.85
2025-04-07 06:00:00,543.66,527.68,504.09,521.82,5275.54,2752894.15
2025-04-07 07:00:00,521.71,534.0,523.94,529.65,2595.77,1374837.58
2025-04-07 08:00:00,529.65,541.44,535.95,540.3,1402.6,757820.76
2025-04-07 09:00:00,540.3,541.1,538.28,538.51,775.93,417842.76
2025-04-07 10:00:00,538.51,544.63,541.71,541.71,726.89,393759.98
2025-04-07 11:00:00,541.71,540.78,538.87,539.71,536.68,289651.49
2025-04-07 12:00:00,539.71,548.2,543.65,547.74,983.54,538725.4
2025-04-07 13:00:00,547.74,559.36,553.56,554.82,2726.1,1512486.42
2025-04-07 14:00:00,554.82,561.15,550.09,555.54,4311.58,2395273.45
2025-04-07 15:00:00,555.54,556.15,550.03,551.6,1542.19,850669.83
2025-04-07 16:00:00,551.6,546.82,543.88,546.59,783.83,428432.34
2025-04-07 17:00:00,546.59,558.99,555.59,555.83,1281.54,712317.41
2025-04-07 18:00:00,555.83,553.25,550.51,552.31,580.68,320717.19
2025-04-07 19:00:00,552.31,555.7,549.06,553.59,1185.63,656354.97
2025-04-07 20:00:00,553.59,559.68,557.86,558.18,277.26,154760.23
2025-04-07 21:00:00,558.18,560.96,556.44,557.63,388.23,216489.63
2025-04-07 22:00:00,557.63,562.84,557.16,558.2,710.95,396854.38
2025-04-07 23:00:00,558.2,554.71,551.71,554.48,698.07,387063.26
2025-04-08 00:00:00,554.48,554.25,552.35,553.85,564.3,312539.85
2025-04-08 01:00:00,553.85,565.66,561.95,562.52,509.4,286545.43
2025-04-08 02:00:00,562.52,559.76,557.28,559.52,309.74,173304.29
2025-04-08 03:00:00,559.52,561.69,559.29,561.45,328.82,184616.17
2025-04-08 04:00:00,561.45,565.66,563.81,564.69,436.69,246595.65
2025-04-08 05:00:00,564.69,564.04,561.65,563.48,284.65,160395.85
2025-04-08 06:00:00,563.48,560.71,557.85,557.93,370.16,206523.61
2025-04-08 07:00:00,557.73,560.89,555.71,560.11,269.33,150853.93
2025-04-08 08:00:00,560.07,557.76,556.18,557.36,329.63,183723.99
2025-04-08 09:00:00,557.36,558.19,555.35,557.64,617.4,344285.92
2025-04-08 10:00:00,557.64,558.64,557.14,557.22,208.23,116030.37
2025-04-08 11:00:00,557.22,565.61,563.53,563.61,861.05,485295.35
2025-04-08 12:00:00,563.61,564.65,561.22,563.29,751.97,423579.0
2025-04-08 13:00:00,563.29,564.68,561.88,563.0,387.57,218201.19
2025-04-08 14:00:00,562.76,558.27,546.94,557.5,1861.16,1037601.9
2025-04-08 15:00:00,557.52,560.98,556.9,559.49,656.94,367548.38
2025-04-08 16:00:00,559.49,555.75,550.41,551.58,1227.67,677152.1
2025-04-08 17:00:00,551.58,555.15,550.82,555.15,1470.04,816097.15
2025-04-08 18:00:00,555.15,556.04,553.65,555.12,918.46,509852.11
2025-04-08 19:00:00,555.12,554.78,551.86,552.17,1145.68,632611.04
2025-04-08 20:00:00,552.17,557.17,553.85,556.94,475.5,264822.99
2025-04-08 21:00:00,556.94,558.19,555.95,557.88,615.18,343197.12
2025-04-08 22:00:00,557.8,562.21,553.71,555.47,1804.36,1002263.16
2025-04-08 23:00:00,555.6,553.54,550.49,553.15,1027.53,568382.84
2025-04-09 00:00:00,553.15,555.02,549.67,551.28,741.27,408646.0
2025-04-09 01:00:00,551.28,549.17,543.4,547.35,2233.88,1222713.04
2025-04-09 02:00:00,547.38,544.77,535.55,543.21,667.43,362553.97
2025-04-09 03:00:00,543.12,543.75,538.8,542.25,722.84,391958.55
2025-04-09 04:00:00,542.25,552.08,545.51,547.65,825.63,452158.26
2025-04-09 05:00:00,547.65,551.06,548.14,549.22,472.72,259625.02
2025-04-09 06:00:00,549.22,551.05,548.67,550.89,565.13,311325.79
2025-04-09 07:00:00,550.89,557.54,553.97,556.3,737.41,410222.61
2025-04-09 08:00:00,556.3,556.74,552.57,556.74,588.29,327526.84
2025-04-09 09:00:00,556.74,559.93,557.3,558.93,432.09,241506.58
2025-04-09 10:00:00,558.93,558.39,556.08,557.7,552.96,308386.03
2025-04-09 11:00:00,557.7,554.57,549.99,550.22,1559.05,857823.95
2025-04-09 12:00:00,550.22,554.73,552.58,554.42,464.44,257494.13
2025-04-09 13:00:00,554.42,563.59,559.7,560.71,690.21,387010.35
2025-04-09 14:00:00,560.71,559.16,552.7,558.93,827.77,462661.77
2025-04-09 15:00:00,558.93,562.12,560.12,560.81,624.33,350131.04
2025-04-09 16:00:00,560.81,569.34,565.74,566.37,544.64,308467.34
2025-04-09 17:00:00,566.37,596.65,582.68,582.85,4474.48,2607935.08
2025-04-09 18:00:00,582.85,581.14,575.01,579.83,4383.83,2541897.62
2025-04-09 19:00:00,579.83,584.23,578.72,579.71,1462.95,848080.97
2025-04-09 20:00:00,579.71,588.16,582.25,582.5,1583.44,922360.48
2025-04-09 21:00:00,582.5,584.98,581.32,583.9,1636.73,955688.66
2025-04-09 22:00:00,583.9,582.9,580.49,582.57,514.15,299526.89
2025-04-09 23:00:00,582.57,582.82,578.44,582.32,729.87,425018.74
2025-04-10 00:00:00,582.32,580.56,578.17,579.16,408.14,236379.04
2025-04-10 01:00:00,579.16,581.77,575.44,578.89,2067.93,1197110.48
2025-04-10 02:00:00,578.89,578.61,576.72,578.2,234.93,135836.22
2025-04-10 03:00:00,578.25,578.04,570.76,575.13,350.35,201496.57
2025-04-10 04:00:00,575.13,579.2,575.8,577.26,398.9,230267.8
2025-04-10 05:00:00,577.05,579.34,577.29,578.6,324.09,187519.53
2025-04-10 06:00:00,578.61,582.47,577.62,579.24,1143.61,662419.65
2025-04-10 07:00:00,579.26,579.19,574.62,579.19,941.6,545365.33
2025-04-10 08:00:00,579.19,582.4,576.12,578.0,1301.4,752207.24
2025-04-10 09:00:00,578.0,582.08,578.47,578.63,714.99,413716.99
2025-04-10 10:00:00,578.63,579.16,575.49,577.77,1350.43,780243.5
2025-04-10 11:00:00,577.77,579.06,575.46,575.46,1506.96,867198.37
2025-04-10 12:00:00,575.46,577.79,573.3,576.81,1444.49,833198.82
2025-04-10 13:00:00,576.81,574.69,570.73,574.61,1039.21,597142.9
2025-04-10 14:00:00,574.61,577.61,574.36,577.12,529.64,305666.88
2025-04-10 15:00:00,577.12,568.06,559.24,567.66,1676.35,951600.1
2025-04-10 16:00:00,567.66,573.73,571.03,571.9,1343.52,768363.51
2025-04-10 17:00:00,571.9,574.41,571.0,571.95,1218.59,696974.4
2025-04-10 18:00:00,571.95,575.81,572.08,575.5,694.08,399440.84
2025-04-10 19:00:00,575.5,576.66,573.56,574.59,1161.68,667490.86
2025-04-10 20:00:00,574.59,576.76,575.4,575.56,326.83,188109.84
2025-04-10 21:00:00,575.56,575.31,573.88,574.84,498.04,286290.86
2025-04-10 22:00:00,574.84,577.48,574.61,577.48,316.99,183054.53
2025-04-10 23:00:00,577.48,577.89,575.82,577.73,1229.9,710547.81
2025-04-11 00:00:00,577.73,575.78,573.25,575.7,1773.42,1020952.4
2025-04-11 01:00:00,575.7,586.79,578.91,578.91,981.6,568258.9
2025-04-11 02:00:00,578.89,578.54,574.4,578.24,532.71,308031.6
2025-04-11 03:00:00,578.36,582.62,579.55,579.8,422.68,245068.59
2025-04-11 04:00:00,579.8,580.91,578.64,579.53,816.95,473448.74
2025-04-11 05:00:00,579.53,580.62,578.93,579.57,517.46,299906.57
2025-04-11 06:00:00,579.57,581.56,578.73,580.67,381.2,221352.0
2025-04-11 07:00:00,580.67,583.03,580.67,580.99,323.24,187800.7
2025-04-11 08:00:00,580.99,585.73,578.79,579.77,1510.72,875875.42
2025-04-11 09:00:00,579.77,586.53,582.17,582.91,988.16,576005.09
2025-04-11 10:00:00,582.91,585.53,582.47,584.62,2819.68,1648448.6
2025-04-11 11:00:00,584.62,583.04,579.35,582.8,1214.32,707702.1
2025-04-11 12:00:00,582.8,583.62,580.66,581.89,901.07,524328.08
2025-04-11 13:00:00,581.89,588.98,582.85,585.09,932.1,545361.26
2025-04-11 14:00:00,585.09,584.75,577.71,583.6,1082.69,631858.48
2025-04-11 15:00:00,583.6,588.89,584.27,585.02,345.8,202298.79
2025-04-11 16:00:00,585.02,588.99,584.43,586.42,502.55,294705.37
2025-04-11 17:00:00,586.42,595.46,588.41,589.42,1506.96,888231.8
2025-04-11 18:00:00,589.42,588.76,585.75,588.35,399.02,234761.49
2025-04-11 19:00:00,588.35,590.83,587.14,587.9,486.68,286117.09
2025-04-11 20:00:00,587.9,588.79,586.94,588.7,262.86,154746.94
2025-04-11 21:00:00,588.7,588.09,584.74,587.75,553.69,325433.29
2025-04-11 22:00:00,587.75,589.7,585.95,588.45,367.72,216385.58
2025-04-11 23:00:00,588.45,588.62,585.45,585.79,184.97,108352.96
2025-04-12 00:00:00,585.79,585.76,584.67,585.17,272.11,159231.82
2025-04-12 01:00:00,585.17,588.09,584.1,585.18,519.33,303899.93
2025-04-12 02:00:00,585.18,584.62,582.05,584.54,303.55,177436.56
2025-04-12 03:00:00,584.54,586.05,583.89,584.8,143.52,83930.79
2025-04-12 04:00:00,584.67,590.21,585.82,586.14,307.59,180289.61
2025-04-12 05:00:00,586.14,587.83,586.26,587.05,307.93,180769.68
2025-04-12 06:00:00,586.86,588.52,586.02,586.77,247.88,145447.89
2025-04-12 07:00:00,586.79,590.51,587.82,588.46,123.37,72598.01
2025-04-12 08:00:00,588.46,592.66,585.34,589.79,317.28,187129.01
2025-04-12 09:00:00,589.74,591.21,588.62,590.7,316.72,187087.84
2025-04-12 10:00:00,590.7,590.43,589.09,590.18,108.35,63945.79
2025-04-12 11:00:00,590.18,591.33,588.91,590.08,233.71,137907.53
2025-04-12 12:00:00,590.1,595.57,588.98,592.04,328.62,194554.8
2025-04-12 13:00:00,592.04,603.87,593.06,594.86,622.76,370454.68
2025-04-12 14:00:00,594.9,600.26,596.45,599.08,439.95,263563.69
2025-04-12 15:00:00,599.08,600.77,597.54,599.07,318.93,191061.1
2025-04-12 16:00:00,598.92,597.11,592.35,596.13,202.55,120745.64
2025-04-12 17:00:00,596.09,597.71,594.66,594.75,382.76,227645.37
2025-04-12 18:00:00,594.75,598.32,596.44,596.61,267.41,159540.1
2025-04-12 19:00:00,596.61,596.62,595.01,596.28,173.63,103532.93
2025-04-12 20:00:00,596.28,601.03,597.01,598.64,588.02,352010.83
2025-04-12 21:00:00,598.64,598.71,597.43,597.94,161.99,96861.04
2025-04-12 22:00:00,597.94,598.03,596.41,597.09,428.9,256092.4
2025-04-12 23:00:00,597.24,597.21,594.58,597.04,94.06,56157.84
2025-04-13 00:00:00,597.16,598.68,596.54,596.88,422.66,252279.1
2025-04-13 01:00:00,596.88,595.41,592.77,594.39,734.27,436440.17
2025-04-13 02:00:00,594.39,596.96,594.14,594.74,258.5,153740.7
2025-04-13 03:00:00,594.74,596.36,594.14,595.85,225.13,134143.65
2025-04-13 04:00:00,595.85,592.91,589.86,592.06,312.8,185197.15
2025-04-13 05:00:00,592.06,593.09,591.06,592.67,242.34,143626.79
2025-04-13 06:00:00,592.59,595.99,591.78,592.75,99.98,59263.37
2025-04-13 07:00:00,592.88,593.16,591.21,593.16,81.51,48348.11
2025-04-13 08:00:00,593.11,596.88,593.16,593.48,171.44,101746.08
2025-04-13 09:00:00,593.42,595.31,593.44,594.12,192.16,114166.16
2025-04-13 10:00:00,594.26,592.44,590.66,590.99,86.71,51244.48
2025-04-13 11:00:00,590.99,591.35,585.58,588.3,663.51,390345.05
2025-04-13 12:00:00,588.3,588.32,586.24,587.36,322.32,189317.95
2025-04-13 13:00:00,587.22,585.08,580.74,584.0,723.15,422316.67
2025-04-13 14:00:00,584.0,587.81,584.78,585.04,301.12,176166.19
2025-04-13 15:00:00,585.04,584.98,583.13,584.14,252.41,147442.3
2025-04-13 16:00:00,584.14,586.81,584.45,584.95,629.38,368158.09
2025-04-13 17:00:00,585.12,600.52,584.8,588.24,635.45,373796.33
2025-04-13 18:00:00,588.36,588.39,585.68,586.36,330.39,193726.15
2025-04-13 19:00:00,586.3,589.43,571.95,582.6,695.77,405355.18
2025-04-13 20:00:00,582.56,583.58,578.24,582.25,339.43,197632.28
2025-04-13 21:00:00,582.25,584.97,581.79,583.05,433.6,252808.5
2025-04-13 22:00:00,582.73,583.41,579.61,582.3,252.53,147048.75
2025-04-13 23:00:00,582.43,586.2,583.77,584.11,133.14,77767.99
2025-04-14 00:00:00,584.11,588.25,581.67,585.8,774.27,453568.55
2025-04-14 01:00:00,585.8,586.58,583.89,585.99,216.51,126873.08
2025-04-14 02:00:00,585.99,593.63,587.42,589.21,540.95,318730.66
2025-04-14 03:00:00,589.21,589.27,585.38,588.09,675.19,397069.3
2025-04-14 04:00:00,588.09,591.15,588.43,589.7,226.42,133520.71
2025-04-14 05:00:00,589.7,589.29,587.27,587.69,168.81,99207.61
2025-04-14 06:00:00,587.68,591.93,587.54,588.84,442.0,260268.8
2025-04-14 07:00:00,588.84,595.56,590.33,590.65,201.15,118809.71
2025-04-14 08:00:00,590.67,592.22,589.51,590.61,170.06,100439.03
2025-04-14 09:00:00,590.61,590.2,587.67,589.02,190.03,111930.97
2025-04-14 10:00:00,588.96,603.1,590.01,592.36,996.23,590123.58
2025-04-14 11:00:00,592.36,593.16,586.79,592.66,181.03,107288.78
2025-04-14 12:00:00,592.45,594.02,590.79,592.32,209.08,123842.33
2025-04-14 13:00:00,592.32,590.02,585.89,588.67,493.99,290797.34
2025-04-14 14:00:00,588.67,596.43,589.85,591.64,640.48,378936.01
2025-04-14 15:00:00,591.64,588.34,582.45,585.56,711.3,416509.39
2025-04-14 16:00:00,585.56,588.21,582.56,582.98,627.75,365963.91
2025-04-14 17:00:00,583.1,590.75,585.31,585.64,406.42,238015.31
2025-04-14 18:00:00,585.83,587.54,585.41,587.37,1358.03,797660.03
2025-04-14 19:00:00,587.37,587.95,585.58,587.36,178.25,104696.62
2025-04-14 20:00:00,587.36,588.7,586.49,586.83,154.81,90847.59
2025-04-14 21:00:00,586.88,590.63,582.51,586.57,244.77,143574.94
2025-04-14 22:00:00,586.57,587.67,584.75,585.73,103.52,60634.26
2025-04-14 23:00:00,585.63,586.19,584.42,584.42,181.51,106077.79
2025-04-15 00:00:00,584.42,586.78,584.65,584.65,397.34,232305.75
2025-04-15 01:00:00,584.65,586.12,584.33,586.03,922.35,540525.54
2025-04-15 02:00:00,586.03,588.2,585.3,585.73,692.86,405827.02
2025-04-15 03:00:00,585.73,587.92,586.3,587.49,340.45,200011.64
2025-04-15 04:00:00,587.3,590.08,587.13,588.44,194.76,114604.67
2025-04-15 05:00:00,588.64,589.02,587.56,589.02,136.16,80200.61
2025-04-15 06:00:00,589.02,588.55,586.59,588.21,212.02,124712.0
2025-04-15 07:00:00,588.21,591.08,589.71,589.8,145.61,85880.07
2025-04-15 08:00:00,589.8,592.79,588.32,588.58,1808.94,1064709.11
2025-04-15 09:00:00,588.59,593.91,588.8,590.45,232.07,137024.83
2025-04-15 10:00:00,590.45,590.28,584.23,588.15,341.41,200801.17
2025-04-15 11:00:00,588.18,589.67,587.62,588.56,129.5,76218.69
2025-04-15 12:00:00,588.56,590.48,588.17,588.25,270.0,158827.73
2025-04-15 13:00:00,588.25,587.61,584.18,587.09,944.78,554672.77
2025-04-15 14:00:00,587.09,586.45,582.36,585.43,660.68,386778.83
2025-04-15 15:00:00,585.43,585.88,583.34,584.61,494.08,288843.51
2025-04-15 16:00:00,584.48,585.28,583.5,584.31,397.73,232397.24
2025-04-15 17:00:00,584.29,583.53,581.16,583.53,225.53,131602.87
2025-04-15 18:00:00,583.53,583.67,580.89,583.67,263.72,153925.46
2025-04-15 19:00:00,583.67,583.68,581.92,583.43,189.27,110425.36
2025-04-15 20:00:00,583.51,584.03,576.53,582.11,162.06,94337.22
2025-04-15 21:00:00,582.11,586.76,582.59,583.23,129.68,75633.13
2025-04-15 22:00:00,583.37,581.88,580.29,581.38,210.43,122339.02
2025-04-15 23:00:00,581.38,580.45,579.19,579.53,179.12,103805.21
2025-04-16 00:00:00,579.53,577.85,575.27,577.18,295.42,170510.81
2025-04-16 01:00:00,577.18,583.12,579.44,582.03,880.51,512484.52
2025-04-16 02:00:00,582.03,583.99,582.64,582.81,241.19,140568.44
2025-04-16 03:00:00,582.81,583.96,581.45,583.21,87.06,50774.2
2025-04-16 04:00:00,583.2,585.72,581.76,582.87,280.4,163436.07
2025-04-16 05:00:00,582.87,584.83,575.26,580.75,460.87,267651.87
2025-04-16 06:00:00,580.86,582.93,580.09,580.17,190.96,110789.93
2025-04-16 07:00:00,580.35,577.99,575.33,577.99,255.49,147671.7
2025-04-16 08:00:00,578.03,581.67,578.57,579.66,760.27,440698.33
2025-04-16 09:00:00,579.66,579.1,576.76,577.18,477.4,275544.64
2025-04-16 10:00:00,577.18,579.96,578.61,579.28,393.06,227693.65
2025-04-16 11:00:00,579.28,582.52,578.99,582.02,319.75,186100.6
2025-04-16 12:00:00,581.98,582.07,579.07,581.28,229.03,133130.39
2025-04-16 13:00:00,581.49,582.28,578.26,579.02,294.49,170514.54
2025-04-16 14:00:00,578.85,587.69,581.17,583.24,1895.54,1105552.1
2025-04-16 15:00:00,583.19,585.12,582.32,583.59,412.22,240567.01
2025-04-16 16:00:00,583.59,585.06,583.1,583.87,296.73,173251.08
2025-04-16 17:00:00,584.12,579.2,561.73,576.73,523.9,302147.16
2025-04-16 18:00:00,576.64,583.73,578.94,582.47,624.23,363597.3
2025-04-16 19:00:00,582.59,594.69,582.93,584.84,262.65,153608.48
2025-04-16 20:00:00,584.87,584.84,582.65,584.0,212.62,124169.33
2025-04-16 21:00:00,584.08,591.04,583.24,584.83,226.55,132494.29
2025-04-16 22:00:00,585.02,585.45,584.27,585.11,106.37,62238.58
2025-04-16 23:00:00,585.07,584.05,581.21,582.79,170.4,99307.45
2025-04-17 00:00:00,582.79,586.07,583.38,583.85,185.66,108398.51
2025-04-17 01:00:00,583.85,585.88,583.18,584.13,154.92,90493.45
2025-04-17 02:00:00,584.13,586.09,582.75,583.23,353.16,205972.87
2025-04-17 03:00:00,583.05,582.54,581.03,581.95,450.9,262401.44
2025-04-17 04:00:00,581.95,583.53,582.61,582.69,582.42,339369.94
2025-04-17 05:00:00,582.69,584.65,582.12,582.54,352.94,205603.43
2025-04-17 06:00:00,582.54,585.44,582.98,583.49,199.69,116517.71
2025-04-17 07:00:00,583.49,583.88,581.93,583.54,327.47,191091.16
2025-04-17 08:00:00,583.52,582.88,580.01,582.56,164.82,96017.68
2025-04-17 09:00:00,582.54,586.43,582.63,586.0,1193.46,699373.18
2025-04-17 10:00:00,586.0,586.58,585.15,585.74,396.67,232345.71
2025-04-17 11:00:00,585.83,586.79,584.88,586.0,222.42,130337.53
2025-04-17 12:00:00,586.28,588.0,586.22,588.0,229.81,135128.99
2025-04-17 13:00:00,588.0,587.93,585.82,587.34,256.77,150811.84
2025-04-17 14:00:00,587.34,587.18,584.66,586.43,558.43,327478.95
2025-04-17 15:00:00,586.29,591.6,587.48,589.7,237.59,140106.18
2025-04-17 16:00:00,589.68,594.64,591.33,592.01,711.74,421356.44
2025-04-17 17:00:00,591.82,595.18,590.19,591.96,223.59,132356.39
2025-04-17 18:00:00,591.93,591.59,588.87,590.99,308.95,182587.87
2025-04-17 19:00:00,591.05,591.2,583.92,590.88,293.01,173134.34
2025-04-17 20:00:00,590.88,592.99,590.3,590.77,1671.29,987352.06
2025-04-17 21:00:00,590.96,592.78,590.48,591.67,128.44,75994.1
2025-04-17 22:00:00,591.67,590.54,588.85,589.7,202.09,119171.49
2025-04-17 23:00:00,589.7,591.12,589.85,590.53,104.66,61804.52
2025-04-18 00:00:00,590.53,589.63,588.78,588.95,550.83,324410.91
2025-04-18 01:00:00,588.95,589.75,588.48,589.08,128.45,75666.7
2025-04-18 02:00:00,589.08,589.79,588.35,589.79,480.45,283364.41
2025-04-18 03:00:00,589.79,590.97,589.27,590.63,992.75,586349.01
2025-04-18 04:00:00,590.63,589.74,588.39,589.57,219.23,129251.77
2025-04-18 05:00:00,589.57,590.1,588.49,588.91,159.17,93737.43
2025-04-18 06:00:00,588.91,589.27,587.24,589.11,113.33,66763.29
2025-04-18 07:00:00,589.27,590.55,588.49,588.81,272.23,160290.73
2025-04-18 08:00:00,588.69,591.05,587.24,589.44,712.29,419850.39
2025-04-18 09:00:00,589.44,589.72,587.94,589.46,320.32,188816.31
2025-04-18 10:00:00,589.46,590.17,588.99,589.83,516.46,304625.86
2025-04-18 11:00:00,589.83,592.05,589.68,591.79,318.86,188699.33
2025-04-18 12:00:00,591.83,593.51,590.48,591.6,1533.26,907076.18
2025-04-18 13:00:00,591.78,592.15,591.22,591.65,513.36,303727.69
2025-04-18 14:00:00,591.65,593.04,591.69,592.87,528.6,313392.79
2025-04-18 15:00:00,592.86,594.81,590.7,593.55,399.0,236824.63
2025-04-18 16:00:00,593.55,596.08,594.5,595.29,1545.94,920282.62
2025-04-18 17:00:00,595.33,596.24,594.3,595.57,181.93,108351.43
2025-04-18 18:00:00,595.57,596.31,595.04,595.04,248.16,147664.47
2025-04-18 19:00:00,595.04,595.04,592.08,592.42,289.69,171616.79
2025-04-18 20:00:00,592.49,594.34,592.27,593.06,502.41,297961.02
2025-04-18 21:00:00,592.82,594.68,593.58,594.35,103.85,61722.78
2025-04-18 22:00:00,594.35,594.6,593.41,593.67,175.14,103975.06
2025-04-18 23:00:00,593.67,593.5,591.73,591.73,511.6,302727.27
2025-04-19 00:00:00,591.73,593.07,591.47,591.81,327.81,194000.32
2025-04-19 01:00:00,591.81,592.63,591.87,592.37,79.67,47194.42
2025-04-19 02:00:00,592.37,594.11,592.5,592.5,284.89,168797.07
2025-04-19 03:00:00,592.39,594.46,591.9,593.18,1015.93,602630.83
2025-04-19 04:00:00,593.18,595.27,590.94,593.19,631.49,374592.1
2025-04-19 05:00:00,593.25,593.64,592.62,593.13,84.49,50113.85
2025-04-19 06:00:00,593.13,592.76,591.49,592.59,306.6,181688.77
2025-04-19 07:00:00,592.59,594.63,592.59,593.27,229.01,135864.94
2025-04-19 08:00:00,593.27,593.93,592.82,593.08,733.68,435131.02
2025-04-19 09:00:00,593.08,593.34,591.29,591.55,696.48,412000.7
2025-04-19 10:00:00,591.55,591.17,590.14,590.23,456.73,269575.44
2025-04-19 11:00:00,590.23,591.4,589.69,590.97,125.19,73983.55
2025-04-19 12:00:00,590.97,591.64,588.23,588.49,542.34,319159.28
2025-04-19 13:00:00,588.52,591.53,588.8,589.45,250.95,147921.36
2025-04-19 14:00:00,589.33,589.28,588.51,589.2,103.37,60905.32
2025-04-19 15:00:00,589.2,589.75,587.28,589.33,197.06,116133.0
2025-04-19 16:00:00,589.33,588.85,586.39,588.17,290.55,170891.87
2025-04-19 17:00:00,588.21,595.3,586.4,590.29,221.27,130612.4
2025-04-19 18:00:00,590.29,590.73,587.98,590.57,155.12,91608.49
2025-04-19 19:00:00,590.57,591.06,589.93,591.06,81.17,47976.73
2025-04-19 20:00:00,591.06,592.04,589.95,590.91,127.35,75252.99
2025-04-19 21:00:00,590.85,592.17,591.06,591.57,112.02,66268.07
2025-04-19 22:00:00,591.57,593.36,590.97,592.76,148.53,88042.48
2025-04-19 23:00:00,592.76,592.28,591.43,591.6,95.38,56427.1
2025-04-20 00:00:00,591.71,593.51,590.61,592.86,174.82,103644.41
2025-04-20 01:00:00,592.86,594.36,592.23,592.4,769.81,456033.22
2025-04-20 02:00:00,592.4,592.54,591.6,592.28,115.59,68461.6
2025-04-20 03:00:00,591.95,593.29,590.39,592.49,93.54,55421.14
2025-04-20 04:00:00,592.47,594.62,592.66,594.45,176.04,104646.17
2025-04-20 05:00:00,594.33,594.38,591.81,594.22,253.61,150700.14
2025-04-20 06:00:00,594.4,594.05,592.69,593.37,191.24,113476.34
2025-04-20 07:00:00,593.37,593.93,592.06,593.76,441.59,262197.41
2025-04-20 08:00:00,593.76,594.86,592.74,593.34,1233.13,731660.1
2025-04-20 09:00:00,593.34,593.86,592.43,592.43,523.26,309992.93
2025-04-20 10:00:00,592.4,591.48,585.5,590.22,2075.8,1225178.81
2025-04-20 11:00:00,590.05,590.76,589.67,590.09,1147.48,677113.83
2025-04-20 12:00:00,590.18,591.5,590.08,591.18,326.8,193198.88
2025-04-20 13:00:00,591.35,591.04,589.52,589.86,167.99,99090.74
2025-04-20 14:00:00,589.86,592.26,589.81,590.14,186.97,110339.13
2025-04-20 15:00:00,590.38,588.79,587.22,588.32,184.2,108367.94
2025-04-20 16:00:00,588.12,589.98,588.97,589.39,340.57,200727.99
2025-04-20 17:00:00,589.7,590.13,588.55,589.5,247.99,146189.92
2025-04-20 18:00:00,589.5,590.13,588.86,588.86,291.65,171741.38
2025-04-20 19:00:00,588.86,591.28,589.22,589.86,191.09,112715.53
2025-04-20 20:00:00,589.86,591.15,587.65,590.35,534.63,315619.59
2025-04-20 21:00:00,590.25,591.48,589.27,591.31,160.31,94792.56
2025-04-20 22:00:00,591.31,591.03,589.85,590.02,202.56,119513.85
2025-04-20 23:00:00,590.02,593.96,591.74,592.76,228.62,135517.54
2025-04-21 00:00:00,592.76,602.77,595.23,597.57,2506.0,1497516.68
2025-04-21 01:00:00,597.57,602.18,599.04,599.92,583.46,350026.49
2025-04-21 02:00:00,600.24,604.21,597.35,599.8,334.24,200476.77
2025-04-21 03:00:00,599.73,602.87,598.34,602.26,633.58,381582.39
2025-04-21 04:00:00,602.26,605.94,602.88,603.14,478.19,288417.87
2025-04-21 05:00:00,603.11,608.28,604.0,606.3,260.43,157899.46
2025-04-21 06:00:00,606.28,608.3,604.89,605.24,301.02,182188.15
2025-04-21 07:00:00,605.24,604.71,603.23,604.28,235.12,142077.28
2025-04-21 08:00:00,604.28,606.32,604.49,605.01,196.39,118818.08
2025-04-21 09:00:00,605.01,605.41,603.57,604.27,797.09,481661.45
2025-04-21 10:00:00,604.6,605.49,601.73,603.36,214.72,129553.84
2025-04-21 11:00:00,603.22,602.65,600.65,600.82,153.28,92094.06
2025-04-21 12:00:00,600.82,601.3,599.21,601.3,448.52,269694.5
2025-04-21 13:00:00,601.3,602.31,599.35,601.18,248.49,149386.71
2025-04-21 14:00:00,601.18,609.71,603.54,604.51,1155.48,698494.62
2025-04-21 15:00:00,604.51,605.56,602.56,604.5,248.12,149988.49
2025-04-21 16:00:00,604.18,598.99,591.04,598.99,500.9,300032.92
2025-04-21 17:00:00,598.99,597.76,593.66,596.18,312.19,186122.79
2025-04-21 18:00:00,596.4,597.63,594.16,597.46,378.58,226186.62
2025-04-21 19:00:00,597.2,600.45,595.26,597.93,299.98,179367.7
2025-04-21 20:00:00,597.65,598.07,596.23,596.5,204.11,121750.76
2025-04-21 21:00:00,596.45,597.8,595.12,596.86,1557.94,929867.89
2025-04-21 22:00:00,596.86,598.02,596.45,596.76,87.04,51942.15
2025-04-21 23:00:00,596.76,598.86,597.44,597.44,219.52,131150.59
2025-04-22 00:00:00,597.44,605.56,593.17,599.44,444.99,266745.83
2025-04-22 01:00:00,599.49,604.9,598.09,602.07,1037.9,624884.41
2025-04-22 02:00:00,602.07,600.77,598.66,599.27,1072.7,642839.4
2025-04-22 03:00:00,599.27,600.23,598.64,600.05,707.74,424678.45
2025-04-22 04:00:00,600.05,599.97,598.39,599.35,208.89,125199.08
2025-04-22 05:00:00,599.18,604.07,600.27,600.43,408.8,245455.76
2025-04-22 06:00:00,600.42,603.29,598.88,601.97,191.13,115054.59
2025-04-22 07:00:00,601.93,615.99,602.71,604.17,1058.23,639349.01
2025-04-22 08:00:00,604.4,606.83,603.65,605.33,482.94,292337.44
2025-04-22 09:00:00,605.33,607.86,604.84,605.38,351.84,212995.52
2025-04-22 10:00:00,605.17,610.88,606.32,606.48,688.55,417594.0
2025-04-22 11:00:00,606.48,608.06,604.3,605.77,424.77,257313.76
2025-04-22 12:00:00,605.84,608.81,605.88,606.94,607.75,368870.29
2025-04-22 13:00:00,606.84,612.04,604.48,607.28,5445.25,3306774.78
2025-04-22 14:00:00,607.28,622.05,609.48,610.99,2053.57,1254701.99
2025-04-22 15:00:00,610.8,612.74,608.37,610.37,1557.31,950532.64
2025-04-22 16:00:00,610.37,610.46,608.1,608.19,479.73,291768.85
2025-04-22 17:00:00,608.19,613.16,608.49,608.68,694.98,423018.45
2025-04-22 18:00:00,608.68,611.91,608.34,609.17,417.4,254266.31
2025-04-22 19:00:00,609.17,610.54,607.06,608.62,468.01,284840.27
2025-04-22 20:00:00,608.62,608.17,605.98,607.99,156.67,95253.7
2025-04-22 21:00:00,607.99,621.47,609.46,613.28,1476.32,905393.0
2025-04-22 22:00:00,613.28,614.1,610.21,614.01,520.35,319500.79
2025-04-22 23:00:00,614.01,619.61,613.44,618.86,867.77,537027.66
2025-04-23 00:00:00,618.86,616.42,612.33,616.42,503.01,310065.8
2025-04-23 01:00:00,616.42,615.13,611.6,612.81,535.77,328324.78
2025-04-23 02:00:00,613.08,623.48,611.29,614.87,1388.81,853940.51
2025-04-23 03:00:00,615.27,617.48,615.05,615.52,406.1,249963.03
2025-04-23 04:00:00,615.67,625.59,618.69,619.05,442.83,274134.23
2025-04-23 05:00:00,619.05,618.63,612.15,616.65,456.55,281531.02
2025-04-23 06:00:00,616.89,619.87,617.25,617.62,1035.27,639406.48
2025-04-23 07:00:00,617.62,621.7,617.47,617.75,421.48,260369.06
2025-04-23 08:00:00,617.75,618.93,612.8,615.16,1030.03,633635.06
2025-04-23 09:00:00,615.1,613.16,608.87,611.91,852.6,521715.33
2025-04-23 10:00:00,611.91,618.47,609.99,611.79,733.91,448999.28
2025-04-23 11:00:00,611.84,612.67,609.96,611.18,359.93,219981.7
2025-04-23 12:00:00,611.18,613.24,610.61,611.65,930.57,569179.47
2025-04-23 13:00:00,611.65,608.27,598.88,608.09,1718.01,1044700.63
2025-04-23 14:00:00,608.09,609.31,606.24,607.63,503.81,306131.24
2025-04-23 15:00:00,607.63,612.15,606.83,606.93,889.16,539656.11
2025-04-23 16:00:00,606.93,610.08,605.77,607.37,701.83,426267.27
2025-04-23 17:00:00,607.37,609.38,606.75,607.5,400.58,243352.86
2025-04-23 18:00:00,607.5,606.71,604.09,606.52,297.98,180732.15
2025-04-23 19:00:00,606.52,607.11,602.34,602.8,433.06,261050.66
2025-04-23 20:00:00,602.8,604.14,601.99,604.14,498.31,301050.49
2025-04-23 21:00:00,604.14,607.41,600.4,606.38,607.11,368142.15
2025-04-23 22:00:00,606.38,609.12,606.49,607.24,197.1,119687.05
2025-04-23 23:00:00,607.24,607.55,605.49,605.96,223.76,135589.49
2025-04-24 00:00:00,605.96,605.04,602.61,603.73,332.86,200957.41
2025-04-24 01:00:00,603.73,605.53,603.85,605.16,172.1,104147.94
2025-04-24 02:00:00,605.16,604.93,602.6,604.09,204.8,123717.0
2025-04-24 03:00:00,604.09,604.67,600.96,604.11,394.39,238255.35
2025-04-24 04:00:00,604.14,608.19,603.41,603.76,4484.81,2707754.2
2025-04-24 05:00:00,603.76,603.53,602.29,603.18,1066.5,643286.25
2025-04-24 06:00:00,603.18,605.41,602.41,604.35,181.01,109393.6
2025-04-24 07:00:00,604.45,604.7,602.85,602.95,270.99,163392.09
2025-04-24 08:00:00,602.95,603.4,594.84,594.93,3251.63,1934494.38
2025-04-24 09:00:00,594.93,598.84,595.98,597.36,541.77,323633.95
2025-04-24 10:00:00,597.3,600.14,596.99,598.39,747.83,447493.44
2025-04-24 11:00:00,598.11,600.5,597.44,597.91,411.57,246079.87
2025-04-24 12:00:00,597.91,599.97,597.65,598.21,197.37,118068.85
2025-04-24 13:00:00,598.21,599.58,597.26,597.26,419.15,250340.4
2025-04-24 14:00:00,597.26,600.36,597.85,598.59,405.95,242998.61
2025-04-24 15:00:00,598.59,600.53,598.01,598.66,377.83,226192.6
2025-04-24 16:00:00,598.66,600.2,598.51,600.2,280.97,168636.94
2025-04-24 17:00:00,599.99,599.31,594.04,596.85,218.01,130120.18
2025-04-24 18:00:00,596.69,599.61,597.83,598.3,925.08,553473.74
2025-04-24 19:00:00,598.3,600.22,598.81,599.37,167.76,100550.79
2025-04-24 20:00:00,599.37,600.15,598.0,599.96,329.49,197682.42
2025-04-24 21:00:00,599.96,601.21,598.5,600.55,191.14,114789.87
2025-04-24 22:00:00,600.55,601.08,599.67,600.05,114.83,68903.39
2025-04-24 23:00:00,600.05,603.81,601.84,601.84,529.82,318865.75
2025-04-25 00:00:00,601.84,603.8,601.27,601.83,826.58,497461.53
2025-04-25 01:00:00,601.83,602.72,599.35,601.88,434.54,261539.57
2025-04-25 02:00:00,601.85,599.49,594.25,598.44,306.77,183583.24
2025-04-25 03:00:00,598.44,605.38,600.8,601.15,262.02,157513.0
2025-04-25 04:00:00,600.96,604.51,599.3,603.96,546.08,329808.03
2025-04-25 05:00:00,603.96,605.56,603.42,605.56,387.25,234503.8
2025-04-25 06:00:00,605.56,609.86,607.14,608.92,435.19,264995.94
2025-04-25 07:00:00,608.92,610.54,606.6,606.6,455.28,276175.01
2025-04-25 08:00:00,606.6,610.28,605.97,610.09,466.69,284724.99
2025-04-25 09:00:00,610.09,611.38,608.94,609.97,1437.73,876977.7
2025-04-25 10:00:00,609.97,609.09,605.25,605.53,704.48,426581.77
2025-04-25 11:00:00,605.53,612.46,606.12,606.22,586.13,355321.25
2025-04-25 12:00:00,606.22,606.39,604.03,604.31,1069.19,646124.88
2025-04-25 13:00:00,604.31,605.92,602.61,602.99,466.71,281421.62
2025-04-25 14:00:00,602.99,610.22,606.5,608.12,871.36,529893.32
2025-04-25 15:00:00,608.06,608.05,601.54,605.88,531.65,322116.48
2025-04-25 16:00:00,606.01,607.26,604.59,606.12,258.99,156978.3
2025-04-25 17:00:00,606.12,603.74,599.87,602.7,505.08,304413.24
2025-04-25 18:00:00,602.7,605.76,603.0,603.76,221.56,133769.07
2025-04-25 19:00:00,603.76,606.81,604.52,605.28,343.51,207920.59
2025-04-25 20:00:00,605.28,603.99,601.52,603.61,175.03,105650.31
2025-04-25 21:00:00,603.61,602.16,599.89,600.45,746.43,448197.27
2025-04-25 22:00:00,600.45,602.04,600.15,601.29,406.26,244278.21
2025-04-25 23:00:00,601.29,600.37,598.29,600.37,265.6,159459.48
2025-04-26 00:00:00,600.37,603.33,600.77,601.72,196.03,117954.35
2025-04-26 01:00:00,601.72,605.17,600.61,605.08,255.37,154518.91
2025-04-26 02:00:00,605.08,607.41,603.52,603.61,311.02,187735.53
2025-04-26 03:00:00,603.61,602.74,601.42,602.46,224.67,135354.68
2025-04-26 04:00:00,602.46,601.5,600.09,600.75,236.29,141950.75
2025-04-26 05:00:00,600.75,602.27,600.95,602.27,147.48,88823.28
2025-04-26 06:00:00,602.34,605.16,602.63,603.9,77.32,46693.2
2025-04-26 07:00:00,603.93,604.48,602.49,602.58,800.04,482090.98
2025-04-26 08:00:00,602.58,602.54,600.84,601.97,1317.61,793161.23
2025-04-26 09:00:00,601.97,603.0,601.3,602.53,412.11,248308.66
2025-04-26 10:00:00,602.53,604.9,602.17,604.43,292.37,176716.65
2025-04-26 11:00:00,604.43,605.87,602.39,602.48,529.3,318894.84
2025-04-26 12:00:00,602.44,607.29,603.34,604.06,169.53,102406.13
2025-04-26 13:00:00,604.06,605.27,603.3,603.3,151.96,91676.92
2025-04-26 14:00:00,603.33,606.02,603.85,605.27,96.31,58293.17
2025-04-26 15:00:00,605.27,609.35,606.14,608.13,934.15,568080.47
2025-04-26 16:00:00,608.13,609.47,607.58,608.15,459.19,279254.96
2025-04-26 17:00:00,608.15,608.91,607.22,607.69,412.88,250902.11
2025-04-26 18:00:00,607.69,608.45,606.56,607.6,192.67,117066.25
2025-04-26 19:00:00,607.6,608.91,607.97,608.35,171.73,104471.1
2025-04-26 20:00:00,608.18,606.82,604.83,606.46,248.56,150741.41
2025-04-26 21:00:00,606.78,609.17,608.23,608.32,118.35,71994.87
2025-04-26 22:00:00,608.32,611.06,607.93,607.93,381.96,232203.69
2025-04-26 23:00:00,607.93,608.02,606.04,607.36,99.2,60250.31
2025-04-27 00:00:00,607.45,614.75,606.28,606.83,271.59,164809.16
2025-04-27 01:00:00,606.89,602.12,599.2,600.99,413.98,248796.1
2025-04-27 02:00:00,600.99,603.03,601.43,602.66,127.68,76947.1
2025-04-27 03:00:00,602.66,602.85,599.36,602.85,146.0,88015.88
2025-04-27 04:00:00,603.09,600.68,597.62,600.5,111.3,66835.6
2025-04-27 05:00:00,600.54,599.86,598.36,599.02,194.23,116347.19
2025-04-27 06:00:00,598.8,600.4,598.7,599.6,22.85,13698.97
2025-04-27 07:00:00,599.6,600.2,598.7,599.7,26.04,15612.56
2025-04-27 08:00:00,600.08,601.11,599.79,600.45,126.67,76058.61
2025-04-27 09:00:00,600.45,601.03,599.62,600.56,188.7,113325.65
2025-04-27 10:00:00,600.54,601.51,598.98,600.97,82.04,49303.43
2025-04-27 11:00:00,601.15,601.1,600.07,600.63,73.81,44332.69
2025-04-27 12:00:00,600.5,600.8,597.8,598.5,36.4,21819.14
2025-04-27 13:00:00,598.91,601.29,600.16,600.44,88.3,53018.88
2025-04-27 14:00:00,600.18,601.35,597.93,600.09,55.44,33268.9
2025-04-27 15:00:00,600.52,600.72,599.03,599.69,131.47,78840.91
2025-04-27 16:00:00,599.69,600.35,598.76,598.95,195.86,117309.51
2025-04-27 17:00:00,598.95,601.65,600.05,601.65,186.18,112014.41
2025-04-27 18:00:00,601.65,604.77,602.98,602.98,161.82,97574.56
2025-04-27 19:00:00,602.98,607.09,603.88,605.58,203.01,122938.27
2025-04-27 20:00:00,605.58,605.98,603.62,604.66,85.48,51686.4
2025-04-27 21:00:00,604.66,606.86,604.98,606.67,140.04,84958.74
2025-04-27 22:00:00,606.67,605.76,604.07,604.16,180.57,109093.15
2025-04-27 23:00:00,604.16,604.11,602.9,603.74,65.04,39267.19
2025-04-28 00:00:00,603.74,604.18,601.66,603.81,180.6,109047.35
2025-04-28 01:00:00,604.13,602.13,598.78,599.31,427.63,256282.55
2025-04-28 02:00:00,599.41,604.07,602.29,602.48,408.27,245974.05
2025-04-28 03:00:00,602.48,604.47,602.97,604.1,100.4,60651.46
2025-04-28 04:00:00,604.38,605.56,602.87,604.48,82.64,49954.44
2025-04-28 05:00:00,604.54,606.03,604.52,604.71,91.94,55596.94
2025-04-28 06:00:00,604.71,607.61,606.28,606.47,138.89,84233.04
2025-04-28 07:00:00,606.47,607.52,605.53,605.53,218.81,132496.06
2025-04-28 08:00:00,605.53,606.97,605.36,606.49,273.63,165954.65
2025-04-28 09:00:00,606.49,607.22,605.33,606.56,141.65,85918.95
2025-04-28 10:00:00,606.56,608.75,605.81,606.38,598.83,363116.81
2025-04-28 11:00:00,606.38,608.5,606.11,607.92,382.55,232561.69
2025-04-28 12:00:00,607.92,608.65,606.36,607.32,204.62,124269.22
2025-04-28 13:00:00,607.32,602.45,597.66,602.17,670.65,403845.41
2025-04-28 14:00:00,602.17,605.39,601.42,602.27,241.97,145730.92
2025-04-28 15:00:00,602.27,601.61,598.33,601.14,316.13,190039.33
2025-04-28 16:00:00,601.14,601.7,599.64,600.86,165.33,99339.85
2025-04-28 17:00:00,600.86,604.46,602.39,602.48,139.33,83943.54
2025-04-28 18:00:00,602.48,604.03,602.9,603.27,69.08,41674.07
2025-04-28 19:00:00,603.27,607.14,604.68,604.96,242.55,146733.87
2025-04-28 20:00:00,604.96,604.55,602.95,603.52,96.09,57991.77
2025-04-28 21:00:00,603.52,605.91,603.93,605.25,84.46,51119.54
2025-04-28 22:00:00,605.25,607.69,605.32,605.5,172.38,104376.9
2025-04-28 23:00:00,605.5,606.7,605.28,606.42,71.07,43098.18
2025-04-29 00:00:00,606.42,607.51,606.28,607.23,47.67,28946.5
2025-04-29 01:00:00,607.23,606.19,603.54,606.19,394.57,239185.63
2025-04-29 02:00:00,606.19,604.99,603.29,604.61,166.48,100656.19
2025-04-29 03:00:00,604.79,608.17,606.37,606.73,523.85,317836.35
2025-04-29 04:00:00,606.66,606.08,604.67,605.9,319.21,193408.13
2025-04-29 05:00:00,605.9,608.12,605.39,607.75,243.89,148223.03
2025-04-29 06:00:00,607.75,611.28,609.77,609.96,301.28,183767.74
2025-04-29 07:00:00,609.96,611.64,609.83,609.93,192.21,117234.17
2025-04-29 08:00:00,609.95,614.52,607.56,608.29,495.88,301638.32
2025-04-29 09:00:00,608.11,608.76,607.05,607.62,269.24,163596.03
2025-04-29 10:00:00,607.62,606.7,602.81,602.81,574.64,346397.94
2025-04-29 11:00:00,602.81,605.16,603.35,603.92,482.86,291608.17
2025-04-29 12:00:00,603.92,602.53,601.3,601.49,285.28,171592.73
2025-04-29 13:00:00,601.49,603.45,600.7,603.17,302.71,182585.4
2025-04-29 14:00:00,603.17,605.69,602.08,603.03,189.6,114334.66
2025-04-29 15:00:00,603.03,602.3,600.12,601.73,285.77,171956.37
2025-04-29 16:00:00,601.73,602.84,600.37,602.46,256.98,154818.95
2025-04-29 17:00:00,602.46,604.83,602.07,603.78,248.13,149816.64
2025-04-29 18:00:00,603.78,604.95,603.14,604.28,101.18,61141.08
2025-04-29 19:00:00,603.9,604.3,602.8,603.0,44.22,26689.14
2025-04-29 20:00:00,603.13,601.4,598.93,601.21,243.38,146322.85
2025-04-29 21:00:00,601.21,602.4,599.94,600.79,271.6,163175.07
2025-04-29 22:00:00,600.79,600.55,597.06,599.6,326.62,195842.49
2025-04-29 23:00:00,599.6,601.85,600.15,600.9,140.02,84138.51
2025-04-30 00:00:00,600.9,603.72,601.73,601.73,104.5,62881.03
2025-04-30 01:00:00,601.97,602.75,599.34,601.85,87.67,52764.56
2025-04-30 02:00:00,601.89,603.55,602.13,602.69,85.39,51464.1
2025-04-30 03:00:00,602.69,605.9,603.43,604.1,113.82,68758.15
2025-04-30 04:00:00,604.1,605.41,603.41,604.27,142.36,86023.97
2025-04-30 05:00:00,604.27,603.74,602.03,602.98,88.39,53297.17
2025-04-30 06:00:00,602.7,604.4,602.7,603.5,41.92,25305.79
2025-04-30 07:00:00,603.78,603.52,602.47,603.52,201.6,121668.67
2025-04-30 08:00:00,603.2,603.2,601.5,601.7,70.97,42747.8
2025-04-30 09:00:00,601.93,605.02,602.36,602.55,133.59,80494.6
2025-04-30 10:00:00,602.55,602.96,600.3,601.35,322.04,193657.79
2025-04-30 11:00:00,601.35,603.32,602.18,602.66,93.9,56589.53
2025-04-30 12:00:00,602.63,601.3,588.87,600.23,939.62,563991.8
2025-04-30 13:00:00,600.3,592.94,588.01,592.48,1665.21,986596.38
2025-04-30 14:00:00,592.48,597.49,593.75,597.49,448.93,268233.4
2025-04-30 15:00:00,597.49,599.29,596.94,597.12,279.92,167147.11
2025-04-30 16:00:00,597.12,597.67,595.6,597.67,139.26,83231.79
2025-04-30 17:00:00,597.67,598.86,597.35,598.57,101.44,60719.29
2025-04-30 18:00:00,598.57,598.67,596.22,598.2,180.86,108189.96
2025-04-30 19:00:00,598.2,599.4,597.43,598.56,129.45,77483.17
2025-04-30 20:00:00,598.41,601.45,594.81,599.47,169.0,101310.97
2025-04-30 21:00:00,599.87,599.1,597.11,598.81,179.24,107331.57
2025-04-30 22:00:00,598.81,599.69,595.64,599.5,129.7,77755.27
2025-04-30 23:00:00,599.5,600.06,599.21,599.87,231.16,138666.3
2025-05-01 00:00:00,599.87,601.86,600.73,600.92,425.69,255804.27
2025-05-01 01:00:00,600.92,602.96,600.88,601.54,124.56,74927.94
2025-05-01 02:00:00,601.54,603.27,599.57,600.33,443.4,266185.71
2025-05-01 03:00:00,600.33,601.15,599.15,599.44,299.25,179382.0
2025-05-01 04:00:00,599.44,600.86,599.62,600.86,247.75,148862.25
2025-05-01 05:00:00,600.86,602.58,600.77,600.87,186.13,111839.51
2025-05-01 06:00:00,600.87,600.36,598.18,599.7,281.92,169067.04
2025-05-01 07:00:00,599.7,600.91,599.77,599.96,69.75,41846.93
2025-05-01 08:00:00,599.96,602.57,601.05,601.52,72.68,43718.73
2025-05-01 09:00:00,601.52,604.27,602.07,603.21,338.28,204055.31
2025-05-01 10:00:00,603.21,607.46,603.42,604.1,487.08,294243.57
2025-05-01 11:00:00,604.1,605.17,603.05,603.92,202.69,122407.53
2025-05-01 12:00:00,603.86,605.98,602.1,603.39,441.58,266447.15
2025-05-01 13:00:00,603.43,602.3,599.71,601.15,592.24,356024.43
2025-05-01 14:00:00,601.15,607.92,604.62,605.01,594.22,359508.93
2025-05-01 15:00:00,605.01,605.27,601.87,603.13,637.95,384768.84
2025-05-01 16:00:00,603.13,604.18,601.65,602.82,551.02,332165.03
2025-05-01 17:00:00,602.82,602.63,600.41,601.28,345.98,208030.4
2025-05-01 18:00:00,601.28,603.52,601.49,601.58,710.71,427551.15
2025-05-01 19:00:00,601.58,601.86,599.44,600.89,131.2,78836.82
2025-05-01 20:00:00,600.89,601.07,598.08,600.1,191.15,114709.65
2025-05-01 21:00:00,600.1,600.51,598.2,600.13,140.67,84420.02
2025-05-01 22:00:00,600.13,599.63,597.7,599.15,64.66,38740.79
2025-05-01 23:00:00,599.15,600.93,599.67,600.06,120.28,72175.28
2025-05-02 00:00:00,600.06,603.44,600.24,601.7,700.23,421325.38
2025-05-02 01:00:00,601.7,602.77,600.64,601.42,176.99,106444.68
2025-05-02 02:00:00,601.42,603.18,601.34,602.79,201.7,121583.39
2025-05-02 03:00:00,602.79,604.04,601.22,601.41,1288.22,774751.93
2025-05-02 04:00:00,601.41,600.34,599.47,599.76,4616.26,2768630.71
2025-05-02 05:00:00,599.76,599.08,597.92,598.89,1840.41,1102195.01
2025-05-02 06:00:00,598.89,599.32,596.8,597.48,245.26,146537.98
2025-05-02 07:00:00,597.48,596.08,594.73,595.8,192.76,114845.48
2025-05-02 08:00:00,595.8,598.36,596.91,597.68,159.68,95437.8
2025-05-02 09:00:00,597.68,599.0,597.46,598.42,135.38,81014.63
2025-05-02 10:00:00,598.3,601.29,598.0,599.28,104.87,62846.4
2025-05-02 11:00:00,599.12,600.42,597.9,598.0,381.32,228028.42
2025-05-02 12:00:00,598.04,602.37,597.77,599.43,592.58,355208.91
2025-05-02 13:00:00,599.43,599.62,596.87,598.52,357.05,213701.22
2025-05-02 14:00:00,598.52,603.52,599.27,600.93,775.42,465974.53
2025-05-02 15:00:00,600.93,601.15,596.91,599.86,203.11,121837.15
2025-05-02 16:00:00,599.86,603.62,596.02,600.65,388.17,233156.07
2025-05-02 17:00:00,600.65,603.02,600.42,600.42,305.94,183692.68
2025-05-02 18:00:00,600.42,600.81,598.77,599.88,346.5,207859.69
2025-05-02 19:00:00,599.88,601.52,596.37,599.13,625.56,374792.75
2025-05-02 20:00:00,599.13,601.94,599.9,600.64,145.58,87441.43
2025-05-02 21:00:00,600.56,600.47,598.54,599.7,723.13,433658.77
2025-05-02 22:00:00,599.7,601.8,599.0,601.71,301.89,181649.64
2025-05-02 23:00:00,601.71,603.46,601.13,601.13,464.49,279218.54
2025-05-03 00:00:00,601.13,600.37,599.59,599.69,59.13,35459.66
2025-05-03 01:00:00,599.69,598.87,598.01,598.78,1595.2,955170.78
2025-05-03 02:00:00,598.78,599.85,598.4,599.76,767.39,460246.87
2025-05-03 03:00:00,599.76,599.76,598.51,599.47,396.02,237403.8
2025-05-03 04:00:00,599.47,601.02,599.76,600.34,224.37,134698.12
2025-05-03 05:00:00,600.34,600.06,599.19,599.96,123.45,74065.17
2025-05-03 06:00:00,599.96,599.11,597.86,599.02,143.11,85725.23
2025-05-03 07:00:00,599.02,599.97,597.66,597.76,123.05,73553.91
2025-05-03 08:00:00,597.76,597.92,596.86,597.34,122.13,72953.68
2025-05-03 09:00:00,597.34,597.19,596.13,596.71,176.15,105110.83
2025-05-03 10:00:00,596.71,595.94,594.4,595.74,327.39,195040.93
2025-05-03 11:00:00,595.74,596.89,595.55,596.6,92.39,55120.21
2025-05-03 12:00:00,596.6,598.28,597.42,597.52,70.53,42142.79
2025-05-03 13:00:00,597.52,599.59,598.24,598.24,118.38,70819.67
2025-05-03 14:00:00,598.24,599.09,597.93,598.03,233.48,139628.06
2025-05-03 15:00:00,598.03,599.33,598.27,598.85,65.63,39302.37
2025-05-03 16:00:00,598.85,599.18,597.54,598.89,111.75,66925.65
2025-05-03 17:00:00,598.89,599.96,597.84,599.58,294.29,176449.11
2025-05-03 18:00:00,599.58,599.66,598.12,598.5,170.44,102008.8
2025-05-03 19:00:00,598.48,602.53,599.96,599.96,223.18,133898.63
2025-05-03 20:00:00,600.22,600.09,599.03,599.51,39.29,23554.83
2025-05-03 21:00:00,599.51,599.67,598.61,598.99,166.92,99983.89
2025-05-03 22:00:00,598.99,599.73,598.38,599.63,103.11,61828.27
2025-05-03 23:00:00,599.63,599.78,597.67,599.59,361.07,216492.67
2025-05-04 00:00:00,599.59,600.4,599.16,600.02,547.41,328457.38
2025-05-04 01:00:00,600.02,602.51,599.62,600.01,260.71,156427.86
2025-05-04 02:00:00,600.01,599.82,597.9,599.24,302.32,181162.12
2025-05-04 03:00:00,599.24,600.28,598.27,600.18,92.6,55576.9
2025-05-04 04:00:00,599.8,600.2,597.5,597.7,55.72,33365.51
2025-05-04 05:00:00,598.17,600.48,597.59,597.88,172.88,103361.76
2025-05-04 06:00:00,597.88,597.51,596.35,597.51,79.06,47238.79
2025-05-04 07:00:00,597.44,597.98,595.4,597.24,66.11,39483.74
2025-05-04 08:00:00,597.37,597.55,595.06,595.83,121.0,72095.04
2025-05-04 09:00:00,595.83,594.92,593.77,594.06,65.56,38946.27
2025-05-04 10:00:00,594.06,595.39,593.1,595.2,318.51,189578.3
2025-05-04 11:00:00,594.74,595.15,592.59,594.23,310.28,184378.94
2025-05-04 12:00:00,594.68,594.96,593.05,593.33,177.85,105524.14
2025-05-04 13:00:00,593.33,593.04,589.32,590.66,402.51,237746.04
2025-05-04 14:00:00,590.66,592.08,590.46,590.65,240.37,141973.98
2025-05-04 15:00:00,590.65,590.33,588.8,589.76,210.69,124255.92
2025-05-04 16:00:00,589.76,589.62,587.99,588.85,285.56,168152.67
2025-05-04 17:00:00,588.85,589.4,587.3,587.4,203.35,119447.58
2025-05-04 18:00:00,586.9,588.8,586.8,588.5,43.6,25642.28
2025-05-04 19:00:00,588.83,590.03,588.78,588.97,99.06,58343.78
2025-05-04 20:00:00,588.97,589.89,588.55,589.41,224.64,132405.58
2025-05-04 21:00:00,589.41,590.28,588.75,590.18,121.89,71937.42
2025-05-04 22:00:00,590.18,588.0,585.62,587.24,217.83,127918.28
2025-05-04 23:00:00,587.24,587.04,582.98,586.56,370.45,217292.96
2025-05-05 00:00:00,586.56,589.93,587.85,589.08,1498.04,882467.25
2025-05-05 01:00:00,589.08,586.19,584.31,586.0,193.56,113426.64
2025-05-05 02:00:00,586.0,589.0,586.93,588.91,295.93,174275.86
2025-05-05 03:00:00,588.91,589.11,587.6,588.83,171.78,101148.94
2025-05-05 04:00:00,588.83,591.45,590.32,590.41,117.88,69598.0
2025-05-05 05:00:00,590.41,593.49,592.26,592.54,118.23,70056.05
2025-05-05 06:00:00,592.54,593.1,591.68,591.68,197.04,116584.31
2025-05-05 07:00:00,591.68,593.46,591.19,592.32,124.56,73779.84
2025-05-05 08:00:00,592.32,592.73,591.02,592.06,126.03,74617.9
2025-05-05 09:00:00,592.06,593.69,592.09,593.22,282.87,167804.33
2025-05-05 10:00:00,593.22,596.63,590.69,594.55,1054.66,627053.03
2025-05-05 11:00:00,594.55,594.94,592.3,594.28,198.36,117881.16
2025-05-05 12:00:00,594.28,597.24,595.25,596.48,1162.72,693540.97
2025-05-05 13:00:00,596.48,597.05,594.78,595.16,295.65,175959.36
2025-05-05 14:00:00,595.16,597.12,591.95,596.56,1347.52,803872.81
2025-05-05 15:00:00,596.22,598.67,594.52,597.22,672.24,401478.44
2025-05-05 16:00:00,597.41,600.88,598.53,598.9,287.91,172430.33
2025-05-05 17:00:00,598.9,601.73,598.32,598.89,685.41,410486.38
2025-05-05 18:00:00,598.89,600.6,598.42,599.65,262.41,157354.48
2025-05-05 19:00:00,599.65,599.87,596.57,599.68,371.97,223064.31
2025-05-05 20:00:00,600.14,599.61,596.53,598.16,696.37,416540.85
2025-05-05 21:00:00,598.58,602.05,597.88,599.11,612.3,366836.88
2025-05-05 22:00:00,599.11,601.24,599.24,600.0,141.5,84900.44
2025-05-05 23:00:00,600.0,597.99,597.04,597.7,78.02,46632.67
2025-05-06 00:00:00,597.7,600.3,596.71,599.55,208.32,124897.8
2025-05-06 01:00:00,599.55,597.88,595.05,597.79,702.57,419987.98
2025-05-06 02:00:00,597.79,599.15,597.45,599.05,410.03,245630.31
2025-05-06 03:00:00,599.05,599.88,598.84,599.31,421.88,252837.2
2025-05-06 04:00:00,599.31,600.15,598.92,599.68,125.11,75025.59
2025-05-06 05:00:00,599.68,599.52,597.73,597.92,441.85,264191.13
2025-05-06 06:00:00,597.92,599.59,598.74,599.4,161.7,96923.12
2025-05-06 07:00:00,599.4,599.11,598.35,599.01,385.97,231201.61
2025-05-06 08:00:00,599.01,599.77,598.26,598.35,223.5,133732.12
2025-05-06 09:00:00,598.35,598.3,596.41,596.69,280.04,167098.26
2025-05-06 10:00:00,596.69,596.47,593.46,595.9,503.18,299846.33
2025-05-06 11:00:00,595.9,595.17,593.58,594.33,230.64,137075.27
2025-05-06 12:00:00,594.33,596.33,594.55,595.86,128.98,76854.17
2025-05-06 13:00:00,595.86,595.64,593.49,595.17,746.07,444042.01
2025-05-06 14:00:00,595.17,598.86,595.09,596.88,372.25,222189.71
2025-05-06 15:00:00,596.88,600.18,597.62,598.48,184.93,110676.17
2025-05-06 16:00:00,598.48,596.94,595.15,596.75,203.32,121331.99
2025-05-06 17:00:00,596.75,599.57,597.11,599.1,173.44,103907.41
2025-05-06 18:00:00,599.11,607.03,601.3,601.48,269.36,162013.83
2025-05-06 19:00:00,601.46,602.35,599.12,599.69,173.61,104111.54
2025-05-06 20:00:00,599.69,599.17,597.85,598.51,439.14,262830.38
2025-05-06 21:00:00,598.51,599.33,597.06,597.72,118.46,70806.4
2025-05-06 22:00:00,597.72,607.96,601.99,602.09,1035.84,623663.89
2025-05-06 23:00:00,602.09,605.71,602.42,602.71,444.46,267878.91
2025-05-07 00:00:00,602.71,607.54,602.96,603.84,3171.93,1915337.31
2025-05-07 01:00:00,603.84,604.64,602.3,603.37,359.0,216610.53
2025-05-07 02:00:00,603.37,602.62,599.43,602.04,199.06,119841.18
2025-05-07 03:00:00,602.04,603.33,601.11,601.88,139.54,83986.91
2025-05-07 04:00:00,601.88,604.74,601.65,604.35,292.87,176996.06
2025-05-07 05:00:00,604.35,604.57,603.02,603.89,108.65,65612.7
2025-05-07 06:00:00,603.9,605.5,602.6,605.0,70.2,42410.77
2025-05-07 07:00:00,604.81,607.67,606.12,606.51,139.37,84529.03
2025-05-07 08:00:00,606.51,607.39,605.84,606.03,119.01,72123.95
2025-05-07 09:00:00,606.03,607.31,605.76,606.05,56.09,33993.51
2025-05-07 10:00:00,606.05,606.45,603.83,604.61,145.9,88212.57
2025-05-07 11:00:00,604.5,606.4,604.2,606.3,41.81,25301.87
2025-05-07 12:00:00,606.62,608.62,606.01,608.04,207.16,125962.09
2025-05-07 13:00:00,608.04,608.39,604.61,605.29,316.93,191833.17
2025-05-07 14:00:00,605.29,604.77,601.37,603.12,430.23,259479.85
2025-05-07 15:00:00,603.12,603.68,600.29,600.87,440.72,264816.36
2025-05-07 16:00:00,600.87,600.88,599.04,600.2,249.29,149623.37
2025-05-07 17:00:00,600.2,599.29,595.73,599.29,331.12,198438.24
2025-05-07 18:00:00,599.29,603.06,600.07,601.32,368.03,221305.1
2025-05-07 19:00:00,601.32,601.2,597.92,599.08,654.85,392306.8
2025-05-07 20:00:00,599.08,603.04,599.17,599.17,136.39,81720.68
2025-05-07 21:00:00,599.17,601.81,599.77,600.74,168.67,101326.22
2025-05-07 22:00:00,600.74,603.11,600.77,602.14,107.84,64934.36
2025-05-07 23:00:00,602.14,603.86,600.27,602.89,127.44,76832.14
2025-05-08 00:00:00,602.89,607.43,603.42,603.42,220.86,133271.43
2025-05-08 01:00:00,603.42,604.2,600.58,601.17,954.76,573971.39
2025-05-08 02:00:00,601.17,607.67,605.3,606.88,475.76,288729.48
2025-05-08 03:00:00,606.88,612.12,608.85,611.03,929.02,567658.77
2025-05-08 04:00:00,611.03,610.86,607.79,609.08,339.99,207081.26
2025-05-08 05:00:00,609.13,611.22,607.61,609.51,394.63,240530.66
2025-05-08 06:00:00,609.45,612.95,611.07,611.27,224.97,137517.61
2025-05-08 07:00:00,611.27,614.9,612.82,612.92,335.29,205505.08
2025-05-08 08:00:00,612.92,618.08,615.19,616.48,789.41,486658.59
2025-05-08 09:00:00,616.48,618.02,616.62,616.82,125.6,77472.78
2025-05-08 10:00:00,616.82,617.79,614.7,616.59,299.81,184861.14
2025-05-08 11:00:00,616.59,614.39,612.2,613.6,519.08,318505.82
2025-05-08 12:00:00,613.59,615.11,608.64,613.54,892.77,547752.43
2025-05-08 13:00:00,613.54,619.03,614.48,616.86,729.15,449780.76
2025-05-08 14:00:00,616.86,621.38,613.02,617.2,685.7,423212.83
2025-05-08 15:00:00,617.2,636.72,616.61,621.54,1552.64,965025.82
2025-05-08 16:00:00,621.27,624.72,621.58,621.78,687.04,427187.76
2025-05-08 17:00:00,621.78,620.51,615.96,616.77,1057.73,652373.24
2025-05-08 18:00:00,616.59,623.51,616.06,617.92,590.25,364729.86
2025-05-08 19:00:00,617.92,633.96,613.41,620.4,666.71,413627.07
2025-05-08 20:00:00,619.58,628.21,624.52,626.26,799.04,500410.36
2025-05-08 21:00:00,626.26,627.99,620.28,624.7,1661.25,1037779.02
2025-05-08 22:00:00,624.7,626.61,623.21,624.03,465.82,290686.27
2025-05-08 23:00:00,624.03,630.19,623.68,629.16,725.54,456478.63
2025-05-09 00:00:00,628.83,630.58,623.97,626.62,398.33,249600.01
2025-05-09 01:00:00,626.7,630.87,625.51,625.71,844.4,528351.97
2025-05-09 02:00:00,625.49,630.22,624.23,624.9,445.31,278273.28
2025-05-09 03:00:00,624.9,625.92,615.78,624.16,348.92,217781.58
2025-05-09 04:00:00,624.52,628.06,625.08,625.18,196.71,122979.35
2025-05-09 05:00:00,625.18,628.37,626.0,627.24,102.45,64260.42
2025-05-09 06:00:00,627.24,631.24,628.55,630.1,224.99,141766.66
2025-05-09 07:00:00,630.1,660.2,628.76,631.36,2041.74,1289065.23
2025-05-09 08:00:00,631.36,646.38,620.57,633.84,2176.8,1379737.05
2025-05-09 09:00:00,633.84,641.61,614.92,631.07,1807.4,1140603.67
2025-05-09 10:00:00,631.07,640.52,630.66,636.06,836.87,532301.51
2025-05-09 11:00:00,636.09,639.51,633.64,636.63,1090.54,694269.27
2025-05-09 12:00:00,636.63,638.67,635.06,636.92,528.46,336584.58
2025-05-09 13:00:00,636.92,644.57,641.36,643.01,558.71,359258.67
2025-05-09 14:00:00,643.01,640.47,634.28,634.79,894.4,567760.58
2025-05-09 15:00:00,634.79,636.21,632.61,635.8,259.64,165078.5
2025-05-09 16:00:00,635.57,639.12,630.39,632.46,249.69,157918.03
2025-05-09 17:00:00,632.17,637.66,635.8,636.11,288.27,183371.05
2025-05-09 18:00:00,636.11,637.16,634.99,635.81,197.58,125624.26
2025-05-09 19:00:00,635.67,641.14,633.44,635.31,110.24,70036.61
2025-05-09 20:00:00,635.34,639.36,634.61,639.36,294.09,188029.02
2025-05-09 21:00:00,639.36,640.62,638.04,639.9,216.21,138351.83
2025-05-09 22:00:00,639.9,643.8,638.66,643.69,347.27,223535.19
2025-05-09 23:00:00,643.69,670.72,644.88,666.81,4137.92,2759208.06
2025-05-10 00:00:00,666.81,677.98,664.61,667.38,3059.19,2041653.37
2025-05-10 01:00:00,667.38,673.66,668.2,672.74,2091.36,1406934.33
2025-05-10 02:00:00,672.74,674.59,671.19,671.19,499.42,335205.23
2025-05-10 03:00:00,671.19,671.7,659.73,661.79,1074.7,711227.4
2025-05-10 04:00:00,661.79,661.51,655.63,658.42,833.2,548591.68
2025-05-10 05:00:00,658.42,661.05,658.26,659.91,464.61,306602.74
2025-05-10 06:00:00,659.91,665.3,662.39,663.33,253.98,168472.28
2025-05-10 07:00:00,663.33,664.24,661.54,662.06,523.68,346707.55
2025-05-10 08:00:00,662.06,662.65,656.74,659.85,1124.77,742179.73
2025-05-10 09:00:00,659.85,660.97,658.68,660.14,217.57,143625.87
2025-05-10 10:00:00,660.14,659.67,655.63,655.63,394.64,258737.26
2025-05-10 11:00:00,655.63,656.06,649.13,649.55,615.66,399900.22
2025-05-10 12:00:00,649.55,654.29,650.56,652.21,570.71,372225.35
2025-05-10 13:00:00,652.19,661.68,652.66,654.36,432.86,283247.09
2025-05-10 14:00:00,653.93,653.68,650.78,651.61,351.66,229144.23
2025-05-10 15:00:00,651.61,651.72,647.49,651.51,194.24,126549.66
2025-05-10 16:00:00,651.51,657.65,652.58,656.61,270.52,177626.42
2025-05-10 17:00:00,656.61,656.07,652.77,655.35,336.99,220845.79
2025-05-10 18:00:00,655.54,665.37,651.39,653.14,304.43,198834.73
2025-05-10 19:00:00,653.27,654.07,651.8,652.32,212.56,138656.09
2025-05-10 20:00:00,652.41,657.62,648.9,654.13,4064.9,2658989.19
2025-05-10 21:00:00,654.13,666.46,655.56,655.56,347.76,227977.11
2025-05-10 22:00:00,657.11,656.45,653.86,656.24,242.33,159027.03
2025-05-10 23:00:00,656.24,666.72,660.96,664.0,963.03,639449.22
2025-05-11 00:00:00,663.51,666.37,650.85,663.82,1452.83,964422.73
2025-05-11 01:00:00,663.8,662.67,657.46,658.4,429.59,282840.68
2025-05-11 02:00:00,658.1,663.7,658.1,660.3,185.72,122780.93
2025-05-11 03:00:00,660.17,664.36,661.34,662.48,534.36,354004.81
2025-05-11 04:00:00,662.48,666.5,663.27,665.35,1330.94,885543.39
2025-05-11 05:00:00,665.35,665.86,663.37,664.3,332.95,221179.32
2025-05-11 06:00:00,664.3,664.42,659.12,660.05,350.43,231302.59
2025-05-11 07:00:00,660.05,657.07,653.86,655.62,406.3,266378.6
2025-05-11 08:00:00,655.62,658.68,654.52,654.73,516.67,338279.92
2025-05-11 09:00:00,654.73,659.25,657.69,657.79,196.66,129361.53
2025-05-11 10:00:00,657.79,660.23,658.66,659.28,521.69,343941.82
2025-05-11 11:00:00,659.28,660.72,658.52,659.15,134.04,88351.97
2025-05-11 12:00:00,659.15,659.17,656.56,657.5,384.47,252788.37
2025-05-11 13:00:00,657.5,654.74,647.98,650.06,797.07,518140.08
2025-05-11 14:00:00,650.06,654.27,651.24,653.12,558.16,364545.16
2025-05-11 15:00:00,653.21,656.37,644.05,651.69,241.01,157062.84
2025-05-11 16:00:00,651.57,651.57,649.08,650.64,501.13,326054.26
2025-05-11 17:00:00,650.64,653.44,650.84,653.02,277.68,181331.41
2025-05-11 18:00:00,653.02,656.41,653.28,654.64,229.87,150481.11
2025-05-11 19:00:00,654.64,653.93,652.36,653.62,84.32,55112.94
2025-05-11 20:00:00,653.62,652.82,650.63,651.67,253.93,165478.95
2025-05-11 21:00:00,651.67,653.1,651.02,652.16,128.11,83548.78
2025-05-11 22:00:00,652.16,651.2,648.3,650.69,154.61,100602.48
2025-05-11 23:00:00,650.69,653.69,650.88,650.98,100.06,65137.4
2025-05-12 00:00:00,650.98,656.93,652.95,655.04,417.98,273795.09
2025-05-12 01:00:00,655.04,652.03,648.8,651.61,456.46,297434.9
2025-05-12 02:00:00,651.61,653.26,650.98,653.06,150.63,98369.79
2025-05-12 03:00:00,653.06,656.22,654.35,655.7,162.2,106354.6
2025-05-12 04:00:00,655.7,657.84,655.14,656.07,208.85,137020.95
2025-05-12 05:00:00,656.07,656.95,653.21,654.14,383.35,250766.11
2025-05-12 06:00:00,654.14,659.12,656.82,658.8,163.59,107773.76
2025-05-12 07:00:00,658.8,662.45,654.3,661.3,1566.76,1036103.5
2025-05-12 08:00:00,661.3,671.87,661.2,668.84,1591.14,1064217.78
2025-05-12 09:00:00,668.84,671.39,666.69,668.05,1241.92,829660.32
2025-05-12 10:00:00,668.05,677.27,668.38,676.43,1254.81,848789.76
2025-05-12 11:00:00,676.43,688.69,671.46,678.0,4581.92,3106541.95
2025-05-12 12:00:00,677.96,692.06,682.62,688.74,4312.43,2970149.49
2025-05-12 13:00:00,688.79,691.93,680.67,680.88,1141.14,776974.0
2025-05-12 14:00:00,680.88,671.47,664.89,665.92,1934.84,1288441.14
2025-05-12 15:00:00,665.92,665.07,661.68,663.63,864.09,573436.18
2025-05-12 16:00:00,663.63,668.55,663.93,668.14,930.52,621720.03
2025-05-12 17:00:00,668.14,667.26,660.59,661.82,489.06,323671.52
2025-05-12 18:00:00,661.82,658.57,654.4,655.93,797.55,523134.67
2025-05-12 19:00:00,655.93,660.56,657.09,659.94,371.6,245235.34
2025-05-12 20:00:00,659.94,665.43,661.74,661.84,248.75,164632.61
2025-05-12 21:00:00,661.84,663.57,660.28,663.16,253.75,168275.61
2025-05-12 22:00:00,663.16,665.28,662.3,663.02,535.64,355141.15
2025-05-12 23:00:00,663.02,662.66,659.27,660.2,334.36,220743.56
2025-05-13 00:00:00,660.2,657.47,654.0,655.12,387.35,253761.41
2025-05-13 01:00:00,655.12,656.72,651.39,652.93,749.78,489551.09
2025-05-13 02:00:00,652.93,651.34,646.44,646.54,780.88,504870.61
2025-05-13 03:00:00,646.54,644.83,641.88,642.08,350.94,225332.99
2025-05-13 04:00:00,642.08,648.81,647.27,648.19,555.21,359884.13
2025-05-13 05:00:00,648.19,648.23,646.07,647.71,126.58,81987.56
2025-05-13 06:00:00,647.77,649.96,647.26,648.74,889.86,577285.22
2025-05-13 07:00:00,648.7,650.93,649.19,649.49,251.24,163178.88
2025-05-13 08:00:00,649.49,649.93,648.39,648.7,411.97,267244.51
2025-05-13 09:00:00,648.7,654.55,652.27,652.58,284.43,185613.47
2025-05-13 10:00:00,652.58,653.47,650.67,650.67,460.89,299887.02
2025-05-13 11:00:00,650.67,654.19,651.6,653.26,306.5,200223.12
2025-05-13 12:00:00,653.26,655.47,651.22,653.81,950.43,621399.46
2025-05-13 13:00:00,653.81,658.23,653.87,656.78,637.69,418820.36
2025-05-13 14:00:00,656.78,654.72,651.52,652.04,440.03,286915.92
2025-05-13 15:00:00,652.04,656.36,654.39,655.74,185.69,121764.61
2025-05-13 16:00:00,655.74,660.57,655.79,660.25,665.27,439247.09
2025-05-13 17:00:00,660.61,665.84,660.88,662.19,781.57,517544.01
2025-05-13 18:00:00,662.19,678.57,666.82,667.09,1524.4,1016909.56
2025-05-13 19:00:00,667.09,674.32,660.05,667.05,492.8,328722.41
2025-05-13 20:00:00,666.98,666.75,664.76,665.49,382.19,254344.74
2025-05-13 21:00:00,665.49,665.65,663.78,665.65,144.1,95920.82
2025-05-13 22:00:00,665.65,665.51,663.95,664.89,361.97,240668.9
2025-05-13 23:00:00,664.89,666.47,663.97,664.39,214.84,142737.86
2025-05-14 00:00:00,664.39,664.89,661.35,662.5,1617.28,1071442.96
2025-05-14 01:00:00,662.5,664.72,660.06,662.34,925.65,613093.89
2025-05-14 02:00:00,662.34,662.48,658.85,660.09,933.37,616109.71
2025-05-14 03:00:00,660.34,665.33,660.56,661.62,3296.59,2181098.12
2025-05-14 04:00:00,661.58,663.21,660.72,663.11,386.33,256178.41
2025-05-14 05:00:00,663.11,664.65,662.36,663.61,259.73,172358.53
2025-05-14 06:00:00,663.61,662.9,661.86,662.59,119.8,79378.32
2025-05-14 07:00:00,662.59,662.41,658.26,658.47,515.88,339691.19
2025-05-14 08:00:00,658.47,655.77,650.82,651.23,1403.59,914059.73
2025-05-14 09:00:00,651.23,656.1,652.78,655.37,1148.59,752753.1
2025-05-14 10:00:00,655.63,656.47,650.76,655.69,309.94,203224.24
2025-05-14 11:00:00,655.69,660.09,656.87,659.78,526.38,347294.45
2025-05-14 12:00:00,659.78,660.2,654.89,655.72,644.98,422928.86
2025-05-14 13:00:00,655.72,656.38,654.2,654.62,573.62,375501.24
2025-05-14 14:00:00,654.62,654.83,650.28,654.52,379.55,248422.83
2025-05-14 15:00:00,654.52,656.42,651.45,651.97,600.5,391508.53
2025-05-14 16:00:00,651.97,652.38,650.52,651.24,207.09,134865.57
2025-05-14 17:00:00,651.14,658.06,651.33,652.36,326.71,213133.66
2025-05-14 18:00:00,651.74,655.58,653.4,653.61,191.18,124956.98
2025-05-14 19:00:00,653.7,653.84,650.97,653.06,125.47,81938.93
2025-05-14 20:00:00,652.71,654.41,651.41,651.41,116.57,75934.38
2025-05-14 21:00:00,651.41,652.77,650.8,652.57,132.81,86667.18
2025-05-14 22:00:00,652.57,652.25,650.7,651.32,137.45,89523.62
2025-05-14 23:00:00,651.32,652.64,650.36,652.64,108.78,70993.78
2025-05-15 00:00:00,652.78,659.49,651.33,654.49,156.56,102466.44
2025-05-15 01:00:00,654.45,650.66,645.61,646.85,865.57,559891.94
2025-05-15 02:00:00,646.85,650.17,646.56,649.14,146.85,95325.62
2025-05-15 03:00:00,649.14,649.19,646.72,647.95,189.11,122534.45
2025-05-15 04:00:00,647.95,651.83,648.64,651.83,151.2,98556.87
2025-05-15 05:00:00,651.83,651.63,648.46,648.46,386.87,250869.77
2025-05-15 06:00:00,648.46,649.07,646.41,647.95,339.66,220081.43
2025-05-15 07:00:00,647.95,645.36,642.71,644.75,296.27,191019.13
2025-05-15 08:00:00,644.75,657.98,647.75,652.87,1351.12,882101.3
2025-05-15 09:00:00,652.87,651.16,648.82,650.14,234.49,152452.22
2025-05-15 10:00:00,650.14,651.14,648.8,650.63,453.17,294847.54
2025-05-15 11:00:00,650.63,654.53,652.18,653.2,1844.23,1204652.04
2025-05-15 12:00:00,653.2,655.92,653.56,653.66,522.77,341715.38
2025-05-15 13:00:00,653.66,651.58,649.13,649.95,247.76,161030.51
2025-05-15 14:00:00,649.95,651.33,646.44,646.84,626.62,405325.81
2025-05-15 15:00:00,646.84,657.03,654.13,655.58,327.65,214800.76
2025-05-15 16:00:00,655.58,661.28,658.48,659.83,603.05,397910.3
2025-05-15 17:00:00,659.83,661.08,657.23,657.75,309.27,203421.69
2025-05-15 18:00:00,657.75,650.89,647.3,649.87,625.18,406283.64
2025-05-15 19:00:00,649.87,654.38,651.9,652.21,163.77,106812.56
2025-05-15 20:00:00,652.21,654.52,652.35,652.97,264.86,172944.84
2025-05-15 21:00:00,652.97,654.6,652.01,653.36,334.13,218305.91
2025-05-15 22:00:00,653.36,654.7,651.49,651.49,501.86,326956.61
2025-05-15 23:00:00,651.49,653.24,648.67,651.89,390.81,254765.2
2025-05-16 00:00:00,651.89,652.67,651.01,651.12,269.31,175351.99
2025-05-16 01:00:00,651.12,653.05,650.45,652.43,174.89,114103.01
2025-05-16 02:00:00,652.43,658.17,653.17,657.75,1233.8,811535.96
2025-05-16 03:00:00,657.75,658.83,656.02,657.89,1915.66,1260293.68
2025-05-16 04:00:00,657.89,657.88,656.11,656.84,174.09,114349.26
2025-05-16 05:00:00,656.84,658.76,656.79,658.34,96.24,63359.12
2025-05-16 06:00:00,658.1,658.9,656.7,658.4,54.46,35839.05
2025-05-16 07:00:00,658.4,658.8,655.3,655.4,79.61,52318.98
2025-05-16 08:00:00,655.75,655.96,652.96,653.37,285.14,186302.56
2025-05-16 09:00:00,653.24,662.89,653.23,655.32,172.89,113297.96
2025-05-16 10:00:00,655.92,657.56,655.69,656.94,159.99,105103.3
2025-05-16 11:00:00,656.94,656.02,654.57,654.77,99.76,65320.26
2025-05-16 12:00:00,654.77,654.04,652.28,652.9,103.86,67810.04
2025-05-16 13:00:00,652.9,656.99,654.91,655.01,279.36,182984.61
2025-05-16 14:00:00,655.01,652.88,650.92,651.02,205.79,133973.27
2025-05-16 15:00:00,651.02,654.81,652.0,652.31,271.07,176822.17
2025-05-16 16:00:00,652.31,653.01,651.65,652.69,507.34,331137.5
2025-05-16 17:00:00,652.69,651.04,648.55,649.28,176.8,114792.24
2025-05-16 18:00:00,649.28,649.1,647.13,648.79,66.8,43339.35
2025-05-16 19:00:00,648.79,652.59,650.09,650.09,97.46,63358.02
2025-05-16 20:00:00,650.09,648.58,646.71,646.92,159.13,102943.68
2025-05-16 21:00:00,646.92,648.91,646.01,646.94,115.55,74754.3
2025-05-16 22:00:00,646.94,646.68,644.71,645.02,443.22,285886.28
2025-05-16 23:00:00,645.02,647.49,644.7,646.56,70.78,45763.66
2025-05-17 00:00:00,646.56,646.38,642.04,642.76,426.89,274389.23
2025-05-17 01:00:00,642.76,640.2,636.39,638.24,508.26,324392.57
2025-05-17 02:00:00,637.75,645.67,638.44,640.93,213.61,136909.98
2025-05-17 03:00:00,640.88,644.19,641.8,643.77,170.52,109776.01
2025-05-17 04:00:00,643.77,646.2,643.81,645.06,117.53,75813.77
2025-05-17 05:00:00,645.06,643.82,642.16,642.68,123.86,79602.13
2025-05-17 06:00:00,642.68,645.06,643.51,644.44,97.36,62742.44
2025-05-17 07:00:00,644.44,645.05,642.98,642.98,120.94,77762.6
2025-05-17 08:00:00,642.98,644.19,641.6,641.6,107.61,69042.76
2025-05-17 09:00:00,641.6,642.31,637.88,642.0,150.33,96511.72
2025-05-17 10:00:00,642.0,642.45,640.59,641.83,98.39,63149.51
2025-05-17 11:00:00,641.83,642.55,641.41,641.62,150.3,96435.25
2025-05-17 12:00:00,641.62,641.77,640.74,640.95,209.19,134079.31
2025-05-17 13:00:00,641.0,640.69,636.75,638.48,347.63,221953.75
2025-05-17 14:00:00,638.33,643.01,640.85,642.91,63.71,40959.84
2025-05-17 15:00:00,642.91,641.98,640.44,640.95,57.72,36995.79
2025-05-17 16:00:00,640.95,641.41,637.29,639.04,125.24,80033.81
2025-05-17 17:00:00,639.04,641.6,640.15,640.87,1202.4,770587.45
2025-05-17 18:00:00,640.87,641.28,640.05,640.05,474.16,303484.4
2025-05-17 19:00:00,640.05,642.31,640.35,640.66,118.94,76199.6
2025-05-17 20:00:00,640.66,642.82,640.13,642.1,175.19,112489.47
2025-05-17 21:00:00,642.1,642.83,640.86,642.21,82.35,52885.67
2025-05-17 22:00:00,642.21,640.94,638.68,639.4,114.91,73473.07
2025-05-17 23:00:00,639.4,640.21,639.07,639.79,41.6,26615.43
2025-05-18 00:00:00,639.79,642.05,639.99,641.64,68.78,44132.01
2025-05-18 01:00:00,641.64,642.84,640.88,642.53,97.24,62479.76
2025-05-18 02:00:00,642.53,643.75,641.99,642.09,171.58,110170.57
2025-05-18 03:00:00,642.09,643.36,641.7,642.53,71.04,45645.33
2025-05-18 04:00:00,642.59,645.33,642.84,643.59,99.7,64165.57
2025-05-18 05:00:00,643.21,646.78,645.02,646.37,90.0,58173.17
2025-05-18 06:00:00,646.37,645.27,643.92,644.02,39.84,25657.95
2025-05-18 07:00:00,644.02,647.5,645.53,645.74,186.57,120474.89
2025-05-18 08:00:00,645.74,648.11,645.2,647.48,145.79,94396.54
2025-05-18 09:00:00,647.48,647.87,645.38,645.38,136.57,88139.47
2025-05-18 10:00:00,645.24,646.77,644.01,646.27,135.35,87472.51
2025-05-18 11:00:00,646.16,646.07,645.03,645.24,44.98,29022.97
2025-05-18 12:00:00,645.24,646.38,645.24,646.38,393.73,254498.98
2025-05-18 13:00:00,646.38,652.89,648.91,648.91,237.97,154421.51
2025-05-18 14:00:00,648.91,652.51,649.99,651.35,393.15,256079.77
2025-05-18 15:00:00,651.35,654.22,651.68,654.01,447.56,292707.02
2025-05-18 16:00:00,654.01,657.14,653.33,654.07,307.44,201086.24
2025-05-18 17:00:00,654.07,649.26,647.05,647.68,497.38,322145.05
2025-05-18 18:00:00,647.68,647.14,643.58,644.21,426.17,274543.79
2025-05-18 19:00:00,644.21,641.01,637.58,638.41,283.32,180875.55
2025-05-18 20:00:00,638.33,654.04,634.4,639.91,449.09,287378.05
2025-05-18 21:00:00,639.91,644.47,638.45,642.78,365.11,234686.6
2025-05-18 22:00:00,642.57,653.63,648.33,648.33,281.58,182556.63
2025-05-18 23:00:00,648.33,653.2,650.75,651.71,365.42,238148.0
2025-05-19 00:00:00,651.71,647.73,641.94,647.2,430.13,278380.91
2025-05-19 01:00:00,647.2,646.57,643.84,643.95,323.12,208071.83
2025-05-19 02:00:00,643.95,641.94,640.16,641.84,760.27,487970.61
2025-05-19 03:00:00,641.75,640.53,636.24,638.62,237.71,151806.94
2025-05-19 04:00:00,638.95,638.6,635.0,636.24,409.44,260500.2
2025-05-19 05:00:00,636.24,639.24,636.45,638.62,375.33,239692.41
2025-05-19 06:00:00,638.62,636.55,633.59,634.1,233.52,148074.16
2025-05-19 07:00:00,633.88,647.43,637.33,638.77,982.66,627698.33
2025-05-19 08:00:00,639.07,640.89,638.41,638.82,396.27,253146.53
2025-05-19 09:00:00,638.82,640.52,637.64,640.01,143.3,91712.91
2025-05-19 10:00:00,640.01,641.24,638.36,640.63,175.18,112224.73
2025-05-19 11:00:00,640.63,640.84,639.09,640.22,82.41,52760.75
2025-05-19 12:00:00,640.22,638.11,636.78,636.78,194.22,123675.92
2025-05-19 13:00:00,636.78,643.72,640.0,640.52,366.37,234667.44
2025-05-19 14:00:00,640.52,647.52,643.97,643.97,365.12,235126.11
2025-05-19 15:00:00,643.97,648.96,645.08,645.29,385.59,248819.16
2025-05-19 16:00:00,645.29,650.89,646.47,647.41,289.96,187724.31
2025-05-19 17:00:00,647.46,647.11,639.09,647.11,1155.94,748021.77
2025-05-19 18:00:00,646.64,646.84,642.96,646.42,217.84,140815.32
2025-05-19 19:00:00,646.42,652.24,648.44,648.65,171.81,111444.21
2025-05-19 20:00:00,648.15,651.03,645.99,649.52,128.39,83391.92
2025-05-19 21:00:00,649.34,651.19,649.29,649.71,73.73,47902.98
2025-05-19 22:00:00,649.71,652.54,649.8,650.22,172.13,111922.57
2025-05-19 23:00:00,650.54,657.2,649.11,649.87,240.25,156130.22
2025-05-20 00:00:00,649.97,651.14,648.28,649.23,225.5,146402.24
2025-05-20 01:00:00,649.57,657.54,650.42,651.44,209.36,136384.46
2025-05-20 02:00:00,651.44,659.07,647.77,650.85,383.31,249477.74
2025-05-20 03:00:00,651.01,651.38,648.63,650.75,118.37,77028.73
2025-05-20 04:00:00,650.75,653.57,651.45,651.45,86.4,56285.05
2025-05-20 05:00:00,651.45,652.15,649.5,651.94,169.86,110738.79
2025-05-20 06:00:00,651.94,650.53,647.04,650.53,202.22,131549.29
2025-05-20 07:00:00,650.53,648.03,644.99,647.51,161.76,104741.08
2025-05-20 08:00:00,647.51,648.64,647.27,648.11,193.68,125526.14
2025-05-20 09:00:00,648.11,648.52,646.84,648.31,53.89,34937.49
2025-05-20 10:00:00,648.21,647.21,643.18,645.7,81.21,52437.34
2025-05-20 11:00:00,645.67,646.9,643.63,643.95,287.51,185142.22
2025-05-20 12:00:00,643.8,643.92,641.28,642.65,91.02,58439.15
2025-05-20 13:00:00,642.7,642.96,640.35,642.12,258.43,165944.33
2025-05-20 14:00:00,642.12,642.91,640.51,642.6,891.58,572927.62
2025-05-20 15:00:00,642.6,648.39,645.02,645.02,286.13,184558.74
2025-05-20 16:00:00,644.77,645.5,642.03,644.51,889.95,573582.22
2025-05-20 17:00:00,645.24,651.61,646.61,647.15,209.81,135777.64
2025-05-20 18:00:00,647.15,644.09,640.72,644.09,195.22,125739.27
2025-05-20 19:00:00,644.09,655.31,647.92,648.46,333.87,216500.84
2025-05-20 20:00:00,648.46,650.96,647.43,649.79,224.46,145851.14
2025-05-20 21:00:00,649.79,651.06,647.11,650.2,195.39,127043.5
2025-05-20 22:00:00,650.2,653.67,650.14,650.68,337.38,219525.17
2025-05-20 23:00:00,650.68,651.73,650.23,650.34,251.53,163579.95
2025-05-21 00:00:00,650.34,651.19,649.17,650.13,180.36,117256.86
2025-05-21 01:00:00,650.4,651.81,647.75,649.52,444.01,288394.87
2025-05-21 02:00:00,649.58,653.15,650.69,651.55,266.16,173415.77
2025-05-21 03:00:00,651.55,657.3,651.52,656.87,275.78,181150.99
2025-05-21 04:00:00,656.87,671.38,659.68,661.4,1903.69,1259102.41
2025-05-21 05:00:00,660.97,672.81,659.84,661.13,1282.5,847905.2
2025-05-21 06:00:00,661.13,663.55,658.35,660.69,762.46,503752.57
2025-05-21 07:00:00,660.69,656.44,648.02,653.12,4293.58,2804239.75
2025-05-21 08:00:00,653.14,652.6,651.11,651.64,428.26,279070.57
2025-05-21 09:00:00,651.79,651.95,646.64,651.95,1338.91,872898.7
2025-05-21 10:00:00,651.78,653.55,651.42,653.34,262.64,171592.61
2025-05-21 11:00:00,653.34,655.65,653.73,655.22,148.23,97123.51
2025-05-21 12:00:00,654.77,700.76,653.03,654.89,773.41,522240.9
2025-05-21 13:00:00,654.77,659.13,655.58,656.44,205.32,134780.9
2025-05-21 14:00:00,656.44,667.63,659.34,659.56,816.3,538400.72
2025-05-21 15:00:00,659.56,664.69,657.17,663.93,2266.02,1504470.4
2025-05-21 16:00:00,663.93,670.26,664.14,670.26,1213.26,813198.26
2025-05-21 17:00:00,670.21,667.37,639.18,662.92,5530.83,3666509.55
2025-05-21 18:00:00,662.86,671.59,665.27,667.41,959.82,640595.46
2025-05-21 19:00:00,667.41,680.81,671.13,671.35,1440.71,967223.72
2025-05-21 20:00:00,671.35,672.26,668.26,670.21,251.58,168610.68
2025-05-21 21:00:00,670.1,674.44,668.42,674.44,236.16,159275.1
2025-05-21 22:00:00,674.52,677.74,671.21,673.61,260.47,175454.72
2025-05-21 23:00:00,673.61,679.48,671.58,674.0,1452.08,978696.02
2025-05-22 00:00:00,674.0,677.93,673.86,676.72,752.59,509295.56
2025-05-22 01:00:00,676.72,677.73,674.65,676.74,652.82,441791.16
2025-05-22 02:00:00,676.38,686.43,679.17,682.02,2039.77,1391166.36
2025-05-22 03:00:00,681.83,691.27,685.35,685.57,627.23,430009.37
2025-05-22 04:00:00,685.57,687.71,682.24,683.25,452.06,308867.83
2025-05-22 05:00:00,683.25,681.29,678.85,681.17,767.4,522733.57
2025-05-22 06:00:00,681.17,680.23,678.13,679.57,297.19,201960.41
2025-05-22 07:00:00,680.29,686.92,680.33,682.96,1440.92,984095.75
2025-05-22 08:00:00,682.86,683.02,678.27,683.02,349.42,238660.31
2025-05-22 09:00:00,683.02,687.46,685.13,685.8,570.96,391562.64
2025-05-22 10:00:00,685.8,686.01,681.91,684.34,393.17,269063.47
2025-05-22 11:00:00,684.34,689.62,683.95,687.17,379.37,260693.11
2025-05-22 12:00:00,687.17,691.02,687.11,687.56,258.77,177919.85
2025-05-22 13:00:00,687.56,685.93,683.26,685.59,424.37,290945.81
2025-05-22 14:00:00,685.59,687.59,683.81,686.14,650.56,446377.48
2025-05-22 15:00:00,686.14,688.85,681.73,682.29,466.38,318204.59
2025-05-22 16:00:00,682.2,683.06,675.38,680.41,1030.95,701471.35
2025-05-22 17:00:00,680.41,684.24,678.13,680.79,319.79,217708.59
2025-05-22 18:00:00,680.83,682.6,680.7,681.26,171.26,116673.04
2025-05-22 19:00:00,681.26,682.06,677.06,681.39,407.71,277810.75
2025-05-22 20:00:00,681.39,681.53,679.53,680.53,216.36,147238.44
2025-05-22 21:00:00,680.53,682.38,678.94,681.94,1016.8,693393.87
2025-05-22 22:00:00,681.94,683.78,682.34,683.56,718.44,491095.98
2025-05-22 23:00:00,683.56,688.99,686.42,686.76,785.04,539130.78
2025-05-23 00:00:00,686.76,687.1,684.98,685.54,1478.04,1013251.96
2025-05-23 01:00:00,685.54,688.26,683.59,688.26,279.08,192080.78
2025-05-23 02:00:00,688.69,696.39,683.67,689.08,1698.46,1170375.94
2025-05-23 03:00:00,689.04,690.3,687.75,687.97,276.05,189914.18
2025-05-23 04:00:00,687.97,687.64,685.31,686.98,266.89,183347.17
2025-05-23 05:00:00,686.98,689.22,686.89,688.44,208.5,143539.79
2025-05-23 06:00:00,688.44,688.24,682.16,683.71,1338.42,915086.29
2025-05-23 07:00:00,683.71,687.78,682.14,682.14,318.73,217417.52
2025-05-23 08:00:00,682.14,684.87,682.77,684.76,867.28,593881.24
2025-05-23 09:00:00,684.76,687.41,686.19,686.97,270.65,185927.1
2025-05-23 10:00:00,686.97,685.55,683.22,683.55,295.02,201660.55
2025-05-23 11:00:00,683.55,672.19,668.81,671.64,909.27,610704.27
2025-05-23 12:00:00,671.64,670.9,662.01,665.15,3134.29,2084781.38
2025-05-23 13:00:00,665.15,674.29,671.0,673.19,1604.47,1080120.84
2025-05-23 14:00:00,672.53,674.79,672.03,673.63,332.64,223985.12
2025-05-23 15:00:00,673.32,671.02,668.62,670.8,294.55,197583.59
2025-05-23 16:00:00,670.8,672.52,669.58,669.69,440.86,295238.67
2025-05-23 17:00:00,669.69,671.89,668.06,669.15,403.72,270151.08
2025-05-23 18:00:00,669.15,667.52,664.36,666.86,441.86,294660.81
2025-05-23 19:00:00,666.86,666.52,665.11,665.65,439.46,292527.65
2025-05-23 20:00:00,665.65,663.03,661.63,662.93,449.75,298150.59
2025-05-23 21:00:00,662.93,663.12,661.17,662.25,373.03,247039.04
2025-05-23 22:00:00,662.25,661.25,658.12,660.39,153.82,101580.75
2025-05-23 23:00:00,660.39,657.74,656.13,657.2,345.45,227029.54
2025-05-24 00:00:00,657.2,661.42,657.45,659.71,1066.66,703682.18
2025-05-24 01:00:00,659.71,662.55,659.87,660.83,835.08,551848.36
2025-05-24 02:00:00,660.83,664.34,662.72,663.9,128.98,85630.44
2025-05-24 03:00:00,663.9,668.78,664.55,664.77,337.56,224399.32
2025-05-24 04:00:00,664.77,667.64,665.37,667.64,88.74,59246.76
2025-05-24 05:00:00,667.64,668.25,665.97,668.14,200.73,134115.26
2025-05-24 06:00:00,668.14,668.99,666.4,668.66,205.69,137537.57
2025-05-24 07:00:00,668.66,668.41,665.72,668.3,924.18,617627.5
2025-05-24 08:00:00,668.3,674.08,671.59,671.7,225.57,151514.63
2025-05-24 09:00:00,671.7,673.03,670.11,671.63,313.99,210884.28
2025-05-24 10:00:00,671.63,679.93,675.68,676.66,433.11,293067.27
2025-05-24 11:00:00,676.66,677.28,673.57,674.77,312.31,210736.88
2025-05-24 12:00:00,674.77,675.92,672.0,675.81,674.33,455718.01
2025-05-24 13:00:00,675.63,673.01,670.72,672.5,342.76,230506.24
2025-05-24 14:00:00,672.19,674.79,673.7,673.92,406.86,274191.44
2025-05-24 15:00:00,673.64,674.88,672.32,673.86,99.69,67176.75
2025-05-24 16:00:00,673.86,676.43,674.38,675.15,476.19,321497.74
2025-05-24 17:00:00,675.15,676.59,673.78,675.57,863.83,583575.97
2025-05-24 18:00:00,675.57,675.53,672.22,675.53,560.02,378312.96
2025-05-24 19:00:00,675.53,677.08,675.8,676.31,302.45,204549.51
2025-05-24 20:00:00,676.7,676.32,671.86,672.84,128.41,86399.01
2025-05-24 21:00:00,672.95,674.35,669.53,671.56,375.52,252184.16
2025-05-24 22:00:00,671.59,669.79,666.01,669.58,171.37,114745.54
2025-05-24 23:00:00,669.58,668.34,665.43,668.02,377.5,252176.45
2025-05-25 00:00:00,668.16,664.61,653.92,663.12,964.49,639572.14
2025-05-25 01:00:00,663.19,664.57,661.99,663.93,289.23,192027.79
2025-05-25 02:00:00,664.14,668.7,665.43,666.44,188.23,125443.66
2025-05-25 03:00:00,666.09,667.19,665.68,666.22,870.92,580221.99
2025-05-25 04:00:00,666.22,667.18,665.56,666.42,317.18,211375.84
2025-05-25 05:00:00,666.34,665.57,664.31,665.07,526.96,350463.61
2025-05-25 06:00:00,664.78,665.17,663.01,663.01,155.88,103350.74
2025-05-25 07:00:00,663.01,662.33,660.61,662.01,227.87,150851.98
2025-05-25 08:00:00,662.01,659.02,656.87,658.59,675.98,445191.42
2025-05-25 09:00:00,658.59,661.37,658.15,660.3,294.3,194325.4
2025-05-25 10:00:00,660.4,661.62,655.64,660.63,430.94,284690.36
2025-05-25 11:00:00,660.49,663.88,661.84,661.95,230.6,152645.6
2025-05-25 12:00:00,661.95,665.3,662.62,664.66,113.92,75717.9
2025-05-25 13:00:00,664.66,667.03,664.77,666.71,192.79,128534.08
2025-05-25 14:00:00,666.71,666.88,664.73,665.05,1249.51,830990.63
2025-05-25 15:00:00,665.05,664.23,661.66,663.37,278.28,184603.9
2025-05-25 16:00:00,663.37,666.36,664.65,666.04,175.37,116803.78
2025-05-25 17:00:00,666.04,668.02,665.12,665.12,1257.8,836588.75
2025-05-25 18:00:00,664.94,666.09,664.93,665.08,133.64,88891.27
2025-05-25 19:00:00,665.25,667.95,666.76,667.41,205.93,137438.98
2025-05-25 20:00:00,667.41,668.74,667.02,667.12,85.78,57225.86
2025-05-25 21:00:00,667.12,667.81,665.87,666.73,109.88,73260.61
2025-05-25 22:00:00,666.73,677.86,671.3,671.3,577.44,387637.09
2025-05-25 23:00:00,671.3,672.24,669.41,669.73,174.45,116834.84
2025-05-26 00:00:00,669.73,674.12,671.49,671.71,327.04,219675.69
2025-05-26 01:00:00,671.71,672.89,670.59,672.01,259.46,174360.44
2025-05-26 02:00:00,672.01,671.59,669.3,671.38,135.26,90810.24
2025-05-26 03:00:00,671.38,675.12,672.16,674.46,331.03,223266.04
2025-05-26 04:00:00,674.68,676.04,673.22,674.25,301.61,203359.81
2025-05-26 05:00:00,673.66,673.99,671.91,673.99,138.61,93185.55
2025-05-26 06:00:00,673.99,676.6,674.29,674.4,188.63,127212.58
2025-05-26 07:00:00,674.33,675.53,671.4,675.01,294.66,198899.4
2025-05-26 08:00:00,675.01,673.95,671.64,673.44,174.18,117299.73
2025-05-26 09:00:00,673.21,673.72,672.73,673.39,90.91,61217.61
2025-05-26 10:00:00,673.39,675.36,672.84,675.03,174.1,117522.9
2025-05-26 11:00:00,675.03,676.73,674.31,674.42,150.04,101190.29
2025-05-26 12:00:00,674.2,675.41,673.52,675.41,62.54,42182.84
2025-05-26 13:00:00,675.99,675.51,671.45,672.55,445.93,299910.38
2025-05-26 14:00:00,672.55,674.72,671.75,673.95,183.68,123790.74
2025-05-26 15:00:00,673.95,676.36,673.72,675.48,201.33,135994.73
2025-05-26 16:00:00,675.4,676.3,668.93,676.05,1140.75,771202.91
2025-05-26 17:00:00,675.98,675.08,671.37,673.01,203.46,136930.42
2025-05-26 18:00:00,673.01,673.0,671.26,671.7,193.47,129952.92
2025-05-26 19:00:00,671.7,674.31,671.9,672.56,224.09,150713.91
2025-05-26 20:00:00,672.56,675.77,674.13,674.13,82.59,55676.05
2025-05-26 21:00:00,673.97,674.27,672.11,672.69,46.63,31385.88
2025-05-26 22:00:00,672.92,673.39,671.2,673.39,103.14,69453.05
2025-05-26 23:00:00,673.39,674.94,673.52,674.39,62.91,42425.92
2025-05-27 00:00:00,674.39,673.43,671.47,672.99,85.05,57238.11
2025-05-27 01:00:00,672.99,672.0,667.12,669.18,891.87,596820.82
2025-05-27 02:00:00,669.18,673.86,668.34,673.11,353.7,238077.42
2025-05-27 03:00:00,673.11,677.14,672.35,674.2,584.04,393759.55
2025-05-27 04:00:00,673.97,675.2,673.48,673.84,224.49,151421.89
2025-05-27 05:00:00,674.29,675.77,674.03,675.22,154.75,104490.94
2025-05-27 06:00:00,675.22,679.71,674.6,678.19,912.38,618766.17
2025-05-27 07:00:00,678.19,683.09,680.35,681.12,505.87,344557.4
2025-05-27 08:00:00,681.12,684.75,681.45,681.67,429.26,292615.06
2025-05-27 09:00:00,681.67,685.01,682.37,683.03,426.86,291557.89
2025-05-27 10:00:00,683.03,682.71,680.08,680.52,374.85,255092.53
2025-05-27 11:00:00,680.52,682.53,679.79,682.53,232.12,158428.76
2025-05-27 12:00:00,682.31,683.91,682.24,683.61,66.76,45612.96
2025-05-27 13:00:00,683.85,689.4,681.48,689.29,1382.86,953186.68
2025-05-27 14:00:00,689.29,694.55,685.8,689.19,2051.93,1414165.92
2025-05-27 15:00:00,689.19,697.14,691.3,691.41,1371.71,948417.09
2025-05-27 16:00:00,691.41,694.64,690.01,692.76,410.56,284421.22
2025-05-27 17:00:00,692.73,699.52,689.54,690.89,1162.02,802830.3
2025-05-27 18:00:00,691.04,689.84,687.42,689.4,204.97,141306.36
2025-05-27 19:00:00,689.11,690.92,688.63,689.73,197.76,136533.04
2025-05-27 20:00:00,689.98,688.59,687.38,688.37,120.82,83168.43
2025-05-27 21:00:00,688.37,688.66,684.3,688.44,564.88,388888.26
2025-05-27 22:00:00,688.44,689.89,687.27,687.92,586.95,403775.79
2025-05-27 23:00:00,687.92,688.51,685.89,687.09,230.99,158711.7
2025-05-28 00:00:00,687.09,689.15,685.99,686.1,225.79,154913.45
2025-05-28 01:00:00,686.1,684.07,682.55,683.96,385.31,263537.44
2025-05-28 02:00:00,683.96,685.07,682.02,683.87,614.76,420416.85
2025-05-28 03:00:00,683.83,686.7,683.79,684.32,940.11,643338.74
2025-05-28 04:00:00,684.64,686.95,683.03,684.34,5224.44,3575280.85
2025-05-28 05:00:00,684.34,685.01,682.72,684.03,236.42,161717.88
2025-05-28 06:00:00,684.03,682.4,680.55,681.09,1474.01,1003939.1
2025-05-28 07:00:00,681.09,682.57,680.61,682.14,189.37,129176.24
2025-05-28 08:00:00,682.14,684.29,682.54,683.74,134.97,92284.77
2025-05-28 09:00:00,683.74,684.05,681.98,683.83,327.2,223749.7
2025-05-28 10:00:00,683.83,687.23,683.85,686.57,660.6,453550.37
2025-05-28 11:00:00,686.57,687.79,685.72,687.79,123.31,84811.15
2025-05-28 12:00:00,687.79,689.57,687.06,689.03,279.26,192417.21
2025-05-28 13:00:00,689.03,684.57,682.08,683.81,486.79,332872.38
2025-05-28 14:00:00,683.81,683.31,679.54,681.7,1534.37,1045973.13
2025-05-28 15:00:00,681.7,682.25,679.04,681.93,526.81,359249.02
2025-05-28 16:00:00,681.93,685.56,682.56,684.38,357.92,244954.04
2025-05-28 17:00:00,684.38,687.2,684.72,686.23,365.98,251145.98
2025-05-28 18:00:00,686.23,686.83,684.89,686.18,324.83,222892.27
2025-05-28 19:00:00,686.18,683.88,681.52,683.13,546.68,373452.19
2025-05-28 20:00:00,683.13,688.3,685.62,687.66,837.94,576216.54
2025-05-28 21:00:00,687.66,688.94,686.68,688.19,1887.25,1298782.74
2025-05-28 22:00:00,688.19,688.02,686.83,687.26,670.78,461002.39
2025-05-28 23:00:00,687.26,689.73,686.07,687.14,1516.2,1041847.63
2025-05-29 00:00:00,686.89,699.87,691.16,691.16,1153.36,797158.03
2025-05-29 01:00:00,691.08,691.63,688.92,689.25,416.16,286837.37
2025-05-29 02:00:00,689.25,693.2,689.08,689.62,756.61,521772.59
2025-05-29 03:00:00,689.62,687.32,686.13,686.56,357.24,245268.05
2025-05-29 04:00:00,686.56,684.43,681.42,682.71,649.42,443365.45
2025-05-29 05:00:00,682.71,683.74,681.8,682.77,517.93,353626.4
2025-05-29 06:00:00,682.77,684.83,681.81,684.08,322.76,220792.57
2025-05-29 07:00:00,684.08,685.82,682.91,685.6,364.45,249868.33
2025-05-29 08:00:00,685.6,690.93,688.44,688.65,1118.76,770436.49
2025-05-29 09:00:00,688.65,691.15,687.78,688.54,299.19,206005.49
2025-05-29 10:00:00,688.54,690.21,685.2,685.31,446.52,306004.81
2025-05-29 11:00:00,685.31,686.29,684.33,686.18,212.23,145627.33
2025-05-29 12:00:00,686.18,684.45,683.04,684.01,196.25,134237.37
2025-05-29 13:00:00,684.01,684.58,678.76,684.25,655.36,448432.37
2025-05-29 14:00:00,684.25,687.93,682.65,683.94,884.12,604687.66
2025-05-29 15:00:00,683.94,681.14,679.0,681.14,1700.76,1158460.43
2025-05-29 16:00:00,681.14,680.07,678.15,678.9,332.93,226024.87
2025-05-29 17:00:00,678.9,679.32,675.7,678.68,387.5,262988.29
2025-05-29 18:00:00,678.68,676.71,673.85,676.6,302.0,204334.02
2025-05-29 19:00:00,676.6,676.16,673.2,675.21,404.28,272973.01
2025-05-29 20:00:00,675.21,682.28,676.12,677.4,737.32,499458.44
2025-05-29 21:00:00,677.4,682.88,676.49,678.94,630.48,428057.98
2025-05-29 22:00:00,678.94,679.17,675.46,676.73,352.04,238235.54
2025-05-29 23:00:00,676.73,675.44,673.64,674.91,437.75,295442.16
2025-05-30 00:00:00,674.91,671.51,666.26,667.42,613.76,409634.87
2025-05-30 01:00:00,667.42,673.32,670.47,670.78,478.6,321037.02
2025-05-30 02:00:00,670.78,673.99,672.5,672.93,197.96,133212.45
2025-05-30 03:00:00,672.93,674.26,672.67,673.2,133.4,89804.6
2025-05-30 04:00:00,673.2,673.97,671.42,672.27,390.89,262783.81
2025-05-30 05:00:00,672.27,674.38,671.94,674.28,117.23,79045.31
2025-05-30 06:00:00,674.28,671.87,668.7,670.29,793.28,531724.07
2025-05-30 07:00:00,670.29,670.71,665.67,667.77,443.59,296217.02
2025-05-30 08:00:00,667.77,669.86,667.97,669.02,693.95,464268.61
2025-05-30 09:00:00,669.02,672.85,669.47,669.57,1227.74,822063.88
2025-05-30 10:00:00,669.57,673.25,670.71,670.92,1181.52,792703.5
2025-05-30 11:00:00,670.92,671.97,670.6,671.34,152.03,102063.39
2025-05-30 12:00:00,671.34,672.45,669.7,671.6,406.71,273147.71
2025-05-30 13:00:00,671.6,671.17,668.11,668.11,249.08,166411.99
2025-05-30 14:00:00,668.4,670.04,667.04,668.75,196.28,131174.37
2025-05-30 15:00:00,669.23,671.26,668.31,668.62,193.31,129251.87
2025-05-30 16:00:00,668.47,664.26,653.08,661.47,1062.15,702576.7
2025-05-30 17:00:00,661.7,664.44,661.62,662.15,270.86,179348.77
2025-05-30 18:00:00,662.15,667.52,666.16,666.47,1619.01,1079023.1
2025-05-30 19:00:00,666.47,666.95,664.23,666.43,151.58,101017.67
2025-05-30 20:00:00,666.43,666.96,665.29,665.6,163.75,108992.81
2025-05-30 21:00:00,665.6,666.23,664.14,664.56,262.93,174731.7
2025-05-30 22:00:00,664.56,660.52,655.52,655.94,455.12,298531.28
2025-05-30 23:00:00,655.94,656.49,654.09,655.24,1883.03,1233835.3
2025-05-31 00:00:00,655.24,654.99,651.15,651.15,822.75,535731.1
2025-05-31 01:00:00,651.15,648.72,645.61,648.51,2914.16,1889856.73
2025-05-31 02:00:00,648.51,648.8,646.11,648.18,247.37,160339.21
2025-05-31 03:00:00,648.18,651.68,649.09,650.95,864.44,562710.57
2025-05-31 04:00:00,651.22,653.88,650.85,653.38,219.78,143599.45
2025-05-31 05:00:00,653.34,653.94,651.04,653.32,205.2,134060.81
2025-05-31 06:00:00,653.32,656.13,654.37,654.37,106.74,69847.19
2025-05-31 07:00:00,654.37,654.58,653.23,654.17,443.76,290294.13
2025-05-31 08:00:00,654.17,654.39,652.84,654.39,188.26,123195.82
2025-05-31 09:00:00,654.39,655.3,653.43,654.78,160.99,105412.86
2025-05-31 10:00:00,654.45,656.16,652.39,654.13,129.85,84778.63
2025-05-31 11:00:00,654.47,655.58,653.62,654.44,85.24,55784.79
2025-05-31 12:00:00,654.44,657.93,656.89,657.41,1826.86,1201003.1
2025-05-31 13:00:00,657.41,659.42,657.03,657.03,882.8,580024.49
2025-05-31 14:00:00,657.03,660.72,658.73,658.73,300.15,197718.34
2025-05-31 15:00:00,658.73,659.48,656.55,656.86,627.45,412146.77
2025-05-31 16:00:00,656.86,657.34,656.39,657.34,107.19,70459.74
2025-05-31 17:00:00,657.34,657.14,656.09,656.09,155.68,102140.61
2025-05-31 18:00:00,656.09,657.98,657.04,657.77,48.51,31908.6
2025-05-31 19:00:00,657.77,660.64,658.97,658.97,64.38,42424.34
2025-05-31 20:00:00,658.97,661.35,659.46,660.61,57.57,38031.5
2025-05-31 21:00:00,660.61,662.08,660.4,660.51,99.39,65647.96
2025-05-31 22:00:00,660.51,659.99,658.84,658.95,78.31,51602.14
2025-05-31 23:00:00,658.95,659.32,657.96,658.38,66.83,43999.7
2025-06-01 00:00:00,658.38,657.77,656.62,657.14,225.25,148020.97
2025-06-01 01:00:00,657.14,656.11,653.93,655.28,322.51,211334.62
2025-06-01 02:00:00,655.35,656.98,654.72,655.98,140.59,92223.58
2025-06-01 03:00:00,656.05,657.22,655.65,655.97,140.13,91920.78
2025-06-01 04:00:00,655.97,657.59,655.81,657.17,123.17,80943.18
2025-06-01 05:00:00,656.94,656.94,655.57,656.41,23.1,15159.7
2025-06-01 06:00:00,656.83,655.24,653.16,654.62,111.68,73107.82
2025-06-01 07:00:00,654.62,654.84,652.75,654.21,102.76,67226.59
2025-06-01 08:00:00,654.21,654.86,652.77,652.77,169.71,110781.72
2025-06-01 09:00:00,652.77,651.48,649.51,650.24,1630.2,1060016.5
2025-06-01 10:00:00,650.24,650.73,649.06,649.37,212.96,138290.8
2025-06-01 11:00:00,649.37,651.0,649.86,650.8,107.22,69778.28
2025-06-01 12:00:00,650.8,650.19,648.74,649.36,284.58,184795.13
2025-06-01 13:00:00,649.36,651.54,650.08,650.5,1720.73,1119329.47
2025-06-01 14:00:00,650.5,653.8,651.61,652.97,656.72,428816.24
2025-06-01 15:00:00,652.97,654.84,653.27,654.84,106.49,69733.81
2025-06-01 16:00:00,654.84,657.73,655.31,657.52,153.23,100751.42
2025-06-01 17:00:00,657.52,657.86,655.87,656.18,506.27,332204.73
2025-06-01 18:00:00,655.98,657.57,651.02,653.54,192.69,125929.95
2025-06-01 19:00:00,653.64,655.68,654.84,655.26,50.45,33057.74
2025-06-01 20:00:00,655.26,656.34,654.24,656.24,72.52,47590.27
2025-06-01 21:00:00,656.04,661.46,658.41,658.92,280.38,184748.04
2025-06-01 22:00:00,658.62,659.84,658.26,659.42,96.31,63508.89
2025-06-01 23:00:00,659.13,662.34,659.13,660.79,37.02,24481.97
2025-06-02 00:00:00,661.38,662.12,659.48,661.06,115.3,76220.61
2025-06-02 01:00:00,661.06,663.12,660.8,660.9,191.23,126384.64
2025-06-02 02:00:00,660.9,660.86,658.44,658.86,682.17,449456.92
2025-06-02 03:00:00,658.86,658.34,656.77,656.98,697.12,457993.31
2025-06-02 04:00:00,656.98,658.01,655.8,658.01,158.2,104096.53
2025-06-02 05:00:00,658.24,658.66,657.41,657.66,447.19,294100.11
2025-06-02 06:00:00,657.49,659.82,658.35,658.46,589.32,388041.55
2025-06-02 07:00:00,658.46,660.8,658.59,658.59,1727.87,1137951.94
2025-06-02 08:00:00,658.59,658.36,655.09,656.15,819.15,537481.49
2025-06-02 09:00:00,656.29,654.97,651.99,653.48,576.2,376537.19
2025-06-02 10:00:00,653.51,652.96,651.08,652.65,257.27,167906.73
2025-06-02 11:00:00,652.65,651.66,649.17,651.46,214.35,139639.41
2025-06-02 12:00:00,651.46,653.09,651.84,653.09,159.45,104134.59
2025-06-02 13:00:00,653.09,653.95,650.62,653.63,414.48,270918.39
2025-06-02 14:00:00,653.56,661.95,654.61,655.62,491.99,322558.6
2025-06-02 15:00:00,655.62,661.85,656.0,658.04,490.84,322989.91
2025-06-02 16:00:00,657.66,659.08,656.68,658.77,140.7,92689.12
2025-06-02 17:00:00,658.77,661.6,659.3,661.08,557.94,368842.02
2025-06-02 18:00:00,661.08,661.38,660.02,660.44,136.6,90216.13
2025-06-02 19:00:00,660.44,661.67,660.52,661.35,360.15,238186.24
2025-06-02 20:00:00,661.35,664.85,661.6,661.6,868.84,574820.94
2025-06-02 21:00:00,661.09,663.38,661.08,662.86,76.41,50609.47
2025-06-02 22:00:00,663.35,668.77,664.65,665.28,920.29,612253.57
2025-06-02 23:00:00,665.28,668.07,664.9,666.38,593.03,395182.21
2025-06-03 00:00:00,666.38,671.08,668.85,668.85,595.74,398459.87
2025-06-03 01:00:00,668.85,673.92,670.08,671.68,341.96,229687.3
2025-06-03 02:00:00,671.72,670.32,664.04,670.32,975.91,654175.11
2025-06-03 03:00:00,670.32,670.56,666.91,668.47,136.04,90939.17
2025-06-03 04:00:00,668.16,667.5,666.14,667.19,781.38,521327.26
2025-06-03 05:00:00,667.3,673.2,667.18,667.71,957.23,639147.53
2025-06-03 06:00:00,667.7,667.87,667.13,667.34,250.95,167469.72
2025-06-03 07:00:00,667.34,666.15,665.2,665.52,236.55,157428.68
2025-06-03 08:00:00,665.52,666.39,664.81,665.86,653.14,434901.28
2025-06-03 09:00:00,665.86,668.03,666.03,667.61,163.86,109395.06
2025-06-03 10:00:00,667.61,668.18,666.39,666.81,196.65,131128.07
2025-06-03 11:00:00,666.81,666.88,665.51,665.62,157.93,105121.0
2025-06-03 12:00:00,665.23,667.87,663.69,664.74,992.66,659857.02
2025-06-03 13:00:00,664.74,669.06,661.7,664.85,544.0,361679.13
2025-06-03 14:00:00,664.93,672.48,667.36,668.0,1921.07,1283266.08
2025-06-03 15:00:00,668.0,669.14,667.64,667.75,390.15,260521.91
2025-06-03 16:00:00,667.75,665.61,662.64,665.5,1174.11,781371.88
2025-06-03 17:00:00,665.34,669.19,665.52,666.04,603.81,402162.72
2025-06-03 18:00:00,666.48,667.68,664.18,664.81,162.04,107726.27
2025-06-03 19:00:00,664.81,666.23,664.96,665.59,705.81,469782.29
2025-06-03 20:00:00,665.59,662.82,660.5,661.87,237.74,157353.57
2025-06-03 21:00:00,661.87,659.86,657.96,658.8,361.35,238057.72
2025-06-03 22:00:00,658.8,661.7,660.75,661.7,61.68,40813.73
2025-06-03 23:00:00,661.7,662.32,659.36,661.79,82.58,54650.58
2025-06-04 00:00:00,661.79,663.96,661.64,663.64,229.72,152452.37
2025-06-04 01:00:00,663.64,667.82,664.12,667.29,271.62,181248.75
2025-06-04 02:00:00,667.29,667.81,665.8,666.75,1146.13,764185.73
2025-06-04 03:00:00,666.75,670.22,667.05,668.95,1105.91,739797.54
2025-06-04 04:00:00,668.95,669.66,668.29,668.61,384.24,256905.98
2025-06-04 05:00:00,668.61,670.02,668.12,669.28,1132.49,757953.4
2025-06-04 06:00:00,669.28,669.62,668.46,669.41,104.91,70228.08
2025-06-04 07:00:00,669.41,671.17,669.28,671.17,1117.21,749840.96
2025-06-04 08:00:00,670.98,671.9,670.07,670.07,50.37,33813.94
2025-06-04 09:00:00,670.47,673.43,670.57,670.78,651.91,437288.41
2025-06-04 10:00:00,670.78,670.41,669.04,669.99,98.5,65993.71
2025-06-04 11:00:00,669.99,668.43,665.8,668.32,264.37,176683.87
2025-06-04 12:00:00,668.32,669.21,667.84,668.05,178.22,119060.36
2025-06-04 13:00:00,668.05,667.93,665.31,667.93,545.55,364387.12
2025-06-04 14:00:00,667.93,670.8,668.7,668.91,372.24,248994.56
2025-06-04 15:00:00,668.91,670.73,668.52,669.78,344.75,230906.9
2025-06-04 16:00:00,669.78,671.62,669.09,670.35,169.86,113866.05
2025-06-04 17:00:00,670.35,667.89,665.57,667.68,127.4,85061.82
2025-06-04 18:00:00,667.68,668.56,665.2,668.24,328.07,219230.68
2025-06-04 19:00:00,668.0,668.27,666.17,667.48,85.51,57076.35
2025-06-04 20:00:00,667.72,665.83,663.84,665.0,240.94,160223.97
2025-06-04 21:00:00,665.0,666.99,664.47,666.04,146.41,97515.4
2025-06-04 22:00:00,666.04,665.12,662.81,663.13,611.65,405602.82
2025-06-04 23:00:00,662.77,664.11,662.16,663.18,28.51,18908.28
2025-06-05 00:00:00,663.18,665.04,663.04,664.42,353.9,234564.56
2025-06-05 01:00:00,665.25,666.78,663.74,666.57,86.8,57858.37
2025-06-05 02:00:00,666.57,668.06,665.01,665.33,184.08,122473.66
2025-06-05 03:00:00,665.33,666.45,665.29,666.03,42.77,28485.99
2025-06-05 04:00:00,666.03,668.11,666.95,668.01,377.35,252072.04
2025-06-05 05:00:00,668.01,667.1,664.48,666.89,215.98,144035.22
2025-06-05 06:00:00,666.89,667.35,665.68,666.93,613.36,409070.79
2025-06-05 07:00:00,666.93,668.67,667.21,668.57,374.66,250485.79
2025-06-05 08:00:00,668.57,670.94,669.05,669.26,663.79,444250.53
2025-06-05 09:00:00,670.01,671.4,669.05,669.05,1000.12,669130.93
2025-06-05 10:00:00,669.04,668.19,663.79,663.79,542.41,360045.63
2025-06-05 11:00:00,663.79,665.15,662.32,662.32,155.76,103162.3
2025-06-05 12:00:00,662.32,668.68,662.45,662.97,2584.3,1713324.96
2025-06-05 13:00:00,662.97,662.67,654.82,661.41,490.67,324534.94
2025-06-05 14:00:00,661.41,662.73,658.76,660.33,498.36,329080.13
2025-06-05 15:00:00,660.33,660.43,657.71,659.49,375.52,247649.95
2025-06-05 16:00:00,659.49,654.45,649.91,654.45,356.39,233239.48
2025-06-05 17:00:00,654.45,654.86,652.59,654.35,397.7,260233.26
2025-06-05 18:00:00,654.35,654.28,650.46,650.77,476.62,310171.54
2025-06-05 19:00:00,650.77,644.67,641.51,644.46,1175.49,757558.73
2025-06-05 20:00:00,644.26,627.43,608.96,625.99,3472.79,2173942.31
2025-06-05 21:00:00,626.02,636.94,632.57,634.71,1813.31,1150921.13
2025-06-05 22:00:00,634.71,635.04,632.19,634.73,507.27,321981.04
2025-06-05 23:00:00,634.6,633.92,630.54,633.92,600.22,380490.89
2025-06-06 00:00:00,633.92,640.62,633.58,634.07,1866.41,1183431.27
2025-06-06 01:00:00,633.96,634.67,632.74,633.76,301.93,191350.31
2025-06-06 02:00:00,633.84,641.75,636.87,637.12,150.04,95593.27
2025-06-06 03:00:00,637.12,644.26,641.31,641.55,208.07,133488.15
2025-06-06 04:00:00,641.86,643.82,639.6,639.6,163.37,104491.53
2025-06-06 05:00:00,639.6,640.76,636.74,638.8,739.17,472179.93
2025-06-06 06:00:00,638.8,641.33,639.68,640.61,196.37,125796.59
2025-06-06 07:00:00,640.61,642.56,640.39,641.94,143.8,92311.13
2025-06-06 08:00:00,641.86,643.51,641.04,642.27,205.42,131936.08
2025-06-06 09:00:00,641.96,644.45,642.38,642.38,203.21,130537.95
2025-06-06 10:00:00,642.38,644.32,642.45,644.22,98.33,63345.94
2025-06-06 11:00:00,644.22,647.5,645.53,646.88,157.84,102103.48
2025-06-06 12:00:00,646.88,648.68,645.46,647.95,218.89,141830.85
2025-06-06 13:00:00,647.95,651.42,647.99,649.76,518.44,336859.79
2025-06-06 14:00:00,649.76,654.38,649.98,650.5,477.58,310666.82
2025-06-06 15:00:00,650.5,652.55,648.13,648.23,469.12,304099.25
2025-06-06 16:00:00,648.23,647.41,645.74,646.99,128.81,83339.37
2025-06-06 17:00:00,646.99,649.33,647.23,647.44,219.05,141820.81
2025-06-06 18:00:00,647.43,646.86,644.87,645.12,170.94,110276.18
2025-06-06 19:00:00,644.78,646.9,643.04,645.65,290.97,187864.56
2025-06-06 20:00:00,645.38,649.39,645.14,645.64,72.21,46621.83
2025-06-06 21:00:00,645.86,646.85,645.07,646.43,60.63,39192.91
2025-06-06 22:00:00,646.43,647.18,644.26,645.2,69.59,44899.23
2025-06-06 23:00:00,645.2,644.1,642.01,643.48,129.08,83059.83
2025-06-07 00:00:00,643.48,645.3,643.42,644.88,107.0,69002.19
2025-06-07 01:00:00,644.88,645.02,643.24,643.76,109.24,70324.55
2025-06-07 02:00:00,643.76,646.18,644.29,645.97,44.14,28513.06
2025-06-07 03:00:00,645.97,648.23,647.08,647.5,73.64,47681.77
2025-06-07 04:00:00,647.5,647.58,646.32,647.16,92.05,59570.98
2025-06-07 05:00:00,646.89,649.69,647.95,648.2,41.32,26783.44
2025-06-07 06:00:00,648.34,651.4,649.29,650.24,117.86,76637.08
2025-06-07 07:00:00,650.24,649.55,647.35,649.13,118.58,76974.31
2025-06-07 08:00:00,648.84,649.08,647.11,647.36,22.59,14636.68
2025-06-07 09:00:00,647.74,648.24,646.74,646.74,150.3,97205.74
2025-06-07 10:00:00,647.04,649.18,648.13,648.66,242.12,157053.06
2025-06-07 11:00:00,648.66,649.16,648.11,648.84,336.97,218641.3
2025-06-07 12:00:00,648.84,650.76,649.07,649.81,166.87,108433.46
2025-06-07 13:00:00,649.81,651.53,650.05,651.01,248.05,161481.99
2025-06-07 14:00:00,650.59,651.26,650.23,650.57,74.74,48610.28
2025-06-07 15:00:00,650.78,651.9,650.0,651.06,96.31,62703.37
2025-06-07 16:00:00,650.96,651.77,648.5,650.26,1033.21,671856.18
2025-06-07 17:00:00,650.26,651.19,649.18,649.94,91.14,59235.28
2025-06-07 18:00:00,649.94,651.84,650.15,651.52,108.45,70657.51
2025-06-07 19:00:00,651.52,652.6,651.65,652.39,29.45,19212.77
2025-06-07 20:00:00,652.39,653.57,652.08,652.51,52.6,34321.82
2025-06-07 21:00:00,652.51,653.95,651.94,653.63,51.66,33766.72
2025-06-07 22:00:00,653.4,657.06,651.73,652.75,205.88,134387.54
2025-06-07 23:00:00,652.78,651.71,649.81,651.29,246.5,160541.79
2025-06-08 00:00:00,651.29,651.07,649.49,650.65,103.0,67017.02
2025-06-08 01:00:00,650.65,651.98,649.76,650.72,179.97,117109.21
2025-06-08 02:00:00,650.72,650.04,648.88,650.04,39.87,25917.09
2025-06-08 03:00:00,650.25,650.42,648.91,649.92,117.9,76625.11
2025-06-08 04:00:00,649.73,651.05,650.42,650.42,48.22,31363.19
2025-06-08 05:00:00,650.22,650.24,649.1,649.32,22.4,14548.6
2025-06-08 06:00:00,649.66,650.22,649.48,650.22,35.6,23147.77
2025-06-08 07:00:00,650.22,650.22,649.58,649.58,34.47,22391.13
2025-06-08 08:00:00,649.58,650.39,649.23,650.39,51.02,33183.11
2025-06-08 09:00:00,650.39,648.97,647.29,647.39,122.11,79053.09
2025-06-08 10:00:00,647.39,649.31,648.15,649.21,123.12,79930.25
2025-06-08 11:00:00,649.21,651.27,650.11,650.64,374.88,243910.98
2025-06-08 12:00:00,650.64,651.52,650.35,650.88,80.47,52376.54
2025-06-08 13:00:00,650.88,650.61,648.92,650.08,105.6,68648.17
2025-06-08 14:00:00,650.08,652.34,651.17,651.17,59.01,38425.78
2025-06-08 15:00:00,651.17,652.47,651.73,652.15,91.74,59828.17
2025-06-08 16:00:00,652.15,654.09,653.03,653.34,336.49,219844.03
2025-06-08 17:00:00,653.34,652.84,651.78,652.31,1180.32,769934.1
2025-06-08 18:00:00,652.08,653.34,651.98,652.95,52.35,34196.64
2025-06-08 19:00:00,653.31,655.44,653.21,655.01,109.36,71632.43
2025-06-08 20:00:00,655.01,655.76,654.16,654.69,90.48,59236.77
2025-06-08 21:00:00,654.69,657.01,655.41,655.62,126.49,82929.8
2025-06-08 22:00:00,655.27,654.05,647.28,653.05,136.44,89102.29
2025-06-08 23:00:00,652.92,653.29,652.13,652.24,109.2,71224.07
2025-06-09 00:00:00,652.3,654.63,651.12,653.12,555.02,362496.63
2025-06-09 01:00:00,652.95,652.14,650.66,650.97,56.46,36754.03
2025-06-09 02:00:00,650.97,651.38,650.01,650.43,91.29,59377.7
2025-06-09 03:00:00,650.44,651.57,648.52,651.57,119.54,77577.2
2025-06-09 04:00:00,652.31,650.35,648.11,649.85,343.07,222943.31
2025-06-09 05:00:00,649.85,649.57,647.58,649.07,212.96,138225.77
2025-06-09 06:00:00,648.98,650.93,650.3,650.4,45.64,29684.31
2025-06-09 07:00:00,650.4,649.85,649.11,649.75,581.33,377718.31
2025-06-09 08:00:00,649.75,652.02,650.54,650.64,150.9,98182.05
2025-06-09 09:00:00,650.64,656.05,651.47,652.85,1224.34,799313.47
2025-06-09 10:00:00,652.85,656.88,652.59,654.52,517.82,338922.96
2025-06-09 11:00:00,654.52,658.49,655.58,655.79,793.22,520187.51
2025-06-09 12:00:00,655.79,656.66,655.37,656.45,866.06,568522.27
2025-06-09 13:00:00,656.45,654.66,651.66,653.8,589.78,385597.17
2025-06-09 14:00:00,653.8,657.33,654.0,655.72,540.65,354514.65
2025-06-09 15:00:00,655.72,656.93,654.77,656.93,326.69,214611.72
2025-06-09 16:00:00,656.93,658.36,656.42,658.36,673.22,443220.96
2025-06-09 17:00:00,658.36,662.57,659.32,659.43,263.48,173746.67
2025-06-09 18:00:00,659.04,663.72,659.59,660.36,992.01,655085.95
2025-06-09 19:00:00,660.18,661.77,660.14,660.25,241.04,159147.44
2025-06-09 20:00:00,660.25,663.44,660.94,662.25,203.53,134787.16
2025-06-09 21:00:00,662.25,670.43,662.84,665.92,1547.77,1030691.95
2025-06-09 22:00:00,665.7,672.68,666.01,666.01,8084.97,5384649.29
2025-06-09 23:00:00,666.33,667.44,665.56,665.89,303.23,201919.01
2025-06-10 00:00:00,665.89,667.25,663.84,667.25,401.83,268120.0
2025-06-10 01:00:00,667.25,667.29,665.98,666.53,328.11,218693.92
2025-06-10 02:00:00,666.77,668.45,662.53,665.76,319.7,212843.96
2025-06-10 03:00:00,665.86,665.87,664.22,664.22,135.81,90208.14
2025-06-10 04:00:00,664.36,664.82,663.75,664.02,80.94,53745.41
2025-06-10 05:00:00,664.12,662.94,661.85,662.39,227.47,150674.87
2025-06-10 06:00:00,662.39,663.55,662.01,662.45,201.33,133371.12
2025-06-10 07:00:00,662.45,662.1,660.25,661.12,165.37,109329.44
2025-06-10 08:00:00,661.01,661.14,657.39,658.46,534.08,351671.33
2025-06-10 09:00:00,658.46,663.12,660.42,661.77,3689.86,2441841.74
2025-06-10 10:00:00,661.77,662.94,660.52,661.33,145.22,96037.81
2025-06-10 11:00:00,661.33,680.6,659.52,665.34,1603.03,1066566.85
2025-06-10 12:00:00,665.34,668.49,662.68,667.38,607.37,405346.77
2025-06-10 13:00:00,667.38,668.24,659.19,663.3,555.28,368319.76
2025-06-10 14:00:00,663.64,660.8,658.73,659.82,199.26,131475.79
2025-06-10 15:00:00,659.82,662.77,661.14,661.14,348.91,230676.99
2025-06-10 16:00:00,661.23,664.94,659.2,664.12,4437.24,2946859.95
2025-06-10 17:00:00,664.13,664.77,663.47,664.66,102.39,68054.7
2025-06-10 18:00:00,664.66,668.43,666.13,666.79,101.1,67412.46
2025-06-10 19:00:00,666.79,668.44,663.84,667.67,417.3,278618.82
2025-06-10 20:00:00,667.67,673.0,669.92,670.14,156.18,104662.04
2025-06-10 21:00:00,670.14,672.7,669.07,669.07,217.26,145363.02
2025-06-10 22:00:00,670.05,677.27,667.18,669.98,446.05,298845.26
2025-06-10 23:00:00,670.14,677.66,673.47,673.91,296.77,199996.21
2025-06-11 00:00:00,673.91,672.64,668.58,670.99,368.66,247367.7
2025-06-11 01:00:00,670.87,669.99,667.77,668.88,134.39,89890.8
2025-06-11 02:00:00,668.88,670.35,665.35,668.96,79.9,53450.13
2025-06-11 03:00:00,669.0,670.66,669.0,670.45,23.26,15582.61
2025-06-11 04:00:00,670.78,669.85,668.65,669.42,156.92,105044.79
2025-06-11 05:00:00,669.42,669.39,668.62,669.39,453.34,303461.51
2025-06-11 06:00:00,669.39,673.12,669.83,672.02,223.17,149975.45
2025-06-11 07:00:00,672.02,671.34,668.28,670.36,118.17,79216.26
2025-06-11 08:00:00,670.36,672.62,670.75,671.63,448.9,301495.0
2025-06-11 09:00:00,671.63,671.82,669.75,670.73,177.57,119101.68
2025-06-11 10:00:00,670.7,670.86,667.87,668.08,123.78,82891.04
2025-06-11 11:00:00,667.99,669.3,666.81,667.08,120.91,80656.98
2025-06-11 12:00:00,667.33,670.16,667.75,668.96,546.41,365524.05
2025-06-11 13:00:00,668.96,670.04,668.28,669.05,276.83,185213.65
2025-06-11 14:00:00,669.05,671.4,667.66,670.96,291.23,195404.29
2025-06-11 15:00:00,671.01,678.92,667.17,670.33,8254.54,5533240.98
2025-06-11 16:00:00,669.63,669.42,666.9,668.77,173.28,115883.72
2025-06-11 17:00:00,668.77,667.01,664.5,666.9,501.54,334478.16
2025-06-11 18:00:00,666.9,669.7,665.68,667.85,302.1,201758.07
2025-06-11 19:00:00,667.62,669.52,664.73,667.55,123.94,82735.8
2025-06-11 20:00:00,667.55,671.7,665.5,667.19,92.24,61541.69
2025-06-11 21:00:00,667.19,665.13,657.05,663.73,130.1,86351.74
2025-06-11 22:00:00,663.73,666.12,658.12,664.74,419.82,279072.94
2025-06-11 23:00:00,664.81,668.14,666.08,667.71,91.78,61282.44
2025-06-12 00:00:00,667.49,668.21,665.49,667.87,53.53,35700.14
2025-06-12 01:00:00,668.28,669.39,667.12,669.07,214.64,143608.98
2025-06-12 02:00:00,669.07,668.38,666.54,667.3,66.41,44315.23
2025-06-12 03:00:00,667.3,666.51,663.92,665.97,1315.81,876290.92
2025-06-12 04:00:00,665.97,667.6,664.8,665.23,235.82,156875.31
2025-06-12 05:00:00,665.23,667.27,664.9,667.27,761.94,508420.87
2025-06-12 06:00:00,667.27,669.38,667.76,667.97,217.05,144983.45
2025-06-12 07:00:00,667.97,668.07,666.13,667.2,822.58,548828.9
2025-06-12 08:00:00,667.09,667.82,666.04,667.79,52.52,35025.0
2025-06-12 09:00:00,668.19,668.88,666.73,668.77,697.68,466590.35
2025-06-12 10:00:00,668.77,667.82,665.67,665.99,242.42,161450.09
2025-06-12 11:00:00,665.99,663.82,662.86,663.61,466.76,309745.5
2025-06-12 12:00:00,663.61,664.19,660.66,662.37,364.47,241414.85
2025-06-12 13:00:00,662.37,664.4,662.36,663.86,755.2,501349.58
2025-06-12 14:00:00,663.86,667.34,664.11,664.87,300.59,199852.25
2025-06-12 15:00:00,664.87,661.5,659.78,660.0,396.39,261616.23
2025-06-12 16:00:00,660.0,666.05,663.57,665.18,406.39,270324.31
2025-06-12 17:00:00,665.18,668.82,666.22,666.87,130.7,87160.49
2025-06-12 18:00:00,666.87,663.66,660.86,662.91,761.17,504585.69
2025-06-12 19:00:00,662.91,659.14,656.36,658.82,145.97,96167.79
2025-06-12 20:00:00,657.87,657.72,643.98,654.02,3043.24,1990341.48
2025-06-12 21:00:00,654.34,655.29,652.32,654.12,226.91,148426.73
2025-06-12 22:00:00,654.12,656.11,653.57,654.63,338.68,221708.71
2025-06-12 23:00:00,654.43,656.77,654.12,655.18,178.65,117195.16
2025-06-13 00:00:00,655.18,648.17,642.35,648.07,1885.57,1221972.55
2025-06-13 01:00:00,647.97,650.65,639.9,645.9,4064.54,2625275.13
2025-06-13 02:00:00,645.9,650.19,638.79,642.76,2180.29,1401402.06
2025-06-13 03:00:00,642.76,653.09,645.79,649.56,725.44,471218.87
2025-06-13 04:00:00,649.49,651.14,649.05,649.26,720.34,467690.3
2025-06-13 05:00:00,649.26,648.15,646.28,648.04,152.18,98619.47
2025-06-13 06:00:00,648.04,654.06,651.44,652.18,371.62,242361.65
2025-06-13 07:00:00,652.18,655.89,653.26,655.26,111.67,73172.64
2025-06-13 08:00:00,655.28,657.86,652.82,657.36,1372.61,902296.74
2025-06-13 09:00:00,657.51,659.16,655.18,655.28,651.47,426895.79
2025-06-13 10:00:00,655.28,655.81,653.5,655.39,359.03,235304.17
2025-06-13 11:00:00,655.27,659.55,654.96,654.96,1042.33,682686.93
2025-06-13 12:00:00,654.91,653.88,651.25,651.57,261.44,170346.03
2025-06-13 13:00:00,651.57,652.16,650.07,652.16,419.62,273661.39
2025-06-13 14:00:00,652.16,655.52,652.47,652.99,1129.8,737753.49
2025-06-13 15:00:00,652.99,656.21,652.73,653.99,605.96,396293.94
2025-06-13 16:00:00,653.99,656.27,653.73,654.79,345.13,225986.46
2025-06-13 17:00:00,654.79,654.97,652.33,652.86,697.91,455635.72
2025-06-13 18:00:00,652.86,653.21,651.32,651.42,142.64,92919.03
2025-06-13 19:00:00,651.42,651.93,650.03,651.61,626.77,408410.28
2025-06-13 20:00:00,651.61,653.68,652.63,653.26,219.78,143574.03
2025-06-13 21:00:00,653.26,654.72,652.93,653.67,182.5,119294.3
2025-06-13 22:00:00,653.67,655.12,653.95,654.59,67.74,44341.65
2025-06-13 23:00:00,654.59,656.57,654.66,655.62,665.61,436384.59
2025-06-14 00:00:00,655.62,654.55,653.07,654.55,99.38,65049.06
2025-06-14 01:00:00,654.55,653.7,650.75,651.27,507.56,330560.98
2025-06-14 02:00:00,651.4,652.48,649.67,652.22,39.63,25847.55
2025-06-14 03:00:00,652.26,652.07,650.91,651.75,572.31,373005.44
2025-06-14 04:00:00,651.35,652.31,650.73,651.63,19.91,12968.36
2025-06-14 05:00:00,651.92,652.93,651.45,652.82,32.18,21007.9
2025-06-14 06:00:00,652.82,652.33,651.39,652.23,65.94,43007.82
2025-06-14 07:00:00,652.23,652.7,651.75,652.28,340.87,222342.68
2025-06-14 08:00:00,652.28,652.54,650.75,650.86,66.98,43594.57
2025-06-14 09:00:00,650.86,649.97,649.24,649.66,38.61,25083.2
2025-06-14 10:00:00,649.66,650.99,650.05,650.78,196.24,127709.76
2025-06-14 11:00:00,650.78,651.67,650.93,651.14,42.85,27901.32
2025-06-14 12:00:00,651.14,651.1,650.26,650.26,207.17,134713.55
2025-06-14 13:00:00,650.26,650.69,648.69,648.69,141.94,92075.66
2025-06-14 14:00:00,648.69,648.29,646.92,647.03,1207.81,781487.31
2025-06-14 15:00:00,647.03,647.01,645.34,645.86,168.51,108834.06
2025-06-14 16:00:00,645.86,643.92,640.99,642.14,1250.14,802765.56
2025-06-14 17:00:00,642.29,646.86,642.84,643.85,85.73,55196.92
2025-06-14 18:00:00,643.96,645.67,642.1,642.2,202.73,130193.98
2025-06-14 19:00:00,642.2,641.43,640.18,641.22,132.2,84769.7
2025-06-14 20:00:00,641.22,643.49,640.97,641.39,132.48,84971.97
2025-06-14 21:00:00,641.39,644.53,643.26,644.11,231.54,149136.11
2025-06-14 22:00:00,644.11,644.84,643.47,644.52,79.41,51181.66
2025-06-14 23:00:00,644.52,646.39,644.28,646.07,50.18,32419.89
2025-06-15 00:00:00,646.07,648.38,646.69,646.79,52.77,34131.37
2025-06-15 01:00:00,646.79,646.7,645.44,646.7,78.75,50927.85
2025-06-15 02:00:00,646.7,647.69,647.06,647.69,54.13,35059.49
2025-06-15 03:00:00,647.75,648.27,647.26,648.02,55.24,35796.38
2025-06-15 04:00:00,647.92,649.85,648.37,649.64,67.22,43668.85
2025-06-15 05:00:00,649.64,652.96,650.31,650.31,65.12,42348.23
2025-06-15 06:00:00,650.31,651.84,646.35,651.31,372.53,242633.32
2025-06-15 07:00:00,651.31,651.27,649.37,649.37,112.66,73158.5
2025-06-15 08:00:00,649.37,648.58,646.47,648.16,104.87,67972.4
2025-06-15 09:00:00,648.16,647.47,646.31,646.63,60.37,39037.03
2025-06-15 10:00:00,646.63,649.26,647.68,648.95,96.44,62584.46
2025-06-15 11:00:00,649.15,649.57,648.06,648.56,111.27,72165.22
2025-06-15 12:00:00,648.63,651.13,650.39,650.6,88.82,57786.3
2025-06-15 13:00:00,650.6,652.42,648.83,649.05,211.98,137584.6
2025-06-15 14:00:00,649.1,651.61,647.79,648.55,190.0,123225.26
2025-06-15 15:00:00,648.55,648.17,645.63,647.92,72.68,47090.51
2025-06-15 16:00:00,647.92,649.12,647.01,648.06,261.34,169364.98
2025-06-15 17:00:00,647.81,650.11,648.32,649.09,93.94,60975.46
2025-06-15 18:00:00,648.82,648.19,647.35,647.98,55.33,35852.81
2025-06-15 19:00:00,648.0,648.03,643.97,647.52,159.81,103480.22
2025-06-15 20:00:00,647.29,644.26,642.27,643.84,789.6,508374.62
2025-06-15 21:00:00,643.84,645.66,644.19,645.66,146.54,94614.6
2025-06-15 22:00:00,645.66,648.59,647.33,647.54,132.03,85494.67
2025-06-15 23:00:00,647.54,649.91,648.43,648.43,68.4,44352.84
2025-06-16 00:00:00,648.43,648.27,646.69,648.27,69.69,45178.01
2025-06-16 01:00:00,648.27,651.93,649.6,650.34,197.85,128669.72
2025-06-16 02:00:00,650.34,652.22,650.1,651.79,163.68,106685.49
2025-06-16 03:00:00,651.79,652.87,651.39,651.92,47.64,31057.47
2025-06-16 04:00:00,651.92,655.03,652.47,652.47,143.27,93479.97
2025-06-16 05:00:00,652.48,661.74,651.82,654.95,346.35,226843.38
2025-06-16 06:00:00,654.84,655.1,653.29,653.93,236.67,154764.54
2025-06-16 07:00:00,653.93,657.65,654.76,656.05,341.47,224020.45
2025-06-16 08:00:00,656.05,657.22,656.15,656.26,135.93,89205.31
2025-06-16 09:00:00,656.26,656.16,654.45,656.06,127.68,83765.11
2025-06-16 10:00:00,656.06,655.3,653.17,654.23,166.4,108864.66
2025-06-16 11:00:00,654.23,655.5,654.22,654.75,142.34,93197.5
2025-06-16 12:00:00,654.75,655.25,653.12,655.15,99.64,65278.88
2025-06-16 13:00:00,655.15,659.2,656.62,656.62,303.15,199055.35
2025-06-16 14:00:00,656.62,661.24,656.83,657.69,495.7,326017.49
2025-06-16 15:00:00,657.69,658.14,656.63,657.71,230.27,151449.97
2025-06-16 16:00:00,657.71,660.67,657.87,658.19,337.9,222403.8
2025-06-16 17:00:00,658.19,658.28,655.47,656.12,324.31,212786.09
2025-06-16 18:00:00,655.8,657.28,655.8,657.23,172.28,113181.25
2025-06-16 19:00:00,657.52,660.51,657.68,659.42,448.32,295631.42
2025-06-16 20:00:00,659.42,660.4,658.87,659.42,169.78,111956.01
2025-06-16 21:00:00,659.42,658.29,657.1,658.29,1145.15,753841.81
2025-06-16 22:00:00,658.61,657.85,637.02,653.74,340.69,222722.29
2025-06-16 23:00:00,653.54,651.28,647.86,651.18,417.02,271553.73
2025-06-17 00:00:00,651.18,655.6,653.56,654.1,411.12,268911.79
2025-06-17 01:00:00,654.1,655.63,653.81,655.2,170.23,111535.54
2025-06-17 02:00:00,655.2,658.51,655.28,655.6,366.23,240101.77
2025-06-17 03:00:00,655.6,656.8,655.08,656.69,257.1,168836.2
2025-06-17 04:00:00,656.69,656.2,654.05,656.2,96.07,63040.98
2025-06-17 05:00:00,656.2,656.37,654.65,656.26,92.09,60434.95
2025-06-17 06:00:00,656.26,658.26,654.3,658.26,276.37,181922.35
2025-06-17 07:00:00,658.42,659.09,656.51,657.8,288.02,189459.51
2025-06-17 08:00:00,657.99,658.79,656.66,657.09,733.32,481854.33
2025-06-17 09:00:00,657.09,658.3,654.26,657.56,463.35,304678.5
2025-06-17 10:00:00,657.56,656.32,652.61,654.94,607.72,398022.1
2025-06-17 11:00:00,654.94,654.1,653.05,653.68,158.97,103915.48
2025-06-17 12:00:00,653.68,654.16,652.05,653.74,1182.72,773194.27
2025-06-17 13:00:00,653.74,654.17,652.28,652.38,308.51,201266.05
2025-06-17 14:00:00,652.38,651.56,648.63,651.04,1217.63,792725.12
2025-06-17 15:00:00,650.9,649.38,639.88,646.63,2255.25,1458302.89
2025-06-17 16:00:00,646.63,641.95,635.79,641.21,720.57,462035.94
2025-06-17 17:00:00,641.0,643.93,641.75,642.48,562.88,361637.84
2025-06-17 18:00:00,642.48,648.16,645.75,646.28,237.6,153555.23
2025-06-17 19:00:00,646.28,648.53,645.59,648.53,580.32,376353.15
2025-06-17 20:00:00,648.53,647.81,646.14,647.08,229.05,148214.27
2025-06-17 21:00:00,647.08,648.81,647.03,647.97,1076.03,697240.35
2025-06-17 22:00:00,647.97,646.21,644.75,646.0,188.5,121771.8
2025-06-17 23:00:00,646.0,648.93,647.68,648.3,542.66,351807.9
2025-06-18 00:00:00,648.3,651.19,649.94,650.78,201.46,131105.19
2025-06-18 01:00:00,650.78,652.48,650.49,651.01,722.99,470673.68
2025-06-18 02:00:00,651.01,652.77,651.3,652.35,148.82,97082.83
2025-06-18 03:00:00,652.35,655.09,651.94,652.15,587.02,382822.63
2025-06-18 04:00:00,652.16,654.73,651.18,652.96,269.43,175925.76
2025-06-18 05:00:00,652.8,653.04,652.19,652.93,199.97,130566.73
2025-06-18 06:00:00,652.93,651.99,650.1,651.26,220.73,143752.04
2025-06-18 07:00:00,651.26,652.37,651.11,651.63,225.58,146994.98
2025-06-18 08:00:00,651.8,651.77,648.99,650.25,95.25,61936.56
2025-06-18 09:00:00,650.17,649.8,648.13,648.34,251.88,163303.5
2025-06-18 10:00:00,648.34,645.78,642.34,642.75,284.21,182676.95
2025-06-18 11:00:00,642.75,647.13,645.14,645.14,842.49,543520.94
2025-06-18 12:00:00,645.14,643.54,642.29,642.6,89.61,57583.73
2025-06-18 13:00:00,642.6,643.34,640.41,640.83,1793.33,1149224.1
2025-06-18 14:00:00,640.83,643.01,640.18,642.9,540.55,347521.87
2025-06-18 15:00:00,642.9,644.81,640.93,642.5,297.62,191221.81
2025-06-18 16:00:00,642.5,641.75,638.19,641.22,2664.52,1708552.62
2025-06-18 17:00:00,641.22,643.2,640.59,641.94,221.84,142408.67
2025-06-18 18:00:00,641.94,639.04,636.35,638.84,366.54,234158.58
2025-06-18 19:00:00,638.84,640.25,637.44,639.73,313.34,200452.72
2025-06-18 20:00:00,639.73,646.42,643.69,644.64,355.18,228962.03
2025-06-18 21:00:00,644.64,647.48,645.07,645.17,238.04,153576.48
2025-06-18 22:00:00,645.17,645.25,643.16,645.25,316.41,204164.95
2025-06-18 23:00:00,645.25,645.94,644.89,645.1,139.9,90249.01
2025-06-19 00:00:00,645.1,645.78,644.41,645.15,225.56,145519.06
2025-06-19 01:00:00,645.15,643.74,641.85,642.38,137.03,88024.97
2025-06-19 02:00:00,642.38,643.36,642.21,643.15,59.07,37991.16
2025-06-19 03:00:00,643.15,646.31,645.16,645.37,95.52,61645.44
2025-06-19 04:00:00,645.37,647.02,645.23,645.97,80.99,52317.16
2025-06-19 05:00:00,645.97,646.1,644.53,645.79,114.0,73619.6
2025-06-19 06:00:00,645.79,645.49,643.92,645.07,217.03,139999.79
2025-06-19 07:00:00,645.07,644.93,644.3,644.83,72.39,46679.04
2025-06-19 08:00:00,644.83,645.56,643.99,644.52,97.74,62995.11
2025-06-19 09:00:00,644.52,646.04,644.78,644.89,129.81,83712.75
2025-06-19 10:00:00,644.89,644.86,644.23,644.55,98.39,63416.81
2025-06-19 11:00:00,644.55,643.67,642.52,642.73,39.74,25542.04
2025-06-19 12:00:00,642.73,642.57,641.31,642.36,118.33,76010.5
2025-06-19 13:00:00,642.39,641.69,638.43,641.19,1009.61,647351.19
2025-06-19 14:00:00,641.19,643.7,635.96,640.21,337.24,215903.29
2025-06-19 15:00:00,640.21,640.69,638.2,639.7,981.53,627880.43
2025-06-19 16:00:00,639.94,639.26,637.7,639.05,103.56,66180.5
2025-06-19 17:00:00,639.05,643.4,640.89,642.35,140.97,90552.15
2025-06-19 18:00:00,642.35,642.71,640.93,642.71,89.21,57335.87
2025-06-19 19:00:00,642.71,643.12,641.45,642.8,166.46,107001.16
2025-06-19 20:00:00,642.8,643.08,642.14,643.08,75.83,48764.9
2025-06-19 21:00:00,643.08,643.61,643.08,643.5,58.74,37799.31
2025-06-19 22:00:00,643.5,645.2,644.05,644.57,163.29,105251.92
2025-06-19 23:00:00,644.57,645.37,643.69,644.74,91.96,59290.37
2025-06-20 00:00:00,644.74,645.58,644.32,644.84,45.58,29391.93
2025-06-20 01:00:00,644.84,646.35,645.09,645.51,103.78,66990.72
2025-06-20 02:00:00,645.51,645.38,644.34,644.97,95.34,61491.05
2025-06-20 03:00:00,644.97,645.15,644.42,645.05,182.89,117972.74
2025-06-20 04:00:00,645.05,642.99,640.8,642.26,123.85,79544.15
2025-06-20 05:00:00,642.26,645.06,644.12,644.54,244.26,157435.24
2025-06-20 06:00:00,644.33,645.25,644.22,645.25,29.31,18897.33
2025-06-20 07:00:00,645.54,652.55,648.0,648.1,705.07,456958.04
2025-06-20 08:00:00,648.1,649.49,646.1,649.07,673.06,436862.41
2025-06-20 09:00:00,649.07,649.84,647.51,647.51,111.48,72184.32
2025-06-20 10:00:00,647.37,648.47,646.63,647.42,54.81,35483.56
2025-06-20 11:00:00,647.75,648.1,647.15,647.57,61.14,39592.42
2025-06-20 12:00:00,647.57,647.71,647.18,647.6,222.73,144239.89
2025-06-20 13:00:00,647.6,649.78,645.13,647.56,393.65,254912.74
2025-06-20 14:00:00,647.56,643.29,636.85,643.29,503.06,323614.28
2025-06-20 15:00:00,643.29,645.94,644.07,645.42,243.08,156889.32
2025-06-20 16:00:00,645.42,644.39,641.59,644.28,257.55,165934.83
2025-06-20 17:00:00,644.11,651.97,627.05,642.05,2112.49,1356329.55
2025-06-20 18:00:00,642.04,642.23,640.48,642.02,1299.21,834125.18
2025-06-20 19:00:00,642.13,644.64,640.05,642.7,796.13,511675.42
2025-06-20 20:00:00,642.69,646.84,644.04,644.76,2374.0,1530663.65
2025-06-20 21:00:00,644.76,644.45,642.8,643.11,145.73,93719.87
2025-06-20 22:00:00,642.99,642.59,635.66,641.63,1014.67,651046.86
2025-06-20 23:00:00,640.84,641.7,639.83,641.7,82.73,53038.25
2025-06-21 00:00:00,641.89,643.31,641.45,642.18,480.3,308438.06
2025-06-21 01:00:00,642.18,645.08,643.83,644.35,104.92,67605.24
2025-06-21 02:00:00,644.35,644.58,643.75,644.48,360.56,232371.93
2025-06-21 03:00:00,644.48,644.58,643.75,644.37,26.24,16908.3
2025-06-21 04:00:00,644.37,644.02,642.67,642.67,291.44,187300.93
2025-06-21 05:00:00,642.97,643.48,642.27,643.24,26.89,17296.75
2025-06-21 06:00:00,643.22,644.48,643.55,643.65,153.7,98928.98
2025-06-21 07:00:00,643.65,642.96,639.75,641.61,478.46,306985.39
2025-06-21 08:00:00,641.61,644.04,641.65,641.65,632.21,405659.05
2025-06-21 09:00:00,641.35,643.68,639.77,641.24,256.51,164483.53
2025-06-21 10:00:00,641.07,642.25,640.17,641.0,1157.62,742033.03
2025-06-21 11:00:00,641.0,642.79,641.23,642.69,169.4,108871.38
2025-06-21 12:00:00,642.69,642.24,639.96,640.16,135.91,87004.8
2025-06-21 13:00:00,640.16,638.76,636.48,636.89,197.45,125754.22
2025-06-21 14:00:00,636.89,638.29,635.7,636.01,2343.59,1490554.73
2025-06-21 15:00:00,636.01,637.16,635.3,637.06,436.74,278229.94
2025-06-21 16:00:00,637.1,635.79,633.37,634.1,109.73,69579.48
2025-06-21 17:00:00,634.74,633.92,632.06,632.78,1427.78,903474.18
2025-06-21 18:00:00,632.57,634.21,631.72,631.79,45.6,28842.01
2025-06-21 19:00:00,631.9,631.52,629.38,631.32,151.07,95373.32
2025-06-21 20:00:00,631.71,637.85,631.84,632.56,333.05,210674.38
2025-06-21 21:00:00,632.56,635.5,600.58,625.23,1623.52,1015071.45
2025-06-21 22:00:00,625.23,629.32,621.54,627.72,244.28,153338.82
2025-06-21 23:00:00,627.72,646.82,623.39,629.59,1145.59,721253.44
2025-06-22 00:00:00,629.59,636.36,625.11,632.0,657.52,415551.29
2025-06-22 01:00:00,632.16,630.64,629.0,629.51,723.11,455206.33
2025-06-22 02:00:00,629.51,631.21,628.34,630.39,440.65,277781.13
2025-06-22 03:00:00,629.93,631.89,628.26,629.62,623.58,392619.29
2025-06-22 04:00:00,629.43,631.9,630.57,631.6,132.58,83737.06
2025-06-22 05:00:00,631.6,633.97,632.32,633.55,105.27,66694.22
2025-06-22 06:00:00,633.55,635.43,632.86,634.51,222.06,140898.65
2025-06-22 07:00:00,634.91,633.51,629.42,632.83,574.06,363283.28
2025-06-22 08:00:00,632.83,634.84,631.89,632.34,291.74,184479.45
2025-06-22 09:00:00,632.34,628.69,622.63,628.02,1025.17,643824.8
2025-06-22 10:00:00,628.02,633.3,629.01,629.01,66.03,41533.4
2025-06-22 11:00:00,629.02,632.67,630.21,630.41,192.82,121556.12
2025-06-22 12:00:00,630.41,630.82,627.63,628.97,306.83,192986.52
2025-06-22 13:00:00,629.07,628.79,606.12,616.47,2274.49,1402146.86
2025-06-22 14:00:00,616.69,616.07,608.8,614.38,1262.44,775617.41
2025-06-22 15:00:00,614.38,610.05,605.3,607.77,1179.9,717110.84
2025-06-22 16:00:00,607.77,613.67,608.88,609.28,583.34,355416.84
2025-06-22 17:00:00,609.28,610.83,606.65,610.83,365.66,223356.65
2025-06-22 18:00:00,610.83,610.7,606.92,607.82,159.23,96783.1
2025-06-22 19:00:00,607.82,605.83,603.65,605.83,357.9,216825.08
2025-06-22 20:00:00,605.86,622.38,606.4,609.9,476.37,290538.78
2025-06-22 21:00:00,609.68,608.34,606.45,606.95,404.3,245389.38
2025-06-22 22:00:00,606.95,618.17,614.63,616.35,452.08,278639.28
2025-06-22 23:00:00,615.79,616.77,615.12,615.85,141.02,86768.04
2025-06-23 00:00:00,616.19,618.71,615.28,617.2,287.1,177196.79
2025-06-23 01:00:00,617.2,620.8,618.27,620.8,210.37,130596.72
2025-06-23 02:00:00,620.8,622.47,619.93,620.04,406.57,252087.83
2025-06-23 03:00:00,620.04,620.54,618.92,620.23,182.04,112907.43
2025-06-23 04:00:00,619.94,621.59,619.94,621.21,41.77,25934.1
2025-06-23 05:00:00,621.57,625.25,622.6,622.7,119.24,74251.32
2025-06-23 06:00:00,622.7,624.39,622.45,623.67,137.35,85661.29
2025-06-23 07:00:00,623.67,624.86,623.23,624.14,170.31,106297.8
2025-06-23 08:00:00,624.14,625.42,623.69,624.3,86.33,53895.78
2025-06-23 09:00:00,624.3,622.98,621.05,621.36,241.96,150343.2
2025-06-23 10:00:00,621.36,621.17,618.64,618.84,221.76,137233.57
2025-06-23 11:00:00,618.84,618.52,617.0,617.3,96.79,59748.53
2025-06-23 12:00:00,617.3,621.77,619.54,620.25,154.75,95983.24
2025-06-23 13:00:00,620.25,627.48,623.79,626.76,309.15,193763.62
2025-06-23 14:00:00,626.76,623.35,620.8,621.72,251.03,156070.37
2025-06-23 15:00:00,621.72,623.13,619.07,623.13,283.45,176627.28
2025-06-23 16:00:00,623.13,625.12,618.57,621.09,1195.87,742737.48
2025-06-23 17:00:00,621.09,632.81,627.17,627.58,450.5,282723.22
2025-06-23 18:00:00,627.58,631.15,628.36,630.01,327.81,206524.19
2025-06-23 19:00:00,630.01,632.66,630.08,630.29,149.45,94196.57
2025-06-23 20:00:00,630.29,634.98,632.7,633.01,235.13,148839.55
2025-06-23 21:00:00,633.01,633.45,630.96,633.24,157.82,99938.3
2025-06-23 22:00:00,633.24,645.45,639.33,641.97,676.28,434150.59
2025-06-23 23:00:00,642.19,643.11,636.35,641.18,243.37,156043.8
2025-06-24 00:00:00,640.98,641.04,639.26,639.26,245.97,157237.58
2025-06-24 01:00:00,639.26,642.16,639.84,640.16,90.7,58062.43
2025-06-24 02:00:00,640.16,638.96,635.81,638.75,238.18,152136.89
2025-06-24 03:00:00,638.37,640.09,638.2,639.67,94.25,60303.82
2025-06-24 04:00:00,639.88,640.85,638.96,640.74,97.77,62645.34
2025-06-24 05:00:00,640.74,644.24,642.55,642.66,329.09,211492.39
2025-06-24 06:00:00,642.66,644.95,641.46,641.46,406.79,260940.46
2025-06-24 07:00:00,641.46,639.58,636.43,639.37,194.94,124638.15
2025-06-24 08:00:00,639.37,640.59,638.7,639.43,171.32,109547.69
2025-06-24 09:00:00,640.01,644.04,634.37,639.45,169.09,108124.14
2025-06-24 10:00:00,639.26,639.96,637.22,637.54,189.05,120526.1
2025-06-24 11:00:00,637.54,638.99,636.36,638.99,687.92,439572.78
2025-06-24 12:00:00,638.42,639.79,637.95,639.72,127.18,81280.09
2025-06-24 13:00:00,640.22,640.88,638.67,640.67,196.82,126096.35
2025-06-24 14:00:00,640.67,643.93,640.66,640.66,174.52,111807.84
2025-06-24 15:00:00,641.21,643.28,636.69,640.11,192.65,123317.01
2025-06-24 16:00:00,640.02,646.86,644.1,644.1,358.88,231154.63
2025-06-24 17:00:00,643.73,643.88,641.41,643.09,108.32,69711.01
2025-06-24 18:00:00,643.63,642.87,640.33,642.87,68.73,44184.4
2025-06-24 19:00:00,642.87,644.11,642.63,642.63,89.79,57702.05
2025-06-24 20:00:00,642.63,646.76,644.32,644.42,102.55,66085.57
2025-06-24 21:00:00,644.42,645.03,643.22,643.54,120.78,77727.0
2025-06-24 22:00:00,643.54,644.37,643.09,643.62,30.19,19431.01
2025-06-24 23:00:00,643.13,643.55,642.31,643.55,51.18,32899.52
2025-06-25 00:00:00,643.91,646.56,644.22,644.97,76.53,49359.24
2025-06-25 01:00:00,644.97,646.1,643.54,645.46,342.89,221321.3
2025-06-25 02:00:00,645.46,646.14,644.01,645.39,170.78,110220.44
2025-06-25 03:00:00,645.39,650.14,641.96,648.44,1021.83,662599.31
2025-06-25 04:00:00,648.44,652.61,645.17,645.28,1862.14,1201599.09
2025-06-25 05:00:00,645.28,646.41,644.29,644.29,328.28,211506.2
2025-06-25 06:00:00,644.29,646.63,644.82,646.21,145.75,94184.55
2025-06-25 07:00:00,646.21,647.71,645.37,645.47,121.93,78702.39
2025-06-25 08:00:00,645.47,645.68,644.82,644.93,140.52,90625.69
2025-06-25 09:00:00,645.33,645.43,638.41,643.98,399.21,257082.41
2025-06-25 10:00:00,643.62,646.95,645.02,646.42,207.25,133970.15
2025-06-25 11:00:00,646.55,649.89,647.22,648.19,264.63,171529.91
2025-06-25 12:00:00,647.79,649.08,646.83,647.26,484.03,313292.79
2025-06-25 13:00:00,647.26,651.53,647.1,647.64,1359.87,880709.25
2025-06-25 14:00:00,647.33,647.92,644.51,646.36,166.55,107704.34
2025-06-25 15:00:00,646.67,644.45,642.74,643.06,271.16,174371.95
2025-06-25 16:00:00,643.06,643.93,642.32,642.85,181.89,116928.79
2025-06-25 17:00:00,642.85,646.42,644.16,645.35,79.65,51401.83
2025-06-25 18:00:00,645.35,646.38,644.98,646.05,59.83,38653.4
2025-06-25 19:00:00,646.05,648.68,646.95,648.14,87.66,56815.61
2025-06-25 20:00:00,648.14,649.18,647.13,647.77,110.67,71689.21
2025-06-25 21:00:00,647.77,648.08,645.82,647.54,103.85,67247.44
2025-06-25 22:00:00,647.17,647.17,644.57,645.33,32.4,20928.11
2025-06-25 23:00:00,645.33,646.03,644.16,645.97,24.69,15938.27
2025-06-26 00:00:00,646.44,647.87,646.05,647.66,136.65,88502.56
2025-06-26 01:00:00,648.64,657.22,645.17,648.86,293.27,190290.46
2025-06-26 02:00:00,648.86,657.83,648.6,649.6,184.78,120032.91
2025-06-26 03:00:00,649.47,649.18,647.67,648.96,300.62,195090.9
2025-06-26 04:00:00,648.96,649.45,647.3,647.94,516.79,334851.14
2025-06-26 05:00:00,648.0,648.45,645.97,647.71,45.78,29652.01
2025-06-26 06:00:00,647.37,648.52,645.61,645.83,61.67,39828.04
2025-06-26 07:00:00,645.83,647.78,644.97,647.78,90.7,58753.41
2025-06-26 08:00:00,647.5,648.65,647.35,648.24,32.3,20927.2
2025-06-26 09:00:00,648.46,647.35,645.74,646.5,127.49,82421.67
2025-06-26 10:00:00,646.32,646.2,643.02,645.47,85.85,55413.52
2025-06-26 11:00:00,645.47,648.93,644.76,644.76,123.4,79563.42
2025-06-26 12:00:00,644.82,644.21,642.93,643.78,113.76,73236.74
2025-06-26 13:00:00,643.78,643.59,642.2,642.62,80.21,51544.87
2025-06-26 14:00:00,642.48,648.16,643.26,645.22,156.56,101015.9
2025-06-26 15:00:00,645.0,646.83,644.04,645.33,148.65,95928.05
2025-06-26 16:00:00,645.33,646.89,644.31,646.67,81.95,52994.89
2025-06-26 17:00:00,646.71,645.89,644.2,645.65,167.1,107887.98
2025-06-26 18:00:00,645.65,646.91,643.51,645.69,78.06,50402.9
2025-06-26 19:00:00,645.74,647.04,645.1,645.64,47.97,30971.48
2025-06-26 20:00:00,645.64,647.38,645.23,645.23,59.04,38094.28
2025-06-26 21:00:00,645.42,647.79,637.16,644.65,123.09,79350.16
2025-06-26 22:00:00,644.91,645.16,642.38,642.7,47.81,30727.56
2025-06-26 23:00:00,642.5,642.9,641.56,642.31,39.35,25262.1
2025-06-27 00:00:00,642.81,640.79,637.42,640.79,58.51,37492.44
2025-06-27 01:00:00,640.79,650.82,643.29,644.5,105.87,68233.63
2025-06-27 02:00:00,644.37,645.55,644.69,645.12,34.88,22501.76
2025-06-27 03:00:00,645.12,646.94,645.11,646.19,257.85,166619.8
2025-06-27 04:00:00,646.78,648.1,645.65,645.89,122.91,79386.81
2025-06-27 05:00:00,645.77,646.37,644.5,644.61,15.82,10202.58
2025-06-27 06:00:00,644.61,646.55,644.27,646.55,22.08,14247.11
2025-06-27 07:00:00,646.75,644.36,642.11,644.14,99.45,64059.86
2025-06-27 08:00:00,644.14,646.41,644.37,645.12,100.23,64660.66
2025-06-27 09:00:00,645.12,645.61,644.96,645.18,57.51,37104.12
2025-06-27 10:00:00,645.18,645.15,644.08,645.04,137.8,88887.11
2025-06-27 11:00:00,644.85,646.27,643.82,645.78,502.56,324543.08
2025-06-27 12:00:00,645.78,645.63,640.52,644.66,832.46,536650.43
2025-06-27 13:00:00,644.66,647.14,643.74,645.68,239.07,154363.68
2025-06-27 14:00:00,645.9,646.6,643.73,645.75,160.01,103326.75
2025-06-27 15:00:00,645.75,650.43,646.99,647.1,140.71,91053.59
2025-06-27 16:00:00,647.1,648.65,646.07,646.29,248.32,160486.18
2025-06-27 17:00:00,646.29,645.91,642.6,644.41,133.53,86048.67
2025-06-27 18:00:00,644.41,644.71,642.89,643.43,76.24,49054.94
2025-06-27 19:00:00,643.43,645.53,643.82,645.53,82.59,53313.92
2025-06-27 20:00:00,645.53,647.49,646.21,646.42,82.27,53181.15
2025-06-27 21:00:00,646.42,646.86,645.68,646.86,70.86,45836.27
2025-06-27 22:00:00,646.66,647.01,646.32,646.6,14.17,9163.9
2025-06-27 23:00:00,646.87,646.49,645.74,646.17,54.78,35396.94
2025-06-28 00:00:00,646.17,646.92,645.53,645.64,27.17,17541.96
2025-06-28 01:00:00,645.64,646.44,645.69,646.34,23.07,14911.0
2025-06-28 02:00:00,646.34,646.56,645.38,645.49,42.07,27155.78
2025-06-28 03:00:00,645.49,646.81,644.66,644.77,47.21,30439.65
2025-06-28 04:00:00,644.73,645.8,644.35,645.56,43.21,27894.6
2025-06-28 05:00:00,645.48,646.06,644.99,645.2,30.54,19704.5
2025-06-28 06:00:00,644.83,646.76,644.83,646.4,29.5,19056.04
2025-06-28 07:00:00,646.8,647.49,646.73,647.38,245.6,158996.55
2025-06-28 08:00:00,647.38,646.77,645.7,645.91,40.62,26237.06
2025-06-28 09:00:00,645.91,647.2,645.49,647.1,55.13,35674.46
2025-06-28 10:00:00,647.1,647.08,646.33,646.87,58.75,38003.48
2025-06-28 11:00:00,646.62,646.91,646.34,646.44,40.94,26471.17
2025-06-28 12:00:00,646.72,647.16,646.52,646.63,50.28,32512.42
2025-06-28 13:00:00,646.63,646.33,644.72,645.79,67.88,43836.4
2025-06-28 14:00:00,645.79,646.8,645.73,646.59,106.97,69165.26
2025-06-28 15:00:00,646.59,648.4,646.57,646.79,68.62,44382.41
2025-06-28 16:00:00,646.79,646.81,645.85,646.17,54.11,34964.25
2025-06-28 17:00:00,646.17,648.11,646.82,647.57,218.45,141461.7
2025-06-28 18:00:00,647.3,647.37,646.23,646.87,46.05,29763.81
2025-06-28 19:00:00,646.87,647.83,646.64,647.49,51.52,33352.96
2025-06-28 20:00:00,647.86,648.28,647.53,648.06,57.04,36965.59
2025-06-28 21:00:00,648.06,649.13,648.27,648.48,35.48,23008.15
2025-06-28 22:00:00,648.3,648.94,648.13,648.83,26.17,16976.65
2025-06-28 23:00:00,648.83,649.02,648.23,648.67,46.51,30160.67
2025-06-29 00:00:00,648.91,650.14,647.99,648.53,35.59,23081.2
2025-06-29 01:00:00,648.53,648.18,647.32,647.75,48.79,31603.57
2025-06-29 02:00:00,647.75,648.8,647.51,648.8,41.17,26711.01
2025-06-29 03:00:00,648.8,648.96,648.32,648.96,48.98,31786.24
2025-06-29 04:00:00,648.96,649.65,648.9,649.33,279.51,181494.74
2025-06-29 05:00:00,649.33,650.07,649.53,649.85,45.53,29587.71
2025-06-29 06:00:00,649.85,650.4,649.65,649.65,35.07,22783.28
2025-06-29 07:00:00,649.65,650.88,649.59,649.59,155.94,101296.55
2025-06-29 08:00:00,649.59,651.47,649.96,650.07,145.52,94597.47
2025-06-29 09:00:00,650.07,651.59,649.86,649.97,95.12,61825.03
2025-06-29 10:00:00,649.97,651.51,649.56,650.32,404.93,263334.51
2025-06-29 11:00:00,650.32,652.34,651.26,651.37,68.45,44585.95
2025-06-29 12:00:00,651.37,651.2,649.47,650.77,84.55,55022.57
2025-06-29 13:00:00,650.77,650.97,649.57,650.43,76.59,49816.62
2025-06-29 14:00:00,650.43,650.03,648.85,649.28,78.64,51059.21
2025-06-29 15:00:00,649.28,649.52,647.69,649.09,228.02,148005.27
2025-06-29 16:00:00,649.09,649.73,647.9,648.98,89.07,57804.34
2025-06-29 17:00:00,648.98,649.95,648.88,648.98,38.36,24895.06
2025-06-29 18:00:00,648.98,649.86,648.78,649.53,59.99,38965.57
2025-06-29 19:00:00,649.53,648.93,648.07,648.82,40.3,26147.6
2025-06-29 20:00:00,648.82,648.76,647.9,648.22,24.36,15790.64
2025-06-29 21:00:00,648.54,651.67,647.3,649.24,77.46,50290.31
2025-06-29 22:00:00,649.15,655.06,651.17,654.41,339.4,222107.65
2025-06-29 23:00:00,654.7,655.58,650.08,654.83,196.94,128962.19
2025-06-30 00:00:00,655.12,658.43,654.73,654.84,188.21,123248.09
2025-06-30 01:00:00,654.84,654.86,652.91,653.88,70.16,45876.4
2025-06-30 02:00:00,653.53,655.34,653.53,653.94,33.98,22237.53
2025-06-30 03:00:00,654.35,655.89,654.15,655.67,54.4,35668.66
2025-06-30 04:00:00,655.67,655.63,654.12,655.31,56.82,37234.7
2025-06-30 05:00:00,655.31,655.96,654.55,655.42,88.88,58253.75
2025-06-30 06:00:00,655.42,654.15,651.14,653.72,1155.93,755654.84
2025-06-30 07:00:00,653.72,654.97,653.68,654.97,802.6,525679.1
2025-06-30 08:00:00,654.97,654.67,652.73,653.81,1545.26,1010299.59
2025-06-30 09:00:00,653.81,653.66,652.26,652.48,114.57,74754.36
2025-06-30 10:00:00,652.48,653.57,652.49,653.35,345.47,225713.05
2025-06-30 11:00:00,653.35,654.42,652.16,654.32,506.3,331280.53
2025-06-30 12:00:00,654.32,653.96,653.32,653.75,70.61,46161.24
2025-06-30 13:00:00,653.75,654.38,652.66,653.2,861.66,562837.85
2025-06-30 14:00:00,653.2,651.75,648.54,651.53,477.21,310918.32
2025-06-30 15:00:00,651.53,658.3,655.5,656.57,875.54,574856.59
2025-06-30 16:00:00,656.57,658.77,655.43,658.77,296.51,195332.15
2025-06-30 17:00:00,658.77,658.39,656.46,658.29,811.6,534265.71
2025-06-30 18:00:00,658.29,657.81,656.2,657.71,122.49,80562.4
2025-06-30 19:00:00,657.71,660.92,659.09,659.31,544.83,359209.9
2025-06-30 20:00:00,659.31,660.07,658.35,659.0,208.64,137492.99
2025-06-30 21:00:00,659.0,657.98,656.16,657.23,353.97,232641.42
2025-06-30 22:00:00,657.23,657.53,656.03,657.32,136.52,89737.0
2025-06-30 23:00:00,657.32,657.59,656.84,657.06,150.83,99104.08
2025-07-01 00:00:00,657.06,659.35,658.17,658.38,363.48,239308.33
2025-07-01 01:00:00,658.38,658.23,656.84,658.13,144.73,95250.49
2025-07-01 02:00:00,658.13,657.8,656.52,657.16,132.27,86922.43
2025-07-01 03:00:00,657.16,657.81,655.77,655.98,137.94,90486.31
2025-07-01 04:00:00,655.98,654.19,652.8,652.8,193.78,126499.75
2025-07-01 05:00:00,652.8,653.72,652.33,652.65,196.32,128128.73
2025-07-01 06:00:00,652.65,654.31,652.17,653.77,222.53,145483.96
2025-07-01 07:00:00,653.77,656.9,654.22,654.33,259.28,169654.77
2025-07-01 08:00:00,654.33,652.78,651.28,652.56,578.3,377377.14
2025-07-01 09:00:00,652.56,653.42,651.6,653.2,354.9,231821.7
2025-07-01 10:00:00,653.2,654.15,652.13,653.41,370.9,242348.79
2025-07-01 11:00:00,653.41,654.18,652.26,652.58,240.32,156827.37
2025-07-01 12:00:00,652.58,652.61,651.01,651.22,369.96,240926.84
2025-07-01 13:00:00,651.22,653.7,651.46,651.57,526.78,343231.69
2025-07-01 14:00:00,651.57,648.27,644.03,647.42,463.4,300015.9
2025-07-01 15:00:00,647.42,648.67,645.8,646.33,265.34,171498.25
2025-07-01 16:00:00,646.33,647.6,645.79,646.43,276.62,178815.02
2025-07-01 17:00:00,646.43,648.11,646.41,646.63,107.43,69467.09
2025-07-01 18:00:00,646.63,645.42,643.3,645.21,674.01,434875.02
2025-07-01 19:00:00,645.21,646.05,642.99,645.95,375.84,242772.03
2025-07-01 20:00:00,645.95,649.41,645.92,646.24,603.44,389964.55
2025-07-01 21:00:00,646.24,647.05,645.36,646.84,128.6,83183.77
2025-07-01 22:00:00,646.84,646.06,644.9,645.85,162.94,105234.81
2025-07-01 23:00:00,645.85,647.24,646.08,646.5,93.41,60389.88
2025-07-02 00:00:00,646.5,645.85,644.27,645.85,333.94,215675.53
2025-07-02 01:00:00,645.85,648.29,647.23,647.33,210.81,136464.57
2025-07-02 02:00:00,647.33,649.57,647.77,648.93,356.2,231150.33
2025-07-02 03:00:00,648.74,650.01,648.36,649.63,38.66,25096.76
2025-07-02 04:00:00,649.9,651.37,650.41,650.41,101.19,65815.22
2025-07-02 05:00:00,650.41,652.53,650.5,650.82,88.63,57682.62
2025-07-02 06:00:00,650.82,656.13,652.6,655.92,605.97,397465.68
2025-07-02 07:00:00,655.92,657.63,656.03,657.63,629.16,413756.53
2025-07-02 08:00:00,657.63,662.01,659.31,659.85,793.93,523876.73
2025-07-02 09:00:00,659.85,660.06,658.45,658.77,615.03,405164.45
2025-07-02 10:00:00,658.77,660.0,657.84,657.95,561.45,369405.85
2025-07-02 11:00:00,657.95,658.08,654.96,657.33,842.16,553574.22
2025-07-02 12:00:00,657.33,657.73,655.91,656.44,191.57,125754.99
2025-07-02 13:00:00,656.44,659.77,657.29,658.26,549.23,361536.99
2025-07-02 14:00:00,658.26,660.91,659.28,659.82,324.8,214310.8
2025-07-02 15:00:00,659.82,665.11,662.07,662.07,1099.15,727709.05
2025-07-02 16:00:00,662.07,666.64,662.81,664.67,807.94,537013.9
2025-07-02 17:00:00,664.67,664.77,660.4,663.67,2071.2,1374601.65
2025-07-02 18:00:00,663.67,666.79,664.05,664.05,226.9,150672.27
2025-07-02 19:00:00,664.05,665.43,663.01,664.55,1390.74,924214.91
2025-07-02 20:00:00,664.55,664.07,661.12,663.19,171.84,113963.26
2025-07-02 21:00:00,663.19,665.03,661.97,662.41,1003.7,664856.33
2025-07-02 22:00:00,662.41,662.92,660.63,662.27,243.45,161228.96
2025-07-02 23:00:00,662.27,660.72,659.53,660.07,262.13,173024.33
2025-07-03 00:00:00,660.06,661.39,657.01,660.1,409.27,270160.91
2025-07-03 01:00:00,660.01,661.18,660.31,660.96,128.77,85112.35
2025-07-03 02:00:00,660.96,660.53,659.23,659.33,176.77,116550.52
2025-07-03 03:00:00,659.33,659.72,657.76,659.72,235.64,155456.34
2025-07-03 04:00:00,659.72,660.84,657.68,659.86,310.26,204727.39
2025-07-03 05:00:00,659.86,663.33,660.82,660.92,263.24,173981.74
2025-07-03 06:00:00,660.92,662.25,661.15,661.48,302.61,200170.18
2025-07-03 07:00:00,661.48,663.1,660.37,663.1,264.99,175714.75
2025-07-03 08:00:00,663.1,663.7,660.86,661.84,283.08,187354.19
2025-07-03 09:00:00,661.84,665.45,662.26,663.91,419.26,278351.5
2025-07-03 10:00:00,663.91,664.58,662.72,663.16,173.0,114725.87
2025-07-03 11:00:00,663.16,662.2,661.21,662.09,94.17,62348.62
2025-07-03 12:00:00,662.09,662.01,659.49,661.02,264.78,175025.48
2025-07-03 13:00:00,661.02,667.83,663.09,664.19,496.61,329845.06
2025-07-03 14:00:00,664.19,663.32,660.02,662.66,266.51,176604.9
2025-07-03 15:00:00,662.66,659.77,655.51,657.37,387.34,254624.09
2025-07-03 16:00:00,657.37,660.03,657.3,658.61,191.63,126209.78
2025-07-03 17:00:00,658.61,660.54,659.0,659.44,63.7,42006.41
2025-07-03 18:00:00,659.44,661.17,659.64,660.84,81.08,53581.28
2025-07-03 19:00:00,660.84,662.48,661.16,661.71,50.02,33098.7
2025-07-03 20:00:00,661.71,663.15,662.05,662.05,94.37,62477.83
2025-07-03 21:00:00,662.05,663.38,660.96,663.16,167.98,111397.41
2025-07-03 22:00:00,663.16,664.42,662.33,663.98,136.75,90799.31
2025-07-03 23:00:00,663.98,663.75,662.77,663.75,82.12,54507.51
2025-07-04 00:00:00,663.75,663.56,661.91,662.35,94.38,62512.73
2025-07-04 01:00:00,662.35,663.0,662.02,662.35,32.45,21493.12
2025-07-04 02:00:00,662.01,662.64,658.26,661.35,221.13,146244.68
2025-07-04 03:00:00,660.99,663.05,661.08,662.4,58.67,38862.72
2025-07-04 04:00:00,662.0,660.58,658.52,660.32,288.98,190819.31
2025-07-04 05:00:00,660.32,661.43,657.32,660.15,140.9,93014.88
2025-07-04 06:00:00,660.15,660.84,657.51,658.28,130.82,86115.89
2025-07-04 07:00:00,658.28,657.36,652.03,656.09,107.24,70358.99
2025-07-04 08:00:00,656.24,658.06,656.11,657.95,88.58,58281.63
2025-07-04 09:00:00,657.95,659.47,657.62,657.94,113.09,74406.95
2025-07-04 10:00:00,657.94,659.66,657.16,659.44,117.4,77418.68
2025-07-04 11:00:00,659.44,660.04,658.62,659.93,49.23,32488.32
2025-07-04 12:00:00,659.93,659.62,658.42,659.07,267.6,176367.98
2025-07-04 13:00:00,659.07,655.99,654.15,655.88,151.01,99044.17
2025-07-04 14:00:00,655.88,656.02,653.87,655.91,240.19,157544.14
2025-07-04 15:00:00,655.53,655.53,652.31,652.64,63.84,41691.95
2025-07-04 16:00:00,652.89,653.4,651.24,652.21,131.13,85524.71
2025-07-04 17:00:00,652.21,653.77,652.7,653.56,45.14,29501.63
2025-07-04 18:00:00,653.56,651.61,650.21,651.5,45.22,29460.78
2025-07-04 19:00:00,651.5,652.54,651.35,651.68,228.39,148836.07
2025-07-04 20:00:00,651.68,653.06,651.56,652.74,66.86,43642.29
2025-07-04 21:00:00,652.74,654.06,652.76,653.08,63.59,41529.61
2025-07-04 22:00:00,653.08,655.23,653.93,654.14,265.91,173943.3
2025-07-04 23:00:00,654.14,653.89,652.6,653.89,30.63,20028.7
2025-07-05 00:00:00,653.89,655.77,654.68,654.79,61.46,40243.55
2025-07-05 01:00:00,654.65,654.73,654.05,654.53,21.69,14191.42
2025-07-05 02:00:00,654.87,656.33,654.71,654.93,34.3,22464.01
2025-07-05 03:00:00,654.93,656.21,654.59,656.1,56.39,36997.56
2025-07-05 04:00:00,656.1,656.45,654.72,655.48,52.89,34668.24
2025-07-05 05:00:00,655.48,656.73,655.43,655.97,39.11,25655.16
2025-07-05 06:00:00,655.97,656.96,656.2,656.41,40.54,26611.04
2025-07-05 07:00:00,656.41,655.32,654.68,654.78,47.5,31102.24
2025-07-05 08:00:00,654.78,655.38,654.3,654.51,59.23,38766.87
2025-07-05 09:00:00,654.51,656.45,654.93,655.58,82.26,53928.11
2025-07-05 10:00:00,655.58,655.74,654.87,655.2,30.91,20252.14
2025-07-05 11:00:00,655.2,655.79,655.36,655.79,54.83,35956.84
2025-07-05 12:00:00,655.79,656.38,655.3,655.51,51.37,33673.7
2025-07-05 13:00:00,655.09,655.56,654.76,654.76,30.4,19920.78
2025-07-05 14:00:00,655.18,655.66,654.9,655.23,45.18,29603.26
2025-07-05 15:00:00,655.23,655.87,654.46,654.57,162.54,106394.0
2025-07-05 16:00:00,654.57,655.36,653.85,653.85,59.88,39152.43
2025-07-05 17:00:00,653.53,654.79,652.32,653.8,188.09,123048.57
2025-07-05 18:00:00,653.98,653.75,652.67,653.1,36.0,23511.54
2025-07-05 19:00:00,652.54,654.2,652.34,654.11,44.5,29102.9
2025-07-05 20:00:00,654.29,655.23,653.82,655.12,93.9,61515.51
2025-07-05 21:00:00,654.74,655.73,654.62,655.73,90.17,59045.57
2025-07-05 22:00:00,655.8,656.58,655.83,656.37,66.42,43595.85
2025-07-05 23:00:00,656.37,656.61,655.96,656.39,42.75,28060.87
2025-07-06 00:00:00,656.39,657.19,656.21,656.75,55.85,36679.65
2025-07-06 01:00:00,656.75,657.05,656.07,656.07,36.9,24209.03
2025-07-06 02:00:00,656.07,655.2,654.66,655.2,41.61,27262.93
2025-07-06 03:00:00,655.2,655.12,654.58,655.12,49.92,32703.65
2025-07-06 04:00:00,655.12,654.97,654.11,654.11,51.94,33974.42
2025-07-06 05:00:00,654.11,654.51,653.97,654.3,28.86,18883.04
2025-07-06 06:00:00,654.3,655.85,654.88,655.53,98.21,64379.51
2025-07-06 07:00:00,655.65,654.86,653.85,654.86,72.09,47208.81
2025-07-06 08:00:00,654.86,655.36,653.35,654.86,473.74,310231.16
2025-07-06 09:00:00,655.21,654.48,653.51,654.37,63.02,41238.36
2025-07-06 10:00:00,654.37,655.41,654.33,654.98,103.72,67934.51
2025-07-06 11:00:00,654.98,656.68,655.49,656.57,46.68,30648.72
2025-07-06 12:00:00,656.57,657.78,656.8,657.67,785.58,516652.78
2025-07-06 13:00:00,657.67,662.93,659.66,661.84,290.97,192575.57
2025-07-06 14:00:00,661.84,663.46,661.28,661.39,265.99,175922.56
2025-07-06 15:00:00,661.39,663.87,661.25,663.11,1032.19,684450.66
2025-07-06 16:00:00,663.11,663.87,662.78,663.55,130.56,86632.45
2025-07-06 17:00:00,663.55,665.52,663.01,663.01,1983.69,1315215.84
2025-07-06 18:00:00,663.01,662.69,660.3,662.47,159.46,105637.69
2025-07-06 19:00:00,662.47,664.48,662.64,663.18,1081.5,717227.86
2025-07-06 20:00:00,663.18,663.98,661.04,661.26,194.02,128298.04
2025-07-06 21:00:00,661.26,664.64,661.91,662.89,744.98,493841.86
2025-07-06 22:00:00,662.89,664.12,662.37,664.01,344.4,228686.29
2025-07-06 23:00:00,664.01,664.25,662.72,663.38,957.3,635051.43
2025-07-07 00:00:00,663.38,661.47,660.16,661.47,233.57,154498.93
2025-07-07 01:00:00,661.47,662.89,661.04,661.26,606.56,401090.95
2025-07-07 02:00:00,661.26,665.72,661.78,662.22,692.18,458376.98
2025-07-07 03:00:00,662.22,662.56,660.15,661.13,1762.18,1165037.66
2025-07-07 04:00:00,661.13,661.32,659.14,661.21,76.67,50694.89
2025-07-07 05:00:00,661.21,661.51,660.2,661.4,496.57,328433.76
2025-07-07 06:00:00,661.4,661.37,659.19,661.37,133.43,88246.0
2025-07-07 07:00:00,661.37,663.77,662.79,662.9,766.88,508366.48
2025-07-07 08:00:00,662.9,663.61,662.19,663.39,119.79,79467.87
2025-07-07 09:00:00,663.39,663.62,662.31,662.75,627.92,416153.6
2025-07-07 10:00:00,662.75,663.78,661.28,662.04,468.58,310219.16
2025-07-07 11:00:00,662.04,663.06,661.54,662.52,1158.33,767416.32
2025-07-07 12:00:00,662.52,661.67,660.59,661.67,106.85,70699.83
2025-07-07 13:00:00,661.67,664.16,662.42,662.64,460.34,305037.87
2025-07-07 14:00:00,662.64,661.78,659.4,659.94,1430.61,944123.5
2025-07-07 15:00:00,659.94,660.43,658.26,659.13,342.56,225790.07
2025-07-07 16:00:00,659.13,657.81,656.19,657.38,393.63,258762.9
2025-07-07 17:00:00,657.38,659.01,656.96,659.01,120.58,79463.85
2025-07-07 18:00:00,659.01,661.78,658.75,660.8,972.43,642584.48
2025-07-07 19:00:00,660.8,661.47,660.07,661.47,245.63,162477.75
2025-07-07 20:00:00,661.47,660.58,658.85,659.5,798.76,526780.28
2025-07-07 21:00:00,659.5,661.27,660.08,660.51,97.23,64221.56
2025-07-07 22:00:00,660.51,660.38,659.51,660.16,88.66,58529.76
2025-07-07 23:00:00,660.16,661.9,660.82,661.03,43.42,28702.01
2025-07-08 00:00:00,661.03,662.5,661.1,661.2,208.16,137636.33
2025-07-08 01:00:00,661.2,658.8,657.18,658.58,138.2,91016.04
2025-07-08 02:00:00,658.58,660.13,657.65,658.4,333.24,219406.86
2025-07-08 03:00:00,658.4,659.76,659.12,659.76,31.13,20538.41
2025-07-08 04:00:00,659.76,660.74,659.55,659.65,136.82,90253.97
2025-07-08 05:00:00,659.51,659.9,658.8,659.42,25.64,16905.89
2025-07-08 06:00:00,659.44,660.55,659.47,660.12,633.54,418209.77
2025-07-08 07:00:00,660.12,661.44,659.81,659.92,83.94,55393.46
2025-07-08 08:00:00,659.92,660.72,658.56,660.62,731.81,483445.06
2025-07-08 09:00:00,660.62,662.24,660.28,660.39,156.36,103258.94
2025-07-08 10:00:00,660.39,662.87,659.49,660.04,2008.28,1325542.01
2025-07-08 11:00:00,660.37,663.2,659.08,661.14,888.62,587498.66
2025-07-08 12:00:00,661.14,663.47,660.63,661.14,149.17,98622.74
2025-07-08 13:00:00,661.38,662.56,660.49,661.68,714.4,472707.71
2025-07-08 14:00:00,661.68,659.47,657.52,658.5,247.6,163044.33
2025-07-08 15:00:00,658.5,658.68,657.05,658.24,879.48,578911.07
2025-07-08 16:00:00,658.24,659.89,658.7,658.8,129.61,85387.6
2025-07-08 17:00:00,658.8,662.44,660.8,661.13,513.07,339206.78
2025-07-08 18:00:00,661.13,662.97,661.88,661.99,225.27,149126.5
2025-07-08 19:00:00,661.99,660.99,659.14,660.99,1163.69,769185.11
2025-07-08 20:00:00,660.99,660.41,658.88,659.1,80.72,53202.68
2025-07-08 21:00:00,659.1,660.64,659.01,660.1,180.54,119173.64
2025-07-08 22:00:00,660.1,660.32,659.34,660.32,41.64,27495.61
2025-07-08 23:00:00,660.32,660.81,659.94,660.7,65.26,43117.51
2025-07-09 00:00:00,660.7,661.97,660.66,661.75,93.98,62191.27
2025-07-09 01:00:00,661.75,661.11,660.02,660.78,130.87,86476.2
2025-07-09 02:00:00,660.78,661.87,659.69,661.87,67.8,44874.49
2025-07-09 03:00:00,661.87,662.02,660.07,661.59,331.16,219091.19
2025-07-09 04:00:00,661.59,663.01,661.7,662.14,214.46,142001.98
2025-07-09 05:00:00,662.14,664.27,662.85,664.27,1101.3,731559.37
2025-07-09 06:00:00,664.27,665.27,663.64,663.64,632.09,419477.59
2025-07-09 07:00:00,663.64,663.37,662.28,662.72,861.29,570791.66
2025-07-09 08:00:00,662.72,662.51,660.88,661.09,127.97,84600.14
2025-07-09 09:00:00,661.09,661.63,659.78,660.21,1047.12,691321.3
2025-07-09 10:00:00,660.21,661.25,660.05,660.81,260.19,171936.71
2025-07-09 11:00:00,660.81,662.15,660.95,661.5,1034.14,684080.53
2025-07-09 12:00:00,661.5,663.69,660.74,662.38,570.63,377972.14
2025-07-09 13:00:00,662.38,662.45,659.5,662.23,688.89,456202.23
2025-07-09 14:00:00,662.23,663.02,659.64,661.82,1057.95,700174.4
2025-07-09 15:00:00,661.82,664.26,661.76,662.52,259.38,171844.21
2025-07-09 16:00:00,662.52,665.17,663.09,663.53,555.86,368827.93
2025-07-09 17:00:00,663.53,663.15,661.41,662.94,920.77,610410.95
2025-07-09 18:00:00,662.78,676.76,664.25,665.34,1321.33,879129.54
2025-07-09 19:00:00,665.27,678.99,668.82,669.49,1661.72,1112506.73
2025-07-09 20:00:00,669.49,668.21,662.67,666.77,814.11,542823.75
2025-07-09 21:00:00,666.77,667.99,665.1,667.66,495.38,330743.0
2025-07-09 22:00:00,667.66,671.95,669.94,670.5,340.74,228465.68
2025-07-09 23:00:00,670.17,670.18,668.46,668.62,126.51,84703.43
2025-07-10 00:00:00,669.09,669.99,667.0,669.99,225.98,151404.7
2025-07-10 01:00:00,669.99,671.91,668.79,669.8,285.1,190958.68
2025-07-10 02:00:00,669.8,671.04,669.03,670.92,125.53,84221.18
2025-07-10 03:00:00,670.92,671.37,670.03,670.81,96.75,64900.92
2025-07-10 04:00:00,670.81,673.11,671.22,672.77,224.67,151151.99
2025-07-10 05:00:00,672.77,674.0,672.44,673.44,538.74,362808.95
2025-07-10 06:00:00,673.44,674.3,670.4,670.63,136.28,91392.88
2025-07-10 07:00:00,670.97,672.62,664.8,671.78,575.05,386308.05
2025-07-10 08:00:00,672.03,673.68,671.68,672.46,260.24,175001.03
2025-07-10 09:00:00,672.46,672.31,670.54,671.65,268.13,180088.53
2025-07-10 10:00:00,671.65,671.95,670.28,670.61,289.68,194263.71
2025-07-10 11:00:00,670.61,671.46,669.69,670.35,218.91,146746.95
2025-07-10 12:00:00,670.35,671.4,669.29,671.17,175.83,118012.64
2025-07-10 13:00:00,671.17,672.04,670.05,670.6,407.56,273310.64
2025-07-10 14:00:00,670.6,673.78,670.0,670.0,399.7,267798.44
2025-07-10 15:00:00,670.0,671.01,668.78,668.78,437.78,292780.68
2025-07-10 16:00:00,668.78,676.52,671.89,672.68,1240.97,834778.83
2025-07-10 17:00:00,672.68,679.2,674.42,675.67,1352.75,914016.8
2025-07-10 18:00:00,675.67,678.9,673.68,676.07,1004.06,678810.59
2025-07-10 19:00:00,676.07,677.92,675.32,676.45,985.99,666973.08
2025-07-10 20:00:00,676.45,678.16,676.68,676.91,1825.17,1235476.11
2025-07-10 21:00:00,676.91,694.74,680.18,684.84,5544.22,3796901.74
2025-07-10 22:00:00,684.84,688.25,682.1,687.09,422.37,290204.12
2025-07-10 23:00:00,687.09,690.11,685.58,685.93,1213.78,832568.1
2025-07-11 00:00:00,685.93,689.72,683.13,687.98,934.37,642831.26
2025-07-11 01:00:00,687.98,692.56,688.97,689.43,542.8,374223.28
2025-07-11 02:00:00,689.43,694.94,689.92,690.27,306.68,211693.54
2025-07-11 03:00:00,690.27,694.18,689.62,689.73,608.49,419695.29
2025-07-11 04:00:00,689.73,691.18,688.84,689.77,193.38,133388.22
2025-07-11 05:00:00,689.77,696.98,692.03,693.44,1000.92,694079.24
2025-07-11 06:00:00,693.44,693.13,687.72,688.42,1152.05,793099.5
2025-07-11 07:00:00,688.42,688.19,684.31,685.25,895.78,613835.87
2025-07-11 08:00:00,685.25,688.43,685.71,688.31,1008.18,693938.28
2025-07-11 09:00:00,688.31,692.01,688.33,689.52,834.26,575236.85
2025-07-11 10:00:00,689.52,689.63,686.32,689.63,1066.03,735164.04
2025-07-11 11:00:00,689.63,690.11,687.75,688.58,444.77,306259.45
2025-07-11 12:00:00,688.58,689.95,687.0,689.71,244.82,168854.87
2025-07-11 13:00:00,689.71,693.14,690.19,691.02,628.37,434214.62
2025-07-11 14:00:00,691.02,693.84,689.25,692.43,561.35,388694.68
2025-07-11 15:00:00,692.43,691.01,685.05,687.15,667.53,458695.68
2025-07-11 16:00:00,687.15,694.22,690.35,694.22,565.16,392347.04
2025-07-11 17:00:00,694.22,697.81,693.93,695.69,458.08,318683.89
2025-07-11 18:00:00,695.69,698.61,695.55,696.25,238.17,165826.33
2025-07-11 19:00:00,696.25,698.8,694.31,694.55,158.57,110134.82
2025-07-11 20:00:00,694.55,692.99,691.34,691.81,265.18,183455.31
2025-07-11 21:00:00,691.2,692.02,687.27,688.79,148.13,102183.52
2025-07-11 22:00:00,688.94,689.62,684.91,686.56,282.93,194248.63
2025-07-11 23:00:00,686.56,690.16,685.81,690.16,107.63,74281.8
2025-07-12 00:00:00,690.16,692.49,689.09,691.67,195.93,135519.31
2025-07-12 01:00:00,691.67,695.08,693.08,694.14,91.17,63284.61
2025-07-12 02:00:00,694.14,694.65,693.24,693.36,122.38,84852.83
2025-07-12 03:00:00,693.36,695.86,693.98,695.62,201.57,140217.04
2025-07-12 04:00:00,695.62,696.47,692.23,692.47,220.9,152966.2
2025-07-12 05:00:00,692.47,692.93,691.28,692.46,168.91,116963.16
2025-07-12 06:00:00,692.46,694.7,692.46,694.23,66.39,46089.95
2025-07-12 07:00:00,694.16,694.54,691.83,694.3,68.34,47367.86
2025-07-12 08:00:00,694.58,695.69,691.56,692.26,205.52,142274.14
2025-07-12 09:00:00,692.26,694.36,692.94,694.12,123.41,85661.21
2025-07-12 10:00:00,694.06,697.79,692.73,694.52,331.46,230204.09
2025-07-12 11:00:00,694.52,694.31,688.98,692.54,356.21,246687.97
2025-07-12 12:00:00,692.24,690.57,686.8,688.1,204.32,140592.25
2025-07-12 13:00:00,688.1,688.18,685.48,687.0,138.24,94971.35
2025-07-12 14:00:00,687.0,686.59,685.54,685.54,229.19,157118.04
2025-07-12 15:00:00,685.54,684.16,680.41,681.11,570.69,388705.31
2025-07-12 16:00:00,681.11,684.91,681.28,684.09,305.98,209318.12
2025-07-12 17:00:00,684.09,686.97,685.68,686.62,721.17,495168.56
2025-07-12 18:00:00,686.62,687.14,685.38,686.2,162.33,111390.81
2025-07-12 19:00:00,686.2,686.55,684.2,684.79,67.45,46189.14
2025-07-12 20:00:00,684.79,682.01,680.37,681.19,246.49,167906.48
2025-07-12 21:00:00,681.19,684.36,682.83,684.36,66.42,45454.91
2025-07-12 22:00:00,684.36,685.08,682.97,685.08,53.25,36480.52
2025-07-12 23:00:00,685.08,686.48,685.31,686.13,40.57,27836.36
2025-07-13 00:00:00,686.13,687.37,685.25,687.25,69.69,47894.39
2025-07-13 01:00:00,687.25,688.97,686.15,687.56,765.65,526431.49
2025-07-13 02:00:00,687.56,687.99,687.05,687.76,178.89,123032.97
2025-07-13 03:00:00,687.76,688.67,685.85,687.14,149.82,102947.66
2025-07-13 04:00:00,687.14,688.53,687.47,687.82,71.72,49330.53
2025-07-13 05:00:00,687.82,689.14,687.14,688.44,239.84,165114.45
2025-07-13 06:00:00,688.37,690.8,688.73,689.32,42.11,29027.3
2025-07-13 07:00:00,689.56,690.21,688.91,690.21,104.87,72382.5
2025-07-13 08:00:00,690.21,691.36,689.71,690.19,63.8,44033.82
2025-07-13 09:00:00,689.92,690.22,688.09,688.62,49.67,34225.71
2025-07-13 10:00:00,688.91,690.69,688.92,690.22,55.5,38307.13
2025-07-13 11:00:00,690.22,692.43,690.42,691.37,89.03,61552.5
2025-07-13 12:00:00,691.37,694.81,692.2,692.32,127.05,87959.18
2025-07-13 13:00:00,692.32,694.15,691.78,692.37,113.16,78348.66
2025-07-13 14:00:00,692.37,693.69,690.48,692.26,419.26,290238.06
2025-07-13 15:00:00,692.26,692.28,689.79,691.57,211.88,146529.29
2025-07-13 16:00:00,691.61,692.38,688.94,688.94,136.37,94360.64
2025-07-13 17:00:00,689.03,690.86,689.68,690.86,320.13,221166.31
2025-07-13 18:00:00,690.86,692.74,690.96,692.03,519.75,359681.84
2025-07-13 19:00:00,692.03,692.6,690.7,691.77,241.2,166855.21
2025-07-13 20:00:00,691.77,693.11,691.68,692.75,191.19,132447.42
2025-07-13 21:00:00,692.75,692.19,689.58,691.71,480.76,332547.62
2025-07-13 22:00:00,691.71,693.0,689.91,690.63,97.42,67280.72
2025-07-13 23:00:00,690.63,694.63,691.89,692.13,561.28,388479.68
2025-07-14 00:00:00,692.13,693.45,689.87,691.42,1387.04,959030.76
2025-07-14 01:00:00,691.42,691.82,690.03,690.27,484.27,334277.89
2025-07-14 02:00:00,690.27,694.11,690.75,692.79,1562.59,1082545.51
2025-07-14 03:00:00,692.79,700.05,693.53,697.39,1989.35,1387360.75
2025-07-14 04:00:00,697.39,702.16,699.12,699.24,877.84,613822.45
2025-07-14 05:00:00,699.66,799.76,694.9,697.21,1251.9,880712.82
2025-07-14 06:00:00,697.48,698.29,695.12,697.31,1144.54,798104.67
2025-07-14 07:00:00,697.31,707.66,700.66,706.68,1247.73,881744.45
2025-07-14 08:00:00,706.68,706.74,703.18,704.65,257.16,181208.29
2025-07-14 09:00:00,704.65,706.07,700.95,704.49,369.97,260638.88
2025-07-14 10:00:00,704.08,704.48,700.89,704.35,190.45,133765.84
2025-07-14 11:00:00,705.69,704.77,702.71,704.53,150.24,105848.61
2025-07-14 12:00:00,704.19,707.25,703.29,704.51,296.58,208942.36
2025-07-14 13:00:00,704.51,708.11,702.3,702.91,669.15,470350.72
2025-07-14 14:00:00,702.91,698.79,695.46,698.79,484.24,338381.82
2025-07-14 15:00:00,698.82,693.3,691.26,692.46,386.71,267781.58
2025-07-14 16:00:00,692.46,697.74,693.17,693.41,285.58,198023.4
2025-07-14 17:00:00,693.41,692.77,690.01,692.41,183.17,126828.44
2025-07-14 18:00:00,692.41,690.94,688.91,689.39,213.41,147121.88
2025-07-14 19:00:00,689.39,691.51,688.75,690.19,649.49,448270.75
2025-07-14 20:00:00,690.19,691.68,689.76,691.2,201.83,139504.89
2025-07-14 21:00:00,691.2,692.5,689.5,691.9,107.52,74392.71
2025-07-14 22:00:00,691.9,691.91,690.09,690.93,65.28,45086.51
2025-07-14 23:00:00,691.15,691.64,689.01,689.37,371.91,256382.36
2025-07-15 00:00:00,689.07,691.03,687.46,687.5,79.9,55005.29
2025-07-15 01:00:00,687.65,686.24,680.67,686.01,300.24,205966.23
2025-07-15 02:00:00,686.01,685.08,682.48,682.96,543.1,370913.04
2025-07-15 03:00:00,682.96,679.67,675.11,679.67,732.99,498194.88
2025-07-15 04:00:00,679.67,683.92,680.63,682.62,505.63,345155.28
2025-07-15 05:00:00,682.62,683.18,680.95,681.54,471.89,321611.28
2025-07-15 06:00:00,681.54,682.42,679.97,682.19,282.79,192916.71
2025-07-15 07:00:00,682.19,681.82,679.37,679.37,321.86,218662.09
2025-07-15 08:00:00,679.37,680.68,678.23,679.28,157.69,107115.58
2025-07-15 09:00:00,679.28,679.39,676.59,676.59,315.67,213579.61
2025-07-15 10:00:00,676.59,679.53,677.89,679.29,140.13,95189.31
2025-07-15 11:00:00,679.29,681.8,679.81,680.4,254.67,173276.47
2025-07-15 12:00:00,680.4,682.87,680.29,681.34,276.89,188656.81
2025-07-15 13:00:00,681.34,686.95,683.06,685.66,467.94,320845.44
2025-07-15 14:00:00,685.66,678.7,672.79,678.47,728.17,494043.17
2025-07-15 15:00:00,678.47,682.93,680.03,682.82,681.16,465108.03
2025-07-15 16:00:00,682.82,687.9,682.74,684.73,945.12,647155.36
2025-07-15 17:00:00,684.73,687.86,684.57,687.86,1181.96,813022.21
2025-07-15 18:00:00,687.86,687.5,683.65,685.28,459.94,315188.01
2025-07-15 19:00:00,685.28,685.1,682.77,684.63,227.08,155466.24
2025-07-15 20:00:00,684.63,685.97,683.53,684.81,142.97,97906.89
2025-07-15 21:00:00,684.81,692.01,688.6,689.3,184.16,126942.41
2025-07-15 22:00:00,689.3,691.91,690.49,691.2,172.83,119460.21
2025-07-15 23:00:00,691.32,701.33,689.08,689.71,465.98,321391.44
2025-07-16 00:00:00,690.06,694.28,691.91,692.98,217.6,150791.89
2025-07-16 01:00:00,692.98,692.1,689.87,690.57,245.83,169763.85
2025-07-16 02:00:00,690.57,689.47,687.36,687.82,190.9,131305.74
2025-07-16 03:00:00,687.82,689.12,687.71,688.06,118.13,81280.98
2025-07-16 04:00:00,688.06,688.93,686.69,687.4,233.68,160630.86
2025-07-16 05:00:00,687.4,689.4,687.63,689.16,1253.6,863933.37
2025-07-16 06:00:00,689.16,691.82,690.29,691.23,226.65,156668.03
2025-07-16 07:00:00,691.23,694.09,690.54,692.43,391.11,270818.25
2025-07-16 08:00:00,692.43,695.49,692.76,693.24,421.43,292150.49
2025-07-16 09:00:00,693.24,696.73,694.94,695.18,666.41,463273.88
2025-07-16 10:00:00,695.18,693.98,691.37,693.63,410.66,284844.58
2025-07-16 11:00:00,693.63,694.75,689.29,694.51,1629.27,1131548.98
2025-07-16 12:00:00,694.51,695.19,691.75,693.05,343.35,237958.88
2025-07-16 13:00:00,693.05,694.75,690.83,693.09,961.55,666439.22
2025-07-16 14:00:00,693.09,703.96,695.26,703.72,2897.12,2038760.45
2025-07-16 15:00:00,703.72,705.79,698.29,700.67,3228.19,2261895.8
2025-07-16 16:00:00,700.67,704.84,700.67,701.38,367.69,257891.03
2025-07-16 17:00:00,701.94,711.33,704.03,706.35,3797.16,2682120.81
2025-07-16 18:00:00,706.28,712.4,706.9,708.21,2228.73,1578413.02
2025-07-16 19:00:00,708.21,709.23,705.53,707.44,5070.48,3587038.62
2025-07-16 20:00:00,707.44,715.16,711.32,713.24,6118.81,4364202.36
2025-07-16 21:00:00,713.24,713.4,709.46,713.04,2264.43,1614630.01
2025-07-16 22:00:00,713.04,712.36,709.15,711.17,1324.24,941759.88
2025-07-16 23:00:00,710.68,711.36,706.54,708.64,133.94,94995.64
2025-07-17 00:00:00,708.35,717.33,708.88,717.33,1106.79,793928.81
2025-07-17 01:00:00,717.46,716.11,710.44,714.34,770.16,550155.21
2025-07-17 02:00:00,714.34,723.18,714.19,718.8,1546.62,1111716.4
2025-07-17 03:00:00,718.8,717.81,709.41,710.12,990.36,703278.2
2025-07-17 04:00:00,710.12,712.5,710.48,711.55,649.5,462151.96
2025-07-17 05:00:00,711.55,713.2,709.4,713.08,338.99,241727.4
2025-07-17 06:00:00,713.08,723.5,710.82,721.37,2635.59,1901238.46
2025-07-17 07:00:00,721.37,721.73,717.0,721.38,2432.05,1754427.47
2025-07-17 08:00:00,721.38,722.25,715.14,718.22,1161.72,834373.8
2025-07-17 09:00:00,718.22,722.51,715.62,720.97,1201.68,866373.7
2025-07-17 10:00:00,720.97,718.44,714.42,716.31,1649.34,1181440.26
2025-07-17 11:00:00,716.31,719.02,713.71,718.08,610.11,438106.96
2025-07-17 12:00:00,718.08,720.93,715.51,719.28,1011.85,727802.15
2025-07-17 13:00:00,719.4,721.57,713.06,720.89,1663.49,1199190.04
2025-07-17 14:00:00,720.89,731.56,723.34,725.05,2514.21,1822926.69
2025-07-17 15:00:00,725.12,726.97,721.85,721.85,311.3,224712.34
2025-07-17 16:00:00,721.85,720.22,714.77,716.19,1357.64,972328.54
2025-07-17 17:00:00,716.19,720.72,718.45,719.29,353.62,254355.38
2025-07-17 18:00:00,719.29,721.65,718.66,720.69,332.75,239810.16
2025-07-17 19:00:00,720.69,717.55,715.05,716.24,528.06,378217.01
2025-07-17 20:00:00,716.24,719.27,715.56,716.28,1206.53,864213.53
2025-07-17 21:00:00,716.28,723.59,719.26,723.35,533.46,385880.49
2025-07-17 22:00:00,723.35,724.14,719.82,723.78,264.11,191156.79
2025-07-17 23:00:00,723.78,723.21,718.68,721.3,323.19,233117.83
2025-07-18 00:00:00,721.3,728.98,724.31,728.98,913.64,666029.4
2025-07-18 01:00:00,728.82,746.83,730.91,732.72,3002.8,2200211.39
2025-07-18 02:00:00,733.35,732.51,727.82,732.51,1725.81,1264174.58
2025-07-18 03:00:00,732.51,737.26,732.93,737.14,1877.75,1384166.22
2025-07-18 04:00:00,737.14,744.81,736.62,744.21,2671.35,1988046.9
2025-07-18 05:00:00,744.21,749.8,742.8,748.47,1819.31,1361701.91
2025-07-18 06:00:00,748.47,748.7,744.61,745.93,971.36,724566.79
2025-07-18 07:00:00,745.93,744.17,738.44,740.71,1344.13,995611.63
2025-07-18 08:00:00,740.71,739.48,733.9,736.27,2439.19,1795909.04
2025-07-18 09:00:00,736.27,740.31,735.79,739.23,674.19,498384.62
2025-07-18 10:00:00,739.23,742.22,737.92,739.71,706.11,522317.7
2025-07-18 11:00:00,739.71,739.66,735.36,737.39,443.33,326907.57
2025-07-18 12:00:00,737.39,750.23,739.0,749.99,1804.23,1353156.85
2025-07-18 13:00:00,749.99,764.01,745.82,756.99,3655.24,2766991.23
2025-07-18 14:00:00,756.99,753.75,744.41,747.72,2456.63,1836867.14
2025-07-18 15:00:00,747.72,745.89,733.98,738.11,1251.9,924039.47
2025-07-18 16:00:00,738.11,743.86,735.75,743.86,792.78,589721.22
2025-07-18 17:00:00,743.86,747.06,738.12,741.29,1563.7,1159158.08
2025-07-18 18:00:00,741.29,740.0,735.65,736.0,488.1,359243.83
2025-07-18 19:00:00,736.0,736.41,730.42,732.3,1100.37,805802.42
2025-07-18 20:00:00,732.3,733.1,722.52,725.93,2141.41,1554510.7
2025-07-18 21:00:00,725.93,734.65,727.23,733.47,2956.7,2168655.3
2025-07-18 22:00:00,733.47,733.78,728.59,732.24,1598.84,1170740.87
2025-07-18 23:00:00,732.24,734.0,725.51,730.34,1146.9,837631.98
2025-07-19 00:00:00,730.34,730.54,722.89,723.12,1497.22,1082671.67
2025-07-19 01:00:00,723.12,728.23,721.25,726.69,3169.63,2303335.98
2025-07-19 02:00:00,726.69,731.02,725.23,730.79,1318.54,963570.39
2025-07-19 03:00:00,730.79,735.68,731.53,735.32,759.93,558793.06
2025-07-19 04:00:00,735.32,738.8,734.18,737.85,1072.18,791108.53
2025-07-19 05:00:00,737.85,738.3,735.1,735.58,1881.21,1383773.01
2025-07-19 06:00:00,735.58,735.76,732.56,732.8,1780.65,1304862.4
2025-07-19 07:00:00,732.8,734.33,732.2,732.91,957.52,701780.04
2025-07-19 08:00:00,732.91,732.79,729.48,731.13,382.95,279987.83
2025-07-19 09:00:00,731.13,735.07,731.52,733.06,467.69,342843.93
2025-07-19 10:00:00,733.06,738.7,732.77,736.33,697.26,513410.75
2025-07-19 11:00:00,736.33,737.94,734.39,737.23,488.51,360144.2
2025-07-19 12:00:00,737.23,742.28,736.36,742.28,1823.87,1353823.05
2025-07-19 13:00:00,742.28,742.34,735.0,736.3,610.11,449226.25
2025-07-19 14:00:00,736.3,733.42,728.83,729.3,474.6,346127.23
2025-07-19 15:00:00,729.3,732.39,728.02,730.97,786.92,575216.57
2025-07-19 16:00:00,730.97,732.64,729.22,732.52,249.45,182727.92
2025-07-19 17:00:00,732.52,731.5,728.79,729.38,159.29,116183.33
2025-07-19 18:00:00,729.38,731.49,729.48,730.78,120.01,87700.78
2025-07-19 19:00:00,730.78,735.31,731.53,734.96,528.13,388153.53
2025-07-19 20:00:00,734.96,734.52,732.75,733.22,225.69,165480.51
2025-07-19 21:00:00,733.22,733.51,727.15,730.68,2133.19,1558689.35
2025-07-19 22:00:00,730.68,732.96,730.84,732.84,119.65,87684.16
2025-07-19 23:00:00,732.84,733.54,731.89,733.54,466.36,342092.99
2025-07-20 00:00:00,733.54,735.07,733.42,734.48,331.57,243532.15
2025-07-20 01:00:00,734.48,741.46,734.5,738.98,849.3,627615.34
2025-07-20 02:00:00,738.98,742.56,738.79,742.09,595.66,442034.35
2025-07-20 03:00:00,742.09,745.38,741.01,743.25,925.77,688082.13
2025-07-20 04:00:00,743.25,744.35,741.76,742.23,226.53,168137.12
2025-07-20 05:00:00,742.63,745.55,739.35,744.46,789.07,587430.45
2025-07-20 06:00:00,744.04,744.14,742.13,742.6,282.66,209904.55
2025-07-20 07:00:00,742.6,746.33,743.38,745.03,1282.6,955573.62
2025-07-20 08:00:00,745.03,751.3,745.63,751.07,1037.12,778948.03
2025-07-20 09:00:00,751.07,749.52,747.17,749.29,1016.53,761674.56
2025-07-20 10:00:00,749.29,749.37,745.48,745.48,1625.44,1211734.59
2025-07-20 11:00:00,745.48,750.32,745.02,749.03,695.74,521126.87
2025-07-20 12:00:00,749.03,750.98,747.55,747.91,769.78,575722.38
2025-07-20 13:00:00,747.91,750.45,749.5,749.5,1418.79,1063386.2
2025-07-20 14:00:00,749.5,750.05,745.07,746.73,2349.14,1754166.5
2025-07-20 15:00:00,746.73,752.15,747.4,751.32,1031.93,775306.08
2025-07-20 16:00:00,751.32,755.91,750.1,755.32,1218.66,920479.52
2025-07-20 17:00:00,755.32,752.51,747.31,748.02,1782.71,1333505.99
2025-07-20 18:00:00,748.02,750.48,747.88,749.89,667.95,500889.0
2025-07-20 19:00:00,749.89,753.66,748.1,753.19,724.03,545330.68
2025-07-20 20:00:00,753.19,756.32,751.12,753.25,1015.97,765279.65
2025-07-20 21:00:00,753.25,759.83,748.73,759.48,1258.48,955786.32
2025-07-20 22:00:00,759.48,761.02,751.62,756.21,1778.61,1344993.78
2025-07-20 23:00:00,756.21,760.05,753.37,757.12,1477.51,1118654.62
2025-07-21 00:00:00,757.12,759.78,749.33,755.9,3005.63,2271966.56
2025-07-21 01:00:00,755.9,755.75,750.11,750.7,2165.59,1625706.73
2025-07-21 02:00:00,750.7,759.73,755.24,758.08,1523.89,1155224.93
2025-07-21 03:00:00,758.08,764.16,759.3,763.57,1023.21,781291.82
2025-07-21 04:00:00,763.57,764.25,760.22,761.05,594.67,452575.63
2025-07-21 05:00:00,761.05,762.92,760.2,761.86,633.77,482841.85
2025-07-21 06:00:00,761.86,772.54,764.07,764.31,2632.6,2012120.98
2025-07-21 07:00:00,764.31,766.09,759.88,760.72,1841.1,1400552.83
2025-07-21 08:00:00,760.72,764.06,758.11,763.82,849.13,648582.85
2025-07-21 09:00:00,763.82,765.83,760.49,765.48,1017.34,778751.03
2025-07-21 10:00:00,765.48,776.56,762.68,776.44,1891.63,1468730.96
2025-07-21 11:00:00,776.44,775.2,766.46,769.17,2141.48,1647170.45
2025-07-21 12:00:00,769.17,772.98,767.19,772.75,795.11,614417.31
2025-07-21 13:00:00,772.75,779.17,773.1,775.6,962.87,746801.31
2025-07-21 14:00:00,775.6,780.18,775.07,779.23,1042.89,812655.17
2025-07-21 15:00:00,779.23,776.87,772.49,774.85,1254.22,971837.11
2025-07-21 16:00:00,774.85,771.45,761.56,764.27,1896.03,1449076.24
2025-07-21 17:00:00,764.27,768.64,764.16,765.11,1418.7,1085455.77
2025-07-21 18:00:00,765.11,763.02,759.15,759.86,1474.34,1120288.05
2025-07-21 19:00:00,759.86,759.07,754.99,757.32,1274.07,964881.31
2025-07-21 20:00:00,757.32,760.14,756.51,757.8,1361.3,1031588.9
2025-07-21 21:00:00,757.8,762.81,758.12,762.35,668.21,509406.92
2025-07-21 22:00:00,762.35,764.51,762.39,764.39,460.97,352361.22
2025-07-21 23:00:00,764.39,767.13,763.96,766.66,393.17,301427.61
2025-07-22 00:00:00,766.66,767.99,763.77,764.0,1064.85,813548.63
2025-07-22 01:00:00,764.0,770.19,762.54,770.19,2229.14,1716869.77
2025-07-22 02:00:00,770.19,768.9,764.92,766.56,2679.12,2053711.35
2025-07-22 03:00:00,766.56,768.46,758.02,760.37,1999.0,1519973.65
2025-07-22 04:00:00,760.37,757.2,745.07,745.54,3188.42,2377086.98
2025-07-22 05:00:00,745.54,754.74,749.58,751.81,2867.06,2155481.06
2025-07-22 06:00:00,751.81,761.49,753.82,757.95,2059.12,1560707.64
2025-07-22 07:00:00,757.95,762.29,757.57,758.39,1403.07,1064080.35
2025-07-22 08:00:00,758.39,760.45,754.42,759.27,655.61,497784.97
2025-07-22 09:00:00,759.27,761.9,758.59,760.84,921.29,700951.56
2025-07-22 10:00:00,760.84,764.5,760.81,762.71,699.5,533516.79
2025-07-22 11:00:00,762.71,765.86,762.64,765.86,455.87,349131.88
2025-07-22 12:00:00,765.86,767.38,764.04,764.15,326.74,249679.86
2025-07-22 13:00:00,764.15,760.52,756.73,760.16,941.12,715403.01
2025-07-22 14:00:00,760.16,766.91,763.7,764.53,504.67,385836.13
2025-07-22 15:00:00,764.53,766.62,763.05,764.0,443.06,338498.88
2025-07-22 16:00:00,764.06,775.39,763.12,768.7,1242.41,955041.52
2025-07-22 17:00:00,768.73,772.78,767.78,767.89,591.73,454386.5
2025-07-22 18:00:00,767.89,774.25,771.38,774.25,504.05,390261.18
2025-07-22 19:00:00,774.25,774.49,770.79,772.34,966.84,746730.08
2025-07-22 20:00:00,772.34,778.89,774.93,777.81,1204.19,936629.56
2025-07-22 21:00:00,777.81,777.88,775.13,776.92,739.45,574494.96
2025-07-22 22:00:00,776.92,780.21,775.05,777.69,354.68,275830.38
2025-07-22 23:00:00,777.69,788.31,776.55,787.11,1067.05,839890.11
2025-07-23 00:00:00,787.11,802.94,783.44,799.83,5259.83,4206946.62
2025-07-23 01:00:00,799.83,802.5,794.85,795.44,2194.23,1745384.88
2025-07-23 02:00:00,795.44,796.28,786.51,796.04,1555.73,1238430.71
2025-07-23 03:00:00,796.04,797.36,789.05,797.36,878.69,700628.0
2025-07-23 04:00:00,797.36,802.53,796.35,799.8,1240.68,992292.36
2025-07-23 05:00:00,799.8,800.7,795.36,796.55,960.52,765101.56
2025-07-23 06:00:00,796.55,797.02,792.99,794.65,475.59,377925.77
2025-07-23 07:00:00,794.65,798.01,792.33,794.58,703.79,559215.25
2025-07-23 08:00:00,794.58,796.68,791.94,793.84,623.83,495220.62
2025-07-23 09:00:00,793.84,793.69,790.62,791.8,1370.74,1085346.45
2025-07-23 10:00:00,791.8,800.33,791.92,799.98,1076.57,861231.04
2025-07-23 11:00:00,799.98,809.78,799.11,808.83,2265.63,1832511.46
2025-07-23 12:00:00,808.83,806.6,795.38,795.97,4054.6,3227357.53
2025-07-23 13:00:00,795.97,792.9,775.4,781.63,4192.51,3276971.17
2025-07-23 14:00:00,781.67,790.22,780.51,786.33,621.83,488177.96
2025-07-23 15:00:00,787.43,791.63,784.75,784.98,842.84,661616.28
2025-07-23 16:00:00,784.98,779.96,766.3,766.3,2395.92,1835996.86
2025-07-23 17:00:00,766.3,772.16,766.13,771.33,1521.63,1173680.65
2025-07-23 18:00:00,771.33,776.4,771.66,776.17,895.48,695040.33
2025-07-23 19:00:00,776.17,776.94,771.02,771.37,330.36,254831.16
2025-07-23 20:00:00,771.37,769.93,758.25,763.21,1269.94,969226.96
2025-07-23 21:00:00,763.21,771.53,757.82,768.93,991.17,762142.03
2025-07-23 22:00:00,768.93,775.1,768.1,774.15,596.11,461477.86
2025-07-23 23:00:00,774.15,778.67,774.87,777.01,364.58,283282.09
2025-07-24 00:00:00,777.01,785.06,775.29,784.35,1631.18,1279411.01
2025-07-24 01:00:00,784.35,785.46,782.95,784.38,352.71,276660.24
2025-07-24 02:00:00,784.38,785.64,781.36,783.03,794.58,622176.33
2025-07-24 03:00:00,783.03,780.69,778.2,779.98,364.02,283929.24
2025-07-24 04:00:00,779.98,777.23,767.78,768.02,927.6,712414.24
2025-07-24 05:00:00,768.02,765.94,752.29,752.29,1051.23,790831.51
2025-07-24 06:00:00,752.29,755.32,745.1,749.92,932.88,699581.5
2025-07-24 07:00:00,749.92,759.8,751.74,759.68,1670.9,1269350.45
2025-07-24 08:00:00,759.68,767.73,760.84,766.9,1249.65,958355.95
2025-07-24 09:00:00,766.9,767.56,764.47,766.37,446.65,342299.29
2025-07-24 10:00:00,766.37,767.12,758.83,763.57,361.95,276373.61
2025-07-24 11:00:00,763.57,771.94,764.47,770.76,818.72,631034.89
2025-07-24 12:00:00,770.76,770.89,766.14,769.34,417.25,321009.11
2025-07-24 13:00:00,769.34,768.19,764.88,765.35,237.35,181656.39
2025-07-24 14:00:00,765.35,778.11,769.17,777.03,819.01,636397.93
2025-07-24 15:00:00,777.03,780.65,776.36,778.74,811.88,632242.85
2025-07-24 16:00:00,778.74,775.24,770.37,775.0,759.17,588355.98
2025-07-24 17:00:00,775.0,786.38,778.87,781.97,526.42,411644.39
2025-07-24 18:00:00,782.67,788.05,780.93,781.31,515.01,402381.49
2025-07-24 19:00:00,782.04,781.9,779.52,779.52,1260.44,982538.52
2025-07-24 20:00:00,779.52,781.46,777.07,781.23,2145.51,1676127.47
2025-07-24 21:00:00,781.01,781.57,775.56,777.01,54.72,42601.74
2025-07-24 22:00:00,777.15,779.58,773.78,778.16,245.93,191372.19
2025-07-24 23:00:00,778.16,778.46,770.89,771.12,373.23,287805.79
2025-07-25 00:00:00,771.12,769.78,764.96,767.55,251.86,193314.48
2025-07-25 01:00:00,767.55,769.84,762.44,769.48,762.62,586823.02
2025-07-25 02:00:00,769.48,765.52,757.83,758.88,446.46,338809.94
2025-07-25 03:00:00,758.88,758.2,752.09,756.93,627.27,474801.95
2025-07-25 04:00:00,756.93,766.04,758.84,765.23,842.35,644587.32
2025-07-25 05:00:00,765.23,762.59,760.16,760.74,310.84,236468.99
2025-07-25 06:00:00,760.74,763.06,755.91,762.03,1621.66,1235747.42
2025-07-25 07:00:00,762.03,763.08,758.82,761.7,5860.81,4464174.78
2025-07-25 08:00:00,761.7,764.84,760.46,764.84,1016.92,777780.37
2025-07-25 09:00:00,764.84,773.18,769.11,771.43,1328.71,1025013.31
2025-07-25 10:00:00,771.43,773.7,767.76,769.51,381.31,293421.07
2025-07-25 11:00:00,769.51,771.56,769.46,771.56,269.93,208267.23
2025-07-25 12:00:00,771.56,774.17,768.83,774.17,1141.23,883503.18
2025-07-25 13:00:00,774.17,776.99,772.69,774.32,1776.57,1375629.42
2025-07-25 14:00:00,774.32,766.2,761.03,761.03,6398.23,4869220.64
2025-07-25 15:00:00,761.03,769.0,764.14,765.65,2104.06,1610969.78
2025-07-25 16:00:00,765.65,773.37,767.91,772.9,3310.96,2559053.78
2025-07-25 17:00:00,772.9,776.46,772.05,775.88,249.86,193860.42
2025-07-25 18:00:00,775.88,779.5,775.07,775.88,252.78,196127.73
2025-07-25 19:00:00,775.88,778.03,774.06,774.52,369.25,285993.3
2025-07-25 20:00:00,774.52,779.55,776.39,777.56,239.26,186039.4
2025-07-25 21:00:00,777.56,780.27,778.28,779.1,205.09,159785.35
2025-07-25 22:00:00,779.1,784.23,779.53,783.52,241.79,189447.58
2025-07-25 23:00:00,783.27,785.85,782.69,785.63,143.28,112423.58
2025-07-26 00:00:00,785.63,786.55,782.32,782.56,227.67,178165.01
2025-07-26 01:00:00,782.56,781.61,778.44,778.8,137.99,107465.93
2025-07-26 02:00:00,778.8,784.31,780.67,783.96,138.14,108295.87
2025-07-26 03:00:00,783.96,784.18,782.66,783.71,96.27,75448.2
2025-07-26 04:00:00,783.58,784.22,780.97,782.01,46.42,36328.57
2025-07-26 05:00:00,782.28,781.99,780.81,780.93,159.31,124409.79
2025-07-26 06:00:00,780.93,783.12,780.3,783.0,139.78,109447.85
2025-07-26 07:00:00,783.0,784.06,782.41,782.88,244.26,191227.03
2025-07-26 08:00:00,782.81,787.42,780.65,784.03,272.77,213860.65
2025-07-26 09:00:00,784.03,787.03,782.9,784.4,469.97,368645.76
2025-07-26 10:00:00,784.27,787.6,782.53,782.53,542.68,424661.34
2025-07-26 11:00:00,782.53,782.2,780.31,781.96,455.26,355995.33
2025-07-26 12:00:00,781.96,783.31,781.31,782.84,210.31,164639.07
2025-07-26 13:00:00,782.84,784.4,782.39,782.39,386.59,302462.79
2025-07-26 14:00:00,782.39,782.11,780.81,780.92,196.65,153568.67
2025-07-26 15:00:00,780.92,782.34,780.92,781.63,105.32,82321.13
2025-07-26 16:00:00,781.63,781.59,780.05,780.29,131.83,102865.35
2025-07-26 17:00:00,780.29,780.02,778.6,779.9,134.01,104514.4
2025-07-26 18:00:00,779.4,785.41,779.79,782.04,123.71,96745.96
2025-07-26 19:00:00,782.37,785.26,783.13,785.14,144.92,113782.59
2025-07-26 20:00:00,785.14,785.66,782.83,785.31,121.57,95469.54
2025-07-26 21:00:00,785.31,789.54,785.64,789.54,328.82,259615.63
2025-07-26 22:00:00,789.54,797.39,789.36,791.84,1289.13,1020789.66
2025-07-26 23:00:00,791.84,796.31,791.23,793.71,408.34,324103.83
2025-07-27 00:00:00,793.71,798.84,792.35,797.66,949.07,757033.05
2025-07-27 01:00:00,797.66,798.93,796.33,796.33,849.11,676169.93
2025-07-27 02:00:00,796.33,799.13,795.22,795.22,620.11,493124.46
2025-07-27 03:00:00,795.22,795.94,794.28,794.52,137.25,109047.39
2025-07-27 04:00:00,794.52,798.03,794.24,796.61,270.17,215220.14
2025-07-27 05:00:00,796.61,797.81,795.09,797.46,215.39,171764.45
2025-07-27 06:00:00,797.46,798.84,795.53,796.24,216.96,172751.5
2025-07-27 07:00:00,796.24,797.64,794.68,796.69,198.16,157872.84
2025-07-27 08:00:00,796.69,798.26,793.66,798.03,283.11,225929.87
2025-07-27 09:00:00,798.03,798.18,793.7,793.7,227.91,180892.48
2025-07-27 10:00:00,793.7,798.87,795.2,798.16,707.65,564817.32
2025-07-27 11:00:00,798.16,798.69,796.68,797.04,1142.6,910692.25
2025-07-27 12:00:00,797.04,798.04,795.44,795.79,1240.67,987315.31
2025-07-27 13:00:00,795.79,796.65,794.16,794.64,443.12,352119.84
2025-07-27 14:00:00,794.64,799.38,795.58,797.6,763.1,608647.33
2025-07-27 15:00:00,797.6,816.36,797.26,814.58,1716.33,1398094.37
2025-07-27 16:00:00,814.58,825.26,813.82,818.71,6545.85,5359125.64
2025-07-27 17:00:00,818.71,826.45,818.46,823.23,1181.29,972473.44
2025-07-27 18:00:00,823.23,828.13,822.05,827.29,3058.22,2530043.6
2025-07-27 19:00:00,827.29,830.83,825.71,830.71,900.2,747806.12
2025-07-27 20:00:00,830.72,831.05,825.69,830.67,695.39,577636.97
2025-07-27 21:00:00,830.76,840.01,832.02,838.7,1877.08,1574300.83
2025-07-27 22:00:00,838.7,846.68,837.83,840.22,1587.34,1333719.66
2025-07-27 23:00:00,840.22,845.84,838.43,844.17,1416.01,1195347.36
2025-07-28 00:00:00,844.17,847.85,839.62,842.12,1951.78,1643634.44
2025-07-28 01:00:00,842.12,846.3,840.58,845.46,1272.47,1075827.15
2025-07-28 02:00:00,845.46,852.59,842.2,843.51,2125.71,1793060.4
2025-07-28 03:00:00,843.51,845.9,839.93,841.96,1080.73,909934.04
2025-07-28 04:00:00,841.96,843.73,840.63,841.11,582.6,490031.02
2025-07-28 05:00:00,841.11,850.66,843.37,849.58,970.34,824383.66
2025-07-28 06:00:00,849.58,853.98,848.6,850.75,1072.99,912847.39
2025-07-28 07:00:00,850.75,859.46,846.14,856.01,2192.95,1877192.46
2025-07-28 08:00:00,855.94,860.33,852.55,856.83,958.9,821613.8
2025-07-28 09:00:00,857.9,861.58,852.9,853.97,1489.86,1272297.96
2025-07-28 10:00:00,853.97,852.77,845.28,846.71,1510.7,1279124.41
2025-07-28 11:00:00,846.71,851.84,846.14,850.77,754.99,642323.09
2025-07-28 12:00:00,850.77,857.94,847.24,850.21,1412.88,1201248.87
2025-07-28 13:00:00,850.21,848.61,840.68,842.57,957.82,807033.73
2025-07-28 14:00:00,842.57,841.96,832.17,832.99,1683.59,1402419.31
2025-07-28 15:00:00,832.99,840.45,832.06,836.2,874.25,731048.47
2025-07-28 16:00:00,836.2,839.38,832.66,838.32,1256.47,1053325.71
2025-07-28 17:00:00,838.32,836.7,831.06,832.7,961.95,801018.42
2025-07-28 18:00:00,832.7,834.11,827.63,829.75,1387.0,1150862.7
2025-07-28 19:00:00,829.75,834.99,830.97,831.68,528.42,439477.17
2025-07-28 20:00:00,831.68,832.21,824.18,824.18,2470.32,2036000.57
2025-07-28 21:00:00,824.18,827.43,822.11,825.65,379.12,313021.88
2025-07-28 22:00:00,825.65,827.46,821.8,824.98,362.11,298733.9
2025-07-28 23:00:00,824.98,829.13,821.46,824.06,585.83,482758.04
2025-07-29 00:00:00,824.06,831.13,822.05,831.13,775.48,644528.03
2025-07-29 01:00:00,831.13,831.87,826.33,826.45,450.55,372358.25
2025-07-29 02:00:00,826.45,831.43,816.91,817.14,5696.54,4654897.43
2025-07-29 03:00:00,816.95,832.0,823.28,828.97,963.6,798793.91
2025-07-29 04:00:00,829.23,832.49,826.91,827.63,664.92,550304.64
2025-07-29 05:00:00,827.18,835.41,830.08,833.89,266.74,222431.42
2025-07-29 06:00:00,833.89,838.57,830.53,830.53,1686.9,1401024.08
2025-07-29 07:00:00,830.1,831.33,825.38,825.5,2773.62,2289620.99
2025-07-29 08:00:00,825.5,830.94,825.47,827.01,633.04,523533.06
2025-07-29 09:00:00,826.79,832.57,824.83,832.57,750.98,625246.87
2025-07-29 10:00:00,832.6,830.08,820.62,822.27,745.51,613011.88
2025-07-29 11:00:00,822.27,830.11,823.71,826.32,2558.19,2113881.93
2025-07-29 12:00:00,826.32,829.18,822.64,822.64,539.03,443428.93
2025-07-29 13:00:00,822.64,821.84,814.13,815.2,684.04,557628.52
2025-07-29 14:00:00,815.2,813.53,806.93,811.65,979.15,794722.71
2025-07-29 15:00:00,811.65,808.71,801.2,804.72,1247.55,1003929.1
2025-07-29 16:00:00,804.72,809.53,804.24,806.71,940.9,759031.19
2025-07-29 17:00:00,806.71,815.41,806.81,815.29,3091.38,2520368.21
2025-07-29 18:00:00,815.29,814.78,806.91,807.49,906.6,732074.15
2025-07-29 19:00:00,807.49,807.11,803.0,803.35,168.77,135581.4
2025-07-29 20:00:00,803.35,805.38,801.5,802.68,259.68,208439.42
2025-07-29 21:00:00,802.68,808.52,802.41,806.52,161.09,129922.88
2025-07-29 22:00:00,806.52,808.45,802.92,805.98,712.58,574325.11
2025-07-29 23:00:00,805.98,808.85,804.48,805.19,699.58,563295.37
2025-07-30 00:00:00,805.19,805.74,796.67,805.74,853.31,687542.19
2025-07-30 01:00:00,805.74,809.16,803.62,808.34,259.04,209391.24
2025-07-30 02:00:00,808.34,810.6,807.53,807.53,117.3,94723.35
2025-07-30 03:00:00,807.53,808.45,804.08,804.67,322.31,259352.01
2025-07-30 04:00:00,804.67,805.04,799.26,799.73,333.07,266367.53
2025-07-30 05:00:00,799.73,802.09,797.73,800.68,2048.43,1640129.3
2025-07-30 06:00:00,800.68,805.76,802.09,804.81,1467.54,1181091.64
2025-07-30 07:00:00,804.81,805.06,799.39,800.34,455.46,364521.51
2025-07-30 08:00:00,800.34,806.68,801.7,803.95,1177.05,946294.33
2025-07-30 09:00:00,803.95,803.12,797.8,799.46,1002.91,801781.64
2025-07-30 10:00:00,799.46,799.37,793.12,794.3,999.4,793821.58
2025-07-30 11:00:00,794.3,791.86,787.15,788.45,1237.96,976067.45
2025-07-30 12:00:00,788.45,790.19,781.6,782.78,1739.38,1361543.31
2025-07-30 13:00:00,782.78,784.6,780.36,784.36,1314.93,1031380.94
2025-07-30 14:00:00,784.28,796.48,793.42,794.57,878.97,698401.72
2025-07-30 15:00:00,795.6,790.86,786.85,790.86,991.76,784340.58
2025-07-30 16:00:00,790.86,791.87,788.7,791.29,531.25,420370.68
2025-07-30 17:00:00,791.29,792.62,788.61,792.15,552.76,437867.87
2025-07-30 18:00:00,792.15,786.7,780.29,780.64,963.68,752290.37
2025-07-30 19:00:00,780.64,785.68,773.76,785.33,1744.46,1369978.9
2025-07-30 20:00:00,785.33,787.55,785.09,785.21,304.94,239440.69
2025-07-30 21:00:00,785.21,789.76,784.95,786.95,270.71,213034.52
2025-07-30 22:00:00,786.95,789.37,786.31,787.84,277.31,218476.43
2025-07-30 23:00:00,787.84,794.57,790.09,793.62,388.63,308426.14
2025-07-31 00:00:00,793.62,797.65,794.45,796.7,1179.89,940017.67
2025-07-31 01:00:00,796.7,796.17,793.22,795.82,293.61,233660.85
2025-07-31 02:00:00,795.82,798.46,795.5,796.68,715.5,570025.48
2025-07-31 03:00:00,796.68,799.37,796.88,799.01,366.94,293188.92
2025-07-31 04:00:00,799.01,803.65,797.49,802.7,887.74,712590.76
2025-07-31 05:00:00,802.7,802.87,800.5,801.33,714.55,572589.51
2025-07-31 06:00:00,801.33,804.18,802.4,803.47,360.55,289691.33
2025-07-31 07:00:00,803.47,805.26,802.3,803.84,1646.69,1323673.33
2025-07-31 08:00:00,803.84,810.01,803.25,809.78,1125.17,911135.6
2025-07-31 09:00:00,809.78,813.38,809.35,813.26,427.65,347791.2
2025-07-31 10:00:00,813.26,813.69,804.56,804.8,1545.51,1243828.52
2025-07-31 11:00:00,804.8,804.98,799.65,800.6,412.5,330245.84
2025-07-31 12:00:00,800.6,802.66,798.39,799.1,511.68,408883.36
2025-07-31 13:00:00,799.1,799.19,795.52,796.82,604.21,481446.71
2025-07-31 14:00:00,796.82,794.12,787.4,789.52,1075.36,849022.33
2025-07-31 15:00:00,789.52,800.37,791.97,799.54,1100.16,879621.43
2025-07-31 16:00:00,799.54,813.12,800.68,813.12,1663.75,1352831.34
2025-07-31 17:00:00,813.12,808.18,800.65,803.59,1444.55,1160826.78
2025-07-31 18:00:00,803.59,805.91,800.15,801.21,2638.75,2114183.14
2025-07-31 19:00:00,801.21,796.0,792.5,796.0,665.36,529626.03
2025-07-31 20:00:00,796.0,796.97,791.61,794.52,523.78,416154.74
2025-07-31 21:00:00,794.52,795.45,790.32,793.46,607.05,481672.61
2025-07-31 22:00:00,793.46,792.74,785.66,786.94,2315.93,1822496.2
2025-07-31 23:00:00,786.94,788.59,780.37,783.15,1954.72,1530844.17
2025-08-01 00:00:00,783.15,789.2,779.96,788.39,3790.0,2987996.96
2025-08-01 01:00:00,788.39,788.94,785.02,787.21,2281.78,1796248.65
2025-08-01 02:00:00,787.21,796.6,786.86,788.25,1628.0,1283272.65
2025-08-01 03:00:00,788.25,786.55,781.58,784.0,1111.72,871593.79
2025-08-01 04:00:00,784.0,784.52,779.66,779.9,974.19,759765.98
2025-08-01 05:00:00,779.9,781.29,776.44,777.6,1157.98,900440.07
2025-08-01 06:00:00,777.6,776.04,770.86,775.92,1574.34,1221566.85
2025-08-01 07:00:00,775.92,775.74,772.29,773.55,557.2,431024.61
2025-08-01 08:00:00,773.55,770.56,763.22,766.09,5388.76,4128268.86
2025-08-01 09:00:00,766.09,770.71,766.34,767.72,441.04,338594.87
2025-08-01 10:00:00,767.72,769.79,765.77,767.72,442.82,339961.71
2025-08-01 11:00:00,767.72,771.66,768.32,771.2,372.28,287101.76
2025-08-01 12:00:00,771.2,775.68,771.28,773.37,591.0,457059.85
2025-08-01 13:00:00,773.37,764.56,758.15,761.58,3268.12,2488947.63
2025-08-01 14:00:00,761.58,773.12,766.07,766.3,680.06,521131.56
2025-08-01 15:00:00,766.3,765.97,762.51,763.78,2133.36,1629417.75
2025-08-01 16:00:00,763.78,764.08,758.79,760.74,797.24,606493.42
2025-08-01 17:00:00,760.74,760.67,755.53,758.27,406.49,308229.64
2025-08-01 18:00:00,758.27,760.2,752.69,759.64,360.4,273772.45
2025-08-01 19:00:00,759.64,761.1,755.1,761.1,361.47,275115.5
2025-08-01 20:00:00,761.1,765.59,755.8,758.87,2140.92,1624686.28
2025-08-01 21:00:00,758.87,761.38,757.74,757.96,195.27,148007.51
2025-08-01 22:00:00,757.96,752.95,745.71,750.01,2593.05,1944808.34
2025-08-01 23:00:00,750.01,757.05,750.71,756.83,366.0,276998.53
2025-08-02 00:00:00,756.83,765.49,759.0,765.49,486.8,372638.48
2025-08-02 01:00:00,765.49,764.63,762.24,764.52,914.11,698852.79
2025-08-02 02:00:00,764.52,768.57,763.91,764.37,384.24,293700.16
2025-08-02 03:00:00,764.37,765.8,762.84,764.1,159.51,121880.87
2025-08-02 04:00:00,764.1,770.01,764.77,769.78,886.02,682043.64
2025-08-02 05:00:00,769.78,769.6,765.95,766.07,423.1,324123.27
2025-08-02 06:00:00,766.07,764.64,752.48,752.82,879.07,661782.77
2025-08-02 07:00:00,752.82,759.02,752.64,758.91,466.35,353916.68
2025-08-02 08:00:00,758.91,757.18,752.98,753.55,278.29,209704.37
2025-08-02 09:00:00,753.55,755.22,751.7,754.2,437.43,329907.99
2025-08-02 10:00:00,754.34,754.48,750.95,754.35,509.17,382322.69
2025-08-02 11:00:00,754.01,759.58,751.16,756.42,922.8,698024.07
2025-08-02 12:00:00,756.27,755.24,751.94,755.13,161.02,121590.36
2025-08-02 13:00:00,755.13,755.71,752.3,754.8,235.49,177747.86
2025-08-02 14:00:00,754.8,752.68,746.35,748.04,508.99,380747.35
2025-08-02 15:00:00,747.68,745.02,742.25,742.6,1089.23,808857.59
2025-08-02 16:00:00,742.63,748.09,741.0,746.89,508.97,378396.65
2025-08-02 17:00:00,747.65,742.24,736.77,741.22,1135.26,841472.76
2025-08-02 18:00:00,740.85,739.1,734.61,736.85,2453.84,1808121.74
2025-08-02 19:00:00,736.85,739.27,735.23,737.14,2325.28,1714059.97
2025-08-02 20:00:00,737.14,744.05,740.55,742.81,861.94,640256.8
2025-08-02 21:00:00,742.82,742.07,737.64,740.37,168.24,124559.36
2025-08-02 22:00:00,739.77,741.02,735.15,738.31,602.73,445002.16
2025-08-02 23:00:00,738.31,737.4,733.8,736.62,247.14,182047.2
2025-08-03 00:00:00,736.62,741.17,735.41,740.6,1095.42,811272.14
2025-08-03 01:00:00,740.45,741.7,738.97,738.97,95.93,70889.68
2025-08-03 02:00:00,739.52,744.62,741.78,744.17,336.91,250717.52
2025-08-03 03:00:00,744.17,744.78,742.4,744.21,122.36,91061.91
2025-08-03 04:00:00,744.21,744.47,741.97,743.11,62.4,46369.97
2025-08-03 05:00:00,743.11,744.93,744.02,744.82,48.98,36481.05
2025-08-03 06:00:00,744.82,745.29,743.47,745.06,263.53,196345.91
2025-08-03 07:00:00,745.06,748.67,746.05,747.99,151.93,113641.66
2025-08-03 08:00:00,747.99,749.01,747.3,748.56,338.53,253408.43
2025-08-03 09:00:00,748.56,748.63,746.47,747.83,108.96,81483.55
2025-08-03 10:00:00,747.83,750.76,749.39,750.19,889.05,666953.07
2025-08-03 11:00:00,750.19,751.12,748.5,748.5,819.09,613089.12
2025-08-03 12:00:00,748.5,750.56,748.73,750.1,106.32,79750.55
2025-08-03 13:00:00,750.1,751.22,749.51,750.76,1081.34,811831.79
2025-08-03 14:00:00,750.76,749.73,747.0,748.14,1379.6,1032129.86
2025-08-03 15:00:00,748.14,749.22,747.28,748.65,97.03,72641.14
2025-08-03 16:00:00,748.65,752.15,748.95,751.58,784.61,589694.98
2025-08-03 17:00:00,751.58,752.55,750.72,751.64,105.04,78951.88
2025-08-03 18:00:00,751.64,753.68,750.82,752.42,1735.02,1305469.57
2025-08-03 19:00:00,752.42,753.27,751.9,752.81,999.48,752422.31
2025-08-03 20:00:00,752.4,752.54,750.51,751.53,24.38,18314.41
2025-08-03 21:00:00,751.58,753.48,751.53,753.48,66.1,49804.73
2025-08-03 22:00:00,753.3,754.03,751.22,752.2,29.38,22103.31
2025-08-03 23:00:00,752.2,754.39,751.08,751.5,47.75,35958.69
2025-08-04 00:00:00,751.63,762.34,758.08,758.44,436.44,331011.92
2025-08-04 01:00:00,758.76,757.35,754.48,754.6,557.05,420347.77
2025-08-04 02:00:00,754.6,756.75,754.45,756.4,63.3,47880.42
2025-08-04 03:00:00,756.4,755.51,753.79,754.13,423.98,319736.67
2025-08-04 04:00:00,754.13,754.29,752.46,754.17,78.7,59353.55
2025-08-04 05:00:00,754.02,754.31,752.13,754.22,31.6,23796.15
2025-08-04 06:00:00,754.22,754.9,752.22,754.83,37.15,27977.12
2025-08-04 07:00:00,755.04,757.64,756.49,757.29,104.87,79417.41
2025-08-04 08:00:00,757.29,759.73,756.4,758.69,1189.03,902110.16
2025-08-04 09:00:00,758.69,757.9,757.21,757.21,1123.86,851003.25
2025-08-04 10:00:00,757.21,757.7,756.22,757.13,617.58,467590.41
2025-08-04 11:00:00,757.13,758.88,755.33,755.44,165.74,125206.64
2025-08-04 12:00:00,755.44,758.08,754.87,757.96,221.69,168033.02
2025-08-04 13:00:00,757.96,763.69,760.7,762.08,1070.73,815985.05
2025-08-04 14:00:00,762.08,762.26,759.74,761.0,2534.32,1928616.22
2025-08-04 15:00:00,761.0,763.81,759.79,760.71,488.84,371863.77
2025-08-04 16:00:00,760.71,768.88,763.46,768.19,700.26,537929.29
2025-08-04 17:00:00,768.19,767.62,765.89,766.24,2090.73,1601997.12
2025-08-04 18:00:00,766.4,766.22,762.91,764.38,380.14,290572.09
2025-08-04 19:00:00,764.05,764.05,760.25,761.0,42.9,32701.87
2025-08-04 20:00:00,760.87,764.73,761.17,764.73,1772.86,1355762.7
2025-08-04 21:00:00,764.73,767.81,765.85,766.54,4235.77,3246903.78
2025-08-04 22:00:00,766.94,771.67,766.07,767.19,96.31,73887.98
2025-08-04 23:00:00,766.87,769.61,766.87,768.64,84.29,64727.13
2025-08-05 00:00:00,769.12,769.79,764.24,766.83,534.35,409755.82
2025-08-05 01:00:00,766.93,768.01,763.18,763.43,46.04,35244.53
2025-08-05 02:00:00,763.26,766.45,763.35,766.34,156.38,119839.9
2025-08-05 03:00:00,766.34,763.54,760.57,760.8,143.4,109098.77
2025-08-05 04:00:00,760.8,762.94,760.66,761.57,104.02,79218.58
2025-08-05 05:00:00,761.26,765.17,762.61,763.71,113.27,86505.07
2025-08-05 06:00:00,763.88,765.91,761.8,763.52,1095.07,836102.8
2025-08-05 07:00:00,763.52,762.33,755.6,757.43,291.16,220532.02
2025-08-05 08:00:00,757.43,759.41,756.55,757.58,1523.62,1154262.32
2025-08-05 09:00:00,757.58,761.74,759.67,761.74,2481.12,1889962.16
2025-08-05 10:00:00,761.74,764.63,762.1,763.94,2485.28,1898595.61
2025-08-05 11:00:00,763.94,765.52,763.8,765.17,82.22,62912.67
2025-08-05 12:00:00,765.17,760.9,758.05,758.16,248.18,188160.39
2025-08-05 13:00:00,758.16,761.2,756.74,756.74,188.85,142910.95
2025-08-05 14:00:00,756.74,750.38,744.62,748.01,745.35,557527.21
2025-08-05 15:00:00,748.01,751.42,747.25,748.6,2028.54,1518569.07
2025-08-05 16:00:00,748.6,752.22,749.73,751.09,132.73,99692.51
2025-08-05 17:00:00,751.09,755.09,750.77,752.82,425.92,320638.98
2025-08-05 18:00:00,752.82,754.43,751.25,751.59,125.64,94430.28
2025-08-05 19:00:00,751.59,752.13,748.04,748.26,167.12,125049.93
2025-08-05 20:00:00,747.76,749.57,747.42,747.42,443.74,331661.8
2025-08-05 21:00:00,747.69,749.34,746.73,748.88,157.03,117597.25
2025-08-05 22:00:00,748.88,753.36,749.6,753.24,420.69,316881.91
2025-08-05 23:00:00,753.24,756.67,754.16,755.07,977.28,737913.25
2025-08-06 00:00:00,755.07,754.81,751.73,751.73,130.69,98243.85
2025-08-06 01:00:00,751.73,752.28,748.75,750.23,960.74,720775.08
2025-08-06 02:00:00,750.23,750.21,746.91,750.21,751.93,564103.98
2025-08-06 03:00:00,750.21,750.02,747.64,748.78,67.55,50579.83
2025-08-06 04:00:00,748.77,752.73,747.55,751.95,53.43,40102.05
2025-08-06 05:00:00,752.05,760.8,756.35,760.23,200.44,152380.49
2025-08-06 06:00:00,760.23,760.86,758.92,760.17,129.7,98594.13
2025-08-06 07:00:00,760.17,763.19,760.57,763.08,204.18,155805.41
2025-08-06 08:00:00,763.08,763.88,759.55,759.78,256.7,195035.63
2025-08-06 09:00:00,759.78,764.3,760.08,762.93,242.96,185362.3
2025-08-06 10:00:00,762.93,764.29,762.01,762.58,85.61,65284.42
2025-08-06 11:00:00,762.58,764.36,762.19,762.19,1155.67,880842.89
2025-08-06 12:00:00,762.13,763.84,758.9,758.9,88.05,67021.24
2025-08-06 13:00:00,759.41,765.22,761.25,762.69,166.99,127362.22
2025-08-06 14:00:00,763.08,772.74,768.71,768.94,1190.44,915377.38
2025-08-06 15:00:00,768.94,771.66,767.74,769.35,621.85,478422.62
2025-08-06 16:00:00,769.35,768.47,765.7,768.01,172.98,132849.56
2025-08-06 17:00:00,768.01,773.78,769.51,773.78,145.55,112624.19
2025-08-06 18:00:00,773.78,773.77,771.92,773.31,177.81,137501.75
2025-08-06 19:00:00,773.31,773.92,770.81,773.35,310.94,240464.37
2025-08-06 20:00:00,773.35,772.63,769.63,771.71,139.06,107313.51
2025-08-06 21:00:00,771.71,772.83,769.95,769.95,156.93,120828.29
2025-08-06 22:00:00,769.95,770.29,768.9,769.25,76.04,58493.71
2025-08-06 23:00:00,769.25,770.53,768.0,769.95,74.77,57569.34
2025-08-07 00:00:00,769.95,774.46,769.06,772.62,1324.55,1023373.59
2025-08-07 01:00:00,772.62,774.8,770.33,770.33,529.01,407510.17
2025-08-07 02:00:00,770.33,769.38,767.89,767.89,133.91,102828.26
2025-08-07 03:00:00,767.89,768.27,766.78,766.78,98.68,75665.9
2025-08-07 04:00:00,766.78,766.33,764.61,766.1,129.62,99301.84
2025-08-07 05:00:00,766.1,768.67,765.92,767.29,148.24,113743.69
2025-08-07 06:00:00,767.29,769.82,766.72,766.95,238.93,183248.02
2025-08-07 07:00:00,766.95,768.39,766.78,768.39,195.11,149920.06
2025-08-07 08:00:00,768.07,768.98,764.54,766.17,168.11,128853.11
2025-08-07 09:00:00,766.45,767.32,765.71,766.86,90.94,69738.01
2025-08-07 10:00:00,766.07,785.1,774.01,777.45,1003.73,780353.69
2025-08-07 11:00:00,777.42,778.69,775.43,777.18,253.02,196641.61
2025-08-07 12:00:00,777.18,776.82,773.44,776.0,2579.78,2001914.95
2025-08-07 13:00:00,776.0,779.76,775.56,776.84,1148.81,892444.61
2025-08-07 14:00:00,776.84,775.56,771.25,771.49,495.35,382156.12
2025-08-07 15:00:00,771.49,776.03,773.12,776.03,203.42,157860.97
2025-08-07 16:00:00,776.03,773.96,771.52,773.49,244.62,189212.2
2025-08-07 17:00:00,773.49,776.39,774.06,775.92,198.02,153648.31
2025-08-07 18:00:00,775.92,779.39,776.13,778.34,223.86,174239.58
2025-08-07 19:00:00,778.13,786.75,779.4,780.95,311.23,243055.02
2025-08-07 20:00:00,781.13,781.67,778.98,781.44,284.65,222436.1
2025-08-07 21:00:00,781.44,783.5,780.8,783.38,1157.09,906441.21
2025-08-07 22:00:00,783.38,787.74,784.69,787.51,307.97,242528.9
2025-08-07 23:00:00,787.23,789.38,785.85,788.98,411.08,324335.48
2025-08-08 00:00:00,788.93,791.74,786.23,786.69,1008.23,793169.2
2025-08-08 01:00:00,786.69,786.34,782.48,782.95,336.8,263698.11
2025-08-08 02:00:00,782.95,784.66,780.69,784.43,120.69,94672.66
2025-08-08 03:00:00,784.43,793.46,782.43,786.37,361.87,284563.03
2025-08-08 04:00:00,786.8,787.65,784.97,787.65,408.16,321488.67
2025-08-08 05:00:00,787.33,787.34,784.09,785.47,42.03,33021.08
2025-08-08 06:00:00,785.34,791.2,786.53,791.08,461.82,365337.46
2025-08-08 07:00:00,790.99,792.01,788.88,790.44,1281.91,1013276.18
2025-08-08 08:00:00,790.19,789.51,786.82,787.17,186.14,146524.16
2025-08-08 09:00:00,787.17,787.57,785.47,786.76,69.49,54671.66
2025-08-08 10:00:00,786.76,788.53,785.5,788.29,176.53,139157.47
2025-08-08 11:00:00,788.29,790.79,789.5,789.62,93.67,73963.79
2025-08-08 12:00:00,789.62,787.08,784.75,785.8,122.04,95899.13
2025-08-08 13:00:00,785.8,794.26,788.53,793.32,610.4,484244.27
2025-08-08 14:00:00,793.43,798.13,789.77,789.77,621.83,491099.92
2025-08-08 15:00:00,789.42,787.89,783.71,784.99,402.51,315965.64
2025-08-08 16:00:00,785.14,789.09,785.91,786.31,135.72,106718.19
2025-08-08 17:00:00,786.31,799.62,792.76,794.38,457.15,363149.58
2025-08-08 18:00:00,794.65,794.75,792.3,793.24,189.74,150508.81
2025-08-08 19:00:00,793.24,795.61,791.65,795.61,258.11,205356.14
2025-08-08 20:00:00,795.61,804.44,795.79,796.49,1021.2,813375.69
2025-08-08 21:00:00,795.98,796.91,794.88,796.34,243.54,193677.45
2025-08-08 22:00:00,795.98,796.66,793.44,794.65,1071.32,851326.01
2025-08-08 23:00:00,794.95,796.06,792.58,793.71,114.99,91250.63
2025-08-09 00:00:00,793.74,795.16,793.18,793.99,98.13,77914.54
2025-08-09 01:00:00,793.99,797.86,792.96,797.04,815.73,650169.29
2025-08-09 02:00:00,796.77,797.28,795.42,796.16,50.79,40453.59
2025-08-09 03:00:00,796.26,797.6,795.16,797.25,295.42,235523.73
2025-08-09 04:00:00,797.25,801.41,797.22,801.41,733.05,587473.48
2025-08-09 05:00:00,801.41,810.04,803.27,809.11,1540.04,1246062.94
2025-08-09 06:00:00,809.11,808.71,804.27,804.97,998.18,803509.23
2025-08-09 07:00:00,804.97,809.5,805.18,809.5,381.78,309051.19
2025-08-09 08:00:00,809.5,814.0,807.67,808.02,1155.96,934043.97
2025-08-09 09:00:00,807.95,816.71,808.69,813.76,1875.57,1526257.74
2025-08-09 10:00:00,813.68,818.01,812.72,816.25,830.8,678139.04
2025-08-09 11:00:00,816.25,814.53,811.6,811.72,729.96,592521.4
2025-08-09 12:00:00,811.72,815.18,811.55,814.59,330.15,268937.16
2025-08-09 13:00:00,814.59,814.34,807.32,807.79,496.38,400968.74
2025-08-09 14:00:00,807.78,813.9,808.87,809.29,226.95,183667.39
2025-08-09 15:00:00,809.09,809.27,806.23,806.58,279.21,225204.82
2025-08-09 16:00:00,806.58,807.07,803.22,803.92,248.53,199797.29
2025-08-09 17:00:00,803.92,805.96,803.75,804.91,198.69,159928.38
2025-08-09 18:00:00,804.72,808.36,804.11,806.24,545.06,439447.27
2025-08-09 19:00:00,806.38,808.12,804.62,804.97,176.42,142013.22
2025-08-09 20:00:00,804.97,807.33,805.58,807.33,322.47,260340.76
2025-08-09 21:00:00,807.33,806.27,801.49,802.77,154.63,124132.42
2025-08-09 22:00:00,802.4,801.96,793.86,798.98,907.09,724745.61
2025-08-09 23:00:00,798.51,799.43,797.94,798.97,68.17,54448.86
2025-08-10 00:00:00,798.87,811.19,801.7,806.01,158.14,127462.72
2025-08-10 01:00:00,806.01,809.24,801.93,808.81,1159.18,937556.19
2025-08-10 02:00:00,808.81,808.9,798.71,808.06,524.57,423881.51
2025-08-10 03:00:00,808.12,816.76,810.6,811.19,1825.89,1481141.21
2025-08-10 04:00:00,811.19,815.18,809.49,815.18,521.41,425040.78
2025-08-10 05:00:00,815.18,812.9,809.71,812.54,242.06,196684.14
2025-08-10 06:00:00,812.54,812.7,806.56,808.21,442.36,357520.27
2025-08-10 07:00:00,808.21,808.45,798.91,799.5,574.96,459678.95
2025-08-10 08:00:00,799.5,804.57,798.07,803.86,1065.43,856459.42
2025-08-10 09:00:00,803.86,804.53,800.87,803.47,271.18,217885.08
2025-08-10 10:00:00,803.47,802.92,798.08,798.67,240.44,192032.04
2025-08-10 11:00:00,798.67,802.11,798.91,799.27,348.21,278312.46
2025-08-10 12:00:00,799.27,802.95,797.5,802.83,631.03,506609.19
2025-08-10 13:00:00,802.83,802.9,797.22,797.45,146.51,116834.93
2025-08-10 14:00:00,797.45,802.66,798.86,801.71,311.07,249387.7
2025-08-10 15:00:00,801.71,804.27,800.47,802.13,215.01,172465.68
2025-08-10 16:00:00,802.13,801.78,800.59,801.54,265.37,212704.38
2025-08-10 17:00:00,801.54,803.1,800.02,802.15,207.75,166647.26
2025-08-10 18:00:00,802.15,803.26,802.31,802.78,82.68,66374.12
2025-08-10 19:00:00,802.78,805.26,802.64,803.12,172.71,138706.69
2025-08-10 20:00:00,803.12,803.04,800.55,802.33,237.86,190842.14
2025-08-10 21:00:00,802.33,805.04,801.83,802.07,147.07,117960.6
2025-08-10 22:00:00,802.2,809.48,806.08,806.93,154.52,124686.96
2025-08-10 23:00:00,805.97,807.62,804.04,807.14,198.06,159862.87
2025-08-11 00:00:00,807.14,810.82,806.18,806.77,885.45,714355.52
2025-08-11 01:00:00,806.77,815.24,811.28,811.52,331.34,268888.41
2025-08-11 02:00:00,811.52,827.77,814.73,825.34,1737.36,1433907.77
2025-08-11 03:00:00,825.34,824.27,818.31,821.11,367.74,301954.73
2025-08-11 04:00:00,821.11,826.36,820.62,820.62,468.79,384700.28
2025-08-11 05:00:00,820.62,823.96,820.06,820.54,488.48,400819.62
2025-08-11 06:00:00,820.54,823.86,819.7,821.17,647.49,531698.69
2025-08-11 07:00:00,821.17,817.63,810.22,812.04,455.08,369542.38
2025-08-11 08:00:00,812.04,815.96,811.58,815.84,406.7,331800.49
2025-08-11 09:00:00,815.84,814.96,810.1,811.07,292.73,237425.87
2025-08-11 10:00:00,811.07,809.81,806.54,806.78,290.45,234329.72
2025-08-11 11:00:00,806.78,802.86,795.51,795.99,918.78,731343.03
2025-08-11 12:00:00,795.99,797.64,789.63,797.05,378.17,301418.8
2025-08-11 13:00:00,797.05,801.37,795.85,799.09,355.63,284179.73
2025-08-11 14:00:00,800.87,802.86,795.59,802.86,183.17,147060.64
2025-08-11 15:00:00,802.7,807.26,802.45,807.26,300.77,242799.78
2025-08-11 16:00:00,807.26,808.39,802.75,808.39,436.93,353208.82
2025-08-11 17:00:00,808.39,806.91,803.69,805.0,294.14,236783.04
2025-08-11 18:00:00,805.0,810.28,804.65,810.04,213.1,172620.25
2025-08-11 19:00:00,810.04,807.59,805.09,806.16,249.28,200960.03
2025-08-11 20:00:00,806.16,807.46,804.49,807.46,182.78,147588.01
2025-08-11 21:00:00,807.46,808.21,800.96,803.22,405.03,325327.98
2025-08-11 22:00:00,803.22,804.91,800.75,802.89,152.9,122761.73
2025-08-11 23:00:00,802.89,809.99,801.56,805.24,381.96,307569.85
2025-08-12 00:00:00,805.24,814.74,806.05,813.91,654.67,532840.24
2025-08-12 01:00:00,813.91,815.04,809.92,810.28,1193.42,967000.12
2025-08-12 02:00:00,810.28,813.99,810.54,813.04,228.49,185770.67
2025-08-12 03:00:00,813.04,812.3,808.26,808.38,309.94,250548.22
2025-08-12 04:00:00,808.38,813.22,809.88,812.5,146.05,118666.02
2025-08-12 05:00:00,812.5,811.11,806.36,806.72,373.17,301043.01
2025-08-12 06:00:00,806.72,808.55,804.99,807.25,213.29,172177.36
2025-08-12 07:00:00,806.87,812.8,807.18,808.05,668.24,539969.28
2025-08-12 08:00:00,808.02,807.77,805.63,805.63,496.27,399812.11
2025-08-12 09:00:00,805.63,803.4,800.91,801.38,254.85,204232.49
2025-08-12 10:00:00,801.38,801.8,799.67,800.5,366.97,293758.06
2025-08-12 11:00:00,800.5,803.15,799.0,803.03,195.01,156599.37
2025-08-12 12:00:00,803.03,814.96,806.73,814.01,806.34,656364.89
2025-08-12 13:00:00,814.01,811.84,807.09,811.25,1391.72,1129027.76
2025-08-12 14:00:00,811.25,817.25,814.27,814.27,838.63,682867.7
2025-08-12 15:00:00,814.42,826.66,818.61,820.85,1241.38,1018980.62
2025-08-12 16:00:00,820.8,827.39,818.89,826.19,1281.23,1058543.32
2025-08-12 17:00:00,826.19,826.67,823.45,825.83,665.69,549748.38
2025-08-12 18:00:00,825.83,829.5,824.73,828.31,835.27,691859.16
2025-08-12 19:00:00,828.31,831.79,829.04,831.67,1171.51,974312.75
2025-08-12 20:00:00,831.67,841.58,834.85,837.49,1623.62,1359767.86
2025-08-12 21:00:00,837.49,836.78,831.75,831.75,534.48,444552.8
2025-08-12 22:00:00,831.75,838.1,832.58,834.74,344.58,287634.98
2025-08-12 23:00:00,835.02,837.64,829.84,832.59,1468.85,1222949.41
2025-08-13 00:00:00,832.49,837.09,829.43,835.29,1150.61,961096.21
2025-08-13 01:00:00,835.47,835.47,829.09,830.38,506.91,420931.4
2025-08-13 02:00:00,830.34,836.59,830.74,836.59,594.9,497689.87
2025-08-13 03:00:00,836.59,840.32,835.06,836.49,672.63,562649.67
2025-08-13 04:00:00,836.43,841.33,837.12,837.59,2943.48,2465423.43
2025-08-13 05:00:00,837.43,837.06,833.48,836.22,442.53,370053.17
2025-08-13 06:00:00,836.22,839.69,833.12,834.79,842.55,703354.47
2025-08-13 07:00:00,834.79,855.74,836.0,846.89,3961.26,3354736.36
2025-08-13 08:00:00,846.89,853.58,847.09,852.13,855.99,729418.6
2025-08-13 09:00:00,852.13,859.88,851.35,852.43,1731.21,1475738.76
2025-08-13 10:00:00,852.43,856.95,849.96,854.18,1133.65,968336.47
2025-08-13 11:00:00,854.18,855.24,851.14,855.0,656.86,561613.92
2025-08-13 12:00:00,855.0,854.77,850.44,852.6,676.31,576624.4
2025-08-13 13:00:00,852.6,867.22,850.42,853.22,1216.34,1037803.44
2025-08-13 14:00:00,853.22,848.24,841.1,846.18,997.88,844387.11
2025-08-13 15:00:00,846.18,847.51,839.28,841.58,1017.65,856436.84
2025-08-13 16:00:00,841.62,850.04,842.05,843.46,893.84,753919.77
2025-08-13 17:00:00,843.46,848.68,841.59,843.48,325.29,274374.63
2025-08-13 18:00:00,843.8,843.43,838.57,840.15,319.4,268342.87
2025-08-13 19:00:00,840.15,849.35,844.69,845.55,513.08,433833.32
2025-08-13 20:00:00,845.55,847.03,841.13,841.38,418.54,352149.91
2025-08-13 21:00:00,841.63,844.7,835.73,844.7,1612.86,1362390.65
2025-08-13 22:00:00,844.23,847.09,844.38,846.97,478.63,405383.43
2025-08-13 23:00:00,847.03,851.06,844.4,848.68,670.36,568921.4
2025-08-14 00:00:00,848.57,852.44,845.88,845.88,770.21,651503.38
2025-08-14 01:00:00,845.88,848.87,841.22,847.15,788.9,668313.6
2025-08-14 02:00:00,847.15,853.25,848.55,853.13,471.52,402265.53
2025-08-14 03:00:00,853.09,859.87,855.57,855.57,1284.84,1099270.12
2025-08-14 04:00:00,855.58,855.91,851.23,854.92,746.97,638601.97
2025-08-14 05:00:00,854.92,852.06,847.17,851.82,830.39,707339.87
2025-08-14 06:00:00,851.82,865.57,849.13,864.6,3271.57,2828594.23
2025-08-14 07:00:00,864.6,864.48,856.93,858.39,1373.21,1178750.24
2025-08-14 08:00:00,858.31,860.1,856.26,859.05,304.47,261124.26
2025-08-14 09:00:00,858.97,869.34,856.68,866.42,1454.57,1260267.24
2025-08-14 10:00:00,866.42,864.53,856.91,859.69,1069.27,919244.14
2025-08-14 11:00:00,859.69,864.25,859.77,862.44,745.26,642739.63
2025-08-14 12:00:00,862.44,850.8,834.98,835.22,3796.63,3171014.78
2025-08-14 13:00:00,835.22,845.82,823.67,844.52,2616.79,2209927.45
2025-08-14 14:00:00,844.52,854.26,845.1,853.31,1271.88,1085302.92
2025-08-14 15:00:00,853.31,852.02,846.46,847.17,1082.81,917322.59
2025-08-14 16:00:00,847.17,847.14,835.12,835.35,1615.63,1349620.68
2025-08-14 17:00:00,835.35,841.15,833.96,834.08,1189.85,992425.54
2025-08-14 18:00:00,834.08,842.54,834.38,839.35,1028.17,862992.16
2025-08-14 19:00:00,839.35,841.07,836.58,838.83,330.82,277500.38
2025-08-14 20:00:00,838.83,838.47,832.45,834.69,499.45,416886.09
2025-08-14 21:00:00,834.69,836.84,828.22,830.82,1312.23,1090223.29
2025-08-14 22:00:00,830.82,840.32,831.67,840.08,653.88,549310.66
2025-08-14 23:00:00,840.08,842.24,838.57,841.17,392.94,330530.22
2025-08-15 00:00:00,841.86,845.01,836.79,837.7,756.88,634039.52
2025-08-15 01:00:00,838.39,845.49,839.2,845.02,345.64,292072.27
2025-08-15 02:00:00,845.02,845.25,841.92,841.92,263.52,221863.65
2025-08-15 03:00:00,841.92,850.24,843.22,849.41,712.9,605544.75
2025-08-15 04:00:00,849.41,851.1,847.17,850.39,536.23,456002.52
2025-08-15 05:00:00,850.39,852.25,847.97,849.63,556.72,473007.34
2025-08-15 06:00:00,849.63,854.79,850.5,853.0,427.77,364887.69
2025-08-15 07:00:00,853.0,853.34,847.99,848.7,303.81,257844.14
2025-08-15 08:00:00,848.7,851.96,848.03,851.01,287.65,244792.45
2025-08-15 09:00:00,851.01,850.98,845.4,846.7,382.59,323940.04
2025-08-15 10:00:00,846.7,848.74,842.68,846.36,783.76,663346.89
2025-08-15 11:00:00,846.36,847.79,843.98,844.45,374.5,316247.47
2025-08-15 12:00:00,844.45,846.99,839.75,844.02,523.44,441794.86
2025-08-15 13:00:00,844.02,838.98,831.44,832.5,633.09,527046.78
2025-08-15 14:00:00,832.5,833.66,827.21,827.21,1290.09,1067168.99
2025-08-15 15:00:00,827.21,827.07,818.39,818.97,1032.83,845861.36
2025-08-15 16:00:00,819.08,822.29,816.1,819.2,1157.2,947972.99
2025-08-15 17:00:00,819.3,825.38,820.79,825.03,915.69,755469.37
2025-08-15 18:00:00,825.03,825.71,820.55,821.49,292.35,240161.97
2025-08-15 19:00:00,821.49,821.92,818.99,821.21,109.59,89996.95
2025-08-15 20:00:00,821.21,826.79,822.8,826.79,131.24,108507.57
2025-08-15 21:00:00,826.79,827.59,825.6,826.54,292.16,241481.31
2025-08-15 22:00:00,826.16,836.77,831.4,831.4,246.75,205147.22
2025-08-15 23:00:00,831.4,833.09,823.31,828.2,238.8,197773.58
2025-08-16 00:00:00,828.42,835.49,830.3,835.01,250.5,209171.19
2025-08-16 01:00:00,835.01,836.92,834.33,836.81,263.63,220606.95
2025-08-16 02:00:00,836.81,835.07,832.6,832.6,589.74,491019.39
2025-08-16 03:00:00,832.6,833.35,831.82,832.41,1865.48,1552841.55
2025-08-16 04:00:00,832.41,837.73,834.79,837.73,155.69,130426.82
2025-08-16 05:00:00,837.73,836.54,833.48,833.48,97.93,81622.48
2025-08-16 06:00:00,833.48,833.65,830.84,833.18,98.52,82085.38
2025-08-16 07:00:00,833.18,837.35,834.65,836.06,179.09,149729.98
2025-08-16 08:00:00,836.06,836.77,835.36,836.18,178.48,149241.31
2025-08-16 09:00:00,835.93,830.53,824.37,829.65,217.92,180798.3
2025-08-16 10:00:00,830.42,831.79,828.15,828.62,431.16,357267.07
2025-08-16 11:00:00,828.62,832.18,827.13,827.24,258.97,214231.6
2025-08-16 12:00:00,827.24,831.26,828.08,830.79,119.52,99295.5
2025-08-16 13:00:00,830.79,832.8,828.8,829.27,272.31,225818.66
2025-08-16 14:00:00,829.27,835.27,829.97,835.27,222.09,185506.14
2025-08-16 15:00:00,834.77,834.94,831.86,832.3,160.71,133758.52
2025-08-16 16:00:00,832.16,835.13,832.66,834.78,219.67,183376.43
2025-08-16 17:00:00,834.78,834.5,832.14,834.5,72.64,60618.1
2025-08-16 18:00:00,834.5,835.56,833.68,835.21,99.8,83354.12
2025-08-16 19:00:00,834.77,837.04,833.06,835.27,112.21,93725.91
2025-08-16 20:00:00,834.98,836.67,834.79,836.67,157.3,131608.68
2025-08-16 21:00:00,836.67,836.25,834.61,835.55,56.3,47041.27
2025-08-16 22:00:00,835.55,837.45,835.57,837.1,127.78,106964.12
2025-08-16 23:00:00,837.1,839.44,836.5,839.08,390.94,328031.8
2025-08-17 00:00:00,839.08,849.82,838.2,847.71,2188.66,1855338.92
2025-08-17 01:00:00,847.71,851.53,844.72,849.07,1012.57,859738.21
2025-08-17 02:00:00,849.07,851.01,846.06,846.89,364.25,308478.65
2025-08-17 03:00:00,846.55,847.13,844.06,844.86,97.9,82803.71
2025-08-17 04:00:00,845.08,850.8,847.96,849.38,384.04,326196.31
2025-08-17 05:00:00,849.38,850.28,848.04,848.39,254.25,215704.11
2025-08-17 06:00:00,848.39,852.32,847.72,849.96,563.82,479225.92
2025-08-17 07:00:00,849.96,856.05,850.03,854.75,724.28,619079.15
2025-08-17 08:00:00,854.75,857.86,855.14,857.51,389.82,334274.32
2025-08-17 09:00:00,857.51,864.14,857.03,862.12,1686.97,1454375.09
2025-08-17 10:00:00,862.12,863.55,860.35,860.71,594.04,511293.5
2025-08-17 11:00:00,860.71,864.07,859.81,862.18,393.67,339413.44
2025-08-17 12:00:00,862.18,862.36,856.45,859.05,765.62,657708.49
2025-08-17 13:00:00,859.05,861.89,857.38,858.57,382.09,328050.19
2025-08-17 14:00:00,858.57,858.76,856.28,858.65,527.85,453236.65
2025-08-17 15:00:00,858.65,862.46,858.68,860.69,321.97,277116.42
2025-08-17 16:00:00,860.69,858.15,854.96,856.5,293.33,251235.78
2025-08-17 17:00:00,856.5,857.42,855.18,855.77,245.65,210218.95
2025-08-17 18:00:00,855.41,856.17,849.25,852.2,184.9,158124.28
2025-08-17 19:00:00,852.8,857.24,850.1,851.88,215.86,183887.6
2025-08-17 20:00:00,851.83,853.11,851.82,853.11,81.03,69127.66
2025-08-17 21:00:00,853.11,854.88,852.29,854.65,117.14,100113.28
2025-08-17 22:00:00,854.65,858.94,856.23,858.35,663.32,569361.36
2025-08-17 23:00:00,858.35,858.01,854.14,855.78,452.81,387506.92
2025-08-18 00:00:00,855.78,857.72,853.14,857.6,298.43,255933.64
2025-08-18 01:00:00,857.6,851.18,843.84,844.89,838.36,708323.83
2025-08-18 02:00:00,844.89,839.83,835.55,837.86,863.19,723235.97
2025-08-18 03:00:00,837.86,837.55,833.51,836.16,351.86,294212.73
2025-08-18 04:00:00,836.16,839.98,835.13,838.14,280.48,235080.31
2025-08-18 05:00:00,838.14,840.36,832.84,835.61,515.05,430382.92
2025-08-18 06:00:00,835.61,832.42,827.0,829.19,585.87,485800.06
2025-08-18 07:00:00,829.19,830.9,827.67,830.78,676.65,562147.35
2025-08-18 08:00:00,830.78,833.11,829.65,832.19,1640.9,1365536.3
2025-08-18 09:00:00,832.19,838.0,831.21,833.05,799.58,666093.93
2025-08-18 10:00:00,833.29,832.0,824.75,832.0,219.47,182598.75
2025-08-18 11:00:00,831.58,832.39,830.32,831.82,165.3,137499.43
2025-08-18 12:00:00,831.82,840.95,835.51,840.02,842.41,707641.89
2025-08-18 13:00:00,840.02,835.28,832.29,832.64,2779.89,2314641.26
2025-08-18 14:00:00,832.64,841.44,838.2,839.12,220.82,185295.19
2025-08-18 15:00:00,839.12,843.61,840.7,842.1,2748.43,2314440.69
2025-08-18 16:00:00,840.01,842.53,833.88,839.94,335.32,281647.2
2025-08-18 17:00:00,839.55,846.86,841.74,846.16,202.99,171763.03
2025-08-18 18:00:00,846.24,846.3,843.06,846.0,70.07,59162.33
2025-08-18 19:00:00,846.0,846.61,842.92,845.34,147.83,124874.19
2025-08-18 20:00:00,845.49,847.35,845.37,846.07,173.62,146895.12
2025-08-18 21:00:00,846.02,846.83,844.05,846.39,41.32,34947.38
2025-08-18 22:00:00,846.65,854.43,844.77,854.43,475.11,405950.47
2025-08-18 23:00:00,854.43,853.35,847.19,847.54,354.39,300358.7
2025-08-19 00:00:00,847.09,855.74,850.53,850.53,577.82,491453.1
2025-08-19 01:00:00,849.54,844.8,842.83,843.18,151.72,127927.04
2025-08-19 02:00:00,843.2,851.11,839.96,850.68,971.83,826716.03
2025-08-19 03:00:00,850.6,848.02,841.47,842.16,1120.71,943815.89
2025-08-19 04:00:00,842.16,849.84,843.61,849.15,652.06,553694.02
2025-08-19 05:00:00,849.15,846.69,841.17,844.05,416.8,351798.69
2025-08-19 06:00:00,843.83,846.53,841.43,841.86,142.55,120006.97
2025-08-19 07:00:00,841.59,841.93,838.01,838.59,614.17,515036.45
2025-08-19 08:00:00,838.59,842.61,839.26,841.22,754.99,635114.54
2025-08-19 09:00:00,841.22,844.9,841.9,844.78,234.16,197813.98
2025-08-19 10:00:00,844.78,846.65,841.86,844.45,178.99,151084.55
2025-08-19 11:00:00,844.67,847.47,844.93,846.78,248.34,210289.64
2025-08-19 12:00:00,846.53,846.7,843.81,845.09,96.0,81120.07
2025-08-19 13:00:00,845.55,843.34,840.8,842.88,255.95,215734.32
2025-08-19 14:00:00,842.88,836.17,830.7,830.7,801.58,665871.43
2025-08-19 15:00:00,830.7,835.7,829.67,832.4,1041.79,867188.25
2025-08-19 16:00:00,831.91,828.35,819.24,827.11,705.59,583600.17
2025-08-19 17:00:00,827.11,837.58,833.39,833.39,766.74,638995.58
2025-08-19 18:00:00,833.61,831.84,827.31,827.77,354.76,293658.68
2025-08-19 19:00:00,827.37,833.42,826.38,832.59,458.86,382042.36
2025-08-19 20:00:00,832.59,838.01,832.6,835.93,554.22,463288.49
2025-08-19 21:00:00,835.46,836.73,833.33,836.62,593.51,496540.98
2025-08-19 22:00:00,836.62,835.81,833.55,835.25,390.78,326398.37
2025-08-19 23:00:00,835.25,832.99,823.62,823.96,541.79,446411.06
2025-08-20 00:00:00,823.96,829.83,824.73,825.53,686.98,567119.77
2025-08-20 01:00:00,825.17,830.3,824.14,828.25,10841.98,8979865.92
2025-08-20 02:00:00,828.25,834.55,829.58,830.41,864.46,717858.22
2025-08-20 03:00:00,830.78,837.05,830.69,836.59,258.07,215899.63
2025-08-20 04:00:00,836.61,842.43,834.93,836.18,131.6,110041.19
2025-08-20 05:00:00,836.03,836.19,833.77,834.32,96.8,80787.87
2025-08-20 06:00:00,834.81,837.29,834.1,836.72,238.46,199524.11
2025-08-20 07:00:00,836.56,837.14,831.7,834.21,238.16,198675.93
2025-08-20 08:00:00,834.63,839.06,833.71,834.28,756.61,631221.29
2025-08-20 09:00:00,834.28,833.13,829.04,829.38,962.19,798021.66
2025-08-20 10:00:00,829.31,834.13,829.31,834.07,145.25,120995.43
2025-08-20 11:00:00,833.99,834.85,826.88,831.08,241.88,201020.92
2025-08-20 12:00:00,831.08,836.5,831.45,832.71,282.74,235441.21
2025-08-20 13:00:00,832.71,824.81,816.95,824.4,352.5,290601.16
2025-08-20 14:00:00,824.4,840.66,826.75,828.86,543.21,450245.24
2025-08-20 15:00:00,828.86,837.94,826.87,832.83,482.15,401549.32
2025-08-20 16:00:00,833.09,842.43,835.37,839.92,1060.73,890929.19
2025-08-20 17:00:00,839.92,846.41,842.41,845.15,526.45,444928.69
2025-08-20 18:00:00,845.15,853.46,839.84,853.46,2277.7,1943921.47
2025-08-20 19:00:00,853.46,871.64,859.18,869.13,3318.28,2884002.24
2025-08-20 20:00:00,869.13,876.75,867.83,872.97,1308.69,1142452.29
2025-08-20 21:00:00,872.61,882.49,868.59,877.28,1508.8,1323633.88
2025-08-20 22:00:00,877.75,881.87,873.73,875.79,822.49,720331.74
2025-08-20 23:00:00,875.79,875.13,869.07,869.07,954.99,829954.67
2025-08-21 00:00:00,869.07,876.41,867.84,874.81,1402.55,1226970.87
2025-08-21 01:00:00,874.81,884.16,876.01,882.67,2204.31,1945674.01
2025-08-21 02:00:00,882.67,877.39,867.81,869.29,1509.79,1312447.67
2025-08-21 03:00:00,869.29,869.24,864.91,866.39,430.05,372591.99
2025-08-21 04:00:00,866.39,865.2,862.36,863.95,330.34,285397.85
2025-08-21 05:00:00,863.95,865.74,860.15,863.34,481.2,415440.9
2025-08-21 06:00:00,863.34,866.9,861.89,864.74,458.94,396862.0
2025-08-21 07:00:00,864.74,865.59,859.67,862.63,526.2,453917.77
2025-08-21 08:00:00,862.63,861.33,856.11,856.79,605.17,518502.73
2025-08-21 09:00:00,856.79,856.92,848.53,851.37,2521.82,2146999.17
2025-08-21 10:00:00,851.37,851.62,849.81,850.71,215.83,183609.48
2025-08-21 11:00:00,850.71,852.09,849.03,851.29,599.05,509968.18
2025-08-21 12:00:00,851.29,851.57,847.84,847.95,272.09,230719.62
2025-08-21 13:00:00,847.75,851.57,846.88,850.72,220.92,187940.43
2025-08-21 14:00:00,850.69,852.04,848.64,850.23,391.9,333205.31
2025-08-21 15:00:00,850.23,848.18,840.97,841.53,718.51,604647.26
2025-08-21 16:00:00,841.69,844.49,838.41,838.41,81.19,68376.36
2025-08-21 17:00:00,838.68,845.1,841.71,842.13,294.81,248269.02
2025-08-21 18:00:00,842.07,844.08,839.69,840.03,148.31,124584.21
2025-08-21 19:00:00,840.03,838.25,835.56,836.23,291.52,243779.21
2025-08-21 20:00:00,836.23,838.87,835.73,838.42,290.82,243830.64
2025-08-21 21:00:00,838.9,842.63,837.96,838.81,179.58,150633.76
2025-08-21 22:00:00,839.53,842.7,838.87,842.07,41.04,34518.26
2025-08-21 23:00:00,841.97,842.23,839.08,839.41,209.8,176109.08
2025-08-22 00:00:00,839.37,843.49,839.37,841.99,61.57,51838.15
2025-08-22 01:00:00,842.09,846.15,842.21,846.15,149.93,126863.88
2025-08-22 02:00:00,846.15,852.24,847.37,848.73,494.7,419866.65
2025-08-22 03:00:00,848.73,847.93,843.53,845.56,153.92,130149.13
2025-08-22 04:00:00,845.7,850.5,845.7,849.52,246.91,209775.45
2025-08-22 05:00:00,849.15,853.27,850.1,850.1,136.76,116259.46
2025-08-22 06:00:00,850.34,851.14,845.56,850.28,288.66,245441.63
2025-08-22 07:00:00,850.28,856.89,846.93,850.4,279.01,237269.26
2025-08-22 08:00:00,850.97,853.21,850.05,851.63,717.99,611464.11
2025-08-22 09:00:00,851.63,852.81,846.93,848.86,2956.54,2509676.42
2025-08-22 10:00:00,848.86,846.94,843.79,846.94,567.47,480610.82
2025-08-22 11:00:00,846.94,849.83,843.54,848.93,201.87,171374.23
2025-08-22 12:00:00,848.93,852.55,845.7,848.4,2756.83,2338890.03
2025-08-22 13:00:00,847.41,853.53,841.86,850.34,1714.74,1449247.04
2025-08-22 14:00:00,851.17,915.67,865.37,872.29,1690.42,1474536.14
2025-08-22 15:00:00,872.47,878.77,873.77,876.45,1294.63,1134672.01
2025-08-22 16:00:00,877.15,901.91,879.12,884.82,2249.33,1990252.84
2025-08-22 17:00:00,884.53,899.04,888.86,894.48,1491.63,1334228.09
2025-08-22 18:00:00,894.48,894.84,889.93,892.62,829.91,740793.24
2025-08-22 19:00:00,892.62,898.12,890.89,894.74,983.66,880121.62
2025-08-22 20:00:00,894.54,897.8,892.46,894.96,252.05,225546.34
2025-08-22 21:00:00,896.4,899.26,891.98,897.32,859.93,771629.46
2025-08-22 22:00:00,897.19,896.83,893.45,895.67,390.19,349480.14
2025-08-22 23:00:00,895.67,901.14,896.93,899.97,829.15,746211.42
2025-08-23 00:00:00,899.46,897.33,889.64,890.12,825.72,734992.41
2025-08-23 01:00:00,890.43,887.98,881.81,887.98,914.56,812114.53
2025-08-23 02:00:00,887.98,884.21,878.06,883.86,351.7,310852.72
2025-08-23 03:00:00,884.14,884.16,878.53,882.75,632.02,557916.55
2025-08-23 04:00:00,882.41,890.45,884.19,886.62,1108.6,982907.94
2025-08-23 05:00:00,886.62,892.55,886.64,890.58,1077.36,959474.62
2025-08-23 06:00:00,890.58,889.98,887.43,889.17,296.96,264048.21
2025-08-23 07:00:00,889.17,890.74,886.81,887.15,296.17,262748.45
2025-08-23 08:00:00,887.17,892.02,885.89,890.13,555.15,494156.71
2025-08-23 09:00:00,890.07,897.11,889.13,893.64,2555.53,2283722.14
2025-08-23 10:00:00,893.64,892.35,886.23,886.46,310.18,274961.74
2025-08-23 11:00:00,886.46,888.81,884.2,888.24,398.81,354238.41
2025-08-23 12:00:00,886.91,891.1,882.07,890.44,210.09,186004.81
2025-08-23 13:00:00,890.58,892.28,887.68,891.93,1990.78,1775640.52
2025-08-23 14:00:00,891.93,890.36,886.81,888.76,396.85,352703.23
2025-08-23 15:00:00,888.76,891.62,887.72,888.4,941.67,836584.27
2025-08-23 16:00:00,888.4,891.43,882.23,883.61,1603.63,1416987.95
2025-08-23 17:00:00,883.61,884.95,879.09,881.16,278.07,245023.55
2025-08-23 18:00:00,881.16,882.39,880.9,881.7,200.37,176666.71
2025-08-23 19:00:00,881.7,884.26,881.04,883.34,191.76,169389.58
2025-08-23 20:00:00,883.34,884.81,882.05,882.05,298.83,263581.74
2025-08-23 21:00:00,882.05,880.26,877.39,880.03,594.32,523022.14
2025-08-23 22:00:00,880.03,882.39,880.2,882.16,143.34,126449.26
2025-08-23 23:00:00,881.86,883.76,877.05,880.18,461.8,405406.11
2025-08-24 00:00:00,880.21,885.62,879.85,885.5,885.62,784220.42
2025-08-24 01:00:00,885.5,886.26,881.64,881.87,457.53,403482.78
2025-08-24 02:00:00,881.87,880.64,875.58,876.85,654.74,574107.61
2025-08-24 03:00:00,876.85,878.89,874.75,878.31,247.41,217303.71
2025-08-24 04:00:00,878.31,881.94,879.29,880.44,134.22,118172.86
2025-08-24 05:00:00,880.44,879.55,875.07,877.6,458.43,402317.18
2025-08-24 06:00:00,877.6,876.63,870.08,870.89,483.42,421003.47
2025-08-24 07:00:00,871.05,872.67,868.86,870.29,796.8,693445.15
2025-08-24 08:00:00,870.32,871.66,865.46,868.76,252.83,219348.44
2025-08-24 09:00:00,869.39,869.85,867.9,868.59,318.19,276375.81
2025-08-24 10:00:00,868.59,868.25,862.06,862.17,966.75,833504.63
2025-08-24 11:00:00,862.17,864.03,860.71,861.4,617.59,531989.78
2025-08-24 12:00:00,861.4,861.6,859.88,860.91,2536.17,2183420.98
2025-08-24 13:00:00,860.91,864.48,860.13,863.11,208.25,179742.34
2025-08-24 14:00:00,863.11,868.24,861.6,868.24,406.62,353043.5
2025-08-24 15:00:00,868.24,869.91,865.33,867.39,271.06,235114.55
2025-08-24 16:00:00,867.39,867.99,864.9,867.3,242.83,210607.47
2025-08-24 17:00:00,867.3,875.09,868.34,873.95,1525.08,1332842.95
2025-08-24 18:00:00,874.02,882.66,875.26,879.21,536.8,471960.08
2025-08-24 19:00:00,879.41,874.07,853.02,869.34,5635.47,4899161.96
2025-08-24 20:00:00,869.34,871.42,868.27,869.06,2290.98,1990992.13
2025-08-24 21:00:00,869.06,877.66,869.98,875.85,1110.69,972802.78
2025-08-24 22:00:00,875.85,882.53,876.17,877.42,820.02,719502.06
2025-08-24 23:00:00,877.42,879.64,875.32,876.46,267.76,234680.27
2025-08-25 00:00:00,876.46,873.85,868.1,873.06,706.41,616738.32
2025-08-25 01:00:00,873.06,877.21,874.95,874.95,230.93,202052.66
2025-08-25 02:00:00,874.95,879.22,876.84,879.0,495.38,435437.75
2025-08-25 03:00:00,879.0,876.06,871.43,876.06,262.29,229782.31
2025-08-25 04:00:00,876.06,878.01,873.72,876.99,381.1,334221.26
2025-08-25 05:00:00,876.99,877.75,873.59,874.15,1067.62,933261.75
2025-08-25 06:00:00,874.15,871.27,862.99,863.1,1283.02,1107380.36
2025-08-25 07:00:00,863.1,863.22,858.2,858.42,408.52,350682.94
2025-08-25 08:00:00,858.42,861.32,856.42,860.54,429.67,369749.76
2025-08-25 09:00:00,860.54,863.71,858.91,860.92,293.96,253075.39
2025-08-25 10:00:00,860.92,854.68,849.02,851.57,1144.1,974286.2
2025-08-25 11:00:00,851.57,855.6,852.48,854.26,331.19,282923.71
2025-08-25 12:00:00,854.26,862.97,856.61,862.97,747.56,645123.01
2025-08-25 13:00:00,862.97,863.66,859.53,860.43,404.97,348446.95
2025-08-25 14:00:00,860.19,872.88,857.03,870.55,1409.05,1226647.98
2025-08-25 15:00:00,870.64,870.16,862.53,863.54,460.22,397420.32
2025-08-25 16:00:00,863.54,868.39,864.79,866.37,414.96,359508.55
2025-08-25 17:00:00,866.75,867.05,861.97,863.79,124.88,108073.97
2025-08-25 18:00:00,863.89,866.89,863.63,865.32,268.11,232000.12
2025-08-25 19:00:00,865.22,865.69,854.03,854.67,357.25,307940.5
2025-08-25 20:00:00,853.73,850.34,838.39,838.39,1300.6,1090412.68
2025-08-25 21:00:00,838.39,841.82,836.54,838.96,1364.56,1144808.19
2025-08-25 22:00:00,838.96,844.15,840.18,842.39,371.09,312601.77
2025-08-25 23:00:00,842.46,842.46,837.37,839.43,174.01,146085.65
2025-08-26 00:00:00,839.56,837.16,830.4,833.23,937.49,781149.01
2025-08-26 01:00:00,833.23,846.19,838.94,845.09,572.51,483824.95
2025-08-26 02:00:00,845.18,848.33,838.65,848.33,714.45,606089.25
2025-08-26 03:00:00,847.45,849.08,844.58,844.8,171.57,144941.95
2025-08-26 04:00:00,845.04,851.25,845.48,845.48,335.27,283464.29
2025-08-26 05:00:00,845.99,846.83,844.3,845.51,170.4,144075.17
2025-08-26 06:00:00,845.22,845.28,840.42,841.75,104.93,88324.69
2025-08-26 07:00:00,841.44,844.71,842.17,842.95,760.53,641085.86
2025-08-26 08:00:00,842.95,843.73,840.86,843.18,123.76,104351.45
2025-08-26 09:00:00,843.18,844.4,841.75,844.18,92.1,77748.83
2025-08-26 10:00:00,844.18,845.45,840.71,843.24,810.67,683591.59
2025-08-26 11:00:00,843.24,843.07,840.54,841.75,305.29,256978.78
2025-08-26 12:00:00,841.34,856.3,842.36,847.3,1666.1,1411694.04
2025-08-26 13:00:00,847.11,848.51,843.55,846.2,616.17,521400.5
2025-08-26 14:00:00,845.46,853.08,843.9,852.69,441.52,374679.69
2025-08-26 15:00:00,852.69,853.77,848.45,849.86,241.28,205229.76
2025-08-26 16:00:00,849.72,858.5,853.43,856.29,584.39,500409.61
2025-08-26 17:00:00,856.29,855.53,851.79,851.79,358.79,305614.18
2025-08-26 18:00:00,851.79,857.79,854.35,855.57,429.64,367587.75
2025-08-26 19:00:00,855.59,861.17,854.02,861.13,149.87,128373.07
2025-08-26 20:00:00,861.09,863.96,861.73,863.96,283.08,244568.47
2025-08-26 21:00:00,863.96,866.13,862.89,862.89,138.1,119165.01
2025-08-26 22:00:00,862.98,867.12,862.9,864.6,174.01,150583.37
2025-08-26 23:00:00,864.6,868.12,863.33,863.93,89.44,77416.41
2025-08-27 00:00:00,863.93,864.11,860.38,861.42,128.18,110458.84
2025-08-27 01:00:00,861.42,862.01,858.63,861.39,264.61,227753.52
2025-08-27 02:00:00,861.21,863.84,859.06,863.18,266.91,230390.36
2025-08-27 03:00:00,863.18,865.85,859.61,862.4,453.36,390977.08
2025-08-27 04:00:00,862.4,865.69,863.13,864.35,256.79,221957.19
2025-08-27 05:00:00,864.35,863.66,860.76,861.76,300.69,259124.03
2025-08-27 06:00:00,861.71,861.71,858.51,859.12,33.05,28412.02
2025-08-27 07:00:00,858.87,858.26,855.94,857.38,108.5,93025.31
2025-08-27 08:00:00,857.38,858.27,855.72,857.27,145.61,124827.54
2025-08-27 09:00:00,857.08,857.74,853.15,857.74,162.26,139177.53
2025-08-27 10:00:00,857.88,859.43,857.27,857.27,36.37,31202.86
2025-08-27 11:00:00,857.27,860.33,856.81,859.82,480.51,412569.07
2025-08-27 12:00:00,859.48,860.43,858.32,859.54,230.33,197978.54
2025-08-27 13:00:00,860.15,861.97,857.05,859.49,108.19,92927.51
2025-08-27 14:00:00,859.49,866.15,859.15,862.64,354.88,306535.49
2025-08-27 15:00:00,862.64,866.24,863.89,865.12,130.79,113149.63
2025-08-27 16:00:00,865.3,866.7,861.69,864.79,67.42,58200.29
2025-08-27 17:00:00,864.79,867.15,862.71,866.09,57.5,49726.15
2025-08-27 18:00:00,866.09,867.41,863.52,863.69,70.24,60849.08
2025-08-27 19:00:00,863.69,864.58,858.64,861.43,59.84,51594.16
2025-08-27 20:00:00,860.87,867.38,863.22,865.02,539.61,466772.46
2025-08-27 21:00:00,865.02,861.08,857.96,860.3,446.74,384329.28
2025-08-27 22:00:00,860.3,859.52,856.63,858.19,405.96,348389.02
2025-08-27 23:00:00,858.26,859.7,855.53,855.6,40.78,34980.62
2025-08-28 00:00:00,855.5,857.48,853.36,853.81,414.8,354158.54
2025-08-28 01:00:00,853.81,857.97,855.85,856.41,426.65,365387.08
2025-08-28 02:00:00,856.41,857.91,854.12,856.68,635.16,544130.85
2025-08-28 03:00:00,856.5,865.47,856.35,864.15,255.47,219858.41
2025-08-28 04:00:00,864.33,872.19,867.11,868.69,200.11,173833.42
2025-08-28 05:00:00,868.69,871.78,867.04,868.85,276.43,240175.48
2025-08-28 06:00:00,868.85,873.91,871.19,871.53,261.37,227792.26
2025-08-28 07:00:00,871.53,871.25,868.65,869.33,1065.77,926504.76
2025-08-28 08:00:00,869.33,872.17,869.34,869.91,537.04,467175.04
2025-08-28 09:00:00,869.91,868.08,865.6,866.27,139.08,120481.4
2025-08-28 10:00:00,865.91,870.44,865.22,870.26,82.9,71957.28
2025-08-28 11:00:00,870.76,874.55,868.22,874.55,297.82,260457.1
2025-08-28 12:00:00,874.55,878.18,873.76,876.82,480.23,421074.48
2025-08-28 13:00:00,876.82,878.66,872.9,874.26,1500.07,1311443.88
2025-08-28 14:00:00,874.26,877.06,871.52,874.8,807.82,706681.74
2025-08-28 15:00:00,874.32,870.81,860.9,869.91,646.53,562421.47
2025-08-28 16:00:00,869.8,868.25,863.86,864.99,193.03,166968.71
2025-08-28 17:00:00,864.99,881.0,865.04,876.17,4425.11,3877146.87
2025-08-28 18:00:00,876.6,877.64,868.68,870.47,1585.49,1380125.24
2025-08-28 19:00:00,870.43,869.33,866.53,868.99,299.94,260645.56
2025-08-28 20:00:00,868.99,870.67,868.32,869.67,267.24,232409.9
2025-08-28 21:00:00,869.67,873.6,870.58,873.6,264.57,231128.8
2025-08-28 22:00:00,873.6,877.17,874.92,877.17,163.27,143215.01
2025-08-28 23:00:00,877.17,878.93,873.75,873.75,239.11,208922.49
2025-08-29 00:00:00,873.55,876.71,866.4,875.81,1019.8,893151.2
2025-08-29 01:00:00,875.24,875.05,869.7,874.16,493.21,431145.25
2025-08-29 02:00:00,874.16,875.83,871.48,873.16,740.89,646912.5
2025-08-29 03:00:00,873.16,876.28,872.93,873.6,776.33,678199.32
2025-08-29 04:00:00,873.6,872.12,869.67,870.34,286.45,249308.65
2025-08-29 05:00:00,870.34,871.45,868.33,870.67,452.11,393637.7
2025-08-29 06:00:00,870.67,871.49,864.59,866.03,1561.42,1352240.28
2025-08-29 07:00:00,866.03,860.16,855.31,857.29,628.54,538843.8
2025-08-29 08:00:00,857.29,855.84,852.66,852.99,455.13,388220.92
2025-08-29 09:00:00,852.99,856.93,852.98,856.39,619.63,530641.84
2025-08-29 10:00:00,856.39,859.52,855.89,856.0,215.63,184579.75
2025-08-29 11:00:00,856.0,857.76,855.01,855.01,256.4,219224.21
2025-08-29 12:00:00,855.01,864.38,857.51,864.38,441.42,381553.56
2025-08-29 13:00:00,864.38,857.62,850.86,857.3,512.82,439639.16
2025-08-29 14:00:00,857.3,859.42,849.25,858.23,2329.39,1999163.11
2025-08-29 15:00:00,858.23,861.1,857.85,858.39,893.4,766885.73
2025-08-29 16:00:00,858.39,861.34,856.77,858.83,881.49,757053.83
2025-08-29 17:00:00,858.83,857.62,855.56,856.43,302.81,259334.06
2025-08-29 18:00:00,856.48,858.15,853.91,854.58,154.66,132442.57
2025-08-29 19:00:00,854.58,860.61,853.69,858.19,179.91,154387.64
2025-08-29 20:00:00,858.38,858.01,854.99,855.85,605.92,518577.79
2025-08-29 21:00:00,855.85,862.13,858.99,859.2,599.3,514920.08
2025-08-29 22:00:00,858.82,859.43,857.0,859.43,62.88,53997.78
2025-08-29 23:00:00,859.74,863.24,858.91,862.59,308.64,266230.61
2025-08-30 00:00:00,862.59,862.16,857.62,859.56,381.3,327752.04
2025-08-30 01:00:00,859.56,854.07,852.46,853.0,219.97,187633.33
2025-08-30 02:00:00,853.0,858.52,855.18,856.47,216.73,185622.56
2025-08-30 03:00:00,856.47,863.3,860.59,860.59,205.95,177237.81
2025-08-30 04:00:00,860.59,860.61,857.79,857.9,444.35,381207.9
2025-08-30 05:00:00,857.9,859.94,856.91,858.75,356.94,306523.1
2025-08-30 06:00:00,858.75,862.14,858.02,861.05,651.65,561105.61
2025-08-30 07:00:00,861.05,863.31,860.49,860.49,96.39,82942.31
2025-08-30 08:00:00,860.49,861.27,859.42,859.53,107.59,92476.98
2025-08-30 09:00:00,859.53,859.65,858.89,859.32,353.28,303582.09
2025-08-30 10:00:00,859.32,860.14,858.3,860.14,101.96,87699.88
2025-08-30 11:00:00,860.14,862.49,860.1,860.21,189.77,163241.38
2025-08-30 12:00:00,860.21,861.18,855.1,855.32,422.64,361491.56
2025-08-30 13:00:00,855.32,855.7,853.74,855.37,534.82,457469.39
2025-08-30 14:00:00,855.37,857.37,855.3,857.37,265.41,227554.38
2025-08-30 15:00:00,857.37,859.88,858.47,859.34,215.15,184886.54
2025-08-30 16:00:00,859.34,858.95,857.54,857.65,135.01,115790.72
2025-08-30 17:00:00,857.65,858.56,857.36,858.45,132.04,113349.94
2025-08-30 18:00:00,857.74,859.07,857.21,858.7,49.3,42312.22
2025-08-30 19:00:00,859.01,859.78,858.15,859.24,53.2,45711.35
2025-08-30 20:00:00,859.24,858.97,857.02,858.97,73.89,63469.64
2025-08-30 21:00:00,858.97,860.68,858.51,860.58,98.96,85162.61
2025-08-30 22:00:00,860.58,861.93,860.08,861.82,485.42,418345.46
2025-08-30 23:00:00,861.82,865.12,861.96,861.96,206.91,178348.47
2025-08-31 00:00:00,862.3,880.49,863.52,863.52,462.8,399635.9
2025-08-31 01:00:00,863.25,863.34,861.2,863.03,163.32,140744.69
2025-08-31 02:00:00,863.07,862.98,861.45,862.76,89.01,76794.66
2025-08-31 03:00:00,862.76,864.04,859.89,863.5,730.18,630508.75
2025-08-31 04:00:00,863.26,863.27,859.29,859.85,83.92,72205.55
2025-08-31 05:00:00,860.36,860.92,859.83,860.59,96.76,83270.74
2025-08-31 06:00:00,859.87,858.7,855.15,858.25,215.61,185048.1
2025-08-31 07:00:00,858.25,861.49,858.37,858.82,134.73,115708.78
2025-08-31 08:00:00,859.05,861.55,860.79,861.23,67.95,58520.38
2025-08-31 09:00:00,861.23,860.11,856.53,859.89,442.14,380193.97
2025-08-31 10:00:00,859.89,862.25,858.45,858.67,484.06,415647.61
2025-08-31 11:00:00,858.67,860.25,857.11,860.25,89.76,77216.24
2025-08-31 12:00:00,860.25,860.69,858.09,860.69,300.25,258422.76
2025-08-31 13:00:00,860.69,862.34,860.39,860.61,283.62,244085.61
2025-08-31 14:00:00,860.61,862.03,860.07,860.07,109.22,93937.37
2025-08-31 15:00:00,859.89,865.22,859.39,861.18,343.08,295453.47
2025-08-31 16:00:00,862.15,868.17,862.18,865.89,757.6,655995.38
2025-08-31 17:00:00,865.89,867.01,864.94,864.94,130.35,112744.28
2025-08-31 18:00:00,864.94,866.34,864.71,865.58,180.21,155986.24
2025-08-31 19:00:00,865.58,865.31,863.89,864.98,101.96,88193.24
2025-08-31 20:00:00,864.98,867.92,866.51,867.05,123.68,107236.95
2025-08-31 21:00:00,867.05,867.74,865.99,867.63,150.1,130231.27
2025-08-31 22:00:00,867.63,866.55,863.61,864.26,116.74,100894.25
2025-08-31 23:00:00,864.17,864.18,857.17,857.41,130.07,111761.11
2025-09-01 00:00:00,857.96,861.77,856.9,861.34,403.18,347273.42
2025-09-01 01:00:00,861.34,865.06,860.73,861.81,1377.0,1186713.89
2025-09-01 02:00:00,861.81,858.82,855.59,856.35,340.33,291440.95
2025-09-01 03:00:00,856.35,857.58,855.11,856.61,433.74,371547.16
2025-09-01 04:00:00,856.61,854.53,850.66,851.95,254.09,216472.5
2025-09-01 05:00:00,851.95,855.81,853.44,853.44,136.14,116187.07
2025-09-01 06:00:00,853.44,855.16,852.46,854.94,316.1,270247.86
2025-09-01 07:00:00,854.94,870.39,865.58,865.79,409.22,354300.51
2025-09-01 08:00:00,865.79,867.55,863.17,863.5,929.13,802300.11
2025-09-01 09:00:00,863.5,863.33,858.4,858.4,1239.81,1064258.55
2025-09-01 10:00:00,858.4,855.28,849.74,853.87,722.83,617203.06
2025-09-01 11:00:00,853.61,855.68,851.69,852.27,197.48,168703.15
2025-09-01 12:00:00,852.14,855.13,852.84,853.05,351.33,299703.34
2025-09-01 13:00:00,853.05,852.91,851.05,852.03,328.83,280174.61
2025-09-01 14:00:00,852.03,854.1,852.35,852.68,513.64,437969.12
2025-09-01 15:00:00,852.68,851.01,845.35,847.53,2661.37,2255584.99
2025-09-01 16:00:00,847.53,848.42,845.7,848.09,872.7,740132.15
2025-09-01 17:00:00,848.09,849.67,844.88,845.86,347.46,293901.63
2025-09-01 18:00:00,845.86,848.6,845.32,847.29,1639.6,1389212.15
2025-09-01 19:00:00,847.29,849.47,847.06,849.47,136.43,115892.73
2025-09-01 20:00:00,849.47,847.08,843.37,845.55,424.0,358513.94
2025-09-01 21:00:00,845.8,849.45,839.22,843.91,650.9,549302.09
2025-09-01 22:00:00,843.87,849.71,844.4,844.72,473.52,399992.28
2025-09-01 23:00:00,844.72,851.11,845.1,845.86,2221.74,1879285.71
2025-09-02 00:00:00,845.86,845.67,843.38,845.45,1220.84,1032162.39
2025-09-02 01:00:00,845.45,849.73,847.65,848.85,182.52,154932.98
2025-09-02 02:00:00,848.85,857.64,853.67,853.78,304.27,259779.77
2025-09-02 03:00:00,853.78,855.26,851.06,852.39,372.82,317786.64
2025-09-02 04:00:00,852.39,855.02,850.5,853.48,712.07,607736.4
2025-09-02 05:00:00,853.48,853.51,851.52,852.4,122.59,104496.24
2025-09-02 06:00:00,852.55,857.92,853.94,855.27,184.92,158156.25
2025-09-02 07:00:00,855.27,855.44,848.0,855.0,149.69,127985.53
2025-09-02 08:00:00,855.3,858.54,854.23,855.56,207.41,177450.71
2025-09-02 09:00:00,855.56,856.72,852.19,852.19,351.59,299620.84
2025-09-02 10:00:00,852.19,852.38,848.19,851.61,232.14,197691.89
2025-09-02 11:00:00,851.61,849.13,847.6,848.04,131.76,111737.34
2025-09-02 12:00:00,848.04,845.13,839.47,841.54,311.27,261945.7
2025-09-02 13:00:00,841.54,859.95,850.39,851.28,451.97,384752.36
2025-09-02 14:00:00,851.28,853.36,848.79,850.46,783.84,666627.23
2025-09-02 15:00:00,850.46,848.31,845.32,846.98,622.5,527246.25
2025-09-02 16:00:00,846.43,849.09,846.13,847.05,397.11,337117.38
2025-09-02 17:00:00,847.2,851.5,848.17,850.95,213.84,181966.61
2025-09-02 18:00:00,850.69,850.7,847.41,849.46,790.06,671932.57
2025-09-02 19:00:00,849.88,851.35,843.23,850.93,586.53,499094.52
2025-09-02 20:00:00,850.03,855.06,851.94,852.05,92.77,79044.41
2025-09-02 21:00:00,852.05,853.48,849.48,853.48,97.77,83445.2
2025-09-02 22:00:00,853.61,853.61,850.86,852.5,114.5,97550.29
2025-09-02 23:00:00,852.5,852.76,851.05,851.83,24.63,20979.93
2025-09-03 00:00:00,852.03,852.84,850.28,850.95,234.15,199249.42
2025-09-03 01:00:00,850.95,852.13,848.58,852.13,522.98,445648.61
2025-09-03 02:00:00,852.48,855.61,849.97,853.01,100.26,85522.79
2025-09-03 03:00:00,853.13,852.61,850.5,851.61,258.02,219732.79
2025-09-03 04:00:00,851.61,852.9,851.34,852.68,116.77,99566.88
2025-09-03 05:00:00,852.56,852.62,850.14,850.51,71.69,60946.77
2025-09-03 06:00:00,850.75,852.19,850.53,852.08,90.69,77275.05
2025-09-03 07:00:00,852.08,855.52,853.41,854.63,96.7,82642.83
2025-09-03 08:00:00,854.4,855.9,850.29,853.74,215.89,184314.73
2025-09-03 09:00:00,853.74,862.14,854.31,855.61,104.42,89342.91
2025-09-03 10:00:00,855.61,859.57,853.89,853.89,250.11,213566.1
2025-09-03 11:00:00,853.72,854.71,852.81,854.26,140.44,119972.45
2025-09-03 12:00:00,854.26,852.95,848.73,852.4,393.69,335579.96
2025-09-03 13:00:00,852.83,865.41,854.36,857.9,404.56,347072.29
2025-09-03 14:00:00,857.15,866.12,860.62,861.63,245.46,211495.25
2025-09-03 15:00:00,861.92,865.32,859.94,859.94,564.25,485223.51
2025-09-03 16:00:00,860.62,859.67,857.09,858.88,76.82,65979.42
2025-09-03 17:00:00,858.88,864.01,859.07,860.19,119.94,103171.04
2025-09-03 18:00:00,859.9,861.94,858.36,858.81,488.37,419415.14
2025-09-03 19:00:00,858.81,862.2,856.83,857.27,444.19,380791.97
2025-09-03 20:00:00,857.11,857.83,853.57,854.69,349.94,299089.83
2025-09-03 21:00:00,854.69,856.25,852.44,855.13,140.96,120539.45
2025-09-03 22:00:00,855.13,855.84,853.48,855.84,85.78,73413.57
2025-09-03 23:00:00,855.84,855.57,853.45,855.01,119.84,102464.49
2025-09-04 00:00:00,855.01,858.78,856.2,856.54,158.04,135367.24
2025-09-04 01:00:00,856.54,856.91,855.01,855.35,274.6,234877.99
2025-09-04 02:00:00,855.55,851.02,845.72,851.02,145.06,123449.5
2025-09-04 03:00:00,851.02,851.34,845.62,848.7,193.59,164300.25
2025-09-04 04:00:00,848.72,849.49,846.45,847.19,56.84,48209.98
2025-09-04 05:00:00,847.25,847.38,844.72,847.16,182.74,154809.54
2025-09-04 06:00:00,847.16,847.37,845.16,847.26,115.58,97926.6
2025-09-04 07:00:00,847.26,848.55,847.45,847.78,61.35,52011.15
2025-09-04 08:00:00,847.78,849.46,847.69,847.8,153.46,130103.61
2025-09-04 09:00:00,847.8,849.35,847.69,848.25,88.66,75205.51
2025-09-04 10:00:00,848.62,851.01,845.27,847.92,70.51,59786.83
2025-09-04 11:00:00,848.34,850.22,847.45,848.12,77.21,65483.15
2025-09-04 12:00:00,847.69,853.03,847.73,849.05,106.91,90772.27
2025-09-04 13:00:00,848.92,848.53,845.22,848.09,124.87,105901.13
2025-09-04 14:00:00,848.09,846.76,843.36,846.54,168.9,142981.05
2025-09-04 15:00:00,846.54,845.28,843.3,844.29,309.18,261037.77
2025-09-04 16:00:00,844.29,845.22,843.04,845.01,131.3,110949.19
2025-09-04 17:00:00,844.98,846.63,844.18,844.69,72.23,61073.78
2025-09-04 18:00:00,844.81,846.34,841.94,841.94,177.0,149023.69
2025-09-04 19:00:00,842.02,845.49,841.21,843.35,120.04,101235.67
2025-09-04 20:00:00,843.62,848.43,845.67,845.67,77.39,65446.44
2025-09-04 21:00:00,845.67,848.4,846.08,848.07,87.08,73849.61
2025-09-04 22:00:00,848.07,855.61,848.92,849.03,904.99,768367.04
2025-09-04 23:00:00,849.03,845.44,841.45,843.78,1265.95,1068183.74
2025-09-05 00:00:00,843.78,844.02,841.26,844.02,1171.35,988645.05
2025-09-05 01:00:00,844.02,849.13,846.69,846.69,444.77,376581.51
2025-09-05 02:00:00,846.69,848.51,845.94,847.39,153.01,129659.45
2025-09-05 03:00:00,847.39,847.46,845.68,846.12,72.92,61699.13
2025-09-05 04:00:00,846.12,847.2,844.97,846.2,548.36,464020.52
2025-09-05 05:00:00,845.97,848.41,846.24,846.68,98.48,83380.6
2025-09-05 06:00:00,846.76,849.74,846.83,846.83,139.43,118073.51
2025-09-05 07:00:00,846.83,854.98,850.01,850.58,2339.51,1989932.41
2025-09-05 08:00:00,850.58,849.75,846.82,849.75,586.87,498691.62
2025-09-05 09:00:00,849.75,849.96,847.04,849.74,222.6,189151.93
2025-09-05 10:00:00,849.74,850.28,847.69,850.16,218.41,185684.33
2025-09-05 11:00:00,850.16,851.37,850.13,850.92,83.85,71349.76
2025-09-05 12:00:00,850.92,858.87,853.21,854.68,530.15,453110.55
2025-09-05 13:00:00,854.68,858.65,853.67,856.27,328.91,281636.97
2025-09-05 14:00:00,856.68,848.18,823.82,848.18,940.42,797644.11
2025-09-05 15:00:00,848.01,850.37,847.38,848.93,524.48,445245.82
2025-09-05 16:00:00,848.93,850.87,848.99,849.54,374.06,317780.36
2025-09-05 17:00:00,849.54,851.5,847.96,849.73,282.54,240082.84
2025-09-05 18:00:00,849.73,854.4,850.06,850.62,79.64,67743.03
2025-09-05 19:00:00,850.62,854.41,851.06,851.06,80.05,68127.51
2025-09-05 20:00:00,851.06,853.13,851.23,852.24,140.68,119892.75
2025-09-05 21:00:00,852.24,850.58,844.16,850.03,245.72,208868.5
2025-09-05 22:00:00,850.03,852.28,850.95,851.39,222.4,189349.85
2025-09-05 23:00:00,851.48,851.48,849.42,849.99,80.04,68012.2
2025-09-06 00:00:00,850.22,852.13,850.47,852.13,180.7,153980.65
2025-09-06 01:00:00,852.09,855.97,851.22,855.1,962.25,822822.48
2025-09-06 02:00:00,855.35,858.52,855.52,855.52,339.67,290593.54
2025-09-06 03:00:00,855.52,859.75,854.19,858.3,856.36,735016.53
2025-09-06 04:00:00,858.3,859.74,856.41,858.19,810.83,695842.63
2025-09-06 05:00:00,858.19,857.61,856.06,856.5,179.64,153862.46
2025-09-06 06:00:00,856.5,859.28,856.62,858.5,258.77,222154.26
2025-09-06 07:00:00,858.5,859.65,857.77,859.54,599.88,515621.56
2025-09-06 08:00:00,859.54,860.95,859.17,859.4,269.58,231675.71
2025-09-06 09:00:00,859.4,859.06,856.62,857.07,390.5,334684.89
2025-09-06 10:00:00,857.07,860.06,857.4,859.84,370.54,318603.92
2025-09-06 11:00:00,859.84,862.24,859.8,861.24,333.61,287318.54
2025-09-06 12:00:00,861.24,864.61,861.39,861.72,637.28,549160.09
2025-09-06 13:00:00,861.72,863.74,859.97,861.52,302.72,260800.18
2025-09-06 14:00:00,861.52,863.4,859.96,863.28,132.31,114221.18
2025-09-06 15:00:00,863.28,860.3,857.65,859.86,378.26,325248.82
2025-09-06 16:00:00,859.86,862.35,858.71,861.24,556.73,479479.43
2025-09-06 17:00:00,861.24,860.82,859.28,859.72,128.46,110439.36
2025-09-06 18:00:00,859.72,861.1,859.0,859.77,185.22,159247.21
2025-09-06 19:00:00,859.77,858.97,858.09,858.09,85.29,73186.45
2025-09-06 20:00:00,858.09,859.23,857.9,858.67,160.21,137568.17
2025-09-06 21:00:00,858.67,860.17,858.62,859.17,105.96,91038.04
2025-09-06 22:00:00,859.17,860.15,857.95,859.82,135.55,116548.5
2025-09-06 23:00:00,859.82,863.1,859.91,861.23,154.14,132749.72
2025-09-07 00:00:00,861.23,864.1,861.45,861.9,503.39,433870.06
2025-09-07 01:00:00,861.9,863.66,862.0,862.23,126.14,108761.13
2025-09-07 02:00:00,862.23,866.18,863.08,866.18,236.86,205162.39
2025-09-07 03:00:00,866.18,868.48,864.94,866.16,400.28,346705.18
2025-09-07 04:00:00,866.16,866.82,865.05,865.83,86.57,74954.57
2025-09-07 05:00:00,865.83,868.15,865.5,868.04,175.04,151942.17
2025-09-07 06:00:00,868.04,867.66,865.12,867.66,177.41,153931.47
2025-09-07 07:00:00,867.66,869.86,866.87,867.98,165.91,144006.51
2025-09-07 08:00:00,868.08,872.96,868.23,872.53,1052.34,918201.17
2025-09-07 09:00:00,872.51,873.47,870.14,871.14,241.49,210370.65
2025-09-07 10:00:00,871.14,874.69,871.91,873.03,242.13,211385.8
2025-09-07 11:00:00,873.03,874.12,871.79,873.68,156.35,136599.76
2025-09-07 12:00:00,873.68,874.08,869.75,870.19,219.98,191424.64
2025-09-07 13:00:00,870.19,872.97,870.86,872.64,141.14,123163.84
2025-09-07 14:00:00,872.64,874.82,871.93,874.38,572.09,500223.65
2025-09-07 15:00:00,874.38,875.83,874.05,874.83,812.99,711224.5
2025-09-07 16:00:00,874.83,874.89,873.0,873.22,1019.81,890522.47
2025-09-07 17:00:00,873.5,874.37,872.68,873.68,78.2,68322.58
2025-09-07 18:00:00,873.59,875.71,874.0,875.28,165.09,144500.25
2025-09-07 19:00:00,875.51,877.1,875.32,875.32,136.21,119227.67
2025-09-07 20:00:00,875.32,876.57,874.34,874.57,91.37,79909.11
2025-09-07 21:00:00,874.37,874.73,873.9,874.11,54.44,47612.19
2025-09-07 22:00:00,874.02,876.38,874.15,876.38,156.97,137564.97
2025-09-07 23:00:00,876.38,881.92,874.7,880.03,1572.12,1383516.18
2025-09-08 00:00:00,880.03,883.49,877.06,882.61,493.6,435654.72
2025-09-08 01:00:00,882.61,884.95,878.07,878.18,497.69,437061.62
2025-09-08 02:00:00,878.18,883.67,879.22,882.11,322.99,284914.06
2025-09-08 03:00:00,882.11,883.53,880.42,882.2,370.63,326968.53
2025-09-08 04:00:00,882.2,881.76,877.66,878.54,678.84,596391.27
2025-09-08 05:00:00,878.54,879.63,872.86,874.75,408.96,357735.87
2025-09-08 06:00:00,874.75,875.55,873.33,873.33,212.9,185930.99
2025-09-08 07:00:00,873.33,875.41,872.73,874.29,423.65,370394.1
2025-09-08 08:00:00,874.29,877.38,870.01,872.36,1088.56,949613.0
2025-09-08 09:00:00,872.36,876.84,874.93,876.16,530.13,464480.11
2025-09-08 10:00:00,876.16,879.1,875.63,877.42,296.29,259970.19
2025-09-08 11:00:00,877.42,878.75,873.57,878.32,795.23,698464.61
2025-09-08 12:00:00,878.53,879.02,877.26,877.92,75.49,66288.13
2025-09-08 13:00:00,878.02,879.87,876.41,878.87,327.49,287820.1
2025-09-08 14:00:00,878.87,885.0,880.61,880.72,199.83,175994.04
2025-09-08 15:00:00,880.72,882.76,879.27,880.17,316.47,278548.08
2025-09-08 16:00:00,880.17,880.34,878.2,880.23,455.1,400591.3
2025-09-08 17:00:00,879.94,879.97,873.93,877.81,105.37,92494.97
2025-09-08 18:00:00,878.64,881.2,879.17,880.64,161.7,142398.8
2025-09-08 19:00:00,880.64,878.53,876.06,877.86,153.93,135128.22
2025-09-08 20:00:00,877.86,878.95,876.71,878.95,93.01,81751.08
2025-09-08 21:00:00,878.44,882.43,878.0,882.24,135.34,119209.27
2025-09-08 22:00:00,882.24,882.38,878.61,879.03,127.34,112041.07
2025-09-08 23:00:00,879.11,879.34,876.98,878.11,149.44,131224.12
2025-09-09 00:00:00,878.11,877.9,874.77,876.11,200.79,175914.19
2025-09-09 01:00:00,876.11,874.36,871.91,873.14,119.26,104130.31
2025-09-09 02:00:00,873.14,874.36,872.8,874.36,208.24,182076.5
2025-09-09 03:00:00,874.36,877.68,875.0,875.44,123.47,108091.1
2025-09-09 04:00:00,875.25,876.66,875.36,876.66,596.09,522565.64
2025-09-09 05:00:00,876.66,878.52,876.79,877.66,432.1,379235.75
2025-09-09 06:00:00,877.06,883.61,880.34,881.13,799.16,704161.45
2025-09-09 07:00:00,881.13,883.17,880.68,881.47,229.59,202376.9
2025-09-09 08:00:00,881.47,884.67,881.16,883.54,238.6,210811.7
2025-09-09 09:00:00,883.54,883.8,881.2,881.32,176.55,155596.67
2025-09-09 10:00:00,881.17,883.07,881.17,882.74,169.63,149633.62
2025-09-09 11:00:00,883.19,882.65,879.5,880.62,467.13,411365.96
2025-09-09 12:00:00,880.62,882.51,879.35,879.46,210.26,184915.96
2025-09-09 13:00:00,879.46,880.75,877.93,880.07,267.09,235057.44
2025-09-09 14:00:00,879.91,881.16,873.1,875.38,178.16,156214.56
2025-09-09 15:00:00,875.12,873.11,868.12,873.11,312.16,272550.97
2025-09-09 16:00:00,873.11,874.7,872.59,874.7,179.59,157086.68
2025-09-09 17:00:00,874.7,876.1,873.54,873.88,768.41,671496.44
2025-09-09 18:00:00,873.88,876.18,874.29,875.62,102.54,89786.2
2025-09-09 19:00:00,875.62,877.52,876.19,876.97,934.27,819325.2
2025-09-09 20:00:00,876.97,878.99,876.76,876.76,79.42,69632.35
2025-09-09 21:00:00,876.76,877.98,874.64,877.87,92.61,81299.32
2025-09-09 22:00:00,877.87,884.13,879.11,882.57,544.81,480833.3
2025-09-09 23:00:00,882.57,883.92,879.12,880.12,534.4,470337.58
2025-09-10 00:00:00,880.12,878.23,875.79,877.68,158.06,138725.79
2025-09-10 01:00:00,877.68,880.24,876.8,878.47,436.08,383082.37
2025-09-10 02:00:00,878.21,882.07,879.47,880.77,301.73,265754.73
2025-09-10 03:00:00,881.32,883.12,880.56,880.56,169.96,149659.6
2025-09-10 04:00:00,880.43,881.2,880.08,880.26,39.25,34571.9
2025-09-10 05:00:00,880.65,882.88,879.0,881.16,1205.1,1061883.24
2025-09-10 06:00:00,881.35,884.91,882.01,884.8,162.26,143568.05
2025-09-10 07:00:00,884.8,891.07,883.31,883.31,301.17,266025.5
2025-09-10 08:00:00,883.31,883.24,879.53,883.01,292.46,258245.58
2025-09-10 09:00:00,883.01,883.5,881.37,881.82,354.3,312428.58
2025-09-10 10:00:00,881.82,884.1,881.29,883.88,168.12,148597.25
2025-09-10 11:00:00,883.88,884.99,883.2,884.66,252.46,223340.02
2025-09-10 12:00:00,884.66,894.06,887.6,889.07,853.87,759151.26
2025-09-10 13:00:00,890.79,914.63,899.16,903.14,6645.11,6001446.78
2025-09-10 14:00:00,903.41,904.2,897.93,903.86,1323.45,1196211.31
2025-09-10 15:00:00,903.86,903.63,893.94,895.77,768.7,688576.24
2025-09-10 16:00:00,895.77,899.9,894.9,899.34,330.77,297473.33
2025-09-10 17:00:00,898.63,899.22,892.67,897.48,2798.93,2511972.61
2025-09-10 18:00:00,897.66,896.83,894.21,895.24,693.14,620524.43
2025-09-10 19:00:00,895.24,895.42,890.99,891.1,329.53,293644.65
2025-09-10 20:00:00,891.1,891.14,889.1,890.46,584.57,520535.97
2025-09-10 21:00:00,890.71,891.85,890.33,891.72,63.07,56213.72
2025-09-10 22:00:00,891.78,895.72,888.43,892.42,530.71,473616.33
2025-09-10 23:00:00,892.42,895.72,892.41,893.9,165.1,147582.14
2025-09-11 00:00:00,893.9,893.35,890.16,891.41,276.75,246698.04
2025-09-11 01:00:00,891.28,893.62,890.6,891.41,185.13,165123.99
2025-09-11 02:00:00,891.58,893.8,890.38,890.72,1068.74,951950.24
2025-09-11 03:00:00,890.72,896.29,894.69,894.92,302.93,271097.67
2025-09-11 04:00:00,894.92,895.3,892.1,894.96,362.71,324610.01
2025-09-11 05:00:00,894.96,896.38,893.98,896.38,176.04,157799.38
2025-09-11 06:00:00,896.49,901.53,896.2,897.09,662.26,594108.21
2025-09-11 07:00:00,897.06,898.05,894.63,896.91,354.59,318036.13
2025-09-11 08:00:00,896.91,898.82,895.17,898.25,301.21,270560.68
2025-09-11 09:00:00,898.25,899.89,896.02,899.78,350.09,315003.06
2025-09-11 10:00:00,899.78,902.44,898.33,900.61,598.97,539441.12
2025-09-11 11:00:00,900.43,902.27,898.93,899.11,97.63,87906.35
2025-09-11 12:00:00,899.59,903.92,893.89,901.3,1494.42,1346917.26
2025-09-11 13:00:00,901.3,907.92,900.35,901.49,549.17,495073.43
2025-09-11 14:00:00,901.49,901.65,898.67,899.36,804.41,723454.15
2025-09-11 15:00:00,899.36,897.65,892.05,893.77,613.26,548112.29
2025-09-11 16:00:00,893.77,897.53,894.33,894.78,480.69,430113.45
2025-09-11 17:00:00,894.78,898.8,895.48,897.77,381.24,342264.92
2025-09-11 18:00:00,897.77,898.0,895.14,895.14,81.34,72811.08
2025-09-11 19:00:00,895.14,897.23,895.01,897.01,69.55,62357.7
2025-09-11 20:00:00,897.12,898.6,896.54,897.8,102.11,91674.51
2025-09-11 21:00:00,897.8,898.49,896.32,897.12,88.31,79224.59
2025-09-11 22:00:00,897.12,903.89,899.74,901.82,416.14,375281.85
2025-09-11 23:00:00,902.06,903.54,900.97,902.94,251.99,227263.8
2025-09-12 00:00:00,903.82,915.0,904.17,905.52,399.37,361639.3
2025-09-12 01:00:00,905.66,905.06,901.37,905.06,615.69,557237.52
2025-09-12 02:00:00,905.06,905.65,902.88,904.61,327.14,295934.07
2025-09-12 03:00:00,904.61,904.96,902.31,904.96,227.47,205851.47
2025-09-12 04:00:00,904.96,908.53,904.83,908.53,550.6,500235.16
2025-09-12 05:00:00,908.53,910.53,908.91,909.26,351.26,319386.01
2025-09-12 06:00:00,909.26,909.59,906.71,908.67,416.6,378551.5
2025-09-12 07:00:00,908.67,907.44,903.64,903.64,348.8,315190.07
2025-09-12 08:00:00,903.64,905.77,903.23,905.54,180.5,163449.22
2025-09-12 09:00:00,905.54,909.73,905.36,907.66,391.91,355719.71
2025-09-12 10:00:00,907.66,908.75,906.67,907.25,165.51,150158.96
2025-09-12 11:00:00,907.25,907.15,904.85,905.77,276.55,250489.45
2025-09-12 12:00:00,905.77,909.39,906.51,908.81,248.53,225866.83
2025-09-12 13:00:00,908.81,910.96,908.88,909.23,342.08,311029.15
2025-09-12 14:00:00,909.23,911.14,908.14,908.83,699.75,635954.28
2025-09-12 15:00:00,908.83,908.47,906.86,907.43,185.74,168546.49
2025-09-12 16:00:00,907.43,911.1,908.9,909.83,177.7,161676.55
2025-09-12 17:00:00,909.83,918.7,909.66,918.0,941.24,864058.71
2025-09-12 18:00:00,918.0,926.74,920.22,923.83,1219.54,1126647.75
2025-09-12 19:00:00,923.83,927.55,924.75,925.34,564.21,522083.72
2025-09-12 20:00:00,925.34,926.54,921.19,925.85,464.54,430092.05
2025-09-12 21:00:00,925.85,924.26,922.87,924.15,906.67,837896.43
2025-09-12 22:00:00,924.15,928.14,925.35,925.81,1266.75,1172774.07
2025-09-12 23:00:00,925.81,925.79,923.82,925.56,384.53,355906.63
2025-09-13 00:00:00,925.56,928.12,925.33,927.42,383.71,355861.56
2025-09-13 01:00:00,927.42,928.93,923.48,927.42,2044.58,1896184.23
2025-09-13 02:00:00,927.42,928.89,926.69,927.97,193.37,179440.84
2025-09-13 03:00:00,927.97,930.29,926.92,928.43,740.6,687597.49
2025-09-13 04:00:00,928.43,927.0,924.8,926.77,1289.93,1195468.72
2025-09-13 05:00:00,926.77,928.16,925.96,925.96,400.99,371298.77
2025-09-13 06:00:00,925.96,926.48,924.85,925.32,159.06,147181.04
2025-09-13 07:00:00,924.85,925.67,924.7,925.57,57.49,53185.53
2025-09-13 08:00:00,925.85,929.44,927.54,928.02,124.81,115825.65
2025-09-13 09:00:00,927.78,940.86,926.69,939.0,1448.6,1360235.13
2025-09-13 10:00:00,939.0,942.52,936.83,941.71,1915.92,1804236.34
2025-09-13 11:00:00,941.71,942.74,939.14,941.58,772.15,727040.84
2025-09-13 12:00:00,941.58,942.49,939.47,939.7,441.68,415048.58
2025-09-13 13:00:00,939.7,941.86,933.98,937.23,667.11,625232.19
2025-09-13 14:00:00,937.23,938.06,934.01,936.67,534.25,500417.61
2025-09-13 15:00:00,936.46,945.29,929.46,936.91,5652.43,5295829.18
2025-09-13 16:00:00,937.25,934.56,925.67,926.02,744.73,689634.81
2025-09-13 17:00:00,926.02,930.68,925.6,929.64,228.31,212247.0
2025-09-13 18:00:00,929.64,931.55,929.24,930.86,125.14,116487.71
2025-09-13 19:00:00,930.5,930.86,928.51,929.9,138.54,128792.82
2025-09-13 20:00:00,930.72,932.19,929.52,930.56,178.86,166440.39
2025-09-13 21:00:00,930.56,934.05,929.99,933.35,132.18,123370.65
2025-09-13 22:00:00,933.35,934.22,930.98,931.67,70.31,65505.96
2025-09-13 23:00:00,931.67,934.39,931.95,934.27,111.44,104115.03
2025-09-14 00:00:00,934.27,934.53,932.91,934.07,124.4,116198.28
2025-09-14 01:00:00,934.07,937.58,931.78,935.15,325.71,304587.09
2025-09-14 02:00:00,935.15,937.25,934.12,936.79,216.77,203068.21
2025-09-14 03:00:00,936.79,937.56,931.89,931.89,317.64,296004.97
2025-09-14 04:00:00,931.65,934.78,928.11,933.83,129.31,120608.59
2025-09-14 05:00:00,934.17,943.63,935.16,942.93,388.49,366319.17
2025-09-14 06:00:00,942.87,942.73,939.46,939.93,556.69,523249.68
2025-09-14 07:00:00,939.87,940.73,938.06,938.06,284.79,267151.34
2025-09-14 08:00:00,938.16,941.59,937.86,939.72,144.88,136147.26
2025-09-14 09:00:00,939.38,941.46,939.14,941.46,113.19,106563.87
2025-09-14 10:00:00,941.46,941.3,936.43,937.47,235.99,221234.07
2025-09-14 11:00:00,937.24,938.19,933.64,934.04,3265.46,3050063.21
