time,intercept,TC_24,PWMA_14,CFO_14
2024-09-18 11:00:00,-0.0012326492718870543,0.005967086832724427,5.145272153186734e-08,-0.002225549554807099
2024-09-18 12:00:00,-0.004924468685245646,-0.006892655970117688,-6.027769749114752e-08,0.004047590280850442
2024-09-18 13:00:00,0.0033098460573462948,-0.005052731961316496,-6.429541266726297e-08,-0.0007972023200954197
2024-09-18 14:00:00,-0.0052134736025495915,0.001163354678502266,7.116940885571744e-08,-0.0012166611199107592
2024-09-18 15:00:00,0.007076045967864117,0.00015887153294677104,2.291847823022572e-08,-0.005432769665694143
2024-09-18 16:00:00,0.0095007775377025,-0.0027478847081860414,-3.522046389514422e-08,-0.007086957692138448
2024-09-18 17:00:00,0.009731994114387979,0.01442904392368843,9.35291091444894e-08,-0.0059722333945703455
2024-09-18 18:00:00,0.0002724696116068962,-0.004514271010671289,-9.951548215848093e-08,-0.002681581215451287
2024-09-18 19:00:00,0.002229214497747188,0.003903899152577306,-2.684237402550143e-09,0.001525777012737453
2024-09-18 20:00:00,0.0023137821081343317,0.004086152471500682,-2.463326751716134e-08,-0.0033500769714622644
2024-09-18 21:00:00,0.0052232865739236835,0.0003247134889239443,4.908459589575806e-08,-0.001947529226099696
2024-09-18 22:00:00,0.008537471127233905,0.0174223709916071,1.9674818366304872e-07,-0.006528105219376311
2024-09-18 23:00:00,0.0006564705001446524,0.0297017082959398,2.029401132910988e-07,-0.003911501886502768
2024-09-19 00:00:00,-0.005728907724280123,-0.014078239958246499,-8.416511748627929e-08,0.0060115747664836894
2024-09-19 01:00:00,0.0037435080757117177,0.0005327001327415184,-3.933836738880993e-09,-0.0016646769701193329
2024-09-19 02:00:00,0.0024050020515147276,-0.0023221537950500683,-4.03960683043917e-08,0.007312642919117421
2024-09-19 03:00:00,0.005899729622239239,0.00025803882375862797,-5.676559313550059e-08,0.0041265383453723
2024-09-19 04:00:00,-0.0035510757624497543,0.00021071113528905102,-1.9420564229554985e-09,-0.002266562707429398
2024-09-19 05:00:00,0.0006590583471895244,0.005113268900147898,5.3907786660078734e-08,0.003172338933283139
2024-09-19 06:00:00,0.005098330172776263,0.00897443892078471,-2.193921029422467e-08,0.003103674404702579
2024-09-19 07:00:00,-0.0032705154171159996,-0.008138380451743064,3.733373081938095e-09,-0.0013046025625135182
2024-09-19 08:00:00,0.002865702783939036,0.0025964855302649617,4.560357287623515e-08,0.0004517503703232162
2024-09-19 09:00:00,-0.0012647266621657108,-0.004671464773365563,2.846164837770129e-08,-0.0013965476319060903
2024-09-19 10:00:00,0.003837793467206626,0.0006397444513798627,5.941693785001745e-09,-0.001856122916567336
2024-09-19 11:00:00,0.004573756539732621,-0.009724583459037619,2.483593962265881e-08,-0.0012328099818108217
2024-09-19 12:00:00,-0.0021465262324367293,0.006307958116765738,4.384467975549927e-08,-4.4737376092990405e-05
2024-09-19 13:00:00,7.051441569527251e-05,0.006116202411053003,-7.493706449646853e-08,0.003706909526546787
2024-09-19 14:00:00,0.0022863673994622494,0.006755100857408988,-2.625853677089247e-09,-0.0025243389599318242
2024-09-19 15:00:00,0.00942124060818041,0.011762133868297067,-7.963535984460697e-08,-0.004476315208678585
2024-09-19 16:00:00,0.0011072489102891838,0.003724872370399279,1.4856338639452832e-08,-0.0014307889324447372
2024-09-19 17:00:00,-0.0006022110083724995,-0.007342620808481939,2.0377135478381614e-08,1.9591025236821858e-05
2024-09-19 18:00:00,-0.004980930139257789,-0.0001348687586751816,-1.1572053491303923e-08,0.0009800135572261197
2024-09-19 19:00:00,0.002911707352025859,-0.0058601457201851006,-4.475763930776543e-08,0.0021091743790322194
2024-09-19 20:00:00,-0.005531584797866471,-0.012434096688825128,1.0185490945487583e-07,-0.0006969402374442795
2024-09-19 21:00:00,0.0012996424472104702,-0.0029000927725223702,-2.6204494034366548e-08,-0.0019561658317403694
2024-09-19 22:00:00,-0.005011697212058398,-0.007055743799477442,4.7055829996318854e-08,-0.005657583243801601
2024-09-19 23:00:00,-0.004819160222541195,-0.0047981655716430385,6.020204955090777e-08,0.0008459263924258482
2024-09-20 00:00:00,-0.0021883226075080343,0.00691182550429853,4.130268236319704e-08,-0.0029345555496998947
2024-09-20 01:00:00,0.004614501103030974,0.006617470976530474,-9.622125481774687e-08,0.0021637180058461905
2024-09-20 02:00:00,0.014476664186230663,0.005220232522479635,-7.066812303483126e-08,-0.006587525559537106
2024-09-20 03:00:00,0.0015641847967970083,0.0005440338431949409,-9.415784393089619e-08,0.005579294954401066
2024-09-20 04:00:00,-0.000942586626047118,-0.004296500805734994,2.7035475140967097e-08,0.0004080805395421885
2024-09-20 05:00:00,-0.0031914998326298943,-0.0017430587716139024,-2.9717019504875527e-08,0.008531848005778175
2024-09-20 06:00:00,-0.0009890953678181552,0.0032478719390711384,-6.653862562786206e-08,-0.00024300386696300854
2024-09-20 07:00:00,-0.0029183053977133895,-0.0033596140555707207,1.0927711194831783e-08,0.0005596067575438282
2024-09-20 08:00:00,0.00045883172596498695,-0.00630044433497095,7.056059233682057e-08,-0.0008438728910741082
2024-09-20 09:00:00,-0.0013074725109931498,-0.004207482928490152,5.9299888222099734e-08,-0.004953737627103356
2024-09-20 10:00:00,-0.005157803924555324,-0.005735757496350044,7.728188841649462e-08,0.0010567333562514565
2024-09-20 11:00:00,0.0016764328636470756,-0.014829330622825548,7.130129858974744e-08,-0.0012055388251281183
2024-09-20 12:00:00,-0.006133888973603408,0.021042200933127992,-1.6496737892336628e-07,0.006366454710490822
2024-09-20 13:00:00,-7.786304137935183e-06,0.009691565881121203,-3.022363860350621e-08,-0.00039350355073792425
2024-09-20 14:00:00,5.9751785087576795e-05,0.012240159112653167,-6.690956629806262e-08,-4.083067176741942e-06
2024-09-20 15:00:00,-0.006452104384065299,-0.0012682322984600932,4.4758681670942095e-08,-0.002370682300605358
2024-09-20 16:00:00,0.002680844682318621,-0.020368534670308355,8.647491186968467e-08,0.007678875248095516
2024-09-20 17:00:00,0.0029035179987291224,0.00019930902054271298,-5.118353752654053e-09,0.0009828982644600234
2024-09-20 18:00:00,0.002373240209769893,-0.007381866322143237,7.556518232868806e-09,0.00033895451871273225
2024-09-20 19:00:00,0.0022995469033762787,-0.000970787311080656,-1.3925048799800598e-08,-0.003084845343152658
2024-09-20 20:00:00,0.0036109257695340364,-0.0007272062215965206,2.973140734248563e-08,-0.0008586343195522189
2024-09-20 21:00:00,-0.0006425507832319081,0.006917949393719778,-4.3334643506453347e-08,0.0006325975215280103
2024-09-20 22:00:00,0.0016386914009286309,0.00860170894503032,-5.7005569989990634e-08,-0.0034647240442556592
2024-09-20 23:00:00,-0.004364084403147401,0.015516210113030572,-1.2354738767017587e-07,0.0054346441119100045
2024-09-21 00:00:00,-0.0052686113322089785,-0.0032184981781214978,4.875161980183953e-08,-0.004734639244025107
2024-09-21 01:00:00,0.0021851027667038818,-0.005688205147107923,2.949401974793112e-08,-0.0016319963972168657
2024-09-21 02:00:00,0.003337248650066801,-0.0007285761590269224,-1.930453648790961e-08,0.009832522551197454
2024-09-21 03:00:00,-0.0037381873511516707,0.0029508482937899735,1.2658228450435387e-08,-0.003836332010708583
2024-09-21 04:00:00,0.003394268604539956,0.0070913227967746,-9.592765713815859e-08,0.003228546950834175
2024-09-21 05:00:00,0.0009271442363489005,0.011498546601573827,-1.0362827853348661e-07,-0.001234538535310801
2024-09-21 06:00:00,0.0029205357220551086,0.003895121852282308,-6.149191376563105e-08,0.003242473177298784
2024-09-21 07:00:00,-0.0008065950891204619,-0.010197308885046654,8.388926262461355e-08,0.005532223879236927
2024-09-21 08:00:00,0.002417292474971733,-0.00023070013868750513,-1.4418012160111762e-08,-0.000186467003690548
2024-09-21 09:00:00,-0.0029751046551980153,-0.00580762616395407,7.602471865664794e-08,-0.0018269555862337693
2024-09-21 10:00:00,0.0016902592999423617,0.0021323126129624446,-2.1615824374717426e-08,0.003177888224293729
2024-09-21 11:00:00,0.004517409360460855,-0.004377080651138827,-1.2042495980672492e-08,-0.0006314370056899446
2024-09-21 12:00:00,0.003659374622204412,0.001382945585241508,-6.220607865601088e-08,-0.0011096424672836355
2024-09-21 13:00:00,0.005297384660298955,-0.008010685780473273,1.777831882679479e-08,0.0036547612053644163
2024-09-21 14:00:00,0.0011061430430460463,-0.01634780921888378,1.1550679947178164e-07,-0.0006007319532694136
2024-09-21 15:00:00,0.011681831377623991,-0.04535426697930726,2.58971771387406e-07,-0.009064773264457872
2024-09-21 16:00:00,-0.004434194881028758,0.015498211333190494,-6.748788783014645e-08,0.0003923437938138993
2024-09-21 17:00:00,-0.0012523913297445054,-0.001978837116306363,3.370043722105092e-08,-0.004218524653033182
2024-09-21 18:00:00,0.0019936741884804344,-0.004250436363048287,6.036329600381847e-10,0.002201479179015009
2024-09-21 19:00:00,-0.003198106835870758,0.004109410833365781,-1.7846629928112124e-08,-0.004396586440104801
2024-09-21 20:00:00,-0.002692766101330521,0.006840839205526449,-4.4842055325652384e-08,-0.0008672191749199494
2024-09-21 21:00:00,0.004525548012986403,0.00034251568388216156,-4.2703816476714514e-08,-0.0006298519533273243
2024-09-21 22:00:00,0.003133597718791995,0.007847756305397474,-9.497712641453677e-08,0.0038002503789409787
2024-09-21 23:00:00,-0.0004157586101260069,-0.001596711720621606,-1.0562652841909343e-09,-0.0014549120943035706
2024-09-22 00:00:00,-0.0028034257722471447,-0.005025339788840885,4.8386302607378015e-08,-0.003184118679964577
2024-09-22 01:00:00,-0.006710756071296742,0.009660819163671772,-1.2174714988661938e-08,0.0010227286510275113
2024-09-22 02:00:00,0.008824359808228646,-0.005873135994825503,-1.0521582930377173e-08,0.008412207116727435
2024-09-22 03:00:00,0.0002428300382736118,-9.610432220013535e-05,-8.026023364161997e-09,-0.0006814518190419754
2024-09-22 04:00:00,-0.004976892944181259,-9.475140606384492e-05,4.1687704603091185e-08,-0.0013164114978872522
2024-09-22 05:00:00,-0.002212007061540329,-0.00011069276603960843,1.982410737929202e-08,-0.001274822301451217
2024-09-22 06:00:00,0.0009664315648420401,0.004774102826796588,-4.9792232277749986e-08,0.000164754473915064
2024-09-22 07:00:00,0.003309520999888034,-0.004169494529337764,1.512797541925116e-08,-0.002823702840200571
2024-09-22 08:00:00,-0.007226054084584562,-0.0033880255242590735,7.212912848324818e-08,-9.497259450207232e-05
2024-09-22 09:00:00,-0.004461782059346033,0.005707689895920687,-9.573259818566846e-09,-0.0027105276863183462
2024-09-22 10:00:00,0.0031486520138529228,-0.006207902349173208,4.821526897822759e-08,0.00012664910471288474
2024-09-22 11:00:00,0.000813258693840514,-0.000321509467073481,-2.4229838656437244e-08,0.004943536190320557
2024-09-22 12:00:00,-0.00534748062642596,0.002088593417632014,3.308629711371842e-08,-0.005089545768971511
2024-09-22 13:00:00,-0.005037303010809649,0.0023873996905115157,6.679238418645997e-08,-0.008320029285036163
2024-09-22 14:00:00,0.000984200963255579,0.00102874427434262,-2.968321847512998e-08,0.0033158123739941074
2024-09-22 15:00:00,0.0017634164022499634,0.00011994777796934728,-1.096926010898686e-09,-0.0006482840111684825
2024-09-22 16:00:00,0.0066407950058455685,0.002710277053689737,-4.490303260709011e-08,-0.0038258803820575577
2024-09-22 17:00:00,0.002927050299176763,0.007124152998172557,-7.538765325465237e-08,-0.008304757975002562
2024-09-22 18:00:00,0.00045120656172454703,0.0007467177206513687,3.9696924937499795e-08,-0.0006346821101499124
2024-09-22 19:00:00,0.0002727943514656644,0.0042755445631987654,-2.6189554499978566e-08,-0.0022544279724935634
2024-09-22 20:00:00,-0.0090255625200186,-0.0017849647600133598,9.522128111604309e-08,-0.008290235673223626
2024-09-22 21:00:00,0.017896305292104633,0.0071143574003581745,-6.307763812970547e-08,0.003822184751556442
2024-09-22 22:00:00,-0.0009369388607554465,0.003567685769104067,-5.478276999011055e-08,-0.0032227524905635778
2024-09-22 23:00:00,0.0019820640966326797,0.004212240793570212,-6.770659595531553e-08,-0.003474832641709209
2024-09-23 00:00:00,0.0084667690265131,0.001681225102610332,-9.407440491567224e-08,-0.0029137841502205695
2024-09-23 01:00:00,-0.002355641037708134,0.004140349411282402,2.0919595129504973e-08,0.003675230228834336
2024-09-23 02:00:00,-0.0004787043248884945,0.0001119405196482162,1.237627376760655e-07,0.01558943255072046
2024-09-23 03:00:00,-0.00661372678186279,0.0024107540303987176,-3.6710790142236396e-08,0.0012670063034457798
2024-09-23 04:00:00,0.002544553321522097,-0.006752308555124809,-5.743965496225467e-10,0.000607574733900704
2024-09-23 05:00:00,0.0031248243974393176,-0.008271331836052559,-3.880264124622692e-09,-0.0020445836851824667
2024-09-23 06:00:00,-0.008250858767109188,0.002440764394973557,5.3112606472320594e-08,-0.0018288216254813278
2024-09-23 07:00:00,-0.00348125928619431,-0.0033990057071691614,6.993315319778572e-08,-0.0008186689083781966
2024-09-23 08:00:00,0.0017203435291580438,-0.007210378616952024,3.216362114689534e-08,-0.005074986851373701
2024-09-23 09:00:00,-0.0025589224501568753,-0.0007730508813071107,1.8567577267963732e-08,0.00043538822187488065
2024-09-23 10:00:00,-0.00026293044905415636,-0.0030969922145634115,1.2273263582165357e-08,-0.0011432184758548456
2024-09-23 11:00:00,-0.001748370636489497,0.002750973641857964,-2.7939878572863098e-08,0.0006384802382407571
2024-09-23 12:00:00,0.00022020435919803275,-0.0010133268122218596,-1.9399016246539305e-08,0.0018841715101000857
2024-09-23 13:00:00,0.007478203591499323,-0.0044782138887039255,-1.9677926354621814e-08,-0.0032290304717512743
2024-09-23 14:00:00,0.0018938886038037187,0.008800609327453378,-6.474135613763067e-08,-0.0013995716715700611
2024-09-23 15:00:00,-0.008831534769640687,0.016422710057548463,-1.21575316126185e-07,-0.0019560112203388528
2024-09-23 16:00:00,0.003513762998252436,-0.001018460134434852,-2.246855262647472e-08,-0.0007972551838829413
2024-09-23 17:00:00,0.003476842026856533,-0.0013066099005187362,-1.4988535751090677e-08,0.0019450496501311916
2024-09-23 18:00:00,-0.0014579739830513127,-0.006481150196003844,4.516200894437813e-08,0.004487630546248632
2024-09-23 19:00:00,-0.0004549059072251634,-0.004045055495690998,5.322018234111217e-08,0.0031045164175035195
2024-09-23 20:00:00,0.002919308997817423,-0.0005216250995042294,-3.120285688921838e-08,0.004287287557419856
2024-09-23 21:00:00,0.0018804633488188666,-0.004808531798621767,-1.9448498052673415e-08,0.0029526622307325927
2024-09-23 22:00:00,0.0013245924932668782,-0.0018097915682730539,2.989134351353595e-08,0.0018648444143040679
2024-09-23 23:00:00,-0.007964094259682628,0.0014332746946828661,4.665633725504046e-09,-0.0020500793062294977
2024-09-24 00:00:00,0.0035484259723041808,0.0004083020745209869,-3.723027391343568e-08,0.002462176825019836
2024-09-24 01:00:00,0.0038063977918336416,0.0077977859387953945,-6.431413544087815e-08,0.00957166722824414
2024-09-24 02:00:00,0.0056794654712256105,-0.008298896878482693,7.442403242468252e-09,-0.0029448920991454798
2024-09-24 03:00:00,-0.004977731790268253,-0.00013094805637324275,7.280109638826373e-08,-0.001183684570552517
2024-09-24 04:00:00,0.005561990965082251,-0.004599696720609811,-6.202008922635559e-09,0.0023899019599845526
2024-09-24 05:00:00,0.0034396106960703607,-0.003309345449667419,4.100297071824862e-09,0.00031011971762313846
2024-09-24 06:00:00,0.007655430401711201,-0.005725458930179307,1.0960540566429914e-08,-0.0006036722836903102
2024-09-24 07:00:00,0.007652527327862747,-0.0011984731633931595,-9.280312252700906e-09,-0.0024517640321703566
2024-09-24 08:00:00,-0.005245024745571747,-0.00617648030927469,3.421568392253567e-08,0.003028623142370407
2024-09-24 09:00:00,0.003364702893240212,-0.0026387134133483343,-2.0672883353122075e-08,-0.0017239284840590418
2024-09-24 10:00:00,0.0021041081123713847,-0.005466550140174666,1.425998857797736e-08,0.0010797658818844681
2024-09-24 11:00:00,-0.0004109630834429579,0.0019092411094201603,-4.605235071834964e-08,-0.005573903494703451
2024-09-24 12:00:00,0.0020870601349982964,0.0011246014758714436,-2.281196987211201e-08,0.0006878479923352781
2024-09-24 13:00:00,-0.007864179291043015,0.00041505715026582705,6.334815907908649e-08,0.005016357091998569
2024-09-24 14:00:00,-0.0003340097416503877,0.0013418836399290372,-3.4649246212238683e-09,0.0015025150429166902
2024-09-24 15:00:00,0.004403621141340602,-0.0011458736156968314,-3.9816512067590716e-08,-0.0011991188010467364
2024-09-24 16:00:00,0.010387592496068037,-0.005147388701728344,1.724598625285e-08,-0.0012844514823333543
2024-09-24 17:00:00,1.8743081297133406e-05,-0.0024545629214962387,1.7127716591244487e-08,-0.0004603524609547282
2024-09-24 18:00:00,0.008882436037095705,-0.004096020045629799,2.229235634480656e-08,0.004629728310129839
2024-09-24 19:00:00,0.0007445516999720616,-0.0017560736298512744,2.129021830139243e-08,-0.0021794668858890255
2024-09-24 20:00:00,0.0047928437962325085,-0.006832386828207707,-3.794904587334573e-08,-0.00061649482859571
2024-09-24 21:00:00,-0.0017753495113142313,0.013883817896768761,-3.792945988116178e-08,0.022987072188555373
2024-09-24 22:00:00,-0.004517742550885593,0.0015654817422080952,-1.7098390425200836e-08,-0.0009090906962880685
2024-09-24 23:00:00,0.002531510189307101,-0.007945357131300684,6.107260916545826e-09,-0.0026742817218212067
2024-09-25 00:00:00,0.003385438786813212,-0.0003150634948557194,1.107619445024746e-09,-0.0016340332896485643
2024-09-25 01:00:00,0.003751705712753355,-0.006089101839568016,2.8237739825854874e-08,0.0022269316818533504
2024-09-25 02:00:00,0.00011181977834873679,-0.0005597419906980149,-7.72047199469745e-10,-0.002065310011202363
2024-09-25 03:00:00,-0.005152297385610568,-0.0017748591143364528,6.258048718636427e-08,0.003657424881396601
2024-09-25 04:00:00,0.0004275986931092831,-0.003619604440792328,2.2724031612312516e-08,-0.0008024146720540075
2024-09-25 05:00:00,-0.009772195345506742,0.001071656920392649,3.1955246981801775e-08,-0.0023634953968225837
2024-09-25 06:00:00,0.004011850584708261,-0.0007168704653165094,-2.5392110871699204e-08,0.0017240330607201635
2024-09-25 07:00:00,0.0010626934572391551,-0.0008238635894013088,-2.920341545472315e-08,-0.002537116670812203
2024-09-25 08:00:00,-0.0017378457253166002,-0.0018010609702651468,-8.93427327187996e-09,-0.0022660773795183118
2024-09-25 09:00:00,0.004688987669319648,-0.006047203454153665,-2.2310248176624576e-08,-0.00513534962712613
2024-09-25 10:00:00,0.006421404926220996,-0.001239953063116619,-4.440713430142611e-08,-0.008524408498618179
2024-09-25 11:00:00,0.006007910027988711,-0.004796906472620848,-3.990773420061788e-08,-0.009353672925629363
2024-09-25 12:00:00,-0.004032163894230976,0.0008650847645303664,6.216133210331654e-08,0.01984862208971703
2024-09-25 13:00:00,0.004117313319960006,0.0014511847691185825,-4.209623044181758e-08,0.0004530828741680545
2024-09-25 14:00:00,-0.007456272358086188,-0.0023655976163741515,2.1185640738420235e-08,0.0014975330254658273
2024-09-25 15:00:00,0.007511938473526747,-0.006101560373395622,-5.998065326673902e-08,0.0007595039536288745
2024-09-25 16:00:00,-0.003066745601677346,-0.010099197812425202,8.953320612119982e-08,0.004368163461485608
2024-09-25 17:00:00,0.00272511883368581,0.0016520504084048925,-7.819108327883319e-09,0.0018125012028361684
2024-09-25 18:00:00,-0.0025323617894163217,-0.0015212186504163807,1.0914800066391605e-08,0.0045005227233128504
2024-09-25 19:00:00,0.00297110539389425,0.0006673396090209619,2.6360055000089293e-08,-0.0004633259577919875
2024-09-25 20:00:00,-0.004216370109573201,0.00252900949606747,1.732665969440901e-08,0.001126751596568686
2024-09-25 21:00:00,-0.0030688835037931783,0.0007067850479124727,-2.7287800827241073e-09,8.634478413953145e-05
2024-09-25 22:00:00,-0.004441064447178974,0.004627770996815786,-1.5571198347211055e-08,0.004300058621329774
2024-09-25 23:00:00,-0.01086376901560316,0.006904191565396682,3.929223553873938e-08,0.0023644350135921164
2024-09-26 00:00:00,0.005368172888638828,-0.0011681047836190049,-1.823154263721809e-08,-0.000844126770832322
2024-09-26 01:00:00,0.0031110952383480222,0.0017315351572922814,-2.139090902891871e-08,0.00020620357807787565
2024-09-26 02:00:00,0.0022727929346295335,-7.298719069039033e-05,1.1347488590195729e-08,-0.0008021127708460044
2024-09-26 03:00:00,0.004197088006352018,-0.006514490880047557,-1.0439041114313856e-09,-0.0013886734440934471
2024-09-26 04:00:00,0.0008750331041039337,0.0034539026569706064,-5.074155057579761e-08,0.010510091918824169
2024-09-26 05:00:00,-0.0026151417546365604,0.011542972716376602,-7.768763124909281e-08,0.0029076586454094585
2024-09-26 06:00:00,0.006692472653067098,-0.0008308018210966278,-5.7116615538839726e-08,-0.0015312571724710017
2024-09-26 07:00:00,-0.008468317643207216,0.0033955350650779117,5.0968014101278335e-08,0.0023167737671390813
2024-09-26 08:00:00,0.0030607590287670267,-0.0031974372918271675,5.857466849919193e-09,-0.0026237257559687307
2024-09-26 09:00:00,0.002863714471570831,0.005338679550015131,3.975273824962109e-08,0.006837929117893112
2024-09-26 10:00:00,-0.001137725045772986,-0.00015126657042621733,5.741117268746713e-08,-0.004431383454637337
2024-09-26 11:00:00,-0.00016111117108718348,-0.004632278208521432,9.201045597584663e-08,-0.006503135609391447
2024-09-26 12:00:00,0.00010137410446459994,-0.004054537861114489,3.0390262145199824e-08,-0.004282799030267947
2024-09-26 13:00:00,0.0010239165532937855,0.000959270270394013,-2.860134496669225e-08,0.0004077469272980626
2024-09-26 14:00:00,0.002670226049316953,0.019044451384277034,-4.4220111587780376e-08,0.0025204270177378195
2024-09-26 15:00:00,-0.0036920798873273904,0.012292736664161925,-8.752102673695199e-09,-0.006822608988212822
2024-09-26 16:00:00,-0.001095643879406213,-0.006501360990922763,6.418980285830748e-08,-0.00591912099263544
2024-09-26 17:00:00,0.0017790196882651833,0.0006268751180775043,-3.2653802710734525e-08,-0.006705400699430466
2024-09-26 18:00:00,-0.0004114004864161922,-0.006378662201637454,-4.202499171942403e-08,0.0031769522940961335
2024-09-26 19:00:00,-0.006076238137198631,-0.0021763545062284517,1.040377924819596e-07,-0.0002446567387810954
2024-09-26 20:00:00,0.0014605805764802832,0.006288936814027858,-3.4129886727024616e-08,-0.0017816292706539004
2024-09-26 21:00:00,-0.002275662176670715,0.002265864390313375,-1.608989249433871e-08,-0.004284884362959577
2024-09-26 22:00:00,-0.0005652396625120606,0.0020795121394672506,2.0631119965505602e-08,0.002833057836161503
2024-09-26 23:00:00,-0.003992492945112931,0.010181182197052809,-3.03665658054724e-08,0.002075161763188616
2024-09-27 00:00:00,-0.001698858648898241,0.002969904340035277,-2.88710632581879e-08,0.007653010284288011
2024-09-27 01:00:00,-0.0062826145978380436,0.004426254026401339,-2.9309112417929234e-09,0.0019468703789641867
2024-09-27 02:00:00,0.0005315582389960579,0.009552150570236784,-1.8447401399307738e-08,-0.00216967301893245
2024-09-27 03:00:00,0.0008964536430354246,0.014721628864759828,-1.274069691968133e-07,-0.016178385615635244
2024-09-27 04:00:00,0.0035119094311248196,0.0005962525587996907,-4.917003690029465e-08,-6.347858145700867e-05
2024-09-27 05:00:00,-0.01633661289084849,0.01276212033822376,7.690664525374778e-08,0.010309516376543097
2024-09-27 06:00:00,0.004176752683048566,-0.010762888121099224,9.04661669097037e-08,0.0013311560873114413
2024-09-27 07:00:00,0.0015604713747203879,0.0021657894061546247,8.81628495413512e-09,0.00187500793209788
2024-09-27 08:00:00,-0.0034422245795894223,0.0037265856016558798,1.2386092935606194e-08,0.0010946407508742252
2024-09-27 09:00:00,-0.0013612748040352464,-0.006366541474982071,2.902813812169763e-08,0.0005766632350101643
2024-09-27 10:00:00,-0.0030189135843769555,0.012462840011575398,-9.324566436983872e-08,0.002605554591044853
2024-09-27 11:00:00,0.002921580936429772,-0.0007338275101653902,-7.781854480249151e-10,-0.006013161920977389
2024-09-27 12:00:00,0.00047437578119915937,-0.003111651054873043,1.5440302893799593e-08,-0.0032153840615275734
2024-09-27 13:00:00,0.007625492802562862,-0.00494437214655389,5.094478379926688e-08,-0.01117280442091056
2024-09-27 14:00:00,-0.005640533236851464,0.005752862852868135,3.871781882601267e-09,-0.00593397460622042
2024-09-27 15:00:00,0.0074889745941140815,-0.0023952816916732044,-6.221506403829568e-09,0.008162607181573394
2024-09-27 16:00:00,-0.0065501489636217635,-0.002861250956731363,2.747332640588847e-08,0.0045988751306918485
2024-09-27 17:00:00,0.0010180050101865211,-0.002103927148380436,-2.2263510361563322e-08,-0.0030089690880647567
2024-09-27 18:00:00,-0.0025272837780723643,-0.0022890267684877496,-2.063526429788672e-08,-0.005270409341138296
2024-09-27 19:00:00,-0.0031185291008158584,0.004105642223836659,1.0749553259324851e-08,-0.0023963231709017534
2024-09-27 20:00:00,0.0018862932528294564,-0.0046390223978941,1.92201273856995e-08,-0.001432156780336687
2024-09-27 21:00:00,0.00040888277529085035,0.004006606613963912,-3.60601790032877e-08,0.00012336216251725542
2024-09-27 22:00:00,0.001977693182995715,-0.005855417653913424,1.4068840432641747e-08,0.0014876384819637167
2024-09-27 23:00:00,0.0011368865192200044,0.0012490164402296498,-1.7865322196178e-08,-0.003269067716457572
2024-09-28 00:00:00,0.0018135826271989852,-0.0015078227564197981,9.740421345216219e-09,-0.0020282894423442597
2024-09-28 01:00:00,0.0017241815583048832,0.0034938457682978873,-5.123744805570341e-08,0.00871932079334099
2024-09-28 02:00:00,-0.0013931110097589992,-0.0018690123818624815,2.4075342370300076e-08,-0.0007746518895998503
2024-09-28 03:00:00,-0.001360469879547146,0.0012553416908093877,2.3053376774788857e-09,-0.0019926997218808872
2024-09-28 04:00:00,-0.0034916978457370344,-0.005229840416124857,1.0330925945128153e-07,-0.002769481257572919
2024-09-28 05:00:00,0.0016206777346000822,-0.006592924774083763,1.990374759344949e-08,0.0036381865138500197
2024-09-28 06:00:00,0.040527865405271674,-0.04447044613398766,-8.047840915005599e-08,0.005689617158538536
2024-09-28 07:00:00,-0.009106012323277523,0.0024704341129873067,5.860284778874846e-08,-0.002514568119223999
2024-09-28 08:00:00,0.016210878618111643,-0.015708061351773012,-7.347302209700191e-08,-0.0002506570701784038
2024-09-28 09:00:00,0.020157936989782674,-0.017224631748528257,-8.474522882665267e-08,-0.0007815277111910328
2024-09-28 10:00:00,0.0023815290106475287,-0.001611763222576199,-1.1589068652197491e-08,-0.002587535094636255
2024-09-28 11:00:00,-0.0011234532949556185,-0.0006292515439960277,-2.8157407161922917e-08,-0.004301369475677875
2024-09-28 12:00:00,0.011146453778461959,-0.014173658845535541,-7.626875643185797e-09,0.0009751598450918184
2024-09-28 13:00:00,0.011438895454515334,-0.020296819660953234,1.0332070340895777e-07,0.039443889292364386
2024-09-28 14:00:00,0.0013042038359615247,-0.008514343057460462,4.446911071684511e-08,0.0025126508065007043
2024-09-28 15:00:00,0.0007305241259192665,-0.0013467924594179547,-6.912034579905407e-09,-0.004373856621695815
2024-09-28 16:00:00,0.008167534093102276,-0.00848623173644459,-1.5368614207163613e-09,0.002747706914654934
2024-09-28 17:00:00,-0.0008640557635292076,0.004087148885653545,-2.3166018514523526e-08,0.0007891681640307481
2024-09-28 18:00:00,-0.0016908850458188186,0.002167366381575483,7.943685124039828e-09,5.368156591766069e-05
2024-09-28 19:00:00,-0.009521089902589883,0.010428286649375545,1.1168209907940415e-08,-0.0014869406822494787
2024-09-28 20:00:00,0.004860557981444698,-0.007298816081559882,1.760886591896152e-08,0.004540917337558749
2024-09-28 21:00:00,-0.0012456378992454814,0.0033806161633787284,-2.1815805833355816e-08,0.0011646297550650892
2024-09-28 22:00:00,-0.0035230156248919125,0.006272874921122186,1.947593841214537e-08,0.0022182409012974874
2024-09-28 23:00:00,-0.005965292825743183,0.0008731677179483304,4.2496160438085715e-08,-0.0005919578158442443
2024-09-29 00:00:00,0.003671266806153576,-0.0013030822561394735,-8.668335340571832e-10,-0.001809038833007269
2024-09-29 01:00:00,-0.0047838415639720935,0.0067106385833107995,-1.4828859790662279e-08,0.00030349238822793216
2024-09-29 02:00:00,0.0037835938675907493,-0.003951500479203371,-1.4103567901414308e-08,-0.001088002514791333
2024-09-29 03:00:00,0.007203404139013511,-0.014890096603395336,4.499194122379113e-08,0.001305520663281226
2024-09-29 04:00:00,0.012756579331758555,-0.01997712422080964,-1.998448057587758e-09,-0.00018933569611169696
2024-09-29 05:00:00,0.006800446306743152,-0.01271622424791231,2.604911268747529e-08,0.0022155087767989413
2024-09-29 06:00:00,0.019081832304625294,-0.03142331839784772,5.009803785664839e-08,-0.0018322443361684466
2024-09-29 07:00:00,-0.0050623893487583005,0.007316884277979221,4.763804778613508e-09,-0.0032743523528365468
2024-09-29 08:00:00,0.008832585070593937,-0.010579303862623495,-1.3259418107531823e-08,-0.0031995738026513445
2024-09-29 09:00:00,0.005275065394778893,-0.006299899332525533,-1.218366819614235e-08,-0.002333749327603929
2024-09-29 10:00:00,-0.011408637086182557,0.02002249996219813,-1.8265030616935456e-08,-0.003484084344640247
2024-09-29 11:00:00,0.010474735680364498,-0.023313020849758184,7.837067122350479e-08,0.0030933463116550614
2024-09-29 12:00:00,0.002543887340405068,0.00634097675708583,-5.530966314505204e-08,-0.005341933943613414
2024-09-29 13:00:00,0.013785958536291843,-0.0022780923049372827,-1.2129104785525632e-07,-0.0180600557060539
2024-09-29 14:00:00,0.027837993641686206,-0.03439387679142522,-3.1813330861237016e-08,0.0058210183317641264
2024-09-29 15:00:00,-0.009785477248172534,0.014696188975730714,-1.0254810542823444e-08,-0.0022121714829290637
2024-09-29 16:00:00,-0.0023605140082869555,0.008843962532915525,-5.1512322433380955e-08,-0.0033383646770479168
2024-09-29 17:00:00,0.003987726156940381,-0.004021800975304757,-2.199647087753474e-08,-0.00027149333145822825
2024-09-29 18:00:00,-0.0049204533654512925,0.0113928139733148,-1.0324687145705469e-08,0.006930379090178969
2024-09-29 19:00:00,-0.011725850790729454,0.008922034422071743,4.317473449721058e-08,0.002574622358538875
2024-09-29 20:00:00,0.003409985882666235,-0.00405443307346057,5.571077435119212e-09,-0.0010574519853839659
2024-09-29 21:00:00,-0.003428329181001082,-0.0038172205735539037,5.2650469918323084e-08,0.0006643162249973783
2024-09-29 22:00:00,0.0014080818651400224,-0.008523618424623378,5.8723518109787125e-08,-0.001303470390399462
2024-09-29 23:00:00,-0.0016317616213537382,-0.013258819025094211,1.1228121941053286e-07,-0.00793981079764898
2024-09-30 00:00:00,0.004982154759255553,-0.023046198653283917,3.232655872804595e-08,0.0003011793531046036
2024-09-30 01:00:00,-0.016187315602091693,0.022204310620621594,-5.533958644225085e-08,0.0031515557226278615
2024-09-30 02:00:00,0.010921381752866584,-0.004612602196041331,-3.3338817585398263e-08,0.0025984954287613807
2024-09-30 03:00:00,0.00014821530017323625,-0.0031030896677727623,7.619886310021369e-09,-8.995030905156226e-05
2024-09-30 04:00:00,0.013569244667680138,-0.011211207127281964,-6.113349276733437e-08,4.263777918576974e-05
2024-09-30 05:00:00,0.000741563633787334,-0.00025537785981024106,-2.5612315468372694e-08,-0.005424911332115708
2024-09-30 06:00:00,-0.003155394422091122,0.010438469464044399,-1.7084753091736373e-08,0.0001905270783214343
2024-09-30 07:00:00,0.013505557417072317,-0.010839746244546531,-6.949417057912779e-08,-0.006434328244499615
2024-09-30 08:00:00,-0.025258572351926634,0.008637142980086355,8.449924409423499e-08,0.0033919781554352844
2024-09-30 09:00:00,-0.006735845997311497,0.008406094425416991,4.591642252578437e-08,0.0021655202460838527
2024-09-30 10:00:00,0.004819193799629607,-0.00016215383691881087,-3.041119508616441e-08,0.001142461488942022
2024-09-30 11:00:00,0.006272399537269548,-0.004966646089666744,2.26179640904319e-08,-0.0017404552382242566
2024-09-30 12:00:00,-0.004442225341141259,-0.0055758916694868405,-4.242535043296879e-08,0.009833238315257124
2024-09-30 13:00:00,-0.001527590641722529,-0.00713353526765871,2.226260898358453e-08,0.005617541814456883
2024-09-30 14:00:00,-0.0042085436758210835,-0.011274907376041981,1.5174335223870748e-07,-0.00559194673396918
2024-09-30 15:00:00,-0.00048292674570168037,0.012129064720412967,-1.338741201403469e-07,0.006962595140211301
2024-09-30 16:00:00,0.0016272577686734582,0.00475161738635927,-1.5860874767252395e-08,-0.00449935626651041
2024-09-30 17:00:00,-0.003848989577941289,-0.0059034231901167805,-3.054928471200757e-08,0.008195336604165805
2024-09-30 18:00:00,0.006251985222798663,-0.009681832980859026,2.9322424557431548e-08,-0.00127087690445021
2024-09-30 19:00:00,0.0034732329929016655,0.006609546645035417,-1.6502388192822027e-08,-0.0036761869136306023
2024-09-30 20:00:00,0.000990868581036582,-0.0014595130122411477,4.0280115670151094e-09,-0.0030165029197485654
2024-09-30 21:00:00,0.003227431275894437,-0.017193518601894553,6.434326300728321e-08,-0.00357413512844369
2024-09-30 22:00:00,-0.0015496012614421104,-0.009485226291670043,7.012460031698708e-08,0.0019041825919793101
2024-09-30 23:00:00,0.006555071636607589,0.0031039088149608725,-8.932967893475233e-08,-0.003048239967230284
2024-10-01 00:00:00,0.0021519795571709665,0.0008466208250269743,-5.8966566584885635e-08,-0.0004369585644504017
2024-10-01 01:00:00,-0.00199420209328206,0.0011060492030588016,7.158552611712535e-09,0.004031101614178456
2024-10-01 02:00:00,0.0018476406114178241,0.006225568593113821,-3.417863031766257e-09,0.0005698187337582955
2024-10-01 03:00:00,0.005172524772016764,-0.011147557256122856,7.347450574821758e-09,0.004969188866980106
2024-10-01 04:00:00,0.0006224435409955377,0.0007718809301450961,-1.956493855600426e-08,-0.0034602226618129592
2024-10-01 05:00:00,0.0016319308231876658,0.008089079913947826,-1.1305338118833163e-08,0.0005854765519288739
2024-10-01 06:00:00,-0.0007127743957358113,0.008882472359301178,-1.1354736546808118e-08,-0.00629127595461862
2024-10-01 07:00:00,-0.0005615477613743855,-0.004008742837431423,1.5835292351708894e-08,-4.612563954539127e-06
2024-10-01 08:00:00,-0.0009999597771542979,0.0051295246981789356,-4.305394208901166e-08,0.004228043337390998
2024-10-01 09:00:00,-0.0003821286578361699,0.00552889432101032,-2.1642148228737406e-08,-0.0012070896868312453
2024-10-01 10:00:00,-0.004933206577811425,0.0002995296172984714,2.3662422556701995e-08,-0.0020143102107521155
2024-10-01 11:00:00,0.00911384530759298,-0.005126295726068318,-4.654720708256204e-08,0.010003525381686711
2024-10-01 12:00:00,-0.014037737915924976,-0.007043382937607639,6.17063372568117e-08,-0.00037836796878346367
2024-10-01 13:00:00,-0.002570328815397623,-0.009954065703026259,1.6564715549369726e-07,0.00624519256851409
2024-10-01 14:00:00,0.005423012232635489,0.004364538448333245,-2.15884846347171e-09,0.005345926656397732
2024-10-01 15:00:00,-0.008354430280967879,-0.00430869449092152,1.0665850722455454e-07,-0.0006039934480802432
2024-10-01 16:00:00,-0.002958227424464429,-0.0037827365356592176,1.1337259798862197e-08,0.003403399899319892
2024-10-01 17:00:00,-0.013078435456712594,-0.010252074797715957,1.5484183910695988e-07,-0.015711626657631608
2024-10-01 18:00:00,-0.0023860472086990785,-0.019036188970397855,6.022467667082652e-08,-0.002158745897298312
2024-10-01 19:00:00,-0.00762475495897106,0.0175575929535214,-1.831847829548845e-07,-0.006057349001640789
2024-10-01 20:00:00,0.00997519563951227,-0.015925124625575066,-5.39237795208971e-09,0.0011050598427679947
2024-10-01 21:00:00,-0.006056996663097549,-0.010674230272025477,2.8142452493130105e-08,0.0004553398410099063
2024-10-01 22:00:00,-0.0018737999985102903,0.010920651383884112,9.559978290761614e-09,9.186947432170436e-05
2024-10-01 23:00:00,0.007860383026177364,-0.005053213437879337,-4.544990676165441e-08,-0.0007085925840915773
2024-10-02 00:00:00,0.008330599967044657,0.0022860031601047086,-6.385352014016916e-09,-0.0003318672392822225
2024-10-02 01:00:00,-0.0038592551373858633,0.0009381519570000348,6.75304612685571e-08,0.0023650552467965875
2024-10-02 02:00:00,-0.0046872841071933175,-0.0018873848931330725,-2.8716199135011626e-09,0.002500312935326742
2024-10-02 03:00:00,0.005886919053220328,-0.0004512213233302202,-1.6838129591884458e-08,-0.006523051811468158
2024-10-02 04:00:00,-0.0031045532118518216,-0.0052749164212304465,1.2944990498510749e-08,0.0032744578683719192
2024-10-02 05:00:00,0.006073990441992867,0.004406787450003401,-8.076274778756263e-08,0.004223922526053604
2024-10-02 06:00:00,0.0022952626623894716,-0.0028279069419880707,2.1780467865013618e-08,-0.006669651392585456
2024-10-02 07:00:00,-0.0006501836484820598,0.002878429360100279,2.2230460043881302e-08,0.0016577715593108489
2024-10-02 08:00:00,-0.01371682808607659,-0.010526265635480541,8.996603156913072e-08,0.0015521361315228336
2024-10-02 09:00:00,0.003502326921872291,0.003608904145020568,-3.970339059431475e-09,0.004450153379072477
2024-10-02 10:00:00,-0.0028615538096953357,-0.01064067059727017,-1.8870911225136638e-08,-0.004391244397491308
2024-10-02 11:00:00,-0.012789885566087015,-0.0026992634771964403,5.651457337255432e-08,-0.004796926764253252
2024-10-02 12:00:00,-0.004953770300971688,-0.0023506879178038695,7.504201466490457e-08,-0.010896574853594193
2024-10-02 13:00:00,-0.007825272247249113,0.00446279673309449,4.169483078118806e-08,0.004470987080788468
2024-10-02 14:00:00,0.008968692875449708,0.0055409292042813574,7.1088721056421e-08,-0.000650233948041831
2024-10-02 15:00:00,-0.0019228679858909695,0.009311379242109584,8.395901720240482e-08,-0.003943183390865369
2024-10-02 16:00:00,-0.002067218316618085,-0.001656000204674215,1.473589116917563e-09,-0.0010240000683027419
2024-10-02 17:00:00,-0.021337344176158114,-0.010287223705768064,8.877811997643078e-08,0.005397183763242705
2024-10-02 18:00:00,0.01655552034253949,-0.0037069550726920395,-1.9939899974243485e-07,0.01783622897084131
2024-10-02 19:00:00,0.008755409366700394,-0.02043047838257143,3.0943846629652264e-08,-0.0012123511769897518
2024-10-02 20:00:00,-0.00031409304842942333,-0.0612635042557645,-1.152187487874358e-08,-0.0005435113181567845
2024-10-02 21:00:00,0.0033662514515205625,0.0036656099150207296,-5.174404819813995e-08,-0.0006320870282543585
2024-10-02 22:00:00,-0.0033774996321031072,-0.019685908974298737,3.039225220414986e-09,0.0015972490886294825
2024-10-02 23:00:00,-0.0013210496721628956,0.01899796953712312,1.276907903343401e-07,0.008314624639878065
2024-10-03 00:00:00,0.009150533785372787,-0.013089681419291175,-1.1031329819372447e-07,-0.003643393752965692
2024-10-03 01:00:00,0.001698320784607191,0.002083313643378278,4.665979189893218e-09,0.0012291409353596967
2024-10-03 02:00:00,0.008537191782638393,-0.009502600144800635,-1.9049660476762486e-08,-0.003189433066070968
2024-10-03 03:00:00,-0.0051661654513624955,0.008606177955764481,3.0672942563674685e-08,0.0008851137856754935
2024-10-03 04:00:00,-0.005425325076079709,0.011826558282368706,4.946606720307105e-08,-0.0007580531743379945
2024-10-03 05:00:00,0.0027542856765920176,-0.0030672718615467453,3.175954873673639e-09,-0.0022089386663708918
2024-10-03 06:00:00,-0.013146970944518437,0.014016215957990543,1.0182976469057e-07,-0.005236671894377075
2024-10-03 07:00:00,-0.013491663935842575,0.02030023589495224,1.0028316156286785e-07,0.0040012399421608825
2024-10-03 08:00:00,0.010651515894024974,-0.01713117912227555,-6.903799345074088e-08,-0.0004444617469314325
2024-10-03 09:00:00,0.008614051766202675,-0.016117936274411635,-3.2915403977296596e-08,0.0010617105002839386
2024-10-03 10:00:00,-0.010466072078248907,0.007130470482761863,9.608980167267815e-08,-0.001285373784411197
2024-10-03 11:00:00,0.0014137615905154253,0.004632208194895433,-1.0299906924223921e-07,0.00277872142975394
2024-10-03 12:00:00,0.0012034204038567787,-0.0006438942053581625,-5.762377893547358e-08,-0.0017070637703339396
2024-10-03 13:00:00,-0.012949556468366758,0.0068724056417002344,1.4914816798103422e-07,0.0013432104221086437
2024-10-03 14:00:00,0.010803441679632863,-0.006709367303298175,-4.6664463480562586e-08,-0.002695053551770377
2024-10-03 15:00:00,0.0003338521735175969,0.0016853542351634768,-6.075370211171897e-08,-0.007212237674739628
2024-10-03 16:00:00,0.01007211142273804,-0.004418276054415252,-2.4552217986740037e-08,-0.003423183177571368
2024-10-03 17:00:00,-0.0003440672009847644,0.0012548146314146906,8.76134123329473e-09,0.0015557361468871646
2024-10-03 18:00:00,0.013182766578990203,-0.013444853789107444,-6.186394977195024e-08,-0.0030542708272482994
2024-10-03 19:00:00,-0.001297082810192785,-0.0003147107890397323,-3.6289147599192437e-09,-0.002795692961647084
2024-10-03 20:00:00,0.003817121922462361,-0.0026644463737329226,-5.4523835570389726e-08,0.002143853411035587
2024-10-03 21:00:00,-0.00012015917228470571,0.00011666842101012607,1.6813234650245073e-08,0.0027660272086421603
2024-10-03 22:00:00,-0.00269556935098461,0.003785255968512078,-2.0928721296347303e-08,0.003556913512011341
2024-10-03 23:00:00,-0.0070759554921133,0.006216598842388926,3.680902822117127e-08,0.006294668428482678
2024-10-04 00:00:00,0.016195675941805696,-0.005236317688313378,-3.5017816820263726e-08,0.0018798727902146516
2024-10-04 01:00:00,-0.0010211498353710207,-0.0043427267984131965,-8.894435412046926e-09,-0.0013508964823060225
2024-10-04 02:00:00,-0.0012530239720849577,0.0013129459769660986,-4.597860518309849e-09,0.0021269231303275996
2024-10-04 03:00:00,0.003267472915409336,-0.002292900900133277,-3.49364911524407e-08,-0.0009975544968195743
2024-10-04 04:00:00,0.009138012667822399,-0.010088503361595043,-6.021579551776612e-08,-0.004913014428840293
2024-10-04 05:00:00,-0.009240116500736124,0.010820724762060675,7.458210389665702e-08,0.003020893826931538
2024-10-04 06:00:00,0.007832210157476586,-0.006122547934467923,-1.5935696846030534e-08,0.0032718941842686984
2024-10-04 07:00:00,-0.00011957487744356006,0.0012572521519606233,-2.6556780169981715e-08,0.005589117076516314
2024-10-04 08:00:00,-0.0009792372581002213,0.0013773231272305125,-1.8957914455761723e-08,-0.0013486661314574243
2024-10-04 09:00:00,-0.001111540337872187,0.0038680038200953077,-1.2371859017541003e-08,0.0011211238267645317
2024-10-04 10:00:00,0.003150902958128963,-0.0032885630899043075,-1.7675060422756987e-08,-0.005068457685823921
2024-10-04 11:00:00,0.008832344988268665,-0.00851868055175748,1.4929455471570546e-08,-0.00352366409657589
2024-10-04 12:00:00,-0.007608217825948961,0.0027082743062296147,4.3317742055749295e-08,-0.004833326429374047
2024-10-04 13:00:00,-0.007787404708809063,0.0033754384483600003,-5.82353388608474e-11,-0.003954944969676698
2024-10-04 14:00:00,0.0018248881532492312,0.009219488387919392,3.00445036014892e-08,-0.00681721769962783
2024-10-04 15:00:00,0.011939678623541733,-0.012467156760719347,-3.131991141975688e-08,0.0013562811898157378
2024-10-04 16:00:00,-0.006113395201730129,-0.0021875816839379307,2.013007048485808e-08,0.0026533634405897467
2024-10-04 17:00:00,0.00781352811377247,-0.0038408660668827056,-5.219511930681e-09,0.004467679372083898
2024-10-04 18:00:00,0.0036296668047025513,-0.006420048363831141,-1.9970463733745962e-09,-0.0029721266183657747
2024-10-04 19:00:00,-0.0031125560234758114,0.0035271193470865006,3.92888145741595e-08,-0.0001495319413038164
2024-10-04 20:00:00,-0.0036140256550758485,0.0036198312199347813,1.461353111540341e-09,-0.0027164256559373888
2024-10-04 21:00:00,-0.000857534274238474,0.0016898456047197918,-7.560553657662718e-09,0.0008146562795280062
2024-10-04 22:00:00,0.00033577488722031637,-0.0012777143246908399,-2.694026468715098e-08,0.00047171614898570524
2024-10-04 23:00:00,0.008873197718605895,-0.0035436922805736496,-6.111741282475465e-08,0.0034588762224400642
2024-10-05 00:00:00,-0.005374846466920315,0.005429146855967877,1.805319663569061e-08,-0.0009853237213332659
2024-10-05 01:00:00,-0.009947198294472262,0.004781423403476589,5.9344880179224205e-08,-0.0005736899910503387
2024-10-05 02:00:00,-0.0024587129703454572,0.0023869061049437566,3.403993671283032e-08,-0.00026561461364052447
2024-10-05 03:00:00,0.008683431665031209,-0.003957611691248019,-6.704771194805833e-08,0.0034932019697225414
2024-10-05 04:00:00,0.006272914120392807,-0.001555154901663545,-4.175534595867522e-08,-0.0008449707883432684
2024-10-05 05:00:00,9.680471090957451e-05,0.00036602517584914164,-6.800226535307001e-09,0.004990438791576342
2024-10-05 06:00:00,-0.0072541746691940625,0.007264605611860523,5.373049124444133e-09,0.003558991797829476
2024-10-05 07:00:00,0.005517080146283316,-0.0042428755581776,-3.672202679399428e-08,-0.001355850218210645
2024-10-05 08:00:00,0.0022481612382120424,-0.0023953697427419422,8.192429975107395e-09,3.521528770983676e-05
2024-10-05 09:00:00,-0.0022786083366342184,0.001582454331710373,3.566614494721482e-08,-0.003815350571458956
2024-10-05 10:00:00,-0.0012093636418018393,0.0015117381301735903,-1.2623934247231127e-09,0.00039012853445712613
2024-10-05 11:00:00,0.0037913645375658887,-0.0027012682276717865,-8.176254720057684e-09,-0.004106654126634684
2024-10-05 12:00:00,-0.006128774094710334,0.0005386092910594811,5.568833149282362e-08,-0.00033987260625536477
2024-10-05 13:00:00,0.001410240225106833,-0.0013016138375682867,-6.532748121751501e-09,-0.0015836299343684932
2024-10-05 14:00:00,0.002140945293065747,-0.002992475709909151,-2.957877025864074e-08,-0.0037497450225079253
2024-10-05 15:00:00,-0.005412361995837607,-0.001879396556664871,5.590161830358688e-08,0.0015486223420632748
2024-10-05 16:00:00,0.0019044068279855887,-0.0003831667144793559,-1.991428520206212e-08,-0.000912084315325328
2024-10-05 17:00:00,-0.00032751398513210803,-0.0007767551229056086,-6.839155912514271e-09,0.007319224755044796
2024-10-05 18:00:00,7.808556654840312e-05,-0.0013812589614094096,3.689492984426668e-08,0.007578687767269093
2024-10-05 19:00:00,-0.006229412311920561,-0.0011761951086004608,7.294201350420262e-08,-0.0037402757058609595
2024-10-05 20:00:00,0.0007927753246183594,0.0028684574922585534,-1.9351565436440883e-08,-0.005496066409291053
2024-10-05 21:00:00,0.012550849042820972,-0.008534078703005954,-8.513721643655533e-08,0.0004771054334648506
2024-10-05 22:00:00,-0.007225931476244753,0.006524220902969542,4.7704417908769386e-08,0.0029408177354306097
2024-10-05 23:00:00,0.0033045739844581178,-0.004140557448070593,-2.658155947845585e-08,-0.004763344729987044
2024-10-06 00:00:00,0.003090196708964674,0.0036844206489414937,-4.590582375831376e-08,0.003024774715353526
2024-10-06 01:00:00,-5.975162624014072e-05,-0.000850122594859433,-4.0089868182225495e-09,-0.0030839553068455943
2024-10-06 02:00:00,-0.007687959311043058,0.008721775930965453,3.364008693211447e-08,-0.003052649785561816
2024-10-06 03:00:00,0.003441468246504847,-0.004572268549728593,-1.6446959420974483e-08,0.002525143442045272
2024-10-06 04:00:00,-0.0005205430993362268,0.0032665366248698833,-4.8161920156612e-09,-0.0015400391167820736
2024-10-06 05:00:00,0.0051934941401377355,-0.006857892785600771,-1.6933686171230758e-08,0.009631285332997739
2024-10-06 06:00:00,0.0022172077699747737,-0.003514236002446992,-8.916806967182254e-09,-0.006877858887710881
2024-10-06 07:00:00,7.199100991411075e-05,-0.0007543889354666372,1.2464172406713327e-08,-0.0040461352358263656
2024-10-06 08:00:00,0.0036372946462918127,-0.0032897636723972275,-1.01632127612078e-08,0.004165056709665817
2024-10-06 09:00:00,0.00037145531198320807,-0.003925501869615635,1.788079483850402e-08,-0.0013894401259044098
2024-10-06 10:00:00,0.0021651097707239267,0.0012914011162086449,-2.7168265951337343e-08,0.002467345357368572
2024-10-06 11:00:00,-0.0014152012385563655,0.003578702439826555,1.0913650010419756e-08,0.004899042995604748
2024-10-06 12:00:00,0.0038993131944717063,-0.006891703505496107,4.010577333525001e-09,0.0009557455383973102
2024-10-06 13:00:00,0.010182634800277058,-0.0022236995480450447,-5.8023901169241096e-08,0.015029984789306998
2024-10-06 14:00:00,0.0005668212150959258,-0.002989911950886597,2.6402341936125477e-08,-0.0008859259212768583
2024-10-06 15:00:00,-0.009647168495163783,0.00971781656380464,5.8564310386935834e-08,-0.00433847926613055
2024-10-06 16:00:00,-0.003097876153203984,0.003381857481795228,1.426188157887625e-08,-0.003304393244069373
2024-10-06 17:00:00,-0.0027351053697451475,0.0056857471610521895,5.915333050389324e-09,-0.005572074456870551
2024-10-06 18:00:00,-0.004907552006117355,0.0049578177064455945,1.698054215102139e-08,0.001666337784977791
2024-10-06 19:00:00,0.0002629086303104314,0.0027154998983726017,-2.5758100262500063e-08,0.0015637201245874946
2024-10-06 20:00:00,-0.0047871473982497685,-0.0022352043728014856,2.8636165119464027e-08,0.0021074765856257914
2024-10-06 21:00:00,0.0033017146771285766,-0.00042619646745403625,-2.6956906597444953e-08,-0.004679014192852452
2024-10-06 22:00:00,-0.0028726013924563966,0.009144829763332071,-2.2064591937130616e-08,-0.00881168521211687
2024-10-06 23:00:00,0.011867618431485778,0.0017794122783977612,1.3890813889768124e-08,0.0019174342188486451
2024-10-07 00:00:00,-0.0008469264172454739,0.007031017496154628,-6.773974775541883e-08,0.003062546284813107
2024-10-07 01:00:00,-0.002845309420817981,0.009463983544329821,-3.527352014054086e-08,-0.003996752893745
2024-10-07 02:00:00,-0.0001890264085989882,0.00031467722455903155,-2.8572338225778066e-08,-0.0006311930539346245
2024-10-07 03:00:00,0.0008882050800420752,-0.00422142640659713,1.2420648723895638e-08,0.0013222876054942451
2024-10-07 04:00:00,0.005911936081401125,-0.01520765566762847,3.905765158949844e-09,-0.003987597472157163
2024-10-07 05:00:00,0.0005951522530504966,0.003927249736171906,1.6450614432214313e-08,-0.00190617587011803
2024-10-07 06:00:00,-0.006555713304062712,0.008055106283977924,1.1961043698097992e-08,0.0055452493354067834
2024-10-07 07:00:00,-0.0002651049800985419,-0.0012437290616691455,1.768035284944676e-08,-0.0001893627012140564
2024-10-07 08:00:00,-0.00807600215509898,0.0007710335286379226,4.419510469298042e-08,0.0011526383939666762
2024-10-07 09:00:00,-0.007053309579022387,-0.0016313909325758186,2.541668554755817e-08,-0.0014013838268452602
2024-10-07 10:00:00,0.0038396663035743335,0.014117675796272636,-4.1175262598873066e-08,0.004456371947484645
2024-10-07 11:00:00,-0.007913951419112913,0.006015819449745758,1.5757271977531694e-08,0.0011130666732716012
2024-10-07 12:00:00,0.0031922708741252085,0.0030535669361706893,3.100530960207159e-08,-0.006745317462592777
2024-10-07 13:00:00,0.0025722802173694555,0.007177408934045497,1.8713352659977996e-08,0.0008431220332577109
2024-10-07 14:00:00,-0.002801276796302013,0.00925372470501667,2.682536244956789e-08,-0.007848394868267168
2024-10-07 15:00:00,0.0019811580841250453,0.0020055214800106065,-3.1038600657268406e-08,0.0028648485031043244
2024-10-07 16:00:00,-0.004057482508004289,0.005241091095105426,3.307350965201779e-08,-0.0015299804979864915
2024-10-07 17:00:00,-0.013370517658720197,-0.009957227503223497,5.3500791752902957e-08,-0.0005863477009247672
2024-10-07 18:00:00,0.0072093547325920325,0.0074485281840732595,-2.3137475671899985e-08,0.0011553560623893486
2024-10-07 19:00:00,-0.00010564308734872623,-0.007733318269578674,-1.7933911099984227e-08,0.003665299754421963
2024-10-07 20:00:00,-0.00125800990394711,0.012019224719023863,-5.211166477325534e-09,-0.0019603608086761854
2024-10-07 21:00:00,-0.012108524363578135,-0.002279463191154749,-1.789345070766095e-08,0.00011098314796175681
2024-10-07 22:00:00,-0.006345565515781983,-0.005143556435036241,-7.801140975707942e-09,-0.004853188791092528
2024-10-07 23:00:00,0.007286911219237873,-0.003086726633031764,-3.722524683170511e-08,-0.001658756485615463
2024-10-08 00:00:00,0.001188605212584049,0.00039737187685292457,-1.7975692589014434e-09,0.000661072502152935
2024-10-08 01:00:00,-0.002591005743777727,0.00854658735996514,2.087724307128335e-08,-0.000737739751804921
2024-10-08 02:00:00,0.0031529142011381857,-0.0020101718029923816,-1.1319273579794292e-08,-0.00521481948736909
2024-10-08 03:00:00,0.006299580587552313,-0.0036156445957576553,7.614061310699058e-09,-0.006111471287977817
2024-10-08 04:00:00,-0.005422730564692575,-0.0013539941098486808,7.401470748496895e-08,-0.0021167828843246363
2024-10-08 05:00:00,0.00015062042002931034,0.0020834490386684957,-1.4596858182467647e-08,-0.0007057759390002297
2024-10-08 06:00:00,-0.0009848058017800912,-0.0062916017796869365,2.12936468760803e-08,-0.001490805908309035
2024-10-08 07:00:00,0.011329784452713532,-0.01858570284547055,-2.877798281926599e-08,-0.007432913143973146
2024-10-08 08:00:00,0.007223272408934325,-0.008381426849657687,-1.2289419745439006e-08,-0.003203228522955645
2024-10-08 09:00:00,0.0030373104704048593,-0.004997760902016802,-2.764554151065921e-08,0.0009575627229734335
2024-10-08 10:00:00,0.0017639888234949996,-0.0003501176092030787,-1.213910973960624e-08,0.004298413557382687
2024-10-08 11:00:00,0.003180967626242325,-0.014430284891481968,6.114849398246541e-09,-0.004423539333302283
2024-10-08 12:00:00,0.006167124127619775,0.003243711687816756,2.950973842467803e-08,-0.001063264874882437
2024-10-08 13:00:00,0.007867550954888738,-0.01696850937332222,-1.8056426732683387e-08,-0.00598659813142689
2024-10-08 14:00:00,0.00014389320184880414,-0.01277192615572197,-3.825314266669397e-08,-0.0027798118096079775
2024-10-08 15:00:00,0.005866584118219147,0.0006938527787730731,-4.418901342579689e-08,-0.002522601628744757
2024-10-08 16:00:00,-0.005364027720827949,0.00377536526436957,2.101320865159907e-08,0.0010890758502060777
2024-10-08 17:00:00,0.00544780998116387,-0.014011535350034132,-6.838199725696076e-08,0.0020433157052490722
2024-10-08 18:00:00,0.0031762235921100166,-0.004125163152888082,-2.405030426149446e-08,-0.003217356339168275
2024-10-08 19:00:00,-0.0014214542483449557,0.007408730297842672,8.413347575768365e-09,-0.0019721573451700037
2024-10-08 20:00:00,-0.0014763486683191899,0.007437651383014481,-1.840635330592492e-09,-0.0018949935851656097
2024-10-08 21:00:00,-0.006056843129336474,0.0009169613515148852,3.5436791363663595e-08,-0.0024939562626988556
2024-10-08 22:00:00,-0.002988939599155184,0.007939360709528161,-8.894170208902385e-10,-0.0009132847027987068
2024-10-08 23:00:00,-0.001038210060991729,0.0038995659732111014,-6.019421678027578e-09,-0.0007574279699844959
2024-10-09 00:00:00,0.0014859662309589065,0.007762694815618081,-6.4730032992445214e-12,0.002119690899400924
2024-10-09 01:00:00,-0.007025892423475396,0.0047692434635625966,4.997675370203068e-08,0.00029553084312214877
2024-10-09 02:00:00,0.0014444263105898763,-0.0013170540782518941,1.4838864130439096e-08,-0.0003273947278347741
2024-10-09 03:00:00,0.0003455936218501747,-0.0019946821384161724,3.593151172351458e-09,-0.002168487930088398
2024-10-09 04:00:00,0.006280353845365225,-0.002920395933376249,-4.234135913914595e-08,-0.0003227425258876402
2024-10-09 05:00:00,0.0019410565781338468,-0.009621476969817765,-1.1371496908825537e-09,-0.002099333272125919
2024-10-09 06:00:00,0.0022282163499257415,-0.010584082024369317,-2.9064630441117293e-08,-0.004498569079789238
2024-10-09 07:00:00,-0.0011545137147694609,0.0019378928441908813,8.609026145075242e-10,0.006504834092314589
2024-10-09 08:00:00,0.00038593353960000853,0.003243274053063944,-6.522202609509034e-10,-0.0017080118208470053
2024-10-09 09:00:00,-0.00425956180790987,0.003670025500258814,2.7231021470487916e-08,0.0013434344604052637
2024-10-09 10:00:00,0.0020090622929317676,-0.0029360421578068824,-2.723887628610612e-08,-0.0056095946101785595
2024-10-09 11:00:00,-0.005913800567882199,0.0014640385098730834,3.67649328874919e-08,0.0019324166480155524
2024-10-09 12:00:00,-0.013297465568125558,0.0077777615441996266,9.3410582615033e-08,-0.01029329308492841
2024-10-09 13:00:00,0.0015748451215050056,-0.002335814308378838,-1.770238935125937e-08,-0.003610659565255431
2024-10-09 14:00:00,0.004068286855353938,0.011184069453058823,1.1144932461182152e-08,-0.0016393944855973997
2024-10-09 15:00:00,-0.0068778074491864126,0.016496099375547607,2.737415342561054e-08,-0.01115034684322287
2024-10-09 16:00:00,0.0008783178382711337,-3.16611477336403e-05,-3.1294074720722176e-08,0.0001309380503985258
2024-10-09 17:00:00,-0.0017704724412564076,-0.01287107814250751,-7.248666694647803e-08,0.009233453123297845
2024-10-09 18:00:00,-0.004403785081058292,0.011319572043500863,-2.4591784026991734e-08,-0.0017029382547370305
2024-10-09 19:00:00,-0.008998344527621644,-0.020408344878253742,1.1634681966659788e-07,0.008273344009679343
2024-10-09 20:00:00,0.0026895877673262566,0.007819476669849825,1.2124994658136705e-08,-0.0030890500947209033
2024-10-09 21:00:00,-0.0011140501196644,-0.0007352196252162485,-9.986368998283292e-09,0.0007424588854191566
2024-10-09 22:00:00,0.0020439893865645863,-0.0028638859866768657,-7.511893433390567e-08,0.0007134732687989653
2024-10-09 23:00:00,0.0017071639045574487,-0.004079313844850579,-3.8191197528674e-08,-0.006813118352907058
2024-10-10 00:00:00,0.0043455697221433725,0.0038910547095787167,2.909855283913305e-08,-0.0033882865424462714
2024-10-10 01:00:00,0.0016973824046844267,0.003926900355061584,2.5318076750159582e-09,-0.0014623308904287886
2024-10-10 02:00:00,-0.0020619364349618976,0.0016402989911980545,5.118079477571802e-10,0.0015493438061896852
2024-10-10 03:00:00,0.001099486891074116,0.00019551181641302897,-1.1614873734221112e-08,-0.0005003038431422499
2024-10-10 04:00:00,0.0008936544691404971,-0.003609081208336549,-3.585832948122725e-08,0.0036479367397809046
2024-10-10 05:00:00,-0.0004652852363624139,-0.003520745544525164,5.398233099209705e-08,0.0017875636457396545
2024-10-10 06:00:00,-0.004473495421083963,0.00018175100122789936,2.6135199243377076e-08,-0.0016527182571433906
2024-10-10 07:00:00,-0.003721436234966082,0.001216517938754398,3.514975435781157e-08,0.0019415834639292914
2024-10-10 08:00:00,-0.0026924800823005376,2.638355673101248e-05,6.82724887438008e-08,-0.0023061043921210386
2024-10-10 09:00:00,-0.002108198942961512,0.0052539871788115835,4.287524239138247e-08,-0.006014449806682579
2024-10-10 10:00:00,0.003979240038877133,0.0033081623810634637,-3.112805936967012e-08,0.008338848515283067
2024-10-10 11:00:00,-0.009715357196181716,0.014416130180919943,5.9267020033414395e-08,-0.004482943753802096
2024-10-10 12:00:00,-0.0037050473409324857,0.0026785418338114357,5.1767131514404044e-08,0.0004385732748118827
2024-10-10 13:00:00,-0.005223851947348559,0.002964158591160986,-4.376424422183222e-08,-0.005699381354709135
2024-10-10 14:00:00,0.0033363393319403036,0.007592819748126124,-4.1778917355192794e-08,-0.002756525674867584
2024-10-10 15:00:00,-0.003285409726083041,0.006423169475343372,-1.0788656281577127e-07,-0.0048946118166359855
2024-10-10 16:00:00,-0.008475844221888983,-0.0027628392850348126,-4.072887514085522e-08,0.0005346927376234732
2024-10-10 17:00:00,0.005088994238410077,-0.0036149128580440074,1.5125802250127148e-08,0.006187429574194725
2024-10-10 18:00:00,0.002757538577450955,-0.0014869778079716156,4.388267640744227e-08,0.0011237143418177105
2024-10-10 19:00:00,0.00023064372445738318,0.006433133276922946,-8.679612118714981e-10,-0.0031806509742733067
2024-10-10 20:00:00,-2.0698251608895595e-05,0.008611379364988124,3.977876739263677e-08,0.010853848785288455
2024-10-10 21:00:00,0.0005547028999393919,-0.00596744119991303,1.7246263718982198e-08,-0.0016125514721180298
2024-10-10 22:00:00,0.004097476029346521,-0.001311368568487639,-1.3529484758240596e-09,-0.0007822871335731693
2024-10-10 23:00:00,0.005077614134027891,0.0007356126533099304,-8.67040225644719e-09,-0.005794077019978662
2024-10-11 00:00:00,0.005040577426006946,-0.0010635344332897616,3.389216823452957e-08,-0.0006055397842736138
2024-10-11 01:00:00,0.002278541314230599,-0.00816236225480661,-7.946958750575172e-08,0.0024982046221093813
2024-10-11 02:00:00,0.0034407996851221357,-0.0014402983481414486,1.2527039560423745e-08,-0.004097757513240587
2024-10-11 03:00:00,0.0011855129100235115,-0.0032837062310329557,3.060680952896202e-08,-0.003305165567721724
2024-10-11 04:00:00,-0.003294593139948161,0.008063965206604283,3.147276491003661e-08,-0.0043808071628227
2024-10-11 05:00:00,0.0005344960438357083,0.0049987049638145825,3.473376975426941e-08,-5.2218214132470064e-05
2024-10-11 06:00:00,-0.0033188413976220975,0.013315168441654123,-3.781932841246834e-09,-0.0007539247636102168
2024-10-11 07:00:00,0.008288499178834311,-0.019108597990042525,-6.72007397945202e-08,0.005009279396459858
2024-10-11 08:00:00,0.0058239984604396625,-0.0030080588146796147,2.0464864916786628e-08,-0.000128257606133517
2024-10-11 09:00:00,0.00024817977916776146,-0.0028553635507268496,2.050237977779384e-08,-0.0005181172297281884
2024-10-11 10:00:00,0.0005269546206637956,-0.0035500935845526826,2.5339241423964275e-09,0.0005755281636532576
2024-10-11 11:00:00,0.0013563099811679388,0.003186354675042828,3.021284032837101e-08,-0.0006111045905040769
2024-10-11 12:00:00,0.000580065449712305,0.0037451377461825554,6.086166232082674e-08,0.0034087038076383333
2024-10-11 13:00:00,0.0018998414942117407,-0.005870364555773901,2.5873589672201898e-08,-0.005930851416948688
2024-10-11 14:00:00,0.006463029261004812,-0.0003011106093411172,3.734943902049914e-08,-0.0011614113669310019
2024-10-11 15:00:00,0.0010237743648722774,-0.0034609759684814468,-1.3334829411048392e-08,-0.00027673388642594153
2024-10-11 16:00:00,0.0065362510381035905,-0.004830893109718743,6.00064582229665e-08,0.003360046567573716
2024-10-11 17:00:00,-0.0001067587186834889,-0.0014554186889930562,2.5798000782504942e-08,-0.002562859087727677
2024-10-11 18:00:00,0.0008916547916440851,0.005334355191083283,2.8179923079344872e-08,0.002083882729910012
2024-10-11 19:00:00,-0.00025305719144237324,0.0007062610904210417,-2.689227631599064e-08,-0.001866815507763456
2024-10-11 20:00:00,-0.002800398141221054,0.0026516603022964922,-4.075493156982089e-08,-0.004316118308861768
2024-10-11 21:00:00,-0.001417068238631023,-0.0004889949458035792,-6.258227592918338e-08,0.0011491359236710545
2024-10-11 22:00:00,0.0016211899684498152,-0.0022602754882624448,6.222006694981613e-08,0.0028217878160393677
2024-10-11 23:00:00,-0.00024179946168754064,-0.00012525138035702414,-2.3301855779350663e-08,-0.005302142006961067
2024-10-12 00:00:00,-0.0009319697799326694,0.01037244388700893,1.178149848441258e-08,0.0022475653874226395
2024-10-12 01:00:00,-0.004912580129031388,0.0059762590296643546,8.23101188355596e-08,0.004215721920511926
2024-10-12 02:00:00,0.0012254752259082827,-0.0028472320387728156,6.593607282145699e-09,0.002060148733786918
2024-10-12 03:00:00,0.0020440596397521857,0.0024960407059242194,-3.7057317939459684e-08,-0.0014444935100395196
2024-10-12 04:00:00,0.0023286035751043863,-0.00404789279144796,2.0993633219904753e-09,-0.004348639691985179
2024-10-12 05:00:00,0.002745327401063469,-0.0057028191460176325,-4.022158907754499e-08,-0.00794094129746117
2024-10-12 06:00:00,-0.0010726124403914372,-0.005834802001408311,-5.480768530275564e-09,0.011849298917403961
2024-10-12 07:00:00,-0.00011633452187758086,0.002887587917593864,-1.4467430344350527e-08,0.0008530713259977393
2024-10-12 08:00:00,0.0008514235591235498,0.004946158291622249,6.063070066826492e-09,0.0029893944848085824
2024-10-12 09:00:00,0.005737864726299712,-0.009186261485305845,-3.2139517316233104e-08,-0.002268635940558822
2024-10-12 10:00:00,0.001632049141934972,-0.006445736000486695,-1.0729939235860625e-08,-0.007851816281777188
2024-10-12 11:00:00,8.406226184909642e-06,0.010821547878327783,2.2214337305082892e-08,0.024054436618898528
2024-10-12 12:00:00,0.0016692239330705883,-0.004612300953822044,-2.8449551072911018e-09,-0.008479752636217771
2024-10-12 13:00:00,0.0007650944994608853,0.0007359489229092609,1.62074034872114e-08,0.011802701081950258
2024-10-12 14:00:00,-0.002072479838108229,0.0012264633319236428,1.6425407543550102e-08,-0.0005535991771054092
2024-10-12 15:00:00,-0.0021243806423784724,0.0013678947247444092,9.67338019839618e-09,-0.0003569174057641099
2024-10-12 16:00:00,0.003438246328029944,-0.0036861641641811166,-2.680751543543553e-08,0.003641823070793096
2024-10-12 17:00:00,-0.003387166094150679,0.0058464172576088175,4.8242342056047385e-09,-0.0013655227500636211
2024-10-12 18:00:00,0.00023990537947267583,0.0017653742547211271,4.917282097866131e-09,-0.000674453767464514
2024-10-12 19:00:00,-0.0017131831936165515,0.004346934758241913,2.914343308048872e-09,-0.00643665864244074
2024-10-12 20:00:00,0.0004951860572717519,-2.1701093914581547e-05,1.1001436687180119e-08,-0.008407549410842194
2024-10-12 21:00:00,0.0012485270593681598,-0.0010442636371263028,6.59311657871686e-09,-0.006443182012124119
2024-10-12 22:00:00,-0.003919987478558118,0.0034524025516783348,2.6614536378259048e-08,0.004639546804389863
2024-10-12 23:00:00,0.0002820725176973991,-0.000448678487848051,-8.135548115779239e-09,-0.003680498305707276
2024-10-13 00:00:00,-0.005706441080700187,0.005392286945667809,1.012528233992193e-08,-0.0009054363753893644
2024-10-13 01:00:00,0.003443082403093031,-0.007067197080177467,-4.917598607251915e-08,0.0007225922416858092
2024-10-13 02:00:00,-0.003466510577202148,0.0009744196286066974,2.935562974769776e-08,0.0037556507123025365
2024-10-13 03:00:00,0.003153065391136839,-0.002066546249895977,-4.1073567774032265e-08,-0.003702904557557243
2024-10-13 04:00:00,0.0022779437006139385,-0.00686323673187434,-2.722215762396813e-08,-0.003960206906734896
2024-10-13 05:00:00,0.0005617814958014225,-0.003845006185447067,-2.162734363988681e-09,0.0007804136025457028
2024-10-13 06:00:00,-0.002953029111304498,0.007438301970073268,2.4869544327268445e-08,0.007868410630402929
2024-10-13 07:00:00,-0.0012412757998566983,0.0032459175357705708,1.851671716796953e-08,-0.007974745640761343
2024-10-13 08:00:00,0.0030015003854520408,-0.0034586187037468656,-5.265883605387178e-08,0.006870493817046993
2024-10-13 09:00:00,-0.005313115343720984,0.0041827215244708985,4.743172259670648e-08,0.00045573945202347045
2024-10-13 10:00:00,-0.0036200180524509243,0.0031765330611742033,1.633976534764234e-08,0.0010447533914109295
2024-10-13 11:00:00,0.0037457683604832305,-0.002232307577834354,-2.981594071747761e-08,0.0006389764856116248
2024-10-13 12:00:00,0.00020969952766364847,-0.0005132490741687362,-6.812164934903348e-09,0.0003720076963951296
2024-10-13 13:00:00,-0.011282923612077517,0.0013145162731811903,6.867327480105946e-08,0.006538180346581622
2024-10-13 14:00:00,-0.0026972991896806794,0.006504230609027482,4.215360249127239e-08,0.0017398320972368253
2024-10-13 15:00:00,0.0032901270161394074,0.0048937357203502575,3.3033153379799424e-08,-0.002516282052938013
2024-10-13 16:00:00,-0.004418435925323457,0.0011895186765717035,4.732567089941747e-08,-0.0008730172210862651
2024-10-13 17:00:00,-0.0023284936644812357,0.003134424235452667,1.9560278798252532e-08,-0.003052361833729937
2024-10-13 18:00:00,0.004052603032708765,0.002074773515347737,1.398691566120819e-08,0.0002371566810857462
2024-10-13 19:00:00,0.0026533438836792737,-0.001016689672058066,-5.131784529490796e-09,-0.003318668736419241
2024-10-13 20:00:00,0.00622755656371678,-0.006666388196237616,-3.6542494907183744e-08,-0.0033939112056702845
2024-10-13 21:00:00,0.003736137277613827,-0.0013251966145465255,-5.1033156127818974e-08,-0.002793604492630973
2024-10-13 22:00:00,0.0006823403083738402,-0.0018304924717780643,-4.973505144278757e-09,0.0010620320622811194
2024-10-13 23:00:00,-0.004061053603104044,0.004699721678307918,-1.9421924347453122e-08,-0.006382294377407075
2024-10-14 00:00:00,0.0030199116292060277,-0.003563750445080039,4.2794775087250935e-09,0.003153146554198057
2024-10-14 01:00:00,-0.0004946351760642107,0.0013032042859768124,1.806652964959754e-09,-0.00025708466046668274
2024-10-14 02:00:00,0.027129281839261665,-0.019206026027468952,-8.91380238046133e-09,-0.005321605346183758
2024-10-14 03:00:00,-0.0016316236575321676,0.009971836950276272,-2.733427697520232e-08,0.00032359766593646744
2024-10-14 04:00:00,-0.002810347639695468,0.007893737268042569,3.420784261399252e-08,-0.0036951893519388797
2024-10-14 05:00:00,0.004872297161337353,-0.010128253341031797,-1.1734417656715207e-08,-0.0045467522650722595
2024-10-14 06:00:00,0.004675923127757702,-0.009968717645053011,7.269864760268183e-08,-0.0067001987775653915
2024-10-14 07:00:00,-0.003098474743455191,-0.004586644725679769,5.017989951069238e-08,-0.00776152300674283
2024-10-14 08:00:00,0.006143230260307552,-0.006232837336953538,9.30023739310575e-09,0.0007616643924680262
2024-10-14 09:00:00,0.000779588669861377,-0.0016099485476710835,-1.2262463668585963e-09,-0.002110014106711035
2024-10-14 10:00:00,-0.0021959357597639167,-0.00027940203639167114,3.214322876676042e-08,-0.002541139884894945
2024-10-14 11:00:00,-0.0014811441106508962,0.0017378308217012872,-2.0854494454158147e-08,-0.0036227703796476007
2024-10-14 12:00:00,0.005867319017773527,-0.0078053815387624775,-2.0037352732861385e-08,-0.0005504129394194964
2024-10-14 13:00:00,0.004689396685750329,0.012638414886568179,6.748762131118642e-08,-0.002994089638503627
2024-10-14 14:00:00,0.007110916633473463,0.003436148309963318,-1.1650953344731788e-07,-0.003123618963134347
2024-10-14 15:00:00,-0.00227957726177556,0.007137963359146433,-2.8642760932036442e-08,-0.006789379310218994
2024-10-14 16:00:00,0.0006916391023511503,0.004239431519366731,-4.621754515231551e-08,-0.003240798279960571
2024-10-14 17:00:00,0.0009587463594911833,-0.0004286551112201705,-5.313514332652452e-08,-0.007377329139940491
2024-10-14 18:00:00,-0.0004303848959325141,-0.00369640344475119,2.465358193008196e-08,-0.0031796328194888014
2024-10-14 19:00:00,-0.0010465104083625643,0.001183056916948023,-1.5031275712368928e-10,-0.0016385928860680008
2024-10-14 20:00:00,-0.0008589245225822878,-0.00048467676170697995,-1.3275816279169893e-08,0.0005985676560015474
2024-10-14 21:00:00,0.009852154986670685,-7.066018218903055e-05,-1.741574704855629e-09,-0.0007086749632366853
2024-10-14 22:00:00,-0.004352132874462088,-0.001084958958152694,-1.8079742684920917e-08,-0.0011582774692863948
2024-10-14 23:00:00,0.005955702185579219,-0.011543489984543243,-8.367595191944384e-08,0.0024066772892572517
2024-10-15 00:00:00,0.0002599775919979149,0.0008222223029233028,-5.4237583444731177e-08,-0.0033357135696956124
2024-10-15 01:00:00,0.0013766189327045811,-0.006130056470682743,-7.084192857587937e-08,-0.003989935236526347
2024-10-15 02:00:00,-0.008490292821949396,0.005871062185044223,1.2793416878738673e-07,0.01214553284165119
2024-10-15 03:00:00,0.005256670229442084,-0.008416934523448926,-1.4893190077625889e-08,-3.900392295423802e-05
2024-10-15 04:00:00,-0.007975949765580338,-0.0017597176852764255,6.728200010479138e-08,-0.0007982690126069638
2024-10-15 05:00:00,0.007763122786479108,-0.0022473935741414404,-4.849466427925857e-08,0.002563524900457867
2024-10-15 06:00:00,-0.000655234899170597,0.005252457042885359,1.8099181063905582e-08,0.0013436704338315082
2024-10-15 07:00:00,0.004438249461641337,-0.009110656774486544,-3.076780998585266e-08,0.0022646112085641192
2024-10-15 08:00:00,-0.0013370286131529783,-0.0030943189080795516,-3.700862465072198e-08,0.0058852241908253005
2024-10-15 09:00:00,0.006708522607159149,-0.010358188967079398,-7.847927992275088e-08,0.0038182463970417666
2024-10-15 10:00:00,-0.02204872417787231,0.03180702768374216,2.0916876067465734e-07,-0.005029483131864973
2024-10-15 11:00:00,0.015300844911830248,-0.01584763638934735,-9.316629670833395e-08,5.8498470778187865e-05
2024-10-15 12:00:00,0.018537775748091536,0.0063653998992453205,1.423243542667032e-07,-0.0015567124819099618
2024-10-15 13:00:00,-0.029442003541849025,0.018660591812301182,3.073956002073435e-08,-0.004633617160471853
2024-10-15 14:00:00,-0.0017270662187139447,0.01542602582262215,1.0529037823024504e-07,-0.0010426354338503863
2024-10-15 15:00:00,0.03401270602452704,-0.07489879380868719,-4.960757339843585e-08,0.005401523020946045
2024-10-15 16:00:00,-0.0007770963537948447,0.004648251213655304,8.886270270430863e-09,-0.003094629714920952
2024-10-15 17:00:00,0.0007790820526633503,0.002910482939174585,-4.137047663661307e-09,0.000733610137040932
2024-10-15 18:00:00,-0.002153242617898254,0.0025119085764750914,4.1719888786367895e-08,0.0014533927306292055
2024-10-15 19:00:00,-0.015075428573415704,0.00613710134134916,9.988296114228281e-08,0.004132394688568944
2024-10-15 20:00:00,0.015604537240299412,-0.021068728356131508,-1.2897048579855186e-07,0.002723557850187382
2024-10-15 21:00:00,-0.0023138927635485453,0.011144634215590863,1.1328107749725754e-07,0.0042178412841121435
2024-10-15 22:00:00,0.012343043211830305,-0.015192777044153486,-3.26942881175828e-08,0.002738928119020433
2024-10-15 23:00:00,0.007632455157716182,-0.018335532260424496,-8.606611774220414e-08,-0.008271908631355365
2024-10-16 00:00:00,0.003971776420294804,0.0031627492920895776,2.4264943232770336e-08,-0.003128443497277172
2024-10-16 01:00:00,-0.005890858248460384,0.0145918217062454,-1.1627989646337033e-08,0.0023647106655302584
2024-10-16 02:00:00,-0.0032706114741229185,0.005285392573835424,-1.1957940895540126e-08,-0.0016491256169824534
2024-10-16 03:00:00,-0.004481041158294594,0.006547829149594809,6.438737973016002e-09,-0.0010537665455992312
2024-10-16 04:00:00,0.008332485394789868,-0.012008698316672933,-1.5305163712914792e-08,0.0005790177208223944
2024-10-16 05:00:00,-0.005796556585857766,0.008585036531332621,7.419336149788899e-09,0.0011227004350808055
2024-10-16 06:00:00,-0.0041224972903882865,0.010735712312528317,1.7151556409377483e-09,0.003227004137911717
2024-10-16 07:00:00,0.017296368495632954,-0.016792313081847567,-6.005102957189228e-08,0.014492718880844095
2024-10-16 08:00:00,0.016052504990143896,-0.022679791753765097,-3.6539880821993856e-08,0.0059290273162248604
2024-10-16 09:00:00,0.003151672936949249,-0.005441116350027135,4.960231698371206e-08,-0.005086131505036058
2024-10-16 10:00:00,0.00392593169405025,-0.0012318852646396607,-2.1211304421484896e-08,0.00217191236463276
2024-10-16 11:00:00,-0.0034624632622825323,0.007784609639937562,1.580626387569057e-08,-0.0032670900708910273
2024-10-16 12:00:00,-0.00573292242896214,7.800982664470927e-05,-1.3108239273971324e-08,-0.0002678561655456318
2024-10-16 13:00:00,-0.005842367369862055,0.02178428566504222,2.2164715214391668e-08,0.000667741684030105
2024-10-16 14:00:00,-0.004213848142007824,0.009990608238922307,1.601402668577132e-08,-0.0016707986961051195
2024-10-16 15:00:00,0.0021653617951880415,-0.004025165159006692,8.689662743727841e-09,-0.0010843165736561927
2024-10-16 16:00:00,-0.0013810594832113579,0.00391309848792107,1.9799084680710442e-08,-0.0016625228140395858
2024-10-16 17:00:00,-0.0002863976308836205,0.001825781605328092,-3.025143999281659e-08,0.0020498261664801537
2024-10-16 18:00:00,-0.0010162114256094695,0.004728439220568554,-5.00507730196555e-08,-0.0032078490972445254
2024-10-16 19:00:00,0.0032354099889127428,-0.007003291642540856,-6.458547616027142e-08,-0.0061086677310132455
2024-10-16 20:00:00,-0.002284616593870051,-0.003548882679226267,5.969061408039488e-08,0.0022407039785074896
2024-10-16 21:00:00,0.005747284935132322,-0.0032968903334127794,-2.0025572859713677e-09,0.002257702232520131
2024-10-16 22:00:00,-0.009486525689294657,0.010009971533584995,3.7039122102091026e-08,0.0011380142278331795
2024-10-16 23:00:00,-0.0019349669227011353,0.01020792968308315,-1.4671220764271633e-08,0.006087955232312209
2024-10-17 00:00:00,0.006845256804602524,-0.003957970829466808,-3.157565733469497e-08,0.003090861605850206
2024-10-17 01:00:00,-0.006867909719166102,0.004706987906530143,-1.3463976161753891e-08,-0.0034944611241531412
2024-10-17 02:00:00,0.007568549243563439,-0.0072360691286504734,-2.715126286187844e-08,0.0008620321194943067
2024-10-17 03:00:00,-0.005977015662497809,0.004998793262342257,-2.290881250710301e-08,0.004677878765616965
2024-10-17 04:00:00,-0.0030434645460623087,-0.001296492518516003,7.768609206818433e-08,0.00045004537724980924
2024-10-17 05:00:00,0.0015226103474777093,-0.0061205395895347885,-1.45023708564485e-08,0.002814608968222361
2024-10-17 06:00:00,-0.0026267187154088312,0.0030671343581812403,4.280079063025328e-08,-0.001255218236291264
2024-10-17 07:00:00,0.00012891490464774326,0.002304653499738556,1.302545860271771e-08,0.0013628794310097522
2024-10-17 08:00:00,-0.0016264588801712687,0.0035726611535796624,-7.493315831003096e-08,0.0033311396115534918
2024-10-17 09:00:00,-0.007059269861188308,0.011096883901059812,2.3471030392479127e-08,0.001020011427863996
2024-10-17 10:00:00,-0.006221993972927171,-0.0023302342661344505,4.031341504216675e-08,-0.0026727921141699784
2024-10-17 11:00:00,0.005649852107298843,-0.0007428436684631277,-2.142269639759019e-08,-0.003250688088549866
2024-10-17 12:00:00,-0.0009290070638665587,-0.008805634291098052,3.6355248488743195e-08,0.003501406605006932
2024-10-17 13:00:00,0.0033345284469759855,-0.005732987086176225,2.422944706599739e-08,-0.0019014776855358726
2024-10-17 14:00:00,0.004856926414667137,0.003986503246061226,-6.128643576827774e-09,0.0015931184557019561
2024-10-17 15:00:00,-0.003736108120488431,0.0005831344199774667,2.00248477372355e-08,-0.0015995988446821997
2024-10-17 16:00:00,-0.011743111600864383,0.013499744755576385,1.799224377637248e-08,0.005615696001599645
2024-10-17 17:00:00,-0.004820877601403572,-0.005542631993806294,4.350496459852616e-08,-0.0034069169543448244
2024-10-17 18:00:00,0.00580853701959289,0.0021582666141614143,-1.3453229499237743e-07,-0.0010269754165025595
2024-10-17 19:00:00,-0.006113166212154568,0.018933799550130553,5.462901526834271e-08,0.019217298029794633
2024-10-17 20:00:00,-0.002330472870237041,0.007044420007309807,3.7205702299114144e-09,-0.0002660405432079796
2024-10-17 21:00:00,0.0050330196941153075,-0.0027537991324220012,3.1436517027260876e-08,-0.0013985398340513578
2024-10-17 22:00:00,-0.006352705110680189,0.00227087118506572,2.7594667073334742e-08,0.0068203228474331325
2024-10-17 23:00:00,-0.004609551645273198,0.012606011824483782,-1.1650508914394941e-07,0.004961294829688052
2024-10-18 00:00:00,0.017316911642757393,-0.0033683006387095183,-3.536664128424249e-08,-0.0019903734010025833
2024-10-18 01:00:00,-0.004758527223857337,-0.015878199048329295,1.2911987550167716e-07,0.0069454107731263814
2024-10-18 02:00:00,-0.004894890161466349,-0.0010324816529199464,-1.693618366779369e-08,-0.0025156195368428577
2024-10-18 03:00:00,-0.0012079168147798563,0.004153643941598734,3.240554804292433e-08,0.003547813044483214
2024-10-18 04:00:00,0.006216878376009299,-0.004645921895876093,1.0706749316067412e-08,-0.002198210759369197
2024-10-18 05:00:00,0.0038317785273135393,-0.003257561882214783,-3.2742852473598326e-09,-0.0026204771801529828
2024-10-18 06:00:00,0.0041512419239654475,-0.0029375961460617176,-5.4262120542412065e-08,0.0028925928730169654
2024-10-18 07:00:00,0.0002836353491766783,-0.0019128175355860178,4.004779685005218e-10,-0.00017740382162856601
2024-10-18 08:00:00,-0.0015080176497643894,-0.0025939186843741743,-2.817715486962196e-09,-0.003225989091378597
2024-10-18 09:00:00,-0.0015031805472294124,0.0009677828285931362,8.436135842614857e-09,-0.0024259449369030523
2024-10-18 10:00:00,0.0012421218319130008,-0.005152562638044795,3.6590057142789704e-08,0.007083773515537659
2024-10-18 11:00:00,-0.004029428139239918,0.008447548816831246,-2.3153204306517273e-08,0.0022384777962936478
2024-10-18 12:00:00,0.005628082518705357,-0.0034286784003906183,5.867040108469211e-08,-0.0023597327076525414
2024-10-18 13:00:00,0.0004043523133333152,0.00807966725317437,-5.484121501383176e-08,0.003047960282669941
2024-10-18 14:00:00,0.002926694109188264,0.0003568541602429779,1.089799551265152e-09,0.002024523426045379
2024-10-18 15:00:00,0.004365491119460695,-0.006498674236842031,-4.7575182811474616e-08,0.006229414613280448
2024-10-18 16:00:00,-0.006585272900840891,0.005136921874233612,5.435450721195175e-09,0.0030972243072562404
2024-10-18 17:00:00,0.0009962396534797698,0.004280977630449212,-5.3536419421515246e-09,-0.009146693804171852
2024-10-18 18:00:00,-0.0048926185832553065,-0.0009844904343879182,7.870932387425888e-09,0.0046982243466771115
2024-10-18 19:00:00,-0.0021279144025392323,-0.0003437325078341709,-2.2208827904548968e-08,-0.0031821489396216315
2024-10-18 20:00:00,-0.0032358828443695134,0.002860472737498795,-4.174460436761241e-08,-0.005080129453401999
2024-10-18 21:00:00,0.003722446757868295,-0.006515446570857217,-4.759273142010667e-08,-0.0022261250033895575
2024-10-18 22:00:00,0.00905405123905526,-0.01230548448005178,7.661060047663129e-08,0.0012238136731594828
2024-10-18 23:00:00,0.006019337878596818,-0.008443563394805923,-3.234226048445247e-08,-0.0030362345745864393
2024-10-19 00:00:00,0.011701772978482974,-0.016397983601387882,-1.763377072102142e-07,-0.02804154766341496
2024-10-19 01:00:00,0.010351190747686645,-0.010035916396962219,-6.313377237308039e-09,-0.0002724883927328062
2024-10-19 02:00:00,0.0015055677322605883,-0.003853932465783812,3.26376122999985e-08,-0.0043559647817999324
2024-10-19 03:00:00,-0.0037107753780298205,0.0027468905429001334,8.989674511990837e-09,-0.0032946592645469587
2024-10-19 04:00:00,0.0019456333917736285,0.0022288617399867693,-4.2793708858615824e-08,-0.0011928523850340618
2024-10-19 05:00:00,-0.006617344496358997,0.010370367095424379,-3.3956091472074976e-08,-0.0028664479941896753
2024-10-19 06:00:00,0.0040623200194749975,-0.008773425860819748,4.161419491822958e-08,0.005709445690337165
2024-10-19 07:00:00,0.0012478401801131202,0.0004381948624341982,-8.48841567138671e-09,-0.0010859523813486194
2024-10-19 08:00:00,5.880026501592906e-05,0.0003956647038864054,-1.877534075086842e-08,6.65173420314582e-05
2024-10-19 09:00:00,-0.009985479571589151,0.013237310532369298,-4.390049599185454e-08,-0.002713148167300878
2024-10-19 10:00:00,0.0016175256843378137,-0.008629642007831185,7.152037918924607e-08,0.008498005122087458
2024-10-19 11:00:00,-0.0037796028029386712,0.00588818789496354,-1.8962215980347165e-08,-0.007038282600200914
2024-10-19 12:00:00,-0.0015506532271382279,-0.00017911026947067539,3.2578092971696313e-09,0.0008121798870140985
2024-10-19 13:00:00,0.005096454965919489,0.0025897391729792557,-7.369990833453007e-08,-0.0032421218372764714
2024-10-19 14:00:00,0.001548938026005699,-0.005367172641535414,4.057884389027839e-08,-0.003118626864504513
2024-10-19 15:00:00,-0.00445808145500054,-0.0010811992564206394,3.461514007903569e-08,0.004269512527746169
2024-10-19 16:00:00,0.0003315258104195891,-0.0003377063883812604,2.5212591699882622e-08,0.006425733592216873
2024-10-19 17:00:00,-9.387448424679487e-05,0.004030469952920676,-4.1697945809047066e-08,0.0010761930635126158
2024-10-19 18:00:00,-0.003563816804142141,0.0044481061430814576,-1.1334771653143084e-09,-0.0016017345189751832
2024-10-19 19:00:00,0.005416357233577402,-0.004792530502728943,1.4015165683872233e-08,-0.009587135131159904
2024-10-19 20:00:00,-0.0033948516919141275,0.0033581985532493003,-1.1639201132360107e-08,0.004302416949597203
2024-10-19 21:00:00,0.0007745412692206485,0.005112282477394352,-6.838982099501598e-08,0.008384653826634423
2024-10-19 22:00:00,-0.0031998776540332037,0.004030765582183605,-4.027655370641527e-09,0.0024546282355228854
2024-10-19 23:00:00,-0.003360671069093321,0.0016410016962074036,5.106030278735068e-09,-0.005019316807087455
2024-10-20 00:00:00,-0.0007873630864524285,-0.0012132490563520433,1.5268967368799322e-08,0.001638196351508171
2024-10-20 01:00:00,-0.0011139605934876438,0.0004691018104589392,1.924498178309676e-08,0.0024298112278892774
2024-10-20 02:00:00,-0.0013533724464135134,0.00151259196286528,-5.685458436449757e-09,-0.0053340411768012215
2024-10-20 03:00:00,-0.000968928685397173,0.001291600191627293,1.0596521560231833e-09,-0.008013414029819737
2024-10-20 04:00:00,0.0018897377539116025,-0.003718425994646944,1.9394090746906804e-08,0.006033434741130371
2024-10-20 05:00:00,0.003082125572503989,0.00029026580232183267,-1.0685400692033106e-08,-0.0007379155636776426
2024-10-20 06:00:00,-0.0009771660704166619,-0.0009974236839844137,2.45470748106581e-08,-0.0009927553250295583
2024-10-20 07:00:00,-0.0029955262871355923,0.003316880102981243,5.633899368428054e-09,-0.0011259948056929244
2024-10-20 08:00:00,0.0018989945467374392,0.0023364288585118456,-5.635868137109192e-08,0.003247879728314266
2024-10-20 09:00:00,0.0019319073827446097,-0.004264743220804121,1.575383587468258e-08,0.0009919525616156634
2024-10-20 10:00:00,0.004515191891094767,-0.0030063265271625516,-1.4364970505740813e-08,0.007573182585758337
2024-10-20 11:00:00,0.0018749000911952186,-0.012542714741670877,1.1101289928864405e-07,-0.0002669485318638766
2024-10-20 12:00:00,0.014955736534371787,-0.009184297121886544,-5.967908605378702e-08,-0.0006964973018452176
2024-10-20 13:00:00,0.007624676479652638,-0.0012031196492805715,-4.9135190975010524e-08,0.0004962665900091244
2024-10-20 14:00:00,0.0028487999393637586,-0.007705469736686829,5.3800155551447134e-08,0.0013854418716932027
2024-10-20 15:00:00,0.005056512124924344,-0.005159316688370243,-2.6673371106523273e-08,-0.0072645681530632425
2024-10-20 16:00:00,-0.0020012470260706195,0.0028313525396186194,5.415391766146549e-09,0.0012563438615600959
2024-10-20 17:00:00,0.0044521492941765,-0.004279449709289056,6.208430337741545e-09,0.003041133760682686
2024-10-20 18:00:00,-0.0027722961311891278,0.0009711081294630931,8.273026461915988e-09,-0.0010947020626334962
2024-10-20 19:00:00,0.008244402721038616,-0.004466685422172018,1.116219159487411e-09,0.0018804880293857185
2024-10-20 20:00:00,-0.000153289080089265,0.0013996173611658066,-2.226497198563569e-08,0.0015849982846160903
2024-10-20 21:00:00,0.012082563031473917,-0.002159838324404218,-6.833443759549886e-08,0.0031261729898927025
2024-10-20 22:00:00,-0.0003696991410647709,0.0005787827484773204,-2.739998502552695e-08,0.00047972301146200906
2024-10-20 23:00:00,0.006241851859611021,-0.00667353423762666,1.7022374206773817e-08,0.004992174027644828
2024-10-21 00:00:00,0.0010320202177749396,-0.0017018865913297106,1.117559418977487e-08,0.006691376228638577
2024-10-21 01:00:00,-0.00492427094750278,-0.0012566445618224615,-1.3616750968176604e-08,0.0004798002470740583
2024-10-21 02:00:00,-0.0011354192987154525,0.0031045071775664002,-1.9726182169203982e-08,-0.0044286584015328255
2024-10-21 03:00:00,0.008241349057231428,-0.003334350475161329,-5.2375048747444577e-08,0.00081389312390945
2024-10-21 04:00:00,-0.0053034487958057595,0.006402814790865751,-8.295714052361504e-09,0.002650099177828677
2024-10-21 05:00:00,-0.005213031289371207,0.0020573962867002538,-1.7822896964236893e-08,-0.0008157285957111362
2024-10-21 06:00:00,0.0020516872370873714,-0.004506983452857636,-1.9441357614507722e-10,0.0012324106130972544
2024-10-21 07:00:00,0.007308040313682383,-0.00864459105836008,1.7072139894299173e-08,0.006178413192483582
2024-10-21 08:00:00,-0.001781526426690751,0.002760685369452659,-1.1533229751983499e-08,-0.001329620968344504
2024-10-21 09:00:00,-0.002048169848427856,-0.0005875666607726606,2.804625142563819e-08,0.002269708079257657
2024-10-21 10:00:00,-0.0026013754614317985,-0.001731464992222634,4.812383270372767e-08,-0.0029435690965023773
2024-10-21 11:00:00,-0.0065215262974699486,0.004338891250983537,3.374238641226557e-08,-0.0020793700640915247
2024-10-21 12:00:00,-0.014810670531684585,0.0047483510956165854,-4.154561944669792e-08,0.001960671100299918
2024-10-21 13:00:00,0.0029809822470071457,-0.0095543614582355,3.1470538794784087e-08,-0.004689134217488046
2024-10-21 14:00:00,0.0020042399030193703,-0.0001312102074859057,1.0505483708750678e-08,0.005390982665925476
2024-10-21 15:00:00,-0.004624701157897879,0.0024147426826843276,3.304834351554966e-08,-0.0011832276451688645
2024-10-21 16:00:00,0.006127079726776053,0.0001353933291266667,-5.3093823267081895e-08,-0.00015054224865521573
2024-10-21 17:00:00,-0.0029046680401445786,-0.00031075163409922707,9.607964689378866e-09,-0.0001605829550149056
2024-10-21 18:00:00,0.0014989398621100556,0.0015679401672867316,1.2005005657859564e-08,0.005749025353700244
2024-10-21 19:00:00,0.0015885680349886295,-0.005825173374218322,2.128404330367013e-08,0.001709649110382545
2024-10-21 20:00:00,0.0052621802470378025,-0.004695129105967278,1.0401362486470127e-08,-0.001256148706046956
2024-10-21 21:00:00,-0.006255526256978588,0.004299972612280957,-2.007639208237166e-08,0.004813471074353905
2024-10-21 22:00:00,-0.0037343174186404236,0.0014240344585134692,-2.6633136801762393e-08,-0.0030196946830791265
2024-10-21 23:00:00,0.003386099031116035,-0.009580566000648017,1.4034040073620489e-08,0.0013458132157263066
2024-10-22 00:00:00,0.008070517442174487,-0.0029863735772366774,-5.487910252163958e-08,-0.0083651214936562
2024-10-22 01:00:00,-0.005820446669843651,0.0014786161883946745,2.7208457241195167e-08,-0.0037972619083291703
2024-10-22 02:00:00,0.0055968605075774735,0.00031189434609038124,-4.7136254337763494e-08,0.00451662675738672
2024-10-22 03:00:00,-0.0008646158489038838,0.0003056741906617487,2.2556061383276215e-08,-0.003911858852181067
2024-10-22 04:00:00,0.0016630256069742736,0.002700110783741913,-3.726625302302104e-08,-0.005989317704010386
2024-10-22 05:00:00,0.002627331075228342,-0.004140224776019549,-1.3637399409687837e-08,0.008985028774204902
2024-10-22 06:00:00,0.0017725376901549911,-0.010297261023493055,4.247742654085934e-08,0.006072316595769261
2024-10-22 07:00:00,-0.014260857244308367,0.007627977723143572,1.9407500456068784e-08,0.0009261979641397033
2024-10-22 08:00:00,-0.006087638575933059,0.00818033232247042,2.587919416723077e-09,0.0006172823014771772
2024-10-22 09:00:00,-0.003986087324837306,0.0058771732978207085,1.99951913198903e-08,-0.007140211851918482
2024-10-22 10:00:00,0.005563023580118623,-0.005859197945583029,-2.0396915926679217e-08,0.01316025738598959
2024-10-22 11:00:00,-0.005220367636351542,-0.001166537051852584,2.7573030342468673e-08,-0.001097795240688185
2024-10-22 12:00:00,0.0009463041398661397,-0.0013416907161865055,1.4838945785270197e-08,0.0046449678351525685
2024-10-22 13:00:00,0.012436546355934514,-0.004448095724692243,-9.482021975030151e-09,-0.00019754077517942763
2024-10-22 14:00:00,0.0012905555029432336,-0.00843618943941767,4.887162541867028e-08,-0.0035103400489529903
2024-10-22 15:00:00,-0.006834208418328089,-0.00504074974649011,8.266389248105635e-08,0.001810443676698687
2024-10-22 16:00:00,0.00919611073414071,-0.00472763807867479,-1.1819966606976375e-08,-0.0039042340389997647
2024-10-22 17:00:00,-0.006856567291788505,0.006780569991554122,2.4379588011674554e-08,0.0030957451267089884
2024-10-22 18:00:00,0.0006136155608946934,0.002077352850356304,-1.2477320197324776e-08,0.0009167309431717936
2024-10-22 19:00:00,-0.001270060709870089,0.0019590667671213185,4.2100494804469267e-11,0.002050669708891576
2024-10-22 20:00:00,0.0013494306676873475,-0.0021934321062948123,4.567621531882116e-09,-0.00025347489977982064
2024-10-22 21:00:00,0.002480403745805904,0.002224925480143757,-1.8837388783719785e-08,-0.0014029904530742116
2024-10-22 22:00:00,-0.001716537634667328,-0.0056966189189868845,1.7999277223595516e-08,0.000167259720078509
2024-10-22 23:00:00,-0.0032435334488812788,-0.006584282969661553,3.769122174884441e-08,-0.005819710957847244
2024-10-23 00:00:00,-0.001370740459217762,0.0005132785989275456,-1.9900427859081313e-08,-0.00903245439552434
2024-10-23 01:00:00,-0.004008224457089363,-0.005403763719195111,2.887538165338338e-08,-0.0069783155080809485
2024-10-23 02:00:00,-0.0018878212750931959,-0.00020894967130626396,-2.1561688319403953e-10,-0.0039611593757464545
2024-10-23 03:00:00,-0.000733808487133541,-0.00020342886066862872,1.611660046990311e-08,-0.006472836014126995
2024-10-23 04:00:00,0.0018705938259877093,-0.0021416405842879607,-1.8426970597774676e-08,0.014346577554160163
2024-10-23 05:00:00,0.0012366429420729874,-0.0006814263292018817,-5.0237280021863375e-08,0.0003095556559047857
2024-10-23 06:00:00,-0.00862868065061819,0.008163115960145201,4.201175012473418e-08,0.0026166340898977694
2024-10-23 07:00:00,-0.006326378925673003,-0.0020761467377125795,3.877901422066617e-08,0.00015413182294526774
2024-10-23 08:00:00,0.0038436165177571247,-0.007458505302172726,2.3535345388879648e-08,0.0030747233769132212
2024-10-23 09:00:00,-0.003938069461560769,0.004369160131841278,-7.321798103157217e-10,0.0008329940697217406
2024-10-23 10:00:00,0.00030737120527979297,0.0006583385380379395,-1.1189969065386705e-08,0.0035966634905850443
2024-10-23 11:00:00,-0.0018708286530722783,0.004501466702013328,-1.1676322836822415e-08,-0.0004741286241780901
2024-10-23 12:00:00,0.0032509931145835846,0.014059327730877107,-6.904174288055397e-08,-0.0037638793267870305
2024-10-23 13:00:00,-0.0034729529175733347,-0.0012136110935892755,-2.230878406777192e-09,-0.0007826430049799534
2024-10-23 14:00:00,-0.0087840173876974,0.008757728081698085,1.8353014268875605e-09,-0.0007660693932938344
2024-10-23 15:00:00,-0.007834550831190373,-0.013464584878111273,1.4142151937373485e-07,0.00520331164825345
2024-10-23 16:00:00,0.002345985096264299,-0.006645668061540376,-2.5358717872469093e-08,-0.0002239675775109254
2024-10-23 17:00:00,-0.001701829776406167,0.012056963952023826,-3.844305470438099e-10,-0.0035072249868651297
2024-10-23 18:00:00,0.005503527443526777,0.014306568935714251,-8.646845399633396e-08,-0.0005342732342377026
2024-10-23 19:00:00,0.0024220841998053295,-0.001340042127682862,-2.9977152628754225e-10,0.0015246101365230956
2024-10-23 20:00:00,-0.001552708037915707,-0.00803651228291663,4.430589216993496e-08,-0.0017315814602275811
2024-10-23 21:00:00,0.006193176576353147,-0.006772681947091382,-1.4517549387965535e-08,-0.003944365824768741
2024-10-23 22:00:00,-0.002258509631288657,0.011302508765821043,-1.5359172971337667e-08,0.0045168093524462875
2024-10-23 23:00:00,0.004449292422893671,0.012424815065670312,6.21698439393744e-09,0.0031000797136491293
2024-10-24 00:00:00,0.0014867854330615883,-0.0033362491463576377,7.971174854152843e-09,-0.0028596488606375697
2024-10-24 01:00:00,0.00495127807834199,-0.003735781480562007,1.2588152599935009e-08,-0.003026018642503845
2024-10-24 02:00:00,-0.003036682424221959,-0.002488841352144485,1.6164304417005096e-08,-0.0012941263183588636
2024-10-24 03:00:00,0.003993316145618224,-0.005642181828301902,-3.031412451114997e-09,-0.002536599099616272
2024-10-24 04:00:00,0.0005010825714674197,-0.00041418655545428417,1.1740322180694438e-08,0.003722887672923786
2024-10-24 05:00:00,-0.0028340608880933777,0.002454522957426485,-1.4182885295432488e-08,0.0012095722697841012
2024-10-24 06:00:00,-0.0020041705312786196,0.010494043696775165,5.398429358172698e-08,0.005586058865156137
2024-10-24 07:00:00,-0.0032972399189632844,-0.003210642658050023,3.682958767412725e-08,0.0030357168469142223
2024-10-24 08:00:00,-0.00032221231802974305,0.003349132373727667,-6.226374299160223e-09,-6.899159646626083e-05
2024-10-24 09:00:00,-0.005413002892867452,0.004865295147769866,1.3815565593873113e-08,-0.00766629187638661
2024-10-24 10:00:00,0.004886451708100834,0.0063986249944605516,-2.9791055844721435e-09,0.005686322506112599
2024-10-24 11:00:00,0.001491503731151058,0.005569756112801763,7.660960295923946e-09,0.00012751619341677561
2024-10-24 12:00:00,-4.954020200997802e-05,0.006145328647808324,1.5810105764464752e-08,0.006428564843094053
2024-10-24 13:00:00,0.0009560669915634613,0.002460906200322082,-7.893249182872056e-09,-0.003921232309671591
2024-10-24 14:00:00,0.000878451546017368,-0.004902145673466515,-1.2590390020283876e-08,-7.377116975410046e-05
2024-10-24 15:00:00,-0.0026759502192197334,0.0024719656878240026,-7.762650178470123e-10,0.002751266626645139
2024-10-24 16:00:00,0.00325226317083813,-0.0060373137031963005,-2.1376484277329662e-08,-0.0038817539877531106
2024-10-24 17:00:00,0.002133654292079324,-0.001313392385449123,1.1001573753211605e-08,-0.0008792679544053386
2024-10-24 18:00:00,0.0035507397184895615,0.009891125297953452,2.274438332516232e-08,0.0009601345463641667
2024-10-24 19:00:00,0.000949948786891688,-0.0036114141622785017,-1.7691427137336956e-08,-0.0025344951620437798
2024-10-24 20:00:00,-0.0005291065781303725,0.006320588405847866,3.334591567767374e-08,0.005661823048470877
2024-10-24 21:00:00,-0.003410531987418719,0.007930940295076353,-1.1311518306208036e-08,-0.0022960623149043285
2024-10-24 22:00:00,0.0007756081493061931,-0.006814055702748928,-6.502499278887055e-09,-0.0027506140326585982
2024-10-24 23:00:00,9.17277662427318e-05,0.001369276574509111,-7.132591926590237e-09,0.008302565003666423
2024-10-25 00:00:00,0.00351663642938156,-0.0010829524863068467,2.0477874288435146e-08,0.009585291622946294
2024-10-25 01:00:00,0.0037502687671817064,0.006487711853318408,-7.971185526153886e-10,0.007821624447754394
2024-10-25 02:00:00,-0.0009735373301599395,-0.006050449216280428,1.5494971957370563e-09,-0.003894190096544844
2024-10-25 03:00:00,-0.0067042440557262785,0.006776892338826638,5.420101324324002e-08,0.006071824952118586
2024-10-25 04:00:00,0.002370767881216447,0.0024220915638882502,-1.4797027580437009e-08,0.002831759916580658
2024-10-25 05:00:00,-0.003859032923875796,-0.0026097896046555274,-6.749837177839813e-09,-0.007573512112719014
2024-10-25 06:00:00,-0.0023640840187216026,-0.006733452879436034,3.268601701262847e-08,0.0017745747535570446
2024-10-25 07:00:00,0.006809916272194226,-0.008245983620235788,-6.230067902938622e-08,-0.001846884544946218
2024-10-25 08:00:00,0.005067466845999011,7.226094780974784e-05,-3.934284553932302e-08,0.0007279499867017795
2024-10-25 09:00:00,-0.004669336717041709,0.0027299103694769294,5.89413943080687e-08,0.0023943665912047264
2024-10-25 10:00:00,0.0020931209013317575,0.0019096210340806166,3.39700976356406e-08,-0.0017488622977797185
2024-10-25 11:00:00,9.08958291570448e-05,-0.0017438169894221731,8.207047167753268e-09,-0.0017916501362255045
2024-10-25 12:00:00,0.005465215541016252,-0.0008283039734805091,-3.1356688458024524e-08,0.0012724665114175805
2024-10-25 13:00:00,-0.002191793665542419,-0.0012091516461714496,7.592378411329416e-09,0.003171267143486261
2024-10-25 14:00:00,-0.0048377672286935396,-0.007578054868859573,-3.044630359573436e-08,-0.005911665641523822
2024-10-25 15:00:00,-0.0020977029764594392,-0.005139106571572754,-1.8828082763131903e-08,-0.006199834052238517
2024-10-25 16:00:00,-0.008271872892459477,-0.009187071905732112,-9.890452199309041e-09,0.006200388136904421
2024-10-25 17:00:00,-0.004540096576649349,0.007679547321143686,6.8665371025602e-08,-0.0011865021914921048
2024-10-25 18:00:00,0.0041557556997937894,-0.0018831969311842417,-5.237424380983575e-08,0.004113882375578545
2024-10-25 19:00:00,-0.000625576498577962,-0.0037502983349316237,2.1678603421769267e-08,-1.4588509536423018e-05
2024-10-25 20:00:00,0.008969836912315857,-0.0012612091212851663,-4.205955606813913e-08,0.001178035499657844
2024-10-25 21:00:00,-0.009384463510589039,-0.013119772777957261,7.91995306057826e-09,-0.0010933701728070265
2024-10-25 22:00:00,-0.0250975045622444,0.017849769604428772,3.832141259343117e-07,-0.011639537620201553
2024-10-25 23:00:00,0.0013937539974661706,0.003543330713027953,5.371490783506073e-09,-0.0023874937970034997
2024-10-26 00:00:00,-0.002532993458963363,0.0016582440237487667,8.592357629889575e-08,-0.005749459377880356
2024-10-26 01:00:00,0.005143338060936024,0.015865484425654976,7.995013153660461e-08,-0.012853953330906217
2024-10-26 02:00:00,0.0029921135118290585,0.005024665772918255,-2.08845378760361e-08,-0.0005499803503299707
2024-10-26 03:00:00,0.0013085554423226846,0.008201960314506016,9.854103505848898e-09,-0.001647609812539356
2024-10-26 04:00:00,0.0063012099332614025,-0.002201922177728339,-3.1265195219179696e-08,-0.0022892775967986332
2024-10-26 05:00:00,0.0015269594244891557,0.013315443211089562,1.1995928436040387e-08,-0.003098884935020366
2024-10-26 06:00:00,-0.0010793988559458906,0.0070379037469944,4.619371078563483e-09,-0.0052344714814098045
2024-10-26 07:00:00,0.004567030865607082,0.007027693576995158,-3.5845174965163044e-08,-0.007872426846442567
2024-10-26 08:00:00,-0.0028132819605918495,0.007484428384171981,2.022236377949352e-08,0.0003534562383577366
2024-10-26 09:00:00,6.904269060195502e-05,0.0016181195427645294,-1.8857655477996595e-09,-0.0021166984836668862
2024-10-26 10:00:00,0.005420005681443884,-0.008782216822906648,-8.968564026597593e-08,-0.01563214645806143
2024-10-26 11:00:00,-0.0009605328803592225,0.0004906071954549195,-1.5317014286951736e-08,-0.002163751583897946
2024-10-26 12:00:00,-0.004995347704425576,0.0029998467341140057,6.970344300423587e-08,0.005683011515293404
2024-10-26 13:00:00,-0.00758181898963819,0.01487828166043691,1.195269788223769e-07,0.006213980354931964
2024-10-26 14:00:00,-0.0017754599050837675,0.0007025982005736494,1.3101848305595771e-08,-0.005512336492290631
2024-10-26 15:00:00,0.0038562856788548977,-0.012426185595307457,-6.37251272242365e-08,-0.0175972861657968
2024-10-26 16:00:00,-0.002063772627976284,0.009534046973025075,3.071554909507374e-08,0.010978933561853154
2024-10-26 17:00:00,0.0012767120086692456,-9.756021399612354e-05,-6.103819706790882e-09,-0.005659273937246488
2024-10-26 18:00:00,0.0008245415877233277,0.004771860938486099,1.5090211319666681e-09,0.0037135346302460495
2024-10-26 19:00:00,-0.0012548972820959807,0.0011471933763640642,1.4836624086177814e-08,0.005144391705974289
2024-10-26 20:00:00,0.006338160450089946,-0.008987729409718837,-8.035823220381236e-08,-0.005432961732587097
2024-10-26 21:00:00,0.001249916386631747,-0.0028314289540075812,-2.3041478029359414e-08,-0.0008230457543914273
2024-10-26 22:00:00,-0.0021424774098966226,0.002910962468857651,1.9677453173931463e-08,0.003272702240564693
2024-10-26 23:00:00,-0.007232317559110095,0.008548748184993118,7.601232371683101e-08,-0.00041596141866024765
2024-10-27 00:00:00,-0.0015944153144714056,0.002397293937141739,-6.608525750471334e-09,-0.011650036748172074
2024-10-27 01:00:00,-0.0019801730193344815,0.0006380484840503196,2.2454831040524558e-08,-0.00040293513467269356
2024-10-27 02:00:00,0.008303033334144795,-0.0067121350575020675,-5.678472768887299e-08,0.0012935738926069414
2024-10-27 03:00:00,-0.0031457238304200687,0.004051183160228127,1.3235478761391148e-08,-0.0019718538555036527
2024-10-27 04:00:00,-0.0004350266633519222,0.001328175617917357,1.0422144123328925e-08,0.0004922249150879137
2024-10-27 05:00:00,-0.002138178359460505,0.003850766727208573,2.3105391491859727e-08,-0.005680959060247457
2024-10-27 06:00:00,-0.0009566242796265723,0.00199849541232354,1.5151323498109108e-08,-0.004547919783576372
2024-10-27 07:00:00,0.0004544202255206024,0.002766510388809024,-1.3277390546395077e-08,0.0021266232042888395
2024-10-27 08:00:00,-0.0037615915839666926,0.0027008892323303205,3.396416686218073e-08,0.000253875462846221
2024-10-27 09:00:00,-0.0017080422043579348,-0.001493608800937626,1.8153894532140307e-08,6.864807255877173e-05
2024-10-27 10:00:00,0.0024844222949847246,-0.0019686529857328933,-2.711174489447046e-08,-0.0018653479340101124
2024-10-27 11:00:00,0.007444643268532005,-0.0069170640548555625,-4.3986250413972286e-08,-0.010850467245435378
2024-10-27 12:00:00,0.00799286987560828,-0.00657432304136454,-3.429447498324297e-08,-0.005230157887012873
2024-10-27 13:00:00,0.00817114560553152,-0.006072241985836986,-4.813412720554112e-08,-0.006972316097976989
2024-10-27 14:00:00,-0.004493340488318557,0.001265559197866428,1.7388281650537556e-08,0.014185219121796717
2024-10-27 15:00:00,0.006179411079266773,-0.008222298205396822,-7.481768935448706e-08,0.0030131850388992122
2024-10-27 16:00:00,-0.0012716846143896584,0.001362843183518743,1.1801613183158872e-08,-0.004646179014784859
2024-10-27 17:00:00,-0.00765009491027697,0.008595424014192036,4.7043428482239875e-08,0.0014925715623508953
2024-10-27 18:00:00,-0.003886748000700915,0.007288370913231892,6.053628079549855e-08,-0.006318476573805982
2024-10-27 19:00:00,0.0019714610652201447,-0.0038578584969169694,-2.794920444673235e-08,0.004128803960611424
2024-10-27 20:00:00,0.007714352483941377,-0.005276912271371136,-4.7189340808847864e-08,0.003549325909294984
2024-10-27 21:00:00,-0.000418328024398059,0.0021750779584159656,2.99505459870749e-08,-0.00597706821622162
2024-10-27 22:00:00,-0.0029480924905122487,-0.0004126608319723669,2.287377185581046e-08,-0.01295676275899593
2024-10-27 23:00:00,-0.0072608788402503035,0.004197648010797417,3.2549768238215406e-08,-0.009675370305039926
2024-10-28 00:00:00,-0.003323038517537926,0.0008281288001907373,2.0568399482372787e-08,-0.0004348007116896723
2024-10-28 01:00:00,0.0016367057072403373,-0.01048361152476729,-4.8725009056659974e-08,-0.011071433313825447
2024-10-28 02:00:00,-0.012774331873859256,0.012723987318745751,1.3099690419950685e-07,-0.003785720701552523
2024-10-28 03:00:00,0.00682110509905934,-0.00846412165375449,-6.402962395617003e-08,0.0033332742868856795
2024-10-28 04:00:00,-0.002311923282408384,-0.0006068481882273607,5.055902112296621e-08,-0.010238120781478935
2024-10-28 05:00:00,-6.44111966812749e-05,0.002193800819307067,6.506020293667496e-10,0.0024591981009587805
2024-10-28 06:00:00,0.008828881731634321,-0.005048925197726043,-2.024748017779431e-08,0.005936677155843463
2024-10-28 07:00:00,6.656131776767754e-05,0.0032376465356937496,-4.252833043442383e-08,0.0016819166749086365
2024-10-28 08:00:00,0.008687245883355156,-0.006238512726604881,-6.663577127253357e-08,0.0019531871278706888
2024-10-28 09:00:00,0.005357274136396647,-0.00840549278755615,-2.7767481336230318e-08,-0.002923606438805649
2024-10-28 10:00:00,-0.0008268279573879858,-8.447781122032964e-05,3.868478204325617e-08,0.00031192166817835607
2024-10-28 11:00:00,0.0066244781054359825,-0.00900650414231035,-5.433667435747563e-08,0.0026888464592296937
2024-10-28 12:00:00,-0.007585461489059564,0.001152101717373193,9.332132639385285e-08,0.0003522368590934476
2024-10-28 13:00:00,0.0113420330288769,-0.0094615288152218,-1.0550088595387356e-07,0.010190669681450673
2024-10-28 14:00:00,-0.016274475986464792,0.010759278905436535,1.4749971415904032e-07,0.0010417391282246417
2024-10-28 15:00:00,0.009661753427659545,-0.008861542144293588,-5.465122822828666e-08,0.0017836135999949898
2024-10-28 16:00:00,0.0004682210369153809,-0.0020017126203023053,4.6288350238747376e-08,-0.0012500074512612471
2024-10-28 17:00:00,0.01582390635938901,-0.01545287083503377,-1.445262070976829e-07,0.004711691151445794
2024-10-28 18:00:00,0.018925909196255836,-0.020409948950459982,-1.6423499338937344e-07,0.017352481822428288
2024-10-28 19:00:00,0.008351511392228148,-0.005592899998810434,-8.183700191222752e-08,-0.004529754798779466
2024-10-28 20:00:00,0.017002063004267414,-0.013194812826022166,-1.8410099863871185e-07,-0.003594124781238987
2024-10-28 21:00:00,-0.019189600094290396,0.0200969784885683,2.6132671008226056e-07,0.008946009581756615
2024-10-28 22:00:00,0.009125418301284355,-0.008272159362425736,-1.0975104678368335e-07,-0.004323760370922835
2024-10-28 23:00:00,0.02539775660051037,-0.028100755624574914,-3.455676430377994e-07,-0.004345293371214688
2024-10-29 00:00:00,0.001510683084966982,0.0011776856837624632,4.017957645313221e-08,-0.001194984708656583
2024-10-29 01:00:00,-0.001129651289975591,0.014814829743771327,1.863781629806251e-07,-0.001200358134087895
2024-10-29 02:00:00,-0.0014502597790105945,0.005641496120003032,2.330818698584546e-09,-0.004391267546406319
2024-10-29 03:00:00,0.0026123944823886153,-0.0015619177500305816,8.7436126887677e-09,0.005910837940023168
2024-10-29 04:00:00,0.004081470849795139,-0.009726349398561098,-5.384914672798644e-08,0.002396262053524333
2024-10-29 05:00:00,-0.00016479642309854284,-0.00014126938378277882,4.9281438008223674e-08,0.0002594745510697397
2024-10-29 06:00:00,0.0035270648173683136,-0.002903147330791506,-9.120532076738533e-08,0.0014017166671061304
2024-10-29 07:00:00,-0.001211083817682511,-0.0002945956830436968,2.063896770803014e-08,-0.0023593756721398238
2024-10-29 08:00:00,-0.0010723455842185647,0.004476202019053428,5.471274162584849e-08,0.0011752508613251617
2024-10-29 09:00:00,-0.002004076636322945,-0.0009904132258951094,-2.412053759596216e-08,-0.004668560904083596
2024-10-29 10:00:00,0.005433695291697146,-0.0029582965306579616,1.2388609841902878e-08,0.003675090682415318
2024-10-29 11:00:00,-0.0030240331736041,-0.00155187367806468,-2.569560141650127e-08,0.00044790098090760866
2024-10-29 12:00:00,0.00933432082982868,-0.007554441371384692,2.1817485511329208e-08,0.001146244724373138
2024-10-29 13:00:00,-0.00020153048137526572,-0.001626031530129119,1.2100226515369569e-08,0.001006147466142726
2024-10-29 14:00:00,0.01277918658151788,-0.013031038946073166,-8.994137946424981e-08,0.008388394246628857
2024-10-29 15:00:00,-0.0007515017312361063,0.0084894417781135,-5.0149912124938294e-08,0.012482732910191054
2024-10-29 16:00:00,-0.0017441453499744076,-0.0002296762826158431,3.5480009758522944e-08,-0.0017805639308254087
2024-10-29 17:00:00,0.001326029274564166,0.005051949182604995,7.708033457775992e-08,-0.004135433375238402
2024-10-29 18:00:00,-0.012263366480113074,-0.014712432073556395,-9.702672202406743e-08,0.03465053309307878
2024-10-29 19:00:00,-0.0039031797007730885,-0.0038986485742277255,-3.3718330795404665e-08,-0.005208548887761477
2024-10-29 20:00:00,0.0031333433462997847,-0.0004399094192639763,-7.80432936103373e-08,-0.0015976578968467435
2024-10-29 21:00:00,0.007607790970870427,-0.006099891758802992,-1.1971329593434862e-08,0.0008377303195970481
2024-10-29 22:00:00,0.0025435435904409376,-0.003379966839359737,-3.673320104796215e-08,-0.002516453890407988
2024-10-29 23:00:00,-0.0035041706648422056,-0.0012481544717910114,-5.5867407585663376e-08,-0.002521714560351825
2024-10-30 00:00:00,0.000881054804682166,0.0022326303074644703,-3.0014023787495515e-08,-0.003014866666229691
2024-10-30 01:00:00,-0.0036002900862968043,0.005763845168870226,4.817978216896796e-08,0.0028853211297663814
2024-10-30 02:00:00,0.004935270609637605,-0.004086343952319729,-7.012435973759877e-08,0.0014965010270142284
2024-10-30 03:00:00,-0.0015882102172945834,0.002714332413515863,2.318209984428816e-08,-0.0005881355645998337
2024-10-30 04:00:00,0.004682702153237639,-0.009967368184917145,-1.5981312403679354e-09,0.0014557863807569962
2024-10-30 05:00:00,-0.0037233059924221944,0.004579734382890063,2.56555653334217e-08,-0.0034079734430755033
2024-10-30 06:00:00,-0.0010020953280466447,0.0001057962378532029,-8.618908420618049e-09,0.005004262985842154
2024-10-30 07:00:00,-0.002295434151298154,-0.003999129034451661,3.9934519087130655e-08,0.0034410253493273473
2024-10-30 08:00:00,0.005762550178444502,-0.002223541892823956,-7.134281675358958e-09,0.0005904667057457012
2024-10-30 09:00:00,-0.003148489245150187,-0.001972335303985927,1.5601027715538855e-08,-0.0013729841989021958
2024-10-30 10:00:00,-0.007086255721515444,0.001671242096467318,1.680093943832743e-08,0.0030264872410445272
2024-10-30 11:00:00,0.003205738029195023,-0.010113039274987452,-6.644483469979965e-08,-0.008816288571057165
2024-10-30 12:00:00,0.0028252219868087677,0.0009411495995541762,-3.337155133378622e-08,-0.002352128967735727
2024-10-30 13:00:00,0.009937137221994753,-0.008365112462750544,-3.831211250804784e-08,-0.008986106080572579
2024-10-30 14:00:00,-0.010879082460706187,0.0020329979459693583,4.756028732435817e-08,0.004297797254537246
2024-10-30 15:00:00,0.004626780363566245,-0.003987861123652021,-4.124931912598994e-08,-0.0038800370594427877
2024-10-30 16:00:00,-0.0051686420896368,0.007430724297877954,-4.149796580485365e-09,0.0016487584834693468
2024-10-30 17:00:00,0.0025418614015166644,-0.006832466112611201,7.949351927501506e-09,0.0006311512413761335
2024-10-30 18:00:00,-0.0027182043859028514,0.0017714304613859343,2.479447714679867e-09,-0.0007040441267228999
2024-10-30 19:00:00,0.006425937999801148,0.006825535049235264,8.388532557641312e-08,0.003003274984747356
2024-10-30 20:00:00,-0.0028859949938009038,-0.0007068298349089654,-4.476754595320937e-08,-0.0002853406016918665
2024-10-30 21:00:00,-0.0012817791673168605,0.006342845930351287,1.3924466638985103e-08,-0.006968311575408124
2024-10-30 22:00:00,-0.0025158268530401677,0.002703148279958445,2.4882877743138704e-08,-0.004301114946591004
2024-10-30 23:00:00,-0.0016043659851972245,0.005970090190251566,-4.328013243821903e-08,-0.0010541378298789443
2024-10-31 00:00:00,0.0061813306653164665,-0.005523231232908343,4.5474936903281316e-08,0.01446996231475879
2024-10-31 01:00:00,0.00031463358150482913,0.0014303233977939068,2.0837753188116358e-08,-0.0026667247951741306
2024-10-31 02:00:00,0.0009709232352065268,-0.0069341450691330735,3.8509739486603975e-09,-0.011646052138393417
2024-10-31 03:00:00,-0.003749442089718913,0.0015815827008474502,6.910635805684434e-09,-0.01178363410507601
2024-10-31 04:00:00,-0.0006417409754057388,0.002034328829639092,-1.6207706767579827e-09,-0.000772189669770052
2024-10-31 05:00:00,-0.004045716415532199,-0.0017622962423491544,5.3452928406856354e-08,0.0005708900092478769
2024-10-31 06:00:00,-0.000643763328513923,0.0038513786396814883,1.8131279975745525e-08,-0.002323613996311219
2024-10-31 07:00:00,-0.0045187670276594085,-0.0019594888927055945,4.2777545787859164e-08,0.005684708975394471
2024-10-31 08:00:00,0.00021451687649582177,0.00938998693946962,-5.564125209088345e-08,-0.001100063421104561
2024-10-31 09:00:00,0.005857038534664572,-0.006153329941389351,9.225576343570491e-09,0.0068013577838338946
2024-10-31 10:00:00,0.002134765865010556,-0.009214316219314955,-2.4544184901709983e-08,-0.0054519372378691875
2024-10-31 11:00:00,0.0031404590096390035,-0.01322331433191427,9.48921215014112e-09,-0.004648564544574377
2024-10-31 12:00:00,-0.01116505128792896,-0.0034171432039696555,3.441521432944386e-08,0.0044855297378391945
2024-10-31 13:00:00,-0.016386357288016778,0.020948756108844748,-9.492368912259073e-09,0.0011006834203849216
2024-10-31 14:00:00,0.005415737996287516,-0.005265230176826679,1.4696420886510753e-09,0.004019526384273482
2024-10-31 15:00:00,-0.007144798059204833,0.0009887278743526823,1.1946834577040996e-08,-0.00306261697446645
2024-10-31 16:00:00,-0.006695704830040548,0.008809097206636637,6.80036330100534e-08,-0.0052577896168174276
2024-10-31 17:00:00,-0.008755959420045048,0.003427971524806636,9.950352874761593e-08,-0.007847065184823511
2024-10-31 18:00:00,7.843134324303676e-05,-0.01698850782856772,-1.0228445634582998e-07,0.018588897557443453
2024-10-31 19:00:00,0.0042664271384591146,-0.002029799587736543,-6.336601039344818e-08,0.006984841338719604
2024-10-31 20:00:00,0.0065303514669356865,0.005196088367738438,-9.329454398311213e-09,-0.006069395819245371
2024-10-31 21:00:00,0.005002084938492732,0.010234785349231137,-5.6566631629974995e-08,-0.005364146424061962
2024-10-31 22:00:00,-0.0014727004868433581,-0.0010786998821227395,-8.47316331487444e-09,9.896589666057307e-05
2024-10-31 23:00:00,-0.0021332650569892337,0.006346763294333879,-7.062701021426361e-08,0.0017253613291162433
2024-11-01 00:00:00,0.0012280436222999128,-0.0063217186195921185,-7.574152729816871e-08,-0.005032337196005485
2024-11-01 01:00:00,0.0034156473749869867,0.00023889830179156497,-1.4586391781223063e-08,-0.00034436982909205263
2024-11-01 02:00:00,0.010097581438810486,-0.00746830183869793,-1.3420866534794037e-07,-0.011861302645656704
2024-11-01 03:00:00,0.005621816483724196,0.0009544549969288304,-5.322115255962829e-08,-0.005207967680060212
2024-11-01 04:00:00,-0.0032536635295968047,-0.00012205573660063759,5.5663128092396407e-08,-0.0003701792734402098
2024-11-01 05:00:00,-0.004159040243980521,-0.01950548214619733,1.7245351407638824e-07,-0.004754780384777541
2024-11-01 06:00:00,0.0016761486151598503,-0.0038974398656457976,2.240367128978378e-08,-0.0025182528174027925
2024-11-01 07:00:00,0.0004503608910516998,0.013898029170744527,-8.661094425002565e-08,-0.0055049828445702135
2024-11-01 08:00:00,0.004910865253597244,-0.00773995783998644,1.4293153060230966e-08,0.0027790236399509363
2024-11-01 09:00:00,-0.0050930565112983096,0.013372515206572528,-3.307690747956422e-08,0.009557158558266174
2024-11-01 10:00:00,0.0011170966246704197,-0.008454211418251983,4.549351862126318e-08,0.0009124825937390726
2024-11-01 11:00:00,0.008003510528730131,-0.008568692885949858,-1.633270226415999e-08,0.0040554502143201766
2024-11-01 12:00:00,0.003026211338599734,0.0028257960096304217,2.3372672434694104e-09,0.008553111305421681
2024-11-01 13:00:00,0.003019583731925419,-0.003088226239364928,2.2492081134370564e-08,-0.00106743218994683
2024-11-01 14:00:00,-0.011971568520379243,-0.01509339744292156,4.331732733102963e-08,-0.01181809071932509
2024-11-01 15:00:00,0.007288043655087471,0.0059511249353003445,-7.336256851492292e-08,-0.0011291015002980274
2024-11-01 16:00:00,-0.005423200874548312,-0.0034005765062613902,-2.510644868227803e-08,-0.004766688751894663
2024-11-01 17:00:00,-0.0010196168163188898,-0.0038644574547196564,-2.331673314953487e-08,0.0012854827501151962
2024-11-01 18:00:00,0.0006355660479448813,0.006316686214837145,-6.592166473738838e-09,0.0016052136725054963
2024-11-01 19:00:00,-0.0015986327418738018,-0.009943760592938616,4.022454466199138e-08,-0.004733068721900471
2024-11-01 20:00:00,-0.002710527761315599,-0.007080692017794536,1.2072806725399683e-07,0.0021390880994486307
2024-11-01 21:00:00,0.0030586984814267894,-0.009159562794002186,7.211585798277864e-08,3.4807029818943176e-07
2024-11-01 22:00:00,-0.0005840621616770981,0.012540726140933718,-8.79500111775955e-08,0.0008270538775817326
2024-11-01 23:00:00,0.004428421183328276,0.008064083089533755,-6.887931901287032e-08,-0.003047562424019347
2024-11-02 00:00:00,-0.000808584486975384,-6.422662962780867e-06,-5.856479262889088e-09,0.0012473145752343307
2024-11-02 01:00:00,0.000850004744962747,0.001985504365216765,-3.8677993624861656e-08,0.0006405679495025725
2024-11-02 02:00:00,-0.0004793717774240864,-0.0003206750164125043,1.7723925374441618e-08,-0.0017396203827622551
2024-11-02 03:00:00,-0.004106646797503329,0.0037792162934471127,3.061744882798699e-08,-0.0014236416829060286
2024-11-02 04:00:00,0.0017987593791895702,0.008417418585645759,-6.82605707679512e-08,0.0005077416809054522
2024-11-02 05:00:00,-0.001395335312260674,0.00419399789662038,-2.9781851912350335e-09,-0.0005632259547518091
2024-11-02 06:00:00,0.0012978648966795287,-0.004414645597860866,2.647675023159785e-08,-0.001987017383125416
2024-11-02 07:00:00,-0.004096180189246418,-0.004294312387651409,5.796973353212089e-08,-0.0012534517882473455
2024-11-02 08:00:00,0.004600721737638387,-0.007601038662901061,1.26755919951374e-09,0.005421462529622211
2024-11-02 09:00:00,-0.0012138029761830358,-0.002853426339862937,3.006213168036069e-08,-0.005010317401858047
2024-11-02 10:00:00,0.0007902791022237634,0.0011644718399484628,-6.029251715276724e-09,0.006709813563976231
2024-11-02 11:00:00,-0.006688189378332999,-0.010438733703791956,1.4951249300865613e-07,0.00012427055214639404
2024-11-02 12:00:00,-0.004878730512213947,0.002277953780316331,3.377107968001536e-08,-0.00022954974485888755
2024-11-02 13:00:00,0.0023304769072778194,0.012160464985139454,-1.342523477993592e-07,0.005321466637430874
2024-11-02 14:00:00,0.0024055641105448994,-0.005025099967075429,1.893020685646224e-08,-0.003842453455620137
2024-11-02 15:00:00,0.0028099868862785093,0.008594542437928374,-6.799187422484096e-08,-0.0009353421489840488
2024-11-02 16:00:00,-0.0014319577311168526,0.008914759816666413,-6.228702249084189e-08,-0.00570595423897976
2024-11-02 17:00:00,-0.0026502372714224494,-0.0024725496503196194,5.8702405417442525e-08,0.00533610706639826
2024-11-02 18:00:00,0.0025638385411826843,-0.0033039023140562294,-5.4613264978492766e-09,0.0049133880395385065
2024-11-02 19:00:00,0.0005179740536277444,-0.011325842894308377,6.05857133160558e-08,0.005224912580337935
2024-11-02 20:00:00,-0.0014461966419681055,0.0003518979950114646,2.6525401139868198e-09,-0.0007946546699918145
2024-11-02 21:00:00,-0.0030224016419482455,0.00779826159993195,-1.5224507543995804e-08,0.0017702249975825445
2024-11-02 22:00:00,0.0011634949748956837,0.002298836209802927,-4.6107205460297714e-08,-0.0030775735173261508
2024-11-02 23:00:00,-0.002943513507013579,-0.006586461991098902,4.503041482263279e-08,-0.0022353244868899254
2024-11-03 00:00:00,-0.00474432909672101,-0.014036006499070117,1.274121046638045e-07,-0.002535088364741004
2024-11-03 01:00:00,-0.010724623310018992,-0.02928333159031513,2.1034825764142124e-07,0.0030843427851305863
2024-11-03 02:00:00,0.005599774044950695,0.005185557614805341,-6.015600627671143e-08,0.0011421077294106264
2024-11-03 03:00:00,0.004928757561177673,0.011748274753862857,-1.0645909472928855e-07,0.000734094668064434
2024-11-03 04:00:00,-0.004615359053615164,-0.0077457898413035905,9.011331092674917e-08,-0.002358370147924247
2024-11-03 05:00:00,0.005447273972519709,0.0034521996450203856,-6.854104439735719e-08,-0.0026274638927222993
2024-11-03 06:00:00,0.0016435717303722498,0.00828195910810951,-8.293866995512095e-08,-0.005625148424289234
2024-11-03 07:00:00,-0.0021448180554084267,-0.009983488409311158,9.42926238236652e-08,0.004409575275889759
2024-11-03 08:00:00,-0.00482398361370912,-0.011229739738112752,9.032223794572223e-08,-0.00027360335288051526
2024-11-03 09:00:00,0.003447622806300707,-0.005682597514148727,1.7278309562556674e-08,0.0017551638850093153
2024-11-03 10:00:00,-0.0014791911680346551,-0.009498049526319219,9.396566178772378e-08,-0.0038205721594491183
2024-11-03 11:00:00,-0.0012610310816227206,0.003946546087758839,2.5828477926152724e-08,-5.0960271050345065e-05
2024-11-03 12:00:00,-0.011080622561780051,-0.003333595825920954,1.1415345341042721e-07,-0.0034708772382144454
2024-11-03 13:00:00,-0.0016398742864651757,0.009744240834452623,-7.828911983898337e-08,0.005382454475909934
2024-11-03 14:00:00,0.003078754866967316,-8.739814613860535e-05,1.9517490366784757e-08,-0.0011203812212788556
2024-11-03 15:00:00,-0.003258152441483486,0.013001294735587131,-9.601457305592165e-10,0.0006546051781497934
2024-11-03 16:00:00,0.0029652869289712525,0.01057272941737792,-3.4678780482451794e-08,-0.005223166518268493
2024-11-03 17:00:00,-0.010705692726331121,-0.01306743557669481,1.1815263632319368e-07,0.003676986192648908
2024-11-03 18:00:00,0.01206145021063552,0.017708404244269907,-1.1216767844229816e-07,-0.000764446311849725
2024-11-03 19:00:00,0.0035059797920031256,0.0024430620244475787,-3.773267251769731e-09,0.0004924778186399648
2024-11-03 20:00:00,-0.003534483064772062,0.0008409196228688863,3.984586262631701e-08,0.0037798772918003452
2024-11-03 21:00:00,-0.0007212009437297111,0.0010329510863335005,-4.447159821547826e-08,-0.0003536336582036464
2024-11-03 22:00:00,-0.002186047265491194,0.0004194223591466411,6.271205534807742e-09,0.00034157181509625014
2024-11-03 23:00:00,-0.0012451357299206982,-0.0016856322009906719,-7.284803489180148e-09,-0.006593378135348372
2024-11-04 00:00:00,0.007879868580609,-0.004766637565190327,-7.051129764949997e-08,-0.004820080354889291
2024-11-04 01:00:00,0.007383133493068136,-0.0037152956891425286,-4.1199057469118946e-08,-0.005834230052824285
2024-11-04 02:00:00,-0.0036710545239991375,-0.004708117944963445,1.3705249274982792e-08,-0.005849992144410743
2024-11-04 03:00:00,-0.0019458510357704194,-0.0011729969009120003,3.7537075366238784e-08,-0.0023010616005620112
2024-11-04 04:00:00,-0.004019875764992183,0.005374605261503252,9.415229227174427e-09,0.008041302676593386
2024-11-04 05:00:00,-0.0008008669364888274,0.0001529326880045069,7.43310427846258e-09,-0.007128817541329046
2024-11-04 06:00:00,-0.00834046023970366,0.006450565102164883,-1.8726016529189934e-09,0.0010419116279810987
2024-11-04 07:00:00,0.0007855372521152857,-0.0014951963337996345,4.244072385635278e-08,0.0030550266964687626
2024-11-04 08:00:00,0.003402512256747694,0.006516888578013949,-6.737368413497127e-08,0.0025195992113908315
2024-11-04 09:00:00,0.004695350431240611,0.01341431050846167,-4.3006551419834814e-08,0.007571339387479107
2024-11-04 10:00:00,0.0013594110006272331,-0.0020859927319146717,-2.8713143781216786e-08,0.002428378832286715
2024-11-04 11:00:00,0.00034760360171672586,0.0023375849995207736,2.847049787939099e-08,-0.00012283170344689321
2024-11-04 12:00:00,-0.0062242936599926635,0.011141559707965777,2.0302931877626706e-08,-0.004686247834325843
2024-11-04 13:00:00,-0.0037520910162991148,0.0027318542333836806,-5.232082313875179e-09,0.002293333900819904
2024-11-04 14:00:00,-0.005174554957954556,0.024956037049624073,4.200236571778541e-08,-0.010802623929043124
2024-11-04 15:00:00,-0.010303369610394872,0.0008620107345742861,-3.231988131670341e-08,-0.003803536320964649
2024-11-04 16:00:00,-0.005810490926448024,0.0027999759723017184,3.4274352843515784e-09,-0.008214983843725833
2024-11-04 17:00:00,0.004721273331838956,-0.009435319282459538,-5.641734626666096e-08,0.006669253303213784
2024-11-04 18:00:00,0.0030376107864736215,-0.007739073352686005,-1.7024819416193964e-08,-0.0051213871108704056
2024-11-04 19:00:00,-0.005044582754743433,-0.004695204480671628,-2.9835029755464214e-08,0.0008590007239473675
2024-11-04 20:00:00,-0.020627682025189255,0.015947496557355792,2.536223552055715e-07,0.004631290273625476
2024-11-04 21:00:00,0.008379686390250047,-0.008567949901771068,4.245837810716319e-08,-0.008196141807667643
2024-11-04 22:00:00,-0.0016551959010520938,0.004922241569147414,1.478141592165953e-08,-0.0009191515237188075
2024-11-04 23:00:00,0.0038279084006690688,0.004596030600408161,-9.400401248859494e-08,0.004778962232596738
2024-11-05 00:00:00,0.009326685895676352,-0.0044104856368544715,-4.9029000463123935e-08,-0.006069686880954781
2024-11-05 01:00:00,-0.004541225852046237,-0.0019729413192520313,1.0404648167468446e-08,0.002967188825866088
2024-11-05 02:00:00,0.0015838960731099803,0.0008137580032931348,1.8252300358607902e-08,0.005424053371467708
2024-11-05 03:00:00,-0.0005175367142852623,0.004486238190732792,-1.8582475096291176e-09,0.002304880383188646
2024-11-05 04:00:00,0.008551688795046728,0.0059444010334633824,7.691701412029121e-09,-0.00708516690810845
2024-11-05 05:00:00,0.008404322721008339,0.0025867583977048896,-3.551149236343327e-08,-0.0107528923053779
2024-11-05 06:00:00,0.005085588100616477,0.0029578514862679556,-2.7538829329351974e-08,-0.006162593141822315
2024-11-05 07:00:00,0.0026310482499317975,-0.00043593734809205275,-4.097027381459176e-09,-0.004785107072652326
2024-11-05 08:00:00,-0.003114421487795383,0.002910868489945315,-1.1340041251759731e-08,-0.0006038622676250888
2024-11-05 09:00:00,-0.0025239756863508845,-0.005373527675545348,-1.87494887684397e-08,-0.0065100424666844955
2024-11-05 10:00:00,-0.013386137938092877,-0.007806835512425325,3.0903026500105686e-08,-0.01965369962535516
2024-11-05 11:00:00,0.0007940166743131785,0.005257490252895383,1.796639120522003e-08,0.00280865268453708
2024-11-05 12:00:00,0.0019100811394902246,0.0006282278236838686,-2.1324096494358306e-08,0.00282714803883424
2024-11-05 13:00:00,0.012515054824745686,0.0026570367842222798,1.5228338313055054e-08,-0.006503949413888955
2024-11-05 14:00:00,-0.00567115293855554,0.002503487821302167,5.6925062147226425e-08,-0.0045789529609459294
2024-11-05 15:00:00,0.009956004188749187,0.0003749982456863582,-2.6730132294384396e-08,-0.001993189279679543
2024-11-05 16:00:00,-0.0032895122538295143,0.003866845677886183,2.787323948120462e-08,-0.0036147349079950503
2024-11-05 17:00:00,0.0021897184143765255,-0.005335380991365403,2.693173163989832e-08,-0.00033220903819131483
2024-11-05 18:00:00,-0.020323671896380024,0.011810984687352982,9.846691242544698e-09,0.014851427433589698
2024-11-05 19:00:00,0.01359461882260025,0.0007003768724014492,-8.968287647907668e-08,0.0008259595928408219
2024-11-05 20:00:00,-0.004324431232665971,-0.005726739908517523,1.7906141341441195e-08,0.0010741925563623452
2024-11-05 21:00:00,0.004254315275780162,-0.0020114120638722644,-4.3521726080215836e-08,-0.005055027393007876
2024-11-05 22:00:00,-0.004347569701882503,-0.003745519851110898,-6.617179364643753e-09,-0.004837225889256358
2024-11-05 23:00:00,0.025725866250959954,-0.017425108539381937,-1.4360904756394682e-07,-0.01784634048898978
2024-11-06 00:00:00,0.006291454299344556,-0.0007041469747178633,-2.560774479174706e-09,-0.00417084229779319
2024-11-06 01:00:00,0.00044227904809045204,-0.014782055757703015,-1.0304946569577006e-07,0.034643913577594776
2024-11-06 02:00:00,-0.003690893909894192,0.0003925374024910706,3.185469385507118e-08,0.006912207119111966
2024-11-06 03:00:00,0.011147288801171029,-0.008902261564707246,-2.798005639820813e-08,-0.00343872662936888
2024-11-06 04:00:00,0.003493788220599267,-0.0006602147420586325,4.2353158191165674e-08,3.7810136871117995e-05
2024-11-06 05:00:00,0.00045993334652408464,0.00477287101188105,-3.991670161404121e-08,-0.005720743411133538
2024-11-06 06:00:00,0.002682932851320416,-0.009883310766475835,-1.38884397746244e-07,0.0041662674761362315
2024-11-06 07:00:00,0.004216458533249583,-0.00820229530877188,8.305359845386706e-08,0.0035376815911061007
2024-11-06 08:00:00,0.000610371192741343,0.002083535982650524,-4.029160691228085e-09,-0.0015101052330456354
2024-11-06 09:00:00,-0.007232816532102351,0.010145037409266046,-6.46163979530297e-09,-0.0034913267064953643
2024-11-06 10:00:00,-0.0016784826129438214,0.005139660017614754,8.276674498176237e-08,-0.0007053935261919927
2024-11-06 11:00:00,0.01247826362992157,-0.01986710106994722,-6.238786174223561e-08,0.005711931478545149
2024-11-06 12:00:00,-0.007990195905155284,0.01515089757020267,2.558134986985109e-08,-0.0022630777939116613
2024-11-06 13:00:00,0.01642029200344003,-0.027096879278067424,-5.2303855572150883e-08,0.016159454093205697
2024-11-06 14:00:00,0.010440395392593164,-0.0093273115574111,1.7921418769188614e-08,0.0018556737838371373
2024-11-06 15:00:00,0.0041449182578987085,-0.00833737388089009,-3.832675916792542e-08,-0.0021690752858992152
2024-11-06 16:00:00,-0.0011956803160183813,-0.0039863620048512325,6.610181324409929e-08,-0.003954620861517338
2024-11-06 17:00:00,0.007860053189951737,0.0038424695806639157,3.109984763168564e-08,0.001559436405208443
2024-11-06 18:00:00,0.0056886010782143445,-0.004844770524857509,6.643107591763168e-08,-0.0024475299822432936
2024-11-06 19:00:00,0.003441449196156023,-0.006191822752902526,-9.512946852337968e-10,0.0003501063269359922
2024-11-06 20:00:00,0.002130808998379366,-0.002427805942476158,-1.0957855814731056e-07,0.005192230298213319
2024-11-06 21:00:00,0.012553233886472288,-0.004686633393749841,-2.1148780984778603e-07,-0.00380282308968454
2024-11-06 22:00:00,-0.007368950160882723,0.005516676890431797,8.246436836966564e-08,-0.0003742580087286807
2024-11-06 23:00:00,-0.0011107709241818704,0.007059889605338313,-7.029902462700306e-08,-0.0036462075793091877
2024-11-07 00:00:00,0.026328978290396425,-0.0412591221297541,-1.3309119957851825e-07,0.011802833090705882
2024-11-07 01:00:00,0.014498928176543167,-0.025000476717650377,-1.7567855844359508e-07,0.0011138847850753724
2024-11-07 02:00:00,0.0048584150711420875,-0.026580748640405997,-1.9515058320283265e-07,-0.007761055382228062
2024-11-07 03:00:00,-0.004079378002600376,-0.008440335054796267,2.5565151161130806e-08,0.00127968767905106
2024-11-07 04:00:00,0.0006973241358407989,0.005650718402648729,1.5969193908624085e-08,0.001972959758306739
2024-11-07 05:00:00,-0.0044909247426570525,0.0014689355420941788,9.199391966033072e-08,0.003943926872881601
2024-11-07 06:00:00,-0.0004339732408856702,-0.001971660945168519,6.440157733476457e-09,-0.001221556575569718
2024-11-07 07:00:00,0.002985175934855787,0.008092469867735815,1.4884349967192642e-08,0.0003957158391358641
2024-11-07 08:00:00,-0.004253985831545706,-0.0037626272821687685,4.649808684615905e-08,-0.0023158596887775922
2024-11-07 09:00:00,-0.004028941508861094,0.01110922418690273,6.670397007858705e-08,-0.000871444816462483
2024-11-07 10:00:00,-0.006248930608057653,0.008842230999796037,2.550378141587605e-08,-0.0003340876190769253
2024-11-07 11:00:00,0.010910602228631888,-0.028019758236955995,-7.346940533793346e-08,0.001029061041201506
2024-11-07 12:00:00,-0.010063182859273224,-0.0003878074880590801,9.097872368189266e-08,-0.0020768330288930747
2024-11-07 13:00:00,0.003982048174018351,0.006345812540514228,-3.526462069265316e-08,-0.0004341138421331169
2024-11-07 14:00:00,0.0176884489944913,-0.029487198732480045,-1.6733640789596865e-09,0.013237056832509985
2024-11-07 15:00:00,0.005936670119348834,-0.008988086700801496,-8.642819652345086e-08,-0.0007277182344267192
2024-11-07 16:00:00,0.0049823571059568,-0.005294779345266531,1.6232696247270553e-08,-0.0011571753144261092
2024-11-07 17:00:00,0.009982736953311939,-0.027240816568051836,-1.9314926294591092e-08,-0.0029858651611068634
2024-11-07 18:00:00,0.0004639915823168092,-0.011459326117809752,-2.4754407243959767e-10,9.074546291803741e-05
2024-11-07 19:00:00,0.007076731377777209,-0.03071980203464865,-5.3316369399168446e-08,-0.005278822133548869
2024-11-07 20:00:00,0.00044298598146389503,0.002316006964879786,-1.3402663628043306e-07,-0.00681549857844148
2024-11-07 21:00:00,-0.004334646343054701,-0.012230691650574685,1.0249732291168881e-07,0.002654144756457783
2024-11-07 22:00:00,-0.0031410793425149536,-0.0036548639076390502,-8.553891668815328e-08,-0.009232447459469712
2024-11-07 23:00:00,0.003685489009877121,0.0063681014077723724,-1.0856822002150187e-07,-0.005723817090287157
2024-11-08 00:00:00,0.0025703380888032973,-0.03437604055269446,3.4116046940228754e-08,0.0018812429554194675
2024-11-08 01:00:00,-0.009266375337013761,-0.0036742941669360664,9.771101363370328e-08,0.002048110141076319
2024-11-08 02:00:00,-0.0006780596945297548,0.013771555156189691,-3.168432412792784e-08,-0.005254267784759279
2024-11-08 03:00:00,-0.00064729585033446,0.006161195359850912,-1.866041056837687e-08,-0.0022772190181504074
2024-11-08 04:00:00,0.008816463257343211,0.01633808008198968,-1.1996219070021567e-07,0.0006763431061743588
2024-11-08 05:00:00,-0.004324854455492055,0.03423373451677174,-2.0162832337557286e-08,-5.057885427290742e-05
2024-11-08 06:00:00,0.009351701263680144,-0.0769238227298905,4.2592261870529994e-08,0.006448466339212971
2024-11-08 07:00:00,-0.004158908307322908,-0.021620401200259893,4.6368019833956835e-08,-0.0026914689294084498
2024-11-08 08:00:00,0.012377738511128358,-0.05398209963433138,-4.585175528993273e-08,-0.0028679335003863105
2024-11-08 09:00:00,0.001325294779010925,0.009020403768131844,1.4765020247965008e-08,0.0017543904751558107
2024-11-08 10:00:00,0.0006277174482951632,-0.020352936614680905,-1.0020672962776547e-08,-0.0035929613060021316
2024-11-08 11:00:00,0.009526763256564085,-0.017335002361847526,-7.776279113944604e-08,-0.003343981283375886
2024-11-08 12:00:00,0.0014630562965802802,0.01001021972298921,-6.763712557302338e-10,-0.00178499321886338
2024-11-08 13:00:00,-0.004951025728064544,-0.03822777415854861,4.846471914503698e-08,-0.0014352963513238064
2024-11-08 14:00:00,0.006255573907127996,0.012378051791532455,6.553972545524786e-09,-0.0012025569541645595
2024-11-08 15:00:00,-0.010227343821295679,-0.029257774939110717,9.456661689791441e-08,0.002635508837299432
2024-11-08 16:00:00,0.0031200007282556597,-0.012222914564083025,5.098939978480012e-08,-0.003459444330225876
2024-11-08 17:00:00,0.0031930037305775887,0.011503799213480898,2.9221062290509137e-08,-0.004858052330007496
2024-11-08 18:00:00,0.003034224261862182,-0.012706950271845499,-9.583860661921798e-09,0.0017974485123117736
2024-11-08 19:00:00,-0.007464244096914674,0.01037188381194836,1.3273823646468494e-08,0.0012100805777525401
2024-11-08 20:00:00,0.0033070160042224057,0.03369349402872674,-1.4552573177113028e-07,0.0049664889361777185
2024-11-08 21:00:00,0.002692463850333862,0.01555309290109437,-8.508586217531795e-08,0.0009960750588946384
2024-11-08 22:00:00,0.0025409530574293446,-0.004875446096144396,-2.140690357316056e-08,-0.003991758656138253
2024-11-08 23:00:00,0.0013191491032868523,-0.04364869135695977,1.260912516750334e-07,0.012003788804868817
2024-11-09 00:00:00,0.008641189508022201,-0.05918358212586004,5.369784110164823e-08,0.007305932430481835
2024-11-09 01:00:00,0.0002150028725936339,0.0007925028275474093,1.6265852474854668e-08,0.0006218030376288441
2024-11-09 02:00:00,-0.0027738229280362073,0.003965674946851844,2.3220584485658056e-08,0.0038755087928408127
2024-11-09 03:00:00,-0.001686457782096308,-0.001963237221033557,1.788887832024078e-08,-0.004581589958637258
2024-11-09 04:00:00,0.009350315253402255,-0.009597059896812353,-6.669071752765613e-08,-0.010232608944192716
2024-11-09 05:00:00,-0.004240587661391903,0.03380741393891159,-4.6015267654036465e-08,-0.003419777519589417
2024-11-09 06:00:00,-0.002514826240537537,0.02639770327284544,-4.4272091849125145e-08,-0.0015058257623103439
2024-11-09 07:00:00,0.0035996364516731865,-0.006085219438358619,-2.9033768889422598e-08,8.16246180756952e-05
2024-11-09 08:00:00,-0.0021593268295627575,0.01881534732952017,-2.9038067204990708e-08,9.541327128864609e-05
2024-11-09 09:00:00,-0.0011819138127264935,-0.0024314851553145973,9.52538548778907e-09,-6.076691133620981e-05
2024-11-09 10:00:00,0.0075844070501678304,-0.025253571844847385,-2.5114750015954864e-09,0.003994425246857861
2024-11-09 11:00:00,-0.008602529577684695,-0.0012390002088384711,8.44902983699943e-08,-0.00041887596377722234
2024-11-09 12:00:00,0.0033100520760842196,-0.006905453349042706,7.908877808865734e-10,-0.0012223387459343643
2024-11-09 13:00:00,-0.00595444548150524,0.0028050314934802843,5.8226630083066136e-08,0.001075260675491203
2024-11-09 14:00:00,-0.001961167475292803,0.00986134676993964,-2.3904899959706278e-08,-0.0012378298738394715
2024-11-09 15:00:00,1.0320222716185632e-06,-0.00956173716271824,-3.592379370055616e-09,-0.001439924620388348
2024-11-09 16:00:00,-0.0020612170545699785,0.010315109342735536,-2.915757335169507e-09,-0.0034464174777622696
2024-11-09 17:00:00,0.0019128897920014237,0.009850282262967323,-4.690719736824873e-08,-0.0040870259337813806
2024-11-09 18:00:00,-0.0007567014924604806,0.0053973233167786076,-1.7520620873108542e-08,-0.007062037985158307
2024-11-09 19:00:00,0.007103767465699103,-0.0036201653712997833,-6.179173932438773e-08,-9.470511066738698e-05
2024-11-09 20:00:00,-0.011775648948351966,0.01083086642437286,8.711265820205054e-08,0.016730505885103112
2024-11-09 21:00:00,0.015540633550274066,0.01872644154331036,-2.504895861009783e-07,-0.008590060261749367
2024-11-09 22:00:00,-0.018831296960901304,0.0065512295815601165,1.5741269963369224e-07,0.020141553260247604
2024-11-09 23:00:00,-0.008787031293917289,0.024345387536764587,6.314705563886608e-10,0.0051045383652069155
2024-11-10 00:00:00,-2.4647893805009643e-05,0.011295492415989428,-9.436400817511522e-08,0.0001343196915837749
2024-11-10 01:00:00,0.00794675268332097,-0.01113831663712951,1.2632477566391796e-08,-0.0020567263923942404
2024-11-10 02:00:00,0.015136351370021584,-0.006668699321018967,-9.947716233386884e-08,-0.011437649789205147
2024-11-10 03:00:00,0.008785828056576857,0.027890158650168594,2.2916448648541313e-08,0.006208324338686751
2024-11-10 04:00:00,-0.0027681947175299485,0.001672407750734864,-1.952091721933061e-07,0.00986931297174191
2024-11-10 05:00:00,-0.007733758124816522,0.007734959131020296,4.325075977573628e-08,-0.0013465814081410209
2024-11-10 06:00:00,0.0019640075725189865,-0.0009379899367022743,-2.9523253828015582e-08,-0.0011746742531948751
2024-11-10 07:00:00,0.005468499262068743,-0.012256637257578838,4.5190325839201794e-08,-0.001319052781153811
2024-11-10 08:00:00,-0.002306237529540534,0.00938251742205412,-3.3538769386017575e-09,-0.00264248910253982
2024-11-10 09:00:00,0.007743407510227986,0.005435491191066847,-9.57268994971368e-08,0.0019338354111676575
2024-11-10 10:00:00,0.0019384109910004828,0.008858850202777518,-2.5340329690973962e-08,0.0009966656065021385
2024-11-10 11:00:00,-0.01814762602220048,0.04587566357327098,-2.2211744168552675e-07,-0.01515425676720826
2024-11-10 12:00:00,-0.003994272234401109,0.012670142436727028,-1.22652801560498e-07,-0.007953613075851244
2024-11-10 13:00:00,-0.00987546246342141,-0.010764198012144361,1.7451809290624716e-07,0.00022452658220544782
2024-11-10 14:00:00,-0.004182233399131161,0.0385606641129799,-1.7171793787550145e-07,0.0016278850572613586
2024-11-10 15:00:00,-0.022298179293629,0.061509669588732885,-1.9508192897958762e-07,-0.00406555534516213
2024-11-10 16:00:00,-0.008507792946042217,0.03580944458709583,-5.511845553800479e-08,0.002275909369502162
2024-11-10 17:00:00,0.00029119351817189615,-0.00020641662565722453,2.0324722737978854e-08,0.0019165771972707683
2024-11-10 18:00:00,-0.019931456923032616,0.0034988742205553478,1.0870217848435896e-07,-0.0043878292733448695
2024-11-10 19:00:00,0.008740513760009738,-0.014472802258759552,4.019097697400174e-08,0.016761096329195452
2024-11-10 20:00:00,-0.0191658827257553,0.04029764439804976,4.5998664626017495e-09,-0.004038180435679358
2024-11-10 21:00:00,-0.012122276482548117,0.02686120323329962,4.809010551881998e-08,-0.0035375463243345557
2024-11-10 22:00:00,0.01204910124368482,-0.019612573822709645,-3.0674816928446435e-08,0.0003147605659912295
2024-11-10 23:00:00,0.02511618972896993,-0.02692305161996237,-2.5107604406287792e-08,-0.013205245185439472
2024-11-11 00:00:00,0.0038167403734672084,-0.00039881709530072124,5.585526033599941e-08,-0.0006793687308230392
2024-11-11 01:00:00,0.007691195778164827,-0.0008406175133396598,-2.3439334851629166e-08,-0.0037490998899112763
2024-11-11 02:00:00,-0.0023965281128631565,-0.0019950973220679248,7.859938394062555e-08,-0.0003209664906486084
2024-11-11 03:00:00,-0.0014824780678062933,-0.0053039694425705995,5.98583332085672e-08,-0.0054176853982286196
2024-11-11 04:00:00,-0.04187647728046379,0.02394363440588849,2.2159606880078408e-07,0.011949464132526247
2024-11-11 05:00:00,-0.002025192763101126,0.0038286980165855118,1.0484063109686384e-08,-0.00048546166115803963
2024-11-11 06:00:00,-0.0012903611428485345,0.004595063614702714,-5.135252970747693e-09,-0.001540511640793141
2024-11-11 07:00:00,0.025615276672635627,-0.02675519628168217,-3.9624816325177146e-08,0.001992449435475461
2024-11-11 08:00:00,-0.002196578847297381,0.011140281943234905,7.012806238251724e-10,0.0009734965376528464
2024-11-11 09:00:00,-0.021995464390974516,0.04757465896243786,-1.4350394931747834e-07,-0.003847274693871573
2024-11-11 10:00:00,-0.005815323938405522,0.016229811010184052,-5.974385295587216e-08,0.00024198534836479804
2024-11-11 11:00:00,0.03574174552269038,-0.07483330658043878,2.569024308597805e-07,0.007884072758065366
2024-11-11 12:00:00,0.009580411875462913,-0.010051707631386662,-6.458426475918811e-08,-0.009371982242796556
2024-11-11 13:00:00,0.0025158291147800134,0.0068021573696156554,1.682326242790561e-08,0.002243662587713082
2024-11-11 14:00:00,-0.045102118287991974,0.06513601025570953,6.302186253516935e-08,0.01940695730991814
2024-11-11 15:00:00,-0.03411291736806133,0.03645360521199736,-7.667998848324165e-08,0.009128892196267219
2024-11-11 16:00:00,-0.013645192695531296,0.0253586825131341,-9.10150081001302e-09,-0.0015099746850159767
2024-11-11 17:00:00,0.007561719994730802,-0.004674347425660511,1.1805652812130075e-07,0.0014824186660002015
2024-11-11 18:00:00,0.0027611166213967033,-0.011029220127508052,1.2398682949833132e-07,-0.0006932890123955663
2024-11-11 19:00:00,-0.01342520925650926,0.041312752268945166,-1.5362343089655576e-07,0.004624383175814612
2024-11-11 20:00:00,0.01067617462713236,-0.015297577951322725,1.6880315185254499e-07,-0.00641438908805421
2024-11-11 21:00:00,-0.005000135519452274,0.011749446042072852,-4.4877326260340013e-08,0.0007497309881175391
2024-11-11 22:00:00,0.07609901134405775,-0.07662461638676525,-1.1870319491567687e-07,-0.01058236113090007
2024-11-11 23:00:00,-0.025050472441600864,0.021530095905580696,1.2215470060262653e-07,-0.00013655684791899874
2024-11-12 00:00:00,-0.008645216942842742,-0.0013535547659460968,4.2965631634411485e-08,-0.001380064898415248
2024-11-12 01:00:00,0.005626095705886218,-0.022522623089174618,-7.115311004599117e-08,-0.005185827700480997
2024-11-12 02:00:00,0.002647480668951297,-0.004010805581786593,-1.1261583165033648e-07,-0.005315455453324412
2024-11-12 03:00:00,0.022130034244725812,-0.03788349977555229,-6.554401009226178e-08,-0.008942793801466219
2024-11-12 04:00:00,-0.0017957656719727463,0.007022148170004455,1.55794072077568e-08,0.004162466842920789
2024-11-12 05:00:00,0.015237342445516687,-0.0042850107986143185,3.890532555423181e-08,0.0013054306987455048
2024-11-12 06:00:00,0.05493205319000572,-0.05900435939621539,-1.3759296609430268e-07,0.0030428340490470528
2024-11-12 07:00:00,0.07380436567262526,-0.050211589889245165,-2.788992551481167e-07,0.008855535581750573
2024-11-12 08:00:00,-0.14333592360993463,0.13288091102462196,1.6893188518378519e-07,-0.0022724603566472417
2024-11-12 09:00:00,-0.07148462357803152,0.060840309310376386,1.3863172728792303e-07,0.000871228194334011
2024-11-12 10:00:00,0.012884586171298472,-0.019951929986549002,4.4831627026021055e-08,-0.002427577678165911
2024-11-12 11:00:00,-0.022229758032730695,0.029884327257948824,-6.278169537112696e-08,0.008768628673743664
2024-11-12 12:00:00,-0.03339949423475464,0.04007057691627664,-1.6262498496729299e-09,0.000388497215641455
2024-11-12 13:00:00,-0.028896011352840208,0.04780463902640007,-7.395166121778883e-08,-0.004874192778246771
2024-11-12 14:00:00,-0.01719929777237704,0.007804395086456057,5.4374465873716266e-08,0.004355423782610787
2024-11-12 15:00:00,0.005546471507049563,-0.00616353446134406,3.709662162853659e-08,0.005626053800505062
2024-11-12 16:00:00,0.03679906139039877,-0.042991758712804244,6.405856451135732e-08,-0.006739782966626589
2024-11-12 17:00:00,0.08925034678834184,-0.08595851161352759,2.2230732196361838e-08,0.0042694260457743485
2024-11-12 18:00:00,-0.027821178313506355,0.03749639742852418,3.643504060341789e-08,-0.003455399431588969
2024-11-12 19:00:00,0.025025303903391947,-0.01749668110967282,9.859350564352994e-08,-0.0051946488464544895
2024-11-12 20:00:00,0.09041192445897353,-0.08483230707267533,-1.8472707373992988e-07,-0.008346253379570113
2024-11-12 21:00:00,-0.02448467952425374,0.010285001564205778,2.3160550462460778e-07,0.015289738681445758
2024-11-12 22:00:00,-0.05724315396351719,0.05078090620131589,5.424919908855033e-08,-0.004018248988388005
2024-11-12 23:00:00,0.1668882150199651,-0.1905562070890659,7.873200964565147e-08,0.004925886516089269
2024-11-13 00:00:00,-0.1374150243990592,0.151923266947353,3.066709676211382e-08,-0.004067672573417192
2024-11-13 01:00:00,0.10563964435180362,-0.126018513809117,6.791252224706417e-08,0.005758254369919926
2024-11-13 02:00:00,-0.12150475262549294,0.11656068772965113,1.3027884249164612e-07,0.0006495610934591727
2024-11-13 03:00:00,-0.07532191722920652,0.08705898878162883,-1.3613761221099042e-08,0.00017986041903835258
2024-11-13 04:00:00,0.06712100965720337,-0.08305228579047966,3.6069682224860886e-08,0.0042881774512670235
2024-11-13 05:00:00,0.024515186165030924,-0.035648360012016565,5.300079377321968e-08,-0.0018041187581351713
2024-11-13 06:00:00,0.06713389636473759,-0.06658206860622645,-4.075427589397554e-09,-0.007094028667411817
2024-11-13 07:00:00,0.004653734680510051,-0.0025985215041740045,-2.2913756995266576e-08,-0.002149579055199162
2024-11-13 08:00:00,-0.046512934097945394,0.04909566478664961,3.3152854672392454e-08,0.0018952956711411715
2024-11-13 09:00:00,0.08652319321842908,-0.09895772477487215,1.3838410413281463e-08,0.0028396305413923677
2024-11-13 10:00:00,0.022388297191595102,-0.024032411823575257,9.275538857279017e-09,0.0001777707824040822
2024-11-13 11:00:00,-0.011549385158016434,0.013875450583327778,-2.995755419314029e-09,-0.0010831669229038336
2024-11-13 12:00:00,-0.004132288542082536,0.012546491671662554,3.7308640006040593e-08,0.012887813921205056
2024-11-13 13:00:00,0.034537990840787035,-0.024392898405164454,2.5938224473488015e-08,0.006972398068187487
2024-11-13 14:00:00,-0.011923626121024853,0.018336677351193067,1.479284781804365e-07,-0.0022614793314552684
2024-11-13 15:00:00,0.0762255397158432,-0.0717454085431652,7.136854577455753e-08,-0.00884881109828249
2024-11-13 16:00:00,-0.08801577614176312,0.09634007077484792,1.6172954083162972e-08,-0.0030380191704876456
2024-11-13 17:00:00,0.012589667861199456,-0.013518646596428657,7.24723099032816e-08,0.001977334110112447
2024-11-13 18:00:00,-0.03566829470915014,0.001063771907154482,7.875681359403284e-08,0.0013400575982805585
2024-11-13 19:00:00,0.00200927761962129,-0.0076974535161305445,-6.946796160376685e-08,-0.0016892928957295376
2024-11-13 20:00:00,0.021311255503615626,-0.022231126684870445,-4.722036498573777e-08,0.0027777718281480368
2024-11-13 21:00:00,0.00037328642955760175,-0.0021173051485257033,-4.340064205410011e-09,-0.00390511323734624
2024-11-13 22:00:00,0.04271353898646608,-0.03792438651450849,5.310584446749157e-08,0.002484796998728816
2024-11-13 23:00:00,-0.0643631837130316,0.06152729984102002,2.0467231976948434e-08,-0.002829461980420653
2024-11-14 00:00:00,-0.021593102893434725,0.036872304602715275,-1.2029971339830756e-07,-0.0017939171971194765
2024-11-14 01:00:00,0.0457723416820249,-0.05371317338448995,1.4688178552705558e-08,-0.00317296774561751
2024-11-14 02:00:00,0.31115451177799486,-0.3077162309280627,-1.667561825369807e-07,-0.02538378778922419
2024-11-14 03:00:00,0.04878003592308039,-0.0316978076414669,-1.285208682483262e-07,-0.007005717334592882
2024-11-14 04:00:00,0.034912482983775174,-0.05229580439230652,6.019746361296388e-08,0.005733489619359849
2024-11-14 05:00:00,0.01576562406175188,-0.02901397593322495,7.231873040394043e-08,-0.003213126455476857
2024-11-14 06:00:00,0.2559195680360535,-0.2837781921606054,2.8261148571438357e-07,-0.011761516144626309
2024-11-14 07:00:00,-0.01900659699616022,0.026019235658674655,-2.6947701439960134e-08,-0.005081554293626561
2024-11-14 08:00:00,-0.07358864615185656,0.08628169832453018,-3.610629788331808e-08,0.0006536794747779523
2024-11-14 09:00:00,-0.016635852909389036,0.008260101143779756,1.1134255214671664e-07,0.0040014169025718955
2024-11-14 10:00:00,-0.023888320262896015,0.02356096756601796,7.423028069211085e-08,-0.002159899136536046
2024-11-14 11:00:00,0.027830763645978657,-0.036034486793293095,4.575978792243826e-08,-0.0018558899866175547
2024-11-14 12:00:00,-0.027188371499950643,0.03582003075370334,-1.3654208254070008e-07,0.002507745162853182
2024-11-14 13:00:00,0.009227287800431024,-0.04416937325821734,9.172241119865279e-08,-0.003401593064079409
2024-11-14 14:00:00,0.02250443931043923,-0.029796342793273797,-6.597675691738431e-08,-0.0008627412088750927
2024-11-14 15:00:00,0.013762563528711757,-0.002995423028991601,-2.2269000054979372e-07,-0.010127228729975435
2024-11-14 16:00:00,-0.0038839568013457676,0.02804112058891099,-3.2173612102886856e-07,-0.012089470607282743
2024-11-14 17:00:00,-0.020833621692660863,0.01831714397403465,3.3218354795856256e-08,0.0027169318676292663
2024-11-14 18:00:00,-0.03377227805768121,0.045059960502864316,-5.558306826059865e-08,0.004192265335008378
2024-11-14 19:00:00,0.015147043474932495,-0.04272306742140441,8.355465225328984e-09,0.004733704662452372
2024-11-14 20:00:00,-0.07701059609215193,0.10984027560918658,-1.2459509189600214e-07,0.01317595019127167
2024-11-14 21:00:00,0.06423386506012528,-0.10400675747020335,2.9469211608685185e-07,0.0027162349908219775
2024-11-14 22:00:00,-0.016373354370164832,0.004862979170006368,7.618943549381e-08,0.004771104865952817
2024-11-14 23:00:00,-0.036300586550141824,0.0396921636865124,8.689860224745514e-08,-0.005110896839585264
2024-11-15 00:00:00,-0.03185981613399094,0.04859480808667523,-1.0972400191402459e-07,-0.0017249147739121127
2024-11-15 01:00:00,-0.004907844672024972,0.014053568939293996,-3.784696040150872e-08,-0.001590699946342416
2024-11-15 02:00:00,0.018760225520938457,-0.028450992193915278,5.900726682388206e-08,0.0011539986995898496
2024-11-15 03:00:00,-0.001809586286864652,-0.02277677653677494,1.7466429475440753e-07,-0.001994626094269461
2024-11-15 04:00:00,0.001836260203391716,0.0185946913050884,-1.8098774287547483e-07,0.002009246131019309
2024-11-15 05:00:00,0.02267295375917296,-0.027028201610382073,6.285896362222162e-08,0.004674001171293453
2024-11-15 06:00:00,0.0010844091574601878,-0.011759374997228558,3.528320971205324e-08,0.0009654205884555599
2024-11-15 07:00:00,0.020282043772712744,-0.01256131328578891,-4.293485814104192e-08,0.00015735737545068934
2024-11-15 08:00:00,0.005960173161025137,0.019301187969317395,-9.72507959603623e-08,-0.007661587108137159
2024-11-15 09:00:00,0.031947457757214345,-0.0240037597569044,9.68473364340633e-09,-0.009399444739572828
2024-11-15 10:00:00,-0.0410919219640762,0.05538018552403667,-1.063110884757908e-07,0.004552498543480184
2024-11-15 11:00:00,-0.08212232872520717,0.1381407834677557,-3.956267346058961e-07,-0.016542703798870666
2024-11-15 12:00:00,0.008262356975813985,-0.0034180287454308924,-1.582350199340388e-08,0.0017147634707800593
2024-11-15 13:00:00,0.017968614647616857,-0.050455381230691085,1.4003016395087874e-07,0.013840846337394854
2024-11-15 14:00:00,-0.01224926127400813,-0.010634185037413297,1.1270495251996629e-07,-0.0050774975139353685
2024-11-15 15:00:00,0.001995128549894769,0.020569600778111954,-7.133139638610779e-08,0.002891501291464864
2024-11-15 16:00:00,0.017189628214591048,-0.023150494533090076,6.266410818324809e-08,0.0001241083912158678
2024-11-15 17:00:00,-0.014023884769881822,0.017327721720993186,-5.3024992202734256e-08,-0.0025484231178001847
2024-11-15 18:00:00,-0.009430536117467116,0.026795444203346713,-4.342326118179739e-08,0.00025392035406911965
2024-11-15 19:00:00,0.029741850227942585,-0.028323704578066433,6.013420582272807e-08,0.008937822065184554
2024-11-15 20:00:00,0.01168051939284531,-0.0005702510709776551,-2.8664654047948776e-08,-0.00598528057380825
2024-11-15 21:00:00,0.006327553014388021,-0.015899037679961255,-2.9011457570296016e-09,0.0035925113779158345
2024-11-15 22:00:00,-0.0065809571856186525,0.01890661582248622,-1.3298018651134395e-07,-0.0041752589816672165
2024-11-15 23:00:00,0.0026329317274965134,-0.008430530184059478,5.5876701441427196e-08,3.241737197349813e-05
2024-11-16 00:00:00,-0.005909107124149878,0.018557691164740955,-7.40003410862885e-08,0.004132043964879557
2024-11-16 01:00:00,0.005184391242429431,-0.0008972650246675984,-1.3798151934791171e-08,0.003043724753765458
2024-11-16 02:00:00,0.02442130828878515,-0.01984351461266736,-9.376719915980333e-08,-0.0010736553837812843
2024-11-16 03:00:00,-0.03008934111270321,0.040286110471138836,4.611942311997557e-08,0.011816062493479865
2024-11-16 04:00:00,-0.0158175832671828,0.04318157218664705,-2.02913402085667e-07,0.005301649828457904
2024-11-16 05:00:00,-0.0060452504553940595,-0.0037001866181065354,8.062400704162178e-08,-0.0009591830097096844
2024-11-16 06:00:00,-0.00964504129698051,0.016648734474770395,-6.954849983901812e-08,0.0003172027459470928
2024-11-16 07:00:00,0.012443710393058553,-0.006943753947156081,-1.5028123152220215e-08,0.0033997551952863795
2024-11-16 08:00:00,-0.029918745485376562,0.06094732605005041,-3.0601130083432473e-07,6.519754698184546e-05
2024-11-16 09:00:00,-0.007624063775670138,0.026880612491887647,-1.686450364503859e-07,-9.230665380109929e-05
2024-11-16 10:00:00,0.0394590260819695,-0.051320113509555954,6.62486625007561e-08,-0.007819340667565816
2024-11-16 11:00:00,0.010540635562204588,-0.024769789880963497,8.809632230667026e-08,-0.006480355280722859
2024-11-16 12:00:00,0.01197153375641618,-0.028046984496064884,7.418695060286173e-08,-0.015562454456052763
2024-11-16 13:00:00,-0.027870428387244545,0.06813665754533324,-3.653744018406873e-07,-0.003667149610967924
2024-11-16 14:00:00,-0.009153118397652104,-0.006188133886019094,1.1342399781036694e-07,-0.016228774659906964
2024-11-16 15:00:00,-0.007369145324760545,0.012720329621235371,-5.345509280163151e-08,-0.00578691147892364
2024-11-16 16:00:00,0.015820347960723534,-0.006694372829482031,-6.702795328006543e-08,0.0055069182498480715
2024-11-16 17:00:00,-0.003309018823396688,0.029938401581864782,-2.0445717710771186e-07,-0.004076836459295524
2024-11-16 18:00:00,0.00646695274642772,-0.011301257785934465,2.7318452178669757e-08,-0.0016133968740079088
2024-11-16 19:00:00,0.0004501699560307687,-0.016909411825705028,1.3140211959482988e-07,-0.0031377672666810163
2024-11-16 20:00:00,-0.0010653853211192226,0.018009606023193844,-1.3484733998582306e-07,0.006517433063464033
2024-11-16 21:00:00,0.002813963866591232,-0.022499071630418394,1.062998278156475e-07,0.0017531363974662292
2024-11-16 22:00:00,-0.0014221640945095869,0.0048994748604739595,-1.0288390921227502e-08,-0.001814383393212927
2024-11-16 23:00:00,0.018498169173092757,-0.0039435322216673785,-1.4294338540518737e-07,0.0018323410005125962
2024-11-17 00:00:00,-0.024660027393538047,-0.01921377262354451,4.0397152797256865e-07,9.91679630395441e-05
2024-11-17 01:00:00,-0.003758118618857181,-0.00584211989514741,6.688090057762633e-08,-0.0007885147711945304
2024-11-17 02:00:00,0.009226320214214068,0.005095890064571198,-1.1065914346542274e-07,0.003453380730306473
2024-11-17 03:00:00,0.039171066620898684,-0.029979409645091187,-9.747310794096275e-08,0.012006545140771653
2024-11-17 04:00:00,-0.011903387640753958,0.0017256227695785836,8.705677251341394e-08,0.0035647333646899905
2024-11-17 05:00:00,0.007700053168359923,0.020511614399766672,-2.5741957685396335e-07,-0.0039753966949477824
2024-11-17 06:00:00,0.004990963693777435,-0.012012422526035372,4.513776620789705e-08,0.0012508880464197685
2024-11-17 07:00:00,-0.00444345560589855,0.007156857405943405,2.1624157374734578e-08,0.002795000475340209
2024-11-17 08:00:00,-0.00916153936001023,0.01812050367338718,-2.330571087963908e-08,-0.002152879254662262
2024-11-17 09:00:00,-0.002391224386139911,0.0036868493960180676,-1.3308547085785315e-08,-0.003233220463946898
2024-11-17 10:00:00,-0.00792233020000645,-0.019744273120508225,2.326078072936319e-07,0.0010901957526722715
2024-11-17 11:00:00,0.008036505688498357,0.026451259352871296,-2.828109043522629e-07,0.005683848698834819
2024-11-17 12:00:00,-0.010262468009827339,0.014969053814283474,-1.0167744004228887e-07,0.0053090055545568955
2024-11-17 13:00:00,-0.009417273859387853,0.009810821221842844,-2.9487326118541503e-08,-0.0024156829580769482
2024-11-17 14:00:00,-0.010174978477395284,0.004519159343136621,2.9506267645550175e-08,-0.004529235971724588
2024-11-17 15:00:00,0.0043381891513327685,0.011604155620613772,-1.0274752131969008e-07,0.0057032006987702685
2024-11-17 16:00:00,0.006502293105938566,-0.012817870111146417,7.352091422904885e-08,0.0024541830935630167
2024-11-17 17:00:00,-0.00542528789815541,-0.020273706987713996,1.802326389200498e-07,-0.0011180704830462747
2024-11-17 18:00:00,0.005161225949874252,0.0015636801244394405,-3.483076050401367e-08,0.005263411267914647
2024-11-17 19:00:00,-0.007895687169672342,0.01190254010379461,-7.919268536925171e-08,-0.001966270043304652
2024-11-17 20:00:00,-0.004335084232090086,-0.007217841462933915,5.4198998585622996e-08,-0.0008056069045200578
2024-11-17 21:00:00,-0.0015604047110978339,0.01735014222620532,-8.16319442169274e-08,0.003970518447232511
2024-11-17 22:00:00,0.0068101914499607685,-0.004699997122356611,4.231128273833148e-09,0.0009884293042889494
2024-11-17 23:00:00,0.0179884935498901,-0.012604646155171961,-2.839194111408234e-08,-0.00664623476240561
2024-11-18 00:00:00,-0.016127315933475286,0.05073827223117319,-2.8973679108262076e-07,0.012685229574136888
2024-11-18 01:00:00,0.005495811400429216,0.007177776820988812,-1.1292859947482145e-07,-0.003708121149875428
2024-11-18 02:00:00,0.0018823484959105668,0.022308777584624278,-1.9795499586194796e-07,-0.002107110941957159
2024-11-18 03:00:00,-0.003212132687377558,0.027322948385668174,-2.0173870055337817e-07,-0.007535584854994583
2024-11-18 04:00:00,0.007525489785999902,-0.01820791982717026,8.104628749817265e-08,0.013667970327290236
2024-11-18 05:00:00,0.013706740878766036,-0.007930615683427497,9.521437869002724e-08,0.00048347225435074135
2024-11-18 06:00:00,0.0009786655012346819,-0.0017288624805964694,-2.9097274791577825e-09,-0.0028282114663602544
2024-11-18 07:00:00,-0.004865450636476352,0.007603454953496271,-2.4846357126044228e-08,0.007666872219639981
2024-11-18 08:00:00,-0.00373617060081619,0.0008328652345444662,2.8391158862035605e-08,0.0036186711557954013
2024-11-18 09:00:00,0.00016089520574524493,0.006890126151966581,-6.440805438191989e-08,-0.0011011907146713303
2024-11-18 10:00:00,-0.01488576158861427,-0.012905249690609367,9.629989782503357e-08,-0.0009184897979176418
2024-11-18 11:00:00,0.007738769818207765,-0.006239120986305283,-4.404299518886336e-09,-0.00043551405092855355
2024-11-18 12:00:00,-0.018453134015271006,-0.007260290269005731,-6.828939389735958e-08,-0.00462384058032745
2024-11-18 13:00:00,0.011738426875750585,-0.021148531379991165,1.4041403520975765e-07,-0.006051381844801323
2024-11-18 14:00:00,0.02006958974662553,0.004574746563492236,-1.1388541766600225e-08,-0.0012323105045504727
2024-11-18 15:00:00,0.017937026848559075,-0.0392771097307597,7.572266780233595e-08,-0.0016909184745898555
2024-11-18 16:00:00,0.0012535807526005231,0.00035581417256092175,2.18533519675314e-08,-0.0023912118574619837
2024-11-18 17:00:00,-0.00463172675033124,-0.010018089628289241,-1.4665892478302587e-08,0.0013755858791048752
2024-11-18 18:00:00,-0.009429921549910679,-0.00019151256970502943,1.3495542331365964e-07,-0.000540459822801803
2024-11-18 19:00:00,0.002417755011003525,0.003120043614132059,7.385181579280217e-08,-0.008543898343456256
2024-11-18 20:00:00,-0.0012273952172553743,0.020217673543408463,-4.201430308038569e-08,-0.0163735165882943
2024-11-18 21:00:00,0.0007465446250333203,0.006728154467176353,-8.151513944615151e-08,-0.0007651246658009091
2024-11-18 22:00:00,0.008670784648891799,-0.02394590476245544,3.377342802857725e-08,0.0030040167937044455
2024-11-18 23:00:00,-0.012514846671656534,0.02306261109540102,3.219401649522252e-09,2.0574968031018022e-05
2024-11-19 00:00:00,-0.0039029873464065702,-0.0027304866561844903,3.166499182998215e-08,0.0007935596717962231
2024-11-19 01:00:00,-3.384173641234143e-05,0.0079788577008904,-2.4078211949822007e-08,-0.002877904717306422
2024-11-19 02:00:00,-0.00470727811341455,0.01726429313952159,-8.165109741440947e-08,-0.004497688039928372
2024-11-19 03:00:00,-0.002407058722143165,-0.019992975103802824,1.8179947034421977e-07,0.006223402979573394
2024-11-19 04:00:00,0.005541679195350954,0.0052957662724199,-6.115499016084932e-08,-0.0006541771547066169
2024-11-19 05:00:00,-0.0006151285347642797,0.005385412647382404,-4.1885169028925485e-08,0.0021354857684596188
2024-11-19 06:00:00,-0.007343375503045291,0.0013673038619432536,2.964796967985263e-08,-0.00016798110454725295
2024-11-19 07:00:00,-0.0002256179172295395,-0.002132453619123453,4.088392726068171e-08,0.0013851211919221553
2024-11-19 08:00:00,-0.004519551915733942,-0.007331474971346418,1.0253547924347713e-07,-0.0024231356735702155
2024-11-19 09:00:00,0.0037193906263428213,0.00457530869451868,-7.024844614029716e-08,0.00206184186697979
2024-11-19 10:00:00,0.006010557996434849,-0.005910718632481788,-1.8124572152597883e-08,0.003816751862004607
2024-11-19 11:00:00,0.005944766699180297,0.000729265626380915,3.327337511772286e-09,-0.004588659691248427
2024-11-19 12:00:00,-0.014040382036265963,-0.012596249386983699,1.0585769903109044e-07,-0.0021180734682439673
2024-11-19 13:00:00,0.00433469771398694,0.001691250806825061,3.486118893980735e-08,0.0012666525069155864
2024-11-19 14:00:00,0.0039911243736519145,0.006605621722122743,-2.6167040318761634e-08,0.0013819646280145157
2024-11-19 15:00:00,0.0016119406690811122,0.0003979918560404296,1.2190794011223777e-08,-0.0028713106598418554
2024-11-19 16:00:00,0.0007974536258881951,0.0005167341058692868,2.1416483044719587e-08,0.0002490706162459017
2024-11-19 17:00:00,0.006691525914087887,-0.004060131643678263,-1.8759880716961948e-08,0.01364747801079036
2024-11-19 18:00:00,-0.0005353063937096089,0.00935029328197013,-6.517422108577621e-08,-0.0056693248299156335
2024-11-19 19:00:00,-0.015437451629817554,-0.011666993011285723,1.5546208278655516e-07,0.015527772025579891
2024-11-19 20:00:00,-0.0032126820366289313,-0.011278224458378823,7.489201063311129e-08,-0.0024476172640409684
2024-11-19 21:00:00,-0.0007615577887477634,0.0026423215849211796,-3.53665599405342e-08,0.0019507351452187414
2024-11-19 22:00:00,0.005490037922446872,0.002359172025043403,-3.2603943837758456e-08,-0.0008144087038839849
2024-11-19 23:00:00,-0.007055506109308388,0.01546042767073903,-6.368130274609981e-08,0.0018288741947314806
2024-11-20 00:00:00,-0.001019768015984109,-0.0032343039327817186,4.5616403996894836e-08,0.0026691187136277566
2024-11-20 01:00:00,-0.005747485999675513,-0.00031441605776016653,3.595396065370307e-08,-0.0005365966886619287
2024-11-20 02:00:00,0.00592833152832452,-0.010645177386066743,6.421592665413798e-08,0.0021006825617479585
2024-11-20 03:00:00,-0.002632166914240385,0.011275717100381102,-6.065797063045252e-08,0.0059421254390101845
2024-11-20 04:00:00,0.008256356862813783,-0.0014840516049841206,-3.257167983354588e-08,-2.944543903241374e-05
2024-11-20 05:00:00,-0.0006781007614517329,0.0020855152510558662,-5.919167227670816e-09,-0.0024009695230483657
2024-11-20 06:00:00,-0.0009022905512487871,0.0015700313278879598,3.7578736254155337e-08,0.0024293275711070005
2024-11-20 07:00:00,0.011318993927089781,0.011930412113475623,-1.1634316601562365e-07,-0.006380719069266677
2024-11-20 08:00:00,0.0028849082561859286,0.0017933717288417716,-5.897153186849782e-08,-2.0396861962119345e-05
2024-11-20 09:00:00,-0.0057685893711568684,0.01308647279029296,-1.5789434790305178e-08,0.0007577407928994049
2024-11-20 10:00:00,-0.005121616517536621,0.007537528951412002,1.827493756105679e-08,0.00026805266364016215
2024-11-20 11:00:00,-0.003349945294158891,-0.007446576581756025,1.0157239643559093e-07,0.0005626054636076377
2024-11-20 12:00:00,0.015917735612820907,-0.00822062794132445,-1.7803615909291594e-08,-0.0035302934843332657
2024-11-20 13:00:00,-0.008542690433194567,0.01421545719444666,4.366336430744307e-09,0.002849285934739768
2024-11-20 14:00:00,0.0037795054088635895,-0.012274242574143262,7.88315541749884e-08,-0.003040830691218959
2024-11-20 15:00:00,-0.018679000715012852,-0.001787943616680615,1.31010410688426e-07,-0.00038686169213552127
2024-11-20 16:00:00,-0.0048584398911396594,0.004077521642676529,5.708800238934861e-08,0.005782689835661109
2024-11-20 17:00:00,-0.001728262240555741,0.009082604523178616,-6.299846263620699e-08,0.0016177849824890913
2024-11-20 18:00:00,-0.003857943756099213,0.004795376714400644,4.5635257212448526e-08,4.467436973074415e-06
2024-11-20 19:00:00,0.008856831174896398,-0.005309780416549687,-4.241962466702373e-08,-0.002179372591237571
2024-11-20 20:00:00,-0.0006058617357677177,0.010108836265797401,-7.172855444808766e-08,-0.004054596593273373
2024-11-20 21:00:00,-0.005128992799188466,0.007648785479355278,-1.630096312010858e-08,0.004727316523880858
2024-11-20 22:00:00,-0.001461426269882959,-0.00713266707129678,7.69165490195453e-08,-0.002025432577605753
2024-11-20 23:00:00,0.005353955266698629,0.002791861098336006,-2.9773857718166635e-08,0.0006394761405465167
2024-11-21 00:00:00,-0.005180990543568783,0.0027530288662696934,3.675892180907896e-08,-0.00011307265373042956
2024-11-21 01:00:00,-0.007738239759005231,-0.013484118552940199,1.6637616261497526e-07,-0.005505060900330999
2024-11-21 02:00:00,0.0099540009823575,-0.0007324013498692466,5.439706362970126e-08,0.0015756445133840215
2024-11-21 03:00:00,0.01716032120667227,0.005197107475384499,-9.730353631288997e-08,0.006149430289925252
2024-11-21 04:00:00,0.000503893190421263,-0.009220477297557731,4.361176753562983e-08,-0.00042901743828423444
2024-11-21 05:00:00,-0.01771538870115683,0.02749198514790899,-1.7184326944493525e-07,0.01566558078666958
2024-11-21 06:00:00,0.00743501682699314,-0.004634557664745121,-5.428875905134177e-08,-0.0015221292068378714
2024-11-21 07:00:00,0.000508064734378044,0.0036325733888311748,-3.219452780775043e-08,-0.0034537528666584113
2024-11-21 08:00:00,-0.012247574319505537,0.011798429842972021,6.37796460332598e-08,-0.00462302038367838
2024-11-21 09:00:00,-4.0509538625554085e-05,0.007146432517715329,-3.6755141575237296e-08,0.0010767838040202811
2024-11-21 10:00:00,0.013881813490608979,-0.021931373711306067,4.853711821438343e-08,0.0006983649436766182
2024-11-21 11:00:00,0.0236138518813077,-0.01211509920797565,-1.7516690974368647e-07,0.005639347148101804
2024-11-21 12:00:00,0.018650310365020233,-0.023312543760465373,1.0532885572814353e-08,0.00017020715079040446
2024-11-21 13:00:00,-0.001517930140287321,0.0048441462838544535,-7.715422083928653e-08,-0.0006500495782519552
2024-11-21 14:00:00,-0.02015267608050509,0.009086704098438762,9.885516472118781e-08,-9.908408814130045e-05
2024-11-21 15:00:00,0.016975594325435064,0.006374491697822104,-8.173300063430504e-08,0.006973476936254856
2024-11-21 16:00:00,0.00037552685812149156,0.01929381727292419,-5.0464341171006516e-08,-0.0006559204372070657
2024-11-21 17:00:00,-0.010751146331220924,0.047235869731281244,-1.7835283684607294e-07,-0.00456111382558647
2024-11-21 18:00:00,-0.006176910238712776,-0.005709758072734619,7.879636673264007e-08,-0.0036145628803490562
2024-11-21 19:00:00,0.0003224107292100813,0.0010591361335077474,2.1909332432777364e-08,0.0008693473496351678
2024-11-21 20:00:00,-0.007506619849240599,0.019163983682240867,-8.055312197233408e-08,0.0006721585357523289
2024-11-21 21:00:00,0.0026946707644985753,0.011094094030788995,-6.944732042062342e-08,-0.0006457896699152811
2024-11-21 22:00:00,-0.00605435153046025,0.025321090262327504,-1.3240025199692356e-07,0.0011558716917535173
2024-11-21 23:00:00,-0.003839391504409522,0.011495660883386308,-8.16354123344418e-08,0.005581562725605023
2024-11-22 00:00:00,0.0032963665571908666,0.033774125707670515,-2.438602704588574e-07,0.007956641284527482
2024-11-22 01:00:00,0.009267639874050718,0.0011132708987875257,-6.193153280092149e-08,-0.0025572073251578114
2024-11-22 02:00:00,0.0029705892227264805,0.016829195026361557,-1.317190412756897e-07,-0.005437768336605639
2024-11-22 03:00:00,0.008841790819939764,0.00390627806987142,-1.24475789610658e-07,-0.0029392860132777484
2024-11-22 04:00:00,0.0010481311304258055,-0.0031348462785206386,4.1292659473634285e-09,-0.00519075165215008
2024-11-22 05:00:00,-0.003713105795978072,0.00010387730378087212,5.792680536573437e-08,-0.000826811837458469
2024-11-22 06:00:00,-0.0010823980348420165,-0.010583319056297783,1.0462000386718916e-07,0.005134042023736964
2024-11-22 07:00:00,0.002321006681115909,0.001407864637650154,-7.152913725451596e-08,-0.0026738989568682973
2024-11-22 08:00:00,-0.0040648836525232716,0.0024906963426394747,1.631851608684819e-08,0.0014707259887548523
2024-11-22 09:00:00,-0.016105521276634976,0.004160210476076658,7.676860422285613e-08,-0.004633248922241522
2024-11-22 10:00:00,-0.007744797753509135,0.020641337713261834,-9.626746795388238e-08,-0.010625493286784
2024-11-22 11:00:00,0.005493725658925364,0.0007455178889047201,-8.829521546495496e-08,-0.0007421635309579549
2024-11-22 12:00:00,-0.01102313295716555,-0.026611441510918033,2.2298161520383844e-07,0.0003503424900191039
2024-11-22 13:00:00,-0.007745486935726548,0.008377482337157195,-6.555736723567042e-08,-0.0034206080799467115
2024-11-22 14:00:00,0.02355800959759536,0.005102105437974293,-4.008254286297673e-08,0.009971893070797974
2024-11-22 15:00:00,0.0013005421906422702,0.019529839708646676,-1.404124468314217e-07,-0.0006871346603352537
2024-11-22 16:00:00,-0.00269465577868642,-0.0026797753253718732,5.498058600516063e-08,-0.0017842922771287594
2024-11-22 17:00:00,-0.012029960684843327,0.0018787766880377236,1.0895424301426157e-07,0.006259701341765542
2024-11-22 18:00:00,0.0014862437495180535,0.011708799627675695,-1.0993248610052846e-07,0.0005671182527148078
2024-11-22 19:00:00,0.0029217773064989087,0.005805178191056924,-5.38623507487504e-08,-0.0026072865198458407
2024-11-22 20:00:00,0.01584368893740838,-0.017824308607936094,1.6843011289985692e-09,-0.0047620498752373305
2024-11-22 21:00:00,0.012529655804448283,-0.0006016667602175922,-1.7083103426995284e-07,-0.011909903425154807
2024-11-22 22:00:00,0.006504006127683444,-0.0017826919459020226,2.417407492331294e-08,0.009485412289366066
2024-11-22 23:00:00,0.003848171652353908,0.06554364438977671,-5.973603332585005e-07,-0.010291076899496723
2024-11-23 00:00:00,0.013525866801547229,0.01570730543818829,-2.7731012138868135e-07,-0.0020924647428751182
2024-11-23 01:00:00,0.013279017467773106,-0.032169685386856536,7.021837996185984e-08,-0.004937023033196434
2024-11-23 02:00:00,0.009150074579180257,0.01485018447307736,-1.7995333282346244e-07,0.0018160935045864449
2024-11-23 03:00:00,0.013101104370054108,-0.00628026982323947,-6.904245567750419e-08,0.012233985259925754
2024-11-23 04:00:00,0.007746697110804052,-0.009224953692026423,8.354887349225606e-09,-0.0009178329813127606
2024-11-23 05:00:00,0.00161341235497721,0.0013224125438022038,-3.099564186072412e-08,-0.00047127803055169545
2024-11-23 06:00:00,0.002506198790116524,-0.012269439816384144,6.2564772344388e-08,-0.0029619065080321674
2024-11-23 07:00:00,0.00549715645733638,-0.009872028527373638,1.466882623860987e-08,-0.001840949026446863
2024-11-23 08:00:00,-0.001709814938872714,-0.00935951076994657,9.261658946290678e-08,-0.001159779621912225
2024-11-23 09:00:00,0.0007273026372020858,-0.015956323153181625,1.1840335175232901e-07,-0.0031272653713386367
2024-11-23 10:00:00,-0.010059568151311633,0.006099038414949283,6.007428510412022e-08,-0.0059745218171240256
2024-11-23 11:00:00,0.019536067373519407,-0.013117539655047548,-7.42172388631184e-08,0.0055524678277344575
2024-11-23 12:00:00,0.000600760546498933,0.007439085161184811,-7.181587741873601e-08,0.0005105567389444833
2024-11-23 13:00:00,0.010428745344096654,0.00727928880010479,-1.4161934492444291e-07,0.0020455597706081413
2024-11-23 14:00:00,-0.005823573081024307,0.01502292236426381,-9.560776004671272e-08,0.0006770573942241302
2024-11-23 15:00:00,-0.01660047699307641,-0.029487841957894285,3.371014955682687e-07,0.005046523433697539
2024-11-23 16:00:00,-0.005992243257181483,0.014283367973122086,-3.961082180130109e-08,-0.0017106780665440704
2024-11-23 17:00:00,-0.003922238003692822,0.00502239381807371,-1.6675543480653806e-08,-0.0021583391705390187
2024-11-23 18:00:00,-0.014021761448150876,0.004956794914379545,6.631489741959522e-08,-0.0018375392925146245
2024-11-23 19:00:00,0.004889748392290679,-0.012096978873685571,8.044195784687387e-08,0.0031716797899586924
2024-11-23 20:00:00,0.011195912232352431,0.0068815146662617715,-1.4945822657208842e-07,-0.0005400306674940752
2024-11-23 21:00:00,-0.002407594414332387,-0.0017527372173243392,7.63148818503884e-09,-0.0005909615289108245
2024-11-23 22:00:00,-0.007078225077398259,-0.0007924977331221768,8.173936618486292e-08,0.0006972993515735139
2024-11-23 23:00:00,0.03653928869266178,-0.01525103047115894,-2.0545514111199747e-07,-0.015165068600108262
2024-11-24 00:00:00,0.011834596690041041,-0.014215994977533295,3.1898800373659475e-08,-0.0020218597480700356
2024-11-24 01:00:00,-0.0018363871376227993,0.008679579845018558,-2.4870379841399032e-08,-0.0009053690648895122
2024-11-24 02:00:00,0.004471609664172869,-0.0012309919375623351,-3.0238018001616365e-08,-0.004227975582855433
2024-11-24 03:00:00,-0.011773187039858517,-0.014077821625605674,2.0347772647674908e-07,0.011120462820478847
2024-11-24 04:00:00,0.0028613894883152335,-0.008643643532547735,4.6176878346132614e-08,0.0036627691892224023
2024-11-24 05:00:00,0.007974008413173538,-0.0014975402670569806,-6.109394006948531e-08,0.0020072728932468697
2024-11-24 06:00:00,0.0007495932531263482,0.0005093838984203442,-6.384396254175078e-09,-0.003619044539684636
2024-11-24 07:00:00,0.0010921582576457686,-0.022919293284767613,1.4890533007381236e-07,0.009479775084942707
2024-11-24 08:00:00,-0.000392432879483449,0.00047048019109232855,-1.6413377452269173e-08,-0.0009905850850844891
2024-11-24 09:00:00,-0.015300877666079382,0.010703981564153354,5.064841453256529e-08,0.00166685796412561
2024-11-24 10:00:00,-0.013788759294918141,-0.01554028052662326,2.3602153689042994e-07,0.0011021483841411486
2024-11-24 11:00:00,0.004907172624115927,-0.023932609529377855,1.240486057587723e-07,0.0034257996449672443
2024-11-24 12:00:00,0.0015727827576447508,0.014823228805642779,-1.3480541437983863e-07,-0.003978769690368882
2024-11-24 13:00:00,-0.004898116512318158,0.0005000753579275083,2.618218276958694e-08,-0.0024152556032007305
2024-11-24 14:00:00,-0.012673584545488501,-0.015028767182755285,1.3597439619199244e-07,-0.006416626443538109
2024-11-24 15:00:00,0.008134826739379028,0.014042367836185518,-1.9956217976006433e-07,-0.007040800909421835
2024-11-24 16:00:00,-0.003262308897701235,0.005691292513755473,-6.935792666680901e-08,-0.0016499667861030367
2024-11-24 17:00:00,0.00017006345684800542,0.008161815901837994,3.35603695094062e-09,0.007575554429563681
2024-11-24 18:00:00,0.0013870654690479461,0.0009208491717289251,-2.7954502527931798e-08,-0.002394516453226314
2024-11-24 19:00:00,-0.002958479842533411,0.00682280424299864,-1.8980285341353252e-08,0.0068045512438307245
2024-11-24 20:00:00,-0.013021420618012999,0.013530046295697814,4.327612239977882e-09,0.0032789667224557197
2024-11-24 21:00:00,0.005891459561629594,0.007358283178249171,-3.2421676159112792e-09,-0.0008506070122597433
2024-11-24 22:00:00,0.004593969479648736,0.0017509592757619541,1.0519128233924866e-09,-0.004622517126451626
2024-11-24 23:00:00,0.0013248390644101816,-0.0186438295320311,1.497466225464722e-07,-0.002284709764360962
2024-11-25 00:00:00,-0.005981296338323,-0.007631250566010973,6.932844958603742e-08,0.00046867351697894166
2024-11-25 01:00:00,0.003497984617256451,-0.00013827629788801311,-1.6270437689210542e-08,0.00032391905174410367
2024-11-25 02:00:00,-0.00033055690565321656,0.011091176409755462,-4.685482607875735e-08,-0.0034713861976373266
2024-11-25 03:00:00,-0.018988994120655498,0.03626975069805843,-1.2399022188216538e-07,-0.004343094730695131
2024-11-25 04:00:00,0.004161703586011015,0.00847668890947206,-8.184476247730694e-08,0.0014198357822961096
2024-11-25 05:00:00,0.003246452675321914,-0.011901604625390203,8.491775459657976e-08,0.006157224203555771
2024-11-25 06:00:00,0.003753274069640631,0.006076836138049561,-1.0803769342973453e-07,-0.0035615078168548093
2024-11-25 07:00:00,0.007413359779532602,0.007080157744278682,-1.2777572842552348e-07,-0.00217309282398889
2024-11-25 08:00:00,0.00897752332003671,-0.0012105091426366172,-6.17152141747588e-08,-0.00589080704433233
2024-11-25 09:00:00,-0.011063209520745071,-0.00011144185699982139,9.12678393892138e-08,0.009471694905738027
2024-11-25 10:00:00,-0.00585932116785967,-0.0016373642124022725,5.937821170572881e-08,-0.0015263127798287861
2024-11-25 11:00:00,0.007978782883461925,-0.007438747665997324,-3.298689653999842e-08,0.007993234898310877
2024-11-25 12:00:00,-0.015988560392586705,0.009932634744877907,5.726941852045868e-08,0.004685963880474651
2024-11-25 13:00:00,-0.017587182957487853,-0.010566988898606496,4.135953267413423e-08,-0.0002842625797773213
2024-11-25 14:00:00,0.008523300188336342,0.01793103750101978,-1.7222309506429678e-07,-0.0002453161625164546
2024-11-25 15:00:00,-0.007404989659489093,-0.00937168922253836,5.07789074243254e-08,-0.01045395820481083
2024-11-25 16:00:00,-0.009647545772767156,-0.009333940459606673,9.673897023830223e-08,-0.0023470286344334725
2024-11-25 17:00:00,0.0033691259244333334,0.005772223908861457,-6.125789630620067e-08,0.0064877592046143195
2024-11-25 18:00:00,-0.001620919689241716,0.008534927615726828,-1.1121041560239926e-07,-0.00043999459658705805
2024-11-25 19:00:00,0.006199479712468132,-0.0012380626269931996,-2.4243746212679558e-08,-0.003553649445249302
2024-11-25 20:00:00,-0.0025537972677059997,-0.02170622891208647,9.285341754731731e-08,-0.0012593303651144017
2024-11-25 21:00:00,0.0072483032697422765,-0.013513579711980804,1.1823990847239437e-07,-0.002910827819317001
2024-11-25 22:00:00,0.007730300969761893,-0.023656274464867746,-5.3562504604092645e-09,-0.002982402381779163
2024-11-25 23:00:00,0.002784283145748403,0.008790101790726734,-1.8108892621477668e-08,0.0042259337558505985
2024-11-26 00:00:00,0.005016818724671003,0.013168971360572329,-4.134658108574194e-08,-8.782383139705736e-06
2024-11-26 01:00:00,0.0010664005906690591,-0.0007464736800724776,-3.8563907619551265e-08,0.00014641585954719815
2024-11-26 02:00:00,0.0009052245840271344,-0.004388347273518523,3.99923299734906e-08,-0.00219948796174299
2024-11-26 03:00:00,0.0005555357485361721,-0.007030065851261729,1.8338520228253054e-08,0.0011817579027386864
2024-11-26 04:00:00,-0.0016377350091340212,0.012742154532932256,-5.8023893537427575e-08,0.0027383333380458573
2024-11-26 05:00:00,0.0016480844827145343,-0.007738763316905444,5.181648470026409e-08,-0.0036363565131938263
2024-11-26 06:00:00,-0.003280429647890163,-0.009385795678861126,3.168894154381994e-08,-0.0033530058957520147
2024-11-26 07:00:00,-0.010018704054064322,-0.0163326227309585,1.566217596103028e-07,0.0002619061749089153
2024-11-26 08:00:00,0.0022632552176945985,-0.00919577145360462,4.885966920076516e-08,-0.00360998719308178
2024-11-26 09:00:00,-0.018231009785748264,-0.006512821333216866,1.1635277895223237e-07,0.004921494770948061
2024-11-26 10:00:00,0.009568767093097695,-0.007789065336108028,-3.003129288862162e-08,0.0006684223571081312
2024-11-26 11:00:00,0.0015589694861240446,0.0031160246160928176,-2.4115358988749933e-08,0.005132426409468805
2024-11-26 12:00:00,-0.01981742252858866,0.033393723151762957,-3.52490134074867e-08,-0.0069323702282235765
2024-11-26 13:00:00,0.009861582721141895,0.00797947403320051,-3.013604440962138e-08,0.003061752102794985
2024-11-26 14:00:00,-0.0006867834787714078,-0.013107812368735889,7.039143960424074e-08,-0.0023430395461899864
2024-11-26 15:00:00,-0.0007696658098476465,0.0168883131837614,-2.353851718283638e-08,0.007292720171745736
2024-11-26 16:00:00,-0.0008195698614017911,-0.0022512906359698297,-1.207987599175236e-08,-0.0011498625390842913
2024-11-26 17:00:00,-0.015400657488978762,0.017712564566348357,-3.1583926891404315e-08,-0.006112152508077509
2024-11-26 18:00:00,0.0065776257075370525,-0.0016243898467195332,-6.120796073759877e-08,0.015173799890628573
2024-11-26 19:00:00,0.0065948145561932105,-0.003545042609930918,-1.1103419532182423e-07,0.003846693524647637
2024-11-26 20:00:00,0.005021292271987461,-0.003516392207138616,-5.4170736803778715e-09,-0.003744279355601799
2024-11-26 21:00:00,0.003815305405176588,-6.855844331130481e-05,-5.837987922628836e-08,-0.006153310519252781
2024-11-26 22:00:00,0.01075372107850748,-0.009195649857168808,-4.339581256890575e-08,-0.0021808494596189084
2024-11-26 23:00:00,-0.003224064955893023,-0.019747343601990854,1.262567569254539e-07,0.0014039184489036197
2024-11-27 00:00:00,0.012764996264794227,-0.00537659070294125,4.78295573495336e-10,-0.00495577331043919
2024-11-27 01:00:00,-0.0010717431191754857,0.0028746535163391607,-5.3017680767400735e-08,0.0063605786150667315
2024-11-27 02:00:00,-0.00936778607800216,0.007573904304484201,1.4605843360874848e-08,0.001283476095059819
2024-11-27 03:00:00,0.001244755406395238,0.014622513463682728,-9.53566630286287e-08,0.0027020054535385613
2024-11-27 04:00:00,-0.004523148299802145,0.005815916789332845,4.992874188208663e-08,-0.00024370531411278782
2024-11-27 05:00:00,0.004875622729972134,0.005549514319532888,-3.5307281836150056e-08,-0.0001321976496258935
2024-11-27 06:00:00,0.003831550480491993,0.02311848651751067,-1.0818299776672505e-08,-0.016409856214944337
2024-11-27 07:00:00,-0.0046930166436118664,0.0019042288033918348,1.376232786610459e-08,0.00539271681667323
2024-11-27 08:00:00,-0.0028093831110816924,0.009105535585844184,6.9384804931652e-09,0.004724902029248667
2024-11-27 09:00:00,0.0068301371820824654,-0.0014733888070743257,-3.1830773783126e-08,-0.002988762511550158
2024-11-27 10:00:00,-0.006003209157624615,0.0017221405935514463,1.3388624751267233e-08,0.002624360513468316
2024-11-27 11:00:00,-0.0010926176376654154,-0.010379784506295233,4.014504561843211e-08,-0.0033980966507165472
2024-11-27 12:00:00,0.008662065848001698,-0.00022649898633320706,-1.920969708981352e-08,-0.003333265717407177
2024-11-27 13:00:00,0.00906238907035238,-0.009110301671710869,-8.554891837019259e-09,0.004841305318577417
2024-11-27 14:00:00,0.008238021626024388,0.006256295595434695,-1.0057390372692228e-08,-0.002361344388308072
2024-11-27 15:00:00,-0.0034639889506691383,-0.013535216114660598,1.0491855615245692e-07,-0.0013980339102913446
2024-11-27 16:00:00,0.002869167819913727,0.001076606699300011,4.663861311512439e-08,-0.0053189951159173824
2024-11-27 17:00:00,-0.002647644775233537,0.0038998825142772704,1.04173369904476e-08,-0.001240929471454803
2024-11-27 18:00:00,0.005544157140759991,-0.006718856486212391,2.115156559286723e-08,0.0013102686496490486
2024-11-27 19:00:00,0.004920715395909606,0.004378933423707262,-7.682673920484592e-08,0.0014793712107033152
2024-11-27 20:00:00,-0.005041931302067216,0.004075586408435722,1.2737840035336798e-08,-0.001531718692083112
2024-11-27 21:00:00,0.01189320703331103,-0.003948130258896099,-6.567719269733219e-09,0.012992523960844493
2024-11-27 22:00:00,3.441333994354365e-05,-0.001518611888747472,-2.667653363929424e-08,-0.0005667137029721709
2024-11-27 23:00:00,0.014885961321528751,-0.027919123141968812,-4.526793908857994e-08,-0.002390679425231552
2024-11-28 00:00:00,0.0020198637572660023,0.005461123303131171,-6.604693130202557e-08,7.722848007784937e-05
2024-11-28 01:00:00,-0.0002922586757551429,-0.020849077560437218,-3.577333622694628e-08,-0.003105578101975319
2024-11-28 02:00:00,-0.006470535529937992,-0.001923240186696198,2.165894898802419e-08,-0.0024396414583870013
2024-11-28 03:00:00,0.0029049979681459535,0.006708734289529684,-3.197803430579291e-09,0.0018377077887035452
2024-11-28 04:00:00,-0.0036325974112095243,0.0008058193242867772,1.0395949358837163e-08,0.002217655150835719
2024-11-28 05:00:00,0.001737682783464028,-0.0002927358456805057,-9.715932827588823e-09,0.001978879498210096
2024-11-28 06:00:00,-0.010237704013041797,0.003037057937650985,8.333055231565081e-08,-0.00438128900502832
2024-11-28 07:00:00,-3.1784917571942885e-05,0.005279796410520673,5.695993600375533e-09,-0.002960486323740862
2024-11-28 08:00:00,-0.009070662134060416,0.0017115037134553623,5.1022498065366e-08,-0.003232302151132472
2024-11-28 09:00:00,-0.0021670216068185367,0.0034861896992475173,1.5188006843095348e-08,0.0002867282562652497
2024-11-28 10:00:00,0.001896417952705928,0.007571267059602433,1.9554207510502248e-08,-0.0016946220927002928
2024-11-28 11:00:00,-0.0023273564742873356,0.0076756056830383675,3.449121973524168e-08,-0.0036205531591623073
2024-11-28 12:00:00,0.0023911835238858603,-0.010656036532750534,-5.698476055648997e-09,0.0039457598611623065
2024-11-28 13:00:00,-0.005376604630880122,0.0020094320768042685,1.5609266400209406e-08,-6.960743285533401e-05
2024-11-28 14:00:00,-0.009013887113015297,-0.008033406817756423,7.875216439907697e-08,-0.0062853882507209885
2024-11-28 15:00:00,0.0061466938490336385,0.003420579251580076,-7.76639822654483e-08,-0.00031517695313548196
2024-11-28 16:00:00,-0.0006145810495809569,0.011320079762822125,-2.1400423667451526e-08,0.0010604444879504023
2024-11-28 17:00:00,0.005177038636293992,0.0019599217252289523,-3.58671132909236e-09,0.003779493876435825
2024-11-28 18:00:00,-0.007823164766284805,0.0034131289269480726,4.399299308270705e-08,0.006482734247930375
2024-11-28 19:00:00,0.00018122284012835228,-0.0028369489566182748,-3.0835591455040927e-08,-0.00346587362199116
2024-11-28 20:00:00,0.006015149162882038,0.0046084543539894555,-4.817231003646797e-08,-0.006157466573086314
2024-11-28 21:00:00,0.009463878348737177,0.008146893934538614,-4.998959236942185e-08,-0.002197026353390028
2024-11-28 22:00:00,0.00041060478333815407,0.007078055554253296,1.3463642993724521e-08,-0.00507421914973506
2024-11-28 23:00:00,-0.0005917477748960151,-0.0032064595645066537,-3.645628617399557e-09,-0.0014040904452102703
2024-11-29 00:00:00,0.006335871320018062,0.0013432444254351656,-3.885749463208138e-08,0.007180254354481286
2024-11-29 01:00:00,0.01246645935767645,-0.00843132775091574,-3.126631701032506e-08,0.00027868223733879124
2024-11-29 02:00:00,-0.00016661313293732903,-0.011560082921342463,3.666111187572537e-09,-0.0010284691498342847
2024-11-29 03:00:00,-0.004438750736986522,0.0038353661209906157,6.634390063171403e-09,0.0008557543963214849
2024-11-29 04:00:00,-0.0011703351779664686,-0.00019209685433985594,4.8288772845464906e-09,0.0006515706644188953
2024-11-29 05:00:00,-0.004786191034800997,0.0029548855764350563,1.4821398716411734e-08,-0.00823908191843882
2024-11-29 06:00:00,-0.0147693494022277,0.005291810582448834,6.038035478374659e-08,-0.0048321712403060265
2024-11-29 07:00:00,0.005153003751075903,0.006767046072952298,-3.995939777858324e-08,-0.0018853567615643811
2024-11-29 08:00:00,0.0040684128967569755,-0.0012310653552129707,-1.6642546885103432e-08,-0.002791798300950987
2024-11-29 09:00:00,0.007590345576494708,0.0077692721364329975,-3.571096865642566e-08,-0.0018072338570734336
2024-11-29 10:00:00,0.006842312191647347,-0.008972851591300056,-1.4913942215246744e-08,-0.0023583610341284117
2024-11-29 11:00:00,-0.0017802432144714535,0.003198147287899337,7.531516650551283e-09,-0.005001415926506003
2024-11-29 12:00:00,0.012064419240306495,-0.007922975518344873,-8.877163712591173e-08,-0.0028184916135909825
2024-11-29 13:00:00,0.008490021627136178,0.015417877683418863,9.426375947600987e-09,-0.009720454489538212
2024-11-29 14:00:00,0.0007595118955842457,-0.021703750898268558,-3.102914700239879e-08,0.005420675469930239
2024-11-29 15:00:00,-0.004722699844397304,-0.005382614932097685,2.9827730423425326e-08,-0.0002717803137494843
2024-11-29 16:00:00,-0.000900429421590196,-0.00035861687871113323,-8.210817444418666e-08,0.00015564130807901289
2024-11-29 17:00:00,0.009035132882489826,-0.01742259210751352,-8.856149066547294e-08,-0.0022506245929408623
2024-11-29 18:00:00,0.004747906222207612,0.0030317131500837307,-2.651960736045138e-08,0.0009760628670157224
2024-11-29 19:00:00,-0.0011142376600746186,-0.0069786248894679785,-4.3218597712572474e-08,-0.00822573099451278
2024-11-29 20:00:00,-0.00010914009518252915,0.0013981548618097006,-3.780471349670608e-08,-0.006420495646528194
2024-11-29 21:00:00,-0.0050419662327348515,0.010303478837526789,6.043337479221155e-08,0.0048275842220035165
2024-11-29 22:00:00,5.6434603029764316e-05,0.020915013387832988,-1.7213893199164112e-09,-0.0012464331713415986
2024-11-29 23:00:00,-0.017492766482945447,0.012283624179622624,1.2642156897552323e-07,-0.004272904993226689
2024-11-30 00:00:00,0.0017319037274041698,0.009864662758495438,-7.021729769314107e-08,0.0030558882791509273
2024-11-30 01:00:00,-0.0021593374576000983,-0.00036355023368295393,4.2981803794114307e-08,-0.00028257805972192203
2024-11-30 02:00:00,0.008407218764527744,-0.0022384841648179525,-8.026887255837582e-08,0.0009827180556510194
2024-11-30 03:00:00,-0.0025668396645825487,0.0051815726413639695,3.780015644183524e-08,-0.0034808386972530977
2024-11-30 04:00:00,0.009258127391020237,0.0014923835679788147,-5.428918192037808e-08,0.0014282597409784905
2024-11-30 05:00:00,-0.004004807688250732,0.012069728806307817,-4.991865491929077e-09,-0.0010413993799626383
2024-11-30 06:00:00,0.011168538473047239,-0.0019437366900889028,-1.0869548498543845e-07,0.010117792977247348
2024-11-30 07:00:00,-0.00020488796837347538,0.0016660064111564152,1.7711359781448398e-08,-0.00029433317125689677
2024-11-30 08:00:00,-0.001154972441721484,-0.002757903137844973,-2.766804511162811e-09,-0.0004509818762044553
2024-11-30 09:00:00,-0.015629389259943727,-0.004705471431436253,1.0119792633848665e-07,-0.00261162258476139
2024-11-30 10:00:00,0.0005713572545717298,0.0028151293619448,-2.3568820617643484e-09,-0.0024578708456642934
2024-11-30 11:00:00,0.007527988824081441,0.0005783451618968084,-3.2243428514125795e-08,0.00880378510324554
2024-11-30 12:00:00,-0.005821693841842914,0.0008661577029748149,4.831927426195609e-08,-0.0012277456835192906
2024-11-30 13:00:00,-0.010857308823147246,0.01055449437792351,1.145219692106391e-07,-0.003029217317745633
2024-11-30 14:00:00,0.00876894320038448,0.008114475141194316,-7.435456648309721e-08,0.002983558267485169
2024-11-30 15:00:00,0.005137947994706833,-0.0068883725907878685,-2.1914309373928253e-08,-0.002696571566852816
2024-11-30 16:00:00,-0.0033517562776120987,0.008896657156913488,2.6563374714155287e-08,-0.0006407919294742554
2024-11-30 17:00:00,-0.001615617643282787,0.007387270627684837,4.2908567165235146e-08,-0.0038849216474944395
2024-11-30 18:00:00,-0.004651956815109936,0.00870518983123748,1.9397858266366514e-08,0.010052145155644022
2024-11-30 19:00:00,0.003913962801680172,-0.0037289451062706433,-4.039156657628475e-08,-0.000553587029105553
2024-11-30 20:00:00,0.0074435274883937995,0.003371571526566312,-9.103051088195548e-08,-0.00817619577579699
2024-11-30 21:00:00,-0.013360488547337663,0.006903609128835361,1.0864363802277543e-07,0.0017141547656773911
2024-11-30 22:00:00,0.0008233389992997852,0.00680952977313607,3.269156075303278e-09,0.004295806733218725
2024-11-30 23:00:00,0.006170764282531155,-0.040369501409584015,-9.43292015847339e-08,-0.006840636679373776
2024-12-01 00:00:00,-0.006848381101138448,0.014453059280271569,4.399929055388422e-08,-0.00013988605042105834
2024-12-01 01:00:00,-0.014210698232600443,0.0029977157103788506,1.1755221704365127e-07,0.0014424576666966884
2024-12-01 02:00:00,0.005732698096496244,-0.002052644296100635,-2.0143290140948367e-08,-0.00407563907021714
2024-12-01 03:00:00,0.006284099888505589,-0.01213496021102173,-3.180945386082458e-08,-0.005293887724092575
2024-12-01 04:00:00,-0.002811524467371853,-0.010956643015595706,2.433824475486052e-08,-0.0018590920699651616
2024-12-01 05:00:00,0.002458764117360391,0.0043469190849329915,-2.0178905479920683e-08,-0.0019812275962602546
2024-12-01 06:00:00,0.00047762565231366616,-0.0006684742324572698,4.310971295680477e-09,0.0018349234018782414
2024-12-01 07:00:00,0.0072417510225846,0.0014394114792781211,-3.4796233975170365e-08,0.004281030365163305
2024-12-01 08:00:00,-0.0034196396691848294,0.0026856167585972614,3.316722002268853e-08,-0.00026212387684165577
2024-12-01 09:00:00,-0.009962661377042338,0.007281892830732814,5.125013087887877e-08,0.005227467283031486
2024-12-01 10:00:00,0.004309843232092192,-0.0027373401421044233,-1.0428378340240283e-08,0.00017708979076870365
2024-12-01 11:00:00,-0.0039071336903997375,-0.0020203415161188214,7.332149543804103e-09,0.00015946204086263787
2024-12-01 12:00:00,0.004359791530141422,-0.004034348273276488,-3.947398269489948e-08,-0.01040457844188045
2024-12-01 13:00:00,0.0004980836741807697,0.006426821596584808,9.174222200177564e-09,-0.003185877127433813
2024-12-01 14:00:00,0.015379688701752034,-0.0171705368858011,-1.5928246277721109e-07,0.026894960175545674
2024-12-01 15:00:00,0.00907258898830161,-0.019045387450183106,-6.762715246629443e-08,-0.002232526927045623
2024-12-01 16:00:00,-0.003992779965758859,0.006230765052707585,4.210335635722435e-08,-0.002152562378466219
2024-12-01 17:00:00,-0.006584431289533502,0.015883473156325618,3.373355334649045e-08,0.0014699552256295593
2024-12-01 18:00:00,0.01472229962663765,0.01978999515779877,-1.1123380465182603e-07,0.020114075881976924
2024-12-01 19:00:00,0.014347708334396445,-0.016267427373255948,-1.3463000812792396e-07,0.004349078289957719
2024-12-01 20:00:00,0.026188524367813146,-0.03195765976283367,-1.6169989202339535e-07,0.0015996371047688129
2024-12-01 21:00:00,-0.007509991643903143,0.015503644113247724,4.1284375255684616e-08,-0.0005293165299573972
2024-12-01 22:00:00,-0.006320036624322379,0.027425358302533988,-8.3924261598909e-09,0.0040519555812149385
2024-12-01 23:00:00,0.015385676577530281,-0.0014104685301395067,-1.237543284227502e-07,0.004394193820979253
2024-12-02 00:00:00,0.011984440789129448,0.005000136276365986,-7.863615170906526e-08,-0.007452462383430047
2024-12-02 01:00:00,-0.00819476318171188,0.002600673592061409,2.8200992288975964e-08,0.006467647649559575
2024-12-02 02:00:00,-0.030444392151395074,0.013331916849906969,1.7556450680104385e-07,-0.002345501387106376
2024-12-02 03:00:00,-0.0045515243862459046,0.020974296172950636,4.75257084221378e-08,0.000546282736761
2024-12-02 04:00:00,-0.008248149685253559,0.010549410358135692,1.084314373038084e-08,-0.004372148946492342
2024-12-02 05:00:00,-0.00034343407097439053,0.0055836675042086,-1.0913716129419608e-09,0.0020205681484822707
2024-12-02 06:00:00,-0.014351450954396666,0.019153541402798166,9.285581644406084e-08,-0.000992618244838961
2024-12-02 07:00:00,-0.01765531144491673,-0.010601532738401418,1.3405367019730384e-07,0.009547432646748998
2024-12-02 08:00:00,-0.0026925645876618824,0.04189113564429723,5.74269953354213e-09,-0.0016084113454068664
2024-12-02 09:00:00,-0.01980403061133615,-0.018388319746077627,1.7717375344657237e-07,0.0008420677130766483
2024-12-02 10:00:00,0.0011700768756991607,-0.0020823795844365405,6.1007507702455436e-09,-0.003690906302857097
2024-12-02 11:00:00,0.006413922359115639,-0.00982069439264101,-4.2314400908850324e-08,-0.007171748231984279
2024-12-02 12:00:00,0.03308092599551052,0.006018465505477908,-2.333704982969836e-07,-0.009899817967471325
2024-12-02 13:00:00,-0.01305678666172138,0.02299806567280721,1.130105290104325e-07,0.005207538273927688
2024-12-02 14:00:00,0.011930900585749915,-0.008728493222894346,-1.1027530896406342e-07,0.004304220294591975
2024-12-02 15:00:00,-0.030647124776015455,0.020554810818818384,1.4279582181458173e-07,0.0030615241209598224
2024-12-02 16:00:00,-0.016998057945753747,0.013595529618769187,1.3690023270448719e-08,-0.005591462772288545
2024-12-02 17:00:00,0.025307216315988448,0.01627148033713362,-1.5425476938385769e-07,0.002134219654018803
2024-12-02 18:00:00,-0.006973050285844993,-0.001688559410875751,8.275105334742392e-08,0.014375274608381878
2024-12-02 19:00:00,-0.013284207270839168,0.026778384139182244,9.008132723574978e-08,0.007523661903333861
2024-12-02 20:00:00,0.005223771042989642,-0.005091060272315616,-7.559644379192564e-08,0.0022428873727836068
2024-12-02 21:00:00,-0.0029813897355236126,-9.756689287699434e-05,1.7512501260239474e-08,-0.0026548897742561476
2024-12-02 22:00:00,0.005460956402154339,0.0015569026947007483,-8.669746168587764e-09,8.845813610843153e-05
2024-12-02 23:00:00,0.0029351762213882166,-0.013027154343320165,-1.990561166091062e-08,0.0006031315952016718
2024-12-03 00:00:00,0.0025090311735191466,-0.0016756098413823746,-6.101861218205106e-08,9.418965503191203e-05
2024-12-03 01:00:00,0.005275888573620843,-0.0014740637479020641,5.483884916594118e-09,0.0007616502454489722
2024-12-03 02:00:00,0.0030453957567322712,0.005599203157089282,-3.774499397649151e-08,0.0003083618469014251
2024-12-03 03:00:00,-0.0005626166225131133,-0.007621749495998614,1.1378386177018186e-08,-0.0023052928562818527
2024-12-03 04:00:00,0.0027384301340787854,0.0030836952466908223,2.7783007741185514e-09,-0.003954248318866194
2024-12-03 05:00:00,-0.011592609804019237,-0.011301177085271686,8.35986989846496e-08,-0.002101899573866354
2024-12-03 06:00:00,-0.002384470710432128,0.009529899679728407,1.697153134034674e-08,0.002441148739346841
2024-12-03 07:00:00,0.005290331129846091,0.0027141565184029973,-7.687709152217035e-08,-0.0035619907980345756
2024-12-03 08:00:00,-0.0023853825802010093,-0.005213071305348467,1.0935401913348495e-08,0.0031101571729180394
2024-12-03 09:00:00,-0.015880083239357454,-0.0035931167263081164,1.0270696424940774e-07,-0.0024278333704414908
2024-12-03 10:00:00,0.0050715734987815085,0.03016999780286616,-9.255257969436982e-08,-0.005117542602582063
2024-12-03 11:00:00,-0.007362353720832278,0.002844025198709136,4.566728504491888e-08,-0.005825131861616912
2024-12-03 12:00:00,-0.045679446235021355,-0.016669250101074683,3.698059232342144e-07,-0.012963342781642939
2024-12-03 13:00:00,0.01120981085264272,-0.0027609766391106035,4.6351369271721973e-08,-0.0015631547300936602
2024-12-03 14:00:00,-0.001555599077755116,3.9134209262958905e-05,1.0581531618614149e-07,-0.004194234791020298
2024-12-03 15:00:00,-0.0019906659442737932,-0.005515552269873106,-7.178099889758838e-08,0.0026901574137831964
2024-12-03 16:00:00,0.014299027760152435,-0.0007602453345140727,-7.348222408978983e-08,-6.464715048491699e-05
2024-12-03 17:00:00,0.019658167030993753,-0.018481517286477105,-2.0373207302674357e-07,-0.0031304543435346738
2024-12-03 18:00:00,0.0014624244314963312,-0.008895828240995603,-1.7753368106629618e-08,0.0009021848529527511
2024-12-03 19:00:00,0.009823633183324769,-0.009280845908108506,-8.591026419218046e-08,0.005986651230923211
2024-12-03 20:00:00,0.023855486263296408,0.007673282109177821,-1.9627373216087234e-07,-0.008717764042720982
2024-12-03 21:00:00,0.023204361384800497,-0.026053536210673352,-2.1020260229966997e-07,-0.00253262222229984
2024-12-03 22:00:00,0.0010044625593475763,-0.01961918747383656,-2.318750438320966e-08,-0.0031984454047103684
2024-12-03 23:00:00,0.020698306723378915,-0.022566160563781665,-2.3713048703383163e-07,-0.006952134739933261
2024-12-04 00:00:00,0.01574611419949135,-0.011334525099505539,-1.26931402670735e-07,-0.0033311890829053692
2024-12-04 01:00:00,-0.021626225358076408,0.008918189815907673,1.8910710699905941e-07,0.00920890449901998
2024-12-04 02:00:00,0.011551497353439025,-0.0025375973150856563,-1.1680391921981741e-07,0.0010478725687465924
2024-12-04 03:00:00,-0.0005267145237397228,0.010997707872449986,2.523988044642462e-08,-0.0002649444111009148
2024-12-04 04:00:00,0.012704363387401274,-0.00793041890738976,-7.761293602673477e-08,0.0018413730185276008
2024-12-04 05:00:00,-0.004154256304398124,0.006753217723017326,4.961203759754151e-08,-0.000593428124537614
2024-12-04 06:00:00,0.00433681650875773,-0.0013521090306447586,-3.701938814478289e-08,-0.00015020746719777184
2024-12-04 07:00:00,-0.0009490368006212608,0.0004291227793801104,2.141022778735526e-08,-0.00392874717971719
2024-12-04 08:00:00,-0.0019728026584893083,0.00646868907808982,3.6526228825909804e-08,-0.007546599100351087
2024-12-04 09:00:00,0.01319669580609252,-0.01147775626494403,-1.812208188223255e-07,0.013279209899868681
2024-12-04 10:00:00,0.003139113768949678,-0.010461201327171425,-5.91526770134741e-08,0.0019981728870519595
2024-12-04 11:00:00,-0.0005756874657246959,-0.008508161184486036,3.301990802678269e-08,0.009066459334346086
2024-12-04 12:00:00,-0.0025697959440729398,0.008335485749243652,4.289229541192675e-09,0.002076137393069437
2024-12-04 13:00:00,-0.007150229493795622,0.032159420004720815,1.2937028443282076e-07,0.0038202528740136697
2024-12-04 14:00:00,-0.004663352013049655,-0.002871968145853284,4.4013894875889215e-08,-0.0016560381546141727
2024-12-04 15:00:00,-0.023136957782719503,-0.024322103377704463,1.561447675546262e-07,0.004068740378983908
2024-12-04 16:00:00,0.011353006036767602,0.009506451937567386,-3.9499008932308404e-08,0.000261148333042176
2024-12-04 17:00:00,0.005629229381851906,0.0023863757198894124,1.0000122437379527e-08,-0.0019442722826506363
2024-12-04 18:00:00,0.017193093836719752,-0.019461626269544674,-3.2833132670358e-08,-0.002496919393066611
2024-12-04 19:00:00,-0.023649007363753808,0.023987781845840286,2.0285023006641525e-07,0.013413217312814491
2024-12-04 20:00:00,0.005189466062582067,-0.009819198022539067,-1.3964408748369017e-07,-0.0013705133204261813
2024-12-04 21:00:00,-0.010527859244485564,0.008228489597940977,1.4612639245906903e-07,0.0019155753927257149
2024-12-04 22:00:00,0.021215491025482047,-0.03906108907504553,-1.8180944737727199e-07,0.0019195580744030731
2024-12-04 23:00:00,-0.021536185435356302,0.009763364535446168,1.9149821286729468e-07,-0.00041290969842033994
2024-12-05 00:00:00,-0.02012698702520032,-0.013962298886460615,1.6394357519299492e-07,-0.008292304844662915
2024-12-05 01:00:00,0.03158951229902032,-0.0005181187325614152,-1.7622184613158627e-08,0.00027625975012101527
2024-12-05 02:00:00,0.02083340853070071,-0.04140645973024419,3.3295283920946864e-08,-0.005269757458885483
2024-12-05 03:00:00,0.04250827191059045,-0.041847995751372706,-4.2147386814435784e-07,0.003292879501067039
2024-12-05 04:00:00,-0.01759601178689755,0.01868897595771763,9.558212283466748e-08,-0.0017069268994974725
2024-12-05 05:00:00,-0.022275294328498577,0.03747659515708864,1.3608645347278049e-07,0.0002441942465074347
2024-12-05 06:00:00,0.011484507478576914,-0.0046583069497992185,-1.8839097119122196e-08,0.003105771140966493
2024-12-05 07:00:00,-0.010423461564469631,0.035983552564850606,1.0449902850353866e-07,-0.0012244276354361394
2024-12-05 08:00:00,0.010356854422804443,-0.014484748323974632,-1.1556587086671631e-07,-0.0016609144040598456
2024-12-05 09:00:00,-0.0015602403434191035,0.005546483697654448,-4.3634546401127217e-08,-0.0007795672297798287
2024-12-05 10:00:00,0.031333445722607614,-0.03719203562815001,4.387247626212037e-08,0.015127185650619166
2024-12-05 11:00:00,0.0008861755013638407,-0.009536999772107702,1.312790528735276e-07,0.006704914573769995
2024-12-05 12:00:00,0.002408032470115226,-0.009715761646970054,-2.1018091918150756e-08,-0.0003810901472167127
2024-12-05 13:00:00,0.001874731688232478,-0.014581631582832374,7.297533751665752e-08,-0.0011513071527414994
2024-12-05 14:00:00,-0.027679551871859498,0.04627505832648379,-3.4935001527729033e-08,-0.0011957175476995795
2024-12-05 15:00:00,-0.020162279723489086,0.027796757977919848,-1.0443694292772777e-09,-0.008855559367916474
2024-12-05 16:00:00,0.008969839889492338,-0.014004965482935325,-5.17661931280573e-08,-0.001893615019723264
2024-12-05 17:00:00,-0.014743032282991017,0.005423445122264644,6.507167631493315e-09,-0.0034108878570145093
2024-12-05 18:00:00,-0.00866315212824923,-0.011687359175374019,1.124379697884724e-08,0.0008864555897382183
2024-12-05 19:00:00,0.008551642581148853,-0.014172399894208283,-9.442897012650656e-09,0.002241780452594275
2024-12-05 20:00:00,0.004435778613026861,0.007330487820734225,-6.596193177681208e-08,0.0019096548237404495
2024-12-05 21:00:00,0.007878369347812988,-0.028864325679733044,-2.263190463458388e-07,-0.0006276045504659544
2024-12-05 22:00:00,0.009811292075039089,-0.03480796747260469,-2.3595900716344564e-08,-0.004072177858648798
2024-12-05 23:00:00,0.028898210313540503,-0.012793660916493078,-2.0160445534807458e-07,-0.0008664616220330562
2024-12-06 00:00:00,0.02253270184303667,-0.015413681012746039,-4.876054467733551e-08,-0.006565275557609906
2024-12-06 01:00:00,0.013988579268307155,-0.008750730540191232,-5.9017165057753626e-08,-0.00560784961923271
2024-12-06 02:00:00,-0.005208262420050928,0.007837284287549092,3.1889550674788015e-08,0.0009495750024046555
2024-12-06 03:00:00,-0.0035831389885517878,0.025570328799075476,7.55093335532692e-08,-0.006137133577754657
2024-12-06 04:00:00,-0.0037287632302045195,-0.015548675055411963,3.4742951107719835e-09,0.005777918073197611
2024-12-06 05:00:00,-0.002019121294375999,0.009411456021084778,4.742144840849611e-08,-0.0027128283118922685
2024-12-06 06:00:00,0.00195240845670926,-0.011748596815888603,5.2980316665222364e-08,-0.0018113212883126908
2024-12-06 07:00:00,-0.011176431599571721,0.004051387205988746,1.6473257052479107e-07,-0.005197109772084871
2024-12-06 08:00:00,-0.016625520912548507,0.0035064757730570314,1.5239385073299867e-07,-0.00451359749027971
2024-12-06 09:00:00,0.0079105000268321,-0.00538170457725402,-4.818362903197319e-08,0.003094274669200763
2024-12-06 10:00:00,-0.007184018501602215,0.007457021286480981,3.602456202557075e-08,-0.00019954958484196987
2024-12-06 11:00:00,-0.014711466396331164,-0.004089653566387098,1.0909799931071515e-07,-0.003873375891900489
2024-12-06 12:00:00,0.008679501457313724,0.004617093256445369,-2.4062035627813808e-08,-0.002695405424829004
2024-12-06 13:00:00,0.015710565293230398,0.0048457567185834815,-7.657887538866437e-08,-0.0030266964711222343
2024-12-06 14:00:00,0.00731059545869319,0.0025944529181909886,-7.667780862014282e-08,-0.0028496294417364263
2024-12-06 15:00:00,0.01715199445240617,0.0026403074310237073,-1.900244670180155e-07,-0.00717738093909985
2024-12-06 16:00:00,0.01157310316358524,0.008097338042600792,2.440257423540109e-08,-0.006586429707295851
2024-12-06 17:00:00,-0.0029762957436307415,0.008047580934396052,3.2083278959182796e-08,0.0012960119235954541
2024-12-06 18:00:00,-0.004162501519932287,0.003048216473695418,-2.4862540141927247e-08,0.006586156933594935
2024-12-06 19:00:00,-0.0038659226403423386,0.0038135939419034048,8.73453767543027e-09,0.0008074384559754444
2024-12-06 20:00:00,-0.004916003363351795,-0.005164160880349688,-2.5358454712118754e-08,-0.0015904493722426992
2024-12-06 21:00:00,0.008323665191133393,0.0325266166488437,-5.3559813226663497e-08,0.014492112175441784
2024-12-06 22:00:00,-9.599857182389024e-05,-0.004320446574193324,-2.700826448579627e-08,0.0020579970410865324
2024-12-06 23:00:00,-0.005900547267172345,-0.0027538488575045146,8.914248514569689e-09,-0.006385552544775923
2024-12-07 00:00:00,-0.0009825931506980334,0.002442190619168607,-6.726184260150288e-09,0.0017461090020856028
2024-12-07 01:00:00,-0.004916344879737413,-0.005470602939344705,-7.437202836593872e-09,-0.006565413515151544
2024-12-07 02:00:00,-0.005733255884883957,-0.0028984960914112258,-3.945728899473846e-08,-0.006075523840150492
2024-12-07 03:00:00,0.0006931811890845286,-0.011950370875553833,-1.7679708781867185e-08,-0.010513974820625598
2024-12-07 04:00:00,0.0011192050579714044,-0.004333516564918843,-1.7869745303778148e-08,0.0012942993781226064
2024-12-07 05:00:00,0.00681601367195936,-0.002785693542358581,-4.777517746841477e-08,-0.003345274147315436
2024-12-07 06:00:00,-0.0009958164537006474,-0.00593481570728332,1.9180607417509123e-08,0.007201011480329055
2024-12-07 07:00:00,0.00046704578645902087,-0.004158798611955562,2.764635657910723e-08,-0.0014421199092763814
2024-12-07 08:00:00,0.010713431807315037,-0.010976517204890908,-4.8736489131361424e-08,0.003293490303914201
2024-12-07 09:00:00,-0.0018380056320216748,-0.0008467743078670121,-7.830731193327949e-09,0.0023136772895155735
2024-12-07 10:00:00,-0.002171960842275212,0.007862598170015002,-7.264160664144711e-09,-0.00024218781677748537
2024-12-07 11:00:00,-0.0030626446607956246,0.005285424028419583,-2.671159597246974e-08,0.002435943262605635
2024-12-07 12:00:00,0.0030011566029179227,-0.003053535654265161,-2.6399796143920863e-08,0.0027795967222527733
2024-12-07 13:00:00,0.015693472558666776,-0.01842259458249175,-5.736759952424799e-08,0.0034378010891599644
2024-12-07 14:00:00,-0.002279070669592432,0.012787254226832611,-1.5045724079577997e-08,-0.0007110593223996918
2024-12-07 15:00:00,0.00816002084936085,-0.016238352060373433,-1.5454199246099984e-08,0.0007517159727691796
2024-12-07 16:00:00,0.0020221495019465954,-0.015201151549034328,6.07785659857724e-08,-0.0020237562647410948
2024-12-07 17:00:00,-0.0005430554237644963,0.010308315798278874,3.021320395714408e-09,-0.0034221085291154495
2024-12-07 18:00:00,0.0031423167243526725,-0.004476636539488092,-2.647328474567702e-09,-0.004012865367593325
2024-12-07 19:00:00,-0.008218038044247755,0.010376104154655513,6.595572619793071e-08,-0.007049263832847956
2024-12-07 20:00:00,0.001988464890264082,-0.008421629221560653,-1.9415901458680532e-08,-0.0003687548658008014
2024-12-07 21:00:00,-0.011592050612992184,0.011853443069383844,3.119465503094362e-08,0.0009539355064022306
2024-12-07 22:00:00,0.0019431889362006094,0.008477015563427176,-3.0562188639058836e-08,0.0022457866700439093
2024-12-07 23:00:00,-0.004387626848337024,0.009059009425947676,3.1144739848446242e-09,-0.004905455784806951
2024-12-08 00:00:00,-0.0007733849880111217,0.0019759704218079975,-2.2573217506260197e-08,-0.007006606894967926
2024-12-08 01:00:00,0.006004442339240785,-0.007258205904061476,3.5196454197175966e-09,-0.0001562821252162024
2024-12-08 02:00:00,0.004623811650335329,-0.005199425921406755,-4.297110658574709e-08,-0.002809953629888365
2024-12-08 03:00:00,-0.007431462787065075,0.0025134441908261367,5.416025156717343e-08,0.00656927311997445
2024-12-08 04:00:00,-0.008812660409552593,0.004005077532130984,4.340823464173362e-08,-0.001906060179489348
2024-12-08 05:00:00,0.00258097560813069,0.004886083270062322,-3.114721865287941e-08,0.0015197537324568757
2024-12-08 06:00:00,-0.0038700380764803265,0.004999378434320373,1.4973632082531817e-08,-0.001080336910690293
2024-12-08 07:00:00,-0.012179908678554714,-0.003447532080411079,6.695173286794804e-08,0.005290179401760337
2024-12-08 08:00:00,-0.005554710634821146,0.007232301311274045,2.0833293370926044e-08,0.002046103097806398
2024-12-08 09:00:00,0.0065498762557835224,0.011875551285454368,-8.250269247847633e-08,0.001343173679941192
2024-12-08 10:00:00,0.0038779887988653512,0.004230850844179407,-1.446843077168143e-08,-0.00011105606523318916
2024-12-08 11:00:00,-0.00114588687948383,0.006456777823751033,-2.522319489063889e-09,0.0014521925839329818
2024-12-08 12:00:00,0.009209014778812526,0.0031454770070847367,-2.2164447854061762e-08,-0.0059618201957056536
2024-12-08 13:00:00,-0.01026355549029662,-0.009465752990367102,6.238284386983375e-08,0.0024498606226648063
2024-12-08 14:00:00,0.007479067199827069,-0.006184305307004387,-3.140143454921121e-08,0.00033021901133157677
2024-12-08 15:00:00,-0.0066779695652986505,0.0045503551084824356,2.959884332101535e-08,0.004079895981647486
2024-12-08 16:00:00,0.0029802597112129252,0.003224399078513372,-3.568075396356757e-08,0.0006602580642084811
2024-12-08 17:00:00,-0.00784447253142399,0.0008027816505473246,4.9318960541705807e-08,0.002671763359320938
2024-12-08 18:00:00,0.004959859352465535,-0.005144332319769667,3.6945747096284033e-09,-0.004015346353342674
2024-12-08 19:00:00,-0.006929609502100594,0.0038697648479233846,2.4777062980127136e-08,0.0008293148800770043
2024-12-08 20:00:00,-0.00233437794849146,0.0047637314573488725,-4.2028176706669e-09,-0.008954305588976847
2024-12-08 21:00:00,0.0009165822046700092,0.004188790179571538,-2.1392960329549413e-08,-0.007878549454305682
2024-12-08 22:00:00,0.0026403407369954574,-0.0029837021106835205,7.555872838552926e-08,-0.0009983672073434198
2024-12-08 23:00:00,-0.022541714453614865,0.0011771416156727717,5.482592920886826e-09,0.010719087591491996
2024-12-09 00:00:00,-0.008954737601797668,0.0018218722886742952,5.129031131824951e-08,-0.003384946908429191
2024-12-09 01:00:00,0.008828883870853965,0.0036260600840734097,-8.416718631485874e-08,0.01223612778898236
2024-12-09 02:00:00,0.00016078480596868477,-0.007886587870981754,2.406571795435283e-08,-0.0005447705091254282
2024-12-09 03:00:00,0.002954030356057048,0.005713779058287956,-1.4319814236965931e-08,0.0020406700938739044
2024-12-09 04:00:00,0.0013389193458366176,0.000463145497336338,-1.602845917178179e-08,-0.0008959017951110624
2024-12-09 05:00:00,-0.007962279217936553,-0.010155683405012841,9.52388385830034e-08,-0.0024344213879915165
2024-12-09 06:00:00,0.00601028927831897,-0.011940642216852978,4.857210146815669e-08,0.00018423182959150699
2024-12-09 07:00:00,-0.028148498498500596,0.006410008838367546,1.6842133314855138e-07,0.005171512754084148
2024-12-09 08:00:00,0.005144050187523877,0.00045968826455367935,-1.0444228054735742e-07,0.0028569923259866834
2024-12-09 09:00:00,0.006700103808051585,0.0033138464862638075,-5.260806313281026e-08,0.000881143793615772
2024-12-09 10:00:00,-0.012558597488338579,-0.011938987909255771,1.1524556389061234e-07,0.002410556812558701
2024-12-09 11:00:00,0.008745788950875867,0.0029741110054900956,-5.24501647657827e-08,0.0002999084607403167
2024-12-09 12:00:00,0.009700673027769155,0.004759021319018029,-7.733115144855402e-08,-0.0005371897867690555
2024-12-09 13:00:00,0.0007120219785243,0.008075205184224405,6.008212288794762e-08,0.0031484018105481966
2024-12-09 14:00:00,-0.012193086401792591,-0.004802503961846701,-1.918892539915354e-08,-0.005980740453907773
2024-12-09 15:00:00,0.00823629494552158,-0.012891649204519164,-1.8604871900836303e-08,-0.00010263735729113392
2024-12-09 16:00:00,-0.006432201881683756,0.0016851280559954654,4.275150876539809e-09,-0.0009149284161741176
2024-12-09 17:00:00,0.005730103821210925,-0.0010203876042657579,-5.34383753724632e-09,0.0009495361806910621
2024-12-09 18:00:00,-0.009908189487139684,0.004044882681017021,3.303658117111183e-09,0.0010679643844233324
2024-12-09 19:00:00,-0.040333200021098574,-0.005996924311145262,2.3643079057096944e-07,-0.03076294857554304
2024-12-09 20:00:00,0.007800147358633186,-0.008903773324326902,8.470679440870253e-08,0.008089403025499445
2024-12-09 21:00:00,-0.00710442774162216,0.007760545216520494,5.664815534631427e-08,-0.0017175049115438503
2024-12-09 22:00:00,-0.01052951814503968,0.0159798559981261,9.390630292734899e-08,-0.0017386327281883936
2024-12-09 23:00:00,0.006665810202040459,0.010894051047805407,-3.1810613129721216e-09,-0.004991458778929389
2024-12-10 00:00:00,-0.0004251335658200972,-0.01016338013466871,2.8673189033766137e-08,0.0016397569494139795
2024-12-10 01:00:00,-0.027428819134427955,0.013604402464273907,1.8090690936725147e-07,-0.005737549811553206
2024-12-10 02:00:00,0.013713984715801281,-0.011861235370068704,-8.315789371754422e-08,0.0018665669139592055
2024-12-10 03:00:00,-0.0040071235979424955,0.023960049624986827,-3.501081704478954e-08,0.003469764482250181
2024-12-10 04:00:00,-0.0173751643705518,0.02759882510229868,7.727260594924579e-08,0.0051898093637351116
2024-12-10 05:00:00,0.01595273152454198,-0.004678879561463246,-9.785874462663372e-08,-0.0018044842670452406
2024-12-10 06:00:00,-0.0031294845334192112,-0.0033667122356029677,1.3268456388268968e-08,0.00039089348107083845
2024-12-10 07:00:00,0.00025131012071820456,0.0018050298947781865,1.5157065767263248e-08,0.00026948163372018496
2024-12-10 08:00:00,0.0018289626223904974,0.009932206163117761,-3.871966835006583e-08,-0.0022646905569461413
2024-12-10 09:00:00,0.004453399399055305,0.001815207729113638,-2.9704841312992312e-08,0.002746883633160629
2024-12-10 10:00:00,-0.005473360633892433,-0.008271466415238895,8.291785813233285e-08,0.0006654933096725105
2024-12-10 11:00:00,-0.03766469662695236,0.011806608135255489,3.0019597344454375e-07,-0.000679573330323842
2024-12-10 12:00:00,0.00750740242774307,-0.01232611588735667,7.853202218259184e-09,-0.003375581259624537
2024-12-10 13:00:00,0.013020867445206193,-0.02922737819747839,-5.702347357486439e-08,0.0017017352330595027
2024-12-10 14:00:00,-0.06601470113275099,0.06584773358843457,2.836901238717516e-07,0.005617821185749298
2024-12-10 15:00:00,0.024885199660459708,-0.036592955177085495,-1.1597420920845368e-07,-0.0010791321078227776
2024-12-10 16:00:00,-0.04547945890371421,0.07323446031497019,2.073521866720458e-07,0.014803339522804153
2024-12-10 17:00:00,0.016360407465502186,-0.021798083467254897,-1.422272884405793e-07,-0.004783073631532909
2024-12-10 18:00:00,0.04387010872708499,-0.029490672627893268,-4.53213771906533e-07,-0.02370597327509877
2024-12-10 19:00:00,-0.04057658590320308,-0.008767449853432703,4.0208196123630835e-07,0.019698983922258686
2024-12-10 20:00:00,-0.0018985108725740173,-0.019029067205675564,6.69888159838516e-08,0.003041630448807584
2024-12-10 21:00:00,0.0031836910703146866,0.014034593812818937,-5.258718087903203e-08,-0.0006360034863828127
2024-12-10 22:00:00,-0.004254732472343922,-0.014225988172703203,1.5280689054625578e-08,0.0022374428805705462
2024-12-10 23:00:00,0.005654726296645443,0.011698011852789087,-4.5180057829087456e-08,-0.006387425537406342
2024-12-11 00:00:00,-0.02563668114092519,0.01965833069033501,1.6808229314559457e-07,-0.0008157722314742065
2024-12-11 01:00:00,0.02475005634865704,0.007423533196324716,-1.1734822130326368e-07,-0.0021678810646201343
2024-12-11 02:00:00,0.0011087796900541825,0.023869602758659417,-5.3802240394856146e-08,0.0019935673124428016
2024-12-11 03:00:00,0.0017116763996739338,0.018767886701747442,-1.2661819803530336e-08,-0.0035307350319559185
2024-12-11 04:00:00,0.0013127337600236377,-0.028619582381846,2.512009216807523e-08,0.0010006729420477549
2024-12-11 05:00:00,0.002772416329288305,0.0022893318835084516,-8.830342384316353e-09,0.0016428425622110475
2024-12-11 06:00:00,-0.013265202496244397,0.03903326457670257,4.729415862992136e-08,0.0008022494703409087
2024-12-11 07:00:00,0.022708690588124268,-0.03180338791210966,-1.208983920656671e-07,-0.001987087215229026
2024-12-11 08:00:00,0.0016627752540140303,-0.0031447013992746357,-2.8183913249851993e-08,0.0007722202528747576
2024-12-11 09:00:00,0.008755074857950072,-0.02934328465290493,-2.808297958385088e-08,-0.0029926257773202386
2024-12-11 10:00:00,0.014212544718527387,-0.05145745390990003,-7.002804804098434e-08,-0.011040306145693774
2024-12-11 11:00:00,-0.02663473834460592,0.20272824800817243,1.2169814530157915e-07,0.07297866715375712
2024-12-11 12:00:00,0.0038544402162319046,0.02527382117883036,-2.963199552164724e-09,0.004216568856418409
2024-12-11 13:00:00,0.010086979869828866,-0.02144792746810488,7.898179846544497e-09,-0.00024041872502934619
2024-12-11 14:00:00,0.008920999995937987,-0.019739411168203946,2.5173879792913496e-08,-0.001531316934977172
2024-12-11 15:00:00,-0.0007135922429844254,0.024095880214909448,9.397114212869505e-08,-0.011326794510237088
2024-12-11 16:00:00,-0.013108733879272754,0.026072476397591773,1.8232939605416874e-08,-0.0002825706341984533
2024-12-11 17:00:00,0.015011917527562885,-0.0356160015027885,-3.0881077090505654e-08,0.0021299307110908376
2024-12-11 18:00:00,0.006422536344388195,-0.012709003939238002,2.723423058479423e-08,-0.000636668206211471
2024-12-11 19:00:00,0.0015031558312279842,-0.006577939756915031,1.0911721897529868e-08,-0.00034810523047932543
2024-12-11 20:00:00,-0.001400081726122722,0.0012591718379996084,2.747470630416375e-08,-0.002289765120918887
2024-12-11 21:00:00,-0.001305886894700108,0.024758838565098598,-5.820363351838703e-08,-0.0008795353391795536
2024-12-11 22:00:00,-0.007219923785927783,0.046632234555003,1.3232579577801975e-08,0.002121116872159431
2024-12-11 23:00:00,0.001697800490227326,0.011248255021662172,-1.5988324152861936e-08,0.005396687622456666
2024-12-12 00:00:00,-0.011858495922001317,0.04748498820851576,-4.556544298176151e-08,-0.005215468832389864
2024-12-12 01:00:00,0.06994929676028194,-0.06727434848053264,-1.8623442349833762e-08,0.03628388255124579
2024-12-12 02:00:00,-0.0030318416381755657,0.06080466674261945,-1.4150925101338395e-07,0.0020117252932383397
2024-12-12 03:00:00,0.006302046821415424,-0.11672926224471643,1.3708308677010047e-07,0.010457854482801699
2024-12-12 04:00:00,-0.0031621549091235086,0.09434188699778998,-1.2355814934872393e-07,0.00090295924822907
2024-12-12 05:00:00,-0.0028808864743512155,0.020255947576284558,-1.0053105447367202e-08,-0.0005423201016406969
2024-12-12 06:00:00,-0.0062538028150149845,0.0052036128822289945,5.1235985913828015e-08,0.0016252762180227604
2024-12-12 07:00:00,0.00731398225518447,0.014386710085871359,-3.8793243945191417e-08,0.005575592673981889
2024-12-12 08:00:00,-0.0026609054852463677,0.008192151118782135,-1.8683478487439373e-08,0.004887707919380579
2024-12-12 09:00:00,-0.006794036181611132,-0.012135483916333003,7.263093792688111e-08,-0.0016248553589775102
2024-12-12 10:00:00,-0.0004693346163432543,-0.013948659066614221,4.147331866982621e-09,0.0010854892594941105
2024-12-12 11:00:00,0.014469783487406563,0.008932581032088237,-1.1194808105191423e-07,0.0018956314137704103
2024-12-12 12:00:00,-0.006739011851355704,-0.039557847710438326,1.5508219397522815e-07,-0.002436283418078223
2024-12-12 13:00:00,0.008475491713867885,-0.04540084510058403,8.856959732341286e-08,-0.0039751012687087245
2024-12-12 14:00:00,-0.005632878470572346,0.02102598176874093,-1.008170874583281e-09,0.0034602363741570454
2024-12-12 15:00:00,-0.0007831198967074484,0.006326816383286656,-2.5118212506985084e-08,-0.0020579474462662185
2024-12-12 16:00:00,0.005277166811177351,0.0038112315961374445,-4.2370756829783556e-08,-0.0033954143839982805
2024-12-12 17:00:00,-0.00690622199547852,0.03272978375786423,-7.416772981647647e-08,-0.00582814414024815
2024-12-12 18:00:00,-0.02261526694983403,-0.01772184610007235,7.343103367183448e-08,-0.0073922333724595595
2024-12-12 19:00:00,-0.05162946318476907,0.013099948145219175,-4.0836390756904513e-08,-0.03632617404394252
2024-12-12 20:00:00,-0.005795153968764735,-0.0011307887643268134,4.837333324471264e-08,0.0017666906812316215
2024-12-12 21:00:00,0.012340252934279872,-0.06462886681550059,1.264291507696532e-07,0.007747615623866785
2024-12-12 22:00:00,-0.004399758576727976,0.03996551031840712,-8.63899262677563e-08,0.003970966047528231
2024-12-12 23:00:00,0.003810653304178393,-0.016598721326189437,-5.145647503651694e-10,-0.004585822475905804
2024-12-13 00:00:00,-0.0043962714368428815,-0.013958579448019938,-1.6450167756680569e-09,0.00048152404962665765
2024-12-13 01:00:00,0.015039475631996509,-0.006693056389724311,-1.386135714968371e-07,-0.011564119503858737
2024-12-13 02:00:00,0.0008618616865211886,-0.004147168356575689,2.0826169254679492e-08,0.001647069030731794
2024-12-13 03:00:00,0.0011820474428295502,-0.007057182949160566,7.608515658755615e-08,-0.006396617797162114
2024-12-13 04:00:00,-0.0027376157531387264,0.005284326022049828,-9.24607564365981e-09,0.0018406685366270433
2024-12-13 05:00:00,-0.007565948001244285,-0.013651601827207116,9.395040934415563e-08,-0.001437080556227778
2024-12-13 06:00:00,0.0032270105071545256,-0.006092188181762196,1.7729854817573923e-08,0.0018335644740183096
2024-12-13 07:00:00,0.008300378215214696,0.003966384017355637,-9.397896465545241e-08,0.0035876570911956046
2024-12-13 08:00:00,-0.006176384870699958,0.0013027100482409532,3.881551517056332e-08,0.001480725600914696
2024-12-13 09:00:00,0.003029794765949262,0.005341447869576909,-2.396828524583908e-09,-0.00102004470310402
2024-12-13 10:00:00,-7.623453969279957e-05,-0.0038155984215584885,-1.0025506555053225e-08,0.002043751880483186
2024-12-13 11:00:00,0.003804849036471751,0.0125056721109961,-7.294898969552211e-08,0.004297001722034034
2024-12-13 12:00:00,-0.005727971387119908,-0.018568854028450467,9.795497300982533e-08,0.007244355967950998
2024-12-13 13:00:00,0.0029498567245899894,0.021214957413372346,1.7407951674903955e-08,0.004575950362604096
2024-12-13 14:00:00,-0.013851227530631737,-0.03248554436079106,8.412170337401849e-08,-0.0007408354098867196
2024-12-13 15:00:00,0.008171820713646541,0.011256625114747013,1.986460924742297e-08,0.00180655695166635
2024-12-13 16:00:00,0.008292763735370598,-0.01237462132835319,1.4687643545327743e-08,0.0007059812188822928
2024-12-13 17:00:00,-0.0036375032383305166,-0.0076335640014040555,7.268598374262972e-08,-0.006975605797459181
2024-12-13 18:00:00,0.005267144831532746,0.02112324760324863,-1.0444660836083546e-07,0.0061677121749957355
2024-12-13 19:00:00,-0.0003859041991672203,0.01891943150546566,-7.891274086040947e-09,-0.000496185145640774
2024-12-13 20:00:00,-0.002599917296479357,0.0004152559564447123,-1.0862513507927487e-08,-0.0014398424907640843
2024-12-13 21:00:00,0.00355359326623052,-0.012506651946153646,1.9510212997970597e-09,0.005811863764275132
2024-12-13 22:00:00,0.006320855390001621,0.012445677313728688,-5.089617232515413e-08,0.0037247796709750226
2024-12-13 23:00:00,0.0028953696787296463,-0.03292450812061859,3.689389295055604e-08,0.0061504041391215215
2024-12-14 00:00:00,0.004359996025733983,0.00034091894167504925,3.728422737357064e-08,-0.0007149509340057812
2024-12-14 01:00:00,0.0016725513193814067,-0.0012891035700988973,-1.2761067758227208e-08,-0.008299103699770265
2024-12-14 02:00:00,0.006134788172965258,-0.018111525586894283,-2.8275918664581863e-08,-0.004306386992518122
2024-12-14 03:00:00,0.00046619187065882446,-0.008556530199710805,-2.822085344612906e-08,0.0013289370054966726
2024-12-14 04:00:00,0.00027702473594710345,0.04319106921853759,-2.6880519088952836e-08,0.010520430360457581
2024-12-14 05:00:00,0.0007985664299427272,-0.013129207349705555,1.9363650121582982e-08,-0.00650025303353356
2024-12-14 06:00:00,0.00037589114199702736,-0.009288146767039158,3.5473674528723776e-09,-0.00025445628089120745
2024-12-14 07:00:00,-0.005204017513679981,0.0017978113168143042,3.975530071313205e-08,-0.006289703850244129
2024-12-14 08:00:00,-0.0058642749060986935,-0.0003603002183286358,1.677428478150051e-08,-0.010212060825373953
2024-12-14 09:00:00,0.00036197964137594726,-0.014443760551687224,3.55111707165278e-08,0.004646306940932603
2024-12-14 10:00:00,-0.003127346751689607,-0.011321800005068126,4.8627326284138586e-08,-0.0013122831875980413
2024-12-14 11:00:00,-0.006093872323033299,-0.01698926489116273,6.333548262237307e-08,0.0016852904162467305
2024-12-14 12:00:00,-0.005691597525380997,-0.007628655643816658,5.931739895429696e-08,0.00046845591909517155
2024-12-14 13:00:00,-0.0004063647381005713,0.0026137725424628354,1.0319544742851161e-08,-0.008077142102695322
2024-12-14 14:00:00,-0.0002552331629123131,-0.0012414809040868003,3.1711081481593797e-09,0.009330857976185958
2024-12-14 15:00:00,-0.0003631560109857527,-0.008749752138876944,9.21305946364092e-09,0.003017445650943372
2024-12-14 16:00:00,-0.009088159879370061,-0.02055892202418561,4.972551198964641e-08,0.0019110279141110937
2024-12-14 17:00:00,-0.004911774227442313,-0.003260379350535231,4.7872280461299315e-08,0.0019640498453120077
2024-12-14 18:00:00,0.00632208493015383,-9.409106332962738e-05,-9.602108748914327e-09,0.0053349526344899255
2024-12-14 19:00:00,-0.00872259777321447,-0.00735287097836336,4.361316156003052e-08,-0.0008106321522913214
2024-12-14 20:00:00,0.006283496457889122,0.010269628708898288,-5.313292021144268e-08,-0.004664055476922752
2024-12-14 21:00:00,-0.0011698201117069694,-0.012815883738722986,1.9061936809400867e-08,0.009047029879826241
2024-12-14 22:00:00,-0.0038062918813925907,-0.005876749075089644,6.27929174693118e-08,0.006325860628997685
2024-12-14 23:00:00,-0.006175529811230032,-0.00935891135321156,6.336879949662974e-08,0.003288644417588315
2024-12-15 00:00:00,0.010482357349844307,0.016155719452779403,-4.4024823610936594e-08,-0.004707091701427485
2024-12-15 01:00:00,0.0029290465830293976,-0.003425169339221112,-3.1617333270493203e-08,-0.0033998447384362535
2024-12-15 02:00:00,-0.0033084817032458047,-0.013839399902885484,3.318443332342897e-08,0.002655622165293663
2024-12-15 03:00:00,0.006610192968355119,-0.0002956203559574433,-2.925722785813395e-09,-0.0013602961686759937
2024-12-15 04:00:00,-0.002433723745986195,0.0012958651130521516,-9.59017900840315e-09,0.002606735058983042
2024-12-15 05:00:00,-0.004389286932821319,-0.005650432273095561,1.3703440015803267e-08,0.000537008154510121
2024-12-15 06:00:00,-0.014393641636598929,-0.007974739308686418,9.919140000869538e-08,-0.01011039213440593
2024-12-15 07:00:00,-0.004771092313115699,0.01725139530307495,2.5321933243501047e-08,-0.006104969042320497
2024-12-15 08:00:00,0.014047115952703637,-0.012066047549355054,-6.269677474363591e-08,0.01749666077011888
2024-12-15 09:00:00,-0.006071937637134138,0.004769332102846578,5.075966415495494e-08,-0.006206598214082428
2024-12-15 10:00:00,0.007032220565342122,-0.00287861206371428,-2.2620298476343992e-08,0.006978534168937368
2024-12-15 11:00:00,-0.009087067711065188,0.02232030000123925,6.266665887801359e-08,0.01818923608578367
2024-12-15 12:00:00,0.0017597977978651453,-0.0019057525434175813,-2.679983478722622e-08,-0.0011476638259322785
2024-12-15 13:00:00,0.003159978778145248,0.02430727871832948,-3.57189766097546e-08,-0.0015742091649950205
2024-12-15 14:00:00,-0.0019678543838629824,-0.002356074553607319,-4.002592937656957e-09,-0.0009298851969510711
2024-12-15 15:00:00,0.005017677793245594,-0.00814389935517382,3.939790161026963e-09,0.002639202968139079
2024-12-15 16:00:00,0.001812179133207155,-0.014632651458656795,1.214722658348715e-09,-0.0011693375595671796
2024-12-15 17:00:00,-0.0021532200281122304,-0.0007754316767504464,2.266390921897666e-08,-0.0038321627891719444
2024-12-15 18:00:00,-0.000470188386874687,0.0022191829325096005,1.2376622874415857e-08,0.0015399065424834715
2024-12-15 19:00:00,-0.0008789503877297622,-0.007782186589626917,4.136945877335021e-09,-0.0004515072773084005
2024-12-15 20:00:00,-0.012229754615037242,-0.0047530320924935214,1.0729490073444448e-07,0.002201210457324527
2024-12-15 21:00:00,0.00462341001856963,-0.003795844805276372,-2.6966821410477154e-08,-0.00496705017359034
2024-12-15 22:00:00,0.01563168638587715,0.006231100135374375,-4.8176907533904595e-08,-0.0004729396008449189
2024-12-15 23:00:00,0.005146655080592575,0.015110107004637281,2.3123742244167547e-08,-3.490956667767592e-05
2024-12-16 00:00:00,-0.006128566921839838,-0.010584802431016773,4.3620649628123345e-08,0.0036196026826730253
2024-12-16 01:00:00,-0.0120444027885863,-0.007523262435625661,3.225759852560414e-08,0.0012596267818009823
2024-12-16 02:00:00,-0.007121995366875121,-0.0009194069712386712,4.839044081646849e-08,-0.005324491705184155
2024-12-16 03:00:00,-0.0006957611821078978,0.0010413378364157874,1.4172475698827635e-09,-0.002748280556782873
2024-12-16 04:00:00,0.0007137456724535017,0.0007199552399234098,-1.1396027418002854e-08,-0.006434428193832931
2024-12-16 05:00:00,-0.0007308424692133377,-0.006210092809672652,4.3619282092332824e-08,0.004014144490273362
2024-12-16 06:00:00,0.004189004249676493,0.006555091503718845,-4.3101905088001996e-08,0.006308590113865939
2024-12-16 07:00:00,-0.005563329932546943,-0.004673065137278525,3.375222496764889e-08,0.0019811323356651736
2024-12-16 08:00:00,0.003950232123655251,0.007005622612706225,3.4994403312104644e-08,0.008446501005011774
2024-12-16 09:00:00,0.003172016373145861,0.00298043849517105,-1.191460513263413e-08,0.004227548494802542
2024-12-16 10:00:00,-0.01218507890208806,-0.008617267198696734,6.152874753989531e-08,0.0006128563137273566
2024-12-16 11:00:00,-0.0008211203086273055,-0.004526579729306037,-2.364057576333154e-08,-0.0038011324666165423
2024-12-16 12:00:00,0.002445293466266431,0.0016562850070050022,1.6650407501449948e-08,0.004742430127469671
2024-12-16 13:00:00,0.006715341823132703,0.005124277902641808,6.842373089498449e-08,-0.00655306391228238
2024-12-16 14:00:00,0.0010900163981912405,0.019238140303927755,1.725863043264715e-09,-9.044910945962016e-05
2024-12-16 15:00:00,0.020190054498734195,-0.056805962335013255,-1.2100138486680135e-07,0.01326354407000978
2024-12-16 16:00:00,0.015498159147960336,-0.016490326987722313,-1.8743173553611338e-08,-0.0028670518951711987
2024-12-16 17:00:00,0.008020159921177245,0.009485839460754236,-8.407972687826937e-08,-0.0025436067386401997
2024-12-16 18:00:00,-0.005071167575924447,-0.0238339501986594,9.865312336096312e-08,0.00042732624757403685
2024-12-16 19:00:00,0.0007778432037839752,-0.017305175219554075,-1.6848191235780072e-08,-0.005489220562986455
2024-12-16 20:00:00,0.0012511053168277565,-0.012145544060338648,-2.1327651443299173e-10,-0.005912661409538772
2024-12-16 21:00:00,-0.001233928414407729,-0.009130587361601954,6.424427143735743e-09,-0.00243616821659146
2024-12-16 22:00:00,-0.005395610696508945,0.000517443786847046,1.0899464652812028e-07,0.00347719564094668
2024-12-16 23:00:00,-0.009579587490942306,-0.008826528908733705,1.1921045396172142e-07,0.0006172921632136859
2024-12-17 00:00:00,-0.003617824877960734,0.004609752296161838,1.5128896982202024e-08,-0.004423276668281375
2024-12-17 01:00:00,0.014412471803426172,-0.02053773450978824,-3.039701028922465e-08,0.006404702709621159
2024-12-17 02:00:00,0.00023092587146552983,0.01086830547645961,2.8394060006252047e-10,-0.001985567661626402
2024-12-17 03:00:00,-0.006204046856795358,0.0048787452453408755,3.9886064408266087e-08,-0.007275274938821155
2024-12-17 04:00:00,0.005357201124271897,-0.013329489486023971,2.181054838521689e-08,0.005771797690623352
2024-12-17 05:00:00,-0.0013487449198247182,-0.0053019118809560645,7.170335053005214e-09,0.0013326843580786746
2024-12-17 06:00:00,-0.001789197968828773,-0.013047722661412839,9.20134362685997e-08,0.006062262140368922
2024-12-17 07:00:00,0.0032940730078423776,-0.0027677141069554997,2.195028044382875e-08,0.005871463567953004
2024-12-17 08:00:00,-0.00020607814582460082,0.01488521462250627,-1.02626285821938e-07,0.00829614865161467
2024-12-17 09:00:00,0.004847720337028778,-0.01577108729828264,1.8173108947038353e-08,0.0018246948632735626
2024-12-17 10:00:00,-0.0012901177547875499,-0.021991337682012214,9.406403353031785e-08,0.006551736007908023
2024-12-17 11:00:00,0.003595549360866694,0.00015694777635284087,8.596335260387145e-09,0.002923590666865689
2024-12-17 12:00:00,-0.002474570140834706,0.01646054627941877,-7.014450261496676e-08,-0.011677863398518168
2024-12-17 13:00:00,0.006320910608393251,-0.02811555423100387,1.7133016168980332e-07,0.0050544755230269595
2024-12-17 14:00:00,-0.014652144215834806,-0.0059856574904944915,5.248323359226822e-09,0.0012751216334604331
2024-12-17 15:00:00,-0.0006401206164366648,0.01866842860673957,-5.920761313813793e-08,-0.0027343273810631593
2024-12-17 16:00:00,0.01522342774950231,0.0072306018788458595,-1.4222813920893293e-07,0.0005800688972728878
2024-12-17 17:00:00,-0.010594542162948358,-0.004327920720159246,3.7587681593707534e-08,-0.000115778097561558
2024-12-17 18:00:00,-0.00019281880013323764,0.0036223632522568404,-2.658586674254942e-08,-0.00051088234424254
2024-12-17 19:00:00,-0.0012249916988974732,-0.0001050445443261271,2.0962489814949136e-08,-0.0025985609659560436
2024-12-17 20:00:00,0.0016939237078702654,0.004553278894712235,-6.451066541879149e-08,0.005795017911938799
2024-12-17 21:00:00,-0.015701809571604095,0.0035979792387564476,9.073050994942449e-08,-6.763051369315408e-05
2024-12-17 22:00:00,-0.0021108745220421703,-0.0017581172998462052,3.369036820435864e-08,-0.003556565007637785
2024-12-17 23:00:00,0.0015197100434376754,-0.0032627052339346246,1.674745016475804e-09,0.0027320452745102216
2024-12-18 00:00:00,-0.009493462761166124,0.0032021904631954383,9.399888298079932e-09,-0.007818881892252811
2024-12-18 01:00:00,0.007899823788851873,-0.00045034914463742173,-6.478128122578603e-08,0.004688261167734687
2024-12-18 02:00:00,-0.010315156412663144,-0.0010857267808434387,5.7565302292140006e-08,-0.00011359284313484791
2024-12-18 03:00:00,-0.006097140919981089,-0.013690560159032594,6.642447148882428e-08,0.0024636889464113893
2024-12-18 04:00:00,-0.0014406179530367666,-0.0037124271642661557,-6.692515669168598e-09,-0.0024204138266472534
2024-12-18 05:00:00,-0.006526171997244664,0.012545410751564012,6.484998938263964e-08,0.019715266885982612
2024-12-18 06:00:00,0.006343320876564945,-0.009098211936249217,4.964255670353716e-08,-0.0038363996635594104
2024-12-18 07:00:00,-0.0029678504199879196,0.0010762238761930513,-3.66757515542862e-08,0.002300458751638074
2024-12-18 08:00:00,0.007374244362612103,0.0001134332571436352,-5.144893874849727e-08,0.00042195648118412073
2024-12-18 09:00:00,0.0013465341988408187,0.0036969206989194603,1.0305747135609035e-08,-0.00026107285023209957
2024-12-18 10:00:00,-0.008961378846755373,0.0007503397645150602,1.1867399939266614e-08,0.010063842831477734
2024-12-18 11:00:00,0.00043694391732689714,-0.0067685365125154185,1.3381101513711167e-07,-0.008139243948497047
2024-12-18 12:00:00,-0.00017425541402301737,0.0040142410947926165,-5.3133350396303326e-09,-0.005271511828409514
2024-12-18 13:00:00,-0.011199453861502808,0.016979424879497378,-1.940443074759635e-08,-0.007846581421635386
2024-12-18 14:00:00,0.009125227128620062,-0.005381627314039934,-5.299372859906097e-09,0.004666272848851086
2024-12-18 15:00:00,-0.0023940995185699125,0.015477953211388791,-9.935694132791904e-08,-0.002787863796325929
2024-12-18 16:00:00,0.0009487072118619547,0.014153697320148565,-6.442714028980844e-08,-0.001944675671255064
2024-12-18 17:00:00,0.012417296494269765,-0.0037726665776400695,-8.450134542698563e-08,0.0010002971795758464
2024-12-18 18:00:00,-0.025707794911343305,-0.018003878618839408,1.8095265018318267e-07,-0.007865757025808669
2024-12-18 19:00:00,-0.027983377795122652,-0.03558587314205271,2.884336081408475e-07,-0.002751982864703965
2024-12-18 20:00:00,0.008079867960218064,0.007126904789864582,-8.932124636961584e-08,0.000914609489178537
2024-12-18 21:00:00,-0.007505781436343101,-0.019194467463141518,1.7227800581143027e-07,-0.003611410110393915
2024-12-18 22:00:00,-0.013126921873754503,0.01655539351637388,-6.477934600385335e-08,0.00298973650381333
2024-12-18 23:00:00,0.0104290287949927,-0.0027283164693320807,-2.2318447805926288e-08,0.0009553978140650013
2024-12-19 00:00:00,-0.016730216293854766,-0.020031211921950072,2.1316846264360486e-07,-0.0024814365387096763
2024-12-19 01:00:00,0.009075855234802479,-0.0038654578997817544,8.739500954151715e-09,0.0009972579747128288
2024-12-19 02:00:00,0.01778315393384259,0.01060430721294651,-1.5145271465432678e-07,-0.0024091854171596917
2024-12-19 03:00:00,0.002066893784757073,-0.007124916194417529,2.92101451305418e-08,-0.002844723170918016
2024-12-19 04:00:00,0.008422226815090422,0.001465887982933016,-2.7694413315753242e-08,-0.0002270568733653168
2024-12-19 05:00:00,0.006673703907026077,-0.002704267852793506,-1.008467947864693e-08,-0.0026566387057572064
2024-12-19 06:00:00,-0.007604251814389445,-0.0031783649209904926,5.8098083410894775e-08,0.005647162439632015
2024-12-19 07:00:00,-0.006739844618134292,-0.01357078081675751,1.5566058208644072e-07,-0.000490330697908307
2024-12-19 08:00:00,0.004261386913184288,0.010252952070110963,-9.358829630741314e-08,0.0007861926592767476
2024-12-19 09:00:00,0.006208185054571149,0.006558523787783869,-5.763186939984017e-08,0.007835520614981235
2024-12-19 10:00:00,0.002448139923851332,-0.003656729441156735,-5.514910069673348e-10,-0.0002535660069815587
2024-12-19 11:00:00,-0.010455254325344217,-0.006551561377065024,1.0152883160670742e-07,-0.004107869534373863
2024-12-19 12:00:00,-0.0033135410304863367,0.013535546120012471,-4.337260955309155e-08,0.0008897377064517882
2024-12-19 13:00:00,-0.009396179652361461,-0.009008306711202542,5.280660804650327e-08,0.0006490389893188628
2024-12-19 14:00:00,-0.01164824322130215,-0.01522710689665177,1.2933246635034268e-07,-0.003271107577321028
2024-12-19 15:00:00,0.0021421055773117783,0.0031302204492447915,-5.320062827064346e-08,-0.0012418917856482062
2024-12-19 16:00:00,-0.02823471729481094,-0.06556498009789594,5.431972021536528e-07,0.01008008023573161
2024-12-19 17:00:00,0.007325233358825218,-0.01114811023444303,5.2789114144524104e-08,0.0025492182408669776
2024-12-19 18:00:00,-0.02406372247078935,0.01580440539172163,-7.254455941505501e-09,0.00097795276356568
2024-12-19 19:00:00,-0.0065578908158181945,-8.885698616978795e-05,-8.013574133921537e-08,-0.003343309635620126
2024-12-19 20:00:00,0.012394373270138986,-0.0008526856540650305,-5.370298200686857e-08,-0.0033647185192619985
2024-12-19 21:00:00,0.008041735183043117,-0.005879502477384978,3.6322369280347545e-08,0.0018565740152308285
2024-12-19 22:00:00,-0.010117549317221938,-0.012442904359308839,1.0390321188920891e-07,-0.001824052801047041
2024-12-19 23:00:00,0.015815836417316275,-0.003912620196900879,-1.292219054692195e-07,-0.0031187155162837404
2024-12-20 00:00:00,-0.008360906579935254,0.011025385947039924,-7.715790769468137e-08,0.0010241836067700367
2024-12-20 01:00:00,0.014387870478186519,0.024512063329607467,-1.2928366469307775e-07,0.002858899866150105
2024-12-20 02:00:00,0.0002849403514435852,-0.00015020221771315748,-1.030861030063977e-08,-0.0024124532029377757
2024-12-20 03:00:00,-0.007331559342042828,0.0003287455407520175,9.196472941163141e-08,0.00039668329265586764
2024-12-20 04:00:00,-0.008362289739708071,-0.013422769472253022,8.737917678394253e-08,-0.0010487848297201818
2024-12-20 05:00:00,-0.004817026730759429,-0.011582102478131321,1.233118318097502e-07,0.004772598767809081
2024-12-20 06:00:00,0.007776586098442438,-0.00045559755029989666,-1.724636367313016e-08,-0.0010415348398723288
2024-12-20 07:00:00,-0.036662758906728564,-0.035574297990017295,1.9280541833007785e-07,0.00629567089569626
2024-12-20 08:00:00,-0.012031254802969573,-0.001787024998002301,7.541467149788664e-08,0.0010170862504542634
2024-12-20 09:00:00,-0.005807928218761643,0.016370732077141743,4.41564777031734e-08,0.005316723157873016
2024-12-20 10:00:00,-0.016111905750883518,-0.03908415326742461,1.2489033585934333e-07,0.004187298621002693
2024-12-20 11:00:00,0.01765427120735899,0.0007968296775577439,-2.4453729214517463e-07,-0.011043901684416631
2024-12-20 12:00:00,0.0008374407933762311,0.03483040467286261,6.831511154102478e-08,0.005778343711376431
2024-12-20 13:00:00,0.010228811141667675,-0.017378562976071318,-1.2378834300807932e-08,-0.0011207954026278037
2024-12-20 14:00:00,0.0024624958804945578,-0.007219192004899406,5.983793836492997e-08,0.00402025560077709
2024-12-20 15:00:00,0.002293408627458867,0.024253808370412133,-7.501127604164945e-08,-0.000259446517801244
2024-12-20 16:00:00,0.0010419562965922405,-0.009566390314902173,-4.767997018381403e-09,0.002937548063107138
2024-12-20 17:00:00,-0.003984922578617446,-0.006404686018881797,2.0125519701176385e-08,0.00031910349851476424
2024-12-20 18:00:00,-7.883433414807711e-06,0.0005477584366874181,-5.233415954593729e-08,0.006248477795908008
2024-12-20 19:00:00,-0.0019026572735730135,-0.009579933512693648,-3.264425177150036e-08,-0.0024584056713601327
2024-12-20 20:00:00,-0.00046928293795852954,0.012139948174775613,1.765910468374561e-08,0.0005765458139123139
2024-12-20 21:00:00,0.011081598490149034,0.009019283324367142,-5.829646440964498e-08,-0.0023712051967537864
2024-12-20 22:00:00,0.00561316470648519,0.004330030910259466,2.0759915681336884e-09,0.004018835695533918
2024-12-20 23:00:00,0.0007060226486355617,-0.0012950629669915717,-1.941871091280714e-08,0.0025216529218152323
2024-12-21 00:00:00,0.0006973784057179473,0.025330777368961898,-4.72897070429323e-08,-0.0008862256940878739
2024-12-21 01:00:00,-0.002416333450537605,-0.0014507011235587951,1.2980830634321667e-08,-0.0020351447675259204
2024-12-21 02:00:00,-0.0003997556265509617,0.002575089412407764,1.3598148310850899e-08,0.0004692498565330626
2024-12-21 03:00:00,0.005982977186086752,-0.0015518737755329708,-6.500654823407481e-08,-0.003932765863448556
2024-12-21 04:00:00,0.017061979693570616,0.025917933721709547,-6.512609696880361e-08,0.003790410140999547
2024-12-21 05:00:00,-0.0011431279254097764,0.010708870448046142,-2.6751148488625383e-09,0.0021974961202122644
2024-12-21 06:00:00,-0.0014078820024013058,0.0009811143539137565,4.5964566098647994e-08,-0.0002052275314044418
2024-12-21 07:00:00,-0.013195114802194922,-0.01405607297718571,1.2712231878386836e-07,-0.008855527981399838
2024-12-21 08:00:00,-0.01190650828130404,-0.013804417051016024,9.151300675220696e-08,-0.008483225900020706
2024-12-21 09:00:00,-0.0056068513102650805,-0.015971261211576104,-1.4959877466469687e-08,-0.005290103272218194
2024-12-21 10:00:00,-0.006679507749504373,0.0009615921871322197,8.326461186852795e-08,0.00015874263742998674
2024-12-21 11:00:00,-0.006090265600836427,-0.0027557878670820195,1.096533096972349e-08,0.011379033677467195
2024-12-21 12:00:00,-0.005057532289565382,-0.00430480524632155,6.990022326690974e-08,-0.0003227346221897243
2024-12-21 13:00:00,-0.002983160470241782,0.0009816038718457314,1.3918448664240033e-08,0.001198207027364686
2024-12-21 14:00:00,0.005137492869945189,0.0010948325081406,-2.367690669266331e-08,-0.0020017281669434334
2024-12-21 15:00:00,-0.008905658777820125,-0.004500204424910189,7.143735186772834e-08,0.0033041418494159838
2024-12-21 16:00:00,0.0073600459702173986,-0.005283858325152401,-4.382375310957523e-08,-0.0023353873789671484
2024-12-21 17:00:00,-0.015514099358170493,-0.006135095744072309,1.214091118445361e-07,0.004000006230611194
2024-12-21 18:00:00,0.009848081854234102,0.0023762324353758437,-8.08590153346299e-08,-0.0074792465748167595
2024-12-21 19:00:00,0.002280893587076856,0.002890697933052206,-2.315486257399242e-09,-0.00030426161354914455
2024-12-21 20:00:00,-0.008758971228333098,0.0008781233710613474,3.1054764278277964e-08,-0.0002754436373006425
2024-12-21 21:00:00,0.0038771499939393612,0.011636428725049674,-1.546983344760508e-08,-0.004706303997577742
2024-12-21 22:00:00,0.003304576154390164,-0.0046187414828161525,-1.9453615762918678e-08,0.0004434973289747679
2024-12-21 23:00:00,0.007081304671577559,-0.009254903350054692,-7.205232964533883e-08,-0.00028979239525414336
2024-12-22 00:00:00,-0.007499461044726044,0.002718439469152728,5.1046309864708436e-08,0.003361185060560422
2024-12-22 01:00:00,-0.007462219156614672,0.0037352908784054352,4.0940888349140926e-08,0.0009889802766191152
2024-12-22 02:00:00,0.005186193206512902,-0.004244683015272979,-1.632946263375163e-08,0.0020994207587547754
2024-12-22 03:00:00,-0.014557493340391747,-0.005392840475405591,5.9128547947986706e-08,-0.001338514954763105
2024-12-22 04:00:00,0.005631724372449276,0.0033626155114207315,-3.75126883719288e-08,0.0025375388895047244
2024-12-22 05:00:00,0.002743989672691206,0.010301313981422868,1.2007612466385706e-08,-0.00555020615381322
2024-12-22 06:00:00,-0.002181128127825046,0.003076252655585721,-2.81692017040406e-08,-0.002407506658832785
2024-12-22 07:00:00,0.009741260752144404,0.004667523484058253,-7.259311828129076e-08,-0.008748085871966856
2024-12-22 08:00:00,0.0001456771924818849,0.004177798849274843,1.1267374520414149e-08,0.0074280841277959715
2024-12-22 09:00:00,0.005286563894814186,-0.010243316094231384,-4.8371932560574514e-08,0.001497651836052399
2024-12-22 10:00:00,-0.00866716979586526,0.01200061124657278,8.509105690862897e-08,0.000559293106820728
2024-12-22 11:00:00,0.0006800834154762443,-0.007682595659575352,-1.9326822851841316e-08,0.001930751387274185
2024-12-22 12:00:00,0.004414256502527693,-0.008563644057685125,-2.3731200459635097e-08,-0.0035154554412171286
2024-12-22 13:00:00,-0.0225095074522519,-0.0103354212271092,6.947653350679798e-08,0.0024744151382100877
2024-12-22 14:00:00,-0.000357049083221081,0.009532261064164178,-2.4094096215128407e-08,-0.001219719994915073
2024-12-22 15:00:00,-0.00586788320781452,-0.004927667046309597,-1.2723953199943333e-08,-0.012859910237182763
2024-12-22 16:00:00,0.0009669807941274262,-0.005313037974736013,-5.726374468828544e-10,0.003193162508454459
2024-12-22 17:00:00,0.0018914938673100018,-0.00010909553938995109,1.886938202906071e-08,0.0011199066970599273
2024-12-22 18:00:00,-0.023116995219071124,-0.0011173654468722607,1.2972479467553405e-07,-0.0038712323448366137
2024-12-22 19:00:00,0.002388622267517437,0.00833222894431432,2.0028803465813918e-08,-0.004065223535753752
2024-12-22 20:00:00,-0.00036610142131663595,-0.0037919274020292767,-5.986290247678121e-08,0.006714157607849371
2024-12-22 21:00:00,0.0008867893575791796,-0.000415578586564752,2.8591323481418304e-08,0.0002821361757121835
2024-12-22 22:00:00,0.0009597221857505799,0.002358481178131056,-8.445220362711973e-09,-0.005939000758104906
2024-12-22 23:00:00,-0.012210589855152186,-0.0020178249958483756,1.2998065416048504e-08,0.007158394547918507
2024-12-23 00:00:00,-0.013463563139223908,0.017067079721023188,1.116359096237514e-07,0.001984668667328312
2024-12-23 01:00:00,0.012415865860529826,-0.004733225374358412,-9.601754310621615e-08,0.00551827700619689
2024-12-23 02:00:00,0.015032875449586496,0.02913669954238192,-7.138847964615389e-08,-0.008086419607011891
2024-12-23 03:00:00,0.0011638356585123126,-0.01177065035018432,-6.083540046004338e-09,0.0006868111598247545
2024-12-23 04:00:00,0.006592021577449583,0.0032518992149451354,-2.6984478071563748e-08,-0.009375459162747055
2024-12-23 05:00:00,0.0051690495501040875,-0.017427512157212093,-3.098160153248845e-08,-0.012651867558577928
2024-12-23 06:00:00,0.003633060367054732,0.003040137492626061,1.0643765971150547e-08,-0.0018752701149126543
2024-12-23 07:00:00,0.008268340722807889,0.0013343202558012465,-7.800090898407821e-08,-0.0010827488056513366
2024-12-23 08:00:00,0.009043475280011648,-0.0060439605853420675,-1.6753016815846408e-08,-0.005259451608507428
2024-12-23 09:00:00,-0.0006514899657948294,0.0031563949717725677,2.7172572674372273e-08,0.0021888838693106807
2024-12-23 10:00:00,-0.0003055505055185818,-0.007073456737968696,-1.2347153096763928e-08,-0.002115950367666496
2024-12-23 11:00:00,0.009988136162239834,-0.007739339046162941,-4.083448927341959e-08,-0.0018555169868155349
2024-12-23 12:00:00,-0.012433586049451833,-0.0008882857139542112,-1.353308375294262e-08,0.0020707659731686325
2024-12-23 13:00:00,-0.008617986420868752,0.015886182154186086,4.287750136308238e-08,0.005190786178544869
2024-12-23 14:00:00,-0.010342016040973321,-0.001997526559215515,-2.4073019075102384e-08,-0.0010319185895904905
2024-12-23 15:00:00,-0.00074583698877774,0.018923434161020526,-1.710728913748412e-07,-0.010384486622239049
2024-12-23 16:00:00,-0.011352593380192054,0.020222512813380934,-7.097741910313092e-08,-0.011203689247079675
2024-12-23 17:00:00,0.011549658773359704,-0.022652658057723853,-2.122957728102007e-08,0.01445984522322487
2024-12-23 18:00:00,0.00039539857921632067,0.01836199943926732,-6.640031499520401e-08,-0.0026514026991749026
2024-12-23 19:00:00,0.007735912624111475,0.016290491458019314,-1.549187584416438e-07,0.012327121196669129
2024-12-23 20:00:00,-0.0038522571399134623,0.010424075208228367,1.0587428404034689e-07,-0.0020109602144150218
2024-12-23 21:00:00,0.012660832923686687,-0.00610546730487735,-2.1453440749689216e-08,0.003015349045917424
2024-12-23 22:00:00,0.010394009815055748,-0.02463689614401926,-4.3564144347427416e-08,0.00041895681680595057
2024-12-23 23:00:00,0.008352801125735568,-0.015363567881142806,1.0536863415415419e-08,-0.003490876613837915
2024-12-24 00:00:00,-0.0012290791633791341,-0.018829943309415172,7.870632039015071e-08,-0.0021831546045395227
2024-12-24 01:00:00,0.0021645956589526065,-0.005054314795090305,-1.6456472134434892e-08,-0.0008394401649435794
2024-12-24 02:00:00,0.0022912204141535527,-0.00018551315716007242,1.084661394408547e-08,-0.0031924101277513205
2024-12-24 03:00:00,0.00656461732153122,-0.008041419036965897,-2.368640245080194e-08,-0.0021772733361627122
2024-12-24 04:00:00,-0.00585349510039572,0.015149311071938659,1.626510317110919e-08,0.0036455090939832998
2024-12-24 05:00:00,-0.0005552307138610695,-0.01103650738693768,1.410797002371822e-10,0.004983716999059372
2024-12-24 06:00:00,0.011511273930943994,-0.005287231908532675,-4.3286750727488086e-08,0.0019099846927992247
2024-12-24 07:00:00,-0.014512406372005886,0.01941121035737467,3.126933534555294e-08,-0.008136316446960546
2024-12-24 08:00:00,-0.0008614541733627254,-0.0070110208744517625,2.8985777321814024e-09,0.00036777774894462345
2024-12-24 09:00:00,-0.003927329775903513,0.001034171671587963,9.080680391185573e-09,-0.004717655111272183
2024-12-24 10:00:00,-0.013175315790620104,0.028411351379580535,1.3437483855861239e-08,-0.005164710889748885
2024-12-24 11:00:00,0.0017057261612748315,-0.006519329477255419,2.094067745652299e-08,-0.002427606708146323
2024-12-24 12:00:00,0.028747379057271795,-3.791429076652477e-05,-1.3702111323301594e-07,0.016764264054381247
2024-12-24 13:00:00,-0.006292311583931132,0.006027820106193019,1.852673981956558e-07,-8.480752855777758e-06
2024-12-24 14:00:00,-0.005522372346564327,0.023149652839085974,6.198904126946073e-08,-0.0028841915781052468
2024-12-24 15:00:00,0.0052141002132243125,-0.017150434942860747,8.64787691671091e-08,-0.0004939506959201034
2024-12-24 16:00:00,0.013102817298378769,-0.007497437740698261,-2.7388652857610032e-08,-0.002639778785118284
2024-12-24 17:00:00,-0.007004629730041742,0.00872736451824544,-1.0037480433339334e-08,0.0012863088905918306
2024-12-24 18:00:00,-0.017203387732152374,0.018045483910080474,9.911868277043939e-09,0.011004916544553016
2024-12-24 19:00:00,-0.005041404777144539,0.004303046098936728,2.2351381391102804e-08,0.0018047825760691162
2024-12-24 20:00:00,-0.0005416368875732838,0.02711659005484617,-1.4222298554696485e-08,0.0015499502854015113
2024-12-24 21:00:00,-0.004527838112924097,0.002977308646447602,1.56132894902375e-08,-0.004198687428816409
2024-12-24 22:00:00,7.817520277930755e-05,-0.0010415483487847892,-7.735877126810665e-09,-0.0003713561516450303
2024-12-24 23:00:00,-0.0009064416226387314,0.007179324249526178,5.230286182100621e-08,0.009392106980766566
2024-12-25 00:00:00,0.0007549540804443551,0.001287272910374701,-2.4458397193336184e-08,0.0030919254781033283
2024-12-25 01:00:00,0.00178973155323089,0.0053708498949005,5.249559318398907e-08,0.00709081981436519
2024-12-25 02:00:00,0.0092492811887982,-0.02115255300542153,2.16319177047138e-08,-0.0009038484601946173
2024-12-25 03:00:00,0.0015377294464164735,-0.0022336410247942085,1.6910129441440662e-08,-0.0016530913070466643
2024-12-25 04:00:00,0.006507360712042794,-0.007396893984990715,-1.591995683747214e-08,-0.0014783478440924445
2024-12-25 05:00:00,-0.001934398552303881,-0.002992355255399106,1.1558956948178197e-09,-0.001615805847899547
2024-12-25 06:00:00,-0.0032719136815318834,0.0016395101912578915,4.7050792891383e-08,0.0011269783368394084
2024-12-25 07:00:00,0.006426715896429401,-0.0029317659025856835,-4.806954103953263e-08,0.004096004638258856
2024-12-25 08:00:00,0.009083946015964982,-0.008648645017199154,-2.6845785238982288e-08,0.001350453309549977
2024-12-25 09:00:00,0.004839989180976765,-0.004697678784713558,9.806970518712151e-09,-0.0018960086633155637
2024-12-25 10:00:00,-0.008281531956321631,-0.0026090109877228793,6.091728387906339e-08,-0.003952120565323341
2024-12-25 11:00:00,0.010670012732903892,-0.012301980748467877,-4.973189604373178e-09,-8.660179003958041e-05
2024-12-25 12:00:00,0.0022584427337651067,-0.00038504323547736494,1.3997446206370213e-08,-0.0039024864227431735
2024-12-25 13:00:00,-0.003051870359602144,0.010544696140470124,-3.403567606777651e-08,0.009384462975056405
2024-12-25 14:00:00,-0.010599886449183173,0.008620517877057464,3.956942524111456e-08,-0.0015866623485334976
2024-12-25 15:00:00,0.0009086710044413169,-0.011454837490137983,4.9982186489128556e-08,0.0022835276259193108
2024-12-25 16:00:00,-0.002082961759729795,0.013362998501350523,-4.7777374811461446e-08,-0.0009553484827935019
2024-12-25 17:00:00,0.00610328744814361,-0.008293331894759587,6.893527349604212e-09,-0.003182269281072701
2024-12-25 18:00:00,0.0029081403641863473,0.0033816824186977874,-2.2688610342874216e-08,-5.5230920850549335e-05
2024-12-25 19:00:00,-0.003244302828998212,0.0015814629884489436,4.408002994826338e-08,-0.004532474133642016
2024-12-25 20:00:00,-0.0048289483103102215,0.0036507314414627734,-4.20383218845956e-08,0.0029959838650557187
2024-12-25 21:00:00,0.0023563733863633733,-0.0016211385542565658,1.1999651886783723e-08,-0.0010619047903547999
2024-12-25 22:00:00,0.0013403370596836964,0.004867108379944423,2.4421649802043185e-08,0.0018150719055973384
2024-12-25 23:00:00,-0.0046856526486828785,-0.0028228565151096597,2.370362962354572e-08,0.000709203446533584
2024-12-26 00:00:00,0.0043061327443936655,-0.008957268476779225,1.8347156774315942e-08,0.0022005573268903907
2024-12-26 01:00:00,0.0021730554997169537,-0.011337992577184947,1.615715948795496e-08,0.0014184387288895468
2024-12-26 02:00:00,0.004949604418692266,-0.013576253308842745,5.2683745412265995e-08,-0.001346206524354617
2024-12-26 03:00:00,-0.0023072667682009535,-0.0057441697627977776,-1.1566622217852975e-08,0.0018133614919052794
2024-12-26 04:00:00,-0.0019892578955553026,-0.0016650415569262748,1.9990322869779474e-08,-0.002597478129775935
2024-12-26 05:00:00,0.0137568747382212,-0.02376166539793379,1.9250127329999154e-08,0.009728101567778532
2024-12-26 06:00:00,-0.005168732455514725,-0.002941722158834116,1.004325105080328e-08,-0.005372128513141116
2024-12-26 07:00:00,-0.01687552349493088,-0.01093211140018089,-1.9871789406450565e-09,-0.010396954586678995
2024-12-26 08:00:00,-0.008165720412001627,0.008008988812301715,-6.122835840318215e-08,-0.002873833697876853
2024-12-26 09:00:00,0.0025607313412156496,-0.0027366458944315126,5.507718474447832e-08,0.004561546755305273
2024-12-26 10:00:00,0.004467724679262938,-0.0020719630132556652,-9.105852542622157e-09,0.0009878573242336844
2024-12-26 11:00:00,-0.020755438631137442,0.024581933656218014,5.346452524447151e-08,0.0027334156229581893
2024-12-26 12:00:00,0.006014576943135741,-0.004998955310617591,2.7484842402012256e-09,-0.004087323887750359
2024-12-26 13:00:00,-0.0005728150733548083,-0.007356224235206368,1.4697073828604856e-08,0.0010518299416072722
2024-12-26 14:00:00,0.0011789959242381259,0.004819777201608526,6.883745320752766e-08,-0.004361150737961972
2024-12-26 15:00:00,-0.004546164133968024,0.0012108070894386097,-9.259526176741603e-08,0.011520401863211568
2024-12-26 16:00:00,0.0021323600566936166,-0.008143134035070868,6.607023066217552e-08,-0.006212430450271567
2024-12-26 17:00:00,0.007477443642132828,-0.0004577596073828511,-4.27755689845388e-08,-0.004664537342193917
2024-12-26 18:00:00,-0.00071952740132677,-0.00027633367925203567,4.0202005875663657e-08,0.0013811154347849114
2024-12-26 19:00:00,-0.0026520810688719703,-0.002268271856004968,3.265933659632699e-09,-0.0028592346384399762
2024-12-26 20:00:00,0.005535474854444201,-0.002529440536352292,-2.1537728700379397e-08,-0.003530665672865069
2024-12-26 21:00:00,-0.0021494129145691082,0.003707363489537957,9.23174080050637e-09,0.005007827942349023
2024-12-26 22:00:00,-0.0021071136058850404,0.0009830464762537899,1.1348389046096646e-09,-0.006149508211955557
2024-12-26 23:00:00,0.00042398593337534705,0.005308479776476635,-3.977831635513572e-08,-0.0007206262086540546
2024-12-27 00:00:00,0.0038211562716119057,-0.0059703475693875544,1.778914388042652e-08,0.007863233294488835
2024-12-27 01:00:00,-0.00045372060252628626,0.0002880137117984362,1.9070909182215868e-08,0.00035675915377397744
2024-12-27 02:00:00,-0.0014231795720556955,0.010030941881911419,-7.787704099041508e-09,0.0004157431688805283
2024-12-27 03:00:00,-0.0036413243498852168,0.017058873744785163,-1.1689464431682568e-08,-0.015193811534886643
2024-12-27 04:00:00,0.009480591768526402,-0.01780826726672542,-8.363500889691222e-10,0.0017403424466363566
2024-12-27 05:00:00,0.011379740586607878,-0.0007093049351178824,-7.533481316444837e-08,-0.002728311376855476
2024-12-27 06:00:00,-0.013344758933522827,-0.016454150707487705,7.377451553360266e-08,0.001013807460796305
2024-12-27 07:00:00,0.008426122622602669,0.0051647308769086605,-5.703610731778692e-08,-0.0004487169365360935
2024-12-27 08:00:00,0.009690430910215611,0.029037815041521812,-1.5346667265652296e-07,0.0011857037893716344
2024-12-27 09:00:00,-0.0014716815190355145,-0.010096185851296575,5.464829130922418e-08,8.911800216464608e-05
2024-12-27 10:00:00,-0.00250835499374429,0.011501055879497707,-1.051564908396715e-08,0.003543839943695947
2024-12-27 11:00:00,-0.00021542357034789973,-0.0064056832810028665,1.8996708396117897e-08,-0.0018686076208629017
2024-12-27 12:00:00,-0.004761963883502295,-0.0041112269658604645,4.439084896675639e-08,0.0066184508911532455
2024-12-27 13:00:00,-0.007171400172314661,0.004627443908080778,-1.531771975315351e-08,0.006116699860919512
2024-12-27 14:00:00,-0.0089778284127517,0.001093857444523786,-1.626845808059283e-08,0.0023946206659995737
2024-12-27 15:00:00,0.004006022053913443,-0.013038849391163896,-1.5378672035532304e-08,-7.561404958195396e-06
2024-12-27 16:00:00,-0.008581524629835274,0.0016157636919097234,-8.573830504298129e-08,-0.013885847913304447
2024-12-27 17:00:00,0.0018051844461311113,-0.0016811703139999433,1.4432499900884898e-09,-0.0031720144342518852
2024-12-27 18:00:00,-0.007000760507378365,0.012473693259654433,2.468135063965341e-08,-0.0030834974311531927
2024-12-27 19:00:00,-0.0034119095956789483,-0.00568917573597976,3.622702043838873e-08,0.0032242908854582344
2024-12-27 20:00:00,-0.00512221720856588,-0.010361013908067245,9.185261942889126e-08,0.0044525216468675145
2024-12-27 21:00:00,-0.010512028837748311,0.018997147724310548,-3.851702861862378e-08,0.005156927774238281
2024-12-27 22:00:00,0.004011024792436946,-0.0014466689193715204,-6.0743691939025355e-09,-0.004912017373004414
2024-12-27 23:00:00,0.0033705979569511922,-0.0025131658704423323,-4.05399802735432e-09,-0.0008289577829576057
2024-12-28 00:00:00,-0.0049347032539389215,-0.004090696060946329,5.169164007746833e-08,0.004657623465067446
2024-12-28 01:00:00,-0.004018176777672839,0.0040033258368152875,1.109437638302088e-08,-0.0017809860155582004
2024-12-28 02:00:00,0.006392621112854379,0.0009111132794183981,-3.410296063361422e-08,-0.0030882484521295257
2024-12-28 03:00:00,-0.0012799412910684386,-0.001075777182258904,1.791635646544523e-08,-0.0016107819320504528
2024-12-28 04:00:00,0.0014797327633993222,0.007888095662501007,-4.7277710775170674e-08,-0.0012760105457018055
2024-12-28 05:00:00,-0.003352861229640987,0.005024781088096729,-5.958533671057434e-09,-0.003919188999825875
2024-12-28 06:00:00,-0.0015181681036290256,-0.00021085842353435702,4.362076861583048e-09,-0.0027557496923099516
2024-12-28 07:00:00,0.005044105216993592,0.001846619774098444,-4.9230162414146645e-08,0.00248129147291302
2024-12-28 08:00:00,0.0014860075704217573,-0.005303269023532531,2.3075935283600097e-08,0.0017098289186141388
2024-12-28 09:00:00,0.0016476616239350884,-0.009290038720816914,4.0696834056115434e-08,-0.007535721007712573
2024-12-28 10:00:00,0.0038508994744188593,0.008614731873505348,-7.400408314918885e-08,0.005286880802351512
2024-12-28 11:00:00,0.004790351921699922,-0.01895265090522325,3.6160090906012205e-08,-0.00738058238418671
2024-12-28 12:00:00,0.005504944528929951,0.00592354939240512,-8.196420254988813e-08,0.0012924563024194371
2024-12-28 13:00:00,0.01712572511592681,-0.03254610083830263,-3.329827544430352e-08,-0.007097334873282184
2024-12-28 14:00:00,0.002121733641013641,-0.005232255011819693,-1.5044914872264814e-08,-0.002385353495936208
2024-12-28 15:00:00,5.141140898794194e-05,0.023238842829594698,-3.133738037011922e-08,0.01686682194505982
2024-12-28 16:00:00,-0.006208886733279842,0.009620039113956171,1.4742347143290263e-08,0.011219056031145511
2024-12-28 17:00:00,0.0012836070470038123,0.0005795105262765292,-1.3747127303778642e-08,-0.009289189322361434
2024-12-28 18:00:00,0.0005793305090628264,0.0006263613381832676,1.067131130441598e-08,-0.005711184081887887
2024-12-28 19:00:00,-0.002998554325298713,0.012367373396717202,-1.9474167701720266e-08,-0.00012904051126985729
2024-12-28 20:00:00,0.004084190650858112,0.0044012268636403375,-5.568899029492714e-08,0.0013334324632324167
2024-12-28 21:00:00,0.0023750503963846288,0.0011539907371007564,-1.3634046988366922e-08,0.0014856133169127996
2024-12-28 22:00:00,-0.00619935643014747,0.0029070056547972445,5.587958559127757e-08,-0.0035920009513970954
2024-12-28 23:00:00,-0.007494607351601032,0.01031440202147306,1.8838751166344404e-08,-5.6096173011980135e-05
2024-12-29 00:00:00,-0.0015441099609131595,-0.0009975501880241746,-4.784188203221795e-09,0.0031236386783646815
2024-12-29 01:00:00,0.006365047676429586,-0.002321103782028018,-2.5390749836319266e-08,0.0001627886035720911
2024-12-29 02:00:00,0.000573655669693893,0.004594652295197786,-2.8927974274515875e-08,-0.0021845285768490523
2024-12-29 03:00:00,-0.00304876126628484,-0.0025094885067594775,3.193376151809535e-08,-0.0040788570765323455
2024-12-29 04:00:00,-0.0009490252520535987,0.00863811907982881,-1.6165819425743842e-08,0.00434662873300451
2024-12-29 05:00:00,0.004410397110170288,-0.004666124603162493,-2.471792410064731e-08,-0.003305833646093915
2024-12-29 06:00:00,0.007476662580518767,0.002726910830508236,-8.14299341730619e-08,-0.010582793878325062
2024-12-29 07:00:00,-0.005697177674283767,0.004522281790848652,3.0634191672295655e-08,-0.0027713636473251655
2024-12-29 08:00:00,0.0009770285447941514,0.0028739602274582875,-1.6551803771002838e-08,-0.006177158977985937
2024-12-29 09:00:00,0.0003739805513804785,0.0013322228200312594,-1.0399197146848869e-08,-0.002921478078941918
2024-12-29 10:00:00,-0.005774722090959626,0.008007836540366636,1.7690061174128396e-08,0.006201112145587909
2024-12-29 11:00:00,0.0010270403571203239,-0.0039189801033478085,-5.447427535176098e-09,0.007326051042458271
2024-12-29 12:00:00,0.00962747476015545,-0.019133197676366204,-2.334856659195335e-08,0.005970477606369137
2024-12-29 13:00:00,-0.011828305240096596,0.01521515055608386,3.730304797958025e-08,-0.001348295024133089
2024-12-29 14:00:00,0.006928791554008027,-0.024584684323149694,1.0711272235625282e-08,0.0038550836815323553
2024-12-29 15:00:00,-0.00951945221509282,0.00717196701929285,1.862774700900168e-08,0.003461546726379891
2024-12-29 16:00:00,-0.001119575172950901,-0.004473393576895526,2.3810826245251046e-08,-0.0014553819301830694
2024-12-29 17:00:00,-0.0022061203472721496,0.010672291961735768,-3.74666398568237e-08,0.002231070979097791
2024-12-29 18:00:00,0.0005757214276109042,-0.006172578543951126,-1.0195364377156672e-09,-0.0029030949237371802
2024-12-29 19:00:00,-0.0009626502806946318,-0.01142566383233683,7.453501356153342e-08,0.0010471522325504429
2024-12-29 20:00:00,-0.007356941651373072,0.001002465722445879,1.0433771008964777e-08,0.003285337063615925
2024-12-29 21:00:00,-0.006641832516484863,0.007444806547563874,1.7269193659872345e-08,0.003469638274002195
2024-12-29 22:00:00,0.00526218174907638,-0.00947345014545862,4.501815200503723e-08,-0.0023273871536951393
2024-12-29 23:00:00,0.013096229728967386,-0.015729744084890564,-6.785130438259977e-08,-0.005142001644319056
2024-12-30 00:00:00,-0.009768285934990448,0.004798079105306317,1.873711135263467e-08,0.017696793307922464
2024-12-30 01:00:00,-0.0008476155354285309,-0.0004908492894465596,2.0200840191134452e-08,-0.0015126811495506148
2024-12-30 02:00:00,0.0013597798891215119,-0.008732823291286397,2.0068529039184374e-08,-0.004603370111124369
2024-12-30 03:00:00,-0.006892651806786986,0.007592751257298499,-5.7355935334785406e-11,0.0009658558601052532
2024-12-30 04:00:00,0.00658349835583673,-0.023710889038468668,4.693071745448533e-08,0.006001786713924119
2024-12-30 05:00:00,0.010783781112265703,-0.013947859409761766,-3.9227274076818224e-08,0.00028274230649495886
2024-12-30 06:00:00,-0.002123482677658493,-0.004218434896044263,2.6939944933256094e-08,-0.0025014298916971314
2024-12-30 07:00:00,0.0018997812924439604,-0.004899101294598359,5.858205948802167e-09,0.0051530640923276765
2024-12-30 08:00:00,-0.00037304178015465204,0.003100609711511398,-1.2789910862486789e-09,0.000545642615915523
2024-12-30 09:00:00,-0.0034710476964759807,0.005840772158534207,9.745461524273437e-09,0.0012377093175007265
2024-12-30 10:00:00,0.003752830854632353,0.0015446601144339994,-2.7013979033301503e-08,0.001779917325855657
2024-12-30 11:00:00,-0.0017362882283263135,0.005173696566190483,-1.1287608208612375e-08,-0.0024736526427595208
2024-12-30 12:00:00,-0.0317733602114289,0.026633832584421015,1.4103273318970542e-07,-0.004810942569545886
2024-12-30 13:00:00,-0.010428889970081727,0.014297926309219612,-3.782545812493091e-08,-0.0015786290309358635
2024-12-30 14:00:00,0.0030080081485159378,0.008743067295158372,-9.014103638178407e-09,0.000998535818897169
2024-12-30 15:00:00,-0.00600344805284504,0.007802891593687498,3.420103040007278e-08,-0.0022594101492849528
2024-12-30 16:00:00,0.026187287520038512,-0.009171940209664645,-7.42745940104264e-08,-0.0051524500300460995
2024-12-30 17:00:00,0.005101811957013156,-5.467577136230969e-06,1.6618964013157254e-08,0.0012466091180825239
2024-12-30 18:00:00,0.0053950378840068305,0.0032376890770994676,-5.365993944333123e-08,-0.0018013033849996253
2024-12-30 19:00:00,0.002421035669851622,0.002164486224697689,-3.214031888773592e-08,-0.0006938717821206063
2024-12-30 20:00:00,-0.01857772713050152,0.0018553156916441703,-1.0092937516812712e-08,-0.006377424144023835
2024-12-30 21:00:00,0.005392796170523876,-0.00010797398233649248,-2.2458956747681464e-08,-0.0035314140853123207
2024-12-30 22:00:00,0.0015437710228337587,-0.00030045834168102985,1.8746006934888912e-10,0.0036200054345615624
2024-12-30 23:00:00,-0.008952636429721793,0.010023807185990996,5.137609827804399e-08,0.005782323282423661
2024-12-31 00:00:00,0.0005970237860657504,-0.001981643167162668,-9.695562203272595e-09,-0.0008179861692619253
2024-12-31 01:00:00,0.0001379091085875248,-0.00244544012313529,3.999141604144055e-09,-0.0011954703749024816
2024-12-31 02:00:00,-0.0028464479961902607,0.006929925491696523,2.972517895838715e-08,0.002309450471281039
2024-12-31 03:00:00,-0.005155418388815639,-0.005295885575989076,6.024774252175693e-08,-0.002271453829636087
2024-12-31 04:00:00,0.004601367202918053,-0.004076349950319492,-1.9869334555647963e-08,0.003975371925217652
2024-12-31 05:00:00,0.001291233447781346,0.0027682386430421878,3.2731129984887144e-09,-6.52359398541176e-05
2024-12-31 06:00:00,0.0028545360864648144,-0.002745505430606569,-1.5308753797390804e-08,-0.00030355058860838055
2024-12-31 07:00:00,0.003113412609764334,-5.87748148482039e-05,9.152498893132702e-09,0.008332042526563716
2024-12-31 08:00:00,0.007167533361170727,-0.007177919287253261,-2.29894361599132e-08,-0.0014865561775430857
2024-12-31 09:00:00,-0.0010213904558282001,-0.004312758207597554,1.664640353608261e-08,0.002071486280225908
2024-12-31 10:00:00,0.0006304195665637088,-0.007630773887194391,2.5712161576638696e-08,0.001986741030343691
2024-12-31 11:00:00,-0.003084730845533017,0.006388020198681604,4.0399737758940876e-08,0.003058276543417539
2024-12-31 12:00:00,0.015106884621730089,0.001076454645408147,-5.359512744487343e-08,0.0031892384645594825
2024-12-31 13:00:00,0.003405805639284912,-0.002346590596511228,-1.4174696563892558e-08,-0.0003137107787043778
2024-12-31 14:00:00,0.0002282999860801012,-0.007408290345199604,-9.140520264693845e-09,0.0013264833716644263
2024-12-31 15:00:00,-0.001832219135508697,-0.00033615364251848916,-3.3472542333091886e-08,0.0021269313084802018
2024-12-31 16:00:00,-0.01245835495268481,-0.0028176145060952815,1.0139143347805001e-07,0.0031345355120562077
2024-12-31 17:00:00,-0.003912960786852935,0.0004429376401776167,-1.937582458820876e-09,-0.0010113341484923614
2024-12-31 18:00:00,-0.009582853258551332,0.007472612827502632,5.7122867393907314e-08,-0.0029413432667014148
2024-12-31 19:00:00,-0.008077184636694166,0.005396175218512373,-3.667055007408977e-08,-0.0030540261277760316
2024-12-31 20:00:00,-0.0012968094026728333,0.0014412004766055538,1.4216662330510132e-08,-0.0025112835113993556
2024-12-31 21:00:00,-0.0024877147040316544,-0.0070956820328733645,2.2699618988996012e-08,0.004024488584435061
2024-12-31 22:00:00,2.7403742341759957e-05,0.010813561818019565,-7.155317175248063e-09,0.0054625509400901525
2024-12-31 23:00:00,0.013112197611960481,0.00016871958307270105,-5.0259052261597494e-08,-0.0033909768153652584
2025-01-01 00:00:00,-0.002837759686911946,-0.0002903523075436694,-2.01518321654017e-08,-0.0035637917742501113
2025-01-01 01:00:00,0.003985346523595776,0.0012900583070028714,1.2395051404349375e-08,-0.0017940820177472989
2025-01-01 02:00:00,-0.007415909745054573,0.0032470458385358506,1.3730919713319057e-08,0.002703757124503222
2025-01-01 03:00:00,-0.0017766905653200608,0.004150120612162458,3.173775914554763e-09,-0.005400145398976164
2025-01-01 04:00:00,0.004205456330819144,0.00878828966661024,-5.128878712812412e-08,-0.002145762437432672
2025-01-01 05:00:00,-8.93221782883451e-05,0.0023316597104097968,-1.3559871288447489e-08,0.0009663861012171437
2025-01-01 06:00:00,-0.003537799486940848,-0.0055753643331081,5.2231726476521565e-08,0.0018680714403718842
2025-01-01 07:00:00,-0.006787539310773532,0.006510744842799129,2.4227874967966078e-08,0.004964356063989115
2025-01-01 08:00:00,-0.0014815772262646832,-0.0018371973950523407,1.864585691531897e-08,-0.0005956311689495853
2025-01-01 09:00:00,0.00221168320678742,0.004199464780524287,-4.384460037060507e-08,0.003456006332293145
2025-01-01 10:00:00,0.005394887456261861,0.0031968080754301684,-6.434089172401047e-08,-0.005725277754694594
2025-01-01 11:00:00,0.00585759284503928,0.009679949455706433,-5.740445874447432e-08,-0.003528226811643658
2025-01-01 12:00:00,-0.0004910788474940363,0.007948116317689644,1.0522695346435243e-08,-0.002483338998994836
2025-01-01 13:00:00,0.002936513887474188,-0.002085738581840014,2.3409341532230247e-09,-0.001665677283876821
2025-01-01 14:00:00,-0.0032604061385755542,0.023204876823566707,-7.335118802275591e-08,0.011244136381618456
2025-01-01 15:00:00,-0.009763330171135624,0.013058395944793721,-2.8853550205344613e-08,0.008753625385400034
2025-01-01 16:00:00,0.0004275756971879491,0.0037496373322192596,-1.1985142684874457e-08,-0.0009480433762151201
2025-01-01 17:00:00,0.00847512076266565,0.0027155870534805154,-6.52596649759001e-08,0.021580259315604172
2025-01-01 18:00:00,0.005321651310381554,0.0024529087086987483,-3.181693498157304e-08,-0.002265690989336635
2025-01-01 19:00:00,-0.005348924048588296,0.012321264141994408,2.449734100136947e-08,0.009206505149284536
2025-01-01 20:00:00,0.001770505620615836,-0.005429308728933501,1.9844684842059e-08,-0.0019131207234357312
2025-01-01 21:00:00,-0.0027784821017828457,0.0038572642869308506,-1.0772132572301798e-09,-0.0032412083806470497
2025-01-01 22:00:00,-0.0032490646012242963,0.003744055027752536,-4.8438445650091545e-09,-0.001407811275678586
2025-01-01 23:00:00,0.0105809084779387,-0.03335786616100218,-7.566011702744362e-09,-0.011592404681917443
2025-01-02 00:00:00,0.007060696106883117,-0.03870295307241146,1.6470673929667755e-08,-0.011696332924918782
2025-01-02 01:00:00,0.001893554965658426,0.0022888505436622114,1.6826052091947373e-08,0.000831634249642933
2025-01-02 02:00:00,-0.00326079381399231,0.004202359295750977,-1.6758158183546506e-09,-0.0009210821200644375
2025-01-02 03:00:00,0.01081382272222921,-0.0010456982963253636,-2.8149361650154242e-08,0.002176559619531484
2025-01-02 04:00:00,-0.006354881926583393,0.013654219935186791,3.8172485461544284e-09,0.004066878426188847
2025-01-02 05:00:00,0.002335870906108622,-0.009518978454790028,4.5186439699805084e-09,0.00284501261129807
2025-01-02 06:00:00,0.002130250895212119,0.009530277181452643,-2.3049417038701264e-08,-0.002036071512629674
2025-01-02 07:00:00,0.005965595654400239,-0.012519334350599235,5.964576759205433e-09,-0.0002190637571728492
2025-01-02 08:00:00,0.007954872876843572,0.001260172703159294,-1.5900029278792586e-08,-0.001495002350600051
2025-01-02 09:00:00,0.0030012459404416963,0.0034787924371334797,-5.570478035487619e-08,0.0025347841951397837
2025-01-02 10:00:00,0.0012386212640583876,-0.006767972364291057,9.711365052050099e-09,-0.0028655811903079906
2025-01-02 11:00:00,0.0006349665541197107,0.004091575655076735,-2.174826915229413e-10,0.0010731803066713766
2025-01-02 12:00:00,-0.004378777811179324,-0.0038883947657000657,6.586290425122676e-09,-0.0017621413591689672
2025-01-02 13:00:00,0.003978161875116729,-0.013539912385872049,6.343764909059005e-08,-0.0017386114555693138
2025-01-02 14:00:00,-0.007279550392170875,-0.0023750131945845777,-4.9610920980029926e-09,0.002495342542738094
2025-01-02 15:00:00,0.0036863094402932034,-0.0032671204095637975,4.659578790861269e-08,-0.0006840012663574609
2025-01-02 16:00:00,-0.009271186188181195,0.007738417636233088,2.6643119527517132e-08,-0.0015898911857215063
2025-01-02 17:00:00,-0.0015245286843996314,0.0005886187914599618,4.418419538472806e-08,-0.005043986664529813
2025-01-02 18:00:00,-0.002338403855476509,-0.007404161420491624,3.7593990306024e-08,9.195881320024612e-05
2025-01-02 19:00:00,-0.0009602107220380525,0.000921953405986505,6.643604420189677e-09,8.950937369690607e-05
2025-01-02 20:00:00,0.0017994792649695494,-0.0067606959182330935,-2.2296412682070282e-08,-0.001153404560666423
2025-01-02 21:00:00,0.0006064421756025616,-0.0011401607433988482,-5.126599345125752e-08,-0.005843090653947661
2025-01-02 22:00:00,0.0027646379723614686,0.005688927241129858,-5.2014286001479936e-08,-0.006236303980741857
2025-01-02 23:00:00,0.0033152734956850964,-0.0003958415948945818,-7.396346699964235e-08,-0.008204423989888349
2025-01-03 00:00:00,0.0017058036420609201,-0.0077307525002408084,4.238366723219446e-08,0.00985815730927379
2025-01-03 01:00:00,0.0005202065485879173,-0.017354462705050148,2.8323195185353895e-08,0.00903918531815403
2025-01-03 02:00:00,0.00042355920833484807,-0.004126051783296394,2.4023535345397187e-08,0.012387808189383029
2025-01-03 03:00:00,-0.003986392892762196,0.00364585039578568,1.3239534697024357e-08,-0.00296102796857606
2025-01-03 04:00:00,-0.0003479600748484971,-0.0023044862951384338,9.670926932657027e-09,0.0050136361109911305
2025-01-03 05:00:00,0.004023784204648098,-0.018267178224649475,-4.468623758378743e-08,0.0051795097551611685
2025-01-03 06:00:00,-0.004372646969017795,-0.0005536116256128343,2.3211472116291218e-08,0.0008858688282778781
2025-01-03 07:00:00,0.004530287836296411,-0.0016008122467785308,-6.475428080116913e-08,0.001567844267914107
2025-01-03 08:00:00,0.008382100901223643,0.017053359415832837,-5.259994870836383e-08,0.003220897264427039
2025-01-03 09:00:00,0.00144523241967489,-0.0002992138312180012,-3.2769075583422094e-08,0.003854063445752274
2025-01-03 10:00:00,0.011611987229746,-0.0008361226669306403,-1.0035904122405129e-07,0.003776186768068149
2025-01-03 11:00:00,0.0035173811313181746,-0.008181856120402885,-3.8070010195585386e-08,-0.0009150828989680218
2025-01-03 12:00:00,0.0006530110950422473,-0.050121025077242,-2.6312027079975987e-08,0.015101689845061559
2025-01-03 13:00:00,0.011509241929144758,0.024237245036703724,-7.628710754859926e-08,-0.0034694772154459184
2025-01-03 14:00:00,-0.002642381069766356,0.016631619131111813,3.957603066120713e-08,0.005647593224671924
2025-01-03 15:00:00,0.00631131549538374,-0.010192655124637151,-3.6857997080280883e-08,0.001843233653825499
2025-01-03 16:00:00,-0.005361297031332135,0.005115684112563972,4.1998242557460686e-08,0.0035981566039626823
2025-01-03 17:00:00,0.006822913453143098,-0.002956526097925672,-2.405000645984922e-08,0.0022266311745811895
2025-01-03 18:00:00,0.008731473550016832,-0.024307038598200895,-7.380910028728193e-08,0.0015893283821434533
2025-01-03 19:00:00,0.00026386899492003655,-0.010309165700511082,-3.028216246002942e-08,0.002216045641864609
2025-01-03 20:00:00,-0.002428749971246295,-0.03694399705757115,1.7532437477134898e-08,-0.006236606791511562
2025-01-03 21:00:00,-0.00271666517747574,-0.004977803333866044,1.693212597498514e-08,-0.002882422563178399
2025-01-03 22:00:00,-0.0012865252838650662,0.02329410267486232,7.266526853692023e-09,0.003216319896036436
2025-01-03 23:00:00,-0.004058012626474372,0.00041497491242568213,2.0777157705890456e-08,4.176020947953426e-05
2025-01-04 00:00:00,0.00988254786758699,-0.008858492168629176,-6.82967895493553e-08,0.0027324935849267463
2025-01-04 01:00:00,-0.0001489150571745701,-0.0031248620344458064,8.875913325533181e-09,-0.00290620465472766
2025-01-04 02:00:00,-0.0012768808920229525,-0.007453309781416588,-1.2837665285683027e-08,-0.005184716827341479
2025-01-04 03:00:00,-0.004753867666299686,0.008163376636239138,2.2853982944342622e-08,-0.0006808760606352903
2025-01-04 04:00:00,0.00036340020883673084,-0.00016502863008939123,8.984731546743892e-09,-0.0006879651234017707
2025-01-04 05:00:00,0.0011567916820883304,-0.0022020249461935774,-1.1962813935066575e-08,0.0021785372971805652
2025-01-04 06:00:00,-0.0004589281691041061,-0.006670869031950547,1.804017353954583e-08,0.004709848848401238
2025-01-04 07:00:00,-0.007380340749087478,-0.004565556223185891,4.6538158650007916e-08,-0.0013694904201154365
2025-01-04 08:00:00,0.001710542035852314,-0.0036567784804967234,-4.20665411499416e-08,-0.0025445335027434457
2025-01-04 09:00:00,0.002019782267745867,-0.0037673447526518846,3.1522841666991415e-09,0.005233601814654845
2025-01-04 10:00:00,0.00021191266131627548,0.00664829977707506,3.6251141315763772e-09,-0.004316959992435198
2025-01-04 11:00:00,0.007265899986007978,-0.016113710658331636,-7.415432215845867e-08,0.00942717079544938
2025-01-04 12:00:00,0.0015748027381560863,0.013883432235736824,-1.1230640193367584e-08,0.0006029064949514098
2025-01-04 13:00:00,0.00131690821158032,-0.015877790295752366,-8.381825515924521e-09,0.0030678540330950897
2025-01-04 14:00:00,-0.013664738372799853,-0.008118422967075423,1.1302679364941158e-07,-0.003023411530391106
2025-01-04 15:00:00,0.0030394747631463043,0.005665896002791256,-2.783165313204053e-08,-0.0005122753054259501
2025-01-04 16:00:00,-0.0005652673724131372,0.010066126496682188,3.660052551428845e-08,-0.0054030863215288015
2025-01-04 17:00:00,-0.002299966183145076,-0.0017747734202033098,1.9182427909148467e-08,-0.0003631170266419507
2025-01-04 18:00:00,-0.0006332717773070975,0.008898159447724787,3.530924279222957e-08,-0.005278843140910182
2025-01-04 19:00:00,0.0017894331071141955,0.013224700999604166,4.529830595280071e-08,-0.006797104619723056
2025-01-04 20:00:00,-0.002316069376277533,-0.003934942929960657,-5.0287264429830784e-08,0.01019863885985133
2025-01-04 21:00:00,0.001400629732313012,0.0018728307660998487,-1.3610805883486745e-08,0.0069497443362337525
2025-01-04 22:00:00,-0.0027634387792982917,-0.0006857572995062188,8.966813148889442e-09,0.00027927117751451984
2025-01-04 23:00:00,-0.0027819378983805704,-0.00025920891637005447,2.8504153405078572e-08,-0.00028668342386041766
2025-01-05 00:00:00,-0.005225803835332723,0.0026856550578867318,4.6220862329688884e-08,0.0012832383201358548
2025-01-05 01:00:00,0.0027884836790305935,-0.0032060055046058363,-2.0981346702776125e-08,-0.0007343641315488205
2025-01-05 02:00:00,-0.0010646374875962843,0.0031228312014840456,1.5780046830216032e-08,0.005504045992620996
2025-01-05 03:00:00,0.009016615354425323,-0.012387176947741375,-8.198896857484023e-08,-0.00328728470021762
2025-01-05 04:00:00,-0.008955600570918917,0.0159509493404684,9.416128963002093e-08,0.004432545494828755
2025-01-05 05:00:00,0.003142371027086042,0.002891239373051059,-2.093844646897173e-08,0.004292830981943819
2025-01-05 06:00:00,-0.003809306465897981,0.007855929304901775,1.714001004572439e-08,0.0014886296326286495
2025-01-05 07:00:00,-0.006057250072305466,-0.0010062909477578368,2.038591662640321e-08,-0.00024030630825953877
2025-01-05 08:00:00,-0.007778354176521695,-0.0005167287872808054,5.5223078053056995e-08,-0.0014042522795488334
2025-01-05 09:00:00,0.0017695200781524699,-0.0028797841488722646,-1.3546424377726581e-08,-0.0013932309642581133
2025-01-05 10:00:00,-0.0009850603411257735,-0.003585587907703144,-5.499450826250529e-09,-0.005436625287956731
2025-01-05 11:00:00,0.002256248363538461,-0.004235338663777087,-1.3152589871777364e-08,-0.003783730771701233
2025-01-05 12:00:00,0.00027274892930071257,0.00036500373316927944,-3.569950631820411e-09,-0.010768380671166472
2025-01-05 13:00:00,0.003097826586566035,0.0007469868859809666,-1.5577877275576425e-08,-0.0014999344572716503
2025-01-05 14:00:00,0.0023759005822495184,-0.004496200219370026,-3.5084449675597696e-09,0.0004962090313535666
2025-01-05 15:00:00,-0.0007537410112148845,-0.007617561137055284,4.330826897019359e-09,0.002988085007962675
2025-01-05 16:00:00,0.001270094924532227,0.0006531084249174378,-3.224355602732639e-08,-0.003434587799337682
2025-01-05 17:00:00,0.004496060312693696,-0.00561354960647374,-2.5984499006405925e-08,0.004140102086108664
2025-01-05 18:00:00,0.002538805485806285,0.0009055650714068366,2.973896225949512e-09,-0.006332915680183846
2025-01-05 19:00:00,0.0017689015239815281,0.0005741453832357259,1.4882454854986424e-08,-0.004878136717584681
2025-01-05 20:00:00,0.007789643542365133,-0.006508619315752668,-3.36052588689816e-08,-0.004821506307176577
2025-01-05 21:00:00,0.0032099234705336324,0.002099968590005883,-2.377554688284846e-08,0.0017303532442137866
2025-01-05 22:00:00,0.0012294917885210736,-0.007260228740802266,-2.9939321256788746e-08,-0.0005641819186155682
2025-01-05 23:00:00,-0.01260489925721429,0.009554060713515382,1.0213638521296301e-07,0.004271302360112397
2025-01-06 00:00:00,0.00755314577570347,-0.0016934006700164703,-4.5189588230013654e-08,-0.007655724384922859
2025-01-06 01:00:00,0.0018028291137825265,-0.0032451912990351093,-2.3813901853054055e-09,0.0007863496870201427
2025-01-06 02:00:00,0.011237851475521185,-0.01557437422537489,-4.866640893922246e-08,0.0021063905247053543
2025-01-06 03:00:00,-0.0037268266370704007,0.007549634187033655,5.7485892083726336e-08,0.0012568873611783714
2025-01-06 04:00:00,-0.0011962239902716448,-0.0012340768580980657,2.8586683919993167e-08,0.0012963840840401301
2025-01-06 05:00:00,-0.004639377455110878,0.0007613330070824225,3.622002828929786e-08,-0.0011093683112464836
2025-01-06 06:00:00,-0.005249724191096318,0.004900516273987366,1.7567861829819654e-08,0.002329366237685969
2025-01-06 07:00:00,-0.002839188686866508,0.00133022007579873,4.2620432163961815e-09,0.002090040644850556
2025-01-06 08:00:00,0.008643201337622641,-0.0054147284384090475,-5.1395861925916766e-08,0.003256565212708429
2025-01-06 09:00:00,0.0019898862451947375,-0.0016550760071541522,-3.288423276020337e-08,0.0009221787999840862
2025-01-06 10:00:00,0.00687064967963124,-0.005180732445400758,-4.093419108931847e-08,-0.006747140912739672
2025-01-06 11:00:00,0.0022707909276604033,-0.008285637683345592,8.78557278539662e-10,-0.002653064073217297
2025-01-06 12:00:00,0.00048230520043328687,0.005019232000194664,1.3090837547581817e-08,0.002881702666648689
2025-01-06 13:00:00,0.0036738315607276846,0.010033488241283889,4.433204345930999e-08,0.0006154893139193453
2025-01-06 14:00:00,0.012059872485988977,-0.015261724119897648,7.053837505040364e-08,0.002248180374111841
2025-01-06 15:00:00,0.007180317654929712,-0.0014195228494554035,-2.5360060420185327e-08,-0.002109988657829116
2025-01-06 16:00:00,-0.012077801045414793,0.006864602092845924,8.158343227627012e-08,-0.0027639540930394224
2025-01-06 17:00:00,-0.00014555071069711914,0.004392061728571166,-2.9289907032125068e-08,0.0005393825581061927
2025-01-06 18:00:00,0.002292797005152287,6.917387786001744e-05,-1.740496476424131e-08,7.472223672517925e-06
2025-01-06 19:00:00,0.013715111706162596,-0.021440112844049,3.777498460259582e-08,0.005272271152851106
2025-01-06 20:00:00,0.0018362328308848264,-0.007659959299167259,-1.9184804139550114e-08,0.0015522978459879835
2025-01-06 21:00:00,-0.0069638674675477925,0.007701430361550833,2.40037765826682e-08,-0.0033168799815405667
2025-01-06 22:00:00,-0.010099231377997205,0.01037635243324325,2.766312211894086e-08,-0.003876581923422348
2025-01-06 23:00:00,-0.01116526773612039,0.010796868307395235,2.4810017866005123e-08,-0.0007975729809724618
2025-01-07 00:00:00,0.0166422296618551,-0.006880757529192482,-6.497973191207166e-08,0.008491197411116765
2025-01-07 01:00:00,-0.010406472362630289,0.0017063181638281074,3.6263211831035694e-08,-0.00434941870778013
2025-01-07 02:00:00,-0.0016118769548248905,0.004239586197447913,-3.2893697919419274e-08,-0.0036059425954059515
2025-01-07 03:00:00,-0.00297254200927725,0.00018204044284054024,1.367329964954396e-08,-0.0035081346234855865
2025-01-07 04:00:00,0.006918623468260836,-0.0068823456572399905,-1.5768695821674094e-08,0.00490152816406144
2025-01-07 05:00:00,0.0028894840018846074,0.0007532545193762782,-2.6344779322657562e-08,0.006643821455515404
2025-01-07 06:00:00,-0.005538595486251189,0.006570306394242982,6.839007344564581e-11,-0.003305257900704812
2025-01-07 07:00:00,-0.007341210914905923,0.01625232539909638,-5.785405114572459e-09,0.01784769823659045
2025-01-07 08:00:00,-0.003295415062689266,-0.0025113730233465486,2.97973527451345e-08,0.0011312979839095938
2025-01-07 09:00:00,0.0017775978090348193,-0.0039465924372702466,-2.20352699122217e-08,0.0011378860560766477
2025-01-07 10:00:00,-0.007205910405046097,-0.0029914540676554365,4.5106756681307626e-08,0.0036092757484266517
2025-01-07 11:00:00,-0.000979075037911405,-0.0038199417988044183,1.3917507234121908e-08,-0.003343071131933503
2025-01-07 12:00:00,0.004194855368154424,-0.0029226594524145,-3.6264989084804906e-08,-0.0008451893612127585
2025-01-07 13:00:00,-0.008107393329463398,-0.00784117588072918,7.209983831172624e-08,-4.8005845883205635e-05
2025-01-07 14:00:00,-0.004898711528907827,-0.02022591727518099,7.467142668337876e-08,0.015178666166854952
2025-01-07 15:00:00,-0.0042142838441746626,0.005396755281431356,-1.705504711509024e-08,5.572832863900852e-05
2025-01-07 16:00:00,-0.003408861646493624,0.001885476510947908,-5.113590558437573e-09,0.0021819025584417463
2025-01-07 17:00:00,0.00417409909099606,-0.015411682518626516,3.5033420742129884e-08,0.0024664357073512478
2025-01-07 18:00:00,-0.007691593882627832,-0.0006546351073171548,4.3904415506150815e-08,-0.002295824626921486
2025-01-07 19:00:00,0.0002449728973200852,-0.0033148435002341957,2.9550189334752758e-08,0.0005438915209196072
2025-01-07 20:00:00,-0.0019927007693385677,-0.007961042939353982,9.269596991574012e-08,-0.0013704514930813485
2025-01-07 21:00:00,0.007909977339495933,-0.004147760559569067,-4.428875512792715e-08,0.0047619222057254836
2025-01-07 22:00:00,0.007997140752055674,-0.008794317869720963,4.9463981255660884e-08,-0.004209652569384842
2025-01-07 23:00:00,-0.002248307771677227,-0.0018480234252956198,-8.933462931962046e-08,0.008457634208334602
2025-01-08 00:00:00,-0.004964724809467253,0.001399968890105496,2.010057814450476e-08,-0.0008528374498794345
2025-01-08 01:00:00,-0.0021114256197645367,-0.0010232393928051855,3.431034760893566e-08,-0.0005095019810070673
2025-01-08 02:00:00,-0.009149085859158572,7.801281873022499e-05,2.8860599506645936e-08,0.0027010428225156275
2025-01-08 03:00:00,-0.004981853661716872,-0.0004185662144090923,3.45723234687954e-08,-0.0021191787167030938
2025-01-08 04:00:00,-0.0026761405659877467,0.0009402333119831579,4.7583002944231133e-08,0.0013630036262349612
2025-01-08 05:00:00,-0.011974586131677303,-0.011558204139402405,7.803329910934905e-08,-0.0030337289711333242
2025-01-08 06:00:00,0.016103251843551408,-0.004796150544966368,-1.1439285106807583e-07,-0.0018872757976786919
2025-01-08 07:00:00,0.010543565894062554,0.0032008247052672766,-1.1571499203438246e-07,-0.003395009271237801
2025-01-08 08:00:00,0.0005112001907006574,-0.007952534492864816,-5.219479624566213e-09,-0.0035849785034996065
2025-01-08 09:00:00,0.0005201290852822216,0.013325036595404308,-4.147295231938087e-08,-0.002899769372046942
2025-01-08 10:00:00,-0.0012631942254977182,-0.003915150064244163,-2.5916358622667873e-08,-0.004505896839178661
2025-01-08 11:00:00,-0.004317248262320137,-0.004073436239386501,4.587539214325831e-08,-0.0007136699146522679
2025-01-08 12:00:00,0.00717342039393955,-0.005974670725339748,1.7986553963997196e-08,-0.001674151981990351
2025-01-08 13:00:00,0.00027039471673641,0.01093811655937856,-6.315108777550128e-08,-0.0025235903080358226
2025-01-08 14:00:00,-0.002841164650427493,0.0012140174421187782,4.394728930631943e-08,-0.0003729086304575357
2025-01-08 15:00:00,-0.00758495594232092,-0.021937094994380433,1.5139157348687694e-07,-0.0028037091321444795
2025-01-08 16:00:00,-0.008157443106992065,-0.022606718661348998,1.2637178884669116e-07,-0.010325357525020876
2025-01-08 17:00:00,0.005915501079954534,-0.009852705423784877,1.2139769853721886e-08,-0.001114901708435689
2025-01-08 18:00:00,-0.0003614666179820236,0.00515702936695959,-1.0763046580825528e-08,0.011459286736302695
2025-01-08 19:00:00,-0.002132272851990389,0.010529597784412018,-6.516192372887099e-08,-0.0029352502420772913
2025-01-08 20:00:00,0.0014899571218079462,-0.0004196862164106988,4.24815626474158e-08,0.0023499943858956546
2025-01-08 21:00:00,0.00461719387010617,0.022827434316904323,-1.0301324225686022e-07,0.004828599915565971
2025-01-08 22:00:00,-0.00017824013073848566,0.0017381391801135208,-1.2810958112421877e-09,-0.0024087677598459757
2025-01-08 23:00:00,0.0056308084777016145,-0.008019376996263716,-2.165192486763263e-08,0.0009078942276778679
2025-01-09 00:00:00,-9.146442240198544e-05,-0.003234503632938643,3.2618819916190376e-09,-0.0002499326495062102
2025-01-09 01:00:00,0.0007438063605320901,-0.009493476463672297,1.0550252093750494e-08,0.0006052358727184929
2025-01-09 02:00:00,-0.0052979923608035325,-0.007092137156568745,4.427526785823551e-09,-0.0007803747729384403
2025-01-09 03:00:00,0.004099482435870493,0.003495674233281715,-1.5012501797632775e-08,-3.377940862854485e-05
2025-01-09 04:00:00,-0.002369115773730784,-0.006678502382679779,6.390004276793401e-08,0.0013454382237161344
2025-01-09 05:00:00,-0.00020205967984088333,-0.0005211099733539958,-2.4760569396461236e-08,0.0049897071350310015
2025-01-09 06:00:00,-0.011971042202666251,-0.00412186976572121,4.48040517202505e-08,-0.0004940171911571618
2025-01-09 07:00:00,0.007468879846026081,-0.01454645850463567,-6.596918686948763e-08,-0.0018175327495984074
2025-01-09 08:00:00,0.008182843515102968,0.008883121536321327,3.123088046384906e-08,0.012179229016482907
2025-01-09 09:00:00,-0.0002649217041554943,-0.015781274526318372,4.997287980148493e-08,0.005926175335912702
2025-01-09 10:00:00,0.0013077373164895618,0.0029874105746981483,-3.5410654112610755e-08,0.0025962596082307835
2025-01-09 11:00:00,-0.0019219530267981253,-0.005296674747130491,2.293709972100311e-08,0.0016163371517223656
2025-01-09 12:00:00,-0.020170393017562932,-0.015068242007874467,1.3767504668071724e-07,-0.00609325057570342
2025-01-09 13:00:00,0.006834765550145333,0.022491686782739606,-4.540751194947095e-08,-0.0009828038291887086
2025-01-09 14:00:00,0.023024925012516684,0.015820243753422062,-1.343617412563404e-07,0.0006473546700977033
2025-01-09 15:00:00,-0.0013845131209198726,-0.001030340146129166,2.4669346826161994e-08,-0.00043009903755553895
2025-01-09 16:00:00,-0.01477093035005379,0.010056838771179983,3.3086674757363495e-09,-0.0037776425996200393
2025-01-09 17:00:00,0.0029612522966431685,0.017114284147075578,-4.3290719243762775e-08,-0.0018248768235981372
2025-01-09 18:00:00,-0.017591103892818805,-0.003522559364991389,6.918293708523382e-08,0.0005609928022834612
2025-01-09 19:00:00,-0.0016586384308651535,0.005743704048935702,-3.6499953532783457e-09,-0.0006701413796038729
2025-01-09 20:00:00,0.004223364202219528,-0.023515884962261365,3.304200559308735e-08,0.0007727581924698641
2025-01-09 21:00:00,0.0061808559175479125,0.01910636561721038,-6.19168931788339e-08,-0.0006349410621835844
2025-01-09 22:00:00,-0.004282003634988726,-0.007720451724756126,6.440280109888345e-08,0.0016245197865703848
2025-01-09 23:00:00,0.0032750938796734523,0.0055825132040924815,-2.3266531070832163e-08,0.0011333509818323975
2025-01-10 00:00:00,0.006065003169267507,-0.003185955661210024,-1.2891516407531155e-08,-0.0017494187145712223
2025-01-10 01:00:00,-0.0016556847986505998,0.0006320577071704317,1.2308252798279434e-08,0.004415062787329758
2025-01-10 02:00:00,0.0012577770818824677,0.010002973674703191,8.881708516484193e-10,0.0016392581296349198
2025-01-10 03:00:00,0.002067237175910095,-0.0015891989712807383,2.7241140515139892e-08,-0.0029596848920960092
2025-01-10 04:00:00,0.0021178189522261105,0.010006088666851076,-3.483743546519941e-08,0.0017936532135274371
2025-01-10 05:00:00,0.007214357522254586,0.018149833661270404,-5.6405156866044646e-08,-0.0009947378240406724
2025-01-10 06:00:00,0.0017157844885063315,-0.005848003058295233,9.036088527756395e-10,0.008486631003285275
2025-01-10 07:00:00,0.0024224149617902875,0.006783639875598959,-1.102147913314738e-08,-0.005216698023700717
2025-01-10 08:00:00,-0.0003548521574981182,0.0012310838021827948,1.1561875739605464e-08,-0.0021670655623320313
2025-01-10 09:00:00,0.0037037459439122375,-0.00038967144973975414,6.32580057187855e-09,-0.0005072985760732706
2025-01-10 10:00:00,-0.0034763335653126685,-0.006511261228409336,2.7341014976203977e-08,0.0011433396975087963
2025-01-10 11:00:00,-1.1801400500779761e-05,0.00041833502705697714,-3.643439562027032e-09,0.0006384681504624791
2025-01-10 12:00:00,-0.0017200848546984476,0.015833495901526388,-2.7590674590079243e-08,0.019438657226327892
2025-01-10 13:00:00,0.005462046622594174,0.007732650739924819,-5.490207253940562e-09,-0.0002955551296647186
2025-01-10 14:00:00,-0.001373997610403512,-0.005759446856960456,-3.00410969069191e-08,-0.0003364352437766297
2025-01-10 15:00:00,-0.001355475565400278,-0.007865396896872994,5.141368551052353e-08,0.004086181214555003
2025-01-10 16:00:00,0.012370332394644766,0.02529363357111797,3.685209794432878e-09,-0.01418290352572165
2025-01-10 17:00:00,-0.0014136894619722938,-0.0011008310762358777,-1.909375029438442e-08,-0.005168825033687492
2025-01-10 18:00:00,-0.0004815942548967063,0.020336366332869404,3.67162480791227e-08,0.005638598381361995
2025-01-10 19:00:00,-0.006780338904817136,0.0389092302875122,2.603359784060987e-10,-0.0013700625341172014
2025-01-10 20:00:00,0.00024675943386592413,-0.029881610280606107,-6.0306288388581e-09,-0.003468507848574325
2025-01-10 21:00:00,0.0010522638312684411,0.01826274153231548,7.742878411236798e-09,0.00772930800864997
2025-01-10 22:00:00,-0.005359349791533923,0.04536667554059259,4.665730210817748e-08,0.0021991540192366384
2025-01-10 23:00:00,-0.001169625454661594,0.05051569416112953,-6.758200401481698e-09,-0.001357325667815268
2025-01-11 00:00:00,-0.008423905907131787,0.05654342456793521,5.6984975121308306e-08,-0.004283488150114871
2025-01-11 01:00:00,-0.0019826148679447093,0.01223504116641207,6.3472172385888436e-09,-0.002770295673591622
2025-01-11 02:00:00,0.0010176101976111908,-0.03308972039972191,-4.248555670809613e-09,0.005579397745405812
2025-01-11 03:00:00,-0.0017931360992795029,0.029999545450136222,2.063109079194851e-09,-0.00024524884532756
2025-01-11 04:00:00,0.004845615705040085,-0.02814042670444715,-1.246179940144852e-08,0.001116451866394328
2025-01-11 05:00:00,-0.0020679382080625963,0.006926620084813229,8.184345078592726e-09,-0.002344687817928109
2025-01-11 06:00:00,-0.0009539663103296897,0.022621755754803696,1.0727692529004929e-08,0.00026255838065597666
2025-01-11 07:00:00,-0.0027458699324624447,-0.004398862486611069,4.800461197685161e-09,0.002281713060409526
2025-01-11 08:00:00,0.008438260227352687,-0.051457451168504476,-4.6139687675281365e-08,-0.008283563120831276
2025-01-11 09:00:00,0.004564214948474131,-0.04168945955951752,-6.148497834275707e-08,0.010438469504091148
2025-01-11 10:00:00,-0.00098092878763842,0.02974942844377207,9.09239304975723e-09,0.0033032489161490854
2025-01-11 11:00:00,-0.0006136197396597518,0.006896285675086735,9.964709908214078e-09,-0.00259375482100695
2025-01-11 12:00:00,-0.005703521921554881,0.029254449354120027,4.077743009241321e-08,-0.0002915287207820155
2025-01-11 13:00:00,0.007070318690705511,-0.026621242173967476,-4.76213459733822e-08,0.0024950765131252677
2025-01-11 14:00:00,-0.0032791644092766783,0.01108756184526441,1.922592286768078e-08,-0.00687692496981709
2025-01-11 15:00:00,0.010971063357285024,-0.08157367090604838,-1.0329248761825405e-07,-0.003606851270532027
2025-01-11 16:00:00,-0.0026240736536340117,0.003554852143673796,4.9268938355594795e-11,0.003508535248180744
2025-01-11 17:00:00,0.004087344257457403,-0.01732194339336399,-3.436393293944327e-08,-0.002038323958425006
2025-01-11 18:00:00,0.007292000190116469,-0.04295919542344406,-5.9040094490945234e-08,0.0054371645842399546
2025-01-11 19:00:00,0.024991421600162787,-0.07714190970989691,-2.110488217097967e-07,-0.0054167003597450055
2025-01-11 20:00:00,0.0013906365432885094,-0.00783305656193889,1.93505926422135e-08,0.004926175553791121
2025-01-11 21:00:00,-0.0063158470837164065,-0.010937446842330209,4.225342510035882e-08,-0.00199437700565333
2025-01-11 22:00:00,-0.00020203444574571386,-0.010908496296995765,1.2160326648081647e-08,-0.005182859847237662
2025-01-11 23:00:00,0.0018151867716160257,0.00043245617857397403,-4.1633684295618144e-08,0.008016230072068642
2025-01-12 00:00:00,0.014850323238332035,-0.050197281730271666,-1.1030261000208025e-07,0.0034737164557568107
2025-01-12 01:00:00,-0.007904826293316281,0.036866351410441485,6.216872370159901e-08,-0.005039360812232872
2025-01-12 02:00:00,0.0010069992248263892,-0.0178277915754226,3.722813112164841e-09,-0.00019711066959073135
2025-01-12 03:00:00,0.004235187024389954,-0.018281950255248255,-3.3114894286004237e-08,0.0025056550065165584
2025-01-12 04:00:00,0.0001325631213309141,-0.002589000540826844,3.032094662856203e-09,0.0033196861170827286
2025-01-12 05:00:00,-0.006537453115386897,0.009392391878647686,4.253359907616093e-08,0.0005118678162126106
2025-01-12 06:00:00,0.004274190582771615,-0.006772966553184316,-4.5347701156731804e-08,0.000637921791458417
2025-01-12 07:00:00,-0.007480638241191673,0.00613902727420178,5.411131910680546e-08,-0.0002504114378740643
2025-01-12 08:00:00,-0.007578300052162689,0.019425461460222688,2.6204750578468434e-08,0.00010191952743263981
2025-01-12 09:00:00,-0.0020868538837867353,0.010829717589041584,2.4754378263168573e-08,0.0023333538634714187
2025-01-12 10:00:00,0.00020744746648490228,0.0075416119843429415,1.2567025088410927e-08,-0.004362287593286281
2025-01-12 11:00:00,0.0027553873259869173,-0.01643674776447362,-4.3164042972868784e-09,0.0053427739635836646
2025-01-12 12:00:00,0.0025567987351213803,0.0038841421025435975,-5.852042129947335e-09,0.0026846906600594433
2025-01-12 13:00:00,6.962213828979463e-05,0.008783843970540908,2.2777262229630407e-08,-0.004558314136374734
2025-01-12 14:00:00,0.006001602234399341,0.00505163643536117,-3.345430463342442e-08,-0.0019609355049639452
2025-01-12 15:00:00,0.00873037572040626,-0.009153622980302215,-3.921637973494418e-08,-0.006065834690873046
2025-01-12 16:00:00,-0.0015519738438401925,0.001417776494968199,1.0387201708414065e-08,0.0036983036241156546
2025-01-12 17:00:00,0.00036455373561940837,-0.005979537581683263,-1.4279925429689155e-09,-0.0016474811108248201
2025-01-12 18:00:00,-0.00020622460717513723,-0.0010146139071820774,-2.9828971859371414e-08,0.003556594484633417
2025-01-12 19:00:00,-0.002231761168225399,-0.0009161838012886403,8.200103662315506e-09,-0.004385025664497107
2025-01-12 20:00:00,-0.008109135027246021,0.006553315014178871,4.2757933559517175e-08,0.0024201419841255994
2025-01-12 21:00:00,-0.005509168520218477,0.002496709577779888,3.278819934620642e-08,0.003412294302680673
2025-01-12 22:00:00,-0.0008229762850684988,0.00941477460683157,1.9119294008810058e-08,-0.0031179125297233733
2025-01-12 23:00:00,0.009823387969529206,0.0034903137802253627,-3.3928881904263374e-08,-0.005574792730824767
2025-01-13 00:00:00,-0.004477965162484049,-0.01009518907607414,2.525274712254069e-09,-0.007639857908492074
2025-01-13 01:00:00,-0.007667004635772074,-0.01834794095903895,8.935591050782357e-08,-0.014595889770331667
2025-01-13 02:00:00,-0.003909332152561718,-0.0012028071303064442,5.303356143307946e-08,0.0004938875520861057
2025-01-13 03:00:00,-0.0011878729740206649,-0.013616888769521253,9.616134930770848e-08,-0.016510507802312554
2025-01-13 04:00:00,-0.005554922003139605,-0.004925758221997791,6.81735707673282e-08,-0.008268320283930118
2025-01-13 05:00:00,-0.015822803258284536,0.0001043774831031871,1.1123473480556487e-07,-0.016169379848091938
2025-01-13 06:00:00,0.00456966723390931,-0.00016980108669724142,-4.48241677522345e-08,0.0024502211729450904
2025-01-13 07:00:00,-0.007107553386760873,-0.006448158388803059,5.260066233794749e-08,0.003883995796536634
2025-01-13 08:00:00,-0.002665760917417188,-0.007863921929578242,3.240934363302877e-09,-0.006043749688542164
2025-01-13 09:00:00,-0.009181703864891434,-0.005933970177375068,-1.280422758116633e-09,0.004156329826017889
2025-01-13 10:00:00,-0.030030006708866137,0.018914914044993493,1.1652862169683775e-07,-0.0028094431916422533
2025-01-13 11:00:00,0.009150316450721663,-0.011986334562813866,-9.017738787141107e-08,-0.0021482127956860796
2025-01-13 12:00:00,0.0037699901248673313,0.00332010528966583,7.633696571657836e-09,0.0033766740283359005
2025-01-13 13:00:00,0.005125881641841815,-0.03162932320000846,1.1084092465090127e-07,0.01082485734418424
2025-01-13 14:00:00,0.005666389050699972,0.004007187971202279,-6.028161222937806e-08,0.0011505157491832974
2025-01-13 15:00:00,0.0030003655493697386,-0.015751114546340143,-3.7155030791983755e-09,-0.0027837840582958812
2025-01-13 16:00:00,0.0029114351470851583,8.742274323382738e-05,7.110964852992497e-08,-0.0024545906170714044
2025-01-13 17:00:00,0.0047617301543845325,-0.005240755718858558,1.9419726011090358e-08,-0.0020694383854532807
2025-01-13 18:00:00,0.0022131671075033554,-0.0016243601252297908,-3.146465542804172e-08,0.0031432273069970525
2025-01-13 19:00:00,0.019033997861045752,0.012218210052494245,-9.3410411079168e-08,-0.0020923142374004726
2025-01-13 20:00:00,0.0038574574993956376,-0.008291125538994474,1.3127492547807213e-08,0.0031708212562748922
2025-01-13 21:00:00,0.00020258434101422772,0.008069005415500428,-3.013042548032984e-08,0.000537256773352856
2025-01-13 22:00:00,-0.001362976952302629,-0.00021688395771621202,4.011490523000764e-08,-0.000742594366436658
2025-01-13 23:00:00,0.007859875492293838,-0.014265364512056665,-1.7074889665444634e-08,0.0002476908864932154
2025-01-14 00:00:00,-0.0012829055767020212,0.0051891787656637225,2.6816054118305896e-08,0.0001253913890356893
2025-01-14 01:00:00,0.0029374239584469813,0.004886368277779086,-3.0828031481523755e-08,0.0035616271846208676
2025-01-14 02:00:00,-0.0010743196656808939,0.004840786127442153,-2.4924252138169973e-08,-0.0010826350681609107
2025-01-14 03:00:00,-0.014272856278593617,0.015737391665844425,-9.68754850241135e-09,-0.011756312664828631
2025-01-14 04:00:00,-0.009245082653563958,0.0021553190550816677,3.2639290110517284e-08,-0.0035891997976933315
2025-01-14 05:00:00,-0.00040966630556161024,0.004245837817658891,-3.4489659859900126e-08,-0.0023622839912903343
2025-01-14 06:00:00,-0.0025031260176327126,0.00019121697877940775,3.751292973220313e-08,0.002991771975395765
2025-01-14 07:00:00,0.00563019494531356,-0.003344259694602212,3.0255351721206926e-09,-0.0027028693558074123
2025-01-14 08:00:00,0.01274915816647414,0.0035096039071065782,1.0628176512020884e-08,-0.008038190753795452
2025-01-14 09:00:00,0.007399441348245138,-0.014251230295329423,-1.2397679633322513e-08,-0.0034114162375700123
2025-01-14 10:00:00,-0.0014609489312838076,-0.004405694979171939,3.6224771184943984e-08,-0.0035010175962806923
2025-01-14 11:00:00,-0.0072259543264903536,0.001953499467306526,3.868199045133247e-09,0.000762542023749085
2025-01-14 12:00:00,0.0026635855254743285,0.004214618202881496,-4.2339717116845184e-08,-0.003991232011186246
2025-01-14 13:00:00,0.004896516293294208,-0.005856006270716359,-1.0626165272906328e-08,0.0034910680155691492
2025-01-14 14:00:00,0.003533078808124713,0.000723275259750034,-1.6507034234761188e-09,0.003394773806288272
2025-01-14 15:00:00,0.01176077603324046,-0.02007253634439127,-1.1279385900938327e-07,-0.002936471364188686
2025-01-14 16:00:00,0.021801249445120727,-0.023204256286920084,-9.050463406337013e-08,-0.006068955639935058
2025-01-14 17:00:00,-0.006113079105530566,0.014476242880850343,5.023530446961596e-08,0.012212760411643625
2025-01-14 18:00:00,-0.001844791694709278,0.00018876904041213366,-1.3320313295812248e-08,-0.005663657894439826
2025-01-14 19:00:00,-0.006983197891013833,0.010078186745320678,6.38939998409954e-09,-0.005208187152511745
2025-01-14 20:00:00,0.007915084279788731,-0.011250614803340749,-3.2613444865374696e-08,-0.0005734628952421921
2025-01-14 21:00:00,-0.005985764698184171,0.01623352036762586,9.477192666584525e-09,-0.0028985628615750786
2025-01-14 22:00:00,-0.0010596069645244313,-0.002112152502778744,1.4468142849830725e-08,-0.0028822744609890427
2025-01-14 23:00:00,0.002885452268377548,-0.004841668401575957,2.7712288659047722e-08,-0.0022526858900603283
2025-01-15 00:00:00,0.028403723428528534,-0.042479495068589244,-3.424011709794633e-08,-0.015128009978926648
2025-01-15 01:00:00,0.013723579929455713,-0.020456617703852167,-1.2871662518120548e-07,0.0054555147668084855
2025-01-15 02:00:00,-0.005525425031578482,0.012912390162544621,5.223291849625241e-08,-0.002096915469471783
2025-01-15 03:00:00,-0.007550468192922029,0.00712257875737683,3.4609657103295876e-08,-0.00021310196220558704
2025-01-15 04:00:00,0.005572729228985994,-0.010192549488052493,-4.0508472657608547e-08,-0.006895388631589723
2025-01-15 05:00:00,0.0013593772082679985,-0.0020154630256482287,-7.966993648944776e-10,-0.0005640842666346391
2025-01-15 06:00:00,0.017127101443530197,-0.012495748079993702,-9.169418150158063e-08,0.009519472421677042
2025-01-15 07:00:00,-0.0072880161855061855,0.00837237226192787,3.3624317217804704e-08,-0.0008590561588774767
2025-01-15 08:00:00,-0.028960229702603403,0.01966230887958077,1.7959219378161548e-07,-0.00393006132145141
2025-01-15 09:00:00,-0.0008744723431471746,0.004707638962544018,1.623757332627791e-09,-0.0004322227126386136
2025-01-15 10:00:00,-0.0007003774285792097,-0.00036578101682374295,5.825764376209765e-09,0.005589372071416301
2025-01-15 11:00:00,-0.004241694840626347,0.002615438066090348,5.2334620450190993e-08,-0.0008721257914780147
2025-01-15 12:00:00,-0.0024179205247954055,0.051582420601741584,5.530868390892158e-08,-0.012597750931845236
2025-01-15 13:00:00,-0.0018438896683015023,0.019420205833130946,3.1852384359231136e-08,-0.0016137888203296511
2025-01-15 14:00:00,0.03126432645878493,-0.026050903915558064,-2.3305575509214353e-07,-0.003807149187726882
2025-01-15 15:00:00,0.0017206680850834913,0.011354436236366951,-1.5946832749008345e-08,-0.006503138562856639
2025-01-15 16:00:00,-0.00018246413873295765,-0.0039998957012894795,-2.047216041799671e-08,-0.0024629037163397412
2025-01-15 17:00:00,0.011627573415704974,0.0056362226478335236,-4.9012389116395844e-08,0.00024103136771373373
2025-01-15 18:00:00,-0.006906049421520018,0.019166749493998877,6.766481052159927e-08,0.001245972417313738
2025-01-15 19:00:00,-0.005019387786800068,0.008641779739142298,2.0716662345924705e-09,0.0003470768050501078
2025-01-15 20:00:00,0.013111444969317747,-0.009517245241460574,-6.374451114235073e-08,0.006906753546452703
2025-01-15 21:00:00,0.008805173164437758,0.015078126790030767,-1.0390613146456401e-07,0.0025103063851934677
2025-01-15 22:00:00,0.010261350030609918,0.008491624458654052,-1.0046676504377233e-08,0.004001490002118278
2025-01-15 23:00:00,-0.027880434887510686,0.018176806463881326,1.835657769505065e-07,-0.0008058962652324932
2025-01-16 00:00:00,0.018032724549964338,-0.0079591323473624,-1.324732497138592e-07,0.0019594197026079046
2025-01-16 01:00:00,-0.0014361933157038859,0.000137269015305876,-1.5181214225347528e-08,0.0034185357659469785
2025-01-16 02:00:00,-0.0010059231926034607,-0.006756506092327249,-1.5432896801144278e-09,-0.00042933768657286894
2025-01-16 03:00:00,0.003928270673508866,-0.003474797886919655,-2.7356857670528737e-08,-0.0008874303361937876
2025-01-16 04:00:00,-0.004244476754011724,-0.007727372923183845,1.4548030902264691e-09,-0.005725951070839626
2025-01-16 05:00:00,0.005414827443539384,-0.0030883184662437,-2.0182938008412426e-08,-0.001794826748872615
2025-01-16 06:00:00,-0.002238188559369444,0.00032544002000288723,2.3882673661970765e-08,0.0010566943717369855
2025-01-16 07:00:00,-0.020666431904099034,0.010351433077146857,1.1646978242517331e-07,-0.0036315742832501627
2025-01-16 08:00:00,0.014083807866352376,-0.00890442710507029,-9.7810511042801e-08,0.0035788923779914456
2025-01-16 09:00:00,0.002830249994910356,0.005351418490980608,-2.7801048953650623e-08,-0.000243252543032854
2025-01-16 10:00:00,0.004974292375529623,0.04150233467538213,-9.089898653478411e-08,0.00012898082724040107
2025-01-16 11:00:00,0.019417091354550175,-0.002424656526373687,-1.8200184218535225e-07,0.0015828592118657372
2025-01-16 12:00:00,-0.008479955339097288,0.00865692797903309,5.854026145558954e-08,-0.0022635602910856274
2025-01-16 13:00:00,-0.017589136228661508,0.007412034927086467,2.5531656363765492e-08,-0.005157566812351605
2025-01-16 14:00:00,-0.0036853314514379183,-0.03466962889575098,-1.57165416311804e-07,-0.03923783569621234
2025-01-16 15:00:00,0.013634831115337216,-0.0020659510851377566,-9.930715715779189e-08,-0.00537314047919796
2025-01-16 16:00:00,0.012342482292990129,-0.03246906571188975,-7.455840615584877e-08,0.00226580138265856
2025-01-16 17:00:00,-0.006306412223361117,0.002736529588615861,5.4494948691426803e-08,-0.0020947492101176224
2025-01-16 18:00:00,0.008464219922368652,-0.01491008737012235,2.128465904898775e-08,-0.0038663443522892944
2025-01-16 19:00:00,-0.0029028008950384237,-0.0038132231036805833,-1.9413511130294797e-08,0.0048025650371572885
2025-01-16 20:00:00,-0.0095314061353176,0.011421378949626733,7.386720405197153e-08,-0.00029087229477380597
2025-01-16 21:00:00,-0.004585649697900172,0.0040632158549212824,1.5956076089314594e-08,0.004828752012729619
2025-01-16 22:00:00,-0.00042364376820721574,0.006095988049168095,1.529162308495771e-08,-0.0008246048419537492
2025-01-16 23:00:00,0.0006877607114285176,0.0020917986627039314,-6.821601055777281e-09,-0.004398642050164095
2025-01-17 00:00:00,0.01525426797279971,-0.009431956324260799,2.388842593623802e-08,0.007290152871076699
2025-01-17 01:00:00,0.0013373974477793923,0.029363526441503068,-1.7162491482873663e-08,-0.008035273074735736
2025-01-17 02:00:00,0.007870988954594,-0.011154940016770047,-1.0358535512756111e-07,-0.011280255370890594
2025-01-17 03:00:00,0.00821910847070699,-0.01363401535052447,-2.576699088633698e-08,0.0032722854664158723
2025-01-17 04:00:00,0.0015368572311684494,-0.00016159825242773732,-2.9539739021302387e-08,0.002482323212519209
2025-01-17 05:00:00,-0.004147205671640155,0.008706900461414079,5.578856507009843e-08,0.003434137487816994
2025-01-17 06:00:00,0.006733759516306528,-0.017956721875777786,-7.875030539770399e-08,-0.007741077627540634
2025-01-17 07:00:00,0.009202431932490672,-0.016921279809211074,2.995869095286495e-08,0.018782618585360338
2025-01-17 08:00:00,0.0007609510270614293,-0.002596311874260052,-2.9311864375862262e-08,-0.0029463539997230813
2025-01-17 09:00:00,0.005506791669472951,0.00288027569691501,-3.8998046838928496e-09,0.0017880714933658575
2025-01-17 10:00:00,-0.0008581668050279208,0.00409486375238495,2.1787989519948793e-09,0.0014655974927095684
2025-01-17 11:00:00,-0.0018982017653803758,-0.020489364180868688,8.189239460553983e-08,0.002900634471111599
2025-01-17 12:00:00,-0.001656059045786551,0.005284694187400499,-1.3708345567053056e-08,0.0015600399524408166
2025-01-17 13:00:00,0.0050201854853232,-0.0017986895988480148,3.842668244474847e-08,-0.0011936960075108723
2025-01-17 14:00:00,0.0005480575021580077,-0.02359888072753277,7.412138748334272e-08,-0.002557555004558664
2025-01-17 15:00:00,0.009598115135654338,0.006452972801748738,-9.289344487786803e-09,0.0006169138513381169
2025-01-17 16:00:00,-0.0109084039045859,-0.0050228301591643,2.623027003571813e-08,0.0004017843554883992
2025-01-17 17:00:00,-0.002185813815401512,0.005304302326847328,7.955799489755518e-08,-0.0017018916662826181
2025-01-17 18:00:00,0.008511901279701587,0.006003255219246699,4.925562022697213e-09,-0.0005615860990389325
2025-01-17 19:00:00,0.011483740598551083,-0.002712340388680761,-2.104994193429558e-07,5.8448023235831496e-06
2025-01-17 20:00:00,-0.004029430294277465,0.014106219370175178,1.7483240380717837e-09,-0.0012677712190476075
2025-01-17 21:00:00,-0.001256112604614772,0.009898924719070654,-1.0857604582909431e-07,-0.008718485158631153
2025-01-17 22:00:00,-0.00048459763944858807,0.0196545296945484,-1.1670789735426306e-07,-0.005086609532649338
2025-01-17 23:00:00,0.009646507783468204,-0.018537241056679823,-3.558284321812463e-08,-0.0020082692010859183
2025-01-18 00:00:00,-0.009931649720921401,0.007508846986943217,3.14643036756883e-08,-0.002255817040966107
2025-01-18 01:00:00,0.004778845878752816,0.007766309969279008,2.0424098341791593e-09,0.007945423196232839
2025-01-18 02:00:00,-0.01697442395826362,-0.0032765011496615716,1.0876196703811956e-07,0.001816860176198839
2025-01-18 03:00:00,0.02371414355827687,-0.028579811913105567,-8.053418700132263e-08,0.010234471548756157
2025-01-18 04:00:00,-0.018817752739345606,-0.007225962577536227,1.5065846428459895e-07,0.004560501731606536
2025-01-18 05:00:00,0.02593529069147008,0.006415910433950663,-2.120143570047297e-07,0.0017344891811199303
2025-01-18 06:00:00,-0.011051427246550054,-0.0041928602685191415,6.653040247052542e-08,-0.0014668815823557241
2025-01-18 07:00:00,0.012633545661219811,9.583861494948283e-05,-8.378930968717208e-08,0.0022926271371156446
2025-01-18 08:00:00,-0.0065193295672327685,0.0072088588878585795,2.3291582396709886e-08,3.218174268816357e-06
2025-01-18 09:00:00,0.009942692029035714,-0.008467173000614281,-2.8866266612338703e-08,-0.008377317312025498
2025-01-18 10:00:00,-0.00647710011521881,0.016062937494160857,-5.650017572753475e-09,0.009145194798087033
2025-01-18 11:00:00,0.004819489180395349,0.008799839976025098,-6.064544025162966e-08,-0.00528346540966839
2025-01-18 12:00:00,-0.001965767741868369,0.014256178418915763,-3.3076816556878262e-09,0.006963451356151996
2025-01-18 13:00:00,-0.0008741411406790918,-0.0010333418923611064,2.8381625814185554e-08,-0.004344656226734301
2025-01-18 14:00:00,0.020458793978947766,-0.00421003173002302,-4.6278237599332765e-08,-0.015943944889950448
2025-01-18 15:00:00,-0.012400890722551523,0.0008180032632173373,7.320371108153643e-08,-0.012716798724392764
2025-01-18 16:00:00,-0.004467963673387651,-0.00718230411437946,7.263772640799097e-08,-0.009571266057271873
2025-01-18 17:00:00,0.002372884425064732,0.00841823743101612,-3.836321672464082e-08,0.0027704705877173766
2025-01-18 18:00:00,0.006190174452437684,0.001103144294627787,-5.120288080183549e-08,-0.0073117516255300444
2025-01-18 19:00:00,-0.017726560698966956,0.0036747850850969523,1.1736103447846173e-07,0.00781167897010237
2025-01-18 20:00:00,0.002228498111129056,-0.0057198239983840965,-1.9412673659575326e-08,-0.005397083086345568
2025-01-18 21:00:00,0.0036719928580927963,0.0036888907635845456,-2.4059504047014212e-08,-0.0007723526377022524
2025-01-18 22:00:00,0.012509627355365462,0.010682884932101266,-1.6899813771138185e-07,-0.006299784214681854
2025-01-18 23:00:00,-0.007857613910403734,-0.0006214507604314159,3.5575889076499504e-08,0.006779688237079097
2025-01-19 00:00:00,0.00797066970458657,-0.008213879856297124,1.640202697274021e-08,0.004338579495778442
2025-01-19 01:00:00,-0.0011399704758530069,-0.004536578421502751,7.931302118980698e-08,-0.001996287249193342
2025-01-19 02:00:00,-0.00269939360299299,-0.009761515525543628,1.1999709670110946e-07,-0.0056113451935902595
2025-01-19 03:00:00,-0.0018631454694384175,-0.019398055762860442,1.6134090409157311e-07,-0.0057226614055547785
2025-01-19 04:00:00,-0.0048211406342413285,-0.0011147537549003313,6.715107193439396e-08,-0.004421263213091152
2025-01-19 05:00:00,0.011597679718018419,0.010886483687459134,-1.364863910388878e-07,0.013413097504270487
2025-01-19 06:00:00,-0.007346347314820464,-0.002200752557824006,5.077083667654449e-08,-0.0017755914287729093
2025-01-19 07:00:00,0.0018765491416442466,-0.006283795160252344,-5.1168382096128124e-09,0.0146765026986794
2025-01-19 08:00:00,0.000533618898226707,0.0017229468100040358,4.5549969076764585e-08,-0.0021262099860839016
2025-01-19 09:00:00,-0.008341468070519924,0.0018184904702343782,1.790948483341181e-08,-0.0012463360892967722
2025-01-19 10:00:00,-0.002383368268747672,-0.0159040237028943,1.1976754430389385e-07,0.004553726538339427
2025-01-19 11:00:00,0.001750978119417712,0.004121609648881425,-8.329860331871285e-08,-0.013635871803414409
2025-01-19 12:00:00,0.01989151377105185,-0.007713640996945521,-1.307767115591264e-07,-0.000835752299677943
2025-01-19 13:00:00,-0.014378243475442538,-0.006941864756001389,2.1218442917020585e-07,0.014552774614324242
2025-01-19 14:00:00,3.3157311082599806e-05,0.0013283680908093697,-2.8552060151702415e-08,-0.00020108459887530238
2025-01-19 15:00:00,-0.0008947370198916309,-0.002680321240124312,3.033915746092989e-08,0.0015869444672984593
2025-01-19 16:00:00,0.008706424540126625,0.00179179737494831,-8.188047258039964e-08,0.000747345635574922
2025-01-19 17:00:00,-0.0008591474948915533,0.007960020352094699,-5.429629169462488e-08,-0.002146154668707602
2025-01-19 18:00:00,-0.009644197783053993,0.0010468018415485496,1.7947759181687022e-07,0.00800478772408338
2025-01-19 19:00:00,-0.010455607279903332,0.014747793486951051,4.222127716751206e-08,-0.005737343939614256
2025-01-19 20:00:00,-0.04340531267804815,-0.019784715402156785,3.36504384577709e-07,-0.001330300038381848
2025-01-19 21:00:00,-0.009534880794484654,-0.01250531144449827,1.2536747193220473e-07,-0.00281585743041364
2025-01-19 22:00:00,-0.006969281747685447,-0.013848972394951361,-1.3706099968790137e-08,0.00048739531759987446
2025-01-19 23:00:00,-0.027649286008440542,-0.023833003046022375,2.4277284035025175e-07,-0.0029211607853400195
2025-01-20 00:00:00,0.008790935633001738,0.018940914168692362,-1.195416231129692e-07,0.0012222279961379993
2025-01-20 01:00:00,0.005424707184466537,0.001871994879120849,2.2390871148844627e-08,-0.0043351534169170924
2025-01-20 02:00:00,0.0135742952880489,0.011167559147447149,-1.7340901934036913e-07,-0.005584904271527505
2025-01-20 03:00:00,0.006019895416533016,-0.0011171134545629063,1.0575553602744666e-09,-0.001557704838048984
2025-01-20 04:00:00,0.0006831203898584586,-0.005030103130835589,2.0319272664739316e-08,0.0014264144853061386
2025-01-20 05:00:00,0.005464356131155937,0.00036423825561125657,2.5841409857324377e-07,0.009410182815221662
2025-01-20 06:00:00,-0.019483954186631874,0.006535406716656215,-7.134428516617608e-08,0.00356757165618759
2025-01-20 07:00:00,0.0016647543727081153,0.018739870519880162,-6.178912681218377e-08,0.00020713742665068335
2025-01-20 08:00:00,-0.0017908733794107737,0.003611934774193799,7.816016262560998e-08,-0.0036874429080083373
2025-01-20 09:00:00,-0.008745269146255744,0.022632110104399708,-3.912969313884504e-08,-0.005432678572711936
2025-01-20 10:00:00,-0.00035022549098819543,0.0065982161094208305,-3.379471464910628e-08,-0.0038035671065037575
2025-01-20 11:00:00,-0.010025728616132013,-0.015266758325637545,1.4722297821158893e-07,0.004959776409145563
2025-01-20 12:00:00,-0.007399689019617657,0.008537405998877081,-2.246632475681418e-08,-0.0043298930158595095
2025-01-20 13:00:00,0.003476981861885956,0.014651913279726652,-1.319460432172776e-07,0.0010368873590655887
2025-01-20 14:00:00,-0.009086471877031885,-0.015969510719026407,-4.064482320321053e-08,-2.896655609966667e-05
2025-01-20 15:00:00,0.010070193872457379,0.004450942374602982,1.630432067901476e-08,-0.00017874574253116092
2025-01-20 16:00:00,-0.023025649083543504,-0.035088110250670365,2.2776992384039453e-07,0.00309412549408887
2025-01-20 17:00:00,0.011733768444395474,0.0043201801314404435,-1.4417867912563286e-07,-0.002372766396969462
2025-01-20 18:00:00,0.0019632157499597895,-0.010666957262963898,4.232607780292395e-08,-0.0002220293224800551
2025-01-20 19:00:00,5.88750372605099e-05,-0.002446496201168652,7.1415926723388855e-09,-0.0022362669125170153
2025-01-20 20:00:00,-0.011351324661322005,-0.007099433163221741,6.961919895509071e-08,-0.00012117929872018504
2025-01-20 21:00:00,0.008608213921505174,0.011527163001029126,-8.045080006047941e-08,-0.0011746215198562844
2025-01-20 22:00:00,0.0005677797921422919,-0.015647428948824076,7.635524041524562e-08,-0.005858570116516444
2025-01-20 23:00:00,-0.019749807351030838,0.0011585714094491657,2.2123904437174045e-08,0.008852116801791524
2025-01-21 00:00:00,0.005316217484468996,-0.01618688891434102,1.1579258215734614e-07,-0.0018212153090105651
2025-01-21 01:00:00,-0.0015827568925891496,0.017325395667468282,-8.19895434472166e-09,-0.0016652983966594186
2025-01-21 02:00:00,0.004350857691639094,-0.0033346503829202977,9.572347496854111e-08,-0.0038998097643750174
2025-01-21 03:00:00,-0.004433619003568137,-0.0038575758110639736,-1.950212608856715e-08,0.0019396441801373353
2025-01-21 04:00:00,-0.002716559442085712,-0.012232030679798956,9.971746126053092e-08,-0.007082786666153695
2025-01-21 05:00:00,2.1081390426834143e-05,0.016680124776182963,-1.0181861898456973e-07,0.019173560475731183
2025-01-21 06:00:00,0.007166336517543588,-0.004413300399811525,-3.6051229812057355e-08,-0.002695433230333982
2025-01-21 07:00:00,-0.009458740932290977,0.00477373188407048,5.97245691632358e-08,0.00770516777691535
2025-01-21 08:00:00,0.007239891414138228,0.007072028027683364,-8.270775625851032e-08,-0.002479344185406607
2025-01-21 09:00:00,-0.0002923212311234241,-0.010039944057665243,5.430602912534049e-08,0.009806142431957574
2025-01-21 10:00:00,0.022472409922641108,0.0032285737326765733,-1.6747030506057903e-07,-0.003564814980150042
2025-01-21 11:00:00,0.0032932949036313984,0.010447856016934811,-2.766184443208621e-08,-0.002064181525546119
2025-01-21 12:00:00,0.0035994433736763823,0.005452235204928767,-2.848819790260033e-08,-0.006754642005138923
2025-01-21 13:00:00,-0.005394509910606628,0.0007437650938423044,-5.1579385231934894e-08,-0.005111160689365409
2025-01-21 14:00:00,0.007845741482535931,0.0026105696681709605,-2.1985280923584262e-08,0.0014822068804468517
2025-01-21 15:00:00,0.006284582445463531,0.007400818186450819,-2.8688944004387642e-08,-0.003539448456957197
2025-01-21 16:00:00,0.011347408293927734,0.005732694711929394,-5.596004102430883e-08,0.006282148904896561
2025-01-21 17:00:00,-0.0011380166880589817,0.020010592874841047,-1.0458193019847036e-07,0.0036246719268586336
2025-01-21 18:00:00,-0.0070598316100109505,-0.00438845653403461,1.3360980986418506e-07,-0.0034137008510394065
2025-01-21 19:00:00,3.907609963461293e-05,-0.00589445030731524,-3.805680283479899e-08,0.0012894784453193902
2025-01-21 20:00:00,0.0006071166238468394,0.004491298790445184,3.9908060262540583e-08,0.0021064506559063828
2025-01-21 21:00:00,-0.003623853492882435,0.0004240883230015112,-3.228207868353435e-08,0.0009535939008366591
2025-01-21 22:00:00,-0.0023778863306603048,0.005068496437776183,-2.163734188305282e-10,0.00035159019389766104
2025-01-21 23:00:00,0.008811288569598714,0.0020763040043522093,-1.0073682985180129e-07,0.0016003620600830559
2025-01-22 00:00:00,-0.010767806258163762,0.0013816107529196734,4.6191707132163865e-08,-0.002997169879113154
2025-01-22 01:00:00,0.00021395183627183215,-0.004619194787353148,-3.015531924210974e-08,-0.004404680890361511
2025-01-22 02:00:00,-0.004129489780385338,-0.009367128743503405,4.048739183534344e-08,-0.006907813128094371
2025-01-22 03:00:00,0.0012850038955860774,-0.002651436991976594,2.2175718271436627e-08,0.0019126094820512754
2025-01-22 04:00:00,-0.0035541119367471655,0.0006284309796077587,4.2025777844683675e-08,0.000583925863219527
2025-01-22 05:00:00,-0.00011422210428307095,0.0015646805834969451,-4.0749053225752965e-08,0.0002180546004398519
2025-01-22 06:00:00,-0.007471885497409523,0.007821906240003031,-2.02396595043719e-08,0.004520730898950743
2025-01-22 07:00:00,0.001693129357890321,-0.001680778739872758,1.547023416069958e-08,-0.006991449870974695
2025-01-22 08:00:00,0.001007552708389512,-0.005903292298339749,7.860926235933496e-09,0.0015810963566778287
2025-01-22 09:00:00,0.002392440744388448,0.00011134733182452186,-1.0488580813371734e-08,-0.0005493702816407693
2025-01-22 10:00:00,0.007167951032367644,0.0034090779308597365,-9.207569100531561e-08,-0.003079356787677399
2025-01-22 11:00:00,0.000549769448241809,0.002031801446148045,4.3889829821371836e-09,-0.004046431423266826
2025-01-22 12:00:00,-0.006759908365178821,0.012863741669939286,-9.788697918702289e-08,-0.01400942370106991
2025-01-22 13:00:00,0.0005340447257889251,-0.0026488350970470666,2.82590010952107e-08,-0.003597151674207123
2025-01-22 14:00:00,-0.0044519147719721125,0.0014200581139367497,1.0536139328236997e-08,-0.005367474307644191
2025-01-22 15:00:00,0.0034655058890167827,-0.003998301500604179,-4.8053523361263514e-08,8.868600273834607e-05
2025-01-22 16:00:00,0.0030480436416830967,0.007118435257312208,-2.4095853916839234e-08,0.00035670776813621224
2025-01-22 17:00:00,-0.011885759921033908,-0.005137488540011199,1.1583573734842346e-07,-0.0008911796759683995
2025-01-22 18:00:00,-0.0032348912038649685,0.018272639138932435,-2.416584265449771e-08,-0.016591095925076925
2025-01-22 19:00:00,-0.0033696483220070016,-0.005362038815185003,-9.022904569323976e-10,0.007117970263466875
2025-01-22 20:00:00,-0.00046687130269489324,0.0019292972872801207,9.623362125526125e-09,-0.010887490749951136
2025-01-22 21:00:00,-0.0061464790082734816,0.0005370074714076128,2.8907034520629244e-08,0.002615533529978498
2025-01-22 22:00:00,0.0034762602735020093,-0.00545381044122459,-1.1964427964598266e-08,0.003204317352044942
2025-01-22 23:00:00,-0.00045723052817402045,-0.008726055348313807,3.376820531946648e-08,-0.0004717106645055568
2025-01-23 00:00:00,-0.007424320250727143,-0.0027840648186416538,5.957948880450964e-08,-0.0005703152285125552
2025-01-23 01:00:00,-0.0017041535493092,-0.0012262706650614393,1.6324261318883008e-08,0.005082936899258314
2025-01-23 02:00:00,0.0013553715980460402,0.009451715580963475,-9.18069317180731e-08,0.003076421013239708
2025-01-23 03:00:00,-0.007277425815593581,-0.008938853253585257,8.928022698286516e-08,-0.003559739993072908
2025-01-23 04:00:00,0.004185083613536172,0.007388519924466527,-4.866648613525594e-08,0.0001281466032938133
2025-01-23 05:00:00,-0.0010353651053597152,-0.006720807339190823,4.228161460345661e-08,-0.0019980575174583836
2025-01-23 06:00:00,0.0043203099489902315,-0.0007808424036958552,-2.10914981431546e-09,0.0022253756884174085
2025-01-23 07:00:00,-0.004593445850060049,-0.005891532071744078,6.283794802259816e-08,-0.0025542837145343263
2025-01-23 08:00:00,-0.005183053680300358,0.004372242126120349,-4.799628337968046e-08,0.0026726998092854617
2025-01-23 09:00:00,0.00011229957185196569,-0.004309177815200263,4.016665185066888e-08,-0.004856085094757266
2025-01-23 10:00:00,0.005804374231395682,0.004499674436758198,-4.846902874426999e-08,-0.006160154728816106
2025-01-23 11:00:00,-0.005952253475616099,-0.00047323264828014904,3.445036939612346e-08,-0.0005700879351963525
2025-01-23 12:00:00,0.00977102824179375,0.004559817411860982,-5.81357597162074e-08,0.007188146518995038
2025-01-23 13:00:00,0.004104090896937985,0.00908826217562956,8.480024957857358e-08,0.009121455446749699
2025-01-23 14:00:00,-0.005326483605628787,-0.01156956266056969,8.274923806146324e-08,0.0023427551720488567
2025-01-23 15:00:00,-0.004284696765036673,0.008466237089904098,-5.3196856958481635e-08,0.001766062073432811
2025-01-23 16:00:00,0.00428739391767154,0.007294704534498549,3.3832633793393985e-08,-0.006545955303301567
2025-01-23 17:00:00,-0.01163184831556536,-0.0012951278486191488,5.049071743695252e-08,0.003640635615568604
2025-01-23 18:00:00,-0.005461140104255274,-0.009499438724745441,-3.148465235478252e-08,0.00262892507986272
2025-01-23 19:00:00,0.0045068639967476565,0.003490796237661019,-1.808645277021557e-07,-0.004166651070193135
2025-01-23 20:00:00,-0.00988018652641054,-0.006341518128243843,2.7256470562973752e-08,-0.004625083946463676
2025-01-23 21:00:00,0.013318490096733658,0.0017600252678110005,-1.3879410749097636e-07,-0.004302715266917719
2025-01-23 22:00:00,-0.0009609900303821251,0.002796367587008345,1.2671786651286792e-08,0.002594314198119142
2025-01-23 23:00:00,-0.0172754341607756,0.011231443881990216,9.107349356549017e-08,0.0048540785486404624
2025-01-24 00:00:00,-0.0016216213225937251,-0.006566403283805231,9.545274091843771e-09,-0.003034584047579361
2025-01-24 01:00:00,-0.007610420201120223,-0.007065508431741409,7.444707019326174e-08,-0.004308605893286367
2025-01-24 02:00:00,0.015366760707924688,0.01056693325275183,-1.227843665590594e-07,0.009048775678161224
2025-01-24 03:00:00,0.00931415315237708,-0.0004960688681673943,-4.89908496877106e-08,0.002965232725958702
2025-01-24 04:00:00,0.01724602852931804,0.009402046723214003,-1.0839887034891171e-07,-0.004175563531007829
2025-01-24 05:00:00,-0.010663823824304575,0.01581647653348304,-4.530240350331713e-08,0.0020649470310078995
2025-01-24 06:00:00,0.004185439809520811,-0.008055794192414029,5.683306697601876e-08,-0.004863703632961017
2025-01-24 07:00:00,0.005116955980586439,0.012545739201681849,-8.313100584454419e-08,0.00015461534571633366
2025-01-24 08:00:00,-0.0008646363311952772,0.0022194601495165245,-2.665177378445032e-08,-0.004182751390693155
2025-01-24 09:00:00,0.005825988181163404,-0.004462177508802889,-3.5903010891214668e-09,0.0006684371939343152
2025-01-24 10:00:00,-0.0037609101230532387,0.004440703733652477,-5.358577673461903e-09,-0.005606488094789863
2025-01-24 11:00:00,-0.0010828256715532862,-0.007189333253866657,3.594260379670304e-08,-0.007027629508793548
2025-01-24 12:00:00,-0.003973105907780037,-0.006232179113645017,8.152774637328667e-09,-0.006066157486770572
2025-01-24 13:00:00,0.01676149426098367,0.011904127160047807,-5.54585424674222e-08,0.013168470720480809
2025-01-24 14:00:00,-0.0037621079302984856,-0.0067235378466995515,8.423337402399257e-08,0.0002464974209706454
2025-01-24 15:00:00,-0.00900259506353297,-0.005463509521904305,8.965335965784893e-08,-0.003800792270389929
2025-01-24 16:00:00,0.00045768268256091583,0.0012827338972598806,5.280031270798568e-08,-0.0037422560616679383
2025-01-24 17:00:00,-0.0018645002873602856,-0.0024039855731847193,-8.568379450739913e-10,0.005110888519732686
2025-01-24 18:00:00,-0.004237834258180003,0.0007230285805441375,-1.2670852557572417e-08,-0.0008537850129413874
2025-01-24 19:00:00,-0.00919732114915148,-0.006006490346096538,6.066773314410227e-08,0.005831387738135493
2025-01-24 20:00:00,-0.0052637256251964765,-0.004019505771152375,1.9876175185037595e-08,-0.00763121076023545
2025-01-24 21:00:00,0.00025167685529202226,-0.00946044089475747,6.880693068184737e-08,0.00866055606787102
2025-01-24 22:00:00,0.0006731816436999737,-0.0039577119442881425,2.560808046888707e-08,0.0007001412920511391
2025-01-24 23:00:00,-0.0032604252619344827,-0.015692027941011447,8.418373595877126e-08,0.002419368334689449
2025-01-25 00:00:00,0.014758809781668204,-0.00222210395971138,-7.16131145716695e-08,0.007186760686005341
2025-01-25 01:00:00,0.005909979000723011,-0.006627957864456146,-3.64271935102037e-08,-0.005031482193851015
2025-01-25 02:00:00,0.00188001458299603,0.00474814415134422,1.2257902192839216e-08,0.004476040781994851
2025-01-25 03:00:00,0.0014758572965998164,-0.0067349685112595495,-3.1518626953158705e-09,-0.003446512236832101
2025-01-25 04:00:00,0.0019222086331729506,0.004706370567335574,-4.5239204496943415e-08,-0.0072541619934526165
2025-01-25 05:00:00,-0.0038240551741311433,-0.0005960470262631204,3.033754496158133e-08,0.002487943395015071
2025-01-25 06:00:00,-0.0007749889559006983,-0.0021481288396973854,2.1496559730862563e-08,0.001435536138966887
2025-01-25 07:00:00,-0.0010766139100883267,0.0021090982913389614,-6.614394319505544e-09,0.0010104080950516772
2025-01-25 08:00:00,-0.002051364741957337,0.004572479228159064,8.065205776028965e-09,-0.005331143237889269
2025-01-25 09:00:00,0.0036188180063024137,-0.0042648501559746825,-3.9904866685822445e-09,0.0056876846837902425
2025-01-25 10:00:00,0.0046766649352373135,0.00014973791056295082,-2.8940338754462495e-08,-0.001704384553348793
2025-01-25 11:00:00,0.007396897366417722,-0.007896018377832631,-1.5912600723229234e-09,-0.009238947114606202
2025-01-25 12:00:00,-0.002030130643419178,0.0033424755308534035,-1.096673810097643e-08,0.004165602396178573
2025-01-25 13:00:00,0.0018673092781458169,-0.006045412835813924,-5.584420474559555e-09,0.0046174028775191125
2025-01-25 14:00:00,0.008136367040078373,0.001071748946030486,-5.633835098401776e-08,0.00101358051968963
2025-01-25 15:00:00,-0.0032537722547928455,0.002264927185511728,-6.8499482698743825e-09,0.0031635514602056953
2025-01-25 16:00:00,-0.0059671576685351715,0.014723320618921319,1.2759503772020591e-08,-0.0020616840968439767
2025-01-25 17:00:00,-0.0012543089919463844,0.007138143182253114,-1.2780895550507547e-08,0.0005522853306145148
2025-01-25 18:00:00,-0.0002850755929281099,0.0033196660311892554,-6.544905197588387e-09,-0.004141933769807406
2025-01-25 19:00:00,0.0005866834583913754,-0.0027473050317108802,1.097564350562925e-09,0.007906253251759908
2025-01-25 20:00:00,0.005387229113721503,-0.0063493423285424355,-8.418637988051791e-09,0.003441128535683989
2025-01-25 21:00:00,-0.004689662548866891,0.007508070871105631,1.1105733125015903e-08,-0.0015497611400696984
2025-01-25 22:00:00,-0.0037009732650314935,-0.0048781722322113604,2.641031898601171e-08,0.0013787741773663084
2025-01-25 23:00:00,0.0029579973227925067,-0.0005833750826661618,-3.2968822482700656e-08,0.0022035198550774435
2025-01-26 00:00:00,0.005298989190369972,-0.007272225618052166,-1.5499213887627624e-08,0.0012115610255987817
2025-01-26 01:00:00,-0.0037436644939076663,0.0049149790085575825,1.9497409149926963e-08,-0.001274994001527299
2025-01-26 02:00:00,0.0029425462797573383,0.007661966888438559,-2.6541137595161553e-08,-0.0021361041197657687
2025-01-26 03:00:00,0.0010129587139117101,0.0021148892774474535,-1.0983876836410869e-08,0.0016230011861079233
2025-01-26 04:00:00,-0.001665012403593047,-0.00034440786199593847,9.096066913792003e-09,0.0004993203644689175
2025-01-26 05:00:00,0.00035326901131296675,-0.001619777559476373,-6.882212655610489e-09,2.6559485594079962e-05
2025-01-26 06:00:00,0.0008275055129561793,0.003724148108308389,-2.188859313370304e-08,-0.00019478893153445823
2025-01-26 07:00:00,-0.0008548642083454094,-0.0054792625543154515,3.0149006220439315e-08,0.003060651687169888
2025-01-26 08:00:00,-0.0104962561637725,0.0030763780084978893,5.5566188448057086e-08,-0.00548027037287051
2025-01-26 09:00:00,0.0007469022229207536,0.001449421573247532,-5.3032496902343675e-09,-8.390872445310742e-05
2025-01-26 10:00:00,0.0022267679015147207,0.001722237922693197,-1.6141467452505914e-08,0.0004018647549631713
2025-01-26 11:00:00,-0.0023344514071541173,0.006907472971338615,6.261042692119121e-09,-2.7263306643277166e-05
2025-01-26 12:00:00,-0.0021418268501380666,0.0007859689745518105,2.3395890192205217e-08,-0.0013456755268901777
2025-01-26 13:00:00,0.0017770723428681132,-0.003677933574648665,-6.238526213044915e-09,-0.003655033436189523
2025-01-26 14:00:00,0.00030321561231008893,-0.0010413799136087614,6.130526615720629e-09,-0.007096952549038037
2025-01-26 15:00:00,-0.0025118955348350383,0.006550421714884943,-6.941373502901209e-09,0.008297912383723259
2025-01-26 16:00:00,-0.0005956488392673885,0.004813358391255839,-1.2793814782718653e-08,0.005898201403279151
2025-01-26 17:00:00,0.003562084710816488,-0.0022348926277000656,-6.67699770567418e-09,-0.00114237350153248
2025-01-26 18:00:00,-0.003861875801049073,0.0072273027103164,-1.9892821120025684e-09,0.00497634230456867
2025-01-26 19:00:00,-0.0033898457812046364,-0.007261322976868454,3.9280896233097385e-08,0.004152181297652537
2025-01-26 20:00:00,-0.011237695971223736,0.0019893247655325915,7.01962032691383e-08,0.0018558149911775223
2025-01-26 21:00:00,-0.004410532112241471,-0.008383399346325957,3.300892464651789e-08,-0.003023507538777206
2025-01-26 22:00:00,-0.021251698420527303,0.0044631779669933236,4.887344619072294e-08,0.003308550745726836
2025-01-26 23:00:00,0.0002150823795715115,-0.004455492769112771,-1.6728129491714402e-08,0.004023341233413305
2025-01-27 00:00:00,-0.0002612454324761185,-0.005582621669809869,1.2509090580607079e-08,0.0024937146952274665
2025-01-27 01:00:00,-0.0007614080255387073,-0.001197536263943772,2.387788214314483e-08,0.003917817692855943
2025-01-27 02:00:00,0.00524228152448819,0.003670885643789564,-2.45165249652749e-08,-0.0010566803841683208
2025-01-27 03:00:00,-0.009978312518281185,-0.011469812597016125,2.6790340574282852e-08,-0.0009267611720190914
2025-01-27 04:00:00,-0.004540499401324068,0.002835770553920687,3.6323013452101805e-08,-5.737607229630181e-05
2025-01-27 05:00:00,-0.02026837965922834,0.006103767622109204,5.623756110484702e-08,-0.0005239471887752835
2025-01-27 06:00:00,-0.010390956847251382,0.005496161666179222,1.0772976253117127e-07,0.0028297810993734127
2025-01-27 07:00:00,-0.006021501295277086,0.0020820368558436605,6.739519023008021e-08,-0.0010048221741202495
2025-01-27 08:00:00,0.007596799784313159,0.009152606110761114,-1.402414959603448e-09,-0.003762654826213913
2025-01-27 09:00:00,-0.012617572165832328,0.005543337758684137,8.071185862300731e-08,-0.0037765653383749396
2025-01-27 10:00:00,0.007946732968032352,-0.0023518110700983226,-5.675379703700578e-08,0.002062076440428218
2025-01-27 11:00:00,0.007956094445933124,-0.0040954876899296794,-6.373579216864419e-09,0.009941248133847466
2025-01-27 12:00:00,0.0036038968325526185,-0.0012694557695795408,-2.15430837461508e-08,-0.001051529320291382
2025-01-27 13:00:00,-0.00017752973378948322,-0.003616806390263861,1.0057791048759843e-08,0.007982241532786004
2025-01-27 14:00:00,-0.0054547059575432814,0.006631022622467935,-5.322884367463805e-09,-0.0008779717413410184
2025-01-27 15:00:00,-0.015060836279043427,0.006090194998476771,1.8287755134290674e-08,-0.0006548123673345155
2025-01-27 16:00:00,-0.006911962076003694,0.005321615903431276,1.4476651540794092e-08,0.0009724949746669048
2025-01-27 17:00:00,-0.011195702306836702,0.008201761735414924,1.106979799636449e-07,-0.0005369010617713005
2025-01-27 18:00:00,0.007036037212039493,0.0013040725895025896,-3.003630707019593e-08,-0.0010057127969178158
2025-01-27 19:00:00,0.016322984286472716,-0.001127036179922124,-8.44259184229954e-08,-0.015040867762803615
2025-01-27 20:00:00,0.008163623483324485,-0.0054572204889541944,-4.377744129731222e-08,-0.005683068283292327
2025-01-27 21:00:00,0.00928073939540667,-0.005551673381457689,-4.8331084310663877e-08,-0.0036198894706035447
2025-01-27 22:00:00,0.007232348684605448,-0.0029885212535619467,3.442423916838892e-09,-0.007426867204772133
2025-01-27 23:00:00,-0.004559586086015874,0.0005835143956505435,1.557119442889007e-08,0.0017959727337237515
2025-01-28 00:00:00,-0.002733397987203543,0.003392796466050548,-2.4168577756616704e-08,0.0030690728892021567
2025-01-28 01:00:00,0.010078520187915647,-0.010514667491566338,-1.2725792250819248e-08,-0.00789202217617
2025-01-28 02:00:00,0.0021560805622877675,-0.0008632392425502279,2.628769633091516e-08,-0.005705973921176975
2025-01-28 03:00:00,0.008406225744300139,-0.0009898815253988555,-7.24065935851646e-08,0.006227633928256993
2025-01-28 04:00:00,0.004878213554348451,-0.0036780834754667575,-2.669352493786618e-08,0.008230526707886068
2025-01-28 05:00:00,-0.010041468118359886,0.0012141730058612638,4.602730653750822e-08,-0.005012912179096681
2025-01-28 06:00:00,0.006134154622046943,0.00494944258723835,-4.6288539497220915e-09,0.005774463790751114
2025-01-28 07:00:00,-0.009480481245562345,0.0052467944624979106,5.758253184567584e-08,-0.004578004441189067
2025-01-28 08:00:00,-0.0045044076442103936,0.0017386789705513951,3.993606546366382e-08,-0.0020762733127302462
2025-01-28 09:00:00,-0.01467888161423378,0.01202070572546657,6.575577878233795e-08,-0.014106995539064181
2025-01-28 10:00:00,0.0004973397776299257,-0.0010655400737367197,1.6600223839419078e-09,0.0007612922318854957
2025-01-28 11:00:00,0.008506623098481953,-0.008285200501167551,-1.7725457171031197e-08,0.01724930793285298
2025-01-28 12:00:00,-0.005145181873370404,0.002935794384341294,2.2999510252176714e-08,-0.005037821190802938
2025-01-28 13:00:00,0.00011517179493603287,0.00018133419458713973,1.9997421919726895e-08,0.0038115348693209773
2025-01-28 14:00:00,0.004936647558048267,-0.0033659406390670475,-4.381605568063313e-08,-0.004009791536164618
2025-01-28 15:00:00,-0.009559630750711047,-0.0030203679362825336,4.755314038295956e-08,-0.0018211577858725193
2025-01-28 16:00:00,0.004353558965449672,-0.0062643135399190345,-9.518256995654439e-09,-0.0018588189696126516
2025-01-28 17:00:00,-0.01280547218717128,0.004373930586057539,8.805831492296754e-08,-0.002746961207129619
2025-01-28 18:00:00,0.000955527815086586,0.0036863891021413717,7.682559196961858e-09,-0.0004228273322871625
2025-01-28 19:00:00,-0.01665842687180156,0.002194517743478365,4.528069539480473e-08,0.0027551489187762172
2025-01-28 20:00:00,-0.006413603576829476,-0.0016817845262094267,1.524523146517481e-08,0.005813121679758095
2025-01-28 21:00:00,-0.0016627642681942053,0.004184186214285901,3.3279232391919145e-08,-0.006625096166064362
2025-01-28 22:00:00,-0.0035476739326487073,-0.0005710810421342236,3.9134345103015676e-08,0.005873993097915018
2025-01-28 23:00:00,0.008548483376512232,-0.0001925405773112435,-5.2070609127349545e-08,0.0012227852644642028
2025-01-29 00:00:00,0.0032959349949715153,-0.0029531538071570313,-2.8810136105128447e-08,0.0017263163186299001
2025-01-29 01:00:00,0.00017117526209664102,0.002039698949910899,-1.3399399898837978e-08,0.0006570209936034222
2025-01-29 02:00:00,0.010286626857315757,0.004527463329986293,-6.03751244427059e-08,-0.0030394366831686067
2025-01-29 03:00:00,0.0024745930707069956,0.0017106868583808045,-2.3054046910582918e-08,-0.0011827793067249197
2025-01-29 04:00:00,-0.0009587160913383094,-0.002640337154836039,2.496451975303621e-08,0.002477012335399067
2025-01-29 05:00:00,0.016887722342207926,-0.004844749448619787,-7.057973396786038e-08,-0.007037683430033604
2025-01-29 06:00:00,-0.006662363889543797,0.0011529208434220253,2.3125519842062654e-08,0.004916690619977511
2025-01-29 07:00:00,-0.005149902168031882,2.30280255539687e-06,5.001299606741235e-08,0.0004275120584816641
2025-01-29 08:00:00,-0.0072973987792314616,-0.006863896951678151,4.068722281306932e-08,-0.0047628298211755404
2025-01-29 09:00:00,-0.002943153621626815,-0.0023472473846193856,2.1868290211072555e-08,-0.004707285006153826
2025-01-29 10:00:00,0.005612706921270371,-0.005605546605145223,-2.084280264439726e-08,0.0034760985548704815
2025-01-29 11:00:00,-0.010470568763224119,-0.0015541653675028501,5.723879478081297e-08,-0.0034574446009914416
2025-01-29 12:00:00,-0.0022924158264149962,0.009296746821813558,5.290574227223035e-09,0.006001203199449648
2025-01-29 13:00:00,-0.0018162694976375678,0.004545335490889585,3.939219695448091e-08,0.0014881853705956897
2025-01-29 14:00:00,-0.0024298159018609636,0.002229794636445547,-1.9523420855877784e-09,-0.004855685157317976
2025-01-29 15:00:00,-0.007555761472808398,0.007620185835615159,6.485847755456035e-08,-0.002378446453267074
2025-01-29 16:00:00,0.007526526561532539,-0.003462153601786449,-3.659588238540004e-08,-0.0030557511360868247
2025-01-29 17:00:00,0.006648554210809642,-0.005783504389137139,-2.9416987722120437e-08,0.00594281971221485
2025-01-29 18:00:00,-0.0048943381159410985,0.001306854094633853,8.317471947140968e-08,0.0048369576893333936
2025-01-29 19:00:00,0.002967691007058476,-0.007241881721906157,-2.8127745433550747e-08,0.0069427432336398465
2025-01-29 20:00:00,0.008035503814094534,-0.01028668243708708,-1.0387632111334412e-07,2.746274808967789e-05
2025-01-29 21:00:00,-0.0018289607000149533,4.610293602414994e-06,6.537787088181827e-09,-0.0031655257317352125
2025-01-29 22:00:00,-0.005703405846937761,-0.005548380336744849,9.077313545361747e-08,0.0031626169945817013
2025-01-29 23:00:00,0.0041821829453002335,-0.0002113579096716028,-2.403472338557519e-08,-0.006139310018827996
2025-01-30 00:00:00,0.016441939593431994,-0.018800816500589432,-1.1355088998784274e-07,-0.00453593411129758
2025-01-30 01:00:00,0.004096426354668175,0.005321471857836748,-1.1161287042851895e-08,0.0004720165601595135
2025-01-30 02:00:00,0.006528663147624261,0.00031352746383442207,-7.404193613632855e-09,0.0016702524326755934
2025-01-30 03:00:00,0.018511479747598425,-0.027763256261799048,-1.091959000979288e-07,-0.004635472442574649
2025-01-30 04:00:00,-0.0028915412679062346,-0.0006427416399796921,2.0059426470485686e-08,0.004544369122921895
2025-01-30 05:00:00,0.006890374360053237,-0.01411736832907701,-5.90048138335328e-08,0.002066420015883948
2025-01-30 06:00:00,-0.0038179477122093613,0.004100285413761034,2.1739158569712813e-08,-0.0011790214324028173
2025-01-30 07:00:00,-7.347462784711807e-06,-0.002160577606491045,-1.6123541834703078e-08,-0.0024586089149395227
2025-01-30 08:00:00,0.0029910146356328725,-0.004634684486527794,-2.4981047033223453e-08,-0.006489774310281576
2025-01-30 09:00:00,-0.003009238285004195,0.0054137588475779005,6.863532562008339e-09,-0.0030741880173807876
2025-01-30 10:00:00,-0.004036085405135082,0.009394156566678974,2.9219529145818398e-08,0.0006925688401523753
2025-01-30 11:00:00,-0.014983527236850773,0.009885062718289733,4.346581559925253e-08,-0.013071551791342345
2025-01-30 12:00:00,-0.0025349873764312445,0.009554276112998503,-2.696505943018535e-08,-0.005197840126465102
2025-01-30 13:00:00,-0.0025140077975739448,0.026934147555548474,1.1058390287345958e-07,0.0032217445727889702
2025-01-30 14:00:00,-0.002361848215920113,0.002326265511657595,-1.2050161487551478e-08,0.00020154648098288127
2025-01-30 15:00:00,0.003947085247834212,-0.010178865229752575,-1.7175504490207462e-08,0.0010354616846929552
2025-01-30 16:00:00,-0.005928758478847718,0.006284578761695029,1.2600874038812942e-08,0.0012555960391205344
2025-01-30 17:00:00,-0.000709165711699814,0.001696713722866853,3.0501520057573686e-08,-0.0012662218502292348
2025-01-30 18:00:00,-7.207943191305747e-05,0.0031457074978435496,1.0340212987845394e-08,0.0034424757091360914
2025-01-30 19:00:00,-0.005791373911254699,0.00011599185486166127,-2.0254299087795223e-08,0.003958886130562036
2025-01-30 20:00:00,0.005575475927528472,-0.020315114516055742,-5.723551118588254e-08,-0.004819068250510889
2025-01-30 21:00:00,0.001313574594576249,-0.0027902125862537858,-1.0963271634388056e-08,-0.0015874624705616194
2025-01-30 22:00:00,-0.0007743369309338244,-0.005175417505749515,-2.2677636771630087e-08,0.0011702051132098524
2025-01-30 23:00:00,-0.0026334367546511895,-0.0005246125799895909,1.0405818837337336e-08,-0.008998882863327288
2025-01-31 00:00:00,-0.0011749057745336427,0.00023188193081526295,-2.101228689213643e-09,0.002444253827534457
2025-01-31 01:00:00,-0.004711166898855914,-0.0066548092842861825,5.4322189937876e-09,-0.0057655822461966785
2025-01-31 02:00:00,-0.007539208514317091,0.00571616234019805,6.061663379434469e-08,-0.0030356771531601565
2025-01-31 03:00:00,-0.0016392930760560827,-0.010210577486974551,-6.029598716370341e-09,-0.007544542176010289
2025-01-31 04:00:00,0.011423455736249302,-0.0027408511527063596,-7.731972609406403e-08,0.0017578861408246113
2025-01-31 05:00:00,-0.0076271203730574316,0.021496648029011408,5.044140662329289e-08,0.00971396733335475
2025-01-31 06:00:00,-0.003207804959262552,0.00044583515897555684,4.6263890804954736e-09,-0.001159954849632645
2025-01-31 07:00:00,0.0023625526383892143,-0.013323582455433757,-2.5330622351409084e-08,-0.001937354162609555
2025-01-31 08:00:00,0.004867504142461515,0.00427942520105224,-2.7754831011019927e-08,0.00027565498891348454
2025-01-31 09:00:00,0.007788775791569511,-0.019172055046495835,-7.379805823775268e-08,0.003411424445816312
2025-01-31 10:00:00,0.010619178274371317,0.013706848957291294,-4.598872333362552e-08,-0.005525805295795537
2025-01-31 11:00:00,-0.00243209369574093,0.009473752972662099,8.390523302852427e-09,0.0016959693180140568
2025-01-31 12:00:00,-0.012420593953851061,0.019312895941043236,9.658368447240578e-08,0.0036447456606904073
2025-01-31 13:00:00,-0.006631594806984527,0.01109599912764515,5.2352901048988115e-08,-0.004555209373255492
2025-01-31 14:00:00,0.007362609570117615,0.021554112248887324,2.5863341503809987e-08,8.82594679302133e-05
2025-01-31 15:00:00,-0.006941104364951154,0.002859838866881614,1.937951730130278e-08,0.0015469184206751928
2025-01-31 16:00:00,-0.002519709424521589,-0.020800170862308467,-2.073288984070823e-08,0.0025089938133394385
2025-01-31 17:00:00,-0.010805894304283671,-0.010281624679096555,-7.424001331931278e-08,0.001017171979292028
2025-01-31 18:00:00,-0.0027541292802503317,0.005531875955476665,-1.2321824444515535e-08,-0.0005764140481368479
2025-01-31 19:00:00,0.006120898335142895,-0.010359642294928794,-7.315522840180367e-08,0.003312211356295992
2025-01-31 20:00:00,-0.0003896730569481867,0.004958124298031445,5.340797887720896e-09,-0.003101989202112748
2025-01-31 21:00:00,-0.0040456399253114604,0.01201935717306867,5.417786017795993e-08,0.0012237508613249732
2025-01-31 22:00:00,0.0025619068409375207,-0.0054630884842746886,-7.942987499397667e-09,-8.213449999576759e-05
2025-01-31 23:00:00,0.0044411900160540585,0.005077552269214832,-1.8999524577125186e-08,-0.0033516143488029858
2025-02-01 00:00:00,-0.002592222599310785,-0.0001409587971619763,5.581702004642028e-09,0.00309804220060405
2025-02-01 01:00:00,0.012066947565401045,-0.01911856958871237,-1.1437627958605455e-07,-0.0009872257008164036
2025-02-01 02:00:00,-0.0025982779880096662,-0.003567942624128675,2.2765694868901103e-08,-0.0017590727538000898
2025-02-01 03:00:00,0.0016013086292446612,0.0027290146997926636,2.810483279648161e-08,-0.004649025812048476
2025-02-01 04:00:00,0.012735946384816028,0.0017143076647111925,1.4129232843811357e-08,-0.014607342736363542
2025-02-01 05:00:00,-0.001616898404116943,-0.003256440477050431,1.814076844152342e-08,-0.0012471822810334906
2025-02-01 06:00:00,-0.013595188283277479,0.015865964999862696,9.77481644858847e-08,0.0020833083553006776
2025-02-01 07:00:00,-0.0007158995188844912,0.004689492273727791,-1.619347681873097e-09,0.00463773918108732
2025-02-01 08:00:00,-0.013943012411213708,0.0033857758328922453,1.0246986303178035e-07,-8.1954298062248e-05
2025-02-01 09:00:00,-0.003943082709683015,0.0066769941007087195,2.65851421720823e-08,-0.0009944675369283524
2025-02-01 10:00:00,-0.001524291382491767,0.01177551264625309,2.7993055881029977e-08,-0.005873264477284071
2025-02-01 11:00:00,-0.00028583412759739435,0.0029278686103721492,2.923479974720557e-08,-0.0018447796976179807
2025-02-01 12:00:00,-0.011516081206208499,-0.004169993416402724,4.9777326352858594e-08,0.006660851801843061
2025-02-01 13:00:00,-0.0027583576407985144,-0.001681037756520471,2.6725975455429905e-08,-0.0011625967732747024
2025-02-01 14:00:00,0.0009477809795922934,0.0030430627292244894,6.2807060722789285e-09,0.00654409819671434
2025-02-01 15:00:00,-0.0029566336614297167,-0.0066418516618330856,1.5821750458931928e-08,0.0011938898650149631
2025-02-01 16:00:00,0.005210247769713406,0.00528154862589189,-1.9350492712436595e-08,-0.0015476276636213731
2025-02-01 17:00:00,-0.005265150691649638,-0.006915400042592404,3.5374849208512286e-08,-0.000539320357239605
2025-02-01 18:00:00,-0.012991854122807404,0.003691364050551203,9.290620935084952e-08,-0.0011004907121055832
2025-02-01 19:00:00,-0.005154595303984354,-0.00016700352786623988,2.5753908958359206e-08,0.004345030864753663
2025-02-01 20:00:00,0.003406831367302888,-0.005367367694074437,-7.826248863363431e-09,0.007449810074858201
2025-02-01 21:00:00,-0.010271099483705175,-0.008050181846937291,1.7031425063342366e-08,-0.009336080285278941
2025-02-01 22:00:00,-0.010379900205034284,-0.0014246021550382221,6.206811267926864e-08,-0.006196402164521766
2025-02-01 23:00:00,0.010766664970775006,0.003254099981634565,-7.644511370899575e-08,-0.007587964989070443
2025-02-02 00:00:00,0.0035816943408145214,0.007853166784866368,-2.6273348951014955e-08,-0.004496846292499236
2025-02-02 01:00:00,-0.013198867198835172,0.0022049804275229338,7.115680630082765e-08,-0.003915047048572623
2025-02-02 02:00:00,-0.013815203798592916,-0.021738113759573043,4.043465300551809e-08,0.0046444367312308815
2025-02-02 03:00:00,0.004630140142394799,-0.0005476737289883995,-2.4904185999260367e-08,-0.0017611663283694386
2025-02-02 04:00:00,0.014872607918488098,-8.035453380831531e-05,-8.022167758637903e-08,-0.0019455987263578126
2025-02-02 05:00:00,-0.0026878685948589012,0.0029289968115954255,2.4760700636973633e-08,6.604230338994002e-05
2025-02-02 06:00:00,-0.006442880531758336,-0.004969236177060744,-3.4970721115560515e-09,0.0011855874259064274
2025-02-02 07:00:00,0.0021255086248872365,0.009029353604128853,-2.1397416293264114e-08,0.0047645696089683685
2025-02-02 08:00:00,0.003590146751588334,-0.0026935020597256094,-3.6516179014757294e-08,-0.0027988607466453105
2025-02-02 09:00:00,-0.004260078824176302,0.005706037176528809,2.9379916676817053e-08,-0.006029431215384411
2025-02-02 10:00:00,-0.015845457369193336,-0.012528171260075717,1.1193785849943317e-07,0.003976236195165513
2025-02-02 11:00:00,0.002109329190225856,0.008063410503091457,-7.771141995875539e-08,0.010235461390509662
2025-02-02 12:00:00,0.015484979838345254,0.0017771789041642711,-1.201847353289482e-07,-0.004578301748911795
2025-02-02 13:00:00,-0.0054067990875530225,0.016063815846013175,8.910221925354712e-08,-0.0025665356295770064
2025-02-02 14:00:00,-0.0008689993675585258,-0.007854165975308199,4.4131258402704394e-08,-0.0017631574871367086
2025-02-02 15:00:00,-0.027931818568879174,-0.011486825287029554,2.6788789936360573e-07,-0.01240546611777651
2025-02-02 16:00:00,-0.015523205666707156,0.007185789140984572,6.076903945260252e-08,0.0068228773822208285
2025-02-02 17:00:00,-0.01599810420126754,-0.013314546460715029,1.5470031160024168e-07,-0.0018597919336174886
2025-02-02 18:00:00,-0.017808417751550874,-0.01584591070279804,2.608364360840132e-07,-0.019152440139673252
2025-02-02 19:00:00,-0.006039922726674139,0.00803144082700351,3.923357385037204e-08,-0.004494422187079538
2025-02-02 20:00:00,-0.013319945476798562,0.007796368270604311,5.4472437361927606e-08,-0.002542005425435639
2025-02-02 21:00:00,-0.0005719074482055495,9.596186310176216e-05,1.0272352116476044e-07,-0.0010591462517252994
2025-02-02 22:00:00,-0.0012519451021959487,0.006770506794767841,-4.570605797302887e-08,0.0016343816319959168
2025-02-02 23:00:00,-0.017473112346206604,0.006386191982761633,1.0141751169012932e-07,-0.010980402106582726
2025-02-03 00:00:00,-0.13747483397590052,0.05621855031403732,9.84004486324339e-07,0.0008570354625162994
2025-02-03 01:00:00,-0.05047124019952894,0.07168244206979339,3.2296144410926585e-07,-0.002381179821270006
2025-02-03 02:00:00,0.0109392064702735,0.0370993234663216,-1.891891606740931e-07,-0.0030941981852530822
2025-02-03 03:00:00,-0.032175981280114,0.01356435097693911,1.7001030072206946e-07,-0.007001422639788601
2025-02-03 04:00:00,0.04004502245858567,0.004164547804258886,-1.0825583793229396e-07,0.035927872466878
2025-02-03 05:00:00,-0.012766155405177419,0.008897828010380625,3.0877796268262615e-08,0.003730215254802833
2025-02-03 06:00:00,0.02209274630944498,-0.01956441854230148,-5.6294203162236134e-08,0.003422542818414575
2025-02-03 07:00:00,0.0003376889238221534,-0.008956856226935012,8.88473952029638e-08,-0.0023812002536289043
2025-02-03 08:00:00,-0.0031494086165512252,-0.001722535685621857,2.137686980508674e-08,0.0004890447981998756
2025-02-03 09:00:00,0.004642759306063952,0.041417618108021054,-1.8837567461693864e-07,0.002015559977337296
2025-02-03 10:00:00,-0.011031976516973362,-0.005280936496406425,8.487555542208098e-08,-0.000754353302507387
2025-02-03 11:00:00,-0.011244370297003585,-0.0034626055253511386,8.463826153618037e-08,0.0014456387156679164
2025-02-03 12:00:00,-0.0037676916645166952,-0.0017468738277410835,3.5381990533395946e-08,-0.0011658806426524775
2025-02-03 13:00:00,0.012061870375101993,0.014443083228176879,1.2945196529758464e-08,-0.003121153842005204
2025-02-03 14:00:00,0.03624095217821357,-0.015003033813742354,-9.818227527000072e-09,-0.01056738717095255
2025-02-03 15:00:00,-0.006006647285250723,0.016800767175359627,-5.1711282632582737e-08,0.0006690422500950654
2025-02-03 16:00:00,0.013074456124247642,-0.01848108100760116,-2.393233160860083e-08,0.0037196737463567713
2025-02-03 17:00:00,0.005828215546283417,0.015910025984479895,-4.466871686379722e-08,-0.0017101883458817886
2025-02-03 18:00:00,0.027516111616230788,0.0074118135027731,-8.080777574852665e-08,-0.004312600780295847
2025-02-03 19:00:00,-0.015105629753680658,-0.0004247434107983015,1.4058747850346948e-07,-0.005730172363118902
2025-02-03 20:00:00,0.027721098802036066,-0.007557563126260701,-1.7759014917746502e-07,-0.0011686026050500044
2025-02-03 21:00:00,0.006983074216792295,0.003019446875334989,-8.90429299590541e-08,-3.96787226716932e-05
2025-02-03 22:00:00,-0.0038145459219143447,0.00021257568619699528,1.73612187524341e-08,0.0009074368655073305
2025-02-03 23:00:00,-0.005246549268897127,-0.009377952469124849,4.392785761594448e-08,-0.0007119124154537836
2025-02-04 00:00:00,-0.008466455815571716,0.01852207558187946,-1.5797048612882903e-08,-0.0024676268674121878
2025-02-04 01:00:00,-0.02087134918728747,0.01046884110997869,1.2485263149108588e-07,0.0005062454582460112
2025-02-04 02:00:00,-0.0031493248894446883,0.004438775068129701,-7.52025681289212e-10,0.00023093451144182994
2025-02-04 03:00:00,8.240004676998529e-05,-0.006782096461307668,1.5562135946616206e-08,0.0026076567623276193
2025-02-04 04:00:00,-0.012407281188979286,-0.02542870076074297,2.084193860036337e-07,0.007083954983165338
2025-02-04 05:00:00,0.0014290853802047428,-0.008530960946152384,6.64811070081266e-09,-0.0031691153750152117
2025-02-04 06:00:00,-0.025526945857078563,0.01159585416264312,1.3829935185408398e-07,0.002142894119277415
2025-02-04 07:00:00,-0.009552506629539544,-0.00022341438303734545,4.340210088908684e-08,-0.004975812295513538
2025-02-04 08:00:00,0.0013590599870533944,0.004161686547438324,-2.9390303359586643e-08,-0.002427108529267518
2025-02-04 09:00:00,0.021047493557966594,-0.006377486632507935,-1.4556157922352368e-07,0.0011989777473144624
2025-02-04 10:00:00,0.005632028376707633,0.005871780048529264,-3.864829889853932e-08,-0.002148009679340283
2025-02-04 11:00:00,0.02078584866395695,-0.0005893604762625374,-1.48791011841055e-07,-0.0014166073817003487
2025-02-04 12:00:00,0.011284430572375898,-0.003947842515763555,-7.656051807097446e-08,-0.003940769546319406
2025-02-04 13:00:00,0.0022031871483658393,-0.005773165610631666,4.6327197767715957e-08,0.0051604896977305945
2025-02-04 14:00:00,-0.014700423458492495,0.027968662552997556,1.6585255890513922e-08,-0.0027520696137812435
2025-02-04 15:00:00,0.0037764855510165414,-0.0020702458307835904,-4.687156014221736e-08,-0.0026852795094466754
2025-02-04 16:00:00,0.0016543041801126586,0.01129734907654312,-3.899959309114101e-08,-0.011642829331017443
2025-02-04 17:00:00,0.012075024684932871,-0.013385362691960955,-4.947246950640922e-08,-0.0061495371355516195
2025-02-04 18:00:00,-0.01279964772862163,0.00396796404740533,6.91445938287918e-08,0.015025108929094323
2025-02-04 19:00:00,-0.009053546725990494,0.013493978013418494,4.0209424697513575e-08,0.0041332798891373125
2025-02-04 20:00:00,-0.024519674816460724,0.017695236230816584,-3.8330614986980264e-08,0.004119256627770672
2025-02-04 21:00:00,0.01889089445050946,-0.010873556952280814,-4.301772958848664e-08,-0.0018116399943229485
2025-02-04 22:00:00,0.004424119540837678,0.001086135159850162,-4.8839709936775316e-08,-0.002427074607148062
2025-02-04 23:00:00,0.001872379194331847,-0.0027991193586950755,4.875049125843888e-08,-0.0026124684249294633
2025-02-05 00:00:00,0.006357137429501297,-0.01119681463932898,-3.929335290177887e-08,-0.003760372194776212
2025-02-05 01:00:00,0.006473161653905998,0.0028791784813197545,-7.209719007250602e-08,0.0020295908008547466
2025-02-05 02:00:00,0.012665087290291926,-0.006956870622460932,-4.8825091147431664e-08,-0.006750011891823759
2025-02-05 03:00:00,0.020355028322280727,-0.005432948624835672,-8.008081240682392e-08,-0.012971137766564014
2025-02-05 04:00:00,0.004213947932558431,0.0004675305581661729,-6.511971449059302e-08,0.0049804646545053705
2025-02-05 05:00:00,-0.016599009677253248,0.010540540237445084,8.829803853281105e-08,-0.002004202821054724
2025-02-05 06:00:00,0.009121720664350743,-0.007042055895732066,-4.019745190296916e-08,-9.616773158608002e-05
2025-02-05 07:00:00,0.003993613552248887,-0.00852937107652283,-4.027558928846582e-08,0.004252341472465858
2025-02-05 08:00:00,0.006473253301068705,-0.018698066703084357,-1.4677149768712308e-08,9.712377720033057e-05
2025-02-05 09:00:00,0.015994068088802476,-0.016618172684538073,-5.524703986188286e-08,0.0010362743083623292
2025-02-05 10:00:00,0.02397866433749205,-0.017424158090945257,-1.2069209313365942e-07,0.0028701167992367343
2025-02-05 11:00:00,-0.006424108406802553,0.005911251705910116,4.732630267880156e-08,-0.005404973229722892
2025-02-05 12:00:00,0.006843172093914954,0.0025473754901833272,-2.862552590023735e-08,0.002148224783599822
2025-02-05 13:00:00,0.017344440643744893,-0.038971691158997866,-2.8819317652315933e-09,-0.00768077525720459
2025-02-05 14:00:00,0.014561644130630363,-0.031542904169253136,-3.544388443409519e-08,-0.0028251806864318767
2025-02-05 15:00:00,-0.016779685918003613,0.004620050890063297,1.3639861875167466e-07,-0.005475107731999658
2025-02-05 16:00:00,-0.0063524143817071076,0.004465515090978406,2.3390291652651522e-08,0.00928376055883569
2025-02-05 17:00:00,0.01269187715281233,-0.01780510228924566,-1.3428770175523521e-07,0.002486066354216274
2025-02-05 18:00:00,0.0067514462317538,0.002040952825271399,-8.181428517665408e-08,-0.00683236894609191
2025-02-05 19:00:00,-0.012372876240007404,0.005179230158520257,1.1653799914653617e-07,0.005616351340252069
2025-02-05 20:00:00,-0.0008779467701928278,0.0005034139341526678,-2.7954271344811566e-08,0.002038313363869117
2025-02-05 21:00:00,-0.012528914649191876,0.0031617806264799403,6.548422988805608e-08,-0.0009667553117553405
2025-02-05 22:00:00,0.015255609510893695,-0.01656438003692351,-6.282649196581581e-08,0.0020226994830945242
2025-02-05 23:00:00,0.003014784552625889,0.006045264868664296,-3.257933301340244e-08,-0.005983715468277059
2025-02-06 00:00:00,0.004059591654130583,0.007994879698343066,-3.319719262292802e-08,-0.0011580533334696953
2025-02-06 01:00:00,0.013842945383180955,-0.01779297809557556,-6.022237414737722e-08,0.0018764593300970357
2025-02-06 02:00:00,-0.009490242744919114,0.015460734828350626,2.1355990278963746e-08,0.0008793918904610449
2025-02-06 03:00:00,0.008645797723406984,-0.011782158965792933,-3.069669588175727e-08,0.0029904936935508026
2025-02-06 04:00:00,-0.0007345637079605815,0.006485755506259371,1.6090814950274056e-08,-0.0019712735702560043
2025-02-06 05:00:00,0.019910150280921163,-0.015804935432398696,-8.995778960675995e-08,0.0014970183221965775
2025-02-06 06:00:00,-0.007288548815581244,0.0021415371287206407,6.974715898369946e-08,-0.0030785060460376654
2025-02-06 07:00:00,-0.006876425589528455,0.001477537980427587,6.44198574196548e-08,-0.004255440026329791
2025-02-06 08:00:00,0.018369693309087602,-0.0230944859406053,-4.6193109214660754e-08,-0.007136165290502469
2025-02-06 09:00:00,-0.010375374638209233,0.020048745895466957,5.2214111243358785e-08,0.012968182919052326
2025-02-06 10:00:00,-0.016194192926268964,0.01849877507387373,7.317382256912773e-08,0.0020883326935510612
2025-02-06 11:00:00,0.010450075867917347,-0.010017026695899696,-7.811945767055504e-08,0.01242140408323714
2025-02-06 12:00:00,0.0005113572644171553,0.008956491567334817,-2.579274061351495e-08,-0.0015528922507772728
2025-02-06 13:00:00,-0.005610877326317836,-0.01617906984906986,7.805430322329833e-08,0.006556275600145075
2025-02-06 14:00:00,-0.0007374021154370955,-0.0118658151845533,7.57818740076638e-08,0.006854496521985738
2025-02-06 15:00:00,0.006354192663482758,0.014562811932269376,-1.1487456177112671e-07,0.00696184311166239
2025-02-06 16:00:00,-0.011750952997625314,0.009994394637512479,2.5986802693581186e-08,-0.004782601618331492
2025-02-06 17:00:00,-0.005937153975983089,-0.0023874087026688434,5.962452810159635e-09,-0.003196296431594912
2025-02-06 18:00:00,-0.00506358005326632,0.004662401103429893,7.669325027872188e-09,0.0016958531622363303
2025-02-06 19:00:00,0.01715253210211199,0.004102819865204227,-9.513988481921966e-08,0.0004505138421094104
2025-02-06 20:00:00,-0.0024884585265175668,0.004338439215589198,1.2584207409501664e-08,-0.002053572608597605
2025-02-06 21:00:00,0.0054751057819864175,-0.0077009042510811695,8.693598356963475e-10,-0.001557160099731782
2025-02-06 22:00:00,0.003015181776461569,-0.019482728937232612,-2.633525061057314e-09,0.0008294134044969991
2025-02-06 23:00:00,0.022765246226491148,-0.028787947664631237,-1.2370928238873548e-07,-9.756221487632455e-05
2025-02-07 00:00:00,-0.0028935216125404693,0.017999664223446264,2.4413747221649214e-08,0.004102078174077124
2025-02-07 01:00:00,-0.002634639344940921,0.014257918685995415,9.71383864899512e-09,-0.001987059734069609
2025-02-07 02:00:00,0.003626329520128704,-0.004008047773768797,1.9494364848090944e-09,-0.003504291334758945
2025-02-07 03:00:00,-0.010518658579531147,0.016648966386659043,2.3701668273166752e-08,0.002837928958003931
2025-02-07 04:00:00,0.014774573716112538,-0.026415858384243696,-4.490225865835017e-08,-0.001878946299519795
2025-02-07 05:00:00,0.0019137313347877358,-0.019667224386227273,6.060354921852373e-09,-0.00010194059406029799
2025-02-07 06:00:00,0.017628541617449645,-0.00978311686319971,-1.0805040732763384e-07,0.004220239699360678
2025-02-07 07:00:00,-0.004647683537309004,0.017111892873412943,-9.092005879861247e-09,-0.0010452729671580063
2025-02-07 08:00:00,-0.010278233465228829,0.0344756593537565,-4.4528260351613663e-08,-0.0032911746658813
2025-02-07 09:00:00,-0.00458577250237761,0.0017344902476188323,3.589823674422015e-08,0.002665685773823048
2025-02-07 10:00:00,0.011847896893689881,-0.010328226512245062,-1.8027811681108014e-08,0.00395824777747539
2025-02-07 11:00:00,0.004228160162012347,-0.006749686349852592,1.7741043941049118e-08,-0.0011109087394632585
2025-02-07 12:00:00,0.02737173861551296,-0.017217028026769717,-1.5313661887319437e-07,0.014357131866862811
2025-02-07 13:00:00,-0.009596580472072003,0.016424998397232993,6.174797768027151e-08,0.004973736582197789
2025-02-07 14:00:00,-0.006309399167138758,-0.016350978281975872,2.0220251723653965e-08,-0.0014658007334208988
2025-02-07 15:00:00,-0.02734140209767686,0.024131322603339955,1.0140352731757275e-07,-0.0002805402040898401
2025-02-07 16:00:00,0.003646820722130544,-0.0029752483729705704,-2.6172306841862323e-08,0.004255287021729017
2025-02-07 17:00:00,-0.007665731486229559,0.012358715755136,9.54368131103774e-10,-0.0033185074258493363
2025-02-07 18:00:00,-0.0163340723283003,0.006374284236184597,4.454615173456337e-08,0.00016554840259724895
2025-02-07 19:00:00,-0.015182626315807446,-0.006759628389316912,1.274942565922298e-07,0.003751768883945202
2025-02-07 20:00:00,0.008396692573832937,-0.011144875829594978,4.638314985376897e-09,-6.384193656491525e-05
2025-02-07 21:00:00,-0.0026920172898854183,0.002916114540134012,6.534535680599175e-09,-0.0010705644096161726
2025-02-07 22:00:00,0.02301584862595688,-0.014904710172893298,-1.0304945898012929e-07,-0.001115301297765085
2025-02-07 23:00:00,0.009641532695272462,-0.005041204938809011,-6.036367601883454e-08,0.0014584412961803756
2025-02-08 00:00:00,0.003128834471166301,-0.013494953846059837,4.7382817664675356e-08,-0.001004914147568114
2025-02-08 01:00:00,0.006396129127925278,-0.005417640212127769,-6.721838202052955e-09,-0.00014484090187494484
2025-02-08 02:00:00,0.0025475508110709075,-0.0018733640516455782,4.088082893721022e-09,-0.001939308237954805
2025-02-08 03:00:00,0.0065658638526555,-0.006736224187257004,-2.48616284562206e-08,-0.004060742780250634
2025-02-08 04:00:00,-0.003999326293532423,0.006343893636299295,2.7247363387859723e-09,-0.003213532227607355
2025-02-08 05:00:00,0.005238578543040629,-0.0055648072882586285,-4.7475164047704385e-08,0.0021473754013000474
2025-02-08 06:00:00,-0.014342752670895784,0.026488314132173573,6.010664244867633e-09,-6.945590952888366e-05
2025-02-08 07:00:00,-0.020357764642052245,0.02496842024263045,2.526122793265696e-08,-0.009978421674491568
2025-02-08 08:00:00,-0.00969265050650611,0.019846437744504314,-5.168979346521458e-09,-0.0021861469027943826
2025-02-08 09:00:00,-0.0030355256044160904,0.003699789936995592,-3.470332369151796e-10,0.0033007164586595834
2025-02-08 10:00:00,-0.0026165523400992277,0.006396179469670031,-8.367394449657872e-09,-0.0006649833478987982
2025-02-08 11:00:00,-0.016717956012824352,0.022079214531984415,3.131876835576012e-08,-0.005847314720506034
2025-02-08 12:00:00,0.0071865400822382665,-0.000266884546574656,-6.057223646213177e-08,0.004182339771286149
2025-02-08 13:00:00,-0.01185874609059945,0.005416577682486993,3.5817166990172525e-08,0.010071560851777244
2025-02-08 14:00:00,0.014092773609328481,-0.025738543245329815,-3.004478125555065e-09,-0.0012741447815678255
2025-02-08 15:00:00,0.006761312860428324,0.0030290193488020757,-6.080959384566926e-08,-0.0004783880897468427
2025-02-08 16:00:00,0.00885390718746054,-0.0022186744416846016,-5.184623233192708e-08,0.0006712254684738753
2025-02-08 17:00:00,-0.013787703552058545,0.01658239001739776,3.140471153580847e-08,0.0065841549310642735
2025-02-08 18:00:00,0.0027996482076024644,-0.0020422389754953035,-2.1945472092483896e-09,-0.0014833051325483927
2025-02-08 19:00:00,0.015125423651804781,-0.01837272653851409,-4.1013102791811155e-08,-0.0034347087927961363
2025-02-08 20:00:00,-0.01591234885262207,0.02208816030540617,2.303604542707702e-08,0.010102234083343506
2025-02-08 21:00:00,-0.006349115212948924,0.0069132637251931315,1.2753032265252262e-08,0.001914382928998562
2025-02-08 22:00:00,0.004042583113223593,0.002562842907645395,-5.905046829147997e-08,0.004087149813791778
2025-02-08 23:00:00,0.01246396189828702,-0.01727865454260588,2.2722629838205175e-09,-0.00041866907892246187
2025-02-09 00:00:00,-0.0049157716340646395,0.018233647187608133,-3.0749872466605105e-08,0.0016594462969082137
2025-02-09 01:00:00,0.0019136281133686648,-0.00992992671898596,2.387713523671154e-08,-0.0003901246146085825
2025-02-09 02:00:00,0.004760931675292249,0.02766519935813331,-1.7285509823815722e-07,0.006295144725575618
2025-02-09 03:00:00,-0.004401995580665479,0.0018678009878077425,2.965585743182086e-08,-0.0019802186000236104
2025-02-09 04:00:00,-0.005117677676028108,0.0003363405647608931,3.048965409247367e-08,-0.0022648116817767586
2025-02-09 05:00:00,0.0017255329744625516,-0.0036076364836111472,-4.0662490587842576e-10,-0.002681032744842761
2025-02-09 06:00:00,0.04517101723669605,-0.045722543749009956,-1.0805839870357905e-07,0.018360246107261804
2025-02-09 07:00:00,-0.031138179828652884,0.049257824324638655,-5.563932536371269e-09,0.005235480729140505
2025-02-09 08:00:00,0.004460611906728575,-0.014974178865041305,3.4512919564731236e-08,-0.002849086336779658
2025-02-09 09:00:00,0.008642593146287821,-0.011654408121775968,-2.3910460061666415e-08,0.0004449354687865854
2025-02-09 10:00:00,0.008262712974097391,-0.023569625179775365,3.4957398639764145e-08,-0.004466748841060838
2025-02-09 11:00:00,-0.005190084190064465,0.018129457598436746,-3.675193692625319e-08,0.00763643253734505
2025-02-09 12:00:00,0.007184042792868606,-0.04253139231272314,1.273979950425176e-07,-0.006442634452421766
2025-02-09 13:00:00,0.0015730706521718948,0.012817469189622588,-6.87617262568486e-08,0.0017128879745872884
2025-02-09 14:00:00,0.006392502570503057,0.009087780167199697,-8.499199436943824e-08,0.003771383592739343
2025-02-09 15:00:00,0.004832815297116605,-0.0025259666577173785,-3.927842018103833e-08,0.00094083862912811
2025-02-09 16:00:00,0.01122674939847303,-0.028468963307276007,4.832066896382009e-08,0.0007263106641209197
2025-02-09 17:00:00,0.00030477868117736594,-0.0020171639359669773,1.3802232869093879e-08,0.0006065458979814336
2025-02-09 18:00:00,-0.019880745162531854,0.015148922639925901,8.490060193263902e-08,0.0008124584595117974
2025-02-09 19:00:00,-0.01584068387432723,0.02765190201913495,5.241149547092746e-09,-0.0038154776152388567
2025-02-09 20:00:00,0.02031757368928945,-0.08044186121006504,1.9614331989735918e-07,0.007437039683079816
2025-02-09 21:00:00,0.009480472701102301,0.0013483366483838582,-5.5715656371999986e-08,-0.003734489267473617
2025-02-09 22:00:00,0.0059402192919724844,0.00968156300353101,-4.720219102177052e-08,-0.008159554015644006
2025-02-09 23:00:00,0.01563849478192887,-0.013264658692038722,-7.665474746335013e-08,0.004863921103211266
2025-02-10 00:00:00,-0.00045183376646523374,-0.045215641175772904,1.7919732508397768e-07,0.001842668201972586
2025-02-10 01:00:00,-0.02334991978544731,0.03673273893276111,2.466352780672482e-08,0.0019142419198195518
2025-02-10 02:00:00,0.026044576936346087,-0.001013283576083426,-1.4030227292148083e-07,0.01075381572241105
2025-02-10 03:00:00,-0.0036949417611222813,0.0018623299855147293,2.4321362621420977e-08,0.0020459028440202812
2025-02-10 04:00:00,-0.001300016430437114,0.011297151430872744,-5.049596572941238e-08,-0.0006818684460042684
2025-02-10 05:00:00,0.006088039023706896,-0.005897083667997461,-1.882993663409923e-09,-0.0012997319815342997
2025-02-10 06:00:00,0.006779381636360519,-0.0008937006035963373,-2.8626997952728744e-08,-0.0026167927344501202
2025-02-10 07:00:00,-0.015201857924910547,0.03709751246107388,-5.133340464250346e-08,-0.0026888095042351613
2025-02-10 08:00:00,0.003199686072556657,-0.0023133101363368765,-8.64534448784099e-09,-0.005698326776426451
2025-02-10 09:00:00,-0.0017585809642361567,-0.0006744126757472209,3.2194625359748036e-08,0.003310104617255553
2025-02-10 10:00:00,0.011735168657707375,-0.020996084289898173,-1.68165936019113e-08,-0.006468749452824376
2025-02-10 11:00:00,-0.002906567483130891,-0.003410024688292525,4.0340075691501006e-08,0.00563182649257791
2025-02-10 12:00:00,-0.006202722090973049,0.032633886310924995,-7.62921391536546e-08,-0.0047931266285324075
2025-02-10 13:00:00,-0.0035544012712849637,-0.013483175404184531,1.8419418955851914e-08,-0.0034886135071651157
2025-02-10 14:00:00,0.006676687245896395,-0.010041652081907859,2.944373299397355e-09,0.0015815630151042766
2025-02-10 15:00:00,0.0247351060737521,-0.032905039350771756,-7.175191051161756e-08,-0.0022895162658329573
2025-02-10 16:00:00,-0.008028121575936333,0.01625436769448603,1.0515794749099911e-08,0.00022467067168061662
2025-02-10 17:00:00,-0.004794815132548475,0.010276163161915942,9.317926559488962e-10,0.0031378664591275546
2025-02-10 18:00:00,0.004051180081039968,-0.01388981129159231,1.7868151280461893e-08,0.0020771168799610515
2025-02-10 19:00:00,-0.0009422222677907314,0.0065811715931418414,-3.2312366968864266e-08,-0.0024177536306155896
2025-02-10 20:00:00,0.0037046147441021117,-0.01489474660174328,4.6384411729765467e-08,0.00012331059489353256
2025-02-10 21:00:00,0.00038649854872550783,0.0035824527529973497,-2.7324068980417074e-08,0.006951722056912289
2025-02-10 22:00:00,0.007862835340152497,-0.00483989366585183,-5.3004639389120694e-08,0.0016187770043726822
2025-02-10 23:00:00,0.007964177876253689,0.015159277268067144,-1.2853623146167186e-07,0.002968339609647771
2025-02-11 00:00:00,-0.013335596371403243,0.027319700519373814,1.7676849303340705e-08,-0.0001656503932271376
2025-02-11 01:00:00,0.005741385120207963,-0.01831251995260323,1.0189865107385372e-08,-0.00014079182767014594
2025-02-11 02:00:00,0.02944596011721526,-0.041729019288332475,-1.1999230737516549e-07,0.005171842359863016
2025-02-11 03:00:00,0.011837372626485211,0.0112512772797853,-1.1391708081427714e-07,0.009000310185039365
2025-02-11 04:00:00,-0.009190332589189476,0.03351700407294685,-3.022971526738153e-08,0.00118319699620919
2025-02-11 05:00:00,0.0023297789224197446,0.009744604609722896,-5.5409246834046995e-08,-0.004224778141166698
2025-02-11 06:00:00,0.0003638608907060416,0.001929704930637858,-1.4279535707956098e-08,-0.009383182751809544
2025-02-11 07:00:00,0.004683602781452141,-0.005682803015207245,-2.9334485661854262e-08,-0.0012757111597063375
2025-02-11 08:00:00,-0.008699314251858117,0.008501804324551923,4.643478103446365e-08,0.005756831673110138
2025-02-11 09:00:00,-0.001639303419472196,-0.001909718673302062,1.7183536079449776e-08,-0.0005031292248553501
2025-02-11 10:00:00,0.0003899317035525986,0.0026170313151833986,-5.4658098283579415e-09,-0.002354748211534812
2025-02-11 11:00:00,-0.004288723178362976,-0.01210043656343661,4.4053478207569696e-08,-0.003924628026165044
2025-02-11 12:00:00,-0.012518927909296224,-0.002209428569550399,6.430313608904171e-08,0.006526558266187256
2025-02-11 13:00:00,0.004716707785163719,0.003700556768747826,-6.385242959535651e-08,-0.00177778083501566
2025-02-11 14:00:00,-0.013075798173782027,0.013365099659171164,6.876255205496072e-08,-0.004276347105336884
2025-02-11 15:00:00,-0.002110045317349197,-0.004823961294882973,-1.9715075383985584e-08,0.004976626523990722
2025-02-11 16:00:00,0.0007203198856829346,-0.009108746975824929,3.5189933514729436e-08,0.00613683153321393
2025-02-11 17:00:00,-0.010484481678669139,-0.005699018328267039,5.986630581161511e-08,0.002575416270718549
2025-02-11 18:00:00,-0.012524997762802166,0.014181620187291391,1.4823610947022863e-08,-0.0050815031561452385
2025-02-11 19:00:00,0.005434819033293861,0.00434549747362798,-5.71466735226099e-08,-0.0035211432794562585
2025-02-11 20:00:00,0.0046756069812092516,0.007561446548491079,3.9906321658387473e-08,0.0013938149031246095
2025-02-11 21:00:00,0.002693086045433094,-0.015685221597666502,-1.2506202290224308e-08,-0.003450102139687293
2025-02-11 22:00:00,0.0035935436535297445,0.005402424530421206,-1.918858969516138e-08,-0.001810701171783078
2025-02-11 23:00:00,-0.00524339589476038,0.013790537646888345,1.258572720223641e-08,0.0026197178651752415
2025-02-12 00:00:00,-0.0028967912902788605,-0.0031223204307753143,3.31080411013023e-08,0.0021262722703960135
2025-02-12 01:00:00,-0.010513822733941539,0.006304864101673459,4.831292495360918e-08,-0.0028835283755156943
2025-02-12 02:00:00,-9.566473813901483e-05,-0.006038431134831634,-1.1073106586088546e-08,0.00026884944073388926
2025-02-12 03:00:00,-0.00866423420381893,0.01885947902131245,5.771096518424997e-08,-0.001748480962775267
2025-02-12 04:00:00,0.00815623799251794,-0.0011747587508308007,-4.5650201353563334e-08,0.0008120420288559012
2025-02-12 05:00:00,-0.005614541977824267,0.0033946289693785616,5.2420628920451815e-08,-0.003569235729452441
2025-02-12 06:00:00,0.0069560152890503265,-0.002460548722855252,-3.386286976462377e-08,-0.005514211129058851
2025-02-12 07:00:00,0.009452886874711804,-0.01102801863911077,-2.820220787710338e-08,-0.0030395235904895706
2025-02-12 08:00:00,-0.007101606815534114,0.003991391283658241,6.83663321056045e-10,0.011885719974328282
2025-02-12 09:00:00,-0.0011193656656573827,-0.005215017406851065,8.097208597096062e-09,0.001574199782887561
2025-02-12 10:00:00,0.007593060114496919,-0.0036742000780292865,-5.672638171595837e-08,-0.005179382008218373
2025-02-12 11:00:00,-0.002488429526731403,0.003674826621563167,3.124191208548088e-09,-0.0006048570084127109
2025-02-12 12:00:00,-0.004994962153512753,-0.029781615631141668,1.3126974431279842e-08,-0.009130280449822005
2025-02-12 13:00:00,0.005578084533821389,-0.008264985056724242,2.6819263360763566e-08,-0.0012271872960810798
2025-02-12 14:00:00,0.018817505392138924,-0.0423583030765306,-6.153392889812664e-08,0.001542438895367206
2025-02-12 15:00:00,0.019315784165893447,-0.004190451437287605,-6.189551891593644e-08,-0.000627229060301669
2025-02-12 16:00:00,-0.004605083520561698,0.0316226660378085,-2.3940829477776118e-08,0.0034483015001487514
2025-02-12 17:00:00,0.01448440181156525,-0.04554275600472135,-6.129863160641522e-08,-0.0025840567567216055
2025-02-12 18:00:00,0.006019627288598763,-0.004380861462028467,-3.774983684746723e-08,0.004721993138223112
2025-02-12 19:00:00,0.00855548466603043,-0.009652122604179242,-6.812610729899219e-08,-0.005021200176903084
2025-02-12 20:00:00,-0.008547372047898516,0.017763010688367352,1.1759333036115738e-07,0.006015896373964057
2025-02-12 21:00:00,-0.0022851501795229396,0.04734722948708231,-5.222985285342288e-08,-0.00014707559069658142
2025-02-12 22:00:00,0.0027249941107832733,-0.021456381409065608,1.684606397471165e-08,0.0020316056755820917
2025-02-12 23:00:00,-0.012028392092090053,0.03577864238344685,3.810742039737464e-08,-0.007146745425841705
2025-02-13 00:00:00,0.003101610745715685,0.017265918094425035,-5.8334775312108755e-08,-0.003475029806180506
2025-02-13 01:00:00,-0.007838417622120114,-0.003942845519310528,3.9950709721493454e-08,0.0011125244005855232
2025-02-13 02:00:00,0.0051693672628432795,0.0051838320209665585,-4.318633290607188e-08,0.0014116979403384206
2025-02-13 03:00:00,-0.016025792878408558,0.019257902721160076,6.899328886358638e-08,-0.0010656971963514878
2025-02-13 04:00:00,-0.0069706640417177956,-0.02580497195346301,1.5245682085188253e-10,-0.007784844665313445
2025-02-13 05:00:00,-0.00991250250012178,0.004198700252231502,4.9657093499139184e-08,0.0023213559103738694
2025-02-13 06:00:00,0.007065771987053949,-0.014858752004648472,-4.636488853205585e-08,0.0006281780166270475
2025-02-13 07:00:00,-0.006525665760794384,-0.007048794774403985,4.821068718621165e-08,-0.0024853382029620254
2025-02-13 08:00:00,0.006582772476453311,0.010328927924843825,-4.326546984028552e-08,0.0014087365362874212
2025-02-13 09:00:00,0.0012895894197974464,-0.012932966413674628,-5.685235341303483e-10,-0.0026021838257736457
2025-02-13 10:00:00,-0.00581992616987184,0.014400290899278126,6.128561334499799e-11,0.0037074288841926323
2025-02-13 11:00:00,-0.0014315976771502744,-0.014943704663968261,2.9688222021442396e-08,-0.0016664128113560027
2025-02-13 12:00:00,0.007364383840049884,-0.0018682976457077625,1.6228664628361884e-08,-0.012799844362097988
2025-02-13 13:00:00,0.003842667181190366,-0.016380825893047502,4.6746540956944744e-08,-0.012176657285635908
2025-02-13 14:00:00,0.003571610431335464,0.021287623114041993,-7.6965449544814e-08,0.0052338464039375565
2025-02-13 15:00:00,-0.026089510894299908,-0.033838713168430526,1.2073212322963526e-07,0.022774180607474236
2025-02-13 16:00:00,0.001551266630380349,0.018564246659381497,2.0995327771661616e-09,0.0034591011124846358
2025-02-13 17:00:00,0.009327648193130263,-0.0016987702523499776,-6.789927509101079e-08,0.0009363116600879096
2025-02-13 18:00:00,-0.001550051885695362,-0.008725112750111138,-1.1093471414149077e-08,0.0003428630069591013
2025-02-13 19:00:00,0.007182435480689377,-0.002840787906675878,-8.566867885228771e-11,0.000923900886911597
2025-02-13 20:00:00,0.009368637990616806,-0.006574467858336463,-6.206497124319906e-08,-0.0010599791903376568
2025-02-13 21:00:00,-0.006628270422401388,-0.018622211747239076,4.7330488259281494e-08,0.006769713079913173
2025-02-13 22:00:00,0.006099897262776745,-0.004035159636855305,-2.7181646805996445e-08,-0.0025689250395579213
2025-02-13 23:00:00,-0.0013050790121882888,0.00868547347616809,5.6810827099559e-09,0.0033196200606840256
2025-02-14 00:00:00,-0.004584839396423902,0.016482977142585026,4.8596058237661044e-09,-0.00020422038108893557
2025-02-14 01:00:00,0.0069746816300069936,-0.02302126908877766,-3.158317232037721e-08,0.004414441319008693
2025-02-14 02:00:00,0.0103506430416563,0.0016656215022319025,-4.964876017369401e-08,-0.0015059947019472784
2025-02-14 03:00:00,-0.007935966231625138,0.0017454922980715323,3.734953461888447e-08,0.0010421217204685817
2025-02-14 04:00:00,-0.006373872879863577,0.006569123657431439,3.513757552759819e-08,-0.002516539217786479
2025-02-14 05:00:00,0.0006325758798279936,-0.008159649926286993,2.501608278288172e-08,-0.0007403417425851926
2025-02-14 06:00:00,0.0006354617229132288,-0.005261417573928739,4.184992024110358e-09,-0.004884778100503957
2025-02-14 07:00:00,0.014566205262281185,-0.02795306660021699,-1.0193795550127814e-07,-0.009548214570605664
2025-02-14 08:00:00,0.008151496258789227,0.013522811655272426,-8.55081350811238e-08,0.00638487037338906
2025-02-14 09:00:00,-0.005142030603989919,0.0036171126219595564,3.3616023402312855e-08,0.0003311441699538392
2025-02-14 10:00:00,-0.0033129379981056747,-0.005586962298462162,3.607220215071918e-08,0.00046087268298235657
2025-02-14 11:00:00,-0.011248092432541042,-0.0016963585097592689,6.793553565292468e-08,-0.013502880008111588
2025-02-14 12:00:00,0.0009571908171438354,0.0008845512031489371,-1.9806428761776947e-08,-0.0064842841004964695
2025-02-14 13:00:00,0.013682839472272858,-0.01746526127328277,-1.5140800703403998e-08,0.0062185491500011195
2025-02-14 14:00:00,-0.0001036691023771504,-0.005710305192566136,-1.922731331033685e-08,0.002315753108683472
2025-02-14 15:00:00,0.004579022267102005,-0.0007656011221953616,3.2131315273036845e-08,-0.0002807476517868734
2025-02-14 16:00:00,0.01710442210712338,-0.01601625145148249,-3.626638114091782e-08,0.00236802487513715
2025-02-14 17:00:00,-0.005240748404424918,-0.0015303356740560905,5.832847299109876e-08,-0.003522182908769956
2025-02-14 18:00:00,-0.002104209483966297,-0.002064206187603337,1.2738207457860764e-08,-0.0036426530474733734
2025-02-14 19:00:00,-0.014083442083130893,0.006604197442980607,4.2158848413430606e-08,-0.003795238027772497
2025-02-14 20:00:00,-0.0071259870050503805,0.007093163795686996,2.3111346228833755e-08,-0.007324353767952687
2025-02-14 21:00:00,-0.011762030175536956,-0.004827278629113572,1.1039197901080342e-07,0.0021830903623621598
2025-02-14 22:00:00,-0.00030920392645707954,-0.0003497179006297192,1.3179880598637651e-08,-0.0038430471238821225
2025-02-14 23:00:00,0.0029395086932388417,-0.005711169400444256,-1.6394516452136814e-09,0.004895617861462188
2025-02-15 00:00:00,0.017584896518864183,-0.004358982309863952,-1.1353006406655365e-07,0.006548184484016543
2025-02-15 01:00:00,0.008388187633651937,-0.017667607902337432,-3.8911340276883185e-08,0.012998479312629948
2025-02-15 02:00:00,-0.006423052870230481,0.00816186974987971,3.242910609266831e-08,-0.0012037339793127188
2025-02-15 03:00:00,-0.0034903485478141203,-0.00011057407159244283,2.133060724165873e-08,0.004069116121030386
2025-02-15 04:00:00,0.0014261356569773064,-0.0006597055552135051,-8.33243193723639e-09,-0.005776067050432126
2025-02-15 05:00:00,-0.00897232848957865,0.007722527488383317,6.963810228095706e-08,-0.0014029897351429982
2025-02-15 06:00:00,-0.004785744340315301,0.008194821929246122,2.670774166830174e-08,-0.003904351955244536
2025-02-15 07:00:00,-0.0003250999515219087,0.0031692175880628634,6.88765767428681e-09,-0.008368021552075316
2025-02-15 08:00:00,-0.0030213479285521065,0.0043516947468004085,2.8534086247450495e-08,-0.002455596696737803
2025-02-15 09:00:00,0.0014666768131221864,0.0006636083640226372,-5.6928594718847364e-09,-0.0018467262275868774
2025-02-15 10:00:00,-0.004418229489286521,0.006596564124081826,2.8060720690900965e-08,0.007504147248327728
2025-02-15 11:00:00,0.003181802397176678,-0.000953125180387464,-1.772754233884244e-08,0.0014824511651326709
2025-02-15 12:00:00,-0.001547989803230954,0.0022891866239696445,9.104606113380379e-09,0.0006101487038906342
2025-02-15 13:00:00,-0.008977841453674579,0.012793441501355828,7.597939369026023e-08,-0.007031537653497298
2025-02-15 14:00:00,-0.0012274382633212964,0.008237185082357996,9.162450429933323e-09,-0.0016699026855820406
2025-02-15 15:00:00,-0.00343117190817279,-0.005307665421775565,2.9462792840286016e-08,0.00863536815497544
2025-02-15 16:00:00,-0.0010370017480582604,-0.005597770499669032,6.321041269334735e-09,0.004442258100220326
2025-02-15 17:00:00,0.008907835309327644,-0.0037529319091142285,-7.667501779185494e-08,-0.00031261017846370427
2025-02-15 18:00:00,-0.007495500688874942,-0.0027588021391426513,7.85199290868563e-08,0.00041778004890024277
2025-02-15 19:00:00,-0.003529625909289953,-0.0021318678148524294,3.5242094831423125e-08,-0.002758687433565875
2025-02-15 20:00:00,0.005408708574776738,-0.008311057282664373,-3.912843393638782e-08,-0.007791140372066517
2025-02-15 21:00:00,0.00020237006043790935,-0.0031217771086841264,-1.5403537473925864e-08,-0.0016456953735703157
2025-02-15 22:00:00,-0.00567330050656255,0.017531611579279033,5.864733590598009e-08,0.010878396434395463
2025-02-15 23:00:00,-0.00011319617890157702,0.0020351230457051443,7.920427301274093e-10,0.002825156897415178
2025-02-16 00:00:00,-0.005130709532167583,0.0051709156470047864,5.339979291199271e-08,0.006150582901175472
2025-02-16 01:00:00,-0.007301589692317409,0.0012326791355294596,6.107342063700394e-08,0.0014659712069517866
2025-02-16 02:00:00,0.003398406440183854,-0.005076897483785136,-3.43000624233262e-08,-0.004308509954939425
2025-02-16 03:00:00,0.0018637744730680163,0.005404721719369195,-2.3780383956776767e-08,-0.004244134087633726
2025-02-16 04:00:00,0.003408840514986224,-0.003767216709209417,-2.6831966213690257e-08,-0.0004422006556090027
2025-02-16 05:00:00,-0.0003191819915365681,-0.011446061539398955,-8.357470266011955e-09,0.009816666449106018
2025-02-16 06:00:00,-0.008736853411900954,-0.002097514148298656,6.501461534710955e-08,-0.0004037750939382765
2025-02-16 07:00:00,0.0032655989349664556,-0.0006948053532063361,-3.70878022147058e-08,0.0024364401334457694
2025-02-16 08:00:00,0.0029954811982650046,0.0019741078267296497,-1.0534461720758003e-08,-3.905335712445675e-05
2025-02-16 09:00:00,-0.006127042209097711,0.01257127360380155,4.3663956793211665e-08,0.00571486121898484
2025-02-16 10:00:00,0.0076259253834795315,-0.005416017291340734,-6.4350510823897e-08,0.0008392468443141229
2025-02-16 11:00:00,-0.004251492384224542,0.005471773679030483,2.77557694086714e-08,-0.003579403702650342
2025-02-16 12:00:00,-0.006537137589497361,-0.014522187029295695,3.85887988563595e-08,0.004654861062121259
2025-02-16 13:00:00,0.005398446671750411,0.006036470986685637,-2.9942617278911193e-08,0.0071460595686359835
2025-02-16 14:00:00,0.005225803918830215,-0.007735711098906331,-6.457414828422765e-08,0.010093865215926154
2025-02-16 15:00:00,-0.0005056349900561304,-0.0012160610383011642,2.3561096399978013e-08,-0.007356302490835373
2025-02-16 16:00:00,-0.0020217031843528374,-0.0021733071953759227,1.2904639402308548e-08,-0.00018639816969898617
2025-02-16 17:00:00,-0.004712938595710491,0.004870011051434818,3.778932857412358e-08,0.0013002188039131833
2025-02-16 18:00:00,0.0008989418085498799,0.002598195908822795,1.0430042464715961e-08,-0.0008918524653566324
2025-02-16 19:00:00,-0.0038487753927736023,0.006338421762257526,3.015140780542792e-08,-0.0030866215305100724
2025-02-16 20:00:00,0.007675548220911095,-0.003194169107436142,-5.322656796946801e-08,0.0011467052228463206
2025-02-16 21:00:00,-0.003027850331729352,0.0031935036472460544,-3.4503812329596276e-09,0.0009296448269938458
2025-02-16 22:00:00,-0.006710906260950354,-0.002186656203338712,-1.0019110796628044e-08,-0.0004256849279849234
2025-02-16 23:00:00,0.0037830765351282106,0.004875560127369034,-3.013583658188161e-09,0.0026986180890334567
2025-02-17 00:00:00,0.004146176756328123,-0.0006668290142896998,-1.3664141548666058e-08,0.0038478384388431525
2025-02-17 01:00:00,-0.002954235686880485,-0.005073487686551796,1.4380142381860342e-09,-0.0038447220865134163
2025-02-17 02:00:00,-0.00017315673047843018,-0.0004301060513514167,9.385476621590591e-09,0.005602948867163817
2025-02-17 03:00:00,-0.011441331939497663,0.01770631294135218,1.0095208542943725e-07,0.007157252477176154
2025-02-17 04:00:00,0.0028308675520337815,-0.0036374969508182094,-6.951298395116539e-09,-0.0016040479369598267
2025-02-17 05:00:00,0.005922508484313828,-0.0026473406640888496,-6.267693513562929e-08,0.005396990835310987
2025-02-17 06:00:00,-0.008630409998888797,-9.09783485655398e-05,4.978453686629409e-08,0.002086516250471957
2025-02-17 07:00:00,0.014771166718075228,-0.015998847502421303,-1.4613807470836657e-07,-0.00015826971437843631
2025-02-17 08:00:00,0.004803123831882725,-0.003841333053799501,-5.3400065409429554e-08,0.0019210641496955297
2025-02-17 09:00:00,0.0071863375840785036,-0.015686860623835695,-7.634123164690017e-08,-0.001702355988314041
2025-02-17 10:00:00,0.004253458524991944,-0.0021909416702607007,-4.414810200609163e-08,-0.002325836918787316
2025-02-17 11:00:00,0.007644622085239944,-0.0034891199460568216,-3.863250317250039e-08,0.00041456928021288094
2025-02-17 12:00:00,0.003790106915620801,-0.0031245874329623056,-3.4133941710206134e-08,-0.00336720444711343
2025-02-17 13:00:00,0.008720098144099526,0.001023546765529897,-3.9953270365656315e-08,-0.002743725316666788
2025-02-17 14:00:00,-0.02221155451277956,0.010175527441167885,1.3037458600378442e-07,-0.004801119450073776
2025-02-17 15:00:00,-0.02184692672782399,0.01525031229693009,1.6386736477267827e-07,-0.004385500538080099
2025-02-17 16:00:00,-0.029412161582563993,0.024372377745950878,2.495397418407977e-07,-0.009977598756749613
2025-02-17 17:00:00,-0.011701710224602185,0.006698765171050574,1.1007749886439548e-07,0.0010106944082234586
2025-02-17 18:00:00,-0.013149852002284794,0.019616781793936798,1.3333058867387253e-07,-0.00840332223168142
2025-02-17 19:00:00,-0.0012536626464160405,0.0055379367840928,6.4651874437724e-08,-0.00580126964903843
2025-02-17 20:00:00,0.01635616687734335,-0.0012181454744148246,-1.0712092748869922e-07,-0.003841326085922296
2025-02-17 21:00:00,-0.01714610035453623,0.009314876219097488,1.243963132197142e-07,-0.0001332823328855655
2025-02-17 22:00:00,0.0024942781021365648,0.0038167901980881904,-2.2848350983344583e-08,-0.00716066157100114
2025-02-17 23:00:00,-0.01869231538564963,0.0024439771636595464,1.6244969549893346e-07,0.013884885283871924
2025-02-18 00:00:00,0.006032699443782196,0.007525346146482027,5.477277826982165e-09,-0.001343414149028267
2025-02-18 01:00:00,-0.014015176666536852,0.00968845378581531,9.530644156531914e-08,0.005105640771398095
2025-02-18 02:00:00,-0.0028143523097622744,0.016497696176151704,4.904615416145629e-08,-0.0030171810104800026
2025-02-18 03:00:00,-0.008576259570760565,0.006999572166853122,8.200617576824622e-08,-0.0038873790206812304
2025-02-18 04:00:00,-0.018385724717392683,0.0019345294315208557,1.3412444617515394e-07,-0.004630424722422985
2025-02-18 05:00:00,0.00545341941426822,0.009213523859646631,1.9187520896258782e-08,0.016761262539152735
2025-02-18 06:00:00,-0.00029879685696982197,0.010397087440862521,1.3884525085750066e-08,0.00022213558498760224
2025-02-18 07:00:00,-0.005693170113260888,0.006054085678080596,4.5035648271139615e-08,0.0026858583305102014
2025-02-18 08:00:00,0.014663982261500475,-0.010651009375156315,-1.3708231458380818e-07,-0.013936386158745569
2025-02-18 09:00:00,0.006003478298890421,-0.005088973868285475,-4.355641252428182e-08,-0.006105118057865763
2025-02-18 10:00:00,-0.012373547206447554,0.013531952766619816,1.0249307353688006e-07,0.004086907376208775
2025-02-18 11:00:00,0.009539064298785416,0.013051189801960347,-3.8670309453763204e-08,-0.0018764648779694458
2025-02-18 12:00:00,0.003162972956201071,-0.0006427680567274489,-1.4135943634040454e-08,-0.00247219545691842
2025-02-18 13:00:00,-0.0005391383297957721,-0.0006302850924137977,-3.7484957606780414e-08,-0.006761186495101775
2025-02-18 14:00:00,-0.015942635949010325,-0.0003723375411623841,1.785364227542503e-07,0.004148618702089332
2025-02-18 15:00:00,-0.011183814779900741,-0.018712981922940897,1.650536102105406e-08,-0.001372553559831978
2025-02-18 16:00:00,-0.016314371685434603,-0.013784948407728292,-4.160151738889366e-08,-0.017849614028489842
2025-02-18 17:00:00,0.004332822578694829,-0.022211358595965132,-1.76337083491992e-07,-0.010401068436258399
2025-02-18 18:00:00,0.004202971331108791,-0.009023426464279222,-8.22452620274926e-08,-0.006366356826798824
2025-02-18 19:00:00,0.004561545651247776,-0.01116853331026163,-7.785809922703502e-08,-0.013237759883148972
2025-02-18 20:00:00,0.015377042254533756,-0.002684695083193149,-5.4837633941720454e-08,-0.011958052708076974
2025-02-18 21:00:00,0.0008431115345254592,-0.0037580278194857364,2.6268359526960876e-09,0.0016968315288217759
2025-02-18 22:00:00,0.009968155193590346,0.002024685016308243,-4.404039895264536e-08,-0.0018138664072708168
2025-02-18 23:00:00,0.021528588940611514,0.011810894979688579,-6.654823911585007e-08,-0.014897326010865039
2025-02-19 00:00:00,-0.002305586464764596,0.002958217005507628,3.886390083319904e-08,-0.0001487418206536598
2025-02-19 01:00:00,0.01364335648133197,-0.002077592185408878,-7.813236345383183e-08,-0.0033451112897464313
2025-02-19 02:00:00,-0.0007452029973994527,-0.006933511032324223,-3.0786477584776666e-09,0.00048612756999505223
2025-02-19 03:00:00,-0.016164189634105233,0.0009144944421839558,1.131644893490721e-07,0.004115238372539689
2025-02-19 04:00:00,0.00564796320410822,0.001437031214013478,-6.351113602509311e-08,-0.0016782155506406564
2025-02-19 05:00:00,0.006247898115600089,-0.002891510108908992,-3.940133068474304e-08,-0.0017038854799250101
2025-02-19 06:00:00,0.006608092194757412,0.0027208841558995682,-7.676013678017339e-08,-0.0027210218679382075
2025-02-19 07:00:00,-0.005767398374948293,0.009739464856259166,3.1380316514943796e-08,-0.0043702154820464655
2025-02-19 08:00:00,0.006258419111358513,0.0028433341833677176,-1.7322666589729297e-08,0.004829751042457154
2025-02-19 09:00:00,0.0009401659731494987,0.013699439990707676,2.034117141471869e-08,-0.0021474343055022074
2025-02-19 10:00:00,0.005762273218356675,-0.018703505499378922,-7.417177269649487e-08,0.01096533378294293
2025-02-19 11:00:00,-0.005311739350331536,-0.003254043693797579,4.4273613855177324e-08,-0.004503546681840563
2025-02-19 12:00:00,0.006222311057409542,-0.004530663027268843,-4.792363270215673e-08,-0.0018287875293381498
2025-02-19 13:00:00,-0.012186221457672645,-0.0027713633223487477,7.596397189923775e-08,0.004204333489912189
2025-02-19 14:00:00,0.0021628501592732556,0.01421545152663751,-1.9205526631469532e-08,7.493200322082695e-05
2025-02-19 15:00:00,0.007705116192430901,-0.006474270844865509,-4.078316059481646e-08,-0.0021552135215215855
2025-02-19 16:00:00,3.149372342685147e-05,0.007499752888460554,2.892109196293482e-09,0.0033283343284413193
2025-02-19 17:00:00,-0.008728713147340753,-0.00019194462260333737,1.3894658619245773e-08,0.0005512418698198836
2025-02-19 18:00:00,0.0033925508962598353,-0.010215869339426876,1.3838858874009589e-08,-0.003240168495412423
2025-02-19 19:00:00,0.0006511282411046176,0.0064132354677208115,-1.2929796586086111e-08,0.011349743157322166
2025-02-19 20:00:00,-0.0015155743474335763,-0.011156072980270895,4.402781051011969e-08,-0.007681810208407162
2025-02-19 21:00:00,0.006700305063308186,-0.0041098677087095066,-3.6792458513699334e-08,-0.0039215496695576705
2025-02-19 22:00:00,0.0027416677315838436,0.004987549355564492,-3.0987978085508114e-08,0.0015940396163830381
2025-02-19 23:00:00,0.0055183657228481614,-0.013752843959357807,-2.4437080180403924e-08,0.003038785438885102
2025-02-20 00:00:00,-0.005513937255218972,-0.006398417330818019,5.8311262094042014e-08,-0.00015460942007202848
2025-02-20 01:00:00,0.007936817348613854,0.009083181659282617,-5.980225027244099e-08,0.009030689898731195
2025-02-20 02:00:00,0.0005547657643470334,0.0025196661943975847,-1.6324177459261027e-08,-0.00020161668347165173
2025-02-20 03:00:00,-0.0024137356349831014,0.003611387580721509,3.624506746801686e-08,-0.0007419566042256865
2025-02-20 04:00:00,-0.0008135716794489193,-0.0044362075928037654,-1.891016833104593e-08,-0.0007651208808797869
2025-02-20 05:00:00,-0.0038542324310098693,-0.003566255966656939,2.8324880066284873e-08,-0.004219464213344188
2025-02-20 06:00:00,-0.00012014234688863322,0.0016670942726610826,4.09595870460439e-09,0.0018951541243688226
2025-02-20 07:00:00,-0.0028931777414011903,0.005565747143052498,2.7776203491625243e-08,-0.005474225436362033
2025-02-20 08:00:00,-0.004248286153131621,0.0016925890091485382,4.607166006484175e-08,0.00017829976311080928
2025-02-20 09:00:00,0.004151144814396376,0.0050453571068335415,-3.350214223132206e-08,-0.00347542686686505
2025-02-20 10:00:00,-0.002510605986459486,0.0009303020593488196,8.343288499753465e-09,-0.001496272823721221
2025-02-20 11:00:00,-0.0019500886493356994,-0.0016690911050970918,3.893353297706804e-08,-0.005109376420737604
2025-02-20 12:00:00,0.0019280672237658818,0.0026512708577327445,-7.172764614684765e-09,-0.0028642807376000495
2025-02-20 13:00:00,-0.0051795139191770515,-0.002719826605847726,-7.719124514811596e-09,0.0014912515431679111
2025-02-20 14:00:00,-0.004373228155751192,0.0008491003815274664,4.5708988534606954e-08,0.0022268994315423423
2025-02-20 15:00:00,0.0030137739693122897,-0.012621457775931657,1.4109838850665789e-08,-0.009362937949909656
2025-02-20 16:00:00,0.0072217344547280925,0.006629482439975391,-3.621643706643499e-08,0.0008620672473096229
2025-02-20 17:00:00,0.005027043987378622,0.0004054893196244694,-3.1878057098958394e-09,-0.003144659958642413
2025-02-20 18:00:00,0.012249033208129685,-0.007773150224316713,-4.878986922933374e-08,-0.012619505001223793
2025-02-20 19:00:00,0.005456478959014919,-0.001136093878174635,-1.4214717829433099e-08,-0.010629572665147495
2025-02-20 20:00:00,-0.00304347139343492,-0.005740529198554243,6.381346338326553e-09,-0.007126778750532001
2025-02-20 21:00:00,0.0032787784676986897,0.003544134852347066,-2.0025717556456838e-08,0.004214251995748609
2025-02-20 22:00:00,0.004422131510141272,0.010820654800932635,7.073704041144005e-09,0.012525566712321863
2025-02-20 23:00:00,-0.0013078315896116399,-0.012861613929860152,4.436454114952437e-08,0.013688957667086245
2025-02-21 00:00:00,-0.0005057060452134481,-0.002545681483824344,7.49029422050975e-09,-0.0021789981646110758
2025-02-21 01:00:00,0.0032272881412817203,-0.00342951734880622,-2.2362159197147302e-08,0.009428693891474847
2025-02-21 02:00:00,-0.003276857062161403,0.0002618614353095201,2.1612308452049527e-08,-0.003072608707553382
2025-02-21 03:00:00,0.002093842610195413,-0.003277453624722841,-4.2751881071873104e-08,-0.0061687470847163065
2025-02-21 04:00:00,-0.002406400962148631,0.008271175548328062,2.8757816773367722e-08,-0.0026682082834146503
2025-02-21 05:00:00,0.0006813485299272968,0.0035198394353097443,-2.1687101385993577e-09,0.007334426537094153
2025-02-21 06:00:00,-0.002110996782569735,-0.003535618745910612,-1.3550487988757154e-09,0.002132901361164059
2025-02-21 07:00:00,0.0043491806215947984,0.0008412596828911417,-4.4204256333217354e-08,-0.002641486048467322
2025-02-21 08:00:00,0.004045095658708118,3.6185528345924926e-05,-2.528105419570308e-08,0.0008774279135727339
2025-02-21 09:00:00,0.004599812957900894,0.007410322841073388,-1.942558218739151e-08,-0.0006037164642170108
2025-02-21 10:00:00,-0.0012004873793711418,-0.010875132469434286,1.9534311865250675e-08,-0.0020184978974858996
2025-02-21 11:00:00,0.004996843720174626,0.005615426579365265,-3.713853953357021e-08,0.009364723487019822
2025-02-21 12:00:00,0.017258444513606568,-0.004587209496062891,-1.1485136404184972e-07,-0.005570432236679266
2025-02-21 13:00:00,-0.0007169983795701582,-0.016306310728176183,-2.3045112036891228e-08,-0.006162404735443116
2025-02-21 14:00:00,-0.01534825781793576,-0.01766979538332581,8.293524906292819e-08,6.59100871251987e-05
2025-02-21 15:00:00,-0.002640941840149556,0.010842302614046364,3.362293620477564e-08,-0.0006064212034135847
2025-02-21 16:00:00,-0.021782466681311338,0.004587974632252267,1.0206582866753556e-07,0.001972348074320899
2025-02-21 17:00:00,0.0014414692913655629,-0.00534020770278161,-5.9068690697803e-08,0.00014440989721887902
2025-02-21 18:00:00,-0.012637271643521644,0.0028644647147115275,5.756845777367829e-08,0.004983712143635421
2025-02-21 19:00:00,-0.006552235890520162,0.00649592950972795,-1.301799955348117e-08,-0.0028529140592979453
2025-02-21 20:00:00,0.008062245815857608,-0.010918198585106113,1.1818479356592582e-09,0.003950828609940325
2025-02-21 21:00:00,0.0072020033620613984,-0.0027216732899759187,-2.7318298681172507e-08,-0.00406519164816468
2025-02-21 22:00:00,-0.0034272053537127752,0.0009978342770594665,4.7169223056117056e-08,0.0033563462877722436
2025-02-21 23:00:00,0.022780245148552057,0.0015076045390743137,-1.436988205011707e-07,-0.006098005212981834
2025-02-22 00:00:00,0.0073811297451789985,0.008557614410566674,-2.757939038130685e-08,-0.0027364705611828953
2025-02-22 01:00:00,0.0003021052468183882,0.002627492549413323,4.2781560482953885e-08,-0.0019836701035097853
2025-02-22 02:00:00,0.0007489928225856875,-0.005181700595864097,-6.916530698197097e-09,-0.0003948956559943357
2025-02-22 03:00:00,0.008606603013189548,0.0010659489746966213,-6.594225429190066e-08,-0.0012158321440105455
2025-02-22 04:00:00,0.003465905950334702,0.001287571124533215,-1.7365104473957684e-09,-0.0026713948536621593
2025-02-22 05:00:00,-0.004927288875954158,0.0009593043285573336,2.9093522869595647e-08,0.0018624604904727332
2025-02-22 06:00:00,-0.002837142044343185,0.004540584093810145,1.8953447756184036e-08,0.0025322983216451342
2025-02-22 07:00:00,-4.4937678792627894e-05,-0.0023410782528189805,-6.994856074384474e-09,0.00043693218017518956
2025-02-22 08:00:00,0.004011853177782932,0.009131647025999775,-4.2002923592372914e-09,0.001094979627790225
2025-02-22 09:00:00,0.0043144667857498605,-0.005964334101216917,-2.3771890980469635e-08,0.00730392258350542
2025-02-22 10:00:00,0.00030385026958546207,0.0024913750030426444,4.26174996145273e-09,-0.0011687018741490366
2025-02-22 11:00:00,0.002199155835377092,-0.001076112629383634,3.92684794908801e-09,0.0003811272177802802
2025-02-22 12:00:00,-0.003606239576913821,-0.003002628287988109,4.321841093689158e-09,0.0018768645153023704
2025-02-22 13:00:00,-0.002372496727162189,0.008229493000086236,1.7253073221458914e-08,-0.005695490094919632
2025-02-22 14:00:00,0.007918627880763156,-0.0019690634556990116,-6.847507032499246e-08,0.00353978754441826
2025-02-22 15:00:00,0.002382691957213188,-0.013678356672402948,-3.328101100074466e-08,-0.001604015383420679
2025-02-22 16:00:00,0.011663769878412113,-0.014191985138918691,-1.093648621869715e-07,-0.0013709555357044904
2025-02-22 17:00:00,-0.01180957748855374,0.01567651630231028,1.0433292928456358e-07,0.007936864639211649
2025-02-22 18:00:00,-0.00031400982303737585,-0.001123054161840157,2.3953785776744646e-08,-0.00041469370673523153
2025-02-22 19:00:00,-0.005623495227042662,0.0038641914299156663,5.0913801865928784e-08,-0.004111961498580909
2025-02-22 20:00:00,0.0010488084487094468,0.0011037355385000152,-4.786328560109068e-10,0.0002343173683766995
2025-02-22 21:00:00,-0.0016491392571033037,-0.0009383763669546898,1.4333462821199898e-08,-0.00121261477461523
2025-02-22 22:00:00,-0.004180318638214758,0.0020731325152854125,3.558662941457852e-08,-0.0031089245205117833
2025-02-22 23:00:00,0.002197916450476219,-0.0051924846406515785,-1.361063465306159e-08,-0.0017397863526243532
2025-02-23 00:00:00,-0.0023560926458768435,-0.0027486998220988493,4.424078165666722e-09,-0.0011501504486913581
2025-02-23 01:00:00,-0.005786301308422679,0.00025799800120865503,5.2656897285966115e-08,-0.0027536213495912877
2025-02-23 02:00:00,0.005026762381044415,0.001165221160135671,-4.406373706132967e-08,0.0051692556560251615
2025-02-23 03:00:00,-0.0013811436417571397,0.004278940264924067,9.991721362639096e-09,-0.0016474515150457767
2025-02-23 04:00:00,0.004100116052947976,-0.006789865266593419,-6.096606175391741e-08,0.0008585060002206414
2025-02-23 05:00:00,-0.0018599006120009302,0.007452076069876943,4.690003493035327e-08,0.006669478589665999
2025-02-23 06:00:00,0.00446998061293053,-0.0033353263646761057,-3.108464485446918e-08,0.009373190816269356
2025-02-23 07:00:00,-0.00041681628232271856,-0.0017425821563928341,-7.76423618249815e-09,-0.0029049482535525284
2025-02-23 08:00:00,9.854259308575202e-05,-0.005036075586782104,-8.414662984228109e-09,-0.0009584680237070885
2025-02-23 09:00:00,-0.0029243776296906028,0.0031934312047855592,1.8409233654287494e-08,-0.0010974789771307787
2025-02-23 10:00:00,-0.0010480876694263638,-0.00803071756965165,6.691258547481887e-09,0.009194689228797421
2025-02-23 11:00:00,-0.0047627126118939805,-0.0003994982953213639,9.95347542780417e-09,7.70614726113479e-06
2025-02-23 12:00:00,0.002137101387339675,-0.00487931098801356,-1.5704445618432948e-08,-0.006493847813718625
2025-02-23 13:00:00,-0.004360796065028688,0.0007677228369425872,2.1997229388401114e-09,0.007373973817301096
2025-02-23 14:00:00,-0.010307632614735935,-0.001447424601222334,8.832499702265491e-08,-0.0024156204850859725
2025-02-23 15:00:00,0.0023494305037084547,-0.0025329325042954725,-2.755418381553774e-08,-0.0015487850167409966
2025-02-23 16:00:00,0.003911242225641905,0.0038274011323173743,-1.6198205276697573e-08,0.0019733982835609077
2025-02-23 17:00:00,-2.0671458671033763e-05,0.002606952242806894,2.9502749016960246e-08,-0.007437183157314896
2025-02-23 18:00:00,-0.0010199203950117222,-0.003802728843355988,3.696807754833502e-10,0.003543621866083961
2025-02-23 19:00:00,0.0024078781177887514,-0.0021414165073812236,-1.4052210213131277e-08,-0.002204589314491723
2025-02-23 20:00:00,0.0013274329351807398,0.0010455236402630089,-2.0838548154130228e-08,0.0010570531554720869
2025-02-23 21:00:00,-9.889308683384574e-05,0.00038467667039708325,1.4563091078892057e-08,-0.0033725701255105382
2025-02-23 22:00:00,0.007693588291779831,-0.0035792796868562597,-2.1627095306483714e-08,-0.003018112304586397
2025-02-23 23:00:00,-0.004494552949972898,-0.004336864471600201,1.9829412228686687e-08,0.004985309666958625
2025-02-24 00:00:00,-0.008350902996747612,-0.005925704732375771,6.686122974075823e-08,-0.0024005217422180297
2025-02-24 01:00:00,-0.0073497423981067934,-0.010991192145002833,5.5162527575522605e-08,-0.006157634819663344
2025-02-24 02:00:00,-0.012158926278922996,0.022479410876681375,1.2649643439824653e-07,0.016583449923037646
2025-02-24 03:00:00,-0.009824957012200052,-0.011008789668812885,6.582001548221456e-08,-0.003664109426311077
2025-02-24 04:00:00,0.00534047287774967,0.003200801254963334,-1.9581697857909445e-08,-0.0019735108481306524
2025-02-24 05:00:00,0.00016836674035165746,0.0014875263411584607,9.64906427235153e-09,-0.006324480552976681
2025-02-24 06:00:00,-0.001427386507818186,0.010733024574486211,2.2387638458258035e-08,-0.006029136341948488
2025-02-24 07:00:00,-0.011324807100915553,0.0020949949452322173,8.752183771314241e-08,-0.006066750855743258
2025-02-24 08:00:00,0.007003317851541396,-0.0027900976922978927,-4.769236375503157e-08,-0.0029932846372779497
2025-02-24 09:00:00,-0.009352026633685282,-0.002796632686470798,7.414764385885125e-08,0.005339670665950446
2025-02-24 10:00:00,0.0034881213666855706,0.003296514924895193,-1.802550554261644e-08,0.001451080816715694
2025-02-24 11:00:00,-0.003162523708745418,0.0021864318342930873,2.7781023006932488e-08,-3.5075312185275405e-05
2025-02-24 12:00:00,0.0057089945107305405,-0.0011047827164795178,-7.000898977728037e-08,-0.005939205209191506
2025-02-24 13:00:00,0.007193611678535362,-0.0031159801157239833,-1.8381717663029451e-07,-0.024099055123877357
2025-02-24 14:00:00,0.003811994197525816,-0.021991514519952883,-1.3453735670869754e-07,-0.00812844961916749
2025-02-24 15:00:00,0.002601607043414394,-0.00845414012755213,-5.755604727796725e-08,-0.005259596963651
2025-02-24 16:00:00,0.006495616553193396,0.0001846783515690879,-5.782879003559644e-08,-0.00314610325535081
2025-02-24 17:00:00,-0.005207229837612622,-0.007869702052265951,7.820999805457919e-09,0.0011026496609626477
2025-02-24 18:00:00,-0.00711443158847681,-0.006295672664120638,5.526782185879715e-08,-0.0014165879950725619
2025-02-24 19:00:00,0.0030618408084774258,-0.0025557438710150228,-2.651261387112106e-08,-0.007134956872372733
2025-02-24 20:00:00,-0.014899864061119743,-0.007549080835150291,1.0522945558634052e-07,0.023640222654636545
2025-02-24 21:00:00,-0.044309950544256724,-0.009943608939543208,3.1715772871274406e-07,-0.0008737670850474531
2025-02-24 22:00:00,-0.007193518774931065,0.005380252344467155,-5.885508955045011e-08,-0.0033323459523072856
2025-02-24 23:00:00,-0.021393735682347315,0.008129972560182391,1.2627568599529932e-07,-0.013551518264582531
2025-02-25 00:00:00,-0.00595950499069914,0.0028422655044586923,8.120622404209347e-08,-0.0037450470765168337
2025-02-25 01:00:00,0.006987197586268335,0.014519557201458854,-3.2517045552607084e-08,-0.00542499943774301
2025-02-25 02:00:00,-0.010875719010656437,-0.008858376957336041,1.0096459589384895e-07,0.0010458467940383915
2025-02-25 03:00:00,-0.0022927678452557597,-0.0027857937889544417,3.082676747887402e-08,-0.0033679680210511715
2025-02-25 04:00:00,0.011399698470928227,0.013935281630988082,-1.1814562337749222e-07,-0.002674498470135028
2025-02-25 05:00:00,-0.010276344149870175,-0.004208311136085444,4.9555217287083516e-08,-0.0019594782929301625
2025-02-25 06:00:00,-0.016644123132955817,0.009590855329128779,-4.946500953128469e-08,-0.0070428643013591965
2025-02-25 07:00:00,0.012593103850128063,-0.0047866676419018915,-1.3365568612145427e-07,-0.0009723206610858784
2025-02-25 08:00:00,-0.011041888036876175,-0.013770285450126905,3.154150882409122e-08,0.002005659969790524
2025-02-25 09:00:00,0.003170621912176796,0.004319777553718422,-1.607224978909977e-09,0.005875477213036313
2025-02-25 10:00:00,0.01474485202881487,0.012981289966083304,-7.509595619654844e-08,-0.0019771145022088026
2025-02-25 11:00:00,0.018682218062753064,0.007814100607763476,-1.377714813473018e-07,-0.007523102113258894
2025-02-25 12:00:00,-0.001484487216158313,-0.0033401798042941955,5.774147665541758e-10,-0.0034659137498248855
2025-02-25 13:00:00,-0.010947927235840624,-0.0028624027580233407,-5.0572424254871334e-08,-0.0030606969672363374
2025-02-25 14:00:00,0.015179170130890512,-0.00408645323006901,-1.596439432059827e-07,-0.0024640033113083053
2025-02-25 15:00:00,0.0034548655251791568,0.013677863397385305,-4.1943205869067884e-08,-0.0014540844504454483
2025-02-25 16:00:00,0.007432853007429797,-0.004552667899504372,-8.142163904555298e-08,-0.001711221795111781
2025-02-25 17:00:00,0.00055797941045651,-0.007474529376220242,4.3854436250398805e-09,-0.0008414015142096639
2025-02-25 18:00:00,0.020827181956912307,0.0030305759047326917,-1.2854568683235174e-07,-0.0007594893231213491
2025-02-25 19:00:00,0.01581545147875491,-0.007503150715739995,-8.562758669514766e-08,-0.002390252747705508
2025-02-25 20:00:00,-0.0005759126684121976,0.009852096051379326,8.7989356110421e-09,0.0033138656011815443
2025-02-25 21:00:00,-0.0034801513488461827,0.00036155071692455263,-6.972944464961195e-09,0.0029089433340551345
2025-02-25 22:00:00,-0.010089192840792769,0.005663584133413454,7.972692842237564e-08,-0.0003229653223703942
2025-02-25 23:00:00,0.00282680216049035,-0.019906514605149472,-6.293727022046799e-08,0.004171428841908328
2025-02-26 00:00:00,0.005851553756363764,-0.0017154573118419896,1.0870167733295174e-08,-0.002208594116134805
2025-02-26 01:00:00,0.029423421455803032,-0.01040608212042062,-2.9573646228022116e-07,0.010532101369107474
2025-02-26 02:00:00,-0.007196671010011205,0.001533156786025286,6.887019412747752e-08,-0.004975987982296637
2025-02-26 03:00:00,0.0016558121118566808,-0.008079616378992117,-1.7550415146355536e-08,-0.0010033912932847682
2025-02-26 04:00:00,-0.01242511308495274,-0.005493526069836708,9.223881814841743e-08,-0.004909146864557222
2025-02-26 05:00:00,0.0026659818804579023,-0.003062042596424284,-3.6573505532573655e-09,-0.005227948530918639
2025-02-26 06:00:00,-0.0019852387955444093,-0.015187441155160021,3.04268276680085e-08,-0.00836705217292488
2025-02-26 07:00:00,-0.006317731664265765,0.006811242345016928,8.632718192167946e-09,-0.0011156479756257618
2025-02-26 08:00:00,0.014142954051218409,-0.009261836939176081,-1.406247527195319e-07,-0.022707189998591504
2025-02-26 09:00:00,0.003645925609300532,-0.005906039796303088,6.283812991826179e-09,-0.001490641738111412
2025-02-26 10:00:00,-0.010582302149416108,-0.004446200532292443,4.63538013987037e-08,0.0027848653495955986
2025-02-26 11:00:00,-0.01102308856716366,-0.0047636242536831215,5.2170520678159185e-08,-0.001920510559870133
2025-02-26 12:00:00,-0.002424689954636319,-0.00025258724755750214,-5.128046968668092e-08,0.0021466236149446463
2025-02-26 13:00:00,-0.006992071541985927,0.006430853282928755,-7.318799522845466e-08,-0.0124397026123323
2025-02-26 14:00:00,-0.004160455695867605,0.01682990988749575,-6.617827562245498e-08,-0.006034144836484622
2025-02-26 15:00:00,0.004019801198817513,-0.011296937914641697,-1.0532119304977915e-07,-0.007289753887417274
2025-02-26 16:00:00,-0.014059497318070118,-0.010521281555540794,1.0379377600315885e-07,-0.001741679422280083
2025-02-26 17:00:00,-0.03198623454127225,0.01413204156529936,5.020784875372006e-08,-0.001289747904624923
2025-02-26 18:00:00,0.0003544280346765385,0.007010500485871084,-9.130069913712992e-08,0.0003133100546420754
2025-02-26 19:00:00,0.008766898776742284,0.011082978348140834,-1.8713202557991928e-07,-0.008073709929410535
2025-02-26 20:00:00,-0.006223040210216597,0.01041220990550428,4.500523638277215e-08,0.0011876954496260765
2025-02-26 21:00:00,0.007406691126685829,0.002006138564365201,-7.517906741134991e-08,-0.0036073131389699727
2025-02-26 22:00:00,-0.013916174177579059,0.010776125640364122,9.067694780261854e-08,-0.0005758471220284599
2025-02-26 23:00:00,-0.0010330788687881824,-0.004803386751335721,7.17478007049729e-08,0.0022526218780058874
2025-02-27 00:00:00,0.012816472195466316,-0.009014418579360717,-9.11703388838163e-08,-0.00040433312039577375
2025-02-27 01:00:00,-0.008892245560595417,0.005532374904765579,6.534201651861258e-09,0.00039759444447677806
2025-02-27 02:00:00,0.0022141918354241646,0.01187746869386245,4.2419286656019754e-08,-0.0005418477041211603
2025-02-27 03:00:00,-0.008582630846820202,0.0006002758717238413,4.5065862622984584e-08,0.0019414342946282362
2025-02-27 04:00:00,0.01613496354257059,-0.004943191331667647,-5.434864281187126e-09,-0.003683425578637778
2025-02-27 05:00:00,0.006578722270553631,0.0005921242093906027,-5.835279247497264e-08,0.0018694544995830076
2025-02-27 06:00:00,0.019050587521170104,-0.025024110869171484,-5.905763627113503e-08,-0.0017779191461853605
2025-02-27 07:00:00,-0.00033915392965369953,-0.008899350166095384,2.781193751659826e-08,-7.48226365210239e-05
2025-02-27 08:00:00,0.01011894914802689,-0.009925494087177907,-6.349234832952742e-08,-0.004170694495511695
2025-02-27 09:00:00,0.011528063539061205,-0.0010587511892827478,1.1245802506595062e-08,0.00631441382687194
2025-02-27 10:00:00,-0.013112175212026417,0.00841606533769538,6.493304767783484e-08,-0.0024761105508251556
2025-02-27 11:00:00,-0.00010361586997876377,-0.002989495965918591,-3.9271747107769535e-08,-0.0013364450400160366
2025-02-27 12:00:00,0.00020025887457629727,-0.004588802071703613,8.713011268097555e-09,0.0010704282532902109
2025-02-27 13:00:00,-0.006628343503306833,-0.012744156237656451,-1.6309420050298033e-08,-0.0014115236313483484
2025-02-27 14:00:00,-0.000451337610873832,0.009700688410703831,-1.616690100912482e-08,-0.0015047577240148255
2025-02-27 15:00:00,-0.014577769834083125,0.00602222565064865,1.1074926658175915e-08,0.0018392674644710212
2025-02-27 16:00:00,0.01057625238337272,0.002958197566498037,-6.51904511330046e-08,0.003734006445771891
2025-02-27 17:00:00,0.0006908085523962574,0.0007143450114025741,-7.125549234502826e-09,0.00028673806019097073
2025-02-27 18:00:00,-0.010559730568274094,-0.005901646604941541,9.579358914131269e-08,0.002321806510217763
2025-02-27 19:00:00,-0.0018621372778332068,-0.011145630543595663,9.640300458296299e-09,0.0007273497860879053
2025-02-27 20:00:00,0.008268196307411279,0.005742315281940196,-8.614113157224709e-09,0.00011562847326192657
2025-02-27 21:00:00,0.00898299156236326,-0.0004550247072337476,4.1213982422855644e-08,-0.008582657837393442
2025-02-27 22:00:00,0.006743413501123275,-0.002649966178403009,1.996584353350404e-08,-0.00463695766968682
2025-02-27 23:00:00,-0.014922668161898182,0.009883046131859691,5.834492833091353e-08,-0.0007112958592405031
2025-02-28 00:00:00,-0.019235365553065525,-0.02457171944395819,1.1800198749483178e-07,-0.009087180959859349
2025-02-28 01:00:00,0.004424718623374454,0.00018730521048771745,-5.031204094281997e-08,0.006598789681919537
2025-02-28 02:00:00,-0.008500137964481548,-0.002217928277135056,1.0234282928709893e-07,0.0017812439184696893
2025-02-28 03:00:00,-0.01526505523133642,-0.003036394903104998,7.20306539297467e-08,-0.0077215781745063805
2025-02-28 04:00:00,-0.005985698574894344,0.004343515086186868,-1.710144180995909e-08,0.002182293181308588
2025-02-28 05:00:00,-0.003481961944413558,-0.010047208312078625,7.965289316190572e-08,0.013335358924225639
2025-02-28 06:00:00,-0.0035025168874810615,0.003987300370394746,-9.523632420099622e-09,0.0031924995407698778
2025-02-28 07:00:00,0.010423768270709233,0.0022553140813939532,-1.6745815964939304e-07,-0.0020451215100214253
2025-02-28 08:00:00,0.019221615766129737,-0.006194289816061841,2.944348469421681e-08,-0.00015935396475081316
2025-02-28 09:00:00,0.00103640405473524,-0.0006634166251689831,9.015504469170204e-08,-0.004182260664114065
2025-02-28 10:00:00,0.00928726033786309,0.007531726609508296,-1.6398790201374082e-08,-0.002622936865041787
2025-02-28 11:00:00,-0.009139358486959508,-0.00788301735448656,-3.010283448702982e-09,0.006294462503273767
2025-02-28 12:00:00,0.005064820113924054,0.027916903903895948,-9.45387203160172e-08,-0.002779106460973191
2025-02-28 13:00:00,0.021073622784722662,0.0018850098150662111,-1.3237153853065966e-07,-0.0018950764799781983
2025-02-28 14:00:00,0.019669766071877513,0.01338356595849076,2.1009537509971137e-08,-0.004008809191368858
2025-02-28 15:00:00,-0.012220618715007653,0.013511709144476905,5.909477851284423e-08,0.001003167778968185
2025-02-28 16:00:00,-0.003261019541260661,-0.005510793523645656,-5.057548641605778e-08,0.0014537297590156114
2025-02-28 17:00:00,0.009844318803118078,0.00018201407352779755,-1.901247000958949e-09,-0.0009087277719562333
2025-02-28 18:00:00,0.007202035057676436,-0.007991481981414892,-2.982458087052242e-08,-0.0014953588304700896
2025-02-28 19:00:00,-0.004287547710680154,0.000998734418807436,7.378810208316338e-09,0.00012788263588550238
2025-02-28 20:00:00,-0.001779248997098552,-0.005270415297295909,-3.638350895233314e-08,-0.005300218121533435
2025-02-28 21:00:00,0.0069699896338750195,-0.003437504029502765,3.3527791987186404e-08,0.004786318687942048
2025-02-28 22:00:00,-0.005290611808379274,0.004034522029742386,-2.3140818171119492e-08,-0.0038998478668220257
2025-02-28 23:00:00,0.004104520479026954,-0.0023064962545716492,3.343516680104958e-08,0.007114030352287295
2025-03-01 00:00:00,0.008212327875864203,0.008676093142790057,-1.1724673549996519e-07,-0.0026574443980682838
2025-03-01 01:00:00,-0.00041501190427965557,-7.42542249120905e-05,7.350760912839254e-08,-0.001852557280855182
2025-03-01 02:00:00,-0.008426315579845354,0.00983861740537437,2.844987938619636e-08,0.0016663856036385808
2025-03-01 03:00:00,0.005881265466639444,0.005464735485629822,-3.9382287774767446e-10,0.0004819420242573536
2025-03-01 04:00:00,-0.01372306624407569,0.00346185150568964,1.6169266038525434e-08,0.0031151753767061268
2025-03-01 05:00:00,-0.003335146357763891,-0.0025419857080478518,-1.2162175620779222e-08,-0.0008571304345833199
2025-03-01 06:00:00,-0.0041397336897059,0.0023978227325784332,2.214540063897629e-08,0.004560066494399359
2025-03-01 07:00:00,-0.004773332454637949,0.0030781045134947284,3.906375799638549e-08,-0.006443269918953393
2025-03-01 08:00:00,-0.0038552438865608754,0.004808234408999459,5.352518293297868e-09,-0.0018547754501199148
2025-03-01 09:00:00,-0.0060701040783502315,-0.007415722539920174,5.7805481111174945e-08,-0.0023806553917932903
2025-03-01 10:00:00,-0.005347203438399319,-0.004130620501868335,3.013273061448975e-08,-0.003192656467629191
2025-03-01 11:00:00,0.00014519152951116346,0.012749397641909388,-2.992411801301366e-08,0.0062475907767844
2025-03-01 12:00:00,-0.0051046435217740535,-0.009360350772680272,1.0859456423282505e-07,-0.0002914153361527657
2025-03-01 13:00:00,0.006826896873980637,-0.0022684179786225662,-3.310688488142931e-08,0.00017259329896183027
2025-03-01 14:00:00,0.002544046490999596,0.004326635981441469,-5.596445082668577e-08,-0.0021768205145811016
2025-03-01 15:00:00,-0.0020006213591796974,0.0048233975520258696,2.998077583989886e-08,0.004348141394467107
2025-03-01 16:00:00,-0.00574680292488312,0.0019585692680491097,4.1703533846526634e-08,0.00014361334213031885
2025-03-01 17:00:00,-0.002380619071196872,0.004993481835884709,-3.7142291289822685e-08,0.00431112696480718
2025-03-01 18:00:00,0.0013124560544935313,0.0005105621129927929,-1.4751123653260145e-08,0.0029516253904482963
2025-03-01 19:00:00,-0.0009625052120384874,0.0009475410866265697,8.037497994054996e-09,0.00045788660095317043
2025-03-01 20:00:00,0.009160380035321604,-0.0022839276121065324,-3.551996008634708e-08,0.007194779430652147
2025-03-01 21:00:00,-0.011769008504570303,0.010166494661888197,4.023154498833385e-08,0.000979261551596833
2025-03-01 22:00:00,-0.0036524765056402874,0.003632579849291304,1.0444045771534782e-08,-0.0026460432671398526
2025-03-01 23:00:00,0.004150788324209762,-0.004775449576352604,-7.049530739962832e-09,0.0019624700633668
2025-03-02 00:00:00,-0.005806466039859104,0.010683430739348559,1.0450421791913423e-08,-0.0003471976035213136
2025-03-02 01:00:00,-0.008410985952058516,0.013665464400664556,-1.1178750375623434e-07,-4.367035554006197e-06
2025-03-02 02:00:00,-0.0035240793497610372,0.0055501470952021206,-2.595948767661182e-08,-0.003037759860712576
2025-03-02 03:00:00,0.00029825254148896623,-0.002567782691902383,2.484333184593776e-08,0.002773153378547694
2025-03-02 04:00:00,-0.003396056236807272,0.0063154493432242146,1.451016032511888e-08,0.0010332602073960114
2025-03-02 05:00:00,0.0021330355596476023,0.0008741148835728521,4.624111045924873e-09,-0.0013871294471620053
2025-03-02 06:00:00,-0.00914187839965596,0.008542303785988897,2.186317121499993e-08,1.6437928635950382e-05
2025-03-02 07:00:00,-0.002592583570585707,-0.0030435004215821075,-5.777376619821423e-09,-0.0003009497392251492
2025-03-02 08:00:00,0.0033796643607644362,0.006578490883212996,-7.062374947171744e-08,0.002093174113465172
2025-03-02 09:00:00,-0.0002262727497345537,0.0008657153510251122,7.3417878205080464e-09,0.00025043684439886695
2025-03-02 10:00:00,0.003758529006074916,-0.0062834285793961,3.4079187020930046e-08,-0.003604143161519207
2025-03-02 11:00:00,-0.000820524296618017,-0.0027270322734400556,2.412362673175614e-08,-0.0023126250665816144
2025-03-02 12:00:00,-0.012707828757608052,0.0020097975805890593,9.14128315112311e-08,-0.007924848437386525
2025-03-02 13:00:00,0.0016756979849031888,-0.00958269571280107,2.4143102711036404e-09,0.003820122001533329
2025-03-02 14:00:00,-0.04103181877265717,0.17395577588865976,-1.0745502435954498e-06,-0.02291534487469863
2025-03-02 15:00:00,0.027982680158152334,0.05781405277925775,-3.917154593570545e-07,0.001994692399195384
2025-03-02 16:00:00,0.0015476537742234384,0.026375861842910627,1.5600340713209613e-07,-0.0013614626725542258
2025-03-02 17:00:00,-0.002862559980644632,-0.0008361208271447591,-2.0595509321665364e-08,-0.001848941211749954
2025-03-02 18:00:00,0.009845002094507564,-0.0070252368861879935,-5.4574709241887676e-08,0.004892718444911065
2025-03-02 19:00:00,-0.004663292823631286,0.003918740848309899,3.757953287908444e-08,0.007844187876801868
2025-03-02 20:00:00,-0.003309365938141351,0.01174796887287329,-6.182471073566346e-08,-0.0029669107020578855
2025-03-02 21:00:00,-0.0018044255702939684,0.00836246235624984,-7.079852559252366e-08,-0.0016078558805538374
2025-03-02 22:00:00,0.010772752575076053,-0.02939513892806569,2.2867860015338374e-09,-0.004859750349317097
2025-03-02 23:00:00,0.011347188644497366,-0.013083345343026307,5.147994229682682e-08,0.006314250010960554
2025-03-03 00:00:00,-0.013713006582111173,-0.0006741611328451092,1.1013059542337767e-07,-0.0004170810595452117
2025-03-03 01:00:00,-0.005120002984826405,0.0027056115384697923,6.058841769412475e-08,6.665265925830585e-06
2025-03-03 02:00:00,-0.01111611188685047,0.006521437960599813,-6.628927991192464e-09,-0.0003209245005238886
2025-03-03 03:00:00,-0.009857380298577653,0.01501300652728333,-1.8418863572197428e-08,-0.0011278580226608663
2025-03-03 04:00:00,0.0019956690250458433,0.001300306857869763,4.983708312151877e-08,0.001608526448214342
2025-03-03 05:00:00,-0.03667901638123344,0.008299908162868429,1.4935251680392555e-07,0.004471465972209241
2025-03-03 06:00:00,-0.012160738426175087,0.025527394848073072,1.837475290741806e-08,-0.002599646159226686
2025-03-03 07:00:00,-0.002524249487012978,-0.016069378209664614,2.5057976000606003e-08,0.014205311709160763
2025-03-03 08:00:00,-0.0008048276368060724,0.002949052309937685,2.8650681962712744e-08,-0.0015592631665548129
2025-03-03 09:00:00,0.011424014127774324,-0.0005962161143211445,2.67590742074232e-10,-0.00745886589704092
2025-03-03 10:00:00,-0.006308444216343649,0.015773871937067648,2.279644117555669e-08,-0.002525951277092109
2025-03-03 11:00:00,0.003260080450648269,-0.010175324435598947,-2.2794075164500595e-09,0.00493983238618014
2025-03-03 12:00:00,0.008328054365848431,-0.0071463655134113456,-4.021886268109436e-09,0.0018541227217442917
2025-03-03 13:00:00,-0.002729038405274109,-0.020504686589851624,-2.1594802928784974e-07,-0.011270503072254462
2025-03-03 14:00:00,0.018274336736196113,-0.023316823544830348,-5.843365661098368e-08,-0.0030415036243569135
2025-03-03 15:00:00,-0.0032168350045645973,0.004270113845104875,8.696444448867937e-08,0.0046803819387845206
2025-03-03 16:00:00,0.0008351780766565845,-0.0025493262154468337,1.6730406956663107e-08,-0.0008570310519072533
2025-03-03 17:00:00,-0.04231524834438474,0.01653651329531566,-1.0445427924771938e-08,-0.004587441708546725
2025-03-03 18:00:00,-0.04511749730288646,0.03770137130319715,2.1419627253316735e-07,0.004712451642465786
2025-03-03 19:00:00,-0.004396463833559324,-0.01675620982648698,6.06810329206664e-08,-0.00492222248119133
2025-03-03 20:00:00,-0.02111253528532517,0.023362759333418092,6.125730778649755e-08,0.005283088069822979
2025-03-03 21:00:00,0.01775638702742495,0.001830366822459167,-4.6321212861964215e-08,-0.00286197823679886
2025-03-03 22:00:00,-0.012000451427237845,-0.00305140666939532,2.523959233305699e-08,0.0029838440499158937
2025-03-03 23:00:00,0.0015468903034280175,0.01169851247012077,6.003919059237547e-08,-0.006394080742133265
2025-03-04 00:00:00,-0.04912122726302948,0.01852472785234192,6.032697645410057e-08,0.0016756212871986281
2025-03-04 01:00:00,0.0032490441047602356,0.004476292489141362,1.7112257284074324e-08,-0.00042682529294598467
2025-03-04 02:00:00,0.001406486236883136,-0.003656304735456524,1.5141997736615803e-08,-4.820450026796691e-05
2025-03-04 03:00:00,0.0014728927655178097,0.002297953297617082,-9.59223277085922e-08,-0.0010288904965483482
2025-03-04 04:00:00,0.009180383382169232,-0.009829173865073605,1.5429963540716367e-08,0.003867048391148803
2025-03-04 05:00:00,-0.0016671145389557046,0.005889889707051842,-2.2311805082017974e-08,-0.0019540938993745072
2025-03-04 06:00:00,-0.028025766962821805,0.016122614487591506,6.748072301273396e-08,0.004742136689677121
2025-03-04 07:00:00,0.02173919092010769,-0.016191977175044406,-5.092635491951883e-08,-0.003914708768336072
2025-03-04 08:00:00,-0.013005363705623094,0.010475120980003886,6.417179438423509e-08,0.0009591863832526351
2025-03-04 09:00:00,0.0035211020828479944,-0.005054272825623385,-4.2349291304789785e-08,0.004865762216634146
2025-03-04 10:00:00,0.006733659490968969,0.0034989271345405143,-9.4256107312419e-09,-0.006585418962887581
2025-03-04 11:00:00,-0.005097378630624276,0.010246288809374398,-1.1661554503139151e-08,-0.0005956522375118962
2025-03-04 12:00:00,-0.01811832778224266,0.0029351111008160927,8.78191424842242e-08,-0.0036263503721549947
2025-03-04 13:00:00,0.012024029322337645,-0.02142748371014713,-2.791808048072272e-08,-0.008554861800723722
2025-03-04 14:00:00,0.02189291954617823,-0.03979066749197756,-1.0765616433269787e-07,-0.00804772933560169
2025-03-04 15:00:00,-0.01412198736320797,0.0102611767379976,2.2757650752616002e-07,0.007805736602603418
2025-03-04 16:00:00,0.028439387410895,-0.0013318233945874083,-1.0597605875739162e-07,0.00869962079809545
2025-03-04 17:00:00,0.018908027798735197,-0.0070334633877568095,1.0835691084831318e-08,-0.0003874956021665569
2025-03-04 18:00:00,0.00889863364987084,0.011603005356439869,1.3381059965316117e-07,-0.0035199716236858354
2025-03-04 19:00:00,-0.018023239521700526,0.01500820420122611,2.71860524783752e-09,-0.0017426683973749211
2025-03-04 20:00:00,0.021714676179309056,-0.006395401915730545,-1.1975939739590158e-07,-0.0022660172414797337
2025-03-04 21:00:00,-0.01054909273998077,0.011191921899511487,6.049586065852117e-08,0.00016380920370997904
2025-03-04 22:00:00,0.003675867842748408,-0.0022467581520755407,-6.831780724667159e-08,-0.0020383355264942185
2025-03-04 23:00:00,-0.011496459692693917,0.011311023463605758,5.870100382197802e-09,-0.0006987966591070306
2025-03-05 00:00:00,0.010919304242384884,-0.0058310776623173985,-7.982152492619862e-08,-0.0042272464119652775
2025-03-05 01:00:00,0.0038187987133250327,-0.009338860762829033,-4.270305837676654e-08,-0.0012340458677463568
2025-03-05 02:00:00,-0.029615337831050297,0.03939463278791559,1.1883491124791634e-07,0.0022335400647548885
2025-03-05 03:00:00,0.0013237942579829298,0.0018598709868545536,-4.0335772613762566e-08,-0.0011661331847762372
2025-03-05 04:00:00,-0.0039433601626837796,0.011998259180587455,4.712356494336541e-08,0.0013026550147237194
2025-03-05 05:00:00,-0.0046515463193304895,0.0064017908911396795,9.285620612829465e-09,-0.006681638458824852
2025-03-05 06:00:00,1.3578627212981406e-05,0.007873513642251256,-1.3751976686597486e-08,-0.004800856725151297
2025-03-05 07:00:00,0.012576978280121285,-0.009845877936606575,-1.2104837625730725e-07,0.007778153447364908
2025-03-05 08:00:00,0.008077895491387217,0.0016001230820523948,-2.698338581720058e-09,-4.300364437545445e-05
2025-03-05 09:00:00,0.029396832860163483,-0.03277385062505244,4.134071315710455e-08,-0.006612801969591127
2025-03-05 10:00:00,-0.007916712508943529,0.002221448581472867,1.0941925672873552e-07,-0.0023066239124186665
2025-03-05 11:00:00,4.957055384922275e-05,0.0013454926954533347,2.8815880118267858e-08,0.003539246667921855
2025-03-05 12:00:00,-0.013726830222468525,0.001793337775647715,8.48356302808168e-08,-0.006235679513200554
2025-03-05 13:00:00,-0.00860318125858623,-0.00394022510728239,-1.1549023921450639e-08,-0.00017031024912262063
2025-03-05 14:00:00,-0.0002681941241860467,0.014015242208037177,-2.9478652371727834e-08,0.002049249210909206
2025-03-05 15:00:00,0.0023712568859411234,-0.006878127685913526,5.83879551642896e-09,-0.003272091116567102
2025-03-05 16:00:00,0.007578570152300695,-0.008370912700139756,1.0198540292238023e-08,-0.002192054776631155
2025-03-05 17:00:00,0.009664102115616694,-0.010163550779156733,-1.015022502739079e-07,-0.007156512129678758
2025-03-05 18:00:00,0.007513233135010334,-0.0005657316842812223,-1.0636748705927712e-07,-0.00769367558088349
2025-03-05 19:00:00,0.004839750204707755,0.001650660544110992,2.816102693239188e-08,-0.0024940062361114286
2025-03-05 20:00:00,-0.0027870679327687622,0.002742256874334107,1.0151120561917547e-09,0.001864434604394657
2025-03-05 21:00:00,0.004002547826055407,-0.001155660534264403,-2.5816685041921197e-08,-0.002902706629690904
2025-03-05 22:00:00,-0.0011069109048637686,0.002564023717886394,2.863060391362903e-08,-0.0007048567010056432
2025-03-05 23:00:00,-0.011245674945329097,0.008526366587018757,2.5938320174696628e-08,0.003378287144187591
2025-03-06 00:00:00,0.01591737933305021,-0.008649470957596857,-4.332030268570271e-08,-0.0018741378345314072
2025-03-06 01:00:00,0.00864846344738633,-0.006578653456270022,-5.1132532249970785e-09,0.005045193863816989
2025-03-06 02:00:00,-0.0012606139483918985,0.0036967329683785764,-3.490367518125863e-08,0.0041145430130862855
2025-03-06 03:00:00,0.010686274556535959,0.00224669737084017,-3.101299114452883e-08,0.004050326964194993
2025-03-06 04:00:00,-0.001130770027069359,0.005421098592773058,5.516825330189795e-08,0.007101539783181344
2025-03-06 05:00:00,-0.007110937301584696,-0.003994900376117812,-1.8537412650606305e-09,-0.0048301188819825204
2025-03-06 06:00:00,-0.022064717808932863,0.010619117262619226,3.3313389126596125e-08,-0.015951201215727552
2025-03-06 07:00:00,0.019666133533206048,-0.026923711406637893,-1.7066910739739614e-07,0.0021502520630135723
2025-03-06 08:00:00,-0.002101799208774886,-0.007522456751276637,-9.180755915513059e-09,0.0008138574736942176
2025-03-06 09:00:00,0.020445514147420095,-0.02962604201154105,-1.0264143296135672e-07,0.0017089523087769705
2025-03-06 10:00:00,-0.003932843492232147,0.002686168228969232,3.903774192635975e-08,-0.0014717476905443047
2025-03-06 11:00:00,-0.019173533173358168,0.011298629572276625,4.5215687759730144e-08,-0.0012981995662707992
2025-03-06 12:00:00,-0.002881175549318228,0.00827800214155874,2.8203324682390056e-09,0.0033531282935585043
2025-03-06 13:00:00,-0.004522117937623902,-0.012529826141981264,6.01287447295438e-08,-0.0021736666975847897
2025-03-06 14:00:00,0.007655130404634624,-0.00946170029577493,3.312163657008507e-08,-0.005558289593137056
2025-03-06 15:00:00,-0.01791174407073894,0.003270006462522945,1.0673246700192666e-07,-0.0081324458998138
2025-03-06 16:00:00,-0.010001401069196678,0.002731130504564749,2.290283989068874e-08,8.006069705834903e-05
2025-03-06 17:00:00,-0.0025140008240802482,0.0063916099865321,-6.787898910429185e-09,-0.002378354976106426
2025-03-06 18:00:00,-0.001940638997294874,0.010937350201464743,2.5836590333348754e-08,-0.006736669418814838
2025-03-06 19:00:00,0.005070986366235805,-0.0047178512280616385,1.572420551482816e-08,-0.0018471532348276597
2025-03-06 20:00:00,-0.0011265415585448345,0.013078008388655749,8.100696134849877e-08,0.0020466345832160166
2025-03-06 21:00:00,0.008598705384212887,-0.014431086611322148,2.378593086125887e-08,-0.0028060749696765686
2025-03-06 22:00:00,0.0005466791827984318,-0.00011205648888627968,-1.7279671102052416e-08,-0.0019149362839519478
2025-03-06 23:00:00,-0.03180547628172305,-0.008659851952878612,-7.404497685593306e-11,-0.015210860547921212
2025-03-07 00:00:00,0.027636703051717625,-0.007494855938471055,-1.4533993183497369e-08,-0.001959224509491904
2025-03-07 01:00:00,0.0005110001425385844,-0.015156816099830816,-1.3943013761181557e-07,0.0021096737907147682
2025-03-07 02:00:00,-0.009381998044627901,0.01904769723070372,7.801631530129288e-08,0.00205670684930924
2025-03-07 03:00:00,0.004258046150447536,0.006942025547347342,2.7904320519575217e-08,-0.002724829830350503
2025-03-07 04:00:00,0.013511349582363991,-0.011633496849553152,-7.794463695829887e-08,0.00020708086198557754
2025-03-07 05:00:00,0.009212204569095531,-0.008143136211842029,-7.334914864722838e-08,-0.0029806664063461133
2025-03-07 06:00:00,0.0049385573667210135,-0.026321901963223888,-9.422980067539569e-08,0.0061417884975343735
2025-03-07 07:00:00,0.004917833253121416,0.00349324216355031,-5.567068445185539e-09,-0.00437282964029637
2025-03-07 08:00:00,0.000235491609375766,0.0014149857382362411,2.7102914083350355e-08,0.0037215923669184593
2025-03-07 09:00:00,0.0036888317820606776,-0.0017713608951622443,-1.5493498550100864e-08,0.0009791252242783216
2025-03-07 10:00:00,0.001117063739492299,-0.0015405898267150183,-4.396619786792735e-08,-0.00047241280769973334
2025-03-07 11:00:00,-0.005648936667751881,-0.003935117489535927,8.926859486900826e-08,-0.0029136766905866695
2025-03-07 12:00:00,0.0004717846075584912,-0.006354939040469386,2.1536108267073105e-09,-0.004890958856205373
2025-03-07 13:00:00,0.014858948742248933,-0.0033438628211300294,2.8161220064859682e-08,0.004043611278388392
2025-03-07 14:00:00,-0.006686711097791206,-0.009462961829940456,-1.8997712762006535e-07,0.0026352338913124677
2025-03-07 15:00:00,-0.011770919573492916,-0.006208673058114104,1.0299897370451312e-07,0.007212780992384417
2025-03-07 16:00:00,0.0017406268462447595,-0.002727047275045536,-3.2764757189027374e-08,-0.0027007151831746836
2025-03-07 17:00:00,0.018518408079828026,-0.011185508709928644,-1.3901387311475366e-07,-0.0035600851628076963
2025-03-07 18:00:00,-0.009376903510875263,0.011266434102343735,2.1393285979644395e-09,-0.005095710308597794
2025-03-07 19:00:00,-0.008567744107658813,0.008128293872304699,-4.839341064595691e-08,-0.005985447955458973
2025-03-07 20:00:00,-0.02676563487350981,0.016102698258152817,4.9052065486034876e-08,-0.016554133220379505
2025-03-07 21:00:00,0.0094821935644041,0.0016689688075722693,3.7696677582545126e-08,0.009025799851942596
2025-03-07 22:00:00,-0.002457762824822558,0.0014878588642949482,2.6749248261424368e-08,0.003871146748179034
2025-03-07 23:00:00,-0.004253455896009733,0.039892515380861665,4.4407256924685484e-08,-0.005244184271507774
2025-03-08 00:00:00,-0.013243469480094229,0.009816621179408241,7.948255877286383e-08,-0.0020211826186249085
2025-03-08 01:00:00,-0.0002934668675597979,0.005798528633665527,3.3459078576964546e-08,-0.00521462286958739
2025-03-08 02:00:00,0.00024282493944023935,0.011812939521054666,2.9119662874534306e-09,-0.00610817386197807
2025-03-08 03:00:00,0.008164408837194034,0.00672699094684828,-2.339039861933315e-08,-0.0012161627011766276
2025-03-08 04:00:00,-0.002000376602127204,-0.004111020248294716,4.4607182436324904e-08,-0.003971850335346069
2025-03-08 05:00:00,-0.0018440733371660066,0.0007637236421596378,3.46515629136782e-08,0.001807715190214991
2025-03-08 06:00:00,-0.0022553310263006324,0.006296902881813659,-6.2506512223482915e-09,-0.0012468543441336748
2025-03-08 07:00:00,-0.0018154666043471504,-0.010448753690408224,3.2130258443077475e-08,-0.002390174328554247
2025-03-08 08:00:00,0.0009158450868378028,-0.018760770128694315,-1.0121049371127477e-09,-0.002068023647174543
2025-03-08 09:00:00,0.0031235276747669286,0.009829363011428343,-2.1431520534991256e-08,0.0005120697184242534
2025-03-08 10:00:00,-0.004064048160732098,-0.007179162675500801,3.7379744193608987e-08,-0.0023360750087407004
2025-03-08 11:00:00,0.00198458956790631,0.023888342180920688,-1.853363145221157e-08,0.004078573495398409
2025-03-08 12:00:00,0.00010546466683528186,-0.016910012223983896,-3.4347447034030065e-09,0.011646990118805638
2025-03-08 13:00:00,-0.002270816084176454,0.00641138586946342,3.278555300949479e-08,-0.002657472749921823
2025-03-08 14:00:00,0.0002855760523611709,-0.0041576859057175794,4.362666873178471e-09,0.0006061693530975947
2025-03-08 15:00:00,-0.004762430578008312,0.00605295774549958,2.10776858911456e-08,-0.002337887102150956
2025-03-08 16:00:00,0.004751267743373177,-0.006874082059873171,-7.684979858756928e-08,-0.0037942313348524426
2025-03-08 17:00:00,0.003815943109619754,-0.0007925693431079347,-3.361469332487402e-08,-0.0014367502048492076
2025-03-08 18:00:00,0.004147795099455602,0.0038651843703740663,-2.70573423859776e-08,-0.00029614326206800696
2025-03-08 19:00:00,-0.0031073113246590034,-0.0007112736044853634,4.773399337598243e-08,-0.00309882252831353
2025-03-08 20:00:00,9.520206807428261e-05,-0.003935440146484013,7.452098330460966e-10,-0.0028026401741208825
2025-03-08 21:00:00,-0.0023061637265954335,-0.0057710671302480965,4.930532004218547e-08,-0.0010302098690369054
2025-03-08 22:00:00,-0.004506221521829289,-0.004783950265763558,4.373784576478046e-08,-0.002543362792645598
2025-03-08 23:00:00,0.005000056277688968,-0.0009413635996151685,-2.981044936710902e-08,0.0016864279124808505
2025-03-09 00:00:00,-0.005195899920692399,-0.0038672061054670294,3.3923733992257465e-08,0.0008588868179547801
2025-03-09 01:00:00,-0.005056250389766526,0.0006884469546230438,3.548818186560523e-08,0.0009290531390489967
2025-03-09 02:00:00,0.004481318439987507,-0.0012364902806925515,-4.0552814444348084e-08,-0.001927613633019273
2025-03-09 03:00:00,0.0019866646002139467,-0.0032099522239601524,-2.6702236434443618e-08,0.002457090160282197
2025-03-09 04:00:00,0.0006767960612464708,0.0006473151555779064,-2.016710681032202e-08,-0.004838315864698045
2025-03-09 05:00:00,-0.002549639656692808,-0.0030633933163002744,1.7200939335849864e-08,0.0003076514719745957
2025-03-09 06:00:00,0.003549264097164777,0.006598252749963568,-3.370711703946967e-08,0.0013509213336761778
2025-03-09 07:00:00,-0.00300513456880891,-0.004187110845622748,1.302860424197505e-08,-0.003322921614528653
2025-03-09 08:00:00,-0.00822496213060392,0.004586549388278096,6.28247823637478e-08,0.005136510204227834
2025-03-09 09:00:00,-0.015268030589315596,-0.006818637297233088,9.676920341179484e-08,0.0021799926413810754
2025-03-09 10:00:00,0.0014772766643604035,0.00971093739504859,-5.908942408255449e-09,-0.00017853789408646647
2025-03-09 11:00:00,-0.0026418574354042336,-0.005061119069024939,-2.203779477034512e-08,6.314912632540055e-06
2025-03-09 12:00:00,-0.017771741263696083,0.00978542866690893,7.348970252631627e-08,0.006898888047830499
2025-03-09 13:00:00,-0.008711546275294881,0.027588702847052372,8.031446768965164e-11,-0.007055918767996689
2025-03-09 14:00:00,-0.012317204810685581,0.007421840257301175,9.495199364782881e-08,0.007467761059802725
2025-03-09 15:00:00,-0.02034736751178828,-0.012781247815346074,1.7859075706056665e-07,0.00035130275140830787
2025-03-09 16:00:00,-0.017109770822120136,0.005666073542917456,1.7431693901084914e-07,-0.0012575547698932452
2025-03-09 17:00:00,0.008006066320856793,-0.012226674495763035,-4.1333577392450626e-08,0.0013873668230497769
2025-03-09 18:00:00,0.008176685962054866,0.011181569191288402,-1.731850177683741e-07,0.005449361075293387
2025-03-09 19:00:00,-0.008234284412678972,0.00417179607408228,1.1128732841828675e-07,0.004215621229903659
2025-03-09 20:00:00,-0.0016562548378239294,-0.013811886311357829,-9.19827625488232e-08,-0.003019325670955491
2025-03-09 21:00:00,0.012016992741386012,-0.025347637674139143,-3.1123021673554727e-07,-0.008803756617599896
2025-03-09 22:00:00,0.004248628397382246,-0.0010317023707556393,3.5545218564504616e-10,-0.0007469591343363945
2025-03-09 23:00:00,0.004714058267079051,0.006652332534334488,1.7721469136773405e-08,0.003326777770180268
2025-03-10 00:00:00,-0.00455287395543939,-0.0029415220490692615,9.992786950146714e-08,0.0025608690409814642
2025-03-10 01:00:00,-0.0043000160082050844,0.007627632523902036,3.7037745228760794e-08,0.004757992242503241
2025-03-10 02:00:00,-0.0024205684790323187,0.014068419032859733,1.1440503452286654e-08,-0.0005034364681605889
2025-03-10 03:00:00,0.01239098377444682,0.002730031627181298,-2.798555152507832e-08,-0.0026780974060864487
2025-03-10 04:00:00,0.001109571833492579,0.007095264188143523,2.46971036805638e-08,-0.005269136953899886
2025-03-10 05:00:00,-0.0023326422015222327,0.0008251696351983031,2.9580797737712083e-08,0.00036401986998800014
2025-03-10 06:00:00,0.00407802989806614,-0.005343374354099055,-5.202414583858292e-08,0.00011416217345921271
2025-03-10 07:00:00,-0.01599813199793036,0.006487797013380072,6.669234372141791e-08,-0.0030067548113764282
2025-03-10 08:00:00,0.01223079548566155,-0.0019916847089001414,-1.9110345621789246e-08,-0.004141426947479673
2025-03-10 09:00:00,-0.003613735097492957,0.011633472063472799,1.6043537658379558e-08,-0.00030928140324499746
2025-03-10 10:00:00,0.016579560996323444,-0.009747331041275658,-7.350213268937126e-10,0.0030548946801272135
2025-03-10 11:00:00,-0.003672072111690078,0.004179329017299596,1.8506674435532907e-08,-0.0024709864687208665
2025-03-10 12:00:00,-0.028249428635542053,0.006829048078179532,8.79670041996293e-08,0.003438001723032586
2025-03-10 13:00:00,-0.016831475452141025,-0.008874170042116117,4.381070567655412e-08,0.005159861277280733
2025-03-10 14:00:00,0.009723838863551597,0.0022963952780521387,-7.494646722829075e-08,0.0005867117397597262
2025-03-10 15:00:00,-0.011489844490043772,-0.009281099662708008,-1.121594898767261e-08,0.00031481015747735847
2025-03-10 16:00:00,-0.0162998186140291,0.001847856989332672,2.420029555775655e-07,0.005744328116761363
2025-03-10 17:00:00,-0.0035662925472370356,0.010510943241107573,8.180941107933472e-08,0.009948003643115962
2025-03-10 18:00:00,0.036884154201415595,0.00285485972302825,-2.2443487846557782e-07,0.001322935290649965
2025-03-10 19:00:00,0.0009608993172114787,-0.01288778457394939,5.2973153518853724e-08,-0.001491560658380055
2025-03-10 20:00:00,0.011014884387619443,-0.0010773955840079393,-1.0675056241881237e-08,-0.003989127693771526
2025-03-10 21:00:00,-0.012307131392016906,9.717949581694005e-05,1.0020925701729441e-07,0.0018595940678036902
2025-03-10 22:00:00,-0.009575952797061945,0.00831542031530983,-8.723857030382025e-09,-0.0005976416562619029
2025-03-10 23:00:00,-0.025633592334344608,-0.0032268839697975798,1.864613369946129e-07,-0.0005176157889660556
2025-03-11 00:00:00,0.034803724387299007,-0.006533872924896327,-1.9568018780174737e-07,-0.001849623587291858
2025-03-11 01:00:00,0.007336175971836119,0.008355933824421662,-2.45421918475166e-08,-0.0013550636205815051
2025-03-11 02:00:00,0.0029917346369063087,-0.011318436942182708,7.132023314572183e-10,-0.000531519387194605
2025-03-11 03:00:00,0.0028182277623488633,-0.006633816407457753,-3.3527543082764844e-08,0.003818602495768068
2025-03-11 04:00:00,0.01703039027502525,-0.010005958568049709,-1.330398810817728e-07,0.0003419518737713577
2025-03-11 05:00:00,0.0040553252570612154,-0.0022069167860962876,-3.576582712940701e-08,-0.004398737867068833
2025-03-11 06:00:00,0.00655574435530943,-0.002770615343068793,-2.863095358750815e-08,0.003815192859279679
2025-03-11 07:00:00,0.01036093563292402,-0.005958108424183017,-1.2377600396777923e-08,-0.0009429307054334869
2025-03-11 08:00:00,0.0030934092221537907,-0.005661664478045927,7.778820276946968e-09,0.0011899092436582826
2025-03-11 09:00:00,0.004653054944528253,-0.0021416531852600377,1.4291313969314745e-09,-0.0008217514658397711
2025-03-11 10:00:00,-0.0011920537067979537,-0.0007574164742151745,-3.1731592405163912e-09,0.0012087759481376195
2025-03-11 11:00:00,-0.021914230280030967,0.008257540517753516,1.6261882563218006e-07,-0.004290486979321709
2025-03-11 12:00:00,0.004871563097481504,0.0027095342338581078,-1.0188820229973219e-07,0.0008824734904751617
2025-03-11 13:00:00,-0.02552722458044571,0.005120903325221114,1.0074806556267612e-07,-0.0015617329855707905
2025-03-11 14:00:00,-0.010665211382225412,0.021378476646660437,-2.1590725594432432e-08,-0.011577878026493293
2025-03-11 15:00:00,-0.005765500673920865,0.02231093126859252,4.350530184462737e-08,0.000461807813663273
2025-03-11 16:00:00,-0.014542464468753626,0.01680201124613851,1.0983090484007393e-07,-0.006222645913950633
2025-03-11 17:00:00,0.02524473061962213,0.005996046080663023,-6.699181863452694e-08,-0.013730684719803609
2025-03-11 18:00:00,-0.007156946907950264,-0.004275792644305747,-1.5264289765450816e-08,0.004552734804372718
2025-03-11 19:00:00,-0.002772056208718344,0.002863462151569829,3.042645688479817e-08,-0.004606629188751643
2025-03-11 20:00:00,0.002064451228192387,-0.001972843279087294,3.176241202261135e-08,-0.0011332560471520121
2025-03-11 21:00:00,0.0012369239986644751,0.0009092372228629794,-2.6934500725033123e-08,0.0028847522076522925
2025-03-11 22:00:00,-0.013069924926328389,0.003096113129165597,1.1659433468591464e-07,0.0021671999500123846
2025-03-11 23:00:00,0.0036071193311838765,-0.004935139692690657,-4.213228489111049e-08,0.0018924410756132322
2025-03-12 00:00:00,0.01740962624614122,-0.023590095559340198,-8.864687285215419e-08,-0.00325402750851238
2025-03-12 01:00:00,-0.017225595302154142,0.005399134571616259,8.391381080630617e-08,0.0025036332575823004
2025-03-12 02:00:00,-0.009835193037921387,0.014368581228924874,9.868001801205736e-08,0.004043073872442746
2025-03-12 03:00:00,0.004547716752851693,-0.0007466598703841947,-4.920721817007196e-08,0.002604926563690479
2025-03-12 04:00:00,0.004894547462405859,0.0010924153369532576,-8.038815705526348e-08,-0.002643121720649919
2025-03-12 05:00:00,-0.008139551066053997,0.008782473122370953,-2.616390021673123e-08,-0.0013322571024552748
2025-03-12 06:00:00,0.01781805923872757,-0.009296301432837299,-3.6312408683100817e-08,-0.000979220984639136
2025-03-12 07:00:00,0.010282960978359039,-0.002177698672138752,-8.801210007041562e-08,0.0007912207277621066
2025-03-12 08:00:00,0.00017462122909019714,0.0026689231834117018,3.1151177501101276e-08,-0.004051101254239439
2025-03-12 09:00:00,-0.005217129771211764,2.2957063563504833e-06,5.424218734467049e-09,0.003392632487226699
2025-03-12 10:00:00,0.013607666244375795,-0.006805457145029697,-7.38021201137364e-08,0.0019284951571810422
2025-03-12 11:00:00,0.016396053515928283,-0.021681231047585747,-3.255714414747126e-08,0.008114968385820731
2025-03-12 12:00:00,-0.019599225322450883,0.009738338040384601,1.0530789420635899e-07,-0.006309398263739229
2025-03-12 13:00:00,-0.00727161594790925,-0.00034992340643760187,-6.43581965153343e-08,0.004453381339350958
2025-03-12 14:00:00,-0.009048393916740564,-0.0001866599103826795,7.422981564875714e-09,-0.007801548590165023
2025-03-12 15:00:00,-0.005564201129173142,0.012423646157836156,2.7176113676111457e-08,-0.0009047913530975191
2025-03-12 16:00:00,-0.002296574923956457,0.003832300760571664,9.171775262389711e-09,0.0022770600952630167
2025-03-12 17:00:00,0.012484656145084986,-0.00715070878398112,-4.418069609977822e-09,-0.0011131808832023457
2025-03-12 18:00:00,0.0023784928212200423,0.0030437420587962625,1.2495309049137912e-09,-0.001032183919251378
2025-03-12 19:00:00,0.0010817505379517225,0.002543684539302369,1.0919543639271296e-08,-0.001189456650396747
2025-03-12 20:00:00,-0.001460484878365835,0.004693167660124106,-6.031623284931725e-09,-0.0007344071386987623
2025-03-12 21:00:00,0.003686102001577961,0.001113069225359607,1.942063454334194e-08,0.0018989479002615689
2025-03-12 22:00:00,0.004376025046868468,-0.00707910715928323,-1.3819624053530542e-08,0.00022895170817645796
2025-03-12 23:00:00,-0.0019945869153869494,-0.004611067214137272,3.6278410551812326e-08,-0.002642765341618807
2025-03-13 00:00:00,0.009579147876452313,-0.006736525631034521,-2.2398721785056873e-09,-0.002897472349098047
2025-03-13 01:00:00,-0.006064550952996234,0.002759572860282816,4.9740535083488725e-08,-0.004035891225784449
2025-03-13 02:00:00,0.007235122237565641,-0.009431560632050843,-4.5627581824805405e-08,0.003104526282483958
2025-03-13 03:00:00,-0.0028444491939998867,0.0034653982308009376,2.7769855834163483e-08,0.004908244712961703
2025-03-13 04:00:00,0.004040643663949628,-0.012049592454368922,1.061011175284643e-08,0.0005369984102016044
2025-03-13 05:00:00,-0.004988288554711832,0.0016497174344872819,2.6778622373557044e-08,-0.0035796977476392285
2025-03-13 06:00:00,-0.007820248733409323,0.011102187693795564,-2.8285108616346333e-08,-0.00453819258518881
2025-03-13 07:00:00,0.011318971701895017,-0.013015744132214731,3.5676388405500254e-08,0.020244924074431483
2025-03-13 08:00:00,0.02334348717829448,-0.01295268266904856,-1.1630499990586058e-07,0.004598987921386503
2025-03-13 09:00:00,0.002712987238145168,0.0022381790685452306,-7.24448989719841e-08,-0.003823300023062965
2025-03-13 10:00:00,0.0017954933998921387,-0.006143179588314247,-1.5938326796800437e-08,0.0022867572977381297
2025-03-13 11:00:00,-0.004208548728974863,0.0022424220342907517,-2.9474682968906263e-08,-0.0039414938638163855
2025-03-13 12:00:00,0.01499888156539412,-0.039775736616744675,-3.724407760578671e-08,-0.002161644720186461
2025-03-13 13:00:00,-0.01009543279522172,0.024456950166064896,-2.243109794037661e-08,-0.0016552035260812546
2025-03-13 14:00:00,0.0048354847510280515,-0.021052338443455353,-6.070881351072814e-08,-0.0032972597881523492
2025-03-13 15:00:00,0.0004485458124805393,-0.012157924032660195,6.136477668846168e-08,0.0011894736612112745
2025-03-13 16:00:00,-0.018032625498451534,0.010273583723474223,3.554856091484734e-08,0.0016579989434069953
2025-03-13 17:00:00,0.00907240321500551,-0.014234260068875093,4.52378242063854e-08,-0.006091082556907004
2025-03-13 18:00:00,-0.0030522126490714983,-0.0060874232398687965,-7.432764455602707e-09,-0.001092900394659088
2025-03-13 19:00:00,-0.009067624801145794,0.0087146940556132,7.487317719962494e-08,0.0010912607658336091
2025-03-13 20:00:00,-0.0010775772803754292,0.011646702224970747,4.44223739711694e-09,-0.00045134854672841185
2025-03-13 21:00:00,0.01325348884658107,-0.005853687077680155,-1.1868418314065045e-07,0.004898035039069387
2025-03-13 22:00:00,0.004180192105714775,-0.008910368872316547,-5.75353712999675e-09,-0.0011550817848280665
2025-03-13 23:00:00,0.001929116927420667,-0.0032674175891523084,-1.5927200844166242e-08,0.004465918498020029
2025-03-14 00:00:00,-0.000595598521395222,0.002726910984540467,2.6175250821656934e-09,0.000190318067438412
2025-03-14 01:00:00,0.0016853239871506293,0.0002797883282685426,1.77337839015295e-08,0.004296778853129246
2025-03-14 02:00:00,0.0017261656334091931,-0.006509130196792968,-1.4531748283461071e-08,-0.0008130065739809687
2025-03-14 03:00:00,0.007407209063182875,-0.007467655412573719,-3.0983688156902505e-08,-0.0007179236018684757
2025-03-14 04:00:00,-0.006522064510009164,0.012565105577531068,3.3559036916876506e-08,0.002777979218998467
2025-03-14 05:00:00,-0.005141990704570587,0.002897626942204041,2.2965993226060312e-08,-0.0018918837936868994
2025-03-14 06:00:00,-0.00941917500647762,0.010431303775042464,4.407695493776093e-08,-0.003715733109822143
2025-03-14 07:00:00,0.01881444443291569,-0.014157250070690687,-8.013236944126937e-08,0.0006126799158435866
2025-03-14 08:00:00,0.006374599496199063,-0.0030153429704624845,-2.0801327059551505e-08,0.003856771810894171
2025-03-14 09:00:00,-0.0007933907283916319,0.0030223168648154408,2.7579525323553947e-08,-0.0013081980795943476
2025-03-14 10:00:00,0.0012559330002685735,0.001904489728187807,3.4604523728023374e-09,0.0021578229375257786
2025-03-14 11:00:00,-0.0026905702045729066,0.003936502130874153,3.377481981246644e-08,-0.0005669357491071408
2025-03-14 12:00:00,0.0061858907305003515,0.0002680962959881991,-5.094088678236491e-08,-0.004369879779235535
2025-03-14 13:00:00,0.0017813699012116189,0.0031431268952926464,-4.9233655488804346e-08,0.002931852272238037
2025-03-14 14:00:00,0.0012841657072504026,0.009836740241726347,1.0290661995964537e-07,0.0008156823914616219
2025-03-14 15:00:00,0.0030840468713375377,0.007952946710883582,-4.4518392430621334e-08,-0.0036074051396091673
2025-03-14 16:00:00,-0.001346222711849707,-0.005795879586576081,-6.185703857257046e-09,-0.0021079830294630127
2025-03-14 17:00:00,0.00233555130335938,0.00047790609628628635,5.709410178083536e-09,0.0009477324174438695
2025-03-14 18:00:00,-0.0006874489035398894,0.018191954775798446,4.538195730877017e-08,0.021593497249204667
2025-03-14 19:00:00,-0.0035197755127416137,0.003738867259071987,-2.742927705902878e-08,0.0011731501325917286
2025-03-14 20:00:00,0.0015462348462199325,0.000348830315574522,-7.3694164539200644e-09,0.00038239806026593384
2025-03-14 21:00:00,0.0020333534638561183,0.006826111095990643,-3.777227745229003e-08,-0.0009966180520435408
2025-03-14 22:00:00,-0.0013949882653097575,-0.010311065093531628,4.5929159573573755e-08,0.005965771756384614
2025-03-14 23:00:00,0.010923014905655833,-0.007429844345136543,-4.6401850566479124e-08,0.00011179166243634805
2025-03-15 00:00:00,0.006835111725969616,-0.016757849637665547,7.69545236355982e-09,-0.0013256231511843838
2025-03-15 01:00:00,-0.0006804659846932522,0.007724342175335709,-8.326989161508939e-09,-0.0011109427973044475
2025-03-15 02:00:00,0.004304692217642381,0.0006402028751388925,-7.053916316922563e-08,0.005376541291328202
2025-03-15 03:00:00,0.008280213661655447,-0.007289628376851707,-6.744368726942097e-08,0.004406335135642744
2025-03-15 04:00:00,-0.0031668497438855515,-0.0027953495523608575,3.54904157749616e-08,-0.0035398014774831173
2025-03-15 05:00:00,-0.0038538089606690844,0.005962030452737518,9.390505329334497e-10,-0.00300916851276866
2025-03-15 06:00:00,-0.003736655961044718,-0.004140865382090233,2.563001513146583e-08,0.004100381146810504
2025-03-15 07:00:00,0.0051612137544537785,0.0016095069102060736,-6.706396494478191e-08,-0.0007573711521598524
2025-03-15 08:00:00,0.005101381186028445,-0.0021247776383472605,-3.397510614138374e-08,0.0026220103065235944
2025-03-15 09:00:00,0.00013134290611230444,-0.0011092791031448996,-9.931218509632938e-10,-0.00030271638157716377
2025-03-15 10:00:00,-0.0016239466131693979,0.008815357070311476,-7.610836450848212e-09,-0.0059387386876133845
2025-03-15 11:00:00,0.0015963312157956427,0.0003086297809798035,2.9407528326179772e-09,-0.007672783362777838
2025-03-15 12:00:00,0.0038108520230222963,0.005909700250451111,-4.375334500391458e-08,0.0029510427324897855
2025-03-15 13:00:00,-0.003150868900691773,-0.0012892882334313023,2.6566679360154713e-08,-0.004157231556770988
2025-03-15 14:00:00,0.0052337865111565865,-0.0025735409778242786,-2.633712786302485e-08,0.0040978085679253115
2025-03-15 15:00:00,0.003502620484702584,-0.003532840425199999,-1.3364728895824553e-08,-0.0011771159487825138
2025-03-15 16:00:00,0.004874634326659917,-0.00646810163701587,-1.3137125926179673e-08,0.0017897763791061535
2025-03-15 17:00:00,-0.0034152939398686298,-0.0020360574677453043,2.5758569266561335e-08,5.4556593290990254e-05
2025-03-15 18:00:00,-0.001409289429729916,0.0049333364884282015,1.3134148166476989e-09,0.0015646716254965022
2025-03-15 19:00:00,0.006520582553647213,-0.00325916209062614,-4.501881133355519e-08,0.0005397076642435414
2025-03-15 20:00:00,0.0019617490335412883,0.0017784347775055749,-3.4119479040840315e-08,-0.0007767827089499024
2025-03-15 21:00:00,-0.0037905366541872926,0.00044833350935231177,3.399498786749183e-08,-0.005755180902326861
2025-03-15 22:00:00,-0.00027522812181871373,-0.007691999386537443,3.524567584817761e-08,-0.004749459415634533
2025-03-15 23:00:00,0.004363250279893491,-0.0025682025036769898,-3.62951877035986e-08,0.00836562674238196
2025-03-16 00:00:00,-0.009914246785707771,0.0029668922886560926,4.960917693538441e-08,4.5677300142720414e-05
2025-03-16 01:00:00,-0.005662634947987705,0.0024843173870165024,5.095531725807984e-08,-0.002783216770362549
2025-03-16 02:00:00,0.00524221437886704,0.0077985169009719526,-4.5748916364431136e-08,0.004710082044079968
2025-03-16 03:00:00,0.0009632734909649931,-0.00013981702960576362,-5.4788801179189e-09,0.0023013293329383765
2025-03-16 04:00:00,0.0018618736666224068,0.0007596647911726157,-3.083722242740521e-08,0.0009256831821737866
2025-03-16 05:00:00,-0.0019242725969897483,0.0008666479960858013,2.295871488503457e-09,-0.0023969888899580257
2025-03-16 06:00:00,-0.0044626588109620054,0.003998424468231901,3.619580339823838e-08,0.004367204395620866
2025-03-16 07:00:00,0.0016447124394201721,-0.004700909662078611,4.123503123650959e-09,2.862162276986465e-05
2025-03-16 08:00:00,-0.00956206405330459,-0.002256418862257975,7.27805351683611e-08,-0.0011013843975797948
2025-03-16 09:00:00,-0.0013636984847235716,-0.0034565318033752284,1.0341087587027753e-08,0.001786042812858111
2025-03-16 10:00:00,-0.013102709276394252,-0.004368933077680916,4.2263416198439206e-08,0.009486083973391277
2025-03-16 11:00:00,0.009898385871448482,-0.001005927346524004,-6.843118619923609e-09,0.0035377245519520434
2025-03-16 12:00:00,-0.01084332825138645,0.015236693699248575,7.476202881640297e-08,0.006537611948852111
2025-03-16 13:00:00,0.009552064692246953,-6.225017383160725e-05,-1.381743061473848e-08,-0.00234663580940526
2025-03-16 14:00:00,-0.0047233012406017955,-0.00019879017133510072,2.900855036754408e-08,0.003159681045101437
2025-03-16 15:00:00,0.014129296235522552,0.0011205745008373504,-5.1907722075707283e-08,-0.009621811750855877
2025-03-16 16:00:00,-3.356576855376419e-05,0.004590194317881307,1.5164438861577476e-08,0.0003343673153271813
2025-03-16 17:00:00,-0.007563957472255125,-0.004485312993447343,3.4889018815616186e-08,0.003297322867746216
2025-03-16 18:00:00,-0.00430691691623906,-0.0011514321558658007,7.59332072823028e-09,-0.0041905391253136285
2025-03-16 19:00:00,0.011257137515501503,0.000272522096369899,-1.2186630022705098e-07,-0.0060621230423135285
2025-03-16 20:00:00,0.000909270972182144,-0.0005489444796219175,-7.090436962345073e-08,-0.003277104986958483
2025-03-16 21:00:00,-0.0062142612555221525,-0.004048381365596662,3.2445415304420003e-09,0.001726943178765525
2025-03-16 22:00:00,0.0017936239552613221,0.006350035039606698,3.758421864091781e-09,-0.001545381400817225
2025-03-16 23:00:00,0.015242498249767502,-0.0005619646106112475,-1.2708487956674187e-07,-0.003101570862713202
2025-03-17 00:00:00,0.013633076374446228,-0.01105144398570488,-8.778717119971903e-08,-0.004838554695664287
2025-03-17 01:00:00,0.005439335177385522,-0.006385388307366334,-3.8289447960624016e-08,-0.0009045585451038585
2025-03-17 02:00:00,0.004564653218112214,-0.0008452590880686479,1.7979815330056304e-08,-0.0006711133880240979
2025-03-17 03:00:00,-0.00211829654672505,0.0021186933977675243,-5.7035684330711465e-09,0.0011382567322319812
2025-03-17 04:00:00,-0.007045919260201525,-0.001785073260214494,1.386520958352712e-08,0.0012316221765483234
2025-03-17 05:00:00,0.0034118472380011413,-0.005960604909918476,-7.680256228504032e-09,0.0001887241554078489
2025-03-17 06:00:00,0.0068501458744516745,0.005579712097585668,-5.7217557223644e-08,0.006079370321675126
2025-03-17 07:00:00,0.0031513502094453255,0.0002560784347825435,-4.396019673003941e-08,0.0008877551721398799
2025-03-17 08:00:00,-0.0031537867258372393,0.008626609654828553,2.129274003732918e-08,-0.00822385331025316
2025-03-17 09:00:00,-0.011143865114946541,0.01347873272236301,3.412459428960003e-08,-0.013057761278668645
2025-03-17 10:00:00,-0.009939227173660737,0.011126777142471204,6.666188468181459e-08,-0.007282049851274658
2025-03-17 11:00:00,-0.007404979076459072,0.003265865398781683,1.27925240002806e-08,-0.00016675277176406714
2025-03-17 12:00:00,-0.0015630149116022296,-0.002707799074371633,1.7705838149783537e-08,-0.000646557419173585
2025-03-17 13:00:00,-0.0012242413061812735,-0.0009063153079035639,-1.2843518025999944e-08,-0.0028326187515018437
2025-03-17 14:00:00,0.0036781497631010567,0.00716781955964811,2.284738389043564e-08,-0.0015579680208568335
2025-03-17 15:00:00,-0.0032742989235989076,-0.0018893052164970711,2.2395982691564373e-08,0.002053308430088824
2025-03-17 16:00:00,0.005577447127419754,0.00789578740695698,2.006048377149002e-10,0.006250827087843858
2025-03-17 17:00:00,0.004691160175195315,0.003027519993566712,-6.728168920886692e-08,0.004895157564778515
2025-03-17 18:00:00,-0.003259382696995248,-0.0006458890038604971,3.443309393835742e-08,0.00033162935464343
2025-03-17 19:00:00,-0.004914955455515895,-0.004564866073229149,-1.3630226466412748e-08,0.0015405338072411975
2025-03-17 20:00:00,0.001321167541385954,0.0043903679794181335,-5.850184179220063e-09,0.0006190861506650423
2025-03-17 21:00:00,-0.0002648528804034202,-0.003885106936325958,4.444686214429877e-09,-0.0015915498707756227
2025-03-17 22:00:00,-0.0028567451050449818,0.0028652525127869696,5.1773672055464563e-08,0.007414603344315039
2025-03-17 23:00:00,-0.0038467738129046047,0.002861205912235829,3.844671244188962e-08,0.004686004036873028
2025-03-18 00:00:00,-0.014188622583067868,0.004240312563223091,7.794636609461041e-08,0.0005419055836041044
2025-03-18 01:00:00,0.004675997076368288,-0.0004043197389523621,-2.276842589435179e-08,0.0002086743178206629
2025-03-18 02:00:00,-0.005287223262817062,0.005184733577657684,3.8827314282602936e-08,0.0018518243773532586
2025-03-18 03:00:00,-1.3957025900046744e-05,0.0027990458624196014,-2.145307828083592e-08,0.000377543234396277
2025-03-18 04:00:00,0.004830616586228551,-2.5788211089607207e-05,-6.435439840505246e-08,-0.002455741440148122
2025-03-18 05:00:00,-0.004509163893195771,0.006959047323204612,-3.4679630497911865e-08,-0.009792798220862885
2025-03-18 06:00:00,0.013396277941924432,-0.015797395213822136,-4.6204392279989e-08,-0.001627292656619689
2025-03-18 07:00:00,0.013205136463141968,-0.008477575871754173,-8.483681768601974e-08,-0.005506814865255979
2025-03-18 08:00:00,-0.002443981333534745,0.0026615022063921183,-9.138228237883112e-09,-0.0029798329742291075
2025-03-18 09:00:00,-0.007270595763394016,-0.0004707388400891957,6.885196476516082e-08,0.004957120537028814
2025-03-18 10:00:00,-0.010550880100028812,0.010773261953560861,6.995308343162831e-08,0.004538631197418111
2025-03-18 11:00:00,-0.0005333434081235943,-0.002521437254621783,-1.8083984519871335e-08,-0.0008614059220439317
2025-03-18 12:00:00,-0.006134498132530895,-0.014410274290057607,-6.869177677794672e-08,0.0007350857836949918
2025-03-18 13:00:00,0.008431905217227337,-0.001953841965774232,-5.247427199763e-08,-0.002063546296635254
2025-03-18 14:00:00,-0.007840235326533213,0.003626416446731253,5.588766905522038e-08,-0.001523981719347072
2025-03-18 15:00:00,0.0018924147205129208,0.00769735407313331,1.1214656949048579e-08,-0.0006819323899506163
2025-03-18 16:00:00,-0.003907685248245477,-0.005170565814835269,-9.661090284694783e-09,2.7705505762344006e-05
2025-03-18 17:00:00,0.007354135242666475,-0.0014047846123665967,-2.3543618390587925e-08,-0.004618675727887121
2025-03-18 18:00:00,0.023097271036930243,-0.018110302128486275,-9.660592129943056e-08,-0.01481375523361551
2025-03-18 19:00:00,-0.0021393945250212606,-0.003843412146537054,-2.134024120366324e-08,0.0007071623049393407
2025-03-18 20:00:00,0.005349175007144054,-0.007882768373471488,-4.3399852281950485e-08,-0.002091618069109732
2025-03-18 21:00:00,0.004830142966221304,-0.0011135841961445274,-3.7837326645770304e-08,0.003941898399139294
2025-03-18 22:00:00,-0.0029978712201141604,0.005347680476412474,4.37472857543738e-08,0.004637368801389166
2025-03-18 23:00:00,0.0041454290290394635,-0.010370191695550365,-1.6703126895036698e-08,0.003008512654781386
2025-03-19 00:00:00,-0.01177989078136755,0.006776223205856852,6.483026758401829e-08,0.0007517853578481913
2025-03-19 01:00:00,0.010480563319336788,-0.013325661795056997,-8.346017652513275e-08,0.0037036989875598014
2025-03-19 02:00:00,0.007472918549285477,-0.009772851333469158,-7.25187175673591e-08,-0.0041033096278936575
2025-03-19 03:00:00,-0.003660555827336663,0.0011474870961265136,2.5977761926412818e-08,-0.004500973694503659
2025-03-19 04:00:00,-0.0010045266046651274,0.0035352294798365437,4.3023600218601866e-08,-0.0024800575555180633
2025-03-19 05:00:00,-0.004109991432852399,0.004386585568315205,3.288573905770444e-08,-0.005670832082530934
2025-03-19 06:00:00,-0.003654379221609182,0.0034510425078116067,4.923101781854422e-08,0.0015787755184275701
2025-03-19 07:00:00,0.008842614561890595,-0.0121697933187711,-7.045599230465392e-08,0.001028682147256107
2025-03-19 08:00:00,8.809865968897814e-05,0.0004062951505889368,7.772364591873815e-09,-0.004073389684027276
2025-03-19 09:00:00,0.004252601230427514,-0.0005223132115280055,-4.8866647614789086e-08,0.003972079704341055
2025-03-19 10:00:00,0.01955205492780377,-0.029407045700255714,-1.4920465420550566e-07,0.007688513551907706
2025-03-19 11:00:00,-0.002783668679755968,-0.014397590647961703,1.8465205324054728e-08,-0.002228420007228029
2025-03-19 12:00:00,0.026828138542078675,-0.029991606459422563,-2.834579393407964e-07,-0.010872392797422654
2025-03-19 13:00:00,0.006341882340902173,-0.008218206087620694,-4.403393867033571e-08,0.0004326461690553356
2025-03-19 14:00:00,0.0048786220455287795,-0.008847293041961116,5.156986399649783e-09,0.00048207487697474085
2025-03-19 15:00:00,-0.006748834759115015,0.019978440650986903,7.890934882103912e-08,-0.006082853902259363
2025-03-19 16:00:00,-0.009476534931853828,0.00541467992970647,5.913871781546198e-08,0.0002124080016224102
2025-03-19 17:00:00,0.02585028651348474,-0.021543043467319764,-7.22091899606648e-08,0.004190684629285214
2025-03-19 18:00:00,-0.0007307691621364315,-0.011985816133700021,-3.47174820713327e-08,0.0028700560329978733
2025-03-19 19:00:00,0.0029132002208397735,-0.015185283945028,-3.763650827034349e-08,-0.0011293855904692186
2025-03-19 20:00:00,0.005623911729442242,-0.00266716930262871,-2.5911716142122205e-08,-0.00028567746681614793
2025-03-19 21:00:00,0.00570246762411377,-0.0031949272056004487,6.96673442853355e-10,-0.0017147234128728564
2025-03-19 22:00:00,0.007192818895781886,-0.012166355200497761,2.0442685763057064e-08,-0.000756521846935029
2025-03-19 23:00:00,-0.014692005853354353,0.027338549185267253,5.509527090861005e-09,0.006587807491903916
2025-03-20 00:00:00,-0.0019772400871677248,-0.010027702161282773,7.669443662498675e-09,-0.0009008018740257483
2025-03-20 01:00:00,0.004926659228711695,0.0026221856218062453,-9.496880223919943e-09,0.0021919488275791697
2025-03-20 02:00:00,-0.002079944413780449,5.8609745258884065e-05,4.141703175186781e-08,0.005283214225408153
2025-03-20 03:00:00,-0.0021979312354570004,0.001988463303772059,2.248505385356609e-08,0.0029490962476007845
2025-03-20 04:00:00,-0.000770178488219461,-0.0037874223982982294,3.072506625564093e-08,-0.0006754085662853144
2025-03-20 05:00:00,0.002291881037689816,8.634883055786137e-05,-3.232163804863886e-08,0.0006454790928953261
2025-03-20 06:00:00,-0.0030045718768726966,0.005185684873322862,3.59899786343885e-08,0.0012448855352904006
2025-03-20 07:00:00,0.008735997300010097,-0.0035615342765988344,-3.152257338617693e-08,0.0016895175904435586
2025-03-20 08:00:00,-0.006048509229900552,0.01881844584731605,-2.301841887082096e-08,-0.0065396281002064825
2025-03-20 09:00:00,-0.015386470130847981,0.005776473890721463,6.087852527448171e-08,0.0017719235509686153
2025-03-20 10:00:00,0.005752313504302071,-0.010731727950028039,2.6516744182955738e-08,0.0011695907234994193
2025-03-20 11:00:00,0.004810323849934227,-0.0044139162046749406,-5.963175057198901e-08,0.0007975800143425828
2025-03-20 12:00:00,-0.0030337125983203204,0.0037849491668935646,3.907521339749268e-08,0.003440441967877006
2025-03-20 13:00:00,0.010786187057649204,-0.009776330355694833,4.336673365953484e-09,0.0019728916042759275
2025-03-20 14:00:00,-0.011331898157423446,-0.0006967789979640756,8.493143969192495e-09,-0.0088462397894335
2025-03-20 15:00:00,-0.012318297893625658,0.003848912604201273,2.546536795476882e-08,0.0029767571555150045
2025-03-20 16:00:00,0.00625135460353499,-0.0019455391047156548,-3.4424476541781276e-08,-0.0007463641630085854
2025-03-20 17:00:00,-0.0004440729757165667,6.331197209227726e-05,-3.0935080898524496e-09,-0.0003277998921226169
2025-03-20 18:00:00,0.0046864501131446325,-0.0031720051191306063,-1.7762517349810618e-08,0.0024910525571095114
2025-03-20 19:00:00,0.0028017278478618323,0.0032432650695044937,6.075082469816968e-09,-0.001090223463722433
2025-03-20 20:00:00,-0.000321338654860739,0.0009483281610097676,-6.84278268622209e-09,-0.0018824571355568272
2025-03-20 21:00:00,0.003577803460323062,0.0026005791974427067,-3.194094136748919e-08,-0.006598288036920919
2025-03-20 22:00:00,0.003908038429615058,0.0003605785509281589,-3.120244308655977e-08,-0.0013831981412397547
2025-03-20 23:00:00,-0.0029517201448356115,-0.005475846556260996,4.102712998343198e-08,0.009943402079069094
2025-03-21 00:00:00,0.0010797082689291103,0.005083112815667577,-2.943434993356165e-08,0.003253927928239545
2025-03-21 01:00:00,-0.005518542362377257,0.008791229141574796,1.3694359284366307e-08,-0.0004399784796619226
2025-03-21 02:00:00,-0.0031984926095341764,0.0002630625486969331,4.3873223853615684e-08,-0.005180994292373736
2025-03-21 03:00:00,0.004369900965766348,0.004074441349379219,-4.611883547132254e-08,0.002239581285366016
2025-03-21 04:00:00,-0.003464102403971267,0.003560121216079283,-5.8515241762314e-09,-0.0033194079915381436
2025-03-21 05:00:00,0.0004412753029985877,-0.0036225133306767823,-1.1972635180649296e-08,0.002888990007866104
2025-03-21 06:00:00,-0.0027411003327339136,0.0010415682573501977,-1.878926842012344e-08,-0.0015386882383577128
2025-03-21 07:00:00,0.0008521202405082097,-0.0001487958462810414,3.083627680751696e-08,0.004011331491818709
2025-03-21 08:00:00,-0.0011625428337222008,0.0034653350706188055,1.6727487328876663e-08,0.0014560840294714095
2025-03-21 09:00:00,-0.005366785650600789,0.005017515278321159,4.6051929142934694e-08,0.002856205391876941
2025-03-21 10:00:00,0.0030081591418980825,-0.004706959214336241,-2.8768749502558955e-08,0.0023386824372066757
2025-03-21 11:00:00,-0.004584115870482252,-0.005114130817322301,-4.147914565174611e-09,-0.0007427402380513588
2025-03-21 12:00:00,0.00386967761229968,0.0003466038019010138,1.8203233956325542e-09,-0.0034611398980708475
2025-03-21 13:00:00,0.0027412118596661563,-0.0017493250042473615,3.2531651704374256e-08,-0.0034856127064161945
2025-03-21 14:00:00,-0.002498694672936269,0.0024363971442005992,-2.5982500388250364e-08,-0.007323126612990486
2025-03-21 15:00:00,0.0075984253445524055,-0.0005533498706123937,-8.812450120963292e-09,0.0023586431966956295
2025-03-21 16:00:00,-0.003877902640299382,-0.0006100668824057454,-1.0686287421916643e-09,0.007298082298864823
2025-03-21 17:00:00,-0.0021902549981004174,0.0052311995734694045,4.57582074971111e-09,0.0021189527198273352
2025-03-21 18:00:00,0.0029736502954590713,-0.006524641569207309,-2.0386916954935864e-08,-0.0013104827837379569
2025-03-21 19:00:00,-0.0017399808043549996,0.00461663654528538,3.2607811698040546e-08,0.005612692901522323
2025-03-21 20:00:00,0.0006814505165192807,-0.0009293677955093544,2.9006609812176735e-08,-0.002138357001114011
2025-03-21 21:00:00,-0.007145382871600034,0.004549869693270097,4.0361418714255855e-08,-0.0019389498453772675
2025-03-21 22:00:00,0.0031558660434570945,-0.0025271914465357466,-3.7277732102431064e-08,0.009776282178018588
2025-03-21 23:00:00,0.0067163382135878285,-0.004391280078564153,-4.243358619128192e-08,0.0014810559015810386
2025-03-22 00:00:00,-0.0041593756492304184,0.0009463589055443203,3.295040382962587e-08,0.003555875338589977
2025-03-22 01:00:00,0.001991292324099648,-0.001970106780806221,-3.829975270140595e-09,-0.00141215210253449
2025-03-22 02:00:00,0.005041602693925036,-0.00812589076025363,-1.6788487239293135e-08,4.7688975319375604e-05
2025-03-22 03:00:00,0.0036269957347795636,-0.0030799844926560913,-1.5841063115170752e-08,-0.002092294500835161
2025-03-22 04:00:00,-0.002301652628989009,0.002831791289654156,8.872298866880801e-09,0.0001730222770650911
2025-03-22 05:00:00,0.0006717808454786772,0.003526391798978266,-1.9063219705335334e-08,0.0021161797961820553
2025-03-22 06:00:00,-0.0009491743149281542,-0.0017730778516779786,1.011154773477344e-08,-0.002012252773483026
2025-03-22 07:00:00,0.0027259294025144213,-0.0017904597748193687,-3.506833767650184e-08,-0.0023625983859022464
2025-03-22 08:00:00,0.0042812560504402785,-0.002054851172291347,-2.7208292317888724e-08,-0.001725634593626474
2025-03-22 09:00:00,0.002244274131983004,-0.007909492303984808,9.240870433847966e-09,0.001712499932568418
2025-03-22 10:00:00,-0.0028171800836698383,0.0016023712193170897,5.976208480668474e-09,-0.00433566562015674
2025-03-22 11:00:00,-0.0028713137020453306,0.005935329573782206,5.14930017757836e-09,-0.004156495395516864
2025-03-22 12:00:00,-0.004316622615118549,0.004073086047591011,2.560640613352938e-08,-0.0027055519624658323
2025-03-22 13:00:00,-0.004575563035535329,-0.001717005613279599,4.3590202861805844e-08,0.0026675097566195823
2025-03-22 14:00:00,-0.0022567853491865303,0.004762064819712001,9.875675140802622e-09,-0.005155144815239674
2025-03-22 15:00:00,0.0017081314203309002,0.0016450103673118542,-2.100766460582564e-08,0.001762213859329669
2025-03-22 16:00:00,0.00360843883290153,-0.0006269935110746707,-2.8065589299491662e-08,0.0041970055999934796
2025-03-22 17:00:00,0.0030567795024303538,-0.003545938342689047,-2.2094210971116898e-08,-0.0011980617907277858
2025-03-22 18:00:00,0.0010642584679684782,0.0005383379183469745,-2.2034185939473772e-08,-0.0017046787817838961
2025-03-22 19:00:00,-0.0011661665913729347,0.0022046415433933974,-1.8133326466262212e-08,-0.011934152563074006
2025-03-22 20:00:00,-0.002339434361391521,-0.00026838991427797945,3.509624833510062e-08,-0.0010797881240100832
2025-03-22 21:00:00,2.2478740822007293e-05,0.00027353730513607105,-5.911641235152715e-09,0.002472593431939614
2025-03-22 22:00:00,-0.0012082024066642743,6.3242167156984965e-06,-2.4391454342842603e-09,0.002890714286363664
2025-03-22 23:00:00,0.0017145129521648212,0.0002154741777769701,2.5627437214416383e-09,-0.0002823733351536598
2025-03-23 00:00:00,0.0053372974369041756,-0.007375065543985515,-2.853876172304154e-08,-0.00362928928539887
2025-03-23 01:00:00,0.002215658106460951,-0.0037133726477528136,1.154965917395703e-09,0.003983170588961967
2025-03-23 02:00:00,0.0023704364836456583,-7.641942006606474e-05,-3.228782385796305e-08,0.0012562492138939827
2025-03-23 03:00:00,-0.0029943118141043195,-0.0019937134213501998,3.1008237752203534e-08,-0.0024253384224254496
2025-03-23 04:00:00,0.0019269945854863627,-0.0007058507056136307,-5.157907604930173e-09,0.0004456291275973097
2025-03-23 05:00:00,0.002407468627736475,-0.004354699110079608,-2.40470349155821e-08,0.006205912769080816
2025-03-23 06:00:00,0.0005430759186860899,0.0002450053925073474,-3.1862685088982076e-09,0.0009475008147165005
2025-03-23 07:00:00,0.0007901022294120965,-0.003314355081584247,1.0873905886356288e-08,-0.002321829927104083
2025-03-23 08:00:00,0.0016683047547823512,-0.0033042906192553793,-1.607509235353003e-08,0.009094644022996905
2025-03-23 09:00:00,0.002431564107573308,-0.0016382681025663781,-7.006072277792269e-09,-0.0015798703777261244
2025-03-23 10:00:00,0.003952387621156676,-0.0037211707153424773,-7.57823963485269e-09,0.0031691442728968115
2025-03-23 11:00:00,-0.001465334335792648,0.0018288678798960801,1.911649773887901e-08,-0.00032409081367864944
2025-03-23 12:00:00,0.003617102954084014,0.001967675540370703,1.0599268232140495e-09,-0.00206004946863648
2025-03-23 13:00:00,-0.004295667729745711,-0.0037124165079077203,1.7441140294724395e-08,0.005789999285940529
2025-03-23 14:00:00,0.0041587796268677734,-0.007589400176668016,1.0759213939300336e-08,0.0016518046766919039
2025-03-23 15:00:00,-0.00506450413574412,0.003619522515284459,6.361370660273162e-08,-0.0026621540726878973
2025-03-23 16:00:00,-0.006495504785601404,0.005471615668597239,2.974079572731364e-08,-0.0018381992188490175
2025-03-23 17:00:00,-0.010184017273604153,0.013719960437296876,5.4757486000381636e-08,-0.006203754790749289
2025-03-23 18:00:00,-0.008432332309140589,0.015854600586082138,1.967764562484145e-08,-0.00916371562475773
2025-03-23 19:00:00,0.0009062541041349667,-0.0023284202505904766,1.496919396065688e-08,0.0014948561081988454
2025-03-23 20:00:00,0.002300608480055226,-0.003368148352380937,-5.200916276931477e-09,0.0006903750903689131
2025-03-23 21:00:00,0.002417027559802701,-0.005471319124827388,8.327519048319268e-09,-0.0012500740622324264
2025-03-23 22:00:00,0.007609698528123311,-0.0016338076778591993,1.5381426294532656e-08,0.0032937620408273463
2025-03-23 23:00:00,0.00021843732294728386,-0.00713026689693122,-2.0785129422114408e-08,0.004819987597690469
2025-03-24 00:00:00,-0.00807476563061007,-0.001098628159711156,4.3897324879780396e-08,-0.0025627280301868936
2025-03-24 01:00:00,0.009454991672783904,-0.006417477710457015,-5.030521698428471e-08,-0.000931456301039202
2025-03-24 02:00:00,0.006616636592101632,0.003920557077113306,-2.353852626100605e-09,0.01015325646734684
2025-03-24 03:00:00,-0.000416713878961238,0.012560434035479054,-1.570204479382106e-08,0.0049928175404894085
2025-03-24 04:00:00,-0.0018595849777230603,0.009162225785884782,4.512642510746849e-09,-0.0010631219511707693
2025-03-24 05:00:00,0.00171397801255916,0.003271103893046811,-1.700744208524374e-08,0.00871842803738897
2025-03-24 06:00:00,-0.0038367921696485325,0.01048296892323561,-2.292938860350902e-08,-0.004571436247839994
2025-03-24 07:00:00,0.011468619243603722,-0.006278875121549637,-1.9253772221201686e-08,0.0037556636539987304
2025-03-24 08:00:00,-0.0009262684592110356,0.005762570589245496,-4.360810030244544e-08,-0.0003414360156866551
2025-03-24 09:00:00,0.0038517109243488613,-0.007729868745903133,3.807968554096009e-08,-0.005060818510589915
2025-03-24 10:00:00,0.0030633867973520502,-0.009079019542311093,-1.0336518127447188e-08,0.003202088709655367
2025-03-24 11:00:00,-0.003279764168049971,-0.003790714627521431,-2.327457581406323e-09,-0.0017938577588728875
2025-03-24 12:00:00,0.004448854731739536,-0.008929598886529593,3.4402190200709275e-08,0.00016639193352304887
2025-03-24 13:00:00,0.0035968558640439336,-0.013661284065237339,3.5803073820370216e-08,-0.002591889229060977
2025-03-24 14:00:00,0.005277786865391493,-0.00020603644612139142,-1.1916112292384553e-08,-2.9417349822575827e-05
2025-03-24 15:00:00,-0.0077692541154347,0.011502061295838204,5.742628785583033e-09,0.002677914523928172
2025-03-24 16:00:00,0.0073108734784313656,-0.005925268078780964,-3.7838578101194045e-09,0.0009306945428319656
2025-03-24 17:00:00,0.007765495751549395,-0.010265498345332743,-4.5437806125399036e-08,0.0021197366875141455
2025-03-24 18:00:00,-8.843688033369971e-05,-0.005017374479753048,-9.094817446726931e-09,-0.0028635774971612644
2025-03-24 19:00:00,-0.0006351885367650945,0.0013242650976223102,-2.0950899838704963e-08,0.00679558644023377
2025-03-24 20:00:00,-0.0009650239720881907,0.001016905837253242,4.425338182721254e-08,0.00029090270446128564
2025-03-24 21:00:00,-0.010659104435182455,0.014772907235953099,-3.034716785492011e-08,-0.0012734692143886901
2025-03-24 22:00:00,0.005247228079755073,-0.011691289732440229,2.0548420628400146e-08,0.002476994582976213
2025-03-24 23:00:00,0.005709868311458456,-0.0071112745181076895,-4.896679234269066e-08,-0.0040252671680908025
2025-03-25 00:00:00,-0.00855018049065834,0.002760996922510233,3.515730169743519e-10,-0.005116601368314974
2025-03-25 01:00:00,-0.00526012999120613,0.009512476205127225,-2.6121459446208066e-08,-0.002524435141022119
2025-03-25 02:00:00,-0.0059373070840453655,0.0011995735389614644,5.143209075607266e-08,0.0068974902804049025
2025-03-25 03:00:00,0.0009371096903470007,0.0010293960157348,-2.3444941577199852e-08,-0.00265733488367673
2025-03-25 04:00:00,0.0077636473771383755,-0.008938231329607435,-3.611207818960661e-08,-0.005691111624243577
2025-03-25 05:00:00,-0.0036609967811432704,0.011649036220417247,-7.271145154517629e-09,-0.003155396788890642
2025-03-25 06:00:00,-0.00023862380294956,-9.921089085612242e-07,-9.869545751310277e-09,-0.00033412230300793
2025-03-25 07:00:00,0.006132550961694944,-0.00806772934776965,-3.033353592466452e-08,0.005554734381934018
2025-03-25 08:00:00,0.00708138481951708,-0.010352579920389753,1.6733082655856597e-08,0.0014715482340093328
2025-03-25 09:00:00,0.00031072546820019636,-0.002694418596177947,-1.7362322011002426e-08,0.0009924193798799615
2025-03-25 10:00:00,-0.0037430900181820138,0.005525153664496428,2.9581278370621603e-08,0.002470484363014049
2025-03-25 11:00:00,-0.006300455016760234,0.0027457468474975442,8.033599902101938e-09,0.0017910065270541917
2025-03-25 12:00:00,0.012376804911744681,-0.01606851792712876,-1.598350043586982e-08,0.0043018973096499505
2025-03-25 13:00:00,0.008186534453516048,-0.0030608488019694562,-4.5725164327104074e-08,0.0032102345323289086
2025-03-25 14:00:00,-0.00422908118918485,-0.0023684503907375667,3.080900125690969e-08,-0.0004415447934522655
2025-03-25 15:00:00,-0.005495046018297305,0.007059589993237297,3.459924248954082e-08,-0.0008652458174682081
2025-03-25 16:00:00,0.009111625501073398,-0.005937431688919045,-5.365760431942417e-08,0.0021742384331769346
2025-03-25 17:00:00,-0.002021771463151259,-0.0034972191233914383,2.447749641004181e-08,-0.0005496033612605927
2025-03-25 18:00:00,-0.0006756701172041476,0.005955806384634442,1.8812083866652735e-08,0.00017618925449100964
2025-03-25 19:00:00,-0.0031107592299255003,0.0011742755583027775,-4.124134199096315e-10,0.0015452204119984307
2025-03-25 20:00:00,-0.0012379738145229615,-9.536372878202187e-05,-6.601626030161585e-09,-0.0012469935456461622
2025-03-25 21:00:00,0.0006165780684489915,-0.0021146807952289823,-1.658637196034653e-08,0.002967961725448648
2025-03-25 22:00:00,0.0029236381300123586,-0.003251415181019509,-3.3128713146830696e-08,-0.0012021192093048007
2025-03-25 23:00:00,0.007042987719627075,-0.0063467829438308395,-3.149113148641425e-08,-0.002487386211418347
2025-03-26 00:00:00,0.004757862133942641,-0.005839363900460544,6.795936551538445e-09,0.0021488256862153264
2025-03-26 01:00:00,-0.009100130930701434,-0.0007937662402263152,4.65246182465136e-08,-0.005519876380314191
2025-03-26 02:00:00,-0.006384498212022685,0.0036454177937758777,1.5906438569601775e-08,-0.0046560214006796195
2025-03-26 03:00:00,0.004228140869453818,-0.00028796581369791753,-2.924064598206524e-08,-0.0017508442527787663
2025-03-26 04:00:00,0.004372141701740178,3.0501180479106366e-05,-2.3691848598381362e-08,-0.0022559188589260097
2025-03-26 05:00:00,0.0030234012723888005,0.0016496280182047845,-1.1544238210601367e-08,0.004965000365083554
2025-03-26 06:00:00,0.011345096119983508,-0.022774581671942032,-3.6943832194478516e-08,0.01093293658976779
2025-03-26 07:00:00,-0.002606124463258106,-0.0036490784105273275,1.589541351719636e-08,0.0017400409307199577
2025-03-26 08:00:00,-0.003270279829231766,0.004134298400602721,-9.423637131297152e-09,0.004633959098435897
2025-03-26 09:00:00,0.0037991825807568193,0.0019862456557252855,-1.9601363709026436e-08,0.000249857671636255
2025-03-26 10:00:00,-0.001736305575653128,-0.0010885358288625555,-8.309396698789971e-09,0.0011475614912255451
2025-03-26 11:00:00,-0.0008945702815695712,-0.0010674588482748391,-7.565996750887783e-09,-0.0013647741673552729
2025-03-26 12:00:00,-0.019497022878734782,0.004760529071488394,8.968670201995248e-08,0.005143277800934764
2025-03-26 13:00:00,-0.0005644845771190865,0.0014849947190126204,2.1503398739442728e-08,0.002974899278527828
2025-03-26 14:00:00,-0.001739499036735166,0.00567158795524004,-1.5894163366189905e-08,0.0006877215190070134
2025-03-26 15:00:00,-0.0055849579809207125,0.007883875853072693,-2.872205677345394e-08,-0.0010003770202231615
2025-03-26 16:00:00,-0.004311412135563525,-0.00020220579025398473,7.419290757143874e-08,0.002630797405496425
2025-03-26 17:00:00,-0.0073727127984394136,0.0006176059238218327,3.243046666348791e-08,-0.0010601088958056444
2025-03-26 18:00:00,-0.00011648809033373017,0.00295562454225113,2.641924868342178e-08,-0.002352571360334606
2025-03-26 19:00:00,0.006253532232729839,0.0036149538383438394,3.4208954817545034e-08,-0.005923781749267327
2025-03-26 20:00:00,0.0016665977826885777,0.004903533533540356,-1.7720014085892552e-09,-0.00494102277571622
2025-03-26 21:00:00,-0.008917687144360413,0.003297270172647273,1.727648439378699e-08,0.0021503402046835624
2025-03-26 22:00:00,8.749102211662524e-05,6.848351476809736e-05,-9.222325953757316e-09,0.002692136164027332
2025-03-26 23:00:00,0.010261590849209034,-0.001928201590338362,-4.609445099746286e-08,-0.0013255006931650447
2025-03-27 00:00:00,-0.00041987284616156926,-0.0019648889914607687,2.3119234839692724e-08,0.0013328947166002152
2025-03-27 01:00:00,-0.004573811110992299,0.014227953366509607,-5.4409758577078754e-08,0.005238485254702114
2025-03-27 02:00:00,0.0013741536285781075,-1.697038706491632e-05,3.8737274815748706e-10,-0.0012090857509217904
2025-03-27 03:00:00,0.0035782889729091463,-0.006928173844537248,-4.172695709672202e-09,-0.0025134306103934355
2025-03-27 04:00:00,-0.005542934865249458,-0.0036250808349015833,6.945754723002562e-08,0.0019518422827133
2025-03-27 05:00:00,0.0075872713761957235,-0.01036432608796482,-1.6282018534588184e-08,-0.002395540874379556
2025-03-27 06:00:00,0.002292528581679997,-0.0019353198160236816,9.848625100932362e-09,0.0024523202088791696
2025-03-27 07:00:00,0.006084296080913058,-0.01096597325253024,2.2028034087742665e-08,0.00040838605304713965
2025-03-27 08:00:00,0.0004900677853755192,-0.008020744756129114,4.378441695576676e-08,-0.004764369199260196
2025-03-27 09:00:00,-0.004162684878355526,-0.0005845713185736172,1.7154015114198776e-08,-0.003190612217923612
2025-03-27 10:00:00,-0.0050705192232617016,-0.0024177606263240353,4.1964154693309736e-08,-0.0006364559169287092
2025-03-27 11:00:00,-0.008304420855643249,0.008344053703857672,-1.491550308456336e-08,-0.0034104386773267277
2025-03-27 12:00:00,-0.012004449246489895,-0.00021150876697758258,3.1658477899233465e-08,-0.011237042087442426
2025-03-27 13:00:00,0.011971522872050652,0.01166309471265424,-8.811618819232506e-08,0.0038576383487479993
2025-03-27 14:00:00,-0.0033383207259177266,-0.007866298955766099,7.718885764038382e-08,-0.0032573135267379453
2025-03-27 15:00:00,-0.0014459310275410833,-0.006811909362846011,4.83412416838798e-08,0.001997603945286234
2025-03-27 16:00:00,-0.0015054877398995258,-0.0006275563588521779,2.894364178525425e-08,0.00211310768217747
2025-03-27 17:00:00,0.005487926668466908,0.004771387022246537,-5.539130097840011e-08,-0.002845889833262554
2025-03-27 18:00:00,-0.0010841514780665985,0.0018536026917217424,-6.766730027194406e-09,-0.002719088640519562
2025-03-27 19:00:00,-0.0014824823269062037,0.005290318377440928,-8.066897184349669e-10,0.003118521319152474
2025-03-27 20:00:00,0.0015304535949173474,0.003431764679809654,-2.943208707498956e-08,0.0032089990907973828
2025-03-27 21:00:00,0.00019206028135882684,-0.009481519060984645,4.439449891717345e-08,0.00012026323882794021
2025-03-27 22:00:00,-0.002179828131570559,0.00016127939619132675,1.0138479013953799e-08,-0.002061130035953537
2025-03-27 23:00:00,0.0003102168896828917,-0.0019176998259394968,3.4592137110238126e-08,0.0036333232189118283
2025-03-28 00:00:00,-0.00036391976114776177,0.0035349815527244434,-3.8678577260535674e-08,0.0004063072455459161
2025-03-28 01:00:00,-0.005217437160884949,0.0018616996601868731,1.328229919253723e-08,0.0003141325458857214
2025-03-28 02:00:00,-0.0005329849733585008,-0.006658010609825068,4.141132063093539e-08,0.001413910832324031
2025-03-28 03:00:00,-0.011486426455595724,-0.025185224389423177,2.3131871238583592e-07,-0.006890026999958219
2025-03-28 04:00:00,-0.0030925573096276422,0.003198980041528209,2.2253335980676477e-08,0.005063990710145645
2025-03-28 05:00:00,0.003170714298801846,0.0041331300220290275,-7.341295603917872e-08,0.005058942959586782
2025-03-28 06:00:00,-0.006172148476425926,-0.003641077692702774,2.4558121377212997e-08,-0.0008507992744910365
2025-03-28 07:00:00,0.0016849550959607965,-0.012334275462016523,5.3009961059696513e-08,-0.003188267875478289
2025-03-28 08:00:00,-1.0255724359517927e-05,-0.0075263412566913875,4.213516394484419e-08,-0.004667336448997545
2025-03-28 09:00:00,-0.007665117498716767,0.004397176731692449,1.739231279051796e-08,0.005334612003320817
2025-03-28 10:00:00,0.011929889101038246,0.008735128129787816,-1.314093729821608e-07,-0.00908775832451166
2025-03-28 11:00:00,-0.006825221633047784,-0.0037137480046152303,7.862253310458518e-08,3.362949506357361e-05
2025-03-28 12:00:00,-0.007026671397752088,-0.004250917568717659,6.289797371183158e-08,0.005500763468521226
2025-03-28 13:00:00,0.00045272515217831114,0.007276383373177059,-1.58558290190302e-07,-0.0017926973889616814
2025-03-28 14:00:00,-0.002978676287973514,0.0024532026956505634,1.6787235001486314e-09,-0.0008342140892768842
2025-03-28 15:00:00,-0.005747769319634225,0.007821367889701879,-1.806484651900362e-08,-0.0016600207603131403
2025-03-28 16:00:00,0.0058451205702834495,0.00041917145339692377,-4.429992537842498e-08,0.0008963180750992002
2025-03-28 17:00:00,-0.0021390792722598556,-0.0036103617999525416,2.3807938460979408e-08,0.001651442627899169
2025-03-28 18:00:00,-0.0023949655065102922,-0.007010193242935597,6.0174442923142e-08,-0.0001262618596161679
2025-03-28 19:00:00,-0.00042223734609270875,-0.006831614262582337,4.8566534126938036e-08,0.0003582626921388492
2025-03-28 20:00:00,0.0009211657526526965,0.01484132187346236,-7.889800488234031e-08,0.0033941276737432225
2025-03-28 21:00:00,0.006501739573952102,0.0003060067122003369,-5.256509357219432e-08,0.004014555690144188
2025-03-28 22:00:00,-0.0018092949122380801,-0.008014847508413107,4.797035614859324e-08,0.0008375519221681053
2025-03-28 23:00:00,-6.005689853112663e-05,0.002923124355808342,-3.7134381548389425e-08,0.0020934847447606547
2025-03-29 00:00:00,-0.00542884568566138,0.0030605900384962745,1.6017136233679973e-08,0.0025852579967016653
2025-03-29 01:00:00,-0.010563465573320104,-0.00781684022268917,9.98295750716396e-08,0.0017642521789573724
2025-03-29 02:00:00,0.002558028278500715,0.0021599003884067002,-1.2265188499045996e-08,-0.004885374750363829
2025-03-29 03:00:00,-0.00197202359223718,-0.0013777772092262628,2.2050971573271926e-08,0.006171948760459458
2025-03-29 04:00:00,-0.006688235088087611,0.0007960254450450138,6.128778754515334e-08,-0.002640623216306018
2025-03-29 05:00:00,-0.004650420761124444,-0.0036608685228241237,4.221091411383104e-08,0.0005794418401809502
2025-03-29 06:00:00,-0.00031054481448353644,-0.00865844748499982,5.096618110408863e-08,0.004151187691778933
2025-03-29 07:00:00,0.004985527130080655,-0.01023791704454221,-5.487973713635087e-10,-0.0014487490026554673
2025-03-29 08:00:00,-0.007387234024384982,-0.0008710344246032957,3.902837694688694e-08,-0.0007925459112336597
2025-03-29 09:00:00,-0.005925717942874132,-0.003333255941128278,1.266684378884375e-08,0.006519971892564951
2025-03-29 10:00:00,-0.007068462972985953,-0.004484859716790325,-3.7400142309616764e-08,-0.006422283540295145
2025-03-29 11:00:00,0.005118458846830972,-0.002312006785754039,-1.1854038416184785e-08,0.0019439567999882874
2025-03-29 12:00:00,0.004396081460570102,0.010615041918194009,-1.0352730123838869e-08,0.006364122083429058
2025-03-29 13:00:00,-0.00501573135967137,-0.0017810448832868112,2.693269465763252e-08,-0.0018839180455778486
2025-03-29 14:00:00,-0.0008530882600352701,-0.007130492677307914,1.3988212368839111e-08,-0.0007251003181119654
2025-03-29 15:00:00,-0.006958589167704158,-0.005345577560153398,5.988566603813897e-08,0.0004836047616481397
2025-03-29 16:00:00,-0.0018009782133421093,-0.0043613460955709005,1.861268327487553e-08,0.00908009732217615
2025-03-29 17:00:00,0.0020549927664724275,0.003842031943623376,-1.3044790688555046e-08,-0.0023043642821361085
2025-03-29 18:00:00,0.003014262509414986,0.0009629549574780799,-2.5000756162947866e-09,0.0030766747872740864
2025-03-29 19:00:00,-0.010299529432014927,-0.011602902428951792,8.388332403736655e-08,0.0017394263531900673
2025-03-29 20:00:00,0.0017893628705618462,0.008886570037564115,-8.196728184876754e-09,-0.002992908040978095
2025-03-29 21:00:00,-0.0040646898089474245,0.007091618880700236,1.1152004251883257e-08,0.0028796507301383344
2025-03-29 22:00:00,0.006891767628389296,0.005991122362953066,-5.239450130191612e-08,2.3775385904414955e-05
2025-03-29 23:00:00,0.0012874745213299842,-0.001602559992652673,1.2400588259805955e-08,-0.0016800857020942458
2025-03-30 00:00:00,0.007991151519837281,0.012605719814636759,-7.2120251261845e-08,-0.003610213845344368
2025-03-30 01:00:00,0.009322287082599853,0.009997323770702662,-5.0242792066127493e-08,-0.003428249828697608
2025-03-30 02:00:00,-0.0027928529852730907,0.0010710672141276982,6.090616208600769e-09,-0.0008685806694690581
2025-03-30 03:00:00,0.005628675626182626,-0.010437753859536025,-6.176315633932338e-08,-0.002332388701707344
2025-03-30 04:00:00,-0.0007247327473195449,-0.0011483003371640357,-1.7678609683291364e-08,-0.003863766104524898
2025-03-30 05:00:00,-0.00022630258193294308,-0.005309066504783414,1.3410160599825378e-08,-0.005404784503493201
2025-03-30 06:00:00,-0.000517729176326146,0.0013256548494167831,-5.6441782081297235e-09,0.0025166006723846513
2025-03-30 07:00:00,0.006216824837333783,0.005299825059522362,-2.9631782665097814e-08,0.000923509747988596
2025-03-30 08:00:00,-0.001023999658496208,-0.01414066271417095,3.086597304720395e-08,-0.006049638828248798
2025-03-30 09:00:00,-0.007318514004880325,0.004426268251532844,3.514318341315816e-08,0.0026851501985862515
2025-03-30 10:00:00,-0.0014841939908203003,-0.0014292615696548268,6.8258340883960865e-09,-0.001949042038239256
2025-03-30 11:00:00,0.001435889922970952,-0.0005185835125347164,-1.4232476187789323e-08,0.0021857019812539843
2025-03-30 12:00:00,-0.009999051297608079,-0.0004923106794675293,7.274816329056566e-08,0.0021475447804601084
2025-03-30 13:00:00,0.004594384252836188,0.0006484849762700809,-4.4726130705319373e-08,-0.0007803702953996127
2025-03-30 14:00:00,0.0007660552625442449,-0.0031400150890027907,-1.6609774917247246e-08,0.001280562486147773
2025-03-30 15:00:00,-0.011363672460278754,0.009008523937769552,8.153496348024614e-08,0.004547448831323121
2025-03-30 16:00:00,0.0027138634284925855,-0.0019014722135705891,-4.665311807695122e-08,-0.005612612732480889
2025-03-30 17:00:00,0.010005135893771054,-0.004560411196941084,-5.988534703312662e-08,0.009660244729578228
2025-03-30 18:00:00,0.002515448708397449,-0.002515141476205676,-3.3511351863349e-08,-0.0056800820734572155
2025-03-30 19:00:00,-0.0016464468141480719,0.0022207430288222986,2.7280929276683443e-08,-0.002178456985800549
2025-03-30 20:00:00,-0.006649829033298767,0.006903371913083245,3.480925451559239e-08,4.867909977887985e-05
2025-03-30 21:00:00,0.00015619596256139152,0.006420946043293855,2.517258109190432e-08,-0.003206637398700582
2025-03-30 22:00:00,-0.0024083096054158164,0.004106871893097264,2.057005754237824e-08,0.0009267945956896206
2025-03-30 23:00:00,-0.010418129515079668,-0.012470834473197431,1.0231595255353402e-08,0.0038926629834949255
2025-03-31 00:00:00,0.016011651194791785,-0.010316525222711726,-1.5244855235816662e-07,-0.0018722464117317719
2025-03-31 01:00:00,-0.003158512182652635,-0.0070870807615876635,3.343568208281224e-08,0.006602885339730105
2025-03-31 02:00:00,-0.016084491821773874,0.016988157723205492,1.273410351671603e-07,0.004993152870943028
2025-03-31 03:00:00,0.006922218159511122,0.0008848101091439931,-2.7850374693938192e-08,0.0035824097211471085
2025-03-31 04:00:00,0.005420285019038549,-0.006456578970872261,1.1702063986289223e-08,-0.010931752589052246
2025-03-31 05:00:00,-0.00037385034251851464,-0.010319295660390294,3.146804169543826e-08,-0.006098851100195466
2025-03-31 06:00:00,-0.005467967976918196,-0.0034137474072629763,6.345871115373576e-08,-0.0028907657066144297
2025-03-31 07:00:00,-0.004219804803862099,-0.0005122601095500108,3.664310977535208e-08,0.004360701531595039
2025-03-31 08:00:00,-0.00809346569865598,0.005934895436270242,1.2386301606437868e-08,0.0060694964342076566
2025-03-31 09:00:00,0.01545101422395367,-0.001624553352436859,-7.138607233511311e-08,0.003992366640778233
2025-03-31 10:00:00,-0.0012274052825277865,0.007109931835707465,2.9368624685194263e-09,0.0017418857704106661
2025-03-31 11:00:00,0.01171828748261504,-0.006028094969572719,-5.025582232836957e-08,0.0003057870315418528
2025-03-31 12:00:00,0.0019083460608117428,0.0032991601058618364,9.684726414418943e-09,-0.008874019535681106
2025-03-31 13:00:00,0.016688652404182658,-0.00853020197958757,-5.459307305703857e-08,0.0036768414067556085
2025-03-31 14:00:00,-0.001103177338300505,0.0019791313721635134,-6.703327075504751e-09,0.000729364315763365
2025-03-31 15:00:00,-0.003314143280021349,0.0015679975735332253,1.3671267379043247e-08,0.0015081095753497389
2025-03-31 16:00:00,-0.011109457304262858,0.00700152620039343,4.273221845857777e-08,0.004546420521332016
2025-03-31 17:00:00,0.009889119076822507,-0.004077912819591366,-4.6783335881937316e-08,-0.0021669005366624964
2025-03-31 18:00:00,-0.0067431548606487505,-0.002289610006430969,-3.390907434360611e-08,0.0021855710933103107
2025-03-31 19:00:00,0.0015334634933814807,-0.0026145664527118754,9.985912602983928e-09,0.002045004566823406
2025-03-31 20:00:00,-8.897814896792543e-05,-0.0017846455343787531,8.79761761425314e-11,-0.001806608206925185
2025-03-31 21:00:00,-0.0006918886138014438,-0.00099545505004593,-1.5095015852708738e-08,-0.00017579831368194315
2025-03-31 22:00:00,-0.008198530838643282,0.000521359957947233,3.999331686962415e-08,-0.010020242399269073
2025-03-31 23:00:00,0.001207861787925331,-0.0023789348753973172,-5.769039909697139e-09,-0.004476125730003422
2025-04-01 00:00:00,-0.003955011693295436,0.0023840564346454735,5.875129192024515e-08,-0.007017796405098755
2025-04-01 01:00:00,0.014141871497683797,-0.007976852504257248,-1.04468163776249e-07,0.0007304257708828555
2025-04-01 02:00:00,0.0008675265478951576,-0.0005774730217589246,3.665126283108769e-09,-0.004007415804139351
2025-04-01 03:00:00,-0.0017400653322969446,0.004145603259504744,-4.116328447660328e-10,0.004577844129409771
2025-04-01 04:00:00,-0.0009439359537077013,0.0010308260906289944,-3.1677548367325208e-09,0.0007536599042706675
2025-04-01 05:00:00,0.008377355876858757,-0.006008341255241813,-2.198817018388606e-08,-7.337297405705837e-05
2025-04-01 06:00:00,-0.002366170612505325,-0.0018982424281816358,1.86399368049406e-08,0.0030116106502814525
2025-04-01 07:00:00,0.021320253261055667,-0.002077758971642738,-1.4793281792227978e-07,-0.004551304915958647
2025-04-01 08:00:00,-0.004969632802851051,0.008661989613533108,6.176556211135996e-08,0.002302780889221639
2025-04-01 09:00:00,-0.0076763084889139455,-0.002022888783010049,8.378365371245041e-08,-0.0025929685929186063
2025-04-01 10:00:00,-0.0025017999256152813,-0.0035508210653984306,6.816247167972585e-10,0.00010384408296682943
2025-04-01 11:00:00,0.003316132658851308,0.002251195547501463,-7.195364968627697e-08,0.002517832922199206
2025-04-01 12:00:00,-0.00018009503861591766,0.006332028471857255,-2.4621633015295264e-08,-0.0019790533487761934
2025-04-01 13:00:00,0.0019143532621603435,0.0007085769665687994,6.709523302848744e-08,0.0019466775436556927
2025-04-01 14:00:00,0.01940145028311617,-0.01900030070138187,-3.132461811861936e-08,-0.0026296033635765104
2025-04-01 15:00:00,-0.010876687947506219,0.008610330988729691,4.9537100706920444e-08,0.004013193691564355
2025-04-01 16:00:00,-0.005387709910552945,0.004903256998981331,4.528530050931413e-08,0.002454940848172418
2025-04-01 17:00:00,-0.006911248236605291,0.003957827118042703,7.04490243902007e-08,-0.0013515897130314115
2025-04-01 18:00:00,0.00308068732402016,-0.0033905799239203637,-4.6079710756553774e-08,0.001534869057130548
2025-04-01 19:00:00,0.00036036138788296166,-0.0018425682758682978,2.7307393374525998e-08,-0.0029586164702067757
2025-04-01 20:00:00,0.00023266300229945577,0.0011279973181702412,-5.566604195305008e-09,0.0019517150837673044
2025-04-01 21:00:00,0.002673617705895779,-0.003317752501249365,-1.6057724231248917e-08,0.006894302764439921
2025-04-01 22:00:00,-0.0007588272984044931,-0.0025655869368477156,4.276093352889249e-08,0.0027975380976538095
2025-04-01 23:00:00,-0.007428384187575732,-0.0023215205134934913,7.28947184404911e-08,0.0011615546940343085
2025-04-02 00:00:00,-0.0021354329429513082,-0.0011528926292133953,3.952038391708712e-08,-0.0018268598663747746
2025-04-02 01:00:00,-0.008078539915419064,6.6778924635586e-05,3.4805914612094635e-08,-3.483177560039037e-05
2025-04-02 02:00:00,0.0015106550167286778,0.0033436321353238086,-3.63444328205496e-08,0.001985710306550586
2025-04-02 03:00:00,0.0019473122134127986,-0.0039937725045401384,-5.854170224043633e-09,-0.0004971118384505933
2025-04-02 04:00:00,-0.016234302515008098,0.008139272679654821,9.140233095302988e-08,-0.003956117301802681
2025-04-02 05:00:00,0.0050824278370284965,-0.0063080573145039565,-1.0523185945307775e-08,0.004721165079097578
2025-04-02 06:00:00,-0.004292888880853697,0.017812127803545196,3.1283375834265162e-09,-0.012769147237628842
2025-04-02 07:00:00,0.008187288239814714,0.001865082392390012,-4.880818480667134e-08,-0.007152269166894285
2025-04-02 08:00:00,0.0038615762250474115,-0.003283975221315574,-8.816227188355063e-09,0.0036398378584043467
2025-04-02 09:00:00,0.0039563740223739294,-0.006616469594741291,-2.0319733606286947e-08,-0.0027394830341241844
2025-04-02 10:00:00,-0.0036192776610665988,0.0037864450884073117,-1.0929174585917734e-08,-9.119070302689523e-05
2025-04-02 11:00:00,0.00633878037489655,-0.00034562178131964446,-7.02754845960238e-09,-9.310920091991606e-05
2025-04-02 12:00:00,0.0008399357769414613,0.0018402215176741119,2.748925794651464e-08,-0.002530206707236035
2025-04-02 13:00:00,0.005757624290372583,-0.002084917986737503,1.9751051566228025e-08,0.0008214442207107705
2025-04-02 14:00:00,0.011279680784185358,-0.0010014215411748685,-1.234838571729808e-07,0.012940826457680979
2025-04-02 15:00:00,-0.008978991515427857,0.013500025271931403,9.862179432086048e-08,-0.00019757396137404584
2025-04-02 16:00:00,-0.01291489837196224,0.008531742716188789,7.53546859776217e-08,-0.0014357551254620899
2025-04-02 17:00:00,0.009124698979683318,-0.00707491367036405,-1.2293654222913622e-07,0.0018912266130707532
2025-04-02 18:00:00,0.006398740143326294,-0.0020636897993592486,1.2002021060932808e-08,-0.0007259761979084378
2025-04-02 19:00:00,-0.02064797941561026,0.008880472601822578,1.1159229451057933e-08,-0.007159257236510104
2025-04-02 20:00:00,-0.0057701260444052846,0.009852297281128746,5.363161242794147e-08,0.006906202733756126
2025-04-02 21:00:00,-0.02191871440085633,-0.0042663937568794014,2.0432075186363942e-07,0.00903579941652478
2025-04-02 22:00:00,0.017506864965480894,-0.0033297661182944568,-1.1481189397937575e-07,0.0031640222814496633
2025-04-02 23:00:00,0.00970527720470209,0.0007797739232469566,-8.23192705528231e-08,-0.0021678770167189577
2025-04-03 00:00:00,-0.0008248119158185572,0.007409902549449424,7.689537737461404e-08,0.001672906876248059
2025-04-03 01:00:00,0.009692382954446145,-0.007802593102082474,-7.331697613831689e-08,-0.0019716803637136664
2025-04-03 02:00:00,0.007151085347819091,-0.0017896903354991335,-3.05406664867466e-08,-0.007357707299140099
2025-04-03 03:00:00,0.0019303700668611371,0.005092549257646788,-3.340319183247046e-08,-1.0717688087522904e-05
2025-04-03 04:00:00,0.009446995364992484,-0.0021626733648181704,-1.197221333151707e-08,-0.006551941569903041
2025-04-03 05:00:00,-0.011994402352701702,0.005753430532745973,5.723660521382994e-08,0.0012150358412673493
2025-04-03 06:00:00,-0.0065844290345901954,0.00984182821915514,7.049406188845011e-08,0.0015858205380349444
2025-04-03 07:00:00,0.0031033376025474037,-0.0030557500516464244,-1.1445291227472468e-08,0.001403548767430777
2025-04-03 08:00:00,-0.011098109030888467,0.013455726764871001,7.889525310701165e-08,-0.002863664271815477
2025-04-03 09:00:00,-0.014746298389715203,0.0034272660493775055,1.5799763327100637e-07,-0.006111846666899614
2025-04-03 10:00:00,-0.011611626689127345,0.012958554326008396,4.316900711829827e-08,-0.004549043386423948
2025-04-03 11:00:00,-0.04260711083562645,0.004406209079541127,2.317053361227858e-07,-0.015828437049468163
2025-04-03 12:00:00,0.003280220337776023,0.010677548642371538,-6.600857432988685e-08,-0.0017322343832378156
2025-04-03 13:00:00,-0.024771767378956706,0.01044823769528603,1.1529000568670271e-07,-0.0012950598324294427
2025-04-03 14:00:00,0.017682810891682367,-0.001870203783510139,-1.3418598492226292e-07,-0.0006258499203316961
2025-04-03 15:00:00,-0.0008016943402442069,0.0020458453826896635,-2.8704929293497924e-08,-0.00352590931379731
2025-04-03 16:00:00,-0.021009254022245016,0.02084693378598989,1.1898967066158413e-07,0.009773530633438351
2025-04-03 17:00:00,-0.010656328279291685,0.013381438350181839,6.294464053090857e-08,0.005686473986634133
2025-04-03 18:00:00,-0.009257615807262231,0.008626782748546167,2.890320503485951e-08,0.0015886902250459409
2025-04-03 19:00:00,0.004476438236204802,-0.002940748732274255,2.7791399070369028e-09,0.0020734837422837823
2025-04-03 20:00:00,0.01522188329375709,-0.012875415393484987,-6.163474231217362e-08,0.0009702664565559513
2025-04-03 21:00:00,0.00719324292648829,-0.009901208810573887,-1.8730742223887423e-09,-0.0012993484263508959
2025-04-03 22:00:00,0.013259524184412116,-0.013244952044090869,-1.2264791028023813e-08,0.00035544102785853705
2025-04-03 23:00:00,0.004089014021175102,-0.013018711739552618,-1.894304370775639e-10,0.0012907527254701456
2025-04-04 00:00:00,-0.019433568707513803,0.01605763430290293,7.507876256546489e-08,0.0007970216321915729
2025-04-04 01:00:00,0.011856128591928156,-0.007565554676332036,-6.581910318873299e-08,-0.0004824422049278222
2025-04-04 02:00:00,0.016920265949931398,-0.021092177978046186,-7.388615800915712e-08,0.0008797087369177465
2025-04-04 03:00:00,-0.008482028424509423,0.011674971459974042,3.547610221213419e-08,0.003931590610792049
2025-04-04 04:00:00,0.012082216304454134,-0.01022708360915165,-6.140180460972487e-08,-0.007892319311563421
2025-04-04 05:00:00,0.010964673308957434,-0.01881181990752582,-3.1339642608743984e-08,-0.002125348563455618
2025-04-04 06:00:00,0.0019271138930299896,0.015045300081976796,-3.407908704751654e-09,-0.004908643926829575
2025-04-04 07:00:00,0.006911419466716249,-0.014059258012519239,2.4545310176627336e-08,0.006955809085276025
2025-04-04 08:00:00,0.0014396200781767328,-0.0006929984248302881,9.359689056163588e-09,0.0002100444152846763
2025-04-04 09:00:00,-0.03745761727534031,0.021159408348348382,1.0256383828242666e-07,-0.011498983690196208
2025-04-04 10:00:00,0.015340863754270725,-0.011441337538818252,-1.1408411363264804e-08,0.004650675844290075
2025-04-04 11:00:00,0.013742357357832871,-0.01360504654152295,-9.440649997865507e-08,-0.0029760887599145024
2025-04-04 12:00:00,-0.017423309836177823,0.04185986557973149,8.913635911691047e-08,0.009027003686908492
2025-04-04 13:00:00,0.017378704107582226,-0.02322557744351631,-1.835088398883181e-07,-0.002171905870814937
2025-04-04 14:00:00,-0.08946388187937425,0.12179638758799684,3.154036603310366e-07,-0.003993556988923816
2025-04-04 15:00:00,-0.013417665764779242,0.021048145591750885,1.0672218459734276e-07,-1.20175230446565e-05
2025-04-04 16:00:00,0.038291067459116396,-0.03440496032154834,-9.795875794344391e-08,0.0012041095157325973
2025-04-04 17:00:00,-0.01632773576429033,0.012538372992137187,7.400747991703567e-08,-0.0014141435586637258
2025-04-04 18:00:00,-0.03289097084773284,0.04555500790886966,1.3560855259957063e-07,-0.0010493355131075736
2025-04-04 19:00:00,0.0041553298750761705,-0.0009989788461745592,-3.624127538702447e-08,0.0022899340266615414
2025-04-04 20:00:00,0.017295360695850307,-0.020214184028528422,-6.438389966564143e-08,-0.003371586804785492
2025-04-04 21:00:00,0.029175457725382086,-0.03962295192959115,-1.2556765823608146e-07,-0.004670589368583733
2025-04-04 22:00:00,-0.030834145030857248,0.042269129424562436,1.2203442356416202e-07,0.0056513777892593315
2025-04-04 23:00:00,-0.010197307472764731,0.018850212622915495,2.7336437534950415e-08,0.0026272114603648894
2025-04-05 00:00:00,0.013477295160151963,-0.018643676713733154,-2.3345989028424744e-08,0.0010486806712769223
2025-04-05 01:00:00,-0.008802505963472736,0.011316334768794647,5.55003489985881e-08,0.0021621276178041414
2025-04-05 02:00:00,-0.014430559313547312,0.015217651020654154,4.739699379828431e-08,0.0005522492835526068
2025-04-05 03:00:00,-0.0023674392829684436,-0.00017861900475277676,2.6152011238059852e-08,-0.0012901298399724318
2025-04-05 04:00:00,0.004714079646607626,-0.005382868383939787,-2.452594651222206e-08,0.0006876794757319079
2025-04-05 05:00:00,-0.002126090417524773,0.0025995196791738246,-1.552869860173856e-08,0.003986224794263748
2025-04-05 06:00:00,-0.0038832520305944287,0.008659441853940639,8.26796875519361e-09,-0.000290136612928219
2025-04-05 07:00:00,-0.006565378367500763,0.009021216810218063,3.31193941451461e-08,-7.040079460888241e-06
2025-04-05 08:00:00,-0.002669655310346219,0.007763526404359347,3.046745984930801e-08,0.005754408908380855
2025-04-05 09:00:00,0.009528315329935737,-0.013363974555166823,-5.983230173975664e-08,-0.0027240776891648425
2025-04-05 10:00:00,0.030951389506750478,-0.04833137703834774,-1.7295759867297554e-07,0.004910419570358018
2025-04-05 11:00:00,0.002295446737873732,-0.01039397816820622,-3.181287477965086e-09,-0.0013782611766975368
2025-04-05 12:00:00,0.005099967217957172,-0.02166547375920011,-3.509791539560551e-08,-0.002147588717542117
2025-04-05 13:00:00,0.008547836742726665,-0.0112111062755148,-4.268569603451503e-08,-0.002815088052639756
2025-04-05 14:00:00,-0.003618884069608878,-0.0015493688618035812,7.367889027137148e-09,0.0005489977783071103
2025-04-05 15:00:00,-0.0012923323757405658,0.0017676821617142958,2.137137875714399e-08,-0.0015815162441283886
2025-04-05 16:00:00,0.005448769884819156,-0.0052245544473851335,-2.30421436721997e-08,0.001333238022433288
2025-04-05 17:00:00,0.005031753772798553,-0.00180006370984108,-3.899544872235853e-08,0.003339241441452506
2025-04-05 18:00:00,-0.013587277465591373,0.010164349234628648,8.673546335205759e-08,0.0007465809238637549
2025-04-05 19:00:00,0.00448378183687933,-0.0021474671717492165,-1.9074262835954196e-08,0.0019352149265392422
2025-04-05 20:00:00,0.0037687439674124676,-0.006057999737329572,-2.893945737382776e-08,-0.0018864436146611872
2025-04-05 21:00:00,-0.0034916447903303033,0.01225389524911228,3.4378715404095065e-08,-0.0016170976461699342
2025-04-05 22:00:00,-0.010342683384040265,0.019736341560646173,7.523854620964176e-08,0.0021686769421009745
2025-04-05 23:00:00,0.008693212865692175,-0.014420523840964872,-6.131554136363007e-08,0.0020986984049767244
2025-04-06 00:00:00,0.00032068156251630975,-0.0013059081182334217,1.0379099618659081e-09,-0.0026323903949932092
2025-04-06 01:00:00,-0.019110165237306534,0.02123252923097942,1.241560724528737e-07,0.0025124777444546897
2025-04-06 02:00:00,0.005145219298872171,-0.004992433904915337,-3.051150429955495e-08,0.0017275743528540077
2025-04-06 03:00:00,0.007675170951363411,-0.01249644108327276,-2.5788821120344306e-08,-0.00162328063955504
2025-04-06 04:00:00,-0.013371484393762236,0.023127136067351523,6.587940681729216e-08,4.347579936613878e-05
2025-04-06 05:00:00,-0.007512860089892943,0.00020556064505054174,5.818904078531879e-08,0.0059760498839592936
2025-04-06 06:00:00,-0.017925516318312632,0.02539937182007062,1.2066543407017826e-07,0.0018782313450557884
2025-04-06 07:00:00,-0.0005269610952799398,3.927808079367369e-05,-1.0912145635495288e-08,-0.002775373179074185
2025-04-06 08:00:00,-0.008776999043031714,0.011908075202443932,7.608014655904995e-08,0.0015130433071896326
2025-04-06 09:00:00,0.0018997609102149107,-0.005648531523853932,-3.1223290001674625e-08,0.0009330696564436237
2025-04-06 10:00:00,-0.00021221966423123407,-0.00028119863951405605,7.352057827505335e-09,0.0022180810819192025
2025-04-06 11:00:00,0.002000389293845146,-0.01776854530231395,1.636443886376987e-08,0.005021534288961969
2025-04-06 12:00:00,0.015166485604399343,-0.053661249505424106,-6.908261716811124e-08,-0.005104184187632202
2025-04-06 13:00:00,0.04167507033471122,-0.05139337511576209,-3.031321178099787e-07,-0.004056128977650886
2025-04-06 14:00:00,-0.012353463434514426,0.011928615304039939,9.92717707511177e-08,-0.0007828348371470353
2025-04-06 15:00:00,-0.0039033064771751653,-0.010539244298343013,-9.450862799992301e-09,0.0015077884804276169
2025-04-06 16:00:00,-0.01360276301936655,-0.011343168909091216,2.7162958137816062e-08,0.0007349041551828773
2025-04-06 17:00:00,-0.01865923433117396,0.0019796759386968986,8.471653507287134e-08,0.009722998696107257
2025-04-06 18:00:00,0.00037364173226979,0.007148414153735014,6.772646624645377e-08,0.0003380170792595734
2025-04-06 19:00:00,-0.015132148593593119,0.0037225526093223413,1.4803469727960973e-07,0.01074366008035425
2025-04-06 20:00:00,-0.0012863134521914777,0.0061801540593680775,-1.0686169810483373e-08,-0.002333260365364038
2025-04-06 21:00:00,-0.018404842541239048,0.005792182904074727,5.551939058388048e-08,0.005060233451811133
2025-04-06 22:00:00,-0.005890679795677008,0.01916000965496137,7.159019952495909e-08,-0.002094062609870942
2025-04-06 23:00:00,-0.014147943609842341,0.004856460985837643,1.3257940499267242e-07,0.0013455506520281527
2025-04-07 00:00:00,0.0053372665742861865,0.02110602242935145,5.5155705713734206e-09,-0.0006988087883151485
2025-04-07 01:00:00,-0.03586306308099664,0.03042674681588004,2.1827279991552625e-07,0.0006811751483684537
2025-04-07 02:00:00,-0.0555686092247545,0.03267597375403537,4.258657974242595e-07,0.0026233389617375978
2025-04-07 03:00:00,-0.013105026765206668,0.017200416472136708,-2.4991157459597763e-08,0.0009254941577404216
2025-04-07 04:00:00,-0.03138967929181472,0.0314092052954906,2.775441852978232e-07,0.002541861678925001
2025-04-07 05:00:00,-0.09600202465765899,0.06804917117789205,6.711669681453168e-07,-0.007362223292795734
2025-04-07 06:00:00,-0.0017523100055540919,-0.008788297941705115,2.015210469066745e-09,-0.004805997077438067
2025-04-07 07:00:00,0.060027906460509595,-0.05536976561351031,-4.4501148847075686e-07,-0.006086972161080471
2025-04-07 08:00:00,-0.00819377436003862,0.008477592669956499,8.471973819948576e-08,-0.00027617062093280003
2025-04-07 09:00:00,0.02690286850465982,-0.03272317204014017,-1.2568395461236945e-07,0.0008520059158328037
2025-04-07 10:00:00,-0.0002678182798284282,0.000813887280452795,-7.265560024877413e-09,-0.0016731148157977833
2025-04-07 11:00:00,0.005606181757271206,0.016451169649289978,-6.151922741438106e-08,0.0019026216943812515
2025-04-07 12:00:00,0.001178921305451535,0.0010396115946847686,-1.0447151375942403e-08,0.006128469279344605
2025-04-07 13:00:00,0.003747348472287077,-0.00550646018364118,1.3013068803685373e-08,0.002201463544586497
2025-04-07 14:00:00,-0.011303139723044139,0.009000527172745153,4.053217587085087e-08,-0.0006336392776440122
2025-04-07 15:00:00,0.01904647589009355,-0.02782540679469665,-2.0841484265272328e-07,-0.010011173925240377
2025-04-07 16:00:00,0.03362085006955293,-0.03368073600907502,-2.536456539647535e-07,-0.017803208194248705
2025-04-07 17:00:00,-0.012630374831998527,0.004083735094860937,5.6166454035559324e-08,-0.001058584059248586
2025-04-07 18:00:00,-0.007001800355619389,0.007417567911092682,-9.061438076349406e-09,-0.000817599091560063
2025-04-07 19:00:00,0.005697527840303992,-0.0066877891960481824,-3.389965817853681e-08,-0.005634682485864639
2025-04-07 20:00:00,-0.027219860702905774,0.03501273973979008,2.1785624795532826e-07,-0.005123697041308308
2025-04-07 21:00:00,0.001036368632325123,-0.0009236339462205507,8.972509557004517e-08,-0.004518684821652376
2025-04-07 22:00:00,-0.015892907210091903,0.009477688267250466,3.319144611824772e-08,0.0023461323678155136
2025-04-07 23:00:00,-0.02785812629318813,0.04517957311734267,1.898883311209455e-07,0.0028524362611562436
2025-04-08 00:00:00,0.005688470120410634,0.020479057631709395,6.069517980892985e-08,-0.004343803552409736
2025-04-08 01:00:00,-0.0004916024511313023,-0.0013927912971739651,-1.132133953064937e-07,0.002080288272440436
2025-04-08 02:00:00,-0.007347470446512232,0.0055325855868591746,6.869304400141769e-08,0.0002898110738980226
2025-04-08 03:00:00,-0.0030934817407195607,0.017056457027396093,1.6973267819251344e-08,-0.005840904916926776
2025-04-08 04:00:00,-0.007018643387297955,-0.0037877650714231805,6.788538636019331e-08,0.010622742152950072
2025-04-08 05:00:00,-0.01612498300315278,0.009152785842230126,1.2483324444714184e-07,0.0017613081682111313
2025-04-08 06:00:00,0.007705772000842381,-0.011178758674367623,-6.788132587312814e-08,-0.0010705403061288382
2025-04-08 07:00:00,0.014069496954829735,-0.01888407333907915,-1.2854681736671417e-07,0.00288585455431104
2025-04-08 08:00:00,0.004018130129767491,-0.01362670214067525,-9.414441624286903e-08,-0.003941987150890624
2025-04-08 09:00:00,0.011691915831426845,-0.012050004118593211,-5.860736959128932e-08,0.0029548083634228102
2025-04-08 10:00:00,0.03418573702854258,-0.01674577839288857,-1.8517735633051963e-07,0.006887738932254461
2025-04-08 11:00:00,-0.0034302342318951007,-0.005845156557450947,4.260779416210949e-08,-0.00018071882468918585
2025-04-08 12:00:00,-0.029327501985026004,0.049146795266908905,1.6760623107980333e-07,0.005750680315281428
2025-04-08 13:00:00,-0.032398892056361026,0.01988790318897979,1.3099997702202174e-07,-0.0029123680217129763
2025-04-08 14:00:00,0.009282202150494516,-0.017770313472469115,-5.6858455052256806e-08,-0.0010795044410453064
2025-04-08 15:00:00,-0.0036478520579385186,-0.017900863545735134,2.4008686813352045e-08,0.015269330803269825
2025-04-08 16:00:00,-0.007057319079094227,0.015857380642477156,3.844247630347421e-08,0.0014027944034818766
2025-04-08 17:00:00,-0.011552524651762246,0.019306889034067656,6.402487968383192e-08,0.0008826104822068774
2025-04-08 18:00:00,0.014959376151539815,-0.03424958390442005,-9.142515700640786e-08,0.00616402617997868
2025-04-08 19:00:00,-0.004039211493077189,0.026925544274799203,-2.114988472959266e-09,0.0016006657749605237
2025-04-08 20:00:00,-0.004821932294947449,0.007351951351593911,2.891616530037776e-08,-0.00031518681944380764
2025-04-08 21:00:00,-0.0204295234825472,0.021067040017337994,1.0879324766147594e-07,0.00010662921868456228
2025-04-08 22:00:00,-0.0017519047128436724,-0.006899136320202262,-4.1135296211930435e-08,0.0036999279692876653
2025-04-08 23:00:00,-0.007460888480099206,0.0041368409092005605,1.1101795472522111e-07,0.00015820532051605515
2025-04-09 00:00:00,-0.0031697690763270838,0.004208735738869588,-2.6637016563670682e-08,-0.00197456701399364
2025-04-09 01:00:00,-0.009569409309604355,0.0006395959040476567,3.327224798269752e-08,0.0017126542288171908
2025-04-09 02:00:00,-0.017985974588026588,0.022576945057234336,3.479294027196908e-08,-0.0019431729542961397
2025-04-09 03:00:00,0.024476403269440044,-0.010158939249432135,-3.522428959279531e-08,0.0005544532498811206
2025-04-09 04:00:00,0.006693058000535323,-0.009106450785817233,-5.1098998133671076e-08,0.0036592699816984145
2025-04-09 05:00:00,-0.015019647453673258,0.02557927510964723,6.358017334425542e-08,0.0012730179165983124
2025-04-09 06:00:00,-0.007754149577419614,0.01931859842518241,5.728732925460432e-08,0.006187226521413051
2025-04-09 07:00:00,0.0011983999105506088,0.005733228082060923,-6.306050387064086e-08,-0.0022044821040894703
2025-04-09 08:00:00,8.854577687328162e-05,-0.00555889676022965,5.205367918495675e-08,0.0007075025711240641
2025-04-09 09:00:00,0.006131516593615882,-0.008074393044048759,-1.0025331894654273e-07,0.0013663692246533136
2025-04-09 10:00:00,-0.03203079583097545,0.016249172221666733,1.7177130740105884e-07,0.00044983907846211316
2025-04-09 11:00:00,0.018787911136363918,-0.01963021776455275,-5.643915303040636e-08,-0.0004937343772898332
2025-04-09 12:00:00,0.002850505280658472,0.014740780685205256,3.3788155200241214e-08,-0.000476605393345571
2025-04-09 13:00:00,-0.012114145599931493,0.00921182508982386,-5.260249626906687e-08,0.006013311377580331
2025-04-09 14:00:00,0.013189947400664,-0.011044980837718548,-4.134818451167462e-08,-0.00018991317173367082
2025-04-09 15:00:00,0.03292628302705056,-0.027383563815134543,-9.849402190847238e-08,-0.0006080122350159234
2025-04-09 16:00:00,0.10378136233688512,-0.0509503677209161,-5.70566510853604e-07,0.02674618574306376
2025-04-09 17:00:00,-0.023237879603915587,0.043916173383407635,1.2353646723221033e-07,-0.0030021757114098513
2025-04-09 18:00:00,0.008733511141303135,-0.014379062302237835,-2.3862226988309782e-08,0.002877326670071379
2025-04-09 19:00:00,0.030139742625775953,-0.03803758178869208,-8.61026988770216e-08,0.0033289472407800145
2025-04-09 20:00:00,0.013900679811776393,-0.02138466177999596,-3.8134063291733274e-08,-3.152307011568953e-05
2025-04-09 21:00:00,-0.019578607732171793,0.022288383324731147,8.554943792262862e-08,-0.0005200822578174132
2025-04-09 22:00:00,-0.0014533183096985883,0.0019733022009885306,-1.30637045125683e-08,0.0028942553640291325
2025-04-09 23:00:00,-0.004887068199380273,0.0017070489347196288,6.421321598423302e-08,0.0018303368737607672
2025-04-10 00:00:00,0.0068500611087362676,-0.008154518070303264,-5.253130147653933e-11,0.0014600277878263328
2025-04-10 01:00:00,-0.012329075477568372,0.015633295145668195,5.901055104002319e-08,-0.00010847032092044405
2025-04-10 02:00:00,0.0037589389529322486,-0.012062716437211142,-1.4314411011291502e-08,0.001041235362313217
2025-04-10 03:00:00,-0.00815537335095392,0.014488645129942076,5.6131055405592286e-08,-0.0002089251943764652
2025-04-10 04:00:00,0.01588562120962887,-0.016044701045136413,-7.928222101699567e-08,0.0006036489841791847
2025-04-10 05:00:00,-0.002889206552348891,0.009375559008273079,5.3766816044764874e-09,0.0021050074461435595
2025-04-10 06:00:00,0.001964537528877486,-0.015539840123286333,-2.9650724983434484e-08,-0.0006499120371521082
2025-04-10 07:00:00,0.0009647535861462463,-0.0032956840118971813,-1.5155623152679537e-09,0.00062295699698778
2025-04-10 08:00:00,0.033404993625217407,-0.04377495227966683,-1.1933654437564995e-07,-0.004374654115537366
2025-04-10 09:00:00,0.01905073236574779,-0.03607220720686921,-8.74591432081857e-08,-0.0017920565991265697
2025-04-10 10:00:00,-0.008295608686075267,0.01532619630967669,5.3925538530948906e-08,-0.0018936976847354577
2025-04-10 11:00:00,0.0005168569026760871,0.00029514265129108684,-2.0861584411397667e-08,-0.002373153424972309
2025-04-10 12:00:00,-0.009926474315419648,0.004745812881094563,-2.721338173743401e-08,-0.001385533062129633
2025-04-10 13:00:00,0.014439415411107609,-0.018055192192570433,-1.1794365415582632e-08,0.002660067901690227
2025-04-10 14:00:00,-0.03858418496540266,0.008699808828159763,5.4039439995862806e-08,0.006133553993230834
2025-04-10 15:00:00,0.008209728773608552,-0.0068502239052503555,1.5198024310747105e-08,-0.0009726030542005525
2025-04-10 16:00:00,-0.015379211163705424,0.022199112735764397,2.5902396566591055e-08,-0.004342330697666135
2025-04-10 17:00:00,0.02273496414071812,-0.026819137645273845,-1.2356262783553284e-07,0.0006356955133221187
2025-04-10 18:00:00,0.0039018680720639366,-0.003994626111378587,-6.035294677700898e-09,-0.0003971023952014524
2025-04-10 19:00:00,0.014066291779466968,-0.021815510083030433,-8.719809830178251e-08,0.006181584619949221
2025-04-10 20:00:00,-0.009477730807661094,0.01630738526691578,3.54316083060494e-08,-0.0019182655909699131
2025-04-10 21:00:00,-0.005178486652451952,0.012091888873091317,4.717361885185251e-09,-0.0003764950502703012
2025-04-10 22:00:00,0.002370352661920762,-0.006618620979409262,-3.470143466210397e-08,0.001619940654485855
2025-04-10 23:00:00,-0.004355989727151756,0.0038992060675987414,-3.303065028940083e-08,-0.0018997194484836968
2025-04-11 00:00:00,0.025422383980015763,-0.018875210290736844,-4.020611762907284e-08,0.010893862573645285
2025-04-11 01:00:00,0.0024948508081869317,-0.0022815424923271484,1.9535072700006368e-09,-0.0023261795304884833
2025-04-11 02:00:00,0.0033274118402788883,-0.002191505491760135,3.5083451456191864e-09,0.005203011903271532
2025-04-11 03:00:00,0.003273806202019839,-0.003457969345210319,-2.0108262477087405e-08,0.000566602831495631
2025-04-11 04:00:00,0.00600622496991707,-0.01244480148252747,9.547792500233919e-09,-0.008811584771500946
2025-04-11 05:00:00,-0.00033694397213440913,0.005533852895686697,1.601824421972016e-08,0.0019651695786946995
2025-04-11 06:00:00,0.0004767516994623076,-0.002822660207081287,3.6370929681922247e-08,-0.0009680547449968041
2025-04-11 07:00:00,0.003632086065021153,-0.005848677784002089,4.00979995859778e-08,-0.0003679706096169062
2025-04-11 08:00:00,0.009477482739606467,-0.006119797189919212,4.299521374362468e-08,-0.003994649785873247
2025-04-11 09:00:00,-0.003791183714026003,0.010825866867174523,4.389333541071028e-08,-0.0022719065546802403
2025-04-11 10:00:00,-0.0028296769792666467,-0.007145299910448556,-3.046762857868921e-08,0.006222848468602508
2025-04-11 11:00:00,-0.005745300719185219,0.005802046641478248,2.207475248512744e-08,-0.0017498921309460217
2025-04-11 12:00:00,0.0025258138134859774,0.003510211666537543,2.889906130348995e-08,-0.004035859966116627
2025-04-11 13:00:00,-0.004940734506393004,-0.003376870695863997,-7.192649474259979e-08,0.001515594470779176
2025-04-11 14:00:00,-0.0023616609081182384,0.008888485581444033,4.953583215641521e-08,-0.0018935304262117398
2025-04-11 15:00:00,0.006764405672939681,-0.006491570061091292,1.828488774854549e-08,0.004170576586823666
2025-04-11 16:00:00,0.014629197555323869,-0.006854965724659317,3.068108511770177e-08,0.0022297260238378085
2025-04-11 17:00:00,-0.0038255090975543044,-0.005604051194348895,2.137664210222043e-09,0.003347368670142461
2025-04-11 18:00:00,0.0055558735025922935,-0.008066746561870015,1.2735273356018714e-09,-0.003237693096696212
2025-04-11 19:00:00,0.005929562667278046,-0.005422547472375667,-4.953309523133424e-08,-0.004346030781993593
2025-04-11 20:00:00,-0.007278892854675869,0.010383208180758096,1.5782262959083547e-08,-0.0005878742858993666
2025-04-11 21:00:00,-0.0013913091906511675,-0.004143085343212197,-1.7710217670405264e-08,-0.0027304088923236084
2025-04-11 22:00:00,-0.004871285286430411,0.002011068459033921,8.732280821830385e-09,-0.0050052581771589735
2025-04-11 23:00:00,-0.004978031682488496,0.004068815198401537,2.4839774758205218e-08,-0.0012866202630315406
2025-04-12 00:00:00,0.0001491209133166081,-0.0038095863217836607,-1.8466270770969845e-09,0.0007740720078518166
2025-04-12 01:00:00,-0.006703821596985227,0.0017554735009512642,2.203088548508965e-08,0.000481640095511735
2025-04-12 02:00:00,-0.00014562160919033259,0.0012560349687268952,-2.2060766758213105e-08,-0.0037576990522351114
2025-04-12 03:00:00,0.003589749796722213,-0.0027196112035622597,-1.352408262888065e-07,-0.01859253382187527
2025-04-12 04:00:00,0.00246781400197496,-0.0005330797468143459,-1.0709150076941616e-08,-0.0011612393250729086
2025-04-12 05:00:00,-0.002520014021176963,-0.0046933730986065385,4.015872045903826e-08,0.011746613442342162
2025-04-12 06:00:00,0.012224641991891846,-0.010060562525584382,-5.646441898548088e-08,-0.004409411009985715
2025-04-12 07:00:00,-0.003892029883248796,0.010588881854562183,-3.5834262562444013e-09,9.086556030623396e-05
2025-04-12 08:00:00,0.004039089903168489,-0.00360413322379085,-4.05637921588371e-08,-0.0007953609744937617
2025-04-12 09:00:00,-0.001732220011730977,-0.0009978975725407787,7.995547096982e-09,-0.0014229213063851854
2025-04-12 10:00:00,0.000882762919897404,0.00476433402810547,-8.152468942100305e-09,0.002284219399242966
2025-04-12 11:00:00,0.0036119310027793246,0.0036478132013126165,-1.2957184650708047e-08,-0.0044958853165605085
2025-04-12 12:00:00,0.01966280785359512,-0.0018966567951637057,-1.1989921776945405e-07,-0.012369799193028682
2025-04-12 13:00:00,0.009184631341804451,0.00751711196417295,-6.303996958961295e-08,-0.001737958881234498
2025-04-12 14:00:00,0.005358727447960033,0.006819024442832713,-9.447098771065325e-09,-0.007426745863827127
2025-04-12 15:00:00,-0.005948430487173308,-0.0004281512632111072,2.4495232663211683e-08,-0.0005848138635119769
2025-04-12 16:00:00,-0.002425836505381344,-0.0008957127981153113,5.3054867425119253e-08,0.0032648386472061267
2025-04-12 17:00:00,0.005430672199499549,-0.001100397501680295,-1.7311618528879538e-08,-0.004658319502355401
2025-04-12 18:00:00,-0.004072938835325823,-0.005194324036839574,2.5343374444155878e-08,-0.0027703680937242836
2025-04-12 19:00:00,0.008429006693038279,-0.012904491573774195,-1.0654508052256178e-08,-0.002447560208855748
2025-04-12 20:00:00,-0.001080922763225269,-0.00027312469638388564,-5.9910269278781026e-09,-0.0009646942572606969
2025-04-12 21:00:00,-0.003153540451478394,0.0023813825515610794,1.3337035332365791e-08,-0.0033527958100716187
2025-04-12 22:00:00,-0.0043078105792984395,-0.005690768591646862,2.1079418939545135e-08,-0.004232358600635778
2025-04-12 23:00:00,-0.002137960216026008,-0.0035048062220686313,2.2572005602647776e-08,-0.0047021297907412895
2025-04-13 00:00:00,-0.001782445403623151,-0.004972167117513636,4.0133823755554005e-08,0.010697703480683118
2025-04-13 01:00:00,-0.0036243863489445155,-0.004516177344820914,1.1280990869752793e-08,-0.006511056345765285
2025-04-13 02:00:00,-0.002699816465500402,0.0028254660782591062,3.9189821143497236e-08,-0.0023270134620150267
2025-04-13 03:00:00,-0.006924696258888013,-0.003729375308955182,-1.907181467869278e-08,0.0058320340948187135
2025-04-13 04:00:00,0.0029865970402274235,-0.0008545163119959329,-1.624248272450953e-08,0.0031161363703038672
2025-04-13 05:00:00,0.003331653663353397,0.005687387004199411,1.2644646904687631e-08,0.0047258420719391145
2025-04-13 06:00:00,0.0027096355672183224,-0.00962400298926724,-3.204839626063866e-08,0.005763682104374844
2025-04-13 07:00:00,0.005880392760714987,0.003884604480176503,-6.206173578898797e-08,-0.0077970955059550205
2025-04-13 08:00:00,7.333910099043862e-05,-0.023523619676233225,-8.69376942790819e-09,0.025848593816328695
2025-04-13 09:00:00,-0.005489244677360831,0.015533364416866027,3.5733308646487354e-08,-0.0009727851522407146
2025-04-13 10:00:00,-0.009305705870334682,0.00791873654983648,8.849912050762326e-08,-0.0014395679030547444
2025-04-13 11:00:00,-0.0017305314817526154,0.008368563038093078,1.5093553742236343e-08,-0.003689934662745556
2025-04-13 12:00:00,-0.015791966515903436,-0.005658858873531378,7.121039471671256e-08,-0.0017371478499286727
2025-04-13 13:00:00,0.005942772292296732,0.00497603948711957,1.7801979854127222e-10,0.00014641177762568568
2025-04-13 14:00:00,-0.0020518980834830216,0.006417382306908241,-9.578279567169549e-09,-6.713412483152198e-05
2025-04-13 15:00:00,0.006799289070024702,-0.004711008737067042,-2.6469736354688753e-08,-0.0002500437005356082
2025-04-13 16:00:00,0.01146068849308551,0.017994571823542114,-1.0127993495872184e-07,0.008501159727377883
2025-04-13 17:00:00,0.00010124171260945426,0.007472610391017238,8.973497932890455e-09,-0.001928500026755309
2025-04-13 18:00:00,-0.017496394305610154,-0.003591871296834624,1.400217576615496e-07,-0.005429310128396883
2025-04-13 19:00:00,-0.0013058661086705814,0.010845798336622262,-4.334650008520931e-08,0.003974756943575113
2025-04-13 20:00:00,0.0017462860067124508,-0.01089986628837646,1.5114754783255183e-10,0.0007954421355021969
2025-04-13 21:00:00,-0.004583852645682104,0.0014811812324986152,2.3262588914612153e-08,0.0033197395494932096
2025-04-13 22:00:00,0.007080085700143766,-0.0038197411777380987,-3.605567474829264e-08,-0.0037375458044026414
2025-04-13 23:00:00,0.009422064745719952,0.0008824257415154328,-3.083241884680494e-08,-0.00044475907630847
2025-04-14 00:00:00,-0.0009543845892173006,-0.001344190061167631,-4.415450008027318e-09,0.0004753113716426606
2025-04-14 01:00:00,0.00828249777308092,0.011906153330004773,3.817916560353178e-09,0.004281744420336495
2025-04-14 02:00:00,0.0009909231147678024,-0.0038952496425490517,-1.3458779644288956e-08,-0.006230882831571276
2025-04-14 03:00:00,0.005768341201612821,-0.0037903955523603747,-4.513396847419402e-08,0.005660143707033666
2025-04-14 04:00:00,-0.007104014272487914,0.005896863826206129,4.996519366601659e-08,-0.0018847489083421037
2025-04-14 05:00:00,-0.004045187893313293,0.0013061192948319146,5.782574846314858e-08,-0.007850910238098282
2025-04-14 06:00:00,0.0039126654752402144,-4.807202119100571e-05,-4.926913350601264e-08,0.00460824248663023
2025-04-14 07:00:00,0.00204126563725962,0.006307224766055761,3.066585661147899e-09,0.0011581639175410078
2025-04-14 08:00:00,-0.0033484829114444063,-0.0011478296575767773,-6.488422858470982e-10,0.0004364446228599755
2025-04-14 09:00:00,0.0164847054328127,0.029858756897631827,-1.3024438721137685e-07,0.00573031918125616
2025-04-14 10:00:00,0.002390839561004908,-0.006308509699256826,1.7572757010928558e-08,0.0013847244791812226
2025-04-14 11:00:00,0.002834668836008503,-0.007790848442176506,-4.155705256609154e-09,-0.0020624877916783236
2025-04-14 12:00:00,-0.013109760843197232,0.0024552132386277256,5.283937487718023e-08,-0.002061616799065038
2025-04-14 13:00:00,0.01313971198698856,0.0039735677667521166,-5.635447486225511e-09,0.000824507906058735
2025-04-14 14:00:00,-0.02499775410545852,-0.003891649765269361,1.270208101246953e-07,-0.0018555095420462312
2025-04-14 15:00:00,-0.003749424009605098,-0.009704610555976214,6.044566042863308e-08,-0.0030199859080738698
2025-04-14 16:00:00,0.00623053675461656,0.007240369160307536,-1.5890233973950134e-08,-0.002400725370890109
2025-04-14 17:00:00,0.0003441280440560122,-0.005826443261710838,1.3671202078323855e-08,0.0013893565411999965
2025-04-14 18:00:00,-0.002128580526679067,0.019409957985629327,-2.3763812792534655e-08,0.008045424177096918
2025-04-14 19:00:00,-0.0031507736960480616,-0.0016621757882010742,3.270561900577285e-08,-0.000582376443772186
2025-04-14 20:00:00,-0.0015610832420331997,-0.009480910341788114,6.453832276194073e-09,0.0026985445310900103
2025-04-14 21:00:00,-0.0025099736377187476,0.004587999321713887,2.945275945696617e-09,0.0038029388075225593
2025-04-14 22:00:00,-0.0006377109471276045,-0.00461299704422016,2.5294678206070913e-08,0.0008575525796837188
2025-04-14 23:00:00,0.0036981474867410985,-0.004345941195395801,7.702456856474665e-09,-0.0011052260477937982
2025-04-15 00:00:00,0.00046619295414492565,0.004138711603799668,-1.7146808173898928e-08,0.0037440262416273597
2025-04-15 01:00:00,-9.565470522491333e-05,-0.013223418000373263,5.7769255226897506e-08,-0.0013233008024717329
2025-04-15 02:00:00,0.007256659755025261,-0.0009710359746383871,-6.386483271964013e-08,-0.0003391385959859379
2025-04-15 03:00:00,0.001181363734837924,0.0016045662923204252,1.0841104808239352e-08,-0.002545162450395582
2025-04-15 04:00:00,-0.003533761067835646,0.01198110548220987,2.4913352241336173e-08,0.004104285270936157
2025-04-15 05:00:00,-0.005317629777531639,0.012978399178294247,2.443475865228712e-08,-0.0014704303216802348
2025-04-15 06:00:00,0.007382545315142833,-0.0018920226738279855,-3.64589642611276e-08,-0.001121654995008357
2025-04-15 07:00:00,-0.002868714640638997,0.00972292160209815,3.027309767131206e-08,-0.0001953164259871702
2025-04-15 08:00:00,0.001770090774640463,0.029288504839109372,-5.581518134272088e-08,-0.002297295581202909
2025-04-15 09:00:00,-0.007502320564249097,-0.014158557614528602,7.232823519587308e-08,0.002975751603643419
2025-04-15 10:00:00,-0.002036982782662001,0.004374304784353261,8.363167300466623e-09,0.00016989813846472006
2025-04-15 11:00:00,0.0030492692391777807,0.004723119870990284,-9.863452720274925e-09,0.0006538329102067331
2025-04-15 12:00:00,-0.002563230979118628,-0.006791311736477422,-1.1887398279827599e-10,-0.004410783141966318
2025-04-15 13:00:00,-0.01130231480950911,-0.011172416926729564,5.9249887790364205e-08,-0.00824508448575608
2025-04-15 14:00:00,-0.0007737165374402041,0.013036360703295335,7.178539680032664e-09,0.00761733235682356
2025-04-15 15:00:00,-1.7896738961695972e-05,0.004326089709086543,-1.2194769704070343e-08,0.0008451401066484333
2025-04-15 16:00:00,-0.001677222409927735,-0.006407645398912528,1.7119160473799765e-08,0.0059792906160214656
2025-04-15 17:00:00,0.00066970946847003,-0.014807680648151092,-2.9378470382961133e-08,-0.0036765901646967467
2025-04-15 18:00:00,-0.001216955353552776,0.002415445635052587,-1.676193340424766e-08,0.0009042354604186982
2025-04-15 19:00:00,-0.004487135737622816,0.005539088293125998,5.8138612995150195e-08,0.005568270434402589
2025-04-15 20:00:00,0.005108874675058122,-0.007908715617340951,-1.3119777464602562e-08,0.00017534692360856013
2025-04-15 21:00:00,-0.0060458355046303525,-0.010156320437407195,6.652350775921706e-08,-0.0016623030600422728
2025-04-15 22:00:00,-0.003029669118760004,0.00013253146304531525,2.02623722324085e-08,-0.003024171360419473
2025-04-15 23:00:00,-0.001959708015715195,-0.009537661069409903,-2.0042478601774705e-08,0.001712687327601989
2025-04-16 00:00:00,0.011405050797791113,-0.009913974589754938,-3.218443755749235e-08,0.002146264965170186
2025-04-16 01:00:00,-0.0005671994366029274,0.010936938276960196,5.999887146219006e-09,-0.00036653104212822345
2025-04-16 02:00:00,0.0032026824109448707,0.0021237478588775074,-2.2355718973903393e-08,-0.005050648696380681
2025-04-16 03:00:00,0.0012772441835546835,-0.0007621927538930494,1.2987653950052619e-08,-0.006179732905024133
2025-04-16 04:00:00,-0.0063602803664861,0.00369277496563311,3.2580378392535184e-08,-0.0007285280377112508
2025-04-16 05:00:00,0.002460996124976628,0.004536571227963053,-2.460423681592802e-09,-0.002767728442735059
2025-04-16 06:00:00,-0.007036367666360494,-0.0029663361360037083,6.732960675434631e-08,-0.002797923814363184
2025-04-16 07:00:00,0.008253274307176043,-0.007232775278208945,-1.4421423143568504e-08,0.004374831618746831
2025-04-16 08:00:00,-0.0068594988173798915,0.0030298624886395957,4.956300464098771e-08,0.00021313196500148159
2025-04-16 09:00:00,0.00455650862919875,0.01303577126068825,-7.80921028313372e-08,0.005349344410367919
2025-04-16 10:00:00,-0.00015227844989991837,0.0016645054227843895,-6.228686464657783e-09,0.0025761147673857175
2025-04-16 11:00:00,-0.006242373406748468,-0.004314485687975899,4.606647123026298e-08,0.003070754664871497
2025-04-16 12:00:00,-0.002261718019268448,-0.002445748903390215,3.514060322131365e-08,-0.00026137247549358174
2025-04-16 13:00:00,0.012526694729703785,0.015612537531364693,-1.0591621787969098e-07,-0.0002121643996430153
2025-04-16 14:00:00,0.0019268241816847713,0.00524224167302937,7.610111816806456e-10,-0.002132162915408087
2025-04-16 15:00:00,0.0019778865570069335,0.006005410703690677,-1.355244050430631e-08,-0.0016391434886017004
2025-04-16 16:00:00,-0.017157064055332464,0.002691290808502926,-3.6764646245360143e-09,-0.010874522661745562
2025-04-16 17:00:00,0.007275358477080454,0.016362781503908536,-1.350939564446403e-07,-0.0037750871321358555
2025-04-16 18:00:00,0.010971819256207351,0.017484270214435205,-1.6810267821936783e-07,0.0022211281150424124
2025-04-16 19:00:00,-0.004388477283212377,0.0034604686829526193,2.2350132734060097e-08,-0.002054705493169426
2025-04-16 20:00:00,0.00835079868125692,-0.0024093079056149882,-5.0269618452671053e-08,3.502494557020385e-05
2025-04-16 21:00:00,0.0004755831510139955,-0.003922649144681488,6.461377227656465e-09,-0.0028113535530506616
2025-04-16 22:00:00,-0.008119542346099101,0.003768392398762771,1.3258642233838839e-08,0.0006211116169348688
2025-04-16 23:00:00,0.003612789832172774,-0.00018622271899290313,-5.225560095323866e-09,0.0020138697436380784
2025-04-17 00:00:00,0.0039374621068781835,-0.00866922313807142,1.7563118308216328e-08,-0.0035265545880022683
2025-04-17 01:00:00,-0.0026501578365566983,0.0037987269041294142,-4.004026089180277e-10,0.004532505700556758
2025-04-17 02:00:00,-0.0001181224056980147,-0.005622289856663934,-7.830135719188215e-10,0.0028503643730642078
2025-04-17 03:00:00,0.004902453242777977,-0.007222856290857509,5.839170474238198e-09,-0.004739109452808816
2025-04-17 04:00:00,0.005720052027094589,0.0008106737574110542,-3.4777033632091066e-08,-0.006811496964606871
2025-04-17 05:00:00,0.005884193866101335,-0.005506136405566478,1.3848442348118496e-08,0.003935039615362809
2025-04-17 06:00:00,-0.002062048944664012,0.00257428484586299,1.004389028414615e-09,-0.0028762461422982373
2025-04-17 07:00:00,-0.0056395359418916656,0.0021847897302530767,2.396698700280121e-08,-0.0010850995549410495
2025-04-17 08:00:00,0.0010252989072684763,0.0014460103724062525,-2.0645798662865406e-08,0.001584797096694999
2025-04-17 09:00:00,0.000975874284917749,-0.005090679144312855,1.3281340577894324e-08,0.00198071490916902
2025-04-17 10:00:00,0.0021521994085853882,0.0002467073165888605,1.34001066248477e-09,0.0007341421067068822
2025-04-17 11:00:00,-0.00032994357292169063,0.008888214784731613,-3.5804919099378835e-08,-0.0010812621008414174
2025-04-17 12:00:00,-0.0016545297566765526,-0.005722980822236552,2.1579865799338172e-08,0.00010941418364773877
2025-04-17 13:00:00,-0.010959181058950487,0.0027623811572764266,6.351202265246898e-08,0.003394784872853261
2025-04-17 14:00:00,0.007189819363643822,-0.002460929272422942,-1.9921234816494096e-08,-0.0028151575206795555
2025-04-17 15:00:00,0.011442901985499458,-0.002034242031346779,-6.13387781959857e-08,0.0011122140284484194
2025-04-17 16:00:00,0.004163920665902808,0.00011732374762108317,-2.0117990740522232e-08,-0.0016925776702096404
2025-04-17 17:00:00,-0.0006229884938623214,-0.004965684945762351,3.885486694577183e-08,-0.0037422701253224163
2025-04-17 18:00:00,-0.0032057246318912837,-0.004174532244428914,7.576241452215552e-08,-0.007954657438531496
2025-04-17 19:00:00,0.00012500040415436026,0.011835670258778243,-5.984893553390705e-08,0.0004849928933211085
2025-04-17 20:00:00,-0.002523679288099548,0.0037325282449796413,-1.3596533108491286e-09,-0.004604487628173337
2025-04-17 21:00:00,-0.006917142231170416,0.0001729560869811236,3.517399794108881e-08,0.0008422809242056032
2025-04-17 22:00:00,-0.00018054737398347839,0.006253659043885617,-2.834304301449306e-08,-0.0016271591374439557
2025-04-17 23:00:00,-0.005483287815040866,-0.00026367423426932994,5.1270567407245706e-08,0.0006363495525770787
2025-04-18 00:00:00,0.003467283033033435,0.0025735326084377202,-3.4948298343305265e-08,0.0032066680338718864
2025-04-18 01:00:00,0.0025967257549961557,-0.0010042947888197977,-2.9396678678075244e-08,-0.0011472239173744264
2025-04-18 02:00:00,0.0042018679599492926,-0.009780599265070543,1.7162985803520803e-08,-0.0012554060825250742
2025-04-18 03:00:00,-0.00020454224844950657,0.0010297719582155831,-4.1530508847466056e-09,0.009334699587869094
2025-04-18 04:00:00,0.00042185953588069915,0.0005201002561690147,-1.534376831473336e-09,-0.00044785949445814993
2025-04-18 05:00:00,-0.003944047422926389,0.0069175622111158006,-1.0809662349820867e-08,0.0012177250150572515
2025-04-18 06:00:00,0.002718440504690917,0.00021932292554912235,-4.3452610625370255e-08,-0.0026423833313632453
2025-04-18 07:00:00,0.000991317638403387,-0.0013641806537043183,-1.6560530703614998e-09,0.0035225125244183896
2025-04-18 08:00:00,0.0058390273052667035,-0.00751599010117954,-2.268040740938244e-08,-0.006983631210800202
2025-04-18 09:00:00,-0.0023282931327396937,-0.0023864184061006934,4.358048191399887e-08,0.0006640700165309548
2025-04-18 10:00:00,0.003768113858667359,-0.000538083775275714,-2.150801706043631e-08,0.0018801171875715518
2025-04-18 11:00:00,0.0007705681292431768,0.001383757718445438,-3.157895266285509e-08,0.004880457807334506
2025-04-18 12:00:00,0.0020875051674169283,-0.004817988229572711,6.712292357818391e-09,-0.0026053611964238174
2025-04-18 13:00:00,-5.655787785196131e-05,-0.006602398218700145,4.820589897169153e-08,0.00343405671182577
2025-04-18 14:00:00,-0.0011470013599992612,-0.0005049839520891928,-1.640615908589554e-08,0.0039010765157599875
2025-04-18 15:00:00,0.0034113953448898283,0.0008565054908158947,-3.1020303796114346e-08,0.00041752278523080375
2025-04-18 16:00:00,0.005590567570140482,-0.0027050087764304807,-3.579176410105016e-08,0.0004186871798669765
2025-04-18 17:00:00,0.0019002186536490459,-0.0032158269105984354,5.424300195581453e-09,0.0012879806429354414
2025-04-18 18:00:00,-0.002620297456965154,0.0025619872709614256,7.667018701843297e-10,0.001901542566856324
2025-04-18 19:00:00,0.00030927740432774934,-0.0021810437404698123,6.972810419278753e-09,-0.00035168202568859055
2025-04-18 20:00:00,0.004286417964773612,-0.003729702977982966,-8.606120621320645e-09,-0.0013361110540794912
2025-04-18 21:00:00,-0.005556536585468157,0.004293128015407599,2.0602069479876097e-08,0.0011679504096788844
2025-04-18 22:00:00,-0.006262946906520516,0.007033992320094029,1.686013498953502e-08,-0.005717775411466028
2025-04-18 23:00:00,-0.0031792861965312435,0.004891833049357847,-2.9931306382236432e-09,-0.0022286126144088216
2025-04-19 00:00:00,0.006580162096118466,-0.0031878409791036614,-3.9124533449193485e-08,0.004657400776520979
2025-04-19 01:00:00,0.0014083553050394434,0.014202266581780304,-8.554371690780918e-08,0.003986139216591562
2025-04-19 02:00:00,0.0017833799544572366,0.0021852596409628936,-2.8515173933622637e-08,0.0027882026770452628
2025-04-19 03:00:00,0.002275096716470579,-0.003152913806867284,2.051226916917418e-08,-0.0017770032287689388
2025-04-19 04:00:00,-0.0008866818784021648,0.00030421037114760686,6.5931530279152635e-09,0.003231317872403314
2025-04-19 05:00:00,-0.004155676470193126,0.004090175049245481,-9.580074675458227e-10,-0.00019333543451399704
2025-04-19 06:00:00,0.0024598909534933413,0.001677076275575249,-3.02747873573904e-10,-0.00060149632106563
2025-04-19 07:00:00,-0.0006974564573148033,0.0024864611552878916,7.988039748443023e-09,-0.0019886982818256137
2025-04-19 08:00:00,-0.0029718663633560675,0.005869633241932331,1.8745165224693665e-11,-0.0014840482617781887
2025-04-19 09:00:00,-0.0015638474923170037,-0.00016073218963430895,9.445383911347546e-09,0.0016442322334650318
2025-04-19 10:00:00,0.0009045558036787136,0.0002959933467462391,-1.1491187122572194e-08,0.002685866370074065
2025-04-19 11:00:00,-0.0004445053784906337,-0.004046405458293527,3.196852256955685e-08,-0.0026337454139726884
2025-04-19 12:00:00,0.001056829645595257,0.002406839586337649,-5.950849102730735e-09,-0.0012029087361025603
2025-04-19 13:00:00,-0.0029376056463566247,0.002763935519074335,4.696238264291555e-09,-0.002638020571045336
2025-04-19 14:00:00,-0.0006844117003933308,-0.0018477143226613914,-2.4025671383798307e-09,0.0033797922801434817
2025-04-19 15:00:00,-0.005007568820109145,0.001993411849337633,1.0867829890817518e-08,0.0030255761111096556
2025-04-19 16:00:00,0.010132421189014307,-0.009027274421099398,-3.8887565983484265e-08,-0.004830549666244061
2025-04-19 17:00:00,-0.0053680268822697596,0.007365007216293583,7.217525794210908e-09,0.0066267051408043474
2025-04-19 18:00:00,-0.0004223520400469629,0.0014805605933360148,-1.132903111001783e-08,0.00047744515695490844
2025-04-19 19:00:00,0.0004272757094047712,0.0010484463326988966,6.966461366250122e-09,0.002955693620180496
2025-04-19 20:00:00,0.002888247680442421,0.0003930107327204987,-1.961018691478719e-08,0.0024750120276188638
2025-04-19 21:00:00,-0.0029562376345480777,0.0074304998631350766,-3.770454163307478e-08,0.005878038456652885
2025-04-19 22:00:00,-0.0048835833194287755,0.007445546940319897,-1.5485547111139122e-08,0.0029676879963675944
2025-04-19 23:00:00,4.638157892332482e-05,0.0020534588143203045,-6.323801387415516e-10,0.0010452980557218335
2025-04-20 00:00:00,0.0055185349489781385,-0.0005899066953534264,-4.190365204679232e-08,0.0045314090083096335
2025-04-20 01:00:00,-0.0018136505453061587,-0.00011875415744595086,1.3702882081201997e-08,-0.0010637970481925164
2025-04-20 02:00:00,-0.00030408297369402385,0.0002159794119632688,-2.0635826978836887e-09,-0.008182242701420591
2025-04-20 03:00:00,0.0017214798077686867,0.0009399673076524135,-2.334395099317302e-08,-0.001993747909650853
2025-04-20 04:00:00,-0.0009869576022940585,-0.0015611718644614535,9.391689058028413e-09,0.0020980554779862844
2025-04-20 05:00:00,-0.002730667338302136,-0.0009689808294547197,2.3448129930015072e-08,0.0022739253301216444
2025-04-20 06:00:00,-0.0010604845933624282,0.006944025226962796,-4.0029596070077324e-08,0.005634708349681301
2025-04-20 07:00:00,-0.0005488831074224689,0.0016419845481580383,-1.3883830823339944e-08,0.003056638830182064
2025-04-20 08:00:00,-0.0006681991140676264,0.004483384211875194,-2.6291061004471e-08,0.0010880884860690577
2025-04-20 09:00:00,-0.009130062061092337,0.007845524865994638,1.8890149000679886e-08,0.002922635564126197
2025-04-20 10:00:00,-0.0014479694640571078,-0.015280489724071755,8.570503039129835e-08,-0.0019851195349074517
2025-04-20 11:00:00,0.0020457104728084435,-0.004334195235127246,2.7164858695361173e-08,-0.0025324982434632784
2025-04-20 12:00:00,0.0007581016881964911,-0.0010593121465464473,6.820191411251232e-09,-0.006648986019798829
2025-04-20 13:00:00,0.006725930796230255,-0.0015511386178309755,-2.4976488445773753e-09,-0.007972784809936373
2025-04-20 14:00:00,-0.002472260179057726,-0.004414671728900632,3.859246916629058e-08,-0.0033681814935808733
2025-04-20 15:00:00,0.0037204379092218593,0.0029982611189354235,-5.347215950668642e-08,0.007726012567982166
2025-04-20 16:00:00,0.0014988013917437456,-0.004799908062267422,1.588869987955018e-08,-0.0020410376663938337
2025-04-20 17:00:00,0.005518928354376599,-0.004952238367585487,-2.5293264983383628e-08,-0.0034559320354807447
2025-04-20 18:00:00,0.005284217302276955,-0.003846346954230662,-3.5375706906488556e-08,0.00024227882828115554
2025-04-20 19:00:00,0.0029021219451314337,-6.586310054902087e-05,3.375897408193329e-08,-0.0009823480115411889
2025-04-20 20:00:00,-0.0004932977501048582,0.0019365717746578544,-1.5978056721261178e-08,-0.00035533256519248134
2025-04-20 21:00:00,-0.003546268940465646,-0.00231963058518797,2.9068366795571027e-08,9.058373995405507e-05
2025-04-20 22:00:00,0.003658809839862295,0.002900017777710812,1.1242507015166277e-09,0.005226340917241875
2025-04-20 23:00:00,0.015348086150664724,0.006728072551605703,-1.626808999745686e-08,0.0008088952546071703
2025-04-21 00:00:00,0.007647216561809117,-0.009686089535661873,3.387139897097606e-08,0.0011339481660550777
2025-04-21 01:00:00,-0.0008831154293231203,-0.01131138535206848,7.050693133324333e-08,0.0004261839805124996
2025-04-21 02:00:00,-0.0006595117229679006,-0.006008642479665181,-7.977224484050674e-09,0.003435903607932718
2025-04-21 03:00:00,0.0021133985617980515,0.008962139812739255,-4.803533623464068e-08,0.0009749930387973347
2025-04-21 04:00:00,0.005126524965235595,-0.005719887496159456,1.718260919861032e-09,0.0022164482409217368
2025-04-21 05:00:00,8.584553193386894e-05,0.0007366158909482006,-1.1062995478101281e-08,-0.0005812941514924183
2025-04-21 06:00:00,0.0026702589413917462,-0.008414926602035395,-1.7370210351186325e-08,-0.0017732022865856783
2025-04-21 07:00:00,0.0035345048463149677,-0.0018417990488818784,-5.698808832126924e-09,0.0005781351422182677
2025-04-21 08:00:00,-0.0021251953968741332,-0.007330098734148902,2.5761278531568537e-08,-0.0023101285447950813
2025-04-21 09:00:00,-0.00015164794722826239,0.0018455859075636916,-2.155534263079593e-09,0.0022033996564279216
2025-04-21 10:00:00,-0.009565263378317247,0.0018723003468709874,1.5136843057100256e-08,-0.0028755511143222588
2025-04-21 11:00:00,-0.0052634904449512816,-0.0028511377151062517,4.443027644248321e-08,-0.002846753951293594
2025-04-21 12:00:00,0.010569601060128038,-0.007396664572945736,9.475493455897956e-09,0.01135860547038543
2025-04-21 13:00:00,-9.251586095521125e-05,0.013603535428212363,6.309825887778246e-08,-0.009005825107718754
2025-04-21 14:00:00,-0.007380868609389695,0.0031277323554392378,9.14229757798436e-08,-0.004215063527728737
2025-04-21 15:00:00,-0.014762881106238135,-0.0034783167037740017,4.0494240196646106e-08,0.0045047522886189515
2025-04-21 16:00:00,-0.006702660139427508,0.0026904260075676016,1.550136666729851e-08,-0.0011696998652059992
2025-04-21 17:00:00,0.0003608560007222657,0.006025657566284171,-1.614200852719074e-08,0.004174023417184275
2025-04-21 18:00:00,0.0012693285251824575,0.013283105316722322,-3.780140511935811e-08,-0.007404032424673651
2025-04-21 19:00:00,-0.0023766688788795227,0.001507491608345058,9.661877658676174e-09,0.001418792912800044
2025-04-21 20:00:00,-5.979330844200115e-05,-0.003898814519060303,1.1562952219859328e-08,-0.0007152750912933458
2025-04-21 21:00:00,-0.0004463541608134174,-0.0066218955116640376,2.4123680072165985e-08,-4.8250757189561086e-05
2025-04-21 22:00:00,0.0004215395629392745,-0.001212392197515942,4.879303076141311e-08,0.0032611188638024605
2025-04-21 23:00:00,-0.004984334498186096,0.006370939515106769,4.1020714065732915e-08,0.002428061727838182
2025-04-22 00:00:00,0.008367364004399663,0.006357353667292322,-4.012892672694355e-08,0.0013756773164522197
2025-04-22 01:00:00,-0.006616989089879939,0.006381641428746307,1.6560734623354892e-08,-0.0003574076769099647
2025-04-22 02:00:00,0.0012177161046853738,-0.0012534559083423556,-4.702837276118238e-09,-0.0009319166404044769
2025-04-22 03:00:00,-0.004356886931220292,-0.0046173346834161655,4.873158607411023e-08,0.0036747607071479778
2025-04-22 04:00:00,0.0033936150436597724,0.00035506398330821244,-4.769870651505477e-09,-0.005030395021716737
2025-04-22 05:00:00,-0.0005945962930120216,-0.004542980778964908,3.1273241110535343e-09,-0.007040988313539797
2025-04-22 06:00:00,0.01444701503903978,-0.010284957798506798,-7.694992400217923e-08,0.00037581409662357386
2025-04-22 07:00:00,0.0025067120167216145,-0.011211585172735449,2.583237401219168e-08,0.0021962030950619803
2025-04-22 08:00:00,0.0027872524679027596,-0.0059904158219556865,5.45530021050642e-09,-0.0043615845924162375
2025-04-22 09:00:00,0.0014684977921267486,0.005742058835155248,-4.5774572658963887e-08,0.0028581593016923706
2025-04-22 10:00:00,0.000255773235458602,0.004637110605603744,-1.2901267424392016e-08,2.470265318072842e-05
2025-04-22 11:00:00,0.0007567791716247883,0.005595636105458456,3.0835595303720226e-09,-0.0032329340508510302
2025-04-22 12:00:00,0.011014979869497113,0.005613055577650031,2.058324648039779e-08,-0.010609278947357402
2025-04-22 13:00:00,0.014345719963060444,-0.006741156733904791,-3.977889103287239e-08,-0.0012639116671181796
2025-04-22 14:00:00,0.008051220787658383,-0.004120300498253699,-5.529904966860958e-09,-0.003210488054652185
2025-04-22 15:00:00,-0.003603286039443078,0.004300632460048161,-8.825213465825337e-09,-0.0008321091919318586
2025-04-22 16:00:00,0.008459072033882731,-0.011284990348912418,5.609266507206912e-08,0.0045541947306263954
2025-04-22 17:00:00,0.000969147000381319,0.0013979637128256114,-6.6928113008073185e-09,-9.95918716439491e-05
2025-04-22 18:00:00,-0.002689980370552665,-0.0017815040933845136,2.612886515332263e-08,-0.0008477897810305474
2025-04-22 19:00:00,-0.0023169706477962674,0.001601642158096163,-3.271619111814784e-08,-0.0014675430875685453
2025-04-22 20:00:00,0.0189657614258339,-0.013346243990530327,-1.3243808692259144e-08,-0.007480738377600172
2025-04-22 21:00:00,-0.007234751745064219,0.02119127391971871,-4.9033951376485474e-08,-0.0001294113845897913
2025-04-22 22:00:00,0.007280190823137805,-0.010938734021620848,5.976970062812141e-08,0.002024498561300873
2025-04-22 23:00:00,-0.0016634759580178783,-0.004940148868067061,-3.069049213490237e-08,-0.004547680277634328
2025-04-23 00:00:00,-0.0022110849106330285,-0.005143138334948587,-1.742805354383349e-08,-0.0037685160904945385
2025-04-23 01:00:00,0.015103703170927369,-0.009145418882454173,-5.6689352584818703e-08,0.003070803457864893
2025-04-23 02:00:00,0.005539918467769884,-0.0004612347870442258,-4.358436645699607e-08,-0.0024904516842171984
2025-04-23 03:00:00,0.009598336294291545,0.0037036351279550943,-5.671863988127146e-08,0.0010671573590681383
2025-04-23 04:00:00,-0.012405485156276591,0.010461113356968095,5.944367155349818e-08,-0.0017824405275052163
2025-04-23 05:00:00,0.004097822755956357,-0.000658612508996643,-1.5743659197619042e-08,0.0016155984433126696
2025-04-23 06:00:00,0.00714450769299396,-0.003308058419277928,2.219573486224254e-09,0.0018145129178042296
2025-04-23 07:00:00,0.009627940329333966,-0.002320243419209114,-7.205939168162196e-08,0.003841287891471615
2025-04-23 08:00:00,-0.004959887896807781,-0.0028392953661867905,1.9581002577410663e-08,-0.002580476008949297
2025-04-23 09:00:00,-0.007720347613918417,0.0077228464991918955,-2.0164814739840742e-08,-0.008800296505908392
2025-04-23 10:00:00,-0.004421940632989004,0.0026352480544289663,-8.44868472332786e-09,-0.0024711366515126755
2025-04-23 11:00:00,0.008476499537569022,-0.013699136671019263,-7.470232475746265e-09,-0.0023489234288871386
2025-04-23 12:00:00,-0.01719187822595188,0.004114383019534757,6.33986090143366e-08,-0.005225522580469732
2025-04-23 13:00:00,-0.0036414759660614057,0.01145685568542593,-3.1156452433050064e-08,-0.00031405211965285457
2025-04-23 14:00:00,0.0016864498857762393,0.0005502812327745167,2.822962363257971e-08,0.002389260587195486
2025-04-23 15:00:00,0.0030522928537435588,-0.0042207561898854355,4.2924845599454715e-08,0.0007273805770390059
2025-04-23 16:00:00,0.003259567985771764,-0.002515704893862633,1.678611899548596e-08,-0.002842139920926308
2025-04-23 17:00:00,-0.0024689294650819603,9.562003898956387e-05,-2.5072078118478384e-09,-0.0002940919359226889
2025-04-23 18:00:00,-0.00628812931826751,0.0006542888939046988,6.352618864268951e-08,-0.0040500762358674156
2025-04-23 19:00:00,0.0021101340553242856,0.0041002418287799545,-2.1598235465975973e-08,-0.0037740837908979423
2025-04-23 20:00:00,-0.002813996854043576,0.004659024823030588,-2.0409864298737156e-09,-0.0038869424819933302
2025-04-23 21:00:00,0.00693337435448892,0.0009071497131439334,-3.997235594610358e-08,-0.0049199391088223235
2025-04-23 22:00:00,-0.002266006938028922,0.0014451502532453616,1.1834190254650954e-08,-0.003078651892011042
2025-04-23 23:00:00,-0.0036866670795423426,0.0004692312866462506,8.878384397038298e-10,-0.0023321188645356156
2025-04-24 00:00:00,0.0018937380520815937,-0.0021916048664760183,1.9461048481584278e-08,0.003520775639666015
2025-04-24 01:00:00,-0.012413582805845539,0.00626839699841448,5.6524796166547065e-08,0.003114179964172047
2025-04-24 02:00:00,-0.006350983911046325,0.004043942785531236,1.8980591248395312e-08,0.0045028473131992364
2025-04-24 03:00:00,0.006152821668330648,-0.0055308848397602264,-1.741848159057792e-08,0.000772262236795337
2025-04-24 04:00:00,-0.0004947901946582261,0.0005992443060237602,-1.579429437374279e-08,0.0007828302672486451
2025-04-24 05:00:00,-0.00511697760772741,0.007125072863664543,-5.990973591649819e-09,0.002823725211873272
2025-04-24 06:00:00,-0.006788853933452899,0.002674292688762729,3.298094108843431e-08,0.0005978728655772339
2025-04-24 07:00:00,-0.008281642529694136,1.0578286097562255e-06,6.73044327591185e-08,0.0003366425892075246
2025-04-24 08:00:00,0.011211298738158872,-0.003580021174152981,-4.3322576033579954e-08,0.004980679842408648
2025-04-24 09:00:00,0.0045806343519668785,-0.005413687415928384,-2.0148751063947458e-08,0.0029574222380125835
2025-04-24 10:00:00,0.0012238489568895446,0.0019612981700310077,-2.6273891908586857e-09,-0.0022474790595231166
2025-04-24 11:00:00,0.0007612366229465522,-0.0017732068654186543,-5.040078900441999e-09,0.0036628083735438756
2025-04-24 12:00:00,-0.0015053849790020372,-0.0028859620445763324,1.9058610480082724e-08,0.0029973837375404087
2025-04-24 13:00:00,0.0036706791211976036,0.005439661986493607,-8.412917648966819e-08,0.00627237442123274
2025-04-24 14:00:00,0.008717250933874751,-0.018951200925154562,2.7162998971921483e-08,0.003529486571307175
2025-04-24 15:00:00,-0.005519513525339071,0.01785909766294186,-6.413722488771362e-08,0.00349945650570178
2025-04-24 16:00:00,-0.008639676284853508,0.008268339283069356,-1.6006467045478374e-09,-0.0019385782485403327
2025-04-24 17:00:00,0.0011269226989157688,0.008830489708620897,-3.738600102456886e-08,-0.002654221909869367
2025-04-24 18:00:00,0.002487285725293527,-0.0043113274019401775,2.6290816393659053e-08,-0.0020755081716091633
2025-04-24 19:00:00,-0.003522426896849447,0.008582735291353965,-4.25039701089482e-08,0.0028615111946109916
2025-04-24 20:00:00,0.0011280528684024392,-0.0014899217734905177,-6.231004611590039e-10,0.001969906110027181
2025-04-24 21:00:00,-0.0028957300622390533,0.0074843620983394005,-8.895114737847498e-09,0.001264727452520634
2025-04-24 22:00:00,0.004375377812075929,-0.0003029798933070467,9.672921318224092e-09,-0.0026838242635150913
2025-04-24 23:00:00,-0.0025250274869331223,0.005247487024740135,-1.7777881476258145e-08,-0.0010387544213492387
2025-04-25 00:00:00,-0.008531477377507242,0.008919482133808209,-1.773122501717389e-09,0.00022172739681101066
2025-04-25 01:00:00,-0.008623048901963474,0.0003241424197607528,2.5671774248701388e-08,0.004730108082468894
2025-04-25 02:00:00,0.0051821579139517925,-0.0012097187332178279,-3.021628006455128e-08,-0.0025069200105035322
2025-04-25 03:00:00,0.0004144319761344975,0.00010952035190427603,-3.0234410399906704e-08,0.0011324933516053527
2025-04-25 04:00:00,0.0015324661141925293,0.0005862178222176397,-2.19687398168741e-08,-0.003969593235030451
2025-04-25 05:00:00,0.005234433796553026,0.007384718412906341,-7.659881673827551e-08,-0.0015309558870354515
2025-04-25 06:00:00,-0.0011000197013124532,0.003964592814481535,9.384216870647441e-09,-0.0008142725829163376
2025-04-25 07:00:00,0.0023646088209801335,0.001961194820343414,-3.660823262676244e-08,-0.0037641860125513416
2025-04-25 08:00:00,0.012926482521749933,-0.014596222444283153,6.057293358721968e-09,-0.0057144396011015765
2025-04-25 09:00:00,-0.000623256307193806,-0.011503958419313043,9.723248223961688e-08,-0.007358852427416096
2025-04-25 10:00:00,0.00869037753369687,0.004114000022491556,-1.4993827633912813e-08,0.003379970485983485
2025-04-25 11:00:00,-0.00625635039476902,-0.0021065938439964707,5.211232974067143e-08,0.001073774077844822
2025-04-25 12:00:00,-0.006903849660632854,0.005109681601573032,4.124513658482886e-08,-0.002114051410289186
2025-04-25 13:00:00,0.016422770612940982,-0.009347947270468953,2.9711595834037604e-08,-0.008668011102637325
2025-04-25 14:00:00,0.0033622335901636238,-0.010219717267720497,4.3045837701712797e-08,-0.0054714945761335275
2025-04-25 15:00:00,0.005298848666199032,-0.006325975144191843,7.874224595709716e-09,-0.0011910034919548067
2025-04-25 16:00:00,-0.005214112788319039,-0.00747680535236205,3.319321723925405e-08,-0.0016747149599729732
2025-04-25 17:00:00,0.0033112620984178495,-9.759785530570764e-06,2.324036741103656e-08,0.0004244734371367583
2025-04-25 18:00:00,0.0028603202524712106,-0.003387619045598898,2.4855827353827158e-08,-0.0023338534925100045
2025-04-25 19:00:00,-0.0037066436502692377,0.0028947302735625124,-3.8680008534611114e-08,-0.0024118668390549556
2025-04-25 20:00:00,-0.006074106288196369,-0.00025362268968243015,6.274782650944827e-10,-0.005305622502445086
2025-04-25 21:00:00,-0.006121986975504173,0.013408794839412723,-6.525471238382304e-08,-0.005277797012532927
2025-04-25 22:00:00,0.0019208126589318848,-0.008889596364069993,3.8370983298336364e-08,0.0019505288871441906
2025-04-25 23:00:00,-0.0006430200991435139,0.012476834291596428,-7.671085295910182e-08,-0.001016371803439848
2025-04-26 00:00:00,0.014026455794265244,-0.014514407017675528,-5.6731989661943785e-09,0.011568570616416878
2025-04-26 01:00:00,-0.0007656223089956811,0.002013496599993392,-7.826959379500686e-09,-0.0036922083001891524
2025-04-26 02:00:00,0.000741997452130853,0.00021385538384967635,-2.564008199446864e-08,-0.01119935187880155
2025-04-26 03:00:00,-0.0025910177942194343,-0.003837494245620496,3.740103973038052e-08,-0.002092326592116516
2025-04-26 04:00:00,0.005055188880336129,-0.0036323123136469963,-1.5903464880751194e-08,-0.0018767548325995043
2025-04-26 05:00:00,0.014072737048603342,-0.01009285027434397,-6.049144681868788e-08,0.0006679331468316718
2025-04-26 06:00:00,-0.0017335747355317734,-1.1159210225599425e-05,1.408151392339019e-08,0.0028349091027767906
2025-04-26 07:00:00,-0.0002250665104028501,-0.004521330314443377,1.2107645344860846e-08,0.0024357338446397013
2025-04-26 08:00:00,0.004638888371169529,-0.009930275154505914,3.566150382248833e-08,0.0010821230535127636
2025-04-26 09:00:00,0.0018549939883184276,-0.0007314593885577177,-1.7728351428518333e-08,0.001307031504050115
2025-04-26 10:00:00,-0.002700034820136283,-0.006867103568427488,8.396997284947506e-08,0.0014653601454594398
2025-04-26 11:00:00,0.006817016311293003,-0.008080622636168003,1.2294771639990515e-08,-0.0002014576051529446
2025-04-26 12:00:00,-0.00474306193886614,0.006638710010858159,-2.564016117651958e-08,0.0027345670684569257
2025-04-26 13:00:00,-0.010587371639493755,0.015509023344742955,-1.0156203388449024e-08,-0.0049054326264284746
2025-04-26 14:00:00,-0.0006571090000675834,0.007280207354207961,-4.384509837317614e-08,-0.00019355311087643491
2025-04-26 15:00:00,-0.002897656444780898,0.005117652636045273,-1.0658340095625311e-08,-0.0039164469429506165
2025-04-26 16:00:00,0.0019040508332560208,-0.003740977656620839,7.50162418829331e-09,0.004876457282048682
2025-04-26 17:00:00,0.006244135228022156,-0.012120995011219398,2.3848762156664164e-08,0.0015078002509131077
2025-04-26 18:00:00,-0.004861430112496554,0.011860868256083497,-3.847451629811307e-08,-0.005819037471614197
2025-04-26 19:00:00,-0.009526363060309309,0.009135840265883228,-7.854983272615163e-11,-0.0039071795782084865
2025-04-26 20:00:00,-0.0033739510763552815,0.007352328064608552,-6.422937941533413e-09,-0.0036380200621298694
2025-04-26 21:00:00,0.0053956717365682815,-0.004341458827781136,2.1962623715717008e-08,0.007406822220315599
2025-04-26 22:00:00,0.003666892914874282,-0.006607962816769627,-1.966369308691181e-09,0.0018196344993739652
2025-04-26 23:00:00,-0.008074717600477052,0.017416317433546675,-5.2642371418708356e-08,0.004408962857186782
2025-04-27 00:00:00,0.013200893152630296,-0.04069962755444624,1.6941044344652403e-07,-0.0054601370351699905
2025-04-27 01:00:00,0.0061359692967183094,-0.0012431784662560602,-2.7050830279757268e-08,0.000727226074117446
2025-04-27 02:00:00,-0.013723770156444553,0.02540832736391731,-9.365169725307612e-08,0.007970899605918996
2025-04-27 03:00:00,0.00820706132291474,-0.019631448695475427,7.619128925505996e-08,-0.0013966604496115265
2025-04-27 04:00:00,0.00879765856552596,-0.015232072249625868,2.680475654356309e-08,-0.00300190897299489
2025-04-27 05:00:00,0.0048550634170085975,-0.003040445088985092,-1.2670574642055756e-08,-9.951066238786612e-05
2025-04-27 06:00:00,-0.009868720377612316,0.014620433997411475,-2.229583836968244e-08,0.0028938498403845167
2025-04-27 07:00:00,-0.005935156926311097,0.01043575007444107,-1.831341754322539e-08,0.004505691920696726
2025-04-27 08:00:00,0.005613252666184754,-0.009877776988701103,2.1638572977855418e-08,0.0022979167590747554
2025-04-27 09:00:00,0.005754178842297308,-0.005852894727686096,-1.3016550582576938e-08,-0.0032335208148844647
2025-04-27 10:00:00,0.0008578448787968354,-0.004890951001880382,1.8729879331423677e-08,0.0022383394173799377
2025-04-27 11:00:00,0.017025670546195085,-0.024850948656714257,2.2962079375191546e-08,0.006582817519163426
2025-04-27 12:00:00,0.003014863309415492,0.003140556536897412,-2.739055039039329e-08,-0.0023641037278409253
2025-04-27 13:00:00,0.0022940129335072648,-0.006158595298591413,9.768914350667938e-09,0.005547252243735344
2025-04-27 14:00:00,0.010622087534314572,-0.019075754844690145,5.8346019363332104e-08,-0.0030131211171984303
2025-04-27 15:00:00,0.003070296537373393,-0.005310836650016953,1.3966014665978724e-08,0.0018162759153303358
2025-04-27 16:00:00,-0.0007739399340968576,0.006278315861722115,-3.0643168731334466e-08,0.002425207350818688
2025-04-27 17:00:00,0.001220409937058417,0.004763928225905112,-3.047022271149627e-08,-0.0004379942986826675
2025-04-27 18:00:00,0.010768687418752119,-0.0036361004727266427,-7.178419999810463e-08,0.0018296963664089468
2025-04-27 19:00:00,0.008448581809295974,-0.0175667778296048,5.383543948193778e-08,0.0007636056498374033
2025-04-27 20:00:00,-0.0035209310489390626,0.005902949405065858,-1.2224485800741956e-08,0.0017936264934366687
2025-04-27 21:00:00,-0.0009713350153210095,-0.004946180503535591,1.4403504048372217e-08,-0.002071221405012272
2025-04-27 22:00:00,0.007144667111533443,-0.015529478611071101,4.895938978145688e-08,0.0005608947551818698
2025-04-27 23:00:00,0.00586605383049199,-0.018343582545689234,4.401890129219379e-08,-0.005890940708189421
2025-04-28 00:00:00,0.0004054944615948415,-0.007755630171273231,6.740519009365404e-08,0.008093149286296519
2025-04-28 01:00:00,-0.007134754177754086,0.012631499145983504,-4.34369820189631e-09,-0.004821201033255917
2025-04-28 02:00:00,-0.011476137034103339,0.026220683813406056,-8.956978154255089e-08,-0.005208888236241422
2025-04-28 03:00:00,-0.004852398717748764,0.012379005272836831,-3.4543300188998994e-08,-0.002117911310745208
2025-04-28 04:00:00,0.004170835146784124,-0.0060485375417594,2.0289025345770524e-08,0.0025860791928415425
2025-04-28 05:00:00,-0.006084691216285317,0.021457464852175555,-7.444183604751008e-08,-0.002887076423579246
2025-04-28 06:00:00,-0.008672004334498492,0.031032160279610765,-1.2437982418321032e-07,-0.007159904907653742
2025-04-28 07:00:00,0.000591298084064198,0.005457538624177896,-2.726896952953873e-08,-0.003916194887185768
2025-04-28 08:00:00,0.008175262230747861,-0.02167361434647939,8.05152929252724e-08,0.007797070320937416
2025-04-28 09:00:00,-0.003821243635612251,0.00854635348115541,1.3981826208019097e-09,-0.0010135517952792113
2025-04-28 10:00:00,0.0015231323802258213,-0.00218182630297926,3.360734778145966e-08,-0.0014518923317861057
2025-04-28 11:00:00,0.002036011384489244,-0.009124118979723974,6.5702292105143e-08,0.00011615738062720496
2025-04-28 12:00:00,-0.0013125072196673374,-0.019168467116285438,3.34923838805766e-08,-0.0009335066790037755
2025-04-28 13:00:00,-0.0005476208038112044,0.007235550878870624,2.4591418298284786e-08,0.0020561020314362488
2025-04-28 14:00:00,0.007758737669407033,-0.02062081522249421,4.7754927927925275e-08,0.00117111638472507
2025-04-28 15:00:00,-0.0004961937964385797,0.0019198616578491915,-1.9771273737732947e-08,0.0004292006668052769
2025-04-28 16:00:00,-0.005022487433712543,0.019715460263504833,-7.481329819729649e-08,0.0012855527166958658
2025-04-28 17:00:00,0.0009629599442355625,-0.0008054092213258437,1.3420209495838e-08,0.0019645200436198213
2025-04-28 18:00:00,0.002000981354339444,0.006423832984808275,-1.7492380008948705e-08,0.0035487772715275382
2025-04-28 19:00:00,-0.002196578894989208,0.009115521736646889,-4.2473702360253096e-08,-0.006832094719844089
2025-04-28 20:00:00,0.0015663668413789381,0.00990992112581957,-7.49624942236436e-08,-0.00561770338590148
2025-04-28 21:00:00,-0.0008386705595586495,0.010375339566688693,-3.670661227245807e-08,-0.003559586312856282
2025-04-28 22:00:00,0.0008452170276383275,-0.004233937376812811,3.517942723930567e-08,0.00229078242584025
2025-04-28 23:00:00,-0.006019867381195165,0.02595440668623058,-1.1243950050285295e-07,-0.007902217018724927
2025-04-29 00:00:00,0.00037356156086949116,-0.0024303273711676903,4.773623377463473e-09,-0.001960981642825667
2025-04-29 01:00:00,-0.0010767540121119183,-0.00578798036888196,3.5473754358251134e-08,-0.0017797963344064437
2025-04-29 02:00:00,-0.0003910451996700145,0.00571422338928502,-4.840492141153246e-08,-0.0012078956895020122
2025-04-29 03:00:00,0.0048532017798015945,-0.01946721136593422,7.861918108498184e-08,-0.0023383705659360604
2025-04-29 04:00:00,0.00426045153767039,-0.004990510209209342,-1.595513690516187e-08,-0.0008727851254773919
2025-04-29 05:00:00,0.0005317363332773741,0.010456061269628076,-6.942253010637453e-08,-0.0048903528841650265
2025-04-29 06:00:00,0.0013354243044054492,0.0006943163464845838,-3.0344082632826797e-09,-0.0023795987757840773
2025-04-29 07:00:00,-0.0034324322512558126,0.0019448377268110936,1.7600146922727278e-08,0.006602738896034354
2025-04-29 08:00:00,-6.354107985728709e-05,-0.0025000189141714626,7.003113955230646e-09,0.0038673845010499656
2025-04-29 09:00:00,-0.008592598096935808,0.0034288978714295724,4.206121567472655e-08,-0.00011231955408085451
2025-04-29 10:00:00,0.0056639788429182665,-0.0018481592057918042,-9.563366352233468e-09,0.0034226256245268945
2025-04-29 11:00:00,-0.00567853863273057,-0.0009380031646430881,3.921532466804714e-08,-0.001840074023568976
2025-04-29 12:00:00,0.0003298055234590895,-0.0036281184974371558,2.0568180869017857e-08,-0.005339280025970709
2025-04-29 13:00:00,-0.002222627962081361,0.008461778579626225,-2.7084587123864422e-08,-0.002412529265190129
2025-04-29 14:00:00,0.000251240205129212,-0.005808060343847465,2.476210097149747e-08,0.0038700235068917523
2025-04-29 15:00:00,-0.0013750028860123162,0.0037155147657593297,-1.1884303571964015e-08,-0.00332049183514118
2025-04-29 16:00:00,-0.0015881162941939549,0.006320539481010295,-6.013613684978225e-10,0.004268393232801523
2025-04-29 17:00:00,0.005865292793934518,-0.005752019302461966,7.917095237796339e-09,-0.0037420790349834876
2025-04-29 18:00:00,-0.0009528341420255945,-0.004058177625423665,3.6984975356293615e-08,-0.001216447640641861
2025-04-29 19:00:00,-0.005244650915094536,-0.0007291614856914985,4.931997807917938e-09,0.004713737033251566
2025-04-29 20:00:00,0.00032981551911406316,-0.010895640092362898,7.374256607993081e-08,-0.0012768780504971732
2025-04-29 21:00:00,-0.0034095530826908855,0.003358430977144287,-2.8512321653414378e-08,0.008544839296989475
2025-04-29 22:00:00,0.0023409407713628596,0.0024015103621237814,-2.0431507394874358e-08,0.0019943762044500784
2025-04-29 23:00:00,-0.000598257454608779,0.004359814762097048,-6.521855900662734e-09,-0.0022824206622823234
2025-04-30 00:00:00,-0.000781156531319232,-0.0034687572624481308,3.663219073570487e-08,-0.0012819934933256786
2025-04-30 01:00:00,0.004991681643037968,-0.0023576129857232025,-2.0788222001824114e-08,-0.0004874813864341715
2025-04-30 02:00:00,0.004546842993575157,-0.002614020278244828,1.2409369688310576e-08,0.0015218472234119608
2025-04-30 03:00:00,-0.0009667953415803723,0.005371495395922996,-1.5118290498447678e-08,-0.0025325360758573323
2025-04-30 04:00:00,-0.0011816045295817835,-0.010022044893357753,6.053926361933786e-08,0.0031250017964721865
2025-04-30 05:00:00,0.002322904420260912,-0.007015471332642361,1.9349193965680686e-08,-0.0008605493772128402
2025-04-30 06:00:00,0.002008469878346691,-0.008364139976385408,3.9010218962525936e-08,-0.004799462012988662
2025-04-30 07:00:00,-0.0007687377401192153,0.0009256394883064943,8.753491466536873e-09,-0.002090969928734938
2025-04-30 08:00:00,0.0014946730636405574,0.00461539415636732,-2.2828804349141987e-08,0.0004777420953391843
2025-04-30 09:00:00,-0.00018206439628693622,0.0013729752483252898,-1.6479215877585525e-08,0.006577326517146855
2025-04-30 10:00:00,0.0012010645723015303,0.002585683936193894,-8.339354282323625e-09,-0.0029747192250665576
2025-04-30 11:00:00,-0.006829991983410062,-0.01793037517319064,1.4538046175393714e-07,-0.0013602542624689537
2025-04-30 12:00:00,-0.009025051132275327,-0.01384343141881455,7.524840348848679e-08,0.00806559427168655
2025-04-30 13:00:00,0.0044300715831534394,0.00878794558609588,-6.193982824131154e-08,-0.001353129165100234
2025-04-30 14:00:00,-0.001270164157500514,0.0008002078212150905,2.7135637675204964e-08,-0.0027325290225715133
2025-04-30 15:00:00,0.0006501209083084342,0.004012798906008042,-3.930698415114886e-08,-0.006677900841941273
2025-04-30 16:00:00,0.006175335167199362,-0.0012151129696414498,-3.888582962760534e-08,-0.00015024713645870935
2025-04-30 17:00:00,-0.00304679192232626,0.00038248444499926535,1.213297242049116e-08,0.0038177165098625537
2025-04-30 18:00:00,0.0001713648307639646,0.0014975636211397797,-6.2661337093078996e-09,0.0003539933111275714
2025-04-30 19:00:00,0.005788476666892602,0.0004500436771034352,-1.5260729777779186e-08,-0.0006591403521569067
2025-04-30 20:00:00,-0.001171267452356956,0.003909938854275956,-1.589923418662047e-08,-0.00196497324346973
2025-04-30 21:00:00,0.0008974172388949745,-0.012311079464467523,2.7037901046171847e-08,0.0035695139803460616
2025-04-30 22:00:00,-0.001007329834802957,-0.004728990585638769,4.1020438155104425e-08,0.004575161628115844
2025-04-30 23:00:00,0.0010826297380964354,0.008006744504338765,-4.64008748642164e-08,0.0016351198123478075
2025-05-01 00:00:00,0.003271534784641074,0.0034165112591815765,-3.340157192504439e-08,0.0013350653054600018
2025-05-01 01:00:00,-0.001413694892435067,0.00011928483495399039,3.8171114882366445e-08,-0.0018926414901156805
2025-05-01 02:00:00,-0.0013724377598631563,0.0012836229134773874,1.7038449218390432e-10,-0.0009281761461235652
2025-05-01 03:00:00,0.0004276109888829328,-0.0004224341384909886,8.322318202254041e-09,-0.0007334150733070193
2025-05-01 04:00:00,0.0018774613586074926,0.003806466419259457,-1.618876079155749e-08,-0.0022967383315310123
2025-05-01 05:00:00,-0.0016517251463525015,-0.005059679945151826,2.4204238216310244e-08,0.0004096319882905052
2025-05-01 06:00:00,0.0014413272061411307,0.0013934443714656965,-2.0283833526152254e-08,-0.005005849006705932
2025-05-01 07:00:00,0.005373632156830527,0.0056372420403626375,-6.465993107614842e-08,0.008377615738791316
2025-05-01 08:00:00,0.003917288212368005,-0.005296387886022796,2.9100042717934647e-08,-0.0020346595783249507
2025-05-01 09:00:00,0.0022953949903056414,0.02000307844702065,-7.696359229669792e-08,-0.0052544152864060995
2025-05-01 10:00:00,-0.0002574197691776975,-0.00016514594980267846,-1.6588658149604522e-09,0.0015441210289734682
2025-05-01 11:00:00,-0.0014505426662077007,0.0021846646942452292,1.969077321958889e-08,0.0022710922734769097
2025-05-01 12:00:00,-0.0043468074605860834,-0.016145608367889648,8.521350193541828e-08,0.006551902092603102
2025-05-01 13:00:00,0.008329565790660614,-0.0009542963227841552,1.5814891220198114e-09,-0.005900156680474168
2025-05-01 14:00:00,-0.007596197112948613,0.013002409334004138,-5.500042637996256e-09,0.000825974763441595
2025-05-01 15:00:00,0.0002131048878756302,0.01310151812372402,-6.933081131225556e-08,0.0011698253338982144
2025-05-01 16:00:00,-0.0016195114592662272,0.0002757861273764374,-1.1225669972232407e-08,0.0003347085551068743
2025-05-01 17:00:00,0.0037929357924712448,0.005595847283233773,-2.8280001149388037e-08,0.007297173793373578
2025-05-01 18:00:00,0.00022997632281992423,-0.005238284358367022,3.011286624709925e-08,0.006931720885021895
2025-05-01 19:00:00,0.0028486186935939893,0.013519667825996567,-7.169007561215666e-08,0.00669173407652506
2025-05-01 20:00:00,0.000920443477443865,-0.0029145554843796055,-1.522274810992185e-08,-0.0033680934864237485
2025-05-01 21:00:00,0.000562331380948342,-0.011278512408142063,5.448864482703251e-08,-0.00040167165445670295
2025-05-01 22:00:00,2.182499305067656e-06,-0.007613894897290401,5.647980083803867e-08,-0.0008565717471747567
2025-05-01 23:00:00,0.003975087092290955,0.0012968962697243183,-4.763931848574439e-09,-0.005956369704783128
2025-05-02 00:00:00,-0.0019006300719375752,-0.006004300515360872,4.785310900364593e-08,0.001618137482407556
2025-05-02 01:00:00,0.009227569724048873,-0.007501165327767963,-3.446640761482276e-08,-0.00862169671360214
2025-05-02 02:00:00,-0.0010686056152771207,-0.003174089057676685,5.2989253894459053e-08,-0.0039042540497895243
2025-05-02 03:00:00,-0.006579524849274395,0.0010457930665495286,2.5024998893165392e-08,0.005753555246361553
2025-05-02 04:00:00,-0.001965546420930956,-0.0069866493614024845,4.044224975701373e-08,-0.00039017029240497975
2025-05-02 05:00:00,-0.0017765191715781812,0.0007732169002505491,6.979466924364854e-09,-0.0039591491753680035
2025-05-02 06:00:00,-0.0070175186409156595,-0.009867999032753686,8.581722956130368e-08,-0.006277107379518311
2025-05-02 07:00:00,0.006175341135464693,0.0014901906172640862,-4.4488452126153943e-08,5.026357326393688e-05
2025-05-02 08:00:00,-0.000850830281910804,-0.004209640141218571,2.2270223314089937e-08,-0.0059904470806368465
2025-05-02 09:00:00,-0.00027197847806461955,0.00765588976855123,8.733926913382067e-10,0.009866711390337065
2025-05-02 10:00:00,0.0017959761826218893,-0.005676919974655882,2.0968848336917852e-08,0.0005644536361340138
2025-05-02 11:00:00,0.005354782050846201,0.0012785818303898135,-3.081206291159002e-08,-0.0031058948931143595
2025-05-02 12:00:00,0.0011730304386832853,-0.007521769053747262,1.0611581304315239e-08,-0.005253699421058315
2025-05-02 13:00:00,0.008792021078446184,0.00839999278284522,-3.8147057528706656e-08,-0.004915077245730546
2025-05-02 14:00:00,-0.006044177594217334,-0.0029611281160003143,4.051941427708926e-08,-0.0005380240291657806
2025-05-02 15:00:00,0.0027222628882169874,0.0026960554459361796,-4.441575828131751e-08,0.002532814652399953
2025-05-02 16:00:00,-0.004583635214506462,-0.00016986276484515873,5.2913201034749275e-08,0.0023152152437316037
2025-05-02 17:00:00,-0.0007513135616556308,-0.005560830328015967,2.1612915217572085e-08,0.002891624647241534
2025-05-02 18:00:00,-0.007490256002650391,0.010472686384016681,-1.069771620321284e-08,0.001546050930716842
2025-05-02 19:00:00,0.0012543316554976007,6.675778808904579e-05,-2.4464935070203864e-08,-0.0036908482095122166
2025-05-02 20:00:00,-0.003717887711396982,0.0017757023614348054,1.2010420053906176e-09,0.001378767447018941
2025-05-02 21:00:00,0.001693399840992201,-0.005981819316327389,2.6631502839290887e-08,0.0025741463679338035
2025-05-02 22:00:00,0.002465919994662446,0.004428069631949525,-3.4708986457639665e-08,-0.0011850820583860294
2025-05-02 23:00:00,-0.0028284638831725236,-0.0038805377723042283,3.5321527375864804e-08,-0.00047780831456701716
2025-05-03 00:00:00,-0.002864679406011877,0.0014341857484526468,-1.5346378798697485e-09,0.001369235554402498
2025-05-03 01:00:00,0.004498156826540849,-0.00520480513358395,-5.848048707747742e-09,0.002569303169899297
2025-05-03 02:00:00,-0.00043893123156443987,0.0003657908378412854,-1.6816114757112846e-08,-0.0013815751817573144
2025-05-03 03:00:00,-0.0005342892745485023,0.006134716526720755,-2.0196810460195175e-08,0.0031534577990789316
2025-05-03 04:00:00,-0.0023780945985415443,-0.000680447322188411,1.457619238260659e-08,0.0017726131804972254
2025-05-03 05:00:00,-0.0039036070253528187,0.002075881697522567,1.5047916391921144e-09,-0.0005275435535792596
2025-05-03 06:00:00,0.0005001942642029501,-0.004852671278727165,4.475364012491729e-08,-0.0010175834200164045
2025-05-03 07:00:00,0.0001941349665933252,-0.0024988537403599557,2.3409215261787772e-08,-0.006468850841140527
2025-05-03 08:00:00,-0.0018865827988212335,0.007871160938482828,-5.600686667629635e-08,0.011126216350521044
2025-05-03 09:00:00,-0.007684511334912415,0.00715627766552805,-1.919149929050466e-10,-0.004364033065418996
2025-05-03 10:00:00,0.0026651587236663594,-0.004924345979606312,1.2467965133293085e-08,0.0013833170943685987
2025-05-03 11:00:00,0.0054928595430569285,-0.00605620257503654,5.154110240525792e-09,-0.0036263424131761637
2025-05-03 12:00:00,0.00493165334092099,-0.0022796065042881286,-2.636836037170341e-09,-0.004273419848643079
2025-05-03 13:00:00,-0.001087525381652324,-0.005455616300904585,2.667371466078973e-08,0.008035024571784507
2025-05-03 14:00:00,-0.003052849414873533,0.0020031181364293057,1.1364191654935475e-08,0.0033805726567021238
2025-05-03 15:00:00,-0.00959097687423525,0.01137944092487376,-1.5015542580112504e-08,0.0037734439243874295
2025-05-03 16:00:00,-0.003512439701742277,0.011899005084244506,-5.094972954666221e-08,-0.0008969087051430648
2025-05-03 17:00:00,-0.005341963444759568,0.010949287504107265,-2.760731691443731e-08,-0.004157288173051587
2025-05-03 18:00:00,0.005750211958260881,0.0006624782654886771,-4.231221946793614e-08,-0.0015212491505030591
2025-05-03 19:00:00,-0.002805223950347193,0.00304910721968897,1.7127905203406403e-09,0.0036956797651365287
2025-05-03 20:00:00,-0.002681553264074811,0.006911956087141874,-2.8328070279837335e-08,-0.0008191230822223345
2025-05-03 21:00:00,0.0002907045760178029,0.002579299096153172,-3.1872255293546376e-08,0.00045129936977491593
2025-05-03 22:00:00,-0.004560754939197419,0.0012024186030718622,8.973516795340007e-09,0.0015835881367871525
2025-05-03 23:00:00,-0.0032025657827807674,0.006162753705133956,-1.2756715923446807e-08,-0.0008875546721906965
2025-05-04 00:00:00,0.0056869682744978495,-0.017167306593821364,7.532568346281106e-08,-0.005492787106006719
2025-05-04 01:00:00,0.0010081945310041322,-0.00842591210213206,3.229691680665848e-08,-0.005233408724036895
2025-05-04 02:00:00,0.001597844134724751,-0.013467797106204557,5.890072149621403e-08,-0.012489889531745357
2025-05-04 03:00:00,-0.0015288346219540685,-0.0020140138064789898,2.795692108037982e-08,-0.0025168187145108347
2025-05-04 04:00:00,0.005551392894055145,0.016135013319929722,-1.355970426648504e-07,0.01961282886593376
2025-05-04 05:00:00,-0.0012794200872242095,0.0020165516211664387,-1.1737186600216137e-08,-0.0014496809105517888
2025-05-04 06:00:00,-0.00010348651826324446,-0.004684098415794692,3.754370094474476e-08,-0.0051112945077149505
2025-05-04 07:00:00,-0.006382564278957437,0.005322744293581242,1.2882681609538398e-08,-0.005803352886521831
2025-05-04 08:00:00,-0.003503837513374947,0.005268235140116369,-1.641207819880557e-08,0.002589869101090759
2025-05-04 09:00:00,0.003704715202306909,-0.0044911945275211375,-1.4557752653346392e-08,0.0009924373172195827
2025-05-04 10:00:00,-0.00102407158496078,0.0010191751942999375,2.2019965870498016e-09,-0.002022957365007754
2025-05-04 11:00:00,-0.0009674926001003792,0.004948794030241806,-1.979170128379796e-08,-9.07927382384054e-05
2025-05-04 12:00:00,-0.004348961713434098,0.0033476752083240677,8.243025519166527e-09,0.009604400808753273
2025-05-04 13:00:00,0.007838137170651257,-0.009012933607324147,4.173976933607387e-09,0.004204077190890924
2025-05-04 14:00:00,0.001131009072264227,-0.002128948478231254,-4.57753242157648e-09,-0.002965505711451984
2025-05-04 15:00:00,-0.008357172799994844,0.013289377203861766,-1.6553627450024443e-08,0.0007832927579695685
2025-05-04 16:00:00,-0.00039689677967392773,0.005295735562199664,-2.413710168758322e-08,-0.004169532114802439
2025-05-04 17:00:00,-0.0024243741121708516,0.006597562141584546,-1.2010861131616985e-08,-0.007332453568447954
2025-05-04 18:00:00,0.0023995900887648757,-0.008249526506006704,3.873088453541259e-08,0.008750037812719288
2025-05-04 19:00:00,0.004923613348536563,0.0012396557799483033,-3.9578718528778915e-08,-0.00290025383146744
2025-05-04 20:00:00,-0.0008782329931423291,-0.0007046612099380488,6.944718545980281e-09,0.0019884760693432446
2025-05-04 21:00:00,-0.011534203840613691,0.0032277528082357444,2.8033302782091703e-08,0.0007039975607970456
2025-05-04 22:00:00,-0.0012509846739011746,-0.0033270886526627374,-2.30554655936376e-08,0.003978440066275515
2025-05-04 23:00:00,0.006283096990648208,-0.002891122048146704,-2.1568487729247746e-08,-0.002120615097339927
2025-05-05 00:00:00,-0.012023075427477716,0.0041436823554742595,3.32069017482952e-08,0.006999821383147207
2025-05-05 01:00:00,0.010472671985823086,-0.006921072194049642,-3.3291946979758756e-08,0.0004953307136445022
2025-05-05 02:00:00,-0.004119300045084565,0.0040374263330094145,-1.7585886011310952e-09,0.00045580040303310913
2025-05-05 03:00:00,0.009310145548803883,-0.007098396374689425,-1.5725076747189403e-08,0.0049348559650289016
2025-05-05 04:00:00,0.003227018594567663,0.0005886843070285806,-2.5664265679756996e-08,0.004659425813072112
2025-05-05 05:00:00,-0.00549870249543346,0.004954915710133118,2.7464987853892105e-08,0.0012338974267523187
2025-05-05 06:00:00,-0.0006867880202722588,0.0034033496220699394,-1.8554067326691148e-08,0.0007842256660668352
2025-05-05 07:00:00,0.003521288847908732,-0.01158783231161783,2.685130040508764e-09,-4.177070456222571e-05
2025-05-05 08:00:00,0.0005582349771461887,-0.009416052075346777,3.475699408187072e-08,0.0018168526533948925
2025-05-05 09:00:00,-0.014250829003922653,0.010287402014535705,5.2838710771639426e-08,0.0013385733347476489
2025-05-05 10:00:00,-0.0014051075896133964,0.001975079139377831,-2.587462100385e-09,0.0010233420074216718
2025-05-05 11:00:00,0.0026518739902750446,-0.0015806832291169425,7.746169117468643e-09,0.0004412796366099564
2025-05-05 12:00:00,-0.0025116826563979008,0.0048826866095700635,-6.788324064502051e-09,0.0007939426377692422
2025-05-05 13:00:00,0.002949024569420432,-0.0022992394714635997,-4.8166251342483386e-08,0.008402506535308581
2025-05-05 14:00:00,-0.005470283437275079,0.006682714565895379,3.764549191206644e-08,0.004265093367831121
2025-05-05 15:00:00,0.00928039133407886,-0.00896561583804683,-1.4796679009328662e-08,0.0001968044180178376
2025-05-05 16:00:00,0.004868268400328956,-0.0024392613328174458,-1.794851161566903e-08,0.003123438379215474
2025-05-05 17:00:00,0.005325263019502861,-0.004795036092977005,-2.6321469826831475e-08,0.001974918869263038
2025-05-05 18:00:00,-0.014952438624300263,0.023036732396825854,5.1438769830625116e-08,-0.0018527287000206986
2025-05-05 19:00:00,-0.014268126022516005,0.01389193301538864,8.808143254707337e-08,0.004241341599865092
2025-05-05 20:00:00,0.006429636904592547,-0.004254012991797757,-2.5426192601598035e-09,3.820342559241716e-05
2025-05-05 21:00:00,0.0077461014067976945,-0.0071120703806049745,-2.8847594769899008e-08,0.0013791610314024642
2025-05-05 22:00:00,-0.003957509028379321,-0.0004995153138192899,2.05579066124877e-08,-0.002765254449879432
2025-05-05 23:00:00,-0.002030024295723498,-0.0020808977387340695,7.015429075668498e-09,-0.0037810629641665673
2025-05-06 00:00:00,-0.008748819810795191,0.010638825538891778,3.9893557018404465e-08,0.0022894605520148354
2025-05-06 01:00:00,0.0013163300674349139,0.0018434698549668863,-9.956311728596155e-10,0.0033224726423263717
2025-05-06 02:00:00,0.001342843416916187,0.003941950792096782,-1.098636068551136e-08,-0.00033796470495119546
2025-05-06 03:00:00,0.0028170024384247825,-0.003792004344306792,-8.382497914696104e-09,2.8082701516892024e-05
2025-05-06 04:00:00,-0.004378036271186939,-0.003235386544334549,2.463915797084063e-08,-0.003019536740174661
2025-05-06 05:00:00,0.0024053162474152127,0.0028902189626834112,-1.9058285180985767e-08,-0.0023388884751675888
2025-05-06 06:00:00,-0.0018680385950022441,0.0017474727843846559,7.499715411330366e-09,-0.0013631441938094214
2025-05-06 07:00:00,0.0016002172662157345,-0.007122948098200398,-7.717766495888012e-09,-0.004214580007296116
2025-05-06 08:00:00,-0.0009155330772298517,-0.0010171605740849122,-4.927553958560194e-09,0.00910993332916919
2025-05-06 09:00:00,-0.007088540425515482,-0.0006990394789536773,4.657368433551331e-08,0.0008609487257263824
2025-05-06 10:00:00,-0.0020241410735338363,-0.0020072247243569244,1.1125098300969802e-08,0.002621239196393221
2025-05-06 11:00:00,0.003064818421974074,0.002646294568241413,-2.110930117022988e-08,-0.001262800483656494
2025-05-06 12:00:00,-0.009273424651088671,0.006914897770809663,5.034516567732611e-08,0.0037652660486052966
2025-05-06 13:00:00,0.01024464546089035,-0.0038527630402129458,-3.331242399420738e-08,0.0044964945872604046
2025-05-06 14:00:00,0.000978913558918862,0.005378334558476163,4.111677952430791e-08,-0.003325174255410225
2025-05-06 15:00:00,-0.004525349632105414,-0.0038933301339639115,-5.678717393965216e-09,0.003260596750123513
2025-05-06 16:00:00,0.004417417901213315,0.006871943861271561,-9.72877858687508e-09,-0.00424128046900573
2025-05-06 17:00:00,0.015518751277719414,-0.00894967565388523,-9.986869100445243e-08,0.0010942480161329462
2025-05-06 18:00:00,-0.0026495978658239144,-0.004509091546402955,5.900087754334641e-09,0.001989546837890526
2025-05-06 19:00:00,1.7686198126716686e-05,-0.010485211409015555,-2.0219158041775276e-08,-0.0002362457988153195
2025-05-06 20:00:00,0.0001863951271384493,-0.0046870753925011615,3.6845410870674113e-09,0.002411323115802752
2025-05-06 21:00:00,0.019602684754987523,-0.006056282659253949,-2.6831817971246768e-08,0.00045263665160432206
2025-05-06 22:00:00,0.003944404428573488,-0.017203533563720598,-9.930948005782097e-08,0.015016672589267163
2025-05-06 23:00:00,0.012032592617422318,-0.009684604473276083,-5.921189873807555e-08,0.0008490364758182677
2025-05-07 00:00:00,-0.008073226646143223,0.014093286090879306,5.131570956019835e-08,-2.9810460981087745e-05
2025-05-07 01:00:00,-0.003411673615372047,-0.00876675473181722,-1.96854185524876e-08,-0.0014087408801095177
2025-05-07 02:00:00,0.0002524541982817411,-0.0011131019026095791,-2.7563717832267145e-08,-0.0014468533735494352
2025-05-07 03:00:00,0.0015683970519301128,0.005678906709781781,1.9503022511690304e-08,0.003490944595122765
2025-05-07 04:00:00,0.0018598936304685268,-0.011881281616653087,-1.39838102533603e-08,0.0011780163568227465
2025-05-07 05:00:00,0.0022338802149753684,-0.002008990852495507,-3.851255460091032e-09,-0.0001920313960147987
2025-05-07 06:00:00,0.0023663991261238856,0.0051540423534413736,-1.1307611228249868e-09,-0.001966008858505286
2025-05-07 07:00:00,0.001634406773162457,0.001176818289379537,-1.4710087051155205e-08,0.00012846851693869738
2025-05-07 08:00:00,0.0012526924990884185,-0.0014488895033129773,-1.06549653419777e-08,0.0011466116200946638
2025-05-07 09:00:00,-0.0015672896344008827,-0.002180145806609461,3.069197621414991e-08,0.0017351164435769016
2025-05-07 10:00:00,-0.0004157547417981336,0.00202500679070909,9.681292391054056e-09,0.0026820671439336343
2025-05-07 11:00:00,-0.0011339322350514642,-0.0057070882541685915,8.872626062403454e-09,0.0028562639682488894
2025-05-07 12:00:00,-0.002158399152101254,0.0007710081926699224,2.688328823535715e-08,0.000248499604354206
2025-05-07 13:00:00,-0.004955885523470976,0.004426471739491222,3.151101017959804e-08,0.005188541848367667
2025-05-07 14:00:00,0.000993170720026631,-0.005245967268322446,3.6515470929724776e-09,0.005021622221412156
2025-05-07 15:00:00,-0.003914667550375535,0.006867194479146549,1.970889643500014e-08,-0.0006748336674790869
2025-05-07 16:00:00,-0.006134018809665761,0.0031146519869492423,-5.33365424938077e-09,-0.0015810909402209853
2025-05-07 17:00:00,-0.0003118718563617298,0.0029835948747916974,-1.969981080485795e-08,-0.007636800356317767
2025-05-07 18:00:00,-0.005400427430383432,0.00017963649038351296,7.598407411938931e-09,-0.002065491868082401
2025-05-07 19:00:00,0.0029815721062540997,-0.00045303602941558046,7.042583379288023e-08,0.01004329247472691
2025-05-07 20:00:00,0.003744312150291865,0.006612205492083479,-5.51011630900594e-09,-0.002270768354257479
2025-05-07 21:00:00,-0.0003993088485694449,-0.008706475396656418,-1.836505527765135e-08,0.009078323279451067
2025-05-07 22:00:00,-0.0009920707855173955,0.005362938333080391,-1.4092446087563888e-08,-0.0015759351895370667
2025-05-07 23:00:00,0.003979373876104127,-0.0010947979509622857,2.4698755838578013e-08,0.005061447563361772
2025-05-08 00:00:00,-0.010985514417547533,0.014680103508954141,5.451039689907895e-08,0.005519123999276679
2025-05-08 01:00:00,0.009287596806500861,0.009937075999803036,-2.5880059748854126e-08,0.0005891055180985623
2025-05-08 02:00:00,0.009431975600057003,0.0004114865302515966,-6.24718564002698e-08,0.002040204296026633
2025-05-08 03:00:00,-0.0016337423215012806,0.006724842033393442,-1.235097699349149e-08,-0.0005384264067253585
2025-05-08 04:00:00,-0.0017718458688696776,-0.0023682397258095534,-3.174286282851346e-09,0.004518288297107454
2025-05-08 05:00:00,0.0041111167529858305,-0.001258150124197142,-1.7094335385787252e-08,-0.0012685497142338976
2025-05-08 06:00:00,0.005905663876966983,-0.0053341153642822384,-2.7794105414309114e-08,-0.0011435264989506674
2025-05-08 07:00:00,0.003996212217666712,0.0075246781229515725,-9.146064021260296e-09,0.0011829288911727287
2025-05-08 08:00:00,0.0030762294857309184,0.00029607922196217426,-2.892305375524795e-08,-0.0028358326053876813
2025-05-08 09:00:00,0.0036651183301148007,-0.0029947162814872,-3.848484988511748e-08,-0.002525034161612958
2025-05-08 10:00:00,-0.004855640339664939,0.003299195085979828,1.4873224942980506e-08,0.002179358361789694
2025-05-08 11:00:00,0.00029025927446395207,0.00032500614053815785,-8.929599871081467e-09,0.0008100852542783124
2025-05-08 12:00:00,0.0063496309243638365,-0.01068533686885024,-3.21716472397471e-08,0.00045232841687299467
2025-05-08 13:00:00,0.00430123324806177,-0.001827814617747066,-3.669937961928319e-08,-0.0012447967059304268
2025-05-08 14:00:00,0.015064679303485956,-0.009898873317535901,-1.0111537600921042e-08,-0.005753129625423585
2025-05-08 15:00:00,0.0020307088928986777,0.0046406958934619765,3.184964735478886e-08,-0.0016892029520445173
2025-05-08 16:00:00,-0.005364903437129056,0.002467556242194122,3.658804453564415e-08,-0.0019638984731735094
2025-05-08 17:00:00,0.0016454998029467168,0.0050050635188928225,1.5862280470665477e-08,-0.004779504737418184
2025-05-08 18:00:00,0.003451355788416716,0.014748544061320265,-6.991617324274877e-08,-0.0037296982420723136
2025-05-08 19:00:00,0.0209783784911623,-0.00443658658929009,-6.290585840246316e-08,0.0065636340899999064
2025-05-08 20:00:00,-0.010417452808491113,0.0005726190216297049,9.139507087865802e-08,0.004376365108348427
2025-05-08 21:00:00,0.0014336417631440343,-0.00511620353818728,2.8719895883651626e-08,-0.0035621289393435703
2025-05-08 22:00:00,0.011251478817809073,-0.0067361407780385804,-6.677224967219408e-08,-0.00581643957837819
2025-05-08 23:00:00,-0.007909880201954317,0.014279365659784667,-1.0206757298264796e-08,-0.001532925137268836
2025-05-09 00:00:00,0.006361577062839066,-0.0036653670029093343,-2.36054850293909e-08,0.00023761908171438933
2025-05-09 01:00:00,-0.0041995307818124055,0.003357345329419894,-3.044821997523234e-08,-0.001744176545102103
2025-05-09 02:00:00,-0.008150452322982978,0.006996428212197072,5.956537885693172e-08,0.001107556818859604
2025-05-09 03:00:00,0.0015275501249328736,0.0027089869921930777,1.48935800453562e-08,0.00012406811518919203
2025-05-09 04:00:00,0.0062857882129236636,-0.02307646509854378,1.9009262483843592e-08,-0.00040989422920303546
2025-05-09 05:00:00,0.004136228111858359,-0.008838425512111187,-1.1880219187547843e-08,-0.005886121157705098
2025-05-09 06:00:00,0.019209044516277404,-0.021722235788094336,-1.1453000833380995e-07,-0.019595659495418114
2025-05-09 07:00:00,4.8529045542856225e-05,0.04714713445577001,-2.1593095979025793e-07,9.253089812365829e-05
2025-05-09 08:00:00,0.002877613645942757,0.0022224181672322193,-7.261367176101683e-08,-0.008306984909548922
2025-05-09 09:00:00,0.019635530291585705,-0.04233053777503154,1.0741767720470505e-08,0.009442434616717992
2025-05-09 10:00:00,0.00035817726418013686,-0.0038185590345749783,-2.3055859805685844e-08,-0.0030149804410530777
2025-05-09 11:00:00,-0.0034071276016103018,0.013078896430176784,-1.5726237722665777e-08,0.001435862645889313
2025-05-09 12:00:00,0.005959008688541697,0.0020030672525098783,-7.55090102397018e-10,-0.0032913204496580833
2025-05-09 13:00:00,-0.014345246534875159,-0.003121436862555485,8.469071510299e-08,0.007304678927878792
2025-05-09 14:00:00,0.004634753541082977,-0.011133989714243495,-2.8346481123443745e-08,0.0006912558547386292
2025-05-09 15:00:00,-0.0059681143312228105,0.0193261233156183,-4.488205411505959e-08,0.0016817121013563078
2025-05-09 16:00:00,0.013233521758641183,-0.011191414125229832,-3.2648817629469035e-08,-0.0027616768852959787
2025-05-09 17:00:00,-0.009863216408011312,0.014851303245061991,4.608268464948163e-08,-0.004848559056321175
2025-05-09 18:00:00,-0.004366504097665195,0.003285846709198305,3.8978688576064554e-08,-0.004245421297788802
2025-05-09 19:00:00,0.0015099042480299324,0.009856500923877333,-4.807750798904314e-08,-0.003713557675528413
2025-05-09 20:00:00,-0.0036399332968323267,0.013467170701246643,-3.698324878926646e-08,-0.0010497406484203458
2025-05-09 21:00:00,-0.003990159907920135,0.021139260035201328,-7.005378457279445e-08,-0.004036632125674977
2025-05-09 22:00:00,0.006730253068260772,2.3313533411321388e-05,-2.6723898021374713e-08,0.009969223226004539
2025-05-09 23:00:00,-0.00471517375429169,0.03936268958475184,-1.3208831986370934e-07,-0.0029957181646384913
2025-05-10 00:00:00,0.006659802157053595,-0.0104456239614459,-8.848389005414892e-09,-0.0010331222138059305
2025-05-10 01:00:00,0.015521047056722338,-0.0354537957481287,1.6304673087179054e-08,-0.0003941871321426307
2025-05-10 02:00:00,-0.003481019070989474,-0.0005147641111503345,4.281937351758466e-08,0.00025126868734242616
2025-05-10 03:00:00,0.00016318468937224996,-0.004656702595041021,1.0338617576251926e-08,0.0022502354977632522
2025-05-10 04:00:00,0.007977122641262116,0.00604297199875126,-8.785782683668306e-08,0.004649853805883781
2025-05-10 05:00:00,0.005221544575787083,0.027434767609815173,-1.3328052884871515e-07,0.009296271485853333
2025-05-10 06:00:00,-0.0009950231409511883,0.011153575474028116,-5.174436955399066e-08,-0.00047716026050659304
2025-05-10 07:00:00,-0.0019027960015020043,-0.012643993751012144,6.755706079478955e-08,-0.0016371194941301197
2025-05-10 08:00:00,0.009894231208353843,-0.0025797834163046093,-7.026000296195728e-08,0.0023606508046725475
2025-05-10 09:00:00,-0.005153724423096712,-0.007783530693330197,7.137416965671775e-08,-0.001609291888074229
2025-05-10 10:00:00,-0.0028791496057402974,-0.007749624798297429,6.172406207241936e-08,0.004791560319619045
2025-05-10 11:00:00,0.01103279165605165,-0.0007363262971698998,-7.518841919679234e-08,0.0005487032889587672
2025-05-10 12:00:00,0.005155036335829989,0.0039794215055555466,-7.455865150828186e-08,0.00023633693156585467
2025-05-10 13:00:00,0.002570435470379931,-0.0078380217870357,-1.1574786369506778e-09,-0.002182250039498764
2025-05-10 14:00:00,-0.009163947228958295,0.013965585670524392,-1.4934149793400377e-08,0.00019571812793641518
2025-05-10 15:00:00,0.018453723748423728,-0.016915412746673037,-7.37294053155279e-08,-0.0015315697069629222
2025-05-10 16:00:00,-0.0007474267735595473,0.008422586296674976,-6.510798950208506e-08,-0.005823494400574929
2025-05-10 17:00:00,0.0006306785756055484,0.017144504094357402,-1.115097238652337e-07,-0.012194448636966218
2025-05-10 18:00:00,-0.0035092725568812164,0.007218760527622457,-8.375991398664304e-09,0.0005201263255512045
2025-05-10 19:00:00,0.007494703302754493,-0.013874743408314018,-3.6552656717682643e-09,0.0033562640819184437
2025-05-10 20:00:00,0.00890207608734864,0.0036507898119810945,-4.5341680843281e-08,-0.008127817603220774
2025-05-10 21:00:00,0.008853635611787284,-0.007996001253033276,-9.18064937034605e-08,0.007615183294621099
2025-05-10 22:00:00,0.007505187375383904,-0.0007504826410170869,2.4805598957162197e-08,0.006223048091728472
2025-05-10 23:00:00,-0.02434899913591062,0.03477859007924792,7.927267318319957e-09,0.00015335156992643369
2025-05-11 00:00:00,-0.02441430527906,0.022724273458354025,1.0005026726162924e-07,-0.004038760133344129
2025-05-11 01:00:00,-0.007170274432038958,0.020460611683273063,-7.500611039164529e-08,0.001162566626719577
2025-05-11 02:00:00,0.005569522746727674,-0.0087774918543632,1.5907042941502887e-08,-0.0006503598849324383
2025-05-11 03:00:00,0.009624523751657742,-0.01300239470382408,-1.1173939324701086e-08,-0.0007846342571995934
2025-05-11 04:00:00,-0.013677880281596506,0.01593791237242701,1.510366595442156e-08,-0.00034431342369096627
2025-05-11 05:00:00,-0.00880690814602892,0.004653602895805519,7.805672429643521e-08,0.004029795808779027
2025-05-11 06:00:00,-0.007715049100847615,-0.0022026137569842075,5.545606703733947e-08,0.0031417495554427605
2025-05-11 07:00:00,-0.003659076503118404,0.004920218881165113,4.7750069719271215e-08,-8.221751203668888e-05
2025-05-11 08:00:00,0.0063870930580228,-0.016350227681102922,6.807427164970706e-08,-0.00946871186914206
2025-05-11 09:00:00,0.00845282115576053,-0.012403582234099366,2.4962306989156923e-08,-0.002760405960424493
2025-05-11 10:00:00,0.00011792868446915909,0.0035307811059667855,-2.6745578610386147e-08,0.0013889448464532623
2025-05-11 11:00:00,0.001957386748573103,-0.011075510294943344,3.8879032928472376e-08,0.000605439550832467
2025-05-11 12:00:00,0.0034612066259274397,-0.027169816963130956,9.20220277830844e-08,-0.007161145218419786
2025-05-11 13:00:00,0.007732440544693074,0.009841476807838187,-8.572672150243471e-08,0.00926023995911253
2025-05-11 14:00:00,0.005962087988392874,-0.020167430282070086,4.8763492989658085e-08,-0.00577808381379795
2025-05-11 15:00:00,0.0029489562555657244,-0.006305916270429386,-4.782015844269658e-09,0.00017465477665692592
2025-05-11 16:00:00,0.02230230710029741,-0.020127317220622647,-1.0549648823112777e-07,-0.005055383166575245
2025-05-11 17:00:00,0.005277879785038263,-0.003906653208896137,2.316797215360221e-08,0.001595403082403556
2025-05-11 18:00:00,-0.0016742351335251305,0.0050216871902881806,-2.116157861363723e-08,-0.0021919905776980725
2025-05-11 19:00:00,0.001094899008758575,-0.0055393080261433095,1.0286998346863827e-08,-0.00026428061234825135
2025-05-11 20:00:00,0.006140974190261373,-0.0030034354523335366,-3.419959689741055e-08,-0.00020102826748263694
2025-05-11 21:00:00,-0.004908712191485447,0.0024859862704843102,-1.830681932083015e-08,-0.0033022047774525793
2025-05-11 22:00:00,0.001034332859753693,0.003489586555278458,-4.4801619925679325e-09,-0.0009531478969759912
2025-05-11 23:00:00,0.01836459114128717,-0.01873612251560999,-2.1780500961163e-08,0.006156787140300947
2025-05-12 00:00:00,-0.016179657131670952,0.011051693913073537,2.3164232163459723e-08,0.0021185469415726825
2025-05-12 01:00:00,0.01154771099578095,-0.012967984152843713,-4.252248785289999e-08,-0.0013797490383551392
2025-05-12 02:00:00,0.007427370672163839,-0.005077564646306289,-2.6275118045530155e-08,-0.001535603854908862
2025-05-12 03:00:00,0.008191571470257583,-0.006955640421097513,-3.870040024919247e-08,0.006475756096311941
2025-05-12 04:00:00,-0.014244413776910967,0.011278119787244325,5.5037345234837826e-08,-0.004903928110076898
2025-05-12 05:00:00,0.009868573968443789,-0.006560754332740538,-1.5832845349743875e-08,-0.004375570952719233
2025-05-12 06:00:00,0.010572309231668983,-0.003150387767953728,-7.951702119675393e-08,0.0020246667598746684
2025-05-12 07:00:00,-0.0011927697612253351,0.015433173346795824,-6.88196551766074e-08,-0.0008431812393654419
2025-05-12 08:00:00,-0.010509302100652686,0.016854127109663403,3.0786943293022156e-09,-0.007400767507271499
2025-05-12 09:00:00,0.007429782180418614,-0.0011239222935935864,-6.624786995766662e-08,0.008846178940563327
2025-05-12 10:00:00,0.02277217547556541,-0.05005939212478577,2.56095875511772e-08,0.016768388817702515
2025-05-12 11:00:00,0.07999240586968262,-0.08990613857060854,-1.358485010337052e-07,0.00720263189494041
2025-05-12 12:00:00,0.0061922633613875335,-0.011953732607151468,7.417324101047471e-08,0.004742050875313256
2025-05-12 13:00:00,-0.043265957707352816,0.029966372836152007,7.888401940479076e-08,0.0008324286916416904
2025-05-12 14:00:00,0.04132006815928959,-0.05620633079557125,-1.7933999135227738e-08,0.0035687083032225073
2025-05-12 15:00:00,0.0028912145517743394,-0.0016931358051021437,-1.2591262536813891e-08,-0.0030865489730514143
2025-05-12 16:00:00,-0.02414760931796074,0.01801298907427828,8.64407428375569e-08,-0.00010052490256376441
2025-05-12 17:00:00,-0.07971060606800331,0.09106078318389078,7.277220680838821e-08,-0.00031276947159193576
2025-05-12 18:00:00,0.03970851738306397,-0.046125514426127466,-6.229700519847248e-08,-0.0015136377012317046
2025-05-12 19:00:00,0.005294954557465954,0.0021735391419329393,1.2775581483381192e-08,0.0020961933156502417
2025-05-12 20:00:00,0.016094318164011537,-0.022133899447352057,-2.7693291101281134e-08,0.0005503451924460989
2025-05-12 21:00:00,-0.005865426186606971,0.00963280756653497,1.4618873701393726e-08,0.0009280447295465596
2025-05-12 22:00:00,-0.002816333594873799,0.010264041114192879,-3.017977599487222e-08,-0.0017154122679988693
2025-05-12 23:00:00,-0.044020174903966716,0.04619478883667651,8.175122466756858e-08,-0.0024338228586069954
2025-05-13 00:00:00,-0.01867669230702973,0.0181726002497362,6.5102392910709e-08,0.0018852717672902944
2025-05-13 01:00:00,-0.01631750896627632,0.009733432265447149,7.324501668666101e-08,-0.0034195685378460104
2025-05-13 02:00:00,-0.026380049360353323,0.023753698318303377,5.978502045696747e-08,-0.000234794219052165
2025-05-13 03:00:00,0.03979719774587129,-0.041941736989152746,-2.6587812408117507e-08,-0.006988316199425893
2025-05-13 04:00:00,-0.038198908732796834,0.0417729964982519,2.2352780218163518e-08,0.007534485964414656
2025-05-13 05:00:00,0.02393307909258237,-0.023332711372893333,-5.7367903001014216e-08,-0.004568118103963345
2025-05-13 06:00:00,-0.0033277877765723386,0.005574664793072485,4.80362355201392e-09,0.0011234859153996528
2025-05-13 07:00:00,-0.005749146148691234,0.002887777781096407,3.831213954517478e-08,0.0032404536844142596
2025-05-13 08:00:00,0.05231057173811469,-0.055948780303190074,-4.5424250661622475e-08,0.00029810441268410547
2025-05-13 09:00:00,-0.0028567379408998474,-0.0003465394535847124,3.47026526818064e-08,0.000835627531942322
2025-05-13 10:00:00,-0.028715900012596406,0.04648676316508955,-2.1564459839843723e-08,-0.0022926479678154407
2025-05-13 11:00:00,0.0210986406979106,-0.03278155881641089,3.9985802141391745e-09,0.005463130948109903
2025-05-13 12:00:00,-0.030156412861016873,0.03696663656522782,3.041016119849841e-08,0.007015768912889631
2025-05-13 13:00:00,-0.011403782868790017,0.004651202654663377,3.340543933913258e-08,0.0033248763807895987
2025-05-13 14:00:00,0.02675313979670269,-0.021924231956332633,-6.853504418567076e-08,-0.0021073455576177697
2025-05-13 15:00:00,0.018793228707245726,-0.012140521488719015,-6.526715640603277e-08,0.007152333153442456
2025-05-13 16:00:00,0.01440706795753726,-0.011353097326879157,-1.089442673900118e-09,0.0013612314879395647
2025-05-13 17:00:00,-0.000838053982626031,0.015012088942816275,-8.846245643726494e-08,-0.0008949110442786111
2025-05-13 18:00:00,-0.003632140241201426,0.010845906398154113,-3.730385973516092e-09,0.0035045932144593915
2025-05-13 19:00:00,-0.014255678320509472,0.017583321133198267,-1.912089999461493e-08,0.0020529697529734696
2025-05-13 20:00:00,-0.012572310671226081,0.014138741680367545,-9.811846486280987e-09,-0.0039012712788036074
2025-05-13 21:00:00,0.0066178241829897904,-0.010346810342747542,-6.1809476688680625e-09,0.00032248682753321294
2025-05-13 22:00:00,-0.0077288668113991085,0.011124297482182629,-8.919511260746676e-09,0.00024574486726702333
2025-05-13 23:00:00,-0.044613447974127564,0.04800670661137709,3.5911726144603793e-08,-0.0035975796601644128
2025-05-14 00:00:00,0.0011580169385460768,-0.003208462192159226,-3.893896140973461e-09,0.00038668718470093654
2025-05-14 01:00:00,0.04149960217562288,-0.04811147658821059,-1.0966840966519073e-08,0.0052461522591554215
2025-05-14 02:00:00,-0.015283255570151066,0.018898008682927764,-9.620550744537712e-09,-0.0006691478142457714
2025-05-14 03:00:00,0.0324554639114278,-0.0363539289906984,-3.488056627745742e-08,-0.002992419566243862
2025-05-14 04:00:00,-0.0020351161802011526,0.010037307379582475,-4.0241236791609827e-08,0.006079436904276922
2025-05-14 05:00:00,0.03508346178989085,-0.04301279248083007,-7.650549556517255e-09,-0.008242412447765756
2025-05-14 06:00:00,0.02389596004928719,-0.040258369697972904,5.242806158697255e-08,0.008083449911334504
2025-05-14 07:00:00,-0.08097092606077516,0.07469573187320902,1.7020363656382146e-07,-0.0008019856478795133
2025-05-14 08:00:00,0.10755759894804282,-0.11500135224316556,-1.3871450470574312e-07,0.0023092386205642197
2025-05-14 09:00:00,0.0033278470430995223,-0.007938960147057179,5.5041453567740335e-08,-0.0033341983314992434
2025-05-14 10:00:00,-0.003937272369031521,0.013559904442315368,-3.492076940583011e-08,-0.002512362168305761
2025-05-14 11:00:00,-0.0007754432945626718,-0.006154424865404329,6.274317915485668e-08,-0.00049523846496918
2025-05-14 12:00:00,0.005960537911189165,-0.012620981496802464,2.8650975626515677e-08,0.0018931047165418452
2025-05-14 13:00:00,-0.05223243446774741,0.05294886507572891,3.9293119807626825e-08,-0.0013478195974895011
2025-05-14 14:00:00,0.023302944972626295,-0.024891895443776554,-7.661956937096186e-09,0.000997423575784765
2025-05-14 15:00:00,-0.02114088862676266,0.019666810546436608,4.2011441383688624e-08,0.0009674675240590897
2025-05-14 16:00:00,-0.0062509074810991275,0.008832670022989403,-1.7125991227808592e-08,0.0005420036024159842
2025-05-14 17:00:00,-0.041402780441462665,0.05403770459776203,1.7476768171348873e-08,0.0017003549491732956
2025-05-14 18:00:00,0.007509600341848319,-0.006870468360951237,-4.051614882274533e-08,-0.0017514919509252452
2025-05-14 19:00:00,0.060444937423274836,-0.07979121180014098,5.2389514347533845e-08,0.006594407505259328
2025-05-14 20:00:00,-0.017557838121310797,0.023607325415848104,-5.130586549913602e-10,-0.0005913460277447265
2025-05-14 21:00:00,0.0006693962398125614,-0.008159631260385037,4.120387826796628e-08,0.0014393725393437127
2025-05-14 22:00:00,0.002553195506273469,0.0015018582928505388,-2.72299493772068e-08,-0.006692329229026443
2025-05-14 23:00:00,0.011581287840178145,-0.004819436823597839,-4.7973258750881074e-08,-0.0004702496829866801
2025-05-15 00:00:00,0.0005390853180038922,-0.01060472331030358,4.555600892846826e-08,-0.012521735142319334
2025-05-15 01:00:00,0.00042038841741690643,-0.005148482763628053,-5.371342706602851e-09,-0.013337896062672184
2025-05-15 02:00:00,0.013028475709283331,-0.023945234705471306,2.667705999781559e-08,-0.00025942397490555136
2025-05-15 03:00:00,-0.008594214305053645,0.016221936332987807,-2.547398009100699e-08,6.388922288462947e-05
2025-05-15 04:00:00,-0.02971165982938218,0.020295210187523924,8.798142022277721e-08,-0.0011109411665138325
2025-05-15 05:00:00,-0.01582989557446048,0.021776130529193593,-5.229105720597753e-09,0.003239553415163268
2025-05-15 06:00:00,-0.051042446567681025,0.04297522386883785,1.4584439413965312e-07,0.004224499948344848
2025-05-15 07:00:00,0.03071363581746851,-0.024956700232739708,-9.09533129076635e-08,-0.005975323915508149
2025-05-15 08:00:00,-0.013133644919250207,0.003128974460610195,6.534445580826249e-08,-0.001098477987904454
2025-05-15 09:00:00,0.003843552016984166,-0.00844859669912649,2.0084860435179074e-08,0.005632235244445967
2025-05-15 10:00:00,0.016438556087204896,-0.011072573034773152,-1.7386118856719754e-08,-0.003863805314216517
2025-05-15 11:00:00,0.017601810442932526,-0.022460514933833532,7.3828351003632e-09,-0.0001302303819987374
2025-05-15 12:00:00,0.012673852443090033,-0.015756643485881683,2.393235620283587e-08,-0.009384428621893903
2025-05-15 13:00:00,0.02214791105037038,-0.03988682551735813,2.488583626632369e-08,0.006158012266171811
2025-05-15 14:00:00,0.0318277702840666,-0.014442602749985996,-7.753752667392078e-08,-0.00605405970999393
2025-05-15 15:00:00,-0.001310272798257326,0.008640154416288508,-2.095457184684153e-08,0.0028371671474145595
2025-05-15 16:00:00,0.03164555673620661,-0.042126948660524896,2.1820157506721746e-09,-0.0008754534064155335
2025-05-15 17:00:00,0.004187262408238905,-0.01557161058225518,2.5116163122951812e-08,-0.011359017204954676
2025-05-15 18:00:00,0.06362865166130595,-0.06554250276671782,-9.441975924980986e-08,0.005553988414982869
2025-05-15 19:00:00,-0.01178830378637181,0.010121347972824596,6.289394322836256e-08,-0.0033650857195532554
2025-05-15 20:00:00,0.026116571085363152,-0.03289686959987876,-3.573093809019209e-08,0.00431902608262674
2025-05-15 21:00:00,-0.00299926192022252,-0.004004418613509272,7.048298376279106e-08,-0.0017705413019453462
2025-05-15 22:00:00,0.008286464661431679,-0.007910937913902658,-5.532670252058041e-09,-0.0007008669761803721
2025-05-15 23:00:00,0.026859178928791225,-0.03232094890810582,-4.5044162860303116e-08,0.0021726961671942545
2025-05-16 00:00:00,0.01768224008376885,-0.015922830623630018,-2.6870580225339048e-08,0.006619282467284253
2025-05-16 01:00:00,-0.003081776709993882,0.01264970751036233,-3.917469145296019e-08,-0.00032019794177957315
2025-05-16 02:00:00,0.00228990343251061,0.0005393730341856514,-4.180103373025627e-08,0.0004365998433812396
2025-05-16 03:00:00,-0.013262832096680124,0.015611264876025184,1.5779998644395057e-08,-0.0014215522619789164
2025-05-16 04:00:00,-0.004489597766556637,0.010813797918359304,-2.326219392579253e-08,0.0017821745477496482
2025-05-16 05:00:00,0.004940245795694193,-0.006219015526749941,-1.18116170826637e-09,0.00017954715634525278
2025-05-16 06:00:00,-0.021178354444756884,0.02577021645033429,1.49845422343684e-08,-0.0013661550846159989
2025-05-16 07:00:00,-0.007969543617672246,-0.0013053670035784804,6.198565496467887e-08,0.0011856403400021648
2025-05-16 08:00:00,-0.01732086600807902,0.0334651426123698,-3.993302351704693e-08,-0.006528245304271522
2025-05-16 09:00:00,0.007879149563011997,-0.005509133522943422,-4.205025742057634e-08,-0.0012869956647866272
2025-05-16 10:00:00,0.005902212700313561,-0.01337568923409087,1.6986698591152997e-08,0.008642495342837881
2025-05-16 11:00:00,-0.000228478129838134,-0.006403307047591174,2.6785703745789564e-08,0.0005033207389864912
2025-05-16 12:00:00,0.01882868721273747,-0.020985352606392733,-1.412085587937754e-08,-0.004297066373959601
2025-05-16 13:00:00,-0.016871220888020504,0.009230041121989403,6.891040942581643e-08,-0.00035097156332866616
2025-05-16 14:00:00,0.019531373791555586,-0.023973114173841042,8.900006528695462e-09,-0.003530382337720111
2025-05-16 15:00:00,-0.009344064427228797,0.010515837511083358,-1.1707620520017213e-08,0.008974147024544164
2025-05-16 16:00:00,-0.02275931878963944,0.02536147795213134,3.5087436730689374e-08,0.003808848150154575
2025-05-16 17:00:00,-0.018888963744482314,0.025057902626899355,2.0503777079089532e-08,-0.0031800805424641353
2025-05-16 18:00:00,-0.000761955323322842,0.005971692757702527,2.995966991421497e-09,-0.0008394633414080811
2025-05-16 19:00:00,-0.010577959741730205,0.002992632324119249,5.164629305099339e-08,0.0029479005961809504
2025-05-16 20:00:00,0.00047159116102409417,-0.003971073880804661,8.785104777502578e-09,-0.0007350185048159961
2025-05-16 21:00:00,-0.012377818330932093,0.0027297087993625843,8.535630949858369e-08,-0.004165223192584563
2025-05-16 22:00:00,0.014246764787481811,-0.020783340023464995,-2.949511634910259e-08,-0.00020096899919938617
2025-05-16 23:00:00,0.003205862931385549,-0.020277149717125333,6.284429744796482e-08,-0.0029479560276300734
2025-05-17 00:00:00,-0.019347476982603966,0.017233905345102007,5.4963145902404236e-08,0.0051523716712085655
2025-05-17 01:00:00,0.004420363775644712,0.003368918524532041,-1.7375680586217014e-08,0.0004406997432824408
2025-05-17 02:00:00,0.0050775443852397375,-0.0021761973236902573,-2.6416286920727674e-08,0.007399512637282341
2025-05-17 03:00:00,0.02074210635448471,-0.024891880385804945,-5.598622920109165e-08,-0.000998680302188521
2025-05-17 04:00:00,0.012182231034257807,-0.020262176505520476,-1.660161211316808e-08,-0.005623746243780461
2025-05-17 05:00:00,-0.001202186490668826,-0.002123745771785679,1.4784985157075252e-08,0.01136183485340776
2025-05-17 06:00:00,-0.0076192345690754846,-0.0010888041242925902,6.317010342408383e-08,0.005623474123961383
2025-05-17 07:00:00,-0.0007151227545277262,-0.0007341218116055561,1.3699009197151227e-08,-0.003133587339253486
2025-05-17 08:00:00,-0.007866197314224227,0.01412653604722432,-3.678086750255768e-08,-0.00262251460707337
2025-05-17 09:00:00,0.0033023718426628194,-0.007839120584179883,1.6299275971994574e-08,0.0045327513041422355
2025-05-17 10:00:00,-0.0073930716206439,0.010104684995819933,3.718686256552572e-08,0.0008005500003631303
2025-05-17 11:00:00,-0.0035622895407042554,-0.0006901011700283574,3.32388651557371e-08,0.0011155385201439727
2025-05-17 12:00:00,-0.007324349808567707,0.004101257547972008,3.388979423115231e-08,0.0025874484232418136
2025-05-17 13:00:00,0.016948587468859,-0.009723868809233937,-7.944110214916149e-08,0.0016316548898875837
2025-05-17 14:00:00,-0.007211073593175343,0.004288646627052257,3.2207577278004856e-08,0.0011641618396190853
2025-05-17 15:00:00,-0.012326583169026777,0.010822155155649804,6.234644235861266e-08,0.007161127957563936
2025-05-17 16:00:00,0.003219124734872044,-0.0021094669172551147,-5.939354747471805e-09,0.0008862723143015067
2025-05-17 17:00:00,-0.006078279806286009,0.012146729146383907,1.0746477514582644e-08,-0.004305433800602946
2025-05-17 18:00:00,-0.002428631996976023,0.005188520831263242,1.173494983801628e-08,0.0042332127195496404
2025-05-17 19:00:00,0.018334109486587417,-0.02079111687346164,-8.391247084680821e-08,0.003005405244529528
2025-05-17 20:00:00,0.00022216386708469793,0.001268730205203694,-1.292280359104246e-08,-0.002197918278392989
2025-05-17 21:00:00,-0.008796067878425512,0.00026774086356415663,6.684225392592179e-08,-0.0023183226029490052
2025-05-17 22:00:00,0.0038781325968904046,0.0010875966504681927,-3.412729705764065e-08,-0.00015003486906396931
2025-05-17 23:00:00,0.005402941556467992,-0.0019688560063019765,-2.5039673946325676e-08,-0.002523129949399394
2025-05-18 00:00:00,0.003984908909131182,-0.002110057673401944,-4.004281892841085e-08,-0.004580736674524254
2025-05-18 01:00:00,-0.001998950297113256,0.001990967372805867,1.9126296248707853e-08,-0.0009458529541235355
2025-05-18 02:00:00,-0.0017970079348143516,0.001254786667981102,7.351856823362438e-09,-0.0036107630425129228
2025-05-18 03:00:00,0.009679434517846771,-0.012246321512421842,-4.726135920956631e-08,0.0020745333047986862
2025-05-18 04:00:00,0.013486981449825675,-0.006232254924537769,-8.38382266772841e-08,0.0003613649889166621
2025-05-18 05:00:00,-0.0003217231174983057,-0.00462061293076064,6.342260144311438e-09,-0.0038853214150678353
2025-05-18 06:00:00,0.007183002781290206,-0.0026598518337066276,-1.6277845131689118e-08,0.00906152260512757
2025-05-18 07:00:00,-0.0017364467547334103,0.00756755475089638,-2.4770463050016824e-08,0.007178893046376524
2025-05-18 08:00:00,-0.0013516418884544136,-0.0008902142076161366,1.8412405096337434e-08,-0.0050100140553645325
2025-05-18 09:00:00,-0.00029265094480512995,-0.0007692259718630811,4.195124368822078e-09,-0.003855134412536938
2025-05-18 10:00:00,-0.0023469536102030102,0.00324871315673093,1.0714602878091558e-08,0.0012008043831844301
2025-05-18 11:00:00,-0.005630469639685141,0.009619796598082018,2.4197856999315508e-08,-0.008626708798365754
2025-05-18 12:00:00,-0.0036538496858287226,0.02240006680031085,3.6635761917579355e-08,-0.01435538087341695
2025-05-18 13:00:00,0.011897010674847889,-0.012199346548251262,-4.537236341715769e-08,0.002033326290449917
2025-05-18 14:00:00,0.008810500613828194,-0.0011438662757118864,-8.746195205094532e-08,0.005675219055640465
2025-05-18 15:00:00,-0.0019399301653357712,0.001743651594108524,4.238962434420836e-08,-0.0002730761390115774
2025-05-18 16:00:00,-0.02027058400952034,-0.017417746305785554,1.3258282211696417e-07,0.0052430321508519446
2025-05-18 17:00:00,-0.005657367861069564,0.018711044622141997,4.646630930379263e-09,0.004509723945743524
2025-05-18 18:00:00,-0.004398013395104211,-0.008020602118218484,5.438862546591133e-08,0.005632569912588493
2025-05-18 19:00:00,0.003887970376008554,-0.030832056570792896,3.375815402597965e-08,-0.0011324475487178149
2025-05-18 20:00:00,0.003158720452629607,-0.000852011753788801,-2.0205675829383654e-08,-0.0004714765976238552
2025-05-18 21:00:00,0.009328112815994072,-0.00048003379215160775,3.085016185781753e-08,-0.007680691965048113
2025-05-18 22:00:00,0.012419930838924124,0.008487995278443516,-9.729742660741724e-08,0.0010645922269549536
2025-05-18 23:00:00,-0.004606992913311039,0.011202345950005146,-9.663100403276524e-09,-0.009148291983557783
2025-05-19 00:00:00,-0.003666909863582396,-0.011931684331881525,4.260779261696421e-08,0.0001848617621799997
2025-05-19 01:00:00,-0.006107496246877623,-0.009705986947499176,3.5005303580708056e-08,-0.0013084934767194187
2025-05-19 02:00:00,-0.010921727545083042,0.0067593969159646956,8.549879144859429e-09,0.0026437580779174606
2025-05-19 03:00:00,-0.010852191349942681,0.011469288388235209,3.173704313764226e-08,0.0005155302543601965
2025-05-19 04:00:00,0.0011225448967200156,0.012155765496831531,-3.3405745872944085e-08,-0.00048184419723176704
2025-05-19 05:00:00,-0.016368767297779332,0.01375041098394241,5.670534630587168e-08,-0.0006717841298929875
2025-05-19 06:00:00,0.012921222340216747,0.02593353307678534,-7.369468662153683e-08,-0.0007443608240603841
2025-05-19 07:00:00,-0.0019602200106735483,0.0006864731425594555,1.5719317532127457e-08,0.001174148812239502
2025-05-19 08:00:00,0.0032671077795468533,0.010321939434031584,-3.8252881582771595e-08,-0.0054470878918035665
2025-05-19 09:00:00,0.00047574243582463693,0.003883887010512092,-2.4146899964598005e-08,0.00049639743019821
2025-05-19 10:00:00,-0.0025420176091634945,0.00462814022399814,1.3284987993610548e-09,0.0030229550520078506
2025-05-19 11:00:00,-0.0023842473689464558,0.0045498775420998415,1.1134107613524256e-08,-0.004051023759534644
2025-05-19 12:00:00,0.006322819746510037,0.009436103761485069,-1.524197808982271e-08,0.004861453104888112
2025-05-19 13:00:00,0.006803330244245389,-0.0030274327597910574,2.5597860760122765e-08,0.0006872608460825295
2025-05-19 14:00:00,0.0021103485566649994,0.01089116095168995,6.540299506161023e-09,0.0008282878589415189
2025-05-19 15:00:00,0.006915580254604875,0.014405010137126974,-3.204279497735872e-08,0.001035574132368955
2025-05-19 16:00:00,-0.00012475344600811734,-0.005822398887581245,3.966509607382428e-09,7.128915184004213e-05
2025-05-19 17:00:00,-0.0017068097906427068,-0.0129416425233944,-2.4965301045118284e-08,-0.0018585239825579857
2025-05-19 18:00:00,0.008875269478297056,0.004994657414579101,-1.4675568334128109e-08,0.000763345439495801
2025-05-19 19:00:00,-0.0009340532631525213,-0.0006831861853002211,-1.598788598272399e-09,-0.006034440634685201
2025-05-19 20:00:00,-0.001567975858151839,0.0024669851134853996,2.1958255623638432e-10,-0.004093589000034196
2025-05-19 21:00:00,-0.0002512237709130843,-0.00199072360653985,4.5152046055898915e-08,0.005994152906391087
2025-05-19 22:00:00,-0.0004675357614696233,0.0002996992213064969,-1.7560793583231813e-08,-0.003859143506566455
2025-05-19 23:00:00,-0.0016796771498457032,-0.003131041543593582,2.650275320960614e-08,-0.00039129566190171904
2025-05-20 00:00:00,0.00481928677721922,0.008666246336995585,-2.620623520213839e-08,-0.006079374157965564
2025-05-20 01:00:00,0.001373047708435334,0.002056783846305926,-4.123500453925657e-08,0.0024952103240939018
2025-05-20 02:00:00,-0.004800050004959167,-0.0027503462107520862,1.3898730747765445e-08,-0.0010525745991728506
2025-05-20 03:00:00,0.005553174845434633,-0.006294509372699831,6.734360049354948e-09,0.0028536887442070415
2025-05-20 04:00:00,-0.0035967023111951827,0.005866124029815467,1.956484039620976e-08,0.00032238968065547677
2025-05-20 05:00:00,-0.0027203778729826583,-0.003302165893935984,-2.2548202657718767e-08,0.0038188219684950034
2025-05-20 06:00:00,-0.01388462533755042,-0.010723602677528523,5.261892281123618e-08,-0.008018000398719033
2025-05-20 07:00:00,0.002243848987522264,0.0012202559956204493,5.335761391755514e-09,0.0013862222733998135
2025-05-20 08:00:00,0.00015685826355382303,-0.004924461734657609,1.8367312242425222e-08,0.0023476027005397615
2025-05-20 09:00:00,-0.0031148368306755953,0.0005410624084047566,7.924527269356745e-09,0.001117494250387831
2025-05-20 10:00:00,0.0013694261659407362,0.0028739368120989255,6.544862928449466e-09,0.0025764704997215393
2025-05-20 11:00:00,-0.006132485495446885,0.0036169137904279625,1.4100807084069793e-08,0.0013542043230217538
2025-05-20 12:00:00,-0.002531435440675251,0.003222890527715952,-7.1632924129259965e-09,0.002181790486441605
2025-05-20 13:00:00,-0.0003840001503715261,0.002041505755092757,9.0999550684449e-09,0.0009360497845740434
2025-05-20 14:00:00,0.005446328123319001,0.0051615536258882,1.7783940730195188e-08,-0.0004392502276184259
2025-05-20 15:00:00,-0.0037121988254157296,-0.0023654268620797027,2.7401990234133383e-08,-0.00016337839740245238
2025-05-20 16:00:00,0.010483030218587463,0.0027105028757404455,-6.4211985027643066e-09,-0.0011212455967692383
2025-05-20 17:00:00,-0.004576202760434432,0.0032250370132107203,4.2413401930430543e-08,-0.007776756172826842
2025-05-20 18:00:00,0.019873898755696288,-0.00361783627990342,-7.532375495798372e-09,-0.013067589995400832
2025-05-20 19:00:00,-0.002241177660009477,0.003518754551254971,-3.643862305821313e-08,0.003924708041754701
2025-05-20 20:00:00,-0.003237526386702166,0.007722004019828416,-1.2028269047754212e-08,0.0009904288941683067
2025-05-20 21:00:00,-0.0005310023822775768,-0.004688948335755028,2.499505037790133e-08,0.0007110378606116632
2025-05-20 22:00:00,0.004805244265850257,-0.003146964175367173,-3.781919564150806e-08,-0.0033353146062855927
2025-05-20 23:00:00,-0.0008411205275718856,-0.00024179906011985943,5.3742547098161225e-09,0.0014260006092996688
2025-05-21 00:00:00,0.0014024333668244287,-0.00593246456854817,-2.6827148951628182e-08,-0.0003070577561804987
2025-05-21 01:00:00,0.00256699164221957,-0.004005514018562922,-5.2682559164598484e-08,-0.008221692964146873
2025-05-21 02:00:00,0.0012854630644658148,0.004918747683438658,-5.193142939884297e-08,-0.0057831358777676
2025-05-21 03:00:00,0.004552349245870097,-0.002746637255285912,4.450474063877945e-09,0.00048646236418673367
2025-05-21 04:00:00,0.009682657430427358,-0.0044103690945749615,-6.964183848054729e-08,-0.0123510144639903
2025-05-21 05:00:00,-0.0017592431082579186,0.003433225512534937,2.837903672447365e-08,0.002967171908499791
2025-05-21 06:00:00,-0.016266357416812795,0.0036193838352546874,2.7129932495227504e-08,0.0053654700327122945
2025-05-21 07:00:00,0.0037274062705804053,-0.0036527020211075054,-3.495637489348752e-09,0.004708269069529219
2025-05-21 08:00:00,-0.001838856568306548,0.003399114765894825,3.6048177090810706e-10,0.0012749603953006198
2025-05-21 09:00:00,-0.009196254979604437,0.013637740326643718,2.8747768396119212e-08,-0.00683955795922167
2025-05-21 10:00:00,-0.0008647638044915595,0.002101324462600382,5.209208626167884e-09,-0.005288714108510095
2025-05-21 11:00:00,0.0034012559048717194,-0.010127424609810087,-5.2103648622200265e-09,0.0035490096191438305
2025-05-21 12:00:00,0.002477334928766987,0.0034907858655983063,3.0735663905589506e-08,-0.0010547441305752583
2025-05-21 13:00:00,0.014681571832608006,-0.004186347385016099,1.1333834801230528e-08,0.0027170005819816215
2025-05-21 14:00:00,0.005064006992110072,0.004211009143102464,2.5697115355389622e-08,-0.005882449070907312
2025-05-21 15:00:00,0.0040499984998667365,0.0075003378445215345,-7.078685990552677e-08,0.0026559663800162954
2025-05-21 16:00:00,-0.021677611807808018,0.0039881133158231625,3.8962962060920546e-08,-0.009293327968375415
2025-05-21 17:00:00,0.005081049722305809,2.3863140458573366e-05,-8.858154729875196e-09,0.000423849095012683
2025-05-21 18:00:00,0.00803534887201202,0.0012849156860567804,1.5825060180331214e-08,-0.006119716751006161
2025-05-21 19:00:00,-0.00030842070913159915,0.00012385756882937624,7.350423712974277e-09,-0.01554812618506474
2025-05-21 20:00:00,9.87615046966696e-05,-0.008478215610437071,2.0078122550136473e-08,-0.005482635913586517
2025-05-21 21:00:00,0.0053648569108892775,0.0009003519425916462,-5.2101947875246535e-08,-0.008573796443614575
2025-05-21 22:00:00,0.0048811941307509675,-0.007795991999563046,5.978436524188561e-08,0.002806299990439595
2025-05-21 23:00:00,0.007154998825420619,0.002337619340886511,-6.192560393813293e-08,0.003950286756856855
2025-05-22 00:00:00,0.000375734683765568,-0.00908110590449013,2.4974222518348576e-08,-0.0005602775473640734
2025-05-22 01:00:00,0.0064862103421852065,0.002683116977788939,-1.8552207198283074e-08,-0.002118029547904152
2025-05-22 02:00:00,0.0059614160691343855,0.00415179944089367,2.8881717228276993e-08,0.0022031203369146193
2025-05-22 03:00:00,-0.0026853274786962705,0.005023810465798465,-2.513057653433937e-08,0.0009493812612248615
2025-05-22 04:00:00,-0.00640617890120552,-0.005566899761346345,2.5909113981968856e-08,0.0006569299653519456
2025-05-22 05:00:00,-0.002121416587056693,-0.00017819122309797292,-1.0035878144521898e-08,-0.0011941990634401476
2025-05-22 06:00:00,0.0006838432763372811,0.0060048616501212305,-5.330349609265029e-08,-0.005231598813831775
2025-05-22 07:00:00,0.006911931221466527,-0.002083872398207404,-1.0745307483931123e-07,-1.2862182323824183e-05
2025-05-22 08:00:00,-0.000674498048118346,0.004968232103020431,3.031948897103507e-08,0.0008354636781684937
2025-05-22 09:00:00,-0.003263887382623313,-0.003519600029178941,4.1847700389059334e-08,2.6950798291358128e-05
2025-05-22 10:00:00,0.005143583554098816,0.00215181279577832,-1.0093210078654403e-08,0.0050103397934018225
2025-05-22 11:00:00,-0.0015261148534836356,0.0010296053009466097,4.32944792162202e-08,-0.005160471076077548
2025-05-22 12:00:00,-0.0048883507421924755,-0.004366897890734875,9.003131941980806e-09,-0.0007810180411022615
2025-05-22 13:00:00,0.0011284316213421826,0.008585910044568967,-5.967290716257032e-08,-0.004664739650593859
2025-05-22 14:00:00,-0.0022544098504687924,0.008146117054317637,1.308351408237427e-08,-0.002663721150078746
2025-05-22 15:00:00,-0.006522052007794487,0.007580315181239901,2.9641968428529467e-08,-0.0028318248293340022
2025-05-22 16:00:00,0.0036115968719429665,-0.0020963155918047073,-2.4279001548604962e-09,-0.0009351488275092415
2025-05-22 17:00:00,0.0021296089934982874,0.007198333704502965,-4.471110624709823e-08,0.006547191106468969
2025-05-22 18:00:00,-0.006719753707301844,-0.00027976793561546595,1.8986208502602476e-08,-0.000960443091240684
2025-05-22 19:00:00,0.0005685447374722501,-0.004990861935484211,3.465648940338754e-09,-0.001687462847248531
2025-05-22 20:00:00,-0.0015079335782418439,0.0017886563565854613,-7.834664778012018e-09,0.0019059238707367322
2025-05-22 21:00:00,0.0023125448142738586,0.004168860710215415,-2.6380809428585852e-08,-3.926764823476891e-06
2025-05-22 22:00:00,0.01240829014919203,-0.018831889052694072,2.7371196602806753e-08,-0.004315848666515591
2025-05-22 23:00:00,-0.0020080073169579053,0.008212750774453506,-4.035955989987575e-08,0.0035110638922752316
2025-05-23 00:00:00,0.00457861580508135,-1.0879816529889867e-05,-6.804724479301894e-08,0.0026173639874077434
2025-05-23 01:00:00,0.010351251790602397,0.0038468985648208416,-1.1986918532526206e-07,-0.002564103275737626
2025-05-23 02:00:00,-0.004982601963613959,0.011250454536927842,-1.79648205699319e-08,0.007670841785789042
2025-05-23 03:00:00,-0.0061631933822859745,0.003499470127856457,7.146544814908134e-09,-0.004694422090715454
2025-05-23 04:00:00,-0.0013132539598555057,-0.005693437979755811,3.829755227000532e-08,-0.002171203189430609
2025-05-23 05:00:00,-0.011614297490416285,-0.007052541021664779,1.1862365398699442e-07,0.0016564555525641197
2025-05-23 06:00:00,0.0012812165040653354,-0.0013080565543174705,1.1328724939394521e-08,-0.00043522912915816683
2025-05-23 07:00:00,0.012605741083378487,-0.006873249441720107,-5.85170925677558e-08,0.0019023176302221593
2025-05-23 08:00:00,0.005459528185067531,0.001186687756600915,-2.0923421020972056e-08,-0.003255007091502495
2025-05-23 09:00:00,-0.005538384298877712,0.003994823266672739,-2.056375188749942e-08,0.007114690160824334
2025-05-23 10:00:00,-0.04149306777332473,0.008280979885202069,1.6949871204646054e-07,-0.0015718821458808048
2025-05-23 11:00:00,-0.010031692827453241,0.010211791936269173,-2.3837847205067258e-08,-0.00013228828864903565
2025-05-23 12:00:00,0.008399807687195122,0.002773354575954783,-1.872865145754372e-08,-0.0029869690805011534
2025-05-23 13:00:00,0.0019821690094303838,-0.002128599434372032,8.72422872472758e-09,-0.005047176653664723
2025-05-23 14:00:00,-0.00238132894270147,-0.0023968832153676042,6.1581927810420625e-09,-0.00928245845961142
2025-05-23 15:00:00,0.0014478789946661447,-0.00023228438895355656,-2.392187375182259e-09,-0.000524038082211795
2025-05-23 16:00:00,0.0005875688031247183,0.0010995980379028673,1.3248864127089465e-08,0.0022633791519742737
2025-05-23 17:00:00,-0.010544935809957696,0.010307536357206451,-1.8982794298569564e-08,-0.00010409860274948543
2025-05-23 18:00:00,0.0010783855423538355,-0.005348166692561783,2.0233163404691013e-08,-0.0012993672823031818
2025-05-23 19:00:00,-0.009567405658432799,0.0021249833454384413,3.5816240153057906e-08,-0.0004004804921192435
2025-05-23 20:00:00,-0.0018416359311782746,0.004553070049980121,-7.390756999474765e-09,-0.0018013745405528084
2025-05-23 21:00:00,-0.005131426103377703,-0.0005379084447365543,1.0586618481139675e-08,0.000278336749098108
2025-05-23 22:00:00,-0.011112562616304647,0.0030526218206780057,4.271992857238776e-08,0.0012631156548816034
2025-05-23 23:00:00,-0.004309846390670807,0.021798008571482685,-9.543007187957027e-08,-0.000711149694632208
2025-05-24 00:00:00,0.0018359446479668544,0.004447910917309786,-4.080013821726885e-08,-0.0036096232453254828
2025-05-24 01:00:00,0.0059015894774254425,-0.006714641940855136,5.8428687791445336e-09,0.004862348033257501
2025-05-24 02:00:00,-0.0026985616509911997,-0.007404728736116679,8.933707691203456e-08,0.00498987860253864
2025-05-24 03:00:00,0.0035288353512665156,-0.0012353450119580258,-1.7423945643486447e-08,0.0004057905431000174
2025-05-24 04:00:00,0.0002103302183994668,0.00267487208958264,-1.6490331870501084e-08,-0.002838616815498423
2025-05-24 05:00:00,0.00017459902831210667,0.005323780767618633,-4.53081657768596e-08,-0.0025363734409521946
2025-05-24 06:00:00,0.001192718757350179,0.0038262878341384513,-5.6254012154653035e-08,-0.0037120792624855585
2025-05-24 07:00:00,0.002913930822080472,0.003090645187942986,1.2928505374039336e-08,0.002625886545125895
2025-05-24 08:00:00,-0.0006424635543875261,-0.001449419151660308,1.3437211272591704e-08,-0.001392116408727689
2025-05-24 09:00:00,0.009464259301190025,-0.011583305863400527,6.145147470678134e-08,0.0016570753387078006
2025-05-24 10:00:00,-0.0037464041473806798,0.00411090688589518,1.570775206615846e-08,0.00033605984050107823
2025-05-24 11:00:00,-0.002164473084041189,0.002334319046165649,-2.3446640614018008e-08,-0.0015698654925099015
2025-05-24 12:00:00,-0.006861467957378586,0.007244765614724849,-1.4189279123569457e-09,-0.001283303239129162
2025-05-24 13:00:00,0.006380479697711832,-0.010605289988009359,3.9538714624876536e-08,0.0001592268848723596
2025-05-24 14:00:00,-0.003270406313421275,0.0020198336061066813,9.694016690807894e-09,-0.005823594950238383
2025-05-24 15:00:00,-0.0016103545683936013,-0.00706931080107005,5.4486071684909255e-08,-0.00976279848663426
2025-05-24 16:00:00,-9.057095666132017e-05,-0.00014877456314925212,-4.987643853711684e-09,-0.0010181885818634933
2025-05-24 17:00:00,-0.003314852329471523,0.004878821170409743,-2.2566712841845496e-08,-0.005477907681257683
2025-05-24 18:00:00,0.0032756354450931015,0.0009662658505691317,-6.617113601085871e-09,0.0054201662041935125
2025-05-24 19:00:00,-0.000933342395811387,-0.005920990260971552,3.360479678097093e-08,-0.001902728649928653
2025-05-24 20:00:00,-0.002947108981079065,0.0015891630386761244,8.558274016974331e-09,-0.0013627664845596485
2025-05-24 21:00:00,-0.00775998990403645,0.003810317437675444,-2.797070358942392e-08,-0.006912561118931102
2025-05-24 22:00:00,0.0011730982735605907,-0.005553740871693289,-3.1033482073805148e-09,-0.0003000657698987199
2025-05-24 23:00:00,-0.0160615877461859,0.030823142039722157,-3.192236084433479e-08,0.011145927789955618
2025-05-25 00:00:00,0.003278694455160037,-0.0009545060513605782,7.974901592895736e-09,0.0025111498890028005
2025-05-25 01:00:00,0.00823485508662474,-0.010029729582245944,1.5495874313095672e-08,0.002682994051528233
2025-05-25 02:00:00,0.0052053314507466055,-0.01016964072946079,3.7032030441244986e-08,-0.0013990428493675174
2025-05-25 03:00:00,0.006149790823900897,-0.007951829407933129,2.9659997144792445e-08,-0.004905155277834865
2025-05-25 04:00:00,9.048137699106716e-05,0.00028846532723037497,-5.619632137084812e-09,-0.0017483673180495206
2025-05-25 05:00:00,0.0015442751474254676,-0.003005202075651494,8.604182661311189e-09,-0.004524528236990744
2025-05-25 06:00:00,-0.00274697470575195,0.0025672214882632915,5.94584652564451e-10,-0.005201960232368582
2025-05-25 07:00:00,-0.011157532334405421,0.008359726745703382,-1.8684002713170354e-09,0.0034891402801104946
2025-05-25 08:00:00,0.007706724414554137,-0.012876472259590432,2.3611150693070244e-08,0.004400815170866041
2025-05-25 09:00:00,-0.004093441534982463,0.004583387789746583,-2.211910346696461e-09,0.002280157860184442
2025-05-25 10:00:00,0.004946829110189829,-0.004748103516364353,1.0771332702175671e-08,-0.00011626561411193035
2025-05-25 11:00:00,0.006046256757799253,-0.00523365322442026,7.601176690984239e-10,0.0005289425060809331
2025-05-25 12:00:00,-0.0036040342404566367,-0.0004250218895433406,2.274893012103528e-08,0.005797140066687574
2025-05-25 13:00:00,-0.00614451235998429,0.009236114308207142,-1.0872365849247472e-08,-0.0018258862570942518
2025-05-25 14:00:00,-0.0031930760948916544,-0.002253138827980655,-2.8867066353839337e-09,0.006581629662724311
2025-05-25 15:00:00,-0.0007636051538244664,0.005286751079922505,-7.207418055363437e-09,0.00037398185306793016
2025-05-25 16:00:00,0.00295758338509733,-0.0006794695091567398,-2.315029350417045e-09,-0.0023440549117288937
2025-05-25 17:00:00,0.0017364289821428236,-0.0033210596716677014,1.057555707790835e-08,-0.0003167057778185704
2025-05-25 18:00:00,0.0047368791739511185,-0.004726748813802807,9.4358261401017e-09,0.0006638811764102545
2025-05-25 19:00:00,-0.0015220882237999018,0.004752061342619268,-1.0644543284152843e-08,-0.002644036917846568
2025-05-25 20:00:00,-0.0029576636152441843,0.003388572994296699,-1.255408260286486e-08,0.0011628444763279633
2025-05-25 21:00:00,0.02753413529765099,-0.03811779024364873,1.4268747900508662e-07,0.013512048703218186
2025-05-25 22:00:00,0.00021523742917113078,-0.001995230288595809,-1.2727560144793819e-08,0.000978762585448239
2025-05-25 23:00:00,0.005072338079459172,-0.007508943301315061,2.361641491014681e-08,0.005102863634348879
2025-05-26 00:00:00,-0.0026872733051797318,0.0077309706994563845,-1.749187197917873e-08,-0.0011253812325025063
2025-05-26 01:00:00,-0.001925135322372588,0.002319836820026358,1.4426799928819805e-10,-0.004985016780234375
2025-05-26 02:00:00,0.0035378100274618624,-7.963151368675598e-05,-1.6173197363305628e-08,-0.0017761134762286862
2025-05-26 03:00:00,-0.0016909547365477192,0.006867876182532115,-3.9390566638414416e-08,-0.002146379036878204
2025-05-26 04:00:00,0.003345322382983777,-0.008831968190093076,3.326191978935364e-08,0.00037478742185082366
2025-05-26 05:00:00,0.003096474739643573,-0.010889869533122244,4.7348560111111024e-08,-0.0029825519637939656
2025-05-26 06:00:00,0.00299172148366416,-0.013185105333481459,4.510322104600128e-08,-0.00511542166647288
2025-05-26 07:00:00,-0.00721680802439311,0.01339489776077726,-4.360408189067775e-08,0.0018980510976195194
2025-05-26 08:00:00,-0.0014025008438439852,0.003156539215854556,5.380114111218336e-09,0.0011804586528225882
2025-05-26 09:00:00,-0.0010936256335638082,0.008393379367015792,-3.832687061578416e-08,0.0014764207732201901
2025-05-26 10:00:00,0.0009213223632595864,9.224310507758347e-05,2.9526511992841286e-09,7.960611536000564e-05
2025-05-26 11:00:00,0.002457064170310293,-0.0009681912660386314,-1.5366118346904343e-08,-0.0021011999505414
2025-05-26 12:00:00,-0.010482811451943089,0.01134572422708411,1.2540631158445792e-08,0.0043814681928707145
2025-05-26 13:00:00,-0.00040610599074522005,0.005273327288977529,-2.0378097288325687e-08,0.0017132064733105334
2025-05-26 14:00:00,0.0012498288808365197,-0.0023619035322205626,1.706980234006393e-08,-0.012629979489492323
2025-05-26 15:00:00,-0.014721318146507284,0.0240322546665392,-6.628642054461859e-08,0.0044935145363119424
2025-05-26 16:00:00,-0.0027118391222911973,-0.007524557993115695,7.217778780997991e-08,0.007349340083206394
2025-05-26 17:00:00,0.0006438765141138235,-0.0037970952691204255,4.888034269993423e-09,-0.001420489197546024
2025-05-26 18:00:00,0.0016977415891928627,0.00042682633583946355,-8.161445464264144e-09,0.0032885734161414468
2025-05-26 19:00:00,0.006628858324007923,-0.005228196972233744,1.1458615657037892e-08,0.0031025637674305484
2025-05-26 20:00:00,0.0016232820874517453,-0.005313740353535916,6.2126128675551886e-09,-0.002847831567739179
2025-05-26 21:00:00,8.216089873289752e-05,-0.0015343589557670935,2.6768488724945485e-09,-0.006385870638864227
2025-05-26 22:00:00,0.005263388761125335,-0.005355169111044843,3.99046152748896e-09,-0.003577668295091311
2025-05-26 23:00:00,-0.00582751131422405,0.007703779657494566,-1.1422227351581647e-08,-0.0017177873268196513
2025-05-27 00:00:00,-0.007869271651298014,0.0002476857837831864,7.005307527214207e-09,-0.0002611274181849902
2025-05-27 01:00:00,0.0008927916072644124,0.004123215277772462,-5.3934059123634796e-08,-0.0029465829832843963
2025-05-27 02:00:00,0.004628276003706117,-0.002374022928858567,2.0156763540455232e-08,-0.0011054075928892343
2025-05-27 03:00:00,0.0028079372354454396,-0.006356093814784659,2.5271123823308148e-08,-0.003183635866472027
2025-05-27 04:00:00,0.0029741396328126155,-0.0030859099093105123,-1.7101794211053317e-08,0.0014886595636135172
2025-05-27 05:00:00,-0.002934222871593084,0.004468118712194292,-2.0572582333450326e-08,0.008578942803885272
2025-05-27 06:00:00,0.012567118349916313,-0.011370729655934764,1.0039214396642926e-08,-0.002388471639466201
2025-05-27 07:00:00,0.005615248270003123,-0.01050722855587845,1.5387879683662572e-08,0.0019051656912877067
2025-05-27 08:00:00,-0.001572854593389604,0.006208956226842226,-8.330565006582214e-09,2.209220395771335e-06
2025-05-27 09:00:00,-0.0001956161240636835,-0.00559292334178402,1.5929059561039772e-08,0.001227893939659083
2025-05-27 10:00:00,0.0007587698124760392,0.0045989303434480384,-4.367900981651706e-08,0.0009891350932341105
2025-05-27 11:00:00,-0.0006832138835180774,0.005515328189874248,-2.3410981075977893e-08,0.0007390325353131866
2025-05-27 12:00:00,-0.0008489026421101035,0.015829039358546574,-5.634024273075533e-08,0.0023097056292847935
2025-05-27 13:00:00,-0.0040775639817745265,0.006229779774733773,-3.666804855063822e-08,-0.0006188440015016063
2025-05-27 14:00:00,0.0015822072153527014,0.0031862814587503155,5.934850970051524e-09,-0.0046033706621187685
2025-05-27 15:00:00,0.0007789517993670929,0.0006403788396141813,-4.303448575678866e-09,0.000977744987438716
2025-05-27 16:00:00,-0.0008617015011629045,-0.0033751866705152306,3.098627657235274e-08,-0.008759546027703813
2025-05-27 17:00:00,-0.006318116991831207,0.007409764379123628,-1.5981430072958658e-08,-0.0026843886661197885
2025-05-27 18:00:00,-0.002151380909139984,-0.0005699342235371412,1.7374574436021597e-08,-0.002028377833156517
2025-05-27 19:00:00,0.00020917200411514408,-0.00621930311289318,-1.791697834472301e-09,-0.002341990414386518
2025-05-27 20:00:00,-0.006775784420028809,0.0008953733452514857,-1.0995230240649784e-08,-0.003999223676104656
2025-05-27 21:00:00,-0.0020561065660443475,0.00038917544477266863,1.3223437993657964e-08,-0.0018848380210540125
2025-05-27 22:00:00,-0.0011887062546394101,-0.0014748439650792702,2.5193601710206267e-09,-0.002242180154170031
2025-05-27 23:00:00,0.006000344698998376,-0.004553468386785631,1.232285712799317e-08,0.006796777137651653
2025-05-28 00:00:00,-0.006260201995484759,-0.005590475505266859,4.5888837511497586e-08,-0.009185891740576591
2025-05-28 01:00:00,-0.0037097688594939513,-0.0003124993408691414,2.366870536205474e-08,-0.004563791997179391
2025-05-28 02:00:00,0.005806916578886929,-0.009019037121528174,1.5292405884552863e-08,-0.0001492375719557025
2025-05-28 03:00:00,0.0013348278122750543,-0.0024266827642939756,1.6552800693618808e-08,-0.002385909795806576
2025-05-28 04:00:00,0.00033174697637600344,0.0009425869690479236,3.3772525843040376e-08,-0.008315738561043616
2025-05-28 05:00:00,-0.0076324580553724635,0.006621069880139591,8.03572965027183e-09,0.0009280070210346742
2025-05-28 06:00:00,0.0034499314464625135,-0.003726972164538648,6.286636686299611e-10,-0.0019581281244690726
2025-05-28 07:00:00,0.003984693218624932,-0.0040554406121902,1.950689407631075e-09,0.0003168089689730528
2025-05-28 08:00:00,-0.0055980597144478965,0.006355215632677063,-4.518290050219685e-09,0.0007720090978372123
2025-05-28 09:00:00,0.005779253781127619,-0.004795287260574602,-2.6518983525900518e-08,0.001889150355376149
2025-05-28 10:00:00,0.007488469716227002,-0.0037264237151522902,-4.65333234125287e-08,-0.00405205006863328
2025-05-28 11:00:00,-0.0014895958252119873,0.004467753854747562,-5.954099078287433e-09,0.001023530747752458
2025-05-28 12:00:00,-0.010177127115566714,0.008218337654977079,-1.481832651031743e-08,-0.0026304450401098112
2025-05-28 13:00:00,-0.011401972312568965,0.006763453396568079,6.9471564644771856e-09,-0.00410322292205863
2025-05-28 14:00:00,-0.00526564526097318,0.011098700121373546,-2.5068102833762352e-08,0.0019325287623512706
2025-05-28 15:00:00,0.007291575819052418,-0.004584503838939258,-1.756748282979041e-08,0.0004875339801511504
2025-05-28 16:00:00,-0.0009037791805391597,0.004332066006485936,1.0090825417079412e-08,-0.002974695999696892
2025-05-28 17:00:00,-0.008881078448621352,0.011030122373656451,2.4085659593674325e-09,0.0051797042813175
2025-05-28 18:00:00,-0.00634949549441357,0.002989322547791944,-8.866000972015305e-09,0.003492773253045513
2025-05-28 19:00:00,0.009384095722537466,-0.003974188069199819,-3.7780907721162415e-08,-0.0012357830570041894
2025-05-28 20:00:00,0.006917407967277433,-0.005558570931082866,-1.6336544345137312e-08,-0.0021262031704196577
2025-05-28 21:00:00,-0.0028895602355402897,0.00479262546229474,5.215795651380421e-09,-0.0008226975068502328
2025-05-28 22:00:00,0.00923546840072507,-0.011793463972833098,-2.3789461285029012e-08,0.003301613900730646
2025-05-28 23:00:00,0.015317856980772529,-0.01663101940900884,-4.340189667123739e-08,0.0006857879938493785
2025-05-29 00:00:00,0.002366983244058566,-0.004496207807101107,6.380671267003733e-09,-0.0024648473354974615
2025-05-29 01:00:00,0.010887227342450751,-0.010531880138219263,-6.059030151711526e-08,0.0045170040235766856
2025-05-29 02:00:00,-0.010073624485773884,0.007960392659803249,3.193643809019287e-08,0.0007284476044660145
2025-05-29 03:00:00,-0.01081320572321535,0.007141925649992322,3.4791365259870976e-08,-9.332344880914192e-05
2025-05-29 04:00:00,0.00013243479593377555,0.000347917446495322,1.2145870740961662e-08,0.0009626583412529982
2025-05-29 05:00:00,0.00208630585029756,-0.0005343307918812298,5.2968689004189675e-11,-0.00037076175026307795
2025-05-29 06:00:00,-0.002473593685503655,0.00584042392867889,2.6234275133012776e-09,-0.0001234288012907468
2025-05-29 07:00:00,0.0116368326535113,-0.010856453372503943,-1.2105278079022102e-08,0.004842147164546358
2025-05-29 08:00:00,-0.003301371973211208,0.005941283679037713,2.1050319693002562e-08,-0.003090414869620048
2025-05-29 09:00:00,0.0015536706369583546,-0.006561649782267188,2.404419367768792e-08,-0.0010035131157139054
2025-05-29 10:00:00,0.001175553246879402,-0.0002552684307453402,-2.4908184059814297e-08,0.007560429179903334
2025-05-29 11:00:00,-0.009239140049950929,0.009289537086725634,3.1090198111617614e-08,-0.00028560571071671066
2025-05-29 12:00:00,-0.005129274963811908,0.005492520439306471,-3.2025605148668604e-08,0.004955774567800951
2025-05-29 13:00:00,-0.000936566176214541,0.004285478545747111,-1.31667886691351e-08,-0.0017971399838325108
2025-05-29 14:00:00,-0.0065993974738258925,0.00064740180249185,2.026773019175679e-08,0.0027251085605914617
2025-05-29 15:00:00,-0.009767434032626567,0.00707131073473356,-1.1299763439311293e-08,-0.008201514030917227
2025-05-29 16:00:00,0.008555690086447422,-0.00645339457552176,-6.949575700476e-08,0.004830626754501048
2025-05-29 17:00:00,-0.009552973539383605,0.011989131921598587,2.794406382713256e-08,0.0007775358321743583
2025-05-29 18:00:00,-0.005401341454235865,0.007756504181056363,3.778568620567176e-08,0.0015934123685209436
2025-05-29 19:00:00,0.0006000424821410483,0.0023866454194774703,2.1749497156175648e-08,-0.003899704297177141
2025-05-29 20:00:00,0.00882881720630153,-0.009447018635132476,-4.085751627530279e-08,-0.000597504566728789
2025-05-29 21:00:00,-0.015692778226965638,0.01491459834155515,5.02595516452416e-08,0.0031983363612173377
2025-05-29 22:00:00,-0.012744807678123762,0.00963376182698261,3.0751291662628943e-08,0.007086242678011771
2025-05-29 23:00:00,-0.049128545502315095,0.05568906528303255,2.604728440197441e-07,0.013797119714686924
2025-05-30 00:00:00,0.006335788698814045,-0.004774838950255045,1.9944477037899132e-08,-0.003538537457002335
2025-05-30 01:00:00,0.00666252444784422,0.0018279667466225493,-3.005454756795595e-08,-0.0005499073620303384
2025-05-30 02:00:00,0.0020971954570717525,-0.0017858323953283042,-3.167168825765744e-09,-0.0015490541204793264
2025-05-30 03:00:00,-0.0037299396836689984,0.0029626976857674557,1.7736491109507075e-08,0.003441076289314314
2025-05-30 04:00:00,0.008661465003532506,-0.005035445989747715,-4.657950163425372e-08,-0.006331898457804854
2025-05-30 05:00:00,-0.009570595321070338,0.00761740376074607,6.276683804898856e-08,-0.0033121619328729773
2025-05-30 06:00:00,-0.004444138598936244,0.005823178809688311,-1.5357657573897913e-08,0.007039573040963631
2025-05-30 07:00:00,0.0011127353439888987,-0.001325123452864857,-5.626932707027591e-09,-0.0014138952473046588
2025-05-30 08:00:00,-0.0012061447512805661,0.003948508692238939,5.5676982325436686e-08,0.0021467909454421777
2025-05-30 09:00:00,0.004129101272380106,-0.003303313092061263,-1.0325485850766696e-08,-0.0008136631187853677
2025-05-30 10:00:00,0.0013630408532710149,-0.0005991580517565737,-1.80204831490865e-08,0.00011830362508541042
2025-05-30 11:00:00,-0.003660140762073335,0.0007097946568312988,1.6988921830222826e-08,0.00024111502162836243
2025-05-30 12:00:00,-0.013559087278250264,0.007706421362813099,1.1146001153783213e-07,0.0029009489253116493
2025-05-30 13:00:00,-0.0021947405427664326,0.004579090615059701,5.543087645334255e-10,-0.004676093320698036
2025-05-30 14:00:00,-0.0013802198781678863,0.002186665166458142,2.868459125747395e-08,-0.0016946057047143646
2025-05-30 15:00:00,-0.022431662180685347,0.014034432476994778,7.363118274132585e-08,-0.008388102209297378
2025-05-30 16:00:00,0.003151725410109934,0.006382601642355548,-1.4423536448425813e-08,-0.0009645491294301362
2025-05-30 17:00:00,0.0133539575530126,-0.003013307218307083,-5.43360760281468e-08,0.001565962105966736
2025-05-30 18:00:00,0.005622984704162499,-0.016378535166478036,-7.351297337926553e-08,-0.0012075829787025533
2025-05-30 19:00:00,0.0019032255290330402,-0.0011394547800223536,-1.5483169296289264e-08,-0.006737413175510862
2025-05-30 20:00:00,-0.002177299388207546,-0.005536145539219115,2.3147685038766467e-08,0.001971302937516957
2025-05-30 21:00:00,-0.01477710550998275,-0.008706939659267094,1.1003531846203672e-07,-0.007467935755106518
2025-05-30 22:00:00,-0.003750834717352577,0.004625314493201746,3.7871845584011526e-08,-0.002550320388741075
2025-05-30 23:00:00,-0.006781472662061171,0.00026116842712363273,4.571669783485741e-08,0.00834364478556824
2025-05-31 00:00:00,-0.01277452432684632,0.008633193601079725,8.637253192672502e-08,-0.004230163279891865
2025-05-31 01:00:00,0.00128368259747858,-0.010665586574812239,-3.2465831408665104e-08,0.00460504857855602
2025-05-31 02:00:00,0.009123866994241444,-0.0020703139515379507,-3.1500184266085954e-08,0.006484378751962333
2025-05-31 03:00:00,0.00712174650054271,0.004318124382178352,-5.0653821750543464e-08,-0.00273445444200605
2025-05-31 04:00:00,-0.001599330073335791,-0.002113128048613145,1.5849205297155086e-09,-0.002551530533938
2025-05-31 05:00:00,0.008050041178896789,0.0077396159742896455,-4.9751648507241017e-08,-0.005013601061381227
2025-05-31 06:00:00,-7.73654744761923e-05,-0.00364369081817993,-3.8546830956738854e-09,-0.00011675211440318858
2025-05-31 07:00:00,0.0010460149649268579,0.001844267045925229,-2.1034916568602592e-08,-4.964366613582656e-05
2025-05-31 08:00:00,0.0011736940613361042,0.005570975029724181,-2.058401796921348e-08,-0.0031614731288970685
2025-05-31 09:00:00,-0.0005484449134192959,0.0015536741516708444,-7.284606590595726e-09,-0.0012311951027369323
2025-05-31 10:00:00,-0.0006265063123039558,0.000783729953947532,1.4307372269527693e-08,-0.0023382189647365667
2025-05-31 11:00:00,0.008200681506979501,0.017054805274573526,-6.206078821225264e-08,0.001472292813360421
2025-05-31 12:00:00,-0.00169780167811679,-0.0018234207628540545,2.1844499842559446e-08,0.001639624573930045
2025-05-31 13:00:00,0.0030509228561197838,0.003969770636798634,-5.586341488047541e-09,0.003216807515984144
2025-05-31 14:00:00,-0.0020128978780420085,0.0049511007151588765,2.1120037595822852e-08,-0.0037483596863915653
2025-05-31 15:00:00,0.0025223621647553216,0.011011235425303467,-5.801645063521291e-08,-0.0005903938071072686
2025-05-31 16:00:00,-0.004050115454408081,-0.0005986312665027953,3.001685671686476e-08,-0.0038304115634631227
2025-05-31 17:00:00,0.0041434199322754415,0.0014791865199693993,-3.0209084096037935e-08,1.649957649381244e-05
2025-05-31 18:00:00,0.0017084981892200295,0.0053038951936462625,-8.118845711622035e-09,0.005734065041732571
2025-05-31 19:00:00,0.0018608835046235346,-0.003007908141425563,-1.2173604769769592e-09,-0.0015011481799811375
2025-05-31 20:00:00,0.0006648437524918249,0.002065545184408178,-4.895457572564972e-09,0.0009600343790536935
2025-05-31 21:00:00,-0.003522791367646704,-0.0074968969455058935,3.596249305856937e-08,-0.002141169723080061
2025-05-31 22:00:00,-0.0030743413132368136,-0.007104658008586221,3.662459206271066e-08,-0.0039810483724408005
2025-05-31 23:00:00,-0.00020994391147568202,0.0020275499621890364,-8.096748601249159e-09,0.0028040153233349096
2025-06-01 00:00:00,-0.0033533211708029085,0.0025899950187138546,7.172451572263403e-09,0.004023031471024241
2025-06-01 01:00:00,0.0015139429763119964,0.003371309683872042,-1.3837484159382756e-08,0.0017949685249855493
2025-06-01 02:00:00,0.0007502383582505707,-0.0003501699188575685,1.177333296537274e-08,1.4293122817237742e-06
2025-06-01 03:00:00,0.002411657043742245,0.003740529715913018,-1.6024794513935755e-08,-0.003980271441467071
2025-06-01 04:00:00,-0.0005902402332260623,-0.0008248566166982678,1.1167069739780063e-08,-0.005371273017782795
2025-06-01 05:00:00,-0.002610780047889033,-0.0036230110031615008,1.684275220919916e-08,0.0009478945692666206
2025-06-01 06:00:00,-0.001015680939122758,0.0007292826122287388,9.185247759109118e-09,0.002018442585325836
2025-06-01 07:00:00,-0.0017141458933337232,-0.004201483435863683,4.7902516587876024e-08,-0.0022573378539434467
2025-06-01 08:00:00,-0.005194305732775767,-0.005922615223462821,3.5833706099591805e-08,0.0022522967227016828
2025-06-01 09:00:00,-0.00013336634161851624,0.008155794242704278,-4.0420640742349005e-08,0.0019036786981812624
2025-06-01 10:00:00,0.002082567688409072,0.0010601332580533046,-1.084809946863202e-08,0.00043215671174506485
2025-06-01 11:00:00,-0.003250910475174908,-0.0010970848494698112,2.689640208003761e-08,-0.0029420504996024058
2025-06-01 12:00:00,0.0033592475365234187,0.0028178913278760075,-2.0954519689399474e-08,0.0016786079640819535
2025-06-01 13:00:00,0.005766913847848329,0.0033917835337783325,-3.959036037822464e-08,-0.002250085947591999
2025-06-01 14:00:00,0.001693646594336164,-0.004052736838996742,2.06414505961509e-09,0.004460345114330553
2025-06-01 15:00:00,0.00033226736456292913,0.0007717912235757411,-3.0801078913685605e-11,0.005605173529312995
2025-06-01 16:00:00,-0.002917271616815624,-0.0005904729014256173,2.3748132653032645e-08,0.0019297721422638812
2025-06-01 17:00:00,-0.00415781003742945,-0.0025735369124193046,4.89932686073974e-08,-0.0025772700059862354
2025-06-01 18:00:00,0.002572322354954972,0.004258429977306903,-3.1421726693351816e-08,-0.0007334958912849251
2025-06-01 19:00:00,0.00109056102057975,-0.005446540249224281,1.048335530565723e-08,-0.0006570701409293757
2025-06-01 20:00:00,0.0041505272591009085,0.00382322743325907,-1.8775314297327757e-08,-0.0012111735441316263
2025-06-01 21:00:00,-0.0008579064535203697,0.0019418810319125066,-4.868404626774381e-09,0.001491217977225847
2025-06-01 22:00:00,0.00031786474783374735,0.00025709726532108815,1.5322109373028406e-09,-0.005009021748215772
2025-06-01 23:00:00,-0.000752962714315624,-0.0020006566862777395,4.100156341023063e-11,-0.0005020108262656218
2025-06-02 00:00:00,-0.0003419419627840785,0.0007125855995305402,1.0173172137525058e-08,0.004455013367241066
2025-06-02 01:00:00,-0.005612822951113574,-0.0004240363854995013,2.168028030428161e-08,-0.00048126797945216375
2025-06-02 02:00:00,0.0008049983270543731,0.0028711244881128263,-9.629819933366245e-09,0.006503075861400943
2025-06-02 03:00:00,0.0019577578001429286,0.002014815291274302,-2.0299227282557348e-08,0.003453651847639289
2025-06-02 04:00:00,-0.0005881373161360277,0.001688748205316709,-2.03888910024215e-09,-0.0006118573752962192
2025-06-02 05:00:00,0.0008901858105729199,0.0022202859077129927,6.573048175362322e-09,-0.00043320921153124363
2025-06-02 06:00:00,0.004434520094413662,-0.006893739115644231,1.1275599552841506e-08,0.011359070104358562
2025-06-02 07:00:00,-0.005017257228219772,-2.2264999492449853e-05,4.060145289233148e-08,0.0009178504817123404
2025-06-02 08:00:00,-0.004321775799835604,-0.0024438589399062775,-9.370528879879383e-09,-0.0008946578754452235
2025-06-02 09:00:00,-6.0823177141780265e-05,0.001892480717643928,-2.3007202000657884e-08,0.0025842934595035586
2025-06-02 10:00:00,-0.0005423246476206757,-0.002863696956418034,-1.362039596859077e-08,-0.0028410581338427065
2025-06-02 11:00:00,0.004095580735573883,0.0035548111813345855,-3.480846911017031e-08,0.004029036907433611
2025-06-02 12:00:00,0.0009083523079896263,-0.011212806233062478,3.100330235157565e-08,0.0032055966110066596
2025-06-02 13:00:00,0.0075059453889815275,-0.0031800399509404505,-1.635538415107261e-08,-1.3204785915837159e-06
2025-06-02 14:00:00,0.005016619933862413,-0.003328652003971013,-3.3642074435840203e-10,-0.00023970464609913546
2025-06-02 15:00:00,-0.0032354696736744595,0.0005943058573804559,-4.301535931024206e-09,0.004408943718882946
2025-06-02 16:00:00,0.004564195415772808,-0.0006564268093129615,-1.862821119804514e-08,-0.0036767407712796417
2025-06-02 17:00:00,0.00042272529393306505,0.0002828790085256241,3.945712784619023e-09,-0.003803590273723124
2025-06-02 18:00:00,-0.002363656476063466,-0.0016937573360784933,2.0729338603682716e-08,0.005551107427572396
2025-06-02 19:00:00,-0.0014758827968429662,0.013267912356414011,-8.843075994925955e-09,-0.005268608480249961
2025-06-02 20:00:00,0.002890244563727399,0.007701352106051479,-4.150796072859374e-08,-0.004932447103068198
2025-06-02 21:00:00,0.009000354383091644,-0.009230578404041533,2.0453482101660702e-08,0.004929294865988472
2025-06-02 22:00:00,0.006422987780354638,-0.008736695802313408,-1.4886609504542956e-08,0.004429410747670709
2025-06-02 23:00:00,0.003490897250789883,0.0042719976312123225,-3.0531988287084004e-08,0.0026931197897798733
2025-06-03 00:00:00,0.00419059935890105,0.0013009260202135632,-7.302127702993284e-08,0.01205572814236413
2025-06-03 01:00:00,-0.004857795208074154,-0.0015089253160078307,-1.2884523379349778e-08,-0.004774332270919601
2025-06-03 02:00:00,-0.0038171706065462194,-0.00018755713845718274,3.112153183116115e-08,0.0008914112834629136
2025-06-03 03:00:00,-0.000445134424515796,-0.0012997433153512452,6.694708217523442e-09,0.003112804748039079
2025-06-03 04:00:00,-0.0011579951151853346,0.0003484874971150892,-1.6996300617328265e-08,-0.005617449665126915
2025-06-03 05:00:00,-0.0021046668336890235,0.00034955183322779175,-1.0679126120100914e-08,-0.004030197723816141
2025-06-03 06:00:00,-0.0043596497982116445,-0.002443367592410218,2.4084390906581714e-08,-0.0019284224629963623
2025-06-03 07:00:00,0.0048996639605307975,-0.0013830399437958316,-1.4793292893672341e-08,0.0054922884942102115
2025-06-03 08:00:00,0.002506103520185133,0.0007581623890260844,-1.817718269873672e-08,2.8873109674939987e-05
2025-06-03 09:00:00,-0.004602243167002609,0.0037972727893661306,2.140464832435546e-08,-0.007202722238587585
2025-06-03 10:00:00,-0.0005694757015069062,-5.17083621712382e-05,-4.434314812949489e-09,0.009408281957381906
2025-06-03 11:00:00,0.001820704473268428,0.0001460368225327496,-2.2283071099392727e-08,0.002385994364825744
2025-06-03 12:00:00,0.004647885439214017,-0.005706378411130706,9.188907265985158e-09,-0.0021973542120679785
2025-06-03 13:00:00,0.004650386690026375,0.008043523214332835,4.467904606453707e-10,0.0028781072022669853
2025-06-03 14:00:00,0.0012500376869746276,0.009579685564657542,2.8283920711697095e-08,-0.009023059660058055
2025-06-03 15:00:00,-0.005008776627951885,-0.004672610940844021,-2.299798131493566e-08,0.004250162291211239
2025-06-03 16:00:00,0.0024837292208600625,-0.0005281153458057928,-1.5353927587570205e-08,-0.002969372476574386
2025-06-03 17:00:00,-0.0009480201498415144,-6.838381097537186e-05,1.514913215942917e-08,0.00048082027200748513
2025-06-03 18:00:00,0.0017735101470836019,0.004220673423065619,-1.6879911201168476e-08,0.001513795914557891
2025-06-03 19:00:00,-0.0035366476968031347,-0.012737111623963496,7.080047406922939e-08,0.00827228533209828
2025-06-03 20:00:00,-0.00564740856933968,0.0018783299314428042,3.833397600879762e-08,0.0050178988879434035
2025-06-03 21:00:00,0.006079037018793585,0.007695791773333044,-5.4560447097980715e-08,0.0017777237794563436
2025-06-03 22:00:00,-0.001961754403800629,-0.0020765918005433825,4.550587325434503e-09,0.0027640142773137856
2025-06-03 23:00:00,0.0035017108640175284,0.005859091025768526,-3.6916398633078234e-08,0.0046106682645282795
2025-06-04 00:00:00,0.005027940708941236,0.00021741539106172244,-3.865585008995633e-08,0.00015329975338153866
2025-06-04 01:00:00,-0.0005394876257832889,-0.0032466584255769508,1.4227110895537167e-08,0.0002708478635140859
2025-06-04 02:00:00,0.004786622235022011,-0.0015694088423381235,-3.265353462357952e-08,0.00046833664576078607
2025-06-04 03:00:00,0.0023222540605542935,-0.0032927474367352065,-1.3505105202140839e-08,0.00028466799508643426
2025-06-04 04:00:00,-0.004038729320035974,-0.00037914728187657686,3.208023476605824e-08,0.0015941202340658
2025-06-04 05:00:00,0.0010733730069100002,-0.0006731533693137949,-1.161824973824771e-08,-0.00031786462012834907
2025-06-04 06:00:00,0.0008272700660139794,-0.00030540962924478055,-2.861929514712059e-09,-0.0028709833823518656
2025-06-04 07:00:00,0.0029558454078606232,-0.001377935487332103,-9.25686794565711e-09,0.00021021424753040044
2025-06-04 08:00:00,0.00063390794974161,0.003669625459363795,3.149988957301219e-09,0.0023531464561329716
2025-06-04 09:00:00,-0.0004961591416710476,-0.0061190537752640545,2.0140682191116278e-08,0.00216777314130757
2025-06-04 10:00:00,-0.0025070373251335773,-0.001655771876405978,-2.6025981552271068e-08,0.002747984270982851
2025-06-04 11:00:00,-0.0008562184383464934,-0.005847799503484659,4.1542599937123105e-08,0.0016647581761134313
2025-06-04 12:00:00,0.0013705983793501726,-0.0017373036118744191,-2.5793970896340452e-08,0.0024169836380021686
2025-06-04 13:00:00,0.005520073239973814,-0.004033975060041282,-9.990586422720655e-09,-0.0017972139036550256
2025-06-04 14:00:00,0.006418443277457441,-0.00705718448133818,3.4585454024603474e-09,0.0037733897413272975
2025-06-04 15:00:00,-0.00042629920629427907,-0.0006592730241243661,2.6869086115395744e-08,-0.002421270747944444
2025-06-04 16:00:00,-0.005696837733556318,-0.0028993099713001285,4.620431803462301e-08,-0.004379983722189509
2025-06-04 17:00:00,0.0004553689602510246,-0.0023215616898533777,6.507251668602505e-10,0.0030128883927354132
2025-06-04 18:00:00,-0.0012436751704420893,-0.0037578256686814355,3.050635174044884e-08,0.0020024887419790695
2025-06-04 19:00:00,-0.006971840921684301,-0.0013363991728490199,4.617266760431848e-08,-0.0031924450963690797
2025-06-04 20:00:00,0.004389436596369834,0.0032526840246330266,-2.9285254946263253e-08,0.001035645793451513
2025-06-04 21:00:00,-0.0032206286882787713,-0.00818131213428609,5.2272774101183686e-08,0.004850602525814715
2025-06-04 22:00:00,8.033296901199241e-05,-0.001910541221505303,2.9691216991468814e-09,-0.0021878757725874087
2025-06-04 23:00:00,0.001472807564155488,0.0045445359418039505,-1.3054838519118457e-08,-0.00025391234149394344
2025-06-05 00:00:00,0.00041636524795429764,-0.005232714368396348,4.585110346417634e-09,0.0007376926082972761
2025-06-05 01:00:00,0.0012617658242085237,0.0031823405460024066,-7.834592077577881e-09,0.0012505923035622361
2025-06-05 02:00:00,0.0002503779202475587,0.001062242152882424,-5.8694027391414715e-09,0.00024379240409129984
2025-06-05 03:00:00,0.002133030814136733,-0.0005455035475362292,-6.358405944400528e-09,0.0009186548704178277
2025-06-05 04:00:00,-0.0024580384362132444,-0.004466151104726994,5.6023354976837335e-09,-0.00232793323126107
2025-06-05 05:00:00,-0.004977292382357716,0.000574300900890029,4.5564933233869496e-08,0.011631607179228422
2025-06-05 06:00:00,0.00034116979102012993,0.0025450613490654818,-1.0400381254803192e-08,0.0004866269959131459
2025-06-05 07:00:00,0.00042301928027602495,0.000378274610747003,-4.364450403700761e-09,-0.007017381416557729
2025-06-05 08:00:00,0.0008142873079732651,0.003613365523168802,-7.71881048565214e-09,-0.0042573376988358355
2025-06-05 09:00:00,-0.006014891771180527,0.002143068953601222,2.7322736323750175e-08,-0.002014881352382173
2025-06-05 10:00:00,0.0036923707397738246,0.00012331597018795914,-2.0582751711096074e-08,0.00424461479446179
2025-06-05 11:00:00,0.006335415846337447,0.007568805638405631,-3.5722054377307985e-08,0.006367415682637047
2025-06-05 12:00:00,-0.00592732875671923,-0.005844046659509766,3.392467513802029e-08,-0.007614429788386845
2025-06-05 13:00:00,-0.0009304722373413179,0.007605951888729712,-1.315306429999036e-08,0.0027464853615503156
2025-06-05 14:00:00,-0.0012696195714537663,-0.0013459917069906437,6.164976014650515e-09,-0.0026409263515551973
2025-06-05 15:00:00,-0.0056259103770352255,-0.020561744387449322,5.352265802956869e-08,0.0002489041803168913
2025-06-05 16:00:00,0.005480097878406531,0.004953690382299828,-3.933056583261108e-08,0.004668266921291048
2025-06-05 17:00:00,-0.0006959911530681265,-0.0009183773986796689,3.116450011523809e-10,0.001483650086910736
2025-06-05 18:00:00,-0.011533276649543844,-0.013417657811414276,9.611987818394124e-08,0.0016161057341810012
2025-06-05 19:00:00,-0.04493814402341682,0.02153967943109906,1.9331392247495828e-07,0.001967970871568829
2025-06-05 20:00:00,0.008792850543373594,0.004348826702809706,-3.5868449913474445e-08,-0.0020394098449170012
2025-06-05 21:00:00,-0.001017624990195927,0.00042151453486776006,-1.4167299564838723e-09,0.002132111483313088
2025-06-05 22:00:00,-0.004562922960031525,0.005872762899337853,2.3582273752524254e-08,-0.0022225299211620798
2025-06-05 23:00:00,0.00250301109539687,0.011522088482244475,-3.06952436365851e-08,-0.003186908743574757
2025-06-06 00:00:00,0.0014763279870031198,0.008229088297139996,-3.4863861549877476e-08,-0.0025692689478489204
2025-06-06 01:00:00,0.005818419779645467,0.0019398069948943174,-2.1494172813201802e-08,-0.0010120886481519242
2025-06-06 02:00:00,-0.003464392395991396,-0.007088793546426324,2.8185671945834787e-08,0.005731516789705613
2025-06-06 03:00:00,-0.0016338741870847433,0.002797526208232927,1.9824781045590013e-08,0.0005043886305097554
2025-06-06 04:00:00,-0.008464837869718266,0.0016159510188416698,5.5001570539817704e-08,0.0028616096053401424
2025-06-06 05:00:00,0.0036433254211715896,-0.002727090297166268,1.6711000661400436e-08,-0.0017766056219713177
2025-06-06 06:00:00,0.0033115867418470643,-0.004521008297439804,2.223298752504878e-09,-0.0018243069338298936
2025-06-06 07:00:00,0.0020957448345226243,-0.0005862344423032652,1.7458232633989217e-08,0.0006061458721489385
2025-06-06 08:00:00,0.003248101024401308,-0.004864365785559473,9.716728333704882e-09,-0.001679518053505455
2025-06-06 09:00:00,0.004239907541022448,0.0026738537708022756,-4.7922755496642704e-08,0.0022465773880111966
2025-06-06 10:00:00,-0.004570090997246042,0.014877151754919988,-5.072582308140198e-09,0.00543369494709575
2025-06-06 11:00:00,0.000527430306217895,0.006555863336926517,-4.2852700155700243e-08,0.006278303281974632
2025-06-06 12:00:00,0.007212650520517976,0.0006173508123296905,-6.404342142681527e-08,-0.004296630446829509
2025-06-06 13:00:00,0.00168482872760424,0.011112265249146778,-1.1757233871274409e-08,0.0017682471527122004
2025-06-06 14:00:00,-0.0016597654736868529,-0.00030611431755544365,4.592198063755544e-08,-0.0015359948522568842
2025-06-06 15:00:00,-0.0028973978569440733,-0.0026732282032256006,1.075203358066606e-08,0.002279793202124183
2025-06-06 16:00:00,0.003782045988622187,-0.002538478005629445,1.5893097780874203e-09,0.003418969489744802
2025-06-06 17:00:00,-0.00190459535412977,-0.010534573679763381,2.809708617421978e-08,-0.0040846411842408075
2025-06-06 18:00:00,0.002383073264851324,0.01571742855728705,-7.939568990464718e-08,0.009113898666072158
2025-06-06 19:00:00,0.0048298600402142235,-0.001796714897977496,-1.2429135307551074e-08,-0.0001474964581025608
2025-06-06 20:00:00,-0.0033564969731635433,0.002705018383412768,4.234739449504323e-09,-0.0009036656316907652
2025-06-06 21:00:00,-0.002229627632147142,0.0014122673164319083,2.9178540719034475e-08,0.0016568638996401059
2025-06-06 22:00:00,-0.0005031504177212798,-0.00201245121796604,3.6285295161308408e-09,0.0014152335509698027
2025-06-06 23:00:00,-0.0011794375650326545,0.01473276919290309,-4.029396422581989e-08,0.0022095794464402838
2025-06-07 00:00:00,-0.0007023732818174054,-0.007256884165840189,4.170114591186063e-08,0.0032991095247457483
2025-06-07 01:00:00,0.0024777821126046387,0.005292032473819621,-4.384971545590659e-08,-0.0003620810252145482
2025-06-07 02:00:00,-5.860504187444292e-06,0.007299553412677594,-8.896916807507341e-09,0.0012607453576106108
2025-06-07 03:00:00,-0.0013770359687911879,0.0012492789497088113,3.989596529949598e-09,-0.00042691032763109957
2025-06-07 04:00:00,-0.0017244357006163833,0.012835028944429429,-4.275904811621203e-08,-0.00024201705132852026
2025-06-07 05:00:00,-0.0007435933700977509,0.007590963480600812,6.2359495354601815e-09,0.0019673841749966257
2025-06-07 06:00:00,-0.006631714409099694,0.011524955551513925,-3.217392619087761e-08,-0.0004686850992058719
2025-06-07 07:00:00,-0.002116097054381416,-0.0031849579041520596,2.3856546140598126e-08,0.0001249890140330197
2025-06-07 08:00:00,0.0007754498641911206,-0.002285707326083146,1.1614637720801718e-08,-0.00022374615930953343
2025-06-07 09:00:00,0.00409389264803707,-0.0017609642222421531,-1.1913125651123947e-08,-0.004153553909271997
2025-06-07 10:00:00,-0.001344746178781837,0.0021216129030129727,3.235409018831731e-09,0.0038230187026442155
2025-06-07 11:00:00,-0.0009163640927323234,0.0012195153171225073,2.97361642161801e-08,-0.003169293500844627
2025-06-07 12:00:00,0.002329486610602373,0.003874767866414947,-3.079839991556947e-08,0.006623508740611316
2025-06-07 13:00:00,0.003080588782470554,-0.005687556357896279,-2.307681617001066e-08,0.0008192588680189237
2025-06-07 14:00:00,0.0037269119447569496,-0.007688461186442542,8.436169116516682e-09,0.00048356599549558477
2025-06-07 15:00:00,-0.0019949439386813144,-0.0028258752077396873,1.1823391279096062e-08,0.005800539333705191
2025-06-07 16:00:00,-0.002796811883483448,0.004321624507341609,2.014497409948734e-08,0.002691125249793741
2025-06-07 17:00:00,0.0009392578968519742,0.0013306290249989684,5.943701608558159e-09,0.0005130727472586842
2025-06-07 18:00:00,-0.0009189123520025905,0.0022345202447499905,1.0827604916157447e-08,-0.002351947973700579
2025-06-07 19:00:00,0.0005334686159791907,0.0018534519006503782,1.205425716883366e-09,-0.004679602992874588
2025-06-07 20:00:00,-0.002318055964126505,0.009257429225235187,-1.7697629004321415e-08,-0.00036358114464671325
2025-06-07 21:00:00,0.003952688376390735,-0.006300264986826683,-8.974262169792084e-09,0.0020165357580030803
2025-06-07 22:00:00,-0.0019917388988003517,-0.0029062918525837693,3.7051465535748375e-09,-0.0007822519293068239
2025-06-07 23:00:00,0.00026067838960177865,-0.007478617969474182,3.1198352454052607e-09,-0.0035207571915839902
2025-06-08 00:00:00,-0.0002949328902284178,0.009397669624827644,6.657784071338323e-09,0.004596702904705329
2025-06-08 01:00:00,-0.0013419416137397916,-0.003038934274071967,-1.6109591879843868e-09,-0.001556369672939154
2025-06-08 02:00:00,0.0022742018945592153,-0.004821966138007564,-4.0733686703433015e-09,0.000759789139843479
2025-06-08 03:00:00,-0.0011261912044432413,0.0050990279523182875,1.0870756306783498e-09,-0.005708811172356575
2025-06-08 04:00:00,0.0036454216418540615,-0.011705069468365104,-2.1612864522657927e-08,0.008045820853357965
2025-06-08 05:00:00,0.002284533979464428,0.0006507323282991319,-1.5761233538263083e-08,0.006080274942185715
2025-06-08 06:00:00,-0.0019395530703425125,-0.0016985519003910768,2.336900188826465e-08,0.005910191979139373
2025-06-08 07:00:00,0.0033128650352643816,-0.007370145497114502,-2.0866304457404823e-08,-0.000341450819627496
2025-06-08 08:00:00,-0.002300984340656787,-0.006937610220239248,1.450415196688966e-08,-0.0005625226894184036
2025-06-08 09:00:00,0.0014303955636680407,0.0021352295651042032,9.4680480080124e-10,-0.00033464470043239675
2025-06-08 10:00:00,0.00683591935527973,0.00162542362783459,-3.28097926903019e-08,-0.007051553046705818
2025-06-08 11:00:00,0.003538714026898291,-0.012533851855638807,-2.3596443149453386e-08,0.004542750165844446
2025-06-08 12:00:00,0.00038745267619746634,-0.004381448637644007,-1.8725856989339213e-08,0.0057007747637327615
2025-06-08 13:00:00,0.003833134665543128,0.00032633523887427135,-1.6432121921010343e-08,-0.0016212501642882944
2025-06-08 14:00:00,0.00041615387677589803,0.0023558608840234334,9.484610682911547e-09,-0.0012160506430040517
2025-06-08 15:00:00,0.0008816579926860012,0.0074817871196659865,-3.30288989510465e-09,0.0023402642981561034
2025-06-08 16:00:00,-0.0030282037811242,0.004135528675668864,1.7223059220523407e-08,-0.0008274037698932149
2025-06-08 17:00:00,-0.0007322079920092052,0.009799860061031365,1.6464597190226037e-08,-0.0010212175440030395
2025-06-08 18:00:00,0.0014649902894717196,-0.00046289852959900473,-1.5777755998010004e-08,0.0011323206572397865
2025-06-08 19:00:00,-0.0006781493147295612,-0.0018583690020094678,-2.1525538624086335e-09,0.0029784259039993682
2025-06-08 20:00:00,0.00012643845835337455,0.0050678448977107245,1.4500654069868432e-08,0.0011217285913319036
2025-06-08 21:00:00,-0.009280722628344068,-0.0031019036888724786,3.5193995846109786e-08,-0.0019044599406787134
2025-06-08 22:00:00,0.00042927494867185017,-0.006043448952945705,-1.1940858197847486e-08,-0.0013344445996074086
2025-06-08 23:00:00,-0.0005279285582343477,0.002260298541069066,6.360190344891222e-09,0.0010059104981283205
2025-06-09 00:00:00,-0.004395783781701429,0.0012569556371069023,2.7331566946026614e-08,0.0007444515999508213
2025-06-09 01:00:00,0.002995263451834972,-0.0015054118413541807,-1.6028740617862377e-08,0.0023327230933913377
2025-06-09 02:00:00,0.0009520484019782274,0.001440478538188997,3.1919990065755555e-09,0.002569240336073559
2025-06-09 03:00:00,-0.0057186073899203865,0.0009666784093630992,3.500474670037313e-08,0.0003657635423377182
2025-06-09 04:00:00,1.0063795984964832e-05,-0.009564487187686389,-3.6073414149760774e-09,-0.0012193406171380058
2025-06-09 05:00:00,0.0034588085875898586,0.004759174206920448,-4.096335751746441e-09,-0.003927670470242396
2025-06-09 06:00:00,-0.0036988581475299134,0.0028067694765583125,1.8746411993850207e-08,0.0016077341081047025
2025-06-09 07:00:00,0.005491611158655609,-0.0013814433200880852,-1.309611878684606e-08,-0.0025175187658123474
2025-06-09 08:00:00,-0.0007595398532158045,0.011400348851196312,4.311825405528046e-08,0.005407526399793622
2025-06-09 09:00:00,0.0012894534553654583,0.005557416430680962,1.7088790278151254e-08,0.002866009570877566
2025-06-09 10:00:00,0.005457718562087998,-0.007422960217565817,1.1554856097850717e-11,-0.0002677837686501565
2025-06-09 11:00:00,0.0002504734863546876,-0.0056926192957045775,-1.0374099970710186e-08,0.0010841467804201808
2025-06-09 12:00:00,-0.006476638646759279,-0.008392269030373595,1.2917944318523357e-08,-0.0036478260362016648
2025-06-09 13:00:00,0.0002880570990692129,0.010224005330272824,4.54181170376706e-08,-0.0003898713852480149
2025-06-09 14:00:00,0.002039410240315949,0.003518704564177832,-1.9462846102104525e-08,-0.001541274420410124
2025-06-09 15:00:00,0.006225364614250719,-0.0037783582208105277,-5.844631898899341e-08,-0.0024618112952434694
2025-06-09 16:00:00,0.003087638079448673,0.0055806510925294,3.121416062736978e-08,0.0015580359931215253
2025-06-09 17:00:00,0.001140939703736397,-3.9593285909648975e-05,4.1608649100841555e-09,0.0028426495195003464
2025-06-09 18:00:00,-0.0007807710876684302,-0.006372332126307451,2.4024002080706726e-08,0.0005476080222189588
2025-06-09 19:00:00,0.0036943250029867042,0.0020452610427231207,-2.3905267525956705e-08,0.0006587401678939541
2025-06-09 20:00:00,0.0063515526141187054,0.03124731970184158,-1.721210921341895e-08,-0.013549500937005219
2025-06-09 21:00:00,0.004070742182139193,-0.007138840054291631,-3.0540157604755387e-08,0.0040514562247630035
2025-06-09 22:00:00,0.0010699709415512902,-0.0005683257855509879,-1.580218634303512e-09,-0.00014072466132036287
2025-06-09 23:00:00,0.005910337516387543,-0.010800834905687486,-6.87321887005388e-08,-0.00040042806020045766
2025-06-10 00:00:00,0.005455482830227133,-0.020222427379048814,-3.065449140322875e-08,0.001531994641483143
2025-06-10 01:00:00,-0.003780083456302325,0.006352641054833295,2.3693266183640265e-08,0.00137994037765754
2025-06-10 02:00:00,-0.007719387285322687,-0.002713788358236984,3.9713832030383244e-08,-0.0033381552724557322
2025-06-10 03:00:00,-0.0002831305442826847,-0.00047022468587187675,4.905221198848975e-09,0.0005084205364288438
2025-06-10 04:00:00,0.0011647907203749964,-0.0058517395361422754,1.8348706014712526e-08,0.004812044663027748
2025-06-10 05:00:00,0.0026020212158097333,-0.0112254713685301,7.339150386566217e-09,-0.0007621630994470393
2025-06-10 06:00:00,-0.0007618557132785606,0.00011961948444227405,-1.4653919381619073e-08,0.0002789000659580892
2025-06-10 07:00:00,-0.0018170117100681981,-0.0054390791723954056,2.4948649306361885e-08,0.0017882762706921496
2025-06-10 08:00:00,0.0037233008227573815,0.009479245139466014,-2.8547188324542706e-08,-0.002533466090628674
2025-06-10 09:00:00,-0.0006755870454306649,-0.022850317451371827,3.700282943667413e-08,0.004180473136211747
2025-06-10 10:00:00,0.024715573662675863,-0.058104217192495825,-8.459572378706852e-08,0.011026623143688585
2025-06-10 11:00:00,0.0022031635715653386,0.0080856458701739,-4.029476026888852e-08,0.002153353882729951
2025-06-10 12:00:00,-0.001500969175092199,-0.016727780275791783,4.4619977008254595e-08,-0.004756697749286474
2025-06-10 13:00:00,-0.006790949965745188,-0.00985976657407578,3.445107966063253e-08,-0.002271611039503903
2025-06-10 14:00:00,0.0022853299659030464,-0.012907702739994448,3.1671044662263106e-08,-0.004240820093063452
2025-06-10 15:00:00,0.000988969070563229,-0.01230768740118512,3.899622532583393e-09,0.0006685330766594397
2025-06-10 16:00:00,0.0025424606146576567,0.013670835204781706,-6.195208679414574e-08,0.0018692109101193317
2025-06-10 17:00:00,0.012624662362428308,-0.014351008891683047,-2.2187403325405516e-08,0.002687988077447526
2025-06-10 18:00:00,0.00249956268157585,0.0004006437693327709,2.1123388765296797e-09,-0.001801054950683513
2025-06-10 19:00:00,0.002094532777905369,-0.0051209302570374106,1.2826206336469106e-08,0.004981851123247793
2025-06-10 20:00:00,-0.0021596150919969076,0.007585398400628939,4.8285731604032795e-09,-0.0032849858726606545
2025-06-10 21:00:00,0.006934886267486934,-0.007995589768591329,-4.1663641605408934e-08,-0.001257022953841455
2025-06-10 22:00:00,0.003281317771985953,-0.004287383705502921,2.185661891615514e-08,0.004900708919802631
2025-06-10 23:00:00,-0.00632994702983605,-0.0032820258253811875,4.6772467021739217e-08,-0.004014183337583286
2025-06-11 00:00:00,-0.003796147606992824,-0.0007687092470193837,1.8427577514132835e-08,-0.0011622883992236507
2025-06-11 01:00:00,0.0016451354686945684,0.0018991612825808195,-9.397863432780457e-09,0.0017555917373313493
2025-06-11 02:00:00,0.0010177198689022967,-0.0026804329421218536,-2.1054163195074924e-08,-0.0067453617059292075
2025-06-11 03:00:00,-0.0026110676324022364,0.0034278317943474052,-8.41313429841557e-09,-0.002077780350177431
2025-06-11 04:00:00,-5.8826319345659755e-05,0.006221039033032467,-2.716054886066884e-08,0.000893233620070687
2025-06-11 05:00:00,0.0055586951417664916,-0.022071409762563506,4.2744441382027894e-08,0.0006296473779002011
2025-06-11 06:00:00,0.003246380247449741,-0.008083647924936118,-2.6013770164802016e-08,-0.007356491033007743
2025-06-11 07:00:00,-0.005266369494407194,0.03686326856431478,-8.726733041424767e-08,-0.001972695042633998
2025-06-11 08:00:00,-0.007981409637988816,0.008594178876367717,1.6310179016192612e-08,-0.002541284591753826
2025-06-11 09:00:00,-0.004316889934353204,0.04213677420869632,-1.2337233748542755e-07,-0.010395199055340263
2025-06-11 10:00:00,-0.009395227557908684,0.032325202128509874,-4.296269826590237e-08,-0.011122754990365823
2025-06-11 11:00:00,0.010367261257466528,-0.01266664522313127,-5.164384128777831e-09,-0.001571709101888301
2025-06-11 12:00:00,-0.0032909721082797746,0.003924485210041315,1.4522005943843121e-08,-0.00044929768840592496
2025-06-11 13:00:00,0.008692719217744808,0.0005890046499752007,-6.693808816131283e-08,0.0015358210195766321
2025-06-11 14:00:00,0.001814761353179708,-0.0014195772638066339,-3.778045502111587e-08,0.005192224613957466
2025-06-11 15:00:00,-0.004391485469033633,0.002839508772038851,2.4177918658437277e-09,0.0024150493874913275
2025-06-11 16:00:00,-0.014002546965375342,0.012725761466158827,3.5535444653105246e-08,-0.00034504429214875503
2025-06-11 17:00:00,-0.001463324602103406,0.003784322492146011,2.436959050563187e-10,0.004088299009210869
2025-06-11 18:00:00,-0.001256051374772328,-0.00386458990178244,2.7393125355862916e-08,0.0010829044344074408
2025-06-11 19:00:00,-0.0014476276559630434,0.0029059544777615453,7.0988611408263635e-09,-0.0026320141597760832
2025-06-11 20:00:00,-0.010171038166832935,0.004659548130933253,4.268788276247851e-08,0.004734392439888045
2025-06-11 21:00:00,0.001391543997292151,-0.01237265046600872,4.16787550927677e-08,0.002876246358992021
2025-06-11 22:00:00,0.005145452229213067,-0.0015599496378380631,-2.3502484171817536e-08,-0.00038867155687369976
2025-06-11 23:00:00,-0.00014292265565441127,-0.004717970518252045,2.8967250378284614e-08,-0.0006390169845618457
2025-06-12 00:00:00,0.001996817059805743,-0.012489606661030057,3.540039618614e-08,-0.004443459842982451
2025-06-12 01:00:00,-0.0037793414536329423,-0.0033712292155214448,3.73485435133766e-08,0.000568745734463681
2025-06-12 02:00:00,-0.002656932531179818,0.002312216416211904,-2.4349216863458886e-08,-0.0026597379335925493
2025-06-12 03:00:00,-0.001986857258676823,0.003477200423328993,-6.002782055365888e-09,0.0004973851767332041
2025-06-12 04:00:00,0.000980001305077325,0.0014798750811227932,-1.7789592322208396e-08,-0.0005072488434092229
2025-06-12 05:00:00,0.00024027637706235615,-0.00617640423886678,4.1395605306039104e-08,-0.0004688980742985723
2025-06-12 06:00:00,-0.004722312375408509,-0.0010680925888323619,2.9194576712251726e-08,-0.0031012267328255944
2025-06-12 07:00:00,0.0015662930738469254,0.002659624808590353,-1.7485007842922637e-08,0.002227617095348134
2025-06-12 08:00:00,0.0013636129805463097,0.0049854905654191355,-4.305287794340726e-08,-0.006075390671413601
2025-06-12 09:00:00,-0.002229161768731391,0.007863232320739799,-1.9220497705330545e-08,-0.010926741458637333
2025-06-12 10:00:00,-0.008094236638721048,0.0012790130289899988,3.52995973674712e-08,-0.004678480713890432
2025-06-12 11:00:00,0.012673640876569768,-0.0021827316799715533,-8.18767804604941e-08,0.018010427873777542
2025-06-12 12:00:00,0.000875769693204507,0.014840127289411916,-7.197280689860247e-08,0.0017417822509262486
2025-06-12 13:00:00,0.004624245150998688,-0.0031283817102530417,1.9216458464063787e-08,0.0004106012361787251
2025-06-12 14:00:00,-0.011317185216515977,0.008857184114370583,3.911253144999854e-08,-0.00437059310003591
2025-06-12 15:00:00,0.009299732156879797,-0.004806789162343017,-2.2680981809546e-09,2.0903008956863784e-06
2025-06-12 16:00:00,0.005502507613024902,-0.0012484744787672343,-1.4485775563098508e-08,0.0033905931483614966
2025-06-12 17:00:00,-0.006110086845459108,0.005506806255187772,7.673047818020014e-09,-0.005051946057081625
2025-06-12 18:00:00,-0.012449238672577917,-0.010812387083394045,9.520218704359897e-08,0.006275399680312893
2025-06-12 19:00:00,-0.010811539169721038,-0.00511704611890574,5.523239156996665e-08,0.0007699477899791255
2025-06-12 20:00:00,0.0038336199984569533,0.01750980665529398,-7.817501364575282e-08,0.005003433295394144
2025-06-12 21:00:00,-0.0030455192787108443,0.0019452447850077056,-1.5844200731048945e-09,-0.0031023817350398003
2025-06-12 22:00:00,0.001205935239888108,-0.00010522407765760777,-2.154356993485624e-08,0.002023577712336678
2025-06-12 23:00:00,-0.035691606818761636,-0.021805187735522615,3.485863882046439e-07,0.02241840032860696
2025-06-13 00:00:00,0.00022756875246355938,-0.010904686378724127,9.001473120447426e-08,0.0035510095452723463
2025-06-13 01:00:00,-0.004387947703425989,-0.009178290502465505,6.31079188847799e-08,-0.0005147168333905568
2025-06-13 02:00:00,0.010903296615931136,-0.017805211449474716,1.5082043543171163e-08,-0.011131220549508316
2025-06-13 03:00:00,0.0002316477267557816,0.005011703990896063,3.878951800647911e-09,-0.0018300816251899748
2025-06-13 04:00:00,-0.0025611210473063346,-0.011464064122884992,2.4499477656538864e-08,0.0007273779135088252
2025-06-13 05:00:00,0.0035402440153981104,-0.007821767455132057,3.754270857050008e-08,0.0020573298300511993
2025-06-13 06:00:00,0.009478135365979771,-5.707994862613465e-05,-2.9982576841804076e-08,-0.0030065036486117973
2025-06-13 07:00:00,0.008192846177341444,-0.0007490575015935623,-4.660705878487175e-08,-0.0032818882381836973
2025-06-13 08:00:00,-0.005224224648839698,0.008662972799718177,1.5070087334587196e-08,0.0016534080587406767
2025-06-13 09:00:00,0.003606330249740511,0.006131390101040646,-5.3024891417067524e-08,0.00016914920003876762
2025-06-13 10:00:00,-0.0008552892217524488,0.000785859957799466,6.919625445399407e-09,0.0027790400875338946
2025-06-13 11:00:00,-0.005291435538344377,0.021996302151389344,-3.3158353986962474e-08,0.00017351015152604032
2025-06-13 12:00:00,-1.5467980374625034e-05,-0.007886889289692264,1.1207875164270609e-08,-0.0003710071099079431
2025-06-13 13:00:00,0.005201818364363828,-0.0275163738468832,8.714122649860285e-08,0.008353022002581
2025-06-13 14:00:00,0.008197090940658625,0.006100579529865366,-4.254299021184065e-08,0.0038147409259174166
2025-06-13 15:00:00,0.005075776616306502,-0.003793255307635199,-8.265230026155226e-09,0.0018197098195984768
2025-06-13 16:00:00,-0.0017118054832004417,-0.05316153566379089,1.3705731285815965e-07,-0.005862223637761871
2025-06-13 17:00:00,-0.008853812693857294,0.001489878648811866,5.7628078424879776e-08,-0.002734671067050663
2025-06-13 18:00:00,0.0029270312429780145,-0.0029342590724943884,-1.4706441779566799e-08,0.004143291252271202
2025-06-13 19:00:00,0.007425835295724084,-0.03437921550961045,2.999454153940854e-08,-0.0040586460375372025
2025-06-13 20:00:00,0.001154538068625903,0.009097959376882021,-1.7034529822618005e-08,-0.0037405606462744814
2025-06-13 21:00:00,0.003558074787096445,0.04001836455996291,-1.1052575297299704e-07,-0.005335453300382175
2025-06-13 22:00:00,0.005058920180078561,-0.00617398455372917,-6.149733934389148e-09,-0.001713006451886201
2025-06-13 23:00:00,-0.0053044551805261275,-0.02023580376351635,7.288331180012852e-08,-2.740701788208392e-06
2025-06-14 00:00:00,-0.00337662398515027,0.010454437008921562,-2.0806407818783153e-08,-0.00033377537590232063
2025-06-14 01:00:00,-0.00025131019554131315,-0.010017619996652042,1.8367507132084426e-08,0.0005572353015368098
2025-06-14 02:00:00,0.0036635909836427423,-0.03928861128514335,4.884580562858833e-08,0.0025857669961074415
2025-06-14 03:00:00,0.0017406139214870666,-8.93111800331724e-05,-2.916722202434871e-09,0.0005759916086465405
2025-06-14 04:00:00,-0.00032131110964083023,-0.007314465372174139,8.793471750441933e-09,-0.0024229577899207875
2025-06-14 05:00:00,-0.0031066332051667336,-0.008883617816942944,3.57480374567392e-08,0.0029767309089343366
2025-06-14 06:00:00,0.0011837052625311342,-0.04863238087317594,7.83657597693248e-08,-0.0016073956494331316
2025-06-14 07:00:00,0.0015205865366183973,0.016489827836553086,-3.419956433539325e-08,0.005656017152844223
2025-06-14 08:00:00,-0.004976191291697484,-0.007929026201186169,4.108454660250109e-08,-0.001837794561093107
2025-06-14 09:00:00,0.0027348838606728026,0.0035003238067238714,-2.2008332881892245e-08,-0.0023594898697537636
2025-06-14 10:00:00,6.774323627945444e-05,0.029543295677849506,-5.25882253413335e-08,0.003707204135443111
2025-06-14 11:00:00,-0.0004776467596719992,0.019021525508328307,-2.763024412997258e-08,-0.0017141541936502589
2025-06-14 12:00:00,-0.0019104962437973497,0.002370250846412856,9.853377956199948e-09,0.001289512916156264
2025-06-14 13:00:00,-0.002626724005931898,-0.0032572997930213564,2.163592088541276e-08,-0.00011534685312776174
2025-06-14 14:00:00,-0.005415233330929291,0.018909503849797886,1.386012379037181e-08,-0.0006854517404086673
2025-06-14 15:00:00,-0.006409731241386975,-0.022262241711976462,6.135963964549418e-08,0.007232780632733571
2025-06-14 16:00:00,0.007346766968016036,0.0089751677389269,-6.790982455295309e-08,0.0009218994178157291
2025-06-14 17:00:00,-0.0024747146076977717,0.010918763516823525,3.269010312680652e-08,4.112268822309286e-05
2025-06-14 18:00:00,-0.0015871193603462215,0.009558067327127258,-2.1178356292504e-08,0.0007906754244016972
2025-06-14 19:00:00,0.00024660073828927995,0.0025527080361289756,1.4459902630471232e-08,0.002520266186189904
2025-06-14 20:00:00,0.00859288006938899,0.019882919924273202,-6.36876340530002e-08,-0.0028973866254083966
2025-06-14 21:00:00,0.0008684021281085204,-0.004529607985680746,1.5034076006167434e-08,-0.0020145936776331556
2025-06-14 22:00:00,0.005027023884934281,0.006271411186776644,-3.88187541045852e-08,-0.004742830964773992
2025-06-14 23:00:00,0.004244881482252541,-0.03353806530597156,2.3981517094267677e-08,0.00019779595913239163
2025-06-15 00:00:00,-0.002470106293062482,-0.04742509566653171,6.30015035714987e-08,0.0003979486300852101
2025-06-15 01:00:00,0.0007467319038572393,0.009304888763400725,-1.3109842439251488e-08,0.002449252650761615
2025-06-15 02:00:00,0.0003483778215607915,0.0014087602024529695,-2.2960465487402328e-09,0.0027508797653644844
2025-06-15 03:00:00,0.00372385346094841,0.01969345549304825,-5.354370183636097e-08,-0.0007915937589338438
2025-06-15 04:00:00,0.000870734497825083,0.008641768338442015,4.082709810359951e-08,0.006427082942688672
2025-06-15 05:00:00,-0.004881947549356514,-0.04398953676070692,3.965070356752297e-08,0.005425713465665698
2025-06-15 06:00:00,-0.003209557562101384,-0.01393202549075043,3.489805173859031e-08,-0.0021269379470603305
2025-06-15 07:00:00,0.0012576645488438488,-0.008237030291992135,-9.831821802248705e-09,0.004315833683766273
2025-06-15 08:00:00,0.005119860839766248,-0.00874861406142189,-7.197058037900344e-09,0.01200555061644787
2025-06-15 09:00:00,0.0001494857281624318,0.01768696625172947,-3.022359051134124e-08,-0.00579810836553731
2025-06-15 10:00:00,-0.0012906081059058225,-0.00672674633602281,3.521820377622288e-10,-0.0034221677387263135
2025-06-15 11:00:00,0.006369308693565013,-0.019026463984250983,-4.285258184237152e-09,0.006620500449055321
2025-06-15 12:00:00,0.001322110505816695,0.04035783278606252,-3.39338558793983e-08,0.0036292790620597514
2025-06-15 13:00:00,0.0016715759126164228,-0.07205445504862971,2.7357654830477435e-08,0.008689967700594773
2025-06-15 14:00:00,-0.002771944957691906,-0.014980051919510469,4.118916708890363e-08,-0.0023735727385562426
2025-06-15 15:00:00,0.0014227512605624723,-0.04070324224095924,6.249360244091599e-09,0.005658755351343652
2025-06-15 16:00:00,0.00040767292240792433,-0.01813698033883698,2.0947591823052798e-08,0.0007613044971842815
2025-06-15 17:00:00,-0.0002054405007841573,-0.017624522393408434,1.2508223837216785e-08,-0.006124205984975657
2025-06-15 18:00:00,-0.0021902294373030754,0.0020860188450914628,7.946312665151633e-10,0.00029553066678851547
2025-06-15 19:00:00,-0.006097404731461654,0.0004248160235867138,2.5790443784402524e-08,0.008105224762638023
2025-06-15 20:00:00,0.0020011340186367756,0.002289475516079913,-3.3966992585114815e-08,-0.003036104387344201
2025-06-15 21:00:00,0.004450031439457119,0.06569807070802544,-5.5851489877065316e-08,-0.0030804011253530348
2025-06-15 22:00:00,0.0023502858848812075,0.0008611753444657217,5.5684494479423965e-09,-0.0028366559849305993
2025-06-15 23:00:00,-0.0029582792585500614,-0.006087419359167484,1.004876897910982e-08,0.0032756120838007977
2025-06-16 00:00:00,0.010786785007635037,0.03404597290670103,-5.675809368080465e-08,-0.022768141291924324
2025-06-16 01:00:00,0.005606784194958338,0.03323060496800464,-4.406953684205792e-08,-0.0065912573910069105
2025-06-16 02:00:00,0.0008836019403326303,0.005407819141612688,1.4352081593225723e-08,-0.003962895505031537
2025-06-16 03:00:00,0.004182965395018437,-0.002887400792586879,-2.154074646459968e-09,0.0017344048194442453
2025-06-16 04:00:00,0.006674901022811984,0.036831784318962196,-2.6376780298725632e-08,-0.007950686042084099
2025-06-16 05:00:00,-0.001173547782724893,-0.006800070667732538,6.901599269480092e-09,0.0022190318249373222
2025-06-16 06:00:00,0.00487940533225287,0.01675094458633585,-1.1462254314418066e-08,-8.495950614376789e-05
2025-06-16 07:00:00,-0.0009160190836640336,0.0033208487846912967,1.7168573642168095e-08,0.0005658333009990903
2025-06-16 08:00:00,-0.0017653884532931963,-0.005028329745352569,-1.2087349672756557e-09,0.0001405024145451466
2025-06-16 09:00:00,0.0017888929336538234,-0.016304523961437285,-7.135684336895123e-09,0.003339982499825245
2025-06-16 10:00:00,0.01070293007165638,-0.009034916596913104,-4.909792255745485e-08,0.008280378238580318
2025-06-16 11:00:00,9.987515247093424e-05,0.0046405013872306815,-1.0588181395244896e-08,0.0020273794783452984
2025-06-16 12:00:00,0.0048450579253902165,0.01741963623386509,-2.6136599324493077e-08,-0.002650669144872741
2025-06-16 13:00:00,0.003216805471646728,-0.007896102550304877,3.219038186379016e-08,0.011411335302426169
2025-06-16 14:00:00,-0.0001490187619507553,-0.023732068066901285,9.976234546523127e-10,0.001031749526107466
2025-06-16 15:00:00,0.0045339597256900685,0.03935037134492551,-1.898693109196368e-08,0.008538774036973916
2025-06-16 16:00:00,-0.0005794423685149889,-0.004738397273515353,8.330143202893562e-09,-0.003754608291263633
2025-06-16 17:00:00,0.0070987435081464965,-0.019642359583722794,-1.4587074677293623e-08,0.0005948519177331044
2025-06-16 18:00:00,0.0035507023832515713,-0.02895937941501625,2.0547891723867125e-08,-0.003983727264351652
2025-06-16 19:00:00,-0.0029377005948922736,0.052713885014499515,-3.7790355255120195e-09,0.008250453651231402
2025-06-16 20:00:00,-0.004560699456205361,0.012378017176045754,1.042413287113692e-08,0.001934236399089525
2025-06-16 21:00:00,-0.018354540715489604,-0.03353587697830237,1.0061627133135267e-07,-0.002814533882457501
2025-06-16 22:00:00,-0.001774728757650357,-0.01554269201131625,-1.1722347019656556e-08,0.004984516410666395
2025-06-16 23:00:00,0.005830111219940978,0.006906544355949277,-3.5141560905315924e-08,-0.0013317109991017166
2025-06-17 00:00:00,-0.0028294091301273735,-0.00676844246070527,1.8050828545908733e-08,-0.0007221112334291535
2025-06-17 01:00:00,0.005423975566419148,0.011928952696749425,-1.678738930315634e-08,0.0015277994520291938
2025-06-17 02:00:00,0.00010018662338876275,-0.021364317355019667,1.180386562188868e-08,0.0009312760402667602
2025-06-17 03:00:00,-0.002855282145732269,-0.00221529774380114,4.695266229890171e-09,-0.0005086452382890845
2025-06-17 04:00:00,-0.003721004014245598,-0.008476138213748902,1.4598134933377316e-08,0.004607401449742402
2025-06-17 05:00:00,0.0010472696246446756,-0.01229779017305428,-3.2298299349638004e-08,-0.0024280943982324344
2025-06-17 06:00:00,0.0006522840367970213,0.0024689177763609063,-1.2659547162872668e-08,-0.0015701962695037336
2025-06-17 07:00:00,0.00013471463046286613,-0.020817241642609858,-6.82337539466932e-09,-0.0067496636674941905
2025-06-17 08:00:00,0.0008438904522211455,0.0010782114284088762,-3.713664563486871e-08,-0.004720957044060139
2025-06-17 09:00:00,-0.002284857102888202,0.009197578397202508,-1.0260064370474259e-09,-0.004329125315603483
2025-06-17 10:00:00,-0.006021003188831442,0.0149262687334703,1.382737049990662e-08,-0.010322333077208139
2025-06-17 11:00:00,0.002066989111872497,-0.00835818893725159,-1.5149808131380807e-08,0.005601120817796746
2025-06-17 12:00:00,0.003678150950641338,-0.007878672208869746,-4.109010095455726e-08,0.005223153391684638
2025-06-17 13:00:00,-0.0056774142374466955,0.010740349694919386,9.413037315188273e-09,-0.005188070075488898
2025-06-17 14:00:00,-0.00799229981149453,-0.01225260563990809,2.1787551547261243e-08,0.003619143412084717
2025-06-17 15:00:00,-0.011711643980025438,-0.02256148752360912,5.837224851024494e-08,0.0015796195030378431
2025-06-17 16:00:00,-0.0037693265443045085,0.016712724169415796,3.995675741827237e-08,-0.005670303716004077
2025-06-17 17:00:00,0.010275635252207038,0.011089120632749297,-3.8024606190360006e-08,-0.002565640254123051
2025-06-17 18:00:00,0.005159087608068636,-0.0001577081255204309,-3.500275584515899e-08,0.0014393161411190188
2025-06-17 19:00:00,0.0005851230891640935,0.002060700171667386,3.816694918051783e-09,-0.003657069502954809
2025-06-17 20:00:00,-0.002142818166622201,-0.006987018793536756,2.9266712440137206e-08,0.0014617295315584985
2025-06-17 21:00:00,-0.005088456836450185,0.0022880858585801246,4.135401745846829e-08,-0.002864910599098163
2025-06-17 22:00:00,0.007949238622915933,-0.003149538143059405,-2.0677525316020577e-08,-0.005067179560522185
2025-06-17 23:00:00,0.0026010930455707747,0.007254468426578959,-1.708209488942022e-08,0.00234177486514135
2025-06-18 00:00:00,0.002114165991692747,0.001495477453666224,1.529067180621954e-09,-0.00425833762032146
2025-06-18 01:00:00,0.0017543695350746994,-0.004570095997574068,4.9964391821315e-09,-0.003423422252076362
2025-06-18 02:00:00,0.005152843462455975,0.0030075428098594857,-9.78220211034856e-09,-0.005506242057526123
2025-06-18 03:00:00,0.0005550605766464433,0.011533760434401458,1.9762544847106072e-09,0.005520446389536781
2025-06-18 04:00:00,-0.0011297195608678248,0.0017733830580690813,1.0639774586405932e-08,-0.0026599204528525394
2025-06-18 05:00:00,-0.005786188325552884,-0.0014908730131487097,1.3388136628239552e-08,-0.0038906604637009828
2025-06-18 06:00:00,0.0016658691938325806,-0.0027620352615037027,-2.7718079881400058e-08,-0.003226731467081054
2025-06-18 07:00:00,-0.0015970877933619418,-0.008818559993690342,1.639267225687315e-08,-0.001306561318748596
2025-06-18 08:00:00,-0.0019697318789978317,-0.002636704299786587,3.945575020849291e-09,0.0021572043301885126
2025-06-18 09:00:00,-0.008029082193704155,-0.007347843141285742,6.864277400130284e-08,0.0048002157920549755
2025-06-18 10:00:00,-0.00011091871626008228,0.004410924033700259,1.6889371502109636e-08,-0.004799686636312964
2025-06-18 11:00:00,-0.0036270746401631817,-0.005717438962845844,1.6349151796661263e-08,0.0046959902181132815
2025-06-18 12:00:00,0.005652952493604324,-0.007831226212679697,-4.414318060857807e-08,0.004684328085350515
2025-06-18 13:00:00,0.002218119782553021,-0.0034621626320387676,9.730138831353252e-10,0.0012665701128612861
2025-06-18 14:00:00,0.0011507768180755136,-0.0015545083129392793,2.87059389513736e-09,0.0037681122433807575
2025-06-18 15:00:00,-0.0029095534084856785,-0.0052873752520664905,3.0538220544556803e-09,-0.0007702929846663867
2025-06-18 16:00:00,0.0026283983519287983,0.0064212066818597055,-3.928981574411257e-08,-0.005183643357129517
2025-06-18 17:00:00,-0.006257884260494206,-0.0030457826414223973,1.4793110455670322e-09,-0.002461611131858803
2025-06-18 18:00:00,0.0027931253663985517,0.005772995785531968,-4.354927927643543e-08,-0.006322947735715398
2025-06-18 19:00:00,0.011014801358504536,0.010240981839254589,-2.135256355285378e-08,0.006619422428603268
2025-06-18 20:00:00,-0.0018477468134879087,-0.0017868046279308385,3.3499917366846766e-08,0.0018845821346647185
2025-06-18 21:00:00,0.001329170634422945,-0.006067036367119861,-1.5968773786662887e-08,-0.0013631148319763688
2025-06-18 22:00:00,-0.00011534207820372198,0.00347799852119388,1.0410608655230981e-08,-0.0035226688468924794
2025-06-18 23:00:00,0.0021603085033815917,-0.000123514204984208,-1.8815481447729074e-08,0.0023770063057888635
2025-06-19 00:00:00,-0.004669146855016739,-0.005947840786402749,2.188733060290918e-08,0.0015325293987525357
2025-06-19 01:00:00,-0.0014667773482252783,-0.001541126548195956,2.303380655176686e-08,-0.0027007754001838772
2025-06-19 02:00:00,0.002474029079749391,-0.0018611723483842933,9.61326104250239e-09,-0.005161992961723216
2025-06-19 03:00:00,0.0004080960954392915,-0.0008440007401391224,-1.578048655345141e-09,-0.0019999395894353717
2025-06-19 04:00:00,-0.0006182448281692153,-0.0034673056440429366,-2.4410800065205812e-09,-0.0003886025121727155
2025-06-19 05:00:00,-0.00043602832906287307,-0.0053002343264836925,9.119302492979079e-09,0.00295879882293816
2025-06-19 06:00:00,-0.0001623875305678818,0.002884344371683888,-5.7155004580429436e-09,0.0016311426984721292
2025-06-19 07:00:00,-0.000718026084184754,-0.006743963677380298,8.116505623994437e-09,-0.006274601878270762
2025-06-19 08:00:00,0.005472575432450771,-0.006025320676162941,-3.197762728142496e-08,-0.011496045466050231
2025-06-19 09:00:00,0.00260418634509689,-0.008184604387448037,-5.7524648662767655e-09,-0.0012022987411100248
2025-06-19 10:00:00,-0.0084605129067272,0.009627832449581812,3.661516699924325e-08,0.003240320541866329
2025-06-19 11:00:00,-0.002448994787119588,0.005355155553196302,4.681318159538064e-09,0.0010938085823541015
2025-06-19 12:00:00,-0.004636283658030839,-0.002317999740787731,9.924923861201947e-09,0.0022521037348263574
2025-06-19 13:00:00,-0.0027489767114750106,-0.001986166704503102,2.313271892386731e-08,0.0009101839377683867
2025-06-19 14:00:00,-0.0010343597069775294,-0.0013102680345190572,2.8014569198070203e-09,-0.0023040392320218587
2025-06-19 15:00:00,0.006621413055774994,-0.010155858294342656,-2.223075342501254e-08,0.009355377632448003
2025-06-19 16:00:00,0.0023921514659074163,0.013346996933122702,-2.7761843660926796e-08,-0.004928458926193661
2025-06-19 17:00:00,-0.001036257291753085,0.003870095870053111,-1.8321332834601662e-08,0.0004904460540447351
2025-06-19 18:00:00,0.002636678973555529,-0.005324917567133799,-1.6070947128395228e-08,-0.0007892434099909777
2025-06-19 19:00:00,-0.0019686416098026044,0.0010124547774247284,1.6357933553972744e-08,0.0013602505601741025
2025-06-19 20:00:00,0.0003514282761233658,-0.0007266165292252206,2.068095106009863e-09,0.0012453375547994833
2025-06-19 21:00:00,0.0005076835508806901,0.001976212827132626,-4.187478478240796e-09,0.006774070181113614
2025-06-19 22:00:00,0.002472928956300487,-0.0054417368676469334,7.883974163127795e-09,-0.0008816890945077512
2025-06-19 23:00:00,0.0022735125362212585,-0.0019245298557979409,-4.309512616356041e-09,-0.0018482690182286042
2025-06-20 00:00:00,0.0005721986163431999,-0.0027905787791092946,3.3194416804728523e-09,0.004767524313552068
2025-06-20 01:00:00,-0.0029348917541754385,-0.002489042626390095,2.677480236341807e-08,-0.00019666072460875159
2025-06-20 02:00:00,0.0014840378930146634,-0.002127010922902655,-2.385610616770776e-09,0.0033324139060063947
2025-06-20 03:00:00,0.001994285988417448,-0.01649834872714964,2.7644996883027856e-08,0.0012296516438504278
2025-06-20 04:00:00,0.004536009786427866,-0.003865339339813287,-8.872516035845571e-10,-0.0013164618680070995
2025-06-20 05:00:00,0.0019145958954418182,-0.007484270824158321,2.823447309647382e-08,-0.0040489467715216125
2025-06-20 06:00:00,0.00531820047460234,0.011273834323916028,-4.115194197226169e-09,-0.00941411600931514
2025-06-20 07:00:00,0.00254737700230664,-0.0014339905667653354,8.51722311268271e-09,-0.001615492297962966
2025-06-20 08:00:00,0.004424553937903992,-0.006641297337202009,2.8462649166899934e-09,-0.0023771155781552714
2025-06-20 09:00:00,0.0006666130877213189,-0.0026043310615091737,-6.125536014468496e-09,0.00495964851977965
2025-06-20 10:00:00,-0.003946051557906159,0.007944699242666204,-6.928010492455043e-10,-0.0005950192739393287
2025-06-20 11:00:00,-0.005169123598029053,0.010884748141976448,-6.8894487887681426e-09,-5.588532008944953e-05
2025-06-20 12:00:00,-0.005626305930009639,0.002466602296299988,1.3347981438022279e-08,0.0004191736908837666
2025-06-20 13:00:00,0.0009736247060778136,-0.030776331025094392,2.138407598215143e-08,0.005704344547871327
2025-06-20 14:00:00,0.0005903459638294725,0.004781565085186413,3.603491566127805e-08,0.002243077188775572
2025-06-20 15:00:00,0.0068980417059563755,-0.019293073248614206,1.0522175334149517e-08,0.0025029970420235082
2025-06-20 16:00:00,-0.024398022715738717,0.03695162588916118,6.200052367886582e-08,0.005214671288582089
2025-06-20 17:00:00,0.004549414458249595,-0.006968240927387318,-3.060007141591733e-08,-0.0012940590853193397
2025-06-20 18:00:00,0.0011123533954333702,7.585192025662567e-05,4.147416802724732e-09,0.00027979586267052166
2025-06-20 19:00:00,0.0015746641898343166,0.006384496705724719,-1.2151823828137489e-08,-0.0005406058040915467
2025-06-20 20:00:00,-0.0007283586600206381,-0.001796291890128496,2.8820511561822674e-08,-0.0032484913812895434
2025-06-20 21:00:00,-0.005910063659231968,0.0042269401849584845,1.867762688849534e-08,-0.002956759046748762
2025-06-20 22:00:00,0.003269231739560706,-0.0006488776873671871,-2.9264643486577342e-08,0.0030510577606462394
2025-06-20 23:00:00,-0.0011907712795360674,0.004365578402764089,-1.3882278150921724e-08,-8.528732651284779e-05
2025-06-21 00:00:00,-0.003206947967330391,0.01141039565550714,-1.435497142987653e-08,0.0014516161190369875
2025-06-21 01:00:00,0.003695133120750416,-0.004977777206643662,5.030410638259077e-10,-0.0014427353466805182
2025-06-21 02:00:00,0.0019675611634011373,-0.0030787218786281073,-1.328095683178497e-08,0.0018404892562380699
2025-06-21 03:00:00,-0.005606305025730857,0.005530354822941564,1.587344894942364e-08,-2.408048814946743e-05
2025-06-21 04:00:00,0.0008861189634589545,0.004131833983421207,-2.270810136061149e-08,-0.003955970618458647
2025-06-21 05:00:00,0.0031153283368239486,-0.005056649703248619,1.02303879103424e-08,0.0009072665573144816
2025-06-21 06:00:00,0.0025419827323888582,-0.0068392060024785335,2.019838966968242e-09,-0.004864717212651834
2025-06-21 07:00:00,0.0008800391761170125,0.0075772376897577255,-1.2219912447183735e-08,0.0033189604122223857
2025-06-21 08:00:00,-0.0005132365970148932,-0.0015329748557278773,1.0932108445488632e-08,0.0028750479500185603
2025-06-21 09:00:00,0.004747045465726641,-0.00864176072874947,-4.642764959796444e-09,0.0007370573563047242
2025-06-21 10:00:00,-0.001406729520180958,0.0019100218399192039,7.452879973315347e-09,0.0023156290282273445
2025-06-21 11:00:00,0.0013265633327173157,-0.007822196685372854,2.089675682951422e-08,0.0020642855141108757
2025-06-21 12:00:00,-0.0037012406637483555,-0.003888036637242425,3.6452984297392405e-08,0.002129585511822024
2025-06-21 13:00:00,-0.0008437036351959457,-0.001331534666218891,9.11859406621099e-09,-0.0012248354062979856
2025-06-21 14:00:00,0.0011712703420111827,0.0001027539158239108,-7.225349834809856e-09,0.0011168200614003099
2025-06-21 15:00:00,-0.002917406193520654,0.0015933226615735467,9.84356104020798e-09,-0.0016812796256642337
2025-06-21 16:00:00,-0.007241204250116415,0.00043390758187355415,4.514446342827588e-08,0.0026145611589711063
2025-06-21 17:00:00,-0.00608299594690308,0.0023289294041500255,3.0987312984072713e-09,0.0014670982256458213
2025-06-21 18:00:00,-0.01089810908049528,0.006864798134946242,1.300101429265894e-08,-0.0037301137498260656
2025-06-21 19:00:00,0.0012332804725910832,0.005578501463152101,-2.7362978093485046e-08,-0.006515705205828792
2025-06-21 20:00:00,-0.028375902682802902,0.01849454667798718,7.74098961097798e-08,-0.02508538083975592
2025-06-21 21:00:00,0.010960897997294682,-0.0023289082546769056,-5.772413910824532e-08,0.0010348058341795475
2025-06-21 22:00:00,0.00581024472702542,-0.003095023534029557,-8.967972295231596e-09,-0.0011578956096255013
2025-06-21 23:00:00,0.002049104232162483,0.0012897047883542164,1.4863852815123223e-08,0.006359105610968789
2025-06-22 00:00:00,-0.003217954954557359,-0.007253862640970129,5.103649080436171e-08,-0.0026576088304016356
2025-06-22 01:00:00,0.00687603067040021,-0.012259091394093063,4.991329614225912e-10,-0.0017359427437354594
2025-06-22 02:00:00,-0.0001635450511978265,-0.004732387071023943,6.666512579513104e-09,0.0037306273844795214
2025-06-22 03:00:00,0.001142307805397788,0.0064812217951296545,-3.6575741928083495e-08,0.0022651426403161212
2025-06-22 04:00:00,0.00383395721892026,0.0009863963384461037,-1.0636018457466061e-08,-0.0005880399771835373
2025-06-22 05:00:00,0.000332876713269373,0.006489521535821996,-3.829134335492154e-08,-0.0014411701593497047
2025-06-22 06:00:00,-0.003708725253699282,-0.0013093766768742967,1.849682148748779e-08,-0.0023906942092885336
2025-06-22 07:00:00,0.0024712813194248118,-0.003446464189764575,2.161573694866085e-08,0.0013276026673898773
2025-06-22 08:00:00,-0.01853847831050605,0.007461510006561952,9.611065356346665e-08,-0.0007336196843669697
2025-06-22 09:00:00,-0.004319204086399815,0.013309057335643365,-1.2301509220664702e-09,-0.001439150971634557
2025-06-22 10:00:00,-0.001082988659575455,0.007081622172289055,7.138570081430743e-09,0.002695339281710144
2025-06-22 11:00:00,0.008494162680544846,-0.011078274118178135,-2.9389268791562188e-08,0.005631026416206857
2025-06-22 12:00:00,-0.029266575727188274,-0.0023492234481273886,1.2131843797460384e-07,-0.0039854396866286865
2025-06-22 13:00:00,-0.004933437745101301,0.01443695055183257,-1.2774308719865795e-07,0.001182418030613787
2025-06-22 14:00:00,-0.003971032568231718,-0.01387095608664271,4.832303826466889e-08,0.0005928459203292883
2025-06-22 15:00:00,0.010120446965842685,-0.018532527461900462,-3.62408672634315e-08,-0.006444812269120378
2025-06-22 16:00:00,2.7514684683024003e-05,0.007989669431698758,-5.3131376926171456e-08,0.002376304954845715
2025-06-22 17:00:00,-0.004527311801713037,-0.002385554806281246,5.4277256730090486e-08,-0.0011543735261351814
2025-06-22 18:00:00,0.004682817392719579,-0.015574144329920207,-2.7044200426786608e-08,0.00032315679679708513
2025-06-22 19:00:00,0.011048727990371961,-0.010710397449696487,1.533541385621319e-08,-0.0019064384867537398
2025-06-22 20:00:00,0.0010921637746956515,-0.012325819789676793,1.0312846381976578e-08,0.0003374332790965825
2025-06-22 21:00:00,0.019633210757162137,0.007615505758585998,-7.871278785746737e-08,0.002398814613128497
2025-06-22 22:00:00,-0.011177131168425598,0.008161860140929143,1.404495922219706e-08,0.0023822807610428256
2025-06-22 23:00:00,0.009302560517417381,0.0023737407863963643,-3.229395096078539e-08,-0.003973391107125276
2025-06-23 00:00:00,0.0045554160538718285,0.0031354469235009503,-2.8682128478897922e-08,-0.000978165283746296
2025-06-23 01:00:00,-0.008144827324941659,0.020508251662425786,4.492829256484886e-08,-0.00508975203723807
2025-06-23 02:00:00,-0.00024356715239381613,-0.0005544525295318734,-1.0814015766113251e-08,0.0008826625567111482
2025-06-23 03:00:00,0.0047592507081571905,-0.002349035261906153,-3.018848020940566e-08,0.0015476782830593156
2025-06-23 04:00:00,0.00678220011008743,0.001907058460071604,-5.642964356929304e-09,0.002543407647209547
2025-06-23 05:00:00,-0.005404139235228359,0.008816995643882766,2.55780010040466e-08,-0.0008222254214649405
2025-06-23 06:00:00,0.004777631742264363,-0.008448183116568905,-1.1025238314522882e-08,-0.0016746099865742766
2025-06-23 07:00:00,0.0026145732507559184,-0.002727966354126461,-8.191123300797511e-09,0.0020411729123639725
2025-06-23 08:00:00,-0.0019665696847121538,0.00010632501709846629,-2.892946337174374e-09,0.0014500171246290558
2025-06-23 09:00:00,-0.0011693851595592632,0.006352394546528424,1.880888837695429e-08,0.006136078601730669
2025-06-23 10:00:00,0.0005361049653583215,-0.004763051088404369,-2.0588461644995764e-08,-0.0031894181322898608
2025-06-23 11:00:00,0.008636426277790295,-0.0016800103234470788,-5.550687410371288e-08,-0.002576227858551925
2025-06-23 12:00:00,0.002641809157600256,0.011968140286694596,-2.7736133392424892e-08,-0.007216821292706493
2025-06-23 13:00:00,-0.0031446410112014427,-0.009319081300893,4.5884870729791445e-09,0.0004662554241767521
2025-06-23 14:00:00,-0.006345145044564335,-0.0035385019989705485,6.505372416389454e-08,0.00169924269060351
2025-06-23 15:00:00,0.0007318037741739624,-0.013947879775179164,1.0234862167182906e-08,0.005885834688246268
2025-06-23 16:00:00,0.016598014334609567,0.00024262716437575412,-3.043892653555827e-08,-0.005476493660367929
2025-06-23 17:00:00,0.01866428601182876,-0.002482344360873921,-6.578732594096944e-08,-0.007781092907458033
2025-06-23 18:00:00,0.0002881288344751317,-0.005146253742581922,-1.0115119880380373e-08,0.005455575597471602
2025-06-23 19:00:00,-0.0014508312109343703,0.008276941780074569,-8.876778182689017e-09,0.005010528633278304
2025-06-23 20:00:00,0.0030816908762377223,-0.0035639168883289316,-1.6015344087097134e-08,-0.00010716438218483739
2025-06-23 21:00:00,0.012903799202517753,0.01297900578751785,-5.030616304798522e-08,0.01227069983237814
2025-06-23 22:00:00,-0.0016447519346450728,0.001419519112378784,-5.116707485490858e-09,-0.00037421570036153077
2025-06-23 23:00:00,-0.002896278666691819,-0.0014403251990258085,1.1472870189252716e-08,0.0008655369993431336
2025-06-24 00:00:00,0.0035703819318950794,0.0002924333592460775,1.1795663688681802e-09,0.0022842078815865324
2025-06-24 01:00:00,-0.005895990188654879,-0.00010911091532982435,2.535725122451033e-09,0.001906531437911976
2025-06-24 02:00:00,-0.003945530422536716,0.000875782125416442,-7.623776186908243e-10,-0.004106719241780601
2025-06-24 03:00:00,-0.0027901873873968724,0.003934876245031588,-9.534209037275877e-09,-0.0008463741490562237
2025-06-24 04:00:00,-0.010802912874283088,0.008907411894817644,-1.872882384445396e-08,-0.01017691952988865
2025-06-24 05:00:00,-0.007295157265737688,0.005607902319722432,3.1045457668457565e-08,-0.004907565408783705
2025-06-24 06:00:00,0.0036800814305121554,-0.025579212267101865,1.608566821493305e-08,0.002548932913659631
2025-06-24 07:00:00,0.004341575367712615,-0.007763621563042694,-6.28214937357583e-09,-0.0003954738869328745
2025-06-24 08:00:00,-0.0018304793615185116,0.00082962251601219,1.8187513910914413e-08,-0.0024389430250453094
2025-06-24 09:00:00,-0.0038531870164766327,-0.0002598446913033364,3.273345210087517e-08,-0.004558371398406536
2025-06-24 10:00:00,-0.00031407332852220033,0.0008171533167853506,-9.338005334360192e-09,-0.0009784165446675933
2025-06-24 11:00:00,0.0016089892236504917,-0.002711107451733675,-5.500131949702738e-09,0.004264396183643153
2025-06-24 12:00:00,-0.0026331398320287034,0.004237268727455567,-2.8094821437406875e-09,0.0022105749933893364
2025-06-24 13:00:00,1.6716462367607696e-05,0.007151313920037724,7.321826977092806e-09,-0.005369513852493169
2025-06-24 14:00:00,0.005969068006364021,-0.013029523670303814,-4.056354150250152e-08,0.0038563873557557406
2025-06-24 15:00:00,0.009689400332838714,0.009235323449843475,-2.505752898018447e-08,0.011511745153644693
2025-06-24 16:00:00,0.0011914169160518844,-0.004585709177769109,2.6968497381914543e-08,-0.00647985846314856
2025-06-24 17:00:00,-0.0032869135153331553,-0.00436057100927682,-8.894297041738952e-09,0.0026902434068979166
2025-06-24 18:00:00,0.003779312165651368,-0.0068721467029766664,2.976365432225214e-09,0.0030768309202275253
2025-06-24 19:00:00,0.0028246627652590496,0.007350839352378648,-1.2104449271378588e-08,-0.00014167823171717153
2025-06-24 20:00:00,-0.003727791668079946,0.004942042691864854,9.64872682891981e-09,0.0008429309602633919
2025-06-24 21:00:00,-0.00641293324365071,0.007701569379495062,3.9065103848566185e-08,-0.001139247658786405
2025-06-24 22:00:00,0.006067342143658132,-0.0068956064251858825,-2.8247936358850043e-08,0.0023238105183547996
2025-06-24 23:00:00,0.0027656166088750106,-0.00033818538293611637,1.884175895941762e-09,-0.0008357326052886009
2025-06-25 00:00:00,-0.0013454605924088697,-0.0005221232414486024,1.3831009575564452e-08,0.0021122251565528147
2025-06-25 01:00:00,-0.0034736369625542876,0.004806808771932572,2.8473613111928995e-08,5.9421163559285425e-05
2025-06-25 02:00:00,0.004601396291924322,-0.010103546667825276,-3.609462674115573e-08,0.0058738812715627585
2025-06-25 03:00:00,-0.0008087137085601712,-0.003917010520205362,7.851756444622892e-09,-0.0018858272048219735
2025-06-25 04:00:00,-0.000297506121983179,-0.005403442337984298,2.656295555942482e-09,-0.00595472546331105
2025-06-25 05:00:00,0.004115860161659389,-0.0005232116036110408,-2.8815635893222975e-08,-0.0050003835457103525
2025-06-25 06:00:00,0.0022332077744134154,-0.0011327560511324556,-3.331860607708677e-11,0.0004650300353818078
2025-06-25 07:00:00,0.0012480535640698718,-0.010179062858943922,9.95540130702913e-09,-0.004525952784417268
2025-06-25 08:00:00,-0.002247812860004344,-0.004647448046952799,3.0177439552005407e-08,-0.0010059884633242444
2025-06-25 09:00:00,0.0012226355231102425,0.0027212774061725897,2.6396755434658966e-08,0.002106155744579517
2025-06-25 10:00:00,-0.000999940259313323,0.00790681571774209,-9.826571363363843e-09,0.004716150775073237
2025-06-25 11:00:00,-0.0025098510128597016,0.002146869477335345,3.03545855321259e-08,-0.0039585968161288355
2025-06-25 12:00:00,0.007288289250320926,0.0015221615866715121,-9.306413774532064e-09,-0.0010553578734224744
2025-06-25 13:00:00,-0.0013712473804532409,-0.0030751951590503404,2.3225216164618273e-08,-0.007071092572918928
2025-06-25 14:00:00,-0.006091867859471831,-0.011301236258410556,1.943287436391232e-08,0.003702969512407123
2025-06-25 15:00:00,-0.0005569265938525634,0.0062125498646495815,2.3946820707014862e-08,0.003022047135037717
2025-06-25 16:00:00,0.00339452645436037,0.007677618968338971,-1.9389218972755506e-08,-0.0001559621239659537
2025-06-25 17:00:00,0.0010789825683282046,-0.006828030553816563,5.323032975160068e-10,0.0008480079297811938
2025-06-25 18:00:00,0.007961377066337904,-0.004032112412621687,-4.8196497035999813e-08,-0.0028775130554712608
2025-06-25 19:00:00,-0.0046464462067964864,0.009116250719684426,3.8754895507278716e-08,0.003025857734813606
2025-06-25 20:00:00,-0.0016793974781336078,-0.00392671122053966,-5.865781407161828e-10,-0.002555828874325029
2025-06-25 21:00:00,-0.0031194653810562526,-0.003513993271211899,-3.2614459054489585e-09,-0.004491539619698345
2025-06-25 22:00:00,0.004808989253182578,-0.005585662387315713,-2.532020959833948e-08,0.003102252891429942
2025-06-25 23:00:00,0.0006670534834816336,0.0033516609115445723,-1.3320097858163669e-09,0.004032729975710618
2025-06-26 00:00:00,0.0056746530511052546,0.0026255268064150315,-2.9920123132958406e-08,-0.00259967341110974
2025-06-26 01:00:00,0.000130904971325254,0.003036532838893675,1.3410027576286606e-08,0.008345518073044273
2025-06-26 02:00:00,-0.000468885905106047,-0.0031508909135925835,6.043436168044039e-09,-0.0017663296078591852
2025-06-26 03:00:00,7.472596071906321e-05,-0.007970316536600151,8.274858332393528e-10,-0.0006406837064500577
2025-06-26 04:00:00,-0.0020580231938940913,-0.004568523747753751,1.5297652617249977e-09,-0.0021723333396365843
2025-06-26 05:00:00,-0.0014128408106074387,0.002468088979283208,1.3450313418367476e-08,-0.006799601357223015
2025-06-26 06:00:00,0.0014187550068653762,0.0014630134468653746,-7.222588602278947e-09,0.00012354396494921655
2025-06-26 07:00:00,0.0007220551993113715,-0.007835537303606655,-1.0384943598697467e-08,-0.0012375945905776515
2025-06-26 08:00:00,-0.005301062610461604,-0.0033540454498742485,1.6098908911892614e-08,0.007590320554651534
2025-06-26 09:00:00,0.00022787722650841565,0.0014648508990531767,5.264247451561542e-09,0.0011516566241685814
2025-06-26 10:00:00,-0.0026434207523200626,-0.00222192132903913,1.3903572601615692e-08,-0.002052163251761549
2025-06-26 11:00:00,-0.004947263384423826,-0.003869102977790061,3.107435565745884e-08,0.0007042541813243449
2025-06-26 12:00:00,-0.008947697375986953,-0.0009002426274321918,6.1045375656715e-08,-0.0031044600826772486
2025-06-26 13:00:00,0.008345431103888764,0.0028084789251152332,-2.850019847586281e-08,0.0028501237073416505
2025-06-26 14:00:00,-0.0024916385590059444,0.002146610010217909,7.474190054347985e-09,0.0009524540146285919
2025-06-26 15:00:00,-0.0057865695434710955,0.0014461802120277006,4.166288466349433e-08,0.0014876123719998226
2025-06-26 16:00:00,0.000938353200684906,-0.0007644481192866876,-4.977979635153622e-09,-0.003096645092776608
2025-06-26 17:00:00,0.0015897154549915384,-0.0018746236973459526,-2.771357187220897e-09,0.0024076704063083097
2025-06-26 18:00:00,0.003611600716167407,0.0052752326007405705,-1.486475561875899e-08,-0.0019253768244765481
2025-06-26 19:00:00,-0.0015367609119316039,0.004693813373693916,1.8940937060022684e-08,0.004733732812912725
2025-06-26 20:00:00,-0.006227288663849697,0.003408453248396534,7.619774775712107e-09,-0.003916171094097423
2025-06-26 21:00:00,-0.0044598160850993235,-0.0022514445884972705,4.2889863287189586e-08,0.0011149733319721182
2025-06-26 22:00:00,-0.0004708432855763375,0.0038172276386804023,-2.01434893837033e-09,-0.001396350294818618
2025-06-26 23:00:00,-0.00848906406416226,0.006136052831219821,5.01186742418434e-08,-0.0029335335656003204
2025-06-27 00:00:00,0.0002950092151464308,0.009928969399229035,-1.2004913102546015e-08,-0.014965119446076402
2025-06-27 01:00:00,0.003626513294374332,0.0016357020128292907,-2.382492779815679e-08,0.0009589066182254563
2025-06-27 02:00:00,0.002309486646099714,-0.005315271680051693,-4.930486497092989e-09,0.0023098723799137477
2025-06-27 03:00:00,0.0012194083852296173,-0.003060516019980934,-9.840220227729418e-09,0.0004993109847493559
2025-06-27 04:00:00,-0.004437414331026337,-0.006525767936084799,2.3735365065511872e-08,-0.0009731411742384992
2025-06-27 05:00:00,0.0026935197687477977,0.0015759482281931584,-2.413156472269355e-08,0.0015536955727826205
2025-06-27 06:00:00,-0.004383154403584216,-0.0016063249871149975,7.463480007855065e-09,-0.000934277633074395
2025-06-27 07:00:00,0.004542104899788079,0.011827044799151485,-2.255950434401888e-08,0.006197666885327902
2025-06-27 08:00:00,0.0005685496605530398,0.00018250615208900565,1.0611494357917333e-09,-0.002004254313143126
2025-06-27 09:00:00,-0.0023701744786064367,-0.00635269255892249,1.467401688681558e-08,-0.00064087267549116
2025-06-27 10:00:00,0.0002562673926858872,0.0029035301210148285,-2.7515372222043977e-09,0.001357238557498514
2025-06-27 11:00:00,-0.002188595948777489,-0.0026177908180242413,2.6930200450290026e-09,0.006376090464880705
2025-06-27 12:00:00,0.0026472549601782754,0.0069411143438276425,-1.012768322267934e-08,0.001641274609284835
2025-06-27 13:00:00,-0.0058853265493342515,0.007300203471585607,3.249271662001694e-08,-0.0007260464535808995
2025-06-27 14:00:00,0.00614126240330635,0.009565741190440175,-6.198554250959848e-11,-0.006188406716841667
2025-06-27 15:00:00,-0.002217807586074593,-0.006009283001042903,-8.589231904526307e-09,0.008672983762128182
2025-06-27 16:00:00,-0.008772850575819195,-0.0014893961507197184,4.619659888439186e-08,-0.00329073417270901
2025-06-27 17:00:00,-0.004816904473280157,-0.007990748661691591,3.556700413611886e-08,-0.0006263617135980132
2025-06-27 18:00:00,0.006063998014520542,0.001261401499600219,-5.142813605765638e-08,-0.001806338368817446
2025-06-27 19:00:00,0.006340336651057631,0.0019363844054254321,-3.1917817154862583e-08,0.001719379676014185
2025-06-27 20:00:00,0.0024786466058117065,0.0006549820058854339,-2.9985068671412705e-08,-0.000657350192334265
2025-06-27 21:00:00,0.0006984746984903072,0.004834621394464664,-7.003461383102003e-09,0.000755630970638254
2025-06-27 22:00:00,-0.001873722451116944,-0.0029614003537604076,1.4280655463603745e-08,0.001652483409195604
2025-06-27 23:00:00,-0.0004994515317779366,-0.001302721966775451,7.561611255333275e-09,0.00048115775262139583
2025-06-28 00:00:00,0.0051243740576886925,-0.0013529836596909881,-4.7013824486770376e-08,-0.0011793243631321973
2025-06-28 01:00:00,0.0007986355228659377,-0.005765016920318007,2.4159657097959023e-09,-0.0020422765694545287
2025-06-28 02:00:00,0.00203496838905481,-0.0028721046462324247,9.098588423919615e-10,0.0023252956957443946
2025-06-28 03:00:00,-0.0007431752678982755,-0.004174076127400309,6.334135631839334e-09,-0.0006798938440567724
2025-06-28 04:00:00,0.0012056430172238167,-0.002984242989911801,2.031993227342765e-09,4.896442974405457e-05
2025-06-28 05:00:00,0.003767229244263397,0.0010411027645744384,-2.761953133492801e-08,0.001431888365570099
2025-06-28 06:00:00,0.004046337288389934,0.0005263622243772756,-3.553212897564842e-08,0.00695309825794656
2025-06-28 07:00:00,-0.002243856160512702,-0.004770040777076655,2.1674310854873146e-08,0.0013600032948296395
2025-06-28 08:00:00,0.0033133899110491046,0.0006512455870822463,-3.7971782784838025e-08,0.0012361865745479411
2025-06-28 09:00:00,-0.0009267183881923143,7.676175854080735e-05,2.973768950387512e-09,-0.002144146836777164
2025-06-28 10:00:00,-0.000665777663239543,0.0006821929754064578,1.3610703290922943e-08,8.470197573523843e-05
2025-06-28 11:00:00,-3.555209686524879e-05,-0.00430866477628236,1.0774990096843569e-08,0.004023031127259357
2025-06-28 12:00:00,9.573060149849428e-05,-0.007841601744140756,-1.1185103407906366e-09,5.968624877207034e-05
2025-06-28 13:00:00,0.0017056194486002013,0.005975578635398056,-2.9433433154691677e-08,-0.0026571805444680747
2025-06-28 14:00:00,0.005283441993389349,0.0033079690583434546,-3.8984919714016275e-08,-0.001987281493979974
2025-06-28 15:00:00,0.0009076918496900926,-0.00035153901315528415,-1.7043208112721963e-08,-0.004002203250474878
2025-06-28 16:00:00,0.007298911044111547,-0.002028711168838666,-4.928363922353899e-08,0.007463107448582182
2025-06-28 17:00:00,-0.0021358608076210393,0.007962030389005384,-1.1586517900495261e-08,-0.0024520381462459612
2025-06-28 18:00:00,-0.002718128167438219,0.004864669375978181,3.851461751033177e-09,-0.0017707128484300385
2025-06-28 19:00:00,-0.00025771757517367494,-0.003110347169364004,9.483560633838918e-09,0.006930177103730792
2025-06-28 20:00:00,0.002701784157709728,0.004218857519687186,-2.5708623721842696e-08,-0.002837307462132278
2025-06-28 21:00:00,0.0007268736062955688,-0.00019456638722516558,-5.1162894762384575e-09,0.0029919954207488367
2025-06-28 22:00:00,-0.0014048297860082184,-0.0033624809649142754,1.872335535003012e-08,-0.0021884679216981114
2025-06-28 23:00:00,-0.0002989409338117622,0.0069469514683049806,-3.4216611748330207e-09,-0.00027274140271786194
2025-06-29 00:00:00,-0.0013582795342795982,-0.010432170524411023,2.9897203756318585e-08,0.0017288486562326143
2025-06-29 01:00:00,0.0019835752455166925,0.003581321648951174,-3.0316114109848263e-08,0.003307033597070782
2025-06-29 02:00:00,-0.0006185340320733783,-0.0026812882564180678,8.280155966717257e-09,0.0016033123791964294
2025-06-29 03:00:00,-4.948599675449807e-05,-0.010414643317843865,3.629468261820947e-08,-0.0028876755659106553
2025-06-29 04:00:00,0.001446188755065114,0.006386738154221489,-3.196480844247471e-08,0.002276549880187081
2025-06-29 05:00:00,0.0015281285084203836,0.0007708239149103181,-1.078538273621222e-08,0.000723138539462834
2025-06-29 06:00:00,0.000955044881503878,-0.003857772461223741,6.3622254490068324e-09,0.0006250559637205652
2025-06-29 07:00:00,0.0015944973631470377,0.007992713469826145,-1.787712958533037e-08,5.240791755631478e-05
2025-06-29 08:00:00,0.00030676604194917193,-0.004236485314816035,2.7910961618708356e-08,0.000936754228042033
2025-06-29 09:00:00,0.000790637751763773,-0.004725642740574244,2.6973385925111812e-08,0.0021507270444694115
2025-06-29 10:00:00,0.0009303896567231328,0.001168828494244271,7.018266743590831e-09,0.002332531707272316
2025-06-29 11:00:00,-0.0013814273262869941,0.004304022762900958,-2.995858168300454e-08,0.0006521462546520985
2025-06-29 12:00:00,-0.001131214267325408,-0.008211463228859843,3.057759231988547e-08,-0.00028922728070284793
2025-06-29 13:00:00,-0.002912577094017002,-0.008031624241729138,4.337350020610667e-08,-0.002290977509632105
2025-06-29 14:00:00,0.001109500599477788,-0.015619878415569005,4.4970855400582034e-08,0.003020431918617048
2025-06-29 15:00:00,4.259640996882039e-05,0.005808700109117543,-5.195508617466174e-08,-0.002369209231602579
2025-06-29 16:00:00,-0.0008164923481094801,-0.0012320858746196989,-2.8278592695873767e-08,-0.007277881100056194
2025-06-29 17:00:00,-0.0006079102614983656,0.014207555516183712,-7.678561949862678e-08,-0.007818706044750795
2025-06-29 18:00:00,-0.001824060689808173,0.005934444439331775,-4.0677475420454645e-08,-0.00544439071851753
2025-06-29 19:00:00,-0.002316467154432275,0.0008177865320144299,1.076431716001148e-08,-0.001818630726070549
2025-06-29 20:00:00,0.000859377452983489,0.020582142561187775,-8.64274881044907e-08,-0.005108767525038387
2025-06-29 21:00:00,0.019564830126032235,-0.09992525100182197,2.1828131532810684e-07,0.05172220061626501
2025-06-29 22:00:00,0.0035851900935131094,-0.013378244856314237,6.040057964821876e-08,-0.0022264836613534018
2025-06-29 23:00:00,0.00041001206472207873,-0.020775669893625708,1.0600640600727992e-07,0.002056419780727224
2025-06-30 00:00:00,-0.001106954545329164,-0.008238659005833577,5.610538621683948e-08,-0.003841159644778713
2025-06-30 01:00:00,-0.004794710844574199,0.010853554018766408,-1.5703990319169558e-08,0.003604788961489677
2025-06-30 02:00:00,0.0007169803736594712,-0.0010905620509161912,-1.0940617758508328e-09,0.0015387973826033452
2025-06-30 03:00:00,-0.0004229945671130357,-0.0031826135234247896,5.2182276712490455e-09,0.00330599270572764
2025-06-30 04:00:00,0.0008011551232361409,-0.005798777305800549,1.1427411923055477e-08,-0.0013275406086634962
2025-06-30 05:00:00,-0.004251946496259263,0.0029857620315230614,-1.1221314192496412e-08,0.006427132338074374
2025-06-30 06:00:00,0.00043692896612753654,-0.001773360408290397,-1.8743737917596586e-08,-0.0033009511938383806
2025-06-30 07:00:00,-0.0036854235134406504,-0.0021770104198698694,4.02455999147697e-08,0.0009472760178196964
2025-06-30 08:00:00,-0.005781269474877868,0.010930295101457833,-8.173691123167764e-09,-0.0010320655417547613
2025-06-30 09:00:00,0.0006988938984823165,0.000558911965876072,3.976955793965438e-09,-0.00029326902039056193
2025-06-30 10:00:00,0.0007452707454303413,-0.0014550451554548,1.9833521463916538e-09,-4.9754308092625175e-05
2025-06-30 11:00:00,-0.00029211622241283666,0.0026490767651717647,-6.656565351599907e-09,-0.004850695663703442
2025-06-30 12:00:00,-0.0021159162713010223,0.010530624470921688,-5.108713569089963e-08,0.0040395334862548555
2025-06-30 13:00:00,-0.005146116065845098,0.012661909099781148,-7.958489787104002e-08,-0.0002663135961187585
2025-06-30 14:00:00,0.0063364559575423305,0.0208230379557841,-7.55868139780788e-08,0.011616333130653907
2025-06-30 15:00:00,0.00536871069070257,-0.0016691183175352939,-2.4773622008422263e-08,-0.002841232112945007
2025-06-30 16:00:00,0.0034823853991734236,-0.0010430766458904013,-2.963914700755066e-08,-0.002277240244413953
2025-06-30 17:00:00,-0.003979140715572143,-0.0034526928277908387,2.164572326233303e-08,0.0057598887577329574
2025-06-30 18:00:00,0.014008865768944659,-0.007212619944594225,-5.2379513424147325e-08,0.012797492291377966
2025-06-30 19:00:00,-0.00270703229273806,-0.002412694717753127,3.1068949357527696e-08,-0.0024667962664097574
2025-06-30 20:00:00,-0.008572000815453795,0.013043791831225468,-2.7484969007104718e-08,1.2372027834972893e-06
2025-06-30 21:00:00,-0.0027515357071052973,-0.0015210287439641353,3.2026438167567084e-08,-0.00036974528762080406
2025-06-30 22:00:00,-0.0008141871795063031,-0.002565364385568987,2.6294881418031568e-08,0.001621494653717668
2025-06-30 23:00:00,0.0021055910948315926,-0.001992836295977755,1.2149805521251486e-08,0.0005957125923157167
2025-07-01 00:00:00,-0.0010877879412857236,0.003703800666729237,-2.4271921896753343e-08,0.0013396349124347542
2025-07-01 01:00:00,-0.004612937604854816,0.005516033509664909,3.076446562281698e-09,0.0011356406737590707
2025-07-01 02:00:00,-0.0009030891041964017,0.003954349526560517,-8.167541746314686e-09,-0.0028648709756192185
2025-07-01 03:00:00,-0.012623355667464222,0.0075881263314298624,5.101843613285792e-08,-0.0042357067508815875
2025-07-01 04:00:00,-0.006113572135833922,0.00476050403134334,3.2303162160279777e-08,-0.0044319194055977675
2025-07-01 05:00:00,-0.0015649543304962512,0.0032959688175984536,-6.9292693454877324e-09,-0.0028641824446482378
2025-07-01 06:00:00,0.005221668340429566,-0.012457192177575066,4.363647787636852e-08,0.0048866172871850485
2025-07-01 07:00:00,-0.008474489781553138,0.006380174961570787,2.957578666154311e-09,0.0003854874563679179
2025-07-01 08:00:00,0.002808512684776452,-0.0054324027011666476,-1.142872120240814e-08,-0.0034754040538757824
2025-07-01 09:00:00,0.0003761528442112171,-0.0027632111319975177,6.995532630988861e-09,0.0008247762967028858
2025-07-01 10:00:00,-0.001614360882519825,0.002327104083857938,8.248830922886603e-09,-0.0034671339252463815
2025-07-01 11:00:00,-0.007794720767555998,0.006052382719673987,2.0929578831179482e-08,0.004482679807006184
2025-07-01 12:00:00,-0.000568860763968446,0.004383111408728409,1.4155244224304514e-08,0.0006988481782200283
2025-07-01 13:00:00,-0.003054177504959842,-0.013597222578292064,1.2087218867179013e-08,0.004768744711757929
2025-07-01 14:00:00,-0.0010744124474111987,0.0011453374930545826,5.091797949922851e-09,-0.0009750962895933025
2025-07-01 15:00:00,0.0023598603428151483,-0.0011364700903722426,-1.1808755858902749e-09,0.0037001634752305457
2025-07-01 16:00:00,-0.0027987024962391567,0.006744808177166115,6.6692132938680805e-09,-0.003566008805904936
2025-07-01 17:00:00,-0.008572513128141338,0.004281343033819866,2.5641211013631697e-08,-0.005967886064454889
2025-07-01 18:00:00,-0.0008861801191453146,0.000504100508913573,-2.3594738535082263e-08,0.005557329108260208
2025-07-01 19:00:00,0.003093443900768119,-0.0006761711358138464,1.3432909689359517e-08,-0.004956086051928374
2025-07-01 20:00:00,-0.000253141742290765,-0.00394486303573883,8.351236811358651e-09,0.0008268987720037092
2025-07-01 21:00:00,-0.003960553665056669,0.006509319968386268,-1.1670349200569143e-08,0.00022830647633626937
2025-07-01 22:00:00,0.0009584644874486095,0.001324443950595811,-1.220419790778174e-08,0.000783173046183311
2025-07-01 23:00:00,-0.002696880300302105,0.0014623854457348512,-9.93719880987874e-09,0.0005195008180305379
2025-07-02 00:00:00,0.0056636153320766556,-0.0015399808232481197,-1.694162207846707e-08,0.0013854941182583197
2025-07-02 01:00:00,0.002591591784366531,0.0018084262559876659,-6.960686057297008e-09,-0.0034990142471846017
2025-07-02 02:00:00,0.00515102536502806,-0.005463872872650578,2.3169631125663835e-09,0.0008867305293320426
2025-07-02 03:00:00,0.010353564663787236,-0.012464229337440255,-1.4800906104757793e-08,-0.0009814843500256937
2025-07-02 04:00:00,0.004727882136588353,-0.005903244230387095,1.659298925290956e-08,-0.0020214870989057414
2025-07-02 05:00:00,0.012619533048769638,-0.009201347736775901,8.479351931304748e-10,-0.009218863641033609
2025-07-02 06:00:00,-0.005828304106197699,0.006065806247828546,2.0454817813277253e-08,0.002686771244089121
2025-07-02 07:00:00,0.0019086775890272266,0.0018062503873801906,2.1173498003828702e-08,0.003655838610646279
2025-07-02 08:00:00,-0.0019211939193922957,-0.0022486739017873823,2.312882422395384e-08,-0.0003792392192959415
2025-07-02 09:00:00,0.0002571341935809308,-0.002646589592162384,3.117553460151062e-08,-0.007792675359536078
2025-07-02 10:00:00,-0.001465131725967892,-0.007103816389887316,1.212531067600408e-08,-0.0047436968510514745
2025-07-02 11:00:00,0.004902592451094,0.0006454712158589526,4.294837770222462e-09,0.011250622841526227
2025-07-02 12:00:00,0.00478290089628313,1.7430441135361202e-05,-1.8303968954923795e-08,-0.0012490629098902658
2025-07-02 13:00:00,0.013604260458051035,-0.0124221752291908,-3.501553992533973e-08,-0.0001011768632105835
2025-07-02 14:00:00,0.01591236722066004,-0.015514528585592569,-2.303484927457841e-08,-0.0005758184721949702
2025-07-02 15:00:00,0.0192213245673073,-0.023361787263024583,-2.2129432637721333e-08,0.013162885208465753
2025-07-02 16:00:00,0.004053938615172864,-0.010837150840382821,-2.2455431448909225e-09,-0.001687595744050623
2025-07-02 17:00:00,-0.0011049213784823306,0.006793659669666097,1.3159202528615756e-08,0.003232646583796394
2025-07-02 18:00:00,-0.002302743809210684,0.009087327330299249,-1.1372657080136327e-08,0.002931360626030256
2025-07-02 19:00:00,-0.0006575254496038916,-0.0011527429909733568,-3.681818298725095e-08,-0.005827660358688719
2025-07-02 20:00:00,-0.012853377174979445,0.016863860033118534,-2.5376546854348843e-09,-0.011487645136036617
2025-07-02 21:00:00,-0.010175700185802772,0.01230302321104558,-1.8832852485625442e-10,-0.0027575561727815486
2025-07-02 22:00:00,-0.004691165865257258,0.0029596039002497123,2.9542534631689963e-08,0.003863708147414232
2025-07-02 23:00:00,0.008289339111368633,-0.006947888017817827,-2.2621311753237354e-08,0.0014829495999925438
2025-07-03 00:00:00,-2.162468464855013e-05,-0.0016275705551827913,-5.743369988498749e-10,-0.0017866431595151013
2025-07-03 01:00:00,-0.0008237410246479805,0.0007612461222970353,-8.752274664512408e-09,0.0019660640229466958
2025-07-03 02:00:00,0.006147509035553996,-0.002484887685292805,-3.32507989621562e-08,0.003896497334409452
2025-07-03 03:00:00,0.007702233420053391,-0.00837828802266038,-2.1462259317721142e-08,-0.0005214123882401136
2025-07-03 04:00:00,0.02228992827557784,-0.022762403539650217,-5.451078479107727e-08,0.0030015827843361998
2025-07-03 05:00:00,0.013996692241730472,-0.01739390033579284,-2.1583422036126684e-08,-0.0032099727716950075
2025-07-03 06:00:00,-0.0008313906756549005,0.0031598650773821324,-3.694924234186729e-08,0.0029553065822517815
2025-07-03 07:00:00,-0.009894453439639756,0.010549728600799167,4.535717354660057e-08,0.0017399424048933655
2025-07-03 08:00:00,0.001925614346783745,0.004573567364613949,-1.779285335615671e-09,0.003984020302791096
2025-07-03 09:00:00,-0.007234129855700788,0.007288995189101129,1.820635320638639e-08,0.0014621309362714188
2025-07-03 10:00:00,-0.00030940609128680854,-0.0020528730482962682,-1.1166343261003611e-08,0.001517561971122318
2025-07-03 11:00:00,-0.002301717535663368,-0.0005466818313772397,-7.3285384834663585e-09,0.0031338897222273464
2025-07-03 12:00:00,0.012707907470721579,-0.006827609767424717,1.2378801529178382e-08,0.0005389508279425382
2025-07-03 13:00:00,-0.013215914609453155,0.006866698194894109,4.630873450596582e-08,-0.0007884025202003123
2025-07-03 14:00:00,-0.01196240434842829,0.006049190929479906,4.34914804420509e-08,0.004395033496319555
2025-07-03 15:00:00,0.0015706544399097873,-0.003704213092927484,-6.916037798590784e-10,-0.002337590351489557
2025-07-03 16:00:00,0.0020756161693950446,0.0007038505183556693,-2.5358759193282985e-09,-0.0005702975531012819
2025-07-03 17:00:00,0.002728701080565301,-0.0019621481197609108,-8.617512125809656e-09,-0.0028262654314284074
2025-07-03 18:00:00,-0.0024237740221510875,0.0026853731939701256,1.9371731558669236e-08,0.0024519779577187434
2025-07-03 19:00:00,0.0030879836056376207,-0.0021076747245265307,-9.486220263201931e-09,0.0025719788384660127
2025-07-03 20:00:00,-0.0034623898723661717,0.00118676918716813,8.073799467592867e-09,0.0026054488837043374
2025-07-03 21:00:00,-0.0016774632674946912,-0.0005604669056029814,1.0021819435912803e-08,0.0020074030825886296
2025-07-03 22:00:00,-0.0031258012854730706,0.004273682333930696,7.58425424345216e-10,-0.0022656546605767693
2025-07-03 23:00:00,0.003734391859778214,-0.005410131729686575,-2.8284740501276396e-08,-0.008582938808160879
2025-07-04 00:00:00,0.003991311307426074,-0.0039869198921388665,-3.374719293391875e-08,-0.009769427643414366
2025-07-04 01:00:00,-0.01466083834969327,0.016001780179209314,4.2143021939755075e-08,0.004717286016043677
2025-07-04 02:00:00,0.0024478501733402394,-0.0001927212889881485,-1.6207546682523085e-08,0.0005982998666588779
2025-07-04 03:00:00,-0.010224744524771975,0.011863359462412399,1.724911559911292e-08,-0.0011793036811903223
2025-07-04 04:00:00,0.004175407397760305,-0.0007741893401280696,-2.99901219172487e-08,0.0012006753967606844
2025-07-04 05:00:00,-0.010363832625098482,0.009279488833184229,4.835241262294099e-08,-0.0061929248905857985
2025-07-04 06:00:00,-0.012471653262679173,0.00889803567346753,4.977228046688741e-08,-0.0014873993243852829
2025-07-04 07:00:00,0.0034019427201246403,-0.0008310016172811756,-2.1478234882955873e-08,0.002369243183029067
2025-07-04 08:00:00,0.0034356284007659834,-0.0022627383117802416,2.0791067871324674e-09,-0.003966296468862749
2025-07-04 09:00:00,-0.008046658893109213,0.011931340874133224,1.0001473903791485e-08,0.001411302363674637
2025-07-04 10:00:00,0.0014706058100478715,-0.0011630659593206633,-1.0269116413599508e-08,0.00035425787672029935
2025-07-04 11:00:00,0.0014407922462226714,-0.0009222219183153878,-1.695189194007832e-08,-0.0026812912372430322
2025-07-04 12:00:00,-0.00028139461816452903,-0.006114055610300951,-2.4147870401205593e-08,-0.011344881339659548
2025-07-04 13:00:00,-0.003104862388725065,0.002785822299607951,3.803218119593405e-09,0.00013083945511315484
2025-07-04 14:00:00,-0.009985859682198586,0.008276536506846205,6.239718451850606e-08,0.008946798966173772
2025-07-04 15:00:00,-0.005528859463700709,0.006107868918989469,2.9997120397817076e-08,0.00023854903156040062
2025-07-04 16:00:00,0.004989640932299953,-0.0036474623753773136,-1.134268742037943e-08,-0.0035123821033551396
2025-07-04 17:00:00,0.0016320392160765326,-0.005523863108482923,3.311445030433247e-09,-0.012743733644939213
2025-07-04 18:00:00,-0.0017969058714513162,0.003936237090045439,-1.848405688896429e-09,0.0003935192217539378
2025-07-04 19:00:00,0.005512253865454334,-0.005721815388378896,-5.338582204747559e-09,-0.0017665404657336984
2025-07-04 20:00:00,-0.0006728295319224907,0.0002656648305191415,9.7880680153827e-09,0.0034944946435289267
2025-07-04 21:00:00,0.004756221885556267,-0.0034863291846168,-2.0891029897743186e-08,0.003353344817117048
2025-07-04 22:00:00,-0.002988728315528544,0.004868261530937997,2.579838565072861e-09,-0.002062343228658637
2025-07-04 23:00:00,0.0006220183569065362,-0.003708540737602073,6.210677453098152e-09,0.004691642664553284
2025-07-05 00:00:00,-0.0044609323703080775,0.005962116540182419,2.3744405217251635e-09,1.1471327843987114e-05
2025-07-05 01:00:00,0.0017094484499836499,0.00040233424975830905,-7.51645447382338e-09,-0.0029456455535280764
2025-07-05 02:00:00,0.006267372262129587,-0.008796088117441096,-2.0667172444372408e-08,-0.008059894762414817
2025-07-05 03:00:00,-0.003771774717226478,0.0036934836351463344,2.0692748410310268e-08,-0.0015533598946630243
2025-07-05 04:00:00,0.0043884946547670285,-0.005358188183857542,-2.235536453704566e-08,0.0007165174358977261
2025-07-05 05:00:00,0.00468735339129963,-0.0063113008593076005,-1.5825527077552673e-08,-0.004473684293026858
2025-07-05 06:00:00,-0.003312269868593001,0.00012523406894694722,7.965821696395482e-09,-0.008013151866276574
2025-07-05 07:00:00,-0.005905914830008779,0.008103811785830486,1.8858671351589498e-08,-0.002321287683321279
2025-07-05 08:00:00,-0.0005319425831832479,0.0018680785126839261,-3.520323311820016e-09,-0.003973029725499968
2025-07-05 09:00:00,0.0002253782482314503,-3.896563163760369e-05,3.759805099532526e-09,0.006064504224896395
2025-07-05 10:00:00,0.002884862768400106,-0.0036351327811057657,-1.3359765805179461e-08,0.0011016667201073159
2025-07-05 11:00:00,-0.0015031983817755906,0.003366437926864695,6.339176513511097e-09,-0.001447786885333049
2025-07-05 12:00:00,-0.0031979427274729747,0.004278300470996626,1.530416397808155e-08,0.0006160920798592315
2025-07-05 13:00:00,0.0046012337913748525,-0.00580393282953875,-2.1029770523744453e-08,0.00439817473572036
2025-07-05 14:00:00,-0.0036593475161807217,0.0009097245560713108,2.0323402047612564e-08,2.483542401742978e-05
2025-07-05 15:00:00,0.00031180684813893536,-0.0038331793101114824,1.1166012036324066e-08,-2.9357445570871893e-05
2025-07-05 16:00:00,-0.0007792542919632977,0.0012619816322519924,2.4492023855680865e-09,-0.0013302870817954557
2025-07-05 17:00:00,-0.0069685337941784616,0.008774882238883336,3.342210628492894e-08,-4.4778946072213935e-05
2025-07-05 18:00:00,0.004452379796153026,-0.005174749846843665,-1.8927644408912608e-08,-0.005901431663571995
2025-07-05 19:00:00,0.002847981182836451,-0.004628874611710866,-2.1500137909658283e-08,0.005239242886959164
2025-07-05 20:00:00,0.002409019734647028,0.0008594179427184275,-2.530054541837702e-08,-0.0036159712733399817
2025-07-05 21:00:00,0.0017306907366776941,-0.0034376384574295806,4.218130020330905e-10,0.0022771815943123993
2025-07-05 22:00:00,0.0002823203001433715,0.001240349564618165,-1.6865369633017003e-09,-0.0031955565202260354
2025-07-05 23:00:00,-0.0011933165640578506,0.0021954560255580506,4.390918952498683e-09,0.003601922880748315
2025-07-06 00:00:00,-0.0023357687282998846,0.0007014083032529547,1.826204253074184e-08,0.002838525847481182
2025-07-06 01:00:00,-0.003319642624447299,0.003099986529636338,1.1232687799183265e-08,0.0014521160642530237
2025-07-06 02:00:00,0.0035796679841183015,-0.005355623936882051,-2.158496788692412e-08,0.0012923531140464615
2025-07-06 03:00:00,-0.0015915909763690194,0.0020379848740210895,4.7776520959837716e-09,-0.0004153677829750727
2025-07-06 04:00:00,-0.0017604742844823113,0.005337154846786023,7.874063539422962e-09,0.0016076440109881217
2025-07-06 05:00:00,0.005748736212058072,-0.004299944784500292,-3.106097654337952e-08,0.0029534072992317565
2025-07-06 06:00:00,-0.0017634754259851781,-0.000393198511956434,9.530368650669165e-09,0.0006312942842039423
2025-07-06 07:00:00,0.0011844758327039964,0.00026283711416421517,-1.4394162367657314e-08,0.006199351476064098
2025-07-06 08:00:00,-0.003221648809006243,0.006012038154769474,5.35513206883416e-09,0.005391733283033545
2025-07-06 09:00:00,0.0064232687256997505,-0.005422265152225173,-3.0398715370771406e-08,0.008599230330586316
2025-07-06 10:00:00,0.007174487294285066,-0.009280061274989477,-3.893955472097157e-08,-0.006883550528306643
2025-07-06 11:00:00,0.008663282835349997,-0.010002407578188462,-4.187395492233713e-08,-0.005434673290697734
2025-07-06 12:00:00,-0.007845165416007015,0.010989237442028215,2.8453609482068452e-08,0.03538861939547613
2025-07-06 13:00:00,-0.00017347962147076183,0.0023121661160505095,2.534593605710097e-08,-0.003023890954756088
2025-07-06 14:00:00,-0.00047256601154367585,0.00454296776525966,-1.3737540394187846e-09,-0.0013252005312443529
2025-07-06 15:00:00,0.006609310661376971,-0.013877135339041892,-4.2503733163558613e-08,0.0020136027223230566
2025-07-06 16:00:00,-0.002759734834847432,0.0003484897488515979,2.9643264345486158e-08,-0.000669702054261355
2025-07-06 17:00:00,-0.0056396493030640895,0.0094964202719056,-1.0087446219614895e-09,0.006393449912947781
2025-07-06 18:00:00,-0.0011915614114854397,0.0031479614198911925,-6.852363398291748e-10,-0.0028844761450638463
2025-07-06 19:00:00,-0.0038873162769594966,0.0020521095453361615,2.369997064113881e-08,-0.005613267864111516
2025-07-06 20:00:00,0.013363215181511148,-0.011775539122408089,-4.269206453686217e-08,0.0031136551931985296
2025-07-06 21:00:00,0.0011093494500891248,-0.002658794098445774,7.813721066919573e-11,-0.0033586019256243954
2025-07-06 22:00:00,-0.008701422168962032,0.012333091205462403,4.977115353035691e-08,-0.003054299692264716
2025-07-06 23:00:00,0.002143141708684287,-0.008162375331171982,-3.1028121770032716e-08,0.0052060702401531276
2025-07-07 00:00:00,0.00031995115499063986,-0.0004764935838443999,1.118097736026232e-08,-0.0012204247029211272
2025-07-07 01:00:00,0.009280527361983504,-0.011381573836567412,-2.887970150577984e-08,-0.0005267716743282019
2025-07-07 02:00:00,-0.004304837832503333,0.00362852310577817,1.7355196817208754e-08,0.008586160624422697
2025-07-07 03:00:00,8.202049776475013e-05,-0.002695197793983105,-1.2989576748183815e-08,-0.004011132346280759
2025-07-07 04:00:00,-0.0024888457387644775,0.005623825423491341,4.235093152075308e-09,-0.000284542521786048
2025-07-07 05:00:00,-0.000490601393075735,-0.0062582684585097146,-1.2757139772695067e-08,-0.003772298353165928
2025-07-07 06:00:00,0.0017789761087053614,0.002942101797496581,-2.4560080994444952e-08,-0.006229097901560187
2025-07-07 07:00:00,-0.0003070184256964829,0.0011916191326859478,-3.332127063023449e-10,0.0021479976300189116
2025-07-07 08:00:00,-0.005780344185548817,0.005818676204230679,2.82218998245462e-08,0.004738486229062764
2025-07-07 09:00:00,-0.0017841897795468787,0.0014179646764339788,-1.3774133193569279e-09,0.001089146270964585
2025-07-07 10:00:00,0.002297960270907583,-0.0035391490182550326,-1.1494555433979405e-08,0.0023519354128855212
2025-07-07 11:00:00,-0.006582766251544062,0.00290799766341327,2.6110661717901705e-08,-0.001030998404079289
2025-07-07 12:00:00,0.011689924149287257,0.0038028507364650803,-9.874553638255143e-08,0.003126516250477497
2025-07-07 13:00:00,-0.011246038306491311,0.0028434380731423015,6.995733848272657e-08,-0.0018303086906539825
2025-07-07 14:00:00,0.0034017869477555853,0.004190699984800385,-3.174781476750954e-08,0.007351431969514499
2025-07-07 15:00:00,-0.007796297982620891,0.0040673472692732285,3.492469767615071e-08,-0.0026553103612196576
2025-07-07 16:00:00,0.0018341732023385432,-0.0006792775720713603,-1.5285362735196964e-08,0.0034479591853509065
2025-07-07 17:00:00,0.0007533158793596905,0.00225166441344957,-6.339776940186398e-09,0.0046364577613977045
2025-07-07 18:00:00,0.0005204704865655312,0.00061295114481011,-3.6162191347728084e-09,0.00011612640114356168
2025-07-07 19:00:00,-0.007133681716106458,3.571198114726442e-05,4.3942534921668364e-08,0.003788269395693875
2025-07-07 20:00:00,0.001598436689360854,0.001836909840744562,7.381796288134161e-09,-0.0013098306860008459
2025-07-07 21:00:00,-0.0016628004055521638,0.000593840281172094,-3.5230319240730694e-09,0.0008708847985486821
2025-07-07 22:00:00,0.005413723756621556,-0.007384032987972158,-1.1953083790815253e-08,0.00120241032069885
2025-07-07 23:00:00,-0.0027403182911057158,0.0025015498815831295,1.7447255886507253e-08,0.0012396155848387043
2025-07-08 00:00:00,-0.007117910371252616,0.004433010054541303,-1.0051513889928848e-09,0.0014398216020599791
2025-07-08 01:00:00,-0.0013352805423819398,2.0702262029777886e-05,1.1081365733645844e-08,-0.00391702945141637
2025-07-08 02:00:00,0.0032420067673661554,0.0012357858649871384,-1.8568420719369186e-08,0.0033657651896029555
2025-07-08 03:00:00,0.0002810821902785618,0.0011209562027351034,5.499031508493149e-09,0.0007655854290152738
2025-07-08 04:00:00,0.0027018101966036698,-0.0030108845743726915,-1.6509279615589255e-09,-0.0006520621910028413
2025-07-08 05:00:00,0.002181118203787534,0.00038475172838425603,-6.854179577109125e-09,-0.003899229844414938
2025-07-08 06:00:00,0.0013485592400710046,-0.001766163723370826,4.041028093608247e-09,0.0021739947535281087
2025-07-08 07:00:00,-0.004897819842738079,0.008757497611695088,4.675695333744302e-09,0.0004015655459647179
2025-07-08 08:00:00,0.002394357476313974,-0.0016240328433599822,-1.9954720367589595e-09,0.0012250116145906494
2025-07-08 09:00:00,0.008158431818481096,-0.010273242356958149,-2.4017047459315548e-08,0.003953310534821594
2025-07-08 10:00:00,0.0034608231743135753,-0.002224059718531561,-2.9035391411295863e-08,-0.001181592140783851
2025-07-08 11:00:00,0.006899724340710057,-0.00904067094065364,-2.6222476768969426e-08,-0.00022054694711036495
2025-07-08 12:00:00,-0.006119483462929063,0.007851836348025384,4.038903558071477e-08,0.006132078295838749
2025-07-08 13:00:00,-0.009009856717329158,0.0024918694907859616,2.1000987643018378e-08,-0.004100631469854971
2025-07-08 14:00:00,-0.0025474218133534534,0.003156580354787336,-8.026281222548492e-09,-0.002603821011612983
2025-07-08 15:00:00,0.005872279274520134,-0.006932207628452551,-2.2343325190370054e-08,0.00017596455574390443
2025-07-08 16:00:00,0.01234227080532117,-0.005545226739134633,-5.401490425922686e-08,0.00015302604878813654
2025-07-08 17:00:00,0.0037019293702247585,-0.004496420465385574,-1.2075325101062303e-08,0.002253634115533728
2025-07-08 18:00:00,-0.006096745022221716,0.007066851829841228,3.009123995022903e-09,0.0018812020918599686
2025-07-08 19:00:00,-0.005713648567477485,-0.0009309533298261317,4.289486904420826e-08,-0.0018887539803440355
2025-07-08 20:00:00,0.006256354738094433,-0.0058108359478788695,-2.4723640020357737e-08,-0.0005160047170154219
2025-07-08 21:00:00,0.0009779512770678195,-0.0029702667694143565,-5.623412832753038e-10,-0.004694766069756675
2025-07-08 22:00:00,-0.0004067923206472326,0.0023572775197365234,2.30490299466531e-10,-0.0010672005258672737
2025-07-08 23:00:00,-0.0016713653542513138,0.0014216755052845324,1.1850436393755427e-08,0.0034505902900645027
2025-07-09 00:00:00,-0.0015409406175716576,0.0032371558612278007,-7.0032240861895565e-09,0.0014439915903482832
2025-07-09 01:00:00,0.003595249931679989,-0.004135638305691727,-3.615879241014097e-08,0.0019125495292291344
2025-07-09 02:00:00,-0.003179752042735517,-0.00028901838240362893,7.462389035487358e-09,-0.00015944270638992833
2025-07-09 03:00:00,-0.0002280719070719469,0.004678093334897628,-1.447223086663013e-08,-0.005467174173862339
2025-07-09 04:00:00,0.007297742964321144,-0.0027715404268032168,-5.298348549884008e-08,-0.007410726564613535
2025-07-09 05:00:00,7.65928926542989e-05,-0.0010008920946189923,5.7161521734540224e-09,0.0017570609970595048
2025-07-09 06:00:00,0.0007175127892228853,-0.0026352461041466895,-1.1545953522553382e-08,-0.0006233273920838063
2025-07-09 07:00:00,-0.003768438757779528,0.0023569236904476118,2.057489380869295e-08,0.0047066460747232294
2025-07-09 08:00:00,-0.0010069423827706462,0.000981593742595082,1.493964510694158e-08,-0.0037243744510378073
2025-07-09 09:00:00,0.0057971797206493965,0.0037701391564916075,-5.858292112228273e-08,0.012092773894141547
2025-07-09 10:00:00,0.004611341852933779,0.0016011176777433382,-5.090345333723912e-08,0.009972694316125323
2025-07-09 11:00:00,0.004948420369426412,0.0021320628779116627,-2.2855731883538578e-08,-0.001175107631762088
2025-07-09 12:00:00,-0.002360118960004704,-0.0037464072123067895,1.599769611670364e-08,0.00041984112398562364
2025-07-09 13:00:00,-0.004830643526659108,0.00426383762732185,1.1982919973340448e-08,-0.0025641733364808565
2025-07-09 14:00:00,-0.0009354482663960972,0.007048783783899025,1.7563560358838265e-09,-0.0038654505430652385
2025-07-09 15:00:00,0.0038344954378420476,-0.0031006319950139037,7.785498038988443e-10,0.00020033201213509196
2025-07-09 16:00:00,-0.006348072487473988,0.009208969719231724,1.4708886954707927e-08,0.004381173517200489
2025-07-09 17:00:00,0.00478202300241962,0.006714156265911308,-2.185075224062405e-08,0.0005767222351840357
2025-07-09 18:00:00,0.020809533935004215,-0.011420761736910942,2.184711779258289e-08,-0.002265486197427283
2025-07-09 19:00:00,-0.0048622053610916025,-0.006706494896536313,-8.339005124905579e-08,0.004349879923405893
2025-07-09 20:00:00,0.0051363697951044025,-0.001699495891496755,-2.6456475368814607e-08,-0.003252580543405264
2025-07-09 21:00:00,0.00523596387750002,6.769217682376032e-05,-2.0778430867513592e-09,0.0005459873623879767
2025-07-09 22:00:00,-0.0036242253573821608,-0.0004021305766378884,2.9652625001373415e-08,-0.004969414142614355
2025-07-09 23:00:00,-0.005337213491236352,0.007606520079558745,1.4364407921048145e-08,0.005469158962810995
2025-07-10 00:00:00,0.00251109755597965,0.004075766025435534,-3.686871416056609e-08,-0.004744058818336767
2025-07-10 01:00:00,0.00475459236928773,-0.010200958052051826,-2.5411080428641004e-08,-0.0021274015408552427
2025-07-10 02:00:00,-0.0031812313011626452,0.0033343448632375916,1.3855050599667409e-08,0.000993264909798057
2025-07-10 03:00:00,0.0011009704099183095,0.0009097010033583306,-9.60775089568779e-09,-0.0005952687708894925
2025-07-10 04:00:00,-0.002930625590868207,0.002993752060828872,1.1126820339969365e-08,-0.0006436323949236405
2025-07-10 05:00:00,-0.002504233556409473,-0.0007886908883506725,4.1638955157917935e-09,-0.006568964111889086
2025-07-10 06:00:00,0.004226641195989164,0.0033940117973939167,-3.389910037334923e-08,0.005190011854423491
2025-07-10 07:00:00,0.004947584700838728,-0.003766521467108742,-3.065526516179933e-08,0.0034977585754655113
2025-07-10 08:00:00,-0.0028246618729099752,-0.0006090990926833396,1.2513312627560132e-08,-0.0021173388967221335
2025-07-10 09:00:00,0.002899856998023664,-0.00425581956358091,-7.294997332405476e-09,0.0012914931091423042
2025-07-10 10:00:00,-0.004972762815962413,0.010306188966678734,8.60610676085722e-09,-0.0002287736784319882
2025-07-10 11:00:00,-0.004502755018161259,0.0018897652702724746,1.8956677768945253e-08,-0.005030785477587092
2025-07-10 12:00:00,-0.0012049117149187214,-0.00106749989806344,1.0683721885013374e-08,0.00018673562730745101
2025-07-10 13:00:00,-0.0029850907818411154,0.004867242252191042,4.261230145359445e-08,-0.004384739273896366
2025-07-10 14:00:00,-0.0011943464935125325,0.006954992425682311,-8.005819353142774e-09,0.003798905609445906
2025-07-10 15:00:00,0.010892785345816827,0.0012055239861257243,2.0173965121540994e-08,-0.008009196191211416
2025-07-10 16:00:00,0.007182123331780862,-0.008170255844423139,-5.079232137192114e-08,0.011035265280217093
2025-07-10 17:00:00,-0.0008446856154580322,0.0039734254592351595,1.471974519066537e-08,-0.00392207785752475
2025-07-10 18:00:00,0.000674289107212101,0.005934657915163113,-1.8865818374849554e-08,-0.0028204716307127383
2025-07-10 19:00:00,0.004838274875986417,-0.013595915679005938,1.0610481430981126e-10,0.014698771361479363
2025-07-10 20:00:00,0.02086583285290244,0.012574494084041021,-5.561103816114225e-10,-0.0034043603018363206
2025-07-10 21:00:00,0.009569020815224191,-0.008773767917194215,-8.490798182967637e-08,-0.0002446161132724056
2025-07-10 22:00:00,0.0029036034342217855,-0.004729178849315393,-4.928904999938062e-09,-0.0021566994437508444
2025-07-10 23:00:00,-0.007204026125720233,0.002575632955832153,1.429825204468064e-08,-0.003298543688872313
2025-07-11 00:00:00,0.0034496799097749635,-0.005943932805971341,-6.280289774046622e-08,-0.009159376696302256
2025-07-11 01:00:00,0.0004238077797194548,0.009320898179878082,-2.312445240374257e-08,-0.004325389644226619
2025-07-11 02:00:00,-0.0017843940808199411,-0.004191345789723502,2.8513962035922873e-08,-0.0030761808882602314
2025-07-11 03:00:00,-0.003075893348165107,-0.006970672097101291,1.282495574509389e-09,-0.008065327537977032
2025-07-11 04:00:00,5.8025118617417715e-05,0.002533913357041099,4.4985993109234233e-08,-0.002448222997744674
2025-07-11 05:00:00,-0.016187495818237987,0.01771400594915794,5.978159675103876e-08,0.000995801322436368
2025-07-11 06:00:00,-0.006778690026427675,0.007538859350340422,1.3066177372689755e-08,-0.0021091238967836305
2025-07-11 07:00:00,0.00783242449768704,0.0010967375325327247,-3.5278736005611636e-08,0.0006326213525593815
2025-07-11 08:00:00,0.005601310073380802,0.0043271170564609055,-2.3130556250068516e-08,0.0014157639282224466
2025-07-11 09:00:00,-0.0017018922839225374,0.01636985013708393,-6.467864666113463e-08,0.01305630283297519
2025-07-11 10:00:00,-0.007010220487580663,0.004867112809192666,1.930992827339272e-08,-0.002317381362128811
2025-07-11 11:00:00,0.009911489910178487,0.006919982236148242,-8.137847530202132e-08,0.004654067226072365
2025-07-11 12:00:00,-0.004075460976927726,0.027522945256169485,1.8447704358862932e-09,0.011326138955107706
2025-07-11 13:00:00,-0.0006986619514897014,2.638548913600421e-05,1.3663534220960882e-08,0.003141184966847354
2025-07-11 14:00:00,-0.023125592274780497,0.017634432547390576,4.8186629260701605e-08,-0.001680186918104216
2025-07-11 15:00:00,0.009171803591615856,0.004862586814480594,-1.0694107845741568e-08,0.005577063419705786
2025-07-11 16:00:00,0.0038585845500408956,0.012660385597238217,-6.338729128650506e-08,0.0016495387255465815
2025-07-11 17:00:00,0.0008633024082345016,0.007802563634970823,-3.515051597491775e-08,-0.0029721439691765225
2025-07-11 18:00:00,-0.004887343238178199,0.012624382557900108,2.3222870046441943e-08,-0.0015211395828406164
2025-07-11 19:00:00,-0.004914901034165871,-0.021241362007296417,6.619117376923913e-08,0.0091975449596503
2025-07-11 20:00:00,-0.01618791631943318,0.01997203994949027,4.809265599664132e-08,0.0013557319640322533
2025-07-11 21:00:00,-0.0007211167872758825,-0.005416933396947993,2.6808145637597752e-08,0.0024455774057642087
2025-07-11 22:00:00,0.003496349066918434,0.001059313019587267,-4.054377424338249e-08,-0.0004746642880701494
2025-07-11 23:00:00,0.0007039759289882517,-0.0028141289171936842,-2.034681739842745e-09,0.002224666561023392
2025-07-12 00:00:00,0.01635349047558268,-0.01010907557805846,-8.569365318249061e-08,-0.0063839758483646356
2025-07-12 01:00:00,0.004590050160367445,-0.0066491959520505834,-1.0799168612988809e-08,-0.0023456391766491563
2025-07-12 02:00:00,0.014095090462629821,-0.019787577910543298,-1.9123272341569787e-08,-0.0009554122345685124
2025-07-12 03:00:00,-0.024512409512197797,0.031668119864938685,5.9590386048680284e-08,-0.00322347640266891
2025-07-12 04:00:00,0.005321662461569473,-0.005951427832307079,-1.875204017176766e-08,-0.004398391482319052
2025-07-12 05:00:00,0.012168012690382174,-0.01925789625638761,-4.425118115808722e-09,0.003574160775797697
2025-07-12 06:00:00,0.0043136381270374065,-0.008810660796231023,-5.116329115142079e-10,-0.002433246028720726
2025-07-12 07:00:00,-0.009391991423450981,0.019834756415998012,3.233300202218995e-09,-0.005079401875270828
2025-07-12 08:00:00,0.010742766133191452,-0.006770582786861604,-4.88092381616574e-08,0.0037181415846361467
2025-07-12 09:00:00,-0.006164974054995147,0.013181752192786757,-1.3566286421735942e-08,-0.0017584311648344267
2025-07-12 10:00:00,0.0013223213315933817,-0.013054216030321182,3.341656222161583e-08,-0.000872921410903528
2025-07-12 11:00:00,-0.019640771336405308,0.01690172886122395,7.133677605181366e-08,0.0030377933975377813
2025-07-12 12:00:00,-0.006988055412866045,0.010393172820408607,1.0447774909919988e-08,0.001397790811652239
2025-07-12 13:00:00,-0.010956716012125233,0.010510297595521204,3.781800035716425e-08,0.0011818634934673145
2025-07-12 14:00:00,0.015118054588981356,-0.028370318859529946,2.0291889932825498e-08,0.012797299854534554
2025-07-12 15:00:00,0.003303994549770068,-0.0010451790298977577,-2.2692321417671376e-08,-0.002063519253759743
2025-07-12 16:00:00,0.02401642187354108,-0.023175874951036977,-7.293022406188581e-08,-0.0008907321690675528
2025-07-12 17:00:00,0.0009154656051164896,0.0021542907565806745,-1.3708555918246821e-08,-0.0023136695814114454
2025-07-12 18:00:00,0.005871174994314374,-0.00941045564836254,3.009143468225714e-10,0.0002838886468109944
2025-07-12 19:00:00,0.012487114954559491,-0.02358161050366581,-3.0444814354006e-09,-0.010209860766964785
2025-07-12 20:00:00,0.01809278556420635,-0.0100289338015651,-7.735122736563636e-08,-0.008294884298938078
2025-07-12 21:00:00,-0.007903110860835937,0.014128214254014507,-1.0459624692201848e-08,-7.636038757459944e-05
2025-07-12 22:00:00,0.0012452088149803543,0.0013805830673014083,-1.4141627048154467e-08,-0.00031020424774480347
2025-07-12 23:00:00,0.0011714534326715711,0.0013715394767001411,-2.1949339599348972e-08,-0.001960423642022104
2025-07-13 00:00:00,0.010973826227238428,-0.01675463126079048,5.465481091675437e-09,0.00884791749207217
2025-07-13 01:00:00,-0.005142900778176923,0.006554367213877083,1.1731384160406877e-08,0.004287323728420022
2025-07-13 02:00:00,-0.004237039932522421,0.005482268888349689,1.9290341619200115e-08,-0.0009414478351162346
2025-07-13 03:00:00,0.020916003586350325,-0.02414621447280994,-5.533408638912027e-08,0.007054605591059661
2025-07-13 04:00:00,0.012939362295033785,-0.02554406431307018,2.212281113817003e-08,-0.010673252345691074
2025-07-13 05:00:00,0.007570599267388823,-0.0072796622624177595,-1.9340554297257416e-08,-0.012082519393934166
2025-07-13 06:00:00,0.013281538850443149,-0.01507709829874415,-2.9632254779712868e-08,0.00038635010576276404
2025-07-13 07:00:00,0.005124855423698538,-0.010773551452214498,6.75222471411314e-09,-0.003148688430746067
2025-07-13 08:00:00,-0.00961001983680191,0.008556471215205272,2.8521529057050747e-08,0.002343578364902709
2025-07-13 09:00:00,0.002684043722732082,-0.0010499129726394614,-8.572884854601257e-09,0.0032440823527062038
2025-07-13 10:00:00,0.002889273131332977,0.003110032736453807,-1.959291699336865e-08,-0.0009480113858890485
2025-07-13 11:00:00,-0.007254708633962078,0.020377557563310836,-2.0531981106786905e-08,-0.005839867690849156
2025-07-13 12:00:00,-0.007934962909276045,0.019097490805478252,-1.21353615108297e-08,-0.005466655368710973
2025-07-13 13:00:00,0.006917374699223562,-0.010821406901966587,-3.4406308025542136e-09,0.007190452749693107
2025-07-13 14:00:00,0.007782559711128112,-0.014237478064564445,6.353702121150691e-09,-0.00041879980868676537
2025-07-13 15:00:00,-0.005343132654794621,-0.0008415085637701545,3.836928072404617e-08,0.002689543398296176
2025-07-13 16:00:00,-0.0029975277069240113,0.01132290149332238,-3.204952536520421e-08,-0.005641622056673918
2025-07-13 17:00:00,0.006238062881735602,-0.004406046619026354,-1.4719305310097358e-08,-0.007110772701123499
2025-07-13 18:00:00,0.0024484532898786616,-0.007589588949245102,2.008906727869673e-08,-0.003461327787878686
2025-07-13 19:00:00,-0.0017807958758017653,0.0030393634209721423,4.3892785970551294e-09,-0.0027192596520535417
2025-07-13 20:00:00,-0.02047236500121142,0.014670091292472659,6.673019668529071e-08,0.008479763553824956
2025-07-13 21:00:00,-0.014375802565029959,0.018325253486899278,5.217182484910921e-09,-0.0008036554169335539
2025-07-13 22:00:00,-0.006162992365362635,0.011570104122447302,1.447781014180844e-08,-0.0023026162571799045
2025-07-13 23:00:00,0.004333666907685928,-0.003449413814568605,-1.703185851579619e-08,-0.0014123678647169073
2025-07-14 00:00:00,0.020094802735010502,-0.02164579207110877,-4.240516913671572e-08,0.0073802116097559135
2025-07-14 01:00:00,0.004588681361689459,0.004308698211740374,-2.4369914515323197e-08,-0.0002577902810190038
2025-07-14 02:00:00,0.00804636692342595,0.0019159103751729886,-1.2317940079479852e-08,0.003537351844788153
2025-07-14 03:00:00,0.004321582796020916,-0.007620235148472025,1.7304551206722283e-08,0.005170284439613327
2025-07-14 04:00:00,-0.012319446736736631,0.013139809933077291,1.1921329612097823e-07,-0.0031112929995281654
2025-07-14 05:00:00,-0.012128949912933293,0.011570871680047126,8.10824285057605e-09,-9.784940743965384e-05
2025-07-14 06:00:00,0.0049277857110734645,0.005414828888775281,-2.4704807321808685e-08,-0.0033617677755359205
2025-07-14 07:00:00,-0.03423390729110506,0.04167779987890705,2.0954763934221425e-08,-0.0005837386080457848
2025-07-14 08:00:00,0.015523454354408751,-0.0182771229709712,-5.7597487121600205e-08,-0.0002652812579600181
2025-07-14 09:00:00,0.009487512162567902,-0.003564192733218956,-2.6158109124201553e-08,0.004034157321138269
2025-07-14 10:00:00,-0.02485325409453834,0.02574165155922624,3.377366603681989e-08,0.001890702993402951
2025-07-14 11:00:00,0.002921425074893966,-0.0019151693756225669,2.4683578672491388e-08,0.0005700680190948564
2025-07-14 12:00:00,-0.015923252917660426,0.01885297021470301,-3.7971235932317044e-08,-0.004732408303897791
2025-07-14 13:00:00,-0.01956388198536998,0.013975202586621133,2.8851022848707897e-08,-0.0008138069473347732
2025-07-14 14:00:00,-0.004507183947032749,-0.016101181577865845,2.7078965575892767e-08,-0.003000505305437193
2025-07-14 15:00:00,0.007390464639740829,-0.011335236592874371,-3.439064059307868e-08,-0.006406859785662228
2025-07-14 16:00:00,0.03253364489345992,-0.05088992563272665,2.0936492903431135e-08,-0.0037839352438993586
2025-07-14 17:00:00,-0.023032023635459906,0.017449207741805046,6.242292541032676e-08,0.0010370538315276193
2025-07-14 18:00:00,-0.0013795824581984161,0.0025356627306100687,1.6217782793395757e-08,-0.0017956313739228979
2025-07-14 19:00:00,0.01875584641634193,-0.02376780886422594,3.787450776649068e-08,-0.004642007678435064
2025-07-14 20:00:00,-0.013767009507325467,0.01838988886722871,-2.274882651134456e-08,0.0005357446364313612
2025-07-14 21:00:00,-0.004470277977567935,0.007739463552736181,6.474486528818904e-10,-0.002703326060766064
2025-07-14 22:00:00,0.004195878064659808,-0.005551793032020406,-9.484993911195342e-09,-0.0003541050218492869
2025-07-14 23:00:00,-0.028044091248853063,0.03806775951145278,7.99434951025069e-09,-0.015135348254048636
2025-07-15 00:00:00,0.01603333093251369,-0.02381485132951382,-4.337191413205772e-08,0.0009161423637672767
2025-07-15 01:00:00,-0.03019266363236234,0.029395252197147025,3.038580595811874e-08,-0.00023510611479838508
2025-07-15 02:00:00,-0.004511369011339835,-0.005345003444101742,-4.689077334853386e-09,-0.0014247772421869555
2025-07-15 03:00:00,0.01849639463049959,-0.013875900493075964,-4.456048744183114e-08,-0.0012446541899055234
2025-07-15 04:00:00,-0.012338446506005952,0.01611764488404188,-2.828847154106786e-08,-0.0026283195888039774
2025-07-15 05:00:00,0.015313043534277593,-0.016408751871588946,-3.2868863075630686e-08,-0.002421518355329902
2025-07-15 06:00:00,-0.01280211469898983,0.01037486376896577,1.3889137790432183e-08,0.000786553309875717
2025-07-15 07:00:00,0.020801405031813228,-0.022210167308899145,-1.119034004269248e-08,-0.004632159607964067
2025-07-15 08:00:00,-0.04362274904373689,0.04947477216055618,-9.229682766993426e-09,0.0061001826620092825
2025-07-15 09:00:00,-0.020551173180913918,0.025706715699004443,-1.170275467171902e-08,0.003147997846265598
2025-07-15 10:00:00,0.0029950927803665175,-0.000792219925583976,1.3402277870159053e-08,-0.0031150439706771147
2025-07-15 11:00:00,-0.004266771837233817,0.01486849938909936,-1.24121068413051e-08,-0.006057665211748403
2025-07-15 12:00:00,-0.01647709017767328,0.023111199968644833,-2.041303769106861e-08,0.008146382647478528
2025-07-15 13:00:00,0.02958952673152469,-0.058164240635570415,3.947031810213148e-08,-0.002635157188757529
2025-07-15 14:00:00,-0.004497564197404201,0.02309449198812555,-1.055653358589554e-07,-0.0014435547056813062
2025-07-15 15:00:00,0.012269659584268906,-0.006022053961470202,-3.8754603538595274e-09,-0.0009246782044168271
2025-07-15 16:00:00,-0.06359491436092159,0.0843417858977846,-9.091321414773332e-08,0.01737677166795767
2025-07-15 17:00:00,0.04082499549739034,-0.051516121634070426,-1.0202397524938348e-08,-0.0063079300727759
2025-07-15 18:00:00,0.038396681244347294,-0.05871472404562068,6.977009939055344e-08,0.001819212299592479
2025-07-15 19:00:00,0.03206574215280138,-0.04115848817392427,2.0414170587547415e-09,-0.005011241074649561
2025-07-15 20:00:00,0.020256116965266222,-0.018569964173236003,2.398128906749783e-08,-0.008761020106997197
2025-07-15 21:00:00,-0.011698070533845143,0.016194959931717816,-1.7396355023497547e-08,0.00498162072908449
2025-07-15 22:00:00,-0.022457390984530864,0.037651629180465634,-5.528802484170985e-08,-0.003913816811673661
2025-07-15 23:00:00,0.024209915506578694,-0.02309965357877231,-2.3272549068379704e-08,0.0008619640653292486
2025-07-16 00:00:00,-0.014680777863430743,0.013340212259764204,8.064156767278468e-09,-0.0008749196689385213
2025-07-16 01:00:00,-0.013253156003582366,0.002981771534017333,6.328947830488122e-08,-0.0007256869017770966
2025-07-16 02:00:00,-0.002712165230481497,0.004372895273016312,4.9386274062109724e-09,0.00021146579129222124
2025-07-16 03:00:00,-0.016981078175069785,0.019701409904909005,8.968642694725246e-09,-0.002274104298536992
2025-07-16 04:00:00,-0.0039152645854004485,0.006733663508672073,2.332082249923136e-09,-0.001615249330518668
2025-07-16 05:00:00,-0.011071486446450519,0.018624078999147274,-6.9978643933823605e-09,-0.005513099227037132
2025-07-16 06:00:00,-0.004783931953464054,0.007441470660713104,-2.1066592244853156e-08,0.0048170112312559046
2025-07-16 07:00:00,-0.007669056495779536,0.014355541054405015,7.960434574556469e-10,-0.0006915998977078466
2025-07-16 08:00:00,0.051084288060908194,-0.058149452629851855,-4.527637895238204e-09,0.004762476624316172
2025-07-16 09:00:00,-0.014668299301718996,0.011995212889762772,7.379152852632859e-09,0.0008682423731181414
2025-07-16 10:00:00,0.02546633770622462,-0.030809195351607473,-3.871981127214582e-09,-0.007360454910729069
2025-07-16 11:00:00,-0.007119445977569866,0.01119352164006411,-2.9298205284038048e-08,-0.003433620168798683
2025-07-16 12:00:00,-0.028274117350026887,0.037421179110985504,-1.9702104953920697e-08,-0.003886472941666786
2025-07-16 13:00:00,0.0007685151705045211,0.011458743585296416,-5.4761874638708506e-08,0.00046511251000185417
2025-07-16 14:00:00,0.015868972383830306,-0.024561897761265904,3.737531723885093e-08,-0.0008375459721809179
2025-07-16 15:00:00,0.03384554348049079,-0.026041406316894763,-9.478131562734091e-08,-0.0003540714824186295
2025-07-16 16:00:00,0.006327583069653072,0.0010119268475219719,-7.646592798788142e-08,-0.001964934626640445
2025-07-16 17:00:00,-0.01630641956650996,0.02023578449841509,3.657166974980989e-08,0.0016416981542862472
2025-07-16 18:00:00,-0.01955034113661564,0.02555272342467169,-2.626842011644961e-08,0.004653819106587322
2025-07-16 19:00:00,0.026534653356203905,-0.025652787477219184,-6.976724370241009e-09,-0.0013739371569207917
2025-07-16 20:00:00,0.027397836744910222,-0.02829199379816664,-9.752634448996793e-08,0.008340145604942418
2025-07-16 21:00:00,0.008652157676239749,-0.02045489051666527,1.4845250860336273e-08,-0.0031529808518489214
2025-07-16 22:00:00,-0.00400040634985643,-0.008285485837305588,5.221979259917238e-08,-0.006606045610014666
2025-07-16 23:00:00,0.032656276470791105,-0.020691265812489625,-8.043316432683702e-08,0.007716447243472572
2025-07-17 00:00:00,-0.005464888816556029,-0.005535397109522914,3.3676748857750644e-08,0.002003523291771196
2025-07-17 01:00:00,-0.01575668264874916,0.030325362702634792,-4.493652033313529e-08,0.00218344171781238
2025-07-17 02:00:00,-0.0318272720557259,0.027358490716119222,7.556386831681528e-08,0.001315202530756785
2025-07-17 03:00:00,-0.02561446357476652,0.037916241036717674,-1.3368699604629357e-08,-0.002219760964030653
2025-07-17 04:00:00,-0.029772717363630647,0.04915180196418752,-7.157427978674778e-08,0.001292859810302506
2025-07-17 05:00:00,-0.024362023959904458,0.04344007980591217,-7.801461951013329e-08,-0.003446977551527625
2025-07-17 06:00:00,-0.00923929639717746,0.010214943108848898,7.859090236759746e-10,0.0003400392924170295
2025-07-17 07:00:00,-0.06915666934525953,0.09751718545491907,-4.7168129854149964e-08,-0.0044882819618363755
2025-07-17 08:00:00,0.10129685282509351,-0.12695641346706257,-2.472979084837303e-08,0.013495452564435703
2025-07-17 09:00:00,-0.04815659797252076,0.047020595385285045,5.0008628654830427e-08,0.004374146943580166
2025-07-17 10:00:00,0.026993584312203524,-0.03455863517667904,-3.0859516318749646e-08,-0.0009719736412342275
2025-07-17 11:00:00,0.041927502736314834,-0.0475858816423166,-6.568245083679683e-08,-0.004290584778810368
2025-07-17 12:00:00,0.025130291185489536,-0.044837827144566474,9.832287415543193e-08,-0.0043471216566164745
2025-07-17 13:00:00,0.006748687284637359,-0.003187385079724298,-4.113522884589329e-10,-0.00016737740760448523
2025-07-17 14:00:00,-0.012416562438954528,0.012891745425133695,3.319431544478699e-08,-0.0011792348107660124
2025-07-17 15:00:00,-0.024345076608883555,0.023681140619591656,2.4495287841862507e-08,0.001954225978634405
2025-07-17 16:00:00,-0.02364246318535751,0.033060007498765934,4.268166736002728e-08,-0.0026855717059952695
2025-07-17 17:00:00,-0.022537880760449824,0.028923775175829815,5.424616210368816e-08,-0.00607853451440701
2025-07-17 18:00:00,-0.022132373392243148,0.013634819456341428,8.171013195997397e-08,-0.0056798240331244745
2025-07-17 19:00:00,-0.029112887802929692,0.03644332645702054,4.8018853755820546e-08,-0.0013360236657623025
2025-07-17 20:00:00,-0.04345466022293273,0.07567597164275948,-5.256700559927582e-08,0.00514003143473624
2025-07-17 21:00:00,-0.016114646584275825,0.036447810187452453,-1.0405616243988494e-07,-0.006310826555175402
2025-07-17 22:00:00,-0.05105672689961665,0.057895360646283124,3.281387442710893e-08,0.002541140856801936
2025-07-17 23:00:00,-0.06160484341937915,0.10618196539408124,-1.1083085223548342e-07,-0.0016130278902148003
2025-07-18 00:00:00,0.09279542328201591,-0.10538699186285301,-7.641465376470132e-08,0.002421882732608335
2025-07-18 01:00:00,0.013831354310702386,-0.016925281319799226,-2.859639799564461e-08,-0.0017644089506108174
2025-07-18 02:00:00,0.06927642109684112,-0.07038083901101277,-1.3882758403943045e-07,0.0016220282018349877
2025-07-18 03:00:00,-0.005209199010335292,0.01154979364907855,-1.2813272946965478e-08,0.0002680801275730184
2025-07-18 04:00:00,0.05439217674232243,-0.04632731018823789,-1.6011345365126272e-07,0.00013966824331688107
2025-07-18 05:00:00,0.04133908290478878,-0.05584520704446652,-2.669158212273215e-08,0.0011306948999262728
2025-07-18 06:00:00,-0.014872743362663171,0.0010554259718614607,6.773999665103202e-08,0.004300979248452135
2025-07-18 07:00:00,-0.01645862837033999,0.016882303159335768,-1.6564434861210007e-08,8.617628702154707e-05
2025-07-18 08:00:00,0.05654693589410174,-0.05302730369843719,-1.1798913452156371e-07,0.0019538016724102653
2025-07-18 09:00:00,-0.024264150465893745,0.019676766698818716,9.524256435190192e-08,-0.003356576831341389
2025-07-18 10:00:00,-0.015351394708871462,0.021515788535348867,-2.273720409817357e-09,0.004341972537922633
2025-07-18 11:00:00,0.06613742256391565,-0.07039280832834499,-1.1689913260881383e-07,-0.002551881572253712
2025-07-18 12:00:00,0.006846730757329201,-0.006812402453447079,-8.38766359886035e-08,0.009624988283653184
2025-07-18 13:00:00,-0.005778790184050036,-0.012828675152668681,7.839629487371158e-08,7.602818764139607e-07
2025-07-18 14:00:00,-0.01353353381877579,-0.004008639476369878,1.1848337458399126e-07,-0.0008257858934375423
2025-07-18 15:00:00,-0.003922794339757706,0.015715967891617576,-8.043733516131076e-08,0.0008224576774664325
2025-07-18 16:00:00,-0.058898969031144284,0.07286817264551751,7.81047319582172e-08,-0.004507378884759783
2025-07-18 17:00:00,-0.0014179942375124252,-0.013601599005267943,6.352777848160425e-08,0.004631280494733529
2025-07-18 18:00:00,-0.01252965737859154,0.009601302411255414,5.698754542341484e-08,-0.0004902980332023671
2025-07-18 19:00:00,-0.00921302703098559,0.0009471640428382756,7.573921674584784e-08,0.00031855529405508485
2025-07-18 20:00:00,-0.008633675847338403,0.013289911553660811,3.586914486669931e-08,-0.005786329933164553
2025-07-18 21:00:00,0.012449608150236177,-0.018360246419898987,1.0373919947425145e-08,-0.002884878098955106
2025-07-18 22:00:00,-0.0024267553602348576,0.007502449970063196,-2.4453682117214523e-08,0.003907827067996511
2025-07-18 23:00:00,-0.010487978045416561,0.00462872237385904,4.709001760153847e-08,0.00039661658695459346
2025-07-19 00:00:00,0.007086631019580916,-0.0008468177333929939,-4.6373218428729714e-08,0.002937111096976339
2025-07-19 01:00:00,0.0036088474960014843,0.0013538353519890797,-2.7003723114567244e-08,0.00034755126795961503
2025-07-19 02:00:00,0.0122259650851736,-0.022333334171513425,-7.152636801779988e-09,0.008084768037613068
2025-07-19 03:00:00,0.016541995863387657,-0.024306217181410184,-3.898155423317068e-08,0.004514922970567709
2025-07-19 04:00:00,0.014032671217328548,-0.016175735381688428,-3.336365687643376e-08,-0.002399124172308842
2025-07-19 05:00:00,-0.0333319362705399,0.03194077488504341,1.240732861920807e-07,0.004214010192958518
2025-07-19 06:00:00,0.020935908884793363,-0.02339401529704689,-7.310221068581134e-08,-0.005758108897275378
2025-07-19 07:00:00,0.0005811140270421782,-0.006822851702371085,1.8488310795727923e-08,-0.0018969413501223787
2025-07-19 08:00:00,-0.011181990050069533,0.01845713639945172,1.9168981708644623e-08,0.0014999633266560275
2025-07-19 09:00:00,0.025188644290555895,-0.03025328960180176,-5.199327276496967e-08,0.0031409158514673075
2025-07-19 10:00:00,0.004339955328574093,-0.006596450715419552,-1.1898293805467152e-08,0.007931516912670095
2025-07-19 11:00:00,-0.009106109766562112,0.01684221516036554,-8.984319923051832e-09,-0.0006477856575539968
2025-07-19 12:00:00,-0.019647620793348933,0.019706833313888953,7.701473347401982e-08,0.0033360810291607206
2025-07-19 13:00:00,-0.010818249999819271,-0.00026241189027002837,5.7006208436782136e-08,0.0004646749793639071
2025-07-19 14:00:00,0.005534302667246181,0.006835695224263201,-5.246201616983724e-08,-0.00037763464414326516
2025-07-19 15:00:00,-0.0032254278270799274,0.008802957422266246,-1.8385265563705963e-08,0.0029141167923909337
2025-07-19 16:00:00,0.0019745800936816623,-0.010627195505070504,1.807578196269516e-08,0.003151439641891184
2025-07-19 17:00:00,0.03220436071925965,-0.036133072204757095,-1.137880585672714e-07,0.0031228755444958865
2025-07-19 18:00:00,0.07788186885514398,-0.09891180661590296,-2.3763204806035844e-07,0.02432157884181762
2025-07-19 19:00:00,0.0043998400681204124,-0.005215724906476107,-3.6754378634624766e-08,-0.0013273029742006184
2025-07-19 20:00:00,-0.007977895061908876,0.0027771552722598443,5.85346343973993e-08,0.002494074076765242
2025-07-19 21:00:00,-0.0034747631308013997,0.006339334057362636,1.0202773588922827e-08,0.0013509491975466496
2025-07-19 22:00:00,0.011410022580007659,-0.007992660196218594,-5.6000782296983115e-08,-0.005242571631702057
2025-07-19 23:00:00,0.025787210207618434,-0.031006130975131878,-1.1410266691045638e-07,0.011176102499616347
2025-07-20 00:00:00,0.008382666144572165,-0.005300821837997217,-6.235670572500208e-08,0.006178363653264831
2025-07-20 01:00:00,0.009069719673940777,-0.010974135300316804,-3.217839408357563e-08,-0.0006995296999644865
2025-07-20 02:00:00,-0.0011113385237980899,0.011172193731469706,-3.2107048260686916e-08,0.0007014473387363392
2025-07-20 03:00:00,0.007633548922018613,-0.011544150543902837,-2.4235157863671608e-08,-0.001929912902130378
2025-07-20 04:00:00,-0.0020285204396690644,0.002847152824025437,2.624517558500315e-09,-0.008575248026375349
2025-07-20 05:00:00,-0.009874380475990928,0.008200006886134837,5.583420888654499e-08,-0.0009072865648668237
2025-07-20 06:00:00,0.004224352983655692,0.004186778610095705,-3.498184380548002e-08,0.0013257563579275279
2025-07-20 07:00:00,0.007616476413450481,0.00684249003212483,-7.715238338917581e-08,0.00044418985934517656
2025-07-20 08:00:00,-0.05700650982461703,0.0641467271062469,2.670247954398942e-07,0.0035193514914450765
2025-07-20 09:00:00,-0.010250415862066879,0.010583163337087774,5.142788619779407e-08,-0.001919650428528723
2025-07-20 10:00:00,-0.06430908238948442,0.08020859974256962,3.1163969722238396e-07,-0.003935184969021479
2025-07-20 11:00:00,0.040015786377401566,-0.04789386286033309,-1.915541584530355e-07,0.000250445766830557
2025-07-20 12:00:00,-0.0003153586919893694,0.009873385278027691,-4.198886854616373e-09,-0.0001893173980944135
2025-07-20 13:00:00,-0.03596157958050849,0.04103295902518405,2.1521613069265453e-07,-0.0067395463889953645
2025-07-20 14:00:00,-0.014711367898770077,0.022253479947380427,8.559043174641242e-08,-0.0013935434063980182
2025-07-20 15:00:00,0.07631763343515277,-0.08019569600865166,-4.808242136627122e-07,0.013546460039380759
2025-07-20 16:00:00,0.046438508412597376,-0.06966132885092849,-2.6474746525614186e-07,-0.0018024953019855209
2025-07-20 17:00:00,-0.05362277580722455,0.0921874120033181,3.0283616748989315e-07,0.012150211678280612
2025-07-20 18:00:00,-0.010426807085898625,0.013981946488045016,4.375817304667158e-08,0.00048411812089702467
2025-07-20 19:00:00,-0.00138689302728562,-0.004043546461331577,9.757980880744887e-09,-0.0024046526535434543
2025-07-20 20:00:00,-0.0012820546940439034,0.007078930238731302,-7.756123375070432e-09,0.0002840373626690228
2025-07-20 21:00:00,0.03939220163009739,-0.05809409760129474,-2.5953414289011885e-07,-0.0031302241914368343
2025-07-20 22:00:00,-0.006877804749887497,0.008822067573372755,2.6510305283065628e-08,8.047551383126381e-05
2025-07-20 23:00:00,0.027744154415897185,-0.03252454875773442,-1.5176822051188352e-07,0.005316875253629897
2025-07-21 00:00:00,-0.04089292695823913,0.049260313322886835,2.613786509402277e-07,0.0017121755723312608
2025-07-21 01:00:00,0.012663465634555959,-0.004727298940220814,-3.757851459632218e-08,-0.0014471661601085303
2025-07-21 02:00:00,0.02144575392553915,-0.02217514318613813,-1.3944012439927387e-07,0.001083949588396109
2025-07-21 03:00:00,-0.01677373430313808,0.022205062993736827,1.189893493802828e-07,-0.0020870364807641533
2025-07-21 04:00:00,0.036702551519866525,-0.037140607491185695,-2.6195192128639467e-07,0.001330358653197242
2025-07-21 05:00:00,0.0005144148033673288,0.00024394539545391955,2.8749204639252166e-08,0.005699362469662178
2025-07-21 06:00:00,-0.0031120306701605408,0.003987829310188612,2.1863423301853506e-08,0.0021517062267491687
2025-07-21 07:00:00,-0.004543918954171689,0.007151513151021364,1.4536789579928744e-08,-0.0023247255711320736
2025-07-21 08:00:00,-0.02338603749349068,0.02492527309898306,1.4732063410071645e-07,-0.007172617687052256
2025-07-21 09:00:00,-0.05318559084479446,0.07276326221352604,3.599139829259758e-07,-0.0027223988761056533
2025-07-21 10:00:00,-0.029016569811521994,0.03392597245358603,1.604387881225746e-07,-0.0038997582948593224
2025-07-21 11:00:00,0.004480390635698732,0.0005416525854319461,1.2017795174339052e-08,0.005815807261735082
2025-07-21 12:00:00,0.01330392265999104,-0.011825480538298055,-7.010934706976837e-08,-0.0026118631716294887
2025-07-21 13:00:00,0.0004601344521163904,0.010108470571410537,-1.2031415685403914e-08,-0.00031323787421101896
2025-07-21 14:00:00,0.0732487493285238,-0.0974348417430551,-5.978325746739645e-07,0.007743242935302387
2025-07-21 15:00:00,-0.045306766948899534,0.045130222417012006,3.294319192417855e-07,0.0051256813311092485
2025-07-21 16:00:00,0.0007321330957675836,-0.002253434363234821,-5.421031104148522e-09,-0.0019353042150389735
2025-07-21 17:00:00,-0.03456708677350044,0.022566259563932916,2.3384623226549216e-07,-0.002242839575038228
2025-07-21 18:00:00,0.0013728280614964906,0.0013806535583480637,-2.726645175679783e-08,0.0038288391064671932
2025-07-21 19:00:00,-0.013334676287997982,0.017245726210924798,1.2948887971734213e-07,0.0009216296630638088
2025-07-21 20:00:00,0.014045907595201714,-0.014867700857068972,-9.713249429728033e-08,-0.00504789325186066
2025-07-21 21:00:00,0.01076200355944076,-0.007801540063725653,-8.560811747197452e-08,0.0013715243297782106
2025-07-21 22:00:00,-0.012859707876092372,0.012729802675175034,1.0837499189513817e-07,0.0007851704448765554
2025-07-21 23:00:00,0.012132295350772093,-0.015099865360496992,-9.972349464008269e-08,-0.005541481803476669
2025-07-22 00:00:00,0.01836659357784632,-0.006612567127033104,-1.1721490242280287e-07,0.00295665364144017
2025-07-22 01:00:00,-0.010320339714623965,-0.002255645728159325,3.284281716381503e-08,0.0002535825804230735
2025-07-22 02:00:00,-0.003275998821072021,0.0011922948987642711,4.617637507432738e-08,-0.0025263257060584047
2025-07-22 03:00:00,-0.004735250419326806,-0.023520959763048768,7.157775776899479e-09,-0.004897035812744489
2025-07-22 04:00:00,0.040942963444752095,-0.037873603803168975,-2.981057920801767e-07,-0.0023142444640518738
2025-07-22 05:00:00,0.033873301879034846,-0.03803575041727938,-2.4154784339521276e-07,-0.004606046287838257
2025-07-22 06:00:00,-0.007997792531957152,0.007406132472964759,5.084994887303539e-08,0.00721509920914177
2025-07-22 07:00:00,-0.008303062926150531,0.0031252807588449424,7.639661138729431e-08,0.005618818537839549
2025-07-22 08:00:00,-0.027616904192517243,0.0338804568310665,2.4673007327902704e-07,-0.002206243558885906
2025-07-22 09:00:00,-0.01579527751100554,0.030667397798869622,1.7687509373042877e-07,-0.002581075576714913
2025-07-22 10:00:00,0.0010394279497555037,0.009775151092967716,2.7251731344870227e-08,-0.005524432674059434
2025-07-22 11:00:00,0.009567797636164386,0.0022010656878022,-4.542697135059126e-08,-0.00921608514091729
2025-07-22 12:00:00,-0.01898124505257434,0.015037794344341581,8.300849003408047e-08,-0.006011366517187277
2025-07-22 13:00:00,0.019662702413081996,-0.004190891771145012,-1.1881135341038156e-07,-0.002614303366925473
2025-07-22 14:00:00,-0.03243329001143398,0.037579855516331744,2.5918802032193785e-07,-0.0008478644620770805
2025-07-22 15:00:00,0.005006091943465489,0.0004069181951952018,-7.391915001120286e-08,-0.0032671303162973833
2025-07-22 16:00:00,0.06579776545576745,-0.08264050480820473,-4.273651955522931e-07,0.014749217026450944
2025-07-22 17:00:00,0.0187595265200428,-0.01764161419915578,-1.2589471470145443e-07,-0.0035696605470423547
2025-07-22 18:00:00,-0.06450504946918081,0.057514024120341956,4.994128436880587e-07,0.005159471425277268
2025-07-22 19:00:00,-0.0228041446939303,0.033320862542842805,2.1103438776624817e-07,-0.004404489555026242
2025-07-22 20:00:00,0.0755959996387161,-0.08398552137996386,-6.502766664465622e-07,-0.0021634474943233663
2025-07-22 21:00:00,-0.012339086587669416,0.01600189321088886,1.3685248257639863e-07,0.001513492166305399
2025-07-22 22:00:00,0.05496676827433021,-0.049588161483682794,-4.499751644985629e-07,0.0006023287976431808
2025-07-22 23:00:00,-0.07386719614589424,0.07897526119766081,5.905071996502783e-07,-0.0032393507809552217
2025-07-23 00:00:00,-0.006723841407027473,0.009184815653462351,3.464660551779474e-08,-0.007827152670266907
2025-07-23 01:00:00,0.0013027515265707761,-0.003777248147509457,-3.9349045931159196e-08,-0.0003267272900058864
2025-07-23 02:00:00,-0.002460916036345827,-0.001596080581233355,-7.882638706640941e-09,0.0009128003410494148
2025-07-23 03:00:00,0.013700390300729027,-0.014931462345323105,-1.33806195738751e-07,-0.007380186599101895
2025-07-23 04:00:00,0.007890989806276621,-0.015615704183600256,-9.257772276167751e-08,-0.001147800131087052
2025-07-23 05:00:00,-0.022218148928466346,0.0182013728570707,1.7632226467997826e-07,0.0014516125845489133
2025-07-23 06:00:00,0.016408219109412384,-0.025017050618839038,-1.423193344880633e-07,-0.00042695972591231217
2025-07-23 07:00:00,-0.026267484348593634,0.032453873922611835,2.2337039919071708e-07,-0.0005872496180467765
2025-07-23 08:00:00,-0.05031283662717132,0.044277264457382885,3.9717279442732365e-07,-0.0009508644689868806
2025-07-23 09:00:00,-0.022871227129523046,0.027374773708391822,2.1629019166438924e-07,-0.0012314708202306763
2025-07-23 10:00:00,-0.02857053045991902,0.03239843861889336,2.5379279364460157e-07,-0.0004596847497123753
2025-07-23 11:00:00,-0.1619851151104519,0.1635440645078902,1.3674755443041401e-06,-0.009678964982023272
2025-07-23 12:00:00,0.009049348710204585,-0.032444432078179146,-1.1913568758546445e-07,0.001968162570994777
2025-07-23 13:00:00,0.0184607598280732,-0.012497395094520808,-9.938571527692303e-08,-0.002344316056845867
2025-07-23 14:00:00,-0.005348302518151349,0.012117536910302793,6.06546060640938e-08,0.002861036191589768
2025-07-23 15:00:00,-0.021767957457333075,-0.0016991099206740646,1.3001064379793102e-07,-0.0012955714981673684
2025-07-23 16:00:00,-0.011322355240343203,0.014673540277680822,1.2121269913867534e-07,-0.0026971813315918567
2025-07-23 17:00:00,-0.005971565226453085,0.013730763936895091,5.9335698762634345e-08,0.003016408744813817
2025-07-23 18:00:00,-0.026313946508623263,0.020226349947641758,2.215040171037706e-07,-0.00034258225835304606
2025-07-23 19:00:00,-0.02582382877855444,0.018550624168170982,1.794041277503453e-07,0.000406813895728001
2025-07-23 20:00:00,-0.0281246020342619,0.03810991420227179,2.4837801491204717e-07,0.0002246120237603517
2025-07-23 21:00:00,0.012048201639300633,-0.009093582158239829,-7.217033037830595e-08,0.002614001654040969
2025-07-23 22:00:00,-0.01510183234081875,0.020818709754706986,1.3517192491985137e-07,8.843352237889563e-06
2025-07-23 23:00:00,0.0284490400741605,-0.020591487732964795,-2.131717098769509e-07,-0.0001734372149654549
2025-07-24 00:00:00,0.002119957893848904,-0.001126973208897802,-1.46605034124046e-08,-1.2627739844831352e-05
2025-07-24 01:00:00,0.0004948358805246318,0.003898687500278391,-9.939082408248937e-09,-0.004740762236664317
2025-07-24 02:00:00,-0.0077430659191203375,0.003076482872544269,3.475129994769162e-08,0.0017682496980215689
2025-07-24 03:00:00,-0.018463042285500157,0.004020699666358579,1.003648701755035e-07,-0.0054660640445822655
2025-07-24 04:00:00,-0.044235647823162895,0.027448864870895012,3.5054007552379884e-07,0.0018184612268876317
2025-07-24 05:00:00,0.013328277108879535,-0.003974140458839274,-8.377388379033843e-08,0.005534869135547805
2025-07-24 06:00:00,-0.000629469984222801,-0.001954344416831214,2.8809888109100115e-08,-0.0088711110741159
2025-07-24 07:00:00,-0.014119002424883167,0.035317621488858926,9.530891981519243e-08,0.018616105071849822
2025-07-24 08:00:00,-0.010158206678087157,0.00802127029778984,4.935533405620891e-08,0.0036038705026989544
2025-07-24 09:00:00,-0.0009429662296770807,-0.0015096524032656782,3.4716087825285544e-09,-0.0016809217848380174
2025-07-24 10:00:00,0.022327677421658303,-0.022739150369075194,-1.7062665182652055e-07,0.007267581168854637
2025-07-24 11:00:00,-0.012742392822188052,0.006577693432225323,9.568461575879872e-08,0.0013979596033808757
2025-07-24 12:00:00,-0.001026078911079616,-0.0031419271578975194,-5.615571740568401e-09,-0.0024856111318397834
2025-07-24 13:00:00,0.047934580732430926,-0.02329093716632741,-3.315721533882117e-07,-0.0012585576433431142
2025-07-24 14:00:00,0.013318748563884786,-0.010570024108441486,-8.473576054195182e-08,-0.004703077702620445
2025-07-24 15:00:00,-0.019741299174964567,0.009945891596994112,1.1999615646954757e-07,0.0004065598612261484
2025-07-24 16:00:00,0.015790963579681506,-0.006373938280039863,-9.298022413324791e-08,-0.002200643020250579
2025-07-24 17:00:00,0.004953163541753581,-0.004155298006417449,-4.455627028819787e-08,0.0006090184464171188
2025-07-24 18:00:00,-0.012385788291221398,0.011147840044621991,9.509061149803242e-08,0.0015526274929964577
2025-07-24 19:00:00,0.007031377406671479,-0.00449498377966541,-7.807059637675701e-08,-0.0013561772369581416
2025-07-24 20:00:00,-0.019030746634329167,0.009329475907370738,1.3946883709629407e-07,-0.0025825502193608262
2025-07-24 21:00:00,0.008487477717557403,-0.007156668602167755,-7.332108857739361e-08,0.004465752880558582
2025-07-24 22:00:00,-0.010520650727694264,0.002903270527937405,9.238982443441973e-08,0.00016045473869411803
2025-07-24 23:00:00,-0.0059272286327098035,0.002152348820234128,9.538478777335236e-09,0.0038798718150983152
2025-07-25 00:00:00,0.011099739007288216,-0.01168067253144229,-1.2245239950028512e-07,-0.0021790623038715888
2025-07-25 01:00:00,-0.01988907648360472,0.0015266968254182371,8.872137668228585e-08,-0.0017011754456273869
2025-07-25 02:00:00,0.002437329581598027,-0.002915608682505451,-7.645474546324258e-08,0.002248027192333353
2025-07-25 03:00:00,0.011729714138557414,0.003256064382305037,-3.505686324312611e-08,0.0016829729004085444
2025-07-25 04:00:00,-0.007379942988778442,0.008186253520763558,2.098119902654803e-08,-0.006300831366956951
2025-07-25 05:00:00,0.003437499180603615,0.0016523146625306185,-4.8116274550527456e-08,-0.003532588091005627
2025-07-25 06:00:00,0.002631029080195208,-0.0014375346606848975,-1.3402028665394731e-08,-0.003274403245964256
2025-07-25 07:00:00,-0.00958767570421961,0.008084418922724103,3.185073606731184e-08,0.007499395034664646
2025-07-25 08:00:00,0.01769618291410704,-0.008966284473331292,-1.0818143797340786e-07,0.004043139056676216
2025-07-25 09:00:00,0.0020173643258630113,-0.0048977861548399546,-4.167532954593611e-09,0.0006998917101003449
2025-07-25 10:00:00,-0.007118850595798689,0.005129942205115306,3.130500362987749e-08,0.0036297941461541604
2025-07-25 11:00:00,0.0015698386293820058,-0.0001935789020628559,-1.57534951889063e-08,-0.0026706440842578965
2025-07-25 12:00:00,-0.001157990294904275,0.004739757041176063,4.472525114495578e-08,-0.004556930232977264
2025-07-25 13:00:00,-0.0342255612767736,0.012665452798539718,1.7111287376885373e-07,0.00622615092537579
2025-07-25 14:00:00,0.026445262961868027,-0.015423101273994651,-1.3589405963324682e-07,0.005774074010904389
2025-07-25 15:00:00,0.008606804680501083,-0.0006118247647581458,-4.063764016522116e-08,0.00033505212867265393
2025-07-25 16:00:00,0.001425388479782011,0.004891948919263557,-2.8526116582721617e-08,0.003931979625240031
2025-07-25 17:00:00,0.001852028438844743,0.00043325680015383005,1.7869634689716912e-08,-0.0010410212322555538
2025-07-25 18:00:00,0.0019866601382422886,-0.004817391151323424,-1.1175185094724557e-09,8.578009413930548e-05
2025-07-25 19:00:00,0.021607085275040943,-0.015141680781481436,-1.4778528479077555e-07,-0.0031161179227025466
2025-07-25 20:00:00,0.00021678430429066062,0.0036072638199138346,-2.904368318604054e-09,0.003882645568413286
2025-07-25 21:00:00,0.005935308721568711,-7.098846590367788e-05,-4.261743579962616e-08,-0.001667597922153273
2025-07-25 22:00:00,-0.000867719218627581,0.004785505773613604,3.0003320096313705e-08,-3.690362395778685e-05
2025-07-25 23:00:00,0.0007384680918852632,-0.0046182128351859525,-9.712190905709233e-09,-0.0010706047696939342
2025-07-26 00:00:00,-0.005369446213784821,-0.0023764347063234075,2.210783142080713e-08,-0.00016527714743659524
2025-07-26 01:00:00,0.01268286650114625,-0.006241253019267982,-9.171121369017933e-08,-0.00200539630842953
2025-07-26 02:00:00,-0.0009431215526138151,0.0007543566770051247,1.4325689918717121e-08,0.001649569191964926
2025-07-26 03:00:00,-0.002032372499929139,0.0019264841443204068,9.860056480210328e-09,-0.0019428151307379366
2025-07-26 04:00:00,0.00390932927040299,-0.005429506719011424,-3.294056456394734e-08,0.0005128210618781824
2025-07-26 05:00:00,-0.0044361863418398775,0.006933362969086832,3.531869272743771e-08,0.002302227117929424
2025-07-26 06:00:00,-0.00015347113644862157,0.000885934534037687,-1.1961498098148871e-09,0.00010053454828299977
2025-07-26 07:00:00,0.003458997679446681,0.0017453224789398933,-1.438869131916424e-08,-0.000795052373213751
2025-07-26 08:00:00,0.006029848197712321,-0.006849028759900103,-4.6072109364068825e-08,0.0030894386130260964
2025-07-26 09:00:00,0.00014921212582903135,-0.0031741348328729606,2.959858807726162e-08,-0.0014808795800534376
2025-07-26 10:00:00,-0.003465824090600027,0.0005643190440120665,1.781158168156958e-08,-0.001431822475036874
2025-07-26 11:00:00,0.0020075375718111394,-0.0017756959960308905,-5.5788880079237365e-09,-0.002645749738648106
2025-07-26 12:00:00,0.002592635668708743,-0.0018580643717693455,-9.188975457845638e-09,0.0053420869824604015
2025-07-26 13:00:00,-0.0015743566951663826,-0.003557023862683219,8.341447413627778e-09,0.0032599830919351467
2025-07-26 14:00:00,0.005054614987415563,-0.00533686334139273,-3.524081451959297e-08,-0.0018848241458023353
2025-07-26 15:00:00,-0.0012973269931462529,-0.0014406626114963253,8.0412348868834e-09,-2.9966066295784608e-05
2025-07-26 16:00:00,-0.0062093920703706765,0.008580405595276544,3.9714891755620215e-08,-0.0013633691248794105
2025-07-26 17:00:00,0.01180888474621685,-0.008626831062501294,-6.823465710032907e-08,0.01074416550221351
2025-07-26 18:00:00,0.004407373507141571,-0.0038241246548906104,-2.2768943131782688e-08,0.0005082489586956593
2025-07-26 19:00:00,-0.005101917810859416,0.006792153105687519,1.3597215264265925e-08,-0.0023316668326862676
2025-07-26 20:00:00,0.0012451197580372539,0.0038799059747026275,-1.1787225651581898e-08,-0.0011319760916663367
2025-07-26 21:00:00,-0.005978285950553039,0.008447532033513684,3.7939485748008257e-08,0.00032902225600534176
2025-07-26 22:00:00,-0.003977149660382994,0.0045877954279124455,2.259497969715493e-08,0.0017484611236646668
2025-07-26 23:00:00,0.0064231780101130665,-0.004825732387271932,-4.201330718198612e-08,0.0037315081878581185
2025-07-27 00:00:00,0.003586873100366001,-0.0025651957383030634,-1.8489881670989948e-08,-0.0035145952096159333
2025-07-27 01:00:00,0.0074680595862744266,-0.007035957150463959,-3.6267537402557906e-08,-0.00037993461963804065
2025-07-27 02:00:00,-0.001663167298128207,-0.0009432287771852183,5.318147672964257e-09,1.669705379940544e-05
2025-07-27 03:00:00,0.005811706623314303,-0.004807364251965934,-3.956411962761804e-08,9.089600524863771e-05
2025-07-27 04:00:00,0.004133493121306633,-0.005681660359540884,-2.0352223209503366e-08,-0.0018493860401123895
2025-07-27 05:00:00,-0.0033530975103965048,0.001693943408711848,2.841414239931045e-08,-0.007139343346867128
2025-07-27 06:00:00,-0.005442363971875951,0.0029877661326664627,3.09861742402496e-08,-0.00547717417172552
2025-07-27 07:00:00,-0.006058496680472937,0.005207902736770335,2.985601478145884e-08,-0.002417367331900969
2025-07-27 08:00:00,-0.0040502991346764924,0.00036506507155184233,3.282384322110625e-08,-0.00024411995345805117
2025-07-27 09:00:00,0.009912966676771627,-0.007892415472109213,-5.8619270826196324e-08,-0.004194489741544799
2025-07-27 10:00:00,-0.00870184011986671,0.011293756616998935,4.847865330192591e-08,0.0025385390036475955
2025-07-27 11:00:00,0.006311070861173048,-0.009101264462742191,-3.784238735973306e-08,0.0005902794811531545
2025-07-27 12:00:00,-0.005720174197312425,0.0056422087602189435,4.768323400882852e-08,-0.0009418887057228125
2025-07-27 13:00:00,-0.0035274289050385844,0.006936380604098152,3.704203854211598e-08,-0.004997107754002193
2025-07-27 14:00:00,0.0006165465061839376,0.017803839743954063,-1.7818353643637663e-08,-0.0009409859422433709
2025-07-27 15:00:00,0.0027649520989956296,-0.004887673149706161,7.238406785346427e-09,0.004403283320003729
2025-07-27 16:00:00,0.004181462053334576,0.001663035916258289,-2.5217314361370207e-08,-0.0005402594351494611
2025-07-27 17:00:00,0.0011231977512122023,0.0016094684889555785,-2.5362737176260802e-08,0.0007873186698024775
2025-07-27 18:00:00,-0.007824270187964813,0.0076207762011804465,5.1643467969344546e-08,0.004755063339491474
2025-07-27 19:00:00,-0.0009097578937196398,-0.00039680035040087037,-6.809236299591112e-09,0.00024240065608202045
2025-07-27 20:00:00,0.005595061593250839,0.004193682984975935,-3.1338341784404073e-09,0.004127525800111322
2025-07-27 21:00:00,0.0075758273679674745,-0.0059720976348070715,-4.689212887199433e-08,-0.010191704764698925
2025-07-27 22:00:00,-0.00282657737503425,0.009742628208719606,1.0636494360080997e-08,0.0007162225268732121
2025-07-27 23:00:00,0.0009811055414819703,-0.0024703847499406816,-2.194953753322703e-08,-0.001356034617240967
2025-07-28 00:00:00,-0.008983598147711045,0.011389634899749498,4.6011578362616293e-08,-0.0025897459628568616
2025-07-28 01:00:00,0.019477914143584685,-0.02398087546778559,-1.128759220304178e-07,0.0021175974051825704
2025-07-28 02:00:00,-0.0006021605690669708,0.0035017619842666724,-4.376784506544612e-09,0.004230265011390836
2025-07-28 03:00:00,0.005665245703404407,-0.013166622826184794,-5.197172358959329e-08,-0.004967472602961687
2025-07-28 04:00:00,0.011768779659452697,-0.009145802667771081,-8.040168991965941e-08,-0.006100670671441877
2025-07-28 05:00:00,0.007571501410340786,-0.012181896414100472,-5.1361237335717385e-08,-0.015479241933732674
2025-07-28 06:00:00,-0.011136049057529962,0.01960293271340024,4.486484512121169e-08,0.003703591601812587
2025-07-28 07:00:00,-0.0039124134770536214,0.005620311589888246,4.388946380362517e-08,2.439727839303423e-05
2025-07-28 08:00:00,0.0026134739147756006,-0.006507756996730561,-2.8581407724707642e-08,0.00017604902690454376
2025-07-28 09:00:00,-0.010088737512406916,0.002267094744637252,6.66817248940202e-08,-0.0042088805885908305
2025-07-28 10:00:00,-0.013670930339397062,0.008905847731904778,1.039289126397255e-07,-0.00973938790498457
2025-07-28 11:00:00,-0.004940868882509334,0.00041880321998295626,4.2560141868453246e-08,-0.004057147498567921
2025-07-28 12:00:00,-0.019001953072714052,0.010390106983495833,1.296186027377104e-07,-0.004716979505844883
2025-07-28 13:00:00,-0.016781915183118935,0.007891734319237778,1.0669613211566135e-07,3.292262865993085e-05
2025-07-28 14:00:00,0.006409640328600005,0.004889194305739899,-2.9742276770194477e-08,0.00393463658765525
2025-07-28 15:00:00,0.0007755594162019804,0.0037935456090434872,-1.9044835440469484e-08,0.002308596103216035
2025-07-28 16:00:00,-0.004897624759558876,-0.0012704912766689311,1.6961136172650784e-08,-0.00010792173948669808
2025-07-28 17:00:00,-0.006026430935439033,0.0035340442873209583,5.729424735991728e-08,-0.0021432553892245503
2025-07-28 18:00:00,-0.0011525775646410346,0.005252346679705013,2.16502033118807e-08,0.005333640297636591
2025-07-28 19:00:00,-0.007581160672860368,-0.002151275188909639,5.476103648719627e-08,0.0025909440888807513
2025-07-28 20:00:00,0.00129266108558497,-0.00041480831526641634,-3.4989453397609706e-09,-0.0006641273524756366
2025-07-28 21:00:00,0.00040602808170732765,0.0016049805772842814,-7.156089548412418e-09,-0.003941882825195006
2025-07-28 22:00:00,-0.006253042808557122,0.0018480566338210853,5.7197776746320176e-08,0.005628631975664716
2025-07-28 23:00:00,0.0017437663585548736,0.004155600044056849,-1.5343686024187814e-08,-0.002323258723952923
2025-07-29 00:00:00,-0.005847211758879121,0.002359052063533469,3.501870663888152e-08,-9.198248381633297e-05
2025-07-29 01:00:00,0.0011167371954865523,-0.007663751478186578,1.4528368399039593e-08,-0.004057035797296576
2025-07-29 02:00:00,0.012811020742122986,-0.0002412166201709237,-6.56165723557582e-08,0.002974652803322175
2025-07-29 03:00:00,-0.0034268196251716265,0.003062352659279003,2.0664876430056326e-08,-0.002040174975488005
2025-07-29 04:00:00,0.0038981137659037293,0.0011464564831970602,-2.3090278701733524e-08,0.007496552010649852
2025-07-29 05:00:00,0.004758407607940425,-0.00639804998319896,-4.324392537910971e-08,0.00028847572325064417
2025-07-29 06:00:00,0.00418540797734416,-0.00943021143803014,-2.574917333937534e-08,0.005103981528999246
2025-07-29 07:00:00,-0.005457898195745255,0.009661046653716365,4.919020008849755e-08,-0.0017934342970779722
2025-07-29 08:00:00,-0.0021588533111811404,0.00627098673610698,8.27572755228524e-09,-0.005470034966058646
2025-07-29 09:00:00,-0.01440336575628552,0.0030886787562913356,9.007356315053036e-08,0.0006023522646777555
2025-07-29 10:00:00,-0.0017199540415787145,0.001957126767768536,1.1126116854607174e-08,-0.004786961083182573
2025-07-29 11:00:00,0.0013599056823204005,-0.0047320291915343244,-1.298520661981895e-08,-0.00835922209597204
2025-07-29 12:00:00,-0.009795460697459311,0.001202770469297537,6.196303820518865e-08,-0.0019417356968262894
2025-07-29 13:00:00,-0.007531536952981182,0.0077653715565645706,2.677448031075787e-08,0.00848128400637734
2025-07-29 14:00:00,0.001030716567966741,-0.009033540344691586,-3.9849294952919606e-08,0.00017345759462025951
2025-07-29 15:00:00,0.0035149318253180723,0.00032507520065021907,1.4415199334883964e-08,0.00342536970991211
2025-07-29 16:00:00,0.005451945677099083,0.008907312199688421,-3.812583611682521e-08,0.00419347769687269
2025-07-29 17:00:00,0.0004352821622495709,-0.005245552309396118,-1.4536415637146242e-08,-0.003414977202898604
2025-07-29 18:00:00,-0.005103689159345443,-0.0017236572648063808,3.7200384298393765e-08,0.0010699949121820522
2025-07-29 19:00:00,-0.0006211437670050969,0.0012249195112400094,7.195173459090878e-09,-0.0029505419070589597
2025-07-29 20:00:00,0.004542926530759296,-0.0007708238912177324,-4.069075508769643e-08,0.004652052140978411
2025-07-29 21:00:00,0.00227091438526538,-0.0019115333762163443,1.924618542853678e-09,-0.0008627159990528044
2025-07-29 22:00:00,-0.0015626712596950507,0.001628708794290076,1.558563023617377e-08,0.001245535091385063
2025-07-29 23:00:00,-0.005129617921614546,0.007135289511066178,3.5333231545888204e-08,-0.0014894220068092752
2025-07-30 00:00:00,0.007426167144218312,-0.005612614040401123,-5.521083290835833e-08,-0.0001786714316781448
2025-07-30 01:00:00,0.004387941895647502,-0.0013085434267475697,-1.5888820749096116e-08,-0.0031122078628717863
2025-07-30 02:00:00,-0.0015727558741360946,-0.0011863991450582257,1.9314100107536523e-08,0.001971985352725526
2025-07-30 03:00:00,-0.007375262398977952,0.0015463754676367804,4.9527260400696335e-08,0.002612681044881386
2025-07-30 04:00:00,0.0034172629836267793,-0.0019859886318507945,-3.239062696494292e-08,-0.002333749113870136
2025-07-30 05:00:00,0.0033925956678841247,-0.0021448912782271365,-7.257540029176594e-09,-0.0004161409368787429
2025-07-30 06:00:00,-0.004310598742674105,-0.0035888601405916084,2.391785673723564e-08,0.003920378459454386
2025-07-30 07:00:00,0.0025808344846270773,0.0031571278430661542,7.751237087970874e-10,0.004243063091062558
2025-07-30 08:00:00,-0.01093396728285135,0.0030735255081629094,7.833004481054988e-08,0.0007938022864902348
2025-07-30 09:00:00,-0.007959640504441416,0.001812669880804145,5.2264787994444685e-08,-0.0030661649995628467
2025-07-30 10:00:00,0.012959764920572894,-0.018400938466875596,-1.0211860990648111e-07,0.01880742872636179
2025-07-30 11:00:00,-0.008304502229120953,-0.012940067238192217,2.2435131931318583e-08,-0.015829676963704298
2025-07-30 12:00:00,-0.0003123544590727383,0.004175966314096782,-2.6187173724729502e-09,3.978600908578252e-05
2025-07-30 13:00:00,0.01130315679911602,0.007494770799597923,-7.006815715876241e-09,0.008381147066218278
2025-07-30 14:00:00,-0.0027827668267032426,0.00029898727115267574,-2.3907914928923885e-08,-0.0010271938845059783
2025-07-30 15:00:00,0.0005428030309575903,0.003678264736196997,-2.3284555274225507e-08,-0.0017211699634149386
2025-07-30 16:00:00,0.002733658396634728,-0.006674549237531699,-1.4548808499789585e-08,0.003524655483110152
2025-07-30 17:00:00,-0.014100696045955388,-0.003775784515274518,2.384212212091524e-08,-0.006694456793261957
2025-07-30 18:00:00,-0.0023896343604550285,0.006506408714383127,-2.1217925500919688e-09,-0.007655858555613641
2025-07-30 19:00:00,0.003075385590951701,-0.0037648891864401034,-7.69673272514561e-09,0.00038103100851735386
2025-07-30 20:00:00,-0.0022154986475230714,0.0009537324332587774,3.2413910857238866e-08,0.0006893170215950675
2025-07-30 21:00:00,0.0031148437383105754,-0.003911263167287936,-1.910271763352539e-08,0.0017560720638984193
2025-07-30 22:00:00,0.010413397521777201,-0.004201433989965806,-5.328839756646394e-08,-0.0031698868692786753
2025-07-30 23:00:00,0.008781582152994346,0.0009459311966704854,-2.981148758883715e-08,-0.0009657756551623228
2025-07-31 00:00:00,-0.0037545881152214124,-0.0019363106449527465,-1.426644388819025e-08,0.003172135119886788
2025-07-31 01:00:00,0.004434306613261935,-0.003846517783373972,-1.6948291128131333e-08,0.0025446054690717664
2025-07-31 02:00:00,-0.0015559275542871135,0.005798958385176639,1.0278674336792555e-08,0.0011253776042881988
2025-07-31 03:00:00,0.002373597863170458,-0.0017981587249243274,-1.826839025702395e-08,0.0003702949886913989
2025-07-31 04:00:00,-0.002823303542650025,0.003606162390488382,1.2581832604522133e-08,0.000255424942814818
2025-07-31 05:00:00,0.0021707221159169825,0.001773795095941856,7.412719161484329e-11,-0.0025862735050336595
2025-07-31 06:00:00,0.00221353716006595,-0.004327117565245771,-9.590884692135968e-09,0.006930100164032856
2025-07-31 07:00:00,0.0005254036337068876,0.00425937331008505,-1.642804368124399e-08,-0.001613914231857843
2025-07-31 08:00:00,0.0033655601679390378,-0.0010752984899502433,-2.348625573604391e-08,0.0014114420380376307
2025-07-31 09:00:00,-0.010497692348666373,0.006256191432298285,6.170675938807611e-08,-0.0067536935911553615
2025-07-31 10:00:00,-0.0029127207179319835,-0.00499710086320548,1.5500067145436217e-08,0.000458139759092065
2025-07-31 11:00:00,0.0011108265457290246,-0.0025645041592050623,1.9814210371176857e-08,0.0034785658867088672
2025-07-31 12:00:00,-0.0011146734528270589,0.00195753857926282,1.1196345327792273e-08,0.007349284984178969
2025-07-31 13:00:00,-0.003127177930051567,-0.004233076878846146,-1.9079290971750325e-08,0.004933740570241182
2025-07-31 14:00:00,0.0038563892393169335,-0.0010062455417229677,-1.610303025894154e-08,-0.0027556241505144272
2025-07-31 15:00:00,0.007604063983911843,0.006684356775470123,-4.775481173488594e-08,0.001547912931259025
2025-07-31 16:00:00,-0.0024559685007157356,-0.015369692012458693,-3.039028673800164e-08,-0.0035881696402019665
2025-07-31 17:00:00,0.0010449623997330743,-0.0019359002321848796,-2.3380133123075715e-08,-0.0027235567547000427
2025-07-31 18:00:00,-0.008987502901523663,0.0032900750589271287,-4.077636933566098e-09,-0.008271285518101006
2025-07-31 19:00:00,-0.0016496077724487183,-0.0008243236310951305,-2.6942386992999906e-08,-0.0041643324550135145
2025-07-31 20:00:00,-0.00414470597902273,0.0045514634080798125,2.1283727888753263e-08,-0.004196992045619977
2025-07-31 21:00:00,-0.004595694414296995,-0.004941381289200763,-2.1910424818359917e-09,-0.003149838556721133
2025-07-31 22:00:00,-0.0015523713686272475,-0.003675225156054316,2.6559778642012844e-09,0.004219059446905206
2025-07-31 23:00:00,-0.0020063807893811866,-0.005351784885911208,-1.296007714130997e-08,-0.009114163782823058
2025-08-01 00:00:00,0.0027376329919030678,-0.006719031103605292,-3.0820399132002765e-08,0.0026109570825707004
2025-08-01 01:00:00,0.0016314350617153356,0.01290962550880654,3.2671049033069974e-08,-7.370434887116512e-05
2025-08-01 02:00:00,-0.005132242755758604,0.0007720762667980235,1.6467698342193898e-08,0.0005660568058507018
2025-08-01 03:00:00,-0.004372627947864183,0.0023192532121785133,6.4990996040729e-08,-0.004225863683744563
2025-08-01 04:00:00,-0.000808972082579375,-0.005640964070158868,7.916861373150165e-09,-0.001202685268621569
2025-08-01 05:00:00,-0.004738480725607549,0.005950770561229435,-5.163471963669598e-09,0.0022397155643630972
2025-08-01 06:00:00,-0.004231562736227687,0.0030603360020167066,2.4343952030527287e-08,0.0012638167958518298
2025-08-01 07:00:00,-0.011945209212651495,0.0019751523706194114,6.908720397806165e-08,0.00025171204222594574
2025-08-01 08:00:00,0.00021746050498987662,-0.0006764837276462312,2.2342051607536935e-08,-0.0022550235291517624
2025-08-01 09:00:00,-0.0032626390115853615,0.016396658940497476,7.735997570691601e-09,-0.0014008875338247736
2025-08-01 10:00:00,0.00619963905750554,0.0007639986877129657,-1.2943903487973643e-08,-0.0004702184773620019
2025-08-01 11:00:00,0.0036629282566290914,-0.009766316676545738,-9.178741629846598e-09,0.004212983112994539
2025-08-01 12:00:00,-0.02047553092943877,-0.0028286960387882767,5.5592677503207126e-08,0.003326769705220873
2025-08-01 13:00:00,0.002035002431180301,0.0364355309859658,6.11921125317575e-08,0.0013982178855763898
2025-08-01 14:00:00,-0.004847521691186622,0.002767829708839202,1.8559413770183303e-08,0.00040416775144775134
2025-08-01 15:00:00,-0.004575459201880155,-0.003678792818003643,2.2448153601305704e-08,-0.002692964859477725
2025-08-01 16:00:00,-0.0037351624325773288,-0.002437312760426429,-9.465884495647238e-09,0.0022427062153275103
2025-08-01 17:00:00,-0.002894963834835991,0.004684860954056439,-3.0134839434505386e-08,-0.0013638395745494477
2025-08-01 18:00:00,-0.006652728424785479,0.02904721132538002,4.2724985281121856e-08,0.009074673686163189
2025-08-01 19:00:00,0.00412480097087739,-0.017753938812732628,1.0657633476815253e-08,-0.0033122468446851643
2025-08-01 20:00:00,-0.0036198446070359793,0.011150764856170519,1.6414211794167465e-08,0.0057249104503969495
2025-08-01 21:00:00,-0.013772716546783664,-0.0151633040661935,8.134218299509776e-08,0.002107023681831745
2025-08-01 22:00:00,0.007130524554302936,0.003377406902390334,-5.742146808139974e-08,-0.001396828558353175
2025-08-01 23:00:00,0.007360697227382189,0.003529392428663532,-3.4551994173441744e-08,0.0035858561695509845
2025-08-02 00:00:00,-0.0010217838275075883,0.0019710129784186207,-7.535005792240885e-09,0.00015999485353465355
2025-08-02 01:00:00,0.0010298220757074918,-0.002501194855905622,-2.327944148572246e-09,0.00024300959485852995
2025-08-02 02:00:00,0.000969286001331332,-0.00016908996102506482,1.0734969972447603e-08,-0.0004599642973578749
2025-08-02 03:00:00,0.004842390863113268,0.0019112399377323199,-3.591040947719773e-08,-0.00031969185227944454
2025-08-02 04:00:00,-0.00251217946501755,0.0029739271624051296,2.415894532924362e-08,-0.0021778695346838252
2025-08-02 05:00:00,-0.011209335737178007,-0.0030639910358202776,1.0663528123371373e-07,-0.00741344243568056
2025-08-02 06:00:00,0.005237024992593987,0.006676389286031036,-4.074827842022846e-08,-0.004057975492760462
2025-08-02 07:00:00,-0.007363059881430592,-0.0042846161694155595,5.1613455074633234e-08,0.0019158374013598172
2025-08-02 08:00:00,-0.0020843735874672645,0.003965916821239117,2.88854499336072e-09,-0.0027415065665757515
2025-08-02 09:00:00,0.0009278834002268968,-0.007168855760006411,3.838536687243828e-09,0.002161117738640108
2025-08-02 10:00:00,0.004878137172765062,0.0027446041224648897,-2.393873028794313e-08,0.0036727198432180384
2025-08-02 11:00:00,-0.000776316339775078,0.0012420802358702227,-9.896852377334689e-09,-0.0019086700370317831
2025-08-02 12:00:00,-2.5409062131095516e-05,0.003888673121739508,-2.3328355391402278e-08,-9.423269236298642e-05
2025-08-02 13:00:00,-0.013821946435855126,-0.011014320005851059,1.393896947701806e-07,0.01214900353826155
2025-08-02 14:00:00,-0.00542641950008567,0.003961720598267702,3.487285586607452e-08,0.007444918742492288
2025-08-02 15:00:00,0.0007810770004511563,-0.005224174583669423,1.785657393106773e-08,-0.006455056413290906
2025-08-02 16:00:00,-0.010456286287989268,-0.0045560063229637005,6.657927916630184e-08,0.002222675363118983
2025-08-02 17:00:00,-0.013184309291670363,-0.002360562607992596,8.410232599193954e-08,-0.006600727229414651
2025-08-02 18:00:00,0.002422123780529445,0.009885066143977505,-5.301389345032998e-08,0.0024570154100692436
2025-08-02 19:00:00,0.007329977226611943,0.003268487535356603,-3.7664816650092435e-08,-0.005785464016327862
2025-08-02 20:00:00,-0.006988222886572627,-5.0862091718124796e-05,5.175515173541874e-08,0.004563278153236112
2025-08-02 21:00:00,0.001916753337752551,0.009166934004589835,-2.504362455392315e-08,-0.004868153683931191
2025-08-02 22:00:00,-0.0006205766252923026,-0.0011174483840827604,1.5821650784629497e-09,-0.004252174442688594
2025-08-02 23:00:00,0.006250715449473869,0.004281507946509589,-3.347224394138008e-08,-0.0026826158120448053
2025-08-03 00:00:00,0.005912010999139017,0.008530569214804655,-4.222607578796975e-08,-0.005680052509716099
2025-08-03 01:00:00,0.007056143339142303,0.0006573053648301618,-3.634334364914403e-08,0.0011139082292972475
2025-08-03 02:00:00,0.0014787650875730356,-0.0015301273597028858,3.1457822732674054e-09,-0.0008337986127670212
2025-08-03 03:00:00,0.0013566539230626343,-0.0013330113030021842,-9.201963903650431e-09,-0.0026398609566807337
2025-08-03 04:00:00,0.0027415375488969813,-0.0019202765660122493,-5.047692050122935e-09,-0.0015874030352550444
2025-08-03 05:00:00,0.0009717981670942854,0.0018469801098540133,-1.8243967990418778e-08,-0.0049094171515266126
2025-08-03 06:00:00,0.0054245678831128,0.0008181688863275612,-2.8278249894152897e-08,0.0061408741599171136
2025-08-03 07:00:00,0.0017542731621327874,-0.0008396922680834812,-1.9097769831677884e-08,-0.003047457234321501
2025-08-03 08:00:00,0.0010819278366315647,-0.0033542693502052264,-3.3671547705391406e-08,-0.015728858667965275
2025-08-03 09:00:00,0.00395985221773398,-0.005253782907521592,-1.1506615387992644e-08,-0.006595253368089244
2025-08-03 10:00:00,-0.0014215986420929036,0.005195904166178133,-5.478925811284472e-09,0.002966199849498387
2025-08-03 11:00:00,0.0016619361353322891,0.0007495036519161397,-6.306908113826099e-09,-0.0005979846439961289
2025-08-03 12:00:00,0.0005401606735993339,-0.005940407849861377,9.052152114702835e-09,-0.0023494121804360866
2025-08-03 13:00:00,-0.005243197691828922,0.005859122258471295,8.340109111567878e-09,-0.002709499624967445
2025-08-03 14:00:00,0.0013469988045342197,0.0031108089610308136,-1.1518823825695997e-08,-0.00023935451708362806
2025-08-03 15:00:00,0.004857215810159451,-0.003350251248142549,-2.6681021342820465e-08,-0.0009007887617631061
2025-08-03 16:00:00,-0.0012833269054945157,0.000518839847033733,2.093969851723171e-08,0.003833480468725879
2025-08-03 17:00:00,0.0019823533860535243,-0.004362589009291707,2.0870637212419755e-08,-0.0004022259084911843
2025-08-03 18:00:00,0.0007100970895119237,-0.0035219996377818547,2.733972421630912e-09,-0.0010857641321097256
2025-08-03 19:00:00,-0.0016184199326381528,0.0017368246397884916,1.5440252455150172e-08,-0.002733392489130905
2025-08-03 20:00:00,0.0019049853443716131,-0.00048552410327414524,-1.1751463480194217e-08,-0.0036880199365333034
2025-08-03 21:00:00,0.00044847468539334595,-0.0005776569771185535,-1.3070315678966683e-08,-0.005940255950556698
2025-08-03 22:00:00,-0.00036036933954040093,0.0018245402011407231,-7.520073975787714e-10,0.008620500525129053
2025-08-03 23:00:00,0.009247596394514564,0.012701723269838778,-9.397966454781826e-08,-0.007892667345398863
2025-08-04 00:00:00,-0.0037054456041442346,-0.011785369903938967,5.895223459125458e-08,0.0024887625512755576
2025-08-04 01:00:00,0.004206325036869008,0.004045905750896283,-4.191427288168311e-08,0.004281259844937871
2025-08-04 02:00:00,-0.0024216104369352348,-0.0045070524481538865,2.2211120384147436e-08,0.001471466783416518
2025-08-04 03:00:00,-0.003038798397132814,-0.0022674109571850037,1.2561521195990727e-08,-0.003500057304357221
2025-08-04 04:00:00,-0.00025728938631329197,0.0013852707904655616,-1.9173997708169037e-09,0.00038681469763954506
2025-08-04 05:00:00,0.0019350142001671692,0.005338103455774153,-2.8480095886490377e-08,0.0033321590535006465
2025-08-04 06:00:00,-0.0008679035191100706,0.002485784321356354,5.149040015708236e-09,-0.007236786416388736
2025-08-04 07:00:00,0.0024050253260854597,-0.006025596906435462,-5.269820380168457e-09,0.000532942026205638
2025-08-04 08:00:00,0.002044179732419555,-0.014094111478180986,1.7241142702102775e-08,-0.012153761058746604
2025-08-04 09:00:00,-0.001724142463883137,-0.0013353645504834714,5.763502162166547e-09,-0.006030429884661645
2025-08-04 10:00:00,0.0034477865599309826,-0.009319384318606776,1.4788644824761094e-08,-0.008545471251041326
2025-08-04 11:00:00,0.006956767119508115,0.004116637854196383,-9.026136644628645e-08,0.01509357556528606
2025-08-04 12:00:00,0.008883503689483329,0.003928768643816566,-5.841429339294541e-08,0.0013557255705951674
2025-08-04 13:00:00,0.0002582967898053922,-0.006470817412220882,9.216716743637825e-09,0.0013244213426525755
2025-08-04 14:00:00,0.00033870441557279146,0.005895356646832121,-1.4334559568440964e-08,-0.004161248089142508
2025-08-04 15:00:00,0.008623602535244452,0.006902209205862438,-6.603657202932445e-08,-0.0016742882437670538
2025-08-04 16:00:00,-0.000904039220798525,2.329432032033071e-06,7.393772012113427e-09,-0.0023221082838111645
2025-08-04 17:00:00,0.0006753014846917881,-0.00915925263805307,1.4690728282139511e-08,-0.002326281510702366
2025-08-04 18:00:00,-0.0040366462596968175,-0.004211894708062074,2.9307789101392936e-08,-0.006301019752396434
2025-08-04 19:00:00,0.0017411627960648123,0.011949914192167796,-5.063464667220113e-08,0.00312904259214777
2025-08-04 20:00:00,-0.00043064776085340647,0.009723525649562649,-1.487531623522728e-08,-0.0015037084724362347
2025-08-04 21:00:00,0.0006317496692767209,0.0070670539154836665,-1.8468215000784332e-08,-0.0025689567094007862
2025-08-04 22:00:00,0.0016591758838820244,-0.005956380351213871,-1.2203856615301918e-08,-0.0008559434540178973
2025-08-04 23:00:00,-0.0028693225391444276,0.005290155614567728,-4.347091936461721e-09,0.003943598006049048
2025-08-05 00:00:00,-0.00015097310630892476,-0.012153234505387994,2.911331011791119e-08,-0.0030942550915726715
2025-08-05 01:00:00,0.00485209077894392,0.00037068521298381477,-3.6651828700765784e-08,0.002433990478811016
2025-08-05 02:00:00,-0.0020531957242557568,-0.009382244162221075,2.51008151082205e-08,0.0027910774243334667
2025-08-05 03:00:00,-8.00761952634199e-05,-0.0015552492973487176,1.548572218857381e-08,0.0004947413228890723
2025-08-05 04:00:00,0.011837550939089884,-0.01661501908390183,-3.1668626573560635e-08,-0.0036103770606508486
2025-08-05 05:00:00,-0.0028601643373346447,-0.007347142888920083,4.1720905656724615e-08,-0.005690678313797768
2025-08-05 06:00:00,-0.009743815189634537,0.003966545383318203,5.5910720779385e-08,0.006113376188033758
2025-08-05 07:00:00,0.005627207341488921,-0.009864963483827932,1.5108272262253252e-08,-0.005122356539761641
2025-08-05 08:00:00,0.023509191342909762,-0.021465301046054684,-4.523293893722792e-08,-0.014133978843303158
2025-08-05 09:00:00,0.00249907929179111,0.0038077438529337173,-3.682896311108424e-08,0.0017511765472525739
2025-08-05 10:00:00,0.0017151962090167742,0.007055131842302686,-2.857332530786821e-08,-0.004500427793005152
2025-08-05 11:00:00,-0.01923319592041437,0.014801603366458391,4.5659981876723666e-08,-0.004536805425146027
2025-08-05 12:00:00,-0.0010473131516374858,0.007189626905259335,7.848081406541706e-09,0.0005515896464510328
2025-08-05 13:00:00,-0.009711027995001991,-0.015103703518211137,6.141766782744515e-08,-0.0024846510651684757
2025-08-05 14:00:00,-0.0018871418476766855,2.1782340379958945e-05,2.1945108278718713e-08,0.0018461471690661908
2025-08-05 15:00:00,0.003179812233981806,0.004389424131070389,-1.512286477179304e-08,0.003252470683685189
2025-08-05 16:00:00,0.0013291457608608,0.0091453126346976,-2.1967971294228146e-08,0.002127535643919289
2025-08-05 17:00:00,-0.003715377441164096,-0.0018260380472567928,3.8499268068089636e-08,0.0022032533421483115
2025-08-05 18:00:00,-0.0038071837603127086,-0.0027657758012250597,5.7764468769533705e-08,-0.00293248437576173
2025-08-05 19:00:00,-0.00044876846469966427,0.0019525404767594364,-1.3796286850922921e-08,0.003920350760020619
2025-08-05 20:00:00,0.006438408493028367,-0.012793067283660357,1.2659194502931717e-08,-3.5060944128411024e-05
2025-08-05 21:00:00,0.003962472547138886,0.004968681619956398,-3.805750227187599e-08,0.00043925644309786543
2025-08-05 22:00:00,0.0045432616021980855,0.00783662000301111,-4.7666448688854774e-08,-0.004628447617455932
2025-08-05 23:00:00,-0.0013617096948107619,0.0019723650635870434,1.0374279290048813e-08,-0.005700593387798092
2025-08-06 00:00:00,-0.0006423113969857245,0.00999012291113497,-4.6378662261373357e-08,-0.007466226942058073
2025-08-06 01:00:00,0.0009075819516732165,-0.001893310177152244,-1.2150726573912687e-08,-0.0038534124569254056
2025-08-06 02:00:00,0.0005960125646026636,-0.00576731645601714,8.5314709731573e-09,-0.006283368670609512
2025-08-06 03:00:00,-0.002613463385825725,0.005538766945321104,-1.0990518487267809e-08,0.002083207099569078
2025-08-06 04:00:00,0.007038200207668666,0.00926092766090864,-9.617629414403612e-08,-0.009615362606206027
2025-08-06 05:00:00,-0.007619580985102297,0.009000888301366557,3.472659302066715e-09,0.001141123701130757
2025-08-06 06:00:00,0.005252255114040782,-0.0050588913042772235,-5.676922548065142e-09,0.0017247865891052217
2025-08-06 07:00:00,-0.004781866920001997,0.004472076427085064,3.186206981863143e-09,-0.007056609199601954
2025-08-06 08:00:00,0.0007453068864108547,0.00460278453073485,-2.4090288450395375e-08,0.0010967140478084073
2025-08-06 09:00:00,-0.006299718547990794,0.005134445061752375,2.1452209039667952e-08,-0.0005918102101856604
2025-08-06 10:00:00,-0.0011698450331673372,0.0040842571654094465,-3.523997423886284e-09,-0.0007906809249405499
2025-08-06 11:00:00,-0.008710530626439998,0.0045924945051806065,1.8230014943267427e-08,0.005612464640632213
2025-08-06 12:00:00,-0.0006194383168952261,0.00715578838736449,-1.7846095320029244e-08,-0.0022775843368539727
2025-08-06 13:00:00,0.01318041284608318,0.004184910630276689,-7.068365448288974e-08,0.011124155292269271
2025-08-06 14:00:00,0.00514202356780053,0.0003327718624681816,-4.091136113124646e-08,0.0025718354791336127
2025-08-06 15:00:00,0.0007315732613047046,-0.00578214141292667,2.1736252526244525e-08,-0.003706403422306967
2025-08-06 16:00:00,0.009332146627394903,-0.0014888434455107328,-4.249426717293212e-08,-0.0014989276263214213
2025-08-06 17:00:00,0.008494882656966003,-0.013772791278222726,5.264564756588456e-09,-0.0008305694659654137
2025-08-06 18:00:00,0.008309338580875892,-0.010564423896688479,-1.9022667183105528e-08,-0.001210751389451452
2025-08-06 19:00:00,-0.013434836183803027,0.01597034084493247,1.669252592131566e-08,0.004994991184718761
2025-08-06 20:00:00,-0.0027645230460411722,0.0051565163823915515,-3.944295481916261e-09,0.000635325793673601
2025-08-06 21:00:00,0.000976770773235208,-0.0018057807197315744,-2.5207626328306437e-09,-0.001752010775611993
2025-08-06 22:00:00,0.001534542824205133,-0.0023800040074731057,1.29195875487843e-09,0.0019218277744881978
2025-08-06 23:00:00,-0.004624942169254564,0.015160565543652112,-2.9569632152472612e-08,0.006990229463676276
2025-08-07 00:00:00,0.0008721608138134412,-0.009266399578920077,1.980915295482543e-08,-0.0042458519293021866
2025-08-07 01:00:00,0.008071903219609359,-0.022987042405392802,3.305953844860282e-08,-0.005136914324050491
2025-08-07 02:00:00,-0.006845784847743689,0.0031170164956002746,2.766559878622326e-08,-0.0050688887098894455
2025-08-07 03:00:00,0.019961269679573023,-0.020468287956583182,-6.402340716185393e-08,0.011851024837176745
2025-08-07 04:00:00,0.0051504120744545485,0.00031566586873146325,-3.0384035010990475e-08,-0.0002087690791204321
2025-08-07 05:00:00,-0.010203218901902206,0.017339450976711107,-4.419903388196546e-09,0.0002733060833684424
2025-08-07 06:00:00,-0.009243055866197322,0.011618331107738617,5.1854605165262424e-09,0.006861089224187638
2025-08-07 07:00:00,-0.004322818230026192,-0.003311419137037956,3.971293516831438e-08,0.010384892177076359
2025-08-07 08:00:00,0.00736619016978116,-0.009267549314373746,-3.834569268107223e-09,6.774562646990691e-05
2025-08-07 09:00:00,0.019123754405947303,0.004261897415334529,-1.1011853308140657e-07,0.005454921940009637
2025-08-07 10:00:00,0.010844568903289003,-0.012168741080497333,-1.1863733384618549e-08,-0.00024240606734720135
2025-08-07 11:00:00,-0.003234780261766944,0.0025141224561502965,-1.394452488840791e-08,0.002662441521701518
2025-08-07 12:00:00,-0.00569904966548885,0.0011873819958095253,4.042214197489918e-08,0.00962638185753187
2025-08-07 13:00:00,4.945044644096182e-05,-0.013947214768085001,5.64138423928021e-08,-0.003925379928806669
2025-08-07 14:00:00,0.006116661862627474,0.0020154066888989903,-3.188463495131858e-08,0.0018553360626532842
2025-08-07 15:00:00,0.0029509723780265914,-0.008146687381745083,-1.4315193531773406e-09,0.006737195594578548
2025-08-07 16:00:00,-0.0004792010969574016,0.003547390909136335,-1.6110538103611336e-09,-0.0010646728846543027
2025-08-07 17:00:00,-0.004888641161065543,0.010129132257757021,-5.089313059595548e-09,-0.0007007444590535929
2025-08-07 18:00:00,0.005140046559127016,0.004322016184248901,-2.4460510866722224e-08,-0.005989119313107185
2025-08-07 19:00:00,-0.00166291573422325,0.011568715543023375,-5.710666685994681e-08,-0.003819614631820958
2025-08-07 20:00:00,0.02885976921329737,-0.05257306956759873,8.879210468022996e-09,0.018327756823200654
2025-08-07 21:00:00,0.017022099504865145,-0.01535713138729689,-3.746337054817827e-08,0.0035576751610718266
2025-08-07 22:00:00,-0.002094554327080188,0.007757096491100556,-2.0577621321521116e-08,-0.0008924408279447443
2025-08-07 23:00:00,-0.0055962163541611555,0.0028782423339298794,2.334902728358107e-08,0.0015714450054685647
2025-08-08 00:00:00,0.0036157790270749993,-0.009382769469653027,-3.2304977317839306e-08,-0.002635592442836637
2025-08-08 01:00:00,0.0032622233559241477,-0.01658476146742582,-3.808625106153046e-08,-0.012063725812180391
2025-08-08 02:00:00,0.024877018168568316,-0.03357150649560094,-4.7251498326696674e-08,0.009897366611815934
2025-08-08 03:00:00,-0.010526683033395476,0.013042128149998566,4.139052043895762e-08,-0.0018795770453356308
2025-08-08 04:00:00,-0.005199831247516097,0.003692945870553214,1.9781305986347485e-08,0.0011818515483620266
2025-08-08 05:00:00,0.011801119980666248,-0.006430085492054623,-6.899113643819295e-08,-0.0002756874487575744
2025-08-08 06:00:00,-0.0008867489471922384,0.02002027277043693,-4.575126490992235e-08,-0.0008134828939159663
2025-08-08 07:00:00,-0.006714395585564316,0.005852520329904002,2.651422727477025e-08,-0.00019224935958692997
2025-08-08 08:00:00,0.0053569364370865055,-0.010851542294171514,-1.4768464699501135e-08,0.001746516725987271
2025-08-08 09:00:00,0.0017786036656814602,-0.01163448073361825,2.2866765521826843e-09,0.0010341605269552486
2025-08-08 10:00:00,-0.0005069249185096795,0.01120317652939915,1.0385803639021435e-08,-0.006624722283616353
2025-08-08 11:00:00,-0.008712303451523797,0.004219066337456114,1.8213364810059773e-08,0.005350680923291531
2025-08-08 12:00:00,0.018015967622509232,-0.007816137343209758,-1.0359763196404221e-07,-0.0027987309948073096
2025-08-08 13:00:00,-0.01625531227759429,0.009464059740481985,8.39631902806341e-08,0.0024221543817511742
2025-08-08 14:00:00,-0.009787167909652216,0.007250328923117218,4.9981108603930644e-08,0.002429762735666363
2025-08-08 15:00:00,0.003899132296143228,0.00821447861046816,-4.927752991688722e-08,0.0007328870145331867
2025-08-08 16:00:00,0.017683617386322743,-0.01568740387494888,-8.727588175231628e-08,-0.001980489887718425
2025-08-08 17:00:00,0.0037107776193870874,0.00863572592257528,-4.252766194764561e-08,-0.008893936789839862
2025-08-08 18:00:00,0.007920670920239016,-0.007431919792441569,-6.11649944411172e-08,0.0014829668759776247
2025-08-08 19:00:00,0.0011039154235808497,-0.002509487873851691,2.9108677800245427e-08,-0.0040882331193934415
2025-08-08 20:00:00,-0.0017174240748476172,0.0013680168291019597,9.096550355881574e-09,0.001774831459271123
2025-08-08 21:00:00,0.0016659058820210487,-0.008931468129511023,-8.086675204788202e-09,0.0010323394139740546
2025-08-08 22:00:00,-0.0025218261478323458,0.0012309682002900426,2.7577446874968436e-09,0.0013598778756687957
2025-08-08 23:00:00,0.002239833944253024,-0.0017532349318943197,-2.2462878899928095e-08,0.0007120394481666018
2025-08-09 00:00:00,0.009347666756024874,-0.012803736994240799,-6.292847375022682e-08,0.0037769823697053617
2025-08-09 01:00:00,-4.723067761331436e-05,0.0024601301428693653,-6.356156704541624e-09,0.00575772987103486
2025-08-09 02:00:00,6.878289755934589e-06,0.008622160119048,4.1357948828761484e-09,0.006548401506596182
2025-08-09 03:00:00,0.00592368507663608,0.010785677295933858,-5.49978180033003e-08,0.0012036399652299583
2025-08-09 04:00:00,0.014232312571057563,-0.01897090609507693,-7.764153691825408e-08,0.0011183444445361833
2025-08-09 05:00:00,-0.008851747847748212,0.0051758508422727395,6.403997200929944e-08,0.0016989687602014319
2025-08-09 06:00:00,0.0036410419142469037,0.002977263514949654,-2.9374800532776993e-08,0.0019170529029571028
2025-08-09 07:00:00,0.0015117685377813283,-0.008047221072382687,1.718135896114563e-08,0.0014304472714280036
2025-08-09 08:00:00,0.006325670057764973,-0.0029219929669244893,-1.3471289456417066e-08,-0.0030757814227984443
2025-08-09 09:00:00,-0.0010722219277392755,-0.0013984277382365535,-3.900688278190505e-09,0.0020456982588469724
2025-08-09 10:00:00,-0.004429893940380434,0.006185471546520562,1.3243519229274943e-08,-0.0011036399772411554
2025-08-09 11:00:00,0.01458427169651975,-0.02191285063130678,-1.1204623024551542e-07,0.005134524140649735
2025-08-09 12:00:00,-0.014733511718358785,-0.012804206114924563,1.0392998684739192e-07,-0.008992992148451912
2025-08-09 13:00:00,0.012807128384725381,-0.006699522944348697,-9.611591048822756e-08,0.0036422262813516123
2025-08-09 14:00:00,-0.006829903215724625,-0.015433130873048215,4.087112113412523e-08,-0.0063009274043067
2025-08-09 15:00:00,0.002661548108990314,0.005818405880407516,-3.4864184400633415e-08,0.002406772955901094
2025-08-09 16:00:00,0.005224016444960448,-0.0038407875109917884,-5.7016763235888856e-08,-0.004029623513558813
2025-08-09 17:00:00,0.0017459063399114893,-0.0011689339617728823,-2.347888743151028e-08,-0.0026130748076617642
2025-08-09 18:00:00,-0.0013741894441647554,7.567790527544831e-05,5.62937800301878e-09,-0.001236334345095203
2025-08-09 19:00:00,0.003804698666480576,0.002182972156607928,-1.520707531792659e-08,0.00035927343964832227
2025-08-09 20:00:00,-0.006247645093156444,0.008093235693517397,3.9185623171983475e-08,-0.00201699707712897
2025-08-09 21:00:00,-0.0041883376030002,0.0015545306843419919,3.8235808344912005e-08,-0.0014482914523559975
2025-08-09 22:00:00,0.005992306771962912,-0.012991957137697612,-6.680728075891103e-08,0.006855862727394503
2025-08-09 23:00:00,0.006117606708235303,0.0016167093345453708,-2.687436382597081e-08,-0.006039072636430555
2025-08-10 00:00:00,-0.0016801534129732008,-0.01251322327505499,-2.28158353587804e-08,0.01194373974477389
2025-08-10 01:00:00,-0.007953360208296529,0.005864180027401996,1.1375560060719125e-07,0.006124643766486132
2025-08-10 02:00:00,0.007841216950293009,0.0008526017148870115,9.870058361893886e-09,0.0015648101102508248
2025-08-10 03:00:00,0.004933528662748864,0.012151903615076126,-1.484899131481557e-08,-0.0033954295065654837
2025-08-10 04:00:00,-0.01072450351188673,0.0003470602453553762,7.909516411217314e-08,-0.0033952241757461434
2025-08-10 05:00:00,-0.0015539487995582626,0.008025027538661394,1.4479706602615736e-08,0.0016476155056211641
2025-08-10 06:00:00,-0.018694227152154314,-0.0011913643466669524,1.3338896514920142e-07,-0.005901694829973629
2025-08-10 07:00:00,0.0026345556471273172,0.005194003713506666,5.903315079747149e-09,-0.0019329080003759216
2025-08-10 08:00:00,0.0020785165856914843,0.002039465096791377,-1.1627083489451395e-08,0.004145578648725781
2025-08-10 09:00:00,-0.009314365682808346,0.00764260468752034,6.576077727969196e-08,0.0026207450075651857
2025-08-10 10:00:00,-0.0003466295270920382,0.004621982817069742,3.320450921683317e-08,0.0019556018909957034
2025-08-10 11:00:00,0.0036118877515304614,-0.0036686423569868825,-1.6918167337233886e-08,-0.00020559551420715552
2025-08-10 12:00:00,-0.005995462416231053,-0.010146036165371256,5.617391160647721e-08,0.003125114961634466
2025-08-10 13:00:00,0.008306379930579588,0.029159265629275802,-7.677945119047355e-08,-0.008135089574495625
2025-08-10 14:00:00,-0.00041348340929939535,0.006331657299759395,2.0574808559868773e-09,-0.0007982914691429267
2025-08-10 15:00:00,0.007934132591220588,-0.012725188928099916,-6.841617196583981e-08,-0.001596413117256815
2025-08-10 16:00:00,0.002852626362744015,-0.005129659500422422,-3.0623681406714666e-08,-0.0024484359310420036
2025-08-10 17:00:00,0.001849052441329171,0.0028668895030653516,-1.4280726665005872e-08,0.0015208416291646598
2025-08-10 18:00:00,0.003686807793698034,-0.0006446353746832335,-3.0222682011061976e-08,-0.004778874752324244
2025-08-10 19:00:00,0.003941756473039882,-0.01551911286003685,-5.493184599270891e-08,-0.010294252357074402
2025-08-10 20:00:00,0.0014450929657714522,-0.007345111751563902,1.0668664636923774e-08,-0.003253949022207183
2025-08-10 21:00:00,0.0029145981103296786,-0.0026654121294686353,5.656146981664616e-09,-0.0004482413862427439
2025-08-10 22:00:00,0.0006473751864323661,-0.0003782317724295138,1.076017786482096e-08,0.000879311487464962
2025-08-10 23:00:00,0.0017061781830835553,0.001608667102165559,-4.8570087396302684e-08,0.011358330368017885
2025-08-11 00:00:00,0.009354076755221312,0.00023890282134654886,-2.2612904153369587e-08,-0.001184013406963541
2025-08-11 01:00:00,0.016835842900067604,-0.010284798742781433,-5.054307674214259e-09,0.0027491713514737164
2025-08-11 02:00:00,-0.0051576051449929525,0.015885426904410006,4.142268043690442e-08,-0.0033850466628024844
2025-08-11 03:00:00,0.005774864841937214,-0.006157554989315902,1.503529181964711e-08,-0.004305468544289731
2025-08-11 04:00:00,0.004627720835791316,-0.012566568720092538,-2.6022289932717986e-09,-0.003107312726639087
2025-08-11 05:00:00,-0.0032565068810693778,0.007619604331154922,2.4588209700086785e-08,-0.0006352184430437098
2025-08-11 06:00:00,-0.014937421307250101,0.0025571410826289716,6.348721887891353e-08,-0.0013447747813479217
2025-08-11 07:00:00,0.009342536902455387,-0.0014892559469941683,-5.756745834592425e-08,0.0007509677850524298
2025-08-11 08:00:00,-0.009396287303089834,0.011287393421327426,5.105671956045279e-08,0.0030865572304004433
2025-08-11 09:00:00,-0.004541021794600564,0.0027949502153104783,4.1684965883456474e-08,0.002975468636738198
2025-08-11 10:00:00,0.0032580652288270277,0.002736558516549415,6.634835180231343e-08,0.01431962388677405
2025-08-11 11:00:00,0.0009362039756348113,-0.001646960016509321,-5.884605183775412e-08,0.000554816076131366
2025-08-11 12:00:00,-0.01356267648982847,0.03142704383106667,1.5791433577178594e-09,-0.001277135118280968
2025-08-11 13:00:00,0.032546428165847366,-0.05803579757505265,1.9124740455724307e-08,0.005198523728829416
2025-08-11 14:00:00,-0.00823677765127388,0.02597005620981818,-3.83879583093812e-08,0.0006672062635655463
2025-08-11 15:00:00,-0.0039028654968858885,0.004720290132665449,-7.331269367575203e-09,-0.0017015780665272328
2025-08-11 16:00:00,-0.004591355192142381,0.009946550911621273,-3.109047304354052e-08,-0.004099110292161523
2025-08-11 17:00:00,0.0316599051736525,-0.05340949148801891,1.4876932745216119e-08,0.006138213420963513
2025-08-11 18:00:00,-0.025482252512447567,0.014272858541318663,7.284533169435985e-08,0.004343479121284369
2025-08-11 19:00:00,0.024062496380023148,-0.03538067653016542,-2.704761725365975e-08,-0.0003512775616904452
2025-08-11 20:00:00,0.007240212652995255,-0.02227736656699645,5.590694403368918e-08,-0.0027389059737215698
2025-08-11 21:00:00,-0.00444637350852041,0.003933749182493248,2.9010244171096885e-08,-0.0006715325689834592
2025-08-11 22:00:00,-0.002619773894394005,0.0026999865104250405,-8.643607799081835e-09,0.0007388784240206609
2025-08-11 23:00:00,0.014423641171886107,-0.01083353483196575,-2.7891784870852387e-08,-0.006218523876018782
2025-08-12 00:00:00,-0.007520197032351005,0.0051527126682641994,-5.105325655188204e-10,0.010753733183007572
2025-08-12 01:00:00,-0.0095005458603236,0.022050916689014797,-3.0192128310872385e-08,-0.0053629872680342585
2025-08-12 02:00:00,-0.015191537983406327,0.011587208792585853,3.4437051504406875e-08,0.0021153576949566794
2025-08-12 03:00:00,0.0020458336786077992,0.004142024263178993,-2.7287148631291732e-08,0.00014718217570360449
2025-08-12 04:00:00,-0.00867328318678896,0.002108498758892811,4.623635782072024e-08,-0.0010824088098184302
2025-08-12 05:00:00,-0.005032096461746885,0.00830564568418897,-6.53507673920792e-09,-0.0016153118802405462
2025-08-12 06:00:00,0.006383619475220897,-0.0023065161724365514,-2.790770321125057e-08,-0.00038655063113677326
2025-08-12 07:00:00,0.002523854389229299,-0.005355482044460585,3.7148195741613572e-09,-0.0021783980455313797
2025-08-12 08:00:00,-0.004029503540123866,-0.003950678958782678,3.214150569889449e-08,0.00037624252623866164
2025-08-12 09:00:00,-0.0022122663702354526,0.0005542073278799761,1.583009868590837e-08,-0.00030968250224338965
2025-08-12 10:00:00,0.015992216867173965,-0.016535938565893825,-2.4243086925417702e-08,-0.0011785944885204023
2025-08-12 11:00:00,0.008429382911698499,0.015672083222271656,-1.318043691117207e-07,-0.019782544528584092
2025-08-12 12:00:00,-0.01203282486255191,-0.009128361092589118,9.438421685036141e-08,0.009829021876594375
2025-08-12 13:00:00,0.016678160093457284,-0.01250911143973277,-2.2666786076962434e-08,0.006878029261544154
2025-08-12 14:00:00,-0.01744233860914212,0.025881310974536734,-2.0837941203174857e-08,0.007098883127160243
2025-08-12 15:00:00,0.03095784189861102,-0.02061992325848153,-1.1619137019416849e-07,-0.004725902726353372
2025-08-12 16:00:00,-0.004823868186450907,0.01260442421571853,-6.857478282966249e-08,-0.0020137780526423735
2025-08-12 17:00:00,0.026532507229370218,-0.03799095569737953,5.8993348304399073e-08,0.010630725208991401
2025-08-12 18:00:00,0.030463080886672662,-0.02776045854650748,-3.714797031169574e-08,0.0022520827587342827
2025-08-12 19:00:00,-0.025706643828649813,0.04325867950572255,-4.436350887086835e-08,-0.0002927305609708298
2025-08-12 20:00:00,0.011017870252644165,-0.019588986355381584,1.714313475927517e-08,0.0035481298688157885
2025-08-12 21:00:00,0.007411401587832635,-0.010126104906026796,2.107487881522465e-08,-0.0003039764829746116
2025-08-12 22:00:00,-0.017770976577273348,0.015818673780373844,3.7451591443626533e-08,-0.0029052910131628887
2025-08-12 23:00:00,-0.012493464726370654,0.015529302260405546,-3.470129625846086e-08,-0.0013993534222170663
2025-08-13 00:00:00,-0.04621778463190127,0.04152976211775538,6.327818172014361e-08,-0.00404449467707211
2025-08-13 01:00:00,0.002350855737736756,0.012698860691603853,-1.0833114743688111e-07,-0.0010185408485710143
2025-08-13 02:00:00,0.007535143848352969,-0.001468858350738612,-4.692373449935754e-08,0.003764651603083331
2025-08-13 03:00:00,0.0100885414490066,-0.01026632715835413,-3.079362048542188e-08,-0.005367136583302427
2025-08-13 04:00:00,-0.026089152059116136,0.01702814677233765,7.036873279552709e-08,-0.005580433454328481
2025-08-13 05:00:00,0.018417728755031285,-0.019528774443965707,2.0167123287753177e-08,0.0041207764724303375
2025-08-13 06:00:00,0.018995422948549633,-0.0055758834074024575,-1.1105302839736226e-07,0.003106790323939415
2025-08-13 07:00:00,0.008461943599995482,-0.002027520649202282,-3.469452337774517e-08,0.004806427918524893
2025-08-13 08:00:00,0.0029804750727894253,0.008687366394232095,-6.126430911422202e-08,-0.004139896472126332
2025-08-13 09:00:00,0.0060917277574180926,0.0010490496039255426,-5.7896018177622095e-09,-0.006804882334780197
2025-08-13 10:00:00,-0.01365153390245692,0.014524242241366392,1.3148159218592908e-08,0.0007131292573026831
2025-08-13 11:00:00,-0.004176124998940613,-0.002750560600907734,6.387195297119353e-08,-0.008392630673758996
2025-08-13 12:00:00,0.02695892773010205,-0.027592252419097976,7.319029540634895e-08,0.0035499181531857644
2025-08-13 13:00:00,-0.03254808436777994,0.024777658024690376,3.281523874737975e-08,0.0007473720323663007
2025-08-13 14:00:00,-0.0027393448618810434,0.0030821720501741975,1.0141360335441112e-09,-0.0014892503750967942
2025-08-13 15:00:00,-0.009626638091562641,0.011568512909663061,2.9790708463799688e-08,-0.0016075951943902607
2025-08-13 16:00:00,-0.0024445232749175268,0.007382305267123908,-4.385848022762942e-09,0.00033617055378311236
2025-08-13 17:00:00,-0.005647587315482317,0.004912412319811224,-1.7192781639760834e-09,-0.00014603715773439443
2025-08-13 18:00:00,0.004662901951379866,0.0012542212414228733,1.9960699054716485e-08,-0.00363568548677094
2025-08-13 19:00:00,-0.003335504765010178,0.0026915627318761445,3.2825103182451434e-08,-0.006094327267624346
2025-08-13 20:00:00,-0.011532531268718367,0.01592677569720692,-4.160686248452717e-08,0.0008963096423966231
2025-08-13 21:00:00,0.0238672205041908,-0.022085300870537446,-1.745159084603518e-08,-0.0009624042086805966
2025-08-13 22:00:00,-0.001628280739506694,0.0055071949402575515,-2.982131099662727e-09,-0.0012400333878362976
2025-08-13 23:00:00,0.014398196270117698,-0.029388129676521487,1.3682878569576422e-07,0.01784082803533864
2025-08-14 00:00:00,0.0034074665107061545,0.0012372486793135816,-6.96838092236989e-08,0.00337634110810642
2025-08-14 01:00:00,-0.005105689817252443,0.016862712594955774,-2.046425651266299e-08,0.007957624995882387
2025-08-14 02:00:00,-0.01625184247462832,0.023427736653602694,-5.3100418535832017e-08,-0.001554280738369504
2025-08-14 03:00:00,-0.0031104812840437226,-0.005250924251254367,8.372691706471588e-08,0.007628555993013955
2025-08-14 04:00:00,-0.0029329272155823563,-0.003061709928377176,2.9976959689989147e-09,0.002185241135427394
2025-08-14 05:00:00,-0.0016529266388321034,0.020175656901718103,-9.076682631445391e-08,0.006219339911545609
2025-08-14 06:00:00,-0.008073465491240567,-0.0021574302209955106,8.899290398237474e-08,0.001017303122005456
2025-08-14 07:00:00,-0.0012328188257497482,-0.0017743148667454273,3.858455743430945e-08,0.003967892372011018
2025-08-14 08:00:00,-0.005179009132270201,0.016266725617377086,-7.069704893711786e-08,-9.093421597726157e-05
2025-08-14 09:00:00,0.0023553690293957874,-0.013802426682149257,3.0884323336881276e-08,0.004218324038968171
2025-08-14 10:00:00,0.0005041952608420063,0.0017824228756687375,-1.1734100420253795e-08,0.0010600908218892288
2025-08-14 11:00:00,-0.0416877832020971,0.0030014123546876336,1.831948348140218e-07,0.0011164851209550493
2025-08-14 12:00:00,-0.0105035661197173,0.022500503391560178,-1.0570454484908836e-07,-0.0003542810593949868
2025-08-14 13:00:00,-0.005137880301717902,0.019931228796081876,-5.471930092663662e-08,0.0032614512974381777
2025-08-14 14:00:00,-0.005647941353599726,-0.002241551821079145,2.752266161039072e-08,-0.0030867522352703543
2025-08-14 15:00:00,-0.01494218338127235,0.0007086899007533082,8.601414455160499e-08,0.004008034392144992
2025-08-14 16:00:00,0.007807018137941228,-0.010046655663133829,9.002262978730304e-09,-0.0002123520458006259
2025-08-14 17:00:00,0.0038533140972053133,-0.0035150370698384054,1.2589860187280792e-08,-0.0013949291181480847
2025-08-14 18:00:00,0.0017285130798803945,-0.0007132877428305316,-1.2562771132648496e-08,-0.00109919037345739
2025-08-14 19:00:00,0.008920483556864924,-0.01302355090936467,1.5760364387074996e-08,-0.0006816058091375627
2025-08-14 20:00:00,0.004024495033120047,-0.011402180633332435,6.464249097431857e-08,-0.002368425410285756
2025-08-14 21:00:00,-0.027792787881502166,0.03582369967973899,-7.353644189862092e-08,0.011360276011525602
2025-08-14 22:00:00,-0.007617865111742299,0.00791151604973983,-1.045128714000932e-08,0.002318139150868326
2025-08-14 23:00:00,0.002481496761002536,-0.005402769869196273,8.328720133506565e-09,0.00021330506151034985
2025-08-15 00:00:00,0.01095136272373942,0.0025160469421320894,-4.3828403593351496e-08,-0.006130134789562465
2025-08-15 01:00:00,0.0013734132534146057,-0.000318253226360018,-7.692674589662562e-09,0.00022583322883838757
2025-08-15 02:00:00,0.005808659613310303,0.004926988057938389,-6.389520112861689e-08,-0.00013297061262136295
2025-08-15 03:00:00,0.00041952350686515465,0.0043415943830933884,-2.2526920736044316e-08,-0.00662083628631621
2025-08-15 04:00:00,0.007272139647367059,0.004398993054424011,-8.467592669081091e-08,-0.008493910150107612
2025-08-15 05:00:00,0.00012978196862450768,0.009371929158084054,-5.7218966262786744e-08,-0.006359057500307406
2025-08-15 06:00:00,-0.004731960032307858,0.0008338143080064963,2.2622895513729224e-08,-0.0026390704253790257
2025-08-15 07:00:00,-0.003165277449620668,0.0006856884278440143,1.2036114007816127e-08,-0.002520472951161128
2025-08-15 08:00:00,-0.004984940059426075,-0.00542792387290367,4.957678159119776e-08,-0.0047002443925494505
2025-08-15 09:00:00,0.00036319453268676076,-0.0006918096563571022,1.3736567965408144e-08,-0.00039429809061411074
2025-08-15 10:00:00,0.0037003649571910073,-0.0033529733382429818,2.762786338522198e-09,0.0022378148763722316
2025-08-15 11:00:00,-0.0006761207349476517,-0.00028319781637962184,-1.840014497303811e-08,-0.0010654955107029772
2025-08-15 12:00:00,-0.009061526347711672,-0.002605980291089928,2.6847354252277185e-08,0.0006282894154458632
2025-08-15 13:00:00,-0.004108236808553164,-0.002934096906892155,3.8289464859146275e-08,0.0020680353767511916
2025-08-15 14:00:00,-0.011829431917080661,-0.00711384998630784,1.1822436834891868e-07,-0.0028030915940293246
2025-08-15 15:00:00,0.006679319249974656,-0.0036097394586529783,-2.780404292391919e-08,0.000663971896898144
2025-08-15 16:00:00,0.004975408900069467,-0.0045800783626048554,-2.500153967727386e-09,-0.00559625947651492
2025-08-15 17:00:00,-0.004678367798914861,-0.0057017241639998875,3.719076320134515e-08,0.001707130691399957
2025-08-15 18:00:00,-0.0006950091200009995,-0.0032254549598156428,5.456605586636172e-09,0.0025590830180906906
2025-08-15 19:00:00,0.01738276505224357,-0.0005820272640964706,-1.0274854256593934e-07,-0.011627622755754897
2025-08-15 20:00:00,-0.011232492610295821,-0.00623438118367561,8.399924594511944e-08,0.01094427720551239
2025-08-15 21:00:00,0.015577785118951566,0.010596626084700652,-1.312246417853182e-07,-0.00636414806607232
2025-08-15 22:00:00,-0.0005042506914902196,-0.00033418764329900007,4.926439591358186e-09,-0.003532932839075795
2025-08-15 23:00:00,0.016463367686565995,0.006344671548658458,-1.253754104622637e-07,-0.005364803975446717
2025-08-16 00:00:00,0.0009031089030859265,0.004462605687802653,-6.621234615779199e-09,-0.0032429962498110297
2025-08-16 01:00:00,0.002053695043042137,0.002220713027698902,-2.4511273332484924e-08,-0.008017433102168743
2025-08-16 02:00:00,0.002493961249271874,-0.005117355295370505,-2.1493865402149735e-09,-0.002466438916231314
2025-08-16 03:00:00,0.002092799062251128,0.0030925207554654234,-3.6249707591100705e-09,0.0008672850318785938
2025-08-16 04:00:00,-0.006316812106848823,-0.0010242526577724255,4.114627579336744e-08,0.003268463038913759
2025-08-16 05:00:00,-0.003083401758044925,0.005333577174695977,-1.6083575708309177e-08,-0.000953772820736731
2025-08-16 06:00:00,0.004397446301821261,0.0045871233953790015,-4.8396461171067386e-08,-0.0016241128504379703
2025-08-16 07:00:00,0.0017644682505782946,-0.0069098079434374736,1.866328658911378e-08,8.833963168610011e-05
2025-08-16 08:00:00,0.0002547091122850169,-0.019789138498345626,6.765598387285169e-08,0.0015766790776419648
2025-08-16 09:00:00,-0.0006199504278868351,0.006845519651668909,-8.102688349432689e-09,0.005543672125743772
2025-08-16 10:00:00,-0.007742908380199974,0.0066560400565921106,3.715304622932659e-08,0.0013454817241182002
2025-08-16 11:00:00,0.006540591768144352,-0.00012117770284752196,-3.019434406787048e-08,-0.0001957579082347387
2025-08-16 12:00:00,-0.0035157635415807346,0.002207756115487608,1.2489072340150363e-08,0.0003519744374965868
2025-08-16 13:00:00,0.006120805563305966,0.0008671144773569944,-5.304325671209976e-08,0.005144814249377532
2025-08-16 14:00:00,9.181344709381948e-05,-0.0049749311303402,8.858914760995067e-09,0.0020547458903419293
2025-08-16 15:00:00,1.4926749128417243e-05,0.0019008296871319756,-2.2893031051329747e-09,0.0003525039729561369
2025-08-16 16:00:00,-0.0016366267939422843,0.00010219271710657708,1.0114252130999012e-08,-0.00038697189800563085
2025-08-16 17:00:00,0.003519750763259357,-0.0007525124520175002,-2.987089699459777e-08,0.0034516262296205237
2025-08-16 18:00:00,-0.001138193347356236,0.00511747095956429,-9.896024018234603e-09,0.0002418584869849177
2025-08-16 19:00:00,0.002247357673478625,0.0001791560240546692,-1.961999943521356e-08,0.0010890890450608577
2025-08-16 20:00:00,-0.00282302888026664,-0.0010315411974492973,1.1501045247062083e-08,-0.0009970173921793606
2025-08-16 21:00:00,0.005871236934267949,-0.0029046521852748365,-4.1928991423935614e-08,-0.0015893583426971087
2025-08-16 22:00:00,9.156021919849614e-05,0.00033939827101387153,-6.223649170479973e-09,0.0013707383725993253
2025-08-16 23:00:00,-0.0059271997092298755,0.0061126754522794445,2.5098511040133088e-08,0.0013919384072840102
2025-08-17 00:00:00,0.003910257628486709,-0.00412795659910555,-4.721191544312122e-09,0.003716004557466828
2025-08-17 01:00:00,0.004355305275219719,0.0016701835828213294,-2.616634046670575e-08,-0.006225714812396129
2025-08-17 02:00:00,0.0017664869484953997,0.011258592433736468,-2.654705938964428e-08,-0.009469168883021762
2025-08-17 03:00:00,0.006573595978034311,0.00036287408793900884,-5.023947905236523e-08,0.011072420655689533
2025-08-17 04:00:00,-0.005328240951605574,0.001083186530814402,2.562176472880312e-08,0.0033016328259294664
2025-08-17 05:00:00,-0.0024144736327986792,-0.0008689321267154205,2.9708101132848958e-08,-0.0057837555448615584
2025-08-17 06:00:00,0.004032677898979424,0.005168325575745896,-4.2603085377244346e-08,-0.00023027538199813286
2025-08-17 07:00:00,0.004275368049609526,0.005290290108906299,-1.5735276351879748e-08,-0.009626400196818841
2025-08-17 08:00:00,-0.003419691128260985,0.013470417526218905,3.833945289126364e-09,-0.004998247366731463
2025-08-17 09:00:00,-0.0005821092511790832,0.000975219705070147,9.012169477137576e-09,-0.0035788871521559
2025-08-17 10:00:00,0.0021868888509649293,-0.002425086206517449,-2.040240209518578e-08,-0.0006527855777592569
2025-08-17 11:00:00,-0.005592719552829909,0.0006258931998995938,3.700915801118577e-08,0.0005249406071191795
2025-08-17 12:00:00,0.00040425098580961806,-0.0018421699652577902,8.299767652228187e-09,-0.0035937988109803953
2025-08-17 13:00:00,-0.0053560259312931706,-0.008123553051270374,2.1137927055662287e-08,-0.015044218098284873
2025-08-17 14:00:00,0.017854577587562048,-0.001736718474718651,-1.208868050048788e-07,0.009157480094607122
2025-08-17 15:00:00,-0.00915862886279839,-0.0001410481104037307,4.136733348859323e-08,-0.0038364938840849743
2025-08-17 16:00:00,-0.0002158337018978181,-0.003172655266575642,1.0560788170323779e-08,-0.0008996572874307803
2025-08-17 17:00:00,-0.006233040105190518,-0.0037303134841303685,3.071629233748624e-08,-0.0008531853236829077
2025-08-17 18:00:00,-0.0038651109248787115,0.003365060129302675,3.4930853435663277e-08,0.0013098731963649378
2025-08-17 19:00:00,-0.0004426875867925488,-0.0017853677806219251,4.411838021470263e-09,-0.002896141571364308
2025-08-17 20:00:00,0.0006244419617648677,0.0030254700779259592,-2.114853240551367e-09,0.002365735320067042
2025-08-17 21:00:00,0.00815345052286446,0.001887119591713734,-5.288920403417974e-08,-0.0003522226688438162
2025-08-17 22:00:00,-0.008762686986261252,0.003096399497975781,3.440986899349917e-08,-0.001206522221134658
2025-08-17 23:00:00,-0.005140364506310725,0.008082110936785783,2.538455056797608e-08,-0.008780298997323672
2025-08-18 00:00:00,-0.014283216958184505,-0.00258970511109792,5.243144794038037e-08,0.005823902654914436
2025-08-18 01:00:00,-0.016703726465939598,0.000589317861380557,9.418975611428313e-08,0.0023672653220030695
2025-08-18 02:00:00,-0.016297460857640524,0.0033726050785767053,7.185942222474363e-08,-0.008169826907217646
2025-08-18 03:00:00,-0.0010131073472619328,-0.004853118599498895,-5.19054347256917e-10,-0.005842155866067834
2025-08-18 04:00:00,-4.799482472225055e-05,-0.00720990456739809,1.8695825368236567e-08,-0.0033359321518614785
2025-08-18 05:00:00,-0.010859129542617824,0.002527743756321366,5.734086560298832e-08,0.00035757162733741357
2025-08-18 06:00:00,-0.0006529480441379972,0.00044972148541467025,1.723139395737044e-08,-0.008212348418613269
2025-08-18 07:00:00,-0.0017187533101731634,0.004051857332011757,1.7333127379778274e-08,-0.002690898396107098
2025-08-18 08:00:00,0.017712731513129132,-0.006384131233350354,-1.051826174337365e-07,-0.011774985854001878
2025-08-18 09:00:00,0.003108227013752924,-0.005212929863546957,-1.5429023291155167e-08,-0.0018073006979492036
2025-08-18 10:00:00,0.008142929961669952,-0.015297987922036392,-6.049570356090266e-08,-0.002624965448994669
2025-08-18 11:00:00,0.018797290153057353,0.007759959848583051,-1.0078174900638841e-07,-0.004118001069327707
2025-08-18 12:00:00,0.001758652947010093,-0.0019122732670360403,-2.0438756325761963e-08,-0.0061765958187438574
2025-08-18 13:00:00,0.01012077743118837,0.0019555794756777535,-2.3531344403515377e-08,-0.0028121861325952698
2025-08-18 14:00:00,0.0005814012876109941,0.008289256777220004,3.16587360487364e-08,0.0002936173447890137
2025-08-18 15:00:00,-0.008326853162916264,-0.000541908916764679,5.751781327156148e-08,0.00044620210263565777
2025-08-18 16:00:00,0.009695411789202812,0.005582260664169422,-6.701098089427122e-08,0.00533597793132267
2025-08-18 17:00:00,0.006463675536571891,0.00408219654051921,-2.2942846002559455e-08,-0.007277072240086342
2025-08-18 18:00:00,-0.0044949790474619715,0.003085486731022671,2.115265210092636e-08,0.002049908008436067
2025-08-18 19:00:00,-0.0005030897645627317,-0.004395650822579189,1.527897020168323e-08,0.004117370871745947
2025-08-18 20:00:00,-0.00089998678313543,0.003455129800683468,6.350472279205951e-09,-0.011446481679559447
2025-08-18 21:00:00,-0.00044466256970250584,0.010449508734346982,-3.7818443818682006e-09,0.009639462748037867
2025-08-18 22:00:00,-0.0077287139677557825,0.00029479916408218956,3.21902539769713e-08,-0.0054401219489470225
2025-08-18 23:00:00,0.010148378284594329,-0.009971661626822618,-6.024201769556945e-08,0.00046338996453821035
2025-08-19 00:00:00,-0.015016028124386707,0.014000329324888355,9.023159298481679e-08,0.006949100245386388
2025-08-19 01:00:00,-0.003308883359276959,0.004915976836174469,3.656138684594617e-08,0.0017445813961718668
2025-08-19 02:00:00,-0.010662519424876032,0.0010678682108425234,5.070689279337263e-08,0.005508091994235715
2025-08-19 03:00:00,0.013554752658698013,-0.0013985930461304888,-5.484745551783539e-08,0.003537113938866051
2025-08-19 04:00:00,-0.005114434850218253,0.009264965518543807,1.2457676308770852e-08,-0.002742815956091998
2025-08-19 05:00:00,-0.001934355433904023,0.006341256719264361,1.1666513763220671e-08,-0.003808502273689775
2025-08-19 06:00:00,-0.0016108045001819783,-0.005218641470482598,1.1311956366358176e-08,0.002543425623810554
2025-08-19 07:00:00,0.0037284822036309615,-0.004893226651914843,-6.7703429528426654e-09,-0.0031677338329348386
2025-08-19 08:00:00,0.003863529202544868,-0.00048045350887195254,-2.9448642045713914e-08,0.0017030602905714414
2025-08-19 09:00:00,0.006262539348994655,-0.0007743185493545835,-3.48982594109852e-08,-0.002888384277136364
2025-08-19 10:00:00,-0.001147917544078396,-0.003794908730884508,-6.266522595678524e-10,0.0042093994167986286
2025-08-19 11:00:00,-0.0013611746158557598,-0.0007694245246817092,2.133128855079899e-08,-0.0007039432147928578
2025-08-19 12:00:00,-0.003834360323614859,-0.0017059057438502325,-9.286451000092205e-09,0.0030063857407912975
2025-08-19 13:00:00,-0.020058710229874037,-0.0011136721891146881,7.328343721051116e-08,0.0020199383237646156
2025-08-19 14:00:00,0.015327999452816887,-0.0026075117596044213,-3.6289988505751765e-08,0.012967745065450512
2025-08-19 15:00:00,-0.0069588250811641284,-0.004389199452592999,1.9736165177059243e-08,-0.001987108868157381
2025-08-19 16:00:00,0.009467832939962601,-0.004748922254752416,-5.217070525750186e-08,0.0021100258708615103
2025-08-19 17:00:00,-0.008273957038773632,-0.003300519798798488,4.7586511505795634e-08,0.002540160245088565
2025-08-19 18:00:00,-0.0055479107686776,0.0015020444240117742,3.248805304162704e-08,-0.006883161414000165
2025-08-19 19:00:00,0.00775757759951066,-0.0010314835127444677,-3.0282059308277094e-08,-0.00472971415613542
2025-08-19 20:00:00,-0.0010862158816921216,-0.004888816610138593,-1.3143324748432798e-08,0.0032524832135729822
2025-08-19 21:00:00,-0.004951057192855929,0.0031829922385358377,1.9483630010596255e-08,-3.705400480889758e-05
2025-08-19 22:00:00,-0.01342454181229689,0.0034804459862990246,9.191744037518439e-08,-0.0007052568071209928
2025-08-19 23:00:00,0.008893043674295303,-0.001407178906934433,-4.203793545437988e-08,-0.0017856408464833318
2025-08-20 00:00:00,0.004186758808351738,-0.005201019502026113,-3.7910264565988194e-08,-0.0008703074547450611
2025-08-20 01:00:00,0.005115188534416089,-0.012597987563877798,1.8474275106225845e-08,-0.00010646349486602991
2025-08-20 02:00:00,0.00644928792057588,0.005585398754626047,-3.052193842767932e-08,-0.006191873005639115
2025-08-20 03:00:00,-0.0019043543367423628,0.0004515143388865876,-1.4632353787961627e-08,0.01141303189172055
2025-08-20 04:00:00,0.001534628123302502,-0.005923507395728453,3.5131245719502903e-09,0.0016644715397818482
2025-08-20 05:00:00,0.0009156620339216379,-0.003939117108749798,2.9813918301058004e-09,-0.0018981180654767554
2025-08-20 06:00:00,-0.0007374867790482006,-0.006854561939843412,1.0765421582162232e-08,0.0021284805050085518
2025-08-20 07:00:00,0.009920360487380625,0.010390823799300728,-7.726383861305339e-08,0.0011228206576792304
2025-08-20 08:00:00,-0.003231799755329252,-0.006441149398546515,2.6928595561713395e-08,-0.0014880303034346576
2025-08-20 09:00:00,-0.0003085916246025112,0.011733504597008056,-2.976994852068253e-08,-0.003441931211476828
2025-08-20 10:00:00,-0.006763319804442527,0.0036011252773348974,3.404060512701923e-08,-0.0033091053847258073
2025-08-20 11:00:00,-0.003771286218009785,0.008696896793150199,-2.0578553231735537e-08,-0.009821543905813274
2025-08-20 12:00:00,-0.014590849929309788,-0.006362548142366747,8.066902751419167e-08,0.0026727609344269583
2025-08-20 13:00:00,-0.001839729321997571,0.00395970062195393,-1.1454195047577934e-08,-0.010222307254271673
2025-08-20 14:00:00,0.00961445235937852,-0.0004281034317707047,-9.240041574759157e-08,-0.00030378356623781837
2025-08-20 15:00:00,0.01682126495560098,-0.016072196617823248,-4.94390399549739e-08,-0.011878955624268068
2025-08-20 16:00:00,0.013151942588337403,0.00023005946100310606,-7.3001854274367e-08,-0.00477478392462249
2025-08-20 17:00:00,-0.006340748423601307,0.003654304591567026,-5.022271823340915e-09,-0.00211416872620872
2025-08-20 18:00:00,0.016236075316221617,0.005664512495710121,-1.0661145072619165e-07,0.00039321173657639436
2025-08-20 19:00:00,0.0003234562798528958,-0.004302573062622325,2.5330188544737744e-08,-8.145166478551809e-05
2025-08-20 20:00:00,-0.0009899467894151609,0.007768177773045515,-2.7898089455892847e-08,-0.0003446090408971079
2025-08-20 21:00:00,0.0029577946730279026,-0.0024222200828254046,7.073394111413657e-09,-0.0015749960344359703
2025-08-20 22:00:00,-0.002480656307317831,-0.007883260196968367,3.372302100474018e-08,-0.00012260943213946322
2025-08-20 23:00:00,-0.0007509100837360674,0.001825158776061204,-3.301053753070328e-09,-0.0008233375958794147
2025-08-21 00:00:00,0.012032748956821116,-0.005297690593349971,-3.4635723055807514e-08,0.004434926048243052
2025-08-21 01:00:00,-0.010598001913028779,0.002901327030583541,2.783371336067351e-08,0.0020702529698037545
2025-08-21 02:00:00,0.010956009422873433,-0.011184222560163834,-2.920176729900349e-08,0.002520241511039309
2025-08-21 03:00:00,-0.0030941703168616986,0.002841030911582244,-9.612865893647602e-10,-0.00028810981493051927
2025-08-21 04:00:00,0.004776729554530759,-0.0033005268538398025,-6.105547231109778e-09,0.0008940682728476465
2025-08-21 05:00:00,-0.0053112905234295,-0.0028423115897034416,4.6024252347330515e-08,-0.0027888456958882328
2025-08-21 06:00:00,0.000585021871344575,-0.0011788138785814987,8.234454953635386e-09,0.0001278743375448443
2025-08-21 07:00:00,-0.006254355145669377,0.003188226230579562,1.4090636880178814e-08,0.0031917090068070936
2025-08-21 08:00:00,0.002289490994100572,0.0017768062727375167,-4.003206256691915e-08,0.011290655083155384
2025-08-21 09:00:00,-0.0018820223767862594,0.003643186680196201,-7.840832981345014e-09,-0.001126827473342485
2025-08-21 10:00:00,-0.0017147312094465735,0.00100315647177162,-6.816093973819821e-09,0.002513889328681096
2025-08-21 11:00:00,-0.004604776229467598,0.0024358165423195347,2.0883204714126574e-08,-0.004752615086156499
2025-08-21 12:00:00,0.0018538657025244255,0.0012839858484366674,8.632808349152302e-09,-0.004858593761444893
2025-08-21 13:00:00,0.0013729893852264645,-0.0032903988234327924,-5.977076886450574e-09,-0.0003619783183844285
2025-08-21 14:00:00,-0.01705172408510281,0.0071335274954902154,4.842192122102188e-08,0.008554647008102665
2025-08-21 15:00:00,-0.0022911889349827665,0.0019021938270256794,-2.2760430998579183e-08,0.002533939345483851
2025-08-21 16:00:00,0.00024730929506002006,0.0070136759083945155,-4.0066004433890044e-08,0.0014807481612064488
2025-08-21 17:00:00,0.007666616533555215,-0.0035331725056037618,-3.18265006046713e-08,-0.002314255819209196
2025-08-21 18:00:00,-0.004948343853674961,-0.000844986388996582,2.706659631173145e-08,-0.005242533968113527
2025-08-21 19:00:00,0.004609452903865012,-0.0013693869228600336,-1.1041518809662572e-08,-0.0011150953525601022
2025-08-21 20:00:00,0.004745596165763744,-0.003920734472134235,9.61722977323755e-09,-0.004795970851452011
2025-08-21 21:00:00,-0.0003860422460310487,-0.0032684357783847157,2.332070549385571e-09,0.00428703260528025
2025-08-21 22:00:00,-0.007692079798535302,0.0010882787083066458,5.763293165024925e-08,0.0014431990968900592
2025-08-21 23:00:00,0.0032749859234672296,-0.0006073515122315918,-1.9705991973506783e-08,0.0017729124518147921
2025-08-22 00:00:00,0.005790234559530641,-0.006720565291339585,2.4753755324735272e-08,-0.004030302842641113
2025-08-22 01:00:00,0.012337177170549326,-0.012716072162920365,3.40493677374796e-08,-0.0075741354814904795
2025-08-22 02:00:00,-0.01967945275593553,0.011155619915748307,1.5970435723392256e-08,0.013466896706171
2025-08-22 03:00:00,0.0035388583629256684,0.001808458093494967,-4.9843168588243734e-08,-0.001699227966517835
2025-08-22 04:00:00,0.0022148751407958392,0.0005923795673809274,9.17637699147347e-09,0.0034315471179290364
2025-08-22 05:00:00,-0.0016029238014590352,0.0024661806437758353,-1.3878878489396182e-08,-0.007386824707168742
2025-08-22 06:00:00,0.00660067426674851,-0.0018044292501603566,-3.847258120913051e-08,-0.00038329108992948884
2025-08-22 07:00:00,-0.0019459847060116012,0.006285025663592957,-3.79685475512169e-08,-0.003738784459114367
2025-08-22 08:00:00,-0.002824554321001174,0.0021100657798970674,1.3276343780006186e-08,-0.0013198184357759272
2025-08-22 09:00:00,-0.01136746595932831,0.003477824904822299,2.8785978303432547e-08,-0.006122665855618695
2025-08-22 10:00:00,-0.0019074822249612175,-0.007646930947499076,7.165080562512988e-08,0.003923462460652122
2025-08-22 11:00:00,-0.003531303053677542,0.007104069271418206,-9.56136776697862e-09,0.00196926008811787
2025-08-22 12:00:00,0.005223756107191455,0.002972043828324265,-5.746286861313761e-08,-0.0009294952456564601
2025-08-22 13:00:00,0.06592209666711586,-0.016109237409636993,-2.0025013367636062e-07,0.003942622472199198
2025-08-22 14:00:00,0.007048460538085433,0.0018521042506090537,-2.3476282881359118e-08,-0.0005042083603952493
2025-08-22 15:00:00,-0.00015204363601329512,0.007994623676385763,-1.401715584228193e-07,0.004610888270540667
2025-08-22 16:00:00,0.024446382620902728,-0.011729730788081552,-3.280392648618104e-08,-0.004151566031927442
2025-08-22 17:00:00,-0.006592674674584344,0.010557609481365256,-3.913813274173975e-08,0.001247118887570784
2025-08-22 18:00:00,0.011585057258023996,-0.012652869754838505,-2.389384275965184e-08,-0.002649101887409607
2025-08-22 19:00:00,0.0022713380821132207,0.004702636650887699,4.903697649610458e-09,0.006106880248878034
2025-08-22 20:00:00,0.00901969601578152,-0.00321310329692876,-2.894797476451432e-08,0.005365331296207902
2025-08-22 21:00:00,-0.0020873988153365525,0.003227699368816912,3.878617099672453e-09,0.0030308215049726617
2025-08-22 22:00:00,0.0036295563082630986,-0.006232595072319177,1.2793135117099444e-08,-0.0006356629766610586
2025-08-22 23:00:00,-0.009056708821082178,0.0013680918186295156,6.605970158212776e-08,9.357752567099194e-05
2025-08-23 00:00:00,0.00044224712008267796,0.0018568290860970097,-2.2133981847267276e-08,0.002062678858129571
2025-08-23 01:00:00,0.009143539582461824,-0.0061289050443873155,-2.6114983097689018e-08,0.0045651618810611
2025-08-23 02:00:00,0.0008796700648391032,-0.006666979116351428,6.659891766687839e-09,0.00016560510660184864
2025-08-23 03:00:00,0.016789298757430564,-0.009903729854528354,-6.253876353851124e-08,-0.0005241837647104595
2025-08-23 04:00:00,0.012592899444573497,-0.012680217143916553,-2.6514737766679807e-08,0.0028735725356802528
2025-08-23 05:00:00,-0.0014270655458457882,0.0001681840833089969,-2.442821387349071e-09,0.0004390664762159951
2025-08-23 06:00:00,-0.006637724208894866,0.008075664026979193,1.1320914299246839e-08,-0.0009730812858953392
2025-08-23 07:00:00,-0.001211865779288856,0.0015198102273170093,-2.9775515172616114e-10,-0.0009488252200188888
2025-08-23 08:00:00,0.003016372431434793,-0.0024665518152886087,-6.115801700945886e-09,-0.0013502414858997164
2025-08-23 09:00:00,-0.010594046359327623,0.007437447352463435,2.9541485523877042e-08,0.001379384919543333
2025-08-23 10:00:00,0.0011112539377338257,0.0004545856936711881,-3.439113109349185e-08,-0.0004316664181451056
2025-08-23 11:00:00,0.0013833528685412361,-0.0030420796382657268,1.0828727346294166e-09,0.000987150765526827
2025-08-23 12:00:00,0.00167812047509132,-0.007779252652137579,3.3503219179660807e-09,0.0036179791414733178
2025-08-23 13:00:00,0.0011432996306023375,-0.0020753739013270782,-1.5747632596369493e-08,-0.00113747773305472
2025-08-23 14:00:00,0.002960559856881993,-0.0008360997711843058,-3.2622654774857575e-09,0.0014022370012034063
2025-08-23 15:00:00,-0.002172100880729737,0.0031185123892948936,1.4108611502192916e-08,-0.0007617457009356606
2025-08-23 16:00:00,-0.0006421350984666312,0.0032354429411736198,-1.635657035975119e-08,0.00438443094566328
2025-08-23 17:00:00,0.0026718808842163162,-0.004435838163260282,3.3284071142611935e-09,0.0010703437885851836
2025-08-23 18:00:00,0.004840188790897679,-0.0022966151595560716,-2.1025513766691038e-08,-0.002702000527094811
2025-08-23 19:00:00,-0.001517818058868596,0.003222515285751902,1.4573464210897587e-08,-0.001997916258368005
2025-08-23 20:00:00,-0.0037133847933428716,0.008301589702618361,-2.712903201917662e-08,-0.0029167549288842557
2025-08-23 21:00:00,0.005702684778495618,-0.0017103645825914547,-1.9443914253889673e-08,0.0010868000034755761
2025-08-23 22:00:00,0.00029667116890135393,0.001465477331074772,5.5264234416601875e-09,-0.003887723891636165
2025-08-23 23:00:00,0.006867875524256889,-0.01495577448959615,2.860948657953948e-09,0.01168041086583103
2025-08-24 00:00:00,-0.0034100939016812565,-0.00034132856817113705,3.5468604531761624e-08,0.008882864678367939
2025-08-24 01:00:00,-0.0014555624905163826,-0.005601544536190471,1.0141688478469988e-08,0.0002873477421920653
2025-08-24 02:00:00,0.0016961026247562685,-0.0014039543009019613,-4.6715690067126496e-09,-7.935504467708877e-05
2025-08-24 03:00:00,0.00343604881922533,-0.0032937879090221456,9.425682063067774e-09,0.004532033644948409
2025-08-24 04:00:00,-0.005997027029472522,0.006748080552373343,1.0792079910039706e-09,-0.0013465361016275794
2025-08-24 05:00:00,-0.009334777280947316,0.006578722760886177,3.860851246610404e-08,0.0012767740827202836
2025-08-24 06:00:00,-0.004139782849861867,0.001437557929221322,2.6298897028549735e-08,-0.0030669026502646284
2025-08-24 07:00:00,0.0008125840567202453,-0.0025481769174223413,5.385086400433609e-10,-0.0032672117936492903
2025-08-24 08:00:00,-0.0033160600872328373,-0.0035263585588088315,4.801783245183119e-08,-0.005685379330636841
2025-08-24 09:00:00,-0.00934742223935301,0.012857892744188837,7.1435763559034515e-09,0.005387264471580653
2025-08-24 10:00:00,-0.00048500153012653706,0.0011324876347289488,-5.6781190548915585e-09,0.0007097757685704569
2025-08-24 11:00:00,0.002922810107454078,0.0020470918472320146,-4.386482059377423e-08,0.002564219018141931
2025-08-24 12:00:00,0.0005102940385294076,0.004874541153512981,-3.473119721835135e-08,-0.0033445929756533823
2025-08-24 13:00:00,0.006640310125250032,-0.014031547357481052,1.1300762501050429e-08,0.0017672266579332047
2025-08-24 14:00:00,0.0007351100662553419,-0.0032003805879785353,2.8571104968549373e-09,-0.0018469517211132374
2025-08-24 15:00:00,0.008667953603987063,0.000580116159834079,-9.07910256950296e-08,-0.005233708178675504
2025-08-24 16:00:00,0.006576401433275942,-0.013331186380579946,2.68075812247813e-08,0.008952177137125688
2025-08-24 17:00:00,-0.015943090331395987,0.021554958862525963,2.4844542340631072e-08,0.017128794342702695
2025-08-24 18:00:00,-0.018261692031984772,0.022310636384399188,-9.636853777847611e-08,-0.0045183617800105495
2025-08-24 19:00:00,-0.00694939704373719,0.0023840189804726947,5.507682047951214e-08,-0.0008033918547519833
2025-08-24 20:00:00,0.00344201458508108,0.009781678130686516,-5.378251061067363e-08,0.0019528229068472098
2025-08-24 21:00:00,-0.0012289457859167201,0.0012157458183107432,4.250537414143889e-08,0.0009616705580093386
2025-08-24 22:00:00,0.005360630477810655,-0.0193460557408395,3.9554681719084696e-08,0.003460826700434346
2025-08-24 23:00:00,-0.010453294730674816,0.011652741742719868,-5.2463256448735245e-08,0.004356210784910369
2025-08-25 00:00:00,0.0010368733213391799,0.0160031441505567,-5.7179578164051764e-08,-0.003774001079226866
2025-08-25 01:00:00,0.02058077313593031,-0.03146640462525243,-3.325913708663301e-08,0.008607848427781232
2025-08-25 02:00:00,-0.006059802731988686,0.0020929727766976366,2.7737770130521718e-08,-0.003937662540204194
2025-08-25 03:00:00,-0.007206477399931568,0.006097086633243842,2.8732517145756197e-08,-0.002272323950831425
2025-08-25 04:00:00,-0.01116512567789343,0.01632273817715573,-1.4182622931447684e-08,-0.000498236479327755
2025-08-25 05:00:00,-0.015344943406434672,0.005494029075735187,7.59747161155725e-08,-0.0015412870460673946
2025-08-25 06:00:00,-0.009884590195147968,-0.010704313214318115,1.076528023490824e-07,-0.0011357889394033693
2025-08-25 07:00:00,0.0015926609465298624,0.004127788978340984,-4.171788914472385e-08,0.00010098716073214675
2025-08-25 08:00:00,0.002024542907759436,-0.0033964626430929897,3.981506145790281e-08,0.0030616099639514697
2025-08-25 09:00:00,-0.014557133256358655,0.00012928689101530648,5.698826253865663e-08,0.004572437671607766
2025-08-25 10:00:00,0.007297457232075731,-0.00998996739002983,1.420814196942306e-09,-0.003495555398260962
2025-08-25 11:00:00,0.0023004282822660827,-0.00040361927052459575,9.9618916188428e-10,0.004682567770737831
2025-08-25 12:00:00,0.0025334969368176656,-0.003290727106221559,1.5186630877546214e-08,-0.00470592181787064
2025-08-25 13:00:00,0.015793306673732216,-0.0016945211603838458,-3.2812325094271065e-08,-0.007323729802464502
2025-08-25 14:00:00,-0.004591346313170007,0.002427252061292325,4.153304239299128e-08,-0.0019014654168668568
2025-08-25 15:00:00,-0.0056460551214143175,0.00667870023052959,1.3815347072923865e-08,0.0036496639905462423
2025-08-25 16:00:00,0.0010847855421704253,-0.005169271888713303,1.4861460743802045e-08,-0.0008674312621062228
2025-08-25 17:00:00,-0.0011543721803710088,0.003813594584177559,-6.155331727290975e-09,-0.001773452180565935
2025-08-25 18:00:00,-0.023571897014851285,-0.0028110577705987372,8.287126614668958e-08,0.004543683074896742
2025-08-25 19:00:00,-0.027556430596285878,0.00772721260185514,7.966965696785015e-08,-0.0035084928891688885
2025-08-25 20:00:00,-0.001968004761614728,-0.002459141894121482,3.301271634054726e-08,-0.0015607379750506162
2025-08-25 21:00:00,0.010377722312281061,0.0020562865375951898,-6.101809747189822e-08,0.0024699916265714435
2025-08-25 22:00:00,0.0019375309469845613,-0.012495733208653539,3.972160483891708e-08,-0.0012970096335269143
2025-08-25 23:00:00,-0.004618208018998531,-0.0033402838757335272,-2.2540325565010075e-08,0.0029066840050679748
2025-08-26 00:00:00,0.02123536901492196,-0.01955456280864127,-4.950865721295239e-08,-0.006582318694694097
2025-08-26 01:00:00,0.009489378291679593,-0.010003130757067775,-1.9995891633790994e-08,-0.005393049972076093
2025-08-26 02:00:00,0.0072975753209859945,-0.018430881743186314,5.922616511902076e-08,-0.002352072386459478
2025-08-26 03:00:00,0.002541608432306568,0.003935381976661287,-4.002394606612153e-08,0.001676516537545638
2025-08-26 04:00:00,0.005715035675572009,-0.0026974034170640726,6.094294727748408e-10,-0.002906877550467778
2025-08-26 05:00:00,-0.008256103638248606,0.002889761543883704,2.5642381808320244e-08,0.0017498519362599155
2025-08-26 06:00:00,0.006566491477291907,-0.013445119807729005,3.447958728678245e-08,0.00030542755992818535
2025-08-26 07:00:00,-0.003983664890220883,0.009686839427423648,-3.089377651202452e-08,2.8348915781258853e-05
2025-08-26 08:00:00,-0.0011114531330701602,-0.0004906578489007041,1.8132463127541078e-08,-0.0030772149800075443
2025-08-26 09:00:00,0.008721430381689575,-0.004229364174621964,-4.8279905542886556e-08,0.0061503865156923455
2025-08-26 10:00:00,-0.003245089472182116,0.003032052876323922,-1.5748926524223093e-08,0.0014219934623391382
2025-08-26 11:00:00,0.017344111543938796,-0.011353820110728685,-4.794101179119486e-08,0.007590496635080154
2025-08-26 12:00:00,-0.004406898214384447,0.008365005455345744,-1.6501040611028657e-08,-0.0012258222741402432
2025-08-26 13:00:00,0.009873811608068394,-0.001548611272827076,-4.988806090379884e-08,0.0029611549302843466
2025-08-26 14:00:00,-0.003022095844147645,0.010260799099077381,-8.11130179457074e-08,-0.005124110532418967
2025-08-26 15:00:00,0.00734950121994039,0.01364840153775526,-1.579191752177613e-07,-0.015356662199727738
2025-08-26 16:00:00,-0.008261307579967521,-0.003206500330191281,7.092234520234706e-08,0.01084309377041416
2025-08-26 17:00:00,0.00792916425171259,-0.011121144627708537,4.924104326337099e-08,0.002915734240465723
2025-08-26 18:00:00,0.01149286035457741,0.003391281647572634,-1.0135611909624426e-07,0.003155680646592989
2025-08-26 19:00:00,-0.003723093901277527,0.0035581049581418305,4.175137085819284e-08,-0.0018743369311745636
2025-08-26 20:00:00,0.002701588736733356,-0.009007448601162675,6.832840579960879e-08,-0.004945816419248367
2025-08-26 21:00:00,-0.001628241765127149,-0.0024771936701185196,6.557503572193344e-08,-0.0030097595735786094
2025-08-26 22:00:00,-0.005454517460828088,0.004060123370930007,2.5644755525917096e-08,-0.0026625070940600637
2025-08-26 23:00:00,-0.002251606249253587,0.003770220726709227,-3.3241436884336304e-08,0.004475017680401591
2025-08-27 00:00:00,-0.00643777793188211,-0.0010082638744040703,2.741688755726154e-08,-0.006361060006781097
2025-08-27 01:00:00,0.004764834072703197,0.012735901744201784,-9.89319164292433e-08,0.004641188286114348
2025-08-27 02:00:00,0.01068590913929425,0.0002858242827845039,-3.815761503851833e-08,0.005978672986343683
2025-08-27 03:00:00,0.007081020802792118,-0.00044558047228070207,-2.565478992811836e-08,0.0056021959938638176
2025-08-27 04:00:00,-0.005461955738885636,0.0038328202191789396,-5.787049064228151e-09,-0.0050085563878696305
2025-08-27 05:00:00,-0.005394455996423988,0.001724528587149896,2.402055618360669e-08,0.00301074830788787
2025-08-27 06:00:00,-0.007916951370756195,0.010485944252265676,-4.1950077384898345e-08,-0.006703684443065118
2025-08-27 07:00:00,0.005652566373895389,-0.00011718681337204022,-3.2374227596639426e-08,0.0038622323390549705
2025-08-27 08:00:00,0.00331576808848679,-0.014895125317414201,5.466096827532041e-08,-0.0004550248351626429
2025-08-27 09:00:00,-0.0009751870658545559,-0.002470429606279574,3.7355199259953055e-08,-0.004853129157868752
2025-08-27 10:00:00,0.0015134694975908458,0.011193220809247869,-4.670863516015914e-08,0.00017055466468991968
2025-08-27 11:00:00,-0.0024969131512218943,0.012524821151168541,-4.9933242964341054e-08,0.0014352858770647352
2025-08-27 12:00:00,-0.0017965208066962734,-0.0032608509609743028,4.976305577935088e-08,-0.0009688501602118292
2025-08-27 13:00:00,0.0043121511593970825,0.005968900682333093,-3.5766656501169815e-08,-0.0033493555275885853
2025-08-27 14:00:00,0.0033683700200737624,0.018015108485694965,-8.617801186119958e-08,-0.005687702727952067
2025-08-27 15:00:00,0.0046747827464155975,-0.0010063030416049966,1.0738261169085503e-08,-0.010455145038430884
2025-08-27 16:00:00,0.0032774004512256356,-0.0033669817952421484,-3.5040068288148983e-09,0.0028620898389997824
2025-08-27 17:00:00,-0.007606605656991252,0.008370373333693015,-9.701804144514133e-09,0.0005056406628946778
2025-08-27 18:00:00,-0.001398659076410764,-0.008046889036504775,7.758381818440174e-08,0.005117357324195904
2025-08-27 19:00:00,0.0025972283959343825,-0.019903979509361073,7.813157654313591e-08,-0.009507372293252884
2025-08-27 20:00:00,-0.010254345109339475,-0.013155736958452426,7.875288251317263e-08,-0.005267918402215993
2025-08-27 21:00:00,-0.0009045451936043017,0.004727090888408953,-4.5471352665265965e-09,0.0025173200968212532
2025-08-27 22:00:00,-0.002848199419216335,-0.004364421490251489,4.2121071841837475e-08,0.0010450352258240215
2025-08-27 23:00:00,-0.00581572603175619,-0.004140746137045877,3.9931483927376564e-08,-0.007148690947719353
2025-08-28 00:00:00,0.00472148140765959,0.006658287520920588,-5.543225579600533e-08,-0.0011375489399593015
2025-08-28 01:00:00,-0.0026392959475310734,0.014185697125695342,-5.7436791267035246e-08,-0.007081939858784442
2025-08-28 02:00:00,0.0055546815804818584,0.0046993631484942835,-3.2655063157058815e-08,0.0011582614742853626
2025-08-28 03:00:00,0.007883808476401038,0.0044765959712181,-3.119272452385164e-08,0.0028410553034996498
2025-08-28 04:00:00,-0.002400339217495798,-0.005560311227098208,2.949619678121656e-08,0.0012016655119105049
2025-08-28 05:00:00,0.0037670573358445985,0.005768436900113281,-1.4286855536205424e-08,-0.003146217364925585
2025-08-28 06:00:00,-0.0029116106676590862,0.009300241746597155,-4.27450151363795e-08,0.003129232278661437
2025-08-28 07:00:00,0.002205865062340489,0.010200665855262914,-5.2540362763475095e-08,-0.006361934151741874
2025-08-28 08:00:00,-0.004643896938722297,-0.007960571495258603,5.8150484110566026e-08,-0.0014338465401159543
2025-08-28 09:00:00,0.002197566650007414,0.006876571515915746,-4.0646297007097684e-08,-0.0031130027040776735
2025-08-28 10:00:00,0.0007807662639209738,-0.012069783029265315,2.1506554573035718e-08,-0.002697681321210711
2025-08-28 11:00:00,0.0039330802992470935,-0.0012717402135504854,7.855597855870897e-09,0.002199940366504772
2025-08-28 12:00:00,0.012428429053618757,0.03449040692880853,-2.0659029593145242e-07,0.02525049904465753
2025-08-28 13:00:00,0.0027504209792307984,0.001376985557273123,-2.3010615499704122e-08,-0.003035447797212672
2025-08-28 14:00:00,-0.011939663354593887,-0.016842785924117018,1.224665499053172e-07,-0.005550402053036849
2025-08-28 15:00:00,0.0005545393992461758,-0.0008226369960997127,1.4247142757191882e-08,0.008409314302362528
2025-08-28 16:00:00,0.006877899159254851,0.0100263805762024,-9.709466628617398e-08,0.00029756759068560974
2025-08-28 17:00:00,-0.0018222587597758783,0.005561696228753017,-2.0586808651527548e-08,-0.0060573927012713994
2025-08-28 18:00:00,-0.011369099086935522,0.0048707171987128536,4.670081751155387e-08,0.001994422514808634
2025-08-28 19:00:00,0.002640431805026478,0.015200122348578166,-8.296438331935671e-08,-0.0001446118379336511
2025-08-28 20:00:00,0.0057950927563631925,0.0014892796772558237,-4.964763727710389e-08,-0.0029828791653049476
2025-08-28 21:00:00,0.010684564972433669,-0.010951534005789285,-2.63176489384504e-08,-0.001641111746312527
2025-08-28 22:00:00,-0.002638747065595331,0.00529029345730824,2.0284409493988698e-08,0.00019260634419482323
2025-08-28 23:00:00,-0.009373891872302604,0.011533245086215841,-7.675534550372129e-09,0.003751711585893685
2025-08-29 00:00:00,-0.009934910505763762,0.0037849414979682014,1.4626395885288396e-08,0.00216787752584737
2025-08-29 01:00:00,0.0036117293217371852,0.005695201532772125,-5.688285473258464e-08,0.0004937612123096844
2025-08-29 02:00:00,-0.0010066778510803439,0.012254003277770605,-1.1206984086898163e-08,0.001242690109199468
2025-08-29 03:00:00,-0.00707864396870256,0.013643734399253944,-1.4948236763930567e-09,-0.0009700664226489262
2025-08-29 04:00:00,-0.0013576266363362847,-0.004594740139752399,1.3607514493559128e-08,-0.0016488870475033608
2025-08-29 05:00:00,-0.003832629807208879,-0.00819181312467288,6.613886018339079e-08,0.00415422218505481
2025-08-29 06:00:00,-0.01270936207739183,0.001229613894401027,7.041269202805012e-09,0.0036134963221527085
2025-08-29 07:00:00,-0.005172618019663218,1.6776035125097296e-05,2.5943154646064748e-08,0.0018854875968891916
2025-08-29 08:00:00,0.0022895007589072026,-0.008932912030559468,9.053519110362007e-09,-0.0024190958581671636
2025-08-29 09:00:00,0.0019658741777018713,-0.004407751678089158,1.738710699792678e-08,-0.00047577764404887335
2025-08-29 10:00:00,0.002165348240417351,-0.007017732255111868,2.2037870535228053e-08,-0.002354176386500214
2025-08-29 11:00:00,0.008409266484612187,0.019283544799101885,-1.0617286444182787e-07,0.0014859559166450292
2025-08-29 12:00:00,-0.0033673894325137437,0.0028852392428761467,-6.071282342379716e-08,-0.005710807988484941
2025-08-29 13:00:00,-0.0082329045871961,-0.003134800861647991,2.0408790366866133e-08,0.005926541101558569
2025-08-29 14:00:00,0.005253420714557597,-0.02061457040047071,3.007608629895369e-08,-0.004145249979954781
2025-08-29 15:00:00,0.0019138821875257332,-0.0001775873111836178,1.1328380813694036e-08,-0.001913491932239201
2025-08-29 16:00:00,-0.008995045305448462,-0.004988274002014878,5.6500747236082e-08,0.005752021631569087
2025-08-29 17:00:00,-0.004226428626885516,0.002312881184562814,1.1886896131059478e-08,-0.002465831764639715
2025-08-29 18:00:00,0.006153923376306495,-0.0012575095844957898,-4.041871997930241e-08,-0.0022570902786155185
2025-08-29 19:00:00,-0.0058035427664197125,-0.004159856319714616,2.9146121989768412e-08,0.0014396959045765963
2025-08-29 20:00:00,0.006468311252091482,0.006663353029281159,-2.6405729050682995e-08,-0.003911224982784749
2025-08-29 21:00:00,0.0031109547770884457,-0.001139043417038014,1.1934976941282276e-10,-0.004601491931958168
2025-08-29 22:00:00,-0.0007388149738536604,0.008787471748259262,-4.900518653110348e-08,0.0030727272328384633
2025-08-29 23:00:00,-0.004363486221760455,-0.002104644812871292,2.199893050573912e-08,0.003057324725562611
2025-08-30 00:00:00,-0.012818488695826113,-0.009141637280316627,8.323447153921962e-08,-0.000365562307725705
2025-08-30 01:00:00,0.01452928299244683,-0.007983754830713287,-6.391688867370972e-08,0.005753086749858548
2025-08-30 02:00:00,0.009686014742784304,0.0038670842807930535,-5.036524878977544e-08,-9.389320557477707e-05
2025-08-30 03:00:00,0.0010329022967104817,0.0013517388333175507,2.169662343450793e-09,-0.0045439150519117994
2025-08-30 04:00:00,0.0013054561918164804,0.006242981183684774,-5.1045190149925334e-08,0.0022104999080039016
2025-08-30 05:00:00,0.0011794227542724159,-0.007731071476454869,1.2061965214665295e-08,0.0031180563249915447
2025-08-30 06:00:00,0.0023527346927105083,-0.006157562335543358,2.490196481947548e-08,-0.0035771309278015665
2025-08-30 07:00:00,-0.0030269638880573027,-0.005081457663691861,5.057490277119987e-08,0.002742450278273892
2025-08-30 08:00:00,-0.0010689682555773492,0.0031472055368630355,-1.1990740952008951e-08,0.003287177030157316
2025-08-30 09:00:00,0.00020525185212305565,0.001220316072346847,-1.4576812375701419e-08,0.00038118703330775804
2025-08-30 10:00:00,0.0008634126656818533,-0.0036399763415944702,2.9119501067391756e-08,0.00044130769417793263
2025-08-30 11:00:00,-0.004766336526942258,-0.007618330846632926,6.757344483849957e-08,0.006146513677668684
2025-08-30 12:00:00,-0.0003450490414745656,-0.01026019061352687,3.920321781686618e-08,-0.0009649349686941569
2025-08-30 13:00:00,0.00019955782568414557,0.004095267058613772,-1.1320988998096096e-08,-0.00136809426928036
2025-08-30 14:00:00,0.0025810263039142438,0.005568435312432988,-3.7428904454876816e-08,-0.0037706725458239443
2025-08-30 15:00:00,-0.002387720233097824,0.002230662074761987,8.525308155193604e-09,-0.002689252502853945
2025-08-30 16:00:00,0.00020080106677928592,0.0013258169078756434,-1.0707259511493446e-08,-0.0008255348061559751
2025-08-30 17:00:00,-0.0011883559664640328,0.0019702214697477865,-1.678046879421917e-09,0.00011605377277450257
2025-08-30 18:00:00,0.002153096428226534,-0.004442137390405901,1.0241133933193565e-08,0.0019048000893071482
2025-08-30 19:00:00,-0.0010913327130720773,-0.0013795812726557744,4.018170219042292e-10,2.7170121607884677e-05
2025-08-30 20:00:00,0.0013739363216599188,-0.00030190176145322695,-1.8503416682671005e-08,-0.0014204481135085955
2025-08-30 21:00:00,0.0011011693826894606,0.002486254561893154,-2.5667162880863565e-08,0.0005664351355873212
2025-08-30 22:00:00,0.002354457176053094,0.005938252155046822,-2.826665494070008e-08,-0.001164533404709613
2025-08-30 23:00:00,0.00559695509404455,-0.00823871130547141,3.0237666849611655e-08,0.01917407706185602
2025-08-31 00:00:00,0.0024284451737932914,-0.0006257251164100458,-1.5227021974374267e-08,-0.0003948511985305203
2025-08-31 01:00:00,0.0002642531587971216,-0.0013290145147439997,-2.6584466913177857e-10,-0.004222885730621739
2025-08-31 02:00:00,0.002067028734885428,0.0027391056832940077,-3.847438519300603e-08,0.01512516897355097
2025-08-31 03:00:00,-0.004890040177257496,0.000726169064476512,6.879790729516019e-09,-0.001558849506797151
2025-08-31 04:00:00,-0.0019563220897806798,0.0023283635163562112,1.5512108304160078e-09,-0.00014145178008146428
2025-08-31 05:00:00,-0.0030821475109697044,-0.0008131543091663986,3.547254131024284e-08,0.0022088532020904275
2025-08-31 06:00:00,0.0008016808202324667,-5.7281174435455524e-05,-9.53971434214619e-09,-0.0009988289503097569
2025-08-31 07:00:00,0.000625826062319838,0.00431317704262113,-1.586665126093368e-08,-0.005577747988904273
2025-08-31 08:00:00,-0.002883948755527031,-0.007599650427098151,2.4053477978138983e-08,0.0015901882835853802
2025-08-31 09:00:00,-0.0020550276707346398,0.0006168411964658322,2.7236358285278193e-08,0.0018211510101490407
2025-08-31 10:00:00,0.0012736023579837758,-0.0022231326644815536,-2.1492628656195587e-08,-0.004427725709870703
2025-08-31 11:00:00,-0.00027874839160933144,0.005771257821369914,-2.7916855494002798e-08,0.0037617957826880915
2025-08-31 12:00:00,-0.0023160774561821417,-0.003469229068062844,4.6900518591408194e-08,-0.0020948707473576527
2025-08-31 13:00:00,0.0006671029053206706,-0.007336201703230194,7.065198277556751e-08,-0.018427863096621994
2025-08-31 14:00:00,0.004850735510906132,0.0012226773471486275,-2.204982150827771e-08,-7.492416209051476e-05
2025-08-31 15:00:00,1.5069076770183243e-05,-0.00500591337801115,4.0440961701298807e-08,-0.000852919573530969
2025-08-31 16:00:00,-4.0657495266165035e-05,0.0005980339665851869,1.6089632141964574e-08,-0.0033652947693106196
2025-08-31 17:00:00,0.003194761817076665,0.00312620214509123,-3.2348599681513467e-08,-0.0008667263347375061
2025-08-31 18:00:00,-0.00429728537998037,-0.002150265705532688,4.1110724320379076e-08,-0.0030403759520538083
2025-08-31 19:00:00,0.0038250069519458166,0.0002493607214661977,-2.2222745566265743e-08,0.007846716879475633
2025-08-31 20:00:00,0.0009349226057651607,0.0011163349818487486,-1.601384898260959e-08,-0.006302307787831298
2025-08-31 21:00:00,-0.00590288119838908,-0.007906541730082563,9.142564933681679e-08,0.011331278122890092
2025-08-31 22:00:00,-0.00711311591089351,-0.003280092094640402,4.5695308092097554e-08,0.00612242086544023
2025-08-31 23:00:00,-0.00010994712456981214,-0.0075249281859940806,4.06234471120023e-08,-0.000360275925793861
2025-09-01 00:00:00,0.00021000114233614918,0.0024718468841458834,-3.008200064821766e-08,-0.0017031248555744835
2025-09-01 01:00:00,-0.007401243806118579,-0.0025300385777456804,7.86267952303198e-08,0.010308978869618434
2025-09-01 02:00:00,0.00047172379696545875,0.0015595724755898025,-2.2680208814083106e-08,-0.002459001843377304
2025-09-01 03:00:00,-0.005176945336607076,-0.0046431648517667595,4.8337911736885213e-08,-0.0023031275517142154
2025-09-01 04:00:00,0.004006330043270842,-0.0013064832767365993,9.841905127701282e-09,0.00034729391420675645
2025-09-01 05:00:00,0.0014130244836291841,0.0020782011447640306,-7.806272811033932e-09,-0.00010348560605562642
2025-09-01 06:00:00,0.014530919543172715,0.023083945768624322,-1.7963064514430748e-07,0.0039000181772737394
2025-09-01 07:00:00,0.0003238340478460373,0.01183026328035041,-6.388815047266478e-08,0.0003513539998955066
2025-09-01 08:00:00,-0.009943836223159298,-0.01157112544805867,1.2135995797709366e-07,0.002876991393647731
2025-09-01 09:00:00,-0.005560173731355247,0.0033049950128124336,-3.238960621726937e-08,-0.0023038912530601975
2025-09-01 10:00:00,-0.002022400789169384,-0.008527150969832498,8.38179814203457e-08,-0.0014816402347994724
2025-09-01 11:00:00,0.002659599388025437,-0.00043858125757551735,1.0963165987870121e-08,0.002565973908262827
2025-09-01 12:00:00,-0.0005897177641480101,0.0024923836465965154,-6.870874110877503e-09,0.006410405819152972
2025-09-01 13:00:00,0.002750088879350086,-0.006359350956758737,2.1476254997545304e-08,-0.0010116767440936701
2025-09-01 14:00:00,-0.008012028857923407,0.008656852040950437,-5.483991832500264e-09,0.0017941821359446868
2025-09-01 15:00:00,0.0014419573226601467,-0.004395487474129115,2.9800302860458716e-08,0.002538934668383797
2025-09-01 16:00:00,-0.003056195893184496,-0.0057235706943728985,7.145151348724466e-08,-0.0005615387957049623
2025-09-01 17:00:00,0.0012803683260177732,-0.002273110132158685,1.1170873435154207e-08,-0.005385154403272162
2025-09-01 18:00:00,0.0028575556759794507,0.001335273554918712,-3.556795943324337e-08,0.0007682631596294543
2025-09-01 19:00:00,-0.006505037982795351,-0.005206265318157048,6.852086743616378e-08,-0.005979459167085908
2025-09-01 20:00:00,-0.0072710169093893225,-0.005925561360696516,1.4879321728925525e-08,0.00109001819032587
2025-09-01 21:00:00,0.002863845524946021,0.0009712982063666984,1.4035179184493248e-08,-0.0015636289346379678
2025-09-01 22:00:00,0.004254694642726072,0.013523347657751043,-6.253805211431026e-08,-0.004241115439817223
2025-09-01 23:00:00,0.0017241727224811564,0.007615515269591002,-5.950378617849339e-08,-0.005754252089515202
2025-09-02 00:00:00,0.0054421023002060994,0.0006119615085561841,-2.9651989220895144e-08,-0.00028804886648182895
2025-09-02 01:00:00,0.0029580718731920886,-0.005341062127520842,5.09909791559388e-08,0.008512817053486187
2025-09-02 02:00:00,-0.0004467765406560801,0.008894975202724533,-3.673876499496473e-08,-0.0011549864737361842
2025-09-02 03:00:00,0.0013022394714258903,-0.005977720871704807,4.803826263074943e-09,0.003551479723649885
2025-09-02 04:00:00,-0.0007587950028470591,0.004203342118628649,-2.6836990679322304e-08,-0.00022251337000208531
2025-09-02 05:00:00,0.003557898023751728,-0.00414810917804321,9.818433520434236e-09,0.0019109787767332643
2025-09-02 06:00:00,-0.004750611337976011,0.00029418433057731207,2.524840090703593e-08,-0.007178618087290973
2025-09-02 07:00:00,0.0005789627912865247,0.00030463092901781153,-1.1287816856466663e-08,-0.004872653363227353
2025-09-02 08:00:00,-0.0015964165353080303,-0.003903028835477218,1.5443620621504417e-08,-0.008586281819302337
2025-09-02 09:00:00,0.0004857429948944554,0.004503415575297287,-2.7652925135748576e-08,0.004713630953637885
2025-09-02 10:00:00,-0.005028512513384986,0.0026814169277937414,2.956339841126878e-09,0.0028616351455433586
2025-09-02 11:00:00,-0.004453948872463679,0.00042407777791693315,2.8055943089489638e-08,0.008611332518455158
2025-09-02 12:00:00,0.004134041564131545,0.0037972797874490627,3.638711854677766e-08,-0.008861839807713911
2025-09-02 13:00:00,-0.0009479550605816859,-0.007387655982362629,6.7042438245778835e-09,0.009602724022617056
2025-09-02 14:00:00,-0.012336519608075334,-0.00117167081087056,1.1381061543708278e-07,-0.0057714392977960115
2025-09-02 15:00:00,0.004011679461865004,-0.0016760732016515953,-2.5213175348811716e-08,-0.0029578193895974836
2025-09-02 16:00:00,0.013705572336179254,-0.015199203055453421,-1.517440484547856e-08,-0.007437105806185065
2025-09-02 17:00:00,0.0035756143843885474,-0.006648819900089073,-1.5406484561731384e-08,-0.0012431032347685303
2025-09-02 18:00:00,-0.008109780065207763,0.008020715930392195,5.064560626514039e-08,0.006563276080904991
2025-09-02 19:00:00,0.007534223392992362,0.005464415083265227,-5.5437252971328e-08,-0.004787210800537431
2025-09-02 20:00:00,0.001983758097585729,0.0007473513348555996,-4.949386039568374e-08,0.0019053885924507697
2025-09-02 21:00:00,0.004629282606589458,-0.0006639868793920934,-3.0851222936264746e-08,-0.002497448037603411
2025-09-02 22:00:00,0.00315999812682246,-0.004931520286764085,-5.2492111556536925e-09,-0.0005517890388545336
2025-09-02 23:00:00,-0.0035607590096384135,0.0005338029556360686,2.8853733183647806e-08,-0.0037393342937858424
2025-09-03 00:00:00,0.005329934388176239,-0.007135468697720954,-4.2813585572695075e-08,-0.008385597333850121
2025-09-03 01:00:00,-0.00014970390878064118,0.002221502850473493,4.240220412280412e-09,-0.000939928146262888
2025-09-03 02:00:00,-0.004057881495995707,0.002473702117235576,-2.4873861230678736e-09,0.0008826972261988895
2025-09-03 03:00:00,0.0013330388226721378,-0.0016306707214769742,-4.5157808298126184e-09,0.00037881100884874585
2025-09-03 04:00:00,-0.002485129408972897,-0.0008446551738183215,3.4177692530003955e-09,0.0016660901718969377
2025-09-03 05:00:00,0.0034380908126454505,-0.0006070641614456876,-1.49914064519826e-08,0.003071360396055798
2025-09-03 06:00:00,0.0036895797279132437,-0.005435096765175524,1.9675366524049087e-08,-0.0007005781893958524
2025-09-03 07:00:00,-0.0018000995822343843,0.00401842938269347,-6.956609171325872e-09,-0.0011023564051366806
2025-09-03 08:00:00,-0.00018809566448500445,0.0077717962079099315,-6.870260098696573e-09,-0.002798630500128732
2025-09-03 09:00:00,4.266804505732058e-05,-0.0005308938508283857,1.3185003484228349e-08,0.000704288986781963
2025-09-03 10:00:00,0.0018794907683741893,-0.005154615598763945,-9.301472420771773e-09,0.004778606172619559
2025-09-03 11:00:00,-0.004787679750115724,0.004052511868484691,6.8897818790154874e-09,-0.0029941865304285225
2025-09-03 12:00:00,0.010098861273190343,-0.003953363288758582,-4.4636108877064154e-08,0.00032238035215732477
2025-09-03 13:00:00,0.002301717561593349,0.007208607492038831,1.5577877648053022e-08,0.0011291392292515747
2025-09-03 14:00:00,-0.006147409462515946,0.006463870990411271,3.77426360097726e-09,0.004663445555352038
2025-09-03 15:00:00,-0.004527401502381835,0.002738787168659577,9.746997959787083e-09,-0.0025551384920970586
2025-09-03 16:00:00,0.003700732842677385,-0.0022954444966532205,9.142299842391234e-09,-0.0004768987158417004
2025-09-03 17:00:00,-0.0033279867487442365,0.003504230908323372,-5.299999381838741e-09,0.0024701898648950196
2025-09-03 18:00:00,0.004074809901983585,0.003756417873867802,-2.1320377541289658e-08,0.0035071553490398167
2025-09-03 19:00:00,-0.002629085503543977,0.002978003620018955,2.2588207487644263e-08,0.0029053055917425095
2025-09-03 20:00:00,-0.0008059013860709477,-0.0003576009087992776,-1.0653084956260021e-08,-0.0005953890635513692
2025-09-03 21:00:00,0.00223658421787537,-0.0067125814594350295,-1.3004959137190601e-08,-0.0021978271596730407
2025-09-03 22:00:00,0.0018682449578897248,-0.0042743966899713125,-1.0796970763850822e-08,0.004707778201161762
2025-09-03 23:00:00,0.0005434433527758862,0.00437009288600623,1.5892076288896216e-08,0.00015002239031583074
2025-09-04 00:00:00,-0.0030430456243383526,0.003579482102955996,1.067297040276138e-08,0.000888592819197794
2025-09-04 01:00:00,-0.008465324293746027,0.0005814099032479251,3.095718267617756e-08,-0.0018463695977482385
2025-09-04 02:00:00,0.00048779434344312436,-0.00013129474903531352,-9.62330003581082e-09,0.0060625590709242755
2025-09-04 03:00:00,-0.0033034680541471585,0.0062321277219512155,-3.662840694201596e-11,0.00017760588560455004
2025-09-04 04:00:00,-0.0005308930262759976,-0.009156940803505159,3.831303733747377e-09,0.001322945355798937
2025-09-04 05:00:00,0.00030097194227937576,-0.008018407996920216,-3.434763938413846e-09,0.0020122852898985487
2025-09-04 06:00:00,0.0015498684077167861,-0.0004276382116133244,-1.749837933209165e-08,-0.00457791773477872
2025-09-04 07:00:00,0.0006593788462471113,0.0003430213104827943,1.046345698983301e-08,-0.007081743463368829
2025-09-04 08:00:00,0.0004993602252707577,0.0020533230450382922,-2.2881439509314223e-09,0.0031948784309770144
2025-09-04 09:00:00,-0.001963023442629464,0.005768814638423527,-7.454195979416856e-09,0.0004770289726255677
2025-09-04 10:00:00,0.0009858036153286205,-0.0018274526154527897,1.3877287049207537e-08,-0.0013088740023898475
2025-09-04 11:00:00,0.0027471765845647382,-0.004372303282656177,-1.8895717889500613e-08,0.00181750551856581
2025-09-04 12:00:00,2.5310977759771328e-05,-0.008098463156458329,-1.3846438461686595e-08,-0.0033828369577272384
2025-09-04 13:00:00,-0.0012430150601443935,-0.0029939210085193446,-2.338457410969893e-08,-0.008871559807519063
2025-09-04 14:00:00,-0.0040303313686153655,-0.005469753691298865,4.128569360125328e-08,0.010783143725603699
2025-09-04 15:00:00,0.002452336228488105,-0.004718548258114443,-2.0742548282911774e-08,0.001005937152853022
2025-09-04 16:00:00,-0.0027833464476122644,0.005121197584990686,4.4867921541743036e-08,-0.002035743846526568
2025-09-04 17:00:00,0.0002418253151166322,-0.008645259410085404,1.566963626802578e-08,0.007798336603738951
2025-09-04 18:00:00,-0.0005970516397740342,-0.000472041307437848,-1.455408029242717e-08,0.002626288988192208
2025-09-04 19:00:00,0.0050472928113583304,0.006197639460749563,-8.565722975858428e-09,0.004106912544263451
2025-09-04 20:00:00,0.004821223602938897,-0.000129915991095593,-2.073762086292301e-08,-0.0024500566640812977
2025-09-04 21:00:00,0.004220676256772888,0.0015369930567709841,4.619475840068731e-08,-0.0007950104588864786
2025-09-04 22:00:00,-0.004804083219088179,-0.003519405583063227,6.788541284791886e-09,-0.0022155202321527843
2025-09-04 23:00:00,-0.0006784004209119078,-0.005132982833375042,-1.4818003507607855e-08,0.0013687351425838664
2025-09-05 00:00:00,0.00849538899372821,-0.0009576503272705981,-2.3872196122212362e-08,-0.0018524085494471111
2025-09-05 01:00:00,-0.0010254905756177663,0.004643107041435761,2.1425233198829635e-08,0.0013119767720819184
2025-09-05 02:00:00,-0.004167667532672446,0.007128941519273388,3.2309169142322836e-08,0.0015806572777213258
2025-09-05 03:00:00,0.0011303017043489609,0.0026871602295661184,-2.712887181936925e-09,-0.0008359796606841581
2025-09-05 04:00:00,0.0021341538899981066,-0.005623946850742619,-2.7348878930362195e-09,0.001555554447433967
2025-09-05 05:00:00,0.000561316073911085,0.000120564322694862,1.3509075567150418e-08,-0.002881673562775916
2025-09-05 06:00:00,0.011106097401824444,0.010278958916863545,-1.4797660566679567e-08,0.0006889255882567941
2025-09-05 07:00:00,8.901912500613096e-05,0.00456779393733229,9.6842310927271e-10,-0.006339967538456123
2025-09-05 08:00:00,-0.0006748885832436318,0.0032987542792943143,-2.1488674477045078e-08,-0.004903291686540933
2025-09-05 09:00:00,-0.0012353949522655489,0.0021730156029005055,2.6007766236308138e-09,-0.0018188902192586103
2025-09-05 10:00:00,3.49480880003669e-05,0.004856322061343076,-6.188485307777882e-09,-0.0034493959956661074
2025-09-05 11:00:00,0.008456031241951836,0.005959110392415157,-4.3851877457802255e-08,-0.010935451356517654
2025-09-05 12:00:00,0.004758574494074361,-0.013338415843834106,-5.193576214983068e-08,-0.005195452174235116
2025-09-05 13:00:00,-0.029605315285284154,0.006957357567336597,9.566078779950186e-08,0.015722204994646972
2025-09-05 14:00:00,0.0027227004435030396,-0.007180747735546139,-2.9516269832877277e-08,-0.000985115397496064
2025-09-05 15:00:00,0.00204252143475125,-0.005650972196837671,-1.677916337240758e-08,-0.000586324422793408
2025-09-05 16:00:00,-0.0019652127658265008,0.0036419846204152704,1.1982762417060775e-08,0.001481511591756068
2025-09-05 17:00:00,-0.001428946210894122,0.0026520986113102523,1.5802622631826775e-08,-0.009355671531505976
2025-09-05 18:00:00,0.00231211341548285,0.00869690786165061,6.387718565315126e-09,0.002300438152328876
2025-09-05 19:00:00,0.00450636047213872,-0.019569094836107567,-6.57798929959788e-08,0.004166836985955803
2025-09-05 20:00:00,-0.006423178986529842,-0.00016490401053366748,-9.19305533722732e-11,-0.00336948880754983
2025-09-05 21:00:00,0.003904244955934696,-0.003393465959151617,-1.9030429987794954e-08,0.002552185505782527
2025-09-05 22:00:00,-0.0024154680657834716,-0.00028595499174765253,1.1473536694762994e-08,-0.000583133430379259
2025-09-05 23:00:00,0.0018006136842009378,0.003018708571845829,-1.2468341461885254e-08,0.002316738732357589
2025-09-06 00:00:00,0.0014311412664586593,-0.00465318582898918,-9.145809397618497e-09,0.0008332492751920598
2025-09-06 01:00:00,0.0013464327800717562,0.0020801025036391637,2.202607854077231e-08,-0.0016802778969742683
2025-09-06 02:00:00,-0.00026417422378636183,-0.00083113965701603,-2.147662753497252e-08,0.003349275973614419
2025-09-06 03:00:00,-0.004702483368698598,0.0032022123209443313,2.6519774716081398e-08,0.0028507825371715577
2025-09-06 04:00:00,-0.0026905510062408535,-0.0008722390889980122,1.3329388829634825e-08,0.0021703957967033577
2025-09-06 05:00:00,0.0013642929045722427,0.0006144327474736072,-7.434670407985298e-09,0.0008267930585242867
2025-09-06 06:00:00,0.0017856060078830197,5.304661316870242e-05,-1.0287607722483781e-08,0.0021522599693128714
2025-09-06 07:00:00,-0.00044116852602482627,-0.0008550041795060907,1.0528309029586698e-08,0.0031985051913512854
2025-09-06 08:00:00,-0.003307023815859036,-0.00040488768096785593,1.0092452631099085e-08,-0.0001070887441547516
2025-09-06 09:00:00,0.0012651937186120032,0.0008987915300191111,-7.634138534933022e-09,-0.004091866786609244
2025-09-06 10:00:00,-0.001476641761838677,0.0046091048433340035,1.4193970262545783e-08,0.0005851182682243876
2025-09-06 11:00:00,-0.0002652833497730435,0.0006800972142670072,5.503854843691709e-09,-0.005063811462816525
2025-09-06 12:00:00,0.0002894101485103657,-0.00029555448900470973,5.154123857035384e-09,0.00016049143287599012
2025-09-06 13:00:00,0.0007332440405909935,-0.00048199916949438163,-1.774808405948031e-08,0.001532590024935572
2025-09-06 14:00:00,-0.0025985491667032947,-0.003478516095076317,-9.718337379708245e-09,-0.001814035430563038
2025-09-06 15:00:00,0.0028253128826306534,0.0010735075219438803,-3.555188653227275e-08,-0.0003197910981373571
2025-09-06 16:00:00,-0.0027219766607051187,-0.0008880855673796448,1.05727885075248e-08,-0.0023403159439133268
2025-09-06 17:00:00,0.0020455188017127804,-0.0016225081888127546,-2.258462260386954e-09,0.004643221514523453
2025-09-06 18:00:00,-0.0016007948880898556,-0.008195707137174522,-1.8295625537718998e-09,-0.0019200565263591772
2025-09-06 19:00:00,0.004163446387383114,-0.005852616741466714,-3.6502560261705035e-08,-0.010152750178108098
2025-09-06 20:00:00,-0.0032554821694674965,0.008591487040977607,2.650427754290655e-08,0.0059223472707867824
2025-09-06 21:00:00,0.00013448265707307,-0.001341293267647169,-1.6327058288403287e-08,0.0069479105118802915
2025-09-06 22:00:00,0.0008127919983197735,0.002259784893217272,5.237663602167517e-09,-0.006945151758660665
2025-09-06 23:00:00,0.0028672220092720536,-0.0011924496950126496,-1.499609996247541e-08,0.0008753394567238
2025-09-07 00:00:00,0.0020863006448583674,-0.007263190856489147,-2.7696237185876498e-08,0.008434062983784072
2025-09-07 01:00:00,0.0031636621278847803,-0.00177118550687207,-1.1206904886353035e-08,-0.0022383664592879483
2025-09-07 02:00:00,-0.004013966882082338,0.00497888441946228,1.2344303040979777e-08,0.006260656626318989
2025-09-07 03:00:00,0.0005620811264936589,0.0025862931998148864,-4.6581410205937265e-09,-0.003813486839058901
2025-09-07 04:00:00,0.0033521932153046607,-0.008949100694113732,-2.2053940827492977e-08,-0.0038429312814498187
2025-09-07 05:00:00,-0.0025120407608334684,0.0008453982919545211,1.1112968246958324e-08,0.003683148033313827
2025-09-07 06:00:00,0.0025291073360189462,-0.0016418948640325806,-2.3941582707793273e-09,0.00043872656953949213
2025-09-07 07:00:00,0.0021642033951466896,-0.0006447809121651693,5.606722124513681e-09,-0.0006839507118462866
2025-09-07 08:00:00,0.0005302394967982005,-0.0038637143447184698,-5.694512471611758e-09,0.0043654051710066795
2025-09-07 09:00:00,0.00143611716647491,-0.0003422145095586894,-4.90396990141733e-09,0.0002246559377961019
2025-09-07 10:00:00,0.0017964369448196216,0.003193765225769975,-1.1864395079706086e-08,0.0008871683858091331
2025-09-07 11:00:00,0.005503457966769168,-0.018567367819784023,-6.197124720067228e-08,-0.010161108171308868
2025-09-07 12:00:00,0.004064169696277096,0.0040479483187666875,-6.1214299130853666e-09,0.015105121009616768
2025-09-07 13:00:00,0.003999629613642959,-0.0007729267207380662,-5.061275913002878e-08,-0.005804220274282106
2025-09-07 14:00:00,-0.0002635182463604764,0.005518162489506429,1.5377796589061303e-08,-0.00019192098126967139
2025-09-07 15:00:00,-0.0020248150578655155,-0.0035323561993001614,6.815104108223482e-09,-0.0031029449765003873
2025-09-07 16:00:00,-0.007189951871182834,0.004977380915822461,3.617001283807899e-08,-0.00536359896757579
2025-09-07 17:00:00,-0.0004974329365063348,-0.0015439143011428136,8.164724173912865e-09,-0.0012207845744082629
2025-09-07 18:00:00,0.0008790962441419478,0.0001983786675789355,1.9408191365713167e-09,-0.003395703892019974
2025-09-07 19:00:00,0.0033544202573310353,9.707413159542054e-05,-2.51992952120094e-08,-0.0004131001472842342
2025-09-07 20:00:00,-0.0022500302555272,-0.0017001743347806143,-2.3901383902096008e-09,0.0011727177697166973
2025-09-07 21:00:00,0.00945450472405094,-0.003421748897222344,-6.75761982857525e-08,0.0012972260330016577
2025-09-07 22:00:00,0.00010531517372171158,-0.0024833208672187797,-9.273962228661671e-09,0.0005308061442067571
2025-09-07 23:00:00,-0.001608754376289553,0.00040688083991786007,-1.0209432122962798e-08,-0.0038434645632646285
2025-09-08 00:00:00,0.0008440785235447045,-0.005477778560073571,-2.0007870079075397e-08,-0.010781844180928165
2025-09-08 01:00:00,0.00831320433654553,-0.004168374932660263,-5.553674848031733e-08,-0.009408822597146699
2025-09-08 02:00:00,-0.0007209044212346923,0.004045203920016294,-1.1034201926824324e-08,7.677980003209724e-05
2025-09-08 03:00:00,-0.003354172629570203,-0.002841385557679849,2.731469038794658e-08,-0.002686150651250016
2025-09-08 04:00:00,0.0017460110887484274,-0.0015725593223653912,-1.0631727169455818e-08,0.003083399245320992
2025-09-08 05:00:00,-0.004514427057744087,0.0017811445335427485,4.77151410503208e-08,-0.003000218496435904
2025-09-08 06:00:00,0.005973111268355405,-0.00853554829557062,-3.655760811028737e-08,0.0026388057918838117
2025-09-08 07:00:00,0.0005220834606436842,0.007364098635282237,2.118141065337756e-08,-0.001378621769189157
2025-09-08 08:00:00,0.0049043082257040245,0.01035995495281851,-2.399263643646863e-08,-5.764139714272319e-05
2025-09-08 09:00:00,0.004211722908272287,-0.009836839414173208,-6.87151616583019e-08,0.008635226800654648
2025-09-08 10:00:00,-0.0018994745631866414,-0.00432937498948436,2.700894517380611e-08,-0.0010220138537799593
2025-09-08 11:00:00,0.003609033785089564,0.0029992412472378805,-3.531558838445233e-08,-0.005567795060669447
2025-09-08 12:00:00,0.0014225098803318857,-0.011935618578975921,-3.481227376187254e-09,-0.0035244240654089794
2025-09-08 13:00:00,0.006168436906907699,-0.0016215449574828109,-9.505098716713134e-09,-0.006662981145012718
2025-09-08 14:00:00,0.0003713116883478824,0.006932619713621789,-2.1221343920339942e-08,0.0013571742955582815
2025-09-08 15:00:00,-0.003098536706874858,-0.004629890248994049,2.056007821740224e-08,-0.0008904423475668601
2025-09-08 16:00:00,-0.0017471989833429827,-0.008231097170971894,1.1477259036285676e-08,-0.003375369528901379
2025-09-08 17:00:00,0.005027381743445693,-0.00391553308048851,-1.754998436176758e-08,-0.0011348921030774203
2025-09-08 18:00:00,-0.005968424596965607,-0.007168185744017009,3.190218113644329e-08,-0.004412884762787214
2025-09-08 19:00:00,0.000302000090526581,0.004175644791458113,-1.1330528930859516e-08,0.0026286506745957696
2025-09-08 20:00:00,0.00507046059490119,0.009216452570923028,-4.635469057754562e-08,0.0007961149803582327
2025-09-08 21:00:00,0.0003687256111588927,-0.005587548505799243,1.0446030848997742e-08,0.0018418306903015453
2025-09-08 22:00:00,-0.0046116542339061746,0.01182516521512524,-2.1095258746784164e-08,-0.0048323202792462955
2025-09-08 23:00:00,0.004000479527225767,-0.0023433361278829214,-3.521446042002621e-08,0.0172263068921591
2025-09-09 00:00:00,-0.0009475360115653608,-0.012638239829580861,3.9481922603861737e-08,-0.00040141706734367854
2025-09-09 01:00:00,-0.002427685784556656,-0.00847652064962065,7.190489193075909e-08,0.003785790022355343
2025-09-09 02:00:00,0.006914623186865228,-0.007402413860351291,-4.176514095440008e-09,-0.0035152329047613137
2025-09-09 03:00:00,-0.00027452251787914855,0.006892998365303094,-7.736911644049917e-09,0.0010152607524668944
2025-09-09 04:00:00,0.0021825050197789063,-0.0004940057123340926,2.164502510126499e-09,-0.0012349276765090192
2025-09-09 05:00:00,0.015208026849560703,-0.007575899835528172,-1.4992913609969617e-08,-0.0038706025216588467
2025-09-09 06:00:00,0.0030584176630520455,-0.0014943765432038768,-2.3882549421035658e-08,0.0001143168368194231
2025-09-09 07:00:00,-0.00017568502482436855,0.006871012263258674,-3.4324501878915745e-08,-0.00037904038495059807
2025-09-09 08:00:00,-0.0006827397455366235,0.003098764239053445,-2.4483799642807453e-09,-0.003467541662302181
2025-09-09 09:00:00,-0.002679915299990543,0.0017228621768483011,-6.27484667087402e-09,0.003648355654870662
2025-09-09 10:00:00,-0.0009876871720077341,0.0013773876500509526,-1.8658184675799493e-08,0.0020941704776239506
2025-09-09 11:00:00,0.007960947020068394,-0.006010561048939129,1.3913056380304295e-08,0.007360896938660016
2025-09-09 12:00:00,-0.003278264652063549,0.015132013953894045,-4.790915263588024e-08,0.000653647462546974
2025-09-09 13:00:00,-0.015087115742107613,-0.004031364812505833,6.29124965035188e-08,-0.00477784750847357
2025-09-09 14:00:00,0.0018239946923037029,-0.002678877836608386,-1.86207313194465e-08,0.005686630824693813
2025-09-09 15:00:00,0.003058080101719169,-0.008555363218039756,1.4034754074854613e-08,-0.0012003834686227178
2025-09-09 16:00:00,-0.0010599242070888915,4.8953037058760314e-05,4.4384041895703365e-09,-0.0015037658557522902
2025-09-09 17:00:00,0.0011094863730691494,0.0053772033580501465,-2.9593102164849716e-08,0.000664474011921664
2025-09-09 18:00:00,0.0023243097462194474,-0.000101724839218138,-7.450415900720483e-10,-0.004471995389545745
2025-09-09 19:00:00,-0.0019324429678368397,0.00612513918563186,-4.550458152319833e-09,0.0012040082839030121
2025-09-09 20:00:00,0.0032325522147608333,-0.010026056822228119,2.9001781096480858e-08,-0.0030986248987541704
2025-09-09 21:00:00,0.0058882657025697595,-0.0025823250968082553,-1.9856721934532666e-08,0.00027189176792819674
2025-09-09 22:00:00,-0.004807250079435518,0.006145786487291042,3.0345441919168447e-09,0.0009064431379950903
2025-09-09 23:00:00,-0.006548326850304477,-0.0020202435484110567,1.7672084354328405e-08,0.001814542984394758
2025-09-10 00:00:00,0.004930172493794443,-0.00036956709679486835,-4.3100576602303503e-08,0.00041968059401996426
2025-09-10 01:00:00,0.013455819575619695,-0.020089382482325818,1.0086146132525336e-08,0.0053566585619724124
2025-09-10 02:00:00,0.0011376016673888619,-0.002603692513005455,1.2808227418904666e-08,0.00038952563238558926
2025-09-10 03:00:00,-0.0029175640451823935,0.002082996056701001,1.697355534990365e-08,-0.0014362018929706935
2025-09-10 04:00:00,0.008115387015851851,-0.019008407853410025,2.709438387702494e-08,0.003670487826311365
2025-09-10 05:00:00,0.010638388830419678,-0.021404631932126772,3.128941887500296e-08,-0.0051063982983759115
2025-09-10 06:00:00,-0.0008802156313079618,0.010773570033808317,1.7571910530840764e-08,-0.0030356314050516866
2025-09-10 07:00:00,0.0018633223870288575,-0.00955297920536895,3.030596306329236e-08,-0.0021897200997984473
2025-09-10 08:00:00,-0.0043471559632818685,0.009914462356151815,-2.4158150879649303e-08,0.0018421086739852104
2025-09-10 09:00:00,0.005793275369316002,-0.017042203884242588,3.426920879582531e-08,0.0009582603064425743
2025-09-10 10:00:00,-0.0036462997622362958,0.00943061974503798,-1.3514522276140588e-08,-0.0015843021094978657
2025-09-10 11:00:00,0.004401700213768549,0.01349267070080184,-2.3830129114969655e-08,-0.00305572930222132
2025-09-10 12:00:00,0.007466225762350474,0.0033601234523326674,-2.2929294509604195e-08,-0.003492735277935121
2025-09-10 13:00:00,-0.0053176224337348876,-0.002351656564263636,4.3638599334547606e-08,0.002637099762158166
2025-09-10 14:00:00,-0.0008261546384809024,0.004626191393874177,-1.3614320860284435e-08,-0.005951017209167235
2025-09-10 15:00:00,-0.006311598936995975,0.023901509273858503,-7.251917580828189e-08,-0.00033001845336359326
2025-09-10 16:00:00,-0.0023616723725625975,-0.0009859654249995992,1.9431693909328703e-08,-0.0010519708392409486
2025-09-10 17:00:00,-0.006269368785202274,0.006879932877633388,4.922071143120831e-09,-0.0008052512969383412
2025-09-10 18:00:00,-0.0040422486915954615,-0.005915196290252459,7.287913746753207e-08,0.0012268172761716579
2025-09-10 19:00:00,-0.0054925921669106235,0.0005848105877829915,1.4431203259412586e-08,-0.0058111017454762545
2025-09-10 20:00:00,0.00599338492083591,-0.004958762045250259,-1.8634111335429447e-08,-0.0021202994782377953
2025-09-10 21:00:00,0.0008879361864311973,0.0032521703995139458,-1.4649465648850245e-08,0.0023593073099503234
2025-09-10 22:00:00,0.00126634110809906,-0.0017067251248419069,-2.3456455535363807e-08,-0.009410376727444615
2025-09-10 23:00:00,0.005834244269399977,-0.008813466443918375,-3.5244464837050767e-08,-0.012900661155319775
2025-09-11 00:00:00,0.002645010109890684,-0.0031726890673771024,-5.420198473590618e-09,0.00021613206493500804
2025-09-11 01:00:00,-0.004245644261051166,0.00010455729367977707,3.056288255291431e-08,0.0052739712425234975
2025-09-11 02:00:00,-0.0003973798992289619,0.014818326021056283,-2.81478833669776e-08,0.005117825415150066
2025-09-11 03:00:00,-0.0005648143559766934,-0.0031456854750902094,-2.847390084437669e-09,0.0016127152390274025
2025-09-11 04:00:00,0.0008899755051539238,-0.005396898905327561,3.088806351471801e-08,-0.0015496983469848234
2025-09-11 05:00:00,0.00475800842391052,-0.005367281962075279,-7.254885665503261e-09,-0.0027323911885571203
2025-09-11 06:00:00,-8.136850465267762e-05,0.0010198390010058996,-2.3907677290974748e-08,0.0029236815359931522
2025-09-11 07:00:00,-0.0006208586584816316,0.000567720787341228,-7.395087647786757e-10,-0.00013371729906667195
2025-09-11 08:00:00,-0.001056478622363551,0.004458724381447198,-1.727389578129025e-08,0.004453800765474285
2025-09-11 09:00:00,0.00017887510803359964,0.0035374795783491846,-1.1350821264000183e-08,-0.001974971530328956
2025-09-11 10:00:00,-0.0006536677789774929,-0.0036678196111439728,1.8137803545746716e-08,-0.0025993783625915365
2025-09-11 11:00:00,0.005246034198680899,-0.005642970683283782,-5.199474295138485e-09,0.013006897126473974
2025-09-11 12:00:00,0.0006168040890184891,0.0036139858772010953,2.369225480279455e-08,-0.0022851863404092063
2025-09-11 13:00:00,-0.003949765138236825,-0.004325314669521378,3.2570906778902346e-08,0.004645880052725451
2025-09-11 14:00:00,-0.004540340157145663,0.00016808932192976877,1.9198057439661334e-08,-0.001910648686756767
2025-09-11 15:00:00,-0.001381224530303786,0.002489523172291751,1.9216270038844926e-08,-0.004703669170758472
2025-09-11 16:00:00,0.004001642404284514,-0.0007018036435888472,-1.8782789679254344e-08,-0.003522685977147084
2025-09-11 17:00:00,-0.002373718492630347,4.471001043782363e-06,-1.2199975424885051e-08,0.008523738810350593
2025-09-11 18:00:00,0.002595846280169373,-0.0007375927911699964,-7.271334000771507e-09,0.001634512769284974
2025-09-11 19:00:00,0.002370534569794007,-0.007980873961096244,1.9684522296019503e-08,0.004361041554733344
2025-09-11 20:00:00,0.0025912780499290438,0.0013947727515419527,-2.6287708123726218e-08,-0.0024272096698848265
2025-09-11 21:00:00,0.007013443282497662,-0.0028225705057815364,1.1885137377265782e-09,0.0016620632258511564
2025-09-11 22:00:00,0.003547024380879559,0.0002627731048933273,2.218508527906082e-09,-0.002228403731121961
2025-09-11 23:00:00,0.007256652321518251,-0.0007440826034256971,-4.873391364230454e-08,0.0050262450232875806
2025-09-12 00:00:00,-0.005523692627184955,0.0010282339997230384,1.3936994372475482e-08,-0.0011543794523590433
2025-09-12 01:00:00,0.006439815364411357,-0.004462672788762875,-3.572004218777053e-08,-0.00341526002755081
2025-09-12 02:00:00,0.0007366225868678615,-0.0012789859059297599,-8.586905609672515e-09,0.005342029193604765
2025-09-12 03:00:00,0.0040829725395038485,0.002145900528824936,-1.6181498130093505e-08,0.005636276317321282
2025-09-12 04:00:00,0.0058847378902529765,-0.001672027927070085,-2.4468703946206364e-08,-0.000640162403817155
2025-09-12 05:00:00,-0.004127414711670433,0.0010756688383843204,1.1438416233584808e-08,0.0033805781820050447
2025-09-12 06:00:00,-0.0035036232831910127,0.0013708151265039027,7.3483298907407685e-09,6.57402795062056e-05
2025-09-12 07:00:00,-0.0031992915714051696,0.0012930677030139528,1.3634691981273662e-08,-0.0008540759109801283
2025-09-12 08:00:00,-0.0013335620835451538,-0.001053966973968737,8.212019459632943e-09,-0.001825924393570466
2025-09-12 09:00:00,-0.0036342337674549956,0.0026215092499306237,9.953870368407184e-09,-0.0017332053429445877
2025-09-12 10:00:00,-0.0010080224813218035,-0.0023085844682840745,1.5758266806110827e-08,-0.0008259425742883589
2025-09-12 11:00:00,0.00013356452249032452,0.004328687893692256,-1.1131248113338728e-08,-0.0004597400929624329
2025-09-12 12:00:00,0.0030326508146192605,-0.0028541911227188445,-4.879147488524922e-09,-0.00015634869712038342
2025-09-12 13:00:00,0.004591948267427949,-0.002508906869476331,-2.17737517931417e-08,0.00103443630992678
2025-09-12 14:00:00,-0.004570598495028309,0.003437686958557177,1.569241573961611e-09,0.004666134817771046
2025-09-12 15:00:00,0.003289207611452593,0.0011041428986923653,-1.1387726789808723e-08,0.0074726532889223245
2025-09-12 16:00:00,0.011153370612219014,-0.00480221102093805,-3.4402993683108846e-08,-0.003973770476039151
2025-09-12 17:00:00,-0.0019270808214654324,0.003458487314901852,3.187542398820197e-08,0.004394636347553097
2025-09-12 18:00:00,0.00671526028627679,-0.00741422406056376,-1.3333504098669008e-08,0.0017620695219838114
2025-09-12 19:00:00,0.0012216178092191265,-0.0021101409244522295,-4.54040991616654e-08,0.0017282365690983097
2025-09-12 20:00:00,-0.005576033790938532,0.004731492017944604,-4.978457272743308e-09,-0.0055681806594571216
2025-09-12 21:00:00,-0.002037178945382731,0.005817642387323416,-6.165861836302875e-08,-0.015344758551477626
2025-09-12 22:00:00,0.0032745364865352606,-0.004748733401040248,-8.477104520708782e-09,-0.0015512946202472409
2025-09-12 23:00:00,-0.0023943284440799298,0.009389542424230471,-6.4810986675480406e-09,0.0024766242042450434
2025-09-13 00:00:00,-0.005609089937276776,0.0026582197042754508,-5.606177067053962e-09,-0.002851911251807387
2025-09-13 01:00:00,-0.00019222801363987093,0.0026748854217313886,-7.785432932753042e-09,-0.0007058212295596937
2025-09-13 02:00:00,0.007155472897147956,-0.005772847651774054,-3.676031275391245e-08,-0.0033979090966638555
2025-09-13 03:00:00,-0.005965674010859352,0.009738536391489796,-1.427631739103167e-08,0.002000958592151928
2025-09-13 04:00:00,-0.006569205708234857,0.006346662453227702,1.658640572611551e-08,-0.0027682662673678433
2025-09-13 05:00:00,0.0016072746889903332,0.004952732546868859,-3.688512458605781e-08,0.003400053951602512
2025-09-13 06:00:00,0.002757205512752188,-0.003865239746922438,-6.81081384703555e-10,0.0025482120104610984
2025-09-13 07:00:00,0.005823951422453894,0.002623514600992572,-5.0637744924845646e-08,-0.0006620943773981781
2025-09-13 08:00:00,-0.0033804140429252293,0.02396197705803654,-7.170772298202489e-08,-0.010961395191599397
2025-09-13 09:00:00,-0.012367342463300597,0.022082311535704925,-2.824715852094485e-09,-0.008961349548867577
2025-09-13 10:00:00,-0.002861185805994629,0.00817342807829513,-1.6172793056461468e-08,-0.002607417122609169
2025-09-13 11:00:00,-0.005045057121896823,0.007369162491737421,1.4162866021011727e-08,-0.010015682186899494
2025-09-13 12:00:00,-0.01390987058862169,0.0036782624214423167,9.370125967355247e-08,-0.013606538361672593
2025-09-13 13:00:00,0.0007948539613058612,0.001372055700334394,-1.1342121886502484e-08,0.0008950020640495106
2025-09-13 14:00:00,-0.010056168163810036,0.009629050580620717,3.1687952175744993e-08,0.0008443863536602832
2025-09-13 15:00:00,-0.003288929255471749,-0.0077403635677801876,3.959604104293858e-08,0.0002933733693253769
2025-09-13 16:00:00,0.009812750031681125,0.0031791414982257635,-6.617488118887151e-08,0.007131852282705125
2025-09-13 17:00:00,0.0005642844787356008,-0.0006698329426559881,5.69526781693382e-09,0.00018199290010582892
2025-09-13 18:00:00,-0.0013171565761252932,0.002043773791804267,1.0882708940493942e-08,0.0013090860275395335
2025-09-13 19:00:00,0.00899763590031272,-0.0073276122928499525,-2.520442749237766e-08,-0.002107598383200823
2025-09-13 20:00:00,0.002690453942262068,-0.0013709000169494312,-1.020864396271218e-08,-0.002720643874483378
2025-09-13 21:00:00,-0.022163467770813475,0.014890721755811735,7.533489942027627e-08,0.015693446400192896
2025-09-13 22:00:00,0.0002487761577341177,-1.3485076562208161e-05,-1.5913798475136592e-09,0.001743298346620235
2025-09-13 23:00:00,0.005151255315572168,-0.010258330242156848,2.0241099011202316e-08,-0.0017558000310358259
2025-09-14 00:00:00,-0.008455806755143819,0.009538356390041585,1.0556169939183129e-08,0.010174642362590941
2025-09-14 01:00:00,-0.0011290590414685686,-0.0006643594192839914,2.7188543832663047e-09,0.009102152273729416
2025-09-14 02:00:00,-0.004244020831385148,-0.006148694311844247,6.023241191192136e-08,-0.0025018829035337985
2025-09-14 03:00:00,-0.003828232883231411,0.004321759820666987,6.724077461127391e-09,-0.002887219284885535
2025-09-14 04:00:00,0.0021698321091767423,0.005340596237542938,-4.4281692311863125e-08,-0.0014224560645356113
