timestamp,open_price,high_price,low_price,close_price,volume_from,volume_to
2024-09-14 12:00:00,11.27,11.3,11.26,11.27,23146.85,261013.99
2024-09-14 13:00:00,11.27,11.29,11.26,11.27,19715.28,222153.2
2024-09-14 14:00:00,11.27,11.35,11.25,11.34,29976.68,338765.83
2024-09-14 15:00:00,11.34,11.38,11.32,11.38,19325.76,219594.04
2024-09-14 16:00:00,11.38,11.42,11.36,11.37,36161.85,411776.81
2024-09-14 17:00:00,11.37,11.37,11.29,11.31,38094.85,430999.77
2024-09-14 18:00:00,11.31,11.35,11.22,11.32,70401.26,792693.05
2024-09-14 19:00:00,11.32,11.35,11.29,11.3,26565.8,300689.48
2024-09-14 20:00:00,11.3,11.35,11.29,11.34,29241.08,330922.91
2024-09-14 21:00:00,11.34,11.34,11.29,11.29,30964.44,350304.32
2024-09-14 22:00:00,11.29,11.31,11.27,11.3,20718.24,233917.1
2024-09-14 23:00:00,11.3,11.31,11.27,11.3,16840.96,190215.1
2024-09-15 00:00:00,11.3,11.33,11.3,11.3,24169.81,273405.29
2024-09-15 01:00:00,11.3,11.34,11.29,11.33,15962.04,180648.86
2024-09-15 02:00:00,11.33,11.33,11.28,11.33,27287.42,308390.18
2024-09-15 03:00:00,11.33,11.36,11.32,11.32,34830.46,394898.69
2024-09-15 04:00:00,11.32,11.34,11.28,11.29,60957.51,689427.76
2024-09-15 05:00:00,11.29,11.3,11.26,11.27,20747.34,234041.27
2024-09-15 06:00:00,11.27,11.29,11.26,11.28,18646.87,210201.47
2024-09-15 07:00:00,11.28,11.3,11.26,11.27,29163.41,328856.86
2024-09-15 08:00:00,11.27,11.27,11.24,11.24,35813.36,403080.15
2024-09-15 09:00:00,11.24,11.25,11.19,11.2,41884.39,469860.25
2024-09-15 10:00:00,11.2,11.21,11.16,11.18,54495.17,609406.72
2024-09-15 11:00:00,11.18,11.19,11.15,11.17,30158.04,336690.34
2024-09-15 12:00:00,11.17,11.2,11.13,11.19,45908.34,512495.82
2024-09-15 13:00:00,11.19,11.25,11.18,11.22,32132.25,360389.82
2024-09-15 14:00:00,11.22,11.26,11.15,11.25,24811.01,277921.19
2024-09-15 15:00:00,11.25,11.28,11.2,11.23,18996.63,213316.47
2024-09-15 16:00:00,11.23,11.23,11.09,11.1,53087.56,591394.26
2024-09-15 17:00:00,11.1,11.14,11.09,11.12,60153.75,668215.55
2024-09-15 18:00:00,11.12,11.14,11.08,11.1,53155.6,590579.02
2024-09-15 19:00:00,11.1,11.14,11.09,11.09,19854.7,220700.86
2024-09-15 20:00:00,11.09,11.1,11.02,11.03,68167.16,753239.54
2024-09-15 21:00:00,11.03,11.03,10.91,10.98,52060.52,571141.55
2024-09-15 22:00:00,10.98,10.98,10.92,10.92,48764.95,534183.22
2024-09-15 23:00:00,10.92,10.92,10.8,10.81,149389.31,1621520.33
2024-09-16 00:00:00,10.81,10.81,10.73,10.77,137771.42,1483581.26
2024-09-16 01:00:00,10.77,10.77,10.62,10.66,111334.19,1189029.6
2024-09-16 02:00:00,10.66,10.67,10.49,10.53,113517.89,1199070.06
2024-09-16 03:00:00,10.53,10.68,10.51,10.66,48742.24,517348.86
2024-09-16 04:00:00,10.66,10.66,10.59,10.6,28902.03,306857.41
2024-09-16 05:00:00,10.6,10.66,10.6,10.66,32631.44,347081.61
2024-09-16 06:00:00,10.66,10.69,10.63,10.64,46232.35,493071.7
2024-09-16 07:00:00,10.64,10.74,10.63,10.72,38034.46,406768.23
2024-09-16 08:00:00,10.72,10.83,10.71,10.73,84375.71,907455.71
2024-09-16 09:00:00,10.73,10.76,10.61,10.61,60557.68,647912.11
2024-09-16 10:00:00,10.61,10.7,10.59,10.68,30450.66,324106.61
2024-09-16 11:00:00,10.68,10.7,10.66,10.68,26728.0,285582.18
2024-09-16 12:00:00,10.68,10.69,10.59,10.59,50448.67,536892.73
2024-09-16 13:00:00,10.59,10.62,10.53,10.62,54794.59,579978.36
2024-09-16 14:00:00,10.62,10.63,10.45,10.55,139199.81,1466740.98
2024-09-16 15:00:00,10.55,10.61,10.55,10.55,70655.23,747602.35
2024-09-16 16:00:00,10.55,10.57,10.5,10.5,54727.57,576106.32
2024-09-16 17:00:00,10.5,10.56,10.41,10.54,100964.79,1057968.42
2024-09-16 18:00:00,10.54,10.54,10.46,10.49,86961.7,912884.4
2024-09-16 19:00:00,10.49,10.57,10.44,10.53,69859.78,733157.59
2024-09-16 20:00:00,10.53,10.53,10.44,10.45,45914.51,481598.43
2024-09-16 21:00:00,10.45,10.51,10.43,10.5,32052.32,335570.11
2024-09-16 22:00:00,10.5,10.51,10.46,10.48,44577.26,467540.6
2024-09-16 23:00:00,10.48,10.59,10.48,10.54,37434.19,394435.08
2024-09-17 00:00:00,10.54,10.58,10.47,10.47,63343.56,667735.63
2024-09-17 01:00:00,10.47,10.51,10.44,10.48,60513.9,633812.82
2024-09-17 02:00:00,10.48,10.51,10.47,10.48,25113.77,263369.06
2024-09-17 03:00:00,10.48,10.53,10.46,10.51,30477.62,319899.66
2024-09-17 04:00:00,10.51,10.56,10.51,10.54,36023.5,379733.25
2024-09-17 05:00:00,10.54,10.65,10.54,10.63,50738.14,537146.62
2024-09-17 06:00:00,10.63,10.64,10.56,10.57,33061.02,350215.28
2024-09-17 07:00:00,10.57,10.62,10.55,10.61,36666.47,387921.53
2024-09-17 08:00:00,10.61,10.64,10.58,10.64,32383.32,343750.28
2024-09-17 09:00:00,10.64,10.69,10.59,10.65,34049.6,362033.3
2024-09-17 10:00:00,10.65,10.69,10.63,10.64,45598.79,485802.63
2024-09-17 11:00:00,10.64,10.66,10.59,10.6,43180.68,458522.38
2024-09-17 12:00:00,10.6,10.63,10.57,10.62,72655.11,769533.34
2024-09-17 13:00:00,10.62,10.64,10.52,10.54,149747.22,1586162.23
2024-09-17 14:00:00,10.54,10.78,10.53,10.72,206749.79,2215972.06
2024-09-17 15:00:00,10.72,10.92,10.72,10.85,278769.06,3025212.02
2024-09-17 16:00:00,10.85,10.87,10.72,10.75,191972.07,2066786.88
2024-09-17 17:00:00,10.75,10.8,10.73,10.76,93882.88,1010612.5
2024-09-17 18:00:00,10.76,10.77,10.67,10.7,47298.12,507441.56
2024-09-17 19:00:00,10.7,10.73,10.59,10.67,78220.03,834065.77
2024-09-17 20:00:00,10.67,10.73,10.64,10.66,68171.97,728592.0
2024-09-17 21:00:00,10.66,10.71,10.64,10.64,48182.75,514205.57
2024-09-17 22:00:00,10.64,10.64,10.58,10.6,32859.42,348551.28
2024-09-17 23:00:00,10.6,10.64,10.57,10.63,31039.62,328966.03
2024-09-18 00:00:00,10.63,10.63,10.51,10.57,57419.35,606515.37
2024-09-18 01:00:00,10.57,10.6,10.54,10.56,30156.03,318655.98
2024-09-18 02:00:00,10.56,10.65,10.54,10.64,50996.52,540598.99
2024-09-18 03:00:00,10.64,10.68,10.64,10.65,30419.46,324275.4
2024-09-18 04:00:00,10.65,10.66,10.56,10.58,45664.32,484507.79
2024-09-18 05:00:00,10.58,10.59,10.55,10.58,25082.75,265140.2
2024-09-18 06:00:00,10.58,10.6,10.56,10.58,34663.33,366711.76
2024-09-18 07:00:00,10.58,10.62,10.58,10.59,26019.02,275776.56
2024-09-18 08:00:00,10.59,10.6,10.53,10.53,39706.66,419579.93
2024-09-18 09:00:00,10.53,10.54,10.41,10.41,145048.15,1519325.62
2024-09-18 10:00:00,10.41,10.47,10.34,10.47,63367.38,659234.31
2024-09-18 11:00:00,10.47,10.5,10.44,10.45,20168.83,211225.79
2024-09-18 12:00:00,10.45,10.48,10.42,10.47,49438.98,516763.47
2024-09-18 13:00:00,10.47,10.51,10.37,10.39,128106.7,1335602.99
2024-09-18 14:00:00,10.39,10.43,10.35,10.38,50873.89,528447.26
2024-09-18 15:00:00,10.38,10.42,10.29,10.32,62691.69,649221.46
2024-09-18 16:00:00,10.32,10.43,10.31,10.42,45055.4,467455.38
2024-09-18 17:00:00,10.42,10.47,10.34,10.43,57330.44,596553.09
2024-09-18 18:00:00,10.43,10.74,10.41,10.63,305836.81,3239709.67
2024-09-18 19:00:00,10.63,10.67,10.53,10.57,150909.8,1598370.44
2024-09-18 20:00:00,10.57,10.65,10.44,10.64,97955.94,1031765.62
2024-09-18 21:00:00,10.64,10.71,10.63,10.64,51118.32,545391.37
2024-09-18 22:00:00,10.64,10.71,10.64,10.7,45178.14,482908.45
2024-09-18 23:00:00,10.7,10.89,10.7,10.89,189806.38,2048233.85
2024-09-19 00:00:00,10.89,11.13,10.89,11.1,371364.36,4091234.62
2024-09-19 01:00:00,11.1,11.14,10.96,11.0,130583.31,1439917.0
2024-09-19 02:00:00,11.0,11.04,10.97,11.04,48848.88,537506.49
2024-09-19 03:00:00,11.04,11.06,11.0,11.01,46199.45,509891.45
2024-09-19 04:00:00,11.01,11.06,10.97,11.05,43776.68,481761.45
2024-09-19 05:00:00,11.05,11.11,11.02,11.07,96553.65,1068996.82
2024-09-19 06:00:00,11.07,11.11,11.06,11.08,49699.23,550864.82
2024-09-19 07:00:00,11.08,11.16,11.06,11.16,37966.23,422099.9
2024-09-19 08:00:00,11.16,11.2,11.11,11.15,74024.06,825579.78
2024-09-19 09:00:00,11.15,11.24,11.14,11.21,59549.14,666841.45
2024-09-19 10:00:00,11.21,11.25,11.16,11.16,49032.69,549801.67
2024-09-19 11:00:00,11.16,11.28,11.14,11.27,76138.17,854180.49
2024-09-19 12:00:00,11.27,11.34,11.23,11.27,99743.05,1126155.59
2024-09-19 13:00:00,11.27,11.32,11.18,11.24,155191.83,1746535.05
2024-09-19 14:00:00,11.24,11.28,11.21,11.23,79157.33,889920.7
2024-09-19 15:00:00,11.23,11.24,11.18,11.22,92209.98,1033625.77
2024-09-19 16:00:00,11.22,11.4,11.22,11.34,150178.06,1698531.92
2024-09-19 17:00:00,11.34,11.38,11.27,11.34,80392.32,910059.99
2024-09-19 18:00:00,11.34,11.39,11.29,11.3,69430.41,787426.89
2024-09-19 19:00:00,11.3,11.3,11.23,11.23,75451.08,849927.18
2024-09-19 20:00:00,11.23,11.25,11.19,11.19,61718.28,692062.52
2024-09-19 21:00:00,11.19,11.25,11.18,11.24,27931.06,313291.95
2024-09-19 22:00:00,11.24,11.27,11.17,11.25,99703.82,1118873.19
2024-09-19 23:00:00,11.25,11.27,11.19,11.2,34895.6,392090.28
2024-09-20 00:00:00,11.2,11.23,11.15,11.17,64730.1,724621.19
2024-09-20 01:00:00,11.17,11.22,11.12,11.2,43080.62,481245.69
2024-09-20 02:00:00,11.2,11.27,11.18,11.22,43488.62,488141.53
2024-09-20 03:00:00,11.22,11.43,11.22,11.43,78240.91,886012.38
2024-09-20 04:00:00,11.43,11.6,11.42,11.58,183412.99,2108071.5
2024-09-20 05:00:00,11.58,11.63,11.53,11.58,81656.36,946883.76
2024-09-20 06:00:00,11.58,11.69,11.51,11.68,49850.7,577624.49
2024-09-20 07:00:00,11.68,11.72,11.56,11.7,92490.08,1078389.86
2024-09-20 08:00:00,11.7,11.7,11.59,11.66,67178.02,782895.55
2024-09-20 09:00:00,11.66,11.71,11.65,11.69,45000.1,525953.7
2024-09-20 10:00:00,11.69,11.74,11.66,11.72,62969.54,737391.45
2024-09-20 11:00:00,11.72,11.72,11.56,11.61,78633.35,914996.98
2024-09-20 12:00:00,11.61,11.69,11.59,11.67,52229.68,606780.64
2024-09-20 13:00:00,11.67,11.68,11.48,11.52,129636.75,1498876.71
2024-09-20 14:00:00,11.52,11.6,11.47,11.51,158075.2,1823399.82
2024-09-20 15:00:00,11.51,11.57,11.45,11.53,106852.68,1228408.43
2024-09-20 16:00:00,11.53,11.55,11.45,11.47,60919.37,700501.88
2024-09-20 17:00:00,11.47,11.49,11.41,11.43,70696.9,809160.57
2024-09-20 18:00:00,11.43,11.46,11.37,11.45,76866.6,876967.46
2024-09-20 19:00:00,11.45,11.48,11.43,11.43,47504.94,543771.89
2024-09-20 20:00:00,11.43,11.46,11.41,11.42,36923.78,422217.61
2024-09-20 21:00:00,11.42,11.5,11.4,11.46,51850.51,594854.28
2024-09-20 22:00:00,11.46,11.5,11.43,11.44,39216.93,449520.92
2024-09-20 23:00:00,11.44,11.45,11.4,11.44,30583.84,349159.62
2024-09-21 00:00:00,11.44,11.49,11.39,11.44,62660.94,716208.11
2024-09-21 01:00:00,11.44,11.46,11.3,11.31,39745.78,451954.83
2024-09-21 02:00:00,11.31,11.33,11.27,11.3,53022.26,598954.19
2024-09-21 03:00:00,11.3,11.32,11.28,11.28,22017.0,248903.54
2024-09-21 04:00:00,11.28,11.29,11.21,11.24,24462.37,275253.97
2024-09-21 05:00:00,11.24,11.34,11.22,11.32,35626.07,402401.56
2024-09-21 06:00:00,11.32,11.36,11.31,11.32,33313.11,377730.81
2024-09-21 07:00:00,11.32,11.37,11.32,11.36,20191.81,229020.35
2024-09-21 08:00:00,11.36,11.38,11.34,11.35,19750.96,224404.87
2024-09-21 09:00:00,11.35,11.39,11.33,11.38,24649.35,280023.71
2024-09-21 10:00:00,11.38,11.39,11.31,11.32,23353.57,264846.55
2024-09-21 11:00:00,11.32,11.35,11.31,11.34,17477.27,198110.1
2024-09-21 12:00:00,11.34,11.39,11.33,11.39,22946.54,260733.3
2024-09-21 13:00:00,11.39,11.44,11.36,11.43,43881.08,499987.27
2024-09-21 14:00:00,11.43,11.48,11.43,11.48,61677.59,706872.17
2024-09-21 15:00:00,11.48,11.48,11.35,11.39,46642.19,531008.38
2024-09-21 16:00:00,11.39,11.44,11.33,11.35,49114.33,558508.05
2024-09-21 17:00:00,11.35,11.4,11.35,11.36,34310.82,390397.04
2024-09-21 18:00:00,11.36,11.38,11.34,11.35,24664.4,280163.38
2024-09-21 19:00:00,11.35,11.39,11.34,11.36,23836.9,270847.81
2024-09-21 20:00:00,11.36,11.38,11.35,11.35,27749.31,315375.94
2024-09-21 21:00:00,11.35,11.38,11.33,11.35,26358.55,299090.6
2024-09-21 22:00:00,11.35,11.42,11.34,11.41,23194.18,263778.98
2024-09-21 23:00:00,11.41,11.54,11.39,11.49,74421.61,854371.76
2024-09-22 00:00:00,11.49,11.55,11.41,11.48,66695.45,765018.08
2024-09-22 01:00:00,11.48,11.5,11.4,11.41,36171.93,414265.07
2024-09-22 02:00:00,11.41,11.42,11.32,11.35,42582.0,484267.41
2024-09-22 03:00:00,11.35,11.4,11.34,11.37,31565.66,358957.65
2024-09-22 04:00:00,11.37,11.43,11.37,11.38,30551.89,348261.63
2024-09-22 05:00:00,11.38,11.39,11.3,11.3,41103.59,465256.51
2024-09-22 06:00:00,11.3,11.36,11.28,11.29,48707.77,551691.43
2024-09-22 07:00:00,11.29,11.33,11.29,11.3,29005.86,328084.67
2024-09-22 08:00:00,11.3,11.33,11.29,11.32,23905.45,270258.11
2024-09-22 09:00:00,11.32,11.33,11.22,11.23,47209.66,531613.78
2024-09-22 10:00:00,11.23,11.24,11.16,11.19,45154.1,505374.86
2024-09-22 11:00:00,11.19,11.25,11.16,11.23,20135.62,225892.32
2024-09-22 12:00:00,11.23,11.25,11.19,11.24,22023.03,247302.97
2024-09-22 13:00:00,11.24,11.26,11.13,11.15,32421.98,362786.73
2024-09-22 14:00:00,11.15,11.17,11.04,11.06,62609.09,694783.86
2024-09-22 15:00:00,11.06,11.09,11.03,11.04,25370.98,280536.48
2024-09-22 16:00:00,11.04,11.07,10.95,11.04,63202.74,696348.87
2024-09-22 17:00:00,11.04,11.16,11.04,11.14,56246.5,625260.69
2024-09-22 18:00:00,11.14,11.14,11.06,11.08,48178.1,534661.52
2024-09-22 19:00:00,11.08,11.09,11.0,11.06,30390.23,335548.95
2024-09-22 20:00:00,11.06,11.13,11.05,11.05,44387.03,492303.35
2024-09-22 21:00:00,11.05,11.09,10.89,10.91,53479.04,588472.36
2024-09-22 22:00:00,10.91,11.21,10.85,11.19,131505.62,1444636.37
2024-09-22 23:00:00,11.19,11.2,11.08,11.13,65273.04,726412.06
2024-09-23 00:00:00,11.13,11.18,10.92,11.16,62568.88,692248.97
2024-09-23 01:00:00,11.16,11.24,11.14,11.22,60948.62,682010.45
2024-09-23 02:00:00,11.22,11.28,11.16,11.27,46471.35,522075.84
2024-09-23 03:00:00,11.27,11.49,11.27,11.43,109007.49,1244213.34
2024-09-23 04:00:00,11.43,11.47,11.29,11.4,62705.01,713803.09
2024-09-23 05:00:00,11.4,11.44,11.33,11.41,59236.82,675127.19
2024-09-23 06:00:00,11.41,11.44,11.38,11.41,29285.26,334137.74
2024-09-23 07:00:00,11.41,11.42,11.28,11.31,43140.07,489291.39
2024-09-23 08:00:00,11.31,11.37,11.28,11.33,48883.5,553496.47
2024-09-23 09:00:00,11.33,11.47,11.33,11.46,45289.23,516369.28
2024-09-23 10:00:00,11.46,11.47,11.38,11.39,42280.73,483063.36
2024-09-23 11:00:00,11.39,11.46,11.33,11.43,71886.0,818535.52
2024-09-23 12:00:00,11.43,11.5,11.39,11.41,100257.86,1147040.68
2024-09-23 13:00:00,11.41,11.42,11.34,11.35,85793.66,975982.17
2024-09-23 14:00:00,11.35,11.53,11.33,11.49,137505.43,1576724.65
2024-09-23 15:00:00,11.49,11.59,11.39,11.51,105868.17,1219334.89
2024-09-23 16:00:00,11.51,11.61,11.4,11.4,91721.72,1052430.11
2024-09-23 17:00:00,11.4,11.48,11.38,11.43,60035.57,686243.5
2024-09-23 18:00:00,11.43,11.5,11.43,11.47,36745.41,421507.04
2024-09-23 19:00:00,11.47,11.48,11.42,11.43,42528.93,487081.42
2024-09-23 20:00:00,11.43,11.46,11.4,11.43,52913.55,604922.94
2024-09-23 21:00:00,11.43,11.47,11.37,11.45,74599.83,852979.37
2024-09-23 22:00:00,11.45,11.45,11.38,11.38,34931.02,398853.11
2024-09-23 23:00:00,11.38,11.42,11.36,11.39,33793.08,384900.99
2024-09-24 00:00:00,11.39,11.42,11.28,11.29,89619.8,1017138.03
2024-09-24 01:00:00,11.29,11.37,11.23,11.28,62709.49,707347.58
2024-09-24 02:00:00,11.28,11.28,11.2,11.24,75445.64,847490.88
2024-09-24 03:00:00,11.24,11.32,11.23,11.3,56956.73,641821.4
2024-09-24 04:00:00,11.3,11.31,11.21,11.24,41940.49,472177.87
2024-09-24 05:00:00,11.24,11.33,11.23,11.31,37525.13,423439.37
2024-09-24 06:00:00,11.31,11.44,11.31,11.41,39100.53,445309.34
2024-09-24 07:00:00,11.41,11.49,11.41,11.47,58126.86,666015.51
2024-09-24 08:00:00,11.47,11.54,11.45,11.49,104574.01,1201676.99
2024-09-24 09:00:00,11.49,11.51,11.43,11.45,31339.38,359281.94
2024-09-24 10:00:00,11.45,11.54,11.44,11.49,61667.78,709411.37
2024-09-24 11:00:00,11.49,11.54,11.44,11.5,47996.86,551169.1
2024-09-24 12:00:00,11.5,11.59,11.5,11.53,108475.99,1252621.89
2024-09-24 13:00:00,11.53,11.62,11.51,11.55,105430.44,1219577.56
2024-09-24 14:00:00,11.55,11.57,11.33,11.47,156836.58,1798019.38
2024-09-24 15:00:00,11.47,11.54,11.43,11.51,79770.67,915921.08
2024-09-24 16:00:00,11.51,11.58,11.47,11.55,57993.24,667675.08
2024-09-24 17:00:00,11.55,11.79,11.54,11.76,202559.58,2371655.77
2024-09-24 18:00:00,11.76,11.82,11.72,11.75,121419.26,1428619.12
2024-09-24 19:00:00,11.75,11.86,11.74,11.85,63162.47,745224.53
2024-09-24 20:00:00,11.85,11.97,11.82,11.96,112578.0,1339153.47
2024-09-24 21:00:00,11.96,12.05,11.93,11.97,145413.01,1744020.43
2024-09-24 22:00:00,11.97,12.22,11.97,12.22,344305.3,4170776.47
2024-09-24 23:00:00,12.22,12.22,12.12,12.15,131123.66,1595263.54
2024-09-25 00:00:00,12.15,12.24,12.1,12.16,121349.26,1477153.17
2024-09-25 01:00:00,12.16,12.28,12.16,12.21,81604.36,997872.69
2024-09-25 02:00:00,12.21,12.27,12.18,12.24,79784.08,975019.28
2024-09-25 03:00:00,12.24,12.29,12.21,12.29,80084.59,980407.81
2024-09-25 04:00:00,12.29,12.29,12.13,12.13,63339.63,772545.1
2024-09-25 05:00:00,12.13,12.22,12.13,12.18,44564.56,542530.43
2024-09-25 06:00:00,12.18,12.23,12.11,12.14,86956.85,1058146.32
2024-09-25 07:00:00,12.14,12.21,12.07,12.19,41123.58,499705.66
2024-09-25 08:00:00,12.19,12.36,12.18,12.28,84018.73,1032734.55
2024-09-25 09:00:00,12.28,12.35,12.25,12.25,44890.03,551516.55
2024-09-25 10:00:00,12.25,12.36,12.23,12.33,52902.83,651454.27
2024-09-25 11:00:00,12.33,12.37,12.3,12.31,40240.51,496250.04
2024-09-25 12:00:00,12.31,12.38,12.29,12.34,60411.82,744831.73
2024-09-25 13:00:00,12.34,12.39,12.27,12.34,97070.15,1197177.98
2024-09-25 14:00:00,12.34,12.44,12.3,12.42,97986.53,1212853.73
2024-09-25 15:00:00,12.42,12.49,12.35,12.36,107024.56,1330792.27
2024-09-25 16:00:00,12.36,12.56,12.36,12.44,88520.1,1104551.77
2024-09-25 17:00:00,12.44,12.45,12.25,12.28,161546.0,1991304.62
2024-09-25 18:00:00,12.28,12.35,12.2,12.23,133860.57,1639651.38
2024-09-25 19:00:00,12.23,12.27,12.13,12.13,136189.3,1661498.74
2024-09-25 20:00:00,12.13,12.23,12.13,12.19,76895.71,936746.37
2024-09-25 21:00:00,12.19,12.25,12.18,12.2,25596.0,312775.39
2024-09-25 22:00:00,12.2,12.21,12.09,12.15,81700.73,992809.14
2024-09-25 23:00:00,12.15,12.2,12.06,12.1,60273.13,730107.27
2024-09-26 00:00:00,12.1,12.14,11.97,12.0,148987.84,1791902.17
2024-09-26 01:00:00,12.0,12.01,11.87,11.99,107161.35,1280748.25
2024-09-26 02:00:00,11.99,12.07,11.97,12.01,63042.51,758930.5
2024-09-26 03:00:00,12.01,12.09,11.98,12.07,51934.22,624169.73
2024-09-26 04:00:00,12.07,12.09,12.0,12.02,42629.41,513269.78
2024-09-26 05:00:00,12.02,12.19,12.0,12.12,55450.98,672149.62
2024-09-26 06:00:00,12.12,12.27,12.12,12.25,65290.44,796273.73
2024-09-26 07:00:00,12.25,12.27,12.2,12.25,45715.9,559719.24
2024-09-26 08:00:00,12.25,12.25,12.14,12.16,49231.28,600010.3
2024-09-26 09:00:00,12.16,12.24,12.13,12.24,33198.38,404586.9
2024-09-26 10:00:00,12.24,12.35,12.21,12.33,102603.54,1262446.05
2024-09-26 11:00:00,12.33,12.34,12.28,12.3,44965.42,553432.27
2024-09-26 12:00:00,12.3,12.39,12.25,12.25,107377.68,1321894.24
2024-09-26 13:00:00,12.25,12.3,12.21,12.28,89701.02,1099310.66
2024-09-26 14:00:00,12.28,12.54,12.26,12.41,379708.05,4724722.4
2024-09-26 15:00:00,12.41,12.65,12.39,12.6,270431.7,3395818.17
2024-09-26 16:00:00,12.6,12.74,12.57,12.66,197624.45,2502486.01
2024-09-26 17:00:00,12.66,12.75,12.52,12.52,119112.86,1504479.47
2024-09-26 18:00:00,12.52,12.69,12.52,12.68,116128.35,1459501.26
2024-09-26 19:00:00,12.68,12.69,12.57,12.63,50678.1,639750.7
2024-09-26 20:00:00,12.63,12.66,12.49,12.49,99580.4,1250182.98
2024-09-26 21:00:00,12.49,12.6,12.48,12.59,40675.29,509953.25
2024-09-26 22:00:00,12.59,12.61,12.54,12.57,36900.66,464220.01
2024-09-26 23:00:00,12.57,12.58,12.44,12.56,79494.71,993255.69
2024-09-27 00:00:00,12.56,12.61,12.51,12.59,66172.59,831534.67
2024-09-27 01:00:00,12.59,12.62,12.47,12.56,80573.36,1009299.8
2024-09-27 02:00:00,12.56,12.6,12.45,12.48,65517.8,819426.66
2024-09-27 03:00:00,12.48,12.64,12.46,12.63,49870.06,627018.69
2024-09-27 04:00:00,12.63,12.83,12.62,12.72,257794.54,3284578.58
2024-09-27 05:00:00,12.72,12.76,12.63,12.74,67762.03,859352.74
2024-09-27 06:00:00,12.74,12.83,12.74,12.79,79056.43,1011042.47
2024-09-27 07:00:00,12.79,12.85,12.74,12.75,48883.83,625229.15
2024-09-27 08:00:00,12.75,12.84,12.74,12.76,58233.23,745133.66
2024-09-27 09:00:00,12.76,12.81,12.68,12.71,31106.84,396500.64
2024-09-27 10:00:00,12.71,12.71,12.58,12.61,49786.52,628411.44
2024-09-27 11:00:00,12.61,12.76,12.6,12.73,42738.04,543439.02
2024-09-27 12:00:00,12.73,12.82,12.68,12.74,79465.62,1012788.44
2024-09-27 13:00:00,12.74,12.78,12.63,12.69,84744.66,1076027.89
2024-09-27 14:00:00,12.69,12.81,12.66,12.71,97016.9,1236979.41
2024-09-27 15:00:00,12.71,12.79,12.68,12.72,63187.81,805213.43
2024-09-27 16:00:00,12.72,12.88,12.68,12.83,80186.48,1026331.83
2024-09-27 17:00:00,12.83,12.84,12.63,12.71,98144.56,1246504.72
2024-09-27 18:00:00,12.71,12.79,12.65,12.79,47815.81,607912.45
2024-09-27 19:00:00,12.79,12.81,12.68,12.69,35018.78,446127.16
2024-09-27 20:00:00,12.69,12.7,12.63,12.63,70904.9,897458.35
2024-09-27 21:00:00,12.63,12.66,12.61,12.65,30846.69,389569.03
2024-09-27 22:00:00,12.65,12.74,12.64,12.73,24770.53,314559.42
2024-09-27 23:00:00,12.73,12.76,12.67,12.67,20215.49,256976.6
2024-09-28 00:00:00,12.67,12.75,12.66,12.72,31068.87,395195.65
2024-09-28 01:00:00,12.72,12.74,12.68,12.74,14489.4,184142.96
2024-09-28 02:00:00,12.74,12.85,12.72,12.84,63246.31,808553.5
2024-09-28 03:00:00,12.84,12.87,12.71,12.76,127618.47,1629993.1
2024-09-28 04:00:00,12.76,12.8,12.73,12.77,28220.64,360178.95
2024-09-28 05:00:00,12.77,12.8,12.68,12.68,44759.15,569949.36
2024-09-28 06:00:00,12.68,12.69,12.57,12.62,68526.99,865558.79
2024-09-28 07:00:00,12.62,12.65,12.57,12.58,35812.45,451574.32
2024-09-28 08:00:00,12.58,12.58,12.49,12.49,40693.72,509719.52
2024-09-28 09:00:00,12.49,12.53,12.37,12.52,76095.19,947992.83
2024-09-28 10:00:00,12.52,12.69,12.49,12.69,29651.75,373531.36
2024-09-28 11:00:00,12.69,12.7,12.61,12.69,29512.19,373600.77
2024-09-28 12:00:00,12.69,12.7,12.61,12.67,31725.84,401445.83
2024-09-28 13:00:00,12.67,12.68,12.59,12.62,29337.99,370642.84
2024-09-28 14:00:00,12.62,12.87,12.62,12.85,96438.9,1234221.85
2024-09-28 15:00:00,12.85,12.94,12.82,12.83,83503.62,1075504.94
2024-09-28 16:00:00,12.83,12.89,12.74,12.76,57993.49,743779.83
2024-09-28 17:00:00,12.76,12.85,12.75,12.81,23409.19,299746.74
2024-09-28 18:00:00,12.81,12.92,12.8,12.92,24609.91,317022.68
2024-09-28 19:00:00,12.92,12.97,12.89,12.92,73376.23,949127.09
2024-09-28 20:00:00,12.92,12.97,12.89,12.89,65099.9,842133.26
2024-09-28 21:00:00,12.89,12.91,12.73,12.85,49269.27,631922.51
2024-09-28 22:00:00,12.85,12.94,12.82,12.88,52331.81,675203.48
2024-09-28 23:00:00,12.88,12.95,12.83,12.94,46656.29,601104.42
2024-09-29 00:00:00,12.94,12.97,12.77,12.78,53539.14,690823.69
2024-09-29 01:00:00,12.78,12.8,12.73,12.77,40542.38,517498.1
2024-09-29 02:00:00,12.77,12.82,12.7,12.72,44212.11,564056.64
2024-09-29 03:00:00,12.72,12.8,12.68,12.75,44771.69,570072.93
2024-09-29 04:00:00,12.75,12.76,12.67,12.68,17673.22,224497.49
2024-09-29 05:00:00,12.68,12.71,12.62,12.64,42311.22,535490.21
2024-09-29 06:00:00,12.64,12.69,12.6,12.62,60183.53,761412.8
2024-09-29 07:00:00,12.62,12.66,12.53,12.53,44520.99,560220.98
2024-09-29 08:00:00,12.53,12.58,12.5,12.57,45833.66,574473.46
2024-09-29 09:00:00,12.57,12.64,12.56,12.57,31001.8,390763.92
2024-09-29 10:00:00,12.57,12.58,12.51,12.54,23327.04,292589.14
2024-09-29 11:00:00,12.54,12.62,12.54,12.61,28340.01,357033.45
2024-09-29 12:00:00,12.61,12.63,12.51,12.52,55905.02,703542.09
2024-09-29 13:00:00,12.52,12.61,12.48,12.58,44853.9,563281.32
2024-09-29 14:00:00,12.58,12.58,12.5,12.53,37332.42,468161.08
2024-09-29 15:00:00,12.53,12.62,12.51,12.6,42905.35,538537.04
2024-09-29 16:00:00,12.6,12.61,12.51,12.56,34369.65,431459.27
2024-09-29 17:00:00,12.56,12.68,12.56,12.63,47502.28,600867.98
2024-09-29 18:00:00,12.63,12.67,12.57,12.59,46057.26,581319.52
2024-09-29 19:00:00,12.59,12.69,12.59,12.67,31069.16,392581.76
2024-09-29 20:00:00,12.67,12.72,12.58,12.6,54637.36,691092.48
2024-09-29 21:00:00,12.6,12.69,12.57,12.62,26779.86,338263.67
2024-09-29 22:00:00,12.62,12.66,12.52,12.53,69524.97,873538.86
2024-09-29 23:00:00,12.53,12.55,12.44,12.47,50839.03,634427.79
2024-09-30 00:00:00,12.47,12.47,12.27,12.43,89947.4,1111904.64
2024-09-30 01:00:00,12.43,12.44,12.23,12.25,81444.91,1005480.15
2024-09-30 02:00:00,12.25,12.29,12.19,12.2,114434.07,1399966.81
2024-09-30 03:00:00,12.2,12.29,12.13,12.26,146135.19,1784157.0
2024-09-30 04:00:00,12.26,12.26,12.19,12.24,21413.49,261750.12
2024-09-30 05:00:00,12.24,12.31,12.22,12.3,55405.08,680476.5
2024-09-30 06:00:00,12.3,12.34,12.21,12.21,96655.03,1189346.63
2024-09-30 07:00:00,12.21,12.29,12.21,12.27,38443.73,471386.95
2024-09-30 08:00:00,12.27,12.28,12.18,12.26,56746.92,693854.08
2024-09-30 09:00:00,12.26,12.26,12.07,12.07,50129.18,609868.55
2024-09-30 10:00:00,12.07,12.1,11.99,12.05,82187.01,989534.88
2024-09-30 11:00:00,12.05,12.1,12.01,12.08,57282.25,690497.6
2024-09-30 12:00:00,12.08,12.15,12.05,12.14,50944.8,615710.32
2024-09-30 13:00:00,12.14,12.19,12.11,12.11,54500.3,661954.81
2024-09-30 14:00:00,12.11,12.12,12.01,12.06,74866.56,902037.16
2024-09-30 15:00:00,12.06,12.14,11.92,11.93,89406.22,1078114.7
2024-09-30 16:00:00,11.93,12.01,11.91,11.93,61741.82,737745.67
2024-09-30 17:00:00,11.93,12.0,11.92,11.99,56774.81,678431.06
2024-09-30 18:00:00,11.99,12.01,11.9,11.97,69359.4,827732.96
2024-09-30 19:00:00,11.97,11.99,11.91,11.97,93495.93,1117823.45
2024-09-30 20:00:00,11.97,12.05,11.96,12.03,59095.94,710272.36
2024-09-30 21:00:00,12.03,12.04,11.96,11.97,24300.12,291802.43
2024-09-30 22:00:00,11.97,12.0,11.88,11.88,45042.54,537695.53
2024-09-30 23:00:00,11.88,11.92,11.76,11.85,192075.5,2271929.21
2024-10-01 00:00:00,11.85,12.0,11.79,11.97,52784.64,626947.53
2024-10-01 01:00:00,11.97,12.02,11.95,11.97,72983.76,875334.36
2024-10-01 02:00:00,11.97,12.03,11.92,12.03,54784.59,656659.12
2024-10-01 03:00:00,12.03,12.12,12.03,12.1,101621.29,1228420.62
2024-10-01 04:00:00,12.1,12.16,12.08,12.16,76821.11,932344.94
2024-10-01 05:00:00,12.16,12.16,12.1,12.13,27128.66,328789.62
2024-10-01 06:00:00,12.13,12.25,12.12,12.24,61620.77,751093.49
2024-10-01 07:00:00,12.24,12.25,12.19,12.22,29481.96,360359.81
2024-10-01 08:00:00,12.22,12.22,12.13,12.15,29242.91,355982.85
2024-10-01 09:00:00,12.15,12.19,12.14,12.15,18892.73,229757.4
2024-10-01 10:00:00,12.15,12.2,12.14,12.2,28928.75,352219.11
2024-10-01 11:00:00,12.2,12.24,12.15,12.16,35354.5,431093.36
2024-10-01 12:00:00,12.16,12.17,12.07,12.08,59061.68,715385.74
2024-10-01 13:00:00,12.08,12.09,11.76,11.91,142952.01,1704255.01
2024-10-01 14:00:00,11.91,11.96,11.58,11.61,238134.43,2796865.23
2024-10-01 15:00:00,11.61,11.64,11.18,11.43,326820.62,3717898.81
2024-10-01 16:00:00,11.43,11.47,11.22,11.36,228307.79,2583398.8
2024-10-01 17:00:00,11.36,11.36,10.87,11.22,664216.03,7380914.73
2024-10-01 18:00:00,11.22,11.29,11.09,11.15,142893.88,1601531.57
2024-10-01 19:00:00,11.15,11.17,11.04,11.04,115302.06,1279337.77
2024-10-01 20:00:00,11.04,11.09,10.9,11.06,285426.31,3140468.12
2024-10-01 21:00:00,11.06,11.1,10.93,11.09,105761.57,1164286.97
2024-10-01 22:00:00,11.09,11.1,10.97,11.01,62196.21,686371.3
2024-10-01 23:00:00,11.01,11.07,10.98,11.02,43127.86,475416.61
2024-10-02 00:00:00,11.02,11.13,10.97,11.07,96546.71,1066807.17
2024-10-02 01:00:00,11.07,11.17,11.05,11.17,77584.73,862703.78
2024-10-02 02:00:00,11.17,11.23,11.14,11.23,54761.56,612601.72
2024-10-02 03:00:00,11.23,11.24,11.18,11.21,32762.43,367592.44
2024-10-02 04:00:00,11.21,11.21,11.13,11.18,33506.55,374202.78
2024-10-02 05:00:00,11.18,11.22,11.16,11.19,30743.53,344016.27
2024-10-02 06:00:00,11.19,11.3,11.16,11.28,58084.47,653428.43
2024-10-02 07:00:00,11.28,11.3,11.24,11.24,63589.6,717264.69
2024-10-02 08:00:00,11.24,11.26,11.18,11.25,43734.62,490941.32
2024-10-02 09:00:00,11.25,11.26,11.02,11.04,58699.88,652805.89
2024-10-02 10:00:00,11.04,11.17,11.01,11.02,63260.11,701278.4
2024-10-02 11:00:00,11.02,11.14,10.99,11.06,67368.91,744904.62
2024-10-02 12:00:00,11.06,11.08,10.92,10.95,93821.31,1032043.42
2024-10-02 13:00:00,10.95,11.01,10.79,10.96,230486.76,2509908.56
2024-10-02 14:00:00,10.96,11.0,10.82,10.82,74789.47,816516.37
2024-10-02 15:00:00,10.82,10.97,10.8,10.93,102277.75,1116592.73
2024-10-02 16:00:00,10.93,11.05,10.83,10.83,107837.33,1181107.38
2024-10-02 17:00:00,10.83,10.84,10.71,10.76,128059.25,1380110.41
2024-10-02 18:00:00,10.76,10.77,10.55,10.56,196080.51,2085160.51
2024-10-02 19:00:00,10.56,10.63,10.45,10.6,213011.29,2246958.18
2024-10-02 20:00:00,10.6,10.67,10.49,10.64,136350.51,1442582.04
2024-10-02 21:00:00,10.64,10.64,10.51,10.6,77398.17,818799.37
2024-10-02 22:00:00,10.6,10.65,10.46,10.64,96397.29,1016421.37
2024-10-02 23:00:00,10.64,10.68,10.62,10.65,70667.41,752835.46
2024-10-03 00:00:00,10.65,10.76,10.59,10.75,215402.47,2299896.94
2024-10-03 01:00:00,10.75,10.79,10.71,10.71,87420.65,940129.11
2024-10-03 02:00:00,10.71,10.77,10.69,10.74,76335.21,818193.04
2024-10-03 03:00:00,10.74,10.84,10.72,10.84,110814.66,1194629.34
2024-10-03 04:00:00,10.84,10.86,10.8,10.82,68427.47,741057.51
2024-10-03 05:00:00,10.82,10.84,10.74,10.74,86786.63,936603.26
2024-10-03 06:00:00,10.74,10.77,10.73,10.75,23419.18,251670.2
2024-10-03 07:00:00,10.75,10.79,10.61,10.63,37969.21,406343.1
2024-10-03 08:00:00,10.63,10.65,10.41,10.46,110723.76,1162363.14
2024-10-03 09:00:00,10.46,10.6,10.35,10.6,92966.87,973517.05
2024-10-03 10:00:00,10.6,10.66,10.57,10.66,50578.01,536532.46
2024-10-03 11:00:00,10.66,10.68,10.53,10.53,39385.68,416899.54
2024-10-03 12:00:00,10.53,10.59,10.44,10.57,86413.95,908611.26
2024-10-03 13:00:00,10.57,10.58,10.42,10.52,153457.94,1611626.49
2024-10-03 14:00:00,10.52,10.64,10.39,10.39,90370.21,950189.55
2024-10-03 15:00:00,10.39,10.57,10.35,10.54,128349.88,1338210.95
2024-10-03 16:00:00,10.54,10.55,10.38,10.46,60267.26,631314.29
2024-10-03 17:00:00,10.46,10.58,10.41,10.55,73187.65,769267.15
2024-10-03 18:00:00,10.55,10.58,10.49,10.55,44513.0,469212.36
2024-10-03 19:00:00,10.55,10.65,10.54,10.65,111219.3,1179556.75
2024-10-03 20:00:00,10.65,10.66,10.58,10.61,73339.63,778260.06
2024-10-03 21:00:00,10.61,10.67,10.55,10.64,43950.46,466082.84
2024-10-03 22:00:00,10.64,10.69,10.61,10.65,40677.37,432767.92
2024-10-03 23:00:00,10.65,10.68,10.61,10.66,52919.78,563168.76
2024-10-04 00:00:00,10.66,10.7,10.6,10.6,62990.99,670675.52
2024-10-04 01:00:00,10.6,10.78,10.6,10.77,71739.85,770076.38
2024-10-04 02:00:00,10.77,10.8,10.74,10.75,26504.49,285560.5
2024-10-04 03:00:00,10.75,10.76,10.7,10.74,47396.52,507718.32
2024-10-04 04:00:00,10.74,10.83,10.74,10.78,45171.64,487641.33
2024-10-04 05:00:00,10.78,10.92,10.77,10.91,51152.06,555434.83
2024-10-04 06:00:00,10.91,10.96,10.88,10.89,52389.18,572154.92
2024-10-04 07:00:00,10.89,10.99,10.89,10.97,42421.82,464345.93
2024-10-04 08:00:00,10.97,11.06,10.96,10.98,68324.84,752791.66
2024-10-04 09:00:00,10.98,11.05,10.96,10.97,50847.16,559091.79
2024-10-04 10:00:00,10.97,11.04,10.96,10.99,30236.64,332775.57
2024-10-04 11:00:00,10.99,11.0,10.93,10.98,47869.76,524471.33
2024-10-04 12:00:00,10.98,11.07,10.89,11.07,149982.08,1645759.9
2024-10-04 13:00:00,11.07,11.08,10.96,10.99,79019.58,871217.61
2024-10-04 14:00:00,10.99,11.05,10.9,11.02,122134.37,1340948.75
2024-10-04 15:00:00,11.02,11.16,11.02,11.16,126695.17,1407431.01
2024-10-04 16:00:00,11.16,11.24,11.11,11.2,111552.61,1247726.16
2024-10-04 17:00:00,11.2,11.21,11.08,11.09,86690.63,964197.96
2024-10-04 18:00:00,11.09,11.15,11.07,11.14,43136.14,478885.97
2024-10-04 19:00:00,11.14,11.16,11.09,11.14,37339.1,415278.02
2024-10-04 20:00:00,11.14,11.14,11.09,11.12,43396.48,482358.88
2024-10-04 21:00:00,11.12,11.13,11.06,11.07,36066.73,399933.82
2024-10-04 22:00:00,11.07,11.1,11.07,11.08,37315.32,413650.81
2024-10-04 23:00:00,11.08,11.08,11.04,11.07,33500.42,370529.9
2024-10-05 00:00:00,11.07,11.15,11.07,11.14,51318.33,570186.03
2024-10-05 01:00:00,11.14,11.15,11.08,11.11,39293.05,436742.01
2024-10-05 02:00:00,11.11,11.12,11.02,11.03,48583.89,538104.62
2024-10-05 03:00:00,11.03,11.08,10.99,11.04,50781.9,560164.14
2024-10-05 04:00:00,11.04,11.14,11.04,11.11,36717.04,407765.24
2024-10-05 05:00:00,11.11,11.19,11.11,11.18,35717.4,398436.78
2024-10-05 06:00:00,11.18,11.23,11.17,11.23,34669.48,388519.88
2024-10-05 07:00:00,11.23,11.24,11.18,11.22,22817.93,255882.57
2024-10-05 08:00:00,11.22,11.29,11.22,11.29,52256.61,588584.42
2024-10-05 09:00:00,11.29,11.37,11.28,11.36,77136.71,873447.45
2024-10-05 10:00:00,11.36,11.38,11.3,11.31,48720.24,552817.59
2024-10-05 11:00:00,11.31,11.35,11.29,11.31,20978.63,237477.97
2024-10-05 12:00:00,11.31,11.37,11.31,11.36,44046.84,500119.29
2024-10-05 13:00:00,11.36,11.36,11.25,11.28,48804.92,551812.78
2024-10-05 14:00:00,11.28,11.31,11.24,11.29,58325.55,657459.15
2024-10-05 15:00:00,11.29,11.36,11.27,11.35,36810.76,416574.98
2024-10-05 16:00:00,11.35,11.36,11.25,11.26,40492.71,457906.99
2024-10-05 17:00:00,11.26,11.31,11.25,11.28,45492.64,513288.01
2024-10-05 18:00:00,11.28,11.28,11.2,11.22,43180.08,485037.22
2024-10-05 19:00:00,11.22,11.23,11.15,11.15,59669.31,667889.03
2024-10-05 20:00:00,11.15,11.16,11.08,11.09,49670.3,552500.2
2024-10-05 21:00:00,11.09,11.23,11.08,11.19,35669.01,397694.05
2024-10-05 22:00:00,11.19,11.27,11.18,11.26,44467.61,499053.06
2024-10-05 23:00:00,11.26,11.27,11.21,11.26,23063.88,259187.33
2024-10-06 00:00:00,11.26,11.27,11.19,11.2,41157.05,461769.38
2024-10-06 01:00:00,11.2,11.31,11.19,11.29,34721.7,391525.29
2024-10-06 02:00:00,11.29,11.31,11.24,11.25,30013.51,338481.68
2024-10-06 03:00:00,11.25,11.29,11.24,11.26,32890.47,370686.35
2024-10-06 04:00:00,11.26,11.32,11.23,11.3,47044.26,530349.92
2024-10-06 05:00:00,11.3,11.33,11.26,11.31,18599.2,210251.8
2024-10-06 06:00:00,11.31,11.39,11.31,11.36,60981.69,693068.67
2024-10-06 07:00:00,11.36,11.37,11.33,11.33,57318.24,650174.9
2024-10-06 08:00:00,11.33,11.35,11.28,11.29,27288.71,308649.28
2024-10-06 09:00:00,11.29,11.3,11.26,11.27,16888.91,190506.61
2024-10-06 10:00:00,11.27,11.27,11.22,11.25,21535.08,242145.03
2024-10-06 11:00:00,11.25,11.28,11.22,11.26,26973.23,303827.18
2024-10-06 12:00:00,11.26,11.27,11.23,11.26,35240.6,396533.18
2024-10-06 13:00:00,11.26,11.3,11.24,11.24,31620.19,356688.37
2024-10-06 14:00:00,11.24,11.38,11.19,11.34,66191.12,745934.37
2024-10-06 15:00:00,11.34,11.36,11.23,11.3,59402.1,670254.26
2024-10-06 16:00:00,11.3,11.36,11.21,11.21,58705.69,662201.13
2024-10-06 17:00:00,11.21,11.26,11.19,11.24,29527.53,331513.96
2024-10-06 18:00:00,11.24,11.31,11.23,11.26,39470.94,444627.19
2024-10-06 19:00:00,11.26,11.32,11.2,11.21,37431.54,421725.21
2024-10-06 20:00:00,11.21,11.26,11.19,11.25,53551.09,600699.0
2024-10-06 21:00:00,11.25,11.27,11.16,11.16,47647.51,535136.35
2024-10-06 22:00:00,11.16,11.23,11.16,11.22,96017.82,1075708.8
2024-10-06 23:00:00,11.22,11.31,11.22,11.28,108376.11,1220994.87
2024-10-07 00:00:00,11.28,11.45,11.22,11.45,150983.98,1715342.46
2024-10-07 01:00:00,11.45,11.55,11.43,11.55,177934.46,2045269.6
2024-10-07 02:00:00,11.55,11.59,11.53,11.56,111706.55,1292242.31
2024-10-07 03:00:00,11.56,11.61,11.52,11.6,64027.25,741416.31
2024-10-07 04:00:00,11.6,11.65,11.58,11.59,65839.61,764806.35
2024-10-07 05:00:00,11.59,11.66,11.54,11.55,54000.57,626922.08
2024-10-07 06:00:00,11.55,11.62,11.55,11.61,41476.22,480384.76
2024-10-07 07:00:00,11.61,11.63,11.53,11.54,30126.39,348504.85
2024-10-07 08:00:00,11.54,11.6,11.49,11.49,39450.71,455284.34
2024-10-07 09:00:00,11.49,11.51,11.29,11.38,185958.54,2116774.27
2024-10-07 10:00:00,11.38,11.39,11.28,11.35,112877.67,1279527.73
2024-10-07 11:00:00,11.35,11.43,11.25,11.43,85791.29,971918.48
2024-10-07 12:00:00,11.43,11.44,11.34,11.36,53271.09,606900.99
2024-10-07 13:00:00,11.36,11.6,11.34,11.55,86467.02,991429.14
2024-10-07 14:00:00,11.55,11.74,11.54,11.57,186226.99,2171726.28
2024-10-07 15:00:00,11.57,11.61,11.47,11.52,90899.3,1050180.35
2024-10-07 16:00:00,11.52,11.6,11.46,11.55,94752.45,1092330.68
2024-10-07 17:00:00,11.55,11.57,11.44,11.48,57084.37,656328.47
2024-10-07 18:00:00,11.48,11.49,11.21,11.23,203689.62,2307628.72
2024-10-07 19:00:00,11.23,11.35,11.23,11.34,91862.77,1038766.02
2024-10-07 20:00:00,11.34,11.38,11.26,11.26,65762.1,742388.3
2024-10-07 21:00:00,11.26,11.35,11.25,11.35,43010.7,485773.99
2024-10-07 22:00:00,11.35,11.36,11.17,11.19,74446.29,837356.24
2024-10-07 23:00:00,11.19,11.23,11.13,11.16,116086.23,1296032.39
2024-10-08 00:00:00,11.16,11.25,11.15,11.24,41311.97,462923.11
2024-10-08 01:00:00,11.24,11.28,11.19,11.25,29120.08,327041.56
2024-10-08 02:00:00,11.25,11.29,11.2,11.27,26156.18,293885.09
2024-10-08 03:00:00,11.27,11.28,11.2,11.21,24443.29,274657.05
2024-10-08 04:00:00,11.21,11.25,11.17,11.2,32411.94,363253.8
2024-10-08 05:00:00,11.2,11.2,11.07,11.11,133086.34,1478568.82
2024-10-08 06:00:00,11.11,11.12,11.04,11.11,77341.32,856202.08
2024-10-08 07:00:00,11.11,11.11,10.97,11.02,73815.36,814117.53
2024-10-08 08:00:00,11.02,11.07,10.98,11.04,36940.22,407276.49
2024-10-08 09:00:00,11.04,11.08,10.99,11.06,43160.84,476440.59
2024-10-08 10:00:00,11.06,11.11,11.04,11.09,52529.2,581369.18
2024-10-08 11:00:00,11.09,11.17,11.09,11.17,53499.33,595323.43
2024-10-08 12:00:00,11.17,11.18,11.07,11.07,38025.93,422965.61
2024-10-08 13:00:00,11.07,11.16,10.99,11.15,78836.87,873583.83
2024-10-08 14:00:00,11.15,11.19,10.94,11.05,134642.28,1486991.94
2024-10-08 15:00:00,11.05,11.06,10.86,10.93,150478.38,1650109.98
2024-10-08 16:00:00,10.93,11.04,10.87,11.02,64365.72,706050.67
2024-10-08 17:00:00,11.02,11.02,10.9,10.96,61718.17,675016.7
2024-10-08 18:00:00,10.96,11.01,10.87,10.89,77849.61,849171.84
2024-10-08 19:00:00,10.89,10.91,10.82,10.89,95924.23,1042377.2
2024-10-08 20:00:00,10.89,10.94,10.86,10.92,51178.47,558061.67
2024-10-08 21:00:00,10.92,10.97,10.89,10.94,42347.14,462985.98
2024-10-08 22:00:00,10.94,10.95,10.83,10.83,62738.08,683717.37
2024-10-08 23:00:00,10.83,10.84,10.78,10.83,43016.76,465186.8
2024-10-09 00:00:00,10.83,10.86,10.75,10.82,74168.07,802603.35
2024-10-09 01:00:00,10.82,10.96,10.81,10.9,66816.98,728463.95
2024-10-09 02:00:00,10.9,10.91,10.84,10.84,29313.13,318837.29
2024-10-09 03:00:00,10.84,10.89,10.81,10.86,40241.63,436781.58
2024-10-09 04:00:00,10.86,10.91,10.84,10.84,28469.27,309542.99
2024-10-09 05:00:00,10.84,10.9,10.84,10.89,52604.5,572065.35
2024-10-09 06:00:00,10.89,10.89,10.76,10.8,59684.53,646456.13
2024-10-09 07:00:00,10.8,10.81,10.75,10.78,41874.58,451658.5
2024-10-09 08:00:00,10.78,10.8,10.73,10.75,37805.94,406745.91
2024-10-09 09:00:00,10.75,10.8,10.73,10.77,34483.03,371430.46
2024-10-09 10:00:00,10.77,10.77,10.69,10.72,49175.62,527092.63
2024-10-09 11:00:00,10.72,10.73,10.66,10.66,107859.28,1152404.42
2024-10-09 12:00:00,10.66,10.67,10.58,10.63,97441.37,1036191.11
2024-10-09 13:00:00,10.63,10.63,10.54,10.56,126774.45,1341685.9
2024-10-09 14:00:00,10.56,10.62,10.55,10.59,64835.99,686945.69
2024-10-09 15:00:00,10.59,10.73,10.59,10.7,76530.58,817888.57
2024-10-09 16:00:00,10.7,10.71,10.56,10.59,70316.93,746258.82
2024-10-09 17:00:00,10.59,10.63,10.55,10.61,57283.66,606851.98
2024-10-09 18:00:00,10.61,10.64,10.54,10.59,71312.9,755227.28
2024-10-09 19:00:00,10.59,10.63,10.54,10.6,45345.74,479902.28
2024-10-09 20:00:00,10.6,10.6,10.41,10.42,98631.85,1034463.36
2024-10-09 21:00:00,10.42,10.55,10.41,10.53,56162.33,589713.9
2024-10-09 22:00:00,10.53,10.53,10.47,10.52,79599.34,835976.9
2024-10-09 23:00:00,10.52,10.56,10.5,10.53,46800.91,492660.86
2024-10-10 00:00:00,10.53,10.57,10.5,10.54,43904.74,462788.45
2024-10-10 01:00:00,10.54,10.6,10.53,10.59,34937.97,369501.36
2024-10-10 02:00:00,10.59,10.61,10.58,10.6,44566.78,472193.52
2024-10-10 03:00:00,10.6,10.64,10.59,10.62,17335.91,184055.81
2024-10-10 04:00:00,10.62,10.67,10.62,10.67,30028.68,319616.75
2024-10-10 05:00:00,10.67,10.73,10.64,10.7,49197.01,525992.22
2024-10-10 06:00:00,10.7,10.71,10.62,10.69,100577.13,1073086.74
2024-10-10 07:00:00,10.69,10.69,10.62,10.62,50399.27,536671.12
2024-10-10 08:00:00,10.62,10.66,10.58,10.59,38961.05,414064.15
2024-10-10 09:00:00,10.59,10.61,10.5,10.57,47011.29,496102.61
2024-10-10 10:00:00,10.57,10.62,10.56,10.61,42125.76,446401.23
2024-10-10 11:00:00,10.61,10.66,10.61,10.64,38720.0,411816.9
2024-10-10 12:00:00,10.64,10.66,10.45,10.51,85521.58,901337.51
2024-10-10 13:00:00,10.51,10.55,10.39,10.46,96469.38,1009525.33
2024-10-10 14:00:00,10.46,10.52,10.4,10.49,65003.81,679787.45
2024-10-10 15:00:00,10.49,10.62,10.48,10.62,65039.11,685211.23
2024-10-10 16:00:00,10.62,10.66,10.55,10.56,56510.91,599200.84
2024-10-10 17:00:00,10.56,10.59,10.37,10.43,139368.04,1462437.21
2024-10-10 18:00:00,10.43,10.43,10.24,10.41,182313.76,1884081.71
2024-10-10 19:00:00,10.41,10.47,10.36,10.45,49262.42,513364.98
2024-10-10 20:00:00,10.45,10.47,10.41,10.47,48432.85,505486.76
2024-10-10 21:00:00,10.47,10.55,10.46,10.55,57194.25,601299.25
2024-10-10 22:00:00,10.55,10.55,10.48,10.51,44431.47,466935.77
2024-10-10 23:00:00,10.51,10.55,10.5,10.55,41182.23,433750.8
2024-10-11 00:00:00,10.55,10.56,10.51,10.52,38748.59,408107.05
2024-10-11 01:00:00,10.52,10.63,10.5,10.59,69426.61,732409.53
2024-10-11 02:00:00,10.59,10.61,10.55,10.6,45486.54,480955.51
2024-10-11 03:00:00,10.6,10.64,10.6,10.62,31539.77,335158.99
2024-10-11 04:00:00,10.62,10.66,10.61,10.63,36535.53,388459.05
2024-10-11 05:00:00,10.63,10.65,10.59,10.59,40974.15,434940.58
2024-10-11 06:00:00,10.59,10.67,10.59,10.65,29460.53,313296.3
2024-10-11 07:00:00,10.65,10.68,10.64,10.65,29189.27,311272.98
2024-10-11 08:00:00,10.65,10.69,10.65,10.65,25846.0,275702.35
2024-10-11 09:00:00,10.65,10.73,10.65,10.71,32400.86,346651.33
2024-10-11 10:00:00,10.71,10.73,10.65,10.67,57614.49,615540.33
2024-10-11 11:00:00,10.67,10.69,10.65,10.68,28688.09,306298.85
2024-10-11 12:00:00,10.68,10.76,10.68,10.7,165088.76,1768506.61
2024-10-11 13:00:00,10.7,10.71,10.62,10.66,204771.26,2180878.4
2024-10-11 14:00:00,10.66,10.77,10.65,10.72,138282.22,1480747.15
2024-10-11 15:00:00,10.72,10.88,10.72,10.86,148537.67,1608053.4
2024-10-11 16:00:00,10.86,10.9,10.84,10.86,123370.99,1340935.37
2024-10-11 17:00:00,10.86,10.94,10.85,10.93,99857.14,1088575.92
2024-10-11 18:00:00,10.93,10.95,10.92,10.93,93524.56,1022568.05
2024-10-11 19:00:00,10.93,10.99,10.93,10.95,117837.34,1292257.18
2024-10-11 20:00:00,10.95,10.99,10.95,10.99,47108.96,517038.19
2024-10-11 21:00:00,10.99,11.02,10.96,10.97,59337.79,652303.53
2024-10-11 22:00:00,10.97,10.99,10.93,10.93,48514.34,531613.16
2024-10-11 23:00:00,10.93,10.97,10.88,10.9,96995.95,1058715.95
2024-10-12 00:00:00,10.9,10.99,10.9,10.98,45643.46,499975.5
2024-10-12 01:00:00,10.98,11.01,10.96,10.96,32614.84,358271.25
2024-10-12 02:00:00,10.96,10.96,10.88,10.88,37552.56,410104.63
2024-10-12 03:00:00,10.88,10.89,10.83,10.86,45700.6,496192.44
2024-10-12 04:00:00,10.86,10.94,10.86,10.92,38305.04,417999.13
2024-10-12 05:00:00,10.92,10.93,10.9,10.93,22685.71,247739.32
2024-10-12 06:00:00,10.93,10.97,10.93,10.94,26054.1,285247.46
2024-10-12 07:00:00,10.94,10.98,10.91,10.98,23357.13,255427.55
2024-10-12 08:00:00,10.98,11.0,10.96,10.98,28993.54,318327.83
2024-10-12 09:00:00,10.98,11.05,10.97,11.03,57188.26,630184.35
2024-10-12 10:00:00,11.03,11.12,11.02,11.12,56294.16,622940.04
2024-10-12 11:00:00,11.12,11.12,11.05,11.05,41685.88,462242.88
2024-10-12 12:00:00,11.05,11.08,11.03,11.06,43347.69,479013.31
2024-10-12 13:00:00,11.06,11.12,11.04,11.09,40378.41,447967.05
2024-10-12 14:00:00,11.09,11.14,11.09,11.09,49915.95,554909.6
2024-10-12 15:00:00,11.09,11.13,11.06,11.08,53244.11,590752.91
2024-10-12 16:00:00,11.08,11.14,11.06,11.06,46057.78,511461.9
2024-10-12 17:00:00,11.06,11.09,11.04,11.04,39827.06,440540.41
2024-10-12 18:00:00,11.04,11.08,11.01,11.01,49569.13,546599.59
2024-10-12 19:00:00,11.01,11.03,10.99,11.02,46930.63,516883.17
2024-10-12 20:00:00,11.02,11.07,11.01,11.05,26639.88,294193.04
2024-10-12 21:00:00,11.05,11.09,11.04,11.07,30266.73,335165.83
2024-10-12 22:00:00,11.07,11.07,11.02,11.06,38941.9,430250.94
2024-10-12 23:00:00,11.06,11.07,10.99,11.0,42618.95,469732.68
2024-10-13 00:00:00,11.0,11.04,10.99,11.02,45167.63,497635.89
2024-10-13 01:00:00,11.02,11.02,10.93,10.95,50524.76,553963.91
2024-10-13 02:00:00,10.95,11.02,10.95,11.02,29683.27,326006.78
2024-10-13 03:00:00,11.02,11.03,10.93,10.94,28056.49,307879.87
2024-10-13 04:00:00,10.94,11.03,10.93,11.02,26290.41,289110.28
2024-10-13 05:00:00,11.02,11.07,11.01,11.01,23894.66,263702.84
2024-10-13 06:00:00,11.01,11.06,11.01,11.01,22377.67,246759.82
2024-10-13 07:00:00,11.01,11.02,10.95,10.97,20870.21,229118.42
2024-10-13 08:00:00,10.97,11.01,10.95,10.97,28975.8,317937.45
2024-10-13 09:00:00,10.97,11.03,10.96,11.01,33829.19,372463.03
2024-10-13 10:00:00,11.01,11.02,10.94,10.94,26320.5,289235.77
2024-10-13 11:00:00,10.94,10.97,10.88,10.88,28592.92,312107.84
2024-10-13 12:00:00,10.88,10.95,10.88,10.91,26193.81,286088.98
2024-10-13 13:00:00,10.91,10.93,10.88,10.88,33191.33,362104.15
2024-10-13 14:00:00,10.88,10.88,10.71,10.72,55294.4,596872.96
2024-10-13 15:00:00,10.72,10.75,10.63,10.68,81029.34,865968.33
2024-10-13 16:00:00,10.68,10.77,10.64,10.72,110097.57,1175936.82
2024-10-13 17:00:00,10.72,10.76,10.64,10.66,41207.38,441076.84
2024-10-13 18:00:00,10.66,10.69,10.62,10.65,56032.67,596966.98
2024-10-13 19:00:00,10.65,10.71,10.65,10.71,39188.43,418807.75
2024-10-13 20:00:00,10.71,10.72,10.68,10.72,33561.94,359141.73
2024-10-13 21:00:00,10.72,10.78,10.71,10.75,50858.8,546920.75
2024-10-13 22:00:00,10.75,10.83,10.71,10.74,84656.41,911973.17
2024-10-13 23:00:00,10.74,10.75,10.7,10.74,88910.94,952837.57
2024-10-14 00:00:00,10.74,10.75,10.62,10.64,90683.13,966890.36
2024-10-14 01:00:00,10.64,10.74,10.64,10.66,91879.12,983603.87
2024-10-14 02:00:00,10.66,10.67,10.6,10.66,55576.95,591133.24
2024-10-14 03:00:00,10.66,11.03,10.66,11.01,255452.38,2789936.64
2024-10-14 04:00:00,11.01,11.04,10.95,10.98,112117.48,1233745.21
2024-10-14 05:00:00,10.98,10.99,10.85,10.89,139057.46,1518498.34
2024-10-14 06:00:00,10.89,10.96,10.85,10.95,68879.71,751215.39
2024-10-14 07:00:00,10.95,11.02,10.93,11.01,111970.16,1229583.99
2024-10-14 08:00:00,11.01,11.05,10.92,10.93,48653.16,534026.38
2024-10-14 09:00:00,10.93,11.0,10.89,11.0,83869.02,918134.65
2024-10-14 10:00:00,11.0,11.05,10.98,11.04,68869.36,758548.56
2024-10-14 11:00:00,11.04,11.05,10.98,11.0,55164.82,607458.17
2024-10-14 12:00:00,11.0,11.04,10.96,11.03,75326.37,829346.56
2024-10-14 13:00:00,11.03,11.11,10.97,11.08,93807.03,1035266.1
2024-10-14 14:00:00,11.08,11.22,11.07,11.15,224472.45,2502833.15
2024-10-14 15:00:00,11.15,11.27,11.15,11.25,118487.89,1330576.83
2024-10-14 16:00:00,11.25,11.3,11.18,11.2,117077.97,1314685.98
2024-10-14 17:00:00,11.2,11.28,11.17,11.27,76241.17,854572.79
2024-10-14 18:00:00,11.27,11.32,11.25,11.25,97160.26,1096530.84
2024-10-14 19:00:00,11.25,11.27,11.22,11.22,59331.51,666808.51
2024-10-14 20:00:00,11.22,11.26,11.2,11.22,70341.17,790044.33
2024-10-14 21:00:00,11.22,11.25,11.19,11.21,42653.0,478075.16
2024-10-14 22:00:00,11.21,11.32,11.21,11.32,100750.06,1135519.81
2024-10-14 23:00:00,11.32,11.34,11.24,11.28,94486.24,1065306.92
2024-10-15 00:00:00,11.28,11.33,11.25,11.31,112238.4,1267545.73
2024-10-15 01:00:00,11.31,11.39,11.29,11.36,112315.77,1275029.33
2024-10-15 02:00:00,11.36,11.45,11.36,11.44,102242.27,1166478.46
2024-10-15 03:00:00,11.44,11.52,11.39,11.45,170180.35,1952372.76
2024-10-15 04:00:00,11.45,11.55,11.41,11.52,93576.36,1076777.39
2024-10-15 05:00:00,11.52,11.53,11.35,11.38,80622.31,919406.92
2024-10-15 06:00:00,11.38,11.54,11.36,11.53,65305.55,748645.28
2024-10-15 07:00:00,11.53,11.57,11.48,11.49,55484.92,639848.45
2024-10-15 08:00:00,11.49,11.57,11.49,11.53,59583.99,687609.25
2024-10-15 09:00:00,11.53,11.53,11.43,11.48,54343.44,623954.59
2024-10-15 10:00:00,11.48,11.59,11.48,11.55,71520.9,826339.98
2024-10-15 11:00:00,11.55,11.57,11.33,11.37,309154.75,3526543.06
2024-10-15 12:00:00,11.37,11.59,11.37,11.51,106823.59,1226765.61
2024-10-15 13:00:00,11.51,11.67,11.4,11.65,222022.29,2568109.87
2024-10-15 14:00:00,11.65,11.69,11.08,11.13,431341.09,4919346.92
2024-10-15 15:00:00,11.13,11.2,10.93,11.14,191409.03,2122705.79
2024-10-15 16:00:00,11.14,11.38,11.11,11.32,231867.03,2623332.75
2024-10-15 17:00:00,11.32,11.36,11.21,11.32,132524.0,1496120.72
2024-10-15 18:00:00,11.32,11.42,11.31,11.31,58793.74,668064.04
2024-10-15 19:00:00,11.31,11.34,11.24,11.29,74916.21,844495.77
2024-10-15 20:00:00,11.29,11.3,11.13,11.13,69966.59,783154.64
2024-10-15 21:00:00,11.13,11.28,11.12,11.27,48393.15,542411.19
2024-10-15 22:00:00,11.27,11.32,11.22,11.28,38007.29,428424.98
2024-10-15 23:00:00,11.28,11.46,11.26,11.45,40863.94,464483.94
2024-10-16 00:00:00,11.45,11.47,11.3,11.31,67033.45,762973.5
2024-10-16 01:00:00,11.31,11.43,11.25,11.37,56679.94,643363.49
2024-10-16 02:00:00,11.37,11.44,11.33,11.34,52428.31,596549.97
2024-10-16 03:00:00,11.34,11.38,11.28,11.29,36629.64,414777.31
2024-10-16 04:00:00,11.29,11.33,11.21,11.24,35851.74,403737.62
2024-10-16 05:00:00,11.24,11.34,11.23,11.32,39540.09,446571.55
2024-10-16 06:00:00,11.32,11.33,11.2,11.26,42268.2,476410.76
2024-10-16 07:00:00,11.26,11.26,11.15,11.18,54025.43,604283.47
2024-10-16 08:00:00,11.18,11.3,11.16,11.23,45761.32,514223.51
2024-10-16 09:00:00,11.23,11.36,11.22,11.36,66581.19,752633.76
2024-10-16 10:00:00,11.36,11.42,11.33,11.36,60082.39,683577.59
2024-10-16 11:00:00,11.36,11.53,11.32,11.45,181259.42,2074484.61
2024-10-16 12:00:00,11.45,11.52,11.38,11.38,107279.46,1227980.84
2024-10-16 13:00:00,11.38,11.45,11.26,11.28,135664.93,1541976.87
2024-10-16 14:00:00,11.28,11.37,11.1,11.17,150991.52,1695898.72
2024-10-16 15:00:00,11.17,11.22,11.11,11.16,86716.24,968531.16
2024-10-16 16:00:00,11.16,11.21,11.07,11.2,190035.56,2116534.22
2024-10-16 17:00:00,11.2,11.24,11.15,11.16,137858.1,1543359.53
2024-10-16 18:00:00,11.16,11.21,11.16,11.18,53831.84,602125.4
2024-10-16 19:00:00,11.18,11.21,11.13,11.15,38376.77,428791.72
2024-10-16 20:00:00,11.15,11.31,11.14,11.25,63469.81,714216.78
2024-10-16 21:00:00,11.25,11.3,11.23,11.24,26162.82,294796.92
2024-10-16 22:00:00,11.24,11.36,11.24,11.34,40918.4,462749.25
2024-10-16 23:00:00,11.34,11.35,11.21,11.24,49583.47,557737.33
2024-10-17 00:00:00,11.24,11.3,11.23,11.24,53020.2,598322.86
2024-10-17 01:00:00,11.24,11.34,11.18,11.34,58940.13,662053.81
2024-10-17 02:00:00,11.34,11.34,11.23,11.24,23877.89,269376.28
2024-10-17 03:00:00,11.24,11.34,11.24,11.33,26762.13,302186.72
2024-10-17 04:00:00,11.33,11.35,11.21,11.21,37133.83,418164.27
2024-10-17 05:00:00,11.21,11.25,11.16,11.17,29961.92,336043.04
2024-10-17 06:00:00,11.17,11.22,11.13,11.15,30574.09,341507.27
2024-10-17 07:00:00,11.15,11.18,11.08,11.15,38103.76,424203.62
2024-10-17 08:00:00,11.15,11.17,11.07,11.14,37255.81,413784.42
2024-10-17 09:00:00,11.14,11.16,11.07,11.08,38533.91,428154.66
2024-10-17 10:00:00,11.08,11.09,10.93,11.0,85238.33,937024.91
2024-10-17 11:00:00,11.0,11.01,10.92,10.94,62661.36,686372.35
2024-10-17 12:00:00,10.94,11.03,10.91,11.03,71760.29,787580.6
2024-10-17 13:00:00,11.03,11.08,10.95,10.99,80699.4,889558.29
2024-10-17 14:00:00,10.99,11.03,10.93,11.02,81521.01,894952.71
2024-10-17 15:00:00,11.02,11.13,10.99,11.1,60867.21,674389.95
2024-10-17 16:00:00,11.1,11.11,11.02,11.03,88654.22,980691.66
2024-10-17 17:00:00,11.03,11.06,10.94,10.95,103373.21,1137970.65
2024-10-17 18:00:00,10.95,10.97,10.84,10.9,173264.45,1886712.45
2024-10-17 19:00:00,10.9,11.01,10.88,11.0,82813.24,906516.21
2024-10-17 20:00:00,11.0,11.07,11.0,11.02,35479.98,391668.53
2024-10-17 21:00:00,11.02,11.05,11.0,11.01,59348.73,654586.54
2024-10-17 22:00:00,11.01,11.06,11.01,11.04,36677.77,404723.37
2024-10-17 23:00:00,11.04,11.05,11.0,11.02,20841.83,229675.19
2024-10-18 00:00:00,11.02,11.04,10.98,10.99,49859.54,548494.89
2024-10-18 01:00:00,10.99,11.23,10.99,11.21,54713.6,607910.83
2024-10-18 02:00:00,11.21,11.27,11.14,11.26,73843.79,827574.82
2024-10-18 03:00:00,11.26,11.28,11.16,11.16,44651.07,501342.16
2024-10-18 04:00:00,11.16,11.21,11.15,11.17,38338.96,428637.09
2024-10-18 05:00:00,11.17,11.28,11.15,11.27,18482.68,207326.91
2024-10-18 06:00:00,11.27,11.34,11.27,11.32,35559.86,402267.75
2024-10-18 07:00:00,11.32,11.42,11.31,11.42,55021.17,625129.35
2024-10-18 08:00:00,11.42,11.49,11.41,11.44,45081.84,515914.25
2024-10-18 09:00:00,11.44,11.46,11.38,11.42,57773.7,659561.09
2024-10-18 10:00:00,11.42,11.46,11.4,11.4,32933.63,376220.01
2024-10-18 11:00:00,11.4,11.42,11.35,11.36,32501.25,369746.65
2024-10-18 12:00:00,11.36,11.42,11.32,11.33,66885.55,760154.12
2024-10-18 13:00:00,11.33,11.41,11.31,11.41,77492.86,879728.79
2024-10-18 14:00:00,11.41,11.43,11.31,11.4,107010.49,1218520.65
2024-10-18 15:00:00,11.4,11.48,11.34,11.45,99707.38,1138553.28
2024-10-18 16:00:00,11.45,11.5,11.38,11.45,64566.15,738324.91
2024-10-18 17:00:00,11.45,11.45,11.35,11.36,84904.83,967779.6
2024-10-18 18:00:00,11.36,11.45,11.34,11.44,70469.92,803169.14
2024-10-18 19:00:00,11.44,11.48,11.41,11.42,71890.66,822897.02
2024-10-18 20:00:00,11.42,11.43,11.37,11.39,57340.7,653955.8
2024-10-18 21:00:00,11.39,11.42,11.37,11.41,30656.86,349400.02
2024-10-18 22:00:00,11.41,11.44,11.38,11.41,38987.52,444852.42
2024-10-18 23:00:00,11.41,11.49,11.41,11.48,53675.21,615241.93
2024-10-19 00:00:00,11.48,11.55,11.47,11.51,45727.59,526132.35
2024-10-19 01:00:00,11.51,11.58,11.48,11.48,44671.22,515538.85
2024-10-19 02:00:00,11.48,11.54,11.48,11.51,68992.93,794242.09
2024-10-19 03:00:00,11.51,11.6,11.48,11.48,32761.2,378073.94
2024-10-19 04:00:00,11.48,11.51,11.42,11.43,53987.2,618626.06
2024-10-19 05:00:00,11.43,11.47,11.43,11.46,14728.42,168754.46
2024-10-19 06:00:00,11.46,11.47,11.42,11.43,17528.7,200596.43
2024-10-19 07:00:00,11.43,11.43,11.38,11.39,26318.21,300123.57
2024-10-19 08:00:00,11.39,11.4,11.36,11.37,20268.98,230768.22
2024-10-19 09:00:00,11.37,11.37,11.35,11.36,21681.64,246397.1
2024-10-19 10:00:00,11.36,11.39,11.35,11.36,22037.97,250480.97
2024-10-19 11:00:00,11.36,11.38,11.29,11.3,19495.56,221070.11
2024-10-19 12:00:00,11.3,11.36,11.3,11.36,22344.13,253416.05
2024-10-19 13:00:00,11.36,11.37,11.33,11.35,18920.33,214698.73
2024-10-19 14:00:00,11.35,11.41,11.35,11.4,25085.42,285601.2
2024-10-19 15:00:00,11.4,11.41,11.37,11.38,19689.35,224211.17
2024-10-19 16:00:00,11.38,11.39,11.31,11.31,15901.09,180383.36
2024-10-19 17:00:00,11.31,11.36,11.3,11.33,19523.33,221156.69
2024-10-19 18:00:00,11.33,11.4,11.33,11.38,19165.4,217999.52
2024-10-19 19:00:00,11.38,11.41,11.34,11.35,25941.28,295031.14
2024-10-19 20:00:00,11.35,11.37,11.34,11.37,36455.75,414034.02
2024-10-19 21:00:00,11.37,11.4,11.36,11.38,12396.99,141183.56
2024-10-19 22:00:00,11.38,11.44,11.36,11.42,40802.09,464537.88
2024-10-19 23:00:00,11.42,11.45,11.41,11.42,22995.97,262762.77
2024-10-20 00:00:00,11.42,11.45,11.36,11.39,25439.05,290107.36
2024-10-20 01:00:00,11.39,11.4,11.35,11.36,14046.52,159776.65
2024-10-20 02:00:00,11.36,11.4,11.32,11.33,24737.62,281009.83
2024-10-20 03:00:00,11.33,11.34,11.28,11.33,38826.08,439077.7
2024-10-20 04:00:00,11.33,11.38,11.32,11.34,22098.3,250744.62
2024-10-20 05:00:00,11.34,11.37,11.3,11.32,16265.74,184300.49
2024-10-20 06:00:00,11.32,11.38,11.29,11.38,16033.87,181826.89
2024-10-20 07:00:00,11.38,11.4,11.36,11.37,12933.26,147189.91
2024-10-20 08:00:00,11.37,11.43,11.37,11.4,28760.79,328171.77
2024-10-20 09:00:00,11.4,11.49,11.37,11.48,29486.89,337623.06
2024-10-20 10:00:00,11.48,11.57,11.48,11.53,38561.12,445132.64
2024-10-20 11:00:00,11.53,11.68,11.53,11.67,44764.13,520880.99
2024-10-20 12:00:00,11.67,11.72,11.59,11.6,50855.26,593294.96
2024-10-20 13:00:00,11.6,11.81,11.59,11.78,112532.32,1320595.04
2024-10-20 14:00:00,11.78,11.89,11.75,11.89,91219.15,1077334.65
2024-10-20 15:00:00,11.89,11.92,11.77,11.88,80354.28,952038.91
2024-10-20 16:00:00,11.88,12.0,11.87,11.91,105834.69,1264786.26
2024-10-20 17:00:00,11.91,11.93,11.82,11.86,77065.01,914891.26
2024-10-20 18:00:00,11.86,11.88,11.85,11.85,28791.78,341594.37
2024-10-20 19:00:00,11.85,11.87,11.82,11.82,46139.59,546058.24
2024-10-20 20:00:00,11.82,11.88,11.81,11.85,61092.09,724410.42
2024-10-20 21:00:00,11.85,11.9,11.83,11.87,33236.66,394600.85
2024-10-20 22:00:00,11.87,11.99,11.86,11.97,77456.34,923858.95
2024-10-20 23:00:00,11.97,12.03,11.94,11.97,43506.72,521561.35
2024-10-21 00:00:00,11.97,12.02,11.9,11.92,66896.88,800840.59
2024-10-21 01:00:00,11.92,11.95,11.87,11.88,48791.26,581490.4
2024-10-21 02:00:00,11.88,11.9,11.82,11.82,37005.13,439182.16
2024-10-21 03:00:00,11.82,11.88,11.78,11.88,38239.15,452212.49
2024-10-21 04:00:00,11.88,11.99,11.84,11.99,21594.28,257149.46
2024-10-21 05:00:00,11.99,12.01,11.9,11.91,32981.26,394286.0
2024-10-21 06:00:00,11.91,11.98,11.85,11.86,30832.78,367985.78
2024-10-21 07:00:00,11.86,11.95,11.84,11.9,37229.85,443438.91
2024-10-21 08:00:00,11.9,11.96,11.82,11.86,43486.47,516606.76
2024-10-21 09:00:00,11.86,11.92,11.77,11.91,45770.74,542089.65
2024-10-21 10:00:00,11.91,11.93,11.75,11.76,43373.91,512263.78
2024-10-21 11:00:00,11.76,11.81,11.72,11.73,32958.0,387648.55
2024-10-21 12:00:00,11.73,11.75,11.68,11.73,78856.34,924220.71
2024-10-21 13:00:00,11.73,11.75,11.57,11.62,116739.2,1358344.51
2024-10-21 14:00:00,11.62,11.68,11.57,11.64,94389.56,1098092.61
2024-10-21 15:00:00,11.64,11.66,11.54,11.66,70171.14,813068.08
2024-10-21 16:00:00,11.66,11.67,11.56,11.65,33342.23,387254.61
2024-10-21 17:00:00,11.65,11.79,11.65,11.75,61280.56,719018.02
2024-10-21 18:00:00,11.75,11.76,11.65,11.69,79022.9,923322.97
2024-10-21 19:00:00,11.69,11.79,11.69,11.77,49743.39,583427.88
2024-10-21 20:00:00,11.77,11.78,11.73,11.77,21989.39,258485.27
2024-10-21 21:00:00,11.77,11.82,11.74,11.76,22586.3,265928.66
2024-10-21 22:00:00,11.76,11.8,11.72,11.73,28637.09,336738.37
2024-10-21 23:00:00,11.73,11.73,11.69,11.7,27570.43,322863.64
2024-10-22 00:00:00,11.7,11.79,11.59,11.73,84698.6,990067.3
2024-10-22 01:00:00,11.73,11.81,11.69,11.81,52600.0,617852.5
2024-10-22 02:00:00,11.81,11.91,11.73,11.75,63395.44,750691.78
2024-10-22 03:00:00,11.75,11.91,11.75,11.87,41252.69,488721.95
2024-10-22 04:00:00,11.87,11.93,11.83,11.84,60197.52,715090.32
2024-10-22 05:00:00,11.84,11.95,11.84,11.95,31231.03,371966.67
2024-10-22 06:00:00,11.95,12.08,11.95,12.07,66033.35,793471.5
2024-10-22 07:00:00,12.07,12.19,12.06,12.11,70591.97,856478.31
2024-10-22 08:00:00,12.11,12.18,11.95,11.97,75642.41,911404.3
2024-10-22 09:00:00,11.97,12.03,11.87,12.02,85649.99,1023979.86
2024-10-22 10:00:00,12.02,12.16,11.98,12.16,93934.56,1134708.03
2024-10-22 11:00:00,12.16,12.27,12.05,12.17,196470.93,2390637.92
2024-10-22 12:00:00,12.17,12.33,12.12,12.12,128789.09,1576780.5
2024-10-22 13:00:00,12.12,12.21,12.03,12.15,116736.78,1414848.99
2024-10-22 14:00:00,12.15,12.29,12.08,12.15,179418.41,2185249.8
2024-10-22 15:00:00,12.15,12.22,12.05,12.13,95494.8,1159288.79
2024-10-22 16:00:00,12.13,12.13,11.92,11.93,126863.72,1523519.89
2024-10-22 17:00:00,11.93,12.09,11.92,12.07,71754.71,863443.25
2024-10-22 18:00:00,12.07,12.13,11.99,12.01,80804.35,975806.44
2024-10-22 19:00:00,12.01,12.06,11.99,12.0,118494.96,1424842.27
2024-10-22 20:00:00,12.0,12.01,11.95,11.98,73911.68,885885.63
2024-10-22 21:00:00,11.98,12.01,11.93,12.01,33486.92,400500.02
2024-10-22 22:00:00,12.01,12.12,12.0,12.06,44482.29,537050.36
2024-10-22 23:00:00,12.06,12.07,11.95,11.97,42813.51,514085.36
2024-10-23 00:00:00,11.97,11.99,11.82,11.85,98326.72,1167232.76
2024-10-23 01:00:00,11.85,11.94,11.85,11.89,30550.29,363569.61
2024-10-23 02:00:00,11.89,11.89,11.78,11.79,28094.07,331974.36
2024-10-23 03:00:00,11.79,11.81,11.72,11.77,31795.16,373851.26
2024-10-23 04:00:00,11.77,11.78,11.71,11.75,34735.66,408089.86
2024-10-23 05:00:00,11.75,11.76,11.69,11.72,20640.0,241895.64
2024-10-23 06:00:00,11.72,11.81,11.66,11.67,41521.3,487474.12
2024-10-23 07:00:00,11.67,11.7,11.59,11.6,37013.18,430660.09
2024-10-23 08:00:00,11.6,11.64,11.44,11.45,57381.52,662020.58
2024-10-23 09:00:00,11.45,11.47,11.39,11.42,40099.01,457822.59
2024-10-23 10:00:00,11.42,11.44,11.38,11.38,61717.35,704083.98
2024-10-23 11:00:00,11.38,11.44,11.36,11.38,38730.37,441165.46
2024-10-23 12:00:00,11.38,11.39,11.31,11.36,70107.77,795292.43
2024-10-23 13:00:00,11.36,11.45,11.35,11.44,48847.84,557308.12
2024-10-23 14:00:00,11.44,11.45,11.34,11.35,68431.55,780024.06
2024-10-23 15:00:00,11.35,11.37,11.24,11.31,103355.02,1168113.54
2024-10-23 16:00:00,11.31,11.32,11.15,11.17,103716.52,1165292.43
2024-10-23 17:00:00,11.17,11.23,11.13,11.14,79423.66,889075.33
2024-10-23 18:00:00,11.14,11.14,11.01,11.12,180803.3,2001622.7
2024-10-23 19:00:00,11.12,11.26,11.1,11.22,92574.48,1035200.39
2024-10-23 20:00:00,11.22,11.28,11.19,11.26,56352.82,633503.66
2024-10-23 21:00:00,11.26,11.26,11.19,11.2,54663.38,613428.15
2024-10-23 22:00:00,11.2,11.27,11.2,11.23,22856.21,256747.97
2024-10-23 23:00:00,11.23,11.34,11.22,11.32,43206.77,488450.63
2024-10-24 00:00:00,11.32,11.51,11.27,11.51,67444.32,768250.13
2024-10-24 01:00:00,11.51,11.52,11.42,11.44,65227.99,748665.5
2024-10-24 02:00:00,11.44,11.46,11.37,11.43,48131.71,549160.37
2024-10-24 03:00:00,11.43,11.47,11.37,11.37,40284.24,459804.41
2024-10-24 04:00:00,11.37,11.45,11.37,11.43,25633.0,292633.23
2024-10-24 05:00:00,11.43,11.47,11.4,11.4,30296.75,346275.18
2024-10-24 06:00:00,11.4,11.45,11.35,11.35,54989.25,627265.99
2024-10-24 07:00:00,11.35,11.36,11.26,11.28,48797.72,552506.16
2024-10-24 08:00:00,11.28,11.38,11.22,11.23,51627.05,583501.41
2024-10-24 09:00:00,11.23,11.3,11.21,11.25,31722.33,356933.6
2024-10-24 10:00:00,11.25,11.39,11.25,11.29,50098.12,566851.65
2024-10-24 11:00:00,11.29,11.4,11.29,11.38,40853.68,464052.29
2024-10-24 12:00:00,11.38,11.46,11.37,11.43,47000.92,536856.2
2024-10-24 13:00:00,11.43,11.49,11.39,11.47,85325.68,975536.55
2024-10-24 14:00:00,11.47,11.48,11.39,11.44,133027.42,1519173.75
2024-10-24 15:00:00,11.44,11.5,11.4,11.42,62771.23,718447.16
2024-10-24 16:00:00,11.42,11.45,11.36,11.38,38693.26,441386.49
2024-10-24 17:00:00,11.38,11.44,11.35,11.4,42854.36,488363.94
2024-10-24 18:00:00,11.4,11.46,11.4,11.42,37331.65,426642.73
2024-10-24 19:00:00,11.42,11.51,11.41,11.51,40823.3,468429.56
2024-10-24 20:00:00,11.51,11.52,11.48,11.51,30695.26,353097.05
2024-10-24 21:00:00,11.51,11.63,11.51,11.55,53272.31,616835.86
2024-10-24 22:00:00,11.55,11.58,11.52,11.53,42205.51,487898.03
2024-10-24 23:00:00,11.53,11.61,11.52,11.6,41951.18,484331.34
2024-10-25 00:00:00,11.6,11.69,11.6,11.69,91240.34,1063586.19
2024-10-25 01:00:00,11.69,11.82,11.65,11.81,101350.99,1189508.84
2024-10-25 02:00:00,11.81,12.02,11.79,12.01,166074.65,1975731.76
2024-10-25 03:00:00,12.01,12.08,11.88,11.89,153593.81,1841859.78
2024-10-25 04:00:00,11.89,11.92,11.72,11.74,112032.27,1323353.14
2024-10-25 05:00:00,11.74,11.77,11.65,11.66,47493.52,556460.04
2024-10-25 06:00:00,11.66,11.84,11.65,11.81,40773.43,478958.17
2024-10-25 07:00:00,11.81,11.81,11.65,11.68,51456.03,602704.04
2024-10-25 08:00:00,11.68,11.84,11.57,11.79,51430.66,600309.23
2024-10-25 09:00:00,11.79,11.87,11.76,11.84,47125.75,556690.82
2024-10-25 10:00:00,11.84,11.86,11.78,11.78,27624.58,326150.42
2024-10-25 11:00:00,11.78,11.82,11.73,11.81,61791.41,727655.51
2024-10-25 12:00:00,11.81,11.93,11.8,11.8,55922.92,663219.38
2024-10-25 13:00:00,11.8,11.95,11.73,11.95,89057.39,1050794.71
2024-10-25 14:00:00,11.95,11.99,11.87,11.97,140799.77,1683404.09
2024-10-25 15:00:00,11.97,11.98,11.76,11.82,77138.65,917216.06
2024-10-25 16:00:00,11.82,11.92,11.68,11.73,112155.42,1321316.8
2024-10-25 17:00:00,11.73,11.81,11.57,11.58,86775.59,1013509.41
2024-10-25 18:00:00,11.58,11.71,11.33,11.57,313119.21,3608450.66
2024-10-25 19:00:00,11.57,11.61,11.42,11.58,126734.56,1459686.52
2024-10-25 20:00:00,11.58,11.68,11.5,11.6,94605.62,1096650.8
2024-10-25 21:00:00,11.6,11.75,11.6,11.7,75455.4,882788.47
2024-10-25 22:00:00,11.7,11.71,11.45,11.45,47653.09,552327.17
2024-10-25 23:00:00,11.45,11.47,10.8,11.12,571920.58,6291061.13
2024-10-26 00:00:00,11.12,11.23,10.95,11.18,216881.04,2404410.14
2024-10-26 01:00:00,11.18,11.25,11.09,11.1,101795.29,1137212.89
2024-10-26 02:00:00,11.1,11.35,11.02,11.26,136989.95,1535547.8
2024-10-26 03:00:00,11.26,11.37,11.21,11.32,109448.94,1238700.94
2024-10-26 04:00:00,11.32,11.34,11.28,11.29,41647.52,470951.84
2024-10-26 05:00:00,11.29,11.37,11.28,11.32,69279.29,785608.46
2024-10-26 06:00:00,11.32,11.33,11.25,11.25,42406.62,478827.84
2024-10-26 07:00:00,11.25,11.27,11.08,11.08,80488.66,899373.24
2024-10-26 08:00:00,11.08,11.16,11.07,11.14,33647.7,374410.19
2024-10-26 09:00:00,11.14,11.21,11.12,11.13,45952.96,513122.47
2024-10-26 10:00:00,11.13,11.15,11.08,11.12,30374.97,337484.22
2024-10-26 11:00:00,11.12,11.13,11.06,11.08,70814.51,785039.53
2024-10-26 12:00:00,11.08,11.11,11.07,11.08,61628.78,683125.49
2024-10-26 13:00:00,11.08,11.08,10.95,10.95,89756.24,989124.31
2024-10-26 14:00:00,10.95,10.96,10.82,10.83,95570.29,1042023.1
2024-10-26 15:00:00,10.83,10.9,10.81,10.84,99034.12,1075037.93
2024-10-26 16:00:00,10.84,10.94,10.83,10.92,15993.24,173868.19
2024-10-26 17:00:00,10.92,11.02,10.92,10.95,26643.43,292157.75
2024-10-26 18:00:00,10.95,10.96,10.9,10.9,73525.57,803621.85
2024-10-26 19:00:00,10.9,10.99,10.9,10.96,48130.73,527335.09
2024-10-26 20:00:00,10.96,11.09,10.96,11.05,31197.0,344352.42
2024-10-26 21:00:00,11.05,11.06,10.98,11.0,47030.89,517814.06
2024-10-26 22:00:00,11.0,11.02,10.97,10.99,43821.63,481659.84
2024-10-26 23:00:00,10.99,11.04,10.96,10.99,34576.94,379843.88
2024-10-27 00:00:00,10.99,11.0,10.9,10.9,39534.37,432447.5
2024-10-27 01:00:00,10.9,10.96,10.89,10.94,46319.05,505485.64
2024-10-27 02:00:00,10.94,10.96,10.89,10.89,18657.59,203651.77
2024-10-27 03:00:00,10.89,11.04,10.89,11.03,27942.5,306753.0
2024-10-27 04:00:00,11.03,11.04,10.97,10.97,29515.17,324863.47
2024-10-27 05:00:00,10.97,10.98,10.93,10.96,11688.95,128031.52
2024-10-27 06:00:00,10.96,10.96,10.93,10.95,9925.31,108664.16
2024-10-27 07:00:00,10.95,10.95,10.91,10.93,13852.62,151395.06
2024-10-27 08:00:00,10.93,10.97,10.92,10.94,17256.52,188888.32
2024-10-27 09:00:00,10.94,10.94,10.87,10.89,37449.19,408007.75
2024-10-27 10:00:00,10.89,10.89,10.84,10.86,27604.37,299786.89
2024-10-27 11:00:00,10.86,10.93,10.85,10.88,17968.38,195657.91
2024-10-27 12:00:00,10.88,10.98,10.86,10.93,31817.82,347439.16
2024-10-27 13:00:00,10.93,11.07,10.93,11.01,56952.83,627302.8
2024-10-27 14:00:00,11.01,11.05,11.0,11.04,40583.94,447645.88
2024-10-27 15:00:00,11.04,11.11,11.04,11.09,30928.74,342215.3
2024-10-27 16:00:00,11.09,11.16,11.07,11.13,45566.0,506221.67
2024-10-27 17:00:00,11.13,11.13,11.03,11.04,35592.52,394145.22
2024-10-27 18:00:00,11.04,11.05,10.92,10.92,50708.84,556634.2
2024-10-27 19:00:00,10.92,10.97,10.88,10.95,75325.37,822089.25
2024-10-27 20:00:00,10.95,10.99,10.93,10.93,58554.36,641427.49
2024-10-27 21:00:00,10.93,11.04,10.92,11.0,37829.85,415321.84
2024-10-27 22:00:00,11.0,11.1,11.0,11.02,51680.53,571198.86
2024-10-27 23:00:00,11.02,11.08,10.97,10.97,132984.21,1467415.1
2024-10-28 00:00:00,10.97,11.0,10.93,10.94,34802.34,381807.18
2024-10-28 01:00:00,10.94,10.97,10.89,10.91,44295.32,483500.23
2024-10-28 02:00:00,10.91,10.93,10.85,10.86,43686.63,475437.81
2024-10-28 03:00:00,10.86,10.91,10.76,10.77,61767.51,668903.53
2024-10-28 04:00:00,10.77,10.81,10.74,10.79,43582.02,469411.32
2024-10-28 05:00:00,10.79,10.83,10.7,10.8,34024.03,366303.74
2024-10-28 06:00:00,10.8,10.85,10.78,10.84,30388.21,328483.44
2024-10-28 07:00:00,10.84,11.01,10.83,10.96,54859.05,601293.6
2024-10-28 08:00:00,10.96,11.01,10.94,10.99,26499.8,290926.22
2024-10-28 09:00:00,10.99,11.13,10.95,11.13,47417.06,522987.68
2024-10-28 10:00:00,11.13,11.15,11.08,11.09,31421.49,349090.04
2024-10-28 11:00:00,11.09,11.12,11.05,11.1,21470.97,238074.59
2024-10-28 12:00:00,11.1,11.16,11.05,11.16,55059.81,612188.51
2024-10-28 13:00:00,11.16,11.17,11.0,11.01,149996.8,1665616.74
2024-10-28 14:00:00,11.01,11.05,10.92,10.93,114451.58,1256511.51
2024-10-28 15:00:00,10.93,10.93,10.8,10.81,99362.44,1079307.17
2024-10-28 16:00:00,10.81,10.92,10.78,10.86,105585.14,1146134.66
2024-10-28 17:00:00,10.86,10.93,10.74,10.82,98262.8,1064543.72
2024-10-28 18:00:00,10.82,10.91,10.81,10.9,75115.0,816195.04
2024-10-28 19:00:00,10.9,11.07,10.89,10.99,159463.25,1756221.57
2024-10-28 20:00:00,10.99,11.05,10.97,11.05,55646.77,613000.12
2024-10-28 21:00:00,11.05,11.15,11.01,11.15,64867.47,718181.33
2024-10-28 22:00:00,11.15,11.25,11.15,11.2,157051.29,1757593.83
2024-10-28 23:00:00,11.2,11.24,11.16,11.18,76493.39,856379.75
2024-10-29 00:00:00,11.18,11.29,11.14,11.24,58799.46,658453.59
2024-10-29 01:00:00,11.24,11.27,11.2,11.26,42223.35,473886.06
2024-10-29 02:00:00,11.26,11.47,11.23,11.45,180699.26,2059025.61
2024-10-29 03:00:00,11.45,11.47,11.38,11.41,121363.95,1385241.89
2024-10-29 04:00:00,11.41,11.52,11.4,11.47,58759.24,673982.0
2024-10-29 05:00:00,11.47,11.52,11.43,11.48,58973.53,677084.69
2024-10-29 06:00:00,11.48,11.51,11.45,11.47,32422.86,372298.96
2024-10-29 07:00:00,11.47,11.5,11.44,11.47,36453.66,418123.19
2024-10-29 08:00:00,11.47,11.57,11.47,11.5,57674.79,665250.01
2024-10-29 09:00:00,11.5,11.52,11.47,11.49,40544.9,466181.81
2024-10-29 10:00:00,11.49,11.54,11.45,11.5,56451.24,648687.39
2024-10-29 11:00:00,11.5,11.54,11.48,11.48,56047.9,645535.57
2024-10-29 12:00:00,11.48,11.51,11.46,11.46,55499.66,637046.41
2024-10-29 13:00:00,11.46,11.5,11.43,11.5,70643.19,810518.79
2024-10-29 14:00:00,11.5,11.52,11.4,11.49,73409.51,842021.32
2024-10-29 15:00:00,11.49,11.55,11.46,11.55,111251.5,1280295.44
2024-10-29 16:00:00,11.55,11.73,11.55,11.7,200660.7,2334219.11
2024-10-29 17:00:00,11.7,11.73,11.58,11.59,97988.12,1143656.56
2024-10-29 18:00:00,11.59,11.67,11.56,11.65,52692.63,612029.39
2024-10-29 19:00:00,11.65,11.68,11.48,11.54,121585.33,1406563.91
2024-10-29 20:00:00,11.54,11.58,11.46,11.56,87452.16,1008251.95
2024-10-29 21:00:00,11.56,11.63,11.55,11.62,47099.73,546297.24
2024-10-29 22:00:00,11.62,11.78,11.62,11.75,141538.69,1658339.71
2024-10-29 23:00:00,11.75,11.8,11.74,11.79,85322.68,1004242.35
2024-10-30 00:00:00,11.79,11.83,11.74,11.75,65058.93,767384.64
2024-10-30 01:00:00,11.75,11.82,11.65,11.82,66682.22,781391.17
2024-10-30 02:00:00,11.82,11.89,11.81,11.87,86576.82,1026582.65
2024-10-30 03:00:00,11.87,12.0,11.86,11.99,82039.68,981043.46
2024-10-30 04:00:00,11.99,12.03,11.93,11.95,48543.44,581516.55
2024-10-30 05:00:00,11.95,12.03,11.95,12.02,40753.59,488826.29
2024-10-30 06:00:00,12.02,12.14,12.01,12.02,43217.51,520936.55
2024-10-30 07:00:00,12.02,12.03,11.93,11.96,45561.26,545949.73
2024-10-30 08:00:00,11.96,12.01,11.86,11.88,50005.34,596958.76
2024-10-30 09:00:00,11.88,11.97,11.87,11.97,35282.36,420658.5
2024-10-30 10:00:00,11.97,12.11,11.95,12.03,76392.71,920392.27
2024-10-30 11:00:00,12.03,12.05,11.94,11.95,43194.41,518465.39
2024-10-30 12:00:00,11.95,12.14,11.91,12.11,112382.12,1350844.91
2024-10-30 13:00:00,12.11,12.15,11.99,12.14,85067.68,1027074.3
2024-10-30 14:00:00,12.14,12.37,12.14,12.34,208308.2,2555516.38
2024-10-30 15:00:00,12.34,12.37,12.15,12.22,162939.04,1992894.37
2024-10-30 16:00:00,12.22,12.3,12.11,12.3,105360.56,1285230.71
2024-10-30 17:00:00,12.3,12.3,12.16,12.19,94437.3,1151514.96
2024-10-30 18:00:00,12.19,12.27,12.19,12.25,66062.68,808151.38
2024-10-30 19:00:00,12.25,12.28,12.17,12.24,102225.57,1249605.22
2024-10-30 20:00:00,12.24,12.28,12.09,12.26,182337.4,2228400.26
2024-10-30 21:00:00,12.26,12.3,12.17,12.26,65403.92,800673.05
2024-10-30 22:00:00,12.26,12.44,12.23,12.43,149106.41,1840270.88
2024-10-30 23:00:00,12.43,12.45,12.36,12.39,49383.2,612670.12
2024-10-31 00:00:00,12.39,12.46,12.33,12.35,73938.62,915952.89
2024-10-31 01:00:00,12.35,12.38,12.2,12.29,63902.65,786110.33
2024-10-31 02:00:00,12.29,12.29,12.21,12.28,63728.4,780929.85
2024-10-31 03:00:00,12.28,12.4,12.26,12.4,44272.38,547262.99
2024-10-31 04:00:00,12.4,12.4,12.28,12.28,29876.33,368486.56
2024-10-31 05:00:00,12.28,12.3,12.22,12.26,47268.44,579128.73
2024-10-31 06:00:00,12.26,12.29,12.18,12.18,45946.99,561576.14
2024-10-31 07:00:00,12.18,12.19,12.1,12.19,89503.74,1085718.05
2024-10-31 08:00:00,12.19,12.19,12.05,12.1,34887.86,421768.73
2024-10-31 09:00:00,12.1,12.13,12.06,12.06,26562.66,321381.31
2024-10-31 10:00:00,12.06,12.11,12.02,12.08,52762.96,636988.18
2024-10-31 11:00:00,12.08,12.14,12.01,12.13,29531.18,356029.9
2024-10-31 12:00:00,12.13,12.14,12.07,12.11,40559.04,490650.62
2024-10-31 13:00:00,12.11,12.16,11.97,12.0,105968.5,1277969.5
2024-10-31 14:00:00,12.0,12.0,11.74,11.76,258270.8,3061451.74
2024-10-31 15:00:00,11.76,11.85,11.71,11.77,133016.0,1567621.36
2024-10-31 16:00:00,11.77,11.78,11.66,11.66,69299.84,811494.67
2024-10-31 17:00:00,11.66,11.7,11.55,11.6,70327.85,817122.44
2024-10-31 18:00:00,11.6,11.6,11.45,11.51,134174.16,1541035.06
2024-10-31 19:00:00,11.51,11.54,11.37,11.39,67329.85,771652.49
2024-10-31 20:00:00,11.39,11.42,11.32,11.42,78486.32,893328.74
2024-10-31 21:00:00,11.42,11.52,11.38,11.47,56764.35,651221.6
2024-10-31 22:00:00,11.47,11.47,11.31,11.42,89882.63,1022762.61
2024-10-31 23:00:00,11.42,11.47,11.4,11.4,45035.21,515380.84
2024-11-01 00:00:00,11.4,11.43,11.36,11.39,43410.14,494914.81
2024-11-01 01:00:00,11.39,11.42,11.28,11.34,91840.81,1042194.52
2024-11-01 02:00:00,11.34,11.4,11.2,11.38,98404.96,1112628.9
2024-11-01 03:00:00,11.38,11.48,11.35,11.38,68468.52,780813.48
2024-11-01 04:00:00,11.38,11.49,11.37,11.47,28507.96,326134.81
2024-11-01 05:00:00,11.47,11.48,11.4,11.4,40285.92,460111.93
2024-11-01 06:00:00,11.4,11.41,11.32,11.33,48416.91,550080.56
2024-11-01 07:00:00,11.33,11.39,11.25,11.3,65212.87,738120.4
2024-11-01 08:00:00,11.3,11.38,11.26,11.27,33671.04,381619.39
2024-11-01 09:00:00,11.27,11.35,11.25,11.32,22440.14,253823.11
2024-11-01 10:00:00,11.32,11.37,11.28,11.3,49347.79,558570.0
2024-11-01 11:00:00,11.3,11.38,11.3,11.32,59840.41,678412.15
2024-11-01 12:00:00,11.32,11.46,11.3,11.41,90052.51,1026325.67
2024-11-01 13:00:00,11.41,11.55,11.33,11.55,97076.83,1107351.31
2024-11-01 14:00:00,11.55,11.72,11.48,11.68,233370.43,2714444.58
2024-11-01 15:00:00,11.68,11.7,11.19,11.32,280963.91,3201689.45
2024-11-01 16:00:00,11.32,11.57,11.3,11.43,109148.21,1250804.56
2024-11-01 17:00:00,11.43,11.49,11.37,11.38,92361.09,1054622.75
2024-11-01 18:00:00,11.38,11.39,11.32,11.35,78745.62,893705.62
2024-11-01 19:00:00,11.35,11.36,11.28,11.33,46081.88,521566.28
2024-11-01 20:00:00,11.33,11.38,11.31,11.33,41178.96,467196.38
2024-11-01 21:00:00,11.33,11.33,11.15,11.27,73729.61,826684.93
2024-11-01 22:00:00,11.27,11.33,11.23,11.29,44306.03,499755.39
2024-11-01 23:00:00,11.29,11.3,11.24,11.25,21261.83,239575.56
2024-11-02 00:00:00,11.25,11.38,11.24,11.31,27502.54,311401.8
2024-11-02 01:00:00,11.31,11.32,11.27,11.3,16552.69,186964.02
2024-11-02 02:00:00,11.3,11.39,11.3,11.33,25882.8,293757.85
2024-11-02 03:00:00,11.33,11.36,11.27,11.29,15970.64,180587.66
2024-11-02 04:00:00,11.29,11.31,11.2,11.21,26063.87,293167.91
2024-11-02 05:00:00,11.21,11.32,11.18,11.28,18750.63,210844.72
2024-11-02 06:00:00,11.28,11.29,11.21,11.23,20437.46,229765.77
2024-11-02 07:00:00,11.23,11.29,11.2,11.25,32484.89,365217.59
2024-11-02 08:00:00,11.25,11.26,11.16,11.17,32557.04,364520.34
2024-11-02 09:00:00,11.17,11.27,11.15,11.2,41139.59,460491.82
2024-11-02 10:00:00,11.2,11.21,11.16,11.2,41055.36,459247.86
2024-11-02 11:00:00,11.2,11.22,11.16,11.18,20351.64,227786.5
2024-11-02 12:00:00,11.18,11.22,11.11,11.14,151492.48,1688163.96
2024-11-02 13:00:00,11.14,11.21,11.08,11.11,111088.03,1235522.12
2024-11-02 14:00:00,11.11,11.17,11.08,11.15,68380.11,759835.24
2024-11-02 15:00:00,11.15,11.2,11.08,11.17,36256.45,403804.82
2024-11-02 16:00:00,11.17,11.2,11.15,11.18,45636.51,509998.64
2024-11-02 17:00:00,11.18,11.23,11.1,11.12,70825.56,791440.65
2024-11-02 18:00:00,11.12,11.17,11.1,11.13,141440.09,1574627.29
2024-11-02 19:00:00,11.13,11.18,11.16,11.18,87888.96,982419.76
2024-11-02 20:00:00,11.18,11.27,11.18,11.26,26703.21,299610.14
2024-11-02 21:00:00,11.26,11.26,11.2,11.22,18085.88,203043.69
2024-11-02 22:00:00,11.22,11.22,11.18,11.19,14675.21,164336.14
2024-11-02 23:00:00,11.19,11.19,11.13,11.18,20419.26,227687.76
2024-11-03 00:00:00,11.18,11.23,11.15,11.15,29278.78,327386.15
2024-11-03 01:00:00,11.15,11.22,11.13,11.15,27946.83,312378.78
2024-11-03 02:00:00,11.15,11.18,10.85,10.91,141330.12,1549034.99
2024-11-03 03:00:00,10.91,10.98,10.83,10.95,57000.4,622105.3
2024-11-03 04:00:00,10.95,11.02,10.95,10.99,22987.35,252412.82
2024-11-03 05:00:00,10.99,10.99,10.92,10.93,20149.24,220836.75
2024-11-03 06:00:00,10.93,11.05,10.93,11.02,16282.48,178867.39
2024-11-03 07:00:00,11.03,11.0,10.98,10.98,26560.59,291757.91
2024-11-03 08:00:00,10.98,11.02,11.0,11.0,73970.5,813668.69
2024-11-03 09:00:00,11.0,10.96,10.96,10.96,101430.47,1111404.7
2024-11-03 10:00:00,10.96,11.04,10.95,10.99,16718.74,183884.41
2024-11-03 11:00:00,10.99,11.02,10.9,10.92,33707.8,369509.01
2024-11-03 12:00:00,10.92,10.95,10.87,10.87,31892.92,347913.23
2024-11-03 13:00:00,10.87,10.89,10.72,10.72,89847.06,969589.65
2024-11-03 14:00:00,10.72,10.75,10.59,10.63,122486.45,1305828.23
2024-11-03 15:00:00,10.63,10.71,10.54,10.71,100574.36,1067293.62
2024-11-03 16:00:00,10.71,10.77,10.63,10.65,70855.81,758301.44
2024-11-03 17:00:00,10.65,10.76,10.65,10.69,45767.95,490910.78
2024-11-03 18:00:00,10.69,10.71,10.51,10.55,64721.03,684433.68
2024-11-03 19:00:00,10.55,10.73,10.55,10.72,51007.07,544216.01
2024-11-03 20:00:00,10.72,10.76,10.67,10.75,71794.72,769082.06
2024-11-03 21:00:00,10.75,10.82,10.75,10.79,49713.75,535595.56
2024-11-03 22:00:00,10.79,10.84,10.76,10.79,28843.45,311707.93
2024-11-03 23:00:00,10.79,10.79,10.73,10.76,50123.78,538968.53
2024-11-04 00:00:00,10.76,10.76,10.6,10.68,40026.2,426758.48
2024-11-04 01:00:00,10.68,10.84,10.68,10.79,43542.79,468758.79
2024-11-04 02:00:00,10.79,10.87,10.76,10.87,35350.05,382518.19
2024-11-04 03:00:00,10.87,10.91,10.79,10.79,31395.12,340146.59
2024-11-04 04:00:00,10.79,10.86,10.77,10.78,21715.33,234716.46
2024-11-04 05:00:00,10.78,10.79,10.65,10.66,23657.69,253318.46
2024-11-04 06:00:00,10.66,10.75,10.66,10.74,15821.96,169424.74
2024-11-04 07:00:00,10.74,10.74,10.62,10.62,38651.85,412590.01
2024-11-04 08:00:00,10.62,10.66,10.54,10.57,44289.09,469714.03
2024-11-04 09:00:00,10.57,10.64,10.52,10.58,27769.24,293571.45
2024-11-04 10:00:00,10.58,10.71,10.57,10.61,22177.46,236257.01
2024-11-04 11:00:00,10.61,10.69,10.58,10.64,24699.11,263002.06
2024-11-04 12:00:00,10.64,10.71,10.61,10.63,26704.0,284585.39
2024-11-04 13:00:00,10.63,10.71,10.54,10.54,57498.67,611757.56
2024-11-04 14:00:00,10.54,10.56,10.45,10.48,80329.7,843374.74
2024-11-04 15:00:00,10.48,10.52,10.37,10.39,131122.01,1365604.08
2024-11-04 16:00:00,10.39,10.43,10.26,10.29,245633.4,2542313.09
2024-11-04 17:00:00,10.29,10.36,10.27,10.28,63843.66,657643.17
2024-11-04 18:00:00,10.28,10.34,10.23,10.32,58696.31,604313.33
2024-11-04 19:00:00,10.32,10.38,10.32,10.36,40376.45,418264.26
2024-11-04 20:00:00,10.36,10.37,10.28,10.31,44243.22,456700.57
2024-11-04 21:00:00,10.31,10.36,10.07,10.12,140725.02,1433539.45
2024-11-04 22:00:00,10.12,10.32,10.09,10.28,67102.65,687393.83
2024-11-04 23:00:00,10.28,10.29,10.22,10.25,126496.57,1296594.06
2024-11-05 00:00:00,10.25,10.33,10.25,10.29,71698.16,738033.32
2024-11-05 01:00:00,10.29,10.33,10.18,10.31,72635.57,744607.31
2024-11-05 02:00:00,10.31,10.35,10.29,10.32,51886.33,535619.32
2024-11-05 03:00:00,10.32,10.41,10.32,10.41,46351.24,480961.25
2024-11-05 04:00:00,10.41,10.48,10.41,10.44,38203.04,398775.76
2024-11-05 05:00:00,10.44,10.5,10.44,10.49,47602.17,497867.56
2024-11-05 06:00:00,10.49,10.5,10.45,10.47,28698.64,300618.36
2024-11-05 07:00:00,10.47,10.52,10.43,10.51,28232.08,295619.75
2024-11-05 08:00:00,10.51,10.55,10.49,10.55,21822.46,229482.87
2024-11-05 09:00:00,10.55,10.59,10.53,10.53,59622.99,629741.13
2024-11-05 10:00:00,10.53,10.56,10.51,10.55,24040.82,253305.48
2024-11-05 11:00:00,10.55,10.62,10.55,10.6,44660.74,473204.31
2024-11-05 12:00:00,10.6,10.63,10.56,10.62,49270.38,522215.69
2024-11-05 13:00:00,10.62,10.65,10.58,10.64,103901.28,1102781.02
2024-11-05 14:00:00,10.64,10.9,10.63,10.85,162809.81,1758019.89
2024-11-05 15:00:00,10.85,10.88,10.69,10.77,123987.89,1338058.36
2024-11-05 16:00:00,10.77,10.93,10.75,10.91,104882.97,1139123.47
2024-11-05 17:00:00,10.91,10.94,10.86,10.86,110106.02,1199558.52
2024-11-05 18:00:00,10.86,10.92,10.85,10.9,47735.39,519816.09
2024-11-05 19:00:00,10.9,10.92,10.62,10.66,78146.8,841875.03
2024-11-05 20:00:00,10.66,10.84,10.62,10.8,97274.43,1047368.14
2024-11-05 21:00:00,10.8,10.82,10.76,10.77,78398.44,847274.79
2024-11-05 22:00:00,10.77,10.86,10.71,10.86,39590.67,426932.25
2024-11-05 23:00:00,10.86,10.91,10.82,10.83,69710.47,757297.93
2024-11-06 00:00:00,10.83,11.08,10.8,11.06,253270.44,2775717.92
2024-11-06 01:00:00,11.06,11.17,11.01,11.12,138371.49,1535785.67
2024-11-06 02:00:00,11.12,11.52,11.09,11.48,193427.89,2197755.69
2024-11-06 03:00:00,11.48,11.77,11.48,11.69,402679.1,4691562.3
2024-11-06 04:00:00,11.69,11.8,11.66,11.66,232055.18,2722105.65
2024-11-06 05:00:00,11.66,11.79,11.58,11.77,140841.11,1645946.36
2024-11-06 06:00:00,11.77,11.93,11.72,11.73,189628.44,2241480.57
2024-11-06 07:00:00,11.73,11.96,11.72,11.75,190891.26,2258631.47
2024-11-06 08:00:00,11.75,11.81,11.55,11.8,280008.01,3265029.11
2024-11-06 09:00:00,11.8,11.88,11.79,11.83,129840.99,1536661.97
2024-11-06 10:00:00,11.83,11.9,11.79,11.84,126594.6,1499386.01
2024-11-06 11:00:00,11.84,11.88,11.81,11.84,140468.72,1663710.81
2024-11-06 12:00:00,11.84,11.9,11.82,11.84,80886.78,959364.0
2024-11-06 13:00:00,11.84,11.87,11.76,11.78,123312.63,1456622.74
2024-11-06 14:00:00,11.78,11.86,11.67,11.69,190584.41,2240092.15
2024-11-06 15:00:00,11.69,11.9,11.68,11.82,190021.32,2248393.75
2024-11-06 16:00:00,11.82,11.91,11.73,11.87,182864.98,2167676.01
2024-11-06 17:00:00,11.87,11.88,11.82,11.83,143438.06,1699684.35
2024-11-06 18:00:00,11.83,11.89,11.83,11.88,232426.42,2757701.46
2024-11-06 19:00:00,11.88,11.98,11.87,11.98,155752.0,1859399.03
2024-11-06 20:00:00,11.98,12.04,11.95,12.02,136601.76,1638565.32
2024-11-06 21:00:00,12.02,12.11,11.98,12.1,116074.87,1398943.85
2024-11-06 22:00:00,12.1,12.31,12.07,12.28,177018.86,2156149.2
2024-11-06 23:00:00,12.28,12.32,12.14,12.18,171978.82,2102809.75
2024-11-07 00:00:00,12.18,12.2,12.08,12.17,157154.79,1906339.61
2024-11-07 01:00:00,12.17,12.57,12.17,12.42,241736.61,2996283.3
2024-11-07 02:00:00,12.42,12.67,12.42,12.66,135308.7,1696831.97
2024-11-07 03:00:00,12.66,12.71,12.51,12.56,264160.22,3330711.02
2024-11-07 04:00:00,12.56,12.57,12.39,12.5,246812.73,3076677.83
2024-11-07 05:00:00,12.5,12.52,12.42,12.45,48828.76,609313.61
2024-11-07 06:00:00,12.45,12.45,12.21,12.3,131500.05,1619541.46
2024-11-07 07:00:00,12.3,12.36,12.27,12.3,67397.88,830103.63
2024-11-07 08:00:00,12.3,12.4,12.27,12.38,41241.17,508849.07
2024-11-07 09:00:00,12.38,12.38,12.28,12.33,47502.19,585603.57
2024-11-07 10:00:00,12.33,12.33,12.23,12.3,60370.21,740840.93
2024-11-07 11:00:00,12.3,12.33,12.22,12.23,64509.94,792302.06
2024-11-07 12:00:00,12.23,12.32,12.23,12.32,65158.6,800385.33
2024-11-07 13:00:00,12.32,12.36,12.15,12.16,105406.23,1290141.78
2024-11-07 14:00:00,12.16,12.3,12.13,12.23,106153.04,1296051.11
2024-11-07 15:00:00,12.23,12.46,12.21,12.46,96821.03,1194937.79
2024-11-07 16:00:00,12.46,12.52,12.32,12.51,122420.6,1522181.25
2024-11-07 17:00:00,12.51,12.58,12.43,12.48,138336.2,1728264.59
2024-11-07 18:00:00,12.48,12.58,12.37,12.57,157201.25,1961156.7
2024-11-07 19:00:00,12.57,12.6,12.46,12.58,146117.64,1830839.32
2024-11-07 20:00:00,12.58,12.65,12.56,12.63,107104.17,1351034.28
2024-11-07 21:00:00,12.63,12.69,12.61,12.61,66697.72,844540.33
2024-11-07 22:00:00,12.61,12.64,12.47,12.55,145860.21,1828258.67
2024-11-07 23:00:00,12.55,12.67,12.46,12.6,81769.01,1026635.73
2024-11-08 00:00:00,12.6,12.83,12.6,12.72,173051.13,2206501.47
2024-11-08 01:00:00,12.72,12.81,12.63,12.71,98592.27,1254218.99
2024-11-08 02:00:00,12.71,12.74,12.55,12.55,75221.1,948669.29
2024-11-08 03:00:00,12.55,12.64,12.53,12.64,45001.8,566316.16
2024-11-08 04:00:00,12.64,12.82,12.64,12.71,62206.0,792419.29
2024-11-08 05:00:00,12.71,12.85,12.69,12.84,140338.79,1794600.31
2024-11-08 06:00:00,12.84,12.87,12.74,12.76,74229.73,950032.11
2024-11-08 07:00:00,12.76,12.87,12.68,12.84,115547.66,1474672.65
2024-11-08 08:00:00,12.84,12.84,12.69,12.79,75975.54,969031.94
2024-11-08 09:00:00,12.79,12.99,12.77,12.97,146525.83,1892203.15
2024-11-08 10:00:00,12.97,13.0,12.85,12.98,108197.17,1398665.09
2024-11-08 11:00:00,12.98,13.02,12.89,13.0,109799.57,1424547.55
2024-11-08 12:00:00,13.0,13.33,13.0,13.32,308340.32,4049447.75
2024-11-08 13:00:00,13.32,13.33,13.17,13.31,155803.67,2062008.96
2024-11-08 14:00:00,13.31,13.4,13.04,13.2,299387.32,3956465.63
2024-11-08 15:00:00,13.2,13.42,13.15,13.29,269987.8,3590667.24
2024-11-08 16:00:00,13.29,13.41,13.09,13.11,199976.51,2645102.0
2024-11-08 17:00:00,13.11,13.31,12.99,13.24,242133.2,3180859.14
2024-11-08 18:00:00,13.24,13.43,13.13,13.43,125004.42,1662128.41
2024-11-08 19:00:00,13.43,13.59,13.42,13.54,204693.22,2768436.76
2024-11-08 20:00:00,13.54,13.66,13.42,13.46,120382.33,1632081.28
2024-11-08 21:00:00,13.46,13.58,13.35,13.54,94280.25,1269572.98
2024-11-08 22:00:00,13.54,13.72,13.51,13.68,166898.7,2275435.57
2024-11-08 23:00:00,13.68,13.76,13.59,13.7,133582.54,1828137.7
2024-11-09 00:00:00,13.7,13.7,13.49,13.51,120516.36,1635617.79
2024-11-09 01:00:00,13.51,13.55,13.42,13.43,122829.25,1657281.95
2024-11-09 02:00:00,13.43,13.52,13.41,13.44,63510.84,854036.01
2024-11-09 03:00:00,13.44,13.47,13.29,13.36,56374.76,753616.41
2024-11-09 04:00:00,13.36,13.43,13.35,13.4,39507.13,528651.68
2024-11-09 05:00:00,13.4,13.73,13.38,13.7,94738.76,1285284.59
2024-11-09 06:00:00,13.7,13.71,13.46,13.47,98728.35,1343847.95
2024-11-09 07:00:00,13.47,13.51,13.4,13.51,76047.97,1022048.53
2024-11-09 08:00:00,13.51,13.56,13.47,13.48,41324.38,558616.94
2024-11-09 09:00:00,13.48,13.52,13.45,13.49,47855.19,645369.33
2024-11-09 10:00:00,13.49,13.56,13.46,13.51,68688.76,928319.28
2024-11-09 11:00:00,13.51,13.65,13.5,13.62,61187.48,830408.84
2024-11-09 12:00:00,13.62,13.63,13.47,13.47,46430.83,629298.13
2024-11-09 13:00:00,13.47,13.64,13.34,13.53,288421.51,3888746.39
2024-11-09 14:00:00,13.53,13.53,13.41,13.53,61956.45,834779.11
2024-11-09 15:00:00,13.53,13.56,13.48,13.53,50401.99,681129.82
2024-11-09 16:00:00,13.53,13.55,13.41,13.42,37763.9,508507.93
2024-11-09 17:00:00,13.42,13.46,13.31,13.46,98318.56,1315104.65
2024-11-09 18:00:00,13.46,13.59,13.43,13.58,50067.49,677044.98
2024-11-09 19:00:00,13.58,13.67,13.54,13.56,101757.59,1383384.39
2024-11-09 20:00:00,13.56,13.63,13.53,13.57,94008.43,1277916.37
2024-11-09 21:00:00,13.57,13.58,13.49,13.49,77205.32,1044763.42
2024-11-09 22:00:00,13.49,13.79,13.47,13.76,118360.36,1609864.48
2024-11-09 23:00:00,13.76,13.84,13.71,13.78,178454.95,2458419.12
2024-11-10 00:00:00,13.78,13.85,13.7,13.76,143256.48,1974485.89
2024-11-10 01:00:00,13.76,13.91,13.73,13.82,129725.34,1794152.47
2024-11-10 02:00:00,13.82,14.04,13.82,13.92,183288.39,2560701.16
2024-11-10 03:00:00,13.92,14.06,13.92,13.93,133442.2,1865925.55
2024-11-10 04:00:00,13.93,14.44,13.92,14.39,387438.03,5519310.09
2024-11-10 05:00:00,14.39,14.6,14.3,14.43,550142.99,7954066.67
2024-11-10 06:00:00,14.43,14.5,14.37,14.41,139952.21,2020001.47
2024-11-10 07:00:00,14.41,14.52,14.4,14.49,68056.19,983443.74
2024-11-10 08:00:00,14.49,14.54,14.4,14.45,86206.13,1248122.0
2024-11-10 09:00:00,14.45,14.61,14.44,14.47,140728.2,2041971.75
2024-11-10 10:00:00,14.47,14.61,14.47,14.57,88262.61,1283588.87
2024-11-10 11:00:00,14.57,14.63,14.46,14.57,75407.82,1096604.18
2024-11-10 12:00:00,14.57,14.69,14.44,14.65,128059.13,1867068.06
2024-11-10 13:00:00,14.65,14.74,14.61,14.73,173833.41,2553966.32
2024-11-10 14:00:00,14.73,14.76,14.44,14.54,214604.79,3139275.89
2024-11-10 15:00:00,14.54,14.61,14.47,14.6,89115.75,1296114.79
2024-11-10 16:00:00,14.6,14.72,14.53,14.71,203009.74,2971128.85
2024-11-10 17:00:00,14.71,14.86,14.63,14.73,211076.35,3111253.16
2024-11-10 18:00:00,14.73,14.85,14.62,14.7,178384.93,2629200.07
2024-11-10 19:00:00,14.7,14.77,14.27,14.41,204645.55,2974843.6
2024-11-10 20:00:00,14.41,14.48,14.02,14.02,247853.09,3524013.31
2024-11-10 21:00:00,14.02,14.27,13.65,14.24,366111.92,5113809.57
2024-11-10 22:00:00,14.24,14.5,14.07,14.23,162866.58,2322295.68
2024-11-10 23:00:00,14.23,14.33,14.18,14.27,179232.63,2550712.52
2024-11-11 00:00:00,14.27,14.45,14.24,14.41,86073.35,1237360.85
2024-11-11 01:00:00,14.41,14.54,14.36,14.39,98520.39,1421881.57
2024-11-11 02:00:00,14.39,14.56,14.36,14.55,75057.18,1088937.67
2024-11-11 03:00:00,14.55,14.55,14.32,14.43,87040.72,1255487.3
2024-11-11 04:00:00,14.43,14.44,14.08,14.18,236810.18,3370882.42
2024-11-11 05:00:00,14.18,14.19,13.67,13.76,244598.04,3394841.66
2024-11-11 06:00:00,13.76,13.88,13.63,13.76,185602.03,2554194.04
2024-11-11 07:00:00,13.76,13.86,13.71,13.81,64414.61,888179.71
2024-11-11 08:00:00,13.81,13.93,13.8,13.91,64808.08,899486.11
2024-11-11 09:00:00,13.91,14.0,13.84,13.99,54024.16,751932.36
2024-11-11 10:00:00,13.99,14.12,13.95,14.09,102570.86,1439414.26
2024-11-11 11:00:00,14.09,14.19,14.02,14.13,66296.44,936110.98
2024-11-11 12:00:00,14.13,14.22,13.93,14.04,204019.95,2872799.62
2024-11-11 13:00:00,14.04,14.06,13.89,13.93,106469.84,1484749.83
2024-11-11 14:00:00,13.93,14.05,13.83,14.04,147552.45,2059230.21
2024-11-11 15:00:00,14.04,14.48,14.04,14.33,351493.1,5021969.38
2024-11-11 16:00:00,14.33,14.61,14.32,14.47,250926.21,3631773.84
2024-11-11 17:00:00,14.47,14.73,14.46,14.64,335312.03,4906733.87
2024-11-11 18:00:00,14.64,14.71,14.47,14.69,162770.8,2376014.47
2024-11-11 19:00:00,14.69,14.78,14.54,14.59,236978.53,3472977.39
2024-11-11 20:00:00,14.59,14.85,14.58,14.74,198211.86,2921107.87
2024-11-11 21:00:00,14.74,14.82,14.51,14.6,192843.5,2829861.98
2024-11-11 22:00:00,14.6,14.73,14.33,14.72,193189.97,2797281.42
2024-11-11 23:00:00,14.72,14.96,14.66,14.93,241884.43,3578637.3
2024-11-12 00:00:00,14.93,14.94,14.33,14.76,280271.49,4100527.53
2024-11-12 01:00:00,14.76,14.81,14.58,14.68,253354.84,3727328.77
2024-11-12 02:00:00,14.68,14.8,14.57,14.73,207998.42,3063960.37
2024-11-12 03:00:00,14.73,14.84,14.64,14.8,100382.64,1481720.14
2024-11-12 04:00:00,14.8,14.83,14.62,14.62,113301.97,1666672.54
2024-11-12 05:00:00,14.62,14.74,14.57,14.7,80829.46,1184482.3
2024-11-12 06:00:00,14.7,14.92,14.68,14.81,165039.29,2440716.61
2024-11-12 07:00:00,14.81,14.9,14.73,14.85,112618.92,1671700.14
2024-11-12 08:00:00,14.85,15.18,14.85,15.17,287881.21,4324028.61
2024-11-12 09:00:00,15.17,15.36,14.68,14.68,292332.57,4394706.76
2024-11-12 10:00:00,14.68,14.81,13.81,14.22,686929.14,9807230.91
2024-11-12 11:00:00,14.22,14.4,14.1,14.2,275914.41,3926241.5
2024-11-12 12:00:00,14.2,14.34,13.82,13.97,227623.94,3202765.37
2024-11-12 13:00:00,13.97,14.08,13.68,14.0,308859.83,4283526.51
2024-11-12 14:00:00,14.0,14.21,13.83,14.21,253402.47,3553291.26
2024-11-12 15:00:00,14.21,14.22,13.93,13.95,144902.3,2037925.12
2024-11-12 16:00:00,13.95,14.04,13.7,13.95,197854.7,2748358.02
2024-11-12 17:00:00,13.95,14.1,13.91,13.92,126359.09,1769140.96
2024-11-12 18:00:00,13.92,14.21,13.91,14.16,107300.91,1513837.82
2024-11-12 19:00:00,14.16,14.26,14.12,14.16,125365.0,1780227.55
2024-11-12 20:00:00,14.16,14.22,14.05,14.07,104178.31,1472795.4
2024-11-12 21:00:00,14.07,14.14,13.93,14.12,128406.44,1800617.78
2024-11-12 22:00:00,14.12,14.3,14.06,14.29,88918.12,1261892.02
2024-11-12 23:00:00,14.29,14.3,13.95,13.97,112367.16,1584185.77
2024-11-13 00:00:00,13.97,14.12,13.92,13.97,149161.97,2091622.28
2024-11-13 01:00:00,13.97,14.08,13.82,13.93,182034.22,2533855.26
2024-11-13 02:00:00,13.93,13.97,13.54,13.76,208653.02,2856359.11
2024-11-13 03:00:00,13.76,13.79,13.4,13.42,162645.41,2206683.66
2024-11-13 04:00:00,13.42,13.65,13.18,13.45,321761.04,4307374.96
2024-11-13 05:00:00,13.45,13.48,13.21,13.24,84232.01,1125815.88
2024-11-13 06:00:00,13.24,13.37,13.09,13.19,112197.45,1484093.67
2024-11-13 07:00:00,13.19,13.42,13.17,13.4,72613.84,966548.89
2024-11-13 08:00:00,13.4,13.53,13.32,13.37,71733.24,962420.81
2024-11-13 09:00:00,13.37,13.44,13.28,13.36,86947.08,1162761.56
2024-11-13 10:00:00,13.36,13.49,13.26,13.47,102962.59,1374344.81
2024-11-13 11:00:00,13.47,13.59,13.43,13.51,90524.8,1223587.88
2024-11-13 12:00:00,13.51,13.55,13.35,13.43,64753.0,871555.55
2024-11-13 13:00:00,13.43,13.97,13.37,13.9,238383.47,3277488.24
2024-11-13 14:00:00,13.9,14.4,13.77,14.39,442236.92,6259860.84
2024-11-13 15:00:00,14.39,14.39,14.08,14.25,229951.5,3269292.17
2024-11-13 16:00:00,14.25,14.37,14.01,14.11,248845.97,3530618.37
2024-11-13 17:00:00,14.11,14.21,13.96,14.04,232211.93,3266879.92
2024-11-13 18:00:00,14.04,14.14,13.89,13.97,293430.93,4111815.75
2024-11-13 19:00:00,13.97,14.0,13.3,13.32,435032.05,5902162.96
2024-11-13 20:00:00,13.32,13.56,13.16,13.4,231860.21,3104786.38
2024-11-13 21:00:00,13.4,13.4,13.07,13.27,170718.79,2262570.02
2024-11-13 22:00:00,13.27,13.46,13.21,13.4,73660.7,985398.06
2024-11-13 23:00:00,13.4,13.51,13.3,13.5,99032.32,1329073.18
2024-11-14 00:00:00,13.5,13.53,13.32,13.32,115699.06,1557236.79
2024-11-14 01:00:00,13.32,13.48,13.26,13.45,91383.87,1220763.07
2024-11-14 02:00:00,13.45,13.49,13.28,13.39,113028.97,1512322.03
2024-11-14 03:00:00,13.39,13.5,13.2,13.49,74724.34,994833.91
2024-11-14 04:00:00,13.49,13.68,13.39,13.65,94996.35,1282290.42
2024-11-14 05:00:00,13.65,13.67,13.53,13.65,96064.96,1306602.2
2024-11-14 06:00:00,13.65,13.83,13.46,13.46,128277.33,1757720.69
2024-11-14 07:00:00,13.46,13.67,13.4,13.63,85775.85,1159715.17
2024-11-14 08:00:00,13.63,13.65,13.46,13.55,77142.66,1047252.29
2024-11-14 09:00:00,13.55,13.62,13.44,13.53,89797.29,1215052.51
2024-11-14 10:00:00,13.53,13.57,13.28,13.3,94535.7,1269379.46
2024-11-14 11:00:00,13.3,13.32,13.15,13.29,111382.58,1473940.48
2024-11-14 12:00:00,13.29,13.41,13.21,13.34,154959.53,2062064.23
2024-11-14 13:00:00,13.34,13.55,13.32,13.34,245833.79,3303760.9
2024-11-14 14:00:00,13.34,13.48,13.01,13.04,294544.09,3895983.45
2024-11-14 15:00:00,13.04,13.18,12.89,12.96,273534.11,3553334.44
2024-11-14 16:00:00,12.96,13.38,12.9,13.37,229980.26,3027363.63
2024-11-14 17:00:00,13.37,13.37,13.25,13.31,117656.8,1566249.82
2024-11-14 18:00:00,13.31,13.37,13.19,13.21,86517.76,1149373.5
2024-11-14 19:00:00,13.21,13.31,13.2,13.3,88929.62,1178464.03
2024-11-14 20:00:00,13.3,13.3,13.09,13.13,131238.07,1727871.81
2024-11-14 21:00:00,13.13,13.3,13.09,13.3,114463.73,1509712.62
2024-11-14 22:00:00,13.3,13.36,13.06,13.18,126934.0,1684674.07
2024-11-14 23:00:00,13.18,13.21,12.8,12.99,153474.13,1987190.88
2024-11-15 00:00:00,12.99,13.17,12.96,12.98,138108.85,1806605.72
2024-11-15 01:00:00,12.98,13.09,12.84,13.05,182370.0,2360726.69
2024-11-15 02:00:00,13.05,13.14,12.93,13.13,63819.71,833515.24
2024-11-15 03:00:00,13.13,13.15,13.02,13.11,60544.27,792831.58
2024-11-15 04:00:00,13.11,13.17,12.72,12.84,231350.53,2987592.31
2024-11-15 05:00:00,12.84,13.08,12.8,13.07,83611.12,1081601.52
2024-11-15 06:00:00,13.07,13.29,13.07,13.24,73776.21,973568.19
2024-11-15 07:00:00,13.24,13.29,13.13,13.14,69496.81,920279.14
2024-11-15 08:00:00,13.14,13.38,13.05,13.37,85340.02,1126967.07
2024-11-15 09:00:00,13.37,13.5,13.36,13.46,83063.01,1116773.04
2024-11-15 10:00:00,13.46,13.55,13.42,13.52,90315.01,1219364.16
2024-11-15 11:00:00,13.52,13.55,13.43,13.49,60709.32,818569.64
2024-11-15 12:00:00,13.49,13.59,13.4,13.48,69829.34,941187.74
2024-11-15 13:00:00,13.48,13.65,13.44,13.62,154850.52,2102052.74
2024-11-15 14:00:00,13.62,13.64,13.33,13.45,199440.91,2696758.03
2024-11-15 15:00:00,13.45,13.45,13.14,13.19,163888.57,2174364.74
2024-11-15 16:00:00,13.19,13.45,13.16,13.32,115306.09,1536659.43
2024-11-15 17:00:00,13.32,13.47,13.31,13.35,77255.47,1032923.01
2024-11-15 18:00:00,13.35,13.4,13.27,13.33,69269.88,924353.12
2024-11-15 19:00:00,13.33,13.55,13.32,13.47,194972.85,2624423.99
2024-11-15 20:00:00,13.47,13.78,13.47,13.78,252447.1,3447243.92
2024-11-15 21:00:00,13.78,13.85,13.72,13.78,147795.39,2036824.44
2024-11-15 22:00:00,13.78,13.9,13.73,13.86,90655.86,1251560.66
2024-11-15 23:00:00,13.86,13.88,13.8,13.84,128491.1,1776654.36
2024-11-16 00:00:00,13.84,13.85,13.74,13.78,100265.69,1383307.35
2024-11-16 01:00:00,13.78,13.92,13.77,13.85,139338.97,1930822.62
2024-11-16 02:00:00,13.85,14.34,13.83,14.02,517506.75,7259433.26
2024-11-16 03:00:00,14.02,14.26,14.01,14.26,181912.71,2568219.78
2024-11-16 04:00:00,14.26,14.31,14.13,14.19,123144.86,1751906.71
2024-11-16 05:00:00,14.19,14.21,14.13,14.2,63953.28,906833.4
2024-11-16 06:00:00,14.2,14.2,14.03,14.05,129914.41,1831019.81
2024-11-16 07:00:00,14.05,14.15,14.01,14.02,65356.36,920476.07
2024-11-16 08:00:00,14.02,14.13,14.02,14.13,45093.78,634753.83
2024-11-16 09:00:00,14.13,14.17,14.05,14.11,66608.74,940330.25
2024-11-16 10:00:00,14.11,14.2,14.08,14.15,103644.44,1467646.21
2024-11-16 11:00:00,14.15,14.46,14.11,14.45,202641.64,2890658.2
2024-11-16 12:00:00,14.45,14.54,14.32,14.38,290472.85,4193132.81
2024-11-16 13:00:00,14.38,14.43,14.28,14.37,178085.5,2559797.16
2024-11-16 14:00:00,14.37,14.43,14.25,14.35,184737.81,2648342.1
2024-11-16 15:00:00,14.35,14.37,14.06,14.16,291216.5,4143565.11
2024-11-16 16:00:00,14.16,14.31,14.07,14.23,119063.93,1692168.72
2024-11-16 17:00:00,14.23,14.49,14.18,14.48,126612.12,1816898.19
2024-11-16 18:00:00,14.48,14.69,14.47,14.66,235181.06,3428209.85
2024-11-16 19:00:00,14.66,14.8,14.59,14.74,252770.61,3722780.23
2024-11-16 20:00:00,14.74,14.79,14.56,14.6,206047.89,3027178.61
2024-11-16 21:00:00,14.6,14.67,14.54,14.59,105320.84,1539308.73
2024-11-16 22:00:00,14.59,14.72,14.52,14.55,85131.57,1246223.23
2024-11-16 23:00:00,14.55,14.61,14.45,14.53,159021.53,2309653.85
2024-11-17 00:00:00,14.53,14.87,14.52,14.87,253304.89,3726951.56
2024-11-17 01:00:00,14.87,14.89,14.08,14.17,236286.92,3406139.98
2024-11-17 02:00:00,14.17,14.18,13.79,14.09,295605.99,4125633.45
2024-11-17 03:00:00,14.09,14.23,14.01,14.14,120257.19,1699029.32
2024-11-17 04:00:00,14.14,14.43,14.04,14.32,208798.51,2973165.84
2024-11-17 05:00:00,14.32,14.39,14.17,14.2,90227.35,1287923.02
2024-11-17 06:00:00,14.2,14.52,14.19,14.41,142117.4,2045397.49
2024-11-17 07:00:00,14.41,14.53,14.35,14.43,92562.58,1338060.3
2024-11-17 08:00:00,14.43,14.54,14.36,14.43,63202.6,914439.49
2024-11-17 09:00:00,14.43,14.51,14.31,14.35,59190.73,852009.06
2024-11-17 10:00:00,14.35,14.36,14.25,14.3,42017.4,601014.02
2024-11-17 11:00:00,14.3,14.3,14.03,14.03,62813.9,887002.22
2024-11-17 12:00:00,14.03,14.21,13.98,14.21,80615.6,1134770.12
2024-11-17 13:00:00,14.21,14.21,14.02,14.1,112213.65,1581750.6
2024-11-17 14:00:00,14.1,14.15,13.94,14.02,56741.21,795880.61
2024-11-17 15:00:00,14.02,14.04,13.89,13.93,70505.06,984869.46
2024-11-17 16:00:00,13.93,14.06,13.88,14.04,52606.41,735447.14
2024-11-17 17:00:00,14.04,14.1,13.95,14.05,51217.96,719480.48
2024-11-17 18:00:00,14.05,14.06,13.81,13.82,104079.54,1446307.34
2024-11-17 19:00:00,13.82,13.87,13.73,13.86,99192.96,1369035.41
2024-11-17 20:00:00,13.86,13.93,13.72,13.76,78890.19,1090089.58
2024-11-17 21:00:00,13.76,13.8,13.64,13.65,71028.38,973702.01
2024-11-17 22:00:00,13.65,13.76,13.56,13.67,107723.97,1473211.3
2024-11-17 23:00:00,13.67,13.79,13.61,13.79,76596.55,1050614.62
2024-11-18 00:00:00,13.79,14.09,13.76,14.01,78694.35,1097907.38
2024-11-18 01:00:00,14.01,14.3,14.0,14.27,108675.58,1536086.03
2024-11-18 02:00:00,14.27,14.33,14.16,14.3,109627.32,1562972.24
2024-11-18 03:00:00,14.3,14.36,14.17,14.36,104970.43,1495848.99
2024-11-18 04:00:00,14.36,14.4,14.2,14.25,123762.51,1772770.22
2024-11-18 05:00:00,14.25,14.45,14.25,14.44,115284.0,1655065.63
2024-11-18 06:00:00,14.44,14.77,14.43,14.77,196973.48,2884163.22
2024-11-18 07:00:00,14.77,14.87,14.63,14.85,110418.42,1627964.75
2024-11-18 08:00:00,14.85,14.93,14.7,14.72,113970.73,1690159.55
2024-11-18 09:00:00,14.72,14.75,14.53,14.53,83025.77,1215525.68
2024-11-18 10:00:00,14.53,14.7,14.52,14.57,65202.41,952244.03
2024-11-18 11:00:00,14.57,14.7,14.28,14.33,161220.68,2331051.2
2024-11-18 12:00:00,14.33,14.54,14.24,14.52,101214.7,1458664.22
2024-11-18 13:00:00,14.52,14.52,14.24,14.28,220124.58,3158880.06
2024-11-18 14:00:00,14.28,14.78,14.27,14.63,194918.92,2838782.32
2024-11-18 15:00:00,14.63,15.2,14.62,15.15,349368.95,5221844.13
2024-11-18 16:00:00,15.15,16.0,15.15,15.57,1074762.82,16818487.47
2024-11-18 17:00:00,15.57,15.58,15.25,15.3,454266.7,6996322.04
2024-11-18 18:00:00,15.3,15.43,15.03,15.13,357036.16,5450997.58
2024-11-18 19:00:00,15.13,15.21,14.79,14.96,242398.39,3631816.96
2024-11-18 20:00:00,14.96,15.21,14.84,15.15,181221.47,2729504.28
2024-11-18 21:00:00,15.15,15.44,15.13,15.32,157265.53,2406392.83
2024-11-18 22:00:00,15.32,15.37,15.21,15.3,90111.24,1376125.06
2024-11-18 23:00:00,15.3,15.3,14.98,15.28,136763.31,2068701.23
2024-11-19 00:00:00,15.28,15.43,15.07,15.09,132620.27,2017348.56
2024-11-19 01:00:00,15.09,15.15,14.92,14.92,111756.93,1678218.46
2024-11-19 02:00:00,14.92,15.11,14.91,15.04,82082.07,1232790.54
2024-11-19 03:00:00,15.04,15.19,15.04,15.08,66769.35,1009153.62
2024-11-19 04:00:00,15.08,15.12,14.84,14.88,114172.29,1710546.86
2024-11-19 05:00:00,14.88,15.06,14.84,15.05,74684.27,1116162.2
2024-11-19 06:00:00,15.05,15.08,14.95,15.08,78142.78,1173889.02
2024-11-19 07:00:00,15.08,15.08,14.85,14.85,41118.72,615113.06
2024-11-19 08:00:00,14.85,14.91,14.79,14.87,78326.79,1162344.47
2024-11-19 09:00:00,14.87,14.94,14.66,14.71,87480.93,1291527.54
2024-11-19 10:00:00,14.71,14.81,14.66,14.81,66342.59,979129.81
2024-11-19 11:00:00,14.81,15.02,14.78,15.02,76266.21,1136042.6
2024-11-19 12:00:00,15.02,15.15,14.98,15.01,120498.8,1816573.51
2024-11-19 13:00:00,15.01,15.05,14.6,14.61,173940.9,2576504.37
2024-11-19 14:00:00,14.61,14.86,14.59,14.7,279895.69,4117138.28
2024-11-19 15:00:00,14.7,14.79,14.66,14.77,101330.24,1492457.49
2024-11-19 16:00:00,14.77,14.86,14.68,14.75,96598.35,1428153.9
2024-11-19 17:00:00,14.75,14.83,14.67,14.7,109792.27,1619263.64
2024-11-19 18:00:00,14.7,14.97,14.67,14.96,209640.3,3109328.57
2024-11-19 19:00:00,14.96,15.06,14.86,14.9,174418.39,2610912.6
2024-11-19 20:00:00,14.9,14.99,14.64,14.76,143668.72,2126220.5
2024-11-19 21:00:00,14.76,14.82,14.48,14.64,207217.39,3022591.68
2024-11-19 22:00:00,14.64,14.76,14.43,14.55,138348.08,2016216.66
2024-11-19 23:00:00,14.55,14.7,14.54,14.64,80927.41,1182947.21
2024-11-20 00:00:00,14.64,14.71,14.5,14.53,185850.65,2710339.6
2024-11-20 01:00:00,14.53,14.62,14.44,14.48,133374.49,1937133.14
2024-11-20 02:00:00,14.48,14.56,14.35,14.4,120682.7,1741226.12
2024-11-20 03:00:00,14.4,14.43,14.2,14.43,131749.74,1886461.02
2024-11-20 04:00:00,14.43,14.43,14.28,14.4,98043.27,1409105.98
2024-11-20 05:00:00,14.4,14.62,14.34,14.57,191570.56,2781861.13
2024-11-20 06:00:00,14.57,14.66,14.49,14.5,76881.74,1122310.54
2024-11-20 07:00:00,14.5,14.55,14.45,14.48,68101.05,986723.84
2024-11-20 08:00:00,14.48,14.7,14.44,14.64,53940.5,786202.38
2024-11-20 09:00:00,14.64,14.88,14.6,14.86,107517.7,1587534.96
2024-11-20 10:00:00,14.86,14.94,14.81,14.82,88241.0,1313262.65
2024-11-20 11:00:00,14.82,14.84,14.58,14.69,83378.08,1224415.28
2024-11-20 12:00:00,14.69,14.86,14.62,14.76,188259.66,2776569.14
2024-11-20 13:00:00,14.76,15.15,14.69,15.12,216058.73,3224904.22
2024-11-20 14:00:00,15.12,15.33,14.79,15.0,285177.16,4299857.63
2024-11-20 15:00:00,15.0,15.07,14.78,15.01,209475.06,3124846.67
2024-11-20 16:00:00,15.01,15.02,14.52,14.65,260313.26,3830802.58
2024-11-20 17:00:00,14.65,14.73,14.36,14.36,133224.94,1936227.63
2024-11-20 18:00:00,14.36,14.46,14.22,14.27,268730.25,3847614.64
2024-11-20 19:00:00,14.27,14.27,14.05,14.19,194310.71,2750539.31
2024-11-20 20:00:00,14.19,14.46,14.1,14.4,124307.89,1783384.49
2024-11-20 21:00:00,14.4,14.46,14.3,14.4,79830.37,1148216.97
2024-11-20 22:00:00,14.4,14.56,14.34,14.38,75799.83,1094613.42
2024-11-20 23:00:00,14.38,14.41,14.23,14.25,103966.61,1488163.93
2024-11-21 00:00:00,14.25,14.44,14.21,14.33,117943.89,1694578.42
2024-11-21 01:00:00,14.33,14.47,14.26,14.26,80750.22,1159965.18
2024-11-21 02:00:00,14.26,14.26,13.86,13.98,160852.44,2253597.32
2024-11-21 03:00:00,13.98,14.34,13.95,14.16,148325.35,2101909.91
2024-11-21 04:00:00,14.16,14.59,14.16,14.56,184401.25,2654495.38
2024-11-21 05:00:00,14.56,14.69,14.46,14.53,237214.16,3470511.27
2024-11-21 06:00:00,14.53,14.65,14.45,14.54,197525.54,2873668.06
2024-11-21 07:00:00,14.54,14.68,14.51,14.67,70407.54,1027601.97
2024-11-21 08:00:00,14.67,14.74,14.56,14.65,97594.96,1430773.74
2024-11-21 09:00:00,14.65,14.69,14.44,14.45,51667.79,754031.5
2024-11-21 10:00:00,14.45,14.54,14.36,14.44,76472.1,1104852.68
2024-11-21 11:00:00,14.44,14.66,14.4,14.63,108598.24,1575455.4
2024-11-21 12:00:00,14.63,15.26,14.62,15.03,421212.19,6340292.8
2024-11-21 13:00:00,15.03,15.33,15.03,15.23,249939.71,3807233.77
2024-11-21 14:00:00,15.23,15.38,14.98,15.17,267951.7,4072821.57
2024-11-21 15:00:00,15.17,15.17,14.66,14.82,273705.9,4068349.01
2024-11-21 16:00:00,14.82,15.0,14.8,14.89,166289.79,2478173.47
2024-11-21 17:00:00,14.89,15.04,14.84,15.0,146511.98,2189886.42
2024-11-21 18:00:00,15.0,15.13,14.9,15.11,135615.32,2032942.84
2024-11-21 19:00:00,15.11,15.18,14.89,14.91,178952.75,2687201.32
2024-11-21 20:00:00,14.91,15.03,14.78,14.84,117681.79,1754589.27
2024-11-21 21:00:00,14.84,14.86,14.7,14.74,124196.12,1832342.94
2024-11-21 22:00:00,14.74,14.93,14.73,14.92,86601.29,1284392.14
2024-11-21 23:00:00,14.92,15.0,14.84,14.91,169333.31,2526478.79
2024-11-22 00:00:00,14.91,15.11,14.74,14.81,211229.75,3153091.04
2024-11-22 01:00:00,14.81,15.02,14.77,15.01,243711.51,3630610.23
2024-11-22 02:00:00,15.01,15.16,14.91,15.02,223656.85,3368997.56
2024-11-22 03:00:00,15.02,15.17,14.95,15.09,246626.97,3718044.61
2024-11-22 04:00:00,15.09,15.44,15.06,15.32,243533.4,3721227.67
2024-11-22 05:00:00,15.32,15.36,15.19,15.31,180099.38,2751673.82
2024-11-22 06:00:00,15.31,15.37,15.16,15.33,216290.11,3303589.28
2024-11-22 07:00:00,15.33,15.44,15.23,15.23,134313.4,2057880.93
2024-11-22 08:00:00,15.23,15.36,15.19,15.32,89142.46,1361180.92
2024-11-22 09:00:00,15.32,15.32,15.14,15.26,110892.59,1689185.56
2024-11-22 10:00:00,15.26,15.31,15.04,15.04,93570.07,1419329.82
2024-11-22 11:00:00,15.04,15.37,14.95,15.36,160173.07,2436376.67
2024-11-22 12:00:00,15.36,15.56,15.28,15.53,276232.13,4260823.02
2024-11-22 13:00:00,15.53,15.54,14.88,15.02,332619.41,5037634.79
2024-11-22 14:00:00,15.02,15.17,14.92,15.02,232179.62,3494328.6
2024-11-22 15:00:00,15.02,15.47,14.99,15.43,344873.53,5261172.69
2024-11-22 16:00:00,15.43,15.81,15.37,15.77,492421.89,7662015.37
2024-11-22 17:00:00,15.77,15.77,15.39,15.44,347865.0,5411787.18
2024-11-22 18:00:00,15.44,15.54,15.27,15.28,255389.72,3929648.67
2024-11-22 19:00:00,15.28,15.48,15.18,15.28,257075.34,3928282.19
2024-11-22 20:00:00,15.28,15.36,15.2,15.33,101885.28,1557445.95
2024-11-22 21:00:00,15.33,15.83,15.29,15.78,366231.91,5700872.79
2024-11-22 22:00:00,15.78,15.97,15.67,15.89,243096.22,3843225.27
2024-11-22 23:00:00,15.89,16.6,15.89,16.58,728315.78,11884959.59
2024-11-23 00:00:00,16.58,17.0,16.32,16.82,658644.84,10963295.4
2024-11-23 01:00:00,16.82,17.09,16.78,16.94,469262.87,7940668.11
2024-11-23 02:00:00,16.94,17.09,16.46,16.51,464374.54,7797927.08
2024-11-23 03:00:00,16.51,16.8,16.45,16.79,230167.88,3833121.36
2024-11-23 04:00:00,16.79,16.81,16.47,16.8,226694.16,3767830.33
2024-11-23 05:00:00,16.8,16.96,16.71,16.89,175337.19,2952985.2
2024-11-23 06:00:00,16.89,16.98,16.84,16.92,112921.3,1909960.81
2024-11-23 07:00:00,16.92,17.05,16.86,17.02,146634.15,2485222.05
2024-11-23 08:00:00,17.02,17.24,16.91,16.93,283983.85,4849329.86
2024-11-23 09:00:00,16.93,16.98,16.81,16.9,203163.47,3432243.18
2024-11-23 10:00:00,16.9,16.92,16.68,16.75,116436.45,1954458.15
2024-11-23 11:00:00,16.75,17.11,16.73,17.05,114838.09,1943368.52
2024-11-23 12:00:00,17.05,17.7,16.95,17.41,461943.91,8009437.43
2024-11-23 13:00:00,17.41,17.49,17.3,17.33,367018.97,6378457.58
2024-11-23 14:00:00,17.33,17.73,17.3,17.73,220004.05,3867189.43
2024-11-23 15:00:00,17.73,17.96,17.53,17.95,513095.32,9111555.76
2024-11-23 16:00:00,17.95,18.4,17.24,17.7,1218627.24,21668640.68
2024-11-23 17:00:00,17.7,17.85,17.29,17.68,409414.59,7191484.19
2024-11-23 18:00:00,17.68,17.75,17.44,17.57,404099.15,7112783.59
2024-11-23 19:00:00,17.57,17.79,17.4,17.57,266092.8,4687069.32
2024-11-23 20:00:00,17.57,17.57,17.05,17.31,379861.02,6571525.23
2024-11-23 21:00:00,17.31,17.75,17.29,17.72,175236.81,3078528.66
2024-11-23 22:00:00,17.72,17.8,17.48,17.62,125239.36,2212082.51
2024-11-23 23:00:00,17.62,17.64,17.31,17.4,91566.97,1596648.35
2024-11-24 00:00:00,17.4,18.35,17.34,18.3,468261.81,8446168.61
2024-11-24 01:00:00,18.3,18.34,17.83,18.01,250197.37,4508134.02
2024-11-24 02:00:00,18.01,18.11,17.87,18.0,141951.89,2553808.12
2024-11-24 03:00:00,18.0,18.17,17.84,18.1,171600.88,3087537.33
2024-11-24 04:00:00,18.1,18.18,17.63,17.79,319122.19,5680059.19
2024-11-24 05:00:00,17.79,17.91,17.59,17.77,172147.61,3058155.12
2024-11-24 06:00:00,17.77,17.84,17.58,17.81,128360.61,2272171.88
2024-11-24 07:00:00,17.81,17.86,17.63,17.81,83638.1,1487777.38
2024-11-24 08:00:00,17.81,17.88,17.34,17.36,179988.7,3159627.02
2024-11-24 09:00:00,17.36,17.52,17.23,17.4,116996.3,2031897.63
2024-11-24 10:00:00,17.4,17.48,17.06,17.18,162289.54,2791785.06
2024-11-24 11:00:00,17.18,17.22,16.72,16.72,221521.14,3745426.99
2024-11-24 12:00:00,16.72,16.9,16.13,16.5,388837.51,6414140.16
2024-11-24 13:00:00,16.5,16.84,16.4,16.74,239147.21,3994187.04
2024-11-24 14:00:00,16.74,16.83,16.42,16.81,217900.05,3618469.52
2024-11-24 15:00:00,16.81,16.83,16.31,16.34,263091.85,4337389.43
2024-11-24 16:00:00,16.34,16.8,16.26,16.69,190399.27,3160887.11
2024-11-24 17:00:00,16.69,16.83,16.49,16.73,173817.51,2895901.15
2024-11-24 18:00:00,16.73,17.14,16.69,17.11,203366.63,3445061.1
2024-11-24 19:00:00,17.11,17.14,16.9,17.02,121897.08,2075154.01
2024-11-24 20:00:00,17.02,17.48,16.96,17.48,142299.34,2449572.96
2024-11-24 21:00:00,17.48,17.72,17.4,17.71,150712.34,2642610.47
2024-11-24 22:00:00,17.71,18.09,17.7,18.08,178482.31,3195590.93
2024-11-24 23:00:00,18.08,18.11,17.9,17.92,192209.62,3462649.8
2024-11-25 00:00:00,17.92,18.24,17.82,17.86,262576.12,4727694.68
2024-11-25 01:00:00,17.86,17.91,17.34,17.58,241968.87,4246568.37
2024-11-25 02:00:00,17.58,17.7,17.41,17.47,124720.21,2190425.7
2024-11-25 03:00:00,17.47,17.87,17.44,17.82,153586.03,2716220.42
2024-11-25 04:00:00,17.82,18.39,17.81,17.99,367170.31,6675172.12
2024-11-25 05:00:00,17.99,18.27,17.98,18.16,147617.35,2671551.69
2024-11-25 06:00:00,18.16,18.28,17.95,18.0,155795.81,2820758.69
2024-11-25 07:00:00,18.0,18.42,17.91,18.32,149499.72,2716664.75
2024-11-25 08:00:00,18.32,18.64,18.23,18.47,340321.42,6272005.93
2024-11-25 09:00:00,18.47,18.72,18.44,18.63,273003.29,5078484.94
2024-11-25 10:00:00,18.63,19.01,18.51,18.77,505634.39,9531860.64
2024-11-25 11:00:00,18.77,19.06,18.55,18.66,188901.93,3552220.73
2024-11-25 12:00:00,18.66,18.85,18.57,18.72,217606.05,4073503.3
2024-11-25 13:00:00,18.72,18.82,18.3,18.4,250489.33,4632521.87
2024-11-25 14:00:00,18.4,18.75,17.82,17.84,355434.49,6495653.71
2024-11-25 15:00:00,17.84,18.73,17.53,18.51,574223.26,10393141.24
2024-11-25 16:00:00,18.51,18.78,18.23,18.37,357090.56,6615436.89
2024-11-25 17:00:00,18.37,18.38,17.81,17.98,352572.92,6353568.85
2024-11-25 18:00:00,17.98,18.07,17.62,17.73,315282.49,5646892.47
2024-11-25 19:00:00,17.73,18.08,17.64,17.87,120608.07,2153222.48
2024-11-25 20:00:00,17.87,18.19,17.78,18.0,136449.02,2457474.08
2024-11-25 21:00:00,18.0,18.05,17.45,17.6,187520.58,3316704.71
2024-11-25 22:00:00,17.6,17.71,17.15,17.65,248249.49,4328193.88
2024-11-25 23:00:00,17.65,17.76,17.33,17.34,162484.83,2853600.77
2024-11-26 00:00:00,17.34,17.68,17.26,17.38,167146.37,2919513.69
2024-11-26 01:00:00,17.38,17.82,17.37,17.77,140503.95,2480760.56
2024-11-26 02:00:00,17.77,17.84,17.67,17.76,107192.99,1903129.19
2024-11-26 03:00:00,17.76,17.76,17.49,17.57,92065.87,1618259.91
2024-11-26 04:00:00,17.57,17.61,17.39,17.46,109048.77,1908467.47
2024-11-26 05:00:00,17.46,17.65,17.44,17.64,92509.64,1623330.7
2024-11-26 06:00:00,17.64,17.67,17.46,17.48,53117.26,933273.59
2024-11-26 07:00:00,17.48,17.49,17.13,17.23,193172.3,3341425.45
2024-11-26 08:00:00,17.23,17.23,16.77,16.88,336458.99,5711310.77
2024-11-26 09:00:00,16.88,17.07,16.76,16.93,120754.39,2045036.38
2024-11-26 10:00:00,16.93,16.98,16.5,16.51,242367.06,4036731.05
2024-11-26 11:00:00,16.51,16.65,16.19,16.55,390522.12,6405838.21
2024-11-26 12:00:00,16.55,16.8,16.49,16.61,507599.13,8433436.51
2024-11-26 13:00:00,16.61,16.93,16.51,16.79,291106.71,4890716.48
2024-11-26 14:00:00,16.79,17.49,16.6,17.38,355934.05,6095661.59
2024-11-26 15:00:00,17.38,17.39,16.92,16.93,215933.46,3705693.61
2024-11-26 16:00:00,16.93,17.42,16.89,17.3,118534.75,2040445.71
2024-11-26 17:00:00,17.3,17.3,17.09,17.18,75726.2,1301450.26
2024-11-26 18:00:00,17.18,17.26,16.7,16.91,176425.04,2989248.01
2024-11-26 19:00:00,16.91,17.07,16.82,17.07,116956.23,1980889.24
2024-11-26 20:00:00,17.07,17.28,16.94,17.14,150612.78,2581768.97
2024-11-26 21:00:00,17.14,17.38,17.01,17.18,185972.76,3202384.76
2024-11-26 22:00:00,17.18,17.49,17.16,17.34,100729.43,1752276.0
2024-11-26 23:00:00,17.34,17.38,17.2,17.33,88910.97,1537298.72
2024-11-27 00:00:00,17.33,17.57,17.05,17.09,128683.83,2231229.45
2024-11-27 01:00:00,17.09,17.34,16.96,17.32,112032.89,1921019.27
2024-11-27 02:00:00,17.32,17.45,17.08,17.43,121489.28,2095415.19
2024-11-27 03:00:00,17.43,17.44,17.26,17.39,127078.58,2206566.87
2024-11-27 04:00:00,17.39,17.9,17.36,17.81,238936.77,4245954.8
2024-11-27 05:00:00,17.81,17.95,17.61,17.75,139656.91,2481616.81
2024-11-27 06:00:00,17.75,18.24,17.75,18.06,242543.66,4395982.12
2024-11-27 07:00:00,18.06,18.18,18.02,18.14,128265.36,2320010.54
2024-11-27 08:00:00,18.14,18.28,18.08,18.11,116593.17,2120298.27
2024-11-27 09:00:00,18.11,18.17,17.87,18.17,76674.41,1381532.12
2024-11-27 10:00:00,18.17,18.51,18.15,18.23,230537.8,4218557.94
2024-11-27 11:00:00,18.23,18.28,18.02,18.12,97565.32,1767643.43
2024-11-27 12:00:00,18.12,18.17,17.73,17.93,228596.83,4087862.93
2024-11-27 13:00:00,17.93,18.2,17.78,18.2,170306.7,3053276.18
2024-11-27 14:00:00,18.2,18.29,17.87,18.07,243503.3,4390979.59
2024-11-27 15:00:00,18.07,18.29,17.95,18.08,259127.62,4696947.37
2024-11-27 16:00:00,18.08,18.16,17.79,17.85,254972.1,4588283.8
2024-11-27 17:00:00,17.85,18.23,17.74,18.21,189231.25,3398642.26
2024-11-27 18:00:00,18.21,18.3,18.07,18.17,136713.64,2489057.65
2024-11-27 19:00:00,18.17,18.2,18.06,18.07,95861.08,1737555.87
2024-11-27 20:00:00,18.07,18.42,18.07,18.35,202786.95,3713477.26
2024-11-27 21:00:00,18.35,18.42,18.11,18.33,123563.9,2260779.01
2024-11-27 22:00:00,18.33,18.76,18.3,18.74,148966.16,2760592.37
2024-11-27 23:00:00,18.74,19.01,18.57,18.67,407105.03,7652953.27
2024-11-28 00:00:00,18.67,18.71,18.42,18.43,203182.32,3768498.5
2024-11-28 01:00:00,18.43,18.54,18.35,18.46,122408.44,2256804.16
2024-11-28 02:00:00,18.46,18.47,18.13,18.15,137693.19,2518278.28
2024-11-28 03:00:00,18.15,18.38,17.87,18.06,374829.73,6753318.26
2024-11-28 04:00:00,18.06,18.26,17.98,18.19,132515.82,2402484.07
2024-11-28 05:00:00,18.19,18.25,18.07,18.07,161103.1,2924431.69
2024-11-28 06:00:00,18.07,18.08,17.9,18.0,105070.36,1889956.69
2024-11-28 07:00:00,18.0,18.08,17.83,17.9,76355.55,1370202.64
2024-11-28 08:00:00,17.9,18.09,17.77,18.01,118068.93,2114224.34
2024-11-28 09:00:00,18.01,18.09,17.91,17.93,68871.17,1239748.37
2024-11-28 10:00:00,17.93,18.01,17.82,17.88,108406.93,1942384.75
2024-11-28 11:00:00,17.88,18.08,17.79,18.02,90956.0,1631008.59
2024-11-28 12:00:00,18.02,18.1,17.87,17.97,95772.87,1723082.14
2024-11-28 13:00:00,17.97,17.98,17.8,17.93,129458.71,2314932.84
2024-11-28 14:00:00,17.93,18.05,17.72,17.84,170958.67,3052993.8
2024-11-28 15:00:00,17.84,17.89,17.5,17.51,228451.31,4032025.26
2024-11-28 16:00:00,17.51,17.72,17.5,17.66,91686.55,1617144.42
2024-11-28 17:00:00,17.66,17.91,17.66,17.78,64326.17,1147212.89
2024-11-28 18:00:00,17.78,17.97,17.78,17.87,106985.8,1911947.55
2024-11-28 19:00:00,17.87,17.93,17.77,17.82,79909.57,1424522.3
2024-11-28 20:00:00,17.82,17.82,17.65,17.7,68439.18,1212598.3
2024-11-28 21:00:00,17.7,17.9,17.7,17.86,89521.15,1597315.12
2024-11-28 22:00:00,17.86,18.06,17.84,18.06,74332.65,1336027.29
2024-11-28 23:00:00,18.06,18.07,17.93,17.94,92135.24,1659729.69
2024-11-29 00:00:00,17.94,18.04,17.81,17.84,110951.65,1988807.39
2024-11-29 01:00:00,17.84,17.94,17.77,17.89,72338.66,1290891.81
2024-11-29 02:00:00,17.89,18.11,17.88,18.04,94623.11,1703469.06
2024-11-29 03:00:00,18.04,18.05,17.8,17.81,55039.08,985600.67
2024-11-29 04:00:00,17.81,17.84,17.66,17.75,64010.78,1135778.65
2024-11-29 05:00:00,17.75,17.83,17.68,17.68,37696.44,669718.24
2024-11-29 06:00:00,17.68,17.77,17.63,17.66,67228.41,1189253.41
2024-11-29 07:00:00,17.66,17.73,17.53,17.55,83614.41,1472147.04
2024-11-29 08:00:00,17.55,17.7,17.54,17.67,39304.46,693775.07
2024-11-29 09:00:00,17.67,17.83,17.66,17.81,55245.48,981080.45
2024-11-29 10:00:00,17.81,18.11,17.8,18.09,66465.89,1192853.53
2024-11-29 11:00:00,18.09,18.19,18.0,18.13,57283.78,1036492.41
2024-11-29 12:00:00,18.13,18.17,17.91,17.99,97690.62,1764672.7
2024-11-29 13:00:00,17.99,18.12,17.97,18.1,72923.01,1316543.22
2024-11-29 14:00:00,18.1,18.32,17.99,18.28,292339.14,5316080.34
2024-11-29 15:00:00,18.28,18.41,18.01,18.07,185788.12,3381697.34
2024-11-29 16:00:00,18.07,18.16,17.89,18.03,191876.26,3458363.32
2024-11-29 17:00:00,18.03,18.15,17.92,18.04,104115.79,1877247.86
2024-11-29 18:00:00,18.04,18.11,17.98,18.0,60451.76,1091552.47
2024-11-29 19:00:00,18.0,18.11,17.85,18.11,79694.66,1432417.25
2024-11-29 20:00:00,18.11,18.27,18.07,18.09,165837.72,3010886.86
2024-11-29 21:00:00,18.09,18.22,18.03,18.22,102846.23,1865565.22
2024-11-29 22:00:00,18.22,18.31,18.17,18.25,170377.3,3106799.2
2024-11-29 23:00:00,18.25,18.41,18.24,18.26,98596.23,1806836.88
2024-11-30 00:00:00,18.26,18.4,18.01,18.05,129368.21,2349416.23
2024-11-30 01:00:00,18.05,18.37,17.94,18.19,103713.86,1885590.82
2024-11-30 02:00:00,18.19,18.4,18.14,18.33,114583.65,2092659.5
2024-11-30 03:00:00,18.33,18.53,18.32,18.51,166793.28,3072824.89
2024-11-30 04:00:00,18.51,18.54,18.34,18.35,97381.86,1794865.69
2024-11-30 05:00:00,18.35,18.47,18.27,18.46,99055.16,1818159.09
2024-11-30 06:00:00,18.46,18.68,18.43,18.47,161745.73,3002804.99
2024-11-30 07:00:00,18.47,18.71,18.42,18.63,73064.07,1360306.66
2024-11-30 08:00:00,18.63,18.74,18.52,18.57,85256.81,1588091.93
2024-11-30 09:00:00,18.57,18.61,18.4,18.51,58784.5,1086163.13
2024-11-30 10:00:00,18.51,18.58,18.11,18.14,103534.7,1897712.95
2024-11-30 11:00:00,18.14,18.3,18.1,18.23,103534.26,1890517.17
2024-11-30 12:00:00,18.23,18.45,18.21,18.42,64289.88,1178080.45
2024-11-30 13:00:00,18.42,18.53,18.26,18.44,71865.06,1324860.49
2024-11-30 14:00:00,18.44,18.79,18.43,18.52,198129.37,3699643.42
2024-11-30 15:00:00,18.52,18.98,18.47,18.89,315305.76,5926355.67
2024-11-30 16:00:00,18.89,19.18,18.63,18.75,348403.87,6593532.47
2024-11-30 17:00:00,18.75,18.91,18.66,18.81,128780.8,2419637.59
2024-11-30 18:00:00,18.81,18.99,18.69,18.96,111474.45,2098381.08
2024-11-30 19:00:00,18.96,19.37,18.9,19.33,399127.37,7651936.24
2024-11-30 20:00:00,19.33,19.45,19.24,19.34,172275.02,3334012.65
2024-11-30 21:00:00,19.34,19.34,19.14,19.23,145379.98,2797558.4
2024-11-30 22:00:00,19.23,19.24,18.99,19.05,135861.62,2597960.18
2024-11-30 23:00:00,19.05,19.23,19.0,19.01,86389.1,1649692.43
2024-12-01 00:00:00,19.01,19.12,18.66,18.67,139213.16,2629949.98
2024-12-01 01:00:00,18.67,18.83,18.46,18.7,208516.91,3887600.4
2024-12-01 02:00:00,18.7,18.74,18.46,18.53,99913.81,1859995.07
2024-12-01 03:00:00,18.53,18.82,18.52,18.73,82230.16,1538473.79
2024-12-01 04:00:00,18.73,18.96,18.62,18.87,73506.94,1379060.46
2024-12-01 05:00:00,18.87,18.87,18.57,18.58,61289.36,1145712.44
2024-12-01 06:00:00,18.58,18.73,18.57,18.62,106806.88,1989939.62
2024-12-01 07:00:00,18.62,18.69,18.55,18.67,31233.44,581414.31
2024-12-01 08:00:00,18.67,18.82,18.63,18.81,71598.9,1341560.32
2024-12-01 09:00:00,18.81,18.82,18.63,18.65,45650.44,853162.66
2024-12-01 10:00:00,18.65,18.71,18.52,18.68,59708.81,1112522.38
2024-12-01 11:00:00,18.68,18.82,18.68,18.75,55988.93,1050742.08
2024-12-01 12:00:00,18.75,18.76,18.62,18.65,51652.25,965764.99
2024-12-01 13:00:00,18.65,18.8,18.61,18.69,116642.88,2183718.27
2024-12-01 14:00:00,18.69,18.85,18.59,18.81,135719.4,2535806.67
2024-12-01 15:00:00,18.81,19.02,18.74,18.83,140199.27,2647362.2
2024-12-01 16:00:00,18.83,19.07,18.79,18.8,261786.57,4945860.91
2024-12-01 17:00:00,18.8,18.95,18.68,18.75,182914.72,3436008.08
2024-12-01 18:00:00,18.75,18.87,18.69,18.74,71164.54,1337200.01
2024-12-01 19:00:00,18.74,18.83,18.59,18.74,192310.66,3594517.21
2024-12-01 20:00:00,18.74,18.74,18.44,18.66,196981.47,3652193.59
2024-12-01 21:00:00,18.66,18.99,18.61,18.81,209472.86,3945105.92
2024-12-01 22:00:00,18.81,19.02,18.8,18.87,148589.28,2812694.0
2024-12-01 23:00:00,18.87,19.05,18.84,18.94,135646.32,2569671.98
2024-12-02 00:00:00,18.94,19.29,18.92,19.22,329772.63,6291121.96
2024-12-02 01:00:00,19.22,19.44,19.14,19.3,349389.85,6742373.77
2024-12-02 02:00:00,19.3,19.59,19.08,19.59,258651.54,4991934.46
2024-12-02 03:00:00,19.59,19.72,18.8,18.9,330199.33,6396748.14
2024-12-02 04:00:00,18.9,19.29,18.6,19.26,405104.66,7647346.14
2024-12-02 05:00:00,19.26,19.78,19.25,19.55,329740.67,6440040.75
2024-12-02 06:00:00,19.55,19.72,19.17,19.68,224868.21,4374521.58
2024-12-02 07:00:00,19.68,20.01,19.48,19.81,679424.44,13452938.68
2024-12-02 08:00:00,19.81,20.06,18.88,19.1,551974.74,10749454.4
2024-12-02 09:00:00,19.1,20.95,18.99,20.78,714613.4,14378766.73
2024-12-02 10:00:00,20.78,20.89,19.65,19.77,645229.89,13110071.12
2024-12-02 11:00:00,19.77,20.09,19.45,19.77,420538.7,8314143.72
2024-12-02 12:00:00,19.77,20.19,19.48,19.84,383867.2,7603793.85
2024-12-02 13:00:00,19.84,21.36,19.84,21.26,873544.4,18215489.77
2024-12-02 14:00:00,21.26,21.76,20.75,21.35,820180.16,17452110.52
2024-12-02 15:00:00,21.35,21.85,21.16,21.81,783106.27,16863430.31
2024-12-02 16:00:00,21.81,21.91,21.1,21.64,752303.14,16208108.95
2024-12-02 17:00:00,21.64,22.57,21.58,21.99,1752691.31,38585504.23
2024-12-02 18:00:00,21.99,23.39,21.97,23.31,1577508.54,36141795.76
2024-12-02 19:00:00,23.31,23.99,22.7,23.81,1074851.02,25168127.57
2024-12-02 20:00:00,23.81,25.28,23.65,25.2,1894898.01,46580147.3
2024-12-02 21:00:00,25.2,26.81,24.56,24.94,2290082.37,58359654.94
2024-12-02 22:00:00,24.94,25.1,24.14,24.48,710130.87,17437511.93
2024-12-02 23:00:00,24.48,25.33,24.48,25.24,520953.64,13012365.49
2024-12-03 00:00:00,25.24,25.27,24.33,24.75,542210.19,13401632.82
2024-12-03 01:00:00,24.75,25.44,24.52,24.53,667689.57,16704756.15
2024-12-03 02:00:00,24.53,24.68,23.79,24.3,511535.53,12356969.53
2024-12-03 03:00:00,24.3,24.52,24.15,24.21,383831.88,9347090.64
2024-12-03 04:00:00,24.21,24.39,24.02,24.36,196773.71,4761249.19
2024-12-03 05:00:00,24.36,25.2,24.36,25.03,438707.74,10885609.6
2024-12-03 06:00:00,25.03,25.48,24.73,24.84,510271.68,12776407.73
2024-12-03 07:00:00,24.84,25.28,24.51,25.12,505374.24,12575630.45
2024-12-03 08:00:00,25.12,25.85,24.87,25.21,567681.52,14415905.73
2024-12-03 09:00:00,25.21,25.95,24.88,25.77,337786.76,8606538.17
2024-12-03 10:00:00,25.77,26.23,24.68,24.86,518325.26,13273997.5
2024-12-03 11:00:00,24.86,25.01,24.54,24.59,375881.41,9313106.43
2024-12-03 12:00:00,24.59,24.94,24.29,24.77,448311.6,11032153.33
2024-12-03 13:00:00,24.77,24.86,23.03,23.28,661772.08,15818421.78
2024-12-03 14:00:00,23.28,23.86,22.58,23.69,1040755.44,24334707.09
2024-12-03 15:00:00,23.69,24.0,23.37,24.0,508696.36,12045164.52
2024-12-03 16:00:00,24.0,24.43,23.58,23.61,378387.78,9090862.02
2024-12-03 17:00:00,23.61,24.08,23.45,24.03,241160.56,5731976.37
2024-12-03 18:00:00,24.03,24.56,23.86,24.54,314055.6,7600721.71
2024-12-03 19:00:00,24.54,24.54,23.87,24.31,283003.6,6837840.25
2024-12-03 20:00:00,24.31,24.97,24.21,24.94,462837.49,11415777.76
2024-12-03 21:00:00,24.94,25.23,24.48,24.49,559909.72,13976465.75
2024-12-03 22:00:00,24.49,24.7,24.32,24.59,243804.96,5976949.83
2024-12-03 23:00:00,24.59,24.62,24.11,24.12,247684.46,6032624.73
2024-12-04 00:00:00,24.12,24.6,24.1,24.25,322113.2,7821896.67
2024-12-04 01:00:00,24.25,24.62,23.91,24.52,321060.98,7769579.76
2024-12-04 02:00:00,24.52,24.54,23.63,23.73,221490.92,5310184.85
2024-12-04 03:00:00,23.73,24.1,23.73,24.02,168303.61,4034033.26
2024-12-04 04:00:00,24.02,24.19,23.92,24.1,137605.01,3311107.01
2024-12-04 05:00:00,24.1,24.36,24.1,24.29,153265.61,3719919.62
2024-12-04 06:00:00,24.29,24.47,23.96,24.44,138529.18,3340514.44
2024-12-04 07:00:00,24.44,24.61,24.38,24.48,238361.37,5841746.42
2024-12-04 08:00:00,24.48,24.59,24.11,24.26,145655.07,3544879.3
2024-12-04 09:00:00,24.26,24.46,24.02,24.1,186130.62,4508609.25
2024-12-04 10:00:00,24.1,24.7,24.1,24.62,256249.6,6269750.14
2024-12-04 11:00:00,24.62,25.09,24.57,24.64,314839.83,7824380.68
2024-12-04 12:00:00,24.64,24.71,24.05,24.31,274623.2,6680202.53
2024-12-04 13:00:00,24.31,24.72,24.2,24.66,277248.15,6773750.83
2024-12-04 14:00:00,24.66,26.26,24.37,26.16,1188573.78,30406219.51
2024-12-04 15:00:00,26.16,26.48,25.37,25.38,819815.21,21329241.82
2024-12-04 16:00:00,25.38,25.49,24.04,24.23,662711.3,16293413.34
2024-12-04 17:00:00,24.23,24.79,24.11,24.68,397921.6,9705864.97
2024-12-04 18:00:00,24.68,25.13,24.56,24.98,374013.0,9298523.79
2024-12-04 19:00:00,24.98,25.29,24.88,24.98,348833.53,8759877.15
2024-12-04 20:00:00,24.98,25.11,24.01,24.24,557306.4,13727128.1
2024-12-04 21:00:00,24.24,24.5,24.11,24.41,305986.35,7439819.65
2024-12-04 22:00:00,24.41,24.62,24.1,24.17,159373.48,3890370.61
2024-12-04 23:00:00,24.17,24.24,23.77,24.11,439898.44,10545932.35
2024-12-05 00:00:00,24.11,24.25,23.71,23.77,307139.21,7347811.41
2024-12-05 01:00:00,23.77,23.79,23.03,23.28,381560.42,8897941.62
2024-12-05 02:00:00,23.28,24.01,23.26,23.76,421236.0,9986165.54
2024-12-05 03:00:00,23.76,24.58,23.51,23.61,452863.91,10816433.02
2024-12-05 04:00:00,23.61,24.38,23.58,24.13,194169.08,4674446.35
2024-12-05 05:00:00,24.13,24.14,23.67,23.81,221966.97,5314040.77
2024-12-05 06:00:00,23.81,23.88,23.51,23.84,147787.03,3506079.37
2024-12-05 07:00:00,23.84,24.05,23.81,23.92,135314.26,3239649.59
2024-12-05 08:00:00,23.92,24.22,23.89,24.03,168982.19,4066778.07
2024-12-05 09:00:00,24.03,24.04,23.79,23.85,229395.21,5477652.51
2024-12-05 10:00:00,23.85,23.98,23.73,23.95,189429.59,4513712.3
2024-12-05 11:00:00,23.95,24.28,23.92,24.25,179528.61,4328824.84
2024-12-05 12:00:00,24.25,24.99,24.18,24.62,949061.8,23381868.11
2024-12-05 13:00:00,24.62,24.79,24.42,24.49,233230.88,5736732.47
2024-12-05 14:00:00,24.49,24.53,24.04,24.17,699477.47,16924284.54
2024-12-05 15:00:00,24.17,24.55,23.94,24.3,406828.33,9885776.55
2024-12-05 16:00:00,24.3,24.61,23.98,24.32,341124.84,8275413.9
2024-12-05 17:00:00,24.32,24.58,24.23,24.51,200603.64,4904964.08
2024-12-05 18:00:00,24.51,24.59,24.11,24.14,194994.59,4759784.64
2024-12-05 19:00:00,24.14,24.26,23.58,23.71,317241.31,7599163.55
2024-12-05 20:00:00,23.71,23.81,23.21,23.54,408013.62,9581098.57
2024-12-05 21:00:00,23.54,23.89,23.44,23.84,234415.56,5555617.16
2024-12-05 22:00:00,23.84,24.0,22.54,23.44,439107.83,10202888.4
2024-12-05 23:00:00,23.44,23.68,22.89,23.17,777864.73,18031789.35
2024-12-06 00:00:00,23.17,23.88,23.09,23.85,346269.96,8133560.58
2024-12-06 01:00:00,23.85,24.01,23.72,23.89,362300.34,8651801.85
2024-12-06 02:00:00,23.89,24.03,23.72,23.96,154357.62,3685984.53
2024-12-06 03:00:00,23.96,24.11,23.67,24.02,153144.47,3653747.93
2024-12-06 04:00:00,24.02,24.27,23.91,24.22,157132.36,3783216.45
2024-12-06 05:00:00,24.22,24.25,23.95,24.02,82187.2,1982519.2
2024-12-06 06:00:00,24.02,24.22,23.92,24.02,90225.1,2172053.34
2024-12-06 07:00:00,24.02,24.02,23.78,23.81,78326.77,1870209.77
2024-12-06 08:00:00,23.81,24.08,23.68,23.73,194078.22,4639410.86
2024-12-06 09:00:00,23.73,23.76,23.35,23.49,246087.43,5786984.15
2024-12-06 10:00:00,23.49,23.52,23.14,23.38,140201.11,3263979.93
2024-12-06 11:00:00,23.38,23.53,23.16,23.31,129504.9,3020493.38
2024-12-06 12:00:00,23.31,23.62,22.85,22.89,197771.49,4591342.77
2024-12-06 13:00:00,22.89,23.47,22.78,23.23,258970.98,5991899.77
2024-12-06 14:00:00,23.23,23.7,22.96,23.69,283379.24,6592486.3
2024-12-06 15:00:00,23.69,24.14,23.55,23.8,357231.57,8532213.35
2024-12-06 16:00:00,23.8,24.01,23.76,23.91,176619.11,4219463.63
2024-12-06 17:00:00,23.91,24.28,23.84,24.09,262619.21,6327943.9
2024-12-06 18:00:00,24.09,24.52,24.03,24.48,219309.44,5334170.99
2024-12-06 19:00:00,24.48,25.12,24.38,24.94,366323.24,9086098.88
2024-12-06 20:00:00,24.94,25.51,24.85,25.22,568205.52,14310359.84
2024-12-06 21:00:00,25.22,25.44,24.95,24.96,290921.77,7342772.84
2024-12-06 22:00:00,24.96,25.75,24.96,25.69,297163.3,7545045.11
2024-12-06 23:00:00,25.69,25.99,25.38,25.91,488648.8,12577477.65
2024-12-07 00:00:00,25.91,25.98,25.24,25.31,273486.14,6984948.87
2024-12-07 01:00:00,25.31,25.46,25.17,25.32,177972.92,4506348.88
2024-12-07 02:00:00,25.32,25.91,25.3,25.81,312211.23,7985422.69
2024-12-07 03:00:00,25.81,26.87,25.77,26.64,968735.35,25597262.56
2024-12-07 04:00:00,26.64,26.76,25.81,25.82,492679.18,12906952.21
2024-12-07 05:00:00,25.82,26.0,25.64,25.74,211958.29,5465561.79
2024-12-07 06:00:00,25.74,26.14,25.71,25.93,142211.3,3696993.63
2024-12-07 07:00:00,25.93,25.93,25.32,25.4,153175.3,3914832.53
2024-12-07 08:00:00,25.4,25.46,25.17,25.25,144432.12,3654110.64
2024-12-07 09:00:00,25.25,25.34,25.02,25.07,118089.4,2971512.38
2024-12-07 10:00:00,25.07,25.11,24.75,24.85,171961.39,4286498.47
2024-12-07 11:00:00,24.85,25.1,24.81,24.96,128150.39,3196253.05
2024-12-07 12:00:00,24.96,25.09,24.91,25.09,93505.3,2337801.46
2024-12-07 13:00:00,25.09,25.18,24.98,25.1,93352.47,2342533.56
2024-12-07 14:00:00,25.1,25.17,24.9,25.1,130343.58,3262615.3
2024-12-07 15:00:00,25.1,25.11,24.88,25.0,150431.8,3758531.58
2024-12-07 16:00:00,25.0,25.03,24.77,24.81,194408.01,4835132.49
2024-12-07 17:00:00,24.81,24.9,24.47,24.61,246900.66,6095367.23
2024-12-07 18:00:00,24.61,24.89,24.61,24.83,191132.85,4736627.15
2024-12-07 19:00:00,24.83,24.93,24.76,24.8,132768.28,3298906.0
2024-12-07 20:00:00,24.8,24.86,24.75,24.81,115606.18,2867062.34
2024-12-07 21:00:00,24.81,24.88,24.72,24.79,87842.89,2176120.37
2024-12-07 22:00:00,24.79,24.8,24.62,24.64,67457.15,1666488.12
2024-12-07 23:00:00,24.64,24.95,24.63,24.81,87754.82,2177757.52
2024-12-08 00:00:00,24.81,25.02,24.75,25.0,105390.76,2626098.74
2024-12-08 01:00:00,25.0,25.02,24.74,24.77,103568.72,2579466.33
2024-12-08 02:00:00,24.77,24.89,24.73,24.8,79226.35,1964838.11
2024-12-08 03:00:00,24.8,24.9,24.77,24.83,57353.74,1424061.55
2024-12-08 04:00:00,24.83,24.99,24.75,24.75,115512.45,2872047.37
2024-12-08 05:00:00,24.75,25.11,24.71,25.08,177259.91,4410377.09
2024-12-08 06:00:00,25.08,25.42,24.93,25.42,139525.51,3511266.17
2024-12-08 07:00:00,25.42,25.59,25.2,25.37,121325.98,3079386.24
2024-12-08 08:00:00,25.37,25.69,25.23,25.3,323332.66,8232539.99
2024-12-08 09:00:00,25.3,26.12,25.09,25.37,289586.74,7448519.76
2024-12-08 10:00:00,25.37,26.08,25.36,25.98,174253.6,4487352.56
2024-12-08 11:00:00,25.98,26.87,25.81,26.63,498547.22,13171346.83
2024-12-08 12:00:00,26.63,27.19,26.25,26.94,580216.18,15592345.46
2024-12-08 13:00:00,26.94,27.4,26.81,26.86,383807.7,10428914.84
2024-12-08 14:00:00,26.86,26.86,26.2,26.21,271716.49,7222350.1
2024-12-08 15:00:00,26.21,26.51,26.05,26.26,278000.28,7311660.33
2024-12-08 16:00:00,26.26,26.29,25.81,25.9,208849.13,5431160.83
2024-12-08 17:00:00,25.9,26.0,25.68,25.99,210554.9,5442722.13
2024-12-08 18:00:00,25.99,26.05,25.53,25.62,162824.85,4191425.53
2024-12-08 19:00:00,25.62,25.95,25.62,25.95,157237.54,4055780.93
2024-12-08 20:00:00,25.95,25.95,25.64,25.8,110418.99,2842051.51
2024-12-08 21:00:00,25.8,26.35,25.72,26.33,184369.68,4810483.76
2024-12-08 22:00:00,26.33,26.64,26.1,26.14,214586.92,5660089.83
2024-12-08 23:00:00,26.14,26.3,26.04,26.11,162916.52,4263253.81
2024-12-09 00:00:00,26.11,26.92,26.11,26.34,478735.02,12701222.56
2024-12-09 01:00:00,26.34,26.44,25.91,25.96,290518.05,7570821.87
2024-12-09 02:00:00,25.96,26.9,25.93,26.84,331274.77,8791206.34
2024-12-09 03:00:00,26.84,27.36,26.27,26.63,615396.78,16543222.52
2024-12-09 04:00:00,26.63,27.3,26.46,26.95,328818.18,8836235.2
2024-12-09 05:00:00,26.95,27.21,26.61,26.97,298591.1,8032093.04
2024-12-09 06:00:00,26.97,27.05,25.98,26.31,311505.73,8217542.41
2024-12-09 07:00:00,26.31,26.35,25.62,26.21,289468.53,7503969.68
2024-12-09 08:00:00,26.21,26.22,25.26,25.31,280062.49,7177530.51
2024-12-09 09:00:00,25.31,25.59,24.92,25.19,322865.7,8137976.2
2024-12-09 10:00:00,25.19,25.59,25.04,25.27,169302.71,4284879.28
2024-12-09 11:00:00,25.27,25.27,24.51,24.61,330271.95,8180354.8
2024-12-09 12:00:00,24.61,24.92,24.49,24.84,267119.65,6603133.81
2024-12-09 13:00:00,24.84,25.37,24.77,25.19,298380.4,7506599.94
2024-12-09 14:00:00,25.19,25.86,24.83,25.8,285476.16,7244190.26
2024-12-09 15:00:00,25.8,25.84,24.28,24.38,420659.42,10422870.66
2024-12-09 16:00:00,24.38,24.63,23.78,23.8,472674.67,11434887.4
2024-12-09 17:00:00,23.8,24.13,23.68,23.69,255917.96,6113270.6
2024-12-09 18:00:00,23.69,23.99,23.69,23.8,187054.79,4464568.09
2024-12-09 19:00:00,23.8,23.84,23.63,23.67,146091.58,3464300.07
2024-12-09 20:00:00,23.67,23.7,22.3,22.38,647674.87,14883828.9
2024-12-09 21:00:00,22.38,22.94,19.91,22.01,1867577.07,40450256.98
2024-12-09 22:00:00,22.01,22.4,20.32,22.37,759803.22,16457195.98
2024-12-09 23:00:00,22.37,22.57,22.04,22.29,730495.18,16325863.59
2024-12-10 00:00:00,22.29,22.72,21.76,22.47,508150.06,11336419.88
2024-12-10 01:00:00,22.47,22.51,21.9,22.41,297022.69,6602423.8
2024-12-10 02:00:00,22.41,22.42,21.44,21.44,355930.75,7788550.49
2024-12-10 03:00:00,21.44,21.67,20.71,21.63,767060.26,16264729.84
2024-12-10 04:00:00,21.63,22.36,21.09,22.35,600089.0,13021973.38
2024-12-10 05:00:00,22.35,23.25,22.31,23.16,508843.44,11612962.07
2024-12-10 06:00:00,23.16,23.41,22.88,23.19,299317.92,6942029.78
2024-12-10 07:00:00,23.19,23.28,22.68,23.08,313158.0,7183504.52
2024-12-10 08:00:00,23.08,23.36,22.71,23.04,290367.23,6698147.22
2024-12-10 09:00:00,23.04,23.44,23.02,23.28,340768.01,7929232.05
2024-12-10 10:00:00,23.28,23.78,23.26,23.56,249499.41,5880503.15
2024-12-10 11:00:00,23.56,23.57,23.08,23.2,151933.48,3538019.11
2024-12-10 12:00:00,23.2,23.3,22.15,22.23,371381.43,8409395.72
2024-12-10 13:00:00,22.23,22.91,22.22,22.67,398187.52,9014884.42
2024-12-10 14:00:00,22.67,23.29,22.43,22.52,416724.08,9539806.02
2024-12-10 15:00:00,22.52,22.69,21.34,21.34,617236.58,13546227.94
2024-12-10 16:00:00,21.34,21.66,20.62,21.48,896862.05,19013056.88
2024-12-10 17:00:00,21.48,21.49,20.34,20.35,847714.62,17601229.05
2024-12-10 18:00:00,20.35,21.17,20.28,20.95,513182.46,10646427.14
2024-12-10 19:00:00,20.95,21.51,20.94,21.44,301176.86,6417098.81
2024-12-10 20:00:00,21.44,21.76,21.32,21.62,304962.73,6577192.08
2024-12-10 21:00:00,21.62,22.19,21.61,21.9,404116.15,8865801.76
2024-12-10 22:00:00,21.9,22.29,21.8,22.19,290932.91,6416768.03
2024-12-10 23:00:00,22.19,22.48,22.12,22.13,336450.29,7501030.58
2024-12-11 00:00:00,22.13,22.28,21.57,21.83,274279.05,5999988.8
2024-12-11 01:00:00,21.83,21.84,21.22,21.23,287444.35,6184947.43
2024-12-11 02:00:00,21.23,22.3,21.17,22.07,288394.43,6293798.13
2024-12-11 03:00:00,22.07,22.52,22.0,22.45,265507.24,5903326.75
2024-12-11 04:00:00,22.45,22.66,22.34,22.6,226732.6,5107581.11
2024-12-11 05:00:00,22.6,22.69,22.27,22.36,155323.58,3488925.76
2024-12-11 06:00:00,22.36,22.5,22.21,22.26,101454.89,2264386.27
2024-12-11 07:00:00,22.26,22.57,22.22,22.24,159626.52,3575274.25
2024-12-11 08:00:00,22.24,22.86,22.24,22.76,165741.45,3749820.14
2024-12-11 09:00:00,22.76,22.89,22.54,22.77,117842.63,2680439.11
2024-12-11 10:00:00,22.77,22.78,22.55,22.72,84692.0,1918461.83
2024-12-11 11:00:00,22.72,23.03,22.56,22.87,130902.16,2985578.78
2024-12-11 12:00:00,22.87,23.5,22.84,23.22,326582.83,7591895.15
2024-12-11 13:00:00,23.22,23.86,23.06,23.52,346776.51,8133797.23
2024-12-11 14:00:00,23.52,23.88,23.19,23.76,316707.32,7460500.66
2024-12-11 15:00:00,23.76,24.26,23.68,23.92,419080.06,10052645.95
2024-12-11 16:00:00,23.92,24.22,23.77,23.88,287790.24,6912917.6
2024-12-11 17:00:00,23.88,23.99,23.4,23.44,216907.85,5136844.96
2024-12-11 18:00:00,23.44,23.78,23.44,23.64,169037.02,3994741.89
2024-12-11 19:00:00,23.64,23.84,23.61,23.82,89734.57,2128697.48
2024-12-11 20:00:00,23.82,24.1,23.81,23.88,156653.89,3749325.42
2024-12-11 21:00:00,23.88,24.01,23.72,23.93,112299.14,2677350.74
2024-12-11 22:00:00,23.93,24.26,23.88,24.14,105861.52,2543467.16
2024-12-11 23:00:00,24.14,24.34,24.01,24.09,158303.3,3827067.72
2024-12-12 00:00:00,24.09,24.24,23.89,24.01,163977.11,3944431.48
2024-12-12 01:00:00,24.01,24.48,23.98,24.23,197716.26,4797141.76
2024-12-12 02:00:00,24.23,26.57,24.23,26.5,831602.74,21309426.84
2024-12-12 03:00:00,26.5,27.15,26.13,27.02,936131.63,25083200.61
2024-12-12 04:00:00,27.02,28.31,26.95,28.25,1094558.11,30301246.38
2024-12-12 05:00:00,28.25,29.44,28.12,28.59,924705.49,26604962.56
2024-12-12 06:00:00,28.59,28.97,28.3,28.85,489747.48,14037836.72
2024-12-12 07:00:00,28.85,29.26,28.67,28.82,372538.76,10776446.14
2024-12-12 08:00:00,28.82,29.2,28.6,28.65,299666.93,8670889.87
2024-12-12 09:00:00,28.65,28.86,27.87,28.01,275362.63,7816722.29
2024-12-12 10:00:00,28.01,28.17,27.65,28.13,242705.03,6761296.95
2024-12-12 11:00:00,28.13,28.21,27.54,27.84,355207.81,9863791.32
2024-12-12 12:00:00,27.84,28.19,27.57,27.76,848497.04,23556525.22
2024-12-12 13:00:00,27.76,28.18,27.35,27.88,480603.7,13332690.33
2024-12-12 14:00:00,27.88,28.52,27.54,28.51,380482.85,10664155.88
2024-12-12 15:00:00,28.51,28.51,27.93,28.23,321019.07,9069792.39
2024-12-12 16:00:00,28.23,28.45,27.9,28.33,299077.28,8436374.08
2024-12-12 17:00:00,28.33,28.59,28.13,28.38,280902.78,7975977.96
2024-12-12 18:00:00,28.38,28.4,27.84,27.87,244231.47,6858260.0
2024-12-12 19:00:00,27.87,27.94,26.88,26.94,479122.2,13099623.91
2024-12-12 20:00:00,26.94,28.51,26.75,28.37,604177.81,16697525.69
2024-12-12 21:00:00,28.37,29.19,28.29,28.35,695469.77,20003936.87
2024-12-12 22:00:00,28.35,28.9,27.97,28.82,455904.69,12971482.96
2024-12-12 23:00:00,28.82,29.37,28.41,29.11,556401.47,16051700.79
2024-12-13 00:00:00,29.11,29.72,28.53,28.9,689366.82,20132240.76
2024-12-13 01:00:00,28.9,28.93,28.25,28.84,377633.29,10794705.66
2024-12-13 02:00:00,28.84,30.94,28.8,30.1,1197163.16,35962712.2
2024-12-13 03:00:00,30.1,30.45,29.69,30.16,545943.21,16395941.33
2024-12-13 04:00:00,30.16,30.3,29.28,29.36,338532.4,10090879.1
2024-12-13 05:00:00,29.36,29.45,28.91,29.2,257564.66,7526298.62
2024-12-13 06:00:00,29.2,29.67,29.03,29.03,203731.34,5979019.9
2024-12-13 07:00:00,29.03,29.1,28.67,28.92,206413.31,5960660.36
2024-12-13 08:00:00,28.92,29.03,28.51,28.75,173223.04,4978869.07
2024-12-13 09:00:00,28.75,28.76,28.3,28.41,92572.17,2633972.63
2024-12-13 10:00:00,28.41,28.88,28.15,28.64,165428.88,4715299.63
2024-12-13 11:00:00,28.64,28.88,28.37,28.38,126365.56,3619741.31
2024-12-13 12:00:00,28.38,28.58,28.18,28.43,172627.58,4894998.28
2024-12-13 13:00:00,28.43,28.46,28.21,28.31,171536.32,4858529.83
2024-12-13 14:00:00,28.31,28.4,27.88,28.1,314300.93,8839213.5
2024-12-13 15:00:00,28.1,28.32,27.54,27.61,486751.33,13608014.54
2024-12-13 16:00:00,27.61,28.32,27.59,28.03,283443.48,7918538.21
2024-12-13 17:00:00,28.03,28.28,27.9,28.27,141858.5,3980032.09
2024-12-13 18:00:00,28.27,28.27,27.79,27.81,117252.24,3279640.54
2024-12-13 19:00:00,27.81,28.14,27.75,28.1,79485.59,2225394.28
2024-12-13 20:00:00,28.1,28.32,28.03,28.12,145860.06,4108468.56
2024-12-13 21:00:00,28.12,28.12,27.85,27.88,123327.01,3449356.54
2024-12-13 22:00:00,27.88,28.57,27.78,28.37,186237.36,5247286.92
2024-12-13 23:00:00,28.37,29.11,28.31,29.0,224512.46,6463771.5
2024-12-14 00:00:00,29.0,30.67,28.77,29.74,828302.74,24803250.7
2024-12-14 01:00:00,29.74,30.21,29.48,29.78,363177.9,10827018.14
2024-12-14 02:00:00,29.78,29.81,29.07,29.16,218407.49,6409675.64
2024-12-14 03:00:00,29.16,29.67,29.16,29.46,195615.64,5761459.43
2024-12-14 04:00:00,29.46,29.82,29.31,29.52,120330.69,3558712.45
2024-12-14 05:00:00,29.52,29.78,29.16,29.36,135569.4,3994928.85
2024-12-14 06:00:00,29.36,29.69,29.19,29.63,195644.49,5753792.6
2024-12-14 07:00:00,29.63,29.76,29.42,29.52,82106.59,2429445.52
2024-12-14 08:00:00,29.52,29.95,29.3,29.72,117319.07,3489243.87
2024-12-14 09:00:00,29.72,30.35,29.7,30.21,179282.34,5385422.45
2024-12-14 10:00:00,30.21,30.25,29.52,30.12,352154.65,10554527.45
2024-12-14 11:00:00,30.12,30.36,29.71,29.78,138601.93,4169224.56
2024-12-14 12:00:00,29.78,29.89,29.15,29.24,163867.92,4832682.9
2024-12-14 13:00:00,29.24,29.35,28.72,29.13,279962.2,8145294.03
2024-12-14 14:00:00,29.13,30.5,29.11,30.02,363397.69,10910012.91
2024-12-14 15:00:00,30.02,30.75,29.88,30.35,420850.25,12807472.73
2024-12-14 16:00:00,30.35,30.46,29.76,30.32,275131.21,8286056.55
2024-12-14 17:00:00,30.32,30.41,29.77,29.85,237479.28,7130689.18
2024-12-14 18:00:00,29.85,29.87,29.25,29.39,250656.29,7408581.41
2024-12-14 19:00:00,29.39,29.52,28.93,29.21,209804.49,6121456.46
2024-12-14 20:00:00,29.21,29.55,28.85,28.89,237051.23,6922653.56
2024-12-14 21:00:00,28.89,29.68,28.86,29.44,208561.11,6130696.68
2024-12-14 22:00:00,29.44,29.62,29.07,29.33,151735.54,4442638.85
2024-12-14 23:00:00,29.33,29.37,28.93,29.12,154313.31,4492877.33
2024-12-15 00:00:00,29.12,29.47,28.54,28.73,269519.05,7776518.84
2024-12-15 01:00:00,28.73,29.42,28.7,29.39,166269.62,4831519.68
2024-12-15 02:00:00,29.39,29.54,29.12,29.29,152116.87,4455573.43
2024-12-15 03:00:00,29.29,29.42,29.06,29.3,128462.96,3753026.5
2024-12-15 04:00:00,29.3,29.87,29.21,29.4,237367.29,7004058.77
2024-12-15 05:00:00,29.4,29.68,29.07,29.46,162353.98,4769794.26
2024-12-15 06:00:00,29.46,29.81,29.32,29.34,79306.05,2345299.92
2024-12-15 07:00:00,29.34,29.42,28.59,28.76,148887.9,4293593.8
2024-12-15 08:00:00,28.76,29.09,28.55,28.97,124682.11,3587276.23
2024-12-15 09:00:00,28.97,29.1,28.67,28.81,73132.32,2108440.2
2024-12-15 10:00:00,28.81,29.03,28.78,28.78,87925.85,2540928.02
2024-12-15 11:00:00,28.78,28.9,28.58,28.79,92209.91,2648078.47
2024-12-15 12:00:00,28.79,28.95,28.4,28.49,135364.79,3864467.73
2024-12-15 13:00:00,28.49,28.8,28.29,28.55,120553.21,3443759.23
2024-12-15 14:00:00,28.55,29.06,28.55,29.06,168963.89,4874571.66
2024-12-15 15:00:00,29.06,29.32,28.82,29.12,95359.63,2774600.98
2024-12-15 16:00:00,29.12,29.58,29.01,29.36,118254.11,3466026.17
2024-12-15 17:00:00,29.36,29.47,29.12,29.14,110554.22,3235820.41
2024-12-15 18:00:00,29.14,29.2,28.77,28.92,102191.87,2955145.78
2024-12-15 19:00:00,28.92,29.28,28.92,28.96,125135.39,3638146.23
2024-12-15 20:00:00,28.96,29.1,28.7,28.7,98274.68,2838496.75
2024-12-15 21:00:00,28.7,28.72,28.13,28.23,257645.97,7301134.93
2024-12-15 22:00:00,28.23,28.82,28.02,28.77,182953.95,5193161.01
2024-12-15 23:00:00,28.77,29.6,28.6,29.25,415774.22,12157768.72
2024-12-16 00:00:00,29.25,29.59,28.9,29.45,321068.97,9382843.14
2024-12-16 01:00:00,29.45,29.73,29.14,29.19,265669.4,7822001.06
2024-12-16 02:00:00,29.19,29.24,28.56,28.67,178107.51,5132934.75
2024-12-16 03:00:00,28.67,28.77,28.41,28.64,156482.75,4474749.42
2024-12-16 04:00:00,28.64,28.67,28.45,28.58,67792.3,1936540.1
2024-12-16 05:00:00,28.58,29.36,28.43,28.94,144655.66,4189089.75
2024-12-16 06:00:00,28.94,29.29,28.8,28.91,120841.73,3512139.97
2024-12-16 07:00:00,28.91,29.47,28.83,29.27,163216.57,4778099.97
2024-12-16 08:00:00,29.27,29.38,28.88,29.36,163884.4,4773125.67
2024-12-16 09:00:00,29.36,30.06,29.26,29.91,333383.67,9901305.41
2024-12-16 10:00:00,29.91,30.81,29.86,30.33,517730.68,15734455.64
2024-12-16 11:00:00,30.33,30.69,29.77,29.81,345799.77,10466506.56
2024-12-16 12:00:00,29.81,30.02,29.34,29.6,244471.74,7242010.13
2024-12-16 13:00:00,29.6,30.17,29.23,29.3,259523.67,7693942.27
2024-12-16 14:00:00,29.3,30.34,29.23,29.92,261725.7,7784080.05
2024-12-16 15:00:00,29.92,30.61,29.8,30.27,367181.59,11125519.47
2024-12-16 16:00:00,30.27,30.41,29.4,29.45,513284.1,15300841.99
2024-12-16 17:00:00,29.45,29.83,29.31,29.83,184622.8,5444746.4
2024-12-16 18:00:00,29.83,30.35,29.63,30.17,289597.32,8702108.46
2024-12-16 19:00:00,30.17,30.18,29.53,29.53,218842.8,6519563.67
2024-12-16 20:00:00,29.53,29.87,29.38,29.6,192772.98,5702717.93
2024-12-16 21:00:00,29.6,29.61,28.98,29.06,345232.22,10067757.6
2024-12-16 22:00:00,29.06,29.24,28.99,29.07,115331.95,3354169.46
2024-12-16 23:00:00,29.07,29.22,28.72,28.75,132741.1,3830567.63
2024-12-17 00:00:00,28.75,29.07,28.45,28.46,201327.68,5768735.95
2024-12-17 01:00:00,28.46,28.76,28.37,28.56,183686.39,5242533.85
2024-12-17 02:00:00,28.56,28.87,28.49,28.62,157692.23,4521635.13
2024-12-17 03:00:00,28.62,28.92,28.56,28.76,77408.95,2221514.09
2024-12-17 04:00:00,28.76,28.76,28.26,28.34,203886.74,5789101.99
2024-12-17 05:00:00,28.34,28.5,28.19,28.42,102444.56,2904546.95
2024-12-17 06:00:00,28.42,28.47,28.15,28.33,65235.37,1847344.3
2024-12-17 07:00:00,28.33,28.46,28.05,28.13,79800.49,2255330.6
2024-12-17 08:00:00,28.13,28.47,27.87,28.29,170537.57,4795735.48
2024-12-17 09:00:00,28.29,28.85,28.17,28.73,109585.29,3122758.32
2024-12-17 10:00:00,28.73,28.74,28.3,28.5,131887.39,3754311.69
2024-12-17 11:00:00,28.5,28.55,28.23,28.39,133005.0,3780189.53
2024-12-17 12:00:00,28.39,28.52,28.13,28.24,158461.08,4489229.62
2024-12-17 13:00:00,28.24,28.62,28.07,28.33,169811.6,4811629.74
2024-12-17 14:00:00,28.33,28.34,27.9,28.15,181842.52,5114631.51
2024-12-17 15:00:00,28.15,28.16,27.51,27.61,407514.73,11273780.45
2024-12-17 16:00:00,27.61,27.98,27.36,27.98,344892.25,9543031.6
2024-12-17 17:00:00,27.98,28.27,27.92,28.04,197623.59,5544921.54
2024-12-17 18:00:00,28.04,28.18,27.63,27.64,199529.33,5562196.66
2024-12-17 19:00:00,27.64,27.87,27.55,27.73,201174.6,5575834.64
2024-12-17 20:00:00,27.73,28.15,27.73,27.94,116104.16,3244746.6
2024-12-17 21:00:00,27.94,28.28,27.78,28.23,112007.12,3147217.88
2024-12-17 22:00:00,28.23,28.27,27.68,27.87,120123.84,3360275.1
2024-12-17 23:00:00,27.87,28.11,27.47,27.85,165577.55,4602825.17
2024-12-18 00:00:00,27.85,28.01,27.46,27.94,143072.31,3978044.01
2024-12-18 01:00:00,27.94,28.31,27.83,27.89,124870.02,3504996.64
2024-12-18 02:00:00,27.89,28.4,27.78,28.12,145977.63,4109189.73
2024-12-18 03:00:00,28.12,28.26,27.51,27.68,152029.47,4238668.04
2024-12-18 04:00:00,27.68,27.68,26.79,27.18,430216.04,11643393.75
2024-12-18 05:00:00,27.18,27.73,26.97,27.36,156293.29,4273203.88
2024-12-18 06:00:00,27.36,27.42,26.85,27.16,151051.82,4098726.19
2024-12-18 07:00:00,27.16,27.44,27.12,27.17,73155.26,1996786.09
2024-12-18 08:00:00,27.17,27.32,26.93,27.02,107680.02,2918030.68
2024-12-18 09:00:00,27.02,27.45,27.02,27.29,53309.44,1454579.84
2024-12-18 10:00:00,27.29,27.48,27.16,27.44,63650.31,1738422.4
2024-12-18 11:00:00,27.44,27.93,27.4,27.91,99909.21,2769653.4
2024-12-18 12:00:00,27.91,27.92,27.02,27.08,121295.49,3326385.15
2024-12-18 13:00:00,27.08,27.33,26.93,27.14,183102.09,4963607.04
2024-12-18 14:00:00,27.14,27.51,26.89,26.9,185846.08,5070322.65
2024-12-18 15:00:00,26.9,27.37,26.53,27.08,234227.8,6294059.91
2024-12-18 16:00:00,27.08,27.54,26.96,27.38,158706.78,4331525.52
2024-12-18 17:00:00,27.38,27.79,27.06,27.66,71927.5,1975831.94
2024-12-18 18:00:00,27.66,27.91,27.53,27.9,118466.74,3281023.51
2024-12-18 19:00:00,27.9,27.95,26.42,26.42,315325.78,8535333.18
2024-12-18 20:00:00,26.42,26.57,25.01,25.54,997268.27,25665155.26
2024-12-18 21:00:00,25.54,25.92,25.39,25.63,269514.14,6901046.81
2024-12-18 22:00:00,25.63,25.8,25.22,25.42,226794.04,5786805.92
2024-12-18 23:00:00,25.42,25.44,24.73,24.85,400778.71,10009409.49
2024-12-19 00:00:00,24.85,25.31,24.6,25.06,320980.11,8030223.42
2024-12-19 01:00:00,25.06,25.1,24.33,24.42,282770.32,6981677.38
2024-12-19 02:00:00,24.42,24.64,23.35,24.64,1087790.24,26068394.33
2024-12-19 03:00:00,24.64,24.91,24.57,24.87,395266.06,9773253.57
2024-12-19 04:00:00,24.87,24.87,24.46,24.47,169945.34,4199827.54
2024-12-19 05:00:00,24.47,24.71,24.42,24.67,97025.68,2384811.23
2024-12-19 06:00:00,24.67,24.74,24.44,24.54,120844.64,2971838.93
2024-12-19 07:00:00,24.54,24.96,24.5,24.9,112401.25,2785825.41
2024-12-19 08:00:00,24.9,24.9,24.5,24.65,157783.59,3892994.76
2024-12-19 09:00:00,24.65,24.91,24.58,24.88,102160.3,2527369.31
2024-12-19 10:00:00,24.88,25.55,24.71,25.42,184952.59,4672342.06
2024-12-19 11:00:00,25.42,25.68,25.17,25.4,158280.75,4032014.81
2024-12-19 12:00:00,25.4,25.4,24.8,24.88,130305.35,3269207.51
2024-12-19 13:00:00,24.88,25.06,24.63,24.76,183565.48,4552219.67
2024-12-19 14:00:00,24.76,25.15,24.46,24.51,219169.34,5432315.66
2024-12-19 15:00:00,24.51,24.52,23.74,24.16,402722.22,9702612.82
2024-12-19 16:00:00,24.16,24.35,23.84,24.29,194122.78,4677111.77
2024-12-19 17:00:00,24.29,24.35,22.64,23.11,807034.59,18705520.58
2024-12-19 18:00:00,23.11,23.11,22.19,22.88,969892.22,22006993.03
2024-12-19 19:00:00,22.88,22.91,21.91,22.28,671308.69,15005510.27
2024-12-19 20:00:00,22.28,22.63,21.68,22.51,716710.4,15908980.42
2024-12-19 21:00:00,22.51,23.25,22.34,22.88,469731.94,10734006.62
2024-12-19 22:00:00,22.88,23.25,22.81,23.14,198053.11,4563356.88
2024-12-19 23:00:00,23.14,23.15,22.78,22.79,158795.39,3643272.53
2024-12-20 00:00:00,22.79,23.28,22.61,23.0,214249.16,4911232.06
2024-12-20 01:00:00,23.0,23.24,22.82,22.94,120626.18,2778859.91
2024-12-20 02:00:00,22.94,23.69,22.92,23.49,165606.4,3869096.05
2024-12-20 03:00:00,23.49,23.6,23.12,23.17,171459.93,4003232.15
2024-12-20 04:00:00,23.17,23.31,22.95,22.97,108359.27,2508399.21
2024-12-20 05:00:00,22.97,23.1,22.65,22.67,148556.44,3401931.79
2024-12-20 06:00:00,22.67,22.91,22.13,22.34,226228.41,5073815.24
2024-12-20 07:00:00,22.34,23.07,22.34,22.61,170984.53,3900150.13
2024-12-20 08:00:00,22.61,22.61,21.31,21.43,521281.51,11341782.82
2024-12-20 09:00:00,21.43,21.76,21.2,21.23,642982.21,13803309.9
2024-12-20 10:00:00,21.23,21.34,20.41,20.72,733242.9,15281254.53
2024-12-20 11:00:00,20.72,21.13,20.0,20.01,530374.39,10844853.58
2024-12-20 12:00:00,20.01,21.37,20.01,21.12,515889.56,10748156.11
2024-12-20 13:00:00,21.12,21.72,20.69,21.72,558522.45,11893672.16
2024-12-20 14:00:00,21.72,22.57,21.5,22.08,450779.78,9918363.44
2024-12-20 15:00:00,22.08,22.92,22.06,22.69,496493.35,11229574.88
2024-12-20 16:00:00,22.69,22.88,22.42,22.57,478612.85,10821856.94
2024-12-20 17:00:00,22.57,22.98,22.43,22.95,398673.34,9035607.76
2024-12-20 18:00:00,22.95,23.04,22.77,22.99,374792.87,8584300.83
2024-12-20 19:00:00,22.99,23.68,22.96,23.28,546089.21,12755694.0
2024-12-20 20:00:00,23.28,23.3,22.93,23.0,319877.14,7399715.96
2024-12-20 21:00:00,23.0,23.13,22.65,22.91,305998.7,6992737.88
2024-12-20 22:00:00,22.91,23.5,22.78,23.39,268007.66,6205400.62
2024-12-20 23:00:00,23.39,23.64,23.26,23.38,238132.18,5586708.96
2024-12-21 00:00:00,23.38,23.45,23.11,23.2,105310.49,2451236.27
2024-12-21 01:00:00,23.2,23.71,23.17,23.29,133682.46,3134001.77
2024-12-21 02:00:00,23.29,23.55,23.12,23.27,95949.8,2235103.59
2024-12-21 03:00:00,23.27,23.39,23.03,23.13,125654.66,2911846.41
2024-12-21 04:00:00,23.13,23.62,23.12,23.58,192747.48,4511779.14
2024-12-21 05:00:00,23.58,24.29,23.56,24.25,217422.96,5186059.16
2024-12-21 06:00:00,24.25,24.57,24.0,24.53,203586.56,4946181.77
2024-12-21 07:00:00,24.53,24.93,24.51,24.53,286482.62,7079738.74
2024-12-21 08:00:00,24.53,24.76,23.99,23.99,170533.61,4148528.74
2024-12-21 09:00:00,23.99,24.07,23.69,23.97,132611.86,3163181.57
2024-12-21 10:00:00,23.97,24.52,23.87,24.02,209244.01,5043665.0
2024-12-21 11:00:00,24.02,24.1,23.6,23.82,103350.44,2468473.34
2024-12-21 12:00:00,23.82,23.83,23.02,23.04,188282.27,4394563.35
2024-12-21 13:00:00,23.04,23.2,22.27,22.83,327741.92,7443036.01
2024-12-21 14:00:00,22.83,23.1,22.6,22.62,161790.11,3702320.08
2024-12-21 15:00:00,22.62,23.0,22.62,22.87,127225.65,2907807.04
2024-12-21 16:00:00,22.87,22.92,22.45,22.51,183040.92,4143920.15
2024-12-21 17:00:00,22.51,22.75,22.29,22.65,132628.27,2982886.4
2024-12-21 18:00:00,22.65,22.78,22.22,22.3,139021.75,3117654.48
2024-12-21 19:00:00,22.3,22.33,21.92,22.31,331389.73,7323926.73
2024-12-21 20:00:00,22.31,22.55,22.14,22.34,130676.66,2927738.36
2024-12-21 21:00:00,22.34,22.41,22.0,22.11,108278.1,2401036.52
2024-12-21 22:00:00,22.11,22.21,21.86,22.03,132810.6,2923902.91
2024-12-21 23:00:00,22.03,22.15,21.77,22.11,81670.11,1793572.41
2024-12-22 00:00:00,22.11,22.41,21.89,22.28,105469.62,2341417.25
2024-12-22 01:00:00,22.28,22.43,21.91,22.23,102196.11,2265833.05
2024-12-22 02:00:00,22.23,22.36,22.0,22.13,81630.93,1812507.48
2024-12-22 03:00:00,22.13,22.31,21.84,22.18,134050.68,2962665.68
2024-12-22 04:00:00,22.18,22.25,21.76,21.77,79606.9,1753492.66
2024-12-22 05:00:00,21.77,22.08,21.52,21.97,184238.94,4008024.39
2024-12-22 06:00:00,21.97,22.13,21.88,22.07,108085.78,2377426.49
2024-12-22 07:00:00,22.07,22.15,21.9,21.95,85087.53,1870884.04
2024-12-22 08:00:00,21.95,22.35,21.94,22.27,122426.59,2725063.91
2024-12-22 09:00:00,22.27,22.68,22.17,22.46,87502.23,1966582.34
2024-12-22 10:00:00,22.46,22.78,22.42,22.61,126910.56,2871755.13
2024-12-22 11:00:00,22.61,22.66,22.44,22.44,79490.84,1790707.53
2024-12-22 12:00:00,22.44,22.66,22.33,22.4,50546.51,1138210.09
2024-12-22 13:00:00,22.4,22.56,22.26,22.4,62824.39,1408173.08
2024-12-22 14:00:00,22.4,22.48,21.56,21.61,195978.59,4283484.71
2024-12-22 15:00:00,21.61,21.95,21.61,21.79,123044.39,2680214.32
2024-12-22 16:00:00,21.79,22.23,21.62,22.23,127033.32,2801619.51
2024-12-22 17:00:00,22.23,22.29,22.09,22.14,81604.09,1812849.67
2024-12-22 18:00:00,22.14,22.51,22.04,22.27,120132.91,2678297.99
2024-12-22 19:00:00,22.27,22.31,21.56,21.63,114495.88,2507312.16
2024-12-22 20:00:00,21.63,22.04,21.29,22.03,196743.6,4247296.45
2024-12-22 21:00:00,22.03,22.3,21.89,22.19,119158.14,2640413.1
2024-12-22 22:00:00,22.19,22.21,21.72,22.2,132109.95,2904499.61
2024-12-22 23:00:00,22.2,22.39,21.95,22.06,105347.68,2335275.84
2024-12-23 00:00:00,22.06,22.09,21.66,21.88,98530.76,2156240.46
2024-12-23 01:00:00,21.88,22.32,21.48,21.95,174745.34,3839234.8
2024-12-23 02:00:00,21.95,22.31,21.65,22.24,121027.12,2655899.8
2024-12-23 03:00:00,22.24,23.29,22.14,23.06,373512.3,8583787.38
2024-12-23 04:00:00,23.06,23.41,22.92,23.07,251977.9,5838664.74
2024-12-23 05:00:00,23.07,23.1,22.64,22.85,126531.27,2888900.77
2024-12-23 06:00:00,22.85,22.91,22.27,22.38,189922.09,4269854.87
2024-12-23 07:00:00,22.38,22.64,22.25,22.61,124388.23,2793125.51
2024-12-23 08:00:00,22.61,22.95,22.5,22.93,58120.55,1319349.07
2024-12-23 09:00:00,22.93,23.34,22.91,23.1,132120.23,3051899.58
2024-12-23 10:00:00,23.1,23.34,23.01,23.17,105861.47,2454389.03
2024-12-23 11:00:00,23.17,23.25,22.97,23.07,92717.35,2143067.52
2024-12-23 12:00:00,23.07,23.36,23.0,23.06,111551.48,2582405.41
2024-12-23 13:00:00,23.06,23.08,22.54,22.62,138190.41,3144128.41
2024-12-23 14:00:00,22.62,23.0,22.16,22.37,207305.7,4677003.3
2024-12-23 15:00:00,22.37,22.4,22.08,22.12,189152.16,4205791.56
2024-12-23 16:00:00,22.12,23.07,22.05,22.97,249223.88,5610085.9
2024-12-23 17:00:00,22.97,22.99,22.51,22.57,169882.32,3868138.49
2024-12-23 18:00:00,22.57,22.72,22.27,22.31,115180.26,2591492.78
2024-12-23 19:00:00,22.31,23.03,22.3,22.93,383222.77,8751054.07
2024-12-23 20:00:00,22.93,24.44,22.92,24.39,580647.85,13777962.39
2024-12-23 21:00:00,24.39,24.92,24.18,24.19,447720.35,10976138.17
2024-12-23 22:00:00,24.19,24.82,24.03,24.77,371558.36,9086470.45
2024-12-23 23:00:00,24.77,24.84,24.3,24.51,192280.3,4725037.96
2024-12-24 00:00:00,24.51,24.65,24.14,24.25,159020.93,3872633.13
2024-12-24 01:00:00,24.25,24.31,23.72,23.76,212588.57,5096467.68
2024-12-24 02:00:00,23.76,23.96,23.51,23.82,244572.56,5799970.05
2024-12-24 03:00:00,23.82,24.13,23.82,24.11,172439.52,4132653.7
2024-12-24 04:00:00,24.11,24.26,23.94,24.26,200682.75,4841704.12
2024-12-24 05:00:00,24.26,24.29,24.08,24.28,188153.72,4549068.68
2024-12-24 06:00:00,24.28,24.29,23.79,23.82,92051.71,2211046.69
2024-12-24 07:00:00,23.82,24.07,23.74,23.84,94336.21,2257803.61
2024-12-24 08:00:00,23.84,24.35,23.77,24.32,171570.6,4117791.2
2024-12-24 09:00:00,24.32,24.36,23.98,24.03,82271.11,1984898.95
2024-12-24 10:00:00,24.03,24.09,23.81,23.87,76957.63,1839236.25
2024-12-24 11:00:00,23.87,24.19,23.83,24.19,52270.58,1256186.8
2024-12-24 12:00:00,24.19,24.19,23.77,23.92,58638.1,1401138.47
2024-12-24 13:00:00,23.92,24.74,23.88,24.71,169803.09,4140026.81
2024-12-24 14:00:00,24.71,24.77,24.32,24.59,277554.39,6807220.91
2024-12-24 15:00:00,24.59,24.88,24.42,24.63,227259.92,5614060.22
2024-12-24 16:00:00,24.63,24.75,24.37,24.39,280572.0,6893351.22
2024-12-24 17:00:00,24.39,24.9,24.39,24.76,137540.51,3390428.63
2024-12-24 18:00:00,24.76,25.14,24.67,24.87,257375.43,6398718.51
2024-12-24 19:00:00,24.87,25.43,24.74,25.05,318559.32,8024698.59
2024-12-24 20:00:00,25.05,25.39,24.58,25.0,313531.57,7820011.85
2024-12-24 21:00:00,25.0,25.96,24.94,25.77,432743.06,11000931.46
2024-12-24 22:00:00,25.77,25.96,25.51,25.52,132460.56,3414584.5
2024-12-24 23:00:00,25.52,25.72,25.4,25.41,146431.25,3743375.56
2024-12-25 00:00:00,25.41,25.49,25.06,25.07,126966.68,3204120.49
2024-12-25 01:00:00,25.07,25.15,24.94,25.01,62707.46,1571381.7
2024-12-25 02:00:00,25.01,25.02,24.63,24.73,96817.03,2400432.44
2024-12-25 03:00:00,24.73,24.91,24.56,24.64,98657.54,2435417.9
2024-12-25 04:00:00,24.64,24.83,24.56,24.77,72358.57,1790872.76
2024-12-25 05:00:00,24.77,25.09,24.77,24.85,86814.15,2164834.97
2024-12-25 06:00:00,24.85,25.11,24.73,24.79,61250.11,1526625.31
2024-12-25 07:00:00,24.79,25.03,24.71,24.75,34679.88,860778.22
2024-12-25 08:00:00,24.75,25.12,24.65,24.94,38606.9,961352.25
2024-12-25 09:00:00,24.94,25.05,24.78,25.01,30195.4,751678.79
2024-12-25 10:00:00,25.01,25.55,24.86,24.92,145480.87,3664742.88
2024-12-25 11:00:00,24.92,25.03,24.47,24.49,107264.27,2655008.71
2024-12-25 12:00:00,24.49,24.73,24.42,24.56,52105.12,1281266.85
2024-12-25 13:00:00,24.56,24.69,24.43,24.62,33582.02,824804.08
2024-12-25 14:00:00,24.62,24.85,24.56,24.7,56722.36,1401971.55
2024-12-25 15:00:00,24.7,24.77,24.45,24.66,85644.67,2106167.73
2024-12-25 16:00:00,24.66,24.73,24.23,24.36,71236.44,1735828.13
2024-12-25 17:00:00,24.36,24.59,24.27,24.58,28006.26,684833.77
2024-12-25 18:00:00,24.58,24.6,24.42,24.47,43789.33,1073291.33
2024-12-25 19:00:00,24.47,24.73,24.41,24.7,36380.8,892469.05
2024-12-25 20:00:00,24.7,24.75,24.33,24.41,43322.07,1064344.01
2024-12-25 21:00:00,24.41,24.55,24.13,24.33,150837.9,3656407.74
2024-12-25 22:00:00,24.33,24.47,24.24,24.31,26883.97,654893.75
2024-12-25 23:00:00,24.31,24.54,24.31,24.42,76933.12,1879421.9
2024-12-26 00:00:00,24.42,24.68,24.1,24.19,100199.71,2443456.32
2024-12-26 01:00:00,24.19,24.31,24.0,24.04,107341.05,2586532.44
2024-12-26 02:00:00,24.04,24.28,23.93,24.0,57493.48,1385056.53
2024-12-26 03:00:00,24.0,24.09,23.82,23.92,144148.51,3450731.91
2024-12-26 04:00:00,23.92,23.92,23.67,23.75,93224.56,2215515.11
2024-12-26 05:00:00,23.75,23.79,23.58,23.68,61824.52,1463050.45
2024-12-26 06:00:00,23.68,23.69,23.46,23.55,68368.34,1608874.05
2024-12-26 07:00:00,23.55,23.62,23.34,23.4,71677.64,1681867.45
2024-12-26 08:00:00,23.4,23.44,22.77,22.95,241677.01,5555155.1
2024-12-26 09:00:00,22.95,23.07,22.9,22.92,50283.12,1154281.31
2024-12-26 10:00:00,22.92,23.01,22.79,22.96,60857.97,1392485.34
2024-12-26 11:00:00,22.96,23.17,22.94,23.03,29304.63,675020.62
2024-12-26 12:00:00,23.03,23.14,22.9,22.9,46891.23,1079735.0
2024-12-26 13:00:00,22.9,22.94,22.65,22.88,156497.45,3564158.45
2024-12-26 14:00:00,22.88,23.08,22.71,22.82,170341.65,3890802.48
2024-12-26 15:00:00,22.82,22.99,22.7,22.73,87317.59,1994382.17
2024-12-26 16:00:00,22.73,23.08,22.72,23.02,122645.72,2804365.23
2024-12-26 17:00:00,23.02,23.06,22.57,22.68,132614.83,3021091.92
2024-12-26 18:00:00,22.68,22.84,22.59,22.76,75934.61,1727188.98
2024-12-26 19:00:00,22.76,22.81,22.55,22.79,77325.36,1753060.74
2024-12-26 20:00:00,22.79,22.82,22.48,22.62,97384.33,2203155.59
2024-12-26 21:00:00,22.62,22.75,22.4,22.69,93071.6,2101885.73
2024-12-26 22:00:00,22.69,22.87,22.69,22.74,53730.72,1222996.28
2024-12-26 23:00:00,22.74,22.75,22.48,22.65,45828.93,1036331.57
2024-12-27 00:00:00,22.65,22.76,22.49,22.74,97457.57,2207569.92
2024-12-27 01:00:00,22.74,23.09,22.69,22.93,135009.13,3087941.56
2024-12-27 02:00:00,22.93,23.23,22.85,22.91,139312.9,3221110.31
2024-12-27 03:00:00,22.91,23.07,22.83,22.97,79220.44,1815087.63
2024-12-27 04:00:00,22.97,23.15,22.76,22.78,49989.64,1148311.85
2024-12-27 05:00:00,22.78,22.83,22.6,22.81,52821.88,1200153.87
2024-12-27 06:00:00,22.81,23.07,22.81,23.07,33628.48,770175.52
2024-12-27 07:00:00,23.07,23.07,22.36,22.58,83469.23,1889513.46
2024-12-27 08:00:00,22.58,22.99,22.58,22.82,66679.86,1523800.17
2024-12-27 09:00:00,22.82,23.64,22.82,23.41,161476.16,3787288.44
2024-12-27 10:00:00,23.41,23.52,23.06,23.31,47765.84,1113438.12
2024-12-27 11:00:00,23.31,23.44,23.2,23.41,69806.74,1629200.14
2024-12-27 12:00:00,23.41,23.46,23.26,23.31,59462.12,1388960.96
2024-12-27 13:00:00,23.31,23.36,23.03,23.07,69812.15,1616719.5
2024-12-27 14:00:00,23.07,23.07,22.55,22.72,116401.63,2655970.12
2024-12-27 15:00:00,22.72,22.74,22.2,22.27,220751.69,4929344.75
2024-12-27 16:00:00,22.27,22.39,22.11,22.28,160024.69,3559226.84
2024-12-27 17:00:00,22.28,22.72,22.17,22.67,226624.71,5064970.92
2024-12-27 18:00:00,22.67,22.71,22.54,22.64,75155.36,1698937.24
2024-12-27 19:00:00,22.64,22.64,21.99,22.2,165798.46,3687333.5
2024-12-27 20:00:00,22.2,22.24,21.91,22.0,120751.68,2659106.23
2024-12-27 21:00:00,22.0,22.03,21.71,21.73,109858.07,2402267.3
2024-12-27 22:00:00,21.73,21.83,21.34,21.38,241533.38,5208440.49
2024-12-27 23:00:00,21.38,21.55,21.37,21.53,125177.73,2686594.13
2024-12-28 00:00:00,21.53,21.62,21.37,21.42,80438.96,1727179.93
2024-12-28 01:00:00,21.42,21.47,21.19,21.37,131645.21,2809736.22
2024-12-28 02:00:00,21.37,21.46,21.23,21.24,66218.38,1415743.22
2024-12-28 03:00:00,21.24,21.47,21.24,21.35,63086.17,1348593.16
2024-12-28 04:00:00,21.35,21.37,21.24,21.27,50960.16,1085314.58
2024-12-28 05:00:00,21.27,21.42,21.27,21.33,77765.43,1661478.61
2024-12-28 06:00:00,21.33,21.36,21.12,21.16,83032.16,1760036.45
2024-12-28 07:00:00,21.16,21.28,21.03,21.05,64624.42,1365189.06
2024-12-28 08:00:00,21.05,21.26,21.04,21.23,43661.27,922868.05
2024-12-28 09:00:00,21.23,21.43,21.22,21.34,78966.4,1683512.81
2024-12-28 10:00:00,21.34,21.37,21.12,21.14,67986.7,1442783.83
2024-12-28 11:00:00,21.14,21.32,21.08,21.29,76096.87,1612336.76
2024-12-28 12:00:00,21.29,21.32,21.14,21.17,45031.62,956683.47
2024-12-28 13:00:00,21.17,21.48,21.16,21.47,69668.04,1485182.83
2024-12-28 14:00:00,21.47,21.83,21.35,21.45,216255.43,4651713.59
2024-12-28 15:00:00,21.45,21.7,21.42,21.45,117319.72,2529371.44
2024-12-28 16:00:00,21.45,21.8,21.32,21.8,262828.96,5668232.66
2024-12-28 17:00:00,21.8,22.15,21.73,22.1,412960.09,9082780.68
2024-12-28 18:00:00,22.1,22.13,21.71,21.71,121993.23,2668310.02
2024-12-28 19:00:00,21.71,21.8,21.7,21.78,55408.77,1205159.67
2024-12-28 20:00:00,21.78,21.89,21.7,21.88,76792.27,1672773.68
2024-12-28 21:00:00,21.88,22.11,21.8,22.1,76628.79,1679037.68
2024-12-28 22:00:00,22.1,22.34,22.03,22.16,97331.64,2156139.69
2024-12-28 23:00:00,22.16,22.17,21.9,21.95,87287.0,1922411.46
2024-12-29 00:00:00,21.95,21.97,21.76,21.79,44481.63,972275.74
2024-12-29 01:00:00,21.79,21.88,21.6,21.61,64179.5,1393442.55
2024-12-29 02:00:00,21.61,21.82,21.61,21.72,34629.08,751900.76
2024-12-29 03:00:00,21.72,21.8,21.64,21.79,26965.59,585592.29
2024-12-29 04:00:00,21.79,21.82,21.64,21.7,27993.2,607618.57
2024-12-29 05:00:00,21.7,21.72,21.6,21.61,47075.97,1018997.1
2024-12-29 06:00:00,21.61,21.73,21.49,21.7,56519.64,1219899.72
2024-12-29 07:00:00,21.7,21.91,21.67,21.9,68630.9,1494171.92
2024-12-29 08:00:00,21.9,21.92,21.58,21.58,25461.25,552513.44
2024-12-29 09:00:00,21.58,21.68,21.52,21.61,38641.98,833887.4
2024-12-29 10:00:00,21.61,21.67,21.57,21.58,25556.29,552562.5
2024-12-29 11:00:00,21.58,21.63,21.47,21.47,36509.14,787063.57
2024-12-29 12:00:00,21.47,21.55,21.37,21.41,28949.39,620633.01
2024-12-29 13:00:00,21.41,21.64,21.37,21.58,39736.54,855879.58
2024-12-29 14:00:00,21.58,21.72,21.25,21.37,113954.43,2433727.47
2024-12-29 15:00:00,21.37,21.49,21.27,21.41,31700.1,677900.41
2024-12-29 16:00:00,21.41,21.43,21.19,21.25,71933.15,1529613.8
2024-12-29 17:00:00,21.25,21.36,21.17,21.25,48725.24,1035072.72
2024-12-29 18:00:00,21.25,21.31,21.18,21.28,26288.76,558761.66
2024-12-29 19:00:00,21.28,21.34,21.18,21.23,65868.62,1399988.98
2024-12-29 20:00:00,21.23,21.23,20.91,21.11,221188.48,4648790.32
2024-12-29 21:00:00,21.11,21.17,20.86,20.96,87343.63,1831331.46
2024-12-29 22:00:00,20.96,20.99,20.76,20.82,99054.22,2066888.15
2024-12-29 23:00:00,20.82,20.98,20.74,20.91,88881.23,1851717.97
2024-12-30 00:00:00,20.91,21.3,20.81,21.19,96224.97,2028050.5
2024-12-30 01:00:00,21.19,21.78,21.19,21.53,171247.47,3681056.26
2024-12-30 02:00:00,21.53,21.57,21.31,21.36,61868.84,1323658.44
2024-12-30 03:00:00,21.36,21.47,21.04,21.06,95774.34,2030576.66
2024-12-30 04:00:00,21.06,21.18,20.93,20.93,65874.48,1388786.28
2024-12-30 05:00:00,20.93,21.1,20.91,21.01,58989.27,1239332.12
2024-12-30 06:00:00,21.01,21.37,21.0,21.26,45765.63,970929.72
2024-12-30 07:00:00,21.26,21.28,20.97,21.15,37711.61,795800.88
2024-12-30 08:00:00,21.15,21.41,21.14,21.24,47699.7,1014900.02
2024-12-30 09:00:00,21.24,21.3,21.06,21.22,61115.08,1294849.84
2024-12-30 10:00:00,21.22,21.35,21.13,21.14,45963.79,975532.93
2024-12-30 11:00:00,21.14,21.29,20.97,21.21,101337.8,2139614.55
2024-12-30 12:00:00,21.21,21.4,21.08,21.15,83311.54,1771969.39
2024-12-30 13:00:00,21.15,21.24,20.29,20.33,320538.01,6622266.03
2024-12-30 14:00:00,20.33,20.45,20.07,20.19,331160.51,6711452.81
2024-12-30 15:00:00,20.19,20.42,20.06,20.28,183273.28,3710848.02
2024-12-30 16:00:00,20.28,20.42,20.09,20.21,201125.77,4075492.93
2024-12-30 17:00:00,20.21,21.06,20.16,20.85,225850.19,4657058.52
2024-12-30 18:00:00,20.85,21.17,20.75,21.1,200976.12,4226890.97
2024-12-30 19:00:00,21.1,21.13,20.92,21.05,93456.06,1963387.35
2024-12-30 20:00:00,21.05,21.32,21.05,21.07,112524.97,2383537.59
2024-12-30 21:00:00,21.07,21.08,20.34,20.39,180414.82,3727708.97
2024-12-30 22:00:00,20.39,20.62,20.37,20.53,68232.63,1399853.08
2024-12-30 23:00:00,20.53,20.61,20.4,20.55,54033.96,1107350.87
2024-12-31 00:00:00,20.55,20.63,20.3,20.31,47200.81,965799.14
2024-12-31 01:00:00,20.31,20.47,20.25,20.36,72460.44,1473771.43
2024-12-31 02:00:00,20.36,20.48,20.27,20.43,52823.63,1077864.33
2024-12-31 03:00:00,20.43,20.44,20.22,20.24,69821.42,1418747.65
2024-12-31 04:00:00,20.24,20.44,20.16,20.19,60476.77,1226889.31
2024-12-31 05:00:00,20.19,20.34,20.16,20.26,41561.11,841647.56
2024-12-31 06:00:00,20.26,20.38,20.19,20.3,190076.89,3856233.35
2024-12-31 07:00:00,20.3,20.42,20.27,20.3,83633.82,1701766.81
2024-12-31 08:00:00,20.3,20.89,20.29,20.6,133109.11,2739389.15
2024-12-31 09:00:00,20.6,20.75,20.55,20.56,65615.09,1354777.37
2024-12-31 10:00:00,20.56,20.66,20.41,20.56,70907.3,1456300.41
2024-12-31 11:00:00,20.56,20.62,20.44,20.5,56072.19,1149595.7
2024-12-31 12:00:00,20.5,20.76,20.46,20.46,108764.38,2244138.33
2024-12-31 13:00:00,20.46,21.04,20.44,20.87,180060.67,3755744.19
2024-12-31 14:00:00,20.87,21.17,20.82,20.92,179431.72,3763684.82
2024-12-31 15:00:00,20.92,21.01,20.73,20.78,163352.31,3409065.48
2024-12-31 16:00:00,20.78,20.81,20.49,20.7,154420.58,3189755.45
2024-12-31 17:00:00,20.7,20.71,19.94,20.24,238338.61,4812027.41
2024-12-31 18:00:00,20.24,20.33,20.17,20.17,102695.64,2079342.08
2024-12-31 19:00:00,20.17,20.18,20.01,20.07,108552.54,2181030.79
2024-12-31 20:00:00,20.07,20.16,19.89,19.96,156511.04,3130152.27
2024-12-31 21:00:00,19.96,20.08,19.83,20.04,131963.98,2633569.37
2024-12-31 22:00:00,20.04,20.04,19.79,19.9,96682.28,1924136.69
2024-12-31 23:00:00,19.9,20.05,19.88,19.97,120094.24,2398590.87
2025-01-01 00:00:00,19.97,20.21,19.94,20.2,135925.69,2724813.65
2025-01-01 01:00:00,20.2,20.2,19.93,19.97,79858.16,1598234.75
2025-01-01 02:00:00,19.97,20.15,19.97,20.05,70940.24,1421668.7
2025-01-01 03:00:00,20.05,20.13,20.0,20.03,69559.81,1395435.24
2025-01-01 04:00:00,20.03,20.05,19.86,19.87,81081.1,1619218.76
2025-01-01 05:00:00,19.87,20.06,19.86,20.0,85978.33,1718202.72
2025-01-01 06:00:00,20.0,20.02,19.89,20.01,36309.02,724642.73
2025-01-01 07:00:00,20.01,20.02,19.92,19.94,55073.01,1099377.53
2025-01-01 08:00:00,19.94,20.0,19.79,19.82,62422.24,1240613.04
2025-01-01 09:00:00,19.82,19.87,19.66,19.76,110976.88,2190621.18
2025-01-01 10:00:00,19.76,19.92,19.76,19.81,29494.48,585653.13
2025-01-01 11:00:00,19.81,20.1,19.73,20.01,30851.97,614520.29
2025-01-01 12:00:00,20.01,20.18,19.97,20.18,31352.98,629319.85
2025-01-01 13:00:00,20.18,20.29,20.07,20.23,32703.73,660186.96
2025-01-01 14:00:00,20.23,20.35,20.01,20.22,63324.71,1278379.36
2025-01-01 15:00:00,20.22,20.54,20.13,20.52,99447.79,2022760.07
2025-01-01 16:00:00,20.52,20.68,20.45,20.65,90033.84,1850668.12
2025-01-01 17:00:00,20.65,20.84,20.31,20.78,81842.62,1684961.8
2025-01-01 18:00:00,20.78,21.16,20.6,21.15,109089.41,2283484.13
2025-01-01 19:00:00,21.15,21.51,21.1,21.44,246138.78,5245130.4
2025-01-01 20:00:00,21.44,21.8,21.44,21.78,261476.14,5670151.69
2025-01-01 21:00:00,21.78,21.8,21.56,21.62,118836.43,2573463.45
2025-01-01 22:00:00,21.62,21.68,21.49,21.5,88396.43,1904080.48
2025-01-01 23:00:00,21.5,21.71,21.42,21.69,97205.12,2096917.87
2025-01-02 00:00:00,21.69,22.33,21.68,22.04,310375.97,6847238.57
2025-01-02 01:00:00,22.04,22.16,21.77,21.8,139846.29,3064114.04
2025-01-02 02:00:00,21.8,21.98,21.74,21.92,120265.17,2629311.58
2025-01-02 03:00:00,21.92,21.97,21.82,21.85,61395.23,1342944.25
2025-01-02 04:00:00,21.85,22.1,21.81,22.08,98481.93,2165483.58
2025-01-02 05:00:00,22.08,22.26,22.02,22.14,98766.21,2186975.37
2025-01-02 06:00:00,22.14,22.27,21.99,22.04,113044.5,2498607.68
2025-01-02 07:00:00,22.04,22.34,21.98,22.31,72379.17,1606060.0
2025-01-02 08:00:00,22.31,22.31,22.03,22.2,86315.4,1909864.3
2025-01-02 09:00:00,22.2,22.49,22.09,22.41,75416.36,1681677.48
2025-01-02 10:00:00,22.41,22.77,22.29,22.72,146510.43,3303450.47
2025-01-02 11:00:00,22.72,22.72,22.37,22.55,125742.82,2828553.55
2025-01-02 12:00:00,22.55,22.87,22.48,22.65,112591.92,2558810.09
2025-01-02 13:00:00,22.65,22.67,22.43,22.49,63618.45,1433587.43
2025-01-02 14:00:00,22.49,22.79,22.29,22.47,163684.42,3678188.84
2025-01-02 15:00:00,22.47,22.51,22.1,22.19,187524.39,4172755.19
2025-01-02 16:00:00,22.19,22.41,22.06,22.28,115367.11,2570046.22
2025-01-02 17:00:00,22.28,22.55,22.04,22.19,195488.53,4364437.11
2025-01-02 18:00:00,22.19,22.32,22.13,22.31,56152.21,1248111.6
2025-01-02 19:00:00,22.31,22.31,22.1,22.1,56181.13,1248986.93
2025-01-02 20:00:00,22.1,22.22,21.99,22.03,83244.05,1838073.68
2025-01-02 21:00:00,22.03,22.06,21.95,22.0,48208.65,1060180.14
2025-01-02 22:00:00,22.0,22.02,21.8,21.99,76977.28,1688509.5
2025-01-02 23:00:00,21.99,22.13,21.97,22.04,48759.74,1074303.9
2025-01-03 00:00:00,22.04,22.15,21.97,21.99,50454.05,1112550.41
2025-01-03 01:00:00,21.99,22.13,21.89,22.1,77510.36,1704055.08
2025-01-03 02:00:00,22.1,22.39,22.06,22.06,137459.38,3063590.95
2025-01-03 03:00:00,22.06,22.26,21.97,22.22,114578.08,2527217.82
2025-01-03 04:00:00,22.22,22.24,22.04,22.09,40790.64,903136.37
2025-01-03 05:00:00,22.09,22.13,21.94,22.03,48267.32,1062669.22
2025-01-03 06:00:00,22.03,22.21,21.95,21.96,39140.82,864642.31
2025-01-03 07:00:00,21.96,22.03,21.78,21.79,69978.4,1530348.63
2025-01-03 08:00:00,21.79,21.84,21.63,21.78,79361.92,1726658.64
2025-01-03 09:00:00,21.78,22.23,21.78,22.16,64196.33,1419497.85
2025-01-03 10:00:00,22.16,22.34,22.06,22.28,81118.15,1801713.22
2025-01-03 11:00:00,22.28,22.65,22.28,22.65,80097.24,1800176.36
2025-01-03 12:00:00,22.65,22.89,22.62,22.63,204756.26,4657648.01
2025-01-03 13:00:00,22.63,22.7,22.44,22.45,129161.71,2913184.21
2025-01-03 14:00:00,22.45,23.01,22.45,23.01,193474.86,4421234.06
2025-01-03 15:00:00,23.01,23.47,22.92,23.45,211095.7,4903232.24
2025-01-03 16:00:00,23.45,23.75,23.34,23.59,327691.57,7720180.73
2025-01-03 17:00:00,23.59,23.79,23.53,23.58,141860.92,3360114.47
2025-01-03 18:00:00,23.58,23.84,23.57,23.76,113249.26,2683828.18
2025-01-03 19:00:00,23.76,23.89,23.67,23.77,119896.64,2852898.33
2025-01-03 20:00:00,23.77,23.8,23.51,23.53,97151.66,2294045.38
2025-01-03 21:00:00,23.53,23.59,23.37,23.42,98507.07,2312576.19
2025-01-03 22:00:00,23.42,23.62,23.36,23.44,59193.5,1390726.26
2025-01-03 23:00:00,23.44,23.5,23.33,23.47,85751.87,2005803.8
2025-01-04 00:00:00,23.47,23.53,23.26,23.26,74177.1,1733619.3
2025-01-04 01:00:00,23.26,23.33,23.12,23.32,58298.28,1352348.25
2025-01-04 02:00:00,23.32,23.43,23.26,23.4,62363.51,1456879.52
2025-01-04 03:00:00,23.4,23.41,23.16,23.19,64773.56,1507199.18
2025-01-04 04:00:00,23.19,23.21,23.02,23.16,44406.88,1025724.49
2025-01-04 05:00:00,23.16,23.22,23.13,23.16,35302.23,818278.33
2025-01-04 06:00:00,23.16,23.28,23.12,23.19,30132.91,699657.79
2025-01-04 07:00:00,23.19,23.35,23.19,23.28,23343.56,542982.23
2025-01-04 08:00:00,23.28,23.3,22.98,22.99,73415.09,1693580.63
2025-01-04 09:00:00,22.99,23.1,22.97,23.0,17156.32,395133.37
2025-01-04 10:00:00,23.0,23.07,22.88,23.05,49094.05,1126650.88
2025-01-04 11:00:00,23.05,23.1,23.0,23.06,24510.38,564917.2
2025-01-04 12:00:00,23.06,23.51,23.06,23.5,82600.31,1924642.2
2025-01-04 13:00:00,23.5,23.73,23.45,23.72,74632.91,1758297.71
2025-01-04 14:00:00,23.72,23.78,23.6,23.7,91656.47,2171764.56
2025-01-04 15:00:00,23.7,23.92,23.1,23.16,173394.34,4059247.55
2025-01-04 16:00:00,23.16,23.44,23.16,23.38,101278.42,2363528.12
2025-01-04 17:00:00,23.38,23.43,23.29,23.42,58633.36,1369060.5
2025-01-04 18:00:00,23.42,23.61,23.41,23.49,45584.79,1071802.54
2025-01-04 19:00:00,23.49,23.76,23.49,23.62,52985.67,1251922.88
2025-01-04 20:00:00,23.62,23.83,23.59,23.75,88380.22,2096199.18
2025-01-04 21:00:00,23.75,24.05,23.68,23.76,184180.36,4397552.12
2025-01-04 22:00:00,23.76,23.85,23.66,23.75,43155.46,1025042.12
2025-01-04 23:00:00,23.75,23.77,23.58,23.59,42620.94,1008200.16
2025-01-05 00:00:00,23.59,23.78,23.46,23.48,61264.48,1444365.52
2025-01-05 01:00:00,23.48,23.5,23.26,23.29,64930.49,1516160.49
2025-01-05 02:00:00,23.29,23.39,23.26,23.38,41800.07,974337.45
2025-01-05 03:00:00,23.38,23.38,23.21,23.33,36450.2,849184.32
2025-01-05 04:00:00,23.33,23.72,23.33,23.67,50220.51,1182009.81
2025-01-05 05:00:00,23.67,23.67,23.41,23.45,51868.71,1221159.62
2025-01-05 06:00:00,23.45,23.62,23.36,23.58,24059.15,563975.59
2025-01-05 07:00:00,23.58,23.81,23.48,23.5,47383.97,1121834.78
2025-01-05 08:00:00,23.5,23.55,23.16,23.3,56921.67,1325954.12
2025-01-05 09:00:00,23.3,23.4,23.06,23.09,53778.7,1248597.83
2025-01-05 10:00:00,23.09,23.2,23.01,23.16,32615.18,753555.16
2025-01-05 11:00:00,23.16,23.24,23.04,23.08,38107.26,880720.99
2025-01-05 12:00:00,23.08,23.23,23.0,23.11,37152.21,857796.69
2025-01-05 13:00:00,23.11,23.28,23.06,23.06,34354.77,796386.36
2025-01-05 14:00:00,23.06,23.22,22.86,23.2,146892.47,3376806.45
2025-01-05 15:00:00,23.2,23.39,23.13,23.29,65892.04,1534553.31
2025-01-05 16:00:00,23.29,23.45,23.19,23.29,46213.91,1077092.92
2025-01-05 17:00:00,23.29,23.46,23.18,23.25,91130.63,2123466.07
2025-01-05 18:00:00,23.25,23.46,23.1,23.43,49972.52,1162742.31
2025-01-05 19:00:00,23.43,23.49,23.3,23.35,16639.98,389041.97
2025-01-05 20:00:00,23.35,23.54,23.24,23.31,52294.2,1223379.53
2025-01-05 21:00:00,23.31,23.52,23.31,23.5,23270.82,545049.23
2025-01-05 22:00:00,23.5,23.59,23.38,23.57,48751.81,1145548.97
2025-01-05 23:00:00,23.57,23.72,23.5,23.58,104493.85,2467306.85
2025-01-06 00:00:00,23.58,23.63,23.13,23.16,76400.24,1781734.38
2025-01-06 01:00:00,23.16,23.67,23.01,23.6,85173.97,1985216.0
2025-01-06 02:00:00,23.6,23.99,23.58,23.67,170136.13,4050076.2
2025-01-06 03:00:00,23.67,24.06,23.61,24.04,126930.57,3031068.43
2025-01-06 04:00:00,24.04,24.14,23.89,23.97,101783.06,2443624.73
2025-01-06 05:00:00,23.97,24.18,23.84,23.91,110090.46,2642139.99
2025-01-06 06:00:00,23.91,24.05,23.7,23.71,71559.14,1705068.16
2025-01-06 07:00:00,23.71,23.79,23.49,23.51,43786.09,1033410.55
2025-01-06 08:00:00,23.51,23.62,23.35,23.37,55195.63,1295736.98
2025-01-06 09:00:00,23.37,23.52,23.34,23.45,54778.4,1282974.88
2025-01-06 10:00:00,23.45,23.5,23.32,23.46,24052.36,563151.14
2025-01-06 11:00:00,23.46,23.82,23.46,23.82,55065.65,1303225.74
2025-01-06 12:00:00,23.82,23.92,23.67,23.87,60711.6,1446894.03
2025-01-06 13:00:00,23.87,23.97,23.51,23.96,74094.95,1759775.95
2025-01-06 14:00:00,23.96,24.3,23.5,24.13,241834.92,5765870.3
2025-01-06 15:00:00,24.13,24.46,23.96,24.37,364697.55,8868173.78
2025-01-06 16:00:00,24.37,24.78,24.12,24.39,319048.16,7817628.46
2025-01-06 17:00:00,24.39,24.4,23.78,23.92,135751.1,3260911.71
2025-01-06 18:00:00,23.92,24.01,23.83,23.93,141989.72,3397153.39
2025-01-06 19:00:00,23.93,24.02,23.87,23.91,73964.61,1771719.78
2025-01-06 20:00:00,23.91,24.13,23.82,23.9,136257.84,3272422.86
2025-01-06 21:00:00,23.9,23.92,23.71,23.83,85600.67,2038155.21
2025-01-06 22:00:00,23.83,23.91,23.76,23.8,29168.65,695289.72
2025-01-06 23:00:00,23.8,23.85,23.67,23.85,65987.26,1568376.07
2025-01-07 00:00:00,23.85,23.85,23.62,23.63,91115.08,2160044.34
2025-01-07 01:00:00,23.63,23.85,23.5,23.83,104277.11,2471664.43
2025-01-07 02:00:00,23.83,23.85,23.49,23.49,66473.48,1572671.0
2025-01-07 03:00:00,23.49,23.61,23.45,23.52,56284.73,1322672.05
2025-01-07 04:00:00,23.52,23.56,23.42,23.42,33725.14,792258.21
2025-01-07 05:00:00,23.42,23.46,23.35,23.46,24786.84,580233.73
2025-01-07 06:00:00,23.46,23.65,23.43,23.64,30011.64,705691.81
2025-01-07 07:00:00,23.64,23.67,23.39,23.4,37596.37,881979.44
2025-01-07 08:00:00,23.4,23.66,23.4,23.6,41912.62,986769.29
2025-01-07 09:00:00,23.6,23.64,23.42,23.53,22536.87,529972.24
2025-01-07 10:00:00,23.53,23.53,23.41,23.47,21772.4,510489.25
2025-01-07 11:00:00,23.47,23.48,23.1,23.19,111184.99,2604388.73
2025-01-07 12:00:00,23.19,23.23,23.03,23.12,37053.22,857089.94
2025-01-07 13:00:00,23.12,23.38,23.12,23.3,54729.22,1274145.55
2025-01-07 14:00:00,23.3,23.37,22.75,22.89,118793.75,2740771.17
2025-01-07 15:00:00,22.89,22.92,21.71,22.05,725039.88,16128943.46
2025-01-07 16:00:00,22.05,22.19,21.87,21.94,233277.33,5139998.19
2025-01-07 17:00:00,21.94,21.99,21.66,21.78,162662.81,3555711.19
2025-01-07 18:00:00,21.78,21.97,21.52,21.61,187951.98,4089903.17
2025-01-07 19:00:00,21.61,21.7,21.4,21.47,150697.19,3243333.01
2025-01-07 20:00:00,21.47,21.54,21.22,21.44,168253.19,3598960.08
2025-01-07 21:00:00,21.44,21.7,21.25,21.25,132234.7,2843039.94
2025-01-07 22:00:00,21.25,21.65,21.19,21.65,84449.28,1808394.01
2025-01-07 23:00:00,21.65,21.65,21.36,21.39,121782.12,2620049.77
2025-01-08 00:00:00,21.39,21.72,21.37,21.69,96578.29,2083388.4
2025-01-08 01:00:00,21.69,21.69,21.25,21.43,100512.98,2156785.78
2025-01-08 02:00:00,21.43,21.55,21.3,21.3,67463.26,1446971.29
2025-01-08 03:00:00,21.3,21.32,20.91,21.16,228708.99,4825621.35
2025-01-08 04:00:00,21.16,21.23,20.92,20.98,98903.81,2080303.51
2025-01-08 05:00:00,20.98,21.17,20.88,20.94,108764.63,2287018.01
2025-01-08 06:00:00,20.94,21.06,20.54,20.55,212707.82,4417806.87
2025-01-08 07:00:00,20.55,20.93,20.53,20.88,81130.72,1681469.42
2025-01-08 08:00:00,20.88,21.12,20.87,20.99,71901.39,1511518.95
2025-01-08 09:00:00,20.99,21.02,20.83,20.83,50486.06,1056534.9
2025-01-08 10:00:00,20.83,20.99,20.83,20.96,46995.48,983613.91
2025-01-08 11:00:00,20.96,20.97,20.59,20.73,65128.09,1350128.3
2025-01-08 12:00:00,20.73,20.85,20.59,20.59,72443.04,1499364.96
2025-01-08 13:00:00,20.59,20.86,20.59,20.69,117125.42,2427584.61
2025-01-08 14:00:00,20.69,20.92,20.67,20.74,101121.9,2101077.68
2025-01-08 15:00:00,20.74,20.97,20.5,20.67,143970.47,2973094.49
2025-01-08 16:00:00,20.67,20.73,20.29,20.31,225828.34,4634848.66
2025-01-08 17:00:00,20.31,20.38,19.58,20.25,616690.11,12313364.59
2025-01-08 18:00:00,20.25,20.69,20.2,20.38,285254.92,5837468.34
2025-01-08 19:00:00,20.38,20.53,20.19,20.19,185223.56,3768185.09
2025-01-08 20:00:00,20.19,20.27,20.08,20.17,115214.77,2323233.72
2025-01-08 21:00:00,20.17,20.3,19.97,20.25,184930.3,3720831.91
2025-01-08 22:00:00,20.25,20.63,20.25,20.61,115984.45,2370959.63
2025-01-08 23:00:00,20.61,20.62,20.42,20.44,82755.03,1695356.45
2025-01-09 00:00:00,20.44,20.6,20.38,20.6,71528.95,1465616.34
2025-01-09 01:00:00,20.6,20.72,20.49,20.5,85860.81,1770398.62
2025-01-09 02:00:00,20.5,20.57,20.22,20.49,117065.06,2388516.51
2025-01-09 03:00:00,20.49,20.51,20.24,20.27,70107.03,1424307.15
2025-01-09 04:00:00,20.27,20.36,20.14,20.35,82816.41,1675959.28
2025-01-09 05:00:00,20.35,20.36,20.15,20.18,45394.94,919251.29
2025-01-09 06:00:00,20.18,20.24,20.03,20.04,69557.34,1399419.78
2025-01-09 07:00:00,20.04,20.13,19.75,19.8,119063.24,2371111.59
2025-01-09 08:00:00,19.8,20.1,19.79,19.97,99314.19,1979121.43
2025-01-09 09:00:00,19.97,20.1,19.95,19.99,35329.2,707368.1
2025-01-09 10:00:00,19.99,20.0,19.68,19.89,79196.87,1569331.71
2025-01-09 11:00:00,19.89,20.11,19.78,19.93,58840.5,1172868.89
2025-01-09 12:00:00,19.93,20.07,19.81,19.93,65832.9,1312186.66
2025-01-09 13:00:00,19.93,20.0,19.33,19.35,292275.73,5739043.82
2025-01-09 14:00:00,19.35,19.69,19.3,19.49,216889.73,4223347.29
2025-01-09 15:00:00,19.49,20.31,19.39,20.2,186311.28,3714043.84
2025-01-09 16:00:00,20.2,20.31,19.94,20.15,164730.69,3311438.64
2025-01-09 17:00:00,20.15,20.17,19.58,19.73,115173.51,2286474.67
2025-01-09 18:00:00,19.73,19.9,19.68,19.83,94141.79,1864021.86
2025-01-09 19:00:00,19.83,19.84,19.4,19.43,94393.81,1846034.73
2025-01-09 20:00:00,19.43,19.52,19.14,19.46,245022.09,4736520.76
2025-01-09 21:00:00,19.46,19.69,19.4,19.52,113089.94,2213584.57
2025-01-09 22:00:00,19.52,19.85,19.44,19.75,74397.37,1466923.66
2025-01-09 23:00:00,19.75,19.75,19.59,19.64,33272.6,653955.11
2025-01-10 00:00:00,19.64,19.8,19.64,19.73,86535.24,1708611.26
2025-01-10 01:00:00,19.73,19.9,19.67,19.87,54038.4,1068692.44
2025-01-10 02:00:00,19.87,20.03,19.82,19.9,91523.83,1824633.35
2025-01-10 03:00:00,19.9,19.97,19.83,19.95,43380.28,863393.34
2025-01-10 04:00:00,19.95,20.05,19.88,19.92,55584.86,1109277.61
2025-01-10 05:00:00,19.92,20.2,19.84,20.02,83526.46,1675993.89
2025-01-10 06:00:00,20.02,20.21,19.96,20.2,47721.69,956941.67
2025-01-10 07:00:00,20.2,20.53,20.12,20.35,114541.72,2328317.44
2025-01-10 08:00:00,20.35,20.45,20.26,20.31,76522.33,1557567.13
2025-01-10 09:00:00,20.31,20.47,20.26,20.38,53177.49,1082767.58
2025-01-10 10:00:00,20.38,20.5,20.29,20.49,49680.11,1013537.48
2025-01-10 11:00:00,20.49,20.49,20.24,20.37,50169.07,1021532.03
2025-01-10 12:00:00,20.37,20.4,20.15,20.35,53303.42,1079536.55
2025-01-10 13:00:00,20.35,20.43,19.6,19.85,376971.8,7529651.18
2025-01-10 14:00:00,19.85,20.23,19.81,19.93,154643.11,3092092.16
2025-01-10 15:00:00,19.93,20.18,19.53,19.98,211517.26,4183227.9
2025-01-10 16:00:00,19.98,20.04,19.78,19.86,73128.98,1455634.94
2025-01-10 17:00:00,19.86,20.48,19.8,20.44,150610.86,3036456.79
2025-01-10 18:00:00,20.44,20.46,20.18,20.24,167576.42,3402319.4
2025-01-10 19:00:00,20.24,20.42,20.12,20.39,174061.09,3533661.62
2025-01-10 20:00:00,20.39,20.42,20.19,20.3,68751.03,1397004.17
2025-01-10 21:00:00,20.3,20.39,20.27,20.28,40562.72,824596.36
2025-01-10 22:00:00,20.28,20.4,20.21,20.34,83698.84,1700744.86
2025-01-10 23:00:00,20.34,20.36,20.24,20.25,29753.7,604069.71
2025-01-11 00:00:00,20.25,20.3,20.08,20.17,52162.01,1051276.29
2025-01-11 01:00:00,20.17,20.22,19.93,19.97,42765.33,856891.95
2025-01-11 02:00:00,19.97,20.1,19.94,20.08,38726.19,775537.41
2025-01-11 03:00:00,20.08,20.08,19.91,19.93,62482.27,1246902.6
2025-01-11 04:00:00,19.93,19.99,19.85,19.94,52583.37,1047172.59
2025-01-11 05:00:00,19.94,20.06,19.91,20.03,28870.49,577631.86
2025-01-11 06:00:00,20.03,20.09,19.93,19.93,16053.85,321402.96
2025-01-11 07:00:00,19.93,19.99,19.85,19.93,35848.61,714909.71
2025-01-11 08:00:00,19.93,20.02,19.81,19.86,30280.97,602510.25
2025-01-11 09:00:00,19.86,19.97,19.84,19.94,14370.18,286137.86
2025-01-11 10:00:00,19.94,20.12,19.94,20.09,19093.05,382524.35
2025-01-11 11:00:00,20.09,20.24,20.05,20.16,35420.37,714209.79
2025-01-11 12:00:00,20.16,20.18,20.05,20.06,16392.58,329557.05
2025-01-11 13:00:00,20.06,20.08,19.92,19.99,29105.44,582170.88
2025-01-11 14:00:00,19.99,20.11,19.9,20.1,81573.01,1630897.62
2025-01-11 15:00:00,20.1,20.1,19.95,19.98,20936.37,418823.76
2025-01-11 16:00:00,19.98,20.03,19.87,20.01,49504.85,988440.61
2025-01-11 17:00:00,20.01,20.02,19.83,19.93,48445.83,965648.94
2025-01-11 18:00:00,19.93,20.01,19.87,20.0,44506.82,887853.59
2025-01-11 19:00:00,20.0,20.02,19.89,19.99,38634.05,771199.18
2025-01-11 20:00:00,19.99,20.43,19.95,20.43,84599.54,1710913.05
2025-01-11 21:00:00,20.43,20.68,20.39,20.57,205076.67,4214762.58
2025-01-11 22:00:00,20.57,20.63,20.2,20.21,94925.35,1935662.23
2025-01-11 23:00:00,20.21,20.28,20.16,20.21,78771.31,1592609.54
2025-01-12 00:00:00,20.21,20.22,20.08,20.13,49040.11,987287.2
2025-01-12 01:00:00,20.13,20.26,20.05,20.26,29433.64,592765.23
2025-01-12 02:00:00,20.26,20.29,20.16,20.28,26060.63,527350.43
2025-01-12 03:00:00,20.28,20.32,20.11,20.24,38766.59,783304.43
2025-01-12 04:00:00,20.24,20.31,20.18,20.26,33508.21,678648.77
2025-01-12 05:00:00,20.26,20.29,20.08,20.15,91874.16,1848847.47
2025-01-12 06:00:00,20.15,20.2,20.02,20.04,25784.8,518424.69
2025-01-12 07:00:00,20.04,20.11,19.97,20.08,42250.9,846578.2
2025-01-12 08:00:00,20.08,20.11,19.9,19.93,45921.07,917055.5
2025-01-12 09:00:00,19.93,19.98,19.82,19.89,24888.15,495069.83
2025-01-12 10:00:00,19.89,19.94,19.79,19.92,51500.81,1023478.46
2025-01-12 11:00:00,19.92,20.02,19.88,19.96,29175.19,581800.58
2025-01-12 12:00:00,19.96,20.07,19.86,19.9,18401.33,367019.52
2025-01-12 13:00:00,19.9,20.04,19.87,19.99,16897.41,337271.2
2025-01-12 14:00:00,19.99,20.09,19.94,20.01,82173.77,1644539.51
2025-01-12 15:00:00,20.01,20.23,19.96,20.14,43063.96,865081.93
2025-01-12 16:00:00,20.14,20.19,19.96,20.08,107381.25,2152060.99
2025-01-12 17:00:00,20.08,20.19,20.02,20.11,27536.85,553923.33
2025-01-12 18:00:00,20.11,20.18,20.0,20.04,25884.21,519486.13
2025-01-12 19:00:00,20.04,20.08,19.97,20.03,54745.06,1095831.81
2025-01-12 20:00:00,20.03,20.09,19.91,19.96,24420.68,487937.51
2025-01-12 21:00:00,19.96,19.98,19.81,19.83,40472.19,804041.41
2025-01-12 22:00:00,19.83,19.83,19.59,19.66,80956.94,1593466.99
2025-01-12 23:00:00,19.66,19.84,19.64,19.83,99758.26,1968517.96
2025-01-13 00:00:00,19.83,20.42,19.77,20.16,147599.83,2975043.38
2025-01-13 01:00:00,20.16,20.2,19.73,19.77,58574.2,1169892.97
2025-01-13 02:00:00,19.77,19.82,19.42,19.5,152537.85,2981897.43
2025-01-13 03:00:00,19.5,19.65,19.33,19.39,90436.32,1762697.62
2025-01-13 04:00:00,19.39,19.72,19.34,19.53,53473.7,1047112.89
2025-01-13 05:00:00,19.53,19.54,19.24,19.34,58824.85,1137673.48
2025-01-13 06:00:00,19.34,19.41,19.0,19.08,151401.78,2903871.79
2025-01-13 07:00:00,19.08,19.19,19.0,19.09,51480.1,983956.25
2025-01-13 08:00:00,19.09,19.11,18.72,18.76,135259.09,2553813.75
2025-01-13 09:00:00,18.76,18.85,18.58,18.7,122210.46,2288633.76
2025-01-13 10:00:00,18.7,18.7,18.31,18.42,206797.21,3820453.16
2025-01-13 11:00:00,18.42,18.46,18.04,18.09,205257.89,3742693.85
2025-01-13 12:00:00,18.09,18.32,18.06,18.26,159834.96,2910912.08
2025-01-13 13:00:00,18.26,18.58,18.18,18.4,191504.25,3523549.95
2025-01-13 14:00:00,18.4,18.79,17.84,18.63,323722.75,5923230.29
2025-01-13 15:00:00,18.63,19.1,18.56,18.93,270545.1,5114667.49
2025-01-13 16:00:00,18.93,19.05,18.52,18.54,199393.61,3758533.61
2025-01-13 17:00:00,18.54,18.76,18.42,18.48,127622.95,2367628.32
2025-01-13 18:00:00,18.48,18.65,18.22,18.47,187053.65,3451015.85
2025-01-13 19:00:00,18.47,18.61,18.35,18.47,110810.59,2052311.48
2025-01-13 20:00:00,18.47,19.14,18.38,19.08,210644.02,3959104.24
2025-01-13 21:00:00,19.08,19.33,18.96,19.31,253422.86,4850194.92
2025-01-13 22:00:00,19.31,19.55,19.31,19.49,101073.19,1965308.09
2025-01-13 23:00:00,19.49,19.5,19.33,19.36,65058.83,1263017.32
2025-01-14 00:00:00,19.36,19.43,19.24,19.29,53324.74,1029989.25
2025-01-14 01:00:00,19.29,19.58,19.29,19.34,58471.9,1137952.29
2025-01-14 02:00:00,19.34,19.58,19.3,19.38,54159.04,1053417.03
2025-01-14 03:00:00,19.38,19.55,19.37,19.49,37975.12,739199.35
2025-01-14 04:00:00,19.49,19.68,19.49,19.65,33325.75,652715.76
2025-01-14 05:00:00,19.65,19.75,19.44,19.45,34025.47,667057.62
2025-01-14 06:00:00,19.45,19.63,19.43,19.56,26680.59,521247.19
2025-01-14 07:00:00,19.56,19.62,19.43,19.44,37074.46,722947.76
2025-01-14 08:00:00,19.44,19.74,19.43,19.71,52152.04,1024338.91
2025-01-14 09:00:00,19.71,20.29,19.7,20.19,122590.41,2463123.25
2025-01-14 10:00:00,20.19,20.21,19.92,20.05,116193.71,2331288.43
2025-01-14 11:00:00,20.05,20.06,19.86,19.93,44368.28,885332.06
2025-01-14 12:00:00,19.93,19.98,19.77,19.83,36191.09,717897.94
2025-01-14 13:00:00,19.83,20.23,19.79,20.13,160913.69,3229705.04
2025-01-14 14:00:00,20.13,20.38,20.03,20.1,123932.57,2507762.19
2025-01-14 15:00:00,20.1,20.34,20.1,20.14,126171.48,2550103.51
2025-01-14 16:00:00,20.14,20.16,19.98,20.1,129597.02,2599010.66
2025-01-14 17:00:00,20.1,20.29,20.03,20.24,74010.72,1494595.24
2025-01-14 18:00:00,20.24,20.35,20.18,20.28,107455.43,2176869.01
2025-01-14 19:00:00,20.28,20.47,20.17,20.29,128904.15,2616441.83
2025-01-14 20:00:00,20.29,20.36,20.17,20.3,46198.31,936083.43
2025-01-14 21:00:00,20.3,20.39,20.2,20.26,51598.58,1045822.79
2025-01-14 22:00:00,20.26,20.49,20.26,20.45,35780.02,728578.46
2025-01-14 23:00:00,20.45,20.46,20.28,20.31,39666.44,807773.98
2025-01-15 00:00:00,20.31,20.48,20.26,20.3,36118.64,735212.72
2025-01-15 01:00:00,20.3,20.64,20.21,20.47,96683.76,1982140.3
2025-01-15 02:00:00,20.47,20.68,20.33,20.39,165952.44,3396635.99
2025-01-15 03:00:00,20.39,20.46,20.28,20.44,49484.3,1008103.21
2025-01-15 04:00:00,20.44,20.55,20.29,20.35,52095.79,1061677.58
2025-01-15 05:00:00,20.35,20.49,20.24,20.45,32169.53,654731.35
2025-01-15 06:00:00,20.45,20.52,20.33,20.52,32799.77,669531.83
2025-01-15 07:00:00,20.52,20.83,20.52,20.71,90143.41,1867891.71
2025-01-15 08:00:00,20.71,20.98,20.66,20.66,78865.02,1639941.76
2025-01-15 09:00:00,20.66,20.69,20.26,20.3,56039.38,1146595.12
2025-01-15 10:00:00,20.3,20.45,20.3,20.37,33772.05,688474.78
2025-01-15 11:00:00,20.37,20.38,20.09,20.32,59184.71,1194964.07
2025-01-15 12:00:00,20.32,20.36,20.15,20.18,48641.19,984931.69
2025-01-15 13:00:00,20.18,21.27,20.18,21.27,322817.78,6757987.14
2025-01-15 14:00:00,21.27,21.62,21.09,21.61,258092.91,5507882.78
2025-01-15 15:00:00,21.61,21.75,21.43,21.6,240918.48,5212086.62
2025-01-15 16:00:00,21.6,21.85,21.42,21.43,202582.66,4392873.93
2025-01-15 17:00:00,21.43,21.49,21.25,21.26,125435.7,2685075.01
2025-01-15 18:00:00,21.26,21.66,21.26,21.63,59050.92,1266974.62
2025-01-15 19:00:00,21.63,21.77,21.56,21.61,213785.17,4639558.55
2025-01-15 20:00:00,21.61,21.84,21.57,21.65,116581.72,2528737.43
2025-01-15 21:00:00,21.65,21.79,21.62,21.71,87340.16,1894694.87
2025-01-15 22:00:00,21.71,21.83,21.6,21.82,75150.57,1633799.68
2025-01-15 23:00:00,21.82,22.15,21.79,22.09,188919.05,4155859.98
2025-01-16 00:00:00,22.09,22.16,21.46,21.64,188749.26,4110789.38
2025-01-16 01:00:00,21.64,21.94,21.64,21.9,84143.38,1835878.9
2025-01-16 02:00:00,21.9,21.9,21.68,21.74,60339.78,1313631.34
2025-01-16 03:00:00,21.74,21.83,21.52,21.59,100436.92,2171950.07
2025-01-16 04:00:00,21.59,21.71,21.57,21.71,50244.23,1087000.9
2025-01-16 05:00:00,21.71,21.76,21.61,21.61,49365.3,1071104.5
2025-01-16 06:00:00,21.61,21.76,21.57,21.76,53083.18,1151207.63
2025-01-16 07:00:00,21.76,21.84,21.71,21.75,39513.33,860039.99
2025-01-16 08:00:00,21.75,21.82,21.3,21.4,81267.47,1744183.01
2025-01-16 09:00:00,21.4,21.75,21.3,21.75,150759.37,3235612.18
2025-01-16 10:00:00,21.75,22.18,21.69,22.15,152769.1,3354030.47
2025-01-16 11:00:00,22.15,22.49,21.79,22.47,157248.02,3475660.78
2025-01-16 12:00:00,22.47,23.02,22.24,22.95,369513.79,8415471.08
2025-01-16 13:00:00,22.95,23.33,22.61,23.14,537447.42,12388931.27
2025-01-16 14:00:00,23.14,23.28,22.28,22.45,407812.55,9271472.1
2025-01-16 15:00:00,22.45,23.32,22.45,23.3,295148.36,6752176.13
2025-01-16 16:00:00,23.3,23.85,23.22,23.27,518807.0,12180685.52
2025-01-16 17:00:00,23.27,23.68,23.15,23.51,236675.89,5544522.67
2025-01-16 18:00:00,23.51,23.75,23.29,23.29,153202.59,3600084.36
2025-01-16 19:00:00,23.29,23.72,23.24,23.7,160218.54,3767715.38
2025-01-16 20:00:00,23.7,23.78,23.39,23.5,142479.35,3354334.69
2025-01-16 21:00:00,23.5,23.52,23.16,23.26,146052.46,3402904.92
2025-01-16 22:00:00,23.26,23.29,22.86,22.89,214013.93,4922429.71
2025-01-16 23:00:00,22.89,23.06,22.79,23.02,104234.73,2390941.39
2025-01-17 00:00:00,23.02,23.61,23.02,23.55,101183.95,2362587.2
2025-01-17 01:00:00,23.55,23.82,23.39,23.78,171086.72,4038149.8
2025-01-17 02:00:00,23.78,23.98,23.55,23.7,192568.61,4591293.07
2025-01-17 03:00:00,23.7,23.76,23.5,23.53,71601.75,1688693.14
2025-01-17 04:00:00,23.53,23.77,23.49,23.74,111763.95,2639096.64
2025-01-17 05:00:00,23.74,24.19,23.7,24.06,202007.79,4841164.05
2025-01-17 06:00:00,24.06,24.24,23.94,23.97,127261.15,3066168.14
2025-01-17 07:00:00,23.97,24.28,23.89,24.13,135240.45,3260284.42
2025-01-17 08:00:00,24.13,24.21,23.83,24.01,130092.68,3119759.42
2025-01-17 09:00:00,24.01,24.39,23.95,24.3,160615.03,3887167.08
2025-01-17 10:00:00,24.3,24.44,24.12,24.25,106359.47,2580466.61
2025-01-17 11:00:00,24.25,24.26,24.05,24.14,100851.16,2435528.11
2025-01-17 12:00:00,24.14,24.19,23.91,23.93,91142.34,2189693.7
2025-01-17 13:00:00,23.93,24.28,23.85,24.03,227716.04,5485001.68
2025-01-17 14:00:00,24.03,24.3,24.02,24.25,176727.84,4273669.56
2025-01-17 15:00:00,24.25,24.51,24.22,24.44,280247.26,6831596.25
2025-01-17 16:00:00,24.44,24.67,24.33,24.66,187904.67,4610231.64
2025-01-17 17:00:00,24.66,24.71,24.2,24.24,182782.1,4472344.94
2025-01-17 18:00:00,24.24,24.61,24.23,24.35,116485.39,2846108.63
2025-01-17 19:00:00,24.35,24.68,24.35,24.54,102487.7,2514307.29
2025-01-17 20:00:00,24.54,25.11,24.49,24.89,301341.25,7487747.93
2025-01-17 21:00:00,24.89,24.98,24.67,24.83,131132.0,3255549.7
2025-01-17 22:00:00,24.83,25.24,24.79,25.1,186146.3,4673904.0
2025-01-17 23:00:00,25.1,25.17,24.97,25.1,134704.69,3375459.27
2025-01-18 00:00:00,25.1,25.48,25.1,25.46,183914.92,4660243.41
2025-01-18 01:00:00,25.46,25.67,25.22,25.23,270819.78,6891751.98
2025-01-18 02:00:00,25.23,25.26,24.9,24.98,121574.06,3051514.08
2025-01-18 03:00:00,24.98,25.16,24.45,24.56,194744.0,4808545.78
2025-01-18 04:00:00,24.56,24.71,24.26,24.44,178175.83,4358634.93
2025-01-18 05:00:00,24.44,24.55,23.43,23.44,279389.53,6685924.03
2025-01-18 06:00:00,23.44,24.15,23.44,24.0,162109.56,3872987.45
2025-01-18 07:00:00,24.0,24.03,23.72,23.82,72302.42,1725455.95
2025-01-18 08:00:00,23.82,24.51,23.51,24.48,167622.28,4011433.26
2025-01-18 09:00:00,24.48,24.61,24.07,24.2,114463.19,2780950.13
2025-01-18 10:00:00,24.2,24.26,23.71,23.99,89115.66,2134489.14
2025-01-18 11:00:00,23.99,24.53,23.86,24.42,66413.57,1606689.17
2025-01-18 12:00:00,24.42,24.43,23.94,24.01,126648.31,3059939.75
2025-01-18 13:00:00,24.01,24.74,23.99,24.73,206514.22,5017717.47
2025-01-18 14:00:00,24.73,24.83,24.12,24.16,222174.92,5426382.16
2025-01-18 15:00:00,24.16,24.45,24.03,24.06,194925.92,4726847.2
2025-01-18 16:00:00,24.06,24.11,23.45,23.47,480724.74,11440318.87
2025-01-18 17:00:00,23.47,23.81,23.46,23.57,146449.01,3464520.7
2025-01-18 18:00:00,23.57,23.89,23.36,23.62,451285.72,10669224.22
2025-01-18 19:00:00,23.62,23.96,23.59,23.95,110166.43,2621032.19
2025-01-18 20:00:00,23.95,23.97,23.52,23.62,178825.27,4229046.15
2025-01-18 21:00:00,23.62,23.8,23.56,23.61,73634.95,1744129.61
2025-01-18 22:00:00,23.61,23.94,23.61,23.75,88636.32,2112049.59
2025-01-18 23:00:00,23.75,24.18,23.71,24.08,180977.33,4334711.58
2025-01-19 00:00:00,24.08,24.2,23.82,23.85,210411.43,5037618.04
2025-01-19 01:00:00,23.85,24.5,23.79,24.44,146221.19,3542127.83
2025-01-19 02:00:00,24.44,24.57,24.12,24.14,113201.7,2758838.92
2025-01-19 03:00:00,24.14,24.26,23.84,23.85,126321.46,3033608.3
2025-01-19 04:00:00,23.85,23.86,23.51,23.61,193347.44,4577074.3
2025-01-19 05:00:00,23.61,23.66,23.38,23.64,93886.71,2207249.78
2025-01-19 06:00:00,23.64,23.64,23.38,23.4,72918.34,1713904.06
2025-01-19 07:00:00,23.4,23.51,23.1,23.33,130304.66,3032481.63
2025-01-19 08:00:00,23.33,23.33,22.57,22.6,208073.09,4756134.21
2025-01-19 09:00:00,22.6,23.17,22.21,23.17,329438.45,7420331.38
2025-01-19 10:00:00,23.17,23.17,22.74,22.79,153995.26,3524511.08
2025-01-19 11:00:00,22.79,22.84,22.17,22.37,230313.35,5168661.03
2025-01-19 12:00:00,22.37,22.86,22.33,22.82,139874.99,3166606.77
2025-01-19 13:00:00,22.82,23.47,22.75,23.46,170281.37,3919494.63
2025-01-19 14:00:00,23.46,25.74,23.34,25.44,902036.09,22332742.58
2025-01-19 15:00:00,25.44,25.9,24.98,25.38,727110.78,18475250.49
2025-01-19 16:00:00,25.38,26.47,25.28,26.11,696822.83,18131066.76
2025-01-19 17:00:00,26.11,26.67,26.03,26.5,445070.83,11735231.23
2025-01-19 18:00:00,26.5,26.63,26.25,26.4,228543.54,6031415.63
2025-01-19 19:00:00,26.4,26.4,25.93,26.0,188621.27,4931564.1
2025-01-19 20:00:00,26.0,26.47,25.99,26.25,262234.99,6887173.08
2025-01-19 21:00:00,26.25,26.27,24.18,24.18,877296.3,21988150.94
2025-01-19 22:00:00,24.18,24.97,23.59,24.72,745494.94,18072160.05
2025-01-19 23:00:00,24.72,24.73,23.55,24.31,738410.95,17858582.12
2025-01-20 00:00:00,24.31,24.35,23.4,23.49,653157.39,15578760.32
2025-01-20 01:00:00,23.49,24.06,23.37,23.64,299778.5,7114081.35
2025-01-20 02:00:00,23.64,24.77,23.58,24.06,313240.01,7605122.33
2025-01-20 03:00:00,24.06,24.65,23.88,24.3,297090.92,7230104.37
2025-01-20 04:00:00,24.3,24.64,23.99,24.26,203996.36,4946488.55
2025-01-20 05:00:00,24.26,24.86,24.16,24.39,215750.12,5283443.36
2025-01-20 06:00:00,24.39,26.13,24.37,25.87,555753.69,14041408.39
2025-01-20 07:00:00,25.87,26.4,25.5,26.25,546777.22,14249943.46
2025-01-20 08:00:00,26.25,26.9,25.91,26.06,412800.71,10903978.67
2025-01-20 09:00:00,26.06,26.19,25.55,25.6,237954.56,6142989.69
2025-01-20 10:00:00,25.6,25.85,25.28,25.4,130063.03,3329213.95
2025-01-20 11:00:00,25.4,25.7,25.24,25.7,90450.62,2299869.73
2025-01-20 12:00:00,25.7,25.74,24.51,24.93,395627.46,9875322.85
2025-01-20 13:00:00,24.93,26.61,24.82,26.03,1143035.0,29604377.37
2025-01-20 14:00:00,26.03,26.49,25.91,26.36,334489.33,8763696.36
2025-01-20 15:00:00,26.36,26.36,25.63,25.82,371489.36,9658956.24
2025-01-20 16:00:00,25.82,26.36,25.36,26.25,376478.5,9760771.46
2025-01-20 17:00:00,26.25,26.27,23.95,24.64,1030605.16,25771498.38
2025-01-20 18:00:00,24.64,25.49,24.62,25.36,241738.47,6060913.47
2025-01-20 19:00:00,25.36,26.08,25.09,25.68,333397.4,8578371.0
2025-01-20 20:00:00,25.68,25.73,25.36,25.52,135010.81,3450578.19
2025-01-20 21:00:00,25.52,25.84,25.22,25.23,125447.01,3206391.82
2025-01-20 22:00:00,25.23,25.73,24.97,25.66,173641.36,4400892.83
2025-01-20 23:00:00,25.66,25.69,24.93,25.05,186556.57,4714953.95
2025-01-21 00:00:00,25.05,25.16,24.31,24.35,310684.74,7669358.87
2025-01-21 01:00:00,24.35,24.71,24.02,24.27,216617.16,5265087.37
2025-01-21 02:00:00,24.27,24.64,24.06,24.55,185070.25,4512342.72
2025-01-21 03:00:00,24.55,24.56,24.21,24.43,137425.8,3356553.12
2025-01-21 04:00:00,24.43,24.43,23.66,24.24,230488.4,5526769.48
2025-01-21 05:00:00,24.24,24.27,23.74,23.86,124535.33,2989962.31
2025-01-21 06:00:00,23.86,24.27,23.73,24.09,93464.38,2244512.74
2025-01-21 07:00:00,24.09,24.19,23.98,24.06,78858.73,1898428.86
2025-01-21 08:00:00,24.06,24.31,23.87,24.18,83088.16,2000375.54
2025-01-21 09:00:00,24.18,24.86,24.16,24.86,152744.21,3741788.8
2025-01-21 10:00:00,24.86,26.01,24.76,25.76,376744.98,9576109.14
2025-01-21 11:00:00,25.76,26.23,25.3,25.63,362509.2,9363040.16
2025-01-21 12:00:00,25.63,26.43,25.56,25.9,369056.46,9590327.53
2025-01-21 13:00:00,25.9,26.07,25.59,25.67,224633.4,5797331.47
2025-01-21 14:00:00,25.67,26.0,25.46,25.68,187477.24,4817504.61
2025-01-21 15:00:00,25.68,26.05,25.38,25.82,175049.3,4506920.65
2025-01-21 16:00:00,25.82,26.54,25.77,26.22,370498.5,9726155.61
2025-01-21 17:00:00,26.22,26.66,26.18,26.59,223948.6,5915984.85
2025-01-21 18:00:00,26.59,27.09,26.4,27.03,505731.37,13552816.11
2025-01-21 19:00:00,27.03,27.07,26.6,26.63,347259.04,9287399.07
2025-01-21 20:00:00,26.63,26.66,26.19,26.26,155903.21,4113466.37
2025-01-21 21:00:00,26.26,26.63,26.15,26.49,179935.96,4741452.45
2025-01-21 22:00:00,26.49,26.9,26.36,26.73,193400.4,5149123.71
2025-01-21 23:00:00,26.73,26.84,26.27,26.68,240585.54,6388012.36
2025-01-22 00:00:00,26.68,27.19,26.53,26.91,250623.46,6721693.56
2025-01-22 01:00:00,26.91,26.92,26.42,26.5,220521.69,5866066.67
2025-01-22 02:00:00,26.5,26.89,26.43,26.76,215707.11,5741285.35
2025-01-22 03:00:00,26.76,26.85,26.25,26.31,94248.49,2491324.62
2025-01-22 04:00:00,26.31,26.35,26.04,26.18,76521.69,2002211.04
2025-01-22 05:00:00,26.18,26.29,25.97,25.98,63020.45,1643602.95
2025-01-22 06:00:00,25.98,26.06,25.84,26.01,68501.33,1778015.09
2025-01-22 07:00:00,26.01,26.02,25.7,25.78,65635.58,1695895.95
2025-01-22 08:00:00,25.78,25.94,25.59,25.93,85340.72,2197314.91
2025-01-22 09:00:00,25.93,25.93,25.69,25.8,59319.7,1529503.03
2025-01-22 10:00:00,25.8,25.94,25.7,25.89,33173.47,856000.23
2025-01-22 11:00:00,25.89,26.0,25.77,25.86,60429.99,1563082.28
2025-01-22 12:00:00,25.86,25.96,25.68,25.68,119115.59,3071860.85
2025-01-22 13:00:00,25.68,25.69,25.42,25.47,128754.18,3291054.55
2025-01-22 14:00:00,25.47,25.75,25.32,25.66,122402.23,3123121.76
2025-01-22 15:00:00,25.66,25.75,25.36,25.41,122704.78,3128701.86
2025-01-22 16:00:00,25.41,25.48,25.24,25.35,148356.19,3759849.74
2025-01-22 17:00:00,25.35,25.64,25.3,25.63,117782.13,3004257.21
2025-01-22 18:00:00,25.63,25.67,25.2,25.25,53412.51,1357980.32
2025-01-22 19:00:00,25.25,25.55,25.24,25.4,91991.03,2340398.43
2025-01-22 20:00:00,25.4,25.53,25.27,25.34,96105.96,2439674.39
2025-01-22 21:00:00,25.34,25.51,25.26,25.46,89357.88,2268180.01
2025-01-22 22:00:00,25.46,25.62,25.33,25.33,55534.69,1414980.15
2025-01-22 23:00:00,25.33,25.41,25.13,25.27,134747.86,3402337.44
2025-01-23 00:00:00,25.27,25.31,25.03,25.07,178804.5,4499482.22
2025-01-23 01:00:00,25.07,25.14,24.66,24.72,216922.76,5402966.32
2025-01-23 02:00:00,24.72,24.77,24.47,24.6,144431.68,3553336.64
2025-01-23 03:00:00,24.6,25.02,24.54,24.81,98955.01,2455565.7
2025-01-23 04:00:00,24.81,24.82,24.42,24.45,125011.4,3070120.17
2025-01-23 05:00:00,24.45,24.78,24.45,24.69,64155.97,1582040.73
2025-01-23 06:00:00,24.69,24.72,24.41,24.44,52497.99,1289654.08
2025-01-23 07:00:00,24.44,24.56,24.31,24.56,44513.81,1086635.52
2025-01-23 08:00:00,24.56,24.61,24.21,24.24,68696.12,1674307.78
2025-01-23 09:00:00,24.24,24.38,24.1,24.2,52637.56,1275753.1
2025-01-23 10:00:00,24.2,24.3,24.01,24.04,48306.18,1165039.69
2025-01-23 11:00:00,24.04,24.48,23.97,24.46,163494.35,3973343.92
2025-01-23 12:00:00,24.46,24.56,24.21,24.27,125734.8,3064785.5
2025-01-23 13:00:00,24.27,24.86,24.05,24.79,148230.09,3626168.22
2025-01-23 14:00:00,24.79,25.84,24.6,25.66,408958.58,10369732.53
2025-01-23 15:00:00,25.66,25.93,24.98,25.47,404554.2,10272770.16
2025-01-23 16:00:00,25.47,26.23,25.46,25.7,347646.91,9014892.43
2025-01-23 17:00:00,25.7,25.7,25.34,25.57,223732.34,5707886.47
2025-01-23 18:00:00,25.57,25.59,25.21,25.23,120157.47,3046881.91
2025-01-23 19:00:00,25.23,25.28,24.71,24.76,210999.9,5260592.78
2025-01-23 20:00:00,24.76,25.73,24.59,25.21,444127.87,11227600.75
2025-01-23 21:00:00,25.21,25.33,24.75,25.1,192846.78,4829191.69
2025-01-23 22:00:00,25.1,25.83,25.06,25.75,168427.59,4298396.19
2025-01-23 23:00:00,25.75,25.83,25.54,25.67,145644.45,3742026.47
2025-01-24 00:00:00,25.67,25.85,25.27,25.31,101972.17,2606904.48
2025-01-24 01:00:00,25.31,25.73,25.24,25.35,118563.58,3019444.26
2025-01-24 02:00:00,25.35,25.48,24.99,25.01,109480.41,2754863.6
2025-01-24 03:00:00,25.01,25.41,24.85,25.22,182320.81,4581095.17
2025-01-24 04:00:00,25.22,25.54,25.02,25.47,106310.6,2684009.64
2025-01-24 05:00:00,25.47,26.06,25.35,26.05,181706.98,4696877.62
2025-01-24 06:00:00,26.05,26.2,25.8,26.19,176601.97,4596106.26
2025-01-24 07:00:00,26.19,26.32,25.8,25.94,151544.99,3956718.81
2025-01-24 08:00:00,25.94,26.42,25.85,26.29,150226.78,3939318.35
2025-01-24 09:00:00,26.29,26.43,26.05,26.25,87468.04,2294298.11
2025-01-24 10:00:00,26.25,26.38,26.1,26.36,68245.26,1792517.86
2025-01-24 11:00:00,26.36,26.38,26.12,26.18,100228.6,2629131.44
2025-01-24 12:00:00,26.18,26.23,25.94,26.19,142751.37,3718937.82
2025-01-24 13:00:00,26.19,26.31,25.89,25.99,87722.31,2282961.37
2025-01-24 14:00:00,25.99,26.31,25.87,26.08,140345.76,3658777.15
2025-01-24 15:00:00,26.08,26.21,25.7,26.15,124085.84,3218075.06
2025-01-24 16:00:00,26.15,26.22,25.88,25.89,101193.3,2635515.3
2025-01-24 17:00:00,25.89,26.26,25.79,26.11,79639.73,2070576.08
2025-01-24 18:00:00,26.11,26.17,25.87,25.9,80676.28,2100308.73
2025-01-24 19:00:00,25.9,25.99,25.7,25.8,69917.03,1805311.09
2025-01-24 20:00:00,25.8,25.89,25.34,25.35,127735.84,3263205.65
2025-01-24 21:00:00,25.35,25.61,25.31,25.49,143965.8,3662599.57
2025-01-24 22:00:00,25.49,25.5,25.25,25.26,86422.13,2192966.78
2025-01-24 23:00:00,25.26,25.3,25.09,25.19,114728.72,2890145.1
2025-01-25 00:00:00,25.19,25.19,24.83,24.86,114553.17,2861305.52
2025-01-25 01:00:00,24.86,25.15,24.82,25.01,140140.79,3500701.34
2025-01-25 02:00:00,25.01,25.12,24.91,25.0,119225.37,2981160.14
2025-01-25 03:00:00,25.0,25.33,24.92,25.28,55701.39,1402224.2
2025-01-25 04:00:00,25.28,25.32,25.0,25.02,41186.9,1034745.03
2025-01-25 05:00:00,25.02,25.11,24.94,25.02,43813.07,1096282.41
2025-01-25 06:00:00,25.02,25.11,24.92,25.04,32870.42,821397.55
2025-01-25 07:00:00,25.04,25.08,24.96,24.99,29570.74,739483.84
2025-01-25 08:00:00,24.99,25.09,24.74,24.87,97818.32,2433689.41
2025-01-25 09:00:00,24.87,24.95,24.8,24.87,34290.6,853586.06
2025-01-25 10:00:00,24.87,24.88,24.7,24.84,51423.89,1275262.03
2025-01-25 11:00:00,24.84,25.02,24.78,24.98,34237.84,853223.52
2025-01-25 12:00:00,24.98,25.02,24.86,24.94,61334.34,1529779.59
2025-01-25 13:00:00,24.94,25.04,24.83,24.98,97284.35,2426516.28
2025-01-25 14:00:00,24.98,25.0,24.73,24.84,66357.82,1647920.82
2025-01-25 15:00:00,24.84,25.31,24.82,25.15,194170.41,4873869.88
2025-01-25 16:00:00,25.15,25.37,24.97,25.05,97852.77,2460259.78
2025-01-25 17:00:00,25.05,25.11,24.8,24.97,71115.05,1771429.2
2025-01-25 18:00:00,24.97,25.31,24.94,25.22,106243.1,2665085.55
2025-01-25 19:00:00,25.22,25.36,25.1,25.25,67616.65,1706462.27
2025-01-25 20:00:00,25.25,25.43,25.15,25.17,57963.92,1466803.49
2025-01-25 21:00:00,25.17,25.22,25.05,25.13,42495.7,1067105.09
2025-01-25 22:00:00,25.13,25.32,25.07,25.13,42833.84,1079489.06
2025-01-25 23:00:00,25.13,25.17,24.89,24.92,64432.21,1609024.29
2025-01-26 00:00:00,24.92,25.22,24.86,25.06,59230.65,1484230.9
2025-01-26 01:00:00,25.06,25.18,25.01,25.16,77821.98,1953270.21
2025-01-26 02:00:00,25.16,25.16,24.93,25.14,64202.89,1609756.49
2025-01-26 03:00:00,25.14,25.62,25.14,25.57,151127.05,3835602.77
2025-01-26 04:00:00,25.57,25.88,25.52,25.7,118887.27,3054638.42
2025-01-26 05:00:00,25.7,25.74,25.59,25.62,66035.1,1693495.27
2025-01-26 06:00:00,25.62,25.67,25.44,25.55,44692.24,1141544.76
2025-01-26 07:00:00,25.55,25.67,25.51,25.66,41042.86,1050034.02
2025-01-26 08:00:00,25.66,25.82,25.53,25.6,102706.9,2638069.97
2025-01-26 09:00:00,25.6,25.63,25.17,25.23,72603.68,1846881.97
2025-01-26 10:00:00,25.23,25.35,25.15,25.29,40019.95,1009516.0
2025-01-26 11:00:00,25.29,25.35,25.23,25.31,47475.91,1200211.93
2025-01-26 12:00:00,25.31,25.41,25.19,25.3,60292.1,1525290.46
2025-01-26 13:00:00,25.3,25.34,25.16,25.24,46487.71,1173612.54
2025-01-26 14:00:00,25.24,25.32,25.12,25.29,46399.97,1169994.28
2025-01-26 15:00:00,25.29,25.48,25.22,25.45,68417.15,1735071.55
2025-01-26 16:00:00,25.45,25.71,25.27,25.69,119936.49,3058503.76
2025-01-26 17:00:00,25.69,25.98,25.56,25.94,125975.46,3248151.25
2025-01-26 18:00:00,25.94,26.25,25.94,25.99,174847.16,4564077.24
2025-01-26 19:00:00,25.99,26.26,25.98,26.2,107838.35,2813111.38
2025-01-26 20:00:00,26.2,26.38,26.13,26.16,163412.39,4295176.29
2025-01-26 21:00:00,26.16,26.19,25.73,25.74,154728.42,4015411.63
2025-01-26 22:00:00,25.74,26.14,25.57,25.89,166812.52,4313742.22
2025-01-26 23:00:00,25.89,25.89,24.85,24.86,347315.86,8745917.12
2025-01-27 00:00:00,24.86,25.12,24.41,24.42,406170.17,10033126.13
2025-01-27 01:00:00,24.42,24.58,24.05,24.14,373854.79,9068823.38
2025-01-27 02:00:00,24.14,24.22,23.74,23.78,309793.17,7418050.75
2025-01-27 03:00:00,23.78,24.25,23.73,23.97,172857.62,4153250.16
2025-01-27 04:00:00,23.97,23.97,23.54,23.55,168356.86,3987761.38
2025-01-27 05:00:00,23.55,23.66,23.27,23.52,179707.46,4218713.56
2025-01-27 06:00:00,23.52,23.69,23.1,23.17,232596.56,5421947.44
2025-01-27 07:00:00,23.17,23.3,22.27,22.84,425107.02,9696113.72
2025-01-27 08:00:00,22.84,22.85,22.31,22.66,254405.74,5741445.27
2025-01-27 09:00:00,22.66,22.9,22.47,22.71,143465.9,3251953.37
2025-01-27 10:00:00,22.71,22.71,22.18,22.22,214450.23,4809369.63
2025-01-27 11:00:00,22.22,22.64,22.21,22.42,119397.28,2678190.66
2025-01-27 12:00:00,22.42,23.54,22.32,23.34,307804.38,7055426.87
2025-01-27 13:00:00,23.34,23.9,23.17,23.31,322533.7,7597288.02
2025-01-27 14:00:00,23.31,24.08,23.09,23.94,309153.42,7275112.8
2025-01-27 15:00:00,23.94,24.09,23.6,23.68,251808.41,6005460.48
2025-01-27 16:00:00,23.68,23.9,23.21,23.31,210344.91,4949286.57
2025-01-27 17:00:00,23.31,23.46,23.07,23.12,181334.66,4220863.68
2025-01-27 18:00:00,23.12,23.24,22.78,22.84,178688.94,4113925.56
2025-01-27 19:00:00,22.84,23.24,22.84,23.11,137918.32,3182457.75
2025-01-27 20:00:00,23.11,24.0,23.11,23.92,173197.64,4091439.0
2025-01-27 21:00:00,23.92,24.43,23.72,23.86,209772.83,5047940.46
2025-01-27 22:00:00,23.86,24.18,23.81,24.08,109452.01,2622017.88
2025-01-27 23:00:00,24.08,24.21,23.94,24.2,116232.93,2797748.49
2025-01-28 00:00:00,24.2,24.55,24.0,24.01,152263.59,3696224.03
2025-01-28 01:00:00,24.01,24.13,23.78,23.95,155343.28,3720296.45
2025-01-28 02:00:00,23.95,24.4,23.94,24.31,176477.24,4271145.81
2025-01-28 03:00:00,24.31,24.41,24.11,24.27,151370.81,3675927.36
2025-01-28 04:00:00,24.27,24.53,24.22,24.41,87317.32,2127934.28
2025-01-28 05:00:00,24.41,24.65,24.36,24.52,76001.83,1863509.55
2025-01-28 06:00:00,24.52,24.54,24.24,24.26,60311.16,1471070.65
2025-01-28 07:00:00,24.26,24.4,24.07,24.12,99041.83,2399153.8
2025-01-28 08:00:00,24.12,24.18,23.99,24.09,77876.4,1874744.13
2025-01-28 09:00:00,24.09,24.11,23.85,24.05,74004.19,1773829.31
2025-01-28 10:00:00,24.05,24.21,23.95,24.0,71507.94,1723161.21
2025-01-28 11:00:00,24.0,24.13,23.84,23.96,55138.25,1320628.19
2025-01-28 12:00:00,23.96,24.1,23.74,23.85,97828.9,2336604.37
2025-01-28 13:00:00,23.85,24.06,23.73,23.78,88539.05,2115565.1
2025-01-28 14:00:00,23.78,23.9,23.52,23.71,174942.55,4142550.9
2025-01-28 15:00:00,23.71,24.24,23.7,23.93,164140.02,3934732.67
2025-01-28 16:00:00,23.93,23.96,23.42,23.57,239290.28,5652664.53
2025-01-28 17:00:00,23.57,23.88,23.57,23.73,100808.27,2395201.15
2025-01-28 18:00:00,23.73,23.76,23.24,23.28,213495.13,5019428.85
2025-01-28 19:00:00,23.28,23.34,23.13,23.28,144605.06,3361866.56
2025-01-28 20:00:00,23.28,23.38,22.91,22.93,216288.0,5000639.21
2025-01-28 21:00:00,22.93,23.1,22.57,22.58,166554.99,3810397.65
2025-01-28 22:00:00,22.58,22.85,22.49,22.73,176742.29,3996711.64
2025-01-28 23:00:00,22.73,22.73,22.36,22.61,165577.1,3729470.16
2025-01-29 00:00:00,22.61,22.93,22.57,22.81,111776.29,2543992.54
2025-01-29 01:00:00,22.81,23.22,22.81,23.12,121937.93,2808398.17
2025-01-29 02:00:00,23.12,23.39,22.99,23.02,90575.23,2099017.27
2025-01-29 03:00:00,23.02,23.27,22.97,23.24,86659.46,2004853.34
2025-01-29 04:00:00,23.24,23.37,23.14,23.2,58918.58,1371231.79
2025-01-29 05:00:00,23.2,23.28,23.11,23.27,53176.66,1233025.63
2025-01-29 06:00:00,23.27,23.51,23.2,23.49,65538.31,1532354.51
2025-01-29 07:00:00,23.49,23.55,23.34,23.52,55851.08,1308744.6
2025-01-29 08:00:00,23.52,23.6,23.28,23.3,37501.68,878644.37
2025-01-29 09:00:00,23.3,23.31,23.05,23.12,58261.93,1349927.58
2025-01-29 10:00:00,23.12,23.33,23.03,23.31,37872.2,878892.29
2025-01-29 11:00:00,23.31,23.52,23.25,23.45,71653.87,1676892.19
2025-01-29 12:00:00,23.45,23.54,23.21,23.21,63869.55,1492743.02
2025-01-29 13:00:00,23.21,23.22,22.66,22.76,293194.56,6711430.05
2025-01-29 14:00:00,22.76,22.87,22.47,22.58,200236.95,4535117.91
2025-01-29 15:00:00,22.58,22.92,22.55,22.75,185888.43,4222234.75
2025-01-29 16:00:00,22.75,22.81,22.52,22.64,92566.85,2096397.42
2025-01-29 17:00:00,22.64,23.09,22.63,22.89,123988.82,2839583.16
2025-01-29 18:00:00,22.89,23.22,22.68,23.17,136755.42,3133939.3
2025-01-29 19:00:00,23.17,23.77,22.32,23.53,620468.47,14366056.85
2025-01-29 20:00:00,23.53,24.34,23.15,24.05,512759.79,12247650.82
2025-01-29 21:00:00,24.05,24.45,23.79,24.08,272825.58,6582467.96
2025-01-29 22:00:00,24.08,24.11,23.72,23.72,83692.71,2001073.49
2025-01-29 23:00:00,23.72,24.02,23.59,23.66,122261.5,2906862.48
2025-01-30 00:00:00,23.66,23.87,23.41,23.85,132568.28,3129177.91
2025-01-30 01:00:00,23.85,24.18,23.75,24.01,123378.53,2964061.84
2025-01-30 02:00:00,24.01,24.15,23.87,24.14,88821.93,2131262.18
2025-01-30 03:00:00,24.14,24.33,24.02,24.29,96585.27,2333249.34
2025-01-30 04:00:00,24.29,24.55,24.21,24.51,117807.34,2869964.96
2025-01-30 05:00:00,24.51,24.54,24.25,24.38,76491.0,1863218.66
2025-01-30 06:00:00,24.38,24.58,24.33,24.35,82725.94,2024061.57
2025-01-30 07:00:00,24.35,24.42,24.17,24.29,65705.56,1595200.9
2025-01-30 08:00:00,24.29,24.51,24.18,24.5,55245.19,1345754.53
2025-01-30 09:00:00,24.5,24.73,24.43,24.65,77194.68,1898737.8
2025-01-30 10:00:00,24.65,24.68,24.44,24.63,66242.23,1624591.82
2025-01-30 11:00:00,24.63,24.63,24.4,24.47,89329.22,2188424.81
2025-01-30 12:00:00,24.47,24.5,24.21,24.35,73412.07,1784934.83
2025-01-30 13:00:00,24.35,24.8,24.27,24.7,141824.15,3491477.5
2025-01-30 14:00:00,24.7,25.03,24.53,24.93,226949.1,5623631.31
2025-01-30 15:00:00,24.93,25.24,24.83,24.85,247838.77,6204993.28
2025-01-30 16:00:00,24.85,25.09,24.8,24.97,139670.83,3483636.69
2025-01-30 17:00:00,24.97,25.04,24.79,24.93,121224.29,3017742.41
2025-01-30 18:00:00,24.93,24.94,24.65,24.79,127729.26,3170772.27
2025-01-30 19:00:00,24.79,24.83,24.62,24.76,103422.64,2555911.53
2025-01-30 20:00:00,24.76,24.81,24.55,24.57,143833.77,3549434.93
2025-01-30 21:00:00,24.57,24.72,24.48,24.55,66669.71,1638897.83
2025-01-30 22:00:00,24.55,24.67,24.4,24.51,69216.18,1695678.06
2025-01-30 23:00:00,24.51,24.75,24.45,24.46,54742.53,1347253.91
2025-01-31 00:00:00,24.46,24.71,24.32,24.7,52832.31,1296083.15
2025-01-31 01:00:00,24.7,24.87,24.66,24.79,74713.19,1850341.89
2025-01-31 02:00:00,24.79,24.81,24.46,24.47,49605.51,1219262.07
2025-01-31 03:00:00,24.47,24.47,24.25,24.34,53944.5,1313858.39
2025-01-31 04:00:00,24.34,24.38,24.13,24.17,54764.08,1328814.67
2025-01-31 05:00:00,24.17,24.58,24.17,24.57,47282.54,1154293.13
2025-01-31 06:00:00,24.57,25.15,24.52,25.13,112111.55,2791128.56
2025-01-31 07:00:00,25.13,25.37,24.81,24.89,191265.5,4818576.13
2025-01-31 08:00:00,24.89,24.98,24.72,24.73,54833.37,1361398.62
2025-01-31 09:00:00,24.73,25.1,24.7,25.0,72620.66,1807746.45
2025-01-31 10:00:00,25.0,25.22,24.86,25.14,37457.95,937467.18
2025-01-31 11:00:00,25.14,25.69,25.09,25.66,188171.93,4786300.28
2025-01-31 12:00:00,25.66,25.93,25.57,25.74,169014.69,4355347.02
2025-01-31 13:00:00,25.74,25.98,25.57,25.63,168302.4,4343635.5
2025-01-31 14:00:00,25.63,25.72,25.37,25.42,136319.68,3480661.7
2025-01-31 15:00:00,25.42,26.08,25.37,25.91,184979.15,4766603.26
2025-01-31 16:00:00,25.91,26.36,25.76,25.77,225234.58,5869835.53
2025-01-31 17:00:00,25.77,25.79,25.4,25.41,114364.97,2923833.79
2025-01-31 18:00:00,25.41,25.58,24.83,24.97,308666.93,7741842.47
2025-01-31 19:00:00,24.97,25.24,24.83,24.9,320695.56,8018151.66
2025-01-31 20:00:00,24.9,24.93,24.48,24.72,212296.36,5243005.76
2025-01-31 21:00:00,24.72,24.97,24.51,24.97,149629.79,3699336.61
2025-01-31 22:00:00,24.97,25.22,24.88,24.97,121648.13,3044522.69
2025-01-31 23:00:00,24.97,25.18,24.9,25.15,76523.7,1915259.53
2025-02-01 00:00:00,25.15,25.61,25.07,25.38,156948.13,3981620.65
2025-02-01 01:00:00,25.38,25.77,25.35,25.56,173422.7,4439007.06
2025-02-01 02:00:00,25.56,25.95,25.47,25.74,208901.54,5386121.66
2025-02-01 03:00:00,25.74,25.79,25.52,25.63,89817.02,2301668.22
2025-02-01 04:00:00,25.63,25.85,25.45,25.46,78208.83,2006626.69
2025-02-01 05:00:00,25.46,25.74,25.46,25.7,39902.58,1022033.12
2025-02-01 06:00:00,25.7,25.73,25.35,25.49,53525.2,1365941.75
2025-02-01 07:00:00,25.49,25.59,25.22,25.23,37111.35,941707.75
2025-02-01 08:00:00,25.23,25.33,24.98,25.16,105077.15,2641529.31
2025-02-01 09:00:00,25.16,25.16,24.53,24.62,102669.32,2545424.39
2025-02-01 10:00:00,24.62,24.97,24.62,24.71,63916.43,1587991.47
2025-02-01 11:00:00,24.71,24.86,24.67,24.77,61492.6,1523125.46
2025-02-01 12:00:00,24.77,24.93,24.67,24.81,58685.82,1455259.46
2025-02-01 13:00:00,24.81,24.86,24.51,24.52,115269.98,2847814.28
2025-02-01 14:00:00,24.52,24.66,24.38,24.41,80769.84,1980527.34
2025-02-01 15:00:00,24.41,24.53,24.24,24.46,86599.27,2111115.24
2025-02-01 16:00:00,24.46,24.64,24.26,24.27,48947.29,1198273.56
2025-02-01 17:00:00,24.27,24.53,24.26,24.36,61955.02,1510313.44
2025-02-01 18:00:00,24.36,24.44,24.16,24.2,71423.79,1733006.74
2025-02-01 19:00:00,24.2,24.21,23.53,23.56,244952.1,5823307.0
2025-02-01 20:00:00,23.56,23.57,23.08,23.34,259977.17,6052491.73
2025-02-01 21:00:00,23.34,23.57,23.16,23.17,152555.49,3563672.35
2025-02-01 22:00:00,23.17,23.3,23.0,23.1,103631.13,2394078.23
2025-02-01 23:00:00,23.1,23.21,22.77,22.97,179904.03,4138476.63
2025-02-02 00:00:00,22.97,23.24,22.91,23.16,159599.54,3691681.02
2025-02-02 01:00:00,23.16,23.32,23.07,23.09,84914.51,1968990.32
2025-02-02 02:00:00,23.09,23.1,22.55,22.56,139265.08,3174434.74
2025-02-02 03:00:00,22.56,22.72,22.21,22.32,390195.06,8748170.23
2025-02-02 04:00:00,22.32,22.58,22.27,22.43,133839.88,3001233.29
2025-02-02 05:00:00,22.43,22.9,22.42,22.8,125693.4,2850943.63
2025-02-02 06:00:00,22.8,22.88,22.64,22.67,68904.99,1568385.53
2025-02-02 07:00:00,22.67,22.8,22.58,22.65,70573.73,1599600.29
2025-02-02 08:00:00,22.65,23.18,22.59,22.94,154344.55,3537787.95
2025-02-02 09:00:00,22.94,22.95,22.73,22.82,49587.15,1131596.11
2025-02-02 10:00:00,22.82,22.87,22.52,22.61,70223.79,1591524.08
2025-02-02 11:00:00,22.61,22.74,22.06,22.12,248836.72,5532834.02
2025-02-02 12:00:00,22.12,22.36,21.9,21.91,170460.07,3771525.13
2025-02-02 13:00:00,21.91,22.45,21.91,22.45,199415.8,4430209.88
2025-02-02 14:00:00,22.45,22.45,22.2,22.22,80907.3,1806877.25
2025-02-02 15:00:00,22.22,22.22,21.86,22.18,135892.14,2996636.29
2025-02-02 16:00:00,22.18,22.19,21.26,21.39,353192.99,7646482.87
2025-02-02 17:00:00,21.39,21.54,20.5,20.69,620432.57,13068886.13
2025-02-02 18:00:00,20.69,21.13,20.33,20.44,471271.34,9764806.77
2025-02-02 19:00:00,20.44,21.09,20.08,20.76,506389.33,10421860.41
2025-02-02 20:00:00,20.76,21.03,20.54,20.66,278247.02,5792242.84
2025-02-02 21:00:00,20.66,20.74,20.2,20.29,199458.04,4073429.33
2025-02-02 22:00:00,20.29,20.74,19.31,20.35,449137.43,9009276.9
2025-02-02 23:00:00,20.35,20.5,19.52,20.46,551698.28,11047732.58
2025-02-03 00:00:00,20.46,20.47,19.12,19.76,676530.4,13340643.24
2025-02-03 01:00:00,19.76,19.85,16.95,17.47,1280218.08,23537556.36
2025-02-03 02:00:00,17.47,19.3,15.92,17.16,1580539.06,27645072.56
2025-02-03 03:00:00,17.16,18.16,17.13,17.74,704158.76,12487802.66
2025-02-03 04:00:00,17.74,18.03,17.06,17.13,489408.48,8512109.79
2025-02-03 05:00:00,17.13,18.21,17.11,18.21,552221.1,9860576.08
2025-02-03 06:00:00,18.21,18.56,17.94,18.56,267976.61,4897276.61
2025-02-03 07:00:00,18.56,19.49,18.5,19.45,393523.74,7478134.14
2025-02-03 08:00:00,19.45,19.45,18.45,18.7,309534.32,5811754.89
2025-02-03 09:00:00,18.7,19.1,18.65,18.67,244613.05,4613745.61
2025-02-03 10:00:00,18.67,19.41,18.58,19.39,201096.55,3799254.75
2025-02-03 11:00:00,19.39,19.4,18.85,18.92,172637.4,3300828.22
2025-02-03 12:00:00,18.92,19.36,18.75,18.8,212558.09,4058910.0
2025-02-03 13:00:00,18.8,18.96,18.47,18.72,180916.2,3382954.11
2025-02-03 14:00:00,18.72,19.46,18.15,19.31,514113.95,9735133.92
2025-02-03 15:00:00,19.31,20.7,19.13,20.46,859254.09,17327429.13
2025-02-03 16:00:00,20.46,20.74,20.15,20.43,460696.83,9456522.41
2025-02-03 17:00:00,20.43,20.79,20.24,20.63,362407.07,7401614.88
2025-02-03 18:00:00,20.63,21.04,20.41,21.04,338266.91,6998915.16
2025-02-03 19:00:00,21.04,22.06,21.02,21.94,640679.82,13844227.6
2025-02-03 20:00:00,21.94,21.94,21.01,21.21,316517.15,6742732.62
2025-02-03 21:00:00,21.21,21.64,21.13,21.57,265456.46,5676467.18
2025-02-03 22:00:00,21.57,22.04,21.48,21.79,255921.21,5577388.38
2025-02-03 23:00:00,21.79,21.91,21.52,21.67,151874.66,3299429.54
2025-02-04 00:00:00,21.67,21.73,21.25,21.25,191325.19,4116206.21
2025-02-04 01:00:00,21.25,21.44,21.21,21.28,157061.99,3347568.52
2025-02-04 02:00:00,21.28,21.31,20.89,20.93,191463.72,4041321.51
2025-02-04 03:00:00,20.93,21.04,20.74,20.9,139773.55,2919565.32
2025-02-04 04:00:00,20.9,21.13,20.72,20.76,172563.54,3614242.44
2025-02-04 05:00:00,20.76,20.79,19.72,19.91,488699.34,9797413.9
2025-02-04 06:00:00,19.91,20.26,19.91,20.18,204285.21,4103222.34
2025-02-04 07:00:00,20.18,20.18,19.56,19.65,172767.43,3436131.08
2025-02-04 08:00:00,19.65,19.82,19.47,19.57,215945.64,4241292.22
2025-02-04 09:00:00,19.57,19.91,19.56,19.76,191990.34,3795726.75
2025-02-04 10:00:00,19.76,20.4,19.75,20.32,103625.15,2087826.84
2025-02-04 11:00:00,20.32,20.8,20.3,20.35,150759.81,3102134.1
2025-02-04 12:00:00,20.35,20.81,20.33,20.6,134183.35,2755951.92
2025-02-04 13:00:00,20.6,20.8,20.27,20.32,187261.3,3860700.56
2025-02-04 14:00:00,20.32,20.98,20.21,20.76,276592.69,5718987.82
2025-02-04 15:00:00,20.76,20.9,20.21,20.55,262229.36,5381383.2
2025-02-04 16:00:00,20.55,20.83,20.45,20.52,158879.63,3274915.2
2025-02-04 17:00:00,20.52,20.81,20.38,20.56,130362.45,2681342.29
2025-02-04 18:00:00,20.56,20.77,20.42,20.7,125670.55,2591884.68
2025-02-04 19:00:00,20.7,21.28,20.33,20.33,313525.32,6549385.33
2025-02-04 20:00:00,20.33,20.52,19.9,20.0,398406.99,8013823.71
2025-02-04 21:00:00,20.0,20.0,19.34,19.35,421060.9,8250041.51
2025-02-04 22:00:00,19.35,19.86,19.33,19.8,287358.23,5616454.86
2025-02-04 23:00:00,19.8,20.15,19.71,19.99,148613.92,2965124.78
2025-02-05 00:00:00,19.99,20.1,19.82,19.93,158713.68,3167430.65
2025-02-05 01:00:00,19.93,20.26,19.9,19.94,117870.38,2368295.81
2025-02-05 02:00:00,19.94,20.27,19.75,20.15,125690.46,2512362.85
2025-02-05 03:00:00,20.15,20.19,19.94,19.99,102392.95,2052619.48
2025-02-05 04:00:00,19.99,20.04,19.8,19.88,129116.65,2570248.94
2025-02-05 05:00:00,19.88,20.08,19.67,20.05,153821.95,3048375.54
2025-02-05 06:00:00,20.05,20.05,19.5,19.54,161224.95,3173653.01
2025-02-05 07:00:00,19.54,19.72,19.44,19.65,98019.13,1917236.5
2025-02-05 08:00:00,19.65,19.79,19.54,19.65,111254.39,2189409.79
2025-02-05 09:00:00,19.65,19.83,19.41,19.5,132249.99,2593374.67
2025-02-05 10:00:00,19.5,19.73,19.48,19.65,92095.73,1806770.11
2025-02-05 11:00:00,19.65,20.11,19.65,20.02,156252.31,3113422.44
2025-02-05 12:00:00,20.02,20.1,19.74,19.78,100195.32,1998731.23
2025-02-05 13:00:00,19.78,20.06,19.74,20.01,101385.06,2020890.64
2025-02-05 14:00:00,20.01,20.08,19.66,19.73,263020.53,5244073.06
2025-02-05 15:00:00,19.73,19.89,19.49,19.65,247151.31,4869014.23
2025-02-05 16:00:00,19.65,19.72,19.18,19.43,254334.62,4927600.3
2025-02-05 17:00:00,19.43,19.56,18.98,19.1,266978.42,5117977.93
2025-02-05 18:00:00,19.1,19.38,18.98,19.08,162855.27,3122236.66
2025-02-05 19:00:00,19.08,19.54,19.01,19.47,135317.54,2610061.25
2025-02-05 20:00:00,19.47,19.58,19.16,19.35,124708.37,2419522.79
2025-02-05 21:00:00,19.35,19.51,19.28,19.35,95859.93,1858675.55
2025-02-05 22:00:00,19.35,19.43,18.97,19.07,95354.47,1826027.78
2025-02-05 23:00:00,19.07,19.23,19.0,19.2,115927.4,2218873.47
2025-02-06 00:00:00,19.2,19.41,19.13,19.16,68324.21,1317406.2
2025-02-06 01:00:00,19.16,19.56,19.06,19.31,111261.31,2147730.98
2025-02-06 02:00:00,19.31,19.52,19.29,19.44,98538.45,1912694.12
2025-02-06 03:00:00,19.44,19.58,19.28,19.51,73043.71,1419876.09
2025-02-06 04:00:00,19.51,19.7,19.47,19.68,92714.39,1819704.49
2025-02-06 05:00:00,19.68,19.86,19.64,19.78,114820.25,2265511.32
2025-02-06 06:00:00,19.78,19.94,19.68,19.89,80548.94,1597730.94
2025-02-06 07:00:00,19.89,19.9,19.64,19.7,46990.68,927716.25
2025-02-06 08:00:00,19.7,19.77,19.53,19.55,87063.07,1708492.13
2025-02-06 09:00:00,19.55,19.86,19.5,19.82,102671.15,2026573.47
2025-02-06 10:00:00,19.82,19.92,19.72,19.87,104369.4,2069727.48
2025-02-06 11:00:00,19.87,19.9,19.53,19.73,49571.75,976645.77
2025-02-06 12:00:00,19.73,19.76,19.34,19.38,103958.94,2028953.37
2025-02-06 13:00:00,19.38,19.69,19.37,19.61,100008.33,1952096.85
2025-02-06 14:00:00,19.61,19.66,19.1,19.14,145303.04,2810274.95
2025-02-06 15:00:00,19.14,19.2,18.55,18.71,362152.87,6814969.84
2025-02-06 16:00:00,18.71,18.83,18.52,18.65,285918.83,5333819.2
2025-02-06 17:00:00,18.65,18.87,18.54,18.6,132879.28,2480974.59
2025-02-06 18:00:00,18.6,18.75,18.46,18.56,194122.19,3612792.03
2025-02-06 19:00:00,18.56,18.82,18.42,18.52,207826.64,3873308.74
2025-02-06 20:00:00,18.52,18.95,18.49,18.95,116646.04,2189510.07
2025-02-06 21:00:00,18.95,18.96,18.46,18.74,150292.25,2810508.46
2025-02-06 22:00:00,18.74,18.77,18.48,18.74,86929.51,1619083.66
2025-02-06 23:00:00,18.74,18.78,18.43,18.59,87651.74,1630246.34
2025-02-07 00:00:00,18.59,18.89,18.57,18.63,110346.32,2068281.64
2025-02-07 01:00:00,18.63,19.05,18.63,18.91,80034.83,1506565.78
2025-02-07 02:00:00,18.91,19.04,18.87,18.95,74609.45,1414046.49
2025-02-07 03:00:00,18.95,19.02,18.7,18.81,83804.3,1582039.33
2025-02-07 04:00:00,18.81,18.98,18.81,18.83,66299.15,1255157.2
2025-02-07 05:00:00,18.83,18.87,18.69,18.79,30467.55,571751.53
2025-02-07 06:00:00,18.79,18.81,18.44,18.64,67150.48,1248285.35
2025-02-07 07:00:00,18.64,18.99,18.64,18.79,80733.8,1518652.05
2025-02-07 08:00:00,18.79,19.07,18.71,18.92,66352.3,1251832.66
2025-02-07 09:00:00,18.92,19.23,18.89,19.21,78701.28,1502390.72
2025-02-07 10:00:00,19.21,19.33,19.13,19.24,53475.07,1028236.79
2025-02-07 11:00:00,19.24,19.39,19.21,19.29,78964.4,1523182.78
2025-02-07 12:00:00,19.29,19.37,19.14,19.21,84858.92,1633246.63
2025-02-07 13:00:00,19.21,19.65,18.98,19.61,174358.51,3365166.13
2025-02-07 14:00:00,19.61,19.86,19.5,19.7,247251.61,4869499.21
2025-02-07 15:00:00,19.7,19.7,19.09,19.37,340571.85,6594677.0
2025-02-07 16:00:00,19.37,19.38,18.93,18.94,267769.38,5130302.29
2025-02-07 17:00:00,18.94,19.0,18.61,18.79,197074.94,3699456.5
2025-02-07 18:00:00,18.79,19.09,18.75,18.96,143731.7,2725153.03
2025-02-07 19:00:00,18.96,18.98,18.72,18.74,57488.18,1084857.19
2025-02-07 20:00:00,18.74,18.75,18.03,18.09,342729.37,6267177.68
2025-02-07 21:00:00,18.09,18.28,17.94,18.01,225214.16,4069067.83
2025-02-07 22:00:00,18.01,18.06,17.8,18.02,173748.31,3110849.06
2025-02-07 23:00:00,18.02,18.4,17.97,18.39,126237.85,2294021.08
2025-02-08 00:00:00,18.39,18.63,18.3,18.54,110842.7,2044127.32
2025-02-08 01:00:00,18.54,18.54,18.29,18.32,46972.13,864003.32
2025-02-08 02:00:00,18.32,18.37,18.21,18.33,52916.13,967907.06
2025-02-08 03:00:00,18.33,18.43,18.2,18.23,56545.76,1035674.41
2025-02-08 04:00:00,18.23,18.26,18.09,18.11,42991.89,781392.55
2025-02-08 05:00:00,18.11,18.16,18.0,18.12,47786.3,863912.29
2025-02-08 06:00:00,18.12,18.19,18.05,18.09,28972.79,525049.44
2025-02-08 07:00:00,18.09,18.3,17.93,18.18,59857.74,1084229.97
2025-02-08 08:00:00,18.18,18.22,17.91,17.91,38609.3,696946.72
2025-02-08 09:00:00,17.91,18.08,17.91,18.05,35128.4,632508.29
2025-02-08 10:00:00,18.05,18.1,17.95,18.01,56595.07,1018771.66
2025-02-08 11:00:00,18.01,18.09,17.94,18.07,39083.44,703195.67
2025-02-08 12:00:00,18.07,18.13,17.91,17.97,31830.66,573055.93
2025-02-08 13:00:00,17.97,18.24,17.96,18.11,46637.37,843468.39
2025-02-08 14:00:00,18.11,18.13,17.88,18.06,84087.4,1512184.2
2025-02-08 15:00:00,18.06,18.18,17.95,18.05,57007.9,1029960.43
2025-02-08 16:00:00,18.05,18.2,17.89,18.16,71689.86,1293864.25
2025-02-08 17:00:00,18.16,18.3,18.16,18.26,61120.2,1115194.06
2025-02-08 18:00:00,18.26,18.38,18.17,18.28,32307.93,590322.63
2025-02-08 19:00:00,18.28,18.45,18.24,18.34,86274.47,1583009.61
2025-02-08 20:00:00,18.34,18.38,18.22,18.25,48454.1,886610.45
2025-02-08 21:00:00,18.25,18.34,18.22,18.28,41414.23,756503.77
2025-02-08 22:00:00,18.28,18.43,18.19,18.27,51943.0,950570.51
2025-02-08 23:00:00,18.27,18.55,18.26,18.45,85862.01,1584633.62
2025-02-09 00:00:00,18.45,18.48,18.28,18.3,94910.47,1740451.79
2025-02-09 01:00:00,18.3,18.55,18.27,18.54,63182.91,1165378.14
2025-02-09 02:00:00,18.54,18.59,18.34,18.34,42516.01,783592.43
2025-02-09 03:00:00,18.34,19.0,18.33,18.92,111942.48,2097510.94
2025-02-09 04:00:00,18.92,18.92,18.67,18.73,68723.22,1289045.53
2025-02-09 05:00:00,18.73,18.74,18.62,18.67,37872.68,707729.88
2025-02-09 06:00:00,18.67,18.71,18.53,18.7,36956.15,687674.19
2025-02-09 07:00:00,18.7,18.77,18.65,18.76,30286.02,566921.15
2025-02-09 08:00:00,18.76,18.9,18.76,18.86,34120.35,643007.42
2025-02-09 09:00:00,18.86,18.87,18.7,18.74,36529.95,686234.75
2025-02-09 10:00:00,18.74,18.82,18.64,18.64,35306.3,661402.69
2025-02-09 11:00:00,18.64,18.68,18.55,18.56,33632.14,626708.5
2025-02-09 12:00:00,18.56,18.64,18.45,18.53,46413.44,860307.47
2025-02-09 13:00:00,18.53,18.56,18.11,18.18,148061.97,2716006.08
2025-02-09 14:00:00,18.18,18.43,18.15,18.39,57797.99,1059488.87
2025-02-09 15:00:00,18.39,18.79,18.38,18.73,63306.58,1180829.01
2025-02-09 16:00:00,18.73,18.91,18.67,18.85,80459.84,1514893.44
2025-02-09 17:00:00,18.85,18.94,18.63,18.69,58218.71,1093765.48
2025-02-09 18:00:00,18.69,18.7,18.55,18.6,37142.76,691466.39
2025-02-09 19:00:00,18.6,18.64,18.35,18.37,43417.5,801789.07
2025-02-09 20:00:00,18.37,18.73,18.35,18.58,88274.17,1639801.93
2025-02-09 21:00:00,18.58,18.6,17.45,17.62,408819.42,7276910.2
2025-02-09 22:00:00,17.62,18.25,17.46,18.01,239740.35,4271263.66
2025-02-09 23:00:00,18.01,18.32,17.95,18.27,106113.29,1923763.63
2025-02-10 00:00:00,18.27,18.65,18.26,18.46,117128.22,2165851.65
2025-02-10 01:00:00,18.46,18.48,17.72,17.77,101761.01,1838161.02
2025-02-10 02:00:00,17.77,17.96,17.68,17.9,96919.06,1724325.02
2025-02-10 03:00:00,17.9,18.56,17.77,18.36,137098.0,2496605.65
2025-02-10 04:00:00,18.36,18.56,18.25,18.47,75374.51,1389020.27
2025-02-10 05:00:00,18.47,18.78,18.37,18.57,96286.39,1792204.68
2025-02-10 06:00:00,18.57,18.63,18.46,18.55,47038.72,871444.61
2025-02-10 07:00:00,18.55,18.7,18.52,18.65,41950.64,780688.65
2025-02-10 08:00:00,18.65,18.96,18.63,18.89,71046.55,1338686.15
2025-02-10 09:00:00,18.89,18.98,18.7,18.76,54538.55,1028287.62
2025-02-10 10:00:00,18.76,18.89,18.71,18.78,36548.31,687488.64
2025-02-10 11:00:00,18.78,18.83,18.65,18.76,46743.99,877165.62
2025-02-10 12:00:00,18.76,18.83,18.53,18.57,57675.64,1075025.57
2025-02-10 13:00:00,18.57,19.12,18.56,19.04,78722.21,1483326.74
2025-02-10 14:00:00,19.04,19.08,18.62,18.7,131968.34,2483185.38
2025-02-10 15:00:00,18.7,18.78,18.48,18.59,95276.12,1771692.01
2025-02-10 16:00:00,18.59,18.74,18.5,18.72,63865.04,1190031.17
2025-02-10 17:00:00,18.72,18.88,18.56,18.77,78378.63,1468185.98
2025-02-10 18:00:00,18.77,18.89,18.69,18.85,67198.96,1262797.39
2025-02-10 19:00:00,18.85,18.95,18.74,18.84,92111.34,1737405.73
2025-02-10 20:00:00,18.84,18.95,18.81,18.86,74344.82,1403037.53
2025-02-10 21:00:00,18.86,18.87,18.62,18.68,53988.98,1011223.18
2025-02-10 22:00:00,18.68,18.85,18.62,18.72,40506.7,757894.69
2025-02-10 23:00:00,18.72,18.8,18.66,18.8,27156.39,508029.38
2025-02-11 00:00:00,18.8,19.19,18.77,19.07,202756.35,3862612.95
2025-02-11 01:00:00,19.07,19.3,19.01,19.21,76277.99,1462671.32
2025-02-11 02:00:00,19.21,19.32,18.97,19.12,75373.57,1443895.26
2025-02-11 03:00:00,19.12,19.37,19.07,19.32,122799.28,2361211.91
2025-02-11 04:00:00,19.32,19.62,19.29,19.59,120965.41,2355508.27
2025-02-11 05:00:00,19.59,19.66,19.42,19.63,87204.0,1702083.29
2025-02-11 06:00:00,19.63,19.79,19.48,19.76,62023.54,1217790.34
2025-02-11 07:00:00,19.76,19.77,19.62,19.63,49500.69,975411.3
2025-02-11 08:00:00,19.63,19.75,19.54,19.6,83402.24,1636330.12
2025-02-11 09:00:00,19.6,19.64,19.44,19.45,52069.86,1016836.93
2025-02-11 10:00:00,19.45,19.47,19.35,19.38,45666.08,886624.97
2025-02-11 11:00:00,19.38,19.56,19.34,19.55,26558.19,516805.68
2025-02-11 12:00:00,19.55,19.57,19.31,19.42,51809.71,1005625.94
2025-02-11 13:00:00,19.42,19.49,18.85,18.89,102661.31,1967755.35
2025-02-11 14:00:00,18.89,19.25,18.84,19.23,81794.38,1561995.4
2025-02-11 15:00:00,19.23,19.36,19.06,19.09,73567.23,1410796.17
2025-02-11 16:00:00,19.09,19.17,18.88,18.92,110677.71,2101713.22
2025-02-11 17:00:00,18.92,18.92,18.7,18.76,78725.78,1481640.67
2025-02-11 18:00:00,18.76,18.76,18.34,18.39,138951.84,2574214.31
2025-02-11 19:00:00,18.39,18.5,18.22,18.45,132529.55,2435189.62
2025-02-11 20:00:00,18.45,18.68,18.43,18.6,98887.74,1833485.91
2025-02-11 21:00:00,18.6,18.93,18.52,18.8,66698.65,1249166.51
2025-02-11 22:00:00,18.8,18.98,18.49,18.56,71070.23,1334614.13
2025-02-11 23:00:00,18.56,18.72,18.55,18.65,57891.53,1078569.87
2025-02-12 00:00:00,18.65,18.89,18.58,18.83,71705.26,1342698.37
2025-02-12 01:00:00,18.83,18.88,18.66,18.84,44187.61,829177.03
2025-02-12 02:00:00,18.84,18.85,18.51,18.6,48645.99,907629.62
2025-02-12 03:00:00,18.6,18.66,18.4,18.47,72587.47,1344315.47
2025-02-12 04:00:00,18.47,18.51,18.34,18.42,66563.3,1225737.36
2025-02-12 05:00:00,18.42,18.58,18.35,18.55,38170.32,707227.41
2025-02-12 06:00:00,18.55,18.65,18.45,18.48,50580.61,938631.31
2025-02-12 07:00:00,18.48,18.71,18.44,18.59,55313.09,1026008.97
2025-02-12 08:00:00,18.59,18.77,18.58,18.65,54540.21,1018175.7
2025-02-12 09:00:00,18.65,18.66,18.4,18.58,44507.66,822840.74
2025-02-12 10:00:00,18.58,18.6,18.41,18.5,33054.5,611520.48
2025-02-12 11:00:00,18.5,18.7,18.5,18.55,34021.94,632924.34
2025-02-12 12:00:00,18.55,18.72,18.48,18.48,39415.48,732028.35
2025-02-12 13:00:00,18.48,18.82,17.78,18.02,439585.3,7971708.55
2025-02-12 14:00:00,18.02,18.19,17.66,18.14,234806.05,4217215.36
2025-02-12 15:00:00,18.14,18.26,17.79,18.12,218542.79,3949133.15
2025-02-12 16:00:00,18.12,18.61,17.95,18.58,162474.12,2951439.83
2025-02-12 17:00:00,18.58,18.89,18.54,18.78,164141.57,3066876.21
2025-02-12 18:00:00,18.78,18.8,18.51,18.66,79946.84,1488018.05
2025-02-12 19:00:00,18.66,18.87,18.52,18.84,122550.22,2297240.31
2025-02-12 20:00:00,18.84,19.01,18.76,18.82,144761.08,2732935.38
2025-02-12 21:00:00,18.82,18.96,18.74,18.83,69232.52,1305318.69
2025-02-12 22:00:00,18.83,19.52,18.8,19.22,166638.26,3201454.55
2025-02-12 23:00:00,19.22,19.33,19.06,19.2,128422.72,2462136.04
2025-02-13 00:00:00,19.2,19.24,18.98,19.07,82821.44,1580120.04
2025-02-13 01:00:00,19.07,19.33,19.03,19.31,79685.94,1529140.98
2025-02-13 02:00:00,19.31,19.31,19.06,19.12,44280.54,848622.23
2025-02-13 03:00:00,19.12,19.27,19.11,19.23,47293.78,906761.13
2025-02-13 04:00:00,19.23,19.25,18.93,18.98,75805.26,1444608.01
2025-02-13 05:00:00,18.98,19.05,18.87,19.02,39909.81,756809.37
2025-02-13 06:00:00,19.02,19.11,18.75,18.82,50209.61,951307.65
2025-02-13 07:00:00,18.82,18.91,18.73,18.82,41020.9,772053.0
2025-02-13 08:00:00,18.82,18.88,18.64,18.72,44736.91,839726.88
2025-02-13 09:00:00,18.72,18.85,18.66,18.84,34141.89,641784.74
2025-02-13 10:00:00,18.84,18.86,18.76,18.79,30122.55,566839.03
2025-02-13 11:00:00,18.79,18.83,18.57,18.68,34894.06,652276.82
2025-02-13 12:00:00,18.68,18.71,18.46,18.5,84076.49,1559236.37
2025-02-13 13:00:00,18.5,18.66,18.42,18.49,240024.98,4453073.03
2025-02-13 14:00:00,18.49,18.51,18.21,18.33,150829.06,2767098.02
2025-02-13 15:00:00,18.33,18.65,18.19,18.51,117829.57,2175651.53
2025-02-13 16:00:00,18.51,18.51,18.2,18.32,86326.36,1582761.38
2025-02-13 17:00:00,18.32,18.47,18.3,18.33,68299.88,1255536.59
2025-02-13 18:00:00,18.33,18.48,18.23,18.48,49877.92,916225.8
2025-02-13 19:00:00,18.48,18.62,18.33,18.35,81093.93,1497965.61
2025-02-13 20:00:00,18.35,18.53,18.35,18.46,50960.67,940091.87
2025-02-13 21:00:00,18.46,18.58,18.42,18.53,143934.11,2663228.93
2025-02-13 22:00:00,18.53,18.63,18.44,18.46,89663.96,1660616.02
2025-02-13 23:00:00,18.46,18.59,18.43,18.55,41576.84,769049.41
2025-02-14 00:00:00,18.55,18.65,18.46,18.56,92722.59,1716932.93
2025-02-14 01:00:00,18.56,18.61,18.46,18.59,70556.7,1310382.43
2025-02-14 02:00:00,18.59,18.8,18.56,18.72,63413.51,1185408.36
2025-02-14 03:00:00,18.72,18.97,18.72,18.95,48272.29,909459.4
2025-02-14 04:00:00,18.95,18.99,18.75,18.8,51041.08,962574.36
2025-02-14 05:00:00,18.8,18.83,18.66,18.71,25677.55,481434.25
2025-02-14 06:00:00,18.71,18.8,18.63,18.75,52653.63,985336.21
2025-02-14 07:00:00,18.75,18.85,18.75,18.77,36056.77,678517.67
2025-02-14 08:00:00,18.77,18.92,18.68,18.85,73994.81,1391525.82
2025-02-14 09:00:00,18.85,19.24,18.83,19.18,80302.81,1533860.09
2025-02-14 10:00:00,19.18,19.35,19.11,19.12,157405.84,3024746.92
2025-02-14 11:00:00,19.12,19.2,18.97,19.03,93920.85,1792326.68
2025-02-14 12:00:00,19.03,19.04,18.88,18.95,48225.55,913858.2
2025-02-14 13:00:00,18.95,19.29,18.93,19.25,85276.32,1631867.25
2025-02-14 14:00:00,19.25,19.6,19.13,19.47,286404.88,5541119.17
2025-02-14 15:00:00,19.47,19.62,19.11,19.51,113118.63,2188415.35
2025-02-14 16:00:00,19.51,19.55,19.19,19.53,108819.93,2108858.84
2025-02-14 17:00:00,19.53,19.84,19.41,19.71,136896.98,2689659.65
2025-02-14 18:00:00,19.71,19.83,19.54,19.59,132286.03,2604754.95
2025-02-14 19:00:00,19.59,19.76,19.45,19.51,105285.15,2058570.22
2025-02-14 20:00:00,19.51,19.54,19.24,19.29,144746.59,2811515.17
2025-02-14 21:00:00,19.29,19.53,19.13,19.52,99261.83,1917195.99
2025-02-14 22:00:00,19.52,19.66,19.13,19.25,88614.45,1721590.24
2025-02-14 23:00:00,19.25,19.43,19.17,19.38,80250.21,1551460.49
2025-02-15 00:00:00,19.38,19.4,19.19,19.3,54255.37,1045784.9
2025-02-15 01:00:00,19.3,19.56,19.29,19.51,60040.47,1166287.89
2025-02-15 02:00:00,19.51,19.61,19.43,19.53,45715.12,892499.22
2025-02-15 03:00:00,19.53,19.57,19.41,19.42,39742.23,774227.9
2025-02-15 04:00:00,19.42,19.6,19.4,19.51,52044.71,1015700.35
2025-02-15 05:00:00,19.51,19.63,19.5,19.57,37601.71,735666.22
2025-02-15 06:00:00,19.57,19.66,19.35,19.39,42094.67,822072.6
2025-02-15 07:00:00,19.39,19.44,19.27,19.28,45925.48,887577.44
2025-02-15 08:00:00,19.28,19.38,19.26,19.29,29577.13,571492.81
2025-02-15 09:00:00,19.29,19.39,19.2,19.21,26222.85,505486.98
2025-02-15 10:00:00,19.21,19.24,19.13,19.21,37887.68,726258.11
2025-02-15 11:00:00,19.21,19.25,19.03,19.12,34586.64,661151.36
2025-02-15 12:00:00,19.12,19.29,19.08,19.19,46118.99,885402.03
2025-02-15 13:00:00,19.19,19.24,19.12,19.13,36309.1,696500.3
2025-02-15 14:00:00,19.13,19.13,18.84,18.99,76342.39,1448173.48
2025-02-15 15:00:00,18.99,19.06,18.88,18.96,64440.25,1222582.39
2025-02-15 16:00:00,18.96,19.0,18.83,18.87,47797.78,904928.47
2025-02-15 17:00:00,18.87,18.95,18.8,18.86,55599.36,1048919.69
2025-02-15 18:00:00,18.86,19.05,18.84,19.02,34134.6,646515.76
2025-02-15 19:00:00,19.02,19.05,18.88,18.88,26215.27,497969.01
2025-02-15 20:00:00,18.88,18.91,18.74,18.83,68837.44,1296100.1
2025-02-15 21:00:00,18.83,18.95,18.83,18.94,32014.96,605430.91
2025-02-15 22:00:00,18.94,19.01,18.79,18.89,35081.33,663269.31
2025-02-15 23:00:00,18.89,19.01,18.86,19.0,60674.91,1148840.45
2025-02-16 00:00:00,19.0,19.12,18.97,19.0,33844.1,644836.28
2025-02-16 01:00:00,19.0,19.01,18.87,18.93,29672.74,561723.54
2025-02-16 02:00:00,18.93,18.94,18.76,18.8,47167.18,889843.46
2025-02-16 03:00:00,18.8,18.85,18.69,18.85,36144.69,678047.53
2025-02-16 04:00:00,18.85,18.93,18.83,18.93,16231.48,306696.49
2025-02-16 05:00:00,18.93,19.05,18.85,19.0,25438.81,482222.55
2025-02-16 06:00:00,19.0,19.26,18.97,19.1,80437.87,1537211.34
2025-02-16 07:00:00,19.1,19.1,18.84,18.9,37787.77,716587.97
2025-02-16 08:00:00,18.9,19.07,18.84,18.99,34813.37,659474.23
2025-02-16 09:00:00,18.99,19.09,18.85,19.06,18799.46,356820.01
2025-02-16 10:00:00,19.06,19.12,18.98,18.98,13297.69,253280.76
2025-02-16 11:00:00,18.98,19.16,18.97,19.16,20805.29,397015.21
2025-02-16 12:00:00,19.16,19.19,19.02,19.05,24328.75,465025.22
2025-02-16 13:00:00,19.05,19.08,18.83,18.87,62261.17,1181555.99
2025-02-16 14:00:00,18.87,18.98,18.72,18.93,55119.79,1036272.54
2025-02-16 15:00:00,18.93,19.01,18.85,18.9,28615.96,542078.53
2025-02-16 16:00:00,18.9,19.02,18.85,18.96,34991.79,662187.91
2025-02-16 17:00:00,18.96,19.12,18.9,18.92,42675.31,812205.92
2025-02-16 18:00:00,18.92,18.92,18.57,18.81,102593.07,1918814.65
2025-02-16 19:00:00,18.81,18.88,18.69,18.84,45676.32,858793.07
2025-02-16 20:00:00,18.84,18.94,18.76,18.78,42260.91,795148.67
2025-02-16 21:00:00,18.78,19.03,18.7,18.98,64735.88,1223416.4
2025-02-16 22:00:00,18.98,19.03,18.8,18.91,42784.35,808660.21
2025-02-16 23:00:00,18.91,18.92,18.65,18.7,81319.24,1527118.39
2025-02-17 00:00:00,18.7,18.83,18.66,18.75,38123.57,714403.14
2025-02-17 01:00:00,18.75,18.97,18.63,18.9,70353.67,1321641.91
2025-02-17 02:00:00,18.9,19.0,18.79,18.81,62654.93,1184906.04
2025-02-17 03:00:00,18.81,18.87,18.66,18.83,43085.6,807773.99
2025-02-17 04:00:00,18.83,18.83,18.6,18.61,51482.07,960699.71
2025-02-17 05:00:00,18.61,18.76,18.38,18.74,112273.02,2082110.67
2025-02-17 06:00:00,18.74,19.1,18.73,18.99,105691.09,2003125.41
2025-02-17 07:00:00,18.99,19.15,18.72,18.81,84128.34,1593396.07
2025-02-17 08:00:00,18.81,19.15,18.72,19.09,48740.62,923972.05
2025-02-17 09:00:00,19.09,19.28,19.08,19.27,112416.25,2156101.96
2025-02-17 10:00:00,19.27,19.48,19.26,19.41,93814.24,1819680.13
2025-02-17 11:00:00,19.41,19.49,19.29,19.35,77509.39,1502238.14
2025-02-17 12:00:00,19.35,19.54,19.35,19.49,81464.5,1586788.15
2025-02-17 13:00:00,19.49,19.57,19.36,19.5,56105.53,1091020.87
2025-02-17 14:00:00,19.5,19.72,19.49,19.66,99077.13,1943561.74
2025-02-17 15:00:00,19.66,19.78,19.22,19.24,162433.32,3169208.84
2025-02-17 16:00:00,19.24,19.38,19.0,19.07,279084.9,5340789.96
2025-02-17 17:00:00,19.07,19.31,19.06,19.07,68786.57,1318218.51
2025-02-17 18:00:00,19.07,19.09,18.77,18.79,89492.54,1694042.41
2025-02-17 19:00:00,18.79,19.11,18.71,19.08,117883.51,2229284.68
2025-02-17 20:00:00,19.08,19.3,19.01,19.07,97372.33,1861658.9
2025-02-17 21:00:00,19.07,19.45,19.07,19.45,62574.47,1208547.54
2025-02-17 22:00:00,19.45,19.5,19.08,19.08,93824.26,1812390.7
2025-02-17 23:00:00,19.08,19.15,18.98,19.11,45238.29,862252.91
2025-02-18 00:00:00,19.11,19.2,18.86,18.88,50515.7,961354.15
2025-02-18 01:00:00,18.88,19.08,18.87,19.04,79120.14,1501166.57
2025-02-18 02:00:00,19.04,19.1,18.78,18.8,92746.0,1750946.8
2025-02-18 03:00:00,18.8,18.93,18.79,18.86,52663.99,992481.96
2025-02-18 04:00:00,18.86,18.87,18.63,18.69,97159.52,1821350.02
2025-02-18 05:00:00,18.69,18.7,18.4,18.41,103336.56,1915194.44
2025-02-18 06:00:00,18.41,18.41,18.13,18.15,255171.97,4656242.7
2025-02-18 07:00:00,18.15,18.28,18.09,18.09,97732.1,1778415.09
2025-02-18 08:00:00,18.09,18.1,17.86,17.91,136339.0,2452448.42
2025-02-18 09:00:00,17.91,18.27,17.87,18.26,67099.31,1214579.89
2025-02-18 10:00:00,18.26,18.3,18.08,18.08,97794.7,1777206.8
2025-02-18 11:00:00,18.08,18.09,17.95,18.0,59992.62,1082303.45
2025-02-18 12:00:00,18.0,18.31,17.96,18.24,96047.38,1744704.79
2025-02-18 13:00:00,18.24,18.27,18.11,18.22,53740.86,978348.79
2025-02-18 14:00:00,18.22,18.38,17.84,17.96,173618.82,3124777.61
2025-02-18 15:00:00,17.96,17.98,17.57,17.67,260925.98,4635690.11
2025-02-18 16:00:00,17.67,17.81,17.36,17.4,298096.98,5228375.21
2025-02-18 17:00:00,17.4,17.57,17.28,17.49,194802.17,3393902.79
2025-02-18 18:00:00,17.49,17.61,17.42,17.52,145066.53,2542182.63
2025-02-18 19:00:00,17.52,17.7,17.41,17.61,68324.12,1198082.77
2025-02-18 20:00:00,17.61,17.69,17.43,17.49,72906.4,1279372.02
2025-02-18 21:00:00,17.49,17.81,17.47,17.67,115274.05,2038913.96
2025-02-18 22:00:00,17.67,17.84,17.59,17.71,71657.93,1268791.2
2025-02-18 23:00:00,17.71,17.9,17.66,17.85,84249.76,1501929.26
2025-02-19 00:00:00,17.85,17.94,17.71,17.72,85737.65,1529294.68
2025-02-19 01:00:00,17.72,17.73,17.53,17.66,67569.72,1189373.25
2025-02-19 02:00:00,17.66,17.99,17.66,17.9,82910.9,1477548.5
2025-02-19 03:00:00,17.9,17.9,17.75,17.83,35613.99,634012.4
2025-02-19 04:00:00,17.83,17.85,17.46,17.46,56024.47,988224.75
2025-02-19 05:00:00,17.46,17.68,17.44,17.64,77139.06,1353648.87
2025-02-19 06:00:00,17.64,17.82,17.62,17.79,39155.15,693227.59
2025-02-19 07:00:00,17.79,18.12,17.78,18.04,141568.37,2543403.24
2025-02-19 08:00:00,18.04,18.1,17.89,17.9,57234.78,1029146.0
2025-02-19 09:00:00,17.9,18.05,17.89,17.99,40109.52,720517.71
2025-02-19 10:00:00,17.99,18.12,17.95,18.06,62900.66,1135249.85
2025-02-19 11:00:00,18.06,18.12,18.01,18.12,50853.99,918988.3
2025-02-19 12:00:00,18.12,18.15,17.91,17.92,47507.44,856792.27
2025-02-19 13:00:00,17.92,18.17,17.92,18.08,51963.16,939281.95
2025-02-19 14:00:00,18.08,18.19,17.83,17.84,86492.85,1557548.59
2025-02-19 15:00:00,17.84,17.98,17.75,17.8,101545.51,1812370.92
2025-02-19 16:00:00,17.8,17.99,17.78,17.98,47385.17,849049.4
2025-02-19 17:00:00,17.98,18.06,17.91,18.01,92849.48,1670560.67
2025-02-19 18:00:00,18.01,18.02,17.79,17.8,56437.96,1009440.52
2025-02-19 19:00:00,17.8,17.99,17.73,17.9,71832.26,1283445.36
2025-02-19 20:00:00,17.9,18.02,17.85,17.86,34805.64,624375.32
2025-02-19 21:00:00,17.86,17.97,17.76,17.8,38677.7,690884.61
2025-02-19 22:00:00,17.8,17.99,17.77,17.95,31781.47,568014.36
2025-02-19 23:00:00,17.95,18.09,17.95,17.98,92239.29,1661717.95
2025-02-20 00:00:00,17.98,18.16,17.95,18.15,46203.2,834191.35
2025-02-20 01:00:00,18.15,18.2,17.9,17.95,66074.35,1192189.99
2025-02-20 02:00:00,17.95,18.26,17.93,18.22,61574.65,1115673.61
2025-02-20 03:00:00,18.22,18.36,18.16,18.32,110042.24,2009844.15
2025-02-20 04:00:00,18.32,18.47,18.18,18.19,85493.99,1568711.04
2025-02-20 05:00:00,18.19,18.28,18.16,18.19,42248.7,770012.49
2025-02-20 06:00:00,18.19,18.2,18.11,18.15,27123.53,492189.36
2025-02-20 07:00:00,18.15,18.18,18.06,18.11,22844.68,414059.96
2025-02-20 08:00:00,18.11,18.17,18.05,18.1,37304.33,675180.93
2025-02-20 09:00:00,18.1,18.1,17.83,17.89,121028.93,2171557.53
2025-02-20 10:00:00,17.89,18.13,17.89,18.13,61054.77,1100209.08
2025-02-20 11:00:00,18.13,18.19,18.09,18.14,69477.25,1260778.69
2025-02-20 12:00:00,18.14,18.27,18.14,18.16,32113.27,584350.19
2025-02-20 13:00:00,18.16,18.18,18.05,18.16,34507.1,625046.51
2025-02-20 14:00:00,18.16,18.37,17.93,17.95,148633.56,2706320.5
2025-02-20 15:00:00,17.95,18.05,17.87,17.89,184548.96,3319119.18
2025-02-20 16:00:00,17.89,18.11,17.87,17.98,64097.58,1154782.19
2025-02-20 17:00:00,17.98,18.22,17.97,18.21,52034.33,943577.19
2025-02-20 18:00:00,18.21,18.37,18.2,18.24,115525.44,2110842.04
2025-02-20 19:00:00,18.24,18.43,18.23,18.34,52269.38,958910.75
2025-02-20 20:00:00,18.34,18.43,18.29,18.32,80075.97,1469976.11
2025-02-20 21:00:00,18.32,18.34,18.15,18.18,57342.43,1045409.01
2025-02-20 22:00:00,18.18,18.29,18.14,18.24,40581.39,738525.84
2025-02-20 23:00:00,18.24,18.36,18.23,18.29,28197.95,515799.24
2025-02-21 00:00:00,18.29,18.32,18.13,18.16,43286.81,789120.59
2025-02-21 01:00:00,18.16,18.2,18.07,18.16,30364.27,550577.88
2025-02-21 02:00:00,18.16,18.21,18.06,18.07,24290.01,440195.63
2025-02-21 03:00:00,18.07,18.17,18.05,18.09,27271.2,493616.68
2025-02-21 04:00:00,18.09,18.26,18.09,18.23,22601.99,411365.67
2025-02-21 05:00:00,18.23,18.29,18.2,18.26,26928.81,491386.54
2025-02-21 06:00:00,18.26,18.35,18.25,18.34,45082.85,825452.61
2025-02-21 07:00:00,18.34,18.39,18.25,18.26,40240.71,737991.38
2025-02-21 08:00:00,18.26,18.41,18.23,18.4,35530.77,651268.09
2025-02-21 09:00:00,18.4,18.74,18.37,18.49,69776.84,1295287.01
2025-02-21 10:00:00,18.49,18.68,18.46,18.63,65964.02,1227969.33
2025-02-21 11:00:00,18.63,18.65,18.53,18.57,64026.63,1189340.75
2025-02-21 12:00:00,18.57,18.83,18.57,18.8,64623.16,1209459.66
2025-02-21 13:00:00,18.8,19.04,18.76,19.02,118574.35,2247846.2
2025-02-21 14:00:00,19.02,19.06,18.69,18.84,133499.1,2520084.62
2025-02-21 15:00:00,18.84,18.99,18.08,18.38,240696.34,4448359.81
2025-02-21 16:00:00,18.38,18.54,18.17,18.22,197326.93,3617838.54
2025-02-21 17:00:00,18.22,18.34,17.68,17.71,226433.61,4059551.8
2025-02-21 18:00:00,17.71,17.81,17.6,17.73,117452.07,2080145.81
2025-02-21 19:00:00,17.73,17.78,17.13,17.27,282835.99,4913548.14
2025-02-21 20:00:00,17.27,17.42,17.2,17.27,163281.1,2826310.48
2025-02-21 21:00:00,17.27,17.38,17.12,17.28,141309.87,2437564.57
2025-02-21 22:00:00,17.28,17.45,17.24,17.39,76086.32,1319624.21
2025-02-21 23:00:00,17.39,17.42,17.26,17.41,66558.77,1154049.49
2025-02-22 00:00:00,17.41,17.65,17.3,17.63,97577.17,1705034.92
2025-02-22 01:00:00,17.63,17.67,17.56,17.58,46328.14,816285.07
2025-02-22 02:00:00,17.58,17.59,17.42,17.5,39264.73,686974.02
2025-02-22 03:00:00,17.5,17.5,17.37,17.46,27901.85,486577.77
2025-02-22 04:00:00,17.46,17.64,17.43,17.6,50386.65,884407.8
2025-02-22 05:00:00,17.6,17.61,17.45,17.5,45463.45,795969.86
2025-02-22 06:00:00,17.5,17.55,17.45,17.49,34205.59,598201.24
2025-02-22 07:00:00,17.49,17.6,17.48,17.48,25267.61,443148.02
2025-02-22 08:00:00,17.48,17.51,17.43,17.46,31826.95,555718.52
2025-02-22 09:00:00,17.46,17.58,17.46,17.57,21368.92,374562.9
2025-02-22 10:00:00,17.57,17.71,17.55,17.62,34413.73,607364.52
2025-02-22 11:00:00,17.62,17.63,17.56,17.61,34589.43,609133.22
2025-02-22 12:00:00,17.61,17.66,17.57,17.64,22099.71,389316.32
2025-02-22 13:00:00,17.64,17.69,17.52,17.61,55359.17,975093.67
2025-02-22 14:00:00,17.61,17.72,17.61,17.67,46378.38,819496.16
2025-02-22 15:00:00,17.67,17.83,17.66,17.79,40940.97,725364.19
2025-02-22 16:00:00,17.79,17.87,17.76,17.8,50060.77,891825.06
2025-02-22 17:00:00,17.8,17.98,17.8,17.96,38768.73,694138.58
2025-02-22 18:00:00,17.96,18.03,17.86,17.9,79337.32,1425158.73
2025-02-22 19:00:00,17.9,17.92,17.84,17.87,24301.56,434575.69
2025-02-22 20:00:00,17.87,17.87,17.76,17.8,57213.21,1018178.74
2025-02-22 21:00:00,17.8,17.85,17.78,17.81,27590.46,491042.16
2025-02-22 22:00:00,17.81,17.84,17.75,17.75,24764.31,441133.9
2025-02-22 23:00:00,17.75,17.81,17.72,17.76,31457.43,559129.63
2025-02-23 00:00:00,17.76,17.86,17.72,17.86,44465.28,790008.51
2025-02-23 01:00:00,17.86,17.87,17.7,17.74,25425.18,451647.73
2025-02-23 02:00:00,17.74,17.75,17.65,17.66,17243.51,305040.21
2025-02-23 03:00:00,17.66,17.91,17.66,17.8,46349.57,824631.97
2025-02-23 04:00:00,17.8,17.84,17.75,17.81,13092.68,232881.59
2025-02-23 05:00:00,17.81,17.89,17.79,17.83,21886.55,390262.57
2025-02-23 06:00:00,17.83,17.91,17.78,17.91,24853.26,443383.28
2025-02-23 07:00:00,17.91,18.13,17.89,18.12,28552.36,514256.63
2025-02-23 08:00:00,18.12,18.13,17.97,17.99,15491.21,279547.94
2025-02-23 09:00:00,17.99,18.02,17.88,17.94,21558.67,386457.54
2025-02-23 10:00:00,17.94,17.96,17.88,17.92,12133.1,217501.01
2025-02-23 11:00:00,17.92,17.93,17.72,17.77,22995.14,409645.35
2025-02-23 12:00:00,17.77,17.81,17.57,17.62,26054.12,460197.65
2025-02-23 13:00:00,17.62,17.84,17.61,17.75,15652.55,277933.05
2025-02-23 14:00:00,17.75,17.76,17.6,17.62,29668.1,524871.4
2025-02-23 15:00:00,17.62,17.69,17.45,17.47,48731.32,855503.23
2025-02-23 16:00:00,17.47,17.61,17.46,17.53,25288.3,443627.26
2025-02-23 17:00:00,17.53,17.65,17.52,17.63,19952.98,351058.87
2025-02-23 18:00:00,17.63,17.66,17.56,17.58,16488.53,290530.46
2025-02-23 19:00:00,17.58,17.6,17.52,17.54,16656.03,292412.83
2025-02-23 20:00:00,17.54,17.55,17.46,17.52,20463.84,358340.89
2025-02-23 21:00:00,17.52,17.61,17.48,17.6,12937.33,226868.0
2025-02-23 22:00:00,17.6,17.6,17.43,17.53,27695.9,484921.45
2025-02-23 23:00:00,17.53,17.74,17.52,17.61,49820.99,877464.93
2025-02-24 00:00:00,17.61,17.74,17.59,17.61,37070.78,654847.55
2025-02-24 01:00:00,17.61,17.63,17.37,17.42,44953.44,785304.35
2025-02-24 02:00:00,17.42,17.47,17.27,17.28,39942.22,694280.66
2025-02-24 03:00:00,17.28,17.28,16.79,16.82,166084.61,2821935.44
2025-02-24 04:00:00,16.82,16.83,16.48,16.63,144688.21,2411576.9
2025-02-24 05:00:00,16.63,16.89,16.57,16.88,48304.23,808939.11
2025-02-24 06:00:00,16.88,16.95,16.8,16.88,47362.04,798374.63
2025-02-24 07:00:00,16.88,16.97,16.84,16.87,14759.94,249241.51
2025-02-24 08:00:00,16.87,16.87,16.53,16.59,91764.25,1527939.54
2025-02-24 09:00:00,16.59,16.86,16.57,16.72,31211.09,523070.04
2025-02-24 10:00:00,16.72,16.77,16.52,16.63,41724.88,694007.41
2025-02-24 11:00:00,16.63,16.71,16.45,16.68,77214.55,1280887.16
2025-02-24 12:00:00,16.68,16.69,16.58,16.64,49390.46,821112.04
2025-02-24 13:00:00,16.64,16.78,16.52,16.57,52332.27,872225.94
2025-02-24 14:00:00,16.57,16.63,16.17,16.22,221699.06,3627894.93
2025-02-24 15:00:00,16.22,16.4,16.04,16.21,230767.23,3735745.04
2025-02-24 16:00:00,16.21,16.36,16.15,16.19,140478.11,2283405.5
2025-02-24 17:00:00,16.19,16.5,16.18,16.36,83820.08,1373694.58
2025-02-24 18:00:00,16.36,16.46,16.23,16.23,43751.15,715179.59
2025-02-24 19:00:00,16.23,16.29,15.93,16.1,132118.83,2124961.47
2025-02-24 20:00:00,16.1,16.28,16.06,16.1,91548.91,1483004.27
2025-02-24 21:00:00,16.1,16.21,15.95,15.95,102519.92,1648953.28
2025-02-24 22:00:00,15.95,15.95,15.0,15.17,437788.83,6762484.09
2025-02-24 23:00:00,15.17,15.54,15.17,15.25,195989.14,3002681.82
2025-02-25 00:00:00,15.25,15.41,14.85,15.18,263101.15,3995286.28
2025-02-25 01:00:00,15.18,15.33,14.88,15.1,170289.89,2574482.73
2025-02-25 02:00:00,15.1,15.4,14.92,15.35,170581.67,2596087.75
2025-02-25 03:00:00,15.35,15.41,15.08,15.13,120255.5,1829812.56
2025-02-25 04:00:00,15.13,15.23,14.9,15.03,148245.55,2233912.05
2025-02-25 05:00:00,15.03,15.27,14.96,15.08,94108.72,1426224.04
2025-02-25 06:00:00,15.08,15.13,14.78,14.79,186637.54,2783715.88
2025-02-25 07:00:00,14.79,14.83,14.03,14.54,599925.38,8637227.69
2025-02-25 08:00:00,14.54,14.91,14.47,14.72,203176.47,3000600.16
2025-02-25 09:00:00,14.72,14.76,14.43,14.52,128115.23,1864551.13
2025-02-25 10:00:00,14.52,14.79,14.25,14.58,328938.78,4746700.16
2025-02-25 11:00:00,14.58,14.88,14.28,14.84,160055.7,2319234.29
2025-02-25 12:00:00,14.84,14.98,14.69,14.89,155667.36,2301097.07
2025-02-25 13:00:00,14.89,14.99,14.69,14.74,121810.63,1804208.97
2025-02-25 14:00:00,14.74,14.89,14.47,14.63,270070.23,3948110.53
2025-02-25 15:00:00,14.63,14.87,14.39,14.73,341979.05,4983776.84
2025-02-25 16:00:00,14.73,14.9,14.49,14.74,339684.68,4983817.2
2025-02-25 17:00:00,14.74,14.96,14.69,14.82,158474.0,2348005.39
2025-02-25 18:00:00,14.82,14.97,14.69,14.82,116182.68,1723091.72
2025-02-25 19:00:00,14.82,15.11,14.71,15.09,140137.48,2086031.49
2025-02-25 20:00:00,15.09,15.4,14.97,15.26,244788.29,3727164.66
2025-02-25 21:00:00,15.26,15.43,15.16,15.43,77568.23,1184703.25
2025-02-25 22:00:00,15.43,15.57,15.28,15.41,135235.87,2081024.21
2025-02-25 23:00:00,15.41,15.49,15.28,15.29,82384.95,1267018.42
2025-02-26 00:00:00,15.29,15.36,15.09,15.1,109193.29,1659440.32
2025-02-26 01:00:00,15.1,15.28,15.09,15.24,63023.89,956931.72
2025-02-26 02:00:00,15.24,15.47,15.14,15.43,89568.75,1367344.23
2025-02-26 03:00:00,15.43,15.53,15.36,15.37,92663.98,1431123.0
2025-02-26 04:00:00,15.37,15.5,15.32,15.39,103866.78,1600677.54
2025-02-26 05:00:00,15.39,15.45,15.21,15.21,114206.24,1751422.34
2025-02-26 06:00:00,15.21,15.37,15.18,15.36,67511.34,1029387.06
2025-02-26 07:00:00,15.36,15.4,15.15,15.28,42155.49,643990.51
2025-02-26 08:00:00,15.28,15.33,15.15,15.2,52347.57,796298.89
2025-02-26 09:00:00,15.2,15.49,15.2,15.46,41581.61,639197.77
2025-02-26 10:00:00,15.46,15.55,15.39,15.52,43909.66,679329.55
2025-02-26 11:00:00,15.52,15.63,15.44,15.51,145349.35,2262052.96
2025-02-26 12:00:00,15.51,15.62,15.18,15.29,90119.17,1387636.88
2025-02-26 13:00:00,15.29,15.37,15.18,15.21,76541.84,1169511.22
2025-02-26 14:00:00,15.21,15.52,14.97,15.47,231311.8,3503448.89
2025-02-26 15:00:00,15.47,15.75,15.46,15.51,151311.56,2361293.27
2025-02-26 16:00:00,15.51,15.58,15.26,15.44,121675.35,1876954.5
2025-02-26 17:00:00,15.44,15.5,15.01,15.06,110566.24,1684866.12
2025-02-26 18:00:00,15.06,15.18,14.68,14.77,223013.13,3318248.27
2025-02-26 19:00:00,14.77,14.97,14.72,14.87,161314.6,2394831.59
2025-02-26 20:00:00,14.87,15.27,14.64,15.23,221190.71,3301913.3
2025-02-26 21:00:00,15.23,15.37,15.11,15.35,128330.82,1953919.47
2025-02-26 22:00:00,15.35,15.69,15.34,15.43,253964.36,3942441.67
2025-02-26 23:00:00,15.43,15.51,15.17,15.23,46475.77,710650.46
2025-02-27 00:00:00,15.23,15.3,15.09,15.18,46948.06,714801.39
2025-02-27 01:00:00,15.18,15.42,15.04,15.27,69246.58,1057560.2
2025-02-27 02:00:00,15.27,15.44,15.16,15.19,48225.13,738406.3
2025-02-27 03:00:00,15.19,15.34,15.17,15.29,23349.74,356119.36
2025-02-27 04:00:00,15.29,15.35,15.11,15.19,46511.87,707554.6
2025-02-27 05:00:00,15.19,15.35,15.18,15.31,37735.74,575720.97
2025-02-27 06:00:00,15.31,15.55,15.29,15.45,56867.95,876351.93
2025-02-27 07:00:00,15.45,15.67,15.44,15.6,78356.95,1218827.27
2025-02-27 08:00:00,15.6,15.61,15.44,15.45,43563.98,675684.74
2025-02-27 09:00:00,15.45,15.66,15.45,15.54,49124.77,763902.87
2025-02-27 10:00:00,15.54,15.76,15.5,15.74,45541.78,714425.26
2025-02-27 11:00:00,15.74,15.75,15.54,15.6,46405.58,725758.2
2025-02-27 12:00:00,15.6,15.73,15.51,15.61,61040.69,952337.71
2025-02-27 13:00:00,15.61,15.73,15.51,15.57,86299.12,1347589.7
2025-02-27 14:00:00,15.57,15.62,15.26,15.29,157689.42,2438288.67
2025-02-27 15:00:00,15.29,15.48,15.18,15.39,116550.13,1787019.69
2025-02-27 16:00:00,15.39,15.48,15.18,15.2,66238.31,1014749.6
2025-02-27 17:00:00,15.2,15.33,15.16,15.29,114557.06,1746237.06
2025-02-27 18:00:00,15.29,15.38,15.26,15.27,51245.89,785237.31
2025-02-27 19:00:00,15.27,15.27,15.0,15.07,87586.04,1323690.55
2025-02-27 20:00:00,15.07,15.08,14.79,14.89,158183.21,2356690.51
2025-02-27 21:00:00,14.89,15.13,14.76,15.12,73499.21,1098340.56
2025-02-27 22:00:00,15.12,15.13,14.97,15.09,93666.76,1409445.83
2025-02-27 23:00:00,15.09,15.2,15.03,15.09,77825.45,1175868.38
2025-02-28 00:00:00,15.09,15.18,14.98,14.98,116556.7,1759225.81
2025-02-28 01:00:00,14.98,15.02,14.26,14.28,306834.87,4459276.69
2025-02-28 02:00:00,14.28,14.46,13.91,14.1,400125.93,5640264.7
2025-02-28 03:00:00,14.1,14.25,13.82,13.86,279591.24,3918264.32
2025-02-28 04:00:00,13.86,13.97,13.65,13.87,360746.11,4971331.2
2025-02-28 05:00:00,13.87,13.9,13.64,13.8,141599.14,1948484.11
2025-02-28 06:00:00,13.8,13.86,13.47,13.61,197871.8,2688384.5
2025-02-28 07:00:00,13.61,13.86,13.58,13.65,92948.07,1273102.89
2025-02-28 08:00:00,13.65,13.79,13.44,13.78,186632.4,2538843.88
2025-02-28 09:00:00,13.78,14.04,13.75,13.97,127484.11,1775352.12
2025-02-28 10:00:00,13.97,14.0,13.67,13.69,87197.88,1203559.83
2025-02-28 11:00:00,13.69,13.92,13.68,13.76,92826.03,1280066.12
2025-02-28 12:00:00,13.76,13.88,13.66,13.84,72388.96,996835.14
2025-02-28 13:00:00,13.84,14.23,13.8,14.12,157466.66,2217296.01
2025-02-28 14:00:00,14.12,14.41,14.1,14.32,192157.61,2745262.04
2025-02-28 15:00:00,14.32,14.72,14.32,14.61,142233.82,2071294.51
2025-02-28 16:00:00,14.61,14.78,14.5,14.65,91812.97,1340653.46
2025-02-28 17:00:00,14.65,14.69,14.53,14.54,92663.78,1352338.02
2025-02-28 18:00:00,14.54,14.84,14.49,14.71,97572.55,1431904.88
2025-02-28 19:00:00,14.71,14.82,14.66,14.77,69281.52,1021458.96
2025-02-28 20:00:00,14.77,14.82,14.59,14.69,103767.78,1523688.27
2025-02-28 21:00:00,14.69,14.81,14.66,14.75,66664.86,981924.87
2025-02-28 22:00:00,14.75,14.83,14.69,14.74,69261.65,1021593.87
2025-02-28 23:00:00,14.74,14.86,14.72,14.81,38387.18,567781.09
2025-03-01 00:00:00,14.81,14.83,14.57,14.6,68521.78,1007047.87
2025-03-01 01:00:00,14.6,14.9,14.49,14.86,125420.06,1834191.58
2025-03-01 02:00:00,14.86,14.94,14.76,14.83,81330.03,1207762.99
2025-03-01 03:00:00,14.83,14.9,14.77,14.81,54944.87,814703.64
2025-03-01 04:00:00,14.81,15.0,14.79,14.98,129091.01,1926969.67
2025-03-01 05:00:00,14.98,14.99,14.76,14.83,43640.3,647710.62
2025-03-01 06:00:00,14.83,14.84,14.63,14.67,79809.22,1177760.15
2025-03-01 07:00:00,14.67,14.68,14.51,14.54,26101.91,380483.65
2025-03-01 08:00:00,14.54,14.67,14.54,14.65,22586.12,329975.16
2025-03-01 09:00:00,14.65,14.86,14.65,14.74,38628.54,570070.54
2025-03-01 10:00:00,14.74,14.74,14.52,14.55,28752.61,420178.96
2025-03-01 11:00:00,14.55,14.57,14.4,14.44,56984.1,824145.38
2025-03-01 12:00:00,14.44,14.55,14.4,14.53,26001.06,375822.71
2025-03-01 13:00:00,14.53,14.55,14.22,14.27,84398.82,1208447.05
2025-03-01 14:00:00,14.27,14.4,14.25,14.32,59093.19,847661.27
2025-03-01 15:00:00,14.32,14.51,14.3,14.48,37815.73,544898.44
2025-03-01 16:00:00,14.48,14.62,14.42,14.61,57040.02,827296.84
2025-03-01 17:00:00,14.61,14.66,14.5,14.61,45324.89,660928.08
2025-03-01 18:00:00,14.61,14.79,14.59,14.77,51575.22,757426.39
2025-03-01 19:00:00,14.77,14.9,14.75,14.88,65800.99,976082.34
2025-03-01 20:00:00,14.88,14.89,14.77,14.83,44694.0,662773.8
2025-03-01 21:00:00,14.83,15.09,14.77,15.03,101269.78,1512917.82
2025-03-01 22:00:00,15.03,15.13,14.9,14.96,101311.38,1519558.98
2025-03-01 23:00:00,14.96,14.99,14.74,14.75,64754.47,962093.81
2025-03-02 00:00:00,14.75,14.82,14.65,14.73,47825.26,704717.65
2025-03-02 01:00:00,14.73,14.8,14.66,14.73,45321.83,668686.56
2025-03-02 02:00:00,14.73,14.82,14.67,14.76,32972.47,486026.22
2025-03-02 03:00:00,14.76,14.91,14.73,14.86,37998.77,561534.01
2025-03-02 04:00:00,14.86,14.86,14.77,14.8,15008.12,222366.6
2025-03-02 05:00:00,14.8,14.86,14.76,14.81,17895.06,264783.97
2025-03-02 06:00:00,14.81,14.92,14.72,14.83,35001.21,519809.89
2025-03-02 07:00:00,14.83,14.85,14.74,14.75,20192.52,298537.89
2025-03-02 08:00:00,14.75,14.75,14.68,14.7,28834.76,424277.54
2025-03-02 09:00:00,14.7,14.9,14.69,14.82,26313.12,389276.97
2025-03-02 10:00:00,14.82,14.9,14.8,14.83,25563.38,379593.98
2025-03-02 11:00:00,14.83,14.83,14.74,14.77,16978.88,250935.61
2025-03-02 12:00:00,14.77,14.77,14.66,14.73,23013.7,338858.04
2025-03-02 13:00:00,14.73,14.73,14.55,14.61,58850.24,860901.73
2025-03-02 14:00:00,14.61,14.62,14.4,14.47,51399.33,744701.53
2025-03-02 15:00:00,14.47,15.51,14.44,15.25,503905.53,7652333.8
2025-03-02 16:00:00,15.25,16.93,15.25,16.61,1126537.84,18105512.63
2025-03-02 17:00:00,16.61,17.37,16.37,17.09,704189.85,11982425.37
2025-03-02 18:00:00,17.09,17.21,16.61,16.76,497103.99,8404505.93
2025-03-02 19:00:00,16.76,16.96,16.72,16.95,251519.59,4239631.82
2025-03-02 20:00:00,16.95,17.1,16.9,17.08,207394.84,3530644.28
2025-03-02 21:00:00,17.08,17.44,17.02,17.33,295643.13,5103706.84
2025-03-02 22:00:00,17.33,17.46,17.15,17.44,135477.25,2345324.3
2025-03-02 23:00:00,17.44,17.53,17.2,17.42,137459.4,2388539.08
2025-03-03 00:00:00,17.42,17.49,17.16,17.17,137668.31,2383045.91
2025-03-03 01:00:00,17.17,17.28,16.86,16.86,166028.61,2826268.76
2025-03-03 02:00:00,16.86,16.89,16.56,16.82,194405.23,3254578.99
2025-03-03 03:00:00,16.82,16.88,16.64,16.79,91392.87,1530417.18
2025-03-03 04:00:00,16.79,16.95,16.73,16.91,95749.11,1610982.32
2025-03-03 05:00:00,16.91,16.97,16.8,16.89,55244.86,932546.42
2025-03-03 06:00:00,16.89,16.89,16.13,16.26,223289.33,3674172.76
2025-03-03 07:00:00,16.26,16.53,16.09,16.49,99162.63,1618772.22
2025-03-03 08:00:00,16.49,16.5,16.0,16.09,93582.29,1513575.35
2025-03-03 09:00:00,16.09,16.24,15.95,16.16,92380.42,1486454.09
2025-03-03 10:00:00,16.16,16.36,16.11,16.31,44850.4,729291.04
2025-03-03 11:00:00,16.31,16.34,16.17,16.31,39104.0,635848.38
2025-03-03 12:00:00,16.31,16.55,16.28,16.49,103382.09,1700106.93
2025-03-03 13:00:00,16.49,16.73,16.46,16.73,139933.05,2319260.62
2025-03-03 14:00:00,16.73,16.87,16.09,16.11,316716.5,5232274.67
2025-03-03 15:00:00,16.11,16.57,16.11,16.24,283810.34,4642647.23
2025-03-03 16:00:00,16.24,16.36,16.12,16.16,180133.67,2922634.18
2025-03-03 17:00:00,16.16,16.43,16.08,16.21,125867.29,2041570.62
2025-03-03 18:00:00,16.21,16.22,15.3,15.41,544813.82,8505582.41
2025-03-03 19:00:00,15.41,15.52,14.69,14.73,651493.58,9794969.37
2025-03-03 20:00:00,14.73,14.91,14.52,14.78,322544.31,4754662.02
2025-03-03 21:00:00,14.78,14.8,14.36,14.4,202970.21,2958868.54
2025-03-03 22:00:00,14.4,14.72,14.38,14.68,91326.31,1330534.33
2025-03-03 23:00:00,14.68,14.68,14.39,14.44,122976.88,1789932.52
2025-03-04 00:00:00,14.44,14.58,14.34,14.4,219505.57,3167638.16
2025-03-04 01:00:00,14.4,14.43,13.66,13.75,426223.45,5967397.67
2025-03-04 02:00:00,13.75,14.0,13.4,13.89,446246.99,6078038.47
2025-03-04 03:00:00,13.89,13.97,13.65,13.76,152689.62,2108660.86
2025-03-04 04:00:00,13.76,13.91,13.72,13.78,80917.7,1118661.13
2025-03-04 05:00:00,13.78,14.1,13.76,14.05,100558.0,1404484.99
2025-03-04 06:00:00,14.05,14.1,13.91,13.93,88427.7,1238957.44
2025-03-04 07:00:00,13.93,13.97,13.78,13.79,64412.96,891724.6
2025-03-04 08:00:00,13.79,13.92,13.7,13.86,75478.02,1041758.79
2025-03-04 09:00:00,13.86,13.9,13.67,13.78,56144.07,774685.38
2025-03-04 10:00:00,13.78,13.89,13.69,13.85,61269.18,845438.15
2025-03-04 11:00:00,13.85,13.97,13.77,13.79,61241.99,848237.97
2025-03-04 12:00:00,13.79,13.95,13.66,13.85,78873.61,1085476.27
2025-03-04 13:00:00,13.85,13.85,13.38,13.43,217724.32,2950809.31
2025-03-04 14:00:00,13.43,14.21,13.39,13.64,641129.69,8859317.4
2025-03-04 15:00:00,13.64,13.82,13.33,13.82,308416.65,4186332.97
2025-03-04 16:00:00,13.82,13.85,13.08,13.68,364981.59,4889695.98
2025-03-04 17:00:00,13.68,14.19,13.64,14.11,308958.81,4319085.69
2025-03-04 18:00:00,14.11,14.43,14.03,14.37,191041.65,2706438.58
2025-03-04 19:00:00,14.37,14.53,14.31,14.51,393827.2,5687116.85
2025-03-04 20:00:00,14.51,14.79,14.34,14.34,296600.13,4326566.64
2025-03-04 21:00:00,14.34,15.35,14.31,14.95,502862.6,7472990.07
2025-03-04 22:00:00,14.95,15.04,14.81,14.84,188128.85,2803798.14
2025-03-04 23:00:00,14.84,14.93,14.69,14.86,248293.88,3679189.45
2025-03-05 00:00:00,14.86,14.97,14.67,14.74,123158.85,1823465.08
2025-03-05 01:00:00,14.74,14.91,14.63,14.91,72068.42,1064674.56
2025-03-05 02:00:00,14.91,15.1,14.82,14.98,98997.66,1479800.37
2025-03-05 03:00:00,14.98,15.09,14.83,14.83,89435.04,1341069.3
2025-03-05 04:00:00,14.83,15.04,14.83,14.95,117362.92,1751432.46
2025-03-05 05:00:00,14.95,15.07,14.91,14.96,46841.35,701725.18
2025-03-05 06:00:00,14.96,15.2,14.88,15.18,92230.39,1384583.09
2025-03-05 07:00:00,15.18,15.46,15.08,15.45,132487.8,2023756.68
2025-03-05 08:00:00,15.45,15.99,15.37,15.88,248150.71,3905080.08
2025-03-05 09:00:00,15.88,16.5,15.84,16.04,358352.18,5831780.13
2025-03-05 10:00:00,16.04,16.38,15.93,16.13,210840.96,3400781.96
2025-03-05 11:00:00,16.13,16.23,15.98,16.07,148281.94,2390558.37
2025-03-05 12:00:00,16.07,16.17,15.88,15.94,195584.64,3137578.08
2025-03-05 13:00:00,15.94,15.99,15.7,15.8,213897.35,3387361.28
2025-03-05 14:00:00,15.8,15.86,15.64,15.7,214731.6,3380368.1
2025-03-05 15:00:00,15.7,15.95,15.56,15.69,254551.84,4009961.44
2025-03-05 16:00:00,15.69,15.92,15.57,15.84,184385.28,2897224.3
2025-03-05 17:00:00,15.84,16.22,15.83,16.1,240861.26,3857901.88
2025-03-05 18:00:00,16.1,16.38,15.93,16.3,347682.16,5601597.07
2025-03-05 19:00:00,16.3,16.43,16.25,16.35,207976.36,3396553.21
2025-03-05 20:00:00,16.35,16.54,16.33,16.33,227194.62,3740252.46
2025-03-05 21:00:00,16.33,16.46,16.28,16.38,103287.02,1690295.6
2025-03-05 22:00:00,16.38,16.41,16.27,16.33,136229.18,2223729.37
2025-03-05 23:00:00,16.33,16.58,16.33,16.42,139660.59,2300385.65
2025-03-06 00:00:00,16.42,16.64,16.39,16.51,125678.66,2069404.26
2025-03-06 01:00:00,16.51,17.07,16.42,16.89,242283.66,4059913.51
2025-03-06 02:00:00,16.89,17.31,16.87,17.16,369951.95,6352665.28
2025-03-06 03:00:00,17.16,17.34,17.09,17.22,147789.85,2546384.64
2025-03-06 04:00:00,17.22,17.27,17.01,17.18,139813.09,2394378.06
2025-03-06 05:00:00,17.18,17.33,17.11,17.24,195780.0,3365382.4
2025-03-06 06:00:00,17.24,17.35,17.15,17.3,97222.91,1677657.61
2025-03-06 07:00:00,17.3,17.39,16.87,16.91,184813.22,3155039.91
2025-03-06 08:00:00,16.91,17.26,16.86,17.16,145101.97,2481364.71
2025-03-06 09:00:00,17.16,17.29,17.1,17.26,242178.26,4165289.74
2025-03-06 10:00:00,17.26,17.66,17.22,17.52,429778.95,7521798.23
2025-03-06 11:00:00,17.52,17.58,17.37,17.49,161418.73,2815701.96
2025-03-06 12:00:00,17.49,17.55,16.98,17.07,354722.16,6110524.54
2025-03-06 13:00:00,17.07,17.14,16.78,16.78,217623.54,3694452.57
2025-03-06 14:00:00,16.78,17.1,16.6,16.89,396506.92,6677180.35
2025-03-06 15:00:00,16.89,17.47,16.85,17.25,359244.86,6191251.21
2025-03-06 16:00:00,17.25,17.34,16.9,16.91,220400.42,3757443.43
2025-03-06 17:00:00,16.91,16.93,16.53,16.62,217635.91,3645257.57
2025-03-06 18:00:00,16.62,16.81,16.56,16.7,220489.2,3683242.73
2025-03-06 19:00:00,16.7,16.96,16.62,16.81,134403.12,2253435.0
2025-03-06 20:00:00,16.81,17.03,16.78,16.91,137837.39,2334606.17
2025-03-06 21:00:00,16.91,17.04,16.8,16.87,113540.07,1920160.72
2025-03-06 22:00:00,16.87,17.29,16.83,17.09,229992.07,3932392.13
2025-03-06 23:00:00,17.09,17.23,17.0,17.05,100502.47,1720232.55
2025-03-07 00:00:00,17.05,17.22,15.88,15.93,628660.36,10290895.13
2025-03-07 01:00:00,15.93,16.66,15.86,16.51,285376.25,4649495.1
2025-03-07 02:00:00,16.51,16.52,16.25,16.4,123845.71,2033017.01
2025-03-07 03:00:00,16.4,16.51,16.17,16.17,164837.58,2693902.9
2025-03-07 04:00:00,16.17,16.44,16.16,16.28,91865.44,1497279.43
2025-03-07 05:00:00,16.28,16.72,16.27,16.58,126767.79,2101160.86
2025-03-07 06:00:00,16.58,16.76,16.43,16.69,64384.55,1065752.66
2025-03-07 07:00:00,16.69,17.19,16.67,17.19,193449.48,3272887.37
2025-03-07 08:00:00,17.19,17.29,16.8,16.9,125134.19,2128795.39
2025-03-07 09:00:00,16.9,17.2,16.88,17.06,310384.52,5308808.2
2025-03-07 10:00:00,17.06,17.22,16.97,17.19,142911.45,2441458.64
2025-03-07 11:00:00,17.19,17.37,17.11,17.14,114966.68,1984094.79
2025-03-07 12:00:00,17.14,17.2,16.81,16.91,205572.22,3496893.08
2025-03-07 13:00:00,16.91,17.52,16.89,17.03,345671.5,5934927.67
2025-03-07 14:00:00,17.03,17.47,16.86,17.25,324619.84,5570042.66
2025-03-07 15:00:00,17.25,17.41,16.78,16.93,341355.47,5816558.85
2025-03-07 16:00:00,16.93,16.95,16.12,16.29,519837.53,8551747.12
2025-03-07 17:00:00,16.29,16.74,16.2,16.47,218351.67,3585617.82
2025-03-07 18:00:00,16.47,16.94,16.42,16.91,198251.21,3302341.71
2025-03-07 19:00:00,16.91,17.39,16.52,16.63,245718.52,4149949.26
2025-03-07 20:00:00,16.63,16.77,16.36,16.45,247421.58,4104306.0
2025-03-07 21:00:00,16.45,16.48,15.99,16.13,373956.08,6042877.47
2025-03-07 22:00:00,16.13,16.14,15.83,15.98,204867.99,3268475.23
2025-03-07 23:00:00,15.98,16.0,15.73,15.93,140090.08,2225285.02
2025-03-08 00:00:00,15.93,16.03,15.8,15.98,168294.59,2678902.87
2025-03-08 01:00:00,15.98,16.02,15.52,15.58,202938.8,3182603.05
2025-03-08 02:00:00,15.58,15.69,15.53,15.65,85497.73,1334689.92
2025-03-08 03:00:00,15.65,15.73,15.44,15.69,110412.33,1719702.68
2025-03-08 04:00:00,15.69,15.86,15.58,15.85,75285.54,1184437.48
2025-03-08 05:00:00,15.85,15.85,15.67,15.7,53951.03,849995.74
2025-03-08 06:00:00,15.7,15.78,15.63,15.69,30869.85,484890.66
2025-03-08 07:00:00,15.69,15.77,15.52,15.55,48879.29,764374.01
2025-03-08 08:00:00,15.55,15.57,15.37,15.39,107550.3,1662344.24
2025-03-08 09:00:00,15.39,15.52,15.25,15.3,132410.77,2033813.86
2025-03-08 10:00:00,15.3,15.56,15.3,15.48,93593.65,1444336.29
2025-03-08 11:00:00,15.48,15.48,15.25,15.33,57646.36,885524.02
2025-03-08 12:00:00,15.33,15.44,15.17,15.39,120085.91,1839897.67
2025-03-08 13:00:00,15.39,15.57,15.38,15.5,98801.08,1527184.3
2025-03-08 14:00:00,15.5,15.58,15.33,15.35,61852.49,955397.62
2025-03-08 15:00:00,15.35,15.41,15.26,15.31,49694.5,762122.84
2025-03-08 16:00:00,15.31,15.35,15.11,15.3,115849.31,1762147.8
2025-03-08 17:00:00,15.3,15.44,15.2,15.32,100828.69,1543616.29
2025-03-08 18:00:00,15.32,15.45,15.28,15.43,43171.06,662637.05
2025-03-08 19:00:00,15.43,15.57,15.38,15.54,76868.3,1190652.46
2025-03-08 20:00:00,15.54,15.56,15.41,15.42,66035.3,1022560.69
2025-03-08 21:00:00,15.42,15.54,15.39,15.4,36936.1,571157.59
2025-03-08 22:00:00,15.4,15.43,15.25,15.37,50406.25,773769.84
2025-03-08 23:00:00,15.37,15.37,15.19,15.25,58066.83,885480.88
2025-03-09 00:00:00,15.25,15.33,15.2,15.24,45625.0,696564.99
2025-03-09 01:00:00,15.24,15.3,15.11,15.15,90041.46,1369030.83
2025-03-09 02:00:00,15.15,15.19,15.03,15.05,83303.62,1258331.93
2025-03-09 03:00:00,15.05,15.36,15.02,15.27,105179.55,1601828.32
2025-03-09 04:00:00,15.27,15.35,15.21,15.29,46580.28,710283.88
2025-03-09 05:00:00,15.29,15.35,15.19,15.2,23444.11,358298.61
2025-03-09 06:00:00,15.2,15.21,15.09,15.13,71613.37,1084946.51
2025-03-09 07:00:00,15.13,15.26,15.1,15.13,28174.6,427651.1
2025-03-09 08:00:00,15.13,15.13,14.99,15.01,43026.96,647885.8
2025-03-09 09:00:00,15.01,15.08,14.94,14.94,40336.52,605306.1
2025-03-09 10:00:00,14.94,14.99,14.65,14.69,151563.15,2248202.34
2025-03-09 11:00:00,14.69,14.75,14.64,14.69,81105.11,1190994.72
2025-03-09 12:00:00,14.69,14.7,14.56,14.65,139198.64,2035584.76
2025-03-09 13:00:00,14.65,14.7,14.39,14.39,157677.76,2296423.86
2025-03-09 14:00:00,14.39,14.5,14.25,14.33,205251.6,2951044.86
2025-03-09 15:00:00,14.33,14.47,14.25,14.3,134000.29,1929043.28
2025-03-09 16:00:00,14.3,14.36,13.97,13.98,314040.03,4433479.66
2025-03-09 17:00:00,13.98,14.04,13.7,13.73,338911.77,4707656.19
2025-03-09 18:00:00,13.73,13.96,13.65,13.8,195632.29,2696784.6
2025-03-09 19:00:00,13.8,14.02,13.77,13.99,127151.22,1765261.02
2025-03-09 20:00:00,13.99,14.13,13.93,13.97,107922.6,1513487.89
2025-03-09 21:00:00,13.97,13.99,13.69,13.73,118320.95,1632962.5
2025-03-09 22:00:00,13.73,13.82,13.67,13.73,152007.02,2086329.13
2025-03-09 23:00:00,13.73,13.88,13.61,13.8,180578.81,2481370.93
2025-03-10 00:00:00,13.8,14.09,13.66,13.99,213936.67,2966621.11
2025-03-10 01:00:00,13.99,14.13,13.91,13.94,170820.19,2389880.98
2025-03-10 02:00:00,13.94,14.16,13.88,14.13,156956.15,2207390.32
2025-03-10 03:00:00,14.13,14.23,14.02,14.14,98710.53,1392836.52
2025-03-10 04:00:00,14.14,14.33,14.1,14.25,132431.05,1886027.86
2025-03-10 05:00:00,14.25,14.27,14.1,14.12,105500.73,1495287.63
2025-03-10 06:00:00,14.12,14.12,14.0,14.07,86610.34,1217876.17
2025-03-10 07:00:00,14.07,14.18,13.99,14.09,67332.29,946857.1
2025-03-10 08:00:00,14.09,14.1,13.83,13.84,101326.61,1412462.43
2025-03-10 09:00:00,13.84,14.55,13.84,14.13,221894.15,3169586.34
2025-03-10 10:00:00,14.13,14.19,13.93,14.07,62193.98,874227.7
2025-03-10 11:00:00,14.07,14.32,14.01,14.26,91114.29,1289227.6
2025-03-10 12:00:00,14.26,14.35,14.06,14.16,165118.74,2342788.58
2025-03-10 13:00:00,14.16,14.17,13.7,13.75,206115.33,2863048.76
2025-03-10 14:00:00,13.75,13.75,13.25,13.38,386739.15,5201903.99
2025-03-10 15:00:00,13.38,13.65,13.32,13.48,281144.92,3790461.98
2025-03-10 16:00:00,13.48,13.54,13.19,13.25,198078.02,2633926.37
2025-03-10 17:00:00,13.25,13.29,12.82,12.88,393451.89,5121485.34
2025-03-10 18:00:00,12.88,13.07,12.45,12.46,445392.65,5683732.68
2025-03-10 19:00:00,12.46,12.97,12.42,12.8,424265.44,5398272.71
2025-03-10 20:00:00,12.8,12.84,12.58,12.77,154246.97,1962747.4
2025-03-10 21:00:00,12.77,13.0,12.66,12.87,106059.47,1361934.83
2025-03-10 22:00:00,12.87,12.89,12.67,12.77,130057.82,1659273.9
2025-03-10 23:00:00,12.77,12.88,12.62,12.65,183118.98,2333368.1
2025-03-11 00:00:00,12.65,12.82,11.85,12.14,607027.42,7440735.96
2025-03-11 01:00:00,12.14,12.56,11.86,12.56,474335.49,5774219.35
2025-03-11 02:00:00,12.56,12.64,12.46,12.56,216909.89,2722802.24
2025-03-11 03:00:00,12.56,12.66,12.42,12.43,134980.09,1692725.41
2025-03-11 04:00:00,12.43,12.66,12.4,12.53,151522.92,1894266.46
2025-03-11 05:00:00,12.53,12.86,12.51,12.83,136173.51,1731980.0
2025-03-11 06:00:00,12.83,12.95,12.67,12.68,93845.72,1202645.58
2025-03-11 07:00:00,12.68,12.94,12.63,12.72,136846.96,1748331.96
2025-03-11 08:00:00,12.72,12.93,12.65,12.83,177525.29,2271622.23
2025-03-11 09:00:00,12.83,13.16,12.83,12.94,208079.1,2709292.36
2025-03-11 10:00:00,12.94,13.12,12.9,13.07,106284.85,1386638.86
2025-03-11 11:00:00,13.07,13.18,12.94,13.04,168777.73,2203300.42
2025-03-11 12:00:00,13.04,13.05,12.77,12.79,144525.75,1862169.42
2025-03-11 13:00:00,12.79,13.2,12.62,12.87,343279.0,4434173.38
2025-03-11 14:00:00,12.87,12.96,12.36,12.52,402333.68,5083059.93
2025-03-11 15:00:00,12.52,13.08,12.49,12.99,349954.26,4490633.7
2025-03-11 16:00:00,12.99,13.18,12.84,13.03,312077.91,4070549.53
2025-03-11 17:00:00,13.03,13.11,12.79,12.9,158122.25,2049043.08
2025-03-11 18:00:00,12.9,13.61,12.9,13.52,321599.33,4302946.48
2025-03-11 19:00:00,13.52,13.65,13.47,13.6,212235.17,2876426.2
2025-03-11 20:00:00,13.6,13.64,13.35,13.36,131565.31,1773829.36
2025-03-11 21:00:00,13.36,13.49,13.35,13.38,80458.99,1080207.17
2025-03-11 22:00:00,13.38,13.49,13.32,13.37,141498.11,1896416.09
2025-03-11 23:00:00,13.37,13.38,13.08,13.13,145294.64,1918354.89
2025-03-12 00:00:00,13.13,13.22,13.02,13.08,148530.77,1948685.52
2025-03-12 01:00:00,13.08,13.48,13.06,13.33,146039.3,1937785.44
2025-03-12 02:00:00,13.33,13.34,13.02,13.05,126315.22,1664400.12
2025-03-12 03:00:00,13.05,13.12,12.82,12.84,105388.09,1367933.94
2025-03-12 04:00:00,12.84,12.85,12.65,12.81,215152.79,2740766.31
2025-03-12 05:00:00,12.81,12.98,12.79,12.95,74402.65,957485.35
2025-03-12 06:00:00,12.95,12.96,12.75,12.86,50261.57,646086.16
2025-03-12 07:00:00,12.86,13.15,12.84,13.08,153606.43,2005419.59
2025-03-12 08:00:00,13.08,13.35,13.0,13.25,125436.48,1650987.48
2025-03-12 09:00:00,13.25,13.4,13.02,13.13,149504.13,1967062.42
2025-03-12 10:00:00,13.13,13.19,13.02,13.18,69328.21,908191.17
2025-03-12 11:00:00,13.18,13.42,13.18,13.37,175818.06,2340925.78
2025-03-12 12:00:00,13.37,13.81,13.34,13.73,451088.42,6170591.2
2025-03-12 13:00:00,13.73,13.74,13.18,13.26,256076.1,3441207.53
2025-03-12 14:00:00,13.26,13.34,12.98,12.99,255695.67,3364054.57
2025-03-12 15:00:00,12.99,13.09,12.77,13.07,226492.32,2927064.8
2025-03-12 16:00:00,13.07,13.25,13.04,13.13,167391.31,2201140.77
2025-03-12 17:00:00,13.13,13.37,13.05,13.07,145022.22,1921716.85
2025-03-12 18:00:00,13.07,13.3,13.03,13.19,120406.78,1585667.15
2025-03-12 19:00:00,13.19,13.34,13.13,13.28,88128.69,1168237.69
2025-03-12 20:00:00,13.28,13.41,13.2,13.37,100743.33,1342884.43
2025-03-12 21:00:00,13.37,13.52,13.33,13.36,139484.55,1871160.05
2025-03-12 22:00:00,13.36,13.52,13.36,13.46,100635.49,1353277.65
2025-03-12 23:00:00,13.46,13.51,13.38,13.48,70060.7,941511.16
2025-03-13 00:00:00,13.48,13.53,13.37,13.39,135041.51,1815438.55
2025-03-13 01:00:00,13.39,13.46,13.22,13.39,172124.2,2294687.82
2025-03-13 02:00:00,13.39,13.52,13.31,13.31,86215.56,1157030.35
2025-03-13 03:00:00,13.31,13.45,13.27,13.29,104309.78,1390947.37
2025-03-13 04:00:00,13.29,13.33,13.12,13.17,109532.66,1447679.93
2025-03-13 05:00:00,13.17,13.29,13.13,13.14,91589.45,1207826.94
2025-03-13 06:00:00,13.14,13.2,13.05,13.14,102572.37,1346664.15
2025-03-13 07:00:00,13.14,13.26,13.1,13.14,280495.48,3691099.21
2025-03-13 08:00:00,13.14,13.21,12.98,13.17,69961.82,916365.55
2025-03-13 09:00:00,13.17,13.44,13.17,13.41,109587.34,1460640.8
2025-03-13 10:00:00,13.41,13.49,13.28,13.42,80094.52,1072299.32
2025-03-13 11:00:00,13.42,13.44,13.29,13.44,87498.33,1170117.4
2025-03-13 12:00:00,13.44,13.57,13.18,13.24,172488.64,2299526.33
2025-03-13 13:00:00,13.24,13.4,12.97,13.03,239683.94,3163864.57
2025-03-13 14:00:00,13.03,13.25,12.99,13.15,215789.23,2834261.34
2025-03-13 15:00:00,13.15,13.2,12.97,13.02,143465.18,1872287.05
2025-03-13 16:00:00,13.02,13.05,12.76,12.9,201602.04,2595783.55
2025-03-13 17:00:00,12.9,12.93,12.71,12.74,130464.65,1674773.13
2025-03-13 18:00:00,12.74,13.0,12.73,12.92,87326.12,1125967.1
2025-03-13 19:00:00,12.92,12.97,12.77,12.82,130131.85,1673197.17
2025-03-13 20:00:00,12.82,12.92,12.74,12.76,105472.71,1352990.33
2025-03-13 21:00:00,12.76,12.86,12.73,12.85,78224.57,1001194.12
2025-03-13 22:00:00,12.85,13.13,12.84,13.12,76313.53,990729.82
2025-03-13 23:00:00,13.12,13.2,13.01,13.03,117947.89,1545687.96
2025-03-14 00:00:00,13.03,13.18,12.99,13.13,68835.91,900167.88
2025-03-14 01:00:00,13.13,13.24,13.07,13.17,51573.01,678419.08
2025-03-14 02:00:00,13.17,13.35,13.16,13.34,80940.19,1073673.06
2025-03-14 03:00:00,13.34,13.34,13.23,13.26,55160.81,732435.73
2025-03-14 04:00:00,13.26,13.38,13.26,13.33,61111.3,814398.46
2025-03-14 05:00:00,13.33,13.4,13.27,13.35,47685.3,635817.21
2025-03-14 06:00:00,13.35,13.35,13.24,13.29,80039.01,1063723.87
2025-03-14 07:00:00,13.29,13.44,13.26,13.35,97922.66,1309608.68
2025-03-14 08:00:00,13.35,14.41,13.31,13.84,1287029.53,17864975.67
2025-03-14 09:00:00,13.84,14.07,13.65,14.0,696350.39,9694810.88
2025-03-14 10:00:00,14.0,14.06,13.77,13.95,377532.02,5261873.41
2025-03-14 11:00:00,13.95,14.11,13.95,14.1,174535.86,2454777.32
2025-03-14 12:00:00,14.1,14.19,13.95,14.1,200699.15,2825585.2
2025-03-14 13:00:00,14.1,14.28,14.06,14.19,257789.12,3651562.33
2025-03-14 14:00:00,14.19,14.35,14.02,14.3,308299.38,4375674.27
2025-03-14 15:00:00,14.3,14.68,14.3,14.37,445083.14,6448775.67
2025-03-14 16:00:00,14.37,14.55,14.28,14.52,194703.58,2807428.72
2025-03-14 17:00:00,14.52,14.54,14.37,14.53,160098.1,2315149.1
2025-03-14 18:00:00,14.53,14.6,14.42,14.55,95587.16,1387829.58
2025-03-14 19:00:00,14.55,14.68,13.92,13.94,460205.74,6563513.21
2025-03-14 20:00:00,13.94,13.94,13.61,13.82,505645.55,6956488.76
2025-03-14 21:00:00,13.82,13.88,13.73,13.81,153485.96,2119687.94
2025-03-14 22:00:00,13.81,13.96,13.77,13.93,123899.65,1717740.08
2025-03-14 23:00:00,13.93,13.93,13.65,13.66,177662.3,2449465.65
2025-03-15 00:00:00,13.66,13.86,13.64,13.84,88210.87,1214244.88
2025-03-15 01:00:00,13.84,13.86,13.69,13.78,87490.84,1205936.64
2025-03-15 02:00:00,13.78,13.84,13.68,13.81,60761.5,835237.88
2025-03-15 03:00:00,13.81,14.08,13.8,14.01,140658.38,1963760.79
2025-03-15 04:00:00,14.01,14.23,13.97,14.21,97701.58,1377645.49
2025-03-15 05:00:00,14.21,14.25,13.97,13.97,136202.75,1917300.37
2025-03-15 06:00:00,13.97,13.99,13.83,13.85,73799.16,1026337.13
2025-03-15 07:00:00,13.85,13.89,13.72,13.8,57831.67,797708.98
2025-03-15 08:00:00,13.8,13.91,13.76,13.9,58107.77,804267.64
2025-03-15 09:00:00,13.9,13.96,13.81,13.96,33589.7,466448.79
2025-03-15 10:00:00,13.96,13.96,13.84,13.91,38374.79,533755.11
2025-03-15 11:00:00,13.91,14.1,13.87,14.05,90963.02,1271860.29
2025-03-15 12:00:00,14.05,14.11,13.98,13.99,58567.19,821812.35
2025-03-15 13:00:00,13.99,14.08,13.98,14.05,65890.78,924942.46
2025-03-15 14:00:00,14.05,14.07,13.91,14.01,66649.98,932425.22
2025-03-15 15:00:00,14.01,14.13,14.01,14.04,92082.82,1295990.18
2025-03-15 16:00:00,14.04,14.1,13.96,14.02,66931.51,939145.04
2025-03-15 17:00:00,14.02,14.14,14.0,14.13,55411.43,780628.99
2025-03-15 18:00:00,14.13,14.16,14.01,14.03,71644.88,1010109.83
2025-03-15 19:00:00,14.03,14.07,13.98,14.06,44989.01,631218.87
2025-03-15 20:00:00,14.06,14.16,14.06,14.12,87820.01,1240181.43
2025-03-15 21:00:00,14.12,14.15,14.07,14.12,52817.45,745927.47
2025-03-15 22:00:00,14.12,14.16,14.03,14.07,63448.78,894677.59
2025-03-15 23:00:00,14.07,14.1,14.0,14.02,54923.54,771599.33
2025-03-16 00:00:00,14.02,14.04,13.93,13.95,47317.03,661576.73
2025-03-16 01:00:00,13.95,13.97,13.83,13.84,86519.31,1201338.37
2025-03-16 02:00:00,13.84,13.93,13.78,13.86,81975.8,1135144.16
2025-03-16 03:00:00,13.86,14.0,13.85,13.98,66546.13,928385.43
2025-03-16 04:00:00,13.98,14.08,13.97,14.07,37156.89,521333.16
2025-03-16 05:00:00,14.07,14.13,14.05,14.1,66722.23,940160.33
2025-03-16 06:00:00,14.1,14.16,14.07,14.07,59249.21,835706.12
2025-03-16 07:00:00,14.07,14.18,14.02,14.15,47702.36,672365.3
2025-03-16 08:00:00,14.15,14.18,14.08,14.16,54223.03,766112.69
2025-03-16 09:00:00,14.16,14.18,13.92,13.99,78574.88,1101458.93
2025-03-16 10:00:00,13.99,14.05,13.88,13.9,56305.14,785101.01
2025-03-16 11:00:00,13.9,13.9,13.49,13.53,313549.31,4281810.45
2025-03-16 12:00:00,13.53,13.66,13.52,13.54,84883.42,1151877.93
2025-03-16 13:00:00,13.54,13.64,13.33,13.36,146742.22,1976645.8
2025-03-16 14:00:00,13.36,13.55,13.35,13.55,98273.59,1319430.37
2025-03-16 15:00:00,13.55,13.58,13.41,13.48,54496.23,734765.99
2025-03-16 16:00:00,13.48,13.8,13.45,13.66,122113.62,1671293.52
2025-03-16 17:00:00,13.66,13.76,13.58,13.68,54019.78,738374.27
2025-03-16 18:00:00,13.68,13.69,13.54,13.56,43577.42,593635.63
2025-03-16 19:00:00,13.56,13.58,13.38,13.41,72519.8,975469.39
2025-03-16 20:00:00,13.41,13.51,13.4,13.5,34345.9,462332.4
2025-03-16 21:00:00,13.5,13.5,13.37,13.42,37176.68,499422.02
2025-03-16 22:00:00,13.42,13.45,13.25,13.26,78074.96,1041367.84
2025-03-16 23:00:00,13.26,13.38,13.21,13.37,48686.13,648218.99
2025-03-17 00:00:00,13.37,13.63,13.34,13.6,55641.43,749638.6
2025-03-17 01:00:00,13.6,13.71,13.55,13.64,61057.94,833021.2
2025-03-17 02:00:00,13.64,13.76,13.62,13.65,51918.07,710102.62
2025-03-17 03:00:00,13.65,13.72,13.64,13.7,27398.92,374809.64
2025-03-17 04:00:00,13.7,13.77,13.69,13.74,40474.59,555421.02
2025-03-17 05:00:00,13.74,13.83,13.62,13.62,46936.45,644450.97
2025-03-17 06:00:00,13.62,13.68,13.49,13.63,36825.14,500591.32
2025-03-17 07:00:00,13.63,13.8,13.62,13.78,48361.34,663831.02
2025-03-17 08:00:00,13.78,13.81,13.67,13.78,75821.2,1043977.48
2025-03-17 09:00:00,13.78,13.86,13.74,13.84,41379.2,571269.01
2025-03-17 10:00:00,13.84,13.86,13.76,13.8,40054.49,552782.74
2025-03-17 11:00:00,13.8,13.89,13.71,13.8,82711.07,1140868.22
2025-03-17 12:00:00,13.8,13.94,13.69,13.69,178248.91,2460816.83
2025-03-17 13:00:00,13.69,13.79,13.6,13.66,115488.08,1579306.17
2025-03-17 14:00:00,13.66,13.77,13.55,13.66,145086.47,1982044.46
2025-03-17 15:00:00,13.66,13.81,13.59,13.76,88102.35,1208694.79
2025-03-17 16:00:00,13.76,13.85,13.65,13.72,99117.96,1363986.74
2025-03-17 17:00:00,13.72,14.0,13.69,13.94,158317.93,2202010.45
2025-03-17 18:00:00,13.94,14.12,13.92,14.11,156358.48,2186831.17
2025-03-17 19:00:00,14.11,14.21,14.1,14.12,107268.08,1519148.99
2025-03-17 20:00:00,14.12,14.24,14.07,14.1,95585.61,1352945.23
2025-03-17 21:00:00,14.1,14.19,14.08,14.13,44438.7,627885.73
2025-03-17 22:00:00,14.13,14.16,14.04,14.09,79334.69,1119210.33
2025-03-17 23:00:00,14.09,14.09,13.97,14.02,60572.71,849704.55
2025-03-18 00:00:00,14.02,14.1,13.93,14.01,73332.14,1027700.1
2025-03-18 01:00:00,14.01,14.06,13.74,13.78,132294.61,1836845.06
2025-03-18 02:00:00,13.78,13.94,13.77,13.89,57154.07,793069.3
2025-03-18 03:00:00,13.89,13.91,13.76,13.83,67090.46,927896.31
2025-03-18 04:00:00,13.83,13.93,13.8,13.9,58343.73,809281.7
2025-03-18 05:00:00,13.9,14.07,13.9,14.07,95751.39,1340197.35
2025-03-18 06:00:00,14.07,14.1,13.86,13.98,132225.19,1845362.8
2025-03-18 07:00:00,13.98,14.21,13.94,14.14,178512.86,2527126.76
2025-03-18 08:00:00,14.14,14.27,14.06,14.14,145967.99,2067383.75
2025-03-18 09:00:00,14.14,14.23,14.05,14.07,177672.33,2516835.66
2025-03-18 10:00:00,14.07,14.1,13.86,13.92,111352.52,1554434.98
2025-03-18 11:00:00,13.92,13.94,13.66,13.71,336990.38,4648842.31
2025-03-18 12:00:00,13.71,13.83,13.68,13.74,200974.81,2765692.81
2025-03-18 13:00:00,13.74,13.84,13.54,13.58,154248.53,2110914.93
2025-03-18 14:00:00,13.58,13.84,13.55,13.78,119984.76,1644324.35
2025-03-18 15:00:00,13.78,13.79,13.57,13.59,64284.59,879685.6
2025-03-18 16:00:00,13.59,13.69,13.5,13.62,84506.87,1148302.13
2025-03-18 17:00:00,13.62,13.66,13.47,13.51,84002.14,1137421.62
2025-03-18 18:00:00,13.51,13.62,13.45,13.56,64274.5,870023.56
2025-03-18 19:00:00,13.56,13.75,13.54,13.71,78546.93,1071840.49
2025-03-18 20:00:00,13.71,13.73,13.58,13.64,40347.72,550584.35
2025-03-18 21:00:00,13.64,13.7,13.59,13.62,41383.39,564196.53
2025-03-18 22:00:00,13.62,13.75,13.59,13.73,75629.48,1032510.07
2025-03-18 23:00:00,13.73,13.95,13.73,13.91,92317.18,1279326.81
2025-03-19 00:00:00,13.91,14.08,13.9,13.99,89241.84,1248366.11
2025-03-19 01:00:00,13.99,14.01,13.8,13.8,131811.46,1828854.66
2025-03-19 02:00:00,13.8,13.91,13.77,13.91,54726.01,756554.93
2025-03-19 03:00:00,13.91,14.0,13.86,13.99,36779.05,512418.91
2025-03-19 04:00:00,13.99,14.01,13.86,13.89,60891.53,847533.54
2025-03-19 05:00:00,13.89,14.0,13.88,13.97,51940.92,724037.66
2025-03-19 06:00:00,13.97,14.0,13.87,13.94,67970.13,945994.77
2025-03-19 07:00:00,13.94,13.99,13.84,13.85,46120.74,642081.74
2025-03-19 08:00:00,13.85,14.08,13.85,14.07,98891.12,1384797.13
2025-03-19 09:00:00,14.07,14.11,13.99,14.03,61729.05,867328.4
2025-03-19 10:00:00,14.03,14.23,14.03,14.15,202478.72,2865315.42
2025-03-19 11:00:00,14.15,14.49,14.15,14.47,159039.13,2286514.32
2025-03-19 12:00:00,14.47,14.5,14.32,14.37,127778.96,1842588.51
2025-03-19 13:00:00,14.37,14.61,14.29,14.44,372556.65,5391975.25
2025-03-19 14:00:00,14.44,14.59,14.39,14.56,222610.18,3229179.59
2025-03-19 15:00:00,14.56,14.68,14.48,14.62,133788.79,1951969.7
2025-03-19 16:00:00,14.62,14.64,14.45,14.49,170606.65,2479038.73
2025-03-19 17:00:00,14.49,14.51,14.24,14.36,175670.99,2525470.67
2025-03-19 18:00:00,14.36,14.66,14.2,14.6,454358.97,6551240.38
2025-03-19 19:00:00,14.6,14.66,14.35,14.47,260169.23,3770304.49
2025-03-19 20:00:00,14.47,14.76,14.46,14.64,315266.43,4610403.01
2025-03-19 21:00:00,14.64,14.88,14.63,14.81,237217.02,3507204.68
2025-03-19 22:00:00,14.81,14.95,14.79,14.88,119269.6,1773559.58
2025-03-19 23:00:00,14.88,15.04,14.83,15.02,138977.81,2078640.05
2025-03-20 00:00:00,15.02,15.16,14.83,14.84,265421.01,3975972.87
2025-03-20 01:00:00,14.84,14.91,14.74,14.79,90283.94,1338218.31
2025-03-20 02:00:00,14.79,14.87,14.72,14.85,73707.36,1090106.13
2025-03-20 03:00:00,14.85,14.86,14.71,14.72,38839.49,573662.47
2025-03-20 04:00:00,14.72,14.73,14.6,14.65,62019.97,908622.43
2025-03-20 05:00:00,14.65,14.67,14.59,14.67,36243.75,530197.51
2025-03-20 06:00:00,14.67,14.78,14.66,14.71,67708.25,998094.28
2025-03-20 07:00:00,14.71,14.74,14.62,14.63,45119.77,661747.21
2025-03-20 08:00:00,14.63,14.81,14.59,14.8,48573.77,714411.61
2025-03-20 09:00:00,14.8,14.8,14.61,14.64,36740.8,539459.83
2025-03-20 10:00:00,14.64,14.64,14.36,14.44,74782.75,1082150.97
2025-03-20 11:00:00,14.44,14.53,14.43,14.49,57436.07,832829.59
2025-03-20 12:00:00,14.49,14.65,14.43,14.61,126801.63,1842748.3
2025-03-20 13:00:00,14.61,14.67,14.51,14.59,50918.53,742923.49
2025-03-20 14:00:00,14.59,14.75,14.58,14.7,101656.53,1492012.88
2025-03-20 15:00:00,14.7,14.74,14.32,14.35,185355.23,2681332.11
2025-03-20 16:00:00,14.35,14.42,14.08,14.11,189532.63,2693568.63
2025-03-20 17:00:00,14.11,14.26,14.1,14.19,99923.96,1416146.84
2025-03-20 18:00:00,14.19,14.25,14.15,14.17,48847.29,694038.9
2025-03-20 19:00:00,14.17,14.21,14.11,14.17,50445.41,714895.06
2025-03-20 20:00:00,14.17,14.27,14.16,14.21,47409.21,674018.3
2025-03-20 21:00:00,14.21,14.27,14.16,14.18,37801.79,538068.48
2025-03-20 22:00:00,14.18,14.19,14.11,14.15,42752.14,605242.21
2025-03-20 23:00:00,14.15,14.22,14.1,14.22,40582.45,574773.37
2025-03-21 00:00:00,14.22,14.3,14.16,14.25,46072.99,655808.39
2025-03-21 01:00:00,14.25,14.37,14.17,14.36,117306.98,1672858.8
2025-03-21 02:00:00,14.36,14.38,14.25,14.28,35324.95,504791.28
2025-03-21 03:00:00,14.28,14.29,14.13,14.13,27072.78,383634.59
2025-03-21 04:00:00,14.13,14.26,14.13,14.22,25929.72,368148.19
2025-03-21 05:00:00,14.22,14.23,14.11,14.19,15204.45,215174.01
2025-03-21 06:00:00,14.19,14.24,14.12,14.15,30283.6,429194.45
2025-03-21 07:00:00,14.15,14.2,14.05,14.19,35237.55,497651.37
2025-03-21 08:00:00,14.19,14.27,14.07,14.14,49463.35,700264.47
2025-03-21 09:00:00,14.14,14.22,14.07,14.13,43118.3,610059.4
2025-03-21 10:00:00,14.13,14.17,13.95,14.05,87594.5,1228146.78
2025-03-21 11:00:00,14.05,14.08,13.98,14.06,49468.09,693681.07
2025-03-21 12:00:00,14.06,14.13,13.94,13.96,102171.94,1432189.64
2025-03-21 13:00:00,13.96,14.04,13.86,14.02,103434.25,1443175.04
2025-03-21 14:00:00,14.02,14.03,13.88,14.01,87943.74,1228268.26
2025-03-21 15:00:00,14.01,14.02,13.84,13.87,70245.95,976817.43
2025-03-21 16:00:00,13.87,14.0,13.82,14.0,63383.45,880478.06
2025-03-21 17:00:00,14.0,14.03,13.92,13.98,55264.51,772218.18
2025-03-21 18:00:00,13.98,14.1,13.93,14.01,94165.0,1321933.19
2025-03-21 19:00:00,14.01,14.05,13.95,13.99,47094.35,659032.55
2025-03-21 20:00:00,13.99,14.1,13.98,14.08,37601.68,528166.36
2025-03-21 21:00:00,14.08,14.17,14.06,14.08,29879.42,422101.26
2025-03-21 22:00:00,14.08,14.09,13.93,13.98,50958.11,712655.64
2025-03-21 23:00:00,13.98,14.03,13.93,13.95,31015.02,433393.15
2025-03-22 00:00:00,13.95,14.07,13.93,14.05,39441.21,552565.9
2025-03-22 01:00:00,14.05,14.13,13.99,14.0,46541.62,654793.0
2025-03-22 02:00:00,14.0,14.11,13.98,14.04,31948.73,449217.33
2025-03-22 03:00:00,14.04,14.09,14.01,14.07,23897.23,335485.1
2025-03-22 04:00:00,14.07,14.15,14.05,14.12,21826.54,308199.65
2025-03-22 05:00:00,14.12,14.13,14.05,14.09,17211.68,242542.24
2025-03-22 06:00:00,14.09,14.15,14.07,14.09,35712.75,504409.18
2025-03-22 07:00:00,14.09,14.15,14.07,14.07,16440.81,231949.16
2025-03-22 08:00:00,14.07,14.14,14.04,14.13,21048.2,296290.96
2025-03-22 09:00:00,14.13,14.29,14.13,14.22,46210.21,657814.69
2025-03-22 10:00:00,14.22,14.28,14.19,14.26,49644.86,706990.03
2025-03-22 11:00:00,14.26,14.28,14.16,14.2,52789.68,749215.13
2025-03-22 12:00:00,14.2,14.3,14.19,14.29,26582.77,378818.42
2025-03-22 13:00:00,14.29,14.34,14.2,14.25,31798.82,453631.82
2025-03-22 14:00:00,14.25,14.26,14.13,14.16,51361.72,728239.86
2025-03-22 15:00:00,14.16,14.24,14.15,14.23,22531.1,319730.62
2025-03-22 16:00:00,14.23,14.35,14.2,14.32,71362.87,1020003.78
2025-03-22 17:00:00,14.32,14.4,14.28,14.36,48628.43,697982.96
2025-03-22 18:00:00,14.36,14.47,14.36,14.4,72961.95,1052580.86
2025-03-22 19:00:00,14.4,14.49,14.4,14.46,32511.12,469625.04
2025-03-22 20:00:00,14.46,14.5,14.38,14.39,36280.25,524490.06
2025-03-22 21:00:00,14.39,14.39,14.28,14.33,60036.03,860471.13
2025-03-22 22:00:00,14.33,14.37,14.29,14.3,42653.31,611439.86
2025-03-22 23:00:00,14.3,14.31,14.15,14.25,41511.79,590047.1
2025-03-23 00:00:00,14.25,14.34,14.21,14.29,37091.43,529955.91
2025-03-23 01:00:00,14.29,14.39,14.25,14.37,35499.66,509289.99
2025-03-23 02:00:00,14.37,14.39,14.28,14.36,51745.19,742026.89
2025-03-23 03:00:00,14.36,14.46,14.29,14.46,54706.09,785265.1
2025-03-23 04:00:00,14.46,14.47,14.31,14.33,26989.55,388072.93
2025-03-23 05:00:00,14.33,14.35,14.28,14.35,26375.28,377408.95
2025-03-23 06:00:00,14.35,14.35,14.3,14.32,17172.37,246020.72
2025-03-23 07:00:00,14.32,14.37,14.29,14.29,20740.8,296991.93
2025-03-23 08:00:00,14.29,14.33,14.25,14.27,23347.32,333823.9
2025-03-23 09:00:00,14.27,14.35,14.26,14.26,50377.16,720243.02
2025-03-23 10:00:00,14.26,14.36,14.26,14.31,22630.71,324157.19
2025-03-23 11:00:00,14.31,14.48,14.31,14.38,95659.29,1381563.02
2025-03-23 12:00:00,14.38,14.43,14.33,14.35,71796.16,1032955.63
2025-03-23 13:00:00,14.35,14.47,14.29,14.45,37677.48,542950.54
2025-03-23 14:00:00,14.45,14.49,14.37,14.39,53334.37,769827.21
2025-03-23 15:00:00,14.39,14.49,14.38,14.43,35944.74,518769.24
2025-03-23 16:00:00,14.43,14.43,14.26,14.32,77706.33,1112629.95
2025-03-23 17:00:00,14.32,14.45,14.27,14.32,83619.16,1202144.99
2025-03-23 18:00:00,14.32,14.36,14.24,14.33,72719.38,1039384.09
2025-03-23 19:00:00,14.33,14.39,14.32,14.36,18559.83,266377.07
2025-03-23 20:00:00,14.36,14.4,14.3,14.3,29725.13,426958.79
2025-03-23 21:00:00,14.3,14.34,14.24,14.34,31479.76,449518.61
2025-03-23 22:00:00,14.34,14.44,14.26,14.32,65651.25,943275.37
2025-03-23 23:00:00,14.32,14.47,14.32,14.47,53039.4,764132.5
2025-03-24 00:00:00,14.47,14.62,14.4,14.49,142767.53,2074803.19
2025-03-24 01:00:00,14.49,14.5,14.16,14.18,124809.97,1787832.08
2025-03-24 02:00:00,14.18,14.36,14.16,14.35,56202.67,801303.94
2025-03-24 03:00:00,14.35,14.7,14.33,14.67,161095.42,2352840.31
2025-03-24 04:00:00,14.67,14.91,14.67,14.9,123100.6,1818932.7
2025-03-24 05:00:00,14.9,15.0,14.87,14.9,107584.07,1607141.01
2025-03-24 06:00:00,14.9,15.15,14.9,15.11,148958.94,2243800.27
2025-03-24 07:00:00,15.11,15.15,15.01,15.03,74265.11,1120322.82
2025-03-24 08:00:00,15.03,15.31,15.02,15.25,133696.31,2032908.45
2025-03-24 09:00:00,15.25,15.29,15.18,15.28,53456.75,813966.28
2025-03-24 10:00:00,15.28,15.31,15.22,15.23,64425.29,983006.57
2025-03-24 11:00:00,15.23,15.24,15.15,15.19,87502.02,1329191.49
2025-03-24 12:00:00,15.19,15.27,15.09,15.13,206419.2,3131138.94
2025-03-24 13:00:00,15.13,15.2,15.05,15.15,137416.38,2077666.87
2025-03-24 14:00:00,15.15,15.35,15.07,15.08,180702.25,2748419.16
2025-03-24 15:00:00,15.08,15.4,15.05,15.21,189749.85,2884163.38
2025-03-24 16:00:00,15.21,15.24,14.99,15.09,206997.3,3121674.55
2025-03-24 17:00:00,15.09,15.19,15.07,15.12,89611.84,1355703.07
2025-03-24 18:00:00,15.12,15.22,15.05,15.19,65966.75,998333.14
2025-03-24 19:00:00,15.19,15.29,15.13,15.16,96064.35,1460182.54
2025-03-24 20:00:00,15.16,15.26,15.15,15.2,56045.59,852730.78
2025-03-24 21:00:00,15.2,15.24,15.13,15.14,53664.59,814498.0
2025-03-24 22:00:00,15.14,15.18,15.05,15.09,58306.89,880167.54
2025-03-24 23:00:00,15.09,15.14,15.0,15.13,42163.39,634456.07
2025-03-25 00:00:00,15.13,15.24,15.04,15.24,71068.75,1078014.68
2025-03-25 01:00:00,15.24,15.24,14.99,15.08,78506.72,1184669.9
2025-03-25 02:00:00,15.08,15.14,14.99,15.08,56965.49,858092.01
2025-03-25 03:00:00,15.08,15.14,14.87,14.91,128156.49,1916373.53
2025-03-25 04:00:00,14.91,15.05,14.87,15.05,44894.45,672062.67
2025-03-25 05:00:00,15.05,15.15,15.01,15.12,48455.48,729961.85
2025-03-25 06:00:00,15.12,15.19,15.11,15.15,48390.25,733161.45
2025-03-25 07:00:00,15.15,15.25,15.13,15.2,64477.39,980076.96
2025-03-25 08:00:00,15.2,15.34,15.2,15.31,85821.69,1312515.3
2025-03-25 09:00:00,15.31,15.43,15.24,15.36,59624.76,914957.48
2025-03-25 10:00:00,15.36,15.48,15.29,15.4,76427.65,1176559.57
2025-03-25 11:00:00,15.4,15.49,15.36,15.44,101921.62,1572166.39
2025-03-25 12:00:00,15.44,15.49,15.35,15.37,84623.97,1305312.54
2025-03-25 13:00:00,15.37,15.59,15.31,15.37,112866.78,1744944.61
2025-03-25 14:00:00,15.37,15.53,15.28,15.45,115675.53,1784108.22
2025-03-25 15:00:00,15.45,15.51,15.31,15.34,73324.31,1129439.52
2025-03-25 16:00:00,15.34,15.42,15.29,15.37,98004.74,1504708.78
2025-03-25 17:00:00,15.37,15.49,15.35,15.47,61952.01,956147.94
2025-03-25 18:00:00,15.47,15.51,15.37,15.44,81467.14,1257706.73
2025-03-25 19:00:00,15.44,15.51,15.4,15.46,59611.06,921212.12
2025-03-25 20:00:00,15.46,15.61,15.43,15.43,196602.6,3055899.24
2025-03-25 21:00:00,15.43,15.63,15.43,15.44,114757.6,1781473.59
2025-03-25 22:00:00,15.44,15.5,15.34,15.44,61820.77,954369.27
2025-03-25 23:00:00,15.44,15.47,15.35,15.44,36712.94,565220.19
2025-03-26 00:00:00,15.44,15.62,15.37,15.52,73315.37,1135241.27
2025-03-26 01:00:00,15.52,15.57,15.46,15.51,66457.13,1030917.51
2025-03-26 02:00:00,15.51,15.51,15.3,15.32,77590.39,1194341.66
2025-03-26 03:00:00,15.32,15.36,15.25,15.31,63141.12,966729.32
2025-03-26 04:00:00,15.31,15.55,15.31,15.51,60322.89,931232.07
2025-03-26 05:00:00,15.51,15.7,15.45,15.6,83743.9,1306517.9
2025-03-26 06:00:00,15.6,15.77,15.59,15.76,78794.09,1234421.75
2025-03-26 07:00:00,15.76,15.94,15.71,15.91,172518.34,2732618.0
2025-03-26 08:00:00,15.91,15.97,15.81,15.85,109538.55,1739886.23
2025-03-26 09:00:00,15.85,15.94,15.79,15.88,53045.03,840806.73
2025-03-26 10:00:00,15.88,15.98,15.85,15.96,64263.47,1023400.98
2025-03-26 11:00:00,15.96,16.0,15.87,15.87,74940.94,1195084.67
2025-03-26 12:00:00,15.87,15.88,15.73,15.85,100475.37,1587070.93
2025-03-26 13:00:00,15.85,15.85,15.51,15.52,155259.25,2439756.09
2025-03-26 14:00:00,15.52,15.64,15.22,15.34,316880.32,4883728.35
2025-03-26 15:00:00,15.34,15.44,15.26,15.3,141559.56,2169887.66
2025-03-26 16:00:00,15.3,15.47,15.24,15.35,64209.7,984565.67
2025-03-26 17:00:00,15.35,15.38,15.16,15.2,114300.06,1742402.66
2025-03-26 18:00:00,15.2,15.3,15.07,15.1,98437.37,1495736.6
2025-03-26 19:00:00,15.1,15.22,14.94,15.16,135765.25,2047083.01
2025-03-26 20:00:00,15.16,15.31,15.14,15.24,63961.54,973861.48
2025-03-26 21:00:00,15.24,15.26,15.03,15.21,74891.79,1134755.16
2025-03-26 22:00:00,15.21,15.21,15.04,15.16,79520.16,1203059.72
2025-03-26 23:00:00,15.16,15.28,15.11,15.25,79191.04,1204077.91
2025-03-27 00:00:00,15.25,15.36,15.17,15.36,68113.78,1041044.26
2025-03-27 01:00:00,15.36,15.47,15.34,15.45,100898.48,1555719.03
2025-03-27 02:00:00,15.45,15.77,15.45,15.75,158016.45,2470563.97
2025-03-27 03:00:00,15.75,15.79,15.65,15.72,100519.81,1579490.33
2025-03-27 04:00:00,15.72,15.74,15.59,15.65,69488.42,1085924.17
2025-03-27 05:00:00,15.65,15.67,15.52,15.54,102018.25,1589785.8
2025-03-27 06:00:00,15.54,15.69,15.53,15.67,60846.13,951099.24
2025-03-27 07:00:00,15.67,15.74,15.58,15.64,77428.23,1212235.24
2025-03-27 08:00:00,15.64,15.7,15.56,15.64,88243.23,1379520.84
2025-03-27 09:00:00,15.64,15.67,15.57,15.62,100689.0,1572775.93
2025-03-27 10:00:00,15.62,15.74,15.62,15.63,92184.77,1443420.02
2025-03-27 11:00:00,15.63,15.7,15.49,15.51,149079.44,2322881.34
2025-03-27 12:00:00,15.51,15.62,15.42,15.56,162716.64,2525629.48
2025-03-27 13:00:00,15.56,15.62,15.26,15.46,162383.35,2499964.4
2025-03-27 14:00:00,15.46,15.77,15.41,15.75,176255.63,2755508.01
2025-03-27 15:00:00,15.75,15.79,15.54,15.56,133531.64,2091477.61
2025-03-27 16:00:00,15.56,15.62,15.37,15.37,101538.38,1574570.22
2025-03-27 17:00:00,15.37,15.45,15.3,15.33,104779.81,1611974.08
2025-03-27 18:00:00,15.33,15.56,15.32,15.51,115419.48,1784563.2
2025-03-27 19:00:00,15.51,15.58,15.47,15.48,111279.31,1728346.27
2025-03-27 20:00:00,15.48,15.56,15.4,15.54,89474.68,1385347.92
2025-03-27 21:00:00,15.54,15.68,15.51,15.65,58394.73,911234.98
2025-03-27 22:00:00,15.65,15.67,15.53,15.53,63778.14,993794.82
2025-03-27 23:00:00,15.53,15.56,15.46,15.52,62015.32,961593.11
2025-03-28 00:00:00,15.52,15.53,15.35,15.51,85970.4,1328956.33
2025-03-28 01:00:00,15.51,15.58,15.37,15.45,95281.03,1475420.3
2025-03-28 02:00:00,15.45,15.58,15.37,15.39,94376.39,1459193.67
2025-03-28 03:00:00,15.39,15.4,15.25,15.34,98842.77,1512027.26
2025-03-28 04:00:00,15.34,15.39,14.8,14.89,272867.91,4104555.54
2025-03-28 05:00:00,14.89,14.89,14.63,14.68,130724.19,1924476.81
2025-03-28 06:00:00,14.68,14.79,14.56,14.57,173137.47,2546485.6
2025-03-28 07:00:00,14.57,14.62,14.42,14.48,201151.36,2924351.13
2025-03-28 08:00:00,14.48,14.51,14.34,14.37,213174.85,3072526.09
2025-03-28 09:00:00,14.37,14.43,14.28,14.29,171216.24,2455542.79
2025-03-28 10:00:00,14.29,14.34,14.22,14.24,84946.28,1211947.93
2025-03-28 11:00:00,14.24,14.38,14.2,14.37,131976.81,1885279.05
2025-03-28 12:00:00,14.37,14.44,14.22,14.23,110018.21,1574718.79
2025-03-28 13:00:00,14.23,14.42,14.22,14.25,119633.29,1715402.35
2025-03-28 14:00:00,14.25,14.32,14.18,14.26,131007.33,1866761.65
2025-03-28 15:00:00,14.26,14.28,14.14,14.16,108249.0,1538558.52
2025-03-28 16:00:00,14.16,14.21,13.99,14.04,154562.29,2179862.66
2025-03-28 17:00:00,14.04,14.15,14.02,14.13,88302.08,1243200.57
2025-03-28 18:00:00,14.13,14.15,14.03,14.1,58808.88,828802.02
2025-03-28 19:00:00,14.1,14.16,14.03,14.06,45960.49,647668.74
2025-03-28 20:00:00,14.06,14.21,13.98,14.05,180229.56,2539382.21
2025-03-28 21:00:00,14.05,14.2,14.02,14.16,80485.47,1134009.2
2025-03-28 22:00:00,14.16,14.32,14.16,14.32,51458.48,732804.13
2025-03-28 23:00:00,14.32,14.32,14.21,14.25,36194.91,516245.71
2025-03-29 00:00:00,14.25,14.4,14.25,14.26,85517.38,1225215.55
2025-03-29 01:00:00,14.26,14.3,14.21,14.27,66101.08,941944.41
2025-03-29 02:00:00,14.27,14.32,14.14,14.14,40517.24,577235.25
2025-03-29 03:00:00,14.14,14.29,14.05,14.24,55234.91,781971.92
2025-03-29 04:00:00,14.24,14.28,14.12,14.16,36345.55,515580.7
2025-03-29 05:00:00,14.16,14.16,14.03,14.06,36821.34,518883.94
2025-03-29 06:00:00,14.06,14.07,13.91,14.01,84163.34,1177332.86
2025-03-29 07:00:00,14.01,14.02,13.85,13.9,82610.57,1151401.37
2025-03-29 08:00:00,13.9,14.02,13.89,13.96,99217.19,1384502.1
2025-03-29 09:00:00,13.96,13.96,13.72,13.85,113291.42,1566456.51
2025-03-29 10:00:00,13.85,13.89,13.76,13.77,87799.22,1213008.69
2025-03-29 11:00:00,13.77,13.79,13.54,13.64,220982.8,3019405.79
2025-03-29 12:00:00,13.64,13.73,13.6,13.7,66875.49,914292.5
2025-03-29 13:00:00,13.7,13.83,13.7,13.83,65601.98,904642.06
2025-03-29 14:00:00,13.83,13.84,13.66,13.69,55149.44,757021.58
2025-03-29 15:00:00,13.69,13.74,13.6,13.64,53608.17,732554.67
2025-03-29 16:00:00,13.64,13.69,13.5,13.51,85734.51,1165118.32
2025-03-29 17:00:00,13.51,13.64,13.38,13.49,118822.69,1601676.47
2025-03-29 18:00:00,13.49,13.59,13.45,13.5,128229.36,1735434.0
2025-03-29 19:00:00,13.5,13.58,13.43,13.57,101228.78,1364729.36
2025-03-29 20:00:00,13.57,13.57,13.41,13.43,98416.51,1328028.22
2025-03-29 21:00:00,13.43,13.54,13.4,13.47,48111.69,648065.81
2025-03-29 22:00:00,13.47,13.48,13.37,13.42,52054.13,698987.07
2025-03-29 23:00:00,13.42,13.56,13.39,13.55,41963.56,565809.23
2025-03-30 00:00:00,13.55,13.57,13.4,13.53,85303.83,1151478.4
2025-03-30 01:00:00,13.53,13.68,13.52,13.6,66854.17,910309.36
2025-03-30 02:00:00,13.6,13.74,13.58,13.71,71948.92,984561.69
2025-03-30 03:00:00,13.71,13.86,13.68,13.68,222506.3,3062513.51
2025-03-30 04:00:00,13.68,13.78,13.67,13.72,47694.09,655102.69
2025-03-30 05:00:00,13.72,13.75,13.65,13.67,29321.11,401856.77
2025-03-30 06:00:00,13.67,13.73,13.6,13.68,38265.37,521998.51
2025-03-30 07:00:00,13.68,13.75,13.65,13.67,52887.2,724091.2
2025-03-30 08:00:00,13.67,13.79,13.67,13.78,24099.23,330667.29
2025-03-30 09:00:00,13.78,13.86,13.74,13.8,73243.83,1010559.19
2025-03-30 10:00:00,13.8,13.83,13.65,13.66,40697.73,559230.7
2025-03-30 11:00:00,13.66,13.78,13.65,13.72,44881.36,614926.72
2025-03-30 12:00:00,13.72,13.78,13.65,13.69,35441.0,486011.06
2025-03-30 13:00:00,13.69,13.71,13.49,13.49,95340.7,1293848.65
2025-03-30 14:00:00,13.49,13.63,13.46,13.58,97092.7,1314333.93
2025-03-30 15:00:00,13.58,13.69,13.58,13.6,58008.59,790692.26
2025-03-30 16:00:00,13.6,13.67,13.38,13.42,110650.76,1500515.34
2025-03-30 17:00:00,13.42,13.56,13.38,13.5,102319.97,1377274.34
2025-03-30 18:00:00,13.5,13.68,13.49,13.67,75895.24,1032535.24
2025-03-30 19:00:00,13.67,13.71,13.59,13.6,73112.45,998427.41
2025-03-30 20:00:00,13.6,13.62,13.54,13.55,28721.14,390151.27
2025-03-30 21:00:00,13.55,13.62,13.4,13.45,42338.88,571531.47
2025-03-30 22:00:00,13.45,13.55,13.2,13.45,210824.59,2817546.2
2025-03-30 23:00:00,13.45,13.46,13.28,13.41,85207.82,1138364.4
2025-03-31 00:00:00,13.41,13.46,13.12,13.21,308082.15,4066992.62
2025-03-31 01:00:00,13.21,13.49,13.2,13.46,126182.23,1689118.33
2025-03-31 02:00:00,13.46,13.53,13.36,13.43,89193.33,1198704.02
2025-03-31 03:00:00,13.43,13.45,13.22,13.26,80115.02,1067701.56
2025-03-31 04:00:00,13.26,13.41,13.2,13.32,91909.96,1222085.84
2025-03-31 05:00:00,13.32,13.45,13.31,13.35,91739.84,1227438.17
2025-03-31 06:00:00,13.35,13.39,13.24,13.27,61403.25,816694.46
2025-03-31 07:00:00,13.27,13.36,13.14,13.21,130820.87,1729641.44
2025-03-31 08:00:00,13.21,13.31,13.15,13.16,76435.84,1012677.29
2025-03-31 09:00:00,13.16,13.2,12.97,13.02,172531.53,2255343.84
2025-03-31 10:00:00,13.02,13.23,12.96,13.2,98861.26,1292528.07
2025-03-31 11:00:00,13.2,13.28,13.1,13.23,71974.63,947781.68
2025-03-31 12:00:00,13.23,13.46,13.14,13.38,127034.96,1690480.12
2025-03-31 13:00:00,13.38,13.42,13.15,13.31,214058.43,2851287.95
2025-03-31 14:00:00,13.31,13.66,13.31,13.6,212178.65,2864056.83
2025-03-31 15:00:00,13.6,13.7,13.55,13.56,148881.37,2027230.08
2025-03-31 16:00:00,13.56,13.65,13.5,13.57,87567.7,1188806.24
2025-03-31 17:00:00,13.57,13.66,13.42,13.49,128995.99,1744569.39
2025-03-31 18:00:00,13.49,13.7,13.48,13.64,116705.45,1588679.02
2025-03-31 19:00:00,13.64,13.71,13.52,13.53,131986.44,1798084.4
2025-03-31 20:00:00,13.53,13.64,13.51,13.53,53717.12,730009.88
2025-03-31 21:00:00,13.53,13.61,13.52,13.53,46970.51,637525.34
2025-03-31 22:00:00,13.53,13.55,13.44,13.52,85437.98,1152231.9
2025-03-31 23:00:00,13.52,13.6,13.48,13.5,53700.59,726421.79
2025-04-01 00:00:00,13.5,13.62,13.49,13.57,89363.71,1212069.68
2025-04-01 01:00:00,13.57,13.61,13.5,13.55,90957.73,1233588.05
2025-04-01 02:00:00,13.55,13.74,13.54,13.73,71611.46,977037.07
2025-04-01 03:00:00,13.73,13.76,13.61,13.64,105462.22,1442161.56
2025-04-01 04:00:00,13.64,13.65,13.57,13.6,82992.37,1128911.94
2025-04-01 05:00:00,13.6,13.71,13.59,13.61,47463.68,648457.99
2025-04-01 06:00:00,13.61,13.77,13.58,13.73,57726.56,789321.16
2025-04-01 07:00:00,13.73,13.79,13.72,13.73,54997.67,755906.13
2025-04-01 08:00:00,13.73,14.07,13.73,14.01,301117.89,4208549.1
2025-04-01 09:00:00,14.01,14.08,13.95,14.03,148099.21,2075819.73
2025-04-01 10:00:00,14.03,14.09,13.95,13.97,237566.73,3324354.89
2025-04-01 11:00:00,13.97,14.02,13.89,13.95,222077.02,3101187.7
2025-04-01 12:00:00,13.95,14.05,13.92,13.98,73825.93,1032331.7
2025-04-01 13:00:00,13.98,14.07,13.93,14.01,100861.6,1412111.65
2025-04-01 14:00:00,14.01,14.11,13.69,14.03,209328.07,2909309.62
2025-04-01 15:00:00,14.03,14.39,14.03,14.31,196156.27,2792384.03
2025-04-01 16:00:00,14.31,14.39,14.21,14.27,108514.91,1550202.1
2025-04-01 17:00:00,14.27,14.35,14.25,14.27,109041.99,1558888.92
2025-04-01 18:00:00,14.27,14.27,14.11,14.17,76861.57,1088564.72
2025-04-01 19:00:00,14.17,14.21,14.12,14.18,75726.09,1072739.8
2025-04-01 20:00:00,14.18,14.22,14.05,14.21,107721.28,1524226.39
2025-04-01 21:00:00,14.21,14.27,14.17,14.18,44147.94,627772.28
2025-04-01 22:00:00,14.18,14.2,14.1,14.1,50377.1,713191.0
2025-04-01 23:00:00,14.1,14.14,14.03,14.04,38277.8,538478.88
2025-04-02 00:00:00,14.04,14.05,13.86,13.87,71452.76,997440.03
2025-04-02 01:00:00,13.87,13.88,13.77,13.87,80745.07,1116989.22
2025-04-02 02:00:00,13.87,13.89,13.65,13.73,72952.65,1002726.68
2025-04-02 03:00:00,13.73,13.82,13.72,13.75,49805.55,685813.97
2025-04-02 04:00:00,13.75,13.77,13.64,13.69,44806.88,613787.31
2025-04-02 05:00:00,13.69,13.69,13.44,13.44,112619.41,1524861.09
2025-04-02 06:00:00,13.44,13.5,13.42,13.43,44014.02,592023.55
2025-04-02 07:00:00,13.43,13.83,13.34,13.39,340593.85,4613410.75
2025-04-02 08:00:00,13.39,13.56,13.32,13.5,103832.44,1396685.08
2025-04-02 09:00:00,13.5,13.69,13.48,13.62,58863.87,801469.04
2025-04-02 10:00:00,13.62,13.7,13.52,13.53,59925.3,815952.19
2025-04-02 11:00:00,13.53,13.57,13.48,13.5,41314.15,558261.43
2025-04-02 12:00:00,13.5,13.58,13.41,13.58,51755.67,697691.14
2025-04-02 13:00:00,13.58,13.7,13.37,13.54,137535.5,1864351.21
2025-04-02 14:00:00,13.54,13.66,13.51,13.65,106728.3,1451029.93
2025-04-02 15:00:00,13.65,14.19,13.63,14.06,435154.08,6085186.97
2025-04-02 16:00:00,14.06,14.17,13.99,14.02,136391.92,1918847.68
2025-04-02 17:00:00,14.02,14.08,13.73,13.83,135463.02,1882094.82
2025-04-02 18:00:00,13.83,13.97,13.77,13.92,115557.68,1603046.23
2025-04-02 19:00:00,13.92,14.04,13.87,14.0,109052.9,1521193.15
2025-04-02 20:00:00,14.0,14.39,13.62,13.73,685841.76,9578376.16
2025-04-02 21:00:00,13.73,13.78,13.48,13.55,175965.57,2384575.2
2025-04-02 22:00:00,13.55,13.55,12.86,12.9,432302.58,5659127.37
2025-04-02 23:00:00,12.9,13.03,12.81,12.9,335758.67,4330152.04
2025-04-03 00:00:00,12.9,13.22,12.84,13.2,131792.41,1721339.07
2025-04-03 01:00:00,13.2,13.28,13.11,13.22,119157.57,1572022.53
2025-04-03 02:00:00,13.22,13.3,13.13,13.3,77588.33,1026115.69
2025-04-03 03:00:00,13.3,13.3,13.17,13.2,59050.37,781732.28
2025-04-03 04:00:00,13.2,13.28,13.14,13.22,90852.4,1200524.86
2025-04-03 05:00:00,13.22,13.27,13.09,13.09,76078.18,1002387.16
2025-04-03 06:00:00,13.09,13.13,12.94,12.95,179513.31,2339097.9
2025-04-03 07:00:00,12.95,13.01,12.88,12.96,178832.58,2311275.82
2025-04-03 08:00:00,12.96,13.07,12.95,13.03,76158.06,990656.86
2025-04-03 09:00:00,13.03,13.05,12.93,12.94,81875.97,1063420.19
2025-04-03 10:00:00,12.94,12.99,12.74,12.75,161096.16,2070232.29
2025-04-03 11:00:00,12.75,12.85,12.7,12.82,125633.6,1606902.22
2025-04-03 12:00:00,12.82,12.83,12.38,12.39,436768.49,5486910.4
2025-04-03 13:00:00,12.39,12.62,12.37,12.52,218046.72,2721451.28
2025-04-03 14:00:00,12.52,12.54,12.31,12.34,286984.37,3561676.66
2025-04-03 15:00:00,12.34,12.57,12.3,12.56,276562.26,3431208.04
2025-04-03 16:00:00,12.56,12.6,12.42,12.44,114136.68,1428871.29
2025-04-03 17:00:00,12.44,12.56,12.42,12.52,124546.64,1554436.31
2025-04-03 18:00:00,12.52,12.71,12.46,12.64,147547.8,1856435.73
2025-04-03 19:00:00,12.64,12.72,12.59,12.64,127221.32,1608254.14
2025-04-03 20:00:00,12.64,12.79,12.6,12.75,85106.84,1079519.59
2025-04-03 21:00:00,12.75,12.9,12.74,12.86,59696.2,763898.49
2025-04-03 22:00:00,12.86,12.86,12.76,12.79,146110.75,1873841.18
2025-04-03 23:00:00,12.79,12.9,12.75,12.89,150951.59,1929618.37
2025-04-04 00:00:00,12.89,12.95,12.81,12.83,88787.0,1143168.73
2025-04-04 01:00:00,12.83,12.87,12.65,12.69,107085.46,1369779.5
2025-04-04 02:00:00,12.69,12.86,12.69,12.76,95507.44,1221116.38
2025-04-04 03:00:00,12.76,12.77,12.67,12.71,69426.63,882609.33
2025-04-04 04:00:00,12.71,12.73,12.61,12.64,62844.39,795564.81
2025-04-04 05:00:00,12.64,12.86,12.6,12.86,58557.79,747473.29
2025-04-04 06:00:00,12.86,12.93,12.84,12.84,61393.72,790998.97
2025-04-04 07:00:00,12.84,13.1,12.84,13.07,239544.88,3118649.76
2025-04-04 08:00:00,13.07,13.19,13.04,13.13,139439.62,1830541.18
2025-04-04 09:00:00,13.13,13.15,13.04,13.12,82747.43,1083749.33
2025-04-04 10:00:00,13.12,13.16,12.57,12.6,268780.39,3440995.84
2025-04-04 11:00:00,12.6,12.64,12.35,12.56,192394.71,2400038.19
2025-04-04 12:00:00,12.56,12.66,12.43,12.66,303728.26,3803340.22
2025-04-04 13:00:00,12.66,12.76,12.44,12.73,273516.95,3442075.69
2025-04-04 14:00:00,12.73,12.75,12.46,12.6,256478.75,3228525.15
2025-04-04 15:00:00,12.6,12.92,12.59,12.74,373278.27,4770409.64
2025-04-04 16:00:00,12.74,12.89,12.67,12.79,225974.27,2880949.66
2025-04-04 17:00:00,12.79,13.07,12.68,13.03,225813.46,2909821.84
2025-04-04 18:00:00,13.03,13.05,12.88,12.93,182175.11,2358772.33
2025-04-04 19:00:00,12.93,13.03,12.89,12.92,149810.98,1941892.34
2025-04-04 20:00:00,12.92,13.05,12.87,13.03,95209.6,1233726.61
2025-04-04 21:00:00,13.03,13.08,12.94,12.99,61816.66,804894.64
2025-04-04 22:00:00,12.99,13.03,12.94,12.95,95500.9,1239821.36
2025-04-04 23:00:00,12.95,12.96,12.87,12.94,35539.58,458787.35
2025-04-05 00:00:00,12.94,13.02,12.89,12.99,37628.28,486900.85
2025-04-05 01:00:00,12.99,13.03,12.93,12.93,40193.25,522198.46
2025-04-05 02:00:00,12.93,12.96,12.89,12.91,32475.06,419868.14
2025-04-05 03:00:00,12.91,12.92,12.84,12.85,26688.82,343376.37
2025-04-05 04:00:00,12.85,12.91,12.82,12.83,24557.76,316106.48
2025-04-05 05:00:00,12.83,12.89,12.82,12.82,24716.36,317509.07
2025-04-05 06:00:00,12.82,12.87,12.78,12.82,29086.27,373212.23
2025-04-05 07:00:00,12.82,12.92,12.8,12.87,19230.34,247254.44
2025-04-05 08:00:00,12.87,12.92,12.83,12.87,23007.51,296009.79
2025-04-05 09:00:00,12.87,13.02,12.87,13.01,92887.51,1202705.02
2025-04-05 10:00:00,13.01,13.05,12.97,12.97,74025.82,963342.06
2025-04-05 11:00:00,12.97,12.99,12.86,12.88,41817.01,540053.72
2025-04-05 12:00:00,12.88,12.92,12.78,12.82,57626.91,739968.7
2025-04-05 13:00:00,12.82,12.83,12.62,12.66,187015.2,2373401.79
2025-04-05 14:00:00,12.66,12.74,12.65,12.7,50289.67,638742.81
2025-04-05 15:00:00,12.7,12.71,12.57,12.63,54311.57,685723.99
2025-04-05 16:00:00,12.63,12.67,12.6,12.63,41811.04,528193.17
2025-04-05 17:00:00,12.63,12.69,12.6,12.65,35802.94,452902.89
2025-04-05 18:00:00,12.65,12.72,12.64,12.7,23345.84,296159.38
2025-04-05 19:00:00,12.7,12.71,12.6,12.61,24582.6,310943.02
2025-04-05 20:00:00,12.61,12.72,12.58,12.68,31319.75,396090.05
2025-04-05 21:00:00,12.68,12.7,12.62,12.62,25733.5,325732.38
2025-04-05 22:00:00,12.62,12.71,12.62,12.71,23074.77,292368.68
2025-04-05 23:00:00,12.71,12.87,12.7,12.84,37918.6,485027.05
2025-04-06 00:00:00,12.84,12.89,12.79,12.87,44158.16,566965.09
2025-04-06 01:00:00,12.87,12.94,12.8,12.8,126220.21,1621723.43
2025-04-06 02:00:00,12.8,12.83,12.77,12.77,35820.46,458858.01
2025-04-06 03:00:00,12.77,12.78,12.71,12.78,29834.85,380255.42
2025-04-06 04:00:00,12.78,12.78,12.72,12.76,19558.34,249374.85
2025-04-06 05:00:00,12.76,12.82,12.73,12.81,31268.61,399354.41
2025-04-06 06:00:00,12.81,12.82,12.67,12.67,20647.47,263179.79
2025-04-06 07:00:00,12.67,12.69,12.63,12.65,35344.0,447506.25
2025-04-06 08:00:00,12.65,12.67,12.55,12.67,47868.91,603329.43
2025-04-06 09:00:00,12.67,12.7,12.64,12.65,20686.88,262006.93
2025-04-06 10:00:00,12.65,12.65,12.57,12.61,25595.15,322606.11
2025-04-06 11:00:00,12.61,12.63,12.54,12.61,36061.16,453612.77
2025-04-06 12:00:00,12.61,12.64,12.46,12.47,57688.41,722619.43
2025-04-06 13:00:00,12.47,12.5,12.11,12.12,179656.83,2205078.94
2025-04-06 14:00:00,12.12,12.34,12.07,12.34,179872.95,2195199.16
2025-04-06 15:00:00,12.34,12.36,12.21,12.32,173935.07,2141137.62
2025-04-06 16:00:00,12.32,12.34,12.11,12.13,121668.11,1486681.61
2025-04-06 17:00:00,12.13,12.15,11.84,11.87,337323.6,4044389.63
2025-04-06 18:00:00,11.87,11.88,11.44,11.53,368804.72,4298841.83
2025-04-06 19:00:00,11.53,11.67,11.45,11.58,230818.52,2670566.53
2025-04-06 20:00:00,11.58,11.63,11.2,11.28,241027.52,2748989.05
2025-04-06 21:00:00,11.28,11.46,11.27,11.33,130469.53,1484212.38
2025-04-06 22:00:00,11.33,11.49,11.16,11.2,475868.02,5397502.14
2025-04-06 23:00:00,11.2,11.31,11.0,11.28,354619.2,3949580.29
2025-04-07 00:00:00,11.28,11.3,11.05,11.16,164042.28,1831713.53
2025-04-07 01:00:00,11.16,11.51,11.16,11.4,212669.9,2417739.5
2025-04-07 02:00:00,11.4,11.42,11.23,11.26,99939.58,1131636.57
2025-04-07 03:00:00,11.26,11.28,10.8,10.93,212420.17,2332051.05
2025-04-07 04:00:00,10.93,11.03,10.82,10.97,173766.49,1899865.81
2025-04-07 05:00:00,10.97,11.15,10.89,10.93,195143.9,2146236.49
2025-04-07 06:00:00,10.93,11.03,10.11,10.19,662789.47,7007943.71
2025-04-07 07:00:00,10.19,10.5,10.17,10.34,301114.67,3116072.7
2025-04-07 08:00:00,10.34,10.85,10.3,10.73,285198.97,3026598.98
2025-04-07 09:00:00,10.73,10.86,10.57,10.66,198303.18,2121373.58
2025-04-07 10:00:00,10.66,10.94,10.65,10.74,246110.78,2658281.71
2025-04-07 11:00:00,10.74,10.86,10.63,10.7,194656.24,2091414.25
2025-04-07 12:00:00,10.7,11.03,10.66,10.97,299624.12,3251003.72
2025-04-07 13:00:00,10.97,11.29,10.69,11.25,501183.19,5526733.93
2025-04-07 14:00:00,11.25,11.86,11.15,11.37,1179074.99,13477865.52
2025-04-07 15:00:00,11.37,11.46,11.12,11.28,604858.33,6816806.0
2025-04-07 16:00:00,11.28,11.32,11.08,11.1,320066.4,3588204.86
2025-04-07 17:00:00,11.1,11.49,11.1,11.44,578829.46,6571959.9
2025-04-07 18:00:00,11.44,11.47,11.31,11.32,382055.23,4348339.79
2025-04-07 19:00:00,11.32,11.46,11.26,11.32,276020.45,3132428.02
2025-04-07 20:00:00,11.32,11.62,11.32,11.53,125690.19,1445877.89
2025-04-07 21:00:00,11.53,11.59,11.44,11.53,58571.04,673809.86
2025-04-07 22:00:00,11.53,11.66,11.51,11.6,119422.5,1386281.1
2025-04-07 23:00:00,11.6,11.62,11.42,11.45,104985.03,1208895.22
2025-04-08 00:00:00,11.45,11.52,11.4,11.4,89886.3,1029217.59
2025-04-08 01:00:00,11.4,11.73,11.36,11.72,142433.02,1643926.51
2025-04-08 02:00:00,11.72,11.87,11.68,11.72,126571.08,1489376.63
2025-04-08 03:00:00,11.72,11.77,11.6,11.64,105425.32,1231774.46
2025-04-08 04:00:00,11.64,11.86,11.63,11.83,130301.44,1532715.24
2025-04-08 05:00:00,11.83,11.87,11.67,11.72,126482.37,1483521.44
2025-04-08 06:00:00,11.72,11.72,11.57,11.58,111278.66,1294544.39
2025-04-08 07:00:00,11.58,11.66,11.51,11.6,85173.5,986955.31
2025-04-08 08:00:00,11.6,11.63,11.46,11.61,77952.37,900156.64
2025-04-08 09:00:00,11.61,11.7,11.57,11.58,72524.98,844259.38
2025-04-08 10:00:00,11.58,11.65,11.53,11.55,99334.32,1149825.88
2025-04-08 11:00:00,11.55,11.8,11.42,11.78,190050.67,2203277.15
2025-04-08 12:00:00,11.78,11.81,11.61,11.69,135792.02,1588139.24
2025-04-08 13:00:00,11.69,11.89,11.63,11.75,362967.09,4266046.58
2025-04-08 14:00:00,11.75,11.84,11.46,11.46,290545.66,3398553.89
2025-04-08 15:00:00,11.46,11.51,11.37,11.42,275482.29,3150576.53
2025-04-08 16:00:00,11.42,11.44,11.03,11.07,282399.77,3171867.49
2025-04-08 17:00:00,11.07,11.1,10.84,11.06,254554.97,2792537.01
2025-04-08 18:00:00,11.06,11.22,11.01,11.04,225800.28,2504298.97
2025-04-08 19:00:00,11.04,11.08,10.85,10.9,210436.5,2305756.46
2025-04-08 20:00:00,10.9,11.07,10.81,11.03,146782.13,1604200.36
2025-04-08 21:00:00,11.03,11.06,10.85,11.02,59391.91,651712.36
2025-04-08 22:00:00,11.02,11.02,10.77,10.92,179003.0,1947398.96
2025-04-08 23:00:00,10.92,10.93,10.83,10.91,101494.95,1105187.56
2025-04-09 00:00:00,10.91,11.0,10.82,10.86,186750.74,2036104.8
2025-04-09 01:00:00,10.86,10.88,10.44,10.84,422082.15,4490142.18
2025-04-09 02:00:00,10.84,10.98,10.71,10.72,157208.13,1706411.8
2025-04-09 03:00:00,10.72,10.77,10.61,10.68,139044.57,1486525.11
2025-04-09 04:00:00,10.68,11.03,10.66,10.95,260245.81,2827465.97
2025-04-09 05:00:00,10.95,11.07,10.92,11.05,138134.69,1520296.79
2025-04-09 06:00:00,11.05,11.3,11.03,11.15,222338.54,2486178.53
2025-04-09 07:00:00,11.15,11.5,11.14,11.38,355386.2,4033315.14
2025-04-09 08:00:00,11.38,11.44,11.3,11.38,124334.52,1412903.23
2025-04-09 09:00:00,11.38,11.42,11.29,11.35,77185.71,876231.26
2025-04-09 10:00:00,11.35,11.48,11.3,11.42,125650.87,1429279.71
2025-04-09 11:00:00,11.42,11.43,11.1,11.17,339687.19,3806552.11
2025-04-09 12:00:00,11.17,11.29,11.05,11.22,170999.6,1908916.57
2025-04-09 13:00:00,11.22,11.46,11.15,11.39,306996.78,3471253.65
2025-04-09 14:00:00,11.39,11.48,11.27,11.28,268825.52,3059795.45
2025-04-09 15:00:00,11.28,11.44,11.27,11.36,143586.86,1633000.42
2025-04-09 16:00:00,11.36,11.52,11.33,11.52,107944.83,1233967.97
2025-04-09 17:00:00,11.52,12.63,11.39,12.6,1044985.62,12639783.52
2025-04-09 18:00:00,12.6,12.76,12.44,12.45,844542.72,10639084.01
2025-04-09 19:00:00,12.45,12.67,12.45,12.6,354875.09,4462667.88
2025-04-09 20:00:00,12.6,12.77,12.6,12.75,132189.44,1675084.55
2025-04-09 21:00:00,12.75,12.81,12.64,12.77,154903.5,1973240.83
2025-04-09 22:00:00,12.77,12.82,12.71,12.74,86678.22,1105788.01
2025-04-09 23:00:00,12.74,12.77,12.64,12.65,154787.4,1963434.12
2025-04-10 00:00:00,12.65,12.66,12.41,12.5,127129.85,1593028.22
2025-04-10 01:00:00,12.5,12.53,12.37,12.41,69437.08,863871.6
2025-04-10 02:00:00,12.41,12.47,12.36,12.4,66801.96,829482.02
2025-04-10 03:00:00,12.4,12.4,12.16,12.31,83489.17,1023043.73
2025-04-10 04:00:00,12.31,12.37,12.23,12.37,66917.41,822524.35
2025-04-10 05:00:00,12.37,12.47,12.34,12.42,70057.2,869496.64
2025-04-10 06:00:00,12.42,12.49,12.37,12.45,52030.55,647278.51
2025-04-10 07:00:00,12.45,12.49,12.25,12.32,92009.75,1136921.88
2025-04-10 08:00:00,12.32,12.37,12.27,12.35,51938.77,639935.17
2025-04-10 09:00:00,12.35,12.44,12.28,12.42,53412.41,660903.82
2025-04-10 10:00:00,12.42,12.43,12.29,12.37,74114.86,916529.4
2025-04-10 11:00:00,12.37,12.41,12.27,12.4,94180.57,1162321.8
2025-04-10 12:00:00,12.4,12.59,12.3,12.35,266780.78,3328321.33
2025-04-10 13:00:00,12.35,12.44,12.18,12.24,299667.7,3685027.39
2025-04-10 14:00:00,12.24,12.45,12.18,12.28,220997.27,2719958.3
2025-04-10 15:00:00,12.28,12.3,11.77,11.82,331264.49,3963853.32
2025-04-10 16:00:00,11.82,11.91,11.67,11.87,334046.05,3940731.54
2025-04-10 17:00:00,11.87,11.95,11.77,11.93,278759.33,3309676.85
2025-04-10 18:00:00,11.93,12.01,11.89,11.98,161897.51,1936146.57
2025-04-10 19:00:00,11.98,12.08,11.95,11.99,163194.69,1959573.47
2025-04-10 20:00:00,11.99,12.11,11.98,12.08,92328.62,1111087.36
2025-04-10 21:00:00,12.08,12.12,12.01,12.05,46033.28,555663.99
2025-04-10 22:00:00,12.05,12.11,12.0,12.04,40728.55,491573.51
2025-04-10 23:00:00,12.04,12.1,12.0,12.07,59933.11,722699.14
2025-04-11 00:00:00,12.07,12.15,12.02,12.03,146732.82,1774232.08
2025-04-11 01:00:00,12.03,12.35,12.03,12.35,162756.71,1991990.34
2025-04-11 02:00:00,12.35,12.46,12.28,12.29,114111.06,1409511.05
2025-04-11 03:00:00,12.29,12.39,12.28,12.39,103272.93,1273147.42
2025-04-11 04:00:00,12.39,12.47,12.35,12.4,59106.87,733374.59
2025-04-11 05:00:00,12.4,12.41,12.32,12.4,145323.64,1791850.01
2025-04-11 06:00:00,12.4,12.52,12.4,12.44,94653.27,1179714.52
2025-04-11 07:00:00,12.44,12.46,12.36,12.39,53652.51,665210.7
2025-04-11 08:00:00,12.39,12.49,12.33,12.41,115306.26,1429207.49
2025-04-11 09:00:00,12.41,12.54,12.35,12.53,57516.63,716540.19
2025-04-11 10:00:00,12.53,12.69,12.47,12.61,130913.73,1647213.87
2025-04-11 11:00:00,12.61,12.64,12.45,12.46,83877.38,1051312.28
2025-04-11 12:00:00,12.46,12.57,12.43,12.49,80231.71,1002738.59
2025-04-11 13:00:00,12.49,12.66,12.45,12.6,185753.63,2332948.64
2025-04-11 14:00:00,12.6,12.6,12.36,12.48,234380.45,2927231.5
2025-04-11 15:00:00,12.48,12.57,12.43,12.54,128177.84,1600233.34
2025-04-11 16:00:00,12.54,12.63,12.45,12.59,73776.62,925308.69
2025-04-11 17:00:00,12.59,12.79,12.56,12.74,148960.64,1891662.02
2025-04-11 18:00:00,12.74,12.79,12.69,12.71,106467.48,1357135.92
2025-04-11 19:00:00,12.71,12.8,12.69,12.7,77333.27,985796.69
2025-04-11 20:00:00,12.7,12.79,12.68,12.77,76660.19,975756.34
2025-04-11 21:00:00,12.77,12.9,12.72,12.73,95733.63,1225742.58
2025-04-11 22:00:00,12.73,12.76,12.67,12.68,44548.68,566359.1
2025-04-11 23:00:00,12.68,12.68,12.58,12.64,63298.43,799538.2
2025-04-12 00:00:00,12.64,12.69,12.58,12.59,31674.48,399975.94
2025-04-12 01:00:00,12.59,12.6,12.54,12.56,53843.62,676200.93
2025-04-12 02:00:00,12.56,12.58,12.47,12.47,36466.24,456839.81
2025-04-12 03:00:00,12.47,12.57,12.47,12.54,40071.93,501946.3
2025-04-12 04:00:00,12.54,12.66,12.5,12.66,47542.02,599801.14
2025-04-12 05:00:00,12.66,12.7,12.63,12.65,30250.51,382824.53
2025-04-12 06:00:00,12.65,12.74,12.65,12.69,27588.48,350519.44
2025-04-12 07:00:00,12.69,12.79,12.67,12.77,25168.12,320444.31
2025-04-12 08:00:00,12.77,12.94,12.75,12.75,49773.76,639124.79
2025-04-12 09:00:00,12.75,12.79,12.7,12.76,16296.35,207615.24
2025-04-12 10:00:00,12.76,12.77,12.67,12.69,19460.07,247516.22
2025-04-12 11:00:00,12.69,12.78,12.69,12.74,28464.23,362945.04
2025-04-12 12:00:00,12.74,12.84,12.72,12.82,57695.01,738051.99
2025-04-12 13:00:00,12.82,13.11,12.81,13.05,151267.43,1960556.65
2025-04-12 14:00:00,13.05,13.26,13.02,13.24,117084.95,1540166.42
2025-04-12 15:00:00,13.24,13.26,13.07,13.11,237096.45,3127726.58
2025-04-12 16:00:00,13.11,13.17,13.03,13.05,206217.95,2699945.93
2025-04-12 17:00:00,13.05,13.09,12.97,13.05,63521.82,827663.63
2025-04-12 18:00:00,13.05,13.18,13.04,13.17,70176.41,919951.0
2025-04-12 19:00:00,13.17,13.17,13.07,13.09,54558.87,715415.87
2025-04-12 20:00:00,13.09,13.25,13.08,13.21,111991.99,1474945.63
2025-04-12 21:00:00,13.21,13.28,13.2,13.21,44280.71,585579.62
2025-04-12 22:00:00,13.21,13.29,13.16,13.17,46374.71,612845.48
2025-04-12 23:00:00,13.17,13.2,13.13,13.15,36649.96,482194.13
2025-04-13 00:00:00,13.15,13.22,13.08,13.18,32783.4,431168.31
2025-04-13 01:00:00,13.18,13.23,13.0,13.03,71999.32,943827.45
2025-04-13 02:00:00,13.03,13.11,12.98,13.09,41125.43,536234.72
2025-04-13 03:00:00,13.09,13.1,13.02,13.04,40540.3,529699.7
2025-04-13 04:00:00,13.04,13.05,12.9,12.92,49255.13,638636.72
2025-04-13 05:00:00,12.92,12.96,12.87,12.9,36304.02,468728.4
2025-04-13 06:00:00,12.9,12.98,12.89,12.93,16355.04,211579.83
2025-04-13 07:00:00,12.93,12.98,12.91,12.93,12640.95,163764.85
2025-04-13 08:00:00,12.93,13.0,12.87,12.98,28262.38,365544.91
2025-04-13 09:00:00,12.98,13.15,12.96,13.14,60136.47,783939.69
2025-04-13 10:00:00,13.14,13.16,13.02,13.07,41923.86,548041.54
2025-04-13 11:00:00,13.07,13.09,12.78,12.79,113679.09,1461887.45
2025-04-13 12:00:00,12.79,12.9,12.77,12.87,60029.65,771174.16
2025-04-13 13:00:00,12.87,12.9,12.6,12.63,86095.34,1094748.46
2025-04-13 14:00:00,12.63,12.77,12.6,12.74,82771.07,1051919.2
2025-04-13 15:00:00,12.74,12.74,12.65,12.68,46236.56,586022.29
2025-04-13 16:00:00,12.68,12.8,12.67,12.8,55159.88,703201.34
2025-04-13 17:00:00,12.8,13.22,12.8,13.13,125446.1,1637227.65
2025-04-13 18:00:00,13.13,13.21,13.03,13.05,47964.8,628108.67
2025-04-13 19:00:00,13.05,13.05,12.48,12.66,166252.85,2115055.45
2025-04-13 20:00:00,12.66,12.8,12.57,12.59,101185.87,1284397.23
2025-04-13 21:00:00,12.59,12.65,12.42,12.58,126296.07,1580614.66
2025-04-13 22:00:00,12.58,12.63,12.47,12.48,71311.85,893606.82
2025-04-13 23:00:00,12.48,12.65,12.46,12.62,49087.81,616337.03
2025-04-14 00:00:00,12.62,12.9,12.59,12.77,171108.11,2190578.43
2025-04-14 01:00:00,12.77,12.86,12.72,12.76,74647.77,953975.14
2025-04-14 02:00:00,12.76,13.14,12.74,12.9,154307.15,2002095.18
2025-04-14 03:00:00,12.9,12.91,12.75,12.77,57632.85,739689.51
2025-04-14 04:00:00,12.77,12.9,12.75,12.85,31867.43,408931.14
2025-04-14 05:00:00,12.85,12.88,12.69,12.73,68302.02,873230.19
2025-04-14 06:00:00,12.73,12.73,12.65,12.67,26517.45,336354.62
2025-04-14 07:00:00,12.67,12.73,12.58,12.73,55917.78,707446.6
2025-04-14 08:00:00,12.73,12.85,12.7,12.8,44534.03,568978.12
2025-04-14 09:00:00,12.8,12.85,12.73,12.79,36417.63,465644.04
2025-04-14 10:00:00,12.79,13.13,12.79,13.11,97333.27,1261829.42
2025-04-14 11:00:00,13.11,13.24,13.08,13.15,98273.86,1292470.71
2025-04-14 12:00:00,13.15,13.21,13.11,13.18,83954.33,1104867.24
2025-04-14 13:00:00,13.18,13.21,12.88,12.94,134644.29,1754487.24
2025-04-14 14:00:00,12.94,13.23,12.93,13.15,112945.25,1477353.22
2025-04-14 15:00:00,13.15,13.16,12.67,12.71,144353.26,1866007.21
2025-04-14 16:00:00,12.71,12.84,12.65,12.76,79878.46,1018135.26
2025-04-14 17:00:00,12.76,12.96,12.75,12.95,91155.2,1171766.9
2025-04-14 18:00:00,12.95,13.01,12.88,12.97,53917.28,698745.36
2025-04-14 19:00:00,12.97,13.0,12.84,12.86,40916.86,528735.44
2025-04-14 20:00:00,12.86,12.88,12.73,12.8,39652.39,507348.41
2025-04-14 21:00:00,12.8,12.8,12.58,12.69,51724.81,656742.74
2025-04-14 22:00:00,12.69,12.69,12.58,12.63,53463.23,675246.83
2025-04-14 23:00:00,12.63,12.69,12.59,12.63,49186.42,621615.47
2025-04-15 00:00:00,12.63,12.71,12.53,12.67,63121.65,796700.27
2025-04-15 01:00:00,12.67,12.73,12.54,12.71,63366.32,801151.36
2025-04-15 02:00:00,12.71,12.75,12.55,12.64,89850.39,1137034.61
2025-04-15 03:00:00,12.64,12.75,12.6,12.74,56722.32,719012.06
2025-04-15 04:00:00,12.74,12.77,12.62,12.7,77748.76,984741.74
2025-04-15 05:00:00,12.7,12.8,12.69,12.7,50201.52,639178.15
2025-04-15 06:00:00,12.7,12.73,12.62,12.63,45271.91,573324.51
2025-04-15 07:00:00,12.63,12.76,12.62,12.74,41743.44,530724.25
2025-04-15 08:00:00,12.74,12.79,12.67,12.68,53514.2,679999.84
2025-04-15 09:00:00,12.68,12.78,12.66,12.75,97494.55,1240203.24
2025-04-15 10:00:00,12.75,12.77,12.55,12.6,61648.85,779049.8
2025-04-15 11:00:00,12.6,12.61,12.52,12.59,48361.15,608061.18
2025-04-15 12:00:00,12.59,12.65,12.53,12.65,74752.46,941519.24
2025-04-15 13:00:00,12.65,12.83,12.59,12.62,157534.32,1998200.8
2025-04-15 14:00:00,12.62,12.67,12.38,12.45,208225.3,2602401.34
2025-04-15 15:00:00,12.45,12.51,12.3,12.37,107448.41,1332258.8
2025-04-15 16:00:00,12.37,12.45,12.35,12.37,82981.71,1028659.93
2025-04-15 17:00:00,12.37,12.43,12.29,12.32,77142.19,952928.89
2025-04-15 18:00:00,12.32,12.4,12.26,12.36,83980.71,1035929.36
2025-04-15 19:00:00,12.36,12.4,12.3,12.37,88776.12,1097331.83
2025-04-15 20:00:00,12.37,12.44,12.28,12.35,75432.53,934192.2
2025-04-15 21:00:00,12.35,12.42,12.28,12.38,51630.17,638376.84
2025-04-15 22:00:00,12.38,12.38,12.23,12.28,79766.93,979986.03
2025-04-15 23:00:00,12.28,12.3,12.2,12.23,65387.56,800667.62
2025-04-16 00:00:00,12.23,12.34,12.18,12.25,63086.04,772959.11
2025-04-16 01:00:00,12.25,12.41,12.24,12.37,46740.33,577777.52
2025-04-16 02:00:00,12.37,12.42,12.33,12.35,36510.38,451688.83
2025-04-16 03:00:00,12.35,12.4,12.33,12.4,28026.36,346515.27
2025-04-16 04:00:00,12.4,12.44,12.24,12.31,53621.83,660974.99
2025-04-16 05:00:00,12.31,12.38,12.18,12.22,51635.06,632632.06
2025-04-16 06:00:00,12.22,12.3,12.19,12.27,40299.45,493869.94
2025-04-16 07:00:00,12.27,12.29,12.13,12.15,42790.86,521342.07
2025-04-16 08:00:00,12.15,12.3,12.05,12.21,95112.66,1156134.91
2025-04-16 09:00:00,12.21,12.24,12.12,12.12,32295.32,393664.96
2025-04-16 10:00:00,12.12,12.22,12.12,12.2,26302.76,320217.36
2025-04-16 11:00:00,12.2,12.22,12.11,12.17,57137.56,694467.9
2025-04-16 12:00:00,12.17,12.3,12.12,12.12,94946.52,1159983.12
2025-04-16 13:00:00,12.12,12.21,12.04,12.1,80092.99,971038.83
2025-04-16 14:00:00,12.1,12.41,12.09,12.36,78165.79,959842.61
2025-04-16 15:00:00,12.36,12.52,12.31,12.32,159621.28,1978218.44
2025-04-16 16:00:00,12.32,12.35,12.15,12.32,99656.11,1221760.92
2025-04-16 17:00:00,12.32,12.48,11.92,11.95,228135.19,2773494.38
2025-04-16 18:00:00,11.95,12.33,11.95,12.15,202779.77,2460837.97
2025-04-16 19:00:00,12.15,12.44,12.07,12.39,126152.58,1544675.18
2025-04-16 20:00:00,12.39,12.51,12.27,12.29,81392.23,1010741.76
2025-04-16 21:00:00,12.29,12.48,12.28,12.44,63926.61,792455.57
2025-04-16 22:00:00,12.44,12.47,12.39,12.45,44543.05,553498.23
2025-04-16 23:00:00,12.45,12.45,12.31,12.36,38646.16,477790.03
2025-04-17 00:00:00,12.36,12.43,12.35,12.43,33797.48,418609.86
2025-04-17 01:00:00,12.43,12.5,12.39,12.44,35170.15,437933.74
2025-04-17 02:00:00,12.44,12.44,12.34,12.4,27131.63,335655.3
2025-04-17 03:00:00,12.4,12.43,12.3,12.39,25272.69,312319.28
2025-04-17 04:00:00,12.39,12.47,12.35,12.46,16713.92,207435.51
2025-04-17 05:00:00,12.46,12.62,12.46,12.58,44693.13,560688.35
2025-04-17 06:00:00,12.58,12.68,12.56,12.62,75919.35,959091.78
2025-04-17 07:00:00,12.62,12.69,12.58,12.6,39693.9,500670.38
2025-04-17 08:00:00,12.6,12.62,12.47,12.47,32264.93,405039.19
2025-04-17 09:00:00,12.47,12.52,12.43,12.47,65337.36,815184.11
2025-04-17 10:00:00,12.47,12.47,12.39,12.43,79319.43,986710.58
2025-04-17 11:00:00,12.43,12.5,12.4,12.44,60094.71,749598.78
2025-04-17 12:00:00,12.44,12.54,12.43,12.51,64362.48,803873.45
2025-04-17 13:00:00,12.51,12.52,12.41,12.47,82263.81,1024940.89
2025-04-17 14:00:00,12.47,12.48,12.21,12.29,95039.98,1172130.77
2025-04-17 15:00:00,12.29,12.5,12.29,12.44,100390.98,1247643.31
2025-04-17 16:00:00,12.44,12.7,12.39,12.67,166744.01,2091683.98
2025-04-17 17:00:00,12.67,12.69,12.58,12.64,82035.64,1036953.55
2025-04-17 18:00:00,12.64,12.7,12.56,12.56,65531.07,828282.7
2025-04-17 19:00:00,12.56,12.59,12.38,12.49,89673.68,1119334.34
2025-04-17 20:00:00,12.49,12.62,12.49,12.59,63688.53,800431.37
2025-04-17 21:00:00,12.59,12.6,12.52,12.57,21341.4,268035.23
2025-04-17 22:00:00,12.57,12.61,12.49,12.49,17965.1,225879.97
2025-04-17 23:00:00,12.49,12.58,12.49,12.53,16847.56,211180.58
2025-04-18 00:00:00,12.53,12.55,12.41,12.43,42575.86,531617.0
2025-04-18 01:00:00,12.43,12.55,12.41,12.46,34768.65,434300.67
2025-04-18 02:00:00,12.46,12.58,12.42,12.52,29979.12,374401.22
2025-04-18 03:00:00,12.52,12.57,12.45,12.56,22510.07,281089.58
2025-04-18 04:00:00,12.56,12.64,12.52,12.62,16345.7,205809.42
2025-04-18 05:00:00,12.62,12.64,12.56,12.64,18564.45,233959.7
2025-04-18 06:00:00,12.64,12.66,12.58,12.64,21900.14,276602.8
2025-04-18 07:00:00,12.64,12.68,12.58,12.64,25129.78,317641.27
2025-04-18 08:00:00,12.64,12.7,12.63,12.66,40887.45,518168.52
2025-04-18 09:00:00,12.66,12.72,12.63,12.67,22760.04,288292.39
2025-04-18 10:00:00,12.67,12.69,12.6,12.61,22949.42,290130.33
2025-04-18 11:00:00,12.61,12.69,12.6,12.63,52747.49,666729.36
2025-04-18 12:00:00,12.63,12.65,12.55,12.55,23245.13,292778.53
2025-04-18 13:00:00,12.55,12.61,12.5,12.6,55548.61,696760.28
2025-04-18 14:00:00,12.6,12.64,12.53,12.55,23720.35,298505.85
2025-04-18 15:00:00,12.55,12.56,12.47,12.51,41647.32,520518.44
2025-04-18 16:00:00,12.51,12.59,12.5,12.57,35655.85,447603.16
2025-04-18 17:00:00,12.57,12.64,12.55,12.63,30145.29,379583.04
2025-04-18 18:00:00,12.63,12.65,12.6,12.61,28998.21,366165.42
2025-04-18 19:00:00,12.61,12.64,12.58,12.63,40923.52,516183.87
2025-04-18 20:00:00,12.63,12.65,12.59,12.62,28429.78,358738.94
2025-04-18 21:00:00,12.62,12.65,12.59,12.64,26942.14,339854.43
2025-04-18 22:00:00,12.64,12.65,12.58,12.59,22034.85,277822.33
2025-04-18 23:00:00,12.59,12.59,12.51,12.56,21414.01,268773.28
2025-04-19 00:00:00,12.56,12.6,12.54,12.59,26313.71,330744.06
2025-04-19 01:00:00,12.59,12.69,12.58,12.65,28873.98,365131.02
2025-04-19 02:00:00,12.65,12.74,12.64,12.71,44457.75,564824.78
2025-04-19 03:00:00,12.71,12.77,12.7,12.72,47002.84,598428.86
2025-04-19 04:00:00,12.72,12.81,12.71,12.77,56845.65,725325.99
2025-04-19 05:00:00,12.77,12.85,12.77,12.85,21834.65,279687.61
2025-04-19 06:00:00,12.85,12.88,12.78,12.82,39492.34,506971.08
2025-04-19 07:00:00,12.82,12.89,12.81,12.86,22801.96,292850.66
2025-04-19 08:00:00,12.86,12.9,12.84,12.86,28379.59,365265.62
2025-04-19 09:00:00,12.86,12.93,12.84,12.84,35495.73,457270.33
2025-04-19 10:00:00,12.84,12.85,12.78,12.78,47777.63,611433.27
2025-04-19 11:00:00,12.78,12.79,12.75,12.76,17804.48,227357.5
2025-04-19 12:00:00,12.76,12.81,12.75,12.76,18944.87,242082.32
2025-04-19 13:00:00,12.76,12.78,12.72,12.77,25141.08,320369.83
2025-04-19 14:00:00,12.77,12.79,12.75,12.78,15896.95,202951.88
2025-04-19 15:00:00,12.78,12.83,12.73,12.75,24082.04,308028.68
2025-04-19 16:00:00,12.75,12.81,12.7,12.72,27775.83,354197.35
2025-04-19 17:00:00,12.72,12.91,12.71,12.9,25688.07,329812.11
2025-04-19 18:00:00,12.9,13.0,12.89,12.94,45547.18,590305.79
2025-04-19 19:00:00,12.94,13.0,12.92,12.93,35754.54,463611.25
2025-04-19 20:00:00,12.93,12.98,12.91,12.95,24557.17,317829.76
2025-04-19 21:00:00,12.95,13.02,12.95,13.01,33882.02,440078.8
2025-04-19 22:00:00,13.01,13.05,12.99,13.01,16248.26,211464.35
2025-04-19 23:00:00,13.01,13.02,12.93,12.93,24005.29,311347.26
2025-04-20 00:00:00,12.93,12.98,12.91,12.93,22503.67,291284.17
2025-04-20 01:00:00,12.93,13.0,12.91,12.97,27720.76,359201.52
2025-04-20 02:00:00,12.97,12.97,12.93,12.95,17439.84,225967.05
2025-04-20 03:00:00,12.95,13.05,12.94,13.03,27319.95,355342.95
2025-04-20 04:00:00,13.03,13.1,13.01,13.07,32044.26,418429.52
2025-04-20 05:00:00,13.07,13.09,13.05,13.05,21309.83,278466.24
2025-04-20 06:00:00,13.05,13.07,12.94,12.98,31325.42,406793.91
2025-04-20 07:00:00,12.98,12.98,12.88,12.97,40636.38,524721.98
2025-04-20 08:00:00,12.97,13.13,12.97,13.08,66044.32,862765.82
2025-04-20 09:00:00,13.08,13.13,13.02,13.09,43896.51,573895.84
2025-04-20 10:00:00,13.09,13.12,12.94,12.97,43454.17,566691.7
2025-04-20 11:00:00,12.97,13.01,12.88,12.91,50012.26,646916.2
2025-04-20 12:00:00,12.91,13.03,12.91,12.99,36219.43,470167.43
2025-04-20 13:00:00,12.99,13.0,12.92,12.98,16304.15,211303.41
2025-04-20 14:00:00,12.98,13.2,12.97,13.17,106285.8,1395989.86
2025-04-20 15:00:00,13.17,13.2,13.09,13.11,57028.14,750391.77
2025-04-20 16:00:00,13.11,13.21,13.06,13.19,41084.82,539400.13
2025-04-20 17:00:00,13.19,13.2,13.13,13.19,32160.55,423592.25
2025-04-20 18:00:00,13.19,13.34,13.18,13.32,111820.31,1483939.11
2025-04-20 19:00:00,13.32,13.45,13.3,13.4,43908.47,587856.54
2025-04-20 20:00:00,13.4,13.59,13.38,13.41,159594.79,2155469.6
2025-04-20 21:00:00,13.41,13.42,13.33,13.38,53533.05,716101.88
2025-04-20 22:00:00,13.38,13.39,13.24,13.3,54708.98,727771.9
2025-04-20 23:00:00,13.3,13.35,13.25,13.28,18660.01,248122.58
2025-04-21 00:00:00,13.28,13.55,13.26,13.5,136029.45,1832605.3
2025-04-21 01:00:00,13.5,13.64,13.47,13.62,124223.44,1683361.13
2025-04-21 02:00:00,13.62,13.65,13.48,13.55,62098.39,843249.12
2025-04-21 03:00:00,13.55,13.58,13.51,13.53,36749.97,497878.46
2025-04-21 04:00:00,13.53,13.59,13.47,13.57,51754.4,700348.81
2025-04-21 05:00:00,13.57,13.62,13.51,13.55,45203.73,612952.77
2025-04-21 06:00:00,13.55,13.62,13.55,13.59,42698.04,579934.33
2025-04-21 07:00:00,13.59,13.65,13.55,13.64,36071.91,490375.88
2025-04-21 08:00:00,13.64,13.69,13.57,13.6,45452.21,619736.09
2025-04-21 09:00:00,13.6,13.62,13.51,13.53,32171.88,436116.36
2025-04-21 10:00:00,13.53,13.55,13.47,13.54,33751.34,455871.11
2025-04-21 11:00:00,13.54,13.55,13.39,13.45,48347.72,649995.46
2025-04-21 12:00:00,13.45,13.49,13.4,13.4,41186.96,553705.26
2025-04-21 13:00:00,13.4,13.46,13.35,13.35,60229.58,807103.14
2025-04-21 14:00:00,13.35,13.61,13.33,13.52,127290.57,1718479.1
2025-04-21 15:00:00,13.52,13.52,13.34,13.36,76061.6,1021315.69
2025-04-21 16:00:00,13.36,13.39,13.1,13.11,163715.67,2170422.37
2025-04-21 17:00:00,13.11,13.15,12.97,13.03,107489.45,1405361.99
2025-04-21 18:00:00,13.03,13.07,12.99,12.99,50584.3,658800.51
2025-04-21 19:00:00,12.99,13.16,12.98,13.14,65757.47,861583.59
2025-04-21 20:00:00,13.14,13.15,13.09,13.11,41896.79,549526.71
2025-04-21 21:00:00,13.11,13.12,13.05,13.09,54790.24,717057.34
2025-04-21 22:00:00,13.09,13.09,13.03,13.08,28149.44,367693.17
2025-04-21 23:00:00,13.08,13.12,13.02,13.1,41073.59,535986.88
2025-04-22 00:00:00,13.1,13.12,12.89,13.07,60662.73,788196.02
2025-04-22 01:00:00,13.07,13.31,13.04,13.24,136445.42,1803859.93
2025-04-22 02:00:00,13.24,13.3,13.11,13.15,55983.14,739384.41
2025-04-22 03:00:00,13.15,13.18,13.11,13.13,29670.19,389623.08
2025-04-22 04:00:00,13.13,13.16,13.03,13.04,35149.71,460369.77
2025-04-22 05:00:00,13.04,13.13,13.02,13.13,27931.13,364705.38
2025-04-22 06:00:00,13.13,13.15,13.01,13.06,31078.22,406228.22
2025-04-22 07:00:00,13.06,13.33,13.05,13.29,125419.49,1660474.27
2025-04-22 08:00:00,13.29,13.43,13.26,13.33,89721.47,1196226.34
2025-04-22 09:00:00,13.33,13.41,13.29,13.33,56214.83,749860.2
2025-04-22 10:00:00,13.33,13.41,13.25,13.41,55531.54,739989.06
2025-04-22 11:00:00,13.41,13.52,13.41,13.45,60004.6,807864.8
2025-04-22 12:00:00,13.45,13.51,13.41,13.49,56478.41,760387.25
2025-04-22 13:00:00,13.49,13.7,13.48,13.61,277124.79,3763464.18
2025-04-22 14:00:00,13.61,13.83,13.57,13.82,220909.91,3021432.3
2025-04-22 15:00:00,13.82,14.09,13.75,13.86,276955.7,3859170.7
2025-04-22 16:00:00,13.86,13.92,13.78,13.82,93612.07,1295588.0
2025-04-22 17:00:00,13.82,13.86,13.72,13.84,106478.5,1470382.61
2025-04-22 18:00:00,13.84,13.93,13.81,13.88,83170.8,1153391.98
2025-04-22 19:00:00,13.88,13.89,13.75,13.86,61044.79,845062.05
2025-04-22 20:00:00,13.86,13.87,13.8,13.8,51655.43,714546.25
2025-04-22 21:00:00,13.8,14.17,13.78,14.06,312890.81,4377341.88
2025-04-22 22:00:00,14.06,14.13,13.94,13.99,198154.96,2779701.96
2025-04-22 23:00:00,13.99,14.17,13.99,14.14,122577.4,1726602.21
2025-04-23 00:00:00,14.14,14.2,14.03,14.04,154300.81,2178716.69
2025-04-23 01:00:00,14.04,14.28,14.03,14.16,137320.99,1949498.96
2025-04-23 02:00:00,14.16,14.41,14.15,14.34,139584.75,1995542.46
2025-04-23 03:00:00,14.34,14.43,14.25,14.43,80596.14,1156145.67
2025-04-23 04:00:00,14.43,14.71,14.36,14.71,98863.82,1433751.74
2025-04-23 05:00:00,14.71,14.71,14.51,14.52,113471.2,1655257.37
2025-04-23 06:00:00,14.52,14.66,14.5,14.63,70704.68,1032584.98
2025-04-23 07:00:00,14.63,14.77,14.53,14.75,91315.93,1335198.58
2025-04-23 08:00:00,14.75,14.92,14.71,14.88,110711.41,1639375.79
2025-04-23 09:00:00,14.88,14.97,14.83,14.84,137218.29,2040915.25
2025-04-23 10:00:00,14.84,14.99,14.73,14.97,192957.63,2871084.68
2025-04-23 11:00:00,14.97,15.15,14.92,15.01,124113.68,1865609.58
2025-04-23 12:00:00,15.01,15.21,14.99,15.18,150767.91,2276567.28
2025-04-23 13:00:00,15.18,15.28,14.89,14.92,381375.43,5762264.68
2025-04-23 14:00:00,14.92,15.07,14.81,14.89,234589.69,3504005.35
2025-04-23 15:00:00,14.89,14.92,14.59,14.85,352555.98,5198727.08
2025-04-23 16:00:00,14.85,14.9,14.72,14.82,120995.35,1794622.48
2025-04-23 17:00:00,14.82,14.95,14.78,14.92,110872.62,1647784.52
2025-04-23 18:00:00,14.92,15.04,14.89,14.95,99315.69,1487617.91
2025-04-23 19:00:00,14.95,14.96,14.74,14.86,128457.04,1907973.7
2025-04-23 20:00:00,14.86,15.03,14.86,15.0,80918.76,1210644.9
2025-04-23 21:00:00,15.0,15.05,14.9,14.93,42577.94,637839.92
2025-04-23 22:00:00,14.93,15.15,14.92,15.14,79865.63,1201602.31
2025-04-23 23:00:00,15.14,15.15,14.96,15.02,65534.34,987331.56
2025-04-24 00:00:00,15.02,15.11,14.94,14.96,60559.3,909658.66
2025-04-24 01:00:00,14.96,15.01,14.84,14.95,109417.82,1633758.39
2025-04-24 02:00:00,14.95,14.97,14.73,14.73,77615.62,1152227.59
2025-04-24 03:00:00,14.73,14.82,14.57,14.58,104957.99,1541926.16
2025-04-24 04:00:00,14.58,14.63,14.3,14.53,370214.76,5361743.58
2025-04-24 05:00:00,14.53,14.58,14.43,14.49,55824.02,809786.38
2025-04-24 06:00:00,14.49,14.57,14.4,14.41,39839.34,577539.13
2025-04-24 07:00:00,14.41,14.49,14.28,14.32,81246.54,1166878.89
2025-04-24 08:00:00,14.32,14.41,14.16,14.23,99808.61,1426207.99
2025-04-24 09:00:00,14.23,14.42,14.22,14.41,65068.83,933351.06
2025-04-24 10:00:00,14.41,14.46,14.36,14.44,33365.75,480400.8
2025-04-24 11:00:00,14.44,14.45,14.32,14.44,42226.47,606319.57
2025-04-24 12:00:00,14.44,14.5,14.37,14.5,48553.72,701067.89
2025-04-24 13:00:00,14.5,14.62,14.45,14.54,125973.57,1827797.36
2025-04-24 14:00:00,14.54,14.91,14.52,14.86,152601.39,2246641.47
2025-04-24 15:00:00,14.86,15.15,14.84,14.88,220474.33,3306393.34
2025-04-24 16:00:00,14.88,15.07,14.85,15.01,202513.86,3035426.79
2025-04-24 17:00:00,15.01,15.08,14.73,14.83,111664.73,1659878.67
2025-04-24 18:00:00,14.83,15.06,14.83,14.96,89700.24,1342030.68
2025-04-24 19:00:00,14.96,14.98,14.88,14.96,58051.18,866541.86
2025-04-24 20:00:00,14.96,15.04,14.94,14.97,65493.55,981610.83
2025-04-24 21:00:00,14.97,15.05,14.88,14.9,108482.88,1620376.68
2025-04-24 22:00:00,14.9,15.01,14.85,14.94,61051.04,912141.87
2025-04-24 23:00:00,14.94,15.11,14.92,15.06,62226.57,936518.13
2025-04-25 00:00:00,15.06,15.16,14.99,15.09,74577.03,1125101.24
2025-04-25 01:00:00,15.09,15.2,14.9,14.92,117919.52,1774620.0
2025-04-25 02:00:00,14.92,14.96,14.72,14.77,135832.8,2017542.98
2025-04-25 03:00:00,14.77,15.0,14.72,14.98,54248.2,806403.84
2025-04-25 04:00:00,14.98,15.04,14.87,15.0,85671.81,1280818.8
2025-04-25 05:00:00,15.0,15.04,14.94,14.96,61525.27,921645.35
2025-04-25 06:00:00,14.96,15.24,14.94,15.2,86806.13,1312193.87
2025-04-25 07:00:00,15.2,15.29,15.06,15.12,73975.3,1120400.47
2025-04-25 08:00:00,15.12,15.18,15.07,15.16,56353.39,852364.46
2025-04-25 09:00:00,15.16,15.3,15.1,15.26,116465.83,1770167.89
2025-04-25 10:00:00,15.26,15.28,14.94,15.01,157424.77,2374932.04
2025-04-25 11:00:00,15.01,15.17,15.01,15.15,100234.41,1513284.91
2025-04-25 12:00:00,15.15,15.27,14.96,14.98,202096.67,3054719.61
2025-04-25 13:00:00,14.98,15.05,14.83,14.97,135963.19,2035776.62
2025-04-25 14:00:00,14.97,15.35,14.97,15.28,256097.04,3885739.63
2025-04-25 15:00:00,15.28,15.36,15.12,15.21,199334.3,3042879.98
2025-04-25 16:00:00,15.21,15.24,15.03,15.18,85872.72,1299970.1
2025-04-25 17:00:00,15.18,15.25,14.94,14.97,112177.91,1688156.89
2025-04-25 18:00:00,14.97,15.13,14.97,15.04,67636.67,1018339.06
2025-04-25 19:00:00,15.04,15.07,14.96,15.07,91757.13,1378194.61
2025-04-25 20:00:00,15.07,15.08,14.99,15.03,49902.83,750600.22
2025-04-25 21:00:00,15.03,15.09,14.9,14.93,48697.6,730432.05
2025-04-25 22:00:00,14.93,15.06,14.93,15.02,29979.77,449438.83
2025-04-25 23:00:00,15.02,15.02,14.92,14.93,41189.57,616043.27
2025-04-26 00:00:00,14.93,15.11,14.93,15.08,53931.68,809710.71
2025-04-26 01:00:00,15.08,15.28,15.02,15.22,196671.87,2986706.9
2025-04-26 02:00:00,15.22,15.24,15.1,15.15,69535.18,1054119.35
2025-04-26 03:00:00,15.15,15.2,15.07,15.1,36460.82,551597.9
2025-04-26 04:00:00,15.1,15.14,14.97,15.01,132111.01,1986220.3
2025-04-26 05:00:00,15.01,15.09,14.97,15.05,30024.27,451213.71
2025-04-26 06:00:00,15.05,15.15,15.03,15.12,28638.2,431924.43
2025-04-26 07:00:00,15.12,15.22,15.1,15.1,44040.29,668397.5
2025-04-26 08:00:00,15.1,15.26,14.98,15.02,126583.53,1913605.24
2025-04-26 09:00:00,15.02,15.05,14.89,14.94,73677.23,1103181.2
2025-04-26 10:00:00,14.94,15.01,14.92,14.95,25634.48,383914.42
2025-04-26 11:00:00,14.95,14.97,14.74,14.78,68339.75,1014564.87
2025-04-26 12:00:00,14.78,14.85,14.77,14.79,51144.54,757223.0
2025-04-26 13:00:00,14.79,14.83,14.68,14.78,64357.67,950218.64
2025-04-26 14:00:00,14.78,14.86,14.72,14.82,48008.38,710210.29
2025-04-26 15:00:00,14.82,14.94,14.82,14.93,53991.92,803838.83
2025-04-26 16:00:00,14.93,14.97,14.83,14.89,49041.82,731177.14
2025-04-26 17:00:00,14.89,14.92,14.85,14.89,28668.46,426646.51
2025-04-26 18:00:00,14.89,14.9,14.8,14.8,27024.93,401192.22
2025-04-26 19:00:00,14.8,14.9,14.8,14.89,33913.38,503572.35
2025-04-26 20:00:00,14.89,14.96,14.81,14.81,27385.94,407804.76
2025-04-26 21:00:00,14.81,14.89,14.8,14.82,42105.94,625268.12
2025-04-26 22:00:00,14.82,14.98,14.82,14.91,40550.86,604917.25
2025-04-26 23:00:00,14.91,14.92,14.85,14.87,25455.16,378877.94
2025-04-27 00:00:00,14.87,15.09,14.83,15.07,147982.62,2219119.37
2025-04-27 01:00:00,15.07,15.09,14.64,14.65,249979.48,3717686.45
2025-04-27 02:00:00,14.65,14.76,14.61,14.68,98837.76,1452453.47
2025-04-27 03:00:00,14.68,14.78,14.67,14.76,47718.38,703122.49
2025-04-27 04:00:00,14.76,14.84,14.64,14.66,41059.79,606329.79
2025-04-27 05:00:00,14.66,14.73,14.54,14.57,64497.57,942227.61
2025-04-27 06:00:00,14.57,14.63,14.47,14.54,65830.78,956513.89
2025-04-27 07:00:00,14.54,14.58,14.44,14.56,84009.76,1218251.71
2025-04-27 08:00:00,14.56,14.66,14.52,14.62,36089.88,527455.3
2025-04-27 09:00:00,14.62,14.62,14.55,14.58,21024.66,306519.77
2025-04-27 10:00:00,14.58,14.61,14.51,14.56,20688.67,301164.62
2025-04-27 11:00:00,14.56,14.6,14.53,14.53,18827.42,274182.38
2025-04-27 12:00:00,14.53,14.63,14.45,14.47,52587.55,763552.43
2025-04-27 13:00:00,14.47,14.61,14.38,14.59,70099.2,1016604.16
2025-04-27 14:00:00,14.59,14.65,14.55,14.57,38854.0,567064.87
2025-04-27 15:00:00,14.57,14.57,14.43,14.48,33227.25,481294.76
2025-04-27 16:00:00,14.48,14.52,14.4,14.46,49420.88,715218.08
2025-04-27 17:00:00,14.46,14.57,14.44,14.57,26366.21,382683.88
2025-04-27 18:00:00,14.57,14.68,14.54,14.65,27843.62,407000.46
2025-04-27 19:00:00,14.65,14.82,14.65,14.82,46308.25,681876.24
2025-04-27 20:00:00,14.82,14.82,14.68,14.69,32557.67,480004.54
2025-04-27 21:00:00,14.69,14.81,14.63,14.8,62124.69,913066.83
2025-04-27 22:00:00,14.8,14.8,14.6,14.68,47333.2,695273.76
2025-04-27 23:00:00,14.68,14.68,14.56,14.56,40148.4,586615.66
2025-04-28 00:00:00,14.56,14.64,14.44,14.54,94940.46,1380849.62
2025-04-28 01:00:00,14.54,14.58,14.26,14.34,197726.26,2842759.36
2025-04-28 02:00:00,14.34,14.61,14.32,14.58,86492.24,1250669.19
2025-04-28 03:00:00,14.58,14.87,14.57,14.84,90281.73,1330476.66
2025-04-28 04:00:00,14.84,14.99,14.83,14.9,168538.4,2510873.68
2025-04-28 05:00:00,14.9,14.93,14.74,14.81,57040.08,845401.71
2025-04-28 06:00:00,14.81,14.97,14.79,14.93,49003.87,729499.69
2025-04-28 07:00:00,14.93,15.04,14.9,15.02,57569.11,862202.79
2025-04-28 08:00:00,15.02,15.11,15.0,15.01,38265.5,575615.77
2025-04-28 09:00:00,15.01,15.04,14.93,14.93,47385.19,710116.74
2025-04-28 10:00:00,14.93,15.05,14.81,14.97,89693.0,1339631.39
2025-04-28 11:00:00,14.97,15.05,14.91,14.98,55499.6,831494.96
2025-04-28 12:00:00,14.98,14.98,14.86,14.89,65410.08,974779.46
2025-04-28 13:00:00,14.89,14.95,14.68,14.69,98068.56,1456716.02
2025-04-28 14:00:00,14.69,14.91,14.65,14.72,90579.99,1339190.53
2025-04-28 15:00:00,14.72,14.74,14.46,14.55,194477.4,2841583.64
2025-04-28 16:00:00,14.55,14.62,14.42,14.57,76824.53,1115900.73
2025-04-28 17:00:00,14.57,14.8,14.54,14.77,49752.84,727190.46
2025-04-28 18:00:00,14.77,14.82,14.68,14.8,56978.82,840642.9
2025-04-28 19:00:00,14.8,15.02,14.79,14.96,139365.55,2080356.27
2025-04-28 20:00:00,14.96,14.97,14.81,14.84,61168.29,911140.56
2025-04-28 21:00:00,14.84,14.93,14.8,14.91,27291.99,405233.36
2025-04-28 22:00:00,14.91,15.01,14.89,14.99,49766.57,744886.29
2025-04-28 23:00:00,14.99,15.11,14.99,15.02,76822.13,1156302.73
2025-04-29 00:00:00,15.02,15.21,15.0,15.2,107432.22,1627347.26
2025-04-29 01:00:00,15.2,15.24,15.07,15.09,70673.98,1070849.46
2025-04-29 02:00:00,15.09,15.1,14.95,14.98,49786.84,747944.08
2025-04-29 03:00:00,14.98,15.11,14.94,15.07,49866.02,749171.84
2025-04-29 04:00:00,15.07,15.09,14.88,14.9,32029.15,480103.8
2025-04-29 05:00:00,14.9,14.93,14.85,14.91,34579.75,514975.5
2025-04-29 06:00:00,14.91,15.2,14.9,15.18,35902.76,543115.66
2025-04-29 07:00:00,15.18,15.2,15.12,15.18,56004.33,848681.77
2025-04-29 08:00:00,15.18,15.23,15.09,15.17,37474.64,567873.3
2025-04-29 09:00:00,15.17,15.22,15.07,15.1,32106.91,486237.33
2025-04-29 10:00:00,15.1,15.22,15.01,15.04,84726.95,1281000.44
2025-04-29 11:00:00,15.04,15.19,15.02,15.02,51163.11,772381.69
2025-04-29 12:00:00,15.02,15.05,14.93,14.96,51864.48,777659.33
2025-04-29 13:00:00,14.96,15.0,14.85,14.95,66209.42,988573.5
2025-04-29 14:00:00,14.95,15.04,14.89,14.99,70997.7,1062323.61
2025-04-29 15:00:00,14.99,14.99,14.86,14.9,49268.76,734427.4
2025-04-29 16:00:00,14.9,15.01,14.82,14.87,67909.13,1011093.93
2025-04-29 17:00:00,14.87,14.96,14.79,14.92,56884.03,846605.78
2025-04-29 18:00:00,14.92,15.0,14.91,14.99,82636.53,1236200.4
2025-04-29 19:00:00,14.99,15.0,14.86,14.87,42280.86,631904.72
2025-04-29 20:00:00,14.87,14.91,14.74,14.78,48927.58,723957.47
2025-04-29 21:00:00,14.78,14.78,14.61,14.68,77132.02,1132082.93
2025-04-29 22:00:00,14.68,14.68,14.55,14.57,54164.55,791289.28
2025-04-29 23:00:00,14.57,14.63,14.49,14.61,67068.21,976012.4
2025-04-30 00:00:00,14.61,14.7,14.57,14.66,40297.2,590235.52
2025-04-30 01:00:00,14.66,14.66,14.51,14.6,34060.58,497120.76
2025-04-30 02:00:00,14.6,14.72,14.58,14.7,32703.24,479707.73
2025-04-30 03:00:00,14.7,14.76,14.66,14.73,22829.64,335698.17
2025-04-30 04:00:00,14.73,14.74,14.67,14.71,22264.09,327167.22
2025-04-30 05:00:00,14.71,14.71,14.6,14.62,17747.25,259855.95
2025-04-30 06:00:00,14.62,14.65,14.57,14.57,25028.83,365774.66
2025-04-30 07:00:00,14.57,14.58,14.48,14.54,27926.13,405015.01
2025-04-30 08:00:00,14.54,14.56,14.48,14.51,33779.65,490429.79
2025-04-30 09:00:00,14.51,14.62,14.5,14.57,23231.13,338459.89
2025-04-30 10:00:00,14.57,14.63,14.53,14.62,22892.12,333805.43
2025-04-30 11:00:00,14.62,14.68,14.61,14.63,41835.15,612299.43
2025-04-30 12:00:00,14.63,14.64,14.24,14.32,120482.31,1736997.57
2025-04-30 13:00:00,14.32,14.32,13.86,13.87,230662.18,3244909.77
2025-04-30 14:00:00,13.87,14.17,13.84,14.07,196400.44,2750866.0
2025-04-30 15:00:00,14.07,14.19,14.07,14.13,68537.1,968479.05
2025-04-30 16:00:00,14.13,14.16,13.99,14.11,79544.42,1118156.57
2025-04-30 17:00:00,14.11,14.25,14.05,14.22,69446.31,983662.72
2025-04-30 18:00:00,14.22,14.37,14.19,14.23,150684.0,2153811.02
2025-04-30 19:00:00,14.23,14.27,14.12,14.22,67331.43,955027.53
2025-04-30 20:00:00,14.22,14.43,14.21,14.31,81054.52,1163470.81
2025-04-30 21:00:00,14.31,14.37,14.25,14.28,48004.38,687714.62
2025-04-30 22:00:00,14.28,14.32,14.22,14.26,27185.52,387877.41
2025-04-30 23:00:00,14.26,14.36,14.23,14.3,24752.09,353860.82
2025-05-01 00:00:00,14.3,14.45,14.3,14.44,34780.21,500629.84
2025-05-01 01:00:00,14.44,14.55,14.44,14.55,59236.13,858740.72
2025-05-01 02:00:00,14.55,14.68,14.53,14.56,55337.53,808859.16
2025-05-01 03:00:00,14.56,14.63,14.52,14.54,23887.88,348142.56
2025-05-01 04:00:00,14.54,14.56,14.49,14.53,21004.04,304823.01
2025-05-01 05:00:00,14.53,14.73,14.53,14.67,50855.66,744793.28
2025-05-01 06:00:00,14.67,14.68,14.58,14.62,34328.6,501855.09
2025-05-01 07:00:00,14.62,14.75,14.59,14.73,35594.22,523246.87
2025-05-01 08:00:00,14.73,14.9,14.71,14.89,63021.81,932877.58
2025-05-01 09:00:00,14.89,14.93,14.87,14.87,39047.96,581736.67
2025-05-01 10:00:00,14.87,15.02,14.87,14.98,72970.92,1091206.76
2025-05-01 11:00:00,14.98,15.02,14.93,14.98,41979.86,628686.91
2025-05-01 12:00:00,14.98,15.01,14.9,14.94,84171.65,1259044.1
2025-05-01 13:00:00,14.94,14.97,14.72,14.72,122623.73,1822153.51
2025-05-01 14:00:00,14.72,14.94,14.72,14.94,128994.16,1912661.56
2025-05-01 15:00:00,14.94,15.04,14.85,14.87,149552.43,2239053.9
2025-05-01 16:00:00,14.87,15.02,14.87,14.91,58560.2,875503.22
2025-05-01 17:00:00,14.91,14.98,14.84,14.93,57010.29,850562.15
2025-05-01 18:00:00,14.93,14.97,14.84,14.96,37632.14,560538.87
2025-05-01 19:00:00,14.96,14.99,14.84,14.85,61226.14,913501.03
2025-05-01 20:00:00,14.85,14.92,14.81,14.9,52786.09,785046.01
2025-05-01 21:00:00,14.9,14.95,14.83,14.84,69251.83,1032179.44
2025-05-01 22:00:00,14.84,14.9,14.81,14.82,28104.73,417230.3
2025-05-01 23:00:00,14.82,14.83,14.74,14.75,27363.36,404229.47
2025-05-02 00:00:00,14.75,14.87,14.7,14.83,43141.49,637877.25
2025-05-02 01:00:00,14.83,14.88,14.71,14.76,31159.48,460903.33
2025-05-02 02:00:00,14.76,15.01,14.73,14.95,113298.19,1692593.59
2025-05-02 03:00:00,14.95,15.03,14.88,14.88,67864.04,1016247.03
2025-05-02 04:00:00,14.88,14.9,14.75,14.76,30936.62,458908.56
2025-05-02 05:00:00,14.76,14.79,14.68,14.72,34174.44,504073.87
2025-05-02 06:00:00,14.72,14.79,14.69,14.73,35151.34,518644.48
2025-05-02 07:00:00,14.73,14.74,14.56,14.57,63047.17,922733.53
2025-05-02 08:00:00,14.57,14.75,14.56,14.75,35380.48,518454.64
2025-05-02 09:00:00,14.75,14.77,14.65,14.65,20382.47,299456.96
2025-05-02 10:00:00,14.65,14.7,14.62,14.63,34744.39,509545.38
2025-05-02 11:00:00,14.63,14.68,14.59,14.6,27365.68,400729.51
2025-05-02 12:00:00,14.6,14.68,14.5,14.68,73363.39,1071015.02
2025-05-02 13:00:00,14.68,14.69,14.58,14.62,65422.96,957699.59
2025-05-02 14:00:00,14.62,14.87,14.62,14.85,134635.62,1985531.71
2025-05-02 15:00:00,14.85,14.87,14.68,14.79,92018.4,1360005.87
2025-05-02 16:00:00,14.79,15.02,14.79,14.88,110076.73,1645670.18
2025-05-02 17:00:00,14.88,14.89,14.81,14.85,48069.29,713592.43
2025-05-02 18:00:00,14.85,14.94,14.8,14.82,41568.88,618404.95
2025-05-02 19:00:00,14.82,14.82,14.62,14.65,47438.86,698830.6
2025-05-02 20:00:00,14.65,14.81,14.62,14.79,26296.56,387717.75
2025-05-02 21:00:00,14.79,14.79,14.6,14.63,28331.09,416140.41
2025-05-02 22:00:00,14.63,14.68,14.58,14.59,37094.4,542660.71
2025-05-02 23:00:00,14.59,14.67,14.58,14.66,21082.2,308476.01
2025-05-03 00:00:00,14.66,14.67,14.56,14.56,18087.98,263940.42
2025-05-03 01:00:00,14.56,14.58,14.51,14.52,33180.18,482384.12
2025-05-03 02:00:00,14.52,14.57,14.51,14.53,31644.06,459768.21
2025-05-03 03:00:00,14.53,14.56,14.5,14.54,22496.93,326831.76
2025-05-03 04:00:00,14.54,14.54,14.49,14.51,29229.84,424319.04
2025-05-03 05:00:00,14.51,14.55,14.48,14.51,21514.8,312187.08
2025-05-03 06:00:00,14.51,14.51,14.41,14.42,22872.78,330401.54
2025-05-03 07:00:00,14.42,14.44,14.37,14.4,20100.24,289453.83
2025-05-03 08:00:00,14.4,14.43,14.35,14.38,14786.87,212706.96
2025-05-03 09:00:00,14.38,14.42,14.36,14.4,19788.5,284838.64
2025-05-03 10:00:00,14.4,14.42,14.29,14.3,30026.35,431151.26
2025-05-03 11:00:00,14.3,14.35,14.29,14.31,34481.88,493696.78
2025-05-03 12:00:00,14.31,14.46,14.31,14.44,27381.79,393897.2
2025-05-03 13:00:00,14.44,14.48,14.41,14.43,25554.97,369264.8
2025-05-03 14:00:00,14.43,14.5,14.41,14.47,17918.81,258878.11
2025-05-03 15:00:00,14.47,14.53,14.43,14.43,16633.49,240900.38
2025-05-03 16:00:00,14.43,14.43,14.21,14.31,103210.66,1474590.84
2025-05-03 17:00:00,14.31,14.32,14.17,14.28,58331.06,829693.28
2025-05-03 18:00:00,14.28,14.33,14.22,14.25,23773.25,339373.16
2025-05-03 19:00:00,14.25,14.38,14.23,14.38,11900.48,170334.59
2025-05-03 20:00:00,14.38,14.44,14.37,14.4,16409.74,236441.51
2025-05-03 21:00:00,14.4,14.43,14.28,14.29,99685.48,1427901.35
2025-05-03 22:00:00,14.29,14.35,14.24,14.33,28589.19,408456.26
2025-05-03 23:00:00,14.33,14.33,14.24,14.25,15769.8,225230.47
2025-05-04 00:00:00,14.25,14.31,14.16,14.22,27226.56,387231.34
2025-05-04 01:00:00,14.22,14.3,14.17,14.27,18299.1,260533.72
2025-05-04 02:00:00,14.27,14.36,14.2,14.22,20739.8,296667.1
2025-05-04 03:00:00,14.22,14.25,14.17,14.18,41388.5,588369.55
2025-05-04 04:00:00,14.18,14.22,14.1,14.14,79453.38,1124990.75
2025-05-04 05:00:00,14.14,14.26,14.13,14.23,31171.65,442935.61
2025-05-04 06:00:00,14.23,14.25,14.13,14.19,13844.97,196471.82
2025-05-04 07:00:00,14.19,14.21,14.08,14.13,31810.93,449469.41
2025-05-04 08:00:00,14.13,14.13,14.03,14.04,33858.07,476755.5
2025-05-04 09:00:00,14.04,14.05,13.98,14.02,38738.34,542810.49
2025-05-04 10:00:00,14.02,14.09,13.99,14.08,14170.75,199075.25
2025-05-04 11:00:00,14.08,14.11,14.03,14.05,18822.61,264957.53
2025-05-04 12:00:00,14.05,14.1,14.04,14.04,15334.4,215767.73
2025-05-04 13:00:00,14.04,14.07,14.0,14.06,34237.89,480720.11
2025-05-04 14:00:00,14.06,14.17,14.05,14.15,23076.78,326033.32
2025-05-04 15:00:00,14.15,14.18,14.09,14.11,20326.93,287557.5
2025-05-04 16:00:00,14.11,14.12,13.99,14.02,23224.56,326059.57
2025-05-04 17:00:00,14.02,14.1,13.97,14.09,22401.23,314064.95
2025-05-04 18:00:00,14.09,14.13,14.03,14.04,16975.11,239019.04
2025-05-04 19:00:00,14.04,14.06,14.0,14.02,27749.47,389024.73
2025-05-04 20:00:00,14.02,14.15,14.01,14.15,20346.71,286431.91
2025-05-04 21:00:00,14.15,14.19,14.11,14.16,23800.46,336759.55
2025-05-04 22:00:00,14.16,14.17,13.89,13.93,67521.6,943634.32
2025-05-04 23:00:00,13.93,13.93,13.82,13.86,45893.22,636841.49
2025-05-05 00:00:00,13.86,14.0,13.85,13.98,26529.61,369510.55
2025-05-05 01:00:00,13.98,14.02,13.78,13.85,54467.74,757161.23
2025-05-05 02:00:00,13.85,14.02,13.77,13.97,41764.32,580608.7
2025-05-05 03:00:00,13.97,13.99,13.88,13.89,28603.01,397837.37
2025-05-05 04:00:00,13.89,14.04,13.85,14.03,24073.5,335791.38
2025-05-05 05:00:00,14.03,14.16,14.01,14.16,28061.94,394861.4
2025-05-05 06:00:00,14.16,14.2,14.09,14.1,22261.6,314465.24
2025-05-05 07:00:00,14.1,14.12,14.05,14.12,26218.93,369170.25
2025-05-05 08:00:00,14.12,14.15,14.05,14.06,65799.0,926492.45
2025-05-05 09:00:00,14.06,14.07,13.96,13.96,75280.32,1056320.34
2025-05-05 10:00:00,13.96,13.96,13.67,13.76,68022.46,938026.14
2025-05-05 11:00:00,13.76,13.84,13.68,13.75,76917.63,1057616.28
2025-05-05 12:00:00,13.75,14.06,13.69,13.76,231698.68,3192484.79
2025-05-05 13:00:00,13.76,13.81,13.62,13.73,78749.23,1079097.68
2025-05-05 14:00:00,13.73,13.8,13.61,13.65,72630.44,994139.41
2025-05-05 15:00:00,13.65,13.71,13.53,13.57,287076.37,3915006.45
2025-05-05 16:00:00,13.57,13.7,13.56,13.63,70486.2,961635.83
2025-05-05 17:00:00,13.63,13.74,13.59,13.69,49984.45,683805.15
2025-05-05 18:00:00,13.69,13.81,13.67,13.77,63105.55,866976.85
2025-05-05 19:00:00,13.77,13.81,13.62,13.64,51247.26,703012.03
2025-05-05 20:00:00,13.64,13.64,13.48,13.59,71953.94,974977.49
2025-05-05 21:00:00,13.59,13.7,13.58,13.64,29434.49,401510.17
2025-05-05 22:00:00,13.64,13.76,13.63,13.72,40567.29,555516.82
2025-05-05 23:00:00,13.72,13.74,13.64,13.64,33649.62,460703.16
2025-05-06 00:00:00,13.64,13.67,13.55,13.58,32191.75,438133.88
2025-05-06 01:00:00,13.58,13.68,13.5,13.51,50074.39,681157.06
2025-05-06 02:00:00,13.51,13.54,13.41,13.54,60069.22,808290.07
2025-05-06 03:00:00,13.54,13.62,13.5,13.59,38198.13,518401.68
2025-05-06 04:00:00,13.59,13.62,13.56,13.61,21580.76,293405.18
2025-05-06 05:00:00,13.61,13.62,13.5,13.5,21397.33,289913.16
2025-05-06 06:00:00,13.5,13.58,13.5,13.56,20920.19,283327.81
2025-05-06 07:00:00,13.56,13.61,13.5,13.53,57636.58,780545.53
2025-05-06 08:00:00,13.53,13.53,13.35,13.48,78244.43,1050531.22
2025-05-06 09:00:00,13.48,13.48,13.38,13.44,64420.67,865116.32
2025-05-06 10:00:00,13.44,13.44,13.31,13.35,38895.5,519967.07
2025-05-06 11:00:00,13.35,13.4,13.23,13.29,133819.06,1780004.75
2025-05-06 12:00:00,13.29,13.34,13.26,13.33,59301.18,789046.69
2025-05-06 13:00:00,13.33,13.34,13.21,13.27,73363.04,973319.39
2025-05-06 14:00:00,13.27,13.5,13.27,13.38,76237.06,1021535.28
2025-05-06 15:00:00,13.38,13.48,13.33,13.38,33032.09,443002.28
2025-05-06 16:00:00,13.38,13.47,13.32,13.38,97785.96,1309718.28
2025-05-06 17:00:00,13.38,13.54,13.37,13.42,48325.13,650513.2
2025-05-06 18:00:00,13.42,13.62,13.41,13.61,64592.39,873456.5
2025-05-06 19:00:00,13.61,13.69,13.58,13.62,90175.86,1228692.21
2025-05-06 20:00:00,13.62,13.65,13.47,13.49,53670.42,727345.58
2025-05-06 21:00:00,13.49,13.54,13.33,13.45,48747.88,654320.49
2025-05-06 22:00:00,13.45,13.75,13.45,13.72,180690.79,2468339.44
2025-05-06 23:00:00,13.72,13.89,13.65,13.82,111076.72,1530121.81
2025-05-07 00:00:00,13.82,13.98,13.79,13.95,110628.19,1538471.99
2025-05-07 01:00:00,13.95,14.09,13.95,14.01,132487.17,1857205.24
2025-05-07 02:00:00,14.01,14.03,13.87,13.88,50995.12,710957.66
2025-05-07 03:00:00,13.88,13.96,13.82,13.92,45001.73,625042.06
2025-05-07 04:00:00,13.92,14.0,13.91,13.94,35620.52,496511.01
2025-05-07 05:00:00,13.94,13.94,13.83,13.85,93880.46,1303162.34
2025-05-07 06:00:00,13.85,13.91,13.72,13.83,114595.27,1580544.47
2025-05-07 07:00:00,13.83,13.93,13.82,13.93,28437.84,394827.01
2025-05-07 08:00:00,13.93,13.96,13.85,13.95,22732.38,316265.08
2025-05-07 09:00:00,13.95,13.98,13.92,13.95,15280.26,213201.77
2025-05-07 10:00:00,13.95,13.95,13.82,13.85,45009.25,623911.44
2025-05-07 11:00:00,13.85,13.88,13.82,13.86,29109.8,403544.61
2025-05-07 12:00:00,13.86,13.88,13.76,13.79,38229.68,527381.59
2025-05-07 13:00:00,13.79,13.81,13.7,13.76,54656.7,751299.78
2025-05-07 14:00:00,13.76,13.84,13.63,13.66,129291.11,1780100.2
2025-05-07 15:00:00,13.66,13.69,13.58,13.59,41932.0,571852.86
2025-05-07 16:00:00,13.59,13.63,13.49,13.61,64919.44,879510.73
2025-05-07 17:00:00,13.61,13.65,13.52,13.58,34671.92,471419.18
2025-05-07 18:00:00,13.58,13.7,13.47,13.63,98135.94,1333983.31
2025-05-07 19:00:00,13.63,13.66,13.5,13.56,67966.17,922434.3
2025-05-07 20:00:00,13.56,13.65,13.54,13.65,37452.29,509185.38
2025-05-07 21:00:00,13.65,13.78,13.62,13.72,33705.95,461889.27
2025-05-07 22:00:00,13.72,13.87,13.71,13.84,59622.63,823882.11
2025-05-07 23:00:00,13.84,13.92,13.81,13.82,111262.44,1542532.48
2025-05-08 00:00:00,13.82,13.99,13.82,13.97,70061.71,972131.29
2025-05-08 01:00:00,13.97,14.11,13.97,14.06,117009.96,1643872.49
2025-05-08 02:00:00,14.06,14.3,14.06,14.25,141072.97,2003017.42
2025-05-08 03:00:00,14.25,14.51,14.25,14.49,102313.33,1468381.99
2025-05-08 04:00:00,14.49,14.58,14.48,14.5,95946.38,1394992.82
2025-05-08 05:00:00,14.5,14.57,14.47,14.47,66248.16,961477.73
2025-05-08 06:00:00,14.47,14.57,14.47,14.56,59483.51,863831.87
2025-05-08 07:00:00,14.56,14.72,14.56,14.69,132281.91,1939282.99
2025-05-08 08:00:00,14.69,14.79,14.68,14.76,85090.14,1255561.54
2025-05-08 09:00:00,14.76,14.85,14.72,14.85,43458.16,642480.44
2025-05-08 10:00:00,14.85,14.97,14.84,14.94,74816.02,1115055.09
2025-05-08 11:00:00,14.94,14.94,14.83,14.89,70007.33,1040899.03
2025-05-08 12:00:00,14.89,14.98,14.86,14.88,92336.59,1377450.8
2025-05-08 13:00:00,14.88,14.96,14.82,14.87,58690.64,873595.73
2025-05-08 14:00:00,14.87,15.01,14.81,14.91,183787.32,2741801.7
2025-05-08 15:00:00,14.91,15.42,14.9,15.23,298798.56,4537296.97
2025-05-08 16:00:00,15.23,15.36,15.18,15.27,223817.11,3415387.99
2025-05-08 17:00:00,15.27,15.37,15.19,15.26,161815.87,2474466.68
2025-05-08 18:00:00,15.26,15.41,15.26,15.34,170791.51,2619486.41
2025-05-08 19:00:00,15.34,15.6,15.31,15.54,148599.44,2296016.58
2025-05-08 20:00:00,15.54,15.92,15.48,15.84,284989.28,4471654.64
2025-05-08 21:00:00,15.84,15.98,15.68,15.75,322491.49,5101375.43
2025-05-08 22:00:00,15.75,15.8,15.59,15.77,157281.61,2472208.89
2025-05-08 23:00:00,15.77,15.89,15.71,15.88,82893.33,1309919.95
2025-05-09 00:00:00,15.88,15.88,15.71,15.78,87518.08,1381047.27
2025-05-09 01:00:00,15.78,15.92,15.73,15.91,85685.14,1354750.72
2025-05-09 02:00:00,15.91,15.91,15.8,15.87,77994.99,1235300.97
2025-05-09 03:00:00,15.87,15.95,15.65,15.68,135769.6,2148660.22
2025-05-09 04:00:00,15.68,15.71,15.59,15.61,73076.24,1143722.44
2025-05-09 05:00:00,15.61,15.69,15.59,15.68,54670.74,855129.37
2025-05-09 06:00:00,15.68,15.85,15.65,15.77,75223.77,1186598.7
2025-05-09 07:00:00,15.77,16.28,15.76,16.11,254414.5,4074695.91
2025-05-09 08:00:00,16.11,16.76,16.05,16.25,434918.85,7137400.15
2025-05-09 09:00:00,16.25,16.4,15.86,16.07,299403.8,4819896.52
2025-05-09 10:00:00,16.07,16.37,16.01,16.3,137040.54,2217256.17
2025-05-09 11:00:00,16.3,16.5,16.1,16.22,263265.44,4293947.4
2025-05-09 12:00:00,16.22,16.24,16.06,16.14,111096.93,1795112.59
2025-05-09 13:00:00,16.14,16.39,16.12,16.33,211167.31,3433695.78
2025-05-09 14:00:00,16.33,16.33,15.76,15.91,233503.81,3736379.84
2025-05-09 15:00:00,15.91,16.04,15.82,15.96,147546.69,2349184.88
2025-05-09 16:00:00,15.96,15.97,15.75,15.81,162750.97,2587378.78
2025-05-09 17:00:00,15.81,16.19,15.78,16.12,113886.72,1821115.26
2025-05-09 18:00:00,16.12,16.12,16.0,16.0,71224.03,1142943.05
2025-05-09 19:00:00,16.0,16.02,15.9,16.0,56201.48,897332.36
2025-05-09 20:00:00,16.0,16.07,15.98,16.06,74067.31,1187150.93
2025-05-09 21:00:00,16.06,16.08,15.92,16.03,46368.86,742495.88
2025-05-09 22:00:00,16.03,16.08,15.94,15.95,27718.97,444215.38
2025-05-09 23:00:00,15.95,16.05,15.94,16.02,37277.86,596193.61
2025-05-10 00:00:00,16.02,16.3,15.87,15.91,107846.34,1738161.39
2025-05-10 01:00:00,15.91,16.09,15.91,15.94,36405.38,582736.74
2025-05-10 02:00:00,15.94,16.18,15.92,16.1,58774.86,945320.66
2025-05-10 03:00:00,16.1,16.11,15.98,16.06,44867.39,720332.27
2025-05-10 04:00:00,16.06,16.06,15.9,15.98,25093.14,400259.55
2025-05-10 05:00:00,15.98,16.11,15.95,16.11,34759.26,556140.92
2025-05-10 06:00:00,16.11,16.29,16.1,16.28,75033.53,1217193.99
2025-05-10 07:00:00,16.28,16.41,16.21,16.36,108729.25,1772613.81
2025-05-10 08:00:00,16.36,16.5,16.19,16.24,92994.35,1522769.19
2025-05-10 09:00:00,16.24,16.38,16.13,16.33,40166.71,652852.01
2025-05-10 10:00:00,16.33,16.48,16.23,16.23,109477.53,1793494.12
2025-05-10 11:00:00,16.23,16.29,16.04,16.09,53756.8,869346.03
2025-05-10 12:00:00,16.09,16.39,16.09,16.33,92066.21,1500114.7
2025-05-10 13:00:00,16.33,16.51,16.33,16.43,110530.72,1814228.05
2025-05-10 14:00:00,16.43,16.48,16.3,16.46,57574.17,944476.04
2025-05-10 15:00:00,16.46,16.49,16.34,16.43,83951.73,1377334.04
2025-05-10 16:00:00,16.43,16.92,16.41,16.91,158793.43,2651023.1
2025-05-10 17:00:00,16.91,17.0,16.69,16.7,166432.02,2805565.1
2025-05-10 18:00:00,16.7,16.83,16.64,16.79,101885.58,1705654.04
2025-05-10 19:00:00,16.79,16.8,16.67,16.78,59448.0,995691.86
2025-05-10 20:00:00,16.78,16.92,16.65,16.87,75091.45,1260401.19
2025-05-10 21:00:00,16.87,17.18,16.86,17.13,101116.68,1720534.15
2025-05-10 22:00:00,17.13,17.4,17.12,17.38,121284.97,2095508.18
2025-05-10 23:00:00,17.38,17.46,17.27,17.33,225899.57,3921103.25
2025-05-11 00:00:00,17.33,17.4,16.81,17.11,323454.34,5568737.44
2025-05-11 01:00:00,17.11,17.16,16.82,16.93,64663.55,1099048.53
2025-05-11 02:00:00,16.93,17.07,16.83,16.91,127406.49,2159623.57
2025-05-11 03:00:00,16.91,17.05,16.83,16.95,75887.02,1286862.97
2025-05-11 04:00:00,16.95,17.03,16.9,17.0,40420.58,686186.1
2025-05-11 05:00:00,17.0,17.02,16.86,16.89,67908.11,1149627.11
2025-05-11 06:00:00,16.89,16.91,16.57,16.67,116260.27,1941515.88
2025-05-11 07:00:00,16.67,16.67,16.31,16.46,175935.36,2905877.28
2025-05-11 08:00:00,16.46,16.59,16.39,16.4,34293.52,565625.69
2025-05-11 09:00:00,16.4,16.64,16.4,16.6,61777.2,1023496.11
2025-05-11 10:00:00,16.6,16.65,16.5,16.64,72642.45,1205450.07
2025-05-11 11:00:00,16.64,16.69,16.58,16.67,105977.03,1762900.43
2025-05-11 12:00:00,16.67,16.75,16.6,16.71,259911.7,4333590.47
2025-05-11 13:00:00,16.71,16.87,16.43,16.44,286882.22,4793006.14
2025-05-11 14:00:00,16.44,16.69,16.44,16.66,145233.31,2418388.5
2025-05-11 15:00:00,16.66,16.84,16.47,16.63,240888.5,4020268.39
2025-05-11 16:00:00,16.63,16.79,16.44,16.7,217350.42,3615469.32
2025-05-11 17:00:00,16.7,16.92,16.67,16.89,115056.78,1931753.87
2025-05-11 18:00:00,16.89,17.07,16.75,16.96,93074.74,1575727.98
2025-05-11 19:00:00,16.96,17.05,16.9,16.95,58429.71,991349.23
2025-05-11 20:00:00,16.95,17.01,16.86,16.95,100977.6,1711959.13
2025-05-11 21:00:00,16.95,17.07,16.87,17.07,72504.37,1229132.38
2025-05-11 22:00:00,17.07,17.16,16.87,16.97,142648.83,2423729.66
2025-05-11 23:00:00,16.97,17.11,16.94,17.1,84598.18,1438934.64
2025-05-12 00:00:00,17.1,17.33,17.08,17.18,117875.04,2027205.05
2025-05-12 01:00:00,17.18,17.34,16.81,16.97,184242.2,3141858.75
2025-05-12 02:00:00,16.97,17.18,16.96,17.08,106645.51,1821345.64
2025-05-12 03:00:00,17.08,17.17,16.97,17.15,119073.12,2033793.65
2025-05-12 04:00:00,17.15,17.26,17.09,17.23,46175.77,792688.82
2025-05-12 05:00:00,17.23,17.23,16.99,17.01,56784.34,970730.72
2025-05-12 06:00:00,17.01,17.32,16.95,17.31,36155.61,620994.15
2025-05-12 07:00:00,17.31,17.97,17.31,17.51,382510.98,6755109.24
2025-05-12 08:00:00,17.51,17.61,17.25,17.58,133240.97,2325702.22
2025-05-12 09:00:00,17.58,17.63,17.34,17.35,110027.96,1921880.12
2025-05-12 10:00:00,17.35,17.4,17.18,17.38,132011.17,2281933.32
2025-05-12 11:00:00,17.38,17.44,17.12,17.14,123944.33,2140560.61
2025-05-12 12:00:00,17.14,17.48,17.13,17.37,160047.59,2776520.87
2025-05-12 13:00:00,17.37,17.58,17.23,17.38,223372.29,3886081.22
2025-05-12 14:00:00,17.38,17.49,16.86,16.9,344600.68,5891057.15
2025-05-12 15:00:00,16.9,17.01,16.71,16.83,240969.42,4066357.07
2025-05-12 16:00:00,16.83,17.01,16.73,16.95,102702.62,1736040.29
2025-05-12 17:00:00,16.95,17.02,16.64,16.7,97279.28,1635290.89
2025-05-12 18:00:00,16.7,16.76,16.04,16.28,372281.38,6101665.9
2025-05-12 19:00:00,16.28,16.57,16.23,16.53,167452.75,2752552.7
2025-05-12 20:00:00,16.53,16.71,16.4,16.62,73963.13,1226006.25
2025-05-12 21:00:00,16.62,16.75,16.6,16.71,88303.0,1472362.25
2025-05-12 22:00:00,16.71,16.82,16.66,16.73,98838.02,1652841.82
2025-05-12 23:00:00,16.73,16.84,16.72,16.74,46457.02,778257.35
2025-05-13 00:00:00,16.74,16.74,16.46,16.47,63069.26,1046080.31
2025-05-13 01:00:00,16.47,16.57,16.3,16.39,75489.96,1240398.21
2025-05-13 02:00:00,16.39,16.45,16.11,16.28,144430.94,2352697.8
2025-05-13 03:00:00,16.28,16.36,16.06,16.08,65205.82,1054208.96
2025-05-13 04:00:00,16.08,16.4,16.04,16.39,76186.31,1237550.52
2025-05-13 05:00:00,16.39,16.42,16.24,16.32,32937.75,538322.36
2025-05-13 06:00:00,16.32,16.47,16.32,16.39,25778.0,423115.94
2025-05-13 07:00:00,16.39,16.56,16.38,16.41,33341.75,548957.53
2025-05-13 08:00:00,16.41,16.5,16.36,16.43,68077.18,1119498.81
2025-05-13 09:00:00,16.43,16.67,16.42,16.66,47370.31,785737.54
2025-05-13 10:00:00,16.66,16.67,16.55,16.6,42869.76,711534.34
2025-05-13 11:00:00,16.6,16.78,16.57,16.67,115043.42,1921729.73
2025-05-13 12:00:00,16.67,16.81,16.53,16.73,149049.59,2487777.6
2025-05-13 13:00:00,16.73,16.89,16.66,16.77,132403.31,2221606.95
2025-05-13 14:00:00,16.77,16.81,16.59,16.65,180565.38,3010450.05
2025-05-13 15:00:00,16.65,16.89,16.6,16.87,126937.62,2121975.22
2025-05-13 16:00:00,16.87,17.2,16.84,17.04,198951.96,3400944.59
2025-05-13 17:00:00,17.04,17.19,17.02,17.19,143135.83,2451459.36
2025-05-13 18:00:00,17.19,17.47,17.15,17.47,119610.3,2064395.18
2025-05-13 19:00:00,17.47,17.8,17.34,17.62,274181.33,4820730.27
2025-05-13 20:00:00,17.62,17.69,17.4,17.61,130806.57,2296643.18
2025-05-13 21:00:00,17.61,17.75,17.49,17.66,60237.36,1060885.33
2025-05-13 22:00:00,17.66,17.69,17.47,17.48,130524.73,2292527.71
2025-05-13 23:00:00,17.48,17.51,17.36,17.39,117488.09,2049512.4
2025-05-14 00:00:00,17.39,17.47,17.32,17.36,122136.87,2121669.07
2025-05-14 01:00:00,17.36,17.53,17.29,17.31,239451.79,4172458.52
2025-05-14 02:00:00,17.31,17.32,17.08,17.19,156455.52,2691582.13
2025-05-14 03:00:00,17.19,17.25,17.11,17.23,91744.0,1576477.41
2025-05-14 04:00:00,17.23,17.35,17.12,17.35,41562.58,716876.43
2025-05-14 05:00:00,17.35,17.45,17.28,17.37,30250.68,524936.42
2025-05-14 06:00:00,17.37,17.4,17.27,17.37,21609.18,374405.1
2025-05-14 07:00:00,17.37,17.41,17.15,17.2,68114.85,1173295.01
2025-05-14 08:00:00,17.2,17.24,16.86,16.87,125398.35,2138229.11
2025-05-14 09:00:00,16.87,17.03,16.81,17.0,74410.32,1260842.6
2025-05-14 10:00:00,17.0,17.12,16.96,17.02,88914.13,1515345.4
2025-05-14 11:00:00,17.02,17.19,17.02,17.12,45399.95,777189.47
2025-05-14 12:00:00,17.12,17.16,16.94,16.97,62250.08,1061478.42
2025-05-14 13:00:00,16.97,17.26,16.84,17.03,221409.67,3777025.71
2025-05-14 14:00:00,17.03,17.04,16.78,16.92,146997.15,2483485.52
2025-05-14 15:00:00,16.92,17.01,16.79,17.01,73988.01,1251525.57
2025-05-14 16:00:00,17.01,17.05,16.83,16.92,83984.98,1423208.27
2025-05-14 17:00:00,16.92,16.95,16.68,16.92,161723.61,2716593.7
2025-05-14 18:00:00,16.92,17.0,16.85,16.98,97649.9,1653071.2
2025-05-14 19:00:00,16.98,17.1,16.98,17.02,70025.33,1193562.38
2025-05-14 20:00:00,17.02,17.11,17.0,17.01,63126.72,1076387.2
2025-05-14 21:00:00,17.01,17.02,16.89,17.01,68651.4,1163330.53
2025-05-14 22:00:00,17.01,17.03,16.87,16.89,46926.23,795081.65
2025-05-14 23:00:00,16.89,17.03,16.8,17.02,61072.69,1032576.53
2025-05-15 00:00:00,17.02,17.21,17.02,17.15,59326.68,1016774.37
2025-05-15 01:00:00,17.15,17.18,16.72,16.77,70846.39,1199018.82
2025-05-15 02:00:00,16.77,16.98,16.74,16.92,47046.26,793642.27
2025-05-15 03:00:00,16.92,16.94,16.69,16.72,40944.71,688696.35
2025-05-15 04:00:00,16.72,16.83,16.68,16.79,52046.82,871681.28
2025-05-15 05:00:00,16.79,16.8,16.53,16.54,77671.76,1294069.14
2025-05-15 06:00:00,16.54,16.65,16.41,16.55,79523.45,1315200.42
2025-05-15 07:00:00,16.55,16.57,16.19,16.21,89943.82,1465804.46
2025-05-15 08:00:00,16.21,16.55,16.2,16.54,66837.06,1095367.94
2025-05-15 09:00:00,16.54,16.54,16.17,16.29,105807.36,1727365.41
2025-05-15 10:00:00,16.29,16.3,16.09,16.22,47904.64,774528.07
2025-05-15 11:00:00,16.22,16.33,16.21,16.32,60718.29,988133.08
2025-05-15 12:00:00,16.32,16.43,16.22,16.3,94306.35,1539263.75
2025-05-15 13:00:00,16.3,16.41,15.99,16.14,152125.95,2462432.01
2025-05-15 14:00:00,16.14,16.2,15.87,16.02,142075.86,2274042.07
2025-05-15 15:00:00,16.02,16.47,16.01,16.45,162619.14,2634813.77
2025-05-15 16:00:00,16.45,16.62,16.3,16.62,189435.4,3114911.14
2025-05-15 17:00:00,16.62,16.71,16.48,16.55,187937.4,3116524.44
2025-05-15 18:00:00,16.55,16.56,16.06,16.08,156008.38,2547631.53
2025-05-15 19:00:00,16.08,16.26,16.0,16.18,100539.7,1624711.44
2025-05-15 20:00:00,16.18,16.29,15.98,16.05,212531.39,3430638.68
2025-05-15 21:00:00,16.05,16.05,15.81,16.01,141224.75,2248317.44
2025-05-15 22:00:00,16.01,16.16,15.95,15.95,121940.98,1957856.13
2025-05-15 23:00:00,15.95,16.05,15.71,16.05,113574.93,1800977.91
2025-05-16 00:00:00,16.05,16.17,15.98,16.03,63269.85,1016955.42
2025-05-16 01:00:00,16.03,16.2,15.94,16.19,70314.5,1129345.07
2025-05-16 02:00:00,16.19,16.34,16.14,16.25,135042.58,2196909.02
2025-05-16 03:00:00,16.25,16.33,16.2,16.3,62334.42,1014866.36
2025-05-16 04:00:00,16.3,16.38,16.16,16.24,61102.17,995360.92
2025-05-16 05:00:00,16.24,16.39,16.24,16.34,36500.46,596136.33
2025-05-16 06:00:00,16.34,16.44,16.29,16.4,36555.94,599164.06
2025-05-16 07:00:00,16.4,16.49,16.28,16.36,62236.97,1018910.56
2025-05-16 08:00:00,16.36,16.4,16.04,16.14,72475.86,1174644.37
2025-05-16 09:00:00,16.14,16.38,16.14,16.37,59742.9,974099.43
2025-05-16 10:00:00,16.37,16.46,16.33,16.44,50480.11,827553.96
2025-05-16 11:00:00,16.44,16.55,16.33,16.36,51947.33,854199.9
2025-05-16 12:00:00,16.36,16.39,16.21,16.21,44607.83,726846.19
2025-05-16 13:00:00,16.21,16.38,16.19,16.35,55612.41,906069.86
2025-05-16 14:00:00,16.35,16.35,16.09,16.17,83220.57,1349235.52
2025-05-16 15:00:00,16.17,16.31,16.17,16.26,58662.26,952625.41
2025-05-16 16:00:00,16.26,16.33,16.04,16.18,80928.32,1308886.95
2025-05-16 17:00:00,16.18,16.21,15.99,16.03,60819.92,979123.7
2025-05-16 18:00:00,16.03,16.08,15.99,16.04,65718.68,1053822.76
2025-05-16 19:00:00,16.04,16.09,15.99,16.07,73925.35,1185881.98
2025-05-16 20:00:00,16.07,16.08,15.79,15.91,116859.34,1860282.72
2025-05-16 21:00:00,15.91,15.99,15.84,15.89,52637.63,838239.88
2025-05-16 22:00:00,15.89,15.91,15.61,15.73,119795.93,1883179.98
2025-05-16 23:00:00,15.73,15.85,15.73,15.77,60238.98,951407.36
2025-05-17 00:00:00,15.77,15.79,15.5,15.57,157338.82,2455407.85
2025-05-17 01:00:00,15.57,15.57,15.29,15.39,150355.47,2317017.65
2025-05-17 02:00:00,15.39,15.48,15.25,15.44,89669.84,1378454.95
2025-05-17 03:00:00,15.44,15.52,15.29,15.52,53123.12,818112.36
2025-05-17 04:00:00,15.52,15.63,15.48,15.61,42907.9,667112.06
2025-05-17 05:00:00,15.61,15.62,15.4,15.41,45266.49,701828.97
2025-05-17 06:00:00,15.41,15.51,15.39,15.48,27891.45,430908.85
2025-05-17 07:00:00,15.48,15.54,15.34,15.41,26257.6,405438.1
2025-05-17 08:00:00,15.41,15.48,15.33,15.34,26671.78,410608.3
2025-05-17 09:00:00,15.34,15.39,15.26,15.34,40053.5,613730.3
2025-05-17 10:00:00,15.34,15.44,15.32,15.37,39813.3,611935.21
2025-05-17 11:00:00,15.37,15.42,15.27,15.32,53060.72,813942.67
2025-05-17 12:00:00,15.32,15.35,15.23,15.25,57400.73,877622.97
2025-05-17 13:00:00,15.25,15.33,15.13,15.18,78638.05,1195982.57
2025-05-17 14:00:00,15.18,15.42,15.17,15.39,55755.19,854471.74
2025-05-17 15:00:00,15.39,15.42,15.32,15.32,28131.72,432283.02
2025-05-17 16:00:00,15.32,15.35,15.09,15.25,76930.06,1169122.64
2025-05-17 17:00:00,15.25,15.39,15.23,15.29,56699.2,869680.63
2025-05-17 18:00:00,15.29,15.44,15.23,15.24,83196.34,1278920.27
2025-05-17 19:00:00,15.24,15.36,15.21,15.25,25538.36,390179.29
2025-05-17 20:00:00,15.25,15.49,15.22,15.43,96195.18,1478593.19
2025-05-17 21:00:00,15.43,15.45,15.32,15.41,43848.15,675345.0
2025-05-17 22:00:00,15.41,15.41,15.15,15.24,77805.7,1188432.43
2025-05-17 23:00:00,15.24,15.36,15.23,15.33,31635.53,484255.56
2025-05-18 00:00:00,15.33,15.39,15.27,15.38,35017.76,536806.4
2025-05-18 01:00:00,15.38,15.44,15.3,15.41,23086.89,354580.1
2025-05-18 02:00:00,15.41,15.44,15.36,15.38,44518.01,685866.31
2025-05-18 03:00:00,15.38,15.45,15.28,15.37,51784.84,795455.44
2025-05-18 04:00:00,15.37,15.5,15.37,15.47,22060.52,340813.74
2025-05-18 05:00:00,15.47,15.7,15.47,15.69,39163.43,610885.07
2025-05-18 06:00:00,15.69,15.7,15.56,15.59,24599.65,384485.59
2025-05-18 07:00:00,15.59,15.74,15.56,15.73,31166.0,487931.01
2025-05-18 08:00:00,15.73,15.88,15.73,15.82,39631.81,626833.27
2025-05-18 09:00:00,15.82,15.86,15.69,15.71,35789.61,565170.64
2025-05-18 10:00:00,15.71,15.74,15.66,15.7,19994.0,313847.44
2025-05-18 11:00:00,15.7,15.74,15.64,15.64,22924.15,359536.62
2025-05-18 12:00:00,15.64,15.69,15.56,15.69,31296.35,489058.85
2025-05-18 13:00:00,15.69,15.86,15.65,15.86,36343.4,571449.17
2025-05-18 14:00:00,15.86,16.22,15.82,16.13,137259.31,2202730.91
2025-05-18 15:00:00,16.13,16.36,16.06,16.34,112898.95,1826922.34
2025-05-18 16:00:00,16.34,16.4,16.2,16.28,104656.32,1704504.96
2025-05-18 17:00:00,16.28,16.28,15.85,15.86,176218.34,2832305.84
2025-05-18 18:00:00,15.86,15.87,15.47,15.51,183288.92,2866641.33
2025-05-18 19:00:00,15.51,15.61,15.19,15.19,143518.33,2204596.99
2025-05-18 20:00:00,15.19,15.31,14.91,15.3,350098.35,5275557.49
2025-05-18 21:00:00,15.3,15.55,15.3,15.39,94162.85,1453673.01
2025-05-18 22:00:00,15.39,15.69,15.21,15.68,100361.55,1549461.37
2025-05-18 23:00:00,15.68,15.96,15.55,15.88,88284.2,1386728.89
2025-05-19 00:00:00,15.88,16.01,15.44,15.48,159410.67,2499089.64
2025-05-19 01:00:00,15.48,15.54,15.33,15.42,83434.8,1288179.21
2025-05-19 02:00:00,15.42,15.46,15.28,15.31,59957.78,919635.95
2025-05-19 03:00:00,15.31,15.32,15.13,15.15,82127.26,1251363.46
2025-05-19 04:00:00,15.15,15.29,14.97,15.05,56296.58,851524.16
2025-05-19 05:00:00,15.05,15.15,14.98,15.09,64657.89,974563.55
2025-05-19 06:00:00,15.09,15.19,14.85,14.86,86258.28,1291998.09
2025-05-19 07:00:00,14.86,15.23,14.85,15.19,69967.95,1055740.34
2025-05-19 08:00:00,15.19,15.28,15.1,15.24,38337.93,582465.11
2025-05-19 09:00:00,15.24,15.3,15.14,15.2,45366.94,691130.61
2025-05-19 10:00:00,15.2,15.29,15.12,15.22,39121.34,594628.79
2025-05-19 11:00:00,15.22,15.26,15.15,15.21,30147.4,458451.82
2025-05-19 12:00:00,15.21,15.22,15.01,15.07,95240.75,1436580.34
2025-05-19 13:00:00,15.07,15.38,15.06,15.26,100631.06,1531568.63
2025-05-19 14:00:00,15.26,15.45,15.2,15.39,166127.65,2549873.83
2025-05-19 15:00:00,15.39,15.51,15.37,15.47,109629.77,1694259.9
2025-05-19 16:00:00,15.47,15.65,15.36,15.65,165700.75,2572486.22
2025-05-19 17:00:00,15.65,15.79,15.64,15.66,208189.52,3270672.49
2025-05-19 18:00:00,15.66,15.75,15.48,15.6,249172.63,3883163.38
2025-05-19 19:00:00,15.6,15.91,15.55,15.78,269437.03,4239849.43
2025-05-19 20:00:00,15.78,15.85,15.71,15.77,116654.25,1842864.14
2025-05-19 21:00:00,15.77,15.8,15.68,15.8,140294.86,2208196.24
2025-05-19 22:00:00,15.8,15.8,15.66,15.71,41608.96,654121.62
2025-05-19 23:00:00,15.71,15.82,15.69,15.79,106239.7,1673832.79
2025-05-20 00:00:00,15.79,16.0,15.67,15.7,101413.39,1605873.77
2025-05-20 01:00:00,15.7,16.18,15.68,16.08,145208.13,2320875.69
2025-05-20 02:00:00,16.08,16.44,16.08,16.19,254999.41,4152470.08
2025-05-20 03:00:00,16.19,16.25,16.04,16.13,129315.5,2089639.84
2025-05-20 04:00:00,16.13,16.19,16.01,16.18,53750.52,864915.18
2025-05-20 05:00:00,16.18,16.29,16.17,16.18,57961.85,941556.79
2025-05-20 06:00:00,16.18,16.22,16.01,16.12,92445.17,1487129.31
2025-05-20 07:00:00,16.12,16.14,15.9,15.95,85160.88,1362336.76
2025-05-20 08:00:00,15.95,16.02,15.86,15.98,114770.24,1827340.64
2025-05-20 09:00:00,15.98,16.03,15.82,15.84,52711.87,840417.22
2025-05-20 10:00:00,15.84,15.89,15.7,15.74,56169.52,886492.81
2025-05-20 11:00:00,15.74,15.76,15.53,15.67,165913.94,2592754.28
2025-05-20 12:00:00,15.67,15.68,15.47,15.54,91838.83,1428999.01
2025-05-20 13:00:00,15.54,15.59,15.43,15.5,104445.19,1622167.98
2025-05-20 14:00:00,15.5,15.59,15.43,15.44,84103.55,1303599.57
2025-05-20 15:00:00,15.44,15.6,15.43,15.54,95284.13,1480726.15
2025-05-20 16:00:00,15.54,15.59,15.43,15.43,53605.81,830442.59
2025-05-20 17:00:00,15.43,15.65,15.41,15.6,97403.19,1515261.23
2025-05-20 18:00:00,15.6,15.62,15.25,15.29,128288.52,1977993.01
2025-05-20 19:00:00,15.29,15.68,15.26,15.61,92693.3,1431207.31
2025-05-20 20:00:00,15.61,15.75,15.51,15.69,104163.42,1628106.0
2025-05-20 21:00:00,15.69,15.82,15.59,15.71,84716.58,1330675.74
2025-05-20 22:00:00,15.71,15.76,15.54,15.66,70979.03,1108797.12
2025-05-20 23:00:00,15.66,15.82,15.63,15.7,64022.92,1007951.82
2025-05-21 00:00:00,15.7,15.81,15.63,15.68,67908.43,1066666.52
2025-05-21 01:00:00,15.68,15.8,15.62,15.64,56118.17,881183.35
2025-05-21 02:00:00,15.64,15.79,15.52,15.78,55194.81,864974.76
2025-05-21 03:00:00,15.78,15.93,15.76,15.87,74215.14,1178084.67
2025-05-21 04:00:00,15.87,16.01,15.8,15.88,84284.58,1342268.68
2025-05-21 05:00:00,15.88,16.09,15.88,16.02,93821.25,1500246.77
2025-05-21 06:00:00,16.02,16.08,15.86,16.03,145434.12,2325190.57
2025-05-21 07:00:00,16.03,16.07,15.81,15.85,65514.08,1041720.92
2025-05-21 08:00:00,15.85,15.94,15.72,15.73,89474.26,1417073.35
2025-05-21 09:00:00,15.73,15.77,15.61,15.65,45919.12,719633.17
2025-05-21 10:00:00,15.65,15.93,15.58,15.91,87690.64,1379973.44
2025-05-21 11:00:00,15.91,16.25,15.87,15.88,207775.53,3339893.42
2025-05-21 12:00:00,15.88,15.89,15.7,15.71,66595.66,1052470.59
2025-05-21 13:00:00,15.71,15.91,15.63,15.81,98096.78,1546716.14
2025-05-21 14:00:00,15.81,16.09,15.76,16.09,119307.48,1896547.23
2025-05-21 15:00:00,16.09,16.19,15.94,16.12,265966.84,4281042.26
2025-05-21 16:00:00,16.12,16.49,16.11,16.27,281679.86,4594484.71
2025-05-21 17:00:00,16.27,16.36,15.56,15.66,346456.31,5493080.78
2025-05-21 18:00:00,15.66,15.89,15.57,15.7,161977.53,2551280.35
2025-05-21 19:00:00,15.7,15.99,15.62,15.97,133634.37,2108334.85
2025-05-21 20:00:00,15.97,16.0,15.81,15.92,104812.62,1668770.88
2025-05-21 21:00:00,15.92,15.99,15.78,15.8,67325.65,1069324.06
2025-05-21 22:00:00,15.8,16.09,15.78,16.08,104487.47,1666841.63
2025-05-21 23:00:00,16.08,16.33,16.0,16.11,205718.61,3325240.95
2025-05-22 00:00:00,16.11,16.28,16.05,16.27,259765.09,4197276.94
2025-05-22 01:00:00,16.27,16.31,16.06,16.09,119287.89,1931037.08
2025-05-22 02:00:00,16.09,16.32,16.09,16.29,118911.68,1927683.6
2025-05-22 03:00:00,16.29,16.52,16.23,16.42,158337.97,2596498.32
2025-05-22 04:00:00,16.42,16.46,16.34,16.41,103189.94,1691633.85
2025-05-22 05:00:00,16.41,16.48,16.26,16.28,62087.92,1017813.68
2025-05-22 06:00:00,16.28,16.34,16.22,16.26,57645.29,937902.3
2025-05-22 07:00:00,16.26,16.42,16.24,16.42,60220.88,985100.32
2025-05-22 08:00:00,16.42,16.66,16.4,16.55,114035.12,1887519.84
2025-05-22 09:00:00,16.55,16.75,16.55,16.6,108166.01,1802429.67
2025-05-22 10:00:00,16.6,16.67,16.52,16.55,65627.5,1088918.83
2025-05-22 11:00:00,16.55,16.64,16.44,16.61,86804.82,1435240.82
2025-05-22 12:00:00,16.61,16.65,16.46,16.52,91693.02,1516518.53
2025-05-22 13:00:00,16.52,16.57,16.39,16.51,156676.71,2585762.24
2025-05-22 14:00:00,16.51,16.86,16.5,16.85,257176.7,4305119.04
2025-05-22 15:00:00,16.85,16.89,16.78,16.8,148117.32,2493940.46
2025-05-22 16:00:00,16.8,16.91,16.69,16.73,88822.96,1493098.14
2025-05-22 17:00:00,16.73,16.85,16.7,16.74,60021.58,1006245.92
2025-05-22 18:00:00,16.74,16.84,16.7,16.8,48518.8,813885.77
2025-05-22 19:00:00,16.8,16.81,16.63,16.66,61266.36,1023511.82
2025-05-22 20:00:00,16.66,16.75,16.64,16.66,118950.73,1985467.14
2025-05-22 21:00:00,16.66,16.66,16.54,16.58,79369.4,1316196.94
2025-05-22 22:00:00,16.58,16.75,16.58,16.63,85740.94,1430179.34
2025-05-22 23:00:00,16.63,16.78,16.57,16.74,246584.33,4105838.52
2025-05-23 00:00:00,16.74,16.82,16.63,16.69,117662.35,1968112.75
2025-05-23 01:00:00,16.69,16.86,16.59,16.76,96786.78,1619832.0
2025-05-23 02:00:00,16.76,17.13,16.75,16.98,216898.75,3688753.89
2025-05-23 03:00:00,16.98,17.15,16.98,17.13,102616.11,1751771.75
2025-05-23 04:00:00,17.13,17.15,16.75,16.9,113302.18,1908534.81
2025-05-23 05:00:00,16.9,17.0,16.8,16.94,60505.57,1022850.61
2025-05-23 06:00:00,16.94,16.95,16.56,16.63,101589.3,1696565.85
2025-05-23 07:00:00,16.63,16.8,16.62,16.67,53222.09,890384.24
2025-05-23 08:00:00,16.67,16.86,16.64,16.83,29185.99,488861.79
2025-05-23 09:00:00,16.83,17.07,16.81,17.04,95153.58,1614926.0
2025-05-23 10:00:00,17.04,17.11,16.88,17.1,77077.19,1309794.24
2025-05-23 11:00:00,17.1,17.1,16.23,16.3,215320.33,3570957.79
2025-05-23 12:00:00,16.3,16.31,15.79,16.09,554649.37,8912082.31
2025-05-23 13:00:00,16.09,16.42,16.03,16.38,256881.41,4167044.46
2025-05-23 14:00:00,16.38,16.48,16.3,16.41,160412.58,2627201.85
2025-05-23 15:00:00,16.41,16.45,16.19,16.21,108203.28,1768225.51
2025-05-23 16:00:00,16.21,16.27,16.05,16.23,114195.47,1846192.08
2025-05-23 17:00:00,16.23,16.38,16.21,16.25,56033.07,913069.57
2025-05-23 18:00:00,16.25,16.29,16.04,16.08,116729.01,1882598.54
2025-05-23 19:00:00,16.08,16.2,16.03,16.05,90112.94,1452073.62
2025-05-23 20:00:00,16.05,16.05,15.84,15.85,93133.89,1484863.08
2025-05-23 21:00:00,15.85,15.96,15.76,15.82,71074.74,1127173.79
2025-05-23 22:00:00,15.82,15.93,15.72,15.72,74470.95,1177495.56
2025-05-23 23:00:00,15.72,15.76,15.42,15.54,167621.59,2615740.61
2025-05-24 00:00:00,15.54,15.68,15.46,15.46,70029.15,1091480.39
2025-05-24 01:00:00,15.46,15.65,15.46,15.54,47888.48,745634.34
2025-05-24 02:00:00,15.54,15.68,15.49,15.67,39230.58,612735.5
2025-05-24 03:00:00,15.67,15.81,15.65,15.75,57490.73,905662.18
2025-05-24 04:00:00,15.75,15.88,15.71,15.85,35683.96,562770.67
2025-05-24 05:00:00,15.85,15.87,15.73,15.79,67327.03,1065761.08
2025-05-24 06:00:00,15.79,15.81,15.67,15.74,21745.26,342074.07
2025-05-24 07:00:00,15.74,15.82,15.65,15.69,23381.61,368185.43
2025-05-24 08:00:00,15.69,15.77,15.63,15.75,20005.02,314131.18
2025-05-24 09:00:00,15.75,15.79,15.69,15.69,16134.82,253985.75
2025-05-24 10:00:00,15.69,15.88,15.68,15.85,41822.97,660142.53
2025-05-24 11:00:00,15.85,15.91,15.76,15.76,60210.2,952571.15
2025-05-24 12:00:00,15.76,15.81,15.7,15.74,29026.33,456990.63
2025-05-24 13:00:00,15.74,15.76,15.56,15.62,108232.95,1692677.64
2025-05-24 14:00:00,15.62,15.73,15.61,15.71,43919.96,687692.11
2025-05-24 15:00:00,15.71,15.72,15.6,15.65,34294.76,536784.5
2025-05-24 16:00:00,15.65,15.65,15.53,15.61,61934.25,965907.0
2025-05-24 17:00:00,15.61,15.7,15.56,15.57,26402.71,412447.67
2025-05-24 18:00:00,15.57,15.6,15.47,15.48,59733.15,927607.41
2025-05-24 19:00:00,15.48,15.52,15.43,15.51,43914.85,679291.66
2025-05-24 20:00:00,15.51,15.52,15.43,15.44,31295.9,484178.8
2025-05-24 21:00:00,15.44,15.44,15.33,15.4,54562.59,839230.88
2025-05-24 22:00:00,15.4,15.4,15.3,15.32,42037.74,644805.56
2025-05-24 23:00:00,15.32,15.37,15.25,15.35,72975.95,1117393.0
2025-05-25 00:00:00,15.35,15.45,15.16,15.2,101321.14,1550393.49
2025-05-25 01:00:00,15.2,15.28,15.12,15.21,71642.48,1088510.48
2025-05-25 02:00:00,15.21,15.4,15.16,15.4,40365.97,615743.36
2025-05-25 03:00:00,15.4,15.51,15.39,15.47,35541.3,549247.77
2025-05-25 04:00:00,15.47,15.47,15.38,15.46,16199.07,249833.39
2025-05-25 05:00:00,15.46,15.47,15.36,15.4,16359.41,251994.41
2025-05-25 06:00:00,15.4,15.41,15.31,15.39,26225.54,402730.77
2025-05-25 07:00:00,15.39,15.39,15.27,15.29,23832.39,364962.78
2025-05-25 08:00:00,15.29,15.3,15.08,15.12,60847.75,923741.49
2025-05-25 09:00:00,15.12,15.2,15.07,15.19,60389.89,914233.21
2025-05-25 10:00:00,15.19,15.24,15.11,15.12,26029.88,394722.02
2025-05-25 11:00:00,15.12,15.17,15.09,15.15,20642.64,312398.08
2025-05-25 12:00:00,15.15,15.22,15.1,15.22,29929.75,454076.74
2025-05-25 13:00:00,15.22,15.31,15.17,15.26,51038.7,777665.07
2025-05-25 14:00:00,15.26,15.26,15.07,15.12,43784.12,663553.44
2025-05-25 15:00:00,15.12,15.13,14.87,15.03,125994.69,1888694.54
2025-05-25 16:00:00,15.03,15.04,14.89,15.0,48848.84,731227.12
2025-05-25 17:00:00,15.0,15.06,14.97,15.02,45344.46,681102.64
2025-05-25 18:00:00,15.02,15.09,15.0,15.02,23081.13,347067.39
2025-05-25 19:00:00,15.02,15.19,15.01,15.14,30849.59,465799.69
2025-05-25 20:00:00,15.14,15.15,15.05,15.09,27646.72,417667.37
2025-05-25 21:00:00,15.09,15.19,15.02,15.08,22731.63,343363.88
2025-05-25 22:00:00,15.08,15.55,15.05,15.54,139097.23,2141147.06
2025-05-25 23:00:00,15.54,15.56,15.39,15.54,72520.19,1123362.12
2025-05-26 00:00:00,15.54,15.78,15.5,15.78,83979.55,1313613.38
2025-05-26 01:00:00,15.78,15.8,15.6,15.67,69056.77,1083496.65
2025-05-26 02:00:00,15.67,15.68,15.58,15.62,42102.68,657992.39
2025-05-26 03:00:00,15.62,15.75,15.58,15.7,56494.17,884146.78
2025-05-26 04:00:00,15.7,15.73,15.61,15.63,33902.69,531210.57
2025-05-26 05:00:00,15.63,15.67,15.6,15.66,19522.37,305212.13
2025-05-26 06:00:00,15.66,15.83,15.65,15.81,28734.03,452507.55
2025-05-26 07:00:00,15.81,15.94,15.81,15.94,138520.75,2201880.84
2025-05-26 08:00:00,15.94,15.96,15.8,15.82,42877.47,680234.88
2025-05-26 09:00:00,15.82,15.9,15.78,15.8,33855.28,536450.35
2025-05-26 10:00:00,15.8,15.83,15.72,15.75,23908.97,377439.22
2025-05-26 11:00:00,15.75,15.8,15.71,15.74,34776.2,547833.22
2025-05-26 12:00:00,15.74,15.79,15.66,15.77,50260.6,789624.65
2025-05-26 13:00:00,15.77,15.81,15.51,15.55,65122.08,1019266.28
2025-05-26 14:00:00,15.55,15.57,15.43,15.51,72575.33,1124684.37
2025-05-26 15:00:00,15.51,15.8,15.49,15.77,133283.5,2090848.67
2025-05-26 16:00:00,15.77,15.83,15.48,15.56,75350.12,1178540.23
2025-05-26 17:00:00,15.56,15.61,15.41,15.47,43551.62,674923.3
2025-05-26 18:00:00,15.47,15.6,15.43,15.47,40913.49,634753.37
2025-05-26 19:00:00,15.47,15.56,15.44,15.5,35335.85,548148.11
2025-05-26 20:00:00,15.5,15.64,15.43,15.63,48331.49,751040.53
2025-05-26 21:00:00,15.63,15.65,15.54,15.57,30282.96,472550.43
2025-05-26 22:00:00,15.57,15.68,15.47,15.48,33662.2,524027.19
2025-05-26 23:00:00,15.48,15.54,15.42,15.54,47421.53,733558.09
2025-05-27 00:00:00,15.54,15.6,15.41,15.42,47929.59,742613.53
2025-05-27 01:00:00,15.42,15.42,15.16,15.31,100025.63,1527727.22
2025-05-27 02:00:00,15.31,15.4,15.28,15.37,46780.69,717451.83
2025-05-27 03:00:00,15.37,15.6,15.37,15.46,47301.4,732922.49
2025-05-27 04:00:00,15.46,15.62,15.45,15.52,37388.8,581376.74
2025-05-27 05:00:00,15.52,15.63,15.45,15.61,23196.59,359958.26
2025-05-27 06:00:00,15.61,15.85,15.61,15.7,71237.64,1123300.1
2025-05-27 07:00:00,15.7,15.9,15.7,15.84,38347.92,607309.66
2025-05-27 08:00:00,15.84,15.98,15.84,15.95,64832.32,1032593.32
2025-05-27 09:00:00,15.95,15.95,15.83,15.91,37647.96,597995.99
2025-05-27 10:00:00,15.91,15.93,15.84,15.93,43295.05,687623.27
2025-05-27 11:00:00,15.93,15.96,15.85,15.96,34306.05,545811.44
2025-05-27 12:00:00,15.96,15.97,15.86,15.93,45478.35,724185.0
2025-05-27 13:00:00,15.93,16.11,15.86,15.88,122047.48,1953191.58
2025-05-27 14:00:00,15.88,15.98,15.73,15.86,110350.94,1751286.08
2025-05-27 15:00:00,15.86,16.02,15.81,16.0,58531.61,932177.04
2025-05-27 16:00:00,16.0,16.03,15.94,15.97,51681.44,826449.88
2025-05-27 17:00:00,15.97,16.13,15.94,16.03,75580.36,1212409.99
2025-05-27 18:00:00,16.03,16.08,15.93,15.95,50996.78,816109.74
2025-05-27 19:00:00,15.95,15.96,15.88,15.93,48325.75,769641.98
2025-05-27 20:00:00,15.93,16.02,15.93,15.97,25605.36,408980.62
2025-05-27 21:00:00,15.97,16.03,15.87,15.91,30271.69,482385.61
2025-05-27 22:00:00,15.91,15.94,15.8,15.92,30637.64,486326.66
2025-05-27 23:00:00,15.92,15.95,15.85,15.91,33915.16,539507.72
2025-05-28 00:00:00,15.91,15.98,15.82,15.98,36118.12,574237.94
2025-05-28 01:00:00,15.98,16.0,15.84,15.85,45171.4,717771.2
2025-05-28 02:00:00,15.85,15.88,15.73,15.87,41628.87,657916.19
2025-05-28 03:00:00,15.87,16.06,15.84,16.04,70394.33,1122079.48
2025-05-28 04:00:00,16.04,16.15,15.96,16.01,87911.56,1411110.39
2025-05-28 05:00:00,16.01,16.02,15.93,15.96,30906.76,493229.66
2025-05-28 06:00:00,15.96,15.96,15.79,15.84,24501.95,388510.95
2025-05-28 07:00:00,15.84,15.94,15.81,15.88,18065.17,286833.92
2025-05-28 08:00:00,15.88,15.96,15.79,15.95,19831.91,314665.18
2025-05-28 09:00:00,15.95,15.97,15.79,15.84,30733.34,487790.67
2025-05-28 10:00:00,15.84,15.94,15.75,15.93,30526.58,483363.46
2025-05-28 11:00:00,15.93,16.01,15.91,15.98,34911.51,557480.55
2025-05-28 12:00:00,15.98,16.1,15.94,15.98,76851.12,1230195.14
2025-05-28 13:00:00,15.98,16.03,15.81,15.81,76007.99,1210469.54
2025-05-28 14:00:00,15.81,15.84,15.59,15.6,137307.3,2153413.42
2025-05-28 15:00:00,15.6,15.63,15.44,15.45,100676.79,1562087.51
2025-05-28 16:00:00,15.45,15.52,15.42,15.51,48524.46,750794.83
2025-05-28 17:00:00,15.51,15.67,15.48,15.54,88696.3,1383487.71
2025-05-28 18:00:00,15.54,15.58,15.38,15.4,42094.93,652194.74
2025-05-28 19:00:00,15.4,15.52,15.32,15.32,54077.52,832125.31
2025-05-28 20:00:00,15.32,15.49,15.32,15.48,49997.26,769257.58
2025-05-28 21:00:00,15.48,15.57,15.43,15.55,28276.33,438089.63
2025-05-28 22:00:00,15.55,15.56,15.39,15.47,59619.42,920291.33
2025-05-28 23:00:00,15.47,15.76,15.47,15.69,85794.0,1341882.56
2025-05-29 00:00:00,15.69,16.04,15.6,16.04,101343.9,1604306.85
2025-05-29 01:00:00,16.04,16.05,15.82,15.91,180247.59,2873116.28
2025-05-29 02:00:00,15.91,16.18,15.84,16.17,131287.18,2106287.51
2025-05-29 03:00:00,16.17,16.19,15.97,16.03,94129.48,1512264.24
2025-05-29 04:00:00,16.03,16.07,15.69,15.82,74655.84,1184570.71
2025-05-29 05:00:00,15.82,15.87,15.75,15.78,48833.12,772268.74
2025-05-29 06:00:00,15.78,15.86,15.74,15.81,40832.87,645507.57
2025-05-29 07:00:00,15.81,15.83,15.72,15.79,29891.94,471703.28
2025-05-29 08:00:00,15.79,15.89,15.72,15.88,82968.17,1312943.2
2025-05-29 09:00:00,15.88,15.89,15.83,15.88,30214.77,479200.75
2025-05-29 10:00:00,15.88,15.93,15.79,15.91,57411.88,909911.62
2025-05-29 11:00:00,15.91,15.92,15.81,15.86,58993.07,935764.53
2025-05-29 12:00:00,15.86,15.86,15.62,15.68,67624.88,1064427.43
2025-05-29 13:00:00,15.68,15.74,15.51,15.53,85523.42,1336537.31
2025-05-29 14:00:00,15.53,15.55,15.32,15.48,116253.22,1793113.73
2025-05-29 15:00:00,15.48,15.5,15.34,15.36,100882.32,1556520.17
2025-05-29 16:00:00,15.36,15.43,15.3,15.32,97228.41,1493014.11
2025-05-29 17:00:00,15.32,15.46,15.29,15.41,113475.45,1741632.04
2025-05-29 18:00:00,15.41,15.5,15.25,15.26,77855.42,1195560.5
2025-05-29 19:00:00,15.26,15.3,15.15,15.2,77152.73,1173054.26
2025-05-29 20:00:00,15.2,15.27,15.17,15.2,73038.48,1112449.88
2025-05-29 21:00:00,15.2,15.3,15.19,15.29,26954.15,410281.72
2025-05-29 22:00:00,15.29,15.29,15.14,15.14,41508.57,630987.65
2025-05-29 23:00:00,15.14,15.18,15.0,15.05,56053.29,845303.61
2025-05-30 00:00:00,15.05,15.12,14.22,14.39,394728.3,5775927.51
2025-05-30 01:00:00,14.39,14.67,14.39,14.53,263351.05,3835248.11
2025-05-30 02:00:00,14.53,14.74,14.51,14.68,177420.18,2599163.65
2025-05-30 03:00:00,14.68,14.75,14.63,14.71,72008.75,1057730.07
2025-05-30 04:00:00,14.71,14.75,14.63,14.71,53994.81,792922.43
2025-05-30 05:00:00,14.71,14.76,14.65,14.71,35496.31,522091.92
2025-05-30 06:00:00,14.71,14.72,14.44,14.5,58491.31,852073.96
2025-05-30 07:00:00,14.5,14.63,14.48,14.5,62144.62,904595.44
2025-05-30 08:00:00,14.5,14.58,14.43,14.45,50333.59,729072.35
2025-05-30 09:00:00,14.45,14.51,14.3,14.49,77313.0,1114767.9
2025-05-30 10:00:00,14.49,14.54,14.38,14.53,60916.02,880809.75
2025-05-30 11:00:00,14.53,14.59,14.48,14.54,109428.27,1589501.23
2025-05-30 12:00:00,14.54,14.6,14.36,14.52,98277.67,1421786.95
2025-05-30 13:00:00,14.52,14.55,14.35,14.37,110955.86,1602581.65
2025-05-30 14:00:00,14.37,14.41,14.26,14.31,218632.22,3133180.46
2025-05-30 15:00:00,14.31,14.41,14.24,14.25,77969.58,1117315.24
2025-05-30 16:00:00,14.25,14.32,13.83,13.97,429899.79,6026460.81
2025-05-30 17:00:00,13.97,14.12,13.97,14.09,85938.19,1207985.86
2025-05-30 18:00:00,14.09,14.27,14.08,14.26,77584.96,1101598.82
2025-05-30 19:00:00,14.26,14.35,14.25,14.27,60328.47,862453.97
2025-05-30 20:00:00,14.27,14.27,14.14,14.18,109826.26,1559515.48
2025-05-30 21:00:00,14.18,14.28,14.16,14.18,92509.37,1317016.17
2025-05-30 22:00:00,14.18,14.22,13.9,13.9,73583.36,1033487.62
2025-05-30 23:00:00,13.9,13.99,13.78,13.9,122925.54,1706956.51
2025-05-31 00:00:00,13.9,13.94,13.57,13.73,157733.64,2171407.17
2025-05-31 01:00:00,13.73,13.83,13.5,13.66,155904.7,2129531.67
2025-05-31 02:00:00,13.66,13.81,13.54,13.57,75845.77,1035591.63
2025-05-31 03:00:00,13.57,13.61,13.41,13.57,172583.6,2327827.16
2025-05-31 04:00:00,13.57,13.66,13.44,13.66,112458.6,1529176.35
2025-05-31 05:00:00,13.66,13.69,13.53,13.54,49229.83,669881.04
2025-05-31 06:00:00,13.54,13.75,13.52,13.72,55668.37,762562.3
2025-05-31 07:00:00,13.72,13.75,13.65,13.72,41521.6,568573.98
2025-05-31 08:00:00,13.72,13.79,13.67,13.77,104342.14,1431894.82
2025-05-31 09:00:00,13.77,13.83,13.73,13.77,41842.7,576923.77
2025-05-31 10:00:00,13.77,13.89,13.67,13.69,61021.39,839526.2
2025-05-31 11:00:00,13.69,13.7,13.62,13.67,40134.53,548660.58
2025-05-31 12:00:00,13.67,13.89,13.66,13.89,29929.11,412956.17
2025-05-31 13:00:00,13.89,14.0,13.83,13.87,63522.37,884906.3
2025-05-31 14:00:00,13.87,13.97,13.86,13.93,39797.6,554267.38
2025-05-31 15:00:00,13.93,14.03,13.87,13.89,91665.33,1277609.78
2025-05-31 16:00:00,13.89,14.08,13.85,14.07,109583.35,1533241.03
2025-05-31 17:00:00,14.07,14.11,13.98,13.99,82087.99,1153073.55
2025-05-31 18:00:00,13.99,14.11,13.99,14.1,35330.29,496985.24
2025-05-31 19:00:00,14.1,14.18,14.1,14.13,42351.24,599559.71
2025-05-31 20:00:00,14.13,14.13,14.08,14.13,29308.5,413471.21
2025-05-31 21:00:00,14.13,14.19,14.12,14.16,86944.01,1231308.16
2025-05-31 22:00:00,14.16,14.17,14.08,14.08,29414.87,415092.46
2025-05-31 23:00:00,14.08,14.16,13.96,13.97,127025.38,1784337.27
2025-06-01 00:00:00,13.97,13.98,13.88,13.93,48887.01,680713.73
2025-06-01 01:00:00,13.93,13.98,13.81,13.85,54004.38,750978.51
2025-06-01 02:00:00,13.85,13.89,13.77,13.89,47022.29,651143.96
2025-06-01 03:00:00,13.89,13.9,13.76,13.85,25795.9,357312.04
2025-06-01 04:00:00,13.85,13.99,13.85,13.96,60132.71,839480.53
2025-06-01 05:00:00,13.96,13.99,13.85,13.87,48379.28,673124.24
2025-06-01 06:00:00,13.87,13.9,13.82,13.85,24580.9,340566.35
2025-06-01 07:00:00,13.85,13.91,13.82,13.88,21767.05,301976.74
2025-06-01 08:00:00,13.88,13.89,13.76,13.79,38171.77,527362.9
2025-06-01 09:00:00,13.79,14.03,13.59,13.67,295430.63,4053910.11
2025-06-01 10:00:00,13.67,13.78,13.65,13.78,136706.48,1878076.71
2025-06-01 11:00:00,13.78,13.85,13.76,13.82,20938.37,289042.64
2025-06-01 12:00:00,13.82,13.83,13.71,13.77,56110.38,772123.59
2025-06-01 13:00:00,13.77,13.88,13.76,13.82,40113.18,555653.71
2025-06-01 14:00:00,13.82,13.97,13.82,13.92,83127.8,1156687.3
2025-06-01 15:00:00,13.92,13.97,13.88,13.95,53002.22,738156.62
2025-06-01 16:00:00,13.95,14.11,13.93,14.04,119026.56,1672078.42
2025-06-01 17:00:00,14.04,14.05,13.98,14.0,49405.71,692416.32
2025-06-01 18:00:00,14.0,14.0,13.8,13.91,54987.48,763201.78
2025-06-01 19:00:00,13.91,14.02,13.9,14.02,25323.09,353353.59
2025-06-01 20:00:00,14.02,14.04,13.96,13.96,34072.2,477012.49
2025-06-01 21:00:00,13.96,14.06,13.95,14.04,45752.45,640276.02
2025-06-01 22:00:00,14.04,14.11,14.03,14.06,81786.01,1150567.2
2025-06-01 23:00:00,14.06,14.13,14.05,14.07,39477.38,556268.56
2025-06-02 00:00:00,14.07,14.07,13.98,14.01,55583.49,779393.52
2025-06-02 01:00:00,14.01,14.09,13.95,13.95,77661.63,1087095.1
2025-06-02 02:00:00,13.95,13.96,13.89,13.9,55605.48,774219.4
2025-06-02 03:00:00,13.9,13.91,13.82,13.87,42130.19,584257.58
2025-06-02 04:00:00,13.87,13.92,13.85,13.86,17053.78,236835.26
2025-06-02 05:00:00,13.86,13.91,13.79,13.85,15169.95,210080.01
2025-06-02 06:00:00,13.85,13.94,13.79,13.89,25659.24,356075.01
2025-06-02 07:00:00,13.89,13.99,13.88,13.89,24722.94,344335.86
2025-06-02 08:00:00,13.89,13.97,13.78,13.81,25178.78,349212.17
2025-06-02 09:00:00,13.81,13.81,13.67,13.72,39777.8,546032.32
2025-06-02 10:00:00,13.72,13.75,13.67,13.73,77565.1,1061217.33
2025-06-02 11:00:00,13.73,13.75,13.66,13.69,24562.54,336621.73
2025-06-02 12:00:00,13.69,13.79,13.65,13.77,42418.1,581843.62
2025-06-02 13:00:00,13.77,13.81,13.65,13.68,88550.99,1215255.81
2025-06-02 14:00:00,13.68,13.84,13.64,13.72,173144.57,2377271.8
2025-06-02 15:00:00,13.72,13.79,13.64,13.72,71675.71,982916.89
2025-06-02 16:00:00,13.72,13.76,13.63,13.74,49636.47,679392.72
2025-06-02 17:00:00,13.74,13.79,13.68,13.75,64523.83,886178.62
2025-06-02 18:00:00,13.75,13.85,13.72,13.74,65528.52,903901.2
2025-06-02 19:00:00,13.74,13.79,13.6,13.68,109419.38,1498673.51
2025-06-02 20:00:00,13.68,13.85,13.68,13.81,69691.59,961649.65
2025-06-02 21:00:00,13.81,13.9,13.81,13.89,61685.38,854739.55
2025-06-02 22:00:00,13.89,14.07,13.89,14.02,118319.48,1657561.66
2025-06-02 23:00:00,14.02,14.12,14.02,14.09,92862.35,1308741.99
2025-06-03 00:00:00,14.09,14.24,14.05,14.15,148592.42,2105126.55
2025-06-03 01:00:00,14.15,14.41,14.15,14.4,127996.13,1830161.11
2025-06-03 02:00:00,14.4,14.45,14.21,14.23,97873.07,1401440.33
2025-06-03 03:00:00,14.23,14.25,14.1,14.15,76510.02,1083512.58
2025-06-03 04:00:00,14.15,14.19,14.06,14.08,36131.5,509367.22
2025-06-03 05:00:00,14.08,14.21,14.08,14.19,43744.05,618985.21
2025-06-03 06:00:00,14.19,14.23,14.15,14.23,26280.19,372810.32
2025-06-03 07:00:00,14.23,14.23,14.13,14.14,23020.48,326378.06
2025-06-03 08:00:00,14.14,14.17,14.01,14.08,70662.7,993045.26
2025-06-03 09:00:00,14.08,14.12,14.02,14.1,20747.89,291780.81
2025-06-03 10:00:00,14.1,14.14,14.06,14.13,19111.24,269649.04
2025-06-03 11:00:00,14.13,14.17,14.07,14.09,19990.38,282145.56
2025-06-03 12:00:00,14.09,14.17,14.05,14.16,37619.62,531169.47
2025-06-03 13:00:00,14.16,14.29,14.14,14.2,86194.53,1226416.29
2025-06-03 14:00:00,14.2,14.39,14.1,14.37,145439.63,2075273.71
2025-06-03 15:00:00,14.37,14.45,14.3,14.34,145488.68,2092083.9
2025-06-03 16:00:00,14.34,14.38,14.24,14.25,64602.65,923558.13
2025-06-03 17:00:00,14.25,14.42,14.23,14.33,41783.13,598452.69
2025-06-03 18:00:00,14.33,14.33,14.24,14.29,29038.1,414802.42
2025-06-03 19:00:00,14.29,14.4,14.29,14.36,49633.64,712102.5
2025-06-03 20:00:00,14.36,14.37,14.1,14.18,113205.14,1608420.83
2025-06-03 21:00:00,14.18,14.21,14.01,14.06,160313.08,2261758.19
2025-06-03 22:00:00,14.06,14.22,14.04,14.2,47512.2,672722.64
2025-06-03 23:00:00,14.2,14.2,14.09,14.12,42383.7,598550.36
2025-06-04 00:00:00,14.12,14.21,14.08,14.21,31998.79,452795.69
2025-06-04 01:00:00,14.21,14.37,14.21,14.34,59424.33,850848.06
2025-06-04 02:00:00,14.34,14.4,14.26,14.27,37994.44,544186.55
2025-06-04 03:00:00,14.27,14.39,14.26,14.35,54814.0,786302.42
2025-06-04 04:00:00,14.35,14.41,14.32,14.4,41117.14,590548.83
2025-06-04 05:00:00,14.4,14.43,14.28,14.29,74663.58,1071949.58
2025-06-04 06:00:00,14.29,14.33,14.25,14.29,102645.49,1466688.53
2025-06-04 07:00:00,14.29,14.32,14.24,14.3,24704.64,352816.64
2025-06-04 08:00:00,14.3,14.41,14.29,14.4,37827.71,543532.86
2025-06-04 09:00:00,14.4,14.43,14.31,14.41,30314.52,435680.47
2025-06-04 10:00:00,14.41,14.48,14.3,14.31,27728.02,398969.89
2025-06-04 11:00:00,14.31,14.32,14.21,14.21,44784.55,637144.08
2025-06-04 12:00:00,14.21,14.24,14.1,14.13,42793.86,606006.83
2025-06-04 13:00:00,14.13,14.19,14.06,14.07,90813.03,1279699.29
2025-06-04 14:00:00,14.07,14.16,13.96,14.15,182151.56,2558957.43
2025-06-04 15:00:00,14.15,14.22,14.11,14.18,74759.89,1059446.56
2025-06-04 16:00:00,14.18,14.18,14.09,14.17,46135.24,651251.12
2025-06-04 17:00:00,14.17,14.17,13.94,13.99,45704.47,639784.73
2025-06-04 18:00:00,13.99,14.05,13.95,13.96,23202.76,325060.81
2025-06-04 19:00:00,13.96,13.99,13.91,13.91,48050.1,670134.16
2025-06-04 20:00:00,13.91,13.92,13.73,13.79,66756.16,922804.02
2025-06-04 21:00:00,13.79,13.95,13.72,13.92,34066.54,470985.36
2025-06-04 22:00:00,13.92,13.93,13.81,13.83,103158.24,1429780.91
2025-06-04 23:00:00,13.83,13.89,13.78,13.84,38512.64,532989.15
2025-06-05 00:00:00,13.84,13.87,13.78,13.84,57494.17,795397.85
2025-06-05 01:00:00,13.84,13.9,13.75,13.79,31386.07,433937.48
2025-06-05 02:00:00,13.79,13.96,13.78,13.88,61262.9,851388.68
2025-06-05 03:00:00,13.88,13.92,13.83,13.89,33067.29,459114.46
2025-06-05 04:00:00,13.89,13.95,13.87,13.93,25563.93,355774.69
2025-06-05 05:00:00,13.93,13.93,13.74,13.78,29292.35,404264.03
2025-06-05 06:00:00,13.78,13.86,13.72,13.72,50599.86,698147.4
2025-06-05 07:00:00,13.72,13.85,13.72,13.76,60011.77,827143.37
2025-06-05 08:00:00,13.76,13.8,13.7,13.77,26087.79,358990.46
2025-06-05 09:00:00,13.77,13.84,13.74,13.76,33772.97,465776.07
2025-06-05 10:00:00,13.76,13.79,13.64,13.71,42965.17,588935.06
2025-06-05 11:00:00,13.71,13.77,13.67,13.77,18533.88,254284.05
2025-06-05 12:00:00,13.77,14.04,13.76,14.01,72045.02,1003958.04
2025-06-05 13:00:00,14.01,14.04,13.66,13.68,91467.39,1269619.06
2025-06-05 14:00:00,13.68,13.8,13.54,13.7,146749.17,2002666.75
2025-06-05 15:00:00,13.7,13.78,13.64,13.72,59807.48,821215.36
2025-06-05 16:00:00,13.72,13.73,13.48,13.51,86646.88,1174188.56
2025-06-05 17:00:00,13.51,13.6,13.5,13.56,72607.41,984737.54
2025-06-05 18:00:00,13.56,13.64,13.45,13.56,95834.06,1297789.32
2025-06-05 19:00:00,13.56,13.57,13.1,13.2,275049.38,3650174.25
2025-06-05 20:00:00,13.2,13.24,12.65,12.68,363872.65,4684242.26
2025-06-05 21:00:00,12.68,12.99,12.65,12.97,227068.05,2920315.55
2025-06-05 22:00:00,12.97,12.98,12.81,12.93,130459.78,1681215.08
2025-06-05 23:00:00,12.93,12.98,12.88,12.89,70906.65,916586.68
2025-06-06 00:00:00,12.89,12.99,12.83,12.98,79299.09,1024963.34
2025-06-06 01:00:00,12.98,13.03,12.94,13.01,55951.92,726324.09
2025-06-06 02:00:00,13.01,13.1,12.96,13.1,41727.94,543945.74
2025-06-06 03:00:00,13.1,13.2,13.08,13.19,55398.16,727716.1
2025-06-06 04:00:00,13.19,13.21,13.14,13.18,43693.95,575812.23
2025-06-06 05:00:00,13.18,13.21,13.11,13.21,28504.28,375012.61
2025-06-06 06:00:00,13.21,13.27,13.17,13.23,52636.95,695880.65
2025-06-06 07:00:00,13.23,13.26,13.15,13.18,40674.6,537269.22
2025-06-06 08:00:00,13.18,13.22,13.17,13.19,45713.35,603178.55
2025-06-06 09:00:00,13.19,13.27,13.16,13.19,60405.82,797374.83
2025-06-06 10:00:00,13.19,13.28,13.18,13.2,28597.21,378088.33
2025-06-06 11:00:00,13.2,13.28,13.19,13.22,36774.57,486494.28
2025-06-06 12:00:00,13.22,13.36,13.21,13.23,97291.21,1291474.71
2025-06-06 13:00:00,13.23,13.45,13.23,13.35,87673.63,1170772.69
2025-06-06 14:00:00,13.35,13.63,13.34,13.63,169181.97,2279561.34
2025-06-06 15:00:00,13.63,13.69,13.53,13.55,228961.77,3115501.5
2025-06-06 16:00:00,13.55,13.63,13.49,13.51,58064.61,787188.64
2025-06-06 17:00:00,13.51,13.58,13.47,13.58,55792.18,753838.62
2025-06-06 18:00:00,13.58,13.6,13.43,13.44,77714.8,1048400.18
2025-06-06 19:00:00,13.44,13.55,13.44,13.49,76745.55,1035508.01
2025-06-06 20:00:00,13.49,13.59,13.46,13.59,52827.59,715331.83
2025-06-06 21:00:00,13.59,13.61,13.51,13.58,29173.44,395628.87
2025-06-06 22:00:00,13.58,13.61,13.53,13.59,43583.71,591610.47
2025-06-06 23:00:00,13.59,13.62,13.53,13.58,50291.69,683005.77
2025-06-07 00:00:00,13.58,13.71,13.5,13.71,101495.69,1382852.25
2025-06-07 01:00:00,13.71,13.75,13.59,13.61,51343.48,702467.22
2025-06-07 02:00:00,13.61,13.74,13.6,13.73,37582.71,514030.84
2025-06-07 03:00:00,13.73,13.84,13.72,13.81,60532.94,834928.85
2025-06-07 04:00:00,13.81,13.83,13.76,13.83,30774.53,424531.39
2025-06-07 05:00:00,13.83,13.99,13.82,13.98,58326.8,811654.76
2025-06-07 06:00:00,13.98,14.06,13.92,14.06,67917.15,950399.87
2025-06-07 07:00:00,14.06,14.07,13.98,14.03,45841.36,642732.8
2025-06-07 08:00:00,14.03,14.06,13.93,13.94,47781.2,668534.77
2025-06-07 09:00:00,13.94,13.98,13.92,13.96,28594.41,398914.92
2025-06-07 10:00:00,13.96,14.04,13.96,14.03,58464.92,818777.63
2025-06-07 11:00:00,14.03,14.08,13.99,14.0,28055.15,393726.67
2025-06-07 12:00:00,14.0,14.06,14.0,14.01,52228.17,732344.93
2025-06-07 13:00:00,14.01,14.09,13.96,13.97,76638.14,1074878.83
2025-06-07 14:00:00,13.97,13.98,13.93,13.95,40138.45,560254.32
2025-06-07 15:00:00,13.95,14.01,13.91,13.95,54954.86,766955.71
2025-06-07 16:00:00,13.95,13.97,13.8,13.8,143304.92,1988648.66
2025-06-07 17:00:00,13.8,13.84,13.77,13.78,24614.58,339724.7
2025-06-07 18:00:00,13.78,13.89,13.77,13.81,75412.38,1044099.7
2025-06-07 19:00:00,13.81,13.85,13.8,13.82,21321.52,294683.35
2025-06-07 20:00:00,13.82,13.86,13.77,13.79,64330.34,888513.33
2025-06-07 21:00:00,13.79,13.84,13.78,13.83,25800.72,356238.35
2025-06-07 22:00:00,13.83,13.92,13.8,13.89,27356.15,379183.49
2025-06-07 23:00:00,13.89,13.89,13.82,13.83,17322.31,239802.02
2025-06-08 00:00:00,13.83,13.83,13.76,13.79,15963.43,220006.34
2025-06-08 01:00:00,13.79,13.86,13.76,13.86,25067.48,346063.21
2025-06-08 02:00:00,13.86,13.86,13.8,13.81,15295.36,211580.73
2025-06-08 03:00:00,13.81,13.83,13.78,13.8,9716.29,134146.85
2025-06-08 04:00:00,13.8,13.82,13.76,13.8,8770.62,120991.93
2025-06-08 05:00:00,13.8,13.8,13.73,13.74,20134.09,277099.55
2025-06-08 06:00:00,13.74,13.83,13.73,13.77,22998.38,316739.45
2025-06-08 07:00:00,13.77,13.82,13.74,13.74,18776.48,258701.91
2025-06-08 08:00:00,13.74,13.76,13.72,13.72,25002.8,343623.08
2025-06-08 09:00:00,13.72,13.73,13.58,13.62,101785.1,1388859.21
2025-06-08 10:00:00,13.62,13.65,13.57,13.65,30343.59,413217.24
2025-06-08 11:00:00,13.65,13.78,13.65,13.77,74801.92,1026720.12
2025-06-08 12:00:00,13.77,13.8,13.69,13.73,27412.31,376706.48
2025-06-08 13:00:00,13.73,13.88,13.69,13.74,41880.28,578615.15
2025-06-08 14:00:00,13.74,13.82,13.71,13.76,39575.36,544810.46
2025-06-08 15:00:00,13.76,13.84,13.75,13.76,47933.64,660886.54
2025-06-08 16:00:00,13.76,13.86,13.76,13.84,33536.96,463712.52
2025-06-08 17:00:00,13.84,13.89,13.81,13.81,32319.41,447954.5
2025-06-08 18:00:00,13.81,13.87,13.79,13.86,21945.86,303799.91
2025-06-08 19:00:00,13.86,13.92,13.86,13.91,20839.5,289415.14
2025-06-08 20:00:00,13.91,13.97,13.9,13.91,45924.62,640448.33
2025-06-08 21:00:00,13.91,13.98,13.9,13.93,25544.71,356109.85
2025-06-08 22:00:00,13.93,13.94,13.73,13.75,87751.95,1211320.59
2025-06-08 23:00:00,13.75,13.76,13.68,13.73,55637.17,762798.03
2025-06-09 00:00:00,13.73,13.79,13.69,13.76,68005.67,934898.01
2025-06-09 01:00:00,13.76,13.76,13.67,13.69,36929.94,506460.68
2025-06-09 02:00:00,13.69,13.77,13.68,13.73,47260.43,649757.57
2025-06-09 03:00:00,13.73,13.74,13.63,13.72,63118.56,862032.91
2025-06-09 04:00:00,13.72,13.73,13.61,13.62,28826.19,393157.49
2025-06-09 05:00:00,13.62,13.63,13.58,13.58,44971.19,612003.91
2025-06-09 06:00:00,13.58,13.69,13.55,13.69,33701.26,458633.91
2025-06-09 07:00:00,13.69,13.69,13.62,13.67,14672.79,200292.19
2025-06-09 08:00:00,13.67,13.69,13.58,13.67,34736.6,473518.7
2025-06-09 09:00:00,13.67,13.85,13.62,13.77,59381.59,817244.62
2025-06-09 10:00:00,13.77,13.93,13.72,13.87,99161.74,1374301.52
2025-06-09 11:00:00,13.87,13.96,13.84,13.91,49166.13,683373.6
2025-06-09 12:00:00,13.91,13.96,13.84,13.95,46326.85,643880.26
2025-06-09 13:00:00,13.95,13.97,13.78,13.8,75370.87,1046034.45
2025-06-09 14:00:00,13.8,13.95,13.8,13.9,69043.48,959350.65
2025-06-09 15:00:00,13.9,14.01,13.9,13.95,118980.35,1662478.8
2025-06-09 16:00:00,13.95,14.1,13.94,14.0,204534.66,2870261.94
2025-06-09 17:00:00,14.0,14.08,13.99,14.03,85890.84,1205554.3
2025-06-09 18:00:00,14.03,14.1,14.0,14.06,57115.68,802850.59
2025-06-09 19:00:00,14.06,14.08,13.99,14.02,45960.25,645374.43
2025-06-09 20:00:00,14.02,14.08,14.02,14.06,27394.98,384993.98
2025-06-09 21:00:00,14.06,14.32,14.06,14.3,158735.0,2257923.13
2025-06-09 22:00:00,14.3,14.4,14.3,14.38,126740.32,1818532.0
2025-06-09 23:00:00,14.38,14.4,14.28,14.36,96231.53,1379778.99
2025-06-10 00:00:00,14.36,14.49,14.34,14.48,95136.07,1373593.5
2025-06-10 01:00:00,14.48,14.62,14.47,14.61,90464.34,1316048.43
2025-06-10 02:00:00,14.61,14.63,14.48,14.6,62172.84,905055.57
2025-06-10 03:00:00,14.6,14.61,14.45,14.48,50631.97,734560.57
2025-06-10 04:00:00,14.48,14.52,14.42,14.48,26230.89,379081.38
2025-06-10 05:00:00,14.48,14.53,14.33,14.38,45779.62,660283.01
2025-06-10 06:00:00,14.38,14.53,14.35,14.5,85832.0,1238158.35
2025-06-10 07:00:00,14.5,14.57,14.46,14.48,69192.86,1003652.48
2025-06-10 08:00:00,14.48,14.55,14.43,14.44,34722.89,502890.59
2025-06-10 09:00:00,14.44,14.6,14.43,14.6,30128.92,437762.63
2025-06-10 10:00:00,14.6,14.61,14.49,14.61,65063.87,946769.32
2025-06-10 11:00:00,14.61,15.23,14.54,15.17,335343.66,5014765.78
2025-06-10 12:00:00,15.17,15.33,15.05,15.3,241432.72,3674618.49
2025-06-10 13:00:00,15.3,15.3,14.97,15.12,302560.94,4581914.04
2025-06-10 14:00:00,15.12,15.2,14.95,14.98,183621.66,2767340.72
2025-06-10 15:00:00,14.98,15.14,14.82,15.1,206715.21,3096924.25
2025-06-10 16:00:00,15.1,15.53,15.04,15.2,601847.04,9206615.61
2025-06-10 17:00:00,15.2,15.36,15.08,15.11,177570.62,2699372.58
2025-06-10 18:00:00,15.11,15.24,15.07,15.2,94242.35,1427954.76
2025-06-10 19:00:00,15.2,15.38,15.2,15.28,206596.38,3154607.96
2025-06-10 20:00:00,15.28,15.28,15.15,15.27,83936.88,1276613.85
2025-06-10 21:00:00,15.27,15.32,15.13,15.28,75285.55,1147785.75
2025-06-10 22:00:00,15.28,15.46,15.28,15.37,157767.25,2424687.7
2025-06-10 23:00:00,15.37,15.45,15.34,15.45,48399.99,745003.96
2025-06-11 00:00:00,15.45,15.51,15.26,15.27,128104.12,1973569.73
2025-06-11 01:00:00,15.27,15.29,15.16,15.19,66510.88,1011588.2
2025-06-11 02:00:00,15.19,15.27,15.14,15.16,30902.05,469565.74
2025-06-11 03:00:00,15.16,15.34,15.15,15.3,46759.91,713853.61
2025-06-11 04:00:00,15.3,15.3,15.2,15.25,35418.18,539815.24
2025-06-11 05:00:00,15.25,15.3,15.2,15.29,27837.42,424319.91
2025-06-11 06:00:00,15.29,15.36,15.23,15.34,67774.08,1037102.24
2025-06-11 07:00:00,15.34,15.46,15.29,15.4,43464.29,669118.77
2025-06-11 08:00:00,15.4,15.43,15.24,15.24,28917.42,443466.58
2025-06-11 09:00:00,15.24,15.31,15.14,15.15,45264.46,689100.71
2025-06-11 10:00:00,15.15,15.49,15.11,15.49,58913.2,899528.1
2025-06-11 11:00:00,15.49,15.5,15.08,15.17,181126.96,2759598.8
2025-06-11 12:00:00,15.17,15.47,15.09,15.31,142948.27,2181341.07
2025-06-11 13:00:00,15.31,15.49,15.28,15.35,115101.88,1773478.17
2025-06-11 14:00:00,15.35,15.61,15.33,15.49,263597.17,4087164.7
2025-06-11 15:00:00,15.49,15.66,15.44,15.62,179041.89,2788799.14
2025-06-11 16:00:00,15.62,15.64,15.49,15.55,58582.67,910628.45
2025-06-11 17:00:00,15.55,15.55,15.28,15.28,160100.4,2465491.29
2025-06-11 18:00:00,15.28,15.3,15.11,15.16,206144.42,3132850.09
2025-06-11 19:00:00,15.16,15.2,15.1,15.15,82646.31,1251815.96
2025-06-11 20:00:00,15.15,15.25,15.05,15.18,43600.42,661251.1
2025-06-11 21:00:00,15.18,15.25,14.94,14.96,102045.46,1538770.82
2025-06-11 22:00:00,14.96,15.0,14.76,14.83,421821.14,6251668.15
2025-06-11 23:00:00,14.83,14.92,14.81,14.9,86066.42,1280140.13
2025-06-12 00:00:00,14.9,14.92,14.74,14.85,64325.86,955295.03
2025-06-12 01:00:00,14.85,14.85,14.69,14.79,50379.07,743384.26
2025-06-12 02:00:00,14.79,14.85,14.73,14.74,54413.27,803734.02
2025-06-12 03:00:00,14.74,14.75,14.59,14.66,117170.13,1717601.81
2025-06-12 04:00:00,14.66,14.68,14.56,14.6,55465.56,810892.43
2025-06-12 05:00:00,14.6,14.65,14.52,14.58,48924.28,713656.34
2025-06-12 06:00:00,14.58,14.59,14.52,14.53,49880.31,725931.68
2025-06-12 07:00:00,14.53,14.58,14.42,14.43,97480.22,1412120.43
2025-06-12 08:00:00,14.43,14.47,14.36,14.45,51078.85,736653.16
2025-06-12 09:00:00,14.45,14.48,14.4,14.45,31947.72,461165.53
2025-06-12 10:00:00,14.45,14.46,14.06,14.25,267935.48,3808737.4
2025-06-12 11:00:00,14.25,14.25,14.08,14.12,69995.05,990318.0
2025-06-12 12:00:00,14.12,14.3,14.09,14.2,73457.97,1042394.54
2025-06-12 13:00:00,14.2,14.38,14.18,14.38,76746.48,1096152.35
2025-06-12 14:00:00,14.38,14.51,14.38,14.46,97549.73,1410280.6
2025-06-12 15:00:00,14.46,14.49,14.24,14.25,76297.74,1096745.1
2025-06-12 16:00:00,14.25,14.45,14.25,14.36,66703.02,957365.03
2025-06-12 17:00:00,14.36,14.57,14.35,14.52,98872.15,1435001.92
2025-06-12 18:00:00,14.52,14.52,14.27,14.36,82420.04,1185184.25
2025-06-12 19:00:00,14.36,14.39,14.1,14.14,65925.55,939136.65
2025-06-12 20:00:00,14.14,14.19,13.84,13.95,152824.64,2144770.46
2025-06-12 21:00:00,13.95,14.1,13.92,13.95,169724.36,2377343.51
2025-06-12 22:00:00,13.95,14.04,13.95,13.99,56722.25,793761.17
2025-06-12 23:00:00,13.99,14.08,13.95,13.98,64946.88,910789.46
2025-06-13 00:00:00,13.98,13.99,13.15,13.23,569549.14,7679973.26
2025-06-13 01:00:00,13.23,13.23,12.82,13.0,363754.34,4723758.63
2025-06-13 02:00:00,13.0,13.0,12.77,12.95,292235.92,3770890.46
2025-06-13 03:00:00,12.95,13.46,12.94,13.26,326365.01,4304407.44
2025-06-13 04:00:00,13.26,13.3,13.16,13.25,140802.57,1860860.39
2025-06-13 05:00:00,13.25,13.27,13.17,13.17,52486.88,694346.95
2025-06-13 06:00:00,13.17,13.27,13.04,13.27,78453.57,1029693.92
2025-06-13 07:00:00,13.27,13.3,13.18,13.25,77708.43,1029305.96
2025-06-13 08:00:00,13.25,13.41,13.18,13.22,80816.53,1073637.61
2025-06-13 09:00:00,13.22,13.25,13.15,13.22,57208.72,755197.64
2025-06-13 10:00:00,13.22,13.28,13.14,13.27,83642.37,1104673.01
2025-06-13 11:00:00,13.27,13.33,13.21,13.33,44810.69,594760.32
2025-06-13 12:00:00,13.33,13.42,13.27,13.28,71131.44,949982.06
2025-06-13 13:00:00,13.28,13.38,13.23,13.27,94646.15,1257478.96
2025-06-13 14:00:00,13.27,13.33,13.12,13.27,176459.22,2332566.22
2025-06-13 15:00:00,13.27,13.49,13.21,13.41,128115.33,1714122.45
2025-06-13 16:00:00,13.41,13.6,13.39,13.5,106423.38,1434543.02
2025-06-13 17:00:00,13.5,13.5,13.15,13.27,121510.24,1615742.71
2025-06-13 18:00:00,13.27,13.29,13.04,13.15,123602.15,1621922.34
2025-06-13 19:00:00,13.15,13.21,13.09,13.14,83053.75,1091687.17
2025-06-13 20:00:00,13.14,13.28,13.1,13.24,70219.5,926675.04
2025-06-13 21:00:00,13.24,13.31,13.19,13.26,40107.46,531427.63
2025-06-13 22:00:00,13.26,13.38,13.26,13.36,37554.07,500238.13
2025-06-13 23:00:00,13.36,13.46,13.36,13.45,47149.07,632421.89
2025-06-14 00:00:00,13.45,13.47,13.33,13.34,93391.77,1251147.74
2025-06-14 01:00:00,13.34,13.38,13.26,13.31,45453.42,605308.24
2025-06-14 02:00:00,13.31,13.35,13.25,13.27,22240.08,295664.49
2025-06-14 03:00:00,13.27,13.34,13.27,13.27,28852.16,383896.39
2025-06-14 04:00:00,13.27,13.34,13.27,13.3,21744.28,289475.25
2025-06-14 05:00:00,13.3,13.32,13.25,13.28,23962.83,318252.25
2025-06-14 06:00:00,13.28,13.3,13.2,13.21,35998.44,476666.86
2025-06-14 07:00:00,13.21,13.24,13.14,13.22,21194.45,279628.58
2025-06-14 08:00:00,13.22,13.23,13.16,13.18,64387.41,849104.02
2025-06-14 09:00:00,13.18,13.18,13.1,13.11,33451.16,439563.81
2025-06-14 10:00:00,13.11,13.2,13.11,13.18,11514.6,151421.5
2025-06-14 11:00:00,13.18,13.21,13.13,13.17,58126.65,764916.0
2025-06-14 12:00:00,13.17,13.17,13.1,13.16,38577.8,506829.31
2025-06-14 13:00:00,13.16,13.2,13.08,13.12,44433.9,583757.81
2025-06-14 14:00:00,13.12,13.16,13.07,13.1,24628.61,323065.34
2025-06-14 15:00:00,13.1,13.12,12.96,13.0,70138.71,913343.66
2025-06-14 16:00:00,13.0,13.04,12.85,12.88,134754.23,1741034.86
2025-06-14 17:00:00,12.88,13.02,12.86,13.01,53911.79,699306.94
2025-06-14 18:00:00,13.01,13.09,12.89,12.99,42987.61,557586.56
2025-06-14 19:00:00,12.99,13.08,12.96,13.0,52958.73,689219.2
2025-06-14 20:00:00,13.0,13.07,12.93,13.05,33920.67,440283.25
2025-06-14 21:00:00,13.05,13.19,13.04,13.17,31808.61,417288.41
2025-06-14 22:00:00,13.17,13.21,13.13,13.17,22953.94,302184.19
2025-06-14 23:00:00,13.17,13.19,13.14,13.16,17356.26,228529.78
2025-06-15 00:00:00,13.16,13.25,13.15,13.24,33405.21,440795.47
2025-06-15 01:00:00,13.24,13.25,13.19,13.22,33646.78,445228.66
2025-06-15 02:00:00,13.22,13.28,13.22,13.24,29348.57,388862.87
2025-06-15 03:00:00,13.24,13.27,13.22,13.23,21086.22,279216.51
2025-06-15 04:00:00,13.23,13.3,13.23,13.3,32123.83,426356.94
2025-06-15 05:00:00,13.3,13.32,13.2,13.31,34784.64,461365.58
2025-06-15 06:00:00,13.31,13.33,13.16,13.16,22061.56,291875.12
2025-06-15 07:00:00,13.16,13.17,13.12,13.16,19813.89,260448.55
2025-06-15 08:00:00,13.16,13.17,13.11,13.13,12279.92,161177.76
2025-06-15 09:00:00,13.13,13.13,13.03,13.05,25928.41,338903.01
2025-06-15 10:00:00,13.05,13.13,13.04,13.11,17738.41,232252.58
2025-06-15 11:00:00,13.11,13.13,13.05,13.08,30464.96,398575.36
2025-06-15 12:00:00,13.08,13.16,13.06,13.15,26954.89,353243.13
2025-06-15 13:00:00,13.15,13.22,13.13,13.2,34278.46,451688.27
2025-06-15 14:00:00,13.2,13.31,13.13,13.28,56611.71,748256.11
2025-06-15 15:00:00,13.28,13.31,13.17,13.18,67259.64,892102.16
2025-06-15 16:00:00,13.18,13.24,13.13,13.23,44124.19,581780.67
2025-06-15 17:00:00,13.23,13.24,13.16,13.19,27208.41,359363.39
2025-06-15 18:00:00,13.19,13.2,13.12,13.18,20560.82,270583.32
2025-06-15 19:00:00,13.18,13.22,13.11,13.14,34619.78,455540.66
2025-06-15 20:00:00,13.14,13.15,13.0,13.05,56943.78,744113.66
2025-06-15 21:00:00,13.05,13.15,13.02,13.15,46566.41,608258.77
2025-06-15 22:00:00,13.15,13.31,13.15,13.27,83804.69,1110747.73
2025-06-15 23:00:00,13.27,13.31,13.24,13.3,38180.04,507004.1
2025-06-16 00:00:00,13.3,13.34,13.24,13.27,44121.74,585427.05
2025-06-16 01:00:00,13.27,13.43,13.18,13.42,86181.58,1146382.07
2025-06-16 02:00:00,13.42,13.48,13.41,13.44,89492.87,1203658.16
2025-06-16 03:00:00,13.44,13.44,13.37,13.38,56159.53,752762.39
2025-06-16 04:00:00,13.38,13.48,13.38,13.46,51329.03,689359.67
2025-06-16 05:00:00,13.46,13.63,13.42,13.62,154084.6,2090632.23
2025-06-16 06:00:00,13.62,13.7,13.6,13.65,106506.2,1456179.44
2025-06-16 07:00:00,13.65,13.73,13.65,13.68,88586.04,1213440.16
2025-06-16 08:00:00,13.68,13.7,13.62,13.66,24624.73,336412.09
2025-06-16 09:00:00,13.66,13.7,13.63,13.69,23540.88,321682.62
2025-06-16 10:00:00,13.69,13.75,13.63,13.66,30975.13,424083.74
2025-06-16 11:00:00,13.66,13.68,13.56,13.68,51212.93,698007.88
2025-06-16 12:00:00,13.68,13.72,13.63,13.68,51714.88,707618.4
2025-06-16 13:00:00,13.68,13.79,13.65,13.79,94415.62,1294748.75
2025-06-16 14:00:00,13.79,13.9,13.76,13.81,117588.14,1625615.24
2025-06-16 15:00:00,13.81,13.87,13.78,13.8,73736.68,1019405.19
2025-06-16 16:00:00,13.8,13.9,13.8,13.85,58941.23,816284.01
2025-06-16 17:00:00,13.85,13.94,13.84,13.88,152547.48,2119488.55
2025-06-16 18:00:00,13.88,14.02,13.87,14.02,145710.25,2034128.21
2025-06-16 19:00:00,14.02,14.11,13.99,14.07,202917.11,2852498.81
2025-06-16 20:00:00,14.07,14.16,14.01,14.15,247112.73,3477850.52
2025-06-16 21:00:00,14.15,14.15,14.03,14.06,73137.15,1029390.35
2025-06-16 22:00:00,14.06,14.14,13.67,13.8,271978.73,3772665.77
2025-06-16 23:00:00,13.8,13.91,13.54,13.57,225094.94,3090274.3
2025-06-17 00:00:00,13.57,13.71,13.32,13.71,271504.29,3667137.64
2025-06-17 01:00:00,13.71,13.74,13.62,13.63,75375.52,1030669.76
2025-06-17 02:00:00,13.63,13.72,13.47,13.7,233868.54,3170811.44
2025-06-17 03:00:00,13.7,13.78,13.65,13.67,87130.82,1195161.98
2025-06-17 04:00:00,13.67,13.73,13.56,13.6,60499.76,825196.68
2025-06-17 05:00:00,13.6,13.64,13.54,13.57,34477.13,468385.04
2025-06-17 06:00:00,13.57,13.62,13.5,13.53,62647.13,849466.86
2025-06-17 07:00:00,13.53,13.58,13.47,13.5,49265.33,666254.24
2025-06-17 08:00:00,13.5,13.51,13.38,13.39,58357.68,784111.31
2025-06-17 09:00:00,13.39,13.44,13.33,13.37,60100.26,804189.17
2025-06-17 10:00:00,13.37,13.37,13.23,13.33,59515.94,791455.38
2025-06-17 11:00:00,13.33,13.33,13.2,13.26,43480.24,575686.52
2025-06-17 12:00:00,13.26,13.31,13.18,13.2,48391.66,641131.83
2025-06-17 13:00:00,13.2,13.35,13.18,13.24,83814.11,1111147.41
2025-06-17 14:00:00,13.24,13.36,13.14,13.15,108819.24,1444295.1
2025-06-17 15:00:00,13.15,13.17,12.94,13.06,230453.83,3005618.47
2025-06-17 16:00:00,13.06,13.06,12.83,12.83,189852.39,2459091.9
2025-06-17 17:00:00,12.83,13.02,12.81,12.88,132172.68,1704704.27
2025-06-17 18:00:00,12.88,13.06,12.86,13.06,91074.02,1179292.55
2025-06-17 19:00:00,13.06,13.25,13.05,13.17,124944.49,1644780.63
2025-06-17 20:00:00,13.17,13.2,13.0,13.02,77102.33,1009421.31
2025-06-17 21:00:00,13.02,13.08,12.95,13.0,64495.92,838802.59
2025-06-17 22:00:00,13.0,13.0,12.86,12.87,76021.21,983655.24
2025-06-17 23:00:00,12.87,13.05,12.87,12.99,50501.62,655659.85
2025-06-18 00:00:00,12.99,13.1,12.97,13.07,48873.85,636968.99
2025-06-18 01:00:00,13.07,13.16,13.03,13.04,111435.27,1457844.58
2025-06-18 02:00:00,13.04,13.08,12.99,12.99,67707.54,883552.08
2025-06-18 03:00:00,12.99,13.1,12.98,13.08,48139.06,627989.57
2025-06-18 04:00:00,13.08,13.21,13.06,13.2,92176.08,1211048.22
2025-06-18 05:00:00,13.2,13.23,13.15,13.15,33942.36,447891.64
2025-06-18 06:00:00,13.15,13.16,13.04,13.06,38574.4,505680.23
2025-06-18 07:00:00,13.06,13.1,13.03,13.09,30386.87,396778.1
2025-06-18 08:00:00,13.09,13.13,12.98,13.02,25804.71,336262.36
2025-06-18 09:00:00,13.02,13.07,12.94,12.96,62321.71,808143.18
2025-06-18 10:00:00,12.96,12.96,12.7,12.73,130106.43,1668831.72
2025-06-18 11:00:00,12.73,12.86,12.7,12.86,58940.54,754214.99
2025-06-18 12:00:00,12.86,12.86,12.77,12.78,65613.85,839942.76
2025-06-18 13:00:00,12.78,12.86,12.64,12.85,199497.78,2538676.87
2025-06-18 14:00:00,12.85,13.0,12.81,12.84,148709.09,1919276.37
2025-06-18 15:00:00,12.84,12.97,12.78,12.9,68768.82,886548.42
2025-06-18 16:00:00,12.9,12.9,12.77,12.82,73901.68,948141.99
2025-06-18 17:00:00,12.82,12.89,12.7,12.85,140667.78,1798848.06
2025-06-18 18:00:00,12.85,12.94,12.73,12.74,119146.39,1529211.48
2025-06-18 19:00:00,12.74,12.91,12.72,12.78,86305.95,1105995.33
2025-06-18 20:00:00,12.78,13.11,12.75,13.09,93379.85,1211803.18
2025-06-18 21:00:00,13.09,13.15,13.02,13.11,57666.09,754114.36
2025-06-18 22:00:00,13.11,13.15,13.06,13.07,41417.49,542283.85
2025-06-18 23:00:00,13.07,13.13,13.02,13.12,90509.34,1183879.13
2025-06-19 00:00:00,13.12,13.25,13.03,13.18,104622.71,1374521.3
2025-06-19 01:00:00,13.18,13.18,13.08,13.14,63427.33,832324.67
2025-06-19 02:00:00,13.14,13.17,13.08,13.1,26789.73,351442.33
2025-06-19 03:00:00,13.1,13.21,13.1,13.2,32530.68,428028.95
2025-06-19 04:00:00,13.2,13.22,13.14,13.22,35408.29,466767.83
2025-06-19 05:00:00,13.22,13.28,13.21,13.21,38290.39,507182.75
2025-06-19 06:00:00,13.21,13.26,13.15,13.16,30413.7,401220.6
2025-06-19 07:00:00,13.16,13.22,13.13,13.13,39574.92,521337.37
2025-06-19 08:00:00,13.13,13.23,13.13,13.18,54415.1,716897.26
2025-06-19 09:00:00,13.18,13.37,13.17,13.36,59382.24,788969.32
2025-06-19 10:00:00,13.36,13.38,13.26,13.28,47467.95,632480.19
2025-06-19 11:00:00,13.28,13.28,13.17,13.17,44577.61,588855.32
2025-06-19 12:00:00,13.17,13.21,13.09,13.12,59842.67,787031.3
2025-06-19 13:00:00,13.12,13.12,12.99,13.01,102936.12,1343713.92
2025-06-19 14:00:00,13.01,13.1,12.94,12.95,51381.88,668796.01
2025-06-19 15:00:00,12.95,13.03,12.95,12.96,31854.69,413832.52
2025-06-19 16:00:00,12.96,13.01,12.92,12.93,50287.34,652083.32
2025-06-19 17:00:00,12.93,13.14,12.93,13.09,58941.35,769904.54
2025-06-19 18:00:00,13.09,13.16,13.03,13.06,45844.97,600618.98
2025-06-19 19:00:00,13.06,13.1,13.01,13.03,52930.74,690834.45
2025-06-19 20:00:00,13.03,13.11,13.0,13.04,47477.51,619792.67
2025-06-19 21:00:00,13.04,13.07,13.01,13.03,45030.73,587357.37
2025-06-19 22:00:00,13.03,13.15,13.03,13.11,69834.77,915031.39
2025-06-19 23:00:00,13.11,13.14,13.06,13.07,46056.35,602956.64
2025-06-20 00:00:00,13.07,13.12,13.05,13.09,25358.88,331610.63
2025-06-20 01:00:00,13.09,13.1,13.0,13.1,60022.09,783006.62
2025-06-20 02:00:00,13.1,13.12,13.01,13.03,33356.76,435713.6
2025-06-20 03:00:00,13.03,13.05,13.0,13.0,25631.74,333660.73
2025-06-20 04:00:00,13.0,13.01,12.89,12.91,68259.12,884102.95
2025-06-20 05:00:00,12.91,12.97,12.89,12.95,31535.87,407894.75
2025-06-20 06:00:00,12.95,12.99,12.94,12.97,30667.98,397829.96
2025-06-20 07:00:00,12.97,13.19,12.95,13.18,125898.43,1648451.38
2025-06-20 08:00:00,13.18,13.28,13.13,13.18,112439.98,1485784.02
2025-06-20 09:00:00,13.18,13.2,13.09,13.12,46567.98,611376.65
2025-06-20 10:00:00,13.12,13.16,13.08,13.12,31503.9,413404.57
2025-06-20 11:00:00,13.12,13.17,13.09,13.14,24144.22,317006.64
2025-06-20 12:00:00,13.14,13.22,13.13,13.2,33624.82,443530.2
2025-06-20 13:00:00,13.2,13.25,13.08,13.1,65985.64,868685.99
2025-06-20 14:00:00,13.1,13.13,12.83,12.84,140839.73,1830507.1
2025-06-20 15:00:00,12.84,12.97,12.84,12.9,58118.3,749651.91
2025-06-20 16:00:00,12.9,12.91,12.71,12.77,96859.66,1239960.73
2025-06-20 17:00:00,12.77,12.8,12.3,12.55,390031.62,4862546.79
2025-06-20 18:00:00,12.55,12.65,12.52,12.59,95819.57,1206128.38
2025-06-20 19:00:00,12.59,12.61,12.49,12.58,70215.08,881054.91
2025-06-20 20:00:00,12.58,12.74,12.57,12.66,114066.6,1446580.91
2025-06-20 21:00:00,12.66,12.66,12.53,12.54,69537.49,875411.72
2025-06-20 22:00:00,12.54,12.55,12.37,12.42,91099.2,1135716.49
2025-06-20 23:00:00,12.42,12.53,12.38,12.51,54903.28,683777.27
2025-06-21 00:00:00,12.51,12.6,12.49,12.57,29570.19,371108.46
2025-06-21 01:00:00,12.57,12.69,12.56,12.66,51761.37,652904.87
2025-06-21 02:00:00,12.66,12.67,12.62,12.65,20378.11,257686.33
2025-06-21 03:00:00,12.65,12.73,12.65,12.69,17967.01,228071.39
2025-06-21 04:00:00,12.69,12.71,12.65,12.66,35487.08,450121.06
2025-06-21 05:00:00,12.66,12.7,12.64,12.68,33418.45,423262.91
2025-06-21 06:00:00,12.68,12.7,12.63,12.63,18471.29,233985.65
2025-06-21 07:00:00,12.63,12.64,12.58,12.64,11638.46,146795.28
2025-06-21 08:00:00,12.64,12.74,12.63,12.74,20353.27,258115.8
2025-06-21 09:00:00,12.74,12.74,12.65,12.69,21126.78,268139.76
2025-06-21 10:00:00,12.69,12.72,12.68,12.7,13595.32,172677.1
2025-06-21 11:00:00,12.7,12.71,12.67,12.67,12843.37,163027.16
2025-06-21 12:00:00,12.67,12.7,12.6,12.61,16447.15,207930.3
2025-06-21 13:00:00,12.61,12.65,12.46,12.48,41937.56,526593.34
2025-06-21 14:00:00,12.48,12.58,12.45,12.47,49696.74,620606.28
2025-06-21 15:00:00,12.47,12.51,12.41,12.5,25223.5,314410.92
2025-06-21 16:00:00,12.5,12.56,12.45,12.5,24207.65,302457.33
2025-06-21 17:00:00,12.5,12.56,12.37,12.41,44967.12,559953.5
2025-06-21 18:00:00,12.41,12.48,12.27,12.3,72999.49,903285.35
2025-06-21 19:00:00,12.3,12.34,12.19,12.2,115454.25,1415668.63
2025-06-21 20:00:00,12.2,12.33,12.17,12.3,96331.92,1179041.95
2025-06-21 21:00:00,12.3,12.31,11.7,11.85,429280.73,5116145.05
2025-06-21 22:00:00,11.85,11.98,11.82,11.94,184367.6,2197509.04
2025-06-21 23:00:00,11.94,12.05,11.73,12.03,291017.59,3459197.82
2025-06-22 00:00:00,12.03,12.2,11.93,12.13,234348.18,2832769.57
2025-06-22 01:00:00,12.13,12.17,11.96,11.96,143727.51,1730590.48
2025-06-22 02:00:00,11.96,12.07,11.84,11.94,119027.26,1419644.63
2025-06-22 03:00:00,11.94,12.01,11.84,11.91,101431.64,1212502.73
2025-06-22 04:00:00,11.91,12.06,11.88,12.0,63100.32,756608.93
2025-06-22 05:00:00,12.0,12.08,11.95,12.02,59769.53,719420.7
2025-06-22 06:00:00,12.02,12.1,11.99,12.08,35401.04,426882.98
2025-06-22 07:00:00,12.08,12.1,11.95,11.97,52711.8,633138.91
2025-06-22 08:00:00,11.97,12.0,11.91,11.97,68164.7,815598.08
2025-06-22 09:00:00,11.97,12.01,11.79,11.81,95458.57,1135041.04
2025-06-22 10:00:00,11.81,11.92,11.8,11.85,69704.09,826828.6
2025-06-22 11:00:00,11.85,11.95,11.84,11.89,49480.75,587934.54
2025-06-22 12:00:00,11.89,11.97,11.81,11.94,69368.99,824909.18
2025-06-22 13:00:00,11.94,11.97,11.38,11.53,660987.02,7627633.62
2025-06-22 14:00:00,11.53,11.61,11.3,11.61,355494.68,4068705.84
2025-06-22 15:00:00,11.61,11.65,11.42,11.44,157774.45,1824488.0
2025-06-22 16:00:00,11.44,11.5,11.35,11.46,174183.29,1988353.6
2025-06-22 17:00:00,11.46,11.58,11.37,11.49,127384.35,1460861.79
2025-06-22 18:00:00,11.49,11.54,11.37,11.38,61852.92,707782.53
2025-06-22 19:00:00,11.38,11.41,11.21,11.23,215954.23,2439805.55
2025-06-22 20:00:00,11.23,11.39,10.94,11.32,377146.65,4188894.83
2025-06-22 21:00:00,11.32,11.41,11.21,11.26,90088.37,1020651.84
2025-06-22 22:00:00,11.26,11.64,11.25,11.63,197495.38,2264242.29
2025-06-22 23:00:00,11.63,11.68,11.56,11.66,85586.59,995678.82
2025-06-23 00:00:00,11.66,11.77,11.63,11.64,122885.9,1435764.61
2025-06-23 01:00:00,11.64,11.7,11.56,11.69,94200.5,1095326.06
2025-06-23 02:00:00,11.69,11.71,11.65,11.69,50636.77,591316.66
2025-06-23 03:00:00,11.69,11.74,11.64,11.64,77075.6,900824.69
2025-06-23 04:00:00,11.64,11.75,11.64,11.7,42639.33,498050.5
2025-06-23 05:00:00,11.7,11.85,11.7,11.83,67222.89,792503.65
2025-06-23 06:00:00,11.83,11.88,11.77,11.85,58494.28,691850.4
2025-06-23 07:00:00,11.85,11.92,11.82,11.86,59638.3,707668.76
2025-06-23 08:00:00,11.86,11.91,11.82,11.9,49135.45,583576.97
2025-06-23 09:00:00,11.9,11.9,11.8,11.85,41332.49,489503.32
2025-06-23 10:00:00,11.85,11.86,11.76,11.81,55536.7,656034.82
2025-06-23 11:00:00,11.81,11.87,11.79,11.85,45357.01,535823.58
2025-06-23 12:00:00,11.85,11.97,11.81,11.97,51440.08,611727.35
2025-06-23 13:00:00,11.97,12.07,11.71,12.02,214525.06,2551796.51
2025-06-23 14:00:00,12.02,12.09,11.88,11.89,201136.02,2408253.41
2025-06-23 15:00:00,11.89,11.94,11.75,11.76,116029.54,1374445.11
2025-06-23 16:00:00,11.76,11.78,11.41,11.53,368553.27,4261466.97
2025-06-23 17:00:00,11.53,11.94,11.5,11.85,380283.11,4474072.02
2025-06-23 18:00:00,11.85,12.13,11.85,12.09,193024.95,2326056.19
2025-06-23 19:00:00,12.09,12.19,12.05,12.15,155591.18,1885355.02
2025-06-23 20:00:00,12.15,12.47,12.13,12.39,200086.08,2473608.52
2025-06-23 21:00:00,12.39,12.51,12.37,12.38,84212.55,1046442.65
2025-06-23 22:00:00,12.38,12.94,12.38,12.87,390879.56,5000875.3
2025-06-23 23:00:00,12.87,12.95,12.83,12.84,134085.24,1727004.54
2025-06-24 00:00:00,12.84,12.91,12.8,12.85,147332.22,1894370.62
2025-06-24 01:00:00,12.85,12.98,12.82,12.97,66682.49,860844.97
2025-06-24 02:00:00,12.97,13.05,12.87,12.88,183904.51,2379427.9
2025-06-24 03:00:00,12.88,13.0,12.88,12.96,59060.85,764624.69
2025-06-24 04:00:00,12.96,13.04,12.93,13.04,67413.05,874996.17
2025-06-24 05:00:00,13.04,13.26,13.02,13.24,75174.41,989465.1
2025-06-24 06:00:00,13.24,13.33,13.15,13.29,80331.79,1064289.52
2025-06-24 07:00:00,13.29,13.29,13.04,13.04,109086.71,1432015.34
2025-06-24 08:00:00,13.04,13.14,12.94,13.05,91636.61,1194387.31
2025-06-24 09:00:00,13.05,13.27,13.03,13.11,112577.0,1477104.46
2025-06-24 10:00:00,13.11,13.18,13.1,13.16,57555.8,756324.01
2025-06-24 11:00:00,13.16,13.21,13.08,13.16,64655.72,850290.4
2025-06-24 12:00:00,13.16,13.21,13.1,13.14,60822.52,799257.21
2025-06-24 13:00:00,13.14,13.2,13.08,13.14,127735.41,1678025.54
2025-06-24 14:00:00,13.14,13.43,13.13,13.3,292886.6,3900181.04
2025-06-24 15:00:00,13.3,13.42,13.23,13.36,145382.42,1937320.51
2025-06-24 16:00:00,13.36,13.73,13.36,13.73,224929.36,3047390.17
2025-06-24 17:00:00,13.73,13.73,13.47,13.53,238520.63,3244159.45
2025-06-24 18:00:00,13.53,13.54,13.36,13.41,100066.51,1343819.03
2025-06-24 19:00:00,13.41,13.42,13.28,13.35,101699.73,1358590.07
2025-06-24 20:00:00,13.35,13.42,13.29,13.42,125739.92,1679656.31
2025-06-24 21:00:00,13.42,13.42,13.31,13.39,70667.99,943963.28
2025-06-24 22:00:00,13.39,13.39,13.33,13.38,103631.12,1383833.77
2025-06-24 23:00:00,13.38,13.42,13.31,13.42,99473.18,1329472.13
2025-06-25 00:00:00,13.42,13.49,13.29,13.48,137229.31,1837891.86
2025-06-25 01:00:00,13.48,13.49,13.34,13.43,132309.63,1776418.0
2025-06-25 02:00:00,13.43,13.51,13.37,13.39,88259.6,1185727.89
2025-06-25 03:00:00,13.39,13.45,13.34,13.36,78925.67,1057039.3
2025-06-25 04:00:00,13.36,13.37,13.31,13.31,72831.16,970816.61
2025-06-25 05:00:00,13.31,13.35,13.26,13.28,79685.41,1060187.56
2025-06-25 06:00:00,13.28,13.41,13.26,13.4,85719.75,1142930.32
2025-06-25 07:00:00,13.4,13.47,13.36,13.46,82066.85,1100860.33
2025-06-25 08:00:00,13.46,13.48,13.33,13.4,49354.23,660570.68
2025-06-25 09:00:00,13.4,13.46,13.28,13.29,97385.48,1300992.16
2025-06-25 10:00:00,13.29,13.31,13.24,13.28,180528.06,2396911.23
2025-06-25 11:00:00,13.28,13.29,13.19,13.29,150990.26,2000187.6
2025-06-25 12:00:00,13.29,13.29,13.15,13.19,129384.55,1706860.25
2025-06-25 13:00:00,13.19,13.33,13.15,13.28,240449.81,3185532.95
2025-06-25 14:00:00,13.28,13.3,13.04,13.21,180482.34,2377611.49
2025-06-25 15:00:00,13.21,13.21,13.03,13.07,106987.02,1400527.39
2025-06-25 16:00:00,13.07,13.12,13.0,13.04,106080.34,1385956.91
2025-06-25 17:00:00,13.04,13.22,13.04,13.13,84457.77,1106978.0
2025-06-25 18:00:00,13.13,13.15,13.09,13.14,36140.09,474123.28
2025-06-25 19:00:00,13.14,13.25,13.14,13.24,82436.0,1088804.66
2025-06-25 20:00:00,13.24,13.27,13.19,13.26,60071.13,794907.7
2025-06-25 21:00:00,13.26,13.31,13.15,13.18,59526.19,787401.91
2025-06-25 22:00:00,13.18,13.18,13.07,13.1,46404.23,609167.8
2025-06-25 23:00:00,13.1,13.16,13.05,13.14,34381.26,451164.67
2025-06-26 00:00:00,13.14,13.2,13.12,13.13,40590.0,533777.52
2025-06-26 01:00:00,13.13,13.35,13.08,13.27,75697.59,1001115.39
2025-06-26 02:00:00,13.27,13.45,13.25,13.43,92836.54,1238805.31
2025-06-26 03:00:00,13.43,13.56,13.32,13.35,93044.3,1252008.34
2025-06-26 04:00:00,13.35,13.37,13.26,13.33,30117.98,400838.21
2025-06-26 05:00:00,13.33,13.34,13.21,13.27,30551.93,405420.28
2025-06-26 06:00:00,13.27,13.36,13.25,13.36,29714.28,395651.45
2025-06-26 07:00:00,13.36,13.44,13.34,13.38,41340.93,553327.92
2025-06-26 08:00:00,13.38,13.46,13.36,13.36,43269.6,580339.38
2025-06-26 09:00:00,13.36,13.37,13.18,13.18,36543.1,484676.24
2025-06-26 10:00:00,13.18,13.23,13.15,13.22,60133.88,794202.83
2025-06-26 11:00:00,13.22,13.24,13.15,13.21,34381.23,453530.38
2025-06-26 12:00:00,13.21,13.21,13.05,13.06,59128.04,776324.37
2025-06-26 13:00:00,13.06,13.12,12.99,13.02,83162.53,1085031.07
2025-06-26 14:00:00,13.02,13.21,12.95,13.14,76292.21,997765.59
2025-06-26 15:00:00,13.14,13.19,12.99,13.12,100572.05,1315461.18
2025-06-26 16:00:00,13.12,13.13,13.0,13.03,37172.77,485208.96
2025-06-26 17:00:00,13.03,13.14,13.03,13.04,44192.43,578079.1
2025-06-26 18:00:00,13.04,13.17,13.03,13.08,87536.04,1146517.15
2025-06-26 19:00:00,13.08,13.15,13.04,13.12,138207.24,1811886.29
2025-06-26 20:00:00,13.12,13.28,13.09,13.18,121601.0,1604110.43
2025-06-26 21:00:00,13.18,13.19,12.92,12.99,194007.44,2527296.25
2025-06-26 22:00:00,12.99,13.04,12.89,12.91,96319.35,1248048.72
2025-06-26 23:00:00,12.91,12.97,12.89,12.95,97965.26,1267144.87
2025-06-27 00:00:00,12.95,12.97,12.82,12.82,75681.76,976598.8
2025-06-27 01:00:00,12.82,13.02,12.78,13.0,146453.76,1892759.86
2025-06-27 02:00:00,13.0,13.08,12.98,13.07,75968.68,989925.07
2025-06-27 03:00:00,13.07,13.17,13.05,13.14,59460.74,779594.69
2025-06-27 04:00:00,13.14,13.21,13.11,13.2,42227.18,555900.33
2025-06-27 05:00:00,13.2,13.24,13.09,13.09,55593.67,730813.7
2025-06-27 06:00:00,13.09,13.14,13.06,13.11,31174.37,408256.35
2025-06-27 07:00:00,13.11,13.19,13.01,13.03,77952.69,1020932.13
2025-06-27 08:00:00,13.03,13.21,13.02,13.15,41879.19,547685.76
2025-06-27 09:00:00,13.15,13.17,13.1,13.14,34845.56,457714.95
2025-06-27 10:00:00,13.14,13.16,13.04,13.05,37745.4,494062.25
2025-06-27 11:00:00,13.05,13.08,13.02,13.05,51199.99,668050.9
2025-06-27 12:00:00,13.05,13.12,12.94,12.94,72871.17,948678.38
2025-06-27 13:00:00,12.94,12.99,12.87,12.97,57502.02,744049.39
2025-06-27 14:00:00,12.97,13.06,12.88,12.9,72671.45,939407.62
2025-06-27 15:00:00,12.9,13.07,12.88,13.05,70286.27,910766.45
2025-06-27 16:00:00,13.05,13.19,12.99,13.09,81782.96,1070317.05
2025-06-27 17:00:00,13.09,13.11,12.84,12.89,46706.75,604381.62
2025-06-27 18:00:00,12.89,12.91,12.74,12.78,106063.58,1358043.58
2025-06-27 19:00:00,12.78,12.9,12.76,12.88,113628.33,1460347.83
2025-06-27 20:00:00,12.88,13.01,12.87,13.01,62157.35,804512.87
2025-06-27 21:00:00,13.01,13.06,12.96,12.97,68683.84,893338.66
2025-06-27 22:00:00,12.97,13.07,12.97,13.06,34819.36,453737.53
2025-06-27 23:00:00,13.06,13.07,13.02,13.06,34722.0,453234.98
2025-06-28 00:00:00,13.06,13.1,13.03,13.05,38074.0,497303.24
2025-06-28 01:00:00,13.05,13.13,13.01,13.12,37504.93,490425.27
2025-06-28 02:00:00,13.12,13.18,13.12,13.12,66165.03,870275.61
2025-06-28 03:00:00,13.12,13.17,13.11,13.16,28462.73,374380.13
2025-06-28 04:00:00,13.16,13.18,13.13,13.13,15045.32,197915.37
2025-06-28 05:00:00,13.13,13.17,13.09,13.1,58967.7,774679.13
2025-06-28 06:00:00,13.1,13.15,13.1,13.14,16743.78,219764.63
2025-06-28 07:00:00,13.14,13.18,13.1,13.17,37565.01,493267.29
2025-06-28 08:00:00,13.17,13.18,13.12,13.13,27279.56,358522.93
2025-06-28 09:00:00,13.13,13.19,13.1,13.18,24530.8,322409.24
2025-06-28 10:00:00,13.18,13.2,13.11,13.12,17503.52,230165.17
2025-06-28 11:00:00,13.12,13.13,13.1,13.1,19567.33,256654.27
2025-06-28 12:00:00,13.1,13.11,13.07,13.09,26178.05,342903.0
2025-06-28 13:00:00,13.09,13.12,13.06,13.09,21154.3,276755.48
2025-06-28 14:00:00,13.09,13.17,13.08,13.16,24586.33,323191.2
2025-06-28 15:00:00,13.16,13.29,13.15,13.28,41438.44,547412.84
2025-06-28 16:00:00,13.28,13.33,13.24,13.24,45543.39,605591.57
2025-06-28 17:00:00,13.24,13.39,13.23,13.38,86049.01,1146704.63
2025-06-28 18:00:00,13.38,13.41,13.3,13.34,92962.03,1241720.99
2025-06-28 19:00:00,13.34,13.37,13.31,13.31,24625.16,328399.2
2025-06-28 20:00:00,13.31,13.37,13.3,13.34,37493.04,499853.21
2025-06-28 21:00:00,13.34,13.42,13.32,13.4,52630.84,703179.6
2025-06-28 22:00:00,13.4,13.44,13.38,13.43,41565.36,557383.75
2025-06-28 23:00:00,13.43,13.45,13.38,13.4,28709.41,385322.01
2025-06-29 00:00:00,13.4,13.45,13.38,13.39,43175.49,578830.27
2025-06-29 01:00:00,13.39,13.4,13.33,13.34,41746.97,558397.06
2025-06-29 02:00:00,13.34,13.35,13.31,13.33,31823.28,424145.12
2025-06-29 03:00:00,13.33,13.35,13.28,13.29,28254.43,376080.62
2025-06-29 04:00:00,13.29,13.3,13.27,13.3,24021.33,319124.68
2025-06-29 05:00:00,13.3,13.32,13.27,13.31,10624.75,141220.42
2025-06-29 06:00:00,13.31,13.38,13.31,13.38,24385.96,325534.71
2025-06-29 07:00:00,13.38,13.44,13.37,13.44,20638.95,276480.29
2025-06-29 08:00:00,13.44,13.47,13.41,13.46,36147.78,486008.63
2025-06-29 09:00:00,13.46,13.48,13.42,13.43,24667.87,331851.04
2025-06-29 10:00:00,13.43,13.48,13.39,13.43,35299.73,474273.14
2025-06-29 11:00:00,13.43,13.45,13.39,13.45,19372.39,260117.29
2025-06-29 12:00:00,13.45,13.46,13.39,13.43,31092.98,417240.51
2025-06-29 13:00:00,13.43,13.45,13.36,13.37,58761.98,788015.06
2025-06-29 14:00:00,13.37,13.4,13.31,13.32,53521.33,714614.31
2025-06-29 15:00:00,13.32,13.33,13.27,13.28,69115.89,919192.43
2025-06-29 16:00:00,13.28,13.32,13.25,13.32,37839.05,502653.43
2025-06-29 17:00:00,13.32,13.4,13.31,13.4,38349.38,511784.88
2025-06-29 18:00:00,13.4,13.41,13.36,13.37,48131.85,644622.86
2025-06-29 19:00:00,13.37,13.39,13.34,13.35,25037.11,334420.68
2025-06-29 20:00:00,13.35,13.35,13.32,13.32,18318.95,244302.09
2025-06-29 21:00:00,13.32,13.41,13.26,13.39,65338.2,871428.03
2025-06-29 22:00:00,13.39,13.83,13.39,13.78,332174.48,4526576.2
2025-06-29 23:00:00,13.78,13.87,13.71,13.71,114937.11,1585631.94
2025-06-30 00:00:00,13.71,13.78,13.66,13.68,137509.87,1884833.26
2025-06-30 01:00:00,13.68,13.68,13.59,13.59,102387.28,1395396.58
2025-06-30 02:00:00,13.59,13.59,13.51,13.52,38406.89,520711.68
2025-06-30 03:00:00,13.52,13.54,13.49,13.5,46117.3,623393.42
2025-06-30 04:00:00,13.5,13.51,13.4,13.41,41951.3,564185.83
2025-06-30 05:00:00,13.41,13.43,13.36,13.42,38897.3,521021.82
2025-06-30 06:00:00,13.42,13.43,13.2,13.25,116876.24,1554909.52
2025-06-30 07:00:00,13.25,13.38,13.25,13.34,31517.59,419760.2
2025-06-30 08:00:00,13.34,13.37,13.25,13.26,19903.72,264626.52
2025-06-30 09:00:00,13.26,13.31,13.2,13.21,30695.33,406843.89
2025-06-30 10:00:00,13.21,13.23,13.18,13.19,28309.88,373846.57
2025-06-30 11:00:00,13.19,13.27,13.18,13.21,37063.7,490173.25
2025-06-30 12:00:00,13.21,13.25,13.14,13.17,55165.87,726724.86
2025-06-30 13:00:00,13.17,13.3,13.17,13.25,81559.68,1080340.98
2025-06-30 14:00:00,13.25,13.36,13.2,13.23,108726.14,1444727.16
2025-06-30 15:00:00,13.23,13.45,13.18,13.38,147800.68,1968039.5
2025-06-30 16:00:00,13.38,13.39,13.26,13.36,80454.78,1071959.55
2025-06-30 17:00:00,13.36,13.43,13.35,13.38,81090.8,1085842.21
2025-06-30 18:00:00,13.38,13.43,13.3,13.34,52522.41,700882.34
2025-06-30 19:00:00,13.34,13.63,13.33,13.62,117617.13,1592295.92
2025-06-30 20:00:00,13.62,13.67,13.55,13.55,100287.31,1365805.43
2025-06-30 21:00:00,13.55,13.57,13.39,13.43,110261.71,1488331.92
2025-06-30 22:00:00,13.43,13.48,13.39,13.4,122684.66,1647694.53
2025-06-30 23:00:00,13.4,13.44,13.37,13.38,37929.84,508515.81
2025-07-01 00:00:00,13.38,13.44,13.27,13.34,90650.63,1209654.43
2025-07-01 01:00:00,13.34,13.41,13.3,13.3,38355.55,512360.25
2025-07-01 02:00:00,13.3,13.32,13.24,13.25,60330.1,801756.85
2025-07-01 03:00:00,13.25,13.32,13.24,13.32,18148.48,241088.62
2025-07-01 04:00:00,13.32,13.32,13.19,13.19,27308.7,361879.77
2025-07-01 05:00:00,13.19,13.22,13.17,13.21,21260.45,280578.35
2025-07-01 06:00:00,13.21,13.25,13.18,13.22,21221.16,280596.95
2025-07-01 07:00:00,13.22,13.24,13.09,13.23,40280.49,530632.39
2025-07-01 08:00:00,13.23,13.27,13.17,13.17,36014.61,476278.97
2025-07-01 09:00:00,13.17,13.21,13.14,13.18,24886.55,328003.23
2025-07-01 10:00:00,13.18,13.21,13.15,13.19,27687.42,365147.05
2025-07-01 11:00:00,13.19,13.2,13.12,13.14,15969.87,210126.6
2025-07-01 12:00:00,13.14,13.16,13.06,13.07,38566.09,504815.25
2025-07-01 13:00:00,13.07,13.13,13.01,13.11,58435.49,763761.39
2025-07-01 14:00:00,13.11,13.18,12.95,13.01,108562.2,1416154.67
2025-07-01 15:00:00,13.01,13.07,12.96,13.01,70355.45,915165.71
2025-07-01 16:00:00,13.01,13.07,12.96,12.99,37679.31,490340.66
2025-07-01 17:00:00,12.99,13.01,12.94,12.98,40763.6,528395.69
2025-07-01 18:00:00,12.98,12.99,12.84,12.86,57315.23,739775.25
2025-07-01 19:00:00,12.86,12.91,12.83,12.83,57242.49,736954.28
2025-07-01 20:00:00,12.83,12.92,12.79,12.9,55750.27,716076.45
2025-07-01 21:00:00,12.9,12.93,12.85,12.86,23469.33,302192.35
2025-07-01 22:00:00,12.86,12.88,12.82,12.85,46405.58,596715.99
2025-07-01 23:00:00,12.85,12.9,12.8,12.9,35844.88,460353.08
2025-07-02 00:00:00,12.9,12.91,12.81,12.82,29938.59,385276.36
2025-07-02 01:00:00,12.82,12.91,12.74,12.89,77758.67,996585.38
2025-07-02 02:00:00,12.89,12.91,12.83,12.88,23595.9,303424.06
2025-07-02 03:00:00,12.88,12.96,12.88,12.91,36755.05,475038.92
2025-07-02 04:00:00,12.91,13.06,12.89,13.06,26056.11,337345.78
2025-07-02 05:00:00,13.06,13.09,13.02,13.04,30334.97,395727.02
2025-07-02 06:00:00,13.04,13.09,13.0,13.09,54694.54,713229.95
2025-07-02 07:00:00,13.09,13.09,13.0,13.04,17900.88,233509.34
2025-07-02 08:00:00,13.04,13.12,13.04,13.12,42560.26,557253.69
2025-07-02 09:00:00,13.12,13.13,13.06,13.06,78245.03,1023029.76
2025-07-02 10:00:00,13.06,13.13,13.05,13.13,23655.95,309583.36
2025-07-02 11:00:00,13.13,13.18,13.07,13.08,28729.55,377360.22
2025-07-02 12:00:00,13.08,13.1,13.0,13.04,38370.14,500611.84
2025-07-02 13:00:00,13.04,13.14,13.03,13.08,59604.82,779419.15
2025-07-02 14:00:00,13.08,13.24,13.08,13.23,111253.61,1465206.37
2025-07-02 15:00:00,13.23,13.38,13.22,13.37,104802.01,1394890.6
2025-07-02 16:00:00,13.37,13.71,13.37,13.66,420454.92,5714998.64
2025-07-02 17:00:00,13.66,13.76,13.56,13.62,218305.66,2983342.92
2025-07-02 18:00:00,13.62,13.79,13.62,13.75,139942.67,1923304.92
2025-07-02 19:00:00,13.75,13.79,13.68,13.78,126450.85,1736593.66
2025-07-02 20:00:00,13.78,13.85,13.73,13.73,108861.72,1498988.89
2025-07-02 21:00:00,13.73,13.77,13.69,13.73,70367.66,966410.46
2025-07-02 22:00:00,13.73,13.81,13.7,13.71,63341.53,870292.76
2025-07-02 23:00:00,13.71,13.72,13.55,13.56,65078.06,886405.03
2025-07-03 00:00:00,13.56,13.61,13.52,13.56,89230.39,1209408.48
2025-07-03 01:00:00,13.56,13.6,13.52,13.59,108256.03,1468950.23
2025-07-03 02:00:00,13.59,13.59,13.45,13.5,47383.97,639166.47
2025-07-03 03:00:00,13.5,13.55,13.47,13.48,39783.2,537280.2
2025-07-03 04:00:00,13.48,13.56,13.46,13.55,30925.2,418030.11
2025-07-03 05:00:00,13.55,13.78,13.55,13.78,82218.97,1125102.94
2025-07-03 06:00:00,13.78,13.83,13.73,13.8,44490.77,613526.23
2025-07-03 07:00:00,13.8,13.91,13.78,13.88,94271.45,1306394.18
2025-07-03 08:00:00,13.88,13.92,13.84,13.85,48693.4,676293.56
2025-07-03 09:00:00,13.85,13.97,13.83,13.91,79434.98,1105286.38
2025-07-03 10:00:00,13.91,13.94,13.8,13.83,72895.77,1009944.58
2025-07-03 11:00:00,13.83,13.83,13.73,13.82,73268.79,1009286.03
2025-07-03 12:00:00,13.82,13.98,13.68,13.82,177291.35,2443520.6
2025-07-03 13:00:00,13.82,14.0,13.77,13.96,149516.21,2078297.27
2025-07-03 14:00:00,13.96,14.08,13.77,13.79,197789.77,2750950.52
2025-07-03 15:00:00,13.79,13.82,13.6,13.62,173528.35,2379439.81
2025-07-03 16:00:00,13.62,13.72,13.61,13.68,104665.28,1430572.93
2025-07-03 17:00:00,13.68,13.73,13.66,13.72,90115.93,1234617.78
2025-07-03 18:00:00,13.72,13.77,13.69,13.75,106133.85,1456445.52
2025-07-03 19:00:00,13.75,13.78,13.7,13.71,86727.56,1192511.29
2025-07-03 20:00:00,13.71,13.79,13.71,13.78,41790.05,574558.2
2025-07-03 21:00:00,13.78,13.8,13.73,13.75,56116.63,772373.0
2025-07-03 22:00:00,13.75,13.77,13.69,13.71,38824.88,532678.37
2025-07-03 23:00:00,13.71,13.73,13.65,13.67,27052.75,369826.97
2025-07-04 00:00:00,13.67,13.72,13.64,13.68,40247.11,550745.78
2025-07-04 01:00:00,13.68,13.79,13.68,13.71,40220.02,552631.97
2025-07-04 02:00:00,13.71,13.72,13.58,13.6,68217.82,930416.33
2025-07-04 03:00:00,13.6,13.64,13.57,13.6,40465.2,551129.29
2025-07-04 04:00:00,13.6,13.62,13.52,13.52,34535.33,468343.52
2025-07-04 05:00:00,13.52,13.61,13.52,13.55,26652.86,361505.76
2025-07-04 06:00:00,13.55,13.55,13.46,13.49,33630.96,453863.23
2025-07-04 07:00:00,13.49,13.51,13.37,13.38,63255.33,848732.37
2025-07-04 08:00:00,13.38,13.42,13.29,13.39,55234.28,737639.17
2025-07-04 09:00:00,13.39,13.47,13.23,13.47,139148.71,1856864.9
2025-07-04 10:00:00,13.47,13.47,13.33,13.34,45527.73,609928.79
2025-07-04 11:00:00,13.34,13.41,13.33,13.35,37319.1,499001.27
2025-07-04 12:00:00,13.35,13.4,13.31,13.34,23725.8,316822.44
2025-07-04 13:00:00,13.34,13.4,13.25,13.25,39106.36,520254.47
2025-07-04 14:00:00,13.25,13.27,13.11,13.19,169618.09,2237288.98
2025-07-04 15:00:00,13.19,13.19,13.06,13.08,85092.92,1115490.9
2025-07-04 16:00:00,13.08,13.1,12.95,13.05,83577.81,1088274.7
2025-07-04 17:00:00,13.05,13.11,13.02,13.11,62006.36,809828.75
2025-07-04 18:00:00,13.11,13.11,13.01,13.06,28480.61,371922.02
2025-07-04 19:00:00,13.06,13.08,12.99,13.02,29183.31,380254.68
2025-07-04 20:00:00,13.02,13.08,13.0,13.05,35345.81,461045.22
2025-07-04 21:00:00,13.05,13.1,13.04,13.1,28226.93,368974.93
2025-07-04 22:00:00,13.1,13.25,13.09,13.25,61389.2,809204.96
2025-07-04 23:00:00,13.25,13.25,13.15,13.17,34630.1,457406.65
2025-07-05 00:00:00,13.17,13.23,13.16,13.22,30426.29,401695.62
2025-07-05 01:00:00,13.22,13.22,13.14,13.17,28902.19,380490.73
2025-07-05 02:00:00,13.17,13.2,13.08,13.2,24749.91,325348.5
2025-07-05 03:00:00,13.2,13.22,13.19,13.2,20562.39,271584.72
2025-07-05 04:00:00,13.2,13.24,13.17,13.19,21047.72,277768.77
2025-07-05 05:00:00,13.19,13.21,13.16,13.21,13859.83,182664.84
2025-07-05 06:00:00,13.21,13.25,13.18,13.25,17561.23,231993.85
2025-07-05 07:00:00,13.25,13.26,13.18,13.19,24164.08,319780.85
2025-07-05 08:00:00,13.19,13.21,13.13,13.16,19412.64,255513.45
2025-07-05 09:00:00,13.16,13.2,13.11,13.2,12286.99,161417.43
2025-07-05 10:00:00,13.2,13.25,13.19,13.2,24678.46,326381.16
2025-07-05 11:00:00,13.2,13.26,13.2,13.24,10724.22,141862.55
2025-07-05 12:00:00,13.24,13.25,13.16,13.19,16878.39,222704.31
2025-07-05 13:00:00,13.19,13.21,13.14,13.15,14498.37,190918.6
2025-07-05 14:00:00,13.15,13.21,13.13,13.21,46256.36,609083.84
2025-07-05 15:00:00,13.21,13.21,13.12,13.13,28077.61,369268.89
2025-07-05 16:00:00,13.13,13.17,13.07,13.13,34611.34,453836.36
2025-07-05 17:00:00,13.13,13.17,13.07,13.11,26192.8,342901.4
2025-07-05 18:00:00,13.11,13.11,13.02,13.03,32179.54,419709.69
2025-07-05 19:00:00,13.03,13.12,13.0,13.12,24323.11,317105.49
2025-07-05 20:00:00,13.12,13.19,13.1,13.19,23225.03,305138.71
2025-07-05 21:00:00,13.19,13.2,13.16,13.2,25723.08,339202.08
2025-07-05 22:00:00,13.2,13.27,13.18,13.26,32660.33,431583.78
2025-07-05 23:00:00,13.26,13.27,13.21,13.23,31820.19,421450.77
2025-07-06 00:00:00,13.23,13.24,13.19,13.23,15828.11,209163.76
2025-07-06 01:00:00,13.23,13.23,13.2,13.22,9401.36,124215.88
2025-07-06 02:00:00,13.22,13.23,13.18,13.18,12330.89,162838.37
2025-07-06 03:00:00,13.18,13.21,13.15,13.2,35193.49,463494.66
2025-07-06 04:00:00,13.2,13.23,13.18,13.18,16660.11,220007.43
2025-07-06 05:00:00,13.18,13.19,13.16,13.16,18592.78,244812.23
2025-07-06 06:00:00,13.16,13.26,13.16,13.21,14209.18,187851.77
2025-07-06 07:00:00,13.21,13.23,13.15,13.16,11429.7,150721.86
2025-07-06 08:00:00,13.16,13.18,13.1,13.14,20156.3,264833.69
2025-07-06 09:00:00,13.14,13.18,13.13,13.13,9012.23,118604.97
2025-07-06 10:00:00,13.13,13.19,13.12,13.17,13488.17,177465.9
2025-07-06 11:00:00,13.17,13.21,13.15,13.21,12017.41,158354.37
2025-07-06 12:00:00,13.21,13.26,13.18,13.25,34578.28,456876.9
2025-07-06 13:00:00,13.25,13.5,13.24,13.44,139749.4,1869363.51
2025-07-06 14:00:00,13.44,13.47,13.36,13.41,126888.79,1702009.46
2025-07-06 15:00:00,13.41,13.45,13.38,13.43,40689.13,546047.74
2025-07-06 16:00:00,13.43,13.49,13.42,13.49,64250.65,864498.89
2025-07-06 17:00:00,13.49,13.49,13.43,13.44,34889.75,469381.76
2025-07-06 18:00:00,13.44,13.45,13.29,13.34,42527.81,567874.5
2025-07-06 19:00:00,13.34,13.39,13.34,13.39,26786.89,358028.71
2025-07-06 20:00:00,13.39,13.47,13.39,13.44,24005.26,322410.88
2025-07-06 21:00:00,13.44,13.66,13.44,13.58,97194.06,1321275.16
2025-07-06 22:00:00,13.58,13.7,13.58,13.59,82440.09,1125329.22
2025-07-06 23:00:00,13.59,13.59,13.45,13.49,63783.8,862188.65
2025-07-07 00:00:00,13.49,13.52,13.43,13.47,42694.45,575351.41
2025-07-07 01:00:00,13.47,13.49,13.42,13.47,28459.1,382993.38
2025-07-07 02:00:00,13.47,13.66,13.47,13.6,40571.81,551043.18
2025-07-07 03:00:00,13.6,13.67,13.55,13.56,41651.13,566632.26
2025-07-07 04:00:00,13.56,13.59,13.54,13.56,47426.19,643457.09
2025-07-07 05:00:00,13.56,13.58,13.52,13.53,43746.34,592890.35
2025-07-07 06:00:00,13.53,13.68,13.5,13.68,54019.73,734617.53
2025-07-07 07:00:00,13.68,13.73,13.5,13.63,111139.23,1514132.09
2025-07-07 08:00:00,13.63,13.67,13.58,13.64,25084.42,341436.08
2025-07-07 09:00:00,13.64,13.64,13.57,13.59,34491.84,469193.51
2025-07-07 10:00:00,13.59,13.6,13.54,13.55,37298.78,506108.15
2025-07-07 11:00:00,13.55,13.62,13.53,13.58,25650.08,348160.52
2025-07-07 12:00:00,13.58,13.59,13.49,13.5,47231.7,638638.74
2025-07-07 13:00:00,13.5,13.68,13.46,13.67,67938.91,919396.73
2025-07-07 14:00:00,13.67,13.68,13.46,13.48,114833.89,1556939.65
2025-07-07 15:00:00,13.48,13.58,13.48,13.53,131855.27,1784677.9
2025-07-07 16:00:00,13.53,13.58,13.4,13.4,149949.92,2022697.09
2025-07-07 17:00:00,13.4,13.52,13.36,13.4,68551.85,920294.45
2025-07-07 18:00:00,13.4,13.43,13.32,13.42,55926.52,747272.12
2025-07-07 19:00:00,13.42,13.5,13.41,13.44,47416.34,637975.43
2025-07-07 20:00:00,13.44,13.44,13.3,13.33,52504.77,701288.06
2025-07-07 21:00:00,13.33,13.39,13.25,13.37,42115.11,560974.0
2025-07-07 22:00:00,13.37,13.39,13.28,13.35,20678.22,275644.64
2025-07-07 23:00:00,13.35,13.44,13.35,13.43,109089.4,1459925.97
2025-07-08 00:00:00,13.43,13.47,13.34,13.35,98323.59,1318063.63
2025-07-08 01:00:00,13.35,13.35,13.24,13.25,53131.77,705721.85
2025-07-08 02:00:00,13.25,13.28,13.2,13.23,80362.36,1063946.07
2025-07-08 03:00:00,13.23,13.27,13.22,13.25,23548.41,312050.39
2025-07-08 04:00:00,13.25,13.27,13.21,13.26,33308.52,440919.13
2025-07-08 05:00:00,13.26,13.31,13.24,13.31,33346.19,442499.59
2025-07-08 06:00:00,13.31,13.35,13.3,13.33,28887.75,384858.63
2025-07-08 07:00:00,13.33,13.36,13.29,13.36,23618.48,314596.8
2025-07-08 08:00:00,13.36,13.38,13.26,13.27,25451.69,339336.18
2025-07-08 09:00:00,13.27,13.32,13.26,13.3,11841.73,157305.66
2025-07-08 10:00:00,13.3,13.43,13.29,13.43,29024.31,387963.33
2025-07-08 11:00:00,13.43,13.53,13.43,13.5,38881.89,524878.28
2025-07-08 12:00:00,13.5,13.58,13.49,13.57,38779.92,525010.23
2025-07-08 13:00:00,13.57,13.68,13.48,13.62,114313.15,1550412.03
2025-07-08 14:00:00,13.62,13.64,13.42,13.44,81918.44,1108670.62
2025-07-08 15:00:00,13.44,13.53,13.43,13.49,43857.28,590961.41
2025-07-08 16:00:00,13.49,13.61,13.46,13.6,57511.21,778935.65
2025-07-08 17:00:00,13.6,13.86,13.59,13.79,121442.3,1672719.22
2025-07-08 18:00:00,13.79,13.94,13.77,13.92,126307.26,1748421.31
2025-07-08 19:00:00,13.92,13.93,13.8,13.92,97901.02,1358119.73
2025-07-08 20:00:00,13.92,13.94,13.8,13.81,84096.42,1165672.85
2025-07-08 21:00:00,13.81,13.88,13.79,13.88,69556.95,963135.5
2025-07-08 22:00:00,13.88,13.95,13.88,13.95,75292.26,1047763.7
2025-07-08 23:00:00,13.95,14.0,13.93,13.97,64346.53,898407.31
2025-07-09 00:00:00,13.97,13.98,13.9,13.92,63913.22,890440.52
2025-07-09 01:00:00,13.92,13.98,13.85,13.87,67158.56,934035.44
2025-07-09 02:00:00,13.87,13.94,13.86,13.9,43990.9,611529.94
2025-07-09 03:00:00,13.9,13.94,13.83,13.85,52751.31,731522.13
2025-07-09 04:00:00,13.85,13.94,13.82,13.94,49269.64,683649.61
2025-07-09 05:00:00,13.94,14.2,13.93,14.08,187574.76,2641725.61
2025-07-09 06:00:00,14.08,14.12,14.04,14.12,69778.92,982214.57
2025-07-09 07:00:00,14.12,14.2,14.09,14.15,70115.14,992509.34
2025-07-09 08:00:00,14.15,14.19,14.09,14.1,61684.65,872327.95
2025-07-09 09:00:00,14.1,14.12,14.02,14.02,119958.89,1685383.84
2025-07-09 10:00:00,14.02,14.05,13.98,14.02,134626.72,1887444.08
2025-07-09 11:00:00,14.02,14.04,13.99,14.03,149352.49,2095890.72
2025-07-09 12:00:00,14.03,14.16,14.02,14.13,256888.13,3615971.1
2025-07-09 13:00:00,14.13,14.18,14.05,14.06,104622.05,1478479.47
2025-07-09 14:00:00,14.06,14.14,13.91,14.01,171187.09,2396640.11
2025-07-09 15:00:00,14.01,14.06,13.97,14.02,59681.29,836318.57
2025-07-09 16:00:00,14.02,14.05,13.97,14.05,70918.87,994838.63
2025-07-09 17:00:00,14.05,14.05,13.93,13.96,102039.24,1426838.98
2025-07-09 18:00:00,13.96,14.14,13.96,14.06,116259.74,1634722.52
2025-07-09 19:00:00,14.06,14.36,14.05,14.3,210478.7,2994601.43
2025-07-09 20:00:00,14.3,14.32,14.11,14.18,147418.16,2092647.89
2025-07-09 21:00:00,14.18,14.34,14.17,14.26,97497.39,1393038.07
2025-07-09 22:00:00,14.26,14.38,14.25,14.32,71652.78,1024961.73
2025-07-09 23:00:00,14.32,14.34,14.23,14.25,46287.03,661750.48
2025-07-10 00:00:00,14.25,14.28,14.16,14.16,74511.23,1060519.38
2025-07-10 01:00:00,14.16,14.3,14.16,14.29,31041.41,441921.18
2025-07-10 02:00:00,14.29,14.38,14.29,14.35,50923.33,730798.01
2025-07-10 03:00:00,14.35,14.38,14.29,14.32,32835.0,470796.6
2025-07-10 04:00:00,14.32,14.35,14.26,14.35,23124.52,330777.5
2025-07-10 05:00:00,14.35,14.48,14.24,14.31,235311.45,3376361.6
2025-07-10 06:00:00,14.31,14.36,14.24,14.35,65963.07,943589.83
2025-07-10 07:00:00,14.35,14.46,14.34,14.41,85405.28,1231193.56
2025-07-10 08:00:00,14.41,14.48,14.38,14.45,38971.22,562446.48
2025-07-10 09:00:00,14.45,14.47,14.36,14.37,81558.39,1174912.18
2025-07-10 10:00:00,14.37,14.4,14.31,14.39,48842.57,700716.6
2025-07-10 11:00:00,14.39,14.4,14.32,14.33,35879.57,515235.38
2025-07-10 12:00:00,14.33,14.33,14.27,14.3,40684.1,581450.91
2025-07-10 13:00:00,14.3,14.4,14.28,14.31,47087.5,674823.22
2025-07-10 14:00:00,14.31,14.39,14.23,14.34,59234.93,846762.37
2025-07-10 15:00:00,14.34,14.37,14.26,14.34,120979.72,1730684.03
2025-07-10 16:00:00,14.34,14.55,14.33,14.54,144468.65,2089942.16
2025-07-10 17:00:00,14.54,14.74,14.5,14.71,181842.55,2659590.36
2025-07-10 18:00:00,14.71,14.73,14.55,14.63,162305.05,2377947.12
2025-07-10 19:00:00,14.63,14.68,14.61,14.67,53584.0,785133.58
2025-07-10 20:00:00,14.67,14.8,14.66,14.79,98889.17,1458781.25
2025-07-10 21:00:00,14.79,15.25,14.78,15.18,400074.6,6032457.36
2025-07-10 22:00:00,15.18,15.32,15.16,15.31,158778.89,2418484.02
2025-07-10 23:00:00,15.31,15.34,15.18,15.24,99408.27,1517236.05
2025-07-11 00:00:00,15.24,15.27,15.03,15.13,121831.98,1842919.26
2025-07-11 01:00:00,15.13,15.34,15.12,15.34,116359.97,1777655.76
2025-07-11 02:00:00,15.34,15.44,15.3,15.39,89542.3,1377744.21
2025-07-11 03:00:00,15.39,15.41,15.32,15.36,52960.2,813594.03
2025-07-11 04:00:00,15.36,15.46,15.3,15.46,59875.71,919330.38
2025-07-11 05:00:00,15.46,15.61,15.43,15.5,113113.59,1755031.48
2025-07-11 06:00:00,15.5,15.61,15.3,15.31,83795.97,1297733.4
2025-07-11 07:00:00,15.31,15.41,15.24,15.28,51440.53,787203.53
2025-07-11 08:00:00,15.28,15.34,15.22,15.34,278525.14,4259077.65
2025-07-11 09:00:00,15.34,15.6,15.31,15.47,148682.91,2299487.52
2025-07-11 10:00:00,15.47,15.59,15.44,15.52,74872.56,1161828.58
2025-07-11 11:00:00,15.52,15.53,15.39,15.44,91157.2,1408467.91
2025-07-11 12:00:00,15.44,15.58,15.42,15.57,67678.72,1048584.28
2025-07-11 13:00:00,15.57,15.75,15.5,15.7,205223.74,3207736.43
2025-07-11 14:00:00,15.7,15.86,15.62,15.76,191908.71,3021542.53
2025-07-11 15:00:00,15.76,15.87,15.44,15.48,267094.36,4197090.76
2025-07-11 16:00:00,15.48,15.68,15.43,15.57,376843.58,5864750.52
2025-07-11 17:00:00,15.57,15.77,15.56,15.77,118054.58,1850321.01
2025-07-11 18:00:00,15.77,15.85,15.69,15.76,97560.21,1537275.2
2025-07-11 19:00:00,15.76,15.82,15.65,15.81,114675.26,1807013.73
2025-07-11 20:00:00,15.81,15.82,15.53,15.54,117031.62,1835255.77
2025-07-11 21:00:00,15.54,15.62,15.34,15.41,120555.56,1866693.64
2025-07-11 22:00:00,15.41,15.44,15.03,15.22,217005.03,3294688.33
2025-07-11 23:00:00,15.22,15.32,15.2,15.29,78757.35,1204698.76
2025-07-12 00:00:00,15.29,15.35,15.06,15.18,104358.64,1584840.58
2025-07-12 01:00:00,15.18,15.4,15.18,15.37,59533.62,913643.31
2025-07-12 02:00:00,15.37,15.46,15.36,15.38,66628.99,1028035.63
2025-07-12 03:00:00,15.38,15.48,15.33,15.37,63184.99,973762.78
2025-07-12 04:00:00,15.37,15.39,15.17,15.2,41577.08,635456.73
2025-07-12 05:00:00,15.2,15.26,15.11,15.22,57677.38,875926.73
2025-07-12 06:00:00,15.22,15.32,15.17,15.29,56137.67,855942.73
2025-07-12 07:00:00,15.29,15.34,15.22,15.25,57181.53,873880.61
2025-07-12 08:00:00,15.25,15.31,15.21,15.25,42372.12,647503.42
2025-07-12 09:00:00,15.25,15.4,15.23,15.39,44824.31,687500.38
2025-07-12 10:00:00,15.39,15.41,15.31,15.37,44628.39,685288.34
2025-07-12 11:00:00,15.37,15.38,15.26,15.27,30627.23,468656.43
2025-07-12 12:00:00,15.27,15.3,14.94,15.08,110438.04,1665337.11
2025-07-12 13:00:00,15.08,15.08,14.89,15.04,92303.54,1384120.62
2025-07-12 14:00:00,15.04,15.12,14.94,14.95,136948.84,2059919.15
2025-07-12 15:00:00,14.95,14.96,14.72,14.83,149311.01,2212445.11
2025-07-12 16:00:00,14.83,14.97,14.77,14.9,73469.67,1095216.41
2025-07-12 17:00:00,14.9,15.08,14.89,15.07,41838.52,628909.77
2025-07-12 18:00:00,15.07,15.07,14.99,15.04,41522.29,623662.04
2025-07-12 19:00:00,15.04,15.06,14.99,15.06,27919.06,419895.0
2025-07-12 20:00:00,15.06,15.06,14.87,14.87,56658.06,847286.74
2025-07-12 21:00:00,14.87,15.04,14.87,15.04,28918.8,433446.31
2025-07-12 22:00:00,15.04,15.07,14.95,15.05,27117.01,407284.41
2025-07-12 23:00:00,15.05,15.14,15.0,15.11,61574.38,929044.29
2025-07-13 00:00:00,15.11,15.17,15.06,15.09,30528.86,461541.53
2025-07-13 01:00:00,15.09,15.19,15.06,15.17,37040.19,560219.44
2025-07-13 02:00:00,15.17,15.2,15.05,15.16,67620.32,1021312.39
2025-07-13 03:00:00,15.16,15.18,15.1,15.14,25702.66,389129.62
2025-07-13 04:00:00,15.14,15.24,15.1,15.23,31351.68,475215.13
2025-07-13 05:00:00,15.23,15.25,15.13,15.14,45529.69,692423.91
2025-07-13 06:00:00,15.14,15.33,15.13,15.25,49492.12,756614.79
2025-07-13 07:00:00,15.25,15.39,15.24,15.36,45595.58,699280.75
2025-07-13 08:00:00,15.36,15.4,15.32,15.38,68532.77,1052091.88
2025-07-13 09:00:00,15.38,15.39,15.27,15.3,20913.58,320491.86
2025-07-13 10:00:00,15.3,15.39,15.28,15.29,19448.36,298396.98
2025-07-13 11:00:00,15.29,15.42,15.29,15.42,21447.54,329719.57
2025-07-13 12:00:00,15.42,15.52,15.38,15.48,52774.49,814866.73
2025-07-13 13:00:00,15.48,15.63,15.4,15.6,73154.79,1136193.16
2025-07-13 14:00:00,15.6,15.82,15.57,15.75,211402.01,3330578.95
2025-07-13 15:00:00,15.75,15.95,15.67,15.71,128410.8,2027874.25
2025-07-13 16:00:00,15.71,15.76,15.59,15.6,71076.65,1115066.09
2025-07-13 17:00:00,15.6,15.81,15.56,15.77,101701.28,1588529.0
2025-07-13 18:00:00,15.77,15.93,15.75,15.87,91969.28,1457297.23
2025-07-13 19:00:00,15.87,15.91,15.79,15.79,85370.45,1353518.71
2025-07-13 20:00:00,15.79,15.91,15.74,15.86,58200.25,921062.03
2025-07-13 21:00:00,15.86,15.86,15.51,15.62,91267.54,1433727.46
2025-07-13 22:00:00,15.62,15.68,15.48,15.6,102930.44,1604659.52
2025-07-13 23:00:00,15.6,15.67,15.56,15.66,68537.75,1070978.75
2025-07-14 00:00:00,15.66,15.79,15.63,15.68,107119.57,1683361.84
2025-07-14 01:00:00,15.68,15.78,15.66,15.76,96651.81,1518471.91
2025-07-14 02:00:00,15.76,15.95,15.71,15.87,150027.59,2373579.15
2025-07-14 03:00:00,15.87,16.28,15.85,16.15,254706.26,4104171.31
2025-07-14 04:00:00,16.15,16.3,16.13,16.26,114423.61,1856261.66
2025-07-14 05:00:00,16.26,16.27,15.96,16.11,192064.79,3099248.12
2025-07-14 06:00:00,16.11,16.11,15.95,15.99,88979.1,1427207.99
2025-07-14 07:00:00,15.99,16.19,15.99,16.16,120610.44,1944570.02
2025-07-14 08:00:00,16.16,16.16,15.94,16.07,66260.83,1062031.83
2025-07-14 09:00:00,16.07,16.22,16.02,16.09,115260.75,1860178.6
2025-07-14 10:00:00,16.09,16.3,15.98,16.29,159890.7,2587728.8
2025-07-14 11:00:00,16.29,16.31,16.16,16.25,125412.1,2034841.43
2025-07-14 12:00:00,16.25,16.38,16.24,16.35,167167.75,2726135.62
2025-07-14 13:00:00,16.35,16.47,16.17,16.36,180477.12,2947829.72
2025-07-14 14:00:00,16.36,16.43,16.06,16.2,217809.92,3538188.11
2025-07-14 15:00:00,16.2,16.23,15.83,15.96,161487.1,2587890.55
2025-07-14 16:00:00,15.96,16.15,15.88,16.09,105173.25,1684709.93
2025-07-14 17:00:00,16.09,16.09,15.85,15.9,102753.78,1638618.55
2025-07-14 18:00:00,15.9,15.92,15.73,15.75,147550.45,2335427.94
2025-07-14 19:00:00,15.75,15.82,15.69,15.76,105414.3,1660321.9
2025-07-14 20:00:00,15.76,15.86,15.61,15.82,115683.83,1820234.11
2025-07-14 21:00:00,15.82,15.86,15.63,15.79,134214.34,2115864.2
2025-07-14 22:00:00,15.79,15.88,15.58,15.82,183601.21,2891555.17
2025-07-14 23:00:00,15.82,15.84,15.74,15.76,52704.71,831740.25
2025-07-15 00:00:00,15.76,15.89,15.62,15.63,113514.14,1785818.12
2025-07-15 01:00:00,15.63,15.74,15.49,15.61,117455.91,1830112.93
2025-07-15 02:00:00,15.61,15.66,15.38,15.49,138603.63,2148197.79
2025-07-15 03:00:00,15.49,15.49,15.18,15.27,236957.97,3620540.72
2025-07-15 04:00:00,15.27,15.41,15.14,15.38,77194.12,1181355.28
2025-07-15 05:00:00,15.38,15.44,15.35,15.42,28110.57,432903.89
2025-07-15 06:00:00,15.42,15.5,15.39,15.44,70725.49,1092157.23
2025-07-15 07:00:00,15.44,15.51,15.4,15.41,66113.64,1022647.05
2025-07-15 08:00:00,15.41,15.42,15.28,15.38,52190.87,801658.36
2025-07-15 09:00:00,15.38,15.52,15.38,15.39,40615.16,627754.02
2025-07-15 10:00:00,15.39,15.47,15.37,15.4,33029.97,508927.81
2025-07-15 11:00:00,15.4,15.45,15.29,15.37,99028.24,1517891.42
2025-07-15 12:00:00,15.37,15.54,15.23,15.47,103281.41,1585443.31
2025-07-15 13:00:00,15.47,15.71,15.45,15.66,104887.4,1630362.19
2025-07-15 14:00:00,15.66,15.71,15.18,15.22,157628.0,2439998.23
2025-07-15 15:00:00,15.22,15.61,15.21,15.57,87045.45,1340272.82
2025-07-15 16:00:00,15.57,15.78,15.57,15.71,125378.37,1967593.86
2025-07-15 17:00:00,15.71,16.13,15.7,16.13,168837.49,2687092.61
2025-07-15 18:00:00,16.13,16.19,15.7,15.86,242983.71,3886861.65
2025-07-15 19:00:00,15.86,16.0,15.57,15.62,121841.24,1916033.5
2025-07-15 20:00:00,15.62,15.75,15.58,15.69,138712.15,2173574.09
2025-07-15 21:00:00,15.69,15.9,15.66,15.89,116231.44,1837778.18
2025-07-15 22:00:00,15.89,15.9,15.77,15.89,65967.17,1045020.42
2025-07-15 23:00:00,15.89,16.17,15.89,16.11,154138.5,2473975.25
2025-07-16 00:00:00,16.11,16.21,15.97,16.21,123158.12,1977895.14
2025-07-16 01:00:00,16.21,16.22,16.12,16.13,66944.35,1082669.33
2025-07-16 02:00:00,16.13,16.13,15.86,15.94,134786.61,2157415.29
2025-07-16 03:00:00,15.94,16.03,15.9,15.93,71693.89,1144442.7
2025-07-16 04:00:00,15.93,15.97,15.83,15.96,45995.28,731730.52
2025-07-16 05:00:00,15.96,16.1,15.96,16.03,63937.17,1026156.94
2025-07-16 06:00:00,16.03,16.14,15.97,16.13,32633.16,523897.91
2025-07-16 07:00:00,16.13,16.46,16.12,16.33,363991.97,5924033.05
2025-07-16 08:00:00,16.33,16.47,16.33,16.46,391913.8,6430003.09
2025-07-16 09:00:00,16.46,16.57,16.39,16.54,463175.17,7636982.92
2025-07-16 10:00:00,16.54,16.63,16.49,16.54,422067.51,6987250.49
2025-07-16 11:00:00,16.54,16.59,16.4,16.41,59668.21,983797.37
2025-07-16 12:00:00,16.41,16.58,16.4,16.48,69077.19,1137843.58
2025-07-16 13:00:00,16.48,16.63,16.44,16.56,105698.14,1746018.02
2025-07-16 14:00:00,16.56,16.84,16.46,16.78,312751.5,5221770.39
2025-07-16 15:00:00,16.78,16.82,16.45,16.61,284810.45,4739895.66
2025-07-16 16:00:00,16.61,16.81,16.59,16.8,192692.31,3220644.5
2025-07-16 17:00:00,16.8,16.92,16.73,16.89,214771.22,3612429.41
2025-07-16 18:00:00,16.89,17.04,16.82,16.83,273113.82,4630464.45
2025-07-16 19:00:00,16.83,16.91,16.78,16.88,123446.32,2078860.11
2025-07-16 20:00:00,16.88,17.03,16.83,16.88,192902.48,3270251.74
2025-07-16 21:00:00,16.88,17.04,16.79,16.91,127638.65,2160161.86
2025-07-16 22:00:00,16.91,16.98,16.68,16.7,63922.62,1074926.0
2025-07-16 23:00:00,16.7,16.73,16.61,16.68,76895.01,1281524.63
2025-07-17 00:00:00,16.68,16.86,16.67,16.67,75593.82,1268402.02
2025-07-17 01:00:00,16.67,16.75,16.34,16.46,151196.63,2498962.35
2025-07-17 02:00:00,16.46,16.62,16.45,16.58,87707.9,1449716.25
2025-07-17 03:00:00,16.58,16.6,16.34,16.43,63133.98,1037707.32
2025-07-17 04:00:00,16.43,16.57,16.37,16.57,39665.92,653184.05
2025-07-17 05:00:00,16.57,16.74,16.5,16.74,36100.58,600076.73
2025-07-17 06:00:00,16.74,16.96,16.67,16.92,91909.25,1548642.6
2025-07-17 07:00:00,16.92,17.01,16.77,16.99,94911.43,1606838.74
2025-07-17 08:00:00,16.99,17.07,16.89,17.07,67829.1,1152734.05
2025-07-17 09:00:00,17.07,17.28,17.04,17.21,256875.72,4411699.6
2025-07-17 10:00:00,17.21,17.28,17.08,17.17,105695.75,1816404.45
2025-07-17 11:00:00,17.17,17.2,17.03,17.09,72201.59,1234065.56
2025-07-17 12:00:00,17.09,17.31,16.96,17.26,154981.38,2658598.43
2025-07-17 13:00:00,17.26,17.31,16.8,17.07,155079.82,2645686.11
2025-07-17 14:00:00,17.07,17.2,16.98,17.11,136902.77,2340299.36
2025-07-17 15:00:00,17.11,17.19,16.89,17.15,110794.7,1890186.94
2025-07-17 16:00:00,17.15,17.18,16.79,16.95,226525.93,3837865.13
2025-07-17 17:00:00,16.95,17.11,16.87,17.11,112483.83,1908493.0
2025-07-17 18:00:00,17.11,17.24,17.08,17.18,160633.19,2756236.38
2025-07-17 19:00:00,17.18,17.33,17.06,17.08,164014.06,2826166.49
2025-07-17 20:00:00,17.08,17.09,16.85,17.02,196619.75,3333370.15
2025-07-17 21:00:00,17.02,17.5,17.02,17.21,448925.78,7748898.28
2025-07-17 22:00:00,17.21,17.77,17.17,17.67,376662.23,6614006.95
2025-07-17 23:00:00,17.67,18.13,17.67,18.01,411525.5,7387143.64
2025-07-18 00:00:00,18.01,18.47,17.87,18.4,390251.57,7082282.09
2025-07-18 01:00:00,18.4,18.77,18.33,18.64,481819.91,8928444.05
2025-07-18 02:00:00,18.64,18.72,18.44,18.52,276573.93,5134112.74
2025-07-18 03:00:00,18.52,18.75,18.49,18.75,113274.88,2110135.39
2025-07-18 04:00:00,18.75,18.93,18.66,18.93,202979.9,3811716.79
2025-07-18 05:00:00,18.93,19.15,18.87,19.11,389600.63,7402619.3
2025-07-18 06:00:00,19.11,19.13,18.84,18.91,146885.24,2780559.6
2025-07-18 07:00:00,18.91,19.02,18.51,18.52,169843.84,3183445.48
2025-07-18 08:00:00,18.52,18.8,18.45,18.6,209692.92,3904035.73
2025-07-18 09:00:00,18.6,18.61,18.43,18.54,135288.05,2505382.69
2025-07-18 10:00:00,18.54,18.59,18.36,18.55,119293.14,2204176.35
2025-07-18 11:00:00,18.55,18.57,18.26,18.35,124877.16,2293439.13
2025-07-18 12:00:00,18.35,18.59,18.33,18.59,111009.85,2047051.03
2025-07-18 13:00:00,18.59,18.63,18.34,18.56,144423.76,2675697.51
2025-07-18 14:00:00,18.56,18.72,18.02,18.26,464524.37,8492828.58
2025-07-18 15:00:00,18.26,18.26,17.74,17.93,357869.74,6419065.78
2025-07-18 16:00:00,17.93,18.1,17.83,17.95,163038.68,2930125.6
2025-07-18 17:00:00,17.95,18.15,17.89,18.11,168288.31,3035058.93
2025-07-18 18:00:00,18.11,18.11,17.82,17.83,206839.51,3707896.2
2025-07-18 19:00:00,17.83,17.89,17.66,17.73,212041.18,3768798.15
2025-07-18 20:00:00,17.73,17.77,17.34,17.61,281652.74,4939419.02
2025-07-18 21:00:00,17.61,17.92,17.58,17.76,135689.3,2412065.05
2025-07-18 22:00:00,17.76,17.88,17.64,17.7,124065.69,2202681.8
2025-07-18 23:00:00,17.7,17.89,17.55,17.83,96454.86,1713066.83
2025-07-19 00:00:00,17.83,18.0,17.67,17.67,124839.32,2230015.79
2025-07-19 01:00:00,17.67,18.0,17.56,17.95,82786.38,1474692.14
2025-07-19 02:00:00,17.95,18.11,17.81,18.07,84157.99,1514130.48
2025-07-19 03:00:00,18.07,18.24,18.04,18.21,74497.86,1351905.94
2025-07-19 04:00:00,18.21,18.35,18.11,18.15,85197.17,1552975.97
2025-07-19 05:00:00,18.15,18.17,18.04,18.07,32603.63,589952.63
2025-07-19 06:00:00,18.07,18.1,17.98,18.04,28669.78,517394.66
2025-07-19 07:00:00,18.04,18.09,17.94,17.98,28103.35,506525.1
2025-07-19 08:00:00,17.98,18.0,17.82,17.89,28578.66,511295.44
2025-07-19 09:00:00,17.89,18.0,17.86,17.93,24999.51,447867.07
2025-07-19 10:00:00,17.93,18.02,17.85,17.89,38495.29,690181.39
2025-07-19 11:00:00,17.89,17.93,17.71,17.73,36960.58,658709.3
2025-07-19 12:00:00,17.73,17.87,17.66,17.85,54151.51,960660.67
2025-07-19 13:00:00,17.85,17.85,17.71,17.75,51863.66,922943.86
2025-07-19 14:00:00,17.75,17.78,17.6,17.63,111886.57,1978740.85
2025-07-19 15:00:00,17.63,17.96,17.62,17.93,72787.01,1297579.45
2025-07-19 16:00:00,17.93,18.16,17.87,18.06,101220.27,1824901.79
2025-07-19 17:00:00,18.06,18.13,18.0,18.08,55643.97,1005694.14
2025-07-19 18:00:00,18.08,18.35,18.06,18.19,127637.58,2327422.33
2025-07-19 19:00:00,18.19,18.52,18.19,18.37,128422.42,2364430.35
2025-07-19 20:00:00,18.37,18.55,18.36,18.39,130347.31,2408212.8
2025-07-19 21:00:00,18.39,18.45,18.13,18.26,137028.94,2500832.29
2025-07-19 22:00:00,18.26,18.33,18.23,18.27,60009.35,1097658.07
2025-07-19 23:00:00,18.27,18.53,18.25,18.4,86697.74,1594759.73
2025-07-20 00:00:00,18.4,18.57,18.34,18.43,75883.09,1399338.45
2025-07-20 01:00:00,18.43,18.59,18.41,18.52,104443.73,1931876.72
2025-07-20 02:00:00,18.52,18.6,18.44,18.52,96481.8,1789709.18
2025-07-20 03:00:00,18.52,18.84,18.52,18.69,155138.53,2896556.22
2025-07-20 04:00:00,18.69,18.75,18.55,18.67,81913.49,1527335.07
2025-07-20 05:00:00,18.67,18.73,18.57,18.72,63934.06,1192605.72
2025-07-20 06:00:00,18.72,18.72,18.52,18.62,85072.08,1582688.17
2025-07-20 07:00:00,18.62,18.97,18.62,18.82,162805.83,3066446.35
2025-07-20 08:00:00,18.82,19.12,18.82,19.11,87135.93,1652573.4
2025-07-20 09:00:00,19.11,19.65,19.08,19.49,343135.76,6657632.3
2025-07-20 10:00:00,19.49,19.6,19.32,19.33,167243.25,3251072.05
2025-07-20 11:00:00,19.33,19.53,19.28,19.4,156392.52,3034542.38
2025-07-20 12:00:00,19.4,19.41,19.19,19.29,143869.02,2772596.22
2025-07-20 13:00:00,19.29,19.57,19.27,19.53,137837.58,2675184.18
2025-07-20 14:00:00,19.53,19.56,19.33,19.49,201820.03,3924980.53
2025-07-20 15:00:00,19.49,19.95,19.31,19.71,407832.51,8005545.28
2025-07-20 16:00:00,19.71,19.81,19.49,19.72,283087.2,5571726.04
2025-07-20 17:00:00,19.72,19.72,19.39,19.39,206791.63,4036162.39
2025-07-20 18:00:00,19.39,19.5,19.21,19.33,231839.14,4476420.05
2025-07-20 19:00:00,19.33,19.55,19.32,19.45,133874.56,2602231.88
2025-07-20 20:00:00,19.45,19.51,19.31,19.37,114113.37,2217809.55
2025-07-20 21:00:00,19.37,19.47,19.23,19.46,150122.81,2903066.41
2025-07-20 22:00:00,19.46,19.47,18.91,19.32,323585.35,6208765.4
2025-07-20 23:00:00,19.32,19.38,19.19,19.29,116036.9,2237142.51
2025-07-21 00:00:00,19.29,19.36,19.01,19.25,182093.14,3491479.52
2025-07-21 01:00:00,19.25,19.42,19.06,19.37,135910.85,2615798.84
2025-07-21 02:00:00,19.37,19.48,19.3,19.43,96161.31,1863233.77
2025-07-21 03:00:00,19.43,19.6,19.42,19.58,92210.07,1798133.09
2025-07-21 04:00:00,19.58,19.62,19.45,19.5,89384.5,1744894.67
2025-07-21 05:00:00,19.5,19.6,19.39,19.59,74401.72,1450205.88
2025-07-21 06:00:00,19.59,19.94,19.59,19.77,202158.13,4001323.31
2025-07-21 07:00:00,19.77,19.87,19.74,19.75,132592.36,2625886.27
2025-07-21 08:00:00,19.75,20.06,19.72,19.83,280224.31,5584936.04
2025-07-21 09:00:00,19.83,19.87,19.61,19.67,98526.72,1944742.6
2025-07-21 10:00:00,19.67,20.2,19.61,20.19,117168.65,2325952.68
2025-07-21 11:00:00,20.19,20.28,20.05,20.06,178725.16,3602516.37
2025-07-21 12:00:00,20.06,20.08,19.86,19.98,146205.29,2919437.88
2025-07-21 13:00:00,19.98,20.08,19.73,20.04,153923.03,3059410.79
2025-07-21 14:00:00,20.04,20.25,19.94,20.11,221988.5,4476547.23
2025-07-21 15:00:00,20.11,20.22,19.72,19.81,233267.19,4659656.51
2025-07-21 16:00:00,19.81,19.85,19.37,19.56,236180.13,4616828.16
2025-07-21 17:00:00,19.56,19.7,19.47,19.63,147543.08,2891419.08
2025-07-21 18:00:00,19.63,19.83,19.4,19.42,151693.52,2975445.8
2025-07-21 19:00:00,19.42,19.56,19.19,19.27,223055.71,4310653.69
2025-07-21 20:00:00,19.27,19.46,19.18,19.29,183788.09,3551765.33
2025-07-21 21:00:00,19.29,19.47,19.24,19.45,78637.33,1524501.71
2025-07-21 22:00:00,19.45,19.61,19.43,19.54,86003.7,1679409.94
2025-07-21 23:00:00,19.54,19.62,19.44,19.5,106695.41,2084252.89
2025-07-22 00:00:00,19.5,19.61,19.3,19.32,144022.57,2809734.61
2025-07-22 01:00:00,19.32,19.8,19.03,19.79,306390.85,5939823.2
2025-07-22 02:00:00,19.79,20.0,19.48,19.54,196331.57,3892455.87
2025-07-22 03:00:00,19.54,19.65,19.32,19.55,113287.16,2208000.62
2025-07-22 04:00:00,19.55,19.57,18.86,18.88,221553.53,4247884.85
2025-07-22 05:00:00,18.88,19.23,18.87,19.11,167694.46,3196819.0
2025-07-22 06:00:00,19.11,19.26,19.01,19.12,133253.81,2552884.99
2025-07-22 07:00:00,19.12,19.37,19.03,19.07,146838.99,2816804.4
2025-07-22 08:00:00,19.07,19.07,18.64,18.85,231556.81,4355853.3
2025-07-22 09:00:00,18.85,18.97,18.65,18.93,90874.51,1709549.82
2025-07-22 10:00:00,18.93,19.26,18.9,19.26,78945.3,1508718.95
2025-07-22 11:00:00,19.26,19.33,19.14,19.23,108618.71,2090053.87
2025-07-22 12:00:00,19.23,19.3,19.08,19.15,151495.07,2906086.57
2025-07-22 13:00:00,19.15,19.38,18.93,18.95,236280.71,4517509.34
2025-07-22 14:00:00,18.95,19.38,18.77,19.38,184135.7,3510630.58
2025-07-22 15:00:00,19.38,19.48,19.25,19.35,137499.84,2664449.32
2025-07-22 16:00:00,19.35,19.57,19.26,19.42,182104.81,3545932.66
2025-07-22 17:00:00,19.42,19.48,19.22,19.28,123880.45,2394509.14
2025-07-22 18:00:00,19.28,19.51,19.17,19.39,120308.9,2328619.95
2025-07-22 19:00:00,19.39,19.42,18.99,19.06,151610.04,2909300.37
2025-07-22 20:00:00,19.06,19.43,19.02,19.43,128286.3,2466141.31
2025-07-22 21:00:00,19.43,19.51,19.34,19.48,110243.09,2144360.94
2025-07-22 22:00:00,19.48,19.53,19.43,19.44,107888.8,2102603.84
2025-07-22 23:00:00,19.44,19.7,19.42,19.67,146913.69,2879700.99
2025-07-23 00:00:00,19.67,19.77,19.53,19.54,109870.2,2158251.16
2025-07-23 01:00:00,19.54,19.69,19.44,19.67,108629.91,2126311.0
2025-07-23 02:00:00,19.67,19.74,19.47,19.56,118209.64,2315816.94
2025-07-23 03:00:00,19.56,19.6,19.43,19.47,81695.46,1592305.04
2025-07-23 04:00:00,19.47,19.71,19.45,19.68,45879.17,898253.35
2025-07-23 05:00:00,19.68,19.68,19.47,19.5,52516.97,1027213.88
2025-07-23 06:00:00,19.5,19.52,19.27,19.3,73880.68,1430185.52
2025-07-23 07:00:00,19.3,19.36,19.05,19.15,209067.68,4017218.99
2025-07-23 08:00:00,19.15,19.23,19.08,19.23,53958.81,1032930.5
2025-07-23 09:00:00,19.23,19.25,18.93,18.94,103717.71,1974343.5
2025-07-23 10:00:00,18.94,18.98,18.79,18.96,106166.39,2004629.06
2025-07-23 11:00:00,18.96,18.96,18.81,18.92,51667.38,976139.77
2025-07-23 12:00:00,18.92,18.94,18.46,18.53,171259.8,3194673.77
2025-07-23 13:00:00,18.53,18.6,17.86,18.07,437528.73,7972176.07
2025-07-23 14:00:00,18.07,18.37,18.02,18.31,340599.63,6214981.49
2025-07-23 15:00:00,18.31,18.51,18.18,18.5,135196.35,2482935.07
2025-07-23 16:00:00,18.5,18.51,17.95,17.96,219035.98,3992794.97
2025-07-23 17:00:00,17.96,18.06,17.71,17.98,283859.01,5071655.71
2025-07-23 18:00:00,17.98,18.16,17.97,18.16,97108.73,1754815.23
2025-07-23 19:00:00,18.16,18.17,17.99,18.0,123199.05,2226836.44
2025-07-23 20:00:00,18.0,18.11,17.6,17.88,193027.87,3434714.09
2025-07-23 21:00:00,17.88,18.05,17.57,18.0,190299.32,3401595.42
2025-07-23 22:00:00,18.0,18.27,17.88,18.21,90719.86,1642265.42
2025-07-23 23:00:00,18.21,18.29,18.14,18.19,65685.68,1196502.83
2025-07-24 00:00:00,18.19,18.39,18.07,18.39,184400.18,3368512.29
2025-07-24 01:00:00,18.39,18.43,18.21,18.42,103786.01,1902056.98
2025-07-24 02:00:00,18.42,18.47,18.26,18.33,82801.47,1520346.41
2025-07-24 03:00:00,18.33,18.46,18.23,18.24,51441.66,943690.94
2025-07-24 04:00:00,18.24,18.31,17.93,17.98,131610.4,2385795.53
2025-07-24 05:00:00,17.98,17.99,17.48,17.49,174869.05,3097440.92
2025-07-24 06:00:00,17.49,17.77,17.21,17.39,228669.56,3994018.56
2025-07-24 07:00:00,17.39,17.75,17.19,17.74,182418.74,3188192.22
2025-07-24 08:00:00,17.74,17.97,17.6,17.91,76277.22,1361676.45
2025-07-24 09:00:00,17.91,18.01,17.81,17.92,124215.91,2225906.99
2025-07-24 10:00:00,17.92,18.04,17.61,17.85,106853.22,1902224.2
2025-07-24 11:00:00,17.85,18.15,17.83,18.08,157347.24,2838362.82
2025-07-24 12:00:00,18.08,18.16,17.88,17.99,127837.52,2307403.4
2025-07-24 13:00:00,17.99,18.14,17.89,17.91,142984.32,2578818.67
2025-07-24 14:00:00,17.91,18.58,17.8,18.56,283103.3,5160165.65
2025-07-24 15:00:00,18.56,18.69,18.36,18.47,180221.72,3340434.53
2025-07-24 16:00:00,18.47,18.5,18.11,18.23,188782.78,3450876.74
2025-07-24 17:00:00,18.23,18.56,18.2,18.47,146619.13,2704933.97
2025-07-24 18:00:00,18.47,18.56,18.38,18.53,77772.14,1439106.26
2025-07-24 19:00:00,18.53,18.59,18.34,18.35,111811.83,2060636.89
2025-07-24 20:00:00,18.35,18.43,18.3,18.41,87929.51,1615595.08
2025-07-24 21:00:00,18.41,18.42,18.17,18.19,54479.83,994775.04
2025-07-24 22:00:00,18.19,18.23,18.07,18.14,116817.97,2119813.62
2025-07-24 23:00:00,18.14,18.14,17.86,17.92,102304.96,1838972.95
2025-07-25 00:00:00,17.92,17.92,17.6,17.63,151625.35,2688178.8
2025-07-25 01:00:00,17.63,17.84,17.51,17.79,144484.18,2551390.91
2025-07-25 02:00:00,17.79,17.84,17.41,17.48,147784.01,2597925.64
2025-07-25 03:00:00,17.48,17.61,17.27,17.5,236570.55,4124838.39
2025-07-25 04:00:00,17.5,17.67,17.31,17.66,176539.14,3085468.34
2025-07-25 05:00:00,17.66,17.7,17.44,17.48,149328.27,2624070.56
2025-07-25 06:00:00,17.48,17.6,17.36,17.54,59181.24,1032960.43
2025-07-25 07:00:00,17.54,17.71,17.3,17.5,102714.37,1799330.53
2025-07-25 08:00:00,17.5,17.73,17.47,17.61,86149.82,1515076.5
2025-07-25 09:00:00,17.61,18.08,17.56,18.07,165134.44,2948763.95
2025-07-25 10:00:00,18.07,18.19,17.98,18.15,68658.95,1243082.37
2025-07-25 11:00:00,18.15,18.41,18.15,18.32,150252.1,2750199.72
2025-07-25 12:00:00,18.32,18.48,18.2,18.28,132203.85,2428325.12
2025-07-25 13:00:00,18.28,18.29,18.02,18.15,125237.12,2273230.62
2025-07-25 14:00:00,18.15,18.19,17.54,17.55,207275.81,3699147.44
2025-07-25 15:00:00,17.55,17.73,17.42,17.61,137962.19,2423242.02
2025-07-25 16:00:00,17.61,17.78,17.46,17.7,113749.18,2005599.36
2025-07-25 17:00:00,17.7,17.82,17.61,17.62,89002.08,1575475.78
2025-07-25 18:00:00,17.62,17.78,17.61,17.74,61565.68,1090001.22
2025-07-25 19:00:00,17.74,17.87,17.67,17.72,69246.39,1229512.5
2025-07-25 20:00:00,17.72,18.11,17.69,18.08,109692.2,1962076.57
2025-07-25 21:00:00,18.08,18.28,18.08,18.25,77253.67,1405524.27
2025-07-25 22:00:00,18.25,18.42,18.21,18.31,173450.54,3178429.45
2025-07-25 23:00:00,18.31,18.31,18.24,18.29,50164.29,916961.01
2025-07-26 00:00:00,18.29,18.32,18.21,18.27,41065.99,750041.52
2025-07-26 01:00:00,18.27,18.34,18.18,18.19,48243.82,880722.28
2025-07-26 02:00:00,18.19,18.46,18.19,18.4,109197.57,2005706.0
2025-07-26 03:00:00,18.4,18.42,18.29,18.37,50575.07,928042.36
2025-07-26 04:00:00,18.37,18.41,18.33,18.36,53505.76,983029.51
2025-07-26 05:00:00,18.36,18.39,18.29,18.35,47910.63,878330.33
2025-07-26 06:00:00,18.35,18.36,18.24,18.25,38094.45,696685.59
2025-07-26 07:00:00,18.25,18.28,18.22,18.23,34457.95,629036.55
2025-07-26 08:00:00,18.23,18.39,18.23,18.33,52439.91,960128.05
2025-07-26 09:00:00,18.33,18.4,18.32,18.36,36347.86,667389.29
2025-07-26 10:00:00,18.36,18.49,18.35,18.38,48226.43,889086.26
2025-07-26 11:00:00,18.38,18.4,18.23,18.26,42796.95,783614.33
2025-07-26 12:00:00,18.26,18.33,18.17,18.33,57047.17,1040927.25
2025-07-26 13:00:00,18.33,18.43,18.28,18.37,39881.37,731976.62
2025-07-26 14:00:00,18.37,18.44,18.27,18.32,62440.33,1146378.76
2025-07-26 15:00:00,18.32,18.46,18.24,18.4,67823.65,1245081.25
2025-07-26 16:00:00,18.4,18.46,18.31,18.37,81529.62,1500399.51
2025-07-26 17:00:00,18.37,18.38,18.26,18.29,39118.91,716287.49
2025-07-26 18:00:00,18.29,18.49,18.23,18.45,88509.63,1630657.14
2025-07-26 19:00:00,18.45,18.59,18.44,18.56,73962.35,1369728.79
2025-07-26 20:00:00,18.56,18.57,18.44,18.44,70054.52,1294994.44
2025-07-26 21:00:00,18.44,18.46,18.35,18.45,54821.44,1009629.96
2025-07-26 22:00:00,18.45,18.61,18.36,18.39,75450.85,1394537.11
2025-07-26 23:00:00,18.39,18.64,18.35,18.41,151468.87,2796250.36
2025-07-27 00:00:00,18.41,18.5,18.37,18.5,47573.88,876226.3
2025-07-27 01:00:00,18.5,18.7,18.46,18.56,96974.85,1806992.39
2025-07-27 02:00:00,18.56,18.77,18.49,18.75,100997.47,1884295.85
2025-07-27 03:00:00,18.75,18.76,18.63,18.7,81726.03,1526644.43
2025-07-27 04:00:00,18.7,18.9,18.68,18.88,73433.64,1381041.5
2025-07-27 05:00:00,18.88,19.07,18.85,18.95,87880.72,1666526.44
2025-07-27 06:00:00,18.95,18.96,18.79,18.79,40104.57,756196.2
2025-07-27 07:00:00,18.79,18.86,18.75,18.79,51808.01,973721.02
2025-07-27 08:00:00,18.79,18.81,18.65,18.71,43060.99,806289.73
2025-07-27 09:00:00,18.71,18.71,18.56,18.6,40752.52,759485.93
2025-07-27 10:00:00,18.6,19.0,18.58,18.95,77631.11,1462152.75
2025-07-27 11:00:00,18.95,19.0,18.73,18.76,51653.65,974964.76
2025-07-27 12:00:00,18.76,18.92,18.67,18.88,60402.14,1134043.01
2025-07-27 13:00:00,18.88,18.95,18.75,18.76,40450.79,761247.32
2025-07-27 14:00:00,18.76,18.85,18.68,18.75,71340.18,1338811.16
2025-07-27 15:00:00,18.75,18.86,18.65,18.86,79283.74,1487211.01
2025-07-27 16:00:00,18.86,19.11,18.85,18.92,150803.24,2863123.55
2025-07-27 17:00:00,18.92,19.05,18.87,18.98,89044.12,1687182.36
2025-07-27 18:00:00,18.98,19.11,18.95,19.06,111118.91,2117375.02
2025-07-27 19:00:00,19.06,19.1,18.99,19.02,63891.1,1217361.15
2025-07-27 20:00:00,19.02,19.16,18.93,18.98,62163.27,1184345.7
2025-07-27 21:00:00,18.98,19.09,18.9,19.08,267183.33,5063797.03
2025-07-27 22:00:00,19.08,19.29,19.07,19.22,166275.3,3192299.33
2025-07-27 23:00:00,19.22,19.26,19.06,19.24,116085.97,2225286.04
2025-07-28 00:00:00,19.24,19.39,19.1,19.12,203791.33,3922911.34
2025-07-28 01:00:00,19.12,19.13,18.94,18.98,116825.02,2221545.09
2025-07-28 02:00:00,18.98,19.34,18.94,19.19,191514.47,3661972.26
2025-07-28 03:00:00,19.19,19.24,19.09,19.13,43100.86,825063.79
2025-07-28 04:00:00,19.13,19.36,19.05,19.36,91395.73,1760216.36
2025-07-28 05:00:00,19.36,19.55,19.33,19.5,130436.66,2539578.25
2025-07-28 06:00:00,19.5,19.53,19.35,19.42,45483.54,884194.8
2025-07-28 07:00:00,19.42,19.43,19.2,19.3,75766.76,1460226.9
2025-07-28 08:00:00,19.3,19.34,19.16,19.24,52075.87,1002167.18
2025-07-28 09:00:00,19.24,19.29,19.09,19.25,43906.17,842087.59
2025-07-28 10:00:00,19.25,19.25,19.1,19.12,48586.19,931625.5
2025-07-28 11:00:00,19.12,19.13,18.95,19.08,73690.47,1403009.32
2025-07-28 12:00:00,19.08,19.12,18.98,19.0,58549.34,1114127.34
2025-07-28 13:00:00,19.0,19.01,18.7,18.77,175528.2,3308683.4
2025-07-28 14:00:00,18.77,18.82,18.44,18.47,192542.92,3575679.43
2025-07-28 15:00:00,18.47,18.58,18.29,18.4,116120.41,2143167.2
2025-07-28 16:00:00,18.4,18.5,18.32,18.4,96940.97,1782907.1
2025-07-28 17:00:00,18.4,18.46,18.29,18.33,67406.71,1238198.45
2025-07-28 18:00:00,18.33,18.36,18.1,18.2,152812.04,2781275.15
2025-07-28 19:00:00,18.2,18.34,18.09,18.23,135851.18,2478156.24
2025-07-28 20:00:00,18.23,18.25,18.01,18.13,86333.6,1564878.24
2025-07-28 21:00:00,18.13,18.27,18.07,18.16,44378.18,806524.67
2025-07-28 22:00:00,18.16,18.22,17.98,18.08,87432.39,1580732.04
2025-07-28 23:00:00,18.08,18.15,17.99,18.11,61914.62,1119432.0
2025-07-29 00:00:00,18.11,18.3,17.94,18.13,179622.82,3256873.83
2025-07-29 01:00:00,18.13,18.24,18.04,18.04,72345.52,1312067.98
2025-07-29 02:00:00,18.04,18.09,17.88,17.95,115468.35,2075366.64
2025-07-29 03:00:00,17.95,18.28,17.95,18.27,102566.83,1861394.84
2025-07-29 04:00:00,18.27,18.4,18.11,18.12,85143.24,1559743.62
2025-07-29 05:00:00,18.12,18.27,18.11,18.27,28315.66,515344.79
2025-07-29 06:00:00,18.27,18.39,18.21,18.36,47953.63,878384.9
2025-07-29 07:00:00,18.36,18.59,18.34,18.59,70547.0,1302241.3
2025-07-29 08:00:00,18.59,18.63,18.41,18.43,53740.88,994265.13
2025-07-29 09:00:00,18.43,18.45,18.31,18.32,44778.1,823073.77
2025-07-29 10:00:00,18.32,18.33,18.01,18.02,46871.02,852130.13
2025-07-29 11:00:00,18.02,18.15,18.02,18.13,28751.7,520105.12
2025-07-29 12:00:00,18.13,18.33,18.1,18.27,170883.03,3117949.63
2025-07-29 13:00:00,18.27,18.34,18.01,18.05,114272.53,2079860.56
2025-07-29 14:00:00,18.05,18.06,17.66,17.75,224746.7,4013251.75
2025-07-29 15:00:00,17.75,17.81,17.61,17.69,128445.04,2274641.58
2025-07-29 16:00:00,17.69,17.73,17.48,17.73,151964.55,2672808.76
2025-07-29 17:00:00,17.73,17.92,17.7,17.81,128564.1,2292079.26
2025-07-29 18:00:00,17.81,17.84,17.72,17.76,95470.15,1696793.21
2025-07-29 19:00:00,17.76,17.89,17.63,17.71,440490.82,7833034.93
2025-07-29 20:00:00,17.71,17.82,17.56,17.68,146698.74,2591092.79
2025-07-29 21:00:00,17.68,17.88,17.61,17.83,51150.78,906726.57
2025-07-29 22:00:00,17.83,17.86,17.71,17.81,81976.96,1458679.62
2025-07-29 23:00:00,17.81,17.86,17.78,17.83,47174.53,840413.59
2025-07-30 00:00:00,17.83,17.83,17.65,17.76,75276.94,1336603.74
2025-07-30 01:00:00,17.76,17.93,17.62,17.85,54252.75,966230.41
2025-07-30 02:00:00,17.85,17.94,17.81,17.87,62172.57,1110736.75
2025-07-30 03:00:00,17.87,17.91,17.84,17.84,38971.86,696702.91
2025-07-30 04:00:00,17.84,17.88,17.7,17.72,25974.31,461612.11
2025-07-30 05:00:00,17.72,17.82,17.63,17.77,28093.03,497851.59
2025-07-30 06:00:00,17.77,17.82,17.71,17.79,26597.21,472909.01
2025-07-30 07:00:00,17.79,17.87,17.66,17.7,53466.97,949599.36
2025-07-30 08:00:00,17.7,17.81,17.62,17.75,33185.94,588156.13
2025-07-30 09:00:00,17.75,17.75,17.52,17.56,55766.77,982127.3
2025-07-30 10:00:00,17.56,17.64,17.42,17.44,35836.69,627991.28
2025-07-30 11:00:00,17.44,17.53,17.23,17.31,261243.14,4528244.3
2025-07-30 12:00:00,17.31,17.44,17.21,17.38,99378.07,1722768.54
2025-07-30 13:00:00,17.38,17.44,17.26,17.4,115457.41,2004897.97
2025-07-30 14:00:00,17.4,17.71,17.34,17.66,77666.92,1359755.79
2025-07-30 15:00:00,17.66,17.68,17.5,17.59,47112.63,827885.25
2025-07-30 16:00:00,17.59,17.71,17.54,17.64,73544.45,1296221.21
2025-07-30 17:00:00,17.64,17.72,17.62,17.72,34437.37,608682.08
2025-07-30 18:00:00,17.72,17.79,17.27,17.28,183826.93,3222930.41
2025-07-30 19:00:00,17.28,17.5,16.77,17.47,341943.25,5844080.85
2025-07-30 20:00:00,17.47,17.64,17.46,17.54,104941.61,1843879.74
2025-07-30 21:00:00,17.54,17.61,17.35,17.48,77022.55,1347097.62
2025-07-30 22:00:00,17.48,17.54,17.43,17.53,44455.81,776870.95
2025-07-30 23:00:00,17.53,17.77,17.52,17.71,92462.88,1635268.66
2025-07-31 00:00:00,17.71,17.87,17.65,17.84,81399.53,1445599.59
2025-07-31 01:00:00,17.84,17.89,17.79,17.83,39469.86,703398.14
2025-07-31 02:00:00,17.83,17.98,17.81,17.98,37853.98,677401.85
2025-07-31 03:00:00,17.98,18.09,17.96,18.06,146519.28,2640873.72
2025-07-31 04:00:00,18.06,18.07,17.95,18.06,54887.85,988342.56
2025-07-31 05:00:00,18.06,18.08,18.0,18.01,22289.25,402151.88
2025-07-31 06:00:00,18.01,18.11,17.97,18.09,41812.63,753346.04
2025-07-31 07:00:00,18.09,18.1,18.02,18.03,45439.94,820049.3
2025-07-31 08:00:00,18.03,18.17,18.03,18.17,63603.67,1152341.28
2025-07-31 09:00:00,18.17,18.23,18.12,18.19,65647.22,1193101.23
2025-07-31 10:00:00,18.19,18.2,18.1,18.11,47913.58,869560.72
2025-07-31 11:00:00,18.11,18.12,17.93,17.97,73414.7,1322692.8
2025-07-31 12:00:00,17.97,18.0,17.81,17.89,69392.36,1242102.83
2025-07-31 13:00:00,17.89,17.89,17.56,17.64,120718.88,2134237.95
2025-07-31 14:00:00,17.64,17.66,17.34,17.37,154718.51,2703833.42
2025-07-31 15:00:00,17.37,17.54,17.35,17.52,79127.42,1382505.84
2025-07-31 16:00:00,17.52,17.85,17.5,17.74,95921.15,1696713.13
2025-07-31 17:00:00,17.74,17.75,17.37,17.42,92015.44,1610766.09
2025-07-31 18:00:00,17.42,17.51,17.27,17.42,88616.18,1540676.6
2025-07-31 19:00:00,17.42,17.44,17.2,17.22,126614.2,2189715.35
2025-07-31 20:00:00,17.22,17.28,17.11,17.16,170912.95,2936209.04
2025-07-31 21:00:00,17.16,17.28,16.99,17.14,111056.38,1900577.69
2025-07-31 22:00:00,17.14,17.14,16.89,16.95,114773.76,1949464.52
2025-07-31 23:00:00,16.95,17.08,16.85,16.93,134938.19,2287851.96
2025-08-01 00:00:00,16.93,16.95,16.44,16.81,426683.41,7141487.75
2025-08-01 01:00:00,16.81,16.9,16.58,16.81,900187.07,15081172.11
2025-08-01 02:00:00,16.81,16.98,16.76,16.94,76056.93,1286430.97
2025-08-01 03:00:00,16.94,17.03,16.85,16.87,51832.05,878096.3
2025-08-01 04:00:00,16.87,16.87,16.72,16.72,58765.38,986330.43
2025-08-01 05:00:00,16.72,16.77,16.57,16.65,68045.2,1133735.52
2025-08-01 06:00:00,16.65,16.67,16.51,16.65,152493.06,2530139.64
2025-08-01 07:00:00,16.65,16.69,16.52,16.62,71534.29,1187110.84
2025-08-01 08:00:00,16.62,16.62,16.3,16.43,166502.98,2739051.27
2025-08-01 09:00:00,16.43,16.61,16.39,16.4,88161.73,1455715.54
2025-08-01 10:00:00,16.4,16.53,16.38,16.48,85023.54,1399906.42
2025-08-01 11:00:00,16.48,16.61,16.4,16.61,67659.59,1115344.66
2025-08-01 12:00:00,16.61,16.79,16.55,16.68,116067.2,1934059.43
2025-08-01 13:00:00,16.68,16.78,16.2,16.28,165247.92,2720662.14
2025-08-01 14:00:00,16.28,16.74,16.15,16.67,225804.02,3728145.07
2025-08-01 15:00:00,16.67,16.68,16.45,16.63,135174.18,2239227.71
2025-08-01 16:00:00,16.63,16.74,16.39,16.43,98518.24,1636504.26
2025-08-01 17:00:00,16.43,16.49,16.25,16.29,196500.84,3211780.15
2025-08-01 18:00:00,16.29,16.44,16.15,16.31,178476.45,2907148.37
2025-08-01 19:00:00,16.31,16.44,16.25,16.38,106098.4,1733079.0
2025-08-01 20:00:00,16.38,16.42,16.07,16.29,175072.61,2834978.28
2025-08-01 21:00:00,16.29,16.39,16.24,16.25,56602.47,923908.86
2025-08-01 22:00:00,16.25,16.26,15.67,15.86,365621.19,5812721.61
2025-08-01 23:00:00,15.86,16.13,15.83,16.07,152939.04,2452632.55
2025-08-02 00:00:00,16.07,16.21,16.04,16.2,151681.74,2445515.97
2025-08-02 01:00:00,16.2,16.22,16.07,16.18,55217.42,891506.4
2025-08-02 02:00:00,16.18,16.22,16.17,16.2,67430.59,1092591.83
2025-08-02 03:00:00,16.2,16.24,16.16,16.2,20281.25,328597.75
2025-08-02 04:00:00,16.2,16.24,16.14,16.23,16917.7,274083.02
2025-08-02 05:00:00,16.23,16.23,16.14,16.15,15197.63,245802.29
2025-08-02 06:00:00,16.15,16.15,15.78,15.89,68091.87,1085715.85
2025-08-02 07:00:00,15.89,16.14,15.8,16.13,30228.09,483188.12
2025-08-02 08:00:00,16.13,16.17,15.92,15.94,31956.82,512795.82
2025-08-02 09:00:00,15.94,16.0,15.87,15.95,84989.75,1353160.65
2025-08-02 10:00:00,15.95,15.96,15.84,15.95,27795.92,441861.14
2025-08-02 11:00:00,15.95,16.08,15.87,16.03,62688.1,999613.77
2025-08-02 12:00:00,16.03,16.04,15.92,16.03,34134.14,545924.06
2025-08-02 13:00:00,16.03,16.09,15.94,16.05,54784.15,876989.97
2025-08-02 14:00:00,16.05,16.05,15.76,15.83,64203.86,1019379.36
2025-08-02 15:00:00,15.83,15.98,15.73,15.78,62831.03,995478.85
2025-08-02 16:00:00,15.78,15.91,15.65,15.84,135124.91,2129307.08
2025-08-02 17:00:00,15.84,15.92,15.55,15.62,160147.25,2517942.73
2025-08-02 18:00:00,15.62,15.68,15.44,15.49,177386.44,2754965.74
2025-08-02 19:00:00,15.49,15.78,15.44,15.58,93354.37,1458255.62
2025-08-02 20:00:00,15.58,15.72,15.57,15.72,80567.91,1260077.78
2025-08-02 21:00:00,15.72,15.8,15.64,15.71,41171.7,646964.37
2025-08-02 22:00:00,15.71,15.79,15.6,15.75,54392.14,854341.25
2025-08-02 23:00:00,15.75,15.77,15.52,15.64,94368.79,1475172.78
2025-08-03 00:00:00,15.64,15.79,15.44,15.77,117619.08,1836890.91
2025-08-03 01:00:00,15.77,15.83,15.72,15.77,54904.62,865861.4
2025-08-03 02:00:00,15.77,15.9,15.77,15.89,41756.9,662021.95
2025-08-03 03:00:00,15.89,15.92,15.85,15.9,32896.54,522706.69
2025-08-03 04:00:00,15.9,15.91,15.83,15.89,39933.72,633459.91
2025-08-03 05:00:00,15.89,15.97,15.89,15.94,89362.45,1423683.53
2025-08-03 06:00:00,15.94,15.95,15.88,15.93,20897.95,332668.05
2025-08-03 07:00:00,15.93,16.02,15.93,16.01,30629.77,489579.14
2025-08-03 08:00:00,16.01,16.07,16.0,16.06,27933.48,447992.08
2025-08-03 09:00:00,16.06,16.07,16.01,16.06,25671.2,411931.36
2025-08-03 10:00:00,16.06,16.14,16.06,16.13,38910.41,626886.9
2025-08-03 11:00:00,16.13,16.24,16.12,16.17,62245.81,1006464.76
2025-08-03 12:00:00,16.17,16.22,16.1,16.18,40357.05,652094.55
2025-08-03 13:00:00,16.18,16.22,16.14,16.19,27497.7,444696.8
2025-08-03 14:00:00,16.19,16.21,16.09,16.16,48860.57,788880.67
2025-08-03 15:00:00,16.16,16.24,16.11,16.24,43538.23,704135.84
2025-08-03 16:00:00,16.24,16.32,16.19,16.31,50737.84,824958.98
2025-08-03 17:00:00,16.31,16.34,16.22,16.27,46373.35,754998.88
2025-08-03 18:00:00,16.27,16.3,16.21,16.28,36427.33,591981.58
2025-08-03 19:00:00,16.28,16.34,16.23,16.27,56713.73,922936.18
2025-08-03 20:00:00,16.27,16.28,16.2,16.26,45546.44,739184.83
2025-08-03 21:00:00,16.26,16.32,16.25,16.32,27824.46,453322.89
2025-08-03 22:00:00,16.32,16.36,16.22,16.31,32133.54,523068.47
2025-08-03 23:00:00,16.31,16.4,16.28,16.3,39979.74,652876.92
2025-08-04 00:00:00,16.3,16.62,16.28,16.62,67563.83,1113839.68
2025-08-04 01:00:00,16.62,16.65,16.46,16.47,56373.08,933187.43
2025-08-04 02:00:00,16.47,16.63,16.4,16.63,51650.03,852958.95
2025-08-04 03:00:00,16.63,16.64,16.54,16.58,35233.41,584683.25
2025-08-04 04:00:00,16.58,16.66,16.54,16.54,31127.87,516672.85
2025-08-04 05:00:00,16.54,16.56,16.45,16.53,27609.12,455557.68
2025-08-04 06:00:00,16.53,16.61,16.44,16.6,31187.54,515171.78
2025-08-04 07:00:00,16.6,16.67,16.54,16.64,39129.64,649957.56
2025-08-04 08:00:00,16.64,16.69,16.59,16.63,43687.43,727666.27
2025-08-04 09:00:00,16.63,16.69,16.57,16.58,21226.47,352951.22
2025-08-04 10:00:00,16.58,16.74,16.56,16.66,52182.23,869579.85
2025-08-04 11:00:00,16.66,16.67,16.56,16.59,32464.37,539165.12
2025-08-04 12:00:00,16.59,16.69,16.55,16.64,36580.95,607659.45
2025-08-04 13:00:00,16.64,16.84,16.56,16.83,98685.24,1649184.69
2025-08-04 14:00:00,16.83,16.92,16.69,16.72,173100.46,2917381.91
2025-08-04 15:00:00,16.72,16.97,16.7,16.93,326982.83,5518944.1
2025-08-04 16:00:00,16.93,17.11,16.92,17.08,113826.89,1936552.68
2025-08-04 17:00:00,17.08,17.2,16.97,17.0,162710.88,2783890.4
2025-08-04 18:00:00,17.0,17.02,16.9,16.91,54964.43,931574.92
2025-08-04 19:00:00,16.91,16.92,16.81,16.85,62181.55,1048699.12
2025-08-04 20:00:00,16.85,17.01,16.83,16.99,41203.43,697641.62
2025-08-04 21:00:00,16.99,17.14,16.99,17.09,38561.47,658840.14
2025-08-04 22:00:00,17.09,17.17,17.06,17.17,60491.55,1035338.53
2025-08-04 23:00:00,17.17,17.17,17.07,17.11,30168.73,516449.14
2025-08-05 00:00:00,17.11,17.12,17.02,17.04,30397.65,518503.29
2025-08-05 01:00:00,17.04,17.11,16.92,16.92,63686.72,1081658.31
2025-08-05 02:00:00,16.92,16.98,16.91,16.95,22721.67,384855.78
2025-08-05 03:00:00,16.95,16.96,16.77,16.78,40576.64,682718.2
2025-08-05 04:00:00,16.78,16.82,16.7,16.73,40635.92,680988.11
2025-08-05 05:00:00,16.73,16.86,16.72,16.85,21619.24,362756.36
2025-08-05 06:00:00,16.85,16.9,16.66,16.7,29831.06,501071.14
2025-08-05 07:00:00,16.7,16.71,16.44,16.5,96582.87,1599749.21
2025-08-05 08:00:00,16.5,16.59,16.46,16.56,43340.52,716501.48
2025-08-05 09:00:00,16.56,16.83,16.56,16.81,54941.27,917108.6
2025-08-05 10:00:00,16.81,16.97,16.77,16.89,80166.89,1352874.68
2025-08-05 11:00:00,16.89,16.93,16.85,16.87,44127.33,744904.29
2025-08-05 12:00:00,16.87,16.89,16.54,16.65,130399.33,2177864.03
2025-08-05 13:00:00,16.65,16.74,16.59,16.69,67281.72,1120614.99
2025-08-05 14:00:00,16.69,16.7,16.31,16.37,279946.38,4597891.91
2025-08-05 15:00:00,16.37,16.47,16.21,16.26,173699.07,2840072.83
2025-08-05 16:00:00,16.26,16.43,16.24,16.32,67842.69,1108156.84
2025-08-05 17:00:00,16.32,16.44,16.3,16.43,63587.9,1041076.42
2025-08-05 18:00:00,16.43,16.43,16.25,16.35,64411.96,1052717.66
2025-08-05 19:00:00,16.35,16.4,16.22,16.26,44818.81,730444.0
2025-08-05 20:00:00,16.26,16.4,16.26,16.28,48558.17,792811.28
2025-08-05 21:00:00,16.28,16.35,16.16,16.2,37401.07,608404.31
2025-08-05 22:00:00,16.2,16.33,16.08,16.33,63645.31,1031982.41
2025-08-05 23:00:00,16.33,16.43,16.31,16.38,47314.55,775182.16
2025-08-06 00:00:00,16.38,16.39,16.19,16.21,43589.3,710239.68
2025-08-06 01:00:00,16.21,16.23,16.12,16.23,47759.7,772660.37
2025-08-06 02:00:00,16.23,16.23,16.11,16.18,32486.42,525796.28
2025-08-06 03:00:00,16.18,16.19,16.06,16.1,33985.67,547806.49
2025-08-06 04:00:00,16.1,16.15,16.04,16.13,56534.79,908744.83
2025-08-06 05:00:00,16.13,16.52,16.1,16.42,128307.31,2101868.3
2025-08-06 06:00:00,16.42,16.47,16.31,16.43,36644.41,600430.43
2025-08-06 07:00:00,16.43,16.52,16.4,16.51,23823.44,392678.09
2025-08-06 08:00:00,16.51,16.53,16.33,16.37,32618.13,535888.96
2025-08-06 09:00:00,16.37,16.51,16.33,16.42,51181.57,840726.62
2025-08-06 10:00:00,16.42,16.45,16.33,16.38,49126.74,805326.63
2025-08-06 11:00:00,16.38,16.5,16.35,16.4,63791.13,1046738.43
2025-08-06 12:00:00,16.4,16.44,16.25,16.29,60196.57,984037.72
2025-08-06 13:00:00,16.29,16.46,16.28,16.42,72448.51,1186290.1
2025-08-06 14:00:00,16.42,16.66,16.36,16.66,177446.74,2926924.42
2025-08-06 15:00:00,16.66,16.8,16.57,16.78,114452.99,1908524.32
2025-08-06 16:00:00,16.78,16.83,16.63,16.67,72079.82,1205001.61
2025-08-06 17:00:00,16.67,16.81,16.62,16.8,45489.64,760399.61
2025-08-06 18:00:00,16.8,16.9,16.79,16.79,58700.41,988432.61
2025-08-06 19:00:00,16.79,16.84,16.73,16.79,56114.07,941342.36
2025-08-06 20:00:00,16.79,16.8,16.7,16.74,38315.63,641570.62
2025-08-06 21:00:00,16.74,16.79,16.7,16.75,27315.29,457490.73
2025-08-06 22:00:00,16.75,16.77,16.71,16.74,63228.15,1058205.8
2025-08-06 23:00:00,16.74,16.74,16.67,16.68,38319.96,639790.22
2025-08-07 00:00:00,16.68,16.72,16.61,16.66,48988.17,815622.83
2025-08-07 01:00:00,16.66,16.81,16.62,16.64,44401.82,742633.92
2025-08-07 02:00:00,16.64,16.69,16.6,16.63,25725.08,428005.6
2025-08-07 03:00:00,16.63,16.65,16.58,16.6,29075.28,483093.45
2025-08-07 04:00:00,16.6,16.71,16.59,16.65,18782.3,312821.97
2025-08-07 05:00:00,16.65,16.74,16.61,16.74,27582.93,459780.01
2025-08-07 06:00:00,16.74,16.82,16.72,16.75,61925.04,1038887.42
2025-08-07 07:00:00,16.75,16.84,16.74,16.83,62255.45,1045433.12
2025-08-07 08:00:00,16.83,16.91,16.82,16.83,29146.85,491617.05
2025-08-07 09:00:00,16.83,16.89,16.82,16.89,29809.14,502914.56
2025-08-07 10:00:00,16.89,17.34,16.88,17.31,225508.08,3874559.71
2025-08-07 11:00:00,17.31,17.42,17.3,17.35,83620.18,1451156.38
2025-08-07 12:00:00,17.35,17.64,17.31,17.64,102039.79,1778047.0
2025-08-07 13:00:00,17.64,18.09,17.55,17.89,434940.87,7780713.52
2025-08-07 14:00:00,17.89,17.92,17.59,17.61,241769.86,4288971.11
2025-08-07 15:00:00,17.61,17.85,17.53,17.84,123291.12,2182055.84
2025-08-07 16:00:00,17.84,18.06,17.63,17.95,188159.61,3369845.73
2025-08-07 17:00:00,17.95,18.04,17.79,17.98,193202.99,3460509.5
2025-08-07 18:00:00,17.98,18.02,17.88,17.98,106728.74,1916927.94
2025-08-07 19:00:00,17.98,18.3,17.95,18.3,217090.34,3937397.84
2025-08-07 20:00:00,18.3,18.49,18.19,18.49,268634.24,4931461.56
2025-08-07 21:00:00,18.49,18.5,18.23,18.33,248371.61,4564803.07
2025-08-07 22:00:00,18.33,18.49,18.29,18.49,110078.36,2023632.62
2025-08-07 23:00:00,18.49,18.5,18.36,18.47,69968.07,1290124.68
2025-08-08 00:00:00,18.47,18.69,18.12,18.3,787953.12,14478992.06
2025-08-08 01:00:00,18.3,18.55,18.1,18.44,821701.43,15054637.61
2025-08-08 02:00:00,18.44,18.79,18.34,18.79,215197.99,3996318.75
2025-08-08 03:00:00,18.79,19.2,18.76,19.2,381983.67,7266103.51
2025-08-08 04:00:00,19.2,19.2,18.94,18.95,126649.07,2409651.08
2025-08-08 05:00:00,18.95,18.95,18.77,18.82,78917.77,1486681.29
2025-08-08 06:00:00,18.82,19.27,18.82,19.24,111139.01,2119757.42
2025-08-08 07:00:00,19.24,19.43,19.05,19.34,326277.06,6301444.27
2025-08-08 08:00:00,19.34,19.49,19.17,19.2,126662.08,2447450.15
2025-08-08 09:00:00,19.2,19.4,19.17,19.35,135567.06,2614017.81
2025-08-08 10:00:00,19.35,19.43,19.29,19.38,80236.16,1552881.76
2025-08-08 11:00:00,19.38,19.51,19.29,19.5,130602.3,2532043.35
2025-08-08 12:00:00,19.5,19.5,19.25,19.31,165448.49,3203213.13
2025-08-08 13:00:00,19.31,19.81,19.25,19.8,330065.27,6464857.94
2025-08-08 14:00:00,19.8,19.92,19.35,19.43,400139.79,7860578.7
2025-08-08 15:00:00,19.43,19.44,19.08,19.2,241982.44,4651359.12
2025-08-08 16:00:00,19.2,19.35,19.09,19.12,190991.89,3661864.31
2025-08-08 17:00:00,19.12,19.48,19.11,19.48,238205.94,4602345.58
2025-08-08 18:00:00,19.48,19.57,19.45,19.57,173969.98,3396830.11
2025-08-08 19:00:00,19.57,19.75,19.5,19.74,166479.31,3261437.97
2025-08-08 20:00:00,19.74,19.75,19.54,19.66,125008.91,2452469.55
2025-08-08 21:00:00,19.66,19.72,19.57,19.71,106055.01,2085481.59
2025-08-08 22:00:00,19.71,19.88,19.67,19.88,166970.61,3300995.79
2025-08-08 23:00:00,19.88,19.97,19.77,19.89,284572.24,5660724.21
2025-08-09 00:00:00,19.89,19.96,19.79,19.96,116668.64,2318280.52
2025-08-09 01:00:00,19.96,20.37,19.89,20.34,320363.54,6439746.79
2025-08-09 02:00:00,20.34,20.68,20.32,20.61,382652.06,7856975.37
2025-08-09 03:00:00,20.61,20.94,20.51,20.87,330419.36,6869315.05
2025-08-09 04:00:00,20.87,21.08,20.71,21.01,325693.35,6822434.23
2025-08-09 05:00:00,21.01,21.46,20.92,21.25,326680.39,6942740.8
2025-08-09 06:00:00,21.25,21.27,20.81,20.84,289107.43,6071260.51
2025-08-09 07:00:00,20.84,20.97,20.68,20.8,148584.29,3092771.46
2025-08-09 08:00:00,20.8,20.92,20.71,20.76,95988.86,1999841.96
2025-08-09 09:00:00,20.76,21.06,20.73,21.05,109199.84,2281366.41
2025-08-09 10:00:00,21.05,21.18,20.95,20.95,141060.45,2970913.89
2025-08-09 11:00:00,20.95,21.01,20.82,20.9,67287.24,1407039.02
2025-08-09 12:00:00,20.9,21.12,20.84,20.99,144725.39,3041623.89
2025-08-09 13:00:00,20.99,21.28,20.9,21.02,237378.24,4998196.61
2025-08-09 14:00:00,21.02,21.42,20.91,21.36,185379.43,3933909.24
2025-08-09 15:00:00,21.36,21.37,21.02,21.07,182157.86,3857856.41
2025-08-09 16:00:00,21.07,21.27,21.07,21.15,111433.95,2360729.58
2025-08-09 17:00:00,21.15,21.27,21.09,21.19,201514.69,4268831.0
2025-08-09 18:00:00,21.19,21.3,21.11,21.26,129201.2,2741005.82
2025-08-09 19:00:00,21.26,21.46,21.22,21.23,146898.31,3137272.78
2025-08-09 20:00:00,21.23,21.49,21.22,21.47,146747.24,3140667.55
2025-08-09 21:00:00,21.47,21.48,21.14,21.38,179974.42,3841577.9
2025-08-09 22:00:00,21.38,21.76,21.32,21.61,360765.47,7773100.24
2025-08-09 23:00:00,21.61,21.99,21.5,21.95,282209.02,6144899.51
2025-08-10 00:00:00,21.95,22.2,21.44,21.89,379444.81,8274600.05
2025-08-10 01:00:00,21.89,21.96,21.54,21.68,155098.19,3361153.08
2025-08-10 02:00:00,21.68,21.75,21.26,21.39,232072.03,4969492.73
2025-08-10 03:00:00,21.39,21.52,21.24,21.5,186946.91,3993504.19
2025-08-10 04:00:00,21.5,22.12,21.39,22.11,178384.35,3883287.7
2025-08-10 05:00:00,22.11,22.49,21.85,21.91,350161.61,7771624.65
2025-08-10 06:00:00,21.91,22.67,21.71,22.6,210798.61,4673456.01
2025-08-10 07:00:00,22.6,22.69,21.83,21.89,276115.68,6139882.91
2025-08-10 08:00:00,21.89,22.25,21.56,22.04,284399.75,6228086.88
2025-08-10 09:00:00,22.04,22.29,21.88,22.1,180774.03,4003170.1
2025-08-10 10:00:00,22.1,22.1,21.68,21.69,137816.28,3019376.78
2025-08-10 11:00:00,21.69,21.84,21.54,21.57,130614.06,2833065.69
2025-08-10 12:00:00,21.57,21.61,21.35,21.6,159268.14,3420154.27
2025-08-10 13:00:00,21.6,21.64,21.21,21.24,228823.81,4896326.27
2025-08-10 14:00:00,21.24,22.26,21.16,22.17,354420.71,7748378.24
2025-08-10 15:00:00,22.17,22.53,22.01,22.49,319863.64,7143783.99
2025-08-10 16:00:00,22.49,22.67,22.25,22.35,299071.11,6719715.77
2025-08-10 17:00:00,22.35,22.49,22.07,22.07,209776.87,4664085.93
2025-08-10 18:00:00,22.07,22.25,22.02,22.22,137152.97,3034562.97
2025-08-10 19:00:00,22.22,22.33,22.1,22.14,115881.65,2569217.42
2025-08-10 20:00:00,22.14,22.18,21.89,21.95,192442.25,4237216.31
2025-08-10 21:00:00,21.95,21.99,21.79,21.98,108718.71,2381805.62
2025-08-10 22:00:00,21.98,22.17,21.86,22.06,169725.49,3744545.42
2025-08-10 23:00:00,22.06,22.23,22.05,22.07,104080.14,2303938.81
2025-08-11 00:00:00,22.07,22.08,21.86,21.9,148250.79,3253186.8
2025-08-11 01:00:00,21.9,22.43,21.83,22.08,252035.99,5588098.68
2025-08-11 02:00:00,22.08,22.37,22.07,22.31,218488.11,4848487.77
2025-08-11 03:00:00,22.31,22.35,22.08,22.33,158705.25,3525090.66
2025-08-11 04:00:00,22.33,22.6,22.3,22.31,215041.25,4827083.13
2025-08-11 05:00:00,22.31,22.47,22.08,22.16,135304.59,3007047.19
2025-08-11 06:00:00,22.16,22.35,22.11,22.23,102639.29,2283223.71
2025-08-11 07:00:00,22.23,22.27,21.89,21.95,96536.52,2128442.93
2025-08-11 08:00:00,21.95,22.06,21.86,21.94,107677.35,2365855.33
2025-08-11 09:00:00,21.94,21.98,21.66,21.7,95773.89,2087105.67
2025-08-11 10:00:00,21.7,21.74,21.55,21.56,109340.74,2365667.46
2025-08-11 11:00:00,21.56,21.6,21.2,21.28,195536.15,4176641.77
2025-08-11 12:00:00,21.28,21.42,21.19,21.36,131072.54,2795862.49
2025-08-11 13:00:00,21.36,21.99,21.28,21.79,206655.09,4477246.65
2025-08-11 14:00:00,21.79,22.09,21.63,21.67,257979.93,5635863.1
2025-08-11 15:00:00,21.67,21.96,21.59,21.96,134399.44,2928246.99
2025-08-11 16:00:00,21.96,22.25,21.79,21.79,153643.9,3378483.48
2025-08-11 17:00:00,21.79,21.85,21.64,21.72,115652.3,2515690.07
2025-08-11 18:00:00,21.72,21.72,21.48,21.59,107024.65,2313022.47
2025-08-11 19:00:00,21.59,21.64,21.25,21.39,144869.24,3111644.97
2025-08-11 20:00:00,21.39,21.43,21.28,21.32,85863.82,1833421.66
2025-08-11 21:00:00,21.32,21.43,20.96,21.11,204561.98,4334459.2
2025-08-11 22:00:00,21.11,21.17,20.85,21.13,160968.04,3376993.27
2025-08-11 23:00:00,21.13,21.24,21.07,21.08,67903.73,1437438.22
2025-08-12 00:00:00,21.08,21.26,21.05,21.22,66739.03,1411473.56
2025-08-12 01:00:00,21.22,21.35,21.12,21.29,116658.69,2478149.51
2025-08-12 02:00:00,21.29,21.73,21.24,21.46,120529.08,2597301.52
2025-08-12 03:00:00,21.46,21.47,21.28,21.45,61227.59,1308222.6
2025-08-12 04:00:00,21.45,21.73,21.38,21.56,113091.09,2437792.2
2025-08-12 05:00:00,21.56,21.57,21.34,21.39,107980.24,2312140.17
2025-08-12 06:00:00,21.39,21.67,21.38,21.44,94128.52,2026347.19
2025-08-12 07:00:00,21.44,21.55,21.43,21.48,97099.41,2086962.13
2025-08-12 08:00:00,21.48,21.65,21.34,21.47,61998.5,1331635.69
2025-08-12 09:00:00,21.47,21.49,21.19,21.2,45214.96,964320.62
2025-08-12 10:00:00,21.2,21.39,21.01,21.23,123877.89,2620757.32
2025-08-12 11:00:00,21.23,21.3,21.05,21.29,86487.25,1829093.16
2025-08-12 12:00:00,21.29,22.57,21.28,22.34,615714.82,13666750.82
2025-08-12 13:00:00,22.34,22.87,22.04,22.64,513913.95,11572180.1
2025-08-12 14:00:00,22.64,23.36,22.58,23.27,689775.89,15915720.25
2025-08-12 15:00:00,23.27,24.11,23.25,24.03,834419.69,19781550.87
2025-08-12 16:00:00,24.03,24.19,23.55,23.65,419344.69,9976599.58
2025-08-12 17:00:00,23.65,23.85,23.45,23.68,293764.59,6945303.72
2025-08-12 18:00:00,23.68,23.71,23.35,23.38,230883.43,5434953.78
2025-08-12 19:00:00,23.38,23.45,23.17,23.41,323078.86,7532715.67
2025-08-12 20:00:00,23.41,23.7,23.29,23.69,363377.64,8563039.72
2025-08-12 21:00:00,23.69,23.7,23.2,23.27,340076.32,7975248.75
2025-08-12 22:00:00,23.27,23.35,23.11,23.34,219413.36,5091160.86
2025-08-12 23:00:00,23.34,23.6,23.22,23.6,115911.79,2712839.49
2025-08-13 00:00:00,23.6,23.66,23.4,23.49,174719.61,4113727.99
2025-08-13 01:00:00,23.49,23.63,23.3,23.6,171003.36,4006799.05
2025-08-13 02:00:00,23.6,24.22,23.51,24.16,399338.43,9542857.81
2025-08-13 03:00:00,24.16,24.57,23.88,24.53,472645.76,11448000.6
2025-08-13 04:00:00,24.53,24.73,24.18,24.26,219551.6,5371621.53
2025-08-13 05:00:00,24.26,24.37,23.77,23.78,334416.9,8014982.09
2025-08-13 06:00:00,23.78,23.86,23.41,23.46,157407.37,3719360.1
2025-08-13 07:00:00,23.46,23.53,23.24,23.42,212193.38,4959186.51
2025-08-13 08:00:00,23.42,23.52,23.35,23.49,86772.42,2034780.36
2025-08-13 09:00:00,23.49,23.85,23.45,23.82,117082.32,2766236.66
2025-08-13 10:00:00,23.82,24.28,23.69,24.16,295443.59,7097154.62
2025-08-13 11:00:00,24.16,24.37,23.91,24.19,194395.74,4699093.56
2025-08-13 12:00:00,24.19,24.22,23.61,23.66,350686.33,8358695.36
2025-08-13 13:00:00,23.66,23.97,23.47,23.63,252337.76,5988887.31
2025-08-13 14:00:00,23.63,23.74,23.37,23.46,256408.95,6042821.59
2025-08-13 15:00:00,23.46,23.66,23.38,23.61,151623.77,3566187.34
2025-08-13 16:00:00,23.61,23.86,23.5,23.55,157771.41,3737024.33
2025-08-13 17:00:00,23.55,23.79,23.55,23.68,175870.06,4168077.27
2025-08-13 18:00:00,23.68,23.79,23.58,23.71,166394.5,3943560.88
2025-08-13 19:00:00,23.71,23.94,23.69,23.78,152572.6,3634616.79
2025-08-13 20:00:00,23.78,23.85,23.62,23.81,146082.1,3467501.91
2025-08-13 21:00:00,23.81,24.03,23.73,23.94,197927.83,4738519.89
2025-08-13 22:00:00,23.94,24.17,23.86,23.9,109827.59,2639142.01
2025-08-13 23:00:00,23.9,24.12,23.89,23.98,125008.6,3000045.56
2025-08-14 00:00:00,23.98,24.07,23.81,23.9,181099.81,4334124.99
2025-08-14 01:00:00,23.9,24.17,23.79,24.02,262883.71,6313992.34
2025-08-14 02:00:00,24.02,24.1,23.84,24.02,130712.27,3132541.69
2025-08-14 03:00:00,24.02,24.32,23.88,24.26,227686.85,5489941.51
2025-08-14 04:00:00,24.26,24.28,23.87,23.91,104973.02,2527873.98
2025-08-14 05:00:00,23.91,24.08,23.55,23.64,161796.9,3855491.21
2025-08-14 06:00:00,23.64,23.96,23.42,23.89,153337.53,3623924.53
2025-08-14 07:00:00,23.89,23.89,23.43,23.54,92091.72,2171549.43
2025-08-14 08:00:00,23.54,23.57,23.22,23.34,174205.92,4070365.67
2025-08-14 09:00:00,23.34,23.81,23.23,23.69,110157.3,2592409.64
2025-08-14 10:00:00,23.69,23.74,23.28,23.39,119392.08,2801374.06
2025-08-14 11:00:00,23.39,23.43,23.27,23.36,112710.16,2631123.92
2025-08-14 12:00:00,23.36,23.57,21.53,22.37,969282.59,21878050.42
2025-08-14 13:00:00,22.37,23.01,21.79,22.78,629385.77,14173600.19
2025-08-14 14:00:00,22.78,23.19,22.6,22.99,232643.59,5330556.05
2025-08-14 15:00:00,22.99,23.26,22.68,22.77,224223.56,5136032.85
2025-08-14 16:00:00,22.77,22.79,22.39,22.52,231763.04,5223684.23
2025-08-14 17:00:00,22.52,22.62,22.24,22.35,220077.29,4936738.47
2025-08-14 18:00:00,22.35,22.51,22.1,22.36,307286.58,6849390.88
2025-08-14 19:00:00,22.36,22.67,22.36,22.41,110872.59,2500284.52
2025-08-14 20:00:00,22.41,22.41,22.15,22.28,148358.61,3304230.17
2025-08-14 21:00:00,22.28,22.37,21.87,22.12,150148.52,3312649.47
2025-08-14 22:00:00,22.12,22.4,21.98,22.38,121950.29,2708923.16
2025-08-14 23:00:00,22.38,22.58,22.37,22.47,95504.54,2148851.9
2025-08-15 00:00:00,22.47,22.62,22.26,22.27,157966.27,3542506.85
2025-08-15 01:00:00,22.27,22.46,22.2,22.36,111006.55,2477611.64
2025-08-15 02:00:00,22.36,22.58,22.34,22.44,75857.76,1704321.01
2025-08-15 03:00:00,22.44,22.88,22.4,22.82,131506.07,2991080.34
2025-08-15 04:00:00,22.82,22.85,22.46,22.51,70817.38,1601860.51
2025-08-15 05:00:00,22.51,22.94,22.51,22.93,85451.35,1940059.69
2025-08-15 06:00:00,22.93,23.05,22.77,22.78,120153.73,2747652.29
2025-08-15 07:00:00,22.78,22.78,22.53,22.59,53008.88,1201333.11
2025-08-15 08:00:00,22.59,22.69,22.47,22.5,112297.98,2531560.55
2025-08-15 09:00:00,22.5,22.53,22.26,22.34,67674.56,1516191.81
2025-08-15 10:00:00,22.34,22.42,22.22,22.24,81778.61,1824823.55
2025-08-15 11:00:00,22.24,22.34,22.16,22.21,109811.47,2441068.45
2025-08-15 12:00:00,22.21,22.63,22.09,22.33,168367.72,3766351.1
2025-08-15 13:00:00,22.33,22.52,22.1,22.22,196772.54,4390673.62
2025-08-15 14:00:00,22.22,22.55,21.85,21.96,343639.02,7598958.39
2025-08-15 15:00:00,21.96,22.01,21.45,21.6,338438.35,7337818.9
2025-08-15 16:00:00,21.6,21.78,21.36,21.73,213654.0,4603855.48
2025-08-15 17:00:00,21.73,21.89,21.49,21.73,184324.09,4001463.2
2025-08-15 18:00:00,21.73,21.79,21.45,21.54,105819.05,2287551.52
2025-08-15 19:00:00,21.54,21.73,21.44,21.46,168497.01,3630155.81
2025-08-15 20:00:00,21.46,21.64,21.39,21.63,89289.68,1921736.18
2025-08-15 21:00:00,21.63,21.69,21.46,21.69,54820.24,1184027.82
2025-08-15 22:00:00,21.69,22.06,21.61,21.99,141540.47,3094514.22
2025-08-15 23:00:00,21.99,22.05,21.64,21.77,124064.05,2708799.94
2025-08-16 00:00:00,21.77,22.16,21.7,22.12,70964.87,1559894.27
2025-08-16 01:00:00,22.12,22.14,21.88,22.0,114929.79,2528389.89
2025-08-16 02:00:00,22.0,22.02,21.86,21.88,65245.32,1431092.65
2025-08-16 03:00:00,21.88,21.94,21.8,21.82,41891.75,916370.29
2025-08-16 04:00:00,21.82,21.92,21.75,21.87,32187.86,702188.85
2025-08-16 05:00:00,21.87,21.88,21.66,21.7,39725.7,863593.74
2025-08-16 06:00:00,21.7,21.73,21.53,21.69,52886.7,1143530.44
2025-08-16 07:00:00,21.69,22.17,21.68,22.07,69758.62,1533215.0
2025-08-16 08:00:00,22.07,22.18,21.83,21.83,75199.82,1653153.57
2025-08-16 09:00:00,21.83,21.88,21.55,21.55,45971.38,999915.43
2025-08-16 10:00:00,21.55,21.64,21.48,21.52,89193.26,1921479.61
2025-08-16 11:00:00,21.52,21.74,21.45,21.46,70570.22,1523115.34
2025-08-16 12:00:00,21.46,21.65,21.42,21.64,57597.89,1241502.41
2025-08-16 13:00:00,21.64,21.95,21.63,21.71,68428.86,1493471.06
2025-08-16 14:00:00,21.71,22.02,21.68,21.96,108598.93,2373231.17
2025-08-16 15:00:00,21.96,22.14,21.94,22.02,142607.89,3145831.49
2025-08-16 16:00:00,22.02,22.14,21.97,22.11,89589.23,1975166.6
2025-08-16 17:00:00,22.11,22.17,21.99,22.03,64578.3,1425371.99
2025-08-16 18:00:00,22.03,22.57,21.96,22.48,203300.56,4537874.51
2025-08-16 19:00:00,22.48,22.91,22.45,22.71,282096.99,6405145.26
2025-08-16 20:00:00,22.71,22.98,22.68,22.77,174641.6,3984406.43
2025-08-16 21:00:00,22.77,22.82,22.57,22.6,107035.56,2423945.67
2025-08-16 22:00:00,22.6,22.79,22.58,22.72,49479.53,1123545.69
2025-08-16 23:00:00,22.72,22.78,22.6,22.65,74287.8,1684031.96
2025-08-17 00:00:00,22.65,22.75,22.59,22.6,73930.75,1674893.36
2025-08-17 01:00:00,22.6,22.65,22.41,22.45,92961.48,2093507.35
2025-08-17 02:00:00,22.45,22.86,22.37,22.85,86729.77,1956968.61
2025-08-17 03:00:00,22.85,23.43,22.83,23.4,265816.23,6157075.92
2025-08-17 04:00:00,23.4,24.26,23.39,24.23,476240.68,11352838.88
2025-08-17 05:00:00,24.23,24.53,24.16,24.42,407202.8,9914808.72
2025-08-17 06:00:00,24.42,24.56,24.06,24.1,209894.74,5103035.97
2025-08-17 07:00:00,24.1,24.39,24.1,24.3,84173.93,2044683.05
2025-08-17 08:00:00,24.3,24.74,24.19,24.69,226785.23,5550398.6
2025-08-17 09:00:00,24.69,24.74,24.5,24.68,137757.99,3391219.28
2025-08-17 10:00:00,24.68,24.83,24.59,24.73,162536.23,4016720.15
2025-08-17 11:00:00,24.73,24.73,24.46,24.7,143116.85,3519149.36
2025-08-17 12:00:00,24.7,24.74,24.56,24.56,156219.69,3849621.02
2025-08-17 13:00:00,24.56,25.01,24.44,24.77,397162.54,9856289.67
2025-08-17 14:00:00,24.77,25.66,24.73,25.61,600658.6,15175154.26
2025-08-17 15:00:00,25.61,26.32,25.45,26.31,679421.07,17543344.79
2025-08-17 16:00:00,26.31,26.34,25.73,25.91,646389.99,16862099.24
2025-08-17 17:00:00,25.91,26.2,25.82,25.98,261937.23,6816062.85
2025-08-17 18:00:00,25.98,26.03,25.34,25.67,371414.31,9545517.0
2025-08-17 19:00:00,25.67,25.72,25.41,25.46,265530.79,6789778.84
2025-08-17 20:00:00,25.46,25.75,25.42,25.67,205563.1,5268490.84
2025-08-17 21:00:00,25.67,25.91,25.53,25.59,164911.36,4245224.01
2025-08-17 22:00:00,25.59,25.94,25.58,25.81,126012.72,3250822.47
2025-08-17 23:00:00,25.81,25.84,25.59,25.66,151472.95,3893678.28
2025-08-18 00:00:00,25.66,26.2,25.46,26.07,392058.13,10139783.98
2025-08-18 01:00:00,26.07,26.23,25.54,25.75,468699.13,12115197.88
2025-08-18 02:00:00,25.75,25.86,24.61,24.8,819680.09,20614686.37
2025-08-18 03:00:00,24.8,25.21,24.6,25.11,375859.02,9353622.9
2025-08-18 04:00:00,25.11,25.13,24.73,24.86,212758.47,5303019.92
2025-08-18 05:00:00,24.86,25.0,24.37,24.74,256390.08,6325130.66
2025-08-18 06:00:00,24.74,24.76,24.31,24.47,251467.36,6159355.85
2025-08-18 07:00:00,24.47,24.94,24.45,24.72,196881.92,4860757.06
2025-08-18 08:00:00,24.72,24.95,24.5,24.61,143031.45,3529778.01
2025-08-18 09:00:00,24.61,25.3,24.38,24.94,190829.34,4728230.31
2025-08-18 10:00:00,24.94,25.13,24.71,24.89,188284.03,4694285.81
2025-08-18 11:00:00,24.89,24.95,24.48,24.56,161286.48,3979273.8
2025-08-18 12:00:00,24.56,25.66,24.49,25.66,350069.76,8776991.73
2025-08-18 13:00:00,25.66,25.95,25.08,25.09,564351.1,14401196.71
2025-08-18 14:00:00,25.09,25.56,24.81,25.21,434988.68,10961135.82
2025-08-18 15:00:00,25.21,25.43,24.91,25.4,227077.26,5711141.62
2025-08-18 16:00:00,25.4,25.48,24.83,24.96,297512.85,7457797.51
2025-08-18 17:00:00,24.96,25.7,24.94,25.2,265300.45,6728494.07
2025-08-18 18:00:00,25.2,25.65,25.03,25.63,139412.51,3523087.65
2025-08-18 19:00:00,25.63,25.94,25.36,25.54,283073.31,7257485.03
2025-08-18 20:00:00,25.54,25.6,25.14,25.24,193162.4,4895038.19
2025-08-18 21:00:00,25.24,25.92,25.19,25.82,179396.08,4585239.32
2025-08-18 22:00:00,25.82,26.72,25.82,26.25,920475.55,24276323.49
2025-08-18 23:00:00,26.25,26.51,25.64,25.79,438970.15,11432392.16
2025-08-19 00:00:00,25.79,25.82,25.22,25.66,365758.29,9327714.1
2025-08-19 01:00:00,25.66,25.71,24.99,25.02,386978.63,9796823.01
2025-08-19 02:00:00,25.02,25.11,24.82,24.87,240689.38,6008077.52
2025-08-19 03:00:00,24.87,24.88,24.12,24.22,450955.93,11057598.99
2025-08-19 04:00:00,24.22,24.25,23.92,24.18,406646.22,9791911.13
2025-08-19 05:00:00,24.18,24.37,23.95,24.27,189311.01,4582156.84
2025-08-19 06:00:00,24.27,24.65,24.14,24.45,157355.65,3834437.79
2025-08-19 07:00:00,24.45,24.48,24.16,24.3,184209.42,4473052.97
2025-08-19 08:00:00,24.3,24.47,24.09,24.16,127992.51,3105035.97
2025-08-19 09:00:00,24.16,24.47,24.1,24.36,167500.04,4067496.19
2025-08-19 10:00:00,24.36,24.53,24.25,24.34,193390.42,4711287.32
2025-08-19 11:00:00,24.34,24.92,24.34,24.71,247852.53,6116073.97
2025-08-19 12:00:00,24.71,24.72,24.37,24.59,159011.27,3904341.3
2025-08-19 13:00:00,24.59,24.94,24.33,24.64,290196.06,7128692.09
2025-08-19 14:00:00,24.64,24.77,24.07,24.15,337019.36,8202232.33
2025-08-19 15:00:00,24.15,24.68,23.87,24.27,335929.98,8137761.55
2025-08-19 16:00:00,24.27,24.52,23.93,23.94,336575.6,8132268.2
2025-08-19 17:00:00,23.94,24.1,23.63,24.07,511723.89,12207617.35
2025-08-19 18:00:00,24.07,24.14,23.44,23.62,343208.7,8156644.45
2025-08-19 19:00:00,23.62,23.97,23.46,23.86,236637.64,5621342.98
2025-08-19 20:00:00,23.86,24.04,23.74,24.01,217004.72,5192373.02
2025-08-19 21:00:00,24.01,24.03,23.85,23.95,134400.04,3220437.54
2025-08-19 22:00:00,23.95,23.98,23.75,23.87,158520.45,3780045.68
2025-08-19 23:00:00,23.87,23.92,23.46,23.55,218523.28,5163496.34
2025-08-20 00:00:00,23.55,23.99,23.37,23.94,267944.53,6346560.86
2025-08-20 01:00:00,23.94,24.04,23.56,23.79,203544.43,4847679.63
2025-08-20 02:00:00,23.79,23.86,23.59,23.63,145345.75,3447386.16
2025-08-20 03:00:00,23.63,24.4,23.58,24.0,232264.79,5571569.17
2025-08-20 04:00:00,24.0,24.53,23.99,24.51,240146.4,5838074.41
2025-08-20 05:00:00,24.51,24.63,24.19,24.59,174464.88,4260038.15
2025-08-20 06:00:00,24.59,24.69,24.35,24.52,117463.06,2877852.53
2025-08-20 07:00:00,24.52,24.84,24.41,24.42,131853.18,3244395.03
2025-08-20 08:00:00,24.42,25.23,24.35,25.1,329551.98,8207712.6
2025-08-20 09:00:00,25.1,25.24,24.89,24.89,246105.7,6163006.66
2025-08-20 10:00:00,24.89,25.16,24.79,25.12,199276.27,4967423.4
2025-08-20 11:00:00,25.12,25.2,24.47,24.94,297724.05,7376216.58
2025-08-20 12:00:00,24.94,25.38,24.84,25.32,313071.76,7871591.96
2025-08-20 13:00:00,25.32,25.34,24.58,24.68,504770.69,12578399.23
2025-08-20 14:00:00,24.68,25.78,24.6,25.43,879252.21,22206814.59
2025-08-20 15:00:00,25.43,26.46,25.39,25.95,1265855.11,32916628.71
2025-08-20 16:00:00,25.95,26.36,25.45,25.47,523053.72,13531966.78
2025-08-20 17:00:00,25.47,26.08,25.45,25.96,427130.46,11007972.36
2025-08-20 18:00:00,25.96,25.97,25.46,25.75,426380.22,10932973.51
2025-08-20 19:00:00,25.75,26.21,25.74,26.16,405942.5,10565295.25
2025-08-20 20:00:00,26.16,26.44,26.04,26.25,345295.01,9064266.56
2025-08-20 21:00:00,26.25,26.65,26.06,26.54,295174.37,7797490.62
2025-08-20 22:00:00,26.54,26.71,26.38,26.66,249362.1,6628482.03
2025-08-20 23:00:00,26.66,26.89,26.34,26.46,337074.37,8966560.27
2025-08-21 00:00:00,26.46,26.6,26.16,26.5,265102.73,6987028.67
2025-08-21 01:00:00,26.5,26.5,26.11,26.34,236397.0,6214611.22
2025-08-21 02:00:00,26.34,26.46,25.8,25.93,270734.83,7032576.72
2025-08-21 03:00:00,25.93,26.44,25.8,25.81,250421.05,6530001.48
2025-08-21 04:00:00,25.81,25.87,25.63,25.72,189396.21,4877432.28
2025-08-21 05:00:00,25.72,25.82,25.55,25.82,80621.79,2071570.91
2025-08-21 06:00:00,25.82,25.82,25.54,25.65,102632.5,2627379.23
2025-08-21 07:00:00,25.65,25.78,25.5,25.72,108023.2,2770473.84
2025-08-21 08:00:00,25.72,25.97,25.64,25.66,145018.67,3744469.54
2025-08-21 09:00:00,25.66,26.4,25.62,26.09,480794.53,12560030.98
2025-08-21 10:00:00,26.09,26.28,25.84,26.02,182912.49,4763643.23
2025-08-21 11:00:00,26.02,26.28,25.95,26.12,188491.82,4919751.05
2025-08-21 12:00:00,26.12,26.24,25.63,25.79,352681.92,9166882.27
2025-08-21 13:00:00,25.79,26.15,25.67,25.78,249756.89,6463514.2
2025-08-21 14:00:00,25.78,26.15,25.42,25.67,332792.4,8570523.06
2025-08-21 15:00:00,25.67,25.73,24.99,25.08,412621.38,10435272.86
2025-08-21 16:00:00,25.08,25.26,24.88,24.91,218302.81,5466517.44
2025-08-21 17:00:00,24.91,24.98,24.67,24.86,573660.43,14219431.14
2025-08-21 18:00:00,24.86,25.06,24.82,25.05,228887.46,5705995.59
2025-08-21 19:00:00,25.05,25.19,24.81,24.93,173070.41,4327833.41
2025-08-21 20:00:00,24.93,25.14,24.78,25.0,129417.95,3229653.74
2025-08-21 21:00:00,25.0,25.09,24.84,24.88,207008.97,5166592.74
2025-08-21 22:00:00,24.88,25.05,24.83,24.94,90404.06,2256640.72
2025-08-21 23:00:00,24.94,24.95,24.63,24.81,135148.54,3345578.73
2025-08-22 00:00:00,24.81,25.07,24.81,24.95,136895.98,3419186.95
2025-08-22 01:00:00,24.95,24.99,24.68,24.81,124856.5,3096521.47
2025-08-22 02:00:00,24.81,25.22,24.72,24.78,201180.29,5025513.95
2025-08-22 03:00:00,24.78,24.9,24.53,24.67,174636.37,4311743.22
2025-08-22 04:00:00,24.67,24.93,24.66,24.73,152828.59,3789039.2
2025-08-22 05:00:00,24.73,24.88,24.62,24.81,69646.1,1723167.36
2025-08-22 06:00:00,24.81,25.02,24.7,24.84,85427.37,2122821.11
2025-08-22 07:00:00,24.84,25.19,24.83,25.04,162651.19,4070487.82
2025-08-22 08:00:00,25.04,25.29,24.98,24.99,172227.41,4331792.12
2025-08-22 09:00:00,24.99,25.03,24.77,24.93,68710.83,1711299.33
2025-08-22 10:00:00,24.93,24.94,24.65,24.67,78225.03,1938172.13
2025-08-22 11:00:00,24.67,24.67,24.24,24.3,187374.62,4571309.88
2025-08-22 12:00:00,24.3,24.67,24.12,24.42,317172.2,7708707.64
2025-08-22 13:00:00,24.42,24.95,24.27,24.71,258072.11,6353056.07
2025-08-22 14:00:00,24.71,26.79,24.71,26.09,1964233.84,51391658.7
2025-08-22 15:00:00,26.09,26.71,26.08,26.46,495719.59,13127705.57
2025-08-22 16:00:00,26.46,27.85,26.46,27.4,1335300.55,36657888.37
2025-08-22 17:00:00,27.4,27.78,27.0,27.03,603188.54,16560189.83
2025-08-22 18:00:00,27.03,27.19,26.7,26.97,493858.2,13304716.23
2025-08-22 19:00:00,26.97,27.28,26.89,27.19,199136.37,5401691.15
2025-08-22 20:00:00,27.19,27.33,26.91,27.06,212640.35,5755538.5
2025-08-22 21:00:00,27.06,27.28,26.95,26.96,215803.69,5846591.93
2025-08-22 22:00:00,26.96,27.07,26.62,26.66,261054.26,7004611.68
2025-08-22 23:00:00,26.66,26.93,26.65,26.77,657364.29,17601204.96
2025-08-23 00:00:00,26.77,26.81,26.52,26.55,179653.97,4789553.7
2025-08-23 01:00:00,26.55,26.58,26.19,26.34,239492.86,6306703.22
2025-08-23 02:00:00,26.34,26.37,25.86,26.09,246880.37,6432840.89
2025-08-23 03:00:00,26.09,26.2,25.87,25.94,98378.68,2561971.42
2025-08-23 04:00:00,25.94,26.15,25.89,26.15,117929.83,3071129.27
2025-08-23 05:00:00,26.15,26.22,26.0,26.21,130856.15,3416296.45
2025-08-23 06:00:00,26.21,26.22,25.91,25.98,102497.18,2668289.72
2025-08-23 07:00:00,25.98,26.02,25.73,25.86,67818.37,1752763.78
2025-08-23 08:00:00,25.86,26.0,25.66,25.72,97739.72,2518867.06
2025-08-23 09:00:00,25.72,25.85,25.59,25.85,107712.48,2767935.78
2025-08-23 10:00:00,25.85,25.85,25.62,25.63,100614.9,2585938.72
2025-08-23 11:00:00,25.63,25.74,25.59,25.65,60890.78,1563569.47
2025-08-23 12:00:00,25.65,25.84,25.52,25.68,137312.34,3527083.11
2025-08-23 13:00:00,25.68,25.95,25.63,25.85,114132.63,2947227.59
2025-08-23 14:00:00,25.85,26.19,25.82,25.9,193922.76,5050424.78
2025-08-23 15:00:00,25.9,26.09,25.89,26.0,89641.7,2328143.73
2025-08-23 16:00:00,26.0,26.08,25.83,25.96,72673.5,1884415.43
2025-08-23 17:00:00,25.96,26.1,25.96,26.08,58273.52,1517452.55
2025-08-23 18:00:00,26.08,26.18,26.05,26.17,77223.33,2016354.09
2025-08-23 19:00:00,26.17,26.21,26.1,26.12,122203.4,3195999.02
2025-08-23 20:00:00,26.12,26.18,25.98,26.1,159216.86,4154625.05
2025-08-23 21:00:00,26.1,26.21,26.07,26.16,108733.53,2840217.25
2025-08-23 22:00:00,26.16,26.29,26.15,26.27,65459.69,1715597.37
2025-08-23 23:00:00,26.27,26.36,26.27,26.28,79028.65,2079691.43
2025-08-24 00:00:00,26.28,26.32,26.14,26.14,134903.89,3540477.94
2025-08-24 01:00:00,26.14,26.15,25.81,25.85,187539.98,4872024.57
2025-08-24 02:00:00,25.85,25.87,25.71,25.82,176352.03,4548672.15
2025-08-24 03:00:00,25.82,25.96,25.73,25.9,74011.95,1910742.97
2025-08-24 04:00:00,25.9,25.95,25.79,25.85,74917.48,1937470.13
2025-08-24 05:00:00,25.85,25.86,25.74,25.76,30748.61,793310.48
2025-08-24 06:00:00,25.76,25.78,25.55,25.67,129817.11,3334380.28
2025-08-24 07:00:00,25.67,25.79,25.58,25.59,70357.86,1806410.67
2025-08-24 08:00:00,25.59,25.74,25.52,25.65,48576.11,1245384.16
2025-08-24 09:00:00,25.65,25.65,25.42,25.46,102336.66,2607929.05
2025-08-24 10:00:00,25.46,25.46,25.27,25.41,158953.7,4033291.53
2025-08-24 11:00:00,25.41,25.52,25.34,25.47,69991.86,1781823.17
2025-08-24 12:00:00,25.47,25.65,25.46,25.64,79839.7,2041901.06
2025-08-24 13:00:00,25.64,25.86,25.63,25.65,80456.29,2071518.13
2025-08-24 14:00:00,25.65,25.8,25.59,25.61,70058.6,1797463.46
2025-08-24 15:00:00,25.61,25.77,25.49,25.56,111127.5,2846241.72
2025-08-24 16:00:00,25.56,25.85,25.55,25.82,82038.78,2111050.24
2025-08-24 17:00:00,25.82,26.2,25.78,26.01,306599.37,7989818.86
2025-08-24 18:00:00,26.01,26.48,25.96,26.39,283659.29,7442551.09
2025-08-24 19:00:00,26.39,26.62,25.26,26.07,906326.69,23463414.15
2025-08-24 20:00:00,26.07,26.09,25.41,25.86,289741.62,7461059.15
2025-08-24 21:00:00,25.86,26.24,25.71,26.09,182238.09,4743685.88
2025-08-24 22:00:00,26.09,26.11,25.68,26.06,132374.98,3426432.98
2025-08-24 23:00:00,26.06,26.08,25.79,25.82,67531.58,1751082.1
2025-08-25 00:00:00,25.82,25.92,25.33,25.52,192988.17,4942703.95
2025-08-25 01:00:00,25.52,26.3,25.52,26.13,170545.09,4420157.22
2025-08-25 02:00:00,26.13,26.44,26.01,26.14,364651.43,9563087.73
2025-08-25 03:00:00,26.14,26.23,25.89,25.93,115683.73,3021429.18
2025-08-25 04:00:00,25.93,26.0,25.65,25.79,106590.21,2748508.67
2025-08-25 05:00:00,25.79,25.98,25.72,25.84,76475.37,1975907.23
2025-08-25 06:00:00,25.84,26.39,25.53,25.54,227041.94,5880909.98
2025-08-25 07:00:00,25.54,25.66,24.83,24.96,329499.25,8311865.1
2025-08-25 08:00:00,24.96,25.16,24.68,25.09,195238.14,4863184.36
2025-08-25 09:00:00,25.09,25.13,24.85,24.95,97085.29,2422789.73
2025-08-25 10:00:00,24.95,24.95,24.34,24.41,245825.6,6031067.97
2025-08-25 11:00:00,24.41,24.64,24.39,24.59,157184.28,3854040.18
2025-08-25 12:00:00,24.59,24.64,24.35,24.5,119609.97,2929194.46
2025-08-25 13:00:00,24.5,24.58,24.24,24.43,213703.2,5210981.08
2025-08-25 14:00:00,24.43,24.65,24.4,24.58,214639.81,5271711.79
2025-08-25 15:00:00,24.58,24.68,24.39,24.42,144417.09,3549192.39
2025-08-25 16:00:00,24.42,24.8,24.28,24.49,183990.1,4517431.99
2025-08-25 17:00:00,24.49,24.53,24.29,24.34,151274.82,3690205.12
2025-08-25 18:00:00,24.34,24.43,24.14,24.25,214246.41,5195513.92
2025-08-25 19:00:00,24.25,24.32,23.64,23.66,462855.05,11083870.26
2025-08-25 20:00:00,23.66,23.83,23.09,23.19,669595.84,15681224.28
2025-08-25 21:00:00,23.19,23.36,23.1,23.14,239268.74,5560951.17
2025-08-25 22:00:00,23.14,23.57,23.14,23.49,189150.57,4422361.6
2025-08-25 23:00:00,23.49,23.49,23.26,23.39,115656.12,2704442.06
2025-08-26 00:00:00,23.39,23.59,23.15,23.26,163806.97,3829151.31
2025-08-26 01:00:00,23.26,23.5,23.18,23.5,215584.6,5032457.06
2025-08-26 02:00:00,23.5,23.63,23.19,23.26,164204.61,3849184.44
2025-08-26 03:00:00,23.26,23.31,23.08,23.16,136546.87,3170447.69
2025-08-26 04:00:00,23.16,23.41,23.13,23.36,145832.23,3394981.45
2025-08-26 05:00:00,23.36,23.5,23.25,23.26,123895.26,2898371.21
2025-08-26 06:00:00,23.26,23.35,22.99,23.06,117655.57,2722273.98
2025-08-26 07:00:00,23.06,23.43,22.89,23.15,162209.74,3751556.47
2025-08-26 08:00:00,23.15,23.21,22.96,23.1,129431.77,2984161.06
2025-08-26 09:00:00,23.1,23.18,22.91,23.01,71666.29,1651101.62
2025-08-26 10:00:00,23.01,23.76,23.01,23.53,212442.94,4974035.17
2025-08-26 11:00:00,23.53,23.69,23.31,23.55,110161.6,2587474.33
2025-08-26 12:00:00,23.55,24.36,23.4,24.13,296204.72,7108032.53
2025-08-26 13:00:00,24.13,24.19,23.68,24.02,326638.93,7819431.56
2025-08-26 14:00:00,24.02,24.39,23.78,24.35,282018.49,6802111.71
2025-08-26 15:00:00,24.35,24.52,24.09,24.17,249558.71,6058414.12
2025-08-26 16:00:00,24.17,24.34,24.02,24.33,118601.78,2865777.58
2025-08-26 17:00:00,24.33,24.35,23.95,24.1,215568.14,5194282.62
2025-08-26 18:00:00,24.1,24.3,24.03,24.11,139066.47,3359458.27
2025-08-26 19:00:00,24.11,24.46,24.0,24.35,163680.92,3970583.73
2025-08-26 20:00:00,24.35,24.52,24.22,24.31,148036.62,3606181.09
2025-08-26 21:00:00,24.31,24.53,24.23,24.53,126554.49,3083560.33
2025-08-26 22:00:00,24.53,24.67,24.38,24.62,165767.42,4070636.52
2025-08-26 23:00:00,24.62,24.74,24.35,24.38,217962.87,5352420.37
2025-08-27 00:00:00,24.38,24.54,24.12,24.14,137236.61,3340199.75
2025-08-27 01:00:00,24.14,24.2,24.01,24.11,148301.66,3572932.88
2025-08-27 02:00:00,24.11,24.31,24.01,24.2,106725.57,2580562.25
2025-08-27 03:00:00,24.2,24.5,24.04,24.35,102721.33,2490214.57
2025-08-27 04:00:00,24.35,24.68,24.31,24.47,153101.23,3753737.46
2025-08-27 05:00:00,24.47,24.48,24.18,24.26,124352.82,3021486.99
2025-08-27 06:00:00,24.26,24.26,24.03,24.06,65331.4,1578011.93
2025-08-27 07:00:00,24.06,24.18,24.01,24.15,90732.76,2183289.71
2025-08-27 08:00:00,24.15,24.28,23.97,24.28,77083.81,1858392.25
2025-08-27 09:00:00,24.28,24.62,24.24,24.47,80871.91,1976520.22
2025-08-27 10:00:00,24.47,24.65,24.3,24.33,65343.29,1599727.01
2025-08-27 11:00:00,24.33,24.41,24.26,24.36,60122.69,1463170.92
2025-08-27 12:00:00,24.36,24.43,24.1,24.23,85796.2,2075721.33
2025-08-27 13:00:00,24.23,24.47,24.08,24.14,171262.64,4148307.41
2025-08-27 14:00:00,24.14,24.66,24.11,24.32,227790.22,5565383.32
2025-08-27 15:00:00,24.32,24.4,24.16,24.29,207523.38,5036787.11
2025-08-27 16:00:00,24.29,24.52,24.19,24.38,110296.72,2685179.69
2025-08-27 17:00:00,24.38,24.52,24.31,24.51,79919.86,1951850.02
2025-08-27 18:00:00,24.51,24.58,24.3,24.31,88389.96,2163457.19
2025-08-27 19:00:00,24.31,24.37,24.04,24.18,157380.12,3810345.78
2025-08-27 20:00:00,24.18,24.47,23.79,24.41,605369.89,14608010.04
2025-08-27 21:00:00,24.41,24.45,23.96,23.97,224263.24,5424135.87
2025-08-27 22:00:00,23.97,24.01,23.59,23.84,216062.55,5133791.54
2025-08-27 23:00:00,23.84,23.94,23.72,23.77,130230.08,3101410.07
2025-08-28 00:00:00,23.77,23.88,23.56,23.74,140572.04,3334610.16
2025-08-28 01:00:00,23.74,23.94,23.73,23.82,87869.7,2095304.9
2025-08-28 02:00:00,23.82,23.9,23.68,23.72,89012.57,2114886.69
2025-08-28 03:00:00,23.72,23.94,23.68,23.9,67721.62,1614162.89
2025-08-28 04:00:00,23.9,24.28,23.81,24.25,105004.58,2526666.2
2025-08-28 05:00:00,24.25,24.37,24.15,24.21,87828.24,2129582.44
2025-08-28 06:00:00,24.21,24.27,24.09,24.2,62810.21,1518282.88
2025-08-28 07:00:00,24.2,24.25,24.05,24.22,70565.26,1703629.71
2025-08-28 08:00:00,24.22,24.45,23.92,23.98,147583.12,3577143.87
2025-08-28 09:00:00,23.98,23.98,23.68,23.68,65579.69,1560377.53
2025-08-28 10:00:00,23.68,23.85,23.6,23.81,139034.94,3304341.17
2025-08-28 11:00:00,23.81,23.91,23.74,23.89,93022.73,2215283.83
2025-08-28 12:00:00,23.89,24.04,23.8,24.0,117118.11,2802249.86
2025-08-28 13:00:00,24.0,25.87,23.85,25.82,1268534.78,31610946.7
2025-08-28 14:00:00,25.82,26.04,25.19,25.51,1808662.38,46446914.79
2025-08-28 15:00:00,25.51,25.65,24.65,24.8,795986.22,19965359.59
2025-08-28 16:00:00,24.8,25.28,24.73,24.74,407714.2,10215041.67
2025-08-28 17:00:00,24.74,25.05,24.63,24.84,277074.65,6875371.91
2025-08-28 18:00:00,24.84,25.19,24.8,24.99,311586.54,7792184.88
2025-08-28 19:00:00,24.99,25.11,24.46,24.49,356886.33,8846233.17
2025-08-28 20:00:00,24.49,24.81,24.41,24.57,215093.99,5294090.55
2025-08-28 21:00:00,24.57,24.95,24.57,24.89,171343.35,4245321.82
2025-08-28 22:00:00,24.89,25.41,24.87,25.24,208810.25,5265388.48
2025-08-28 23:00:00,25.24,25.33,25.07,25.18,185209.64,4668399.07
2025-08-29 00:00:00,25.18,25.23,24.59,24.67,246486.49,6128882.66
2025-08-29 01:00:00,24.67,24.76,24.26,24.31,268307.27,6549398.76
2025-08-29 02:00:00,24.31,24.49,24.23,24.29,143833.73,3499170.85
2025-08-29 03:00:00,24.29,24.32,24.13,24.24,108675.13,2632667.87
2025-08-29 04:00:00,24.24,24.28,24.05,24.1,86537.69,2091683.92
2025-08-29 05:00:00,24.1,24.18,24.02,24.16,131926.17,3180003.77
2025-08-29 06:00:00,24.16,24.19,23.4,23.95,412821.94,9822785.39
2025-08-29 07:00:00,23.95,23.95,23.5,23.55,169731.82,4019359.28
2025-08-29 08:00:00,23.55,23.58,23.31,23.39,195444.13,4578820.99
2025-08-29 09:00:00,23.39,23.44,23.24,23.38,111004.13,2590439.53
2025-08-29 10:00:00,23.38,23.55,23.34,23.47,133655.54,3133990.79
2025-08-29 11:00:00,23.47,23.48,23.31,23.44,130965.52,3062520.75
2025-08-29 12:00:00,23.44,24.12,23.41,23.74,309883.35,7360520.26
2025-08-29 13:00:00,23.74,23.75,23.23,23.34,255080.0,5980656.54
2025-08-29 14:00:00,23.34,23.57,23.13,23.39,316301.42,7389004.82
2025-08-29 15:00:00,23.39,23.62,23.39,23.44,148184.03,3486054.81
2025-08-29 16:00:00,23.44,23.6,23.34,23.44,122747.59,2879906.1
2025-08-29 17:00:00,23.44,23.51,23.28,23.4,105825.76,2476524.36
2025-08-29 18:00:00,23.4,23.42,23.13,23.15,155468.57,3612840.51
2025-08-29 19:00:00,23.15,23.46,23.13,23.36,146468.47,3417065.86
2025-08-29 20:00:00,23.36,23.43,23.17,23.26,158554.69,3697990.95
2025-08-29 21:00:00,23.26,23.42,23.14,23.29,122716.52,2856159.71
2025-08-29 22:00:00,23.29,23.42,23.24,23.42,63258.32,1475303.93
2025-08-29 23:00:00,23.42,23.51,23.37,23.42,66554.15,1559313.76
2025-08-30 00:00:00,23.42,23.52,23.28,23.3,53856.13,1260521.65
2025-08-30 01:00:00,23.3,23.33,22.85,22.86,188113.81,4338499.78
2025-08-30 02:00:00,22.86,23.13,22.83,22.95,104691.98,2406422.66
2025-08-30 03:00:00,22.95,23.3,22.94,23.24,151874.59,3513138.0
2025-08-30 04:00:00,23.24,23.38,23.18,23.27,77889.91,1812897.2
2025-08-30 05:00:00,23.27,23.45,23.27,23.31,89253.24,2086388.07
2025-08-30 06:00:00,23.31,23.52,23.26,23.48,51889.83,1214003.86
2025-08-30 07:00:00,23.48,23.5,23.35,23.37,36590.0,857049.16
2025-08-30 08:00:00,23.37,23.39,23.26,23.31,27548.18,642725.91
2025-08-30 09:00:00,23.31,23.39,23.21,23.37,46873.49,1092690.85
2025-08-30 10:00:00,23.37,23.49,23.31,23.39,66673.76,1561645.01
2025-08-30 11:00:00,23.39,23.4,23.29,23.39,30529.7,712654.97
2025-08-30 12:00:00,23.39,23.4,23.05,23.15,69982.05,1622989.7
2025-08-30 13:00:00,23.15,23.19,22.97,23.14,71031.12,1638312.32
2025-08-30 14:00:00,23.14,23.21,23.03,23.21,59407.43,1373467.36
2025-08-30 15:00:00,23.21,23.45,23.14,23.41,90935.27,2123771.7
2025-08-30 16:00:00,23.41,23.41,23.3,23.37,44880.69,1048070.36
2025-08-30 17:00:00,23.37,23.45,23.29,23.38,78541.96,1835359.78
2025-08-30 18:00:00,23.38,23.44,23.33,23.35,32227.85,753711.12
2025-08-30 19:00:00,23.35,23.4,23.31,23.36,27067.39,632098.71
2025-08-30 20:00:00,23.36,23.38,23.28,23.37,58921.37,1374413.51
2025-08-30 21:00:00,23.37,23.44,23.35,23.42,21825.64,510458.95
2025-08-30 22:00:00,23.42,23.44,23.34,23.4,31323.03,732553.48
2025-08-30 23:00:00,23.4,23.51,23.4,23.51,32410.89,760507.63
2025-08-31 00:00:00,23.51,23.82,23.42,23.78,148902.39,3517309.33
2025-08-31 01:00:00,23.78,23.81,23.61,23.76,101928.28,2415608.31
2025-08-31 02:00:00,23.76,23.8,23.69,23.76,35690.73,847472.48
2025-08-31 03:00:00,23.76,23.9,23.76,23.88,65987.8,1572683.41
2025-08-31 04:00:00,23.88,23.95,23.77,23.81,64930.14,1549735.85
2025-08-31 05:00:00,23.81,23.81,23.65,23.79,34488.25,817849.26
2025-08-31 06:00:00,23.79,23.81,23.67,23.7,63370.88,1503981.15
2025-08-31 07:00:00,23.7,23.83,23.69,23.73,22726.62,540105.51
2025-08-31 08:00:00,23.73,23.89,23.72,23.89,33406.97,795613.96
2025-08-31 09:00:00,23.89,23.89,23.72,23.72,41370.72,985528.51
2025-08-31 10:00:00,23.72,23.75,23.56,23.65,41355.76,977497.68
2025-08-31 11:00:00,23.65,23.81,23.61,23.8,36383.65,863516.02
2025-08-31 12:00:00,23.8,24.04,23.69,24.0,82374.16,1965008.67
2025-08-31 13:00:00,24.0,24.05,23.83,23.88,124672.97,2983387.94
2025-08-31 14:00:00,23.88,23.93,23.61,23.65,82668.58,1960471.48
2025-08-31 15:00:00,23.65,23.81,23.65,23.78,58655.75,1393275.43
2025-08-31 16:00:00,23.78,23.79,23.61,23.69,51432.14,1218254.45
2025-08-31 17:00:00,23.69,23.79,23.65,23.75,62670.34,1486776.9
2025-08-31 18:00:00,23.75,23.87,23.73,23.84,56203.07,1337814.25
2025-08-31 19:00:00,23.84,23.84,23.64,23.65,45620.84,1082408.32
2025-08-31 20:00:00,23.65,23.69,23.61,23.64,77479.39,1832506.2
2025-08-31 21:00:00,23.64,23.72,23.61,23.71,113728.43,2693451.67
2025-08-31 22:00:00,23.71,23.73,23.45,23.49,138708.23,3273344.82
2025-08-31 23:00:00,23.49,23.51,23.19,23.2,177978.36,4153929.74
2025-09-01 00:00:00,23.2,23.25,22.97,23.16,224647.61,5189012.54
2025-09-01 01:00:00,23.16,23.36,23.03,23.27,130908.95,3038531.24
2025-09-01 02:00:00,23.27,23.3,22.98,23.1,98647.21,2281044.17
2025-09-01 03:00:00,23.1,23.14,22.93,23.06,96856.99,2231404.87
2025-09-01 04:00:00,23.06,23.12,22.8,22.88,86246.65,1977143.89
2025-09-01 05:00:00,22.88,22.96,22.72,22.85,107776.48,2462377.21
2025-09-01 06:00:00,22.85,22.97,22.78,22.96,82567.3,1887207.02
2025-09-01 07:00:00,22.96,23.63,22.83,23.59,138615.97,3229957.19
2025-09-01 08:00:00,23.59,23.85,23.52,23.8,178298.2,4220913.64
2025-09-01 09:00:00,23.8,23.83,23.56,23.59,77217.2,1831262.49
2025-09-01 10:00:00,23.59,23.64,23.32,23.42,66363.76,1554960.5
2025-09-01 11:00:00,23.42,23.46,23.17,23.22,75711.13,1761805.28
2025-09-01 12:00:00,23.22,23.34,23.16,23.2,67301.96,1564849.21
2025-09-01 13:00:00,23.2,23.23,22.94,22.97,125495.5,2897434.0
2025-09-01 14:00:00,22.97,23.12,22.83,22.97,83902.19,1926148.08
2025-09-01 15:00:00,22.97,23.07,22.74,22.8,93941.33,2149615.9
2025-09-01 16:00:00,22.8,22.84,22.65,22.75,106042.94,2410635.2
2025-09-01 17:00:00,22.75,22.8,22.56,22.58,141824.33,3210195.77
2025-09-01 18:00:00,22.58,22.82,22.58,22.77,101790.87,2313327.93
2025-09-01 19:00:00,22.77,22.83,22.71,22.82,51414.5,1171196.3
2025-09-01 20:00:00,22.82,22.83,22.22,22.46,314918.6,7062145.05
2025-09-01 21:00:00,22.46,22.48,22.09,22.26,207668.84,4625488.82
2025-09-01 22:00:00,22.26,22.37,22.16,22.31,105702.31,2353339.49
2025-09-01 23:00:00,22.31,22.54,22.31,22.52,81458.74,1826413.57
2025-09-02 00:00:00,22.52,22.53,22.35,22.42,73401.92,1647062.98
2025-09-02 01:00:00,22.42,22.78,22.41,22.7,86662.84,1957074.36
2025-09-02 02:00:00,22.7,23.09,22.69,23.08,182898.52,4181721.19
2025-09-02 03:00:00,23.08,23.22,22.99,23.13,148131.5,3424092.61
2025-09-02 04:00:00,23.13,23.31,23.09,23.3,87059.37,2021295.96
2025-09-02 05:00:00,23.3,23.36,23.19,23.34,43182.41,1004427.76
2025-09-02 06:00:00,23.34,23.51,23.32,23.41,90654.94,2123915.11
2025-09-02 07:00:00,23.41,23.42,23.17,23.23,64073.93,1492752.09
2025-09-02 08:00:00,23.23,23.44,23.22,23.35,49553.47,1155003.96
2025-09-02 09:00:00,23.35,23.43,23.31,23.4,38982.02,911037.43
2025-09-02 10:00:00,23.4,23.42,23.24,23.27,170926.84,3983647.81
2025-09-02 11:00:00,23.27,23.28,23.08,23.1,72173.67,1672101.62
2025-09-02 12:00:00,23.1,23.14,22.65,22.65,248576.03,5684202.54
2025-09-02 13:00:00,22.65,23.44,22.64,23.4,301716.3,6960610.44
2025-09-02 14:00:00,23.4,23.54,23.15,23.22,194614.96,4536057.89
2025-09-02 15:00:00,23.22,23.28,22.8,22.84,157873.04,3641149.08
2025-09-02 16:00:00,22.84,23.05,22.81,23.01,85239.41,1957674.64
2025-09-02 17:00:00,23.01,23.15,22.96,23.05,68160.76,1570853.58
2025-09-02 18:00:00,23.05,23.11,22.79,23.04,97279.1,2233078.15
2025-09-02 19:00:00,23.04,23.13,22.9,23.06,91085.46,2096160.07
2025-09-02 20:00:00,23.06,23.39,23.01,23.35,79436.53,1848891.06
2025-09-02 21:00:00,23.35,23.51,23.34,23.46,126541.85,2962952.19
2025-09-02 22:00:00,23.46,23.58,23.4,23.56,100757.85,2366480.03
2025-09-02 23:00:00,23.56,23.59,23.43,23.48,81161.71,1907393.14
2025-09-03 00:00:00,23.48,23.5,23.32,23.33,59638.65,1395933.12
2025-09-03 01:00:00,23.33,23.53,23.22,23.52,65890.0,1536424.0
2025-09-03 02:00:00,23.52,23.61,23.4,23.43,92402.97,2171433.92
2025-09-03 03:00:00,23.43,23.49,23.32,23.42,30811.73,721030.76
2025-09-03 04:00:00,23.42,23.48,23.34,23.44,23406.38,548028.57
2025-09-03 05:00:00,23.44,23.44,23.29,23.3,27059.78,631526.86
2025-09-03 06:00:00,23.3,23.44,23.22,23.37,33084.26,771666.07
2025-09-03 07:00:00,23.37,23.41,23.23,23.29,25052.76,583646.24
2025-09-03 08:00:00,23.29,23.45,23.25,23.29,48840.35,1139968.66
2025-09-03 09:00:00,23.29,23.45,23.23,23.45,36857.93,860488.91
2025-09-03 10:00:00,23.45,23.54,23.4,23.45,38394.71,901229.09
2025-09-03 11:00:00,23.45,23.61,23.43,23.5,62781.26,1478812.85
2025-09-03 12:00:00,23.5,23.61,23.38,23.41,48774.15,1145696.04
2025-09-03 13:00:00,23.41,23.73,23.41,23.6,146045.49,3445103.71
2025-09-03 14:00:00,23.6,23.83,23.55,23.73,122277.11,2899019.28
2025-09-03 15:00:00,23.73,23.83,23.64,23.82,100749.61,2391785.89
2025-09-03 16:00:00,23.82,23.91,23.62,23.7,88203.3,2097473.75
2025-09-03 17:00:00,23.7,23.89,23.7,23.75,72734.94,1731257.81
2025-09-03 18:00:00,23.75,23.8,23.64,23.71,77118.26,1828050.35
2025-09-03 19:00:00,23.71,23.86,23.64,23.85,82303.29,1952892.79
2025-09-03 20:00:00,23.85,23.85,23.73,23.76,58421.04,1389883.9
2025-09-03 21:00:00,23.76,23.81,23.7,23.77,38325.22,910802.78
2025-09-03 22:00:00,23.77,23.85,23.72,23.76,35644.67,848017.66
2025-09-03 23:00:00,23.76,23.78,23.68,23.7,61163.06,1449926.06
2025-09-04 00:00:00,23.7,23.89,23.69,23.87,61657.95,1466793.95
2025-09-04 01:00:00,23.87,23.95,23.73,23.94,58220.43,1387332.76
2025-09-04 02:00:00,23.94,23.96,23.59,23.6,67626.14,1605359.9
2025-09-04 03:00:00,23.6,23.68,23.5,23.54,50810.6,1198113.93
2025-09-04 04:00:00,23.54,23.57,23.46,23.47,77900.77,1831545.91
2025-09-04 05:00:00,23.47,23.47,23.25,23.31,75884.15,1768550.51
2025-09-04 06:00:00,23.31,23.36,23.15,23.19,57046.92,1325999.88
2025-09-04 07:00:00,23.19,23.34,23.18,23.29,24431.97,568957.8
2025-09-04 08:00:00,23.29,23.4,23.25,23.25,14957.1,348891.94
2025-09-04 09:00:00,23.25,23.28,23.2,23.26,43440.15,1009794.01
2025-09-04 10:00:00,23.26,23.37,23.24,23.32,32090.09,748223.02
2025-09-04 11:00:00,23.32,23.43,23.28,23.3,50536.63,1180905.78
2025-09-04 12:00:00,23.3,23.4,23.16,23.35,77066.48,1793429.69
2025-09-04 13:00:00,23.35,23.36,23.06,23.16,108581.95,2518437.37
2025-09-04 14:00:00,23.16,23.17,22.94,22.94,164067.19,3779172.85
2025-09-04 15:00:00,22.94,22.94,22.47,22.48,577046.72,13050201.81
2025-09-04 16:00:00,22.48,22.55,22.39,22.45,171183.22,3848684.27
2025-09-04 17:00:00,22.45,22.55,22.36,22.46,240697.74,5411166.23
2025-09-04 18:00:00,22.46,22.52,22.28,22.31,118693.03,2659746.28
2025-09-04 19:00:00,22.31,22.35,22.2,22.27,94119.68,2094698.37
2025-09-04 20:00:00,22.27,22.51,22.25,22.47,82119.59,1841037.82
2025-09-04 21:00:00,22.47,22.53,22.43,22.51,82779.01,1861355.73
2025-09-04 22:00:00,22.51,22.61,22.44,22.54,225045.58,5069737.75
2025-09-04 23:00:00,22.54,22.62,22.31,22.32,93443.8,2100515.74
2025-09-05 00:00:00,22.32,22.38,22.27,22.29,75256.29,1679740.4
2025-09-05 01:00:00,22.29,22.49,22.28,22.4,139996.15,3130799.7
2025-09-05 02:00:00,22.4,22.5,22.3,22.48,92885.86,2082361.26
2025-09-05 03:00:00,22.48,22.49,22.3,22.49,53252.02,1192584.33
2025-09-05 04:00:00,22.49,22.55,22.4,22.53,37138.7,834583.34
2025-09-05 05:00:00,22.53,22.64,22.5,22.62,62702.87,1414949.5
2025-09-05 06:00:00,22.62,22.63,22.51,22.57,59641.64,1344827.05
2025-09-05 07:00:00,22.57,23.1,22.57,23.08,183896.73,4207749.71
2025-09-05 08:00:00,23.08,23.08,22.82,22.89,95345.92,2181574.52
2025-09-05 09:00:00,22.89,22.89,22.68,22.83,78545.41,1787738.66
2025-09-05 10:00:00,22.83,22.89,22.77,22.77,42221.86,963986.65
2025-09-05 11:00:00,22.77,22.89,22.73,22.83,82071.52,1870878.41
2025-09-05 12:00:00,22.83,23.19,22.75,23.17,313294.28,7202619.68
2025-09-05 13:00:00,23.17,23.24,22.95,22.99,231285.92,5335496.83
2025-09-05 14:00:00,22.99,22.99,22.1,22.2,444554.91,9966867.18
2025-09-05 15:00:00,22.2,22.41,22.13,22.24,149756.1,3338470.9
2025-09-05 16:00:00,22.24,22.31,22.17,22.19,145019.22,3223803.81
2025-09-05 17:00:00,22.19,22.2,22.04,22.14,170054.82,3759222.53
2025-09-05 18:00:00,22.14,22.4,22.08,22.38,82331.18,1831299.99
2025-09-05 19:00:00,22.38,22.48,22.32,22.48,86892.99,1945876.49
2025-09-05 20:00:00,22.48,22.55,22.34,22.55,60992.21,1369822.93
2025-09-05 21:00:00,22.55,22.55,22.23,22.27,103683.67,2318733.85
2025-09-05 22:00:00,22.27,22.44,22.23,22.39,50797.25,1133954.23
2025-09-05 23:00:00,22.39,22.43,22.27,22.29,52485.74,1173516.94
2025-09-06 00:00:00,22.29,22.47,22.26,22.43,47252.87,1056566.99
2025-09-06 01:00:00,22.43,22.5,22.38,22.46,22223.49,498887.23
2025-09-06 02:00:00,22.46,22.51,22.35,22.46,83949.48,1881106.31
2025-09-06 03:00:00,22.46,22.49,22.4,22.41,31433.8,705204.08
2025-09-06 04:00:00,22.41,22.41,22.29,22.3,34038.6,760197.46
2025-09-06 05:00:00,22.3,22.31,22.14,22.16,66778.01,1482786.59
2025-09-06 06:00:00,22.16,22.23,22.15,22.18,25758.28,571572.74
2025-09-06 07:00:00,22.18,22.21,22.17,22.21,42891.17,951788.08
2025-09-06 08:00:00,22.21,22.23,22.16,22.22,24132.3,535678.35
2025-09-06 09:00:00,22.22,22.22,22.13,22.14,25056.66,555340.27
2025-09-06 10:00:00,22.14,22.28,22.08,22.24,70360.09,1557599.99
2025-09-06 11:00:00,22.24,22.28,22.17,22.28,18488.3,410741.84
2025-09-06 12:00:00,22.28,22.33,22.18,22.18,52498.03,1168342.54
2025-09-06 13:00:00,22.18,22.23,22.12,22.19,51427.67,1140366.04
2025-09-06 14:00:00,22.19,22.27,22.18,22.19,35527.87,789524.56
2025-09-06 15:00:00,22.19,22.21,22.04,22.07,81389.98,1800366.01
2025-09-06 16:00:00,22.07,22.29,22.03,22.23,110082.72,2437348.75
2025-09-06 17:00:00,22.23,22.24,22.05,22.09,39170.02,866252.65
2025-09-06 18:00:00,22.09,22.15,22.04,22.07,50801.59,1122269.83
2025-09-06 19:00:00,22.07,22.09,21.88,21.9,116753.82,2565301.31
2025-09-06 20:00:00,21.9,22.06,21.89,22.06,56078.33,1232070.65
2025-09-06 21:00:00,22.06,22.16,22.01,22.15,34881.3,770165.85
2025-09-06 22:00:00,22.15,22.25,22.15,22.25,78279.49,1737968.92
2025-09-06 23:00:00,22.25,22.3,22.19,22.2,47350.08,1053289.22
2025-09-07 00:00:00,22.2,22.32,22.19,22.28,37137.75,827276.93
2025-09-07 01:00:00,22.28,22.37,22.27,22.34,39168.12,873930.74
2025-09-07 02:00:00,22.34,22.36,22.3,22.35,34643.82,773493.99
2025-09-07 03:00:00,22.35,22.45,22.33,22.38,61281.03,1372931.94
2025-09-07 04:00:00,22.38,22.46,22.38,22.45,20876.64,468041.6
2025-09-07 05:00:00,22.45,22.47,22.35,22.38,29367.88,658173.99
2025-09-07 06:00:00,22.38,22.39,22.28,22.29,54780.46,1222493.93
2025-09-07 07:00:00,22.29,22.37,22.25,22.3,27514.87,613908.71
2025-09-07 08:00:00,22.3,22.46,22.3,22.35,36997.24,828661.73
2025-09-07 09:00:00,22.35,22.37,22.22,22.25,46475.06,1036307.33
2025-09-07 10:00:00,22.25,22.28,22.23,22.27,21541.06,479448.67
2025-09-07 11:00:00,22.27,22.44,22.14,22.38,116445.34,2596923.02
2025-09-07 12:00:00,22.38,22.4,22.23,22.26,45913.4,1023438.99
2025-09-07 13:00:00,22.26,22.36,22.24,22.34,30535.7,680869.51
2025-09-07 14:00:00,22.34,22.46,22.31,22.37,136871.67,3062179.64
2025-09-07 15:00:00,22.37,22.45,22.36,22.41,56391.33,1262925.68
2025-09-07 16:00:00,22.41,22.41,22.26,22.29,36085.49,805301.25
2025-09-07 17:00:00,22.29,22.3,22.19,22.2,34896.07,775764.55
2025-09-07 18:00:00,22.2,22.23,22.12,22.16,48220.72,1069094.75
2025-09-07 19:00:00,22.16,22.27,22.15,22.21,30950.34,686977.38
2025-09-07 20:00:00,22.21,22.29,22.17,22.29,34377.35,763676.16
2025-09-07 21:00:00,22.29,22.3,22.22,22.25,21189.65,471753.69
2025-09-07 22:00:00,22.25,22.49,22.24,22.48,83320.53,1863291.86
2025-09-07 23:00:00,22.48,22.61,22.44,22.46,95069.13,2140660.48
2025-09-08 00:00:00,22.46,22.57,22.33,22.38,67637.57,1516293.35
2025-09-08 01:00:00,22.38,22.38,22.24,22.28,72774.89,1622729.31
2025-09-08 02:00:00,22.28,22.55,22.24,22.55,104674.5,2345749.22
2025-09-08 03:00:00,22.55,22.79,22.55,22.6,57628.63,1304486.17
2025-09-08 04:00:00,22.6,22.62,22.45,22.47,47314.36,1065885.02
2025-09-08 05:00:00,22.47,22.5,22.39,22.48,23247.26,521654.64
2025-09-08 06:00:00,22.48,22.49,22.33,22.41,29692.14,665504.81
2025-09-08 07:00:00,22.41,22.54,22.34,22.4,56803.53,1274547.79
2025-09-08 08:00:00,22.4,22.59,22.36,22.55,100558.58,2263025.66
2025-09-08 09:00:00,22.55,22.89,22.5,22.89,242579.39,5517460.74
2025-09-08 10:00:00,22.89,23.2,22.86,23.13,231679.35,5350249.97
2025-09-08 11:00:00,23.13,23.15,22.83,22.98,119979.6,2755840.37
2025-09-08 12:00:00,22.98,23.14,22.93,23.13,120106.46,2766326.5
2025-09-08 13:00:00,23.13,23.29,22.9,22.91,208118.28,4813958.85
2025-09-08 14:00:00,22.91,23.24,22.9,23.11,131222.34,3027877.01
2025-09-08 15:00:00,23.11,23.28,23.08,23.21,133351.76,3093302.03
2025-09-08 16:00:00,23.21,23.3,23.05,23.08,100252.63,2324307.02
2025-09-08 17:00:00,23.08,23.15,22.94,23.0,73944.57,1703597.61
2025-09-08 18:00:00,23.0,23.17,23.0,23.1,57669.99,1331266.07
2025-09-08 19:00:00,23.1,23.1,22.91,22.98,49324.04,1134614.23
2025-09-08 20:00:00,22.98,23.01,22.85,22.91,64561.72,1479759.42
2025-09-08 21:00:00,22.91,23.13,22.85,23.13,109556.02,2511218.54
2025-09-08 22:00:00,23.13,23.18,23.05,23.06,69674.86,1610856.59
2025-09-08 23:00:00,23.06,23.15,22.96,23.04,50070.1,1154539.3
2025-09-09 00:00:00,23.04,23.26,23.04,23.25,140302.84,3250345.23
2025-09-09 01:00:00,23.25,23.3,22.99,23.04,83892.27,1941077.44
2025-09-09 02:00:00,23.04,23.08,22.86,22.9,62476.31,1434407.46
2025-09-09 03:00:00,22.9,23.2,22.88,23.18,50484.82,1161371.34
2025-09-09 04:00:00,23.18,23.31,23.1,23.23,94554.47,2197205.12
2025-09-09 05:00:00,23.23,23.31,23.09,23.3,45314.97,1050622.6
2025-09-09 06:00:00,23.3,23.76,23.28,23.63,208922.64,4926893.85
2025-09-09 07:00:00,23.63,23.76,23.58,23.67,89921.44,2128995.92
2025-09-09 08:00:00,23.67,23.76,23.59,23.69,79480.13,1880762.99
2025-09-09 09:00:00,23.69,23.82,23.63,23.65,104353.79,2474020.62
2025-09-09 10:00:00,23.65,23.77,23.61,23.64,70536.33,1669648.21
2025-09-09 11:00:00,23.64,23.69,23.52,23.53,56451.82,1333164.08
2025-09-09 12:00:00,23.53,23.77,23.45,23.67,128644.6,3042192.3
2025-09-09 13:00:00,23.67,23.71,23.48,23.58,159567.67,3767140.2
2025-09-09 14:00:00,23.58,23.67,23.03,23.2,228225.52,5318845.84
2025-09-09 15:00:00,23.2,23.24,22.82,22.93,189028.94,4345671.42
2025-09-09 16:00:00,22.93,23.01,22.85,22.97,109960.7,2524316.82
2025-09-09 17:00:00,22.97,23.08,22.9,22.95,50331.42,1157698.23
2025-09-09 18:00:00,22.95,23.05,22.9,22.99,66107.75,1518681.34
2025-09-09 19:00:00,22.99,23.1,22.93,23.07,38204.79,880724.29
2025-09-09 20:00:00,23.07,23.11,22.97,23.1,31895.67,734856.67
2025-09-09 21:00:00,23.1,23.19,22.99,23.0,62185.22,1436275.59
2025-09-09 22:00:00,23.0,23.12,22.96,23.11,25213.65,581402.88
2025-09-09 23:00:00,23.11,23.11,23.02,23.05,35626.21,821978.42
2025-09-10 00:00:00,23.05,23.09,22.9,22.91,46569.21,1070455.48
2025-09-10 01:00:00,22.91,23.07,22.89,23.05,49432.61,1136838.28
2025-09-10 02:00:00,23.05,23.41,23.05,23.36,83111.56,1935866.4
2025-09-10 03:00:00,23.36,23.42,23.25,23.39,140106.15,3268479.51
2025-09-10 04:00:00,23.39,23.39,23.22,23.28,28946.64,674292.5
2025-09-10 05:00:00,23.28,23.45,23.15,23.39,66068.84,1540002.78
2025-09-10 06:00:00,23.39,23.59,23.29,23.55,49256.38,1154417.31
2025-09-10 07:00:00,23.55,23.66,23.28,23.45,71319.52,1674792.6
2025-09-10 08:00:00,23.45,23.52,23.38,23.43,58192.25,1364313.16
2025-09-10 09:00:00,23.43,23.48,23.34,23.38,52243.83,1222148.21
2025-09-10 10:00:00,23.38,23.45,23.32,23.38,41599.92,972726.62
2025-09-10 11:00:00,23.38,23.45,23.29,23.36,61967.11,1448555.55
2025-09-10 12:00:00,23.36,23.73,23.35,23.64,185645.9,4376207.66
2025-09-10 13:00:00,23.64,23.93,23.6,23.76,252438.31,6003093.05
2025-09-10 14:00:00,23.76,23.89,23.61,23.63,137523.21,3265215.27
2025-09-10 15:00:00,23.63,23.74,23.6,23.68,71866.57,1701401.98
2025-09-10 16:00:00,23.68,23.7,23.46,23.63,73637.61,1734464.8
2025-09-10 17:00:00,23.63,23.68,23.47,23.61,86095.07,2030459.15
2025-09-10 18:00:00,23.61,23.64,23.44,23.52,37165.57,873821.52
2025-09-10 19:00:00,23.52,23.54,23.21,23.32,136490.03,3186571.65
2025-09-10 20:00:00,23.32,23.41,23.31,23.34,46565.13,1087738.21
2025-09-10 21:00:00,23.34,23.56,23.33,23.55,36872.41,865461.71
2025-09-10 22:00:00,23.55,23.61,23.51,23.59,29126.6,686171.27
2025-09-10 23:00:00,23.59,23.62,23.51,23.58,33235.69,783413.88
2025-09-11 00:00:00,23.58,23.68,23.44,23.67,49090.41,1155616.21
2025-09-11 01:00:00,23.67,23.77,23.63,23.74,43953.91,1042196.74
2025-09-11 02:00:00,23.74,23.77,23.67,23.71,39982.51,948118.96
2025-09-11 03:00:00,23.71,23.85,23.71,23.81,37440.27,890685.42
2025-09-11 04:00:00,23.81,23.86,23.77,23.79,52754.33,1256410.94
2025-09-11 05:00:00,23.79,23.8,23.66,23.77,47262.58,1121326.13
2025-09-11 06:00:00,23.77,23.88,23.7,23.84,43798.23,1043588.12
2025-09-11 07:00:00,23.84,23.89,23.79,23.84,54152.17,1290446.24
2025-09-11 08:00:00,23.84,23.85,23.79,23.84,22920.71,546119.28
2025-09-11 09:00:00,23.84,23.84,23.7,23.76,38183.84,907159.09
2025-09-11 10:00:00,23.76,23.82,23.73,23.76,24064.52,571818.49
2025-09-11 11:00:00,23.76,23.85,23.75,23.77,72132.3,1717201.72
2025-09-11 12:00:00,23.77,24.26,23.37,23.75,435471.26,10363511.29
2025-09-11 13:00:00,23.75,23.8,23.46,23.78,133045.73,3148315.3
2025-09-11 14:00:00,23.78,23.79,23.5,23.64,110827.58,2619356.9
2025-09-11 15:00:00,23.64,23.68,23.49,23.52,69967.15,1649765.54
2025-09-11 16:00:00,23.52,23.66,23.52,23.61,58169.32,1372561.94
2025-09-11 17:00:00,23.61,23.73,23.58,23.73,68596.35,1623501.74
2025-09-11 18:00:00,23.73,23.84,23.7,23.81,77385.0,1839076.17
2025-09-11 19:00:00,23.81,23.99,23.76,23.95,87490.45,2089472.79
2025-09-11 20:00:00,23.95,24.34,23.9,24.19,150318.45,3629832.06
2025-09-11 21:00:00,24.19,24.22,24.13,24.18,58884.18,1424012.99
2025-09-11 22:00:00,24.18,24.42,24.14,24.41,111022.01,2697156.89
2025-09-11 23:00:00,24.41,24.5,24.36,24.47,96772.92,2365802.81
2025-09-12 00:00:00,24.47,24.75,24.37,24.65,180946.58,4447936.2
2025-09-12 01:00:00,24.65,24.71,24.41,24.42,122456.02,3006612.82
2025-09-12 02:00:00,24.42,24.72,24.41,24.67,96876.23,2383188.27
2025-09-12 03:00:00,24.67,24.72,24.56,24.69,84340.54,2078403.51
2025-09-12 04:00:00,24.69,24.83,24.56,24.69,135905.1,3357264.09
2025-09-12 05:00:00,24.69,24.79,24.62,24.79,106393.81,2624872.28
2025-09-12 06:00:00,24.79,24.8,24.62,24.65,33109.31,817749.18
2025-09-12 07:00:00,24.65,24.72,24.53,24.54,48943.98,1204143.88
2025-09-12 08:00:00,24.54,24.55,24.42,24.46,59266.06,1450415.15
2025-09-12 09:00:00,24.46,24.53,24.43,24.5,55477.05,1357586.14
2025-09-12 10:00:00,24.5,24.5,24.3,24.39,71894.96,1752092.98
2025-09-12 11:00:00,24.39,24.5,24.3,24.32,79346.47,1936900.9
2025-09-12 12:00:00,24.32,24.4,24.17,24.36,105979.05,2574886.94
2025-09-12 13:00:00,24.36,24.43,24.28,24.42,70655.49,1721248.52
2025-09-12 14:00:00,24.42,24.67,24.36,24.58,211943.28,5203120.57
2025-09-12 15:00:00,24.58,24.58,24.36,24.5,87698.11,2144529.25
2025-09-12 16:00:00,24.5,24.7,24.44,24.61,136917.77,3365626.15
2025-09-12 17:00:00,24.61,24.83,24.55,24.83,210498.05,5209444.67
2025-09-12 18:00:00,24.83,25.04,24.8,24.99,419169.39,10459715.72
2025-09-12 19:00:00,24.99,25.18,24.94,25.16,359755.5,9012004.99
2025-09-12 20:00:00,25.16,25.23,24.94,25.23,186197.89,4665420.82
2025-09-12 21:00:00,25.23,25.23,24.94,24.95,84051.79,2104038.23
2025-09-12 22:00:00,24.95,25.34,24.95,25.15,186434.37,4697273.42
2025-09-12 23:00:00,25.15,25.2,25.02,25.15,76970.36,1933659.84
2025-09-13 00:00:00,25.15,25.15,25.05,25.1,75037.21,1883317.06
2025-09-13 01:00:00,25.1,25.27,25.0,25.0,67471.95,1695886.29
2025-09-13 02:00:00,25.0,25.09,24.95,25.05,65956.85,1649949.73
2025-09-13 03:00:00,25.05,25.31,25.05,25.25,109262.06,2753015.09
2025-09-13 04:00:00,25.25,25.25,25.14,25.15,54466.34,1372294.11
2025-09-13 05:00:00,25.15,25.15,25.04,25.08,114260.33,2863083.59
2025-09-13 06:00:00,25.08,25.24,25.08,25.14,46746.37,1176192.63
2025-09-13 07:00:00,25.14,25.22,25.11,25.19,32217.4,811688.27
2025-09-13 08:00:00,25.19,25.5,25.19,25.45,117245.87,2975988.73
2025-09-13 09:00:00,25.45,25.65,25.42,25.55,113898.02,2906991.27
2025-09-13 10:00:00,25.55,25.55,25.21,25.28,132549.24,3364342.3
2025-09-13 11:00:00,25.28,25.32,25.13,25.31,121136.79,3054486.43
2025-09-13 12:00:00,25.31,25.34,25.22,25.34,51989.83,1314159.3
2025-09-13 13:00:00,25.34,25.41,24.73,25.03,230289.0,5784876.09
2025-09-13 14:00:00,25.03,25.15,24.85,24.99,139505.22,3484692.01
2025-09-13 15:00:00,24.99,25.1,24.79,24.84,164437.04,4092494.77
2025-09-13 16:00:00,24.84,24.92,24.6,24.65,232557.32,5764247.0
2025-09-13 17:00:00,24.65,24.8,24.46,24.79,180026.74,4431759.86
2025-09-13 18:00:00,24.79,24.81,24.68,24.76,47708.22,1180906.02
2025-09-13 19:00:00,24.76,24.79,24.71,24.77,33837.37,837900.12
2025-09-13 20:00:00,24.77,24.94,24.77,24.93,90161.64,2243274.65
2025-09-13 21:00:00,24.93,24.99,24.84,24.86,50408.44,1255917.72
2025-09-13 22:00:00,24.86,24.91,24.8,24.84,26314.07,653922.34
2025-09-13 23:00:00,24.84,24.92,24.83,24.9,50376.33,1252984.57
2025-09-14 00:00:00,24.9,24.92,24.75,24.83,49580.24,1231965.56
2025-09-14 01:00:00,24.83,24.87,24.67,24.87,72841.67,1803419.54
2025-09-14 02:00:00,24.87,25.03,24.83,24.93,79757.8,1987607.55
2025-09-14 03:00:00,24.93,24.95,24.64,24.68,80256.19,1990801.46
2025-09-14 04:00:00,24.68,24.73,24.49,24.65,94359.66,2321413.84
2025-09-14 05:00:00,24.65,24.86,24.64,24.86,23315.71,578099.45
2025-09-14 06:00:00,24.86,24.9,24.66,24.74,44306.29,1098752.36
2025-09-14 07:00:00,24.74,24.75,24.54,24.62,30903.19,762392.4
2025-09-14 08:00:00,24.62,24.7,24.56,24.6,30783.71,757796.47
2025-09-14 09:00:00,24.6,24.72,24.57,24.69,23409.94,577205.19
2025-09-14 10:00:00,24.69,24.77,24.65,24.65,38544.43,952521.08
2025-09-14 11:00:00,24.65,24.68,24.48,24.48,46252.87,1137836.68
