date,open,high,low,volume,close,predicted_label
2020-01-01,13.51,13.66,13.31,14124115,13.63,0
2020-01-02,14.63,14.78,14.52,69782110,14.52,0
2020-01-03,19.96,20.07,19.7,38052092,19.84,0
2020-01-06,12.76,12.99,12.41,26292183,12.84,0
2020-01-07,20.18,20.47,19.69,7706109,20.17,0
2020-01-08,9.23,9.47,9.01,7705594,9.32,0
2020-01-09,18.88,18.9,18.46,5873671,18.9,0
2020-01-10,19.87,20.25,19.61,55201390,19.61,0
2020-01-13,10.55,10.79,10.39,26471869,10.64,0
2020-01-14,14.02,14.34,13.68,35610194,13.87,0
2020-01-15,10.32,10.59,10.03,5293662,10.28,0
2020-01-16,17.89,18.28,17.45,73596615,17.56,0
2020-01-17,15.49,15.92,15.48,50272539,15.48,0
2020-01-20,16.89,17.06,16.62,9008485,16.77,0
2020-01-21,10.75,10.91,10.71,8277689,10.71,0
2020-01-22,10.96,10.96,10.91,8314020,10.96,0
2020-01-23,8.58,8.58,8.45,11622891,8.58,0
2020-01-24,12.51,12.6,12.4,21420998,12.6,0
2020-01-27,15.84,15.89,15.46,16560888,15.89,0
2020-01-28,20.01,20.17,19.82,11211012,19.82,0
2020-01-29,17.34,17.43,16.96,27271831,17.22,0
2020-01-30,14.1,14.11,14.03,7361009,14.03,0
2020-01-31,21.34,21.92,20.75,11239506,21.19,0
2020-02-03,18.07,18.07,17.95,13807454,18.07,0
2020-02-04,21.02,21.48,20.45,17706511,21.05,0
2020-02-05,15.39,15.46,15.34,44097713,15.34,0
2020-02-06,11.62,11.94,11.38,8697635,11.46,0
2020-02-07,8.74,8.97,8.65,20805108,8.65,0
2020-02-10,18.17,18.53,17.89,25840935,17.97,0
2020-02-11,9.7,9.9,9.52,5687244,9.55,0
2020-02-12,12.24,12.24,12.11,26948022,12.24,0
2020-02-13,15.45,15.91,15.43,8022348,15.43,0
2020-02-14,15.9,16.32,15.44,5988250,16.04,0
2020-02-17,16.41,16.85,16.37,69429181,16.37,0
2020-02-18,10.33,10.53,10.21,72728869,10.21,0
2020-02-19,13.32,13.46,13.24,47030263,13.46,0
2020-02-20,16.64,17.09,16.33,11634870,16.69,0
2020-02-21,21.58,21.77,21.24,6555094,21.35,0
2020-02-24,18.19,18.5,18.12,33332560,18.48,0
2020-02-25,20.92,20.98,20.55,16942068,20.55,0
2020-02-26,18.67,19.19,18.41,7013240,18.45,0
2020-02-27,16.28,16.35,15.8,19734331,16.35,0
2020-02-28,10.69,10.76,10.42,5500193,10.76,0
2020-03-02,17.33,17.62,17.14,62215826,17.18,0
2020-03-03,16.73,17.11,16.59,10246420,16.59,0
2020-03-04,16.43,16.74,16.22,31385303,16.67,0
2020-03-05,14.86,14.96,14.48,11866087,14.75,0
2020-03-06,15.4,15.4,15.14,21144348,15.21,0
2020-03-09,12.68,12.97,12.43,22765373,12.69,0
2020-03-10,15.27,15.72,15.04,8347510,15.52,0
2020-03-11,10.77,11.03,10.73,73530282,10.73,0
2020-03-12,19.27,19.54,19.14,42886729,19.47,0
2020-03-13,10.6,10.89,10.31,67645584,10.63,0
2020-03-16,9.19,9.3,9.16,59765354,9.16,0
2020-03-17,14.11,14.33,13.89,26236948,14.25,0
2020-03-18,17.22,17.47,17.09,64419477,17.47,0
2020-03-19,14.13,14.32,13.77,6390364,13.98,0
2020-03-20,11.87,12.15,11.75,8609083,11.75,0
2020-03-23,15.81,16.06,15.45,5667990,16.06,0
2020-03-24,12.86,12.98,12.64,12322725,12.95,0
2020-03-25,21.06,21.22,20.44,14688725,21.01,0
2020-03-26,20.92,20.94,20.39,10609790,20.94,0
2020-03-27,15.03,15.29,14.62,49758743,15.18,0
2020-03-30,12.59,12.68,12.3,13444474,12.68,0
2020-03-31,18.32,18.4,17.83,10895543,18.4,0
2020-04-01,8.51,8.68,8.43,22513406,8.49,0
2020-04-02,14.65,14.95,14.22,7390259,14.53,0
2020-04-03,12.71,13.0,12.56,46228672,12.78,0
2020-04-06,20.89,21.21,20.35,6148058,20.82,0
2020-04-07,8.17,8.39,8.16,77143668,8.2,0
2020-04-08,15.74,16.18,15.71,42544690,15.71,0
2020-04-09,18.37,18.81,17.94,8674561,18.12,0
2020-04-10,14.79,15.07,14.62,5077142,14.77,0
2020-04-13,9.2,9.28,8.93,47960467,9.27,0
2020-04-14,21.61,22.25,21.57,35490413,21.87,0
2020-04-15,15.25,15.38,15.03,37738280,15.25,0
2020-04-16,16.6,16.7,16.12,42429903,16.38,0
2020-04-17,11.31,11.46,11.09,6139438,11.27,0
2020-04-20,14.77,14.8,14.36,13508457,14.8,0
2020-04-21,14.01,14.42,13.75,6894301,13.96,0
2020-04-22,9.05,9.21,8.96,54733105,9.12,0
2020-04-23,9.49,9.65,9.34,28151124,9.49,0
2020-04-24,19.72,20.11,19.36,12514426,19.52,0
2020-04-27,11.36,11.53,11.06,5963509,11.49,0
2020-04-28,10.73,10.74,10.49,11842136,10.55,0
2020-04-29,15.07,15.35,14.66,12317703,15.09,0
2020-04-30,18.76,19.16,18.65,37801008,18.65,0
2020-05-01,8.87,8.98,8.64,29286380,8.72,0
2020-05-04,16.08,16.45,15.88,58516804,16.08,0
2020-05-05,9.67,9.74,9.48,18517120,9.67,0
2020-05-06,8.51,8.57,8.31,6965877,8.57,0
2020-05-07,8.74,8.78,8.65,36124538,8.78,0
2020-05-08,19.68,19.9,19.36,41214163,19.86,0
2020-05-11,9.65,9.9,9.48,23703643,9.62,0
2020-05-12,8.63,8.84,8.52,42394253,8.68,0
2020-05-13,14.13,14.29,13.91,19658897,14.17,0
2020-05-14,19.82,20.17,19.41,21301150,19.76,0
2020-05-15,11.67,11.92,11.52,16359902,11.72,0
2020-05-18,13.9,14.0,13.76,5365098,14.0,0
2020-05-19,8.56,8.6,8.31,6743482,8.45,0
2020-05-20,14.29,14.71,14.06,5455248,14.52,0
2020-05-21,16.09,16.39,15.64,29193388,15.8,0
2020-05-22,15.99,16.46,15.6,11953424,15.87,0
2020-05-25,12.65,12.78,12.48,20480952,12.54,0
2020-05-26,12.42,12.68,12.37,61914010,12.48,0
2020-05-27,9.49,9.55,9.46,9980396,9.46,0
2020-05-28,13.14,13.24,12.77,15599845,13.24,0
2020-05-29,9.39,9.53,9.23,40620403,9.51,0
2020-06-01,18.73,18.91,18.5,9429104,18.84,0
2020-06-02,21.53,21.64,20.98,6189607,21.49,0
2020-06-03,21.58,21.75,21.43,11165175,21.75,0
2020-06-04,20.11,20.13,19.96,7818074,20.13,0
2020-06-05,16.41,16.76,16.36,65832072,16.41,0
2020-06-08,17.81,18.07,17.28,46994161,17.95,0
2020-06-09,11.99,12.02,11.71,28951037,12.02,0
2020-06-10,16.83,16.92,16.74,56016132,16.89,0
2020-06-11,14.38,14.42,14.24,46418127,14.28,0
2020-06-12,14.75,15.02,14.7,8387311,14.73,0
2020-06-15,18.61,18.66,18.08,59390657,18.3,0
2020-06-16,11.95,12.22,11.81,22305028,11.88,0
2020-06-17,12.45,12.46,12.29,46905615,12.46,0
2020-06-18,20.94,21.1,20.33,59975164,21.1,0
2020-06-19,8.79,9.02,8.66,12074922,8.95,0
2020-06-22,14.8,15.12,14.63,6783998,14.83,0
2020-06-23,20.78,20.83,20.28,9406570,20.83,0
2020-06-24,16.55,16.96,16.19,16340262,16.34,0
2020-06-25,15.65,15.88,15.48,48301201,15.77,0
2020-06-26,11.5,11.79,11.32,54374202,11.32,0
2020-06-29,12.81,13.04,12.76,5097312,12.76,0
2020-06-30,19.93,20.34,19.54,20604925,20.06,0
2020-07-01,15.83,16.3,15.48,15906804,15.71,0
2020-07-02,15.21,15.32,15.2,9255811,15.2,0
2020-07-03,9.39,9.57,9.36,6971116,9.51,0
2020-07-06,8.22,8.33,7.98,12749677,8.16,0
2020-07-07,21.49,21.52,21.34,68288319,21.34,0
2020-07-08,13.28,13.29,12.93,12250255,13.05,0
2020-07-09,16.44,16.5,15.96,21069594,16.28,0
2020-07-10,9.12,9.3,8.92,35114718,9.0,0
2020-07-13,17.56,17.86,17.18,13703253,17.75,0
2020-07-14,21.06,21.41,20.95,73979643,20.95,0
2020-07-15,16.06,16.08,15.92,72089502,16.08,0
2020-07-16,9.77,9.91,9.76,10049538,9.76,0
2020-07-17,16.14,16.59,16.0,19848005,16.14,0
2020-07-20,18.73,18.95,18.4,11514991,18.87,0
2020-07-21,13.69,13.95,13.57,11014179,13.77,0
2020-07-22,20.32,20.8,20.32,5538425,20.4,0
2020-07-23,17.08,17.48,16.93,27099333,17.37,0
2020-07-24,20.59,20.91,20.44,20149110,20.44,0
2020-07-27,16.73,17.16,16.7,5767088,16.73,0
2020-07-28,9.84,9.96,9.58,10826642,9.96,0
2020-07-29,12.34,12.67,12.23,62034189,12.23,0
2020-07-30,10.83,10.91,10.78,9714742,10.78,0
2020-07-31,20.72,20.89,20.69,7472068,20.69,0
2020-08-03,18.65,18.68,18.21,19423606,18.68,0
2020-08-04,17.47,17.89,17.21,76879653,17.3,0
2020-08-05,12.21,12.36,12.09,9782134,12.09,0
2020-08-06,10.58,10.65,10.34,32233083,10.56,0
2020-08-07,18.59,18.72,18.37,41309639,18.67,0
2020-08-10,14.64,15.04,14.31,9663048,14.49,0
2020-08-11,11.16,11.44,10.94,37655625,11.07,0
2020-08-12,16.63,16.91,16.35,13861972,16.71,0
2020-08-13,8.56,8.72,8.44,28863041,8.71,0
2020-08-14,12.57,12.75,12.36,28961149,12.66,0
2020-08-17,14.56,14.73,14.34,22085488,14.72,0
2020-08-18,10.07,10.35,9.86,6422287,10.02,0
2020-08-19,21.79,21.87,21.24,50672745,21.59,0
2020-08-20,10.93,11.07,10.62,12168238,10.91,0
2020-08-21,9.82,9.92,9.58,8386112,9.92,0
2020-08-24,10.85,11.01,10.71,5598455,10.83,0
2020-08-25,18.77,19.03,18.65,25732146,19.03,0
2020-08-26,13.96,14.18,13.61,32721921,14.18,0
2020-08-27,15.92,15.99,15.49,5235326,15.65,0
2020-08-28,8.29,8.42,8.23,20681950,8.23,0
2020-08-31,8.48,8.54,8.3,9369105,8.36,0
2020-09-01,14.24,14.32,14.22,29911311,14.22,0
2020-09-02,19.43,19.47,19.26,8108268,19.26,0
2020-09-03,20.39,20.86,19.98,33957987,20.69,0
2020-09-04,9.21,9.33,9.01,14609850,9.03,0
2020-09-07,15.54,15.83,15.32,67128246,15.43,0
2020-09-08,20.79,21.24,20.22,7320854,20.53,0
2020-09-09,13.43,13.7,13.07,12872260,13.66,0
2020-09-10,19.61,19.89,19.13,6848662,19.74,0
2020-09-11,9.87,9.98,9.8,64925016,9.98,0
2020-09-14,21.1,21.34,20.79,56936642,21.34,0
2020-09-15,18.52,18.88,17.97,10222631,18.52,0
2020-09-16,21.18,21.49,20.97,31165205,20.97,0
2020-09-17,17.47,17.92,17.17,48195178,17.26,0
2020-09-18,13.09,13.43,12.9,23307645,12.94,0
2020-09-21,21.13,21.24,20.63,21713651,21.24,0
2020-09-22,11.86,11.91,11.7,9776630,11.7,0
2020-09-23,12.65,12.89,12.64,6472572,12.64,0
2020-09-24,17.81,17.97,17.31,60162438,17.89,0
2020-09-25,18.71,18.72,18.31,60698978,18.72,0
2020-09-28,21.01,21.57,20.53,28926782,21.15,0
2020-09-29,10.87,10.94,10.62,12799781,10.81,0
2020-09-30,19.17,19.7,18.81,13166193,19.4,0
2020-10-01,18.34,18.73,18.24,37420341,18.36,0
2020-10-02,8.89,9.09,8.87,60144843,8.87,0
2020-10-05,13.42,13.5,13.1,58496313,13.5,0
2020-10-06,11.96,12.04,11.8,43454398,12.04,0
2020-10-07,12.26,12.45,12.13,29651942,12.13,0
2020-10-08,21.76,21.87,21.45,6313710,21.67,0
2020-10-09,17.0,17.16,16.71,7826911,16.99,0
2020-10-12,18.05,18.22,17.61,60386111,17.79,0
2020-10-13,21.67,21.77,21.34,26864784,21.77,0
2020-10-14,13.28,13.36,13.04,5129138,13.17,0
2020-10-15,19.23,19.68,19.11,6624512,19.45,0
2020-10-16,14.08,14.15,13.98,31470652,14.15,0
2020-10-19,20.17,20.19,19.65,5070663,20.19,0
2020-10-20,10.53,10.73,10.24,7809122,10.4,0
2020-10-21,21.27,21.89,21.21,22893454,21.21,0
2020-10-22,11.06,11.17,10.91,34048253,10.91,0
2020-10-23,12.57,12.61,12.52,30479623,12.52,0
2020-10-26,18.59,18.91,18.06,9311447,18.48,0
2020-10-27,13.51,13.88,13.32,36017970,13.69,0
2020-10-28,16.51,16.9,16.28,9652646,16.42,0
2020-10-29,14.22,14.49,14.16,12325095,14.36,0
2020-10-30,18.39,18.56,17.89,39612771,18.35,0
2020-11-02,11.2,11.38,10.94,30283492,11.33,0
2020-11-03,8.82,8.84,8.66,52666794,8.84,0
2020-11-04,12.2,12.45,12.15,30960989,12.15,0
2020-11-05,14.64,14.96,14.61,24170284,14.85,0
2020-11-06,10.35,10.65,10.35,6482845,10.4,0
2020-11-09,12.97,13.07,12.95,13859385,13.07,0
2020-11-10,13.6,13.61,13.19,10430508,13.61,0
2020-11-11,8.8,8.94,8.55,9834738,8.77,0
2020-11-12,16.17,16.51,15.76,74232050,15.99,0
2020-11-13,20.38,20.86,19.98,14869858,20.03,0
2020-11-16,10.12,10.18,10.07,59306335,10.13,0
2020-11-17,16.37,16.5,16.32,28769786,16.5,0
2020-11-18,17.31,17.58,16.89,45291654,17.47,0
2020-11-19,13.87,14.01,13.71,20146767,13.77,0
2020-11-20,17.82,18.28,17.78,24753208,18.05,0
2020-11-23,13.75,13.95,13.53,19589367,13.9,0
2020-11-24,15.06,15.42,14.65,8591441,14.93,0
2020-11-25,8.1,8.24,7.97,37058602,7.97,0
2020-11-26,17.68,18.09,17.35,10890645,17.41,0
2020-11-27,17.26,17.43,17.04,5348714,17.43,0
2020-11-30,8.54,8.75,8.4,29936160,8.65,0
2020-12-01,13.16,13.27,12.77,8170197,13.05,0
2020-12-02,21.71,22.07,21.71,67825808,21.71,0
2020-12-03,13.89,13.98,13.7,70406777,13.98,0
2020-12-04,15.03,15.24,14.79,63179546,15.24,0
2020-12-07,20.74,20.94,20.71,13953575,20.94,0
2020-12-08,18.04,18.18,17.58,5218932,18.12,0
2020-12-09,16.15,16.62,15.76,65580834,15.98,0
2020-12-10,19.17,19.26,19.06,16389100,19.19,0
2020-12-11,20.1,20.57,19.65,72935403,19.89,0
2020-12-14,14.4,14.83,14.31,72324273,14.58,0
2020-12-15,14.65,14.66,14.33,53222557,14.58,0
2020-12-16,13.4,13.68,13.01,11311542,13.58,0
2020-12-17,21.53,21.69,21.22,14543665,21.43,0
2020-12-18,17.76,17.78,17.33,52946917,17.78,0
2020-12-21,9.17,9.28,9.1,12038770,9.11,0
2020-12-22,20.08,20.64,19.86,7999440,20.03,0
2020-12-23,14.73,14.74,14.7,23411300,14.74,0
2020-12-24,8.96,9.12,8.9,67021273,8.9,0
2020-12-25,15.7,15.94,15.31,34440813,15.94,0
2020-12-28,13.84,14.2,13.76,24288017,13.88,0
2020-12-29,20.29,20.34,20.07,6546093,20.3,0
2020-12-30,10.86,11.08,10.75,27511388,11.01,0
2020-12-31,19.57,19.97,19.47,77824014,19.86,0
2021-01-01,15.81,16.13,15.61,7373063,15.82,0
2021-01-04,8.76,9.01,8.62,21042682,8.91,0
2021-01-05,21.61,22.14,21.37,56941965,21.37,0
2021-01-06,15.18,15.2,14.86,38989198,14.95,0
2021-01-07,12.07,12.24,11.77,34535090,12.12,0
2021-01-08,14.57,14.74,14.4,35062682,14.48,0
2021-01-11,20.01,20.2,19.55,13546917,19.98,0
2021-01-12,12.27,12.44,11.93,11284695,12.19,0
2021-01-13,10.7,10.82,10.38,47156107,10.66,0
2021-01-14,9.81,9.94,9.69,47254561,9.94,0
2021-01-15,12.17,12.53,11.94,55338720,12.22,0
2021-01-18,18.92,18.97,18.78,62895736,18.97,0
2021-01-19,14.6,15.0,14.33,20638950,14.77,0
2021-01-20,11.18,11.34,11.01,20084258,11.08,0
2021-01-21,10.33,10.52,10.15,45731261,10.23,0
2021-01-22,12.66,12.98,12.53,30311300,12.58,0
2021-01-25,21.16,21.39,20.75,35012438,21.39,0
2021-01-26,12.8,12.97,12.79,45415057,12.79,0
2021-01-27,21.83,22.1,21.79,58971642,21.79,0
2021-01-28,14.79,14.96,14.72,12763116,14.96,0
2021-01-29,10.51,10.8,10.48,14165012,10.57,0
2021-02-01,20.48,20.99,20.14,6488369,20.26,0
2021-02-02,14.44,14.49,14.24,24847842,14.28,0
2021-02-03,17.94,18.0,17.8,5523938,18.0,0
2021-02-04,21.77,22.05,21.57,18180502,22.05,0
2021-02-05,8.7,8.73,8.67,22510195,8.67,0
2021-02-08,9.35,9.52,9.27,11066239,9.32,0
2021-02-09,18.09,18.17,18.09,25727888,18.17,0
2021-02-10,11.95,12.14,11.72,5441216,12.08,0
2021-02-11,10.58,10.58,10.53,5545513,10.58,0
2021-02-12,8.55,8.63,8.47,48919249,8.56,0
2021-02-15,8.31,8.48,8.23,13573216,8.45,0
2021-02-16,18.84,19.11,18.46,7111580,18.71,0
2021-02-17,9.88,10.17,9.82,21272256,9.82,0
2021-02-18,14.55,14.93,14.51,42279966,14.67,0
2021-02-19,16.48,16.66,16.09,9095874,16.51,0
2021-02-22,14.0,14.02,13.84,28119324,14.02,0
2021-02-23,8.38,8.59,8.23,6334883,8.24,0
2021-02-24,18.97,19.49,18.96,5770335,19.23,0
2021-02-25,8.15,8.35,8.02,21816483,8.08,0
2021-02-26,18.67,18.74,18.24,22385127,18.74,0
2021-03-01,20.51,21.12,20.13,29276023,20.13,0
2021-03-02,14.06,14.17,13.91,37434418,14.12,0
2021-03-03,15.5,15.84,15.07,74819188,15.63,0
2021-03-04,14.68,15.08,14.51,20924620,14.6,0
2021-03-05,13.45,13.55,13.42,12241886,13.42,0
2021-03-08,20.42,20.98,20.33,45338755,20.45,0
2021-03-09,20.52,20.71,19.95,10594599,20.71,0
2021-03-10,12.7,13.07,12.7,16886680,12.7,0
2021-03-11,16.61,16.75,16.46,6214997,16.46,0
2021-03-12,20.98,21.58,20.45,5364081,20.79,0
2021-03-15,21.47,21.5,20.83,72129712,21.5,0
2021-03-16,15.13,15.45,14.75,50768037,15.04,0
2021-03-17,14.34,14.57,14.27,34435505,14.27,0
2021-03-18,11.9,12.07,11.55,15538118,12.03,0
2021-03-19,21.42,21.56,20.93,8084202,21.56,0
2021-03-22,10.0,10.21,9.93,7715054,9.93,0
2021-03-23,16.12,16.21,15.92,10006737,16.21,0
2021-03-24,11.96,12.16,11.88,22924760,12.01,0
2021-03-25,11.91,12.0,11.82,36260120,11.91,0
2021-03-26,13.67,14.06,13.28,31183644,13.61,0
2021-03-29,21.98,22.0,21.91,10865357,22.0,0
2021-03-30,8.77,8.82,8.57,70589868,8.68,0
2021-03-31,16.1,16.22,15.88,38679997,15.96,0
2021-04-01,9.16,9.27,9.06,23252990,9.06,0
2021-04-02,10.16,10.23,9.91,27261841,10.23,0
2021-04-05,14.15,14.36,14.14,16003642,14.2,0
2021-04-06,15.15,15.55,14.92,9937287,15.22,0
2021-04-07,11.62,11.87,11.29,13415406,11.49,0
2021-04-08,12.43,12.65,12.41,40879695,12.51,0
2021-04-09,9.22,9.24,9.11,5203571,9.24,0
2021-04-12,12.25,12.51,12.14,6898194,12.18,0
2021-04-13,21.53,21.64,21.22,5680188,21.64,0
2021-04-14,21.23,21.73,21.12,5597735,21.12,0
2021-04-15,12.69,12.79,12.32,53585488,12.79,0
2021-04-16,15.99,16.19,15.64,35176975,15.69,0
2021-04-19,20.73,20.95,20.4,18617964,20.77,0
2021-04-20,8.09,8.3,7.87,6558040,8.24,0
2021-04-21,19.35,19.42,19.18,19540447,19.42,0
2021-04-22,21.28,21.64,20.89,18581759,21.09,0
2021-04-23,9.28,9.32,9.08,8082130,9.26,0
2021-04-26,10.26,10.48,9.95,16648666,10.08,0
2021-04-27,21.45,22.03,21.27,15094458,21.77,0
2021-04-28,15.53,15.73,15.45,27575755,15.57,0
2021-04-29,8.2,8.32,8.05,29087002,8.16,0
2021-04-30,11.61,11.93,11.46,5669196,11.46,0
2021-05-03,14.3,14.52,13.97,14126954,14.52,0
2021-05-04,17.7,17.96,17.5,28351787,17.72,0
2021-05-05,18.26,18.58,17.72,20174669,18.1,0
2021-05-06,21.94,22.39,21.6,53738623,21.81,0
2021-05-07,12.03,12.07,11.9,31053901,11.92,0
2021-05-10,15.54,15.92,15.5,7855297,15.6,0
2021-05-11,15.47,15.67,15.18,6080555,15.67,0
2021-05-12,13.68,13.71,13.58,29683827,13.71,0
2021-05-13,10.37,10.61,10.24,5381369,10.35,0
2021-05-14,21.68,21.93,21.63,25369627,21.93,0
2021-05-17,19.95,20.01,19.59,67782881,19.89,0
2021-05-18,14.98,15.26,14.67,24655281,14.83,0
2021-05-19,16.45,16.88,16.39,14668077,16.77,0
2021-05-20,11.18,11.48,10.86,29755428,11.09,0
2021-05-21,15.61,16.06,15.21,17814001,15.5,0
2021-05-24,17.73,18.19,17.24,22696458,18.08,0
2021-05-25,15.21,15.21,15.14,68015296,15.14,0
2021-05-26,21.86,22.11,21.21,14584243,22.09,0
2021-05-27,16.56,16.97,16.49,71838750,16.85,0
2021-05-28,13.19,13.33,12.97,61534801,13.2,0
2021-05-31,18.81,19.15,18.25,8604508,18.44,0
2021-06-01,10.39,10.58,10.2,6060233,10.34,0
2021-06-02,13.38,13.53,13.05,6611786,13.17,0
2021-06-03,12.86,13.21,12.72,5259098,12.82,0
2021-06-04,14.05,14.26,13.91,6496668,14.21,0
2021-06-07,18.94,19.2,18.65,33219425,18.89,0
2021-06-08,14.78,15.22,14.35,6091015,14.74,0
2021-06-09,19.12,19.4,18.92,12107513,19.16,0
2021-06-10,16.07,16.16,15.99,52035682,16.12,0
2021-06-11,12.79,12.99,12.68,5333253,12.97,0
2021-06-14,19.34,19.81,19.24,47828612,19.24,0
2021-06-15,11.34,11.6,11.07,10923378,11.49,0
2021-06-16,11.14,11.4,11.1,6938325,11.17,0
2021-06-17,15.06,15.38,14.75,34508426,14.94,0
2021-06-18,11.65,11.74,11.31,28595168,11.55,0
2021-06-21,8.13,8.34,8.09,56957588,8.09,0
2021-06-22,17.08,17.54,17.05,38378124,17.16,0
2021-06-23,15.16,15.25,15.0,46393533,15.0,0
2021-06-24,14.24,14.3,13.91,10928825,14.3,0
2021-06-25,21.54,22.17,21.06,8177650,21.6,0
2021-06-28,16.0,16.42,15.74,40068236,16.27,0
2021-06-29,20.09,20.63,20.03,46826946,20.03,0
2021-06-30,9.95,10.21,9.7,77921452,9.89,0
2021-07-01,15.97,16.23,15.89,15696803,15.89,0
2021-07-02,20.15,20.54,19.72,14025696,19.97,0
2021-07-05,16.16,16.42,16.07,43039217,16.39,0
2021-07-06,18.05,18.08,18.01,12862884,18.01,0
2021-07-07,13.21,13.51,12.98,66025774,13.18,0
2021-07-08,9.29,9.43,9.11,54025893,9.15,0
2021-07-09,14.41,14.69,14.32,16425942,14.36,0
2021-07-12,13.52,13.72,13.33,40096721,13.7,0
2021-07-13,20.14,20.44,19.95,40507007,20.24,0
2021-07-14,11.42,11.48,11.29,6654930,11.48,0
2021-07-15,21.53,21.71,20.98,61059324,21.4,0
2021-07-16,21.41,21.51,21.31,20293384,21.51,0
2021-07-19,11.47,11.54,11.19,49445179,11.54,0
2021-07-20,12.87,13.25,12.84,12143619,12.84,0
2021-07-21,20.54,20.63,20.08,59880776,20.48,0
2021-07-22,21.53,21.7,21.36,14710097,21.7,0
2021-07-23,14.21,14.46,13.91,5152522,14.25,0
2021-07-26,12.49,12.72,12.23,61540148,12.59,0
2021-07-27,15.37,15.44,15.05,6440063,15.32,0
2021-07-28,17.63,18.05,17.5,12118865,17.5,0
2021-07-29,11.83,12.11,11.67,69656012,11.94,0
2021-07-30,18.31,18.44,18.25,69761380,18.39,0
2021-08-02,8.72,8.8,8.54,24516475,8.72,0
2021-08-03,8.69,8.93,8.61,28825564,8.73,0
2021-08-04,13.41,13.74,13.31,17336133,13.31,0
2021-08-05,12.95,13.22,12.62,11272778,13.1,0
2021-08-06,12.42,12.45,12.2,12437169,12.45,0
2021-08-09,14.87,15.06,14.64,32267321,15.06,0
2021-08-10,12.49,12.7,12.25,40264213,12.4,0
2021-08-11,10.69,10.75,10.47,44887576,10.65,0
2021-08-12,12.33,12.5,12.21,44644194,12.48,0
2021-08-13,21.65,22.04,21.14,6438624,21.73,0
2021-08-16,13.76,13.9,13.64,19692977,13.79,0
2021-08-17,14.23,14.56,14.2,5865130,14.47,0
2021-08-18,16.07,16.48,15.86,22943978,16.09,0
2021-08-19,21.77,21.98,21.52,17006921,21.78,0
2021-08-20,11.38,11.67,11.06,58596591,11.17,0
2021-08-23,17.54,17.59,17.47,13228597,17.47,0
2021-08-24,18.02,18.47,17.63,6917238,17.66,0
2021-08-25,16.5,16.58,16.31,7432744,16.58,0
2021-08-26,9.24,9.26,9.23,41297159,9.23,0
2021-08-27,17.48,17.82,17.27,27757396,17.46,0
2021-08-30,8.9,9.03,8.83,6618108,9.02,0
2021-08-31,16.35,16.8,16.08,6313129,16.42,0
2021-09-01,18.35,18.55,17.83,34915715,18.43,0
2021-09-02,10.95,11.04,10.88,6117661,10.88,0
2021-09-03,19.78,20.08,19.21,48818915,20.04,0
2021-09-06,8.42,8.54,8.34,35429937,8.34,0
2021-09-07,19.81,20.01,19.23,6265038,19.46,0
2021-09-08,14.44,14.74,14.38,6325936,14.38,0
2021-09-09,11.05,11.3,10.77,77090779,10.95,0
2021-09-10,9.87,10.12,9.73,14113572,9.78,0
2021-09-13,21.35,21.97,21.09,13972291,21.5,0
2021-09-14,9.02,9.09,8.87,47607810,8.92,0
2021-09-15,10.79,11.02,10.58,69114782,10.87,0
2021-09-16,12.87,13.02,12.66,76954423,12.66,0
2021-09-17,16.68,17.02,16.34,40376413,16.44,0
2021-09-20,15.63,15.85,15.37,14191611,15.64,0
2021-09-21,9.76,10.05,9.57,6302529,9.92,0
2021-09-22,12.06,12.32,11.9,43126889,12.23,0
2021-09-23,11.34,11.66,11.08,23515581,11.55,0
2021-09-24,10.99,11.27,10.99,16210044,11.06,0
2021-09-27,13.76,14.13,13.55,61706289,13.86,0
2021-09-28,17.86,18.3,17.43,6805580,17.95,0
2021-09-29,11.04,11.19,10.87,19595202,11.09,0
2021-09-30,13.13,13.23,13.08,5159898,13.08,0
2021-10-01,13.47,13.62,13.07,18335538,13.49,0
2021-10-04,21.67,21.68,21.46,5844750,21.57,0
2021-10-05,21.37,21.71,21.08,6950900,21.32,0
2021-10-06,19.2,19.49,18.72,6926051,19.22,0
2021-10-07,11.38,11.56,11.32,30248030,11.32,0
2021-10-08,8.95,9.21,8.78,39563759,8.9,0
2021-10-11,12.44,12.78,12.18,25200897,12.22,0
2021-10-12,11.74,11.8,11.68,72034608,11.8,0
2021-10-13,15.08,15.25,14.92,14137062,14.92,0
2021-10-14,18.89,19.13,18.83,11040828,18.83,0
2021-10-15,20.02,20.24,19.8,55573477,20.24,0
2021-10-18,19.83,20.31,19.68,9294076,19.82,0
2021-10-19,13.04,13.25,12.98,72244620,12.98,0
2021-10-20,17.62,17.92,17.12,5171368,17.54,0
2021-10-21,12.38,12.7,12.3,73590284,12.3,0
2021-10-22,8.85,9.06,8.75,5635594,8.75,0
2021-10-25,17.82,17.89,17.32,59157966,17.5,0
2021-10-26,8.14,8.31,8.02,21596603,8.12,0
2021-10-27,13.73,13.91,13.35,78454662,13.9,0
2021-10-28,12.61,12.72,12.51,6135217,12.65,0
2021-10-29,17.71,17.74,17.47,23220791,17.74,0
2021-11-01,18.73,19.0,18.7,73472794,18.7,0
2021-11-02,12.26,12.39,11.96,21322718,12.18,0
2021-11-03,19.36,19.51,19.13,28631327,19.51,0
2021-11-04,12.11,12.36,11.82,34413980,11.91,0
2021-11-05,14.25,14.58,14.09,17631611,14.45,0
2021-11-08,18.18,18.31,18.03,28485591,18.17,0
2021-11-09,17.7,17.73,17.55,25267050,17.73,0
2021-11-10,21.82,22.38,21.7,60823635,21.7,0
2021-11-11,11.15,11.15,11.1,5671434,11.1,0
2021-11-12,17.27,17.76,16.79,10896409,17.44,0
2021-11-15,16.54,16.85,16.21,69723546,16.73,0
2021-11-16,20.81,21.01,20.61,59013914,20.61,0
2021-11-17,10.19,10.27,10.04,17686236,10.27,0
2021-11-18,18.53,18.54,18.08,27905130,18.22,0
2021-11-19,15.96,16.07,15.75,10788728,15.75,0
2021-11-22,11.85,11.9,11.64,8423459,11.9,0
2021-11-23,14.64,14.91,14.37,18085000,14.77,0
2021-11-24,12.67,12.73,12.6,13318290,12.73,0
2021-11-25,16.11,16.37,15.82,25220982,16.05,0
2021-11-26,20.45,20.81,19.85,6202572,20.06,0
2021-11-29,15.97,16.11,15.52,74517498,16.04,0
2021-11-30,16.84,16.86,16.77,76999174,16.77,0
2021-12-01,15.26,15.28,15.24,34644993,15.24,0
2021-12-02,8.72,8.73,8.64,22105195,8.72,0
2021-12-03,11.26,11.51,11.05,11794469,11.06,0
2021-12-06,14.89,15.03,14.86,47739388,14.88,0
2021-12-07,12.34,12.63,12.22,33378629,12.3,0
2021-12-08,10.54,10.68,10.49,7848385,10.63,0
2021-12-09,15.06,15.26,14.95,62493612,15.15,0
2021-12-10,12.52,12.71,12.29,48910661,12.36,0
2021-12-13,11.61,11.86,11.43,69605420,11.47,0
2021-12-14,14.5,14.62,14.15,37395846,14.36,0
2021-12-15,9.87,9.91,9.66,27390219,9.74,0
2021-12-16,20.99,21.34,20.85,15943542,21.12,0
2021-12-17,20.15,20.35,20.09,66387606,20.35,0
2021-12-20,17.91,18.15,17.76,55184211,18.02,0
2021-12-21,9.49,9.67,9.34,5667855,9.53,0
2021-12-22,18.86,19.14,18.34,5379216,18.79,0
2021-12-23,19.31,19.67,18.76,14199631,19.17,0
2021-12-24,18.75,19.06,18.4,47312235,19.06,0
2021-12-27,9.6,9.81,9.45,77226957,9.78,0
2021-12-28,17.01,17.37,16.81,7587348,17.01,0
2021-12-29,19.68,20.0,19.09,25964184,19.51,0
2021-12-30,16.08,16.41,16.08,14375015,16.25,0
2021-12-31,17.05,17.5,16.72,73597542,16.8,0
2022-01-03,14.42,14.61,14.35,51639524,14.57,0
2022-01-04,15.4,15.59,15.19,51099700,15.59,0
2022-01-05,8.48,8.67,8.26,18337191,8.35,0
2022-01-06,16.95,17.25,16.85,15792921,17.25,0
2022-01-07,9.14,9.16,9.06,10670504,9.16,0
2022-01-10,14.09,14.47,13.89,5845920,14.34,0
2022-01-11,12.1,12.11,11.92,54979337,12.1,0
2022-01-12,15.64,15.99,15.21,47621202,15.48,0
2022-01-13,9.87,10.09,9.77,79937402,9.9,0
2022-01-14,17.68,18.19,17.63,79257494,17.63,0
2022-01-17,19.13,19.16,18.61,23322571,18.9,0
2022-01-18,10.29,10.47,10.06,42162186,10.26,0
2022-01-19,9.46,9.58,9.43,68640636,9.52,0
2022-01-20,10.04,10.14,9.82,52728741,9.87,0
2022-01-21,20.28,20.33,20.07,9926743,20.14,0
2022-01-24,15.39,15.65,15.18,17437298,15.18,0
2022-01-25,14.54,14.75,14.36,7153086,14.69,0
2022-01-26,9.49,9.52,9.32,70430685,9.52,0
2022-01-27,17.09,17.4,16.73,26845840,16.79,0
2022-01-28,20.15,20.6,19.57,9425044,20.52,0
2022-01-31,19.59,20.04,19.44,32194243,19.44,0
2022-02-01,16.76,17.22,16.63,27750485,16.82,0
2022-02-02,9.05,9.16,8.96,13497113,9.15,0
2022-02-03,9.57,9.84,9.47,6850259,9.68,0
2022-02-04,8.69,8.92,8.49,32182865,8.53,0
2022-02-07,11.6,11.7,11.26,21158404,11.7,0
2022-02-08,9.9,9.95,9.84,42553375,9.95,0
2022-02-09,11.64,11.79,11.46,21149946,11.67,0
2022-02-10,13.39,13.55,13.11,53100520,13.38,0
2022-02-11,21.2,21.57,20.63,23095749,20.81,0
2022-02-14,16.55,16.84,16.08,23681359,16.59,0
2022-02-15,19.69,20.13,19.31,56828491,19.62,0
2022-02-16,17.94,18.21,17.83,15304241,18.14,0
2022-02-17,9.58,9.61,9.56,7250040,9.56,0
2022-02-18,18.3,18.77,18.24,5415366,18.43,0
2022-02-21,11.85,11.96,11.82,40573817,11.82,0
2022-02-22,16.95,17.44,16.9,27918825,16.9,0
2022-02-23,12.77,12.82,12.59,35218149,12.59,0
2022-02-24,21.97,22.6,21.46,9024111,21.57,0
2022-02-25,11.69,11.72,11.62,7297559,11.71,0
2022-02-28,11.91,11.99,11.63,5205753,11.99,0
2022-03-01,21.03,21.06,20.57,13216592,21.06,0
2022-03-02,8.35,8.53,8.16,25662661,8.38,0
2022-03-03,17.75,18.2,17.49,14834704,17.88,0
2022-03-04,18.15,18.39,17.78,16816759,18.03,0
2022-03-07,19.71,20.26,19.21,61331778,19.6,0
2022-03-08,21.64,22.02,21.29,13131410,21.48,0
2022-03-09,21.66,22.07,21.58,20790983,21.84,0
2022-03-10,8.91,9.14,8.8,43911903,8.8,0
2022-03-11,19.51,19.68,19.44,15012572,19.44,0
2022-03-14,17.05,17.23,16.64,28056729,17.12,0
2022-03-15,17.06,17.52,16.63,54620966,17.36,0
2022-03-16,9.8,10.06,9.68,69551542,9.84,0
2022-03-17,17.1,17.6,16.82,7517339,17.29,0
2022-03-18,21.75,22.34,21.53,65266854,21.9,0
2022-03-21,20.77,20.85,20.64,19567578,20.77,0
2022-03-22,14.15,14.5,14.04,10231216,14.27,0
2022-03-23,8.56,8.67,8.55,17857660,8.67,0
2022-03-24,13.07,13.46,12.83,75691448,12.93,0
2022-03-25,19.57,19.85,19.1,19594821,19.44,0
2022-03-28,17.82,18.12,17.58,12440172,17.62,0
2022-03-29,14.43,14.66,14.05,28950804,14.4,0
2022-03-30,8.77,8.85,8.58,9730477,8.85,0
2022-03-31,13.98,14.01,13.65,6170474,13.89,0
2022-04-01,14.57,14.96,14.31,7147541,14.5,0
2022-04-04,21.0,21.51,20.44,7131035,21.3,0
2022-04-05,16.98,17.05,16.49,7618668,16.99,0
2022-04-06,12.36,12.65,12.23,7347415,12.38,0
2022-04-07,15.35,15.64,15.17,29556982,15.57,0
2022-04-08,8.92,9.03,8.84,8278954,8.92,0
2022-04-11,21.62,21.78,21.4,13037517,21.78,0
2022-04-12,13.04,13.38,12.69,60091196,12.82,0
2022-04-13,14.69,15.0,14.38,18607014,14.5,0
2022-04-14,12.97,13.18,12.63,31826554,12.92,0
2022-04-15,17.56,17.88,17.48,8062390,17.56,0
2022-04-18,17.27,17.32,17.14,8521363,17.32,0
2022-04-19,18.01,18.27,17.58,5599906,18.27,0
2022-04-20,11.75,11.82,11.52,7987081,11.82,0
2022-04-21,12.42,12.5,12.41,10824957,12.41,0
2022-04-22,9.75,9.94,9.63,8167927,9.93,0
2022-04-25,17.18,17.65,17.08,6394086,17.31,0
2022-04-26,8.56,8.66,8.37,6986024,8.52,0
2022-04-27,16.37,16.47,15.98,17939194,16.47,0
2022-04-28,20.18,20.57,20.05,8859731,20.05,0
2022-04-29,20.47,21.0,20.28,13727600,20.28,0
2022-05-02,14.29,14.61,14.15,20190394,14.48,0
2022-05-03,14.43,14.81,14.24,33906910,14.51,0
2022-05-04,9.08,9.23,8.96,5575792,9.03,0
2022-05-05,17.39,17.78,17.25,45872883,17.39,0
2022-05-06,19.5,19.58,19.07,28512639,19.58,0
2022-05-09,11.43,11.55,11.21,6272168,11.49,0
2022-05-10,13.9,14.06,13.85,56346051,13.85,0
2022-05-11,19.74,20.04,19.33,64240789,19.44,0
2022-05-12,20.28,20.85,20.0,5922638,20.11,0
2022-05-13,11.4,11.7,11.3,10773676,11.62,0
2022-05-16,15.71,15.77,15.71,46744775,15.71,0
2022-05-17,10.69,10.75,10.51,39807458,10.68,0
2022-05-18,9.43,9.53,9.27,8339796,9.43,0
2022-05-19,20.76,20.94,20.66,8934118,20.94,0
2022-05-20,19.49,19.85,19.38,13965705,19.57,0
2022-05-23,18.64,19.14,18.49,19159925,18.78,0
2022-05-24,8.68,8.93,8.54,27760222,8.64,0
2022-05-25,19.81,20.2,19.41,13905490,19.44,0
2022-05-26,14.13,14.49,13.96,18026744,14.37,0
2022-05-27,12.79,12.99,12.74,39720499,12.99,0
2022-05-30,15.65,15.75,15.6,5535298,15.75,0
2022-05-31,9.28,9.43,9.03,10067795,9.43,0
2022-06-01,18.59,18.9,18.27,36135036,18.82,0
2022-06-02,16.15,16.51,15.89,59828270,16.27,0
2022-06-03,10.61,10.68,10.6,20658131,10.68,0
2022-06-06,10.64,10.76,10.54,21862433,10.68,0
2022-06-07,10.58,10.7,10.39,6730045,10.43,0
2022-06-08,8.8,9.05,8.54,17286544,8.76,0
2022-06-09,16.23,16.45,16.02,21892991,16.45,0
2022-06-10,19.76,20.21,19.22,9793402,19.64,0
2022-06-13,8.24,8.43,8.2,10548025,8.36,0
2022-06-14,8.69,8.76,8.63,14231983,8.63,0
2022-06-15,16.02,16.29,15.76,5286134,15.91,0
2022-06-16,19.47,19.99,19.14,12212145,19.35,0
2022-06-17,12.57,12.75,12.53,8986256,12.53,0
2022-06-20,12.89,13.26,12.61,12396986,12.69,0
2022-06-21,16.35,16.46,15.98,6969121,16.15,0
2022-06-22,11.84,11.87,11.82,59057043,11.87,0
2022-06-23,8.37,8.59,8.32,25925464,8.32,0
2022-06-24,18.29,18.76,18.19,32861749,18.19,0
2022-06-27,16.76,17.26,16.36,44588911,16.43,0
2022-06-28,16.13,16.46,15.72,19913803,16.26,0
2022-06-29,18.38,18.9,17.84,6362568,18.47,0
2022-06-30,17.45,17.88,17.05,22167194,17.55,0
2022-07-01,10.88,11.16,10.81,25444687,10.83,0
2022-07-04,12.93,13.15,12.64,39497406,12.78,0
2022-07-05,9.77,9.88,9.69,16547786,9.86,0
2022-07-06,9.82,10.1,9.6,7121836,9.94,0
2022-07-07,17.47,17.7,17.15,10981717,17.22,0
2022-07-08,20.02,20.34,20.01,13682475,20.01,0
2022-07-11,21.48,21.77,20.99,29973114,21.26,0
2022-07-12,16.8,17.08,16.49,24336357,16.58,0
2022-07-13,10.58,10.73,10.36,13420021,10.68,0
2022-07-14,9.48,9.49,9.23,77064210,9.49,0
2022-07-15,19.38,19.89,19.08,26816097,19.16,0
2022-07-18,16.1,16.31,15.8,9652049,15.98,0
2022-07-19,16.66,16.95,16.51,6630226,16.95,0
2022-07-20,18.94,19.02,18.84,7638899,19.02,0
2022-07-21,17.85,17.85,17.61,9888550,17.85,0
2022-07-22,19.68,19.82,19.11,7806379,19.65,0
2022-07-25,8.79,8.98,8.69,8387240,8.83,0
2022-07-26,18.47,18.52,17.95,11021959,18.38,0
2022-07-27,19.91,20.45,19.68,8085979,19.68,0
2022-07-28,12.01,12.09,11.9,60087367,11.96,0
2022-07-29,16.97,17.07,16.56,6245699,17.03,0
2022-08-01,12.4,12.47,12.33,21406450,12.33,0
2022-08-02,21.41,21.42,21.35,15600446,21.42,0
2022-08-03,8.47,8.67,8.42,76185396,8.42,0
2022-08-04,16.12,16.54,15.78,6821475,16.03,0
2022-08-05,10.33,10.52,10.2,15067315,10.2,0
2022-08-08,17.97,18.07,17.92,73507005,17.92,0
2022-08-09,10.46,10.55,10.25,55099090,10.27,0
2022-08-10,11.3,11.46,11.24,48175121,11.24,0
2022-08-11,14.92,15.35,14.48,10221531,14.86,0
2022-08-12,20.81,20.96,20.19,8030437,20.79,0
2022-08-15,10.96,11.2,10.88,31922483,10.98,0
2022-08-16,10.02,10.15,9.95,65773387,9.95,0
2022-08-17,18.63,18.8,18.51,23408810,18.65,0
2022-08-18,15.01,15.22,14.98,24392722,15.02,0
2022-08-19,20.76,20.8,20.21,10866719,20.61,0
2022-08-22,10.05,10.29,9.82,42221321,10.18,0
2022-08-23,17.04,17.16,16.99,8398334,17.07,0
2022-08-24,11.26,11.51,10.98,12266443,11.18,0
2022-08-25,10.19,10.21,10.09,16264717,10.21,0
2022-08-26,17.57,18.07,17.32,20426493,17.81,0
2022-08-29,16.31,16.4,15.86,9791752,16.4,0
2022-08-30,18.57,19.06,18.17,6874598,18.71,0
2022-08-31,12.33,12.63,12.15,27178770,12.27,0
2022-09-01,14.27,14.68,14.21,11130529,14.21,0
2022-09-02,13.68,13.88,13.56,25052471,13.77,0
2022-09-05,21.78,22.26,21.53,7670810,22.2,0
2022-09-06,12.09,12.22,11.91,18981058,12.15,0
2022-09-07,12.13,12.2,11.87,21891302,12.2,0
2022-09-08,12.96,13.13,12.62,5772604,12.87,0
2022-09-09,15.9,15.98,15.62,12713992,15.84,0
2022-09-12,11.53,11.87,11.19,7258074,11.72,0
2022-09-13,20.81,20.87,20.32,5960478,20.87,0
2022-09-14,11.72,11.93,11.52,77803817,11.93,0
2022-09-15,20.54,20.93,20.18,12221449,20.77,0
2022-09-16,9.45,9.6,9.18,47223265,9.43,0
2022-09-19,17.19,17.53,16.98,10129498,17.21,0
2022-09-20,20.7,20.77,20.42,33081184,20.77,0
2022-09-21,10.36,10.53,10.07,41150542,10.38,0
2022-09-22,21.56,21.75,21.52,26072971,21.52,0
2022-09-23,14.34,14.74,13.95,18484356,14.3,0
2022-09-26,21.24,21.73,21.15,15663034,21.25,0
2022-09-27,17.48,17.99,16.96,13153740,17.2,0
2022-09-28,12.22,12.23,12.18,65801322,12.23,0
2022-09-29,10.64,10.73,10.33,50019049,10.47,0
2022-09-30,12.25,12.32,12.16,72606950,12.2,0
2022-10-03,9.3,9.3,9.12,7057303,9.3,0
2022-10-04,10.01,10.08,9.93,37933432,10.0,0
2022-10-05,9.47,9.66,9.3,67428655,9.6,0
2022-10-06,13.92,14.02,13.53,8264115,13.83,0
2022-10-07,19.14,19.43,19.01,6012284,19.43,0
2022-10-10,9.98,10.25,9.7,39027271,9.86,0
2022-10-11,9.82,10.02,9.8,24586944,9.8,0
2022-10-12,17.01,17.21,16.53,51597999,17.21,0
2022-10-13,10.76,10.88,10.59,7366695,10.87,0
2022-10-14,9.37,9.5,9.29,45348953,9.29,0
2022-10-17,10.34,10.39,10.15,8744873,10.39,0
2022-10-18,20.93,21.33,20.44,7871027,20.93,0
2022-10-19,19.5,19.71,19.36,7884347,19.71,0
2022-10-20,12.96,13.29,12.88,47842702,12.96,0
2022-10-21,17.18,17.57,17.14,31618937,17.16,0
2022-10-24,15.52,15.8,15.23,21320802,15.49,0
2022-10-25,17.48,17.67,17.22,13522125,17.36,0
2022-10-26,17.56,17.67,17.22,56914733,17.58,0
2022-10-27,16.8,17.19,16.43,14842977,16.77,0
2022-10-28,11.73,11.9,11.64,48112033,11.64,0
2022-10-31,8.55,8.61,8.38,16894336,8.47,0
2022-11-01,14.38,14.46,14.13,14218583,14.21,0
2022-11-02,20.47,20.57,20.1,18033996,20.57,0
2022-11-03,15.97,16.34,15.83,11530951,16.03,0
2022-11-04,19.65,19.78,19.6,39735749,19.78,0
2022-11-07,21.88,22.23,21.66,20151421,22.23,0
2022-11-08,10.29,10.43,10.13,9518794,10.35,0
2022-11-09,17.68,17.99,17.56,60557191,17.99,0
2022-11-10,17.44,17.9,17.25,14495096,17.31,0
2022-11-11,21.72,22.29,21.11,22566950,21.45,0
2022-11-14,21.8,22.1,21.21,61726434,21.72,0
2022-11-15,17.61,17.62,17.1,28224577,17.59,0
2022-11-16,11.41,11.56,11.22,6913998,11.56,0
2022-11-17,19.18,19.53,19.08,67708103,19.23,0
2022-11-18,9.5,9.66,9.3,28497438,9.42,0
2022-11-21,18.93,19.3,18.58,12654254,19.11,0
2022-11-22,20.74,20.84,20.68,7356484,20.74,0
2022-11-23,13.36,13.62,13.29,45193045,13.29,0
2022-11-24,16.83,16.92,16.66,27900501,16.88,0
2022-11-25,14.02,14.34,13.71,21944271,14.25,0
2022-11-28,14.13,14.27,13.76,59610659,14.27,0
2022-11-29,12.35,12.61,11.99,44518002,12.39,0
2022-11-30,18.67,18.7,18.17,7613858,18.58,0
2022-12-01,21.11,21.37,20.66,11866449,20.76,0
2022-12-02,21.17,21.62,20.89,9958198,21.14,0
2022-12-05,10.45,10.52,10.16,39334225,10.52,0
2022-12-06,20.25,20.73,19.73,5487153,20.14,0
2022-12-07,18.32,18.67,17.87,24276471,18.13,0
2022-12-08,11.54,11.74,11.41,41405854,11.74,0
2022-12-09,8.94,9.03,8.84,56846146,9.03,0
2022-12-12,11.75,11.92,11.59,12908550,11.81,0
2022-12-13,20.77,21.14,20.3,48737398,20.47,0
2022-12-14,16.86,17.1,16.54,6794913,16.62,0
2022-12-15,18.09,18.47,17.6,52263696,17.8,0
2022-12-16,11.6,11.75,11.33,7120027,11.65,0
2022-12-19,18.07,18.18,18.01,15043593,18.01,0
2022-12-20,8.39,8.44,8.38,45604667,8.44,0
2022-12-21,13.25,13.25,13.11,7576848,13.25,0
2022-12-22,16.77,16.92,16.73,9440961,16.73,0
2022-12-23,10.05,10.28,9.94,37038105,10.03,0
2022-12-26,19.52,19.99,18.95,36811235,19.69,0
2022-12-27,11.29,11.36,11.29,29579354,11.36,0
2022-12-28,17.13,17.62,16.67,34242636,17.4,0
2022-12-29,13.67,13.88,13.54,22515176,13.54,0
2022-12-30,16.34,16.79,15.97,10050005,16.12,0
2023-01-02,9.5,9.7,9.33,13038555,9.6,0
2023-01-03,8.24,8.42,8.15,8272475,8.3,0
2023-01-04,20.73,20.78,20.38,62065960,20.43,0
2023-01-05,11.77,11.85,11.51,25202506,11.77,0
2023-01-06,19.48,19.49,19.09,15192988,19.49,0
2023-01-09,21.99,22.46,21.56,18000328,21.74,0
2023-01-10,10.96,11.07,10.95,69121444,11.07,0
2023-01-11,11.71,11.99,11.64,7649332,11.64,0
2023-01-12,17.28,17.46,17.0,25401599,17.46,0
2023-01-13,21.52,22.05,21.0,20329218,21.62,0
2023-01-16,20.82,20.9,20.7,27241704,20.7,0
2023-01-17,15.04,15.12,14.66,5257470,15.12,0
2023-01-18,19.13,19.33,18.68,56119246,19.33,0
2023-01-19,9.9,10.02,9.71,66275384,10.02,0
2023-01-20,21.68,21.91,21.6,23958419,21.6,0
2023-01-23,21.5,21.99,20.94,34500166,21.66,0
2023-01-24,10.29,10.32,10.02,64531230,10.32,0
2023-01-25,12.19,12.32,12.0,35527952,12.2,0
2023-01-26,9.4,9.64,9.2,7632122,9.55,0
2023-01-27,11.8,11.82,11.65,24711001,11.65,0
2023-01-30,19.42,19.97,19.1,26886094,19.25,0
2023-01-31,13.3,13.69,13.07,16205940,13.32,0
2023-02-01,9.24,9.26,8.99,38524519,9.12,0
2023-02-02,12.79,12.9,12.46,66689890,12.9,0
2023-02-03,21.74,21.98,21.62,65082698,21.87,0
2023-02-06,16.82,17.21,16.76,17451578,16.81,0
2023-02-07,13.83,14.08,13.51,6844192,14.0,0
2023-02-08,10.33,10.53,10.06,76707349,10.31,0
2023-02-09,21.81,22.31,21.19,51180433,21.86,0
2023-02-10,19.49,19.56,19.26,7064458,19.26,0
2023-02-13,11.94,12.24,11.84,64235353,11.88,0
2023-02-14,8.98,9.17,8.81,55773718,8.85,0
2023-02-15,8.79,8.94,8.71,21072365,8.86,0
2023-02-16,9.69,9.95,9.61,25759449,9.68,0
2023-02-17,16.13,16.47,16.1,15115313,16.1,0
2023-02-20,21.0,21.13,20.41,5819820,20.97,0
2023-02-21,14.95,15.14,14.59,12664490,14.78,0
2023-02-22,19.8,20.09,19.25,46312890,20.09,0
2023-02-23,14.24,14.26,14.18,5064628,14.18,0
2023-02-24,17.92,18.43,17.81,12605005,18.18,0
2023-02-27,18.25,18.32,18.02,15080401,18.26,0
2023-02-28,10.44,10.66,10.15,22184967,10.49,0
2023-03-01,13.06,13.26,12.78,64059941,12.96,0
2023-03-02,16.92,16.93,16.56,13062074,16.93,0
2023-03-03,8.99,9.24,8.87,13084083,8.91,0
2023-03-06,13.06,13.39,12.77,38637587,13.11,0
2023-03-07,15.49,15.73,15.06,17518409,15.73,0
2023-03-08,21.95,22.1,21.77,9320113,22.1,0
2023-03-09,14.64,14.69,14.33,17529175,14.66,0
2023-03-10,19.42,19.63,19.1,7388882,19.63,0
2023-03-13,14.05,14.16,13.68,8153820,14.16,0
2023-03-14,19.15,19.44,19.04,19909695,19.04,0
2023-03-15,16.34,16.81,16.13,15973736,16.28,0
2023-03-16,20.41,20.76,20.35,63176307,20.35,0
2023-03-17,13.75,14.12,13.54,13656385,13.66,0
2023-03-20,16.46,16.78,16.43,25007371,16.63,0
2023-03-21,16.82,17.06,16.77,28859717,16.88,0
2023-03-22,13.84,14.19,13.66,5184863,13.66,0
2023-03-23,10.02,10.16,10.0,31473759,10.16,0
2023-03-24,9.31,9.55,9.12,8191184,9.23,0
2023-03-27,8.23,8.3,8.07,71814804,8.3,0
2023-03-28,20.23,20.31,19.65,7550536,20.31,0
2023-03-29,11.31,11.6,11.17,15784368,11.51,0
2023-03-30,10.96,11.15,10.87,6334922,11.1,0
2023-03-31,18.3,18.79,18.18,79309682,18.18,0
2023-04-03,12.48,12.83,12.16,20122088,12.5,0
2023-04-04,15.08,15.1,14.83,26054635,14.91,0
2023-04-05,10.28,10.43,10.03,6021964,10.18,0
2023-04-06,21.44,21.68,21.22,39995616,21.54,0
2023-04-07,19.92,20.29,19.42,8947908,19.55,0
2023-04-10,20.09,20.57,20.03,60302473,20.47,0
2023-04-11,13.69,13.81,13.37,8830448,13.81,0
2023-04-12,18.67,18.98,18.27,8483614,18.58,0
2023-04-13,10.01,10.22,9.97,5533249,10.02,0
2023-04-14,8.12,8.15,7.99,18509524,8.11,0
2023-04-17,8.28,8.48,8.04,23939027,8.41,0
2023-04-18,16.21,16.5,15.96,5999169,16.33,0
2023-04-19,14.38,14.79,13.99,42933699,14.25,0
2023-04-20,15.25,15.41,15.24,17570501,15.24,0
2023-04-21,8.1,8.13,8.0,21399263,8.08,0
2023-04-24,13.92,14.13,13.61,16970758,14.13,0
2023-04-25,18.05,18.1,17.81,15189267,17.82,0
2023-04-26,14.2,14.61,13.81,23596311,13.97,0
2023-04-27,18.25,18.27,18.14,7689496,18.27,0
2023-04-28,11.26,11.51,11.23,8280057,11.44,0
2023-05-01,19.38,19.69,19.31,54533490,19.67,0
2023-05-02,16.24,16.42,15.92,68897988,16.25,0
2023-05-03,10.95,10.97,10.73,14075998,10.97,0
2023-05-04,11.31,11.52,10.98,10592027,11.34,0
2023-05-05,16.79,17.08,16.61,29814170,16.61,0
2023-05-08,19.62,19.79,19.35,15528696,19.7,0
2023-05-09,13.82,14.2,13.6,5364611,13.6,0
2023-05-10,11.62,11.73,11.59,7708972,11.59,0
2023-05-11,20.14,20.41,19.64,36398750,20.41,0
2023-05-12,17.37,17.65,16.85,31073737,17.23,0
2023-05-15,14.27,14.31,13.87,5390100,14.31,0
2023-05-16,14.83,15.24,14.48,9252330,14.68,0
2023-05-17,10.86,10.98,10.55,9488811,10.78,0
2023-05-18,16.78,16.82,16.53,32211391,16.82,0
2023-05-19,13.02,13.17,12.75,5280850,13.16,0
2023-05-22,21.94,22.34,21.4,6673125,21.94,0
2023-05-23,14.72,14.95,14.61,45937245,14.94,0
2023-05-24,14.8,15.11,14.45,8202745,14.53,0
2023-05-25,15.92,15.95,15.77,30546020,15.95,0
2023-05-26,20.83,21.01,20.42,9677666,20.58,0
2023-05-29,19.21,19.68,18.93,6587329,19.51,0
2023-05-30,14.32,14.35,14.29,9812474,14.29,0
2023-05-31,18.06,18.52,17.54,37039580,18.3,0
2023-06-01,16.21,16.25,15.97,53620545,16.25,0
2023-06-02,14.89,15.26,14.82,49963670,14.82,0
2023-06-05,10.69,10.81,10.56,15039266,10.81,0
2023-06-06,14.5,14.77,14.19,31873127,14.35,0
2023-06-07,11.44,11.49,11.23,8826646,11.32,0
2023-06-08,20.81,20.85,20.61,11270808,20.85,0
2023-06-09,12.7,12.78,12.66,60015838,12.66,0
2023-06-12,21.33,21.41,20.72,5183533,21.09,0
2023-06-13,15.46,15.6,15.03,6337713,15.46,0
2023-06-14,16.84,17.1,16.5,8897951,17.06,0
2023-06-15,15.6,15.88,15.24,5381681,15.38,0
2023-06-16,9.81,10.04,9.59,8268753,9.83,0
2023-06-19,13.26,13.52,12.95,25178045,13.37,0
2023-06-20,9.39,9.56,9.16,16084802,9.53,0
2023-06-21,16.72,16.93,16.28,59409220,16.93,0
2023-06-22,14.26,14.46,14.23,48224766,14.42,0
2023-06-23,18.89,19.12,18.41,12899091,19.01,0
2023-06-26,11.09,11.37,10.83,10264716,11.06,0
2023-06-27,10.3,10.37,10.07,14327329,10.14,0
2023-06-28,13.69,13.69,13.66,25689517,13.69,0
2023-06-29,20.97,21.38,20.82,10513584,21.38,0
2023-06-30,17.95,18.06,17.84,28217607,18.06,0
2023-07-03,13.86,14.23,13.49,15557892,13.59,0
2023-07-04,15.24,15.63,15.17,23104738,15.24,0
2023-07-05,9.18,9.2,9.02,16754006,9.2,0
2023-07-06,21.78,21.85,21.3,11312071,21.85,0
2023-07-07,17.33,17.59,17.11,69346027,17.48,0
2023-07-10,12.0,12.22,11.94,41537753,12.03,0
2023-07-11,16.2,16.33,16.09,7373660,16.09,0
2023-07-12,9.53,9.73,9.5,55553273,9.7,0
2023-07-13,21.52,21.9,21.47,19315042,21.69,0
2023-07-14,10.45,10.55,10.21,59719782,10.34,0
2023-07-17,17.07,17.08,16.77,45929498,16.95,0
2023-07-18,11.44,11.7,11.1,16254667,11.63,0
2023-07-19,18.05,18.17,17.98,5321398,18.17,0
2023-07-20,18.88,19.35,18.4,10531489,18.81,0
2023-07-21,17.43,17.65,17.36,22447221,17.36,0
2023-07-24,16.6,16.89,16.27,28957015,16.3,0
2023-07-25,20.49,21.03,20.1,10221102,20.31,0
2023-07-26,9.1,9.34,8.84,7358197,9.15,0
2023-07-27,12.63,12.77,12.37,50620472,12.67,0
2023-07-28,11.48,11.55,11.44,76614036,11.54,0
2023-07-31,21.83,22.34,21.19,21476527,22.02,0
2023-08-01,13.45,13.62,13.21,8048083,13.21,0
2023-08-02,18.26,18.37,17.73,10638017,17.97,0
2023-08-03,17.59,18.07,17.26,5261561,17.49,0
2023-08-04,10.97,11.04,10.7,63080549,10.82,0
2023-08-07,11.35,11.36,11.1,6930370,11.16,0
2023-08-08,11.94,11.95,11.9,24726635,11.95,0
2023-08-09,13.76,14.02,13.53,10689696,13.93,0
2023-08-10,11.28,11.5,11.03,23241642,11.39,0
2023-08-11,8.28,8.36,8.18,30433949,8.36,0
2023-08-14,20.31,20.5,19.79,49897489,20.44,0
2023-08-15,21.52,21.74,21.04,8861882,21.72,0
2023-08-16,12.78,13.04,12.61,5154782,12.66,0
2023-08-17,12.74,12.76,12.45,7307970,12.76,0
2023-08-18,8.1,8.33,8.02,60631796,8.02,0
2023-08-21,17.52,17.64,17.25,56394728,17.32,0
2023-08-22,19.56,20.15,19.43,26201555,19.43,0
2023-08-23,10.05,10.1,10.03,26428004,10.1,0
2023-08-24,10.24,10.48,9.97,31604866,10.44,0
2023-08-25,19.06,19.19,18.68,8130890,19.19,0
2023-08-28,16.63,16.67,16.29,63100340,16.67,0
2023-08-29,8.63,8.86,8.41,15966876,8.64,0
2023-08-30,16.72,17.15,16.62,14464878,17.03,0
2023-08-31,12.32,12.47,12.23,21077019,12.42,0
2023-09-01,13.16,13.44,12.96,5695379,13.39,0
2023-09-04,18.78,19.09,18.52,7928575,18.64,0
2023-09-05,19.35,19.85,18.8,38694660,19.22,0
2023-09-06,13.6,13.73,13.42,6290274,13.73,0
2023-09-07,21.26,21.59,21.13,26621806,21.13,0
2023-09-08,13.69,13.89,13.51,9871878,13.89,0
2023-09-11,18.81,19.01,18.4,14713928,18.82,0
2023-09-12,14.77,15.17,14.62,11132479,15.02,0
2023-09-13,20.57,20.67,20.18,13404253,20.44,0
2023-09-14,20.71,20.8,20.43,36710267,20.8,0
2023-09-15,9.22,9.38,9.08,11395679,9.21,0
2023-09-18,21.11,21.53,20.72,24043027,21.22,0
2023-09-19,19.56,19.67,19.4,18715085,19.56,0
2023-09-20,19.08,19.3,19.01,31485436,19.3,0
2023-09-21,10.81,11.12,10.49,67146814,10.89,0
2023-09-22,19.27,19.41,19.23,38113138,19.23,0
2023-09-25,19.9,20.3,19.61,9073691,20.23,0
2023-09-26,12.05,12.32,11.94,5451528,11.95,0
2023-09-27,21.33,21.62,21.24,10345879,21.24,0
2023-09-28,8.7,8.94,8.56,26032461,8.56,0
2023-09-29,10.1,10.32,10.05,5766242,10.26,0
2023-10-02,15.53,15.74,15.15,19799514,15.4,0
2023-10-03,16.06,16.33,15.65,26160161,15.91,0
2023-10-04,17.03,17.38,16.86,12631059,17.32,0
2023-10-05,8.24,8.39,8.21,42387792,8.34,0
2023-10-06,21.45,22.02,21.38,6719347,21.38,0
2023-10-09,8.62,8.71,8.53,6158074,8.71,0
2023-10-10,10.0,10.09,9.86,37652744,10.09,0
2023-10-11,8.2,8.25,8.04,19751542,8.06,0
2023-10-12,15.94,15.96,15.93,33720118,15.96,0
2023-10-13,21.05,21.08,20.62,16693765,21.08,0
2023-10-16,17.32,17.77,17.19,9900739,17.44,0
2023-10-17,19.52,19.92,19.25,48447065,19.51,0
2023-10-18,8.19,8.35,8.09,45873580,8.25,0
2023-10-19,15.59,15.88,15.31,34313728,15.31,0
2023-10-20,14.43,14.8,14.41,10633235,14.58,0
2023-10-23,14.99,15.21,14.8,25684939,14.8,0
2023-10-24,9.01,9.25,8.99,13602724,8.99,0
2023-10-25,17.58,17.77,17.06,6445340,17.33,0
2023-10-26,15.05,15.47,14.86,63610032,15.24,0
2023-10-27,18.71,19.1,18.55,7306612,18.57,0
2023-10-30,14.79,14.9,14.68,69689892,14.76,0
2023-10-31,10.09,10.26,10.06,17219259,10.06,0
2023-11-01,17.08,17.35,16.57,8353958,17.27,0
2023-11-02,10.41,10.45,10.1,22463828,10.4,0
2023-11-03,20.21,20.57,19.89,56247280,20.44,0
2023-11-06,16.58,16.74,16.1,38076465,16.3,0
2023-11-07,10.2,10.22,10.19,46791439,10.19,0
2023-11-08,21.47,22.08,20.97,31061628,21.51,0
2023-11-09,15.26,15.55,15.02,34084274,15.53,0
2023-11-10,9.02,9.26,8.77,52662741,8.87,0
2023-11-13,16.78,17.12,16.54,9990799,16.54,0
2023-11-14,11.54,11.66,11.33,19422109,11.38,0
2023-11-15,19.25,19.55,18.7,9232785,19.36,0
2023-11-16,19.45,19.84,19.06,77310911,19.37,0
2023-11-17,21.71,22.34,21.31,68506333,21.99,0
2023-11-20,15.03,15.14,15.03,5577565,15.03,0
2023-11-21,14.37,14.75,14.03,35364471,14.2,0
2023-11-22,18.55,19.06,18.3,65024945,18.4,0
2023-11-23,9.85,10.05,9.85,8249059,9.9,0
2023-11-24,15.66,16.1,15.56,24145945,15.78,0
2023-11-27,15.65,15.84,15.65,63288931,15.65,0
2023-11-28,9.25,9.51,9.24,5493448,9.41,0
2023-11-29,13.85,14.14,13.64,34573845,13.76,0
2023-11-30,19.95,19.98,19.77,11402862,19.98,0
2023-12-01,19.99,20.53,19.46,64871499,20.01,0
2023-12-04,9.39,9.53,9.23,73831321,9.29,0
2023-12-05,9.27,9.4,9.22,68545690,9.4,0
2023-12-06,11.68,11.88,11.51,18620049,11.83,0
2023-12-07,20.25,20.34,20.07,54572366,20.17,0
2023-12-08,9.8,9.94,9.73,51988682,9.83,0
2023-12-11,18.08,18.53,17.68,12111704,17.9,0
2023-12-12,9.42,9.42,9.38,49783301,9.42,0
2023-12-13,16.72,16.86,16.45,5540279,16.59,0
2023-12-14,12.98,12.98,12.67,26118635,12.98,0
2023-12-15,19.04,19.28,18.96,9460808,18.96,0
2023-12-18,11.27,11.52,11.07,6984688,11.07,0
2023-12-19,16.95,17.36,16.82,6189148,16.82,0
2023-12-20,11.3,11.62,11.15,34465552,11.16,0
2023-12-21,17.99,18.32,17.66,12829810,18.0,0
2023-12-22,20.23,20.38,20.11,37297194,20.11,0
2023-12-25,9.78,10.05,9.66,5993312,9.88,0
2023-12-26,20.13,20.6,19.76,11984430,19.92,0
2023-12-27,16.31,16.59,15.87,22314248,16.45,0
2023-12-28,9.78,9.98,9.75,44781184,9.81,0
2023-12-29,13.99,14.38,13.59,12100025,14.26,0
2024-01-01,10.25,10.47,10.21,28354260,10.45,0
2024-01-02,17.8,18.0,17.46,58316777,18.0,0
2024-01-03,18.62,19.02,18.42,27576756,18.81,0
2024-01-04,9.48,9.49,9.46,9538524,9.46,0
2024-01-05,15.09,15.26,14.71,5349972,15.24,0
2024-01-08,19.4,19.64,19.15,55805043,19.64,0
2024-01-09,21.11,21.22,20.96,5303724,20.96,0
2024-01-10,15.19,15.2,15.08,56521772,15.2,0
2024-01-11,21.3,21.39,21.0,21670742,21.06,0
2024-01-12,15.5,15.8,15.33,67564752,15.54,0
2024-01-15,13.52,13.85,13.42,45793186,13.5,0
2024-01-16,19.87,20.46,19.78,79543081,19.93,0
2024-01-17,14.9,15.05,14.79,13221146,14.93,0
2024-01-18,14.61,14.87,14.33,41952394,14.87,0
2024-01-19,14.86,15.28,14.86,15238529,14.89,0
2024-01-22,19.85,19.95,19.51,18914629,19.95,0
2024-01-23,19.65,20.07,19.07,28481435,19.51,0
2024-01-24,13.65,13.96,13.39,56361439,13.62,0
2024-01-25,12.67,12.7,12.34,76546365,12.66,0
2024-01-26,14.89,15.27,14.5,42078803,14.76,0
2024-01-29,16.02,16.41,15.67,15922503,15.94,0
2024-01-30,11.34,11.35,11.02,16081790,11.35,0
2024-01-31,19.12,19.17,18.94,38646271,19.17,0
2024-02-01,14.81,14.83,14.4,9693628,14.83,0
2024-02-02,12.68,12.81,12.38,6791944,12.6,0
2024-02-05,9.5,9.65,9.24,13365267,9.43,0
2024-02-06,11.34,11.52,11.02,11087668,11.39,0
2024-02-07,21.29,21.46,20.82,11370002,20.98,0
2024-02-08,12.27,12.61,12.11,9555684,12.15,0
2024-02-09,10.36,10.47,10.35,5618951,10.35,0
2024-02-12,14.45,14.47,14.4,5254028,14.4,0
2024-02-13,12.3,12.41,12.25,77322568,12.25,0
2024-02-14,8.49,8.63,8.28,16370434,8.33,0
2024-02-15,12.52,12.67,12.24,14512606,12.39,0
2024-02-16,15.62,15.75,15.19,32911440,15.72,0
2024-02-19,15.72,15.78,15.62,9157436,15.62,0
2024-02-20,12.99,13.31,12.63,69636550,12.96,0
2024-02-21,14.26,14.69,14.07,44240879,14.5,0
2024-02-22,21.52,21.73,21.03,6406659,21.73,0
2024-02-23,13.28,13.43,12.98,15914293,13.18,0
2024-02-26,11.62,11.84,11.62,57218165,11.82,0
2024-02-27,11.41,11.66,11.33,68634221,11.33,0
2024-02-28,14.41,14.58,14.34,18271639,14.34,0
2024-02-29,18.63,19.14,18.39,27389930,19.0,0
2024-03-01,10.88,11.06,10.84,7945092,11.04,0
2024-03-04,17.93,18.17,17.74,78064926,17.91,0
2024-03-05,8.3,8.46,8.29,9504527,8.36,0
2024-03-06,13.87,14.27,13.57,68254639,13.96,0
2024-03-07,18.86,19.31,18.63,30284647,18.63,0
2024-03-08,12.74,12.76,12.62,26962367,12.62,0
2024-03-11,15.89,16.05,15.6,20716123,15.87,0
2024-03-12,10.87,11.02,10.83,9478162,11.02,0
2024-03-13,18.39,18.56,18.38,8157009,18.38,0
2024-03-14,8.73,8.91,8.6,9214290,8.83,0
2024-03-15,19.94,20.43,19.58,8384247,19.59,0
2024-03-18,10.77,11.01,10.6,43419343,10.76,0
2024-03-19,20.24,20.84,20.15,13199662,20.35,0
2024-03-20,12.94,13.05,12.8,5869749,13.04,0
2024-03-21,18.12,18.6,17.6,73432083,17.8,0
2024-03-22,12.47,12.76,12.3,57963453,12.43,0
2024-03-25,20.68,20.9,20.07,65477949,20.75,0
2024-03-26,9.77,9.99,9.71,78878455,9.71,0
2024-03-27,10.5,10.53,10.29,8097683,10.35,0
2024-03-28,14.9,15.25,14.66,15000058,15.0,0
2024-03-29,9.15,9.3,9.09,40924191,9.16,0
2024-04-01,10.74,10.83,10.43,34439936,10.59,0
2024-04-02,21.21,21.63,20.67,7660888,21.24,0
2024-04-03,21.67,22.09,21.28,48009919,22.03,0
2024-04-04,13.27,13.35,12.96,9315869,13.01,0
2024-04-05,20.93,20.95,20.51,9299793,20.95,0
2024-04-08,15.63,15.83,15.63,22159075,15.63,0
2024-04-09,11.78,11.98,11.72,25878603,11.72,0
2024-04-10,17.83,18.3,17.77,24972579,17.77,0
2024-04-11,17.22,17.7,17.19,6443638,17.19,0
2024-04-12,21.85,22.2,21.42,56955827,22.11,0
2024-04-15,11.71,11.97,11.46,10442015,11.61,0
2024-04-16,17.41,17.64,17.01,7160140,17.5,0
2024-04-17,8.73,8.93,8.69,58766432,8.7,0
2024-04-18,9.59,9.65,9.5,70743912,9.5,0
2024-04-19,8.05,8.14,7.87,54585224,8.05,0
2024-04-22,21.99,22.41,21.58,47176366,22.25,0
2024-04-23,19.23,19.24,18.95,30758133,19.24,0
2024-04-24,19.01,19.42,18.74,23028644,19.27,0
2024-04-25,15.14,15.52,15.09,6363741,15.09,0
2024-04-26,12.2,12.35,11.97,15516604,12.34,0
2024-04-29,10.12,10.26,10.09,14051791,10.09,0
2024-04-30,11.99,12.3,11.79,10274122,12.1,0
2024-05-01,13.26,13.57,13.16,37158196,13.5,0
2024-05-02,18.59,18.75,18.55,19772605,18.55,0
2024-05-03,15.56,15.71,15.52,6259784,15.52,0
2024-05-06,9.08,9.26,8.82,9206552,9.13,0
2024-05-07,8.25,8.39,8.05,33242642,8.32,0
2024-05-08,9.43,9.48,9.28,6175053,9.31,0
2024-05-09,13.75,13.88,13.52,52957230,13.88,0
2024-05-10,21.06,21.63,20.83,19732669,21.16,0
2024-05-13,16.92,17.27,16.89,18951950,16.89,0
2024-05-14,19.23,19.8,18.72,25840449,18.86,0
2024-05-15,14.53,14.86,14.29,49202235,14.69,0
2024-05-16,13.06,13.43,12.74,13115173,12.84,0
2024-05-17,9.52,9.58,9.49,32762935,9.49,0
2024-05-20,20.26,20.73,20.24,23998228,20.32,0
2024-05-21,18.96,18.97,18.66,10483446,18.97,0
2024-05-22,10.35,10.56,10.07,57140749,10.43,0
2024-05-23,15.17,15.38,15.07,45621190,15.11,0
2024-05-24,14.82,14.97,14.69,31033090,14.97,0
2024-05-27,16.75,17.18,16.43,52865514,17.07,0
2024-05-28,21.25,21.79,21.18,55372774,21.18,0
2024-05-29,16.12,16.13,16.11,35638878,16.13,0
2024-05-30,15.56,15.84,15.35,50913679,15.83,0
2024-05-31,8.7,8.8,8.59,34578753,8.76,0
2024-06-03,8.88,8.99,8.69,32956501,8.94,0
2024-06-04,10.62,10.89,10.49,27787682,10.5,0
2024-06-05,8.45,8.53,8.31,40302422,8.46,0
2024-06-06,18.41,18.93,18.02,7761570,18.46,0
2024-06-07,18.13,18.23,17.62,57496855,18.23,0
2024-06-10,9.9,10.1,9.68,56075637,10.1,0
2024-06-11,19.71,20.11,19.24,5422346,19.34,0
2024-06-12,10.17,10.25,10.03,49357421,10.03,0
2024-06-13,12.22,12.34,12.07,7147346,12.07,0
2024-06-14,11.49,11.78,11.36,12661738,11.6,0
2024-06-17,13.21,13.51,12.97,39286483,13.02,0
2024-06-18,11.57,11.68,11.37,7808079,11.63,0
2024-06-19,14.85,15.09,14.78,48294808,14.78,0
2024-06-20,13.7,13.73,13.48,50229563,13.68,0
2024-06-21,21.81,21.95,21.8,20418416,21.8,0
2024-06-24,8.78,8.91,8.63,5089315,8.91,0
2024-06-25,9.99,10.02,9.88,11081495,10.02,0
2024-06-26,8.74,8.96,8.49,27658208,8.9,0
2024-06-27,16.76,17.12,16.59,75933932,16.81,0
2024-06-28,8.76,9.01,8.72,28823671,8.72,0
2024-07-01,19.71,20.12,19.68,10275541,19.68,0
2024-07-02,15.17,15.6,15.17,28999395,15.47,0
2024-07-03,15.38,15.64,15.05,22344837,15.52,0
2024-07-04,15.86,16.15,15.66,43450765,15.66,0
2024-07-05,10.39,10.69,10.22,6726475,10.47,0
2024-07-08,10.77,10.98,10.63,41241923,10.73,0
2024-07-09,12.46,12.47,12.15,22424352,12.36,0
2024-07-10,16.31,16.66,16.24,72198458,16.24,0
2024-07-11,10.94,11.24,10.91,12901052,11.09,0
2024-07-12,9.63,9.86,9.47,28888345,9.47,0
2024-07-15,21.58,21.96,21.11,66258816,21.4,0
2024-07-16,8.31,8.48,8.1,6643608,8.25,0
2024-07-17,19.24,19.81,19.06,67221091,19.06,0
2024-07-18,19.03,19.08,18.64,33671848,19.04,0
2024-07-19,12.16,12.4,12.13,6034676,12.13,0
2024-07-22,9.9,9.98,9.8,11517713,9.82,0
2024-07-23,10.04,10.23,9.93,35620021,10.21,0
2024-07-24,17.76,18.08,17.53,6026542,17.63,0
2024-07-25,17.0,17.08,16.51,25117308,16.91,0
2024-07-26,18.96,19.08,18.92,13045319,18.94,0
2024-07-29,21.12,21.51,20.88,27965770,21.17,0
2024-07-30,17.69,17.76,17.69,5676085,17.76,0
2024-07-31,10.18,10.26,10.04,56027970,10.05,0
2024-08-01,11.41,11.7,11.31,74330581,11.58,0
2024-08-02,19.79,19.98,19.23,73386334,19.98,0
2024-08-05,10.93,11.09,10.81,39961406,11.03,0
2024-08-06,9.02,9.27,8.96,7171491,8.96,0
2024-08-07,17.85,17.97,17.73,40926996,17.73,0
2024-08-08,13.64,13.8,13.55,5352733,13.69,0
2024-08-09,20.88,21.26,20.4,5316299,21.18,0
2024-08-12,17.1,17.49,17.09,12264096,17.16,0
2024-08-13,9.27,9.52,9.27,19380056,9.27,0
2024-08-14,21.27,21.85,20.68,42328509,20.92,0
2024-08-15,11.62,11.89,11.6,33246017,11.71,0
2024-08-16,12.72,12.81,12.45,17214339,12.81,0
2024-08-19,13.63,13.64,13.5,10677002,13.5,0
2024-08-20,8.72,8.82,8.55,79364729,8.56,0
2024-08-21,14.95,15.01,14.94,16298342,14.94,0
2024-08-22,9.73,9.94,9.47,17478097,9.76,0
2024-08-23,13.61,13.88,13.4,7870326,13.72,0
2024-08-26,12.91,12.93,12.69,45291433,12.93,0
2024-08-27,18.82,19.29,18.44,34217371,18.9,0
2024-08-28,19.24,19.38,19.04,9221533,19.04,0
2024-08-29,10.15,10.28,9.89,6282994,10.22,0
2024-08-30,13.13,13.39,13.02,32989278,13.38,0
2024-09-02,13.23,13.4,13.22,30695876,13.4,0
2024-09-03,10.12,10.25,10.06,10666140,10.25,0
2024-09-04,19.18,19.22,19.1,69810994,19.1,0
2024-09-05,17.9,18.12,17.56,7600844,18.08,0
2024-09-06,10.67,10.91,10.45,16578796,10.82,0
2024-09-09,13.13,13.49,12.94,68422162,13.22,0
2024-09-10,9.48,9.6,9.21,16009289,9.39,0
2024-09-11,16.79,17.0,16.76,29365125,17.0,0
2024-09-12,9.7,9.9,9.45,15056408,9.68,0
2024-09-13,21.8,22.42,21.74,10694439,21.74,0
2024-09-16,18.93,19.08,18.41,76523910,18.63,0
2024-09-17,13.46,13.64,13.39,15554543,13.54,0
2024-09-18,16.1,16.48,15.69,59644819,16.06,0
2024-09-19,20.76,21.14,20.16,9459386,20.42,0
2024-09-20,15.76,15.81,15.63,9027628,15.81,0
2024-09-23,10.44,10.64,10.21,5450787,10.56,0
2024-09-24,13.3,13.37,13.19,30454751,13.37,0
2024-09-25,19.8,20.1,19.54,13890566,19.56,0
2024-09-26,17.02,17.29,16.56,54923859,17.15,0
2024-09-27,17.11,17.56,17.08,18568273,17.08,0
2024-09-30,20.14,20.42,19.81,73247205,19.98,0
2024-10-01,20.52,20.69,20.36,8363056,20.44,0
2024-10-02,20.88,21.02,20.57,55577181,21.02,0
2024-10-03,9.33,9.57,9.22,43061167,9.29,0
2024-10-04,15.62,15.7,15.29,42388925,15.31,0
2024-10-07,18.37,18.6,17.93,52022398,18.26,0
2024-10-08,18.6,18.7,18.34,41241476,18.6,0
2024-10-09,16.49,16.87,16.21,28380132,16.79,0
2024-10-10,10.34,10.49,10.15,7194566,10.49,0
2024-10-11,19.16,19.36,18.97,5471866,18.97,0
2024-10-14,18.08,18.28,17.91,64236416,17.91,0
2024-10-15,9.21,9.45,8.95,27637005,9.09,0
2024-10-16,14.49,14.73,14.2,45508914,14.66,0
2024-10-17,10.44,10.66,10.26,19001185,10.26,0
2024-10-18,12.72,13.06,12.38,6921865,12.53,0
2024-10-21,8.25,8.47,8.06,7074711,8.26,0
2024-10-22,13.6,13.73,13.21,33455911,13.46,0
2024-10-23,15.7,16.15,15.7,16485796,15.7,0
2024-10-24,16.67,16.68,16.54,8718180,16.58,0
2024-10-25,17.29,17.49,16.82,19539292,17.13,0
2024-10-28,19.71,20.24,19.13,5974276,19.72,0
2024-10-29,11.02,11.11,10.93,25103449,11.11,0
2024-10-30,9.69,9.77,9.53,10540721,9.54,0
2024-10-31,19.92,20.1,19.79,45638026,19.82,0
2024-11-01,10.19,10.38,10.17,11821785,10.37,0
2024-11-04,21.65,21.93,21.39,17664839,21.93,0
2024-11-05,19.8,20.23,19.32,5163718,19.72,0
2024-11-06,15.01,15.41,14.91,6112301,15.13,0
2024-11-07,21.74,22.18,21.71,14844970,21.71,0
2024-11-08,9.36,9.42,9.24,18917944,9.42,0
2024-11-11,12.24,12.58,12.12,26391662,12.47,0
2024-11-12,16.94,17.07,16.6,11224493,16.97,0
2024-11-13,12.9,12.96,12.66,34340893,12.9,0
2024-11-14,21.0,21.06,20.83,54282591,20.83,0
2024-11-15,8.92,9.07,8.9,43451439,8.97,0
2024-11-18,15.69,15.74,15.52,5580535,15.74,0
2024-11-19,16.27,16.34,16.17,18947766,16.34,0
2024-11-20,17.14,17.29,16.71,6688343,16.82,0
2024-11-21,11.58,11.68,11.31,9781856,11.6,0
2024-11-22,13.1,13.34,12.92,77095699,13.15,0
2024-11-25,19.81,20.3,19.32,7422526,19.58,0
2024-11-26,10.73,10.98,10.61,19938441,10.61,0
2024-11-27,19.58,19.73,19.16,27752600,19.4,0
2024-11-28,15.88,16.0,15.78,35060824,16.0,0
2024-11-29,18.67,19.21,18.56,23596857,18.75,0
2024-12-02,17.99,17.99,17.7,5137304,17.99,0
2024-12-03,10.91,11.2,10.64,12361426,10.82,0
2024-12-04,15.96,16.06,15.79,21006657,16.06,0
2024-12-05,20.15,20.72,20.15,6379282,20.35,0
2024-12-06,14.05,14.19,13.89,13218035,13.99,0
2024-12-09,21.53,21.81,20.91,5482145,21.18,0
2024-12-10,14.33,14.63,13.91,6217101,14.19,0
2024-12-11,10.0,10.18,9.8,15028418,10.18,0
2024-12-12,13.45,13.58,13.13,7223966,13.35,0
2024-12-13,21.32,21.67,21.2,24118888,21.2,0
2024-12-16,12.48,12.75,12.42,33819607,12.42,0
2024-12-17,20.15,20.18,19.7,46022737,20.18,0
2024-12-18,20.34,20.35,19.93,8709133,20.16,0
2024-12-19,12.9,13.08,12.6,7954981,12.81,0
2024-12-20,9.17,9.21,9.14,6681627,9.14,0
2024-12-23,18.14,18.5,17.87,29194994,18.09,0
2024-12-24,12.36,12.44,12.23,35452882,12.32,0
2024-12-25,18.96,19.21,18.63,5457623,18.96,0
2024-12-26,14.2,14.28,14.04,67031954,14.28,0
2024-12-27,14.79,15.03,14.52,5774969,14.98,0
2024-12-30,18.89,18.96,18.52,22426202,18.96,0
2024-12-31,13.35,13.36,13.2,35707870,13.2,0
2025-01-01,14.2,14.22,14.03,55939854,14.22,0
2025-01-02,13.27,13.65,12.99,36208985,13.07,0
2025-01-03,13.14,13.2,12.8,46168611,12.94,0
2025-01-06,15.36,15.69,15.07,12814709,15.64,0
2025-01-07,19.32,19.36,18.98,47875928,19.36,0
2025-01-08,13.06,13.1,12.91,6243641,13.09,0
2025-01-09,15.34,15.57,15.3,59763582,15.57,0
2025-01-10,17.39,17.63,16.89,22821119,17.63,0
2025-01-13,11.77,12.11,11.5,48205277,11.82,0
2025-01-14,11.89,12.23,11.6,17523284,11.94,0
2025-01-15,21.07,21.56,20.76,29779319,21.28,0
2025-01-16,18.13,18.46,17.82,21518994,17.94,0
2025-01-17,16.08,16.3,15.95,38009448,15.95,0
2025-01-20,17.07,17.25,16.68,6269924,17.25,0
2025-01-21,8.41,8.65,8.31,5910730,8.36,0
2025-01-22,16.65,16.95,16.59,9920006,16.59,0
2025-01-23,15.13,15.39,15.09,7781816,15.09,0
2025-01-24,15.64,15.75,15.62,56066316,15.62,0
2025-01-27,13.03,13.05,12.94,9181845,13.05,0
2025-01-28,9.14,9.4,9.11,74821922,9.21,0
2025-01-29,10.71,10.81,10.46,12724272,10.72,0
2025-01-30,21.31,21.59,20.8,8284415,21.59,0
2025-01-31,13.72,13.77,13.31,44654143,13.77,0
2025-02-03,14.53,14.89,14.4,31055119,14.54,0
2025-02-04,8.74,8.75,8.72,19900199,8.75,0
2025-02-05,8.53,8.74,8.32,23318164,8.5,0
2025-02-06,18.04,18.12,17.84,36726136,17.85,0
2025-02-07,15.53,15.94,15.41,9420131,15.41,0
2025-02-10,15.12,15.45,15.09,79190955,15.22,0
2025-02-11,11.4,11.46,11.28,74599846,11.4,0
2025-02-12,18.43,18.74,18.41,30341717,18.55,0
2025-02-13,10.36,10.46,10.16,8694469,10.44,0
2025-02-14,10.66,10.72,10.45,32964495,10.46,0
2025-02-17,14.45,14.82,14.25,6108092,14.25,0
2025-02-18,12.01,12.16,11.79,5443513,12.03,0
2025-02-19,11.46,11.6,11.12,10215300,11.32,0
2025-02-20,17.03,17.12,16.89,18031155,17.12,0
2025-02-21,17.11,17.31,16.98,55523173,17.15,0
2025-02-24,19.54,20.05,19.39,37546444,19.61,0
2025-02-25,13.85,14.0,13.58,39199251,13.74,0
2025-02-26,9.02,9.28,8.89,16267283,9.07,0
2025-02-27,11.83,12.17,11.6,13047198,11.99,0
2025-02-28,21.72,21.81,21.08,13987664,21.81,0
2025-03-03,16.35,16.44,16.14,77306957,16.44,0
2025-03-04,17.94,18.4,17.47,5588127,17.98,0
2025-03-05,8.1,8.2,7.88,55332457,8.0,0
2025-03-06,15.25,15.25,15.14,24875088,15.25,0
2025-03-07,8.53,8.6,8.28,16870020,8.6,0
2025-03-10,15.97,16.26,15.95,37347991,15.95,0
2025-03-11,20.89,21.39,20.59,19274264,20.69,0
2025-03-12,21.56,21.65,21.55,56321781,21.55,0
2025-03-13,15.57,15.62,15.13,60746760,15.62,0
2025-03-14,14.41,14.81,14.23,16098025,14.36,0
2025-03-17,21.23,21.71,20.82,10772187,20.86,0
2025-03-18,17.43,17.74,17.35,25836333,17.69,0
2025-03-19,8.91,9.12,8.74,62742951,8.93,0
2025-03-20,14.52,14.71,14.2,8966698,14.42,0
2025-03-21,11.36,11.62,11.31,28125258,11.31,0
2025-03-24,14.58,14.74,14.31,28803435,14.46,0
2025-03-25,14.38,14.49,13.96,38170341,14.35,0
2025-03-26,16.15,16.5,15.85,7201008,16.04,0
2025-03-27,12.99,13.15,12.86,36383892,13.01,0
2025-03-28,10.3,10.6,10.07,62166187,10.41,0
2025-03-31,15.05,15.21,14.79,8228677,15.16,0
2025-04-01,19.62,20.16,19.06,9660524,19.46,0
2025-04-02,17.3,17.78,17.09,73900308,17.32,0
2025-04-03,12.74,12.83,12.65,8258249,12.83,0
2025-04-04,21.1,21.61,20.73,53425940,20.74,0
2025-04-07,20.77,21.04,20.41,19576345,20.42,0
2025-04-08,10.93,11.23,10.63,9923523,10.95,0
2025-04-09,8.55,8.67,8.35,55905864,8.6,0
2025-04-10,18.38,18.79,17.91,17185848,18.17,0
2025-04-11,19.59,19.86,19.29,20838760,19.78,0
2025-04-14,21.55,21.7,21.25,13537239,21.68,0
2025-04-15,20.46,20.58,20.43,25879386,20.58,0
2025-04-16,16.41,16.62,15.95,7868145,16.19,0
2025-04-17,15.42,15.77,15.23,14786967,15.58,0
2025-04-18,8.39,8.54,8.27,73495162,8.27,0
2025-04-21,11.45,11.69,11.28,10228069,11.48,0
2025-04-22,14.43,14.55,14.38,30885863,14.46,0
2025-04-23,16.8,17.04,16.4,12317934,16.72,0
2025-04-24,15.8,15.82,15.35,42689833,15.82,0
2025-04-25,18.4,18.85,18.22,7187165,18.22,0
2025-04-28,11.92,12.27,11.69,73578496,11.93,0
2025-04-29,15.91,16.1,15.44,17594910,15.73,0
2025-04-30,9.23,9.23,9.02,9620621,9.23,0
2025-05-01,13.79,13.86,13.5,6130119,13.54,0
2025-05-02,18.5,18.86,18.29,8005324,18.75,0
2025-05-05,17.71,18.04,17.27,21127115,17.95,0
2025-05-06,21.87,22.39,21.48,12728061,22.16,0
2025-05-07,11.89,11.98,11.71,49778869,11.72,0
2025-05-08,14.97,15.31,14.73,16512403,15.05,0
2025-05-09,12.61,12.87,12.6,9964416,12.6,0
2025-05-12,14.17,14.31,13.76,27674935,14.31,0
2025-05-13,20.0,20.33,19.97,35482530,20.18,0
2025-05-14,17.58,17.66,17.36,7945267,17.6,0
2025-05-15,20.35,20.63,20.23,7957995,20.54,0
2025-05-16,10.85,11.14,10.66,5535117,10.67,0
2025-05-19,20.23,20.49,19.9,38520010,20.25,0
2025-05-20,8.84,9.06,8.81,31497081,8.81,0
2025-05-21,20.44,20.8,20.38,18641572,20.8,0
2025-05-22,12.61,12.68,12.32,51934088,12.68,0
2025-05-23,12.4,12.62,12.1,46675990,12.52,0
2025-05-26,15.17,15.4,14.94,25340016,15.4,0
2025-05-27,21.17,21.42,21.11,55522985,21.11,0
2025-05-28,8.67,8.7,8.49,8847642,8.7,0
2025-05-29,12.93,13.09,12.8,6819219,12.84,0
2025-05-30,19.99,20.03,19.81,10562845,20.03,0
2025-06-02,13.54,13.58,13.45,5857461,13.58,0
2025-06-03,10.79,10.92,10.65,21805289,10.65,0
2025-06-04,13.95,14.08,13.7,67105116,13.87,0
2025-06-05,13.4,13.77,13.39,5576277,13.39,0
2025-06-06,20.82,21.05,20.58,7014634,21.05,0
2025-06-09,18.67,19.09,18.52,17517490,18.52,0
2025-06-10,15.07,15.31,14.77,66598979,15.1,0
2025-06-11,21.84,22.3,21.62,12013233,22.09,0
2025-06-12,14.51,14.62,14.19,20405234,14.34,0
2025-06-13,8.82,9.07,8.62,5610851,8.81,0
2025-06-16,11.67,11.86,11.57,7543850,11.72,0
2025-06-17,14.1,14.45,13.9,77088758,13.91,0
2025-06-18,10.2,10.31,10.1,72625429,10.31,0
2025-06-19,21.27,21.33,20.8,5068954,21.1,0
2025-06-20,18.74,19.12,18.51,69994771,18.52,0
2025-06-23,11.76,11.76,11.56,29413526,11.76,0
2025-06-24,16.27,16.5,16.07,55468672,16.21,0
2025-06-25,18.1,18.2,17.71,17641331,18.2,0
2025-06-26,21.18,21.58,21.0,20883798,21.5,0
2025-06-27,20.34,20.94,20.22,19390988,20.33,0
2025-06-30,15.21,15.42,14.87,31765419,15.12,0
2025-07-01,18.85,19.31,18.45,7364222,18.72,0
2025-07-02,15.87,16.11,15.71,5433276,15.72,0
2025-07-03,15.74,15.97,15.6,11742339,15.77,0
2025-07-04,9.61,9.88,9.52,35276882,9.73,0
2025-07-07,9.77,10.03,9.68,8750357,9.7,0
2025-07-08,15.41,15.77,15.13,32349193,15.22,0
2025-07-09,11.76,11.86,11.55,73597062,11.75,0
2025-07-10,8.29,8.43,8.1,6486908,8.15,0
2025-07-11,18.12,18.24,17.66,32274807,18.24,0
2025-07-14,8.45,8.56,8.37,17111911,8.46,0
2025-07-15,16.33,16.57,15.89,55503126,16.33,0
2025-07-16,15.55,15.94,15.52,8171083,15.52,0
2025-07-17,21.56,22.14,21.45,34117308,21.91,0
2025-07-18,14.78,14.96,14.72,51069473,14.72,0
2025-07-21,8.89,8.89,8.87,68611808,8.89,0
2025-07-22,15.72,16.13,15.44,33241653,15.64,0
2025-07-23,19.78,19.88,19.69,19843948,19.88,0
2025-07-24,21.96,22.37,21.41,27728873,22.16,0
2025-07-25,14.02,14.03,13.61,55620624,13.8,0
2025-07-28,12.48,12.63,12.4,24324986,12.63,0
2025-07-29,20.69,21.3,20.12,5439509,20.84,0
2025-07-30,10.68,10.71,10.68,66060816,10.68,0
2025-07-31,16.62,16.83,16.46,33825400,16.46,0
2025-08-01,13.68,13.81,13.58,32626711,13.75,0
2025-08-04,8.58,8.81,8.39,9092195,8.64,0
2025-08-05,12.86,13.2,12.73,31070423,12.99,0
2025-08-06,11.71,11.79,11.37,14901501,11.79,0
2025-08-07,17.61,17.65,17.52,30418139,17.65,0
2025-08-08,21.28,21.68,20.75,6719250,21.51,0
2025-08-11,11.75,11.87,11.64,30980946,11.79,0
2025-08-12,19.36,19.75,18.91,79870066,19.17,0
2025-08-13,8.78,8.79,8.53,5715090,8.79,0
2025-08-14,15.53,15.59,15.29,75093953,15.29,0
2025-08-15,8.99,9.18,8.77,15450268,8.94,0
2025-08-18,21.08,21.21,20.91,55906414,21.21,0
2025-08-19,18.73,19.21,18.3,43757852,18.68,0
2025-08-20,17.21,17.24,16.87,24083833,16.88,0
2025-08-21,19.53,19.66,19.28,38739272,19.28,0
2025-08-22,17.07,17.58,16.7,57122624,17.17,0
2025-08-25,21.57,21.85,21.17,15332163,21.85,0
2025-08-26,18.0,18.38,17.9,12381041,18.04,0
2025-08-27,20.95,21.06,20.43,31829700,20.96,0
2025-08-28,15.24,15.52,14.82,46958417,15.13,0
2025-08-29,9.64,9.85,9.45,41385935,9.55,0
2025-09-01,15.39,15.54,15.12,45670247,15.12,0
2025-09-02,9.78,10.02,9.65,16728792,9.69,0
2025-09-03,16.29,16.58,15.98,48277028,16.26,0
2025-09-04,14.75,14.92,14.66,6977762,14.66,0
2025-09-05,16.72,17.0,16.24,22625605,16.44,0
2025-09-08,8.14,8.28,8.0,5080473,8.21,0
2025-09-09,10.73,10.78,10.53,12297315,10.78,0
2025-09-10,14.88,15.06,14.72,13811271,15.06,0
2025-09-11,21.31,21.53,21.29,14997175,21.41,0
2025-09-12,13.37,13.53,13.17,34387133,13.17,0
2025-09-15,13.94,14.26,13.93,14683872,14.07,0
2025-09-16,18.01,18.27,17.63,17348062,17.73,0
2025-09-17,16.45,16.91,15.97,9660545,16.56,0
2025-09-18,12.18,12.29,11.88,14073754,12.29,0
2025-09-19,13.75,13.92,13.5,9389228,13.87,0
2025-09-22,11.05,11.31,10.82,6125008,11.25,0
2025-09-23,21.52,21.87,20.94,26643699,21.72,0
2025-09-24,9.83,9.99,9.66,31884410,9.91,0
2025-09-25,13.21,13.23,12.95,27855484,13.08,0
2025-09-26,8.36,8.46,8.14,18074756,8.46,0
2025-09-29,11.1,11.19,10.87,14331038,10.96,0
2025-09-30,18.93,19.5,18.87,54768053,19.24,0
2025-10-01,10.82,10.92,10.59,21086609,10.74,0
2025-10-02,9.12,9.36,9.04,18878282,9.04,0
2025-10-03,14.64,14.94,14.47,5368416,14.83,0
2025-10-06,8.14,8.22,8.0,12878739,8.0,0
2025-10-07,9.19,9.34,8.98,14347332,9.31,0
2025-10-08,19.31,19.8,18.94,15107774,19.13,0
2025-10-09,18.8,19.3,18.57,24978546,19.09,0
2025-10-10,20.81,20.91,20.4,21952880,20.91,0
2025-10-13,19.96,20.16,19.49,26974952,20.09,0
2025-10-14,17.56,17.74,17.09,41685136,17.47,0
2025-10-15,8.73,8.74,8.7,47632391,8.7,0
2025-10-16,18.96,19.3,18.64,36616460,19.21,0
2025-10-17,19.84,20.35,19.62,70718848,19.62,0
2025-10-20,19.19,19.41,18.9,5259255,19.09,0
2025-10-21,15.12,15.46,15.06,8604194,15.18,0
2025-10-22,11.26,11.47,11.11,5105951,11.25,0
2025-10-23,19.83,20.05,19.52,30102824,19.59,0
2025-10-24,18.18,18.26,18.14,60298503,18.14,0
2025-10-27,21.73,22.19,21.55,9820914,21.55,0
2025-10-28,10.18,10.44,9.91,65347778,10.33,0
2025-10-29,11.16,11.39,10.88,5909343,10.95,0
2025-10-30,10.97,10.98,10.9,66702651,10.98,0
2025-10-31,19.1,19.22,19.01,13254578,19.01,0
2025-11-03,10.62,10.64,10.48,6623581,10.48,0
2025-11-04,8.93,9.08,8.81,19231710,8.96,0
2025-11-05,21.98,22.48,21.74,10189663,21.74,0
2025-11-06,8.35,8.38,8.21,11015169,8.38,0
2025-11-07,19.69,20.19,19.5,11721522,19.97,0
2025-11-10,13.12,13.34,12.77,46335039,12.88,0
2025-11-11,19.78,20.19,19.76,22293840,20.02,0
2025-11-12,15.76,16.22,15.64,11852824,15.69,0
2025-11-13,20.62,20.67,20.39,27157207,20.39,0
2025-11-14,20.97,21.54,20.54,36416763,20.7,0
2025-11-17,8.13,8.16,7.93,10647362,8.16,0
2025-11-18,9.06,9.17,8.9,15737391,8.92,0
2025-11-19,11.51,11.8,11.39,7010282,11.68,0
2025-11-20,17.37,17.84,17.18,8262197,17.4,0
2025-11-21,20.44,20.75,20.06,33045903,20.06,0
2025-11-24,14.44,14.7,14.27,8268820,14.42,0
2025-11-25,16.5,16.85,16.41,21445182,16.71,0
2025-11-26,10.64,10.91,10.33,35706458,10.74,0
2025-11-27,19.27,19.34,18.95,6724541,19.26,0
2025-11-28,21.54,22.06,21.38,24103604,21.85,0
2025-12-01,11.76,11.93,11.6,10183625,11.6,0
2025-12-02,14.93,15.13,14.77,72185421,15.13,0
2025-12-03,9.21,9.33,9.08,19108077,9.33,0
2025-12-04,15.83,16.07,15.83,46717731,15.96,0
2025-12-05,15.04,15.47,14.61,22988402,15.23,0
2025-12-08,10.02,10.18,9.87,5639543,10.04,0
2025-12-09,14.19,14.6,13.8,28930786,14.29,0
2025-12-10,12.68,12.75,12.36,69915550,12.71,0
2025-12-11,15.31,15.64,15.03,26508357,15.22,0
2025-12-12,16.2,16.59,15.79,48458691,16.24,0
2025-12-15,8.12,8.29,8.11,58031083,8.11,0
2025-12-16,18.65,18.99,18.62,9410342,18.62,0
2025-12-17,17.98,18.28,17.62,9001138,17.82,0
2025-12-18,13.13,13.47,12.99,27205983,12.99,0
2025-12-19,8.74,8.96,8.62,15627791,8.68,0
2025-12-22,18.57,18.64,18.47,51317298,18.64,0
2025-12-23,21.37,21.91,21.13,60632550,21.27,0
2025-12-24,11.36,11.5,11.02,13320844,11.47,0
2025-12-25,12.53,12.63,12.44,9642521,12.44,0
2025-12-26,10.57,10.85,10.49,43532777,10.54,0
2025-12-29,16.08,16.29,15.84,10711972,15.84,0
2025-12-30,10.17,10.42,10.14,48921115,10.14,0
2025-12-31,12.99,13.09,12.95,16188317,13.05,0
2026-01-01,17.76,17.76,17.51,31825862,17.76,0
2026-01-02,15.84,16.08,15.65,6516374,15.66,0
2026-01-05,13.41,13.45,13.41,28194960,13.41,0
2026-01-06,13.88,14.19,13.59,17496553,14.08,0
2026-01-07,15.87,16.0,15.55,25428280,15.66,0
2026-01-08,8.08,8.19,7.88,7966715,7.92,0
2026-01-09,9.1,9.12,9.07,38570423,9.12,0
2026-01-12,20.34,20.51,20.18,54686636,20.18,0
2026-01-13,9.09,9.3,8.85,9119074,9.26,0
2026-01-14,17.9,17.98,17.89,6519613,17.98,0
2026-01-15,20.88,21.29,20.71,5338678,20.86,0
2026-01-16,11.79,12.11,11.74,29646997,11.76,0
2026-01-19,13.19,13.46,12.81,26914360,13.23,0
2026-01-20,15.96,16.35,15.72,22764561,15.72,0
2026-01-21,20.34,20.41,20.16,9511787,20.41,0
2026-01-22,21.19,21.35,20.9,14779772,21.3,0
2026-01-23,18.35,18.84,18.17,25989076,18.17,0
2026-01-26,9.21,9.41,9.16,19821518,9.23,0
2026-01-27,17.37,17.7,17.04,77336104,17.12,0
2026-01-28,13.74,14.01,13.68,7298941,13.68,0
2026-01-29,14.59,14.77,14.22,34356384,14.67,0
2026-01-30,8.69,8.7,8.5,15339751,8.7,0
2026-02-02,10.67,10.92,10.36,16389802,10.71,0
2026-02-03,19.07,19.46,18.71,36563168,18.83,0
2026-02-04,14.36,14.56,14.09,34099359,14.42,0
2026-02-05,12.22,12.55,12.15,78083838,12.15,0
2026-02-06,13.38,13.51,13.24,7137928,13.44,0
2026-02-09,19.96,20.14,19.62,6673144,20.0,0
2026-02-10,18.49,18.97,18.3,37252965,18.6,0
2026-02-11,11.81,12.09,11.47,24855199,12.0,0
2026-02-12,9.65,9.8,9.41,10692822,9.79,0
2026-02-13,11.53,11.58,11.4,6231613,11.58,0
2026-02-16,20.89,21.02,20.67,6340344,21.02,0
2026-02-17,16.14,16.46,16.03,59659980,16.32,0
2026-02-18,15.47,15.65,15.19,8511406,15.65,0
2026-02-19,16.35,16.76,16.21,12255983,16.59,0
2026-02-20,13.12,13.49,13.0,9373278,13.24,0
2026-02-23,19.3,19.77,19.28,13379139,19.28,0
2026-02-24,15.33,15.5,14.97,6061284,15.05,0
2026-02-25,9.63,9.86,9.5,21085324,9.76,0
2026-02-26,9.81,9.91,9.69,6030921,9.81,0
2026-02-27,15.52,15.6,15.52,45993374,15.6,0
2026-03-02,21.11,21.13,20.6,9558448,20.95,0
2026-03-03,12.32,12.46,12.14,22346481,12.27,0
2026-03-04,20.17,20.72,19.77,57370789,20.33,0
2026-03-05,18.7,18.83,18.43,30388163,18.83,0
2026-03-06,11.47,11.54,11.21,21913670,11.28,0
2026-03-09,8.51,8.76,8.27,12288723,8.63,0
2026-03-10,9.43,9.44,9.31,12587639,9.44,0
2026-03-11,18.2,18.63,17.84,31997248,18.07,0
2026-03-12,10.8,10.9,10.53,78710573,10.74,0
2026-03-13,13.2,13.21,12.93,31325917,12.96,0
2026-03-16,15.02,15.43,14.59,23475138,14.73,0
2026-03-17,18.16,18.24,18.13,37910620,18.14,0
2026-03-18,9.59,9.75,9.47,18160733,9.47,0
2026-03-19,13.69,13.8,13.61,5907294,13.61,0
2026-03-20,14.79,14.82,14.53,23770747,14.82,0
2026-03-23,15.57,15.59,15.52,71132119,15.59,0
2026-03-24,19.46,19.53,19.16,8129349,19.53,0
2026-03-25,10.4,10.42,10.27,33870272,10.27,0
2026-03-26,19.31,19.75,19.02,8728071,19.56,0
2026-03-27,17.7,17.96,17.56,22088734,17.96,0
2026-03-30,15.78,15.94,15.57,6537024,15.79,0
2026-03-31,17.79,18.01,17.4,17428927,18.01,0
2026-04-01,13.77,14.15,13.42,40689409,13.96,0
2026-04-02,9.94,10.21,9.82,13106533,10.03,0
2026-04-03,17.32,17.69,17.05,31593919,17.48,0
2026-04-06,15.35,15.76,14.93,45371924,15.11,0
2026-04-07,16.95,17.11,16.64,65373742,16.79,0
2026-04-08,12.73,12.88,12.54,9583127,12.54,0
2026-04-09,20.7,21.08,20.59,15128445,20.59,0
2026-04-10,16.22,16.52,15.77,7629519,16.0,0
2026-04-13,9.2,9.33,9.02,78350040,9.33,0
2026-04-14,14.3,14.47,14.22,65341695,14.22,0
2026-04-15,18.59,19.14,18.39,22343087,18.94,0
2026-04-16,19.12,19.59,18.71,51627265,19.19,0
2026-04-17,14.92,15.11,14.85,21196586,14.85,0
2026-04-20,20.53,20.98,20.22,28173577,20.53,0
2026-04-21,11.75,11.85,11.57,6401570,11.62,0
2026-04-22,13.75,13.79,13.74,40588800,13.79,0
2026-04-23,20.58,20.8,20.55,7124467,20.8,0
2026-04-24,20.55,20.8,20.15,49391765,20.16,0
2026-04-27,17.6,17.61,17.15,43714514,17.61,0
2026-04-28,20.03,20.52,19.62,35676616,20.21,0
2026-04-29,9.24,9.34,8.97,5527280,9.09,0
2026-04-30,20.11,20.46,19.52,11587051,20.25,0
2026-05-01,12.49,12.52,12.26,10370247,12.52,0
2026-05-04,10.5,10.56,10.48,13571175,10.48,0
2026-05-05,11.35,11.65,11.31,6375326,11.47,0
2026-05-06,13.85,14.1,13.65,67170664,13.65,0
2026-05-07,11.52,11.85,11.37,23217441,11.52,0
2026-05-08,12.49,12.86,12.12,11664280,12.25,0
2026-05-11,9.89,10.0,9.66,15030844,10.0,0
2026-05-12,12.15,12.26,11.79,17276490,12.26,0
2026-05-13,16.01,16.42,15.89,26433681,15.89,0
2026-05-14,14.19,14.62,13.83,20888628,14.1,0
2026-05-15,12.85,13.09,12.8,63977645,12.8,0
2026-05-18,18.45,18.89,18.25,19832327,18.65,0
2026-05-19,20.51,20.99,20.04,78279365,20.15,0
2026-05-20,18.6,18.8,18.13,52989255,18.8,0
2026-05-21,12.65,12.87,12.51,8913365,12.87,0
2026-05-22,18.42,18.88,18.37,65996104,18.55,0
2026-05-25,10.13,10.34,10.04,6903814,10.04,0
2026-05-26,9.82,9.83,9.63,48225588,9.77,0
2026-05-27,12.84,12.97,12.68,14364355,12.83,0
2026-05-28,19.31,19.39,18.91,57036968,19.39,0
2026-05-29,11.45,11.53,11.45,55489960,11.53,0
2026-06-01,8.89,9.13,8.82,46709034,8.91,0
2026-06-02,9.84,9.85,9.73,44695257,9.78,0
2026-06-03,20.02,20.15,19.67,11636979,20.15,0
2026-06-04,16.87,17.03,16.68,6257582,16.68,0
2026-06-05,11.54,11.75,11.31,15282925,11.52,0
2026-06-08,15.77,16.02,15.31,8089363,15.94,0
2026-06-09,15.39,15.49,15.11,34337961,15.12,0
2026-06-10,17.18,17.26,17.14,13053158,17.26,0
2026-06-11,11.26,11.34,11.13,74769029,11.34,0
2026-06-12,20.1,20.4,19.55,29564960,20.23,0
2026-06-15,12.33,12.43,12.29,48902976,12.29,0
2026-06-16,17.72,18.22,17.33,7220140,17.49,0
2026-06-17,8.23,8.34,8.04,54568104,8.18,0
2026-06-18,13.22,13.24,12.94,64577373,13.08,0
2026-06-19,12.92,13.2,12.76,19295276,13.16,0
2026-06-22,15.61,15.76,15.4,26851669,15.7,0
2026-06-23,9.02,9.2,8.88,41676647,8.95,0
2026-06-24,19.06,19.22,18.9,8118891,19.22,0
2026-06-25,11.05,11.24,10.82,20142801,11.16,0
2026-06-26,17.48,17.88,17.37,15101084,17.37,0
2026-06-29,19.24,19.78,18.76,7502774,19.15,0
2026-06-30,15.87,15.99,15.77,13852417,15.77,0
2026-07-01,18.37,18.55,18.18,6040288,18.55,0
2026-07-02,17.27,17.51,17.11,5370944,17.28,0
2026-07-03,12.98,13.34,12.78,7273215,13.19,0
2026-07-06,19.32,19.84,19.13,72223105,19.2,0
2026-07-07,12.13,12.16,11.8,22944019,12.16,0
2026-07-08,16.0,16.06,15.93,72767217,15.93,0
2026-07-09,18.44,18.71,17.92,16586293,18.71,0
2026-07-10,13.31,13.35,12.97,11869544,13.35,0
2026-07-13,12.24,12.37,12.08,20343494,12.17,0
2026-07-14,14.43,14.49,14.32,16911994,14.49,0
2026-07-15,19.45,19.82,18.91,6701977,19.65,0
2026-07-16,21.02,21.62,20.97,29553014,21.36,0
2026-07-17,15.63,16.1,15.62,9101352,15.62,0
2026-07-20,17.26,17.45,17.06,27863024,17.24,0
2026-07-21,20.65,21.02,20.33,30331238,20.95,0
2026-07-22,9.38,9.62,9.31,7621249,9.48,0
2026-07-23,11.25,11.29,11.02,5927101,11.2,0
2026-07-24,17.92,18.29,17.65,43561280,18.17,0
2026-07-27,19.53,19.77,19.48,17890599,19.48,0
2026-07-28,20.0,20.12,19.97,5874977,20.12,0
2026-07-29,13.81,13.98,13.78,78869378,13.78,0
2026-07-30,9.25,9.27,9.05,5868738,9.17,0
2026-07-31,14.13,14.42,13.8,34345972,14.13,0
2026-08-03,11.23,11.32,10.99,76460557,11.21,0
2026-08-04,12.08,12.19,11.88,9704464,12.09,0
2026-08-05,18.81,18.88,18.42,7417462,18.84,0
2026-08-06,9.06,9.3,8.89,7000548,9.0,0
2026-08-07,19.59,19.88,19.37,11591768,19.37,0
2026-08-10,13.99,14.23,13.89,6616698,14.14,0
2026-08-11,16.34,16.62,16.21,34073387,16.27,0
2026-08-12,9.26,9.37,9.21,5942604,9.26,0
2026-08-13,12.72,12.79,12.35,20529358,12.79,0
2026-08-14,9.26,9.47,9.0,79270683,9.41,0
2026-08-17,21.46,21.54,21.32,47762590,21.54,0
2026-08-18,19.3,19.36,19.03,27527579,19.03,0
2026-08-19,14.43,14.74,14.25,11687890,14.63,0
2026-08-20,11.13,11.2,10.81,28197814,11.2,0
2026-08-21,21.07,21.26,20.6,21557141,21.05,0
2026-08-24,12.82,13.0,12.68,16293918,13.0,0
2026-08-25,10.25,10.39,10.21,7183912,10.27,0
2026-08-26,15.88,16.22,15.84,58418158,15.85,0
2026-08-27,21.21,21.61,20.89,17400619,21.07,0
2026-08-28,8.05,8.21,7.94,8576673,8.1,0
2026-08-31,11.33,11.57,11.27,13861058,11.27,0
2026-09-01,21.14,21.33,20.85,15762747,20.85,0
2026-09-02,10.4,10.5,10.25,49593518,10.25,0
2026-09-03,9.59,9.72,9.56,38223437,9.56,0
2026-09-04,15.98,16.13,15.88,42199315,15.91,0
2026-09-07,20.07,20.66,20.02,5155288,20.11,0
2026-09-08,14.68,15.04,14.34,15851463,14.56,0
2026-09-09,21.92,22.03,21.61,18991799,22.03,0
2026-09-10,17.51,17.51,17.43,5273268,17.43,0
2026-09-11,9.04,9.05,8.8,10275815,9.02,0
2026-09-14,21.9,22.06,21.77,41157612,21.77,0
2026-09-15,13.71,13.76,13.37,7312511,13.58,0
2026-09-16,12.02,12.21,11.95,22057060,11.95,0
2026-09-17,15.81,16.22,15.63,9080272,15.85,0
2026-09-18,12.26,12.53,11.96,5170885,12.38,0
2026-09-21,9.21,9.27,9.06,9759004,9.1,0
2026-09-22,8.02,8.12,7.94,74823685,7.98,0
2026-09-23,14.29,14.51,14.13,46144172,14.13,0
2026-09-24,19.72,20.2,19.38,71518009,19.99,0
2026-09-25,16.01,16.41,15.96,19337700,16.19,0
2026-09-28,21.99,22.59,21.67,6778062,21.67,0
2026-09-29,12.02,12.2,11.84,22844359,11.96,0
2026-09-30,11.93,12.18,11.59,17623608,12.15,0
2026-10-01,10.24,10.27,10.22,51960969,10.22,0
2026-10-02,10.3,10.47,10.05,6562559,10.31,0
2026-10-05,11.99,12.08,11.82,19358465,11.92,0
2026-10-06,19.1,19.35,18.99,7579605,19.17,0
2026-10-07,20.68,21.07,20.19,12300387,21.07,0
2026-10-08,21.65,21.82,21.34,38622145,21.82,0
2026-10-09,11.25,11.27,10.99,18713411,11.27,0
2026-10-12,20.34,20.35,20.19,14177008,20.26,0
2026-10-13,12.6,12.61,12.44,14926802,12.6,0
2026-10-14,9.58,9.58,9.54,17873065,9.54,0
2026-10-15,20.18,20.25,20.12,44078226,20.25,0
2026-10-16,16.91,17.03,16.73,59312606,17.03,0
2026-10-19,10.31,10.38,10.23,70681798,10.29,0
2026-10-20,14.02,14.44,13.83,44309423,13.83,0
2026-10-21,12.02,12.13,11.8,11988304,12.03,0
2026-10-22,18.32,18.39,18.13,33695100,18.39,0
2026-10-23,14.35,14.58,14.31,16822738,14.36,0
2026-10-26,21.85,22.41,21.47,10130339,21.57,0
2026-10-27,8.77,8.95,8.59,51461243,8.6,0
2026-10-28,12.97,13.09,12.73,5562115,12.89,0
2026-10-29,14.75,15.0,14.5,60925575,15.0,0
2026-10-30,15.04,15.36,14.62,17973979,15.34,0
2026-11-02,12.42,12.69,12.23,29257488,12.64,0
2026-11-03,18.21,18.57,17.93,31110804,18.38,0
2026-11-04,20.25,20.78,20.0,59813493,20.3,0
2026-11-05,21.14,21.69,20.74,29214381,21.22,0
2026-11-06,19.27,19.6,19.05,27429614,19.3,0
2026-11-09,19.91,20.17,19.84,6014881,20.07,0
2026-11-10,15.71,16.01,15.69,21047255,15.69,0
2026-11-11,19.56,20.04,19.32,7582135,19.69,0
2026-11-12,12.25,12.25,11.9,38630359,12.06,0
2026-11-13,13.58,13.98,13.57,20689341,13.57,0
2026-11-16,12.44,12.51,12.33,32964452,12.51,0
2026-11-17,14.54,14.75,14.25,5612407,14.75,0
2026-11-18,12.0,12.31,11.69,6325135,12.02,0
2026-11-19,21.46,21.6,20.91,36434206,21.06,0
2026-11-20,12.38,12.56,12.07,6106160,12.56,0
2026-11-23,9.37,9.41,9.1,6092165,9.41,0
2026-11-24,15.38,15.56,15.33,5170709,15.33,0
2026-11-25,8.8,8.85,8.68,70910811,8.83,0
2026-11-26,9.55,9.65,9.46,38638349,9.52,0
2026-11-27,11.07,11.19,11.01,13314568,11.05,0
2026-11-30,14.5,14.93,14.41,11377175,14.72,0
2026-12-01,14.07,14.49,14.02,13184226,14.02,0
2026-12-02,19.2,19.27,19.18,42829776,19.18,0
2026-12-03,18.35,18.75,18.04,31285246,18.04,0
2026-12-04,13.97,13.99,13.95,8355409,13.95,0
2026-12-07,12.67,12.68,12.56,8102491,12.56,0
2026-12-08,12.43,12.47,12.08,6568258,12.29,0
2026-12-09,18.84,19.39,18.66,31192753,18.66,0
2026-12-10,8.73,8.98,8.65,41626165,8.65,0
2026-12-11,8.18,8.23,8.16,10426000,8.16,0
2026-12-14,19.14,19.23,18.78,5298955,18.78,0
2026-12-15,14.68,14.79,14.5,6279348,14.74,0
2026-12-16,9.83,9.98,9.54,73179529,9.86,0
2026-12-17,11.3,11.49,11.07,11342818,11.12,0
2026-12-18,21.06,21.2,20.47,42189752,21.14,0
2026-12-21,20.03,20.48,19.74,28257900,20.43,0
2026-12-22,17.94,18.11,17.84,14416876,18.11,0
2026-12-23,14.75,15.16,14.4,8843866,14.46,0
2026-12-24,15.28,15.58,15.06,7000577,15.46,0
2026-12-25,21.65,21.93,21.13,27511826,21.52,0
2026-12-28,21.52,22.03,20.95,42827430,21.14,0
2026-12-29,11.01,11.28,10.85,29806294,10.92,0
2026-12-30,19.36,19.53,18.83,21752912,19.22,0
2026-12-31,10.76,10.87,10.63,5616740,10.77,0
2027-01-01,10.99,11.3,10.67,73307211,11.06,0
2027-01-04,17.47,17.56,17.0,45784421,17.56,0
2027-01-05,13.67,13.69,13.49,11260635,13.53,0
2027-01-06,21.04,21.33,20.78,75678386,20.89,0
2027-01-07,9.25,9.47,8.98,26528192,9.18,0
2027-01-08,15.16,15.51,14.97,25134877,15.08,0
2027-01-11,20.86,21.44,20.76,39786879,21.28,0
2027-01-12,20.66,20.99,20.49,47472076,20.89,0
2027-01-13,10.19,10.22,9.92,30863773,10.22,0
2027-01-14,13.13,13.36,12.97,7132022,13.23,0
2027-01-15,16.67,17.06,16.51,12772758,16.61,0
2027-01-18,10.23,10.26,9.93,65538132,10.18,0
2027-01-19,21.55,21.66,21.46,9320391,21.54,0
2027-01-20,20.81,20.82,20.75,14031489,20.75,0
2027-01-21,10.34,10.52,10.29,16566944,10.48,0
2027-01-22,9.7,9.96,9.65,16906991,9.69,0
2027-01-25,9.2,9.39,9.13,27354124,9.13,0
2027-01-26,20.73,21.34,20.5,68319781,20.96,0
2027-01-27,10.71,10.73,10.61,9745248,10.73,0
2027-01-28,13.83,14.2,13.75,7002808,13.79,0
2027-01-29,14.28,14.63,14.14,8644665,14.38,0
2027-02-01,16.39,16.54,16.06,58470122,16.1,0
2027-02-02,9.0,9.26,8.83,29964270,9.01,0
2027-02-03,11.17,11.27,11.14,11046790,11.14,0
2027-02-04,21.04,21.6,20.42,48025071,20.64,0
2027-02-05,20.72,21.27,20.53,54470684,20.81,0
2027-02-08,18.94,19.37,18.91,52272688,18.91,0
2027-02-09,8.27,8.41,8.2,63895137,8.35,0
2027-02-10,12.58,12.63,12.58,10062328,12.63,0
2027-02-11,16.79,17.06,16.63,40563094,16.63,0
2027-02-12,11.85,11.98,11.51,17927297,11.96,0
2027-02-15,20.73,21.22,20.62,51622292,20.74,0
2027-02-16,16.87,17.25,16.51,37684277,16.61,0
2027-02-17,9.01,9.26,8.86,43043333,9.06,0
2027-02-18,20.73,20.74,20.3,30836678,20.74,0
2027-02-19,21.41,21.93,20.94,8177405,21.42,0
2027-02-22,9.09,9.35,8.93,22659369,9.25,0
2027-02-23,15.45,15.82,15.16,76670892,15.46,0
2027-02-24,12.25,12.3,12.12,67250839,12.3,0
2027-02-25,13.5,13.53,13.42,5635810,13.5,0
2027-02-26,10.52,10.53,10.3,7896358,10.36,0
2027-03-01,16.09,16.39,15.71,7204225,16.07,0
2027-03-02,21.41,21.81,21.2,37422855,21.2,0
2027-03-03,15.04,15.49,14.89,48270485,15.1,0
2027-03-04,9.16,9.27,9.13,9037812,9.23,0
2027-03-05,16.68,16.85,16.19,20327190,16.66,0
2027-03-08,12.76,13.0,12.7,51437200,12.7,0
2027-03-09,19.98,20.47,19.69,38137392,19.95,0
2027-03-10,14.09,14.49,13.93,22484781,13.93,0
2027-03-11,10.7,10.96,10.41,25693274,10.78,0
2027-03-12,10.68,10.82,10.5,20469022,10.8,0
2027-03-15,18.76,19.12,18.33,11409170,19.11,0
2027-03-16,11.72,12.02,11.46,23951035,11.56,0
2027-03-17,18.74,19.02,18.46,33765296,18.76,0
2027-03-18,10.88,10.95,10.82,56306117,10.91,0
2027-03-19,12.5,12.56,12.4,29183753,12.56,0
2027-03-22,14.52,14.52,14.34,41252631,14.52,0
2027-03-23,21.2,21.66,20.91,7793193,20.91,0
2027-03-24,21.04,21.11,20.68,17977967,20.99,0
2027-03-25,10.9,10.98,10.89,5131052,10.97,0
2027-03-26,13.02,13.14,12.85,9908341,13.12,0
2027-03-29,10.09,10.26,9.86,37472880,10.24,0
2027-03-30,15.14,15.32,14.79,78203859,14.95,0
2027-03-31,14.45,14.74,14.28,6582522,14.71,0
2027-04-01,20.61,20.64,20.31,15220094,20.31,0
2027-04-02,21.02,21.1,20.39,45956976,21.1,0
2027-04-05,13.37,13.57,13.3,8803460,13.56,0
2027-04-06,14.88,15.03,14.75,23300159,14.98,0
2027-04-07,20.55,20.73,20.34,38165926,20.73,0
2027-04-08,19.29,19.33,18.75,27586106,18.96,0
2027-04-09,8.05,8.27,7.9,8421207,7.9,0
2027-04-12,12.48,12.74,12.46,13393549,12.46,0
2027-04-13,13.9,13.95,13.84,43928801,13.84,0
2027-04-14,11.22,11.24,10.98,23244768,11.24,0
2027-04-15,10.79,11.11,10.52,5073026,10.67,0
2027-04-16,8.53,8.7,8.39,41237676,8.65,0
2027-04-19,17.01,17.22,16.68,5514284,16.97,0
2027-04-20,11.68,11.93,11.57,39529649,11.77,0
2027-04-21,8.73,8.93,8.72,8765585,8.78,0
2027-04-22,11.23,11.49,11.02,71220567,11.15,0
2027-04-23,19.23,19.51,18.69,13868031,19.03,0
2027-04-26,19.92,20.18,19.86,12377556,19.86,0
2027-04-27,14.76,14.76,14.33,7555254,14.76,0
2027-04-28,13.82,14.2,13.8,11666864,13.87,0
2027-04-29,21.69,22.08,21.47,56828044,21.48,0
2027-04-30,10.81,10.88,10.79,79191048,10.88,0
2027-05-03,11.02,11.32,10.76,13882218,10.82,0
2027-05-04,12.09,12.42,11.74,17344070,12.19,0
2027-05-05,10.42,10.73,10.26,37019457,10.39,0
2027-05-06,13.31,13.66,13.09,58352041,13.43,0
2027-05-07,20.75,21.37,20.33,25886095,21.1,0
2027-05-10,16.61,16.73,16.59,14805188,16.73,0
2027-05-11,13.77,14.12,13.7,15696984,13.74,0
2027-05-12,21.08,21.6,20.87,34401527,20.87,0
2027-05-13,8.68,8.74,8.46,5044814,8.74,0
2027-05-14,10.94,10.97,10.85,27863130,10.92,0
2027-05-17,15.92,16.39,15.79,13397576,15.79,0
2027-05-18,16.62,16.77,16.33,45214620,16.77,0
2027-05-19,8.55,8.77,8.53,6470560,8.53,0
2027-05-20,13.64,13.64,13.3,25540895,13.39,0
2027-05-21,17.09,17.1,16.71,18972260,17.1,0
2027-05-24,17.77,18.02,17.27,29676112,17.76,0
2027-05-25,16.93,17.05,16.83,5984964,16.83,0
2027-05-26,12.49,12.75,12.35,24965489,12.6,0
2027-05-27,9.31,9.47,9.12,23717276,9.45,0
2027-05-28,13.98,14.01,13.63,23663121,13.7,0
2027-05-31,9.8,9.85,9.52,26646585,9.85,0
2027-06-01,21.27,21.52,20.74,32622600,21.5,0
2027-06-02,14.65,14.73,14.41,46587923,14.48,0
2027-06-03,12.44,12.74,12.16,10564928,12.43,0
2027-06-04,18.73,18.96,18.31,49252523,18.42,0
2027-06-07,14.97,15.01,14.91,19903508,15.01,0
2027-06-08,12.34,12.52,12.16,6190952,12.51,0
2027-06-09,19.37,19.42,19.21,5881287,19.21,0
2027-06-10,20.14,20.22,19.56,12630864,20.22,0
2027-06-11,17.42,17.55,17.09,44063617,17.55,0
2027-06-14,8.66,8.88,8.52,35571548,8.61,0
2027-06-15,15.93,16.37,15.54,44520193,16.05,0
2027-06-16,18.69,19.15,18.2,20980895,18.32,0
2027-06-17,9.91,10.01,9.87,16944252,10.01,0
2027-06-18,11.2,11.29,11.18,7525243,11.22,0
2027-06-21,20.35,20.69,19.79,12420911,20.45,0
2027-06-22,8.28,8.46,8.12,16656410,8.33,0
2027-06-23,18.54,19.09,18.52,6392276,18.59,0
2027-06-24,14.63,14.69,14.23,9217503,14.69,0
2027-06-25,14.25,14.27,14.1,26260624,14.27,0
2027-06-28,8.1,8.27,8.09,38441176,8.23,0
2027-06-29,19.47,19.96,19.46,79634305,19.53,0
2027-06-30,13.04,13.37,12.83,66458481,12.87,0
2027-07-01,15.57,15.89,15.18,29695839,15.83,0
2027-07-02,17.48,17.98,17.06,16076933,17.61,0
2027-07-05,17.84,18.11,17.78,29174531,17.98,0
2027-07-06,21.38,21.97,21.32,44155908,21.8,0
2027-07-07,15.44,15.89,15.26,6941622,15.26,0
2027-07-08,13.6,13.95,13.5,15579183,13.56,0
2027-07-09,21.35,21.55,21.18,51308902,21.18,0
2027-07-12,16.99,17.09,16.82,14492754,17.08,0
2027-07-13,12.17,12.37,12.11,24410284,12.32,0
2027-07-14,9.77,9.9,9.68,25510257,9.9,0
2027-07-15,19.8,20.32,19.52,8338761,19.76,0
2027-07-16,13.07,13.11,12.77,13650386,13.11,0
2027-07-19,17.25,17.38,17.12,12640427,17.38,0
2027-07-20,14.59,14.92,14.36,5376677,14.7,0
2027-07-21,10.79,10.82,10.56,5346872,10.68,0
2027-07-22,16.42,16.58,16.32,50168722,16.49,0
2027-07-23,8.85,8.95,8.77,10660560,8.95,0
2027-07-26,13.79,14.05,13.76,21028050,14.05,0
2027-07-27,15.65,15.72,15.26,11446466,15.72,0
2027-07-28,14.1,14.46,13.95,67867317,14.32,0
2027-07-29,18.48,18.73,18.06,10261112,18.26,0
2027-07-30,19.59,20.13,19.53,16456155,19.53,0
2027-08-02,18.8,19.06,18.29,56213670,19.06,0
2027-08-03,8.54,8.61,8.45,51612992,8.45,0
2027-08-04,10.72,10.77,10.65,8376420,10.65,0
2027-08-05,15.51,15.51,15.21,46285915,15.46,0
2027-08-06,21.09,21.43,21.06,17810741,21.17,0
2027-08-09,19.69,19.75,19.6,19077544,19.75,0
2027-08-10,19.8,20.03,19.38,7239289,19.64,0
2027-08-11,12.24,12.46,11.88,6252071,12.45,0
2027-08-12,14.01,14.13,13.71,37626712,14.13,0
2027-08-13,14.59,14.67,14.28,19804724,14.53,0
2027-08-16,10.2,10.44,10.17,16787679,10.17,0
2027-08-17,8.43,8.67,8.42,37790744,8.5,0
2027-08-18,21.26,21.32,20.67,41757970,21.32,0
2027-08-19,11.37,11.42,11.19,7768095,11.32,0
2027-08-20,11.36,11.69,11.21,27149029,11.32,0
2027-08-23,9.17,9.18,8.92,7277003,9.11,0
2027-08-24,21.0,21.62,20.61,40152793,20.78,0
2027-08-25,16.12,16.12,15.79,30904579,16.09,0
2027-08-26,17.34,17.79,17.1,70933075,17.47,0
2027-08-27,20.76,20.95,20.55,6053461,20.95,0
2027-08-30,12.84,13.2,12.73,5856939,12.98,0
2027-08-31,16.7,16.86,16.27,10933447,16.62,0
2027-09-01,8.54,8.71,8.49,10329875,8.63,0
2027-09-02,10.61,10.64,10.51,9916584,10.51,0
2027-09-03,19.64,19.78,19.57,61689216,19.62,0
2027-09-06,18.73,19.16,18.42,9987426,18.95,0
2027-09-07,12.91,13.11,12.87,10627475,12.98,0
2027-09-08,13.28,13.65,13.23,41055999,13.27,0
2027-09-09,15.47,15.67,15.21,17398457,15.56,0
2027-09-10,8.0,8.21,7.85,43074744,8.13,0
2027-09-13,11.38,11.53,11.36,5993475,11.41,0
2027-09-14,10.92,11.24,10.83,19322540,11.05,0
2027-09-15,11.51,11.84,11.49,5488388,11.73,0
2027-09-16,19.28,19.47,19.16,5948562,19.44,0
2027-09-17,11.92,12.24,11.78,61720503,11.95,0
2027-09-20,10.68,10.95,10.4,7355939,10.48,0
2027-09-21,15.06,15.16,14.74,21881062,14.98,0
2027-09-22,20.12,20.5,20.1,15630700,20.17,0
2027-09-23,11.38,11.4,11.15,13098243,11.4,0
2027-09-24,9.1,9.33,8.85,60600655,9.08,0
2027-09-27,12.99,13.06,12.88,5311877,13.06,0
2027-09-28,18.47,18.51,18.32,31495784,18.32,0
2027-09-29,15.71,15.9,15.37,72279060,15.86,0
2027-09-30,19.44,19.78,19.03,23630870,19.38,0
2027-10-01,21.43,21.98,21.09,67145460,21.42,0
2027-10-04,19.1,19.66,18.54,5779560,19.33,0
2027-10-05,16.45,16.67,16.35,15967885,16.35,0
2027-10-06,14.91,14.94,14.6,10285637,14.67,0
2027-10-07,8.56,8.75,8.52,37928541,8.57,0
2027-10-08,21.78,22.15,21.65,75957286,21.81,0
2027-10-11,13.37,13.55,13.23,10182701,13.53,0
2027-10-12,10.13,10.22,9.92,30667242,10.22,0
2027-10-13,17.33,17.59,17.08,8659709,17.08,0
2027-10-14,11.98,12.1,11.78,23971514,12.02,0
2027-10-15,16.2,16.57,15.88,18096741,16.32,0
2027-10-18,16.21,16.47,16.14,74025448,16.47,0
2027-10-19,14.24,14.61,14.02,27021525,14.49,0
2027-10-20,19.71,20.03,19.61,13177032,19.88,0
2027-10-21,11.71,11.79,11.4,6860488,11.72,0
2027-10-22,14.28,14.64,13.91,7604827,14.09,0
2027-10-25,15.53,15.79,15.52,9338532,15.52,0
2027-10-26,17.29,17.4,17.08,10026837,17.35,0
2027-10-27,18.98,19.34,18.7,52870546,19.15,0
2027-10-28,13.53,13.68,13.34,23700067,13.6,0
2027-10-29,17.04,17.47,16.64,21340051,17.19,0
2027-11-01,10.11,10.25,10.02,6873303,10.08,0
2027-11-02,21.06,21.52,20.48,54285194,21.25,0
2027-11-03,13.36,13.4,13.19,37095835,13.19,0
2027-11-04,18.21,18.43,17.98,6031854,17.98,0
2027-11-05,8.28,8.52,8.26,35586755,8.26,0
2027-11-08,10.87,11.13,10.72,22566034,11.04,0
2027-11-09,14.82,14.89,14.44,6271582,14.57,0
2027-11-10,20.3,20.47,20.04,17816359,20.47,0
2027-11-11,15.38,15.53,14.96,19169134,15.22,0
2027-11-12,21.02,21.43,20.52,7917397,20.99,0
2027-11-15,14.77,15.11,14.34,68818316,15.02,0
2027-11-16,14.87,15.2,14.65,52776712,14.92,0
2027-11-17,9.68,9.83,9.41,31956056,9.57,0
2027-11-18,19.24,19.71,18.93,18014795,19.07,0
2027-11-19,11.46,11.61,11.44,15659761,11.61,0
2027-11-22,20.59,20.67,20.42,30396261,20.53,0
2027-11-23,20.75,21.1,20.18,22684824,20.82,0
2027-11-24,21.21,21.82,20.72,5942296,21.18,0
2027-11-25,15.28,15.64,15.13,20705451,15.21,0
2027-11-26,17.48,17.78,17.42,46771006,17.42,0
2027-11-29,18.9,19.27,18.35,17862816,19.04,0
2027-11-30,9.83,10.1,9.77,5774734,9.92,0
2027-12-01,16.41,16.62,16.19,44232684,16.26,0
2027-12-02,8.48,8.56,8.36,8738485,8.56,0
2027-12-03,14.97,15.41,14.95,10241900,15.18,0
2027-12-06,10.17,10.43,10.09,7893984,10.34,0
2027-12-07,10.56,10.66,10.51,12490751,10.51,0
2027-12-08,13.11,13.29,12.86,40755818,13.01,0
2027-12-09,14.05,14.22,13.86,21104395,14.22,0
2027-12-10,16.72,16.79,16.53,8824125,16.53,0
2027-12-13,9.04,9.3,8.86,57014162,8.86,0
2027-12-14,15.05,15.23,14.86,57291751,15.23,0
2027-12-15,10.56,10.84,10.32,55879290,10.49,0
2027-12-16,16.04,16.13,15.63,9694140,15.99,0
2027-12-17,16.92,17.2,16.6,17470942,16.88,0
2027-12-20,15.79,15.8,15.67,76738929,15.8,0
2027-12-21,18.34,18.76,18.29,42517298,18.29,0
2027-12-22,12.7,12.92,12.49,5391168,12.9,0
2027-12-23,18.71,19.06,18.51,5990791,18.8,0
2027-12-24,14.06,14.08,13.68,18096686,14.08,0
2027-12-27,14.78,14.87,14.74,62198545,14.74,0
2027-12-28,17.07,17.11,16.85,22265457,16.9,0
2027-12-29,8.26,8.33,8.21,19879067,8.3,0
2027-12-30,17.16,17.48,17.05,6698430,17.12,0
2027-12-31,16.66,16.94,16.29,30889584,16.93,0
2028-01-03,12.34,12.57,12.17,48851831,12.34,0
2028-01-04,9.2,9.35,9.19,14356261,9.2,0
2028-01-05,9.27,9.35,9.02,42943727,9.24,0
2028-01-06,20.93,21.08,20.73,72496262,21.08,0
2028-01-07,17.65,17.72,17.63,8796892,17.63,0
2028-01-10,9.78,10.03,9.57,21336426,9.69,0
2028-01-11,12.99,13.23,12.94,11084563,13.18,0
2028-01-12,16.29,16.38,16.26,45046583,16.35,0
2028-01-13,19.7,19.8,19.55,24800573,19.77,0
2028-01-14,8.61,8.84,8.41,29045802,8.65,0
2028-01-17,11.31,11.56,11.08,45682976,11.41,0
2028-01-18,20.46,20.86,19.87,14988769,20.31,0
2028-01-19,8.13,8.23,8.09,63219090,8.09,0
2028-01-20,10.82,10.91,10.77,21917990,10.91,0
2028-01-21,21.43,22.06,21.19,7747589,21.19,0
2028-01-24,16.59,16.99,16.27,34428336,16.74,0
2028-01-25,11.66,11.77,11.34,45097436,11.47,0
2028-01-26,8.94,9.17,8.87,12033420,8.9,0
2028-01-27,8.39,8.58,8.32,53841441,8.32,0
2028-01-28,11.43,11.53,11.4,61670178,11.44,0
2028-01-31,20.34,20.6,20.18,10774478,20.46,0
2028-02-01,13.82,13.9,13.75,76427185,13.75,0
2028-02-02,18.08,18.14,17.94,7385902,17.99,0
2028-02-03,20.86,21.31,20.63,8754294,21.22,0
2028-02-04,13.71,13.82,13.47,8332951,13.68,0
2028-02-07,10.68,10.94,10.65,59626714,10.81,0
2028-02-08,15.24,15.7,15.08,30677272,15.5,0
2028-02-09,20.71,20.76,20.34,7622928,20.76,0
2028-02-10,19.26,19.53,18.73,16950099,19.53,0
2028-02-11,8.92,9.13,8.73,27533578,8.85,0
2028-02-14,17.7,18.12,17.46,6301889,18.03,0
2028-02-15,16.01,16.38,15.66,57743777,16.21,0
2028-02-16,20.7,20.92,20.22,46409307,20.92,0
2028-02-17,9.71,9.84,9.57,20290819,9.57,0
2028-02-18,15.48,15.76,15.09,73030872,15.76,0
2028-02-21,20.31,20.9,20.19,15922247,20.54,0
2028-02-22,13.74,13.88,13.53,76552064,13.88,0
2028-02-23,14.75,15.16,14.56,31858537,14.56,0
2028-02-24,8.99,9.06,8.76,29052959,8.89,0
2028-02-25,11.89,12.24,11.65,7921357,12.11,0
2028-02-28,12.54,12.79,12.32,57665603,12.54,0
2028-02-29,21.23,21.53,21.11,16357573,21.14,0
2028-03-01,11.96,12.18,11.88,7840044,12.12,0
2028-03-02,14.45,14.57,14.11,5177868,14.21,0
2028-03-03,17.4,17.54,17.2,23603859,17.34,0
2028-03-06,10.27,10.3,10.04,21578558,10.22,0
2028-03-07,14.81,14.86,14.8,36741601,14.8,0
2028-03-08,18.34,18.53,18.31,59012976,18.31,0
2028-03-09,20.14,20.6,19.88,6231392,19.91,0
2028-03-10,16.77,17.08,16.62,37999646,16.62,0
2028-03-13,17.37,17.42,17.27,8406911,17.42,0
2028-03-14,9.77,10.02,9.69,53990599,9.93,0
2028-03-15,21.24,21.62,21.05,48441853,21.25,0
2028-03-16,9.86,10.14,9.85,22394974,9.85,0
2028-03-17,18.85,19.23,18.62,35825111,18.62,0
2028-03-20,11.71,11.77,11.58,11953229,11.77,0
2028-03-21,21.07,21.37,20.97,18463443,21.37,0
2028-03-22,18.08,18.43,17.9,48788719,17.97,0
2028-03-23,18.55,18.57,18.4,17864070,18.4,0
2028-03-24,11.07,11.07,10.82,13483482,11.07,0
2028-03-27,14.2,14.26,13.93,19681631,14.26,0
2028-03-28,16.65,16.78,16.22,49691428,16.62,0
2028-03-29,18.78,19.02,18.5,12664869,18.88,0
2028-03-30,9.46,9.6,9.31,8094682,9.54,0
2028-03-31,21.47,21.56,21.47,36001477,21.56,0
2028-04-03,20.46,20.87,20.22,49379521,20.22,0
2028-04-04,11.78,11.99,11.7,6609211,11.99,0
2028-04-05,19.52,19.69,19.13,9723155,19.44,0
2028-04-06,15.26,15.27,15.18,7411759,15.27,0
2028-04-07,14.47,14.5,14.3,13119981,14.5,0
2028-04-10,12.4,12.55,12.29,17427963,12.39,0
2028-04-11,16.13,16.2,15.79,39870048,16.2,0
2028-04-12,18.22,18.43,17.97,30410939,18.14,0
2028-04-13,13.75,14.01,13.6,27966782,13.6,0
2028-04-14,16.81,17.09,16.6,13282252,16.8,0
2028-04-17,17.79,17.91,17.74,51543490,17.81,0
2028-04-18,17.96,18.15,17.91,18469549,17.91,0
2028-04-19,8.73,8.89,8.72,75497023,8.88,0
2028-04-20,20.04,20.56,19.84,29010367,19.84,0
2028-04-21,14.42,14.75,14.41,7095907,14.41,0
2028-04-24,11.67,11.86,11.61,32596346,11.61,0
2028-04-25,11.38,11.5,11.13,12314995,11.4,0
2028-04-26,14.76,14.92,14.51,33526660,14.65,0
2028-04-27,20.42,20.96,19.95,6064937,20.41,0
2028-04-28,13.3,13.32,12.9,8119854,13.15,0
2028-05-01,18.5,19.05,18.05,53626609,18.17,0
2028-05-02,9.36,9.55,9.08,9386884,9.46,0
2028-05-03,14.66,14.96,14.54,50917603,14.74,0
2028-05-04,21.88,21.9,21.5,10845559,21.74,0
2028-05-05,18.79,19.13,18.4,29721927,18.45,0
2028-05-08,10.95,11.11,10.87,34261832,11.11,0
2028-05-09,15.02,15.07,14.94,20714184,14.94,0
2028-05-10,11.27,11.36,11.26,11657373,11.36,0
2028-05-11,13.73,14.1,13.58,9016113,13.72,0
2028-05-12,18.92,19.23,18.61,5481936,18.8,0
2028-05-15,18.8,19.03,18.41,11613361,18.98,0
2028-05-16,11.19,11.21,10.93,30581330,11.21,0
2028-05-17,20.91,21.36,20.42,67421993,20.8,0
2028-05-18,16.3,16.64,16.01,55976370,16.24,0
2028-05-19,13.32,13.57,13.32,41821914,13.32,0
2028-05-22,15.03,15.26,14.58,44499508,15.26,0
2028-05-23,16.47,16.68,16.07,31600330,16.6,0
2028-05-24,15.84,16.12,15.45,10289318,15.68,0
2028-05-25,14.81,14.91,14.68,61850280,14.68,0
2028-05-26,15.07,15.5,14.78,32107921,14.91,0
2028-05-29,10.47,10.65,10.3,23648727,10.37,0
2028-05-30,19.38,19.56,18.89,6801656,19.17,0
2028-05-31,15.58,15.79,15.3,17269450,15.68,0
2028-06-01,9.84,10.08,9.58,17918292,9.69,0
2028-06-02,18.73,18.82,18.47,54955141,18.65,0
2028-06-05,21.05,21.23,20.48,22761457,21.16,0
2028-06-06,21.26,21.69,21.13,14355486,21.13,0
2028-06-07,13.17,13.29,13.0,75016155,13.0,0
2028-06-08,9.9,10.14,9.82,6796587,9.82,0
2028-06-09,15.26,15.32,14.99,16135002,15.03,0
2028-06-12,9.58,9.8,9.4,5617884,9.71,0
2028-06-13,21.08,21.12,20.51,38895857,21.12,0
2028-06-14,10.57,10.57,10.42,63744736,10.42,0
2028-06-15,11.54,11.85,11.37,10868473,11.49,0
2028-06-16,13.69,13.93,13.47,54015247,13.57,0
2028-06-19,13.36,13.5,13.26,11241799,13.4,0
2028-06-20,19.13,19.26,19.03,62466411,19.15,0
2028-06-21,14.39,14.66,14.28,40441811,14.38,0
2028-06-22,10.39,10.55,10.12,46577303,10.31,0
2028-06-23,11.74,12.09,11.61,5255960,11.61,0
2028-06-26,15.13,15.58,14.71,72162105,15.28,0
2028-06-27,10.06,10.25,9.97,37494630,10.21,0
2028-06-28,16.56,16.78,16.25,11639301,16.78,0
2028-06-29,15.92,16.15,15.51,49849487,15.64,0
2028-06-30,18.01,18.38,17.94,10913280,18.18,0
2028-07-03,21.13,21.19,20.89,56217346,21.19,0
2028-07-04,20.77,20.97,20.37,6831724,20.97,0
2028-07-05,21.25,21.3,20.63,35179718,21.04,0
2028-07-06,11.43,11.46,11.27,22389059,11.46,0
2028-07-07,9.84,9.9,9.82,6534451,9.82,0
2028-07-10,12.23,12.41,12.08,9777756,12.29,0
2028-07-11,20.53,21.01,20.51,5174948,20.51,0
2028-07-12,21.61,21.92,21.05,18340994,21.84,0
2028-07-13,20.03,20.23,19.77,11527351,20.23,0
2028-07-14,9.54,9.56,9.48,26270250,9.49,0
2028-07-17,21.26,21.61,20.96,11399347,21.28,0
2028-07-18,13.93,14.04,13.55,11484408,13.72,0
2028-07-19,8.13,8.28,8.03,39252180,8.1,0
2028-07-20,14.19,14.61,14.02,5713994,14.11,0
2028-07-21,8.64,8.67,8.57,61117265,8.57,0
2028-07-24,15.61,15.71,15.5,53112649,15.71,0
2028-07-25,12.74,12.92,12.65,31848352,12.65,0
2028-07-26,14.63,15.06,14.48,25898818,14.71,0
2028-07-27,16.58,16.96,16.19,59348435,16.84,0
2028-07-28,20.16,20.7,19.8,8358528,20.49,0
2028-07-31,17.27,17.44,17.15,6223839,17.44,0
2028-08-01,14.08,14.5,14.06,9713349,14.06,0
2028-08-02,19.47,19.53,18.93,45262401,19.53,0
2028-08-03,20.68,20.71,20.39,5504491,20.5,0
2028-08-04,9.68,9.93,9.48,25161664,9.84,0
2028-08-07,15.45,15.88,15.09,78994383,15.58,0
2028-08-08,11.98,12.01,11.8,53620489,12.01,0
2028-08-09,8.66,8.69,8.56,21225268,8.56,0
2028-08-10,17.36,17.38,16.84,5964874,17.38,0
2028-08-11,20.08,20.14,19.95,50123740,20.14,0
2028-08-14,10.28,10.34,10.22,26315522,10.34,0
2028-08-15,19.37,19.93,19.35,6876432,19.35,0
2028-08-16,19.95,20.35,19.46,6486127,20.3,0
2028-08-17,20.8,21.29,20.55,62268705,20.55,0
2028-08-18,11.71,11.98,11.51,31971824,11.76,0
2028-08-21,20.66,20.99,20.25,49834581,20.82,0
2028-08-22,12.49,12.79,12.33,57196053,12.33,0
2028-08-23,15.73,16.01,15.63,24403523,15.63,0
2028-08-24,8.71,8.79,8.45,20991211,8.79,0
2028-08-25,8.61,8.75,8.6,16491352,8.6,0
2028-08-28,18.09,18.38,17.99,12039591,17.99,0
2028-08-29,14.22,14.57,14.11,16683059,14.37,0
2028-08-30,11.59,11.93,11.51,42737977,11.75,0
2028-08-31,10.67,10.8,10.47,26531270,10.71,0
2028-09-01,17.38,17.78,17.25,59384777,17.25,0
2028-09-04,8.01,8.03,7.86,17094356,7.86,0
2028-09-05,19.28,19.73,19.22,26914028,19.43,0
2028-09-06,9.11,9.21,8.89,28783264,9.13,0
2028-09-07,10.68,10.69,10.45,25789587,10.69,0
2028-09-08,13.41,13.56,13.23,35077237,13.56,0
2028-09-11,14.79,15.06,14.49,9657582,14.75,0
2028-09-12,12.97,13.02,12.75,20697480,12.78,0
2028-09-13,12.49,12.84,12.3,6675275,12.71,0
2028-09-14,21.49,21.54,21.4,14520039,21.53,0
2028-09-15,16.98,17.45,16.74,19327677,17.06,0
2028-09-18,8.33,8.51,8.17,30501856,8.47,0
2028-09-19,14.02,14.16,13.7,69746664,14.16,0
2028-09-20,20.25,20.49,19.89,26437839,20.31,0
2028-09-21,12.22,12.49,12.04,39295815,12.12,0
2028-09-22,9.32,9.49,9.25,20350500,9.49,0
2028-09-25,18.62,19.0,18.13,29007302,18.75,0
2028-09-26,16.48,16.67,16.1,6086686,16.42,0
2028-09-27,15.98,16.21,15.68,10122505,16.02,0
2028-09-28,8.75,9.01,8.58,13635923,8.72,0
2028-09-29,9.97,10.03,9.79,18531420,10.03,0
2028-10-02,16.72,16.93,16.62,5674617,16.71,0
2028-10-03,10.91,11.01,10.69,7371839,11.01,0
2028-10-04,15.06,15.41,14.83,10771784,15.26,0
2028-10-05,15.63,15.99,15.45,73928506,15.83,0
2028-10-06,11.97,12.08,11.69,12530014,12.08,0
2028-10-09,21.28,21.33,21.1,19028532,21.33,0
2028-10-10,19.79,19.8,19.52,8611825,19.7,0
2028-10-11,18.11,18.34,17.81,27190832,17.83,0
2028-10-12,9.09,9.2,9.04,10887954,9.2,0
2028-10-13,9.49,9.77,9.27,8875931,9.49,0
2028-10-16,14.9,15.11,14.85,20940422,14.85,0
2028-10-17,10.25,10.33,10.12,5076912,10.12,0
2028-10-18,21.7,22.28,21.45,5107383,21.45,0
2028-10-19,10.22,10.37,10.18,9178150,10.32,0
2028-10-20,14.82,15.09,14.74,5535883,14.94,0
2028-10-23,13.1,13.14,12.94,6745994,12.94,0
2028-10-24,16.95,17.14,16.82,12793780,17.14,0
2028-10-25,9.81,10.09,9.64,46278520,9.72,0
2028-10-26,14.02,14.27,13.83,24422224,14.18,0
2028-10-27,11.85,11.97,11.52,20714929,11.84,0
2028-10-30,20.43,20.81,19.87,11281472,20.62,0
2028-10-31,8.57,8.8,8.53,66208428,8.53,0
2028-11-01,20.79,20.96,20.2,15032242,20.66,0
2028-11-02,19.66,19.96,19.17,6365612,19.93,0
2028-11-03,12.17,12.52,12.1,27668915,12.1,0
2028-11-06,19.05,19.15,18.48,6855594,19.15,0
2028-11-07,8.44,8.62,8.26,13021472,8.49,0
2028-11-08,21.54,21.94,21.27,20415257,21.48,0
2028-11-09,15.37,15.68,15.18,56446734,15.45,0
2028-11-10,12.25,12.38,12.17,19645329,12.17,0
2028-11-13,13.08,13.2,12.89,35040784,13.09,0
2028-11-14,8.93,9.11,8.8,78422485,9.1,0
2028-11-15,21.85,21.99,21.67,7199439,21.67,0
2028-11-16,8.55,8.66,8.42,10709760,8.63,0
2028-11-17,17.17,17.27,16.97,14930933,17.13,0
2028-11-20,14.2,14.2,14.16,16102813,14.2,0
2028-11-21,21.28,21.9,20.9,15627471,21.03,0
2028-11-22,11.44,11.59,11.23,61921654,11.43,0
2028-11-23,15.45,15.9,14.99,36203535,15.75,0
2028-11-24,14.75,14.81,14.58,26974961,14.58,0
2028-11-27,17.84,18.15,17.32,11789405,17.94,0
2028-11-28,8.95,9.0,8.82,49080894,8.98,0
2028-11-29,10.71,10.96,10.65,70628088,10.74,0
2028-11-30,11.0,11.26,10.85,48729423,11.05,0
2028-12-01,18.33,18.39,17.93,5021744,18.33,0
2028-12-04,10.65,10.94,10.58,29192656,10.58,0
2028-12-05,16.03,16.12,15.68,5761600,16.12,0
2028-12-06,11.01,11.21,10.92,10213157,11.15,0
2028-12-07,20.06,20.65,19.83,5897187,19.83,0
2028-12-08,21.19,21.75,20.66,26669334,21.12,0
2028-12-11,15.26,15.7,15.22,33551090,15.43,0
2028-12-12,12.93,13.06,12.62,6867946,13.06,0
2028-12-13,11.28,11.32,11.28,14492993,11.32,0
2028-12-14,8.7,8.75,8.44,17714688,8.75,0
2028-12-15,11.76,11.94,11.5,13910865,11.6,0
2028-12-18,17.16,17.57,16.75,6993565,17.44,0
2028-12-19,15.47,15.54,15.01,15974726,15.54,0
2028-12-20,21.22,21.64,21.05,40130863,21.12,0
2028-12-21,13.55,13.68,13.43,6087959,13.49,0
2028-12-22,17.71,17.89,17.6,6244769,17.68,0
2028-12-25,14.85,15.14,14.52,13370794,14.94,0
2028-12-26,15.18,15.39,14.93,68064515,15.03,0
2028-12-27,11.75,12.04,11.63,31916237,11.63,0
2028-12-28,14.37,14.44,14.13,32822379,14.16,0
2028-12-29,14.59,14.94,14.46,13638453,14.56,0
2029-01-01,17.89,17.92,17.69,25930377,17.73,0
2029-01-02,21.17,21.29,20.61,5142439,21.29,0
2029-01-03,12.61,12.86,12.53,29167954,12.53,0
2029-01-04,8.59,8.81,8.52,62903827,8.73,0
2029-01-05,14.95,15.06,14.8,27326371,15.06,0
2029-01-08,15.62,15.77,15.22,56364796,15.77,0
2029-01-09,10.36,10.53,10.13,37215206,10.46,0
2029-01-10,18.65,18.77,18.31,6984524,18.36,0
2029-01-11,21.79,22.32,21.32,61042465,21.74,0
2029-01-12,21.24,21.73,20.75,6011410,20.93,0
2029-01-15,10.76,10.81,10.7,21975102,10.81,0
2029-01-16,20.26,20.54,20.04,7415154,20.12,0
2029-01-17,17.86,18.28,17.63,5164951,17.92,0
2029-01-18,14.35,14.5,14.02,16112016,14.5,0
2029-01-19,15.57,15.87,15.53,11330118,15.83,0
2029-01-22,19.89,19.92,19.41,19238575,19.92,0
2029-01-23,14.72,14.99,14.63,24773532,14.82,0
2029-01-24,13.22,13.28,13.21,5644651,13.21,0
2029-01-25,14.91,15.28,14.79,7032030,14.97,0
2029-01-26,16.11,16.28,16.11,23531113,16.11,0
2029-01-29,10.65,10.74,10.54,12947463,10.74,0
2029-01-30,20.61,21.13,20.13,37755687,20.65,0
2029-01-31,17.44,17.47,17.02,30507556,17.12,0
2029-02-01,16.87,17.07,16.53,52140971,17.07,0
2029-02-02,9.39,9.49,9.11,34104717,9.39,0
2029-02-05,16.46,16.6,16.3,16468673,16.6,0
2029-02-06,9.69,9.96,9.48,32307441,9.83,0
2029-02-07,9.1,9.31,9.05,10729068,9.21,0
2029-02-08,15.38,15.41,15.08,11689830,15.11,0
2029-02-09,13.64,13.93,13.43,44565912,13.5,0
2029-02-12,16.24,16.5,16.22,17239024,16.48,0
2029-02-13,9.25,9.5,9.04,45742061,9.4,0
2029-02-14,14.03,14.16,13.91,48895086,14.01,0
2029-02-15,10.45,10.63,10.37,53898658,10.42,0
2029-02-16,21.82,22.15,21.31,63490509,21.54,0
2029-02-19,15.86,16.09,15.62,16516876,16.09,0
2029-02-20,17.62,17.86,17.28,12103861,17.42,0
2029-02-21,12.56,12.64,12.47,25119278,12.47,0
2029-02-22,9.33,9.54,9.22,13992849,9.39,0
2029-02-23,21.66,21.95,21.32,26468871,21.44,0
2029-02-26,12.01,12.36,11.93,35365519,12.22,0
2029-02-27,13.93,14.04,13.61,33720363,13.66,0
2029-02-28,17.1,17.45,16.97,14124615,16.97,0
2029-03-01,8.35,8.59,8.32,7941265,8.35,0
2029-03-02,19.34,19.72,19.27,16496013,19.33,0
2029-03-05,15.51,15.92,15.41,7424556,15.41,0
2029-03-06,11.9,12.2,11.69,58986636,11.9,0
2029-03-07,8.86,8.96,8.86,13045117,8.86,0
2029-03-08,10.27,10.45,10.08,7672874,10.43,0
2029-03-09,20.53,20.63,20.31,5365524,20.31,0
2029-03-12,17.6,17.88,17.16,29965232,17.88,0
2029-03-13,11.5,11.58,11.49,29233231,11.56,0
2029-03-14,8.92,9.12,8.84,12855776,8.84,0
2029-03-15,17.67,17.95,17.54,6099858,17.54,0
2029-03-16,16.01,16.21,15.56,15567266,16.03,0
2029-03-19,13.66,13.77,13.56,11849860,13.56,0
2029-03-20,13.09,13.48,13.0,32681689,13.0,0
2029-03-21,11.04,11.06,10.93,26816426,10.93,0
2029-03-22,17.37,17.39,17.0,13739932,17.39,0
2029-03-23,21.59,21.73,21.26,9148266,21.64,0
2029-03-26,10.46,10.76,10.18,77389823,10.28,0
2029-03-27,16.36,16.84,16.1,17605259,16.38,0
2029-03-28,13.94,14.21,13.62,33708138,14.1,0
2029-03-29,14.25,14.63,13.97,7382656,14.01,0
2029-03-30,11.56,11.63,11.27,19216676,11.63,0
2029-04-02,19.55,20.12,19.1,5396691,19.61,0
2029-04-03,14.79,14.85,14.38,20304795,14.85,0
2029-04-04,15.61,15.66,15.57,72404011,15.57,0
2029-04-05,12.27,12.31,12.1,14507781,12.31,0
2029-04-06,10.55,10.73,10.36,5570907,10.61,0
2029-04-09,9.2,9.42,9.07,5448093,9.22,0
2029-04-10,18.0,18.2,17.8,14660629,18.01,0
2029-04-11,10.75,11.07,10.72,7792185,10.72,0
2029-04-12,17.66,17.89,17.22,5334439,17.89,0
2029-04-13,13.47,13.53,13.19,40695082,13.53,0
2029-04-16,13.82,14.01,13.81,17827347,13.81,0
2029-04-17,14.57,14.87,14.3,11149501,14.3,0
2029-04-18,13.15,13.48,12.76,60642647,12.91,0
2029-04-19,9.41,9.54,9.17,6899462,9.45,0
2029-04-20,12.33,12.55,11.97,70796366,12.39,0
2029-04-23,17.29,17.43,17.28,11940530,17.29,0
2029-04-24,17.32,17.66,16.95,58710343,17.19,0
2029-04-25,12.01,12.37,11.98,26606367,12.03,0
2029-04-26,14.44,14.46,14.44,49479449,14.45,0
2029-04-27,10.71,10.99,10.58,76531446,10.58,0
2029-04-30,10.95,11.13,10.63,11123584,10.85,0
2029-05-01,8.32,8.38,8.09,71827781,8.17,0
2029-05-02,20.55,21.14,20.23,14721530,20.88,0
2029-05-03,10.95,11.11,10.75,14560376,11.05,0
2029-05-04,11.19,11.3,11.06,12848041,11.3,0
2029-05-07,11.91,11.97,11.71,22433122,11.82,0
2029-05-08,9.78,9.85,9.76,7666182,9.85,0
2029-05-09,16.95,17.37,16.71,23211599,17.02,0
2029-05-10,9.05,9.22,8.97,22451615,9.03,0
2029-05-11,9.88,10.15,9.85,41341973,9.85,0
2029-05-14,17.03,17.15,16.59,50441104,17.15,0
2029-05-15,12.76,12.81,12.47,16955642,12.81,0
2029-05-16,17.91,17.91,17.43,11561535,17.72,0
2029-05-17,15.8,16.04,15.39,10262197,15.59,0
2029-05-18,11.58,11.93,11.41,8576705,11.67,0
2029-05-21,17.11,17.47,16.76,5866575,17.44,0
2029-05-22,9.63,9.72,9.46,12921664,9.72,0
2029-05-23,15.51,15.92,15.5,10577442,15.5,0
2029-05-24,14.12,14.45,13.76,72887405,14.07,0
2029-05-25,11.75,11.76,11.59,23470284,11.7,0
2029-05-28,16.46,16.86,16.02,13095836,16.69,0
2029-05-29,20.2,20.38,19.79,24999000,20.38,0
2029-05-30,21.98,22.08,21.67,7354947,22.06,0
2029-05-31,16.51,16.62,16.48,17125843,16.48,0
2029-06-01,13.67,13.86,13.42,28381233,13.86,0
2029-06-04,11.15,11.29,10.84,19393744,11.22,0
2029-06-05,11.6,11.7,11.39,15232104,11.7,0
2029-06-06,14.71,14.79,14.33,78647099,14.76,0
2029-06-07,13.14,13.44,12.84,57408289,13.31,0
2029-06-08,20.79,21.41,20.55,28159541,21.05,0
2029-06-11,13.16,13.47,12.79,24242012,13.07,0
2029-06-12,13.23,13.35,13.02,27946002,13.35,0
2029-06-13,13.37,13.47,13.21,8737233,13.21,0
2029-06-14,19.71,19.84,19.37,14954202,19.84,0
2029-06-15,17.11,17.18,16.61,5578071,17.18,0
2029-06-18,16.6,16.87,16.59,18688932,16.59,0
2029-06-19,12.68,12.91,12.44,22533920,12.76,0
2029-06-20,19.45,19.86,19.32,9401735,19.5,0
2029-06-21,8.54,8.71,8.37,72406308,8.63,0
2029-06-22,20.19,20.37,19.87,62238981,20.37,0
2029-06-25,15.18,15.33,14.9,37026879,15.24,0
2029-06-26,13.58,13.86,13.31,21939741,13.75,0
2029-06-27,14.96,15.12,14.52,55784976,14.85,0
2029-06-28,17.34,17.45,17.01,7182756,17.15,0
2029-06-29,8.18,8.27,8.15,44754699,8.16,0
2029-07-02,20.2,20.36,20.01,7067556,20.34,0
2029-07-03,14.25,14.29,13.88,45216291,14.07,0
2029-07-04,12.8,13.12,12.64,10740568,12.89,0
2029-07-05,9.94,10.19,9.91,56897384,9.91,0
2029-07-06,14.15,14.24,14.02,68503057,14.24,0
2029-07-09,14.95,14.98,14.57,7553326,14.67,0
2029-07-10,13.65,13.95,13.6,18033787,13.74,0
2029-07-11,17.5,17.61,17.13,75892089,17.6,0
2029-07-12,13.89,14.05,13.66,19100756,14.05,0
2029-07-13,21.46,21.5,21.15,54800539,21.5,0
2029-07-16,16.39,16.5,16.32,25578401,16.5,0
2029-07-17,19.3,19.76,19.26,14155077,19.61,0
2029-07-18,9.53,9.76,9.51,11043016,9.6,0
2029-07-19,13.56,13.64,13.16,8783649,13.45,0
2029-07-20,12.72,12.85,12.69,41330097,12.85,0
2029-07-23,15.97,16.03,15.52,14601960,16.03,0
2029-07-24,20.06,20.1,19.62,20635120,20.0,0
2029-07-25,9.1,9.37,8.97,19578930,9.18,0
2029-07-26,9.02,9.2,8.88,24778968,9.15,0
2029-07-27,19.9,20.22,19.66,55109788,20.22,0
2029-07-30,10.98,11.23,10.81,75839916,11.18,0
2029-07-31,17.36,17.8,17.33,15479264,17.33,0
2029-08-01,15.6,15.98,15.24,49590910,15.55,0
2029-08-02,19.66,19.67,19.23,41644073,19.35,0
2029-08-03,9.75,9.8,9.73,24522666,9.73,0
2029-08-06,9.82,10.01,9.55,70821558,9.97,0
2029-08-07,15.8,15.98,15.61,8716966,15.71,0
2029-08-08,21.25,21.88,21.05,6769198,21.35,0
2029-08-09,13.81,14.09,13.61,53363299,13.9,0
2029-08-10,12.58,12.94,12.46,16895034,12.72,0
2029-08-13,16.49,16.59,16.08,52338603,16.28,0
2029-08-14,21.03,21.58,20.94,59478193,20.94,0
2029-08-15,19.72,19.91,19.21,5945337,19.68,0
2029-08-16,21.94,22.59,21.55,57911869,21.82,0
2029-08-17,8.32,8.36,8.09,17330055,8.36,0
2029-08-20,9.58,9.73,9.45,20586948,9.71,0
2029-08-21,16.53,16.92,16.37,28409433,16.52,0
2029-08-22,19.49,19.74,19.46,65229765,19.74,0
2029-08-23,11.99,12.16,11.9,5272154,11.92,0
2029-08-24,11.35,11.69,11.19,18756282,11.48,0
2029-08-27,19.02,19.26,18.98,33656570,18.98,0
2029-08-28,8.79,8.95,8.65,37084796,8.89,0
2029-08-29,13.17,13.19,13.0,34108463,13.15,0
2029-08-30,15.08,15.46,14.9,7258486,14.9,0
2029-08-31,15.84,16.15,15.56,11467750,15.7,0
2029-09-03,18.2,18.42,18.11,13517816,18.13,0
2029-09-04,12.97,12.98,12.65,46516703,12.98,0
2029-09-05,16.58,16.87,16.36,10830047,16.36,0
2029-09-06,16.2,16.21,16.07,8967762,16.21,0
2029-09-07,15.67,15.67,15.62,71097167,15.67,0
2029-09-10,16.97,17.28,16.91,5124393,17.07,0
2029-09-11,11.63,11.7,11.46,79518108,11.7,0
2029-09-12,9.19,9.24,9.09,32654576,9.09,0
2029-09-13,9.67,9.86,9.49,49721754,9.7,0
2029-09-14,11.14,11.16,10.96,11316890,11.16,0
2029-09-17,15.0,15.14,14.96,5202443,15.07,0
2029-09-18,19.77,19.86,19.73,38677058,19.86,0
2029-09-19,17.82,18.13,17.76,50510327,17.99,0
2029-09-20,19.05,19.43,18.56,38957593,18.92,0
2029-09-21,12.91,13.19,12.85,7429830,13.01,0
2029-09-24,13.67,13.77,13.65,40381981,13.77,0
2029-09-25,13.51,13.55,13.25,42154631,13.25,0
2029-09-26,10.69,10.72,10.54,31040721,10.72,0
2029-09-27,8.86,8.97,8.8,41827847,8.8,0
2029-09-28,16.27,16.73,16.06,52186830,16.24,0
2029-10-01,21.85,21.99,21.85,27404569,21.99,0
2029-10-02,10.34,10.42,10.17,6392352,10.42,0
2029-10-03,8.65,8.68,8.58,19325574,8.68,0
2029-10-04,18.91,19.25,18.79,6201105,19.24,0
2029-10-05,11.54,11.78,11.36,15477496,11.52,0
2029-10-08,19.62,20.0,19.54,15458775,19.74,0
2029-10-09,17.86,18.32,17.62,6004181,17.78,0
2029-10-10,21.24,21.55,20.87,13151999,21.11,0
2029-10-11,13.72,13.78,13.35,6801818,13.68,0
2029-10-12,17.27,17.42,16.96,47009125,17.42,0
2029-10-15,14.51,14.8,14.39,69199044,14.51,0
2029-10-16,16.83,17.14,16.79,6110092,17.04,0
2029-10-17,14.29,14.52,13.97,70638800,14.43,0
2029-10-18,10.64,10.86,10.43,21291925,10.44,0
2029-10-19,15.11,15.4,14.73,11473159,15.19,0
2029-10-22,15.4,15.81,15.26,6187585,15.36,0
2029-10-23,19.35,19.69,19.33,20034647,19.33,0
2029-10-24,18.3,18.73,18.1,45254529,18.53,0
2029-10-25,17.29,17.42,17.09,35512967,17.32,0
2029-10-26,9.59,9.79,9.46,5747092,9.74,0
2029-10-29,18.09,18.58,17.6,6120016,18.24,0
2029-10-30,15.0,15.17,14.88,15278396,15.03,0
2029-10-31,20.52,21.0,20.28,11337967,20.73,0
2029-11-01,20.88,21.33,20.67,9523325,20.67,0
2029-11-02,8.77,8.79,8.74,10897657,8.74,0
2029-11-05,19.49,19.83,19.36,46393766,19.36,0
2029-11-06,8.53,8.56,8.47,65746414,8.51,0
2029-11-07,13.14,13.52,13.11,15373128,13.11,0
2029-11-08,15.59,15.97,15.59,61664664,15.89,0
2029-11-09,10.07,10.1,9.94,12192406,10.09,0
2029-11-12,18.45,18.52,17.96,18735155,18.52,0
2029-11-13,8.12,8.26,7.99,9356987,8.05,0
2029-11-14,10.36,10.47,10.29,29524327,10.29,0
2029-11-15,16.13,16.15,15.66,75471108,16.02,0
2029-11-16,18.0,18.29,17.49,26646986,18.14,0
2029-11-19,20.83,21.07,20.25,13484073,20.81,0
2029-11-20,17.88,17.93,17.74,30131443,17.89,0
2029-11-21,17.4,17.82,17.14,7030420,17.46,0
2029-11-22,13.52,13.89,13.26,58751933,13.67,0
2029-11-23,8.02,8.2,7.8,20171744,7.89,0
2029-11-26,9.68,9.92,9.6,17379649,9.79,0
2029-11-27,15.48,15.58,15.16,25375903,15.52,0
2029-11-28,17.45,17.59,17.07,28267327,17.57,0
2029-11-29,13.84,13.93,13.7,6100939,13.74,0
2029-11-30,18.23,18.65,17.99,33183565,18.16,0
2029-12-03,15.31,15.75,15.02,9778782,15.15,0
2029-12-04,9.04,9.23,8.94,36195505,9.21,0
2029-12-05,10.69,10.97,10.46,48910329,10.69,0
2029-12-06,19.76,20.14,19.64,46455005,20.14,0
2029-12-07,18.15,18.36,17.73,23133826,18.14,0
2029-12-10,20.53,20.79,20.01,21150321,20.3,0
2029-12-11,9.65,9.67,9.59,7430359,9.65,0
2029-12-12,21.86,21.88,21.67,42912103,21.67,0
2029-12-13,10.93,11.16,10.66,10611566,11.11,0
2029-12-14,8.16,8.27,7.94,19817592,8.26,0
2029-12-17,21.96,22.32,21.85,10996896,22.16,0
2029-12-18,11.94,12.14,11.86,7246285,11.99,0
2029-12-19,17.35,17.49,17.0,28643957,17.41,0
2029-12-20,10.47,10.62,10.36,5812893,10.62,0
2029-12-21,16.12,16.35,15.7,39850033,15.98,0
2029-12-24,20.66,20.9,20.35,12060980,20.89,0
2029-12-25,12.48,12.79,12.11,5001868,12.52,0
2029-12-26,17.38,17.62,17.06,20626750,17.62,0
2029-12-27,10.63,10.82,10.33,5693579,10.77,0
2029-12-28,16.75,17.2,16.49,10752545,17.08,0
2029-12-31,12.71,13.04,12.49,35502139,12.75,0
2030-01-01,10.96,11.25,10.78,5949162,10.83,0
2030-01-02,12.38,12.48,12.03,51242966,12.38,0
2030-01-03,10.5,10.51,10.3,5053237,10.51,0
2030-01-04,20.63,20.79,20.48,9912326,20.79,0
2030-01-07,13.56,13.67,13.3,39003842,13.3,0
2030-01-08,11.43,11.74,11.33,12017032,11.43,0
2030-01-09,14.28,14.56,14.01,6632247,14.13,0
2030-01-10,12.49,12.52,12.27,13574845,12.52,0
2030-01-11,18.42,18.49,18.18,10581713,18.18,0
2030-01-14,21.6,21.7,21.57,51724493,21.7,0
2030-01-15,14.13,14.4,13.75,11920061,14.0,0
2030-01-16,20.05,20.49,19.47,44559402,19.93,0
2030-01-17,15.92,16.33,15.73,59277663,16.2,0
2030-01-18,10.2,10.49,10.18,16647086,10.18,0
2030-01-21,17.67,17.78,17.66,62323341,17.66,0
2030-01-22,15.19,15.33,14.95,14233320,14.95,0
2030-01-23,17.11,17.23,16.84,72416260,17.11,0
2030-01-24,20.46,20.68,20.24,6404501,20.58,0
2030-01-25,14.17,14.56,13.98,33591054,14.07,0
2030-01-28,20.62,20.98,20.39,19659902,20.78,0
2030-01-29,18.51,18.92,18.44,14646899,18.44,0
2030-01-30,14.84,15.06,14.73,28895554,15.05,0
2030-01-31,16.45,16.46,16.2,35196412,16.46,0
2030-02-01,12.56,12.58,12.36,5060855,12.58,0
2030-02-04,21.77,22.12,21.53,7943311,22.12,0
2030-02-05,17.34,17.71,17.06,36104639,17.24,0
2030-02-06,8.61,8.67,8.47,31723274,8.58,0
2030-02-07,12.57,12.84,12.2,72812696,12.69,0
2030-02-08,16.73,17.14,16.32,41243054,16.49,0
2030-02-11,8.79,8.9,8.66,69793410,8.72,0
2030-02-12,8.33,8.52,8.29,35068167,8.29,0
2030-02-13,14.3,14.47,13.99,11425116,14.27,0
2030-02-14,12.66,12.92,12.48,6696410,12.69,0
2030-02-15,14.14,14.46,13.86,43689768,13.98,0
2030-02-18,11.68,12.03,11.37,29826545,11.46,0
2030-02-19,10.31,10.42,10.3,5714678,10.4,0
2030-02-20,17.65,17.87,17.57,13567942,17.57,0
2030-02-21,15.2,15.28,14.78,70969506,15.28,0
2030-02-22,10.8,10.87,10.71,20022257,10.71,0
2030-02-25,12.47,12.73,12.23,16596932,12.55,0
2030-02-26,16.29,16.74,16.29,17786694,16.29,0
2030-02-27,9.01,9.12,8.82,8922568,8.85,0
2030-02-28,10.06,10.11,9.83,13897532,10.05,0
2030-03-01,9.03,9.11,8.91,13940217,9.04,0
2030-03-04,19.37,19.63,19.27,5781117,19.63,0
2030-03-05,18.53,18.69,18.08,41996541,18.69,0
2030-03-06,18.55,18.68,18.39,15866872,18.39,0
2030-03-07,18.03,18.43,17.52,48862225,17.82,0
2030-03-08,17.37,17.37,17.33,52831267,17.33,0
2030-03-11,14.68,14.92,14.28,8999871,14.45,0
2030-03-12,16.99,17.39,16.95,30938729,16.96,0
2030-03-13,8.54,8.61,8.41,18520554,8.61,0
2030-03-14,16.7,17.0,16.42,57383141,16.71,0
2030-03-15,18.89,19.27,18.87,9093848,19.07,0
2030-03-18,15.01,15.3,15.01,32744505,15.12,0
2030-03-19,13.01,13.18,12.87,26963513,13.18,0
2030-03-20,11.88,12.0,11.57,11338312,11.74,0
2030-03-21,17.0,17.43,16.75,7302203,17.17,0
2030-03-22,17.7,18.1,17.45,30452466,17.97,0
2030-03-25,20.19,20.38,19.9,38755198,19.92,0
2030-03-26,12.79,12.83,12.62,11995634,12.71,0
2030-03-27,18.78,18.82,18.23,29883112,18.82,0
2030-03-28,15.86,15.9,15.72,14953919,15.9,0
2030-03-29,20.36,20.72,20.18,36120742,20.18,0
2030-04-01,15.39,15.41,14.98,8686585,15.41,0
2030-04-02,15.25,15.4,15.05,59005932,15.19,0
2030-04-03,16.09,16.45,15.88,11092914,16.08,0
2030-04-04,18.49,18.65,18.31,13862082,18.38,0
2030-04-05,21.51,22.0,20.92,5873807,21.32,0
2030-04-08,9.03,9.23,8.93,6811521,9.09,0
2030-04-09,8.75,8.81,8.56,20899198,8.81,0
2030-04-10,21.13,21.59,20.82,10499864,21.45,0
2030-04-11,15.42,15.77,15.32,50697721,15.32,0
2030-04-12,16.61,16.81,16.46,5207900,16.81,0
2030-04-15,14.75,14.84,14.36,14303579,14.61,0
2030-04-16,9.31,9.46,9.2,12740149,9.28,0
2030-04-17,18.75,19.27,18.73,5275247,19.05,0
2030-04-18,18.46,18.81,17.99,7058696,18.43,0
2030-04-19,12.36,12.42,12.31,15741475,12.31,0
2030-04-22,12.29,12.54,12.18,19608217,12.18,0
2030-04-23,19.73,19.98,19.6,15338517,19.71,0
2030-04-24,9.01,9.17,8.82,21791277,9.1,0
2030-04-25,20.34,20.79,19.91,26036341,20.74,0
2030-04-26,11.59,11.77,11.56,5139483,11.72,0
2030-04-29,16.3,16.7,15.99,18104905,16.55,0
2030-04-30,21.1,21.56,20.51,72300066,21.31,0
2030-05-01,17.49,17.81,17.28,21083715,17.77,0
2030-05-02,13.8,13.86,13.44,32719917,13.57,0
2030-05-03,17.65,18.09,17.54,11871115,17.95,0
2030-05-06,12.82,13.18,12.68,42751218,12.77,0
2030-05-07,11.88,11.93,11.84,42624589,11.93,0
2030-05-08,21.95,22.27,21.81,21216463,21.81,0
2030-05-09,18.51,18.65,18.02,74852749,18.65,0
2030-05-10,17.03,17.42,16.71,7081863,17.19,0
2030-05-13,12.97,13.25,12.88,5240552,13.23,0
2030-05-14,8.69,8.73,8.54,42299272,8.73,0
2030-05-15,8.43,8.65,8.42,46868615,8.42,0
2030-05-16,15.76,15.85,15.64,6977726,15.8,0
2030-05-17,18.67,19.12,18.12,10441517,18.57,0
2030-05-20,15.52,15.73,15.46,5249345,15.46,0
2030-05-21,19.77,19.96,19.24,11275836,19.57,0
2030-05-22,8.47,8.51,8.25,42650643,8.38,0
2030-05-23,13.13,13.2,13.03,21021157,13.16,0
2030-05-24,11.32,11.54,11.27,13125591,11.5,0
2030-05-27,14.26,14.5,14.06,14014859,14.5,0
2030-05-28,9.01,9.04,8.82,5018800,8.85,0
2030-05-29,21.36,21.43,20.94,11480632,21.0,0
2030-05-30,11.13,11.15,10.91,30018148,11.02,0
2030-05-31,20.91,21.38,20.49,74476113,20.71,0
2030-06-03,13.96,14.26,13.64,52351951,13.73,0
2030-06-04,21.8,21.84,21.54,5338032,21.7,0
2030-06-05,15.76,16.02,15.71,60387185,15.82,0
2030-06-06,21.03,21.08,20.59,43856590,21.08,0
2030-06-07,8.07,8.29,7.87,43514750,8.08,0
2030-06-10,18.48,18.98,18.39,17801305,18.39,0
2030-06-11,20.64,21.07,20.48,15073570,20.81,0
2030-06-12,9.96,10.24,9.94,11580222,10.09,0
2030-06-13,9.35,9.58,9.12,5998940,9.29,0
2030-06-14,13.94,14.29,13.58,9414403,13.71,0
2030-06-17,21.07,21.43,20.78,9906275,20.9,0
2030-06-18,15.59,15.73,15.41,19136252,15.41,0
2030-06-19,15.38,15.48,15.14,39717577,15.36,0
2030-06-20,9.98,10.08,9.86,18599184,9.86,0
2030-06-21,8.01,8.16,7.81,5869778,8.0,0
2030-06-24,19.34,19.44,19.04,71164572,19.12,0
2030-06-25,9.23,9.3,9.14,68253228,9.3,0
2030-06-26,16.87,17.11,16.58,44099374,16.58,0
2030-06-27,20.8,20.95,20.6,78099408,20.85,0
2030-06-28,10.92,11.11,10.74,22625181,10.78,0
2030-07-01,17.31,17.79,16.96,72153701,16.96,0
2030-07-02,9.1,9.3,8.91,6166057,9.23,0
2030-07-03,16.45,16.78,16.16,13781405,16.56,0
2030-07-04,10.3,10.48,10.0,9340198,10.13,0
2030-07-05,18.3,18.57,18.12,8605508,18.42,0
2030-07-08,12.22,12.29,12.16,7387775,12.27,0
2030-07-09,14.49,14.88,14.21,28082173,14.47,0
2030-07-10,16.39,16.51,15.92,43629000,16.34,0
2030-07-11,10.4,10.43,10.4,24849100,10.43,0
2030-07-12,18.38,18.79,17.97,7515030,18.19,0
2030-07-15,12.24,12.3,11.92,47387123,12.19,0
2030-07-16,17.27,17.46,16.94,29156526,17.15,0
2030-07-17,10.22,10.23,10.14,14667905,10.23,0
2030-07-18,17.63,17.7,17.26,32411846,17.7,0
2030-07-19,9.79,9.84,9.67,10278430,9.84,0
2030-07-22,13.95,13.97,13.71,13020355,13.97,0
2030-07-23,11.46,11.69,11.16,63640421,11.68,0
2030-07-24,18.48,18.94,18.11,11188511,18.63,0
2030-07-25,11.67,11.8,11.57,18403154,11.79,0
2030-07-26,20.34,20.87,20.1,58993849,20.73,0
2030-07-29,20.49,20.62,19.95,35575534,20.09,0
2030-07-30,10.75,10.85,10.48,5941145,10.81,0
2030-07-31,16.59,16.67,16.41,7522125,16.67,0
2030-08-01,9.23,9.4,9.18,5109898,9.38,0
2030-08-02,13.48,13.65,13.22,28752495,13.65,0
2030-08-05,17.99,18.32,17.77,17299061,18.24,0
2030-08-06,17.23,17.62,16.8,7255261,17.54,0
2030-08-07,16.75,17.02,16.4,71193054,16.78,0
2030-08-08,11.96,12.19,11.61,21714201,11.72,0
2030-08-09,13.29,13.66,13.2,9777742,13.2,0
2030-08-12,9.44,9.52,9.27,20033497,9.46,0
2030-08-13,18.07,18.26,17.97,32908980,18.02,0
2030-08-14,15.05,15.37,14.92,6176909,15.02,0
2030-08-15,17.92,18.25,17.83,10708937,17.85,0
2030-08-16,11.49,11.55,11.24,46843925,11.55,0
2030-08-19,12.54,12.68,12.23,17883876,12.47,0
2030-08-20,12.68,12.86,12.67,22756971,12.86,0
2030-08-21,8.36,8.47,8.29,16600929,8.47,0
2030-08-22,12.77,12.84,12.71,5647169,12.77,0
2030-08-23,19.25,19.78,18.68,7916854,19.21,0
2030-08-26,20.56,21.03,20.16,17197115,20.77,0
2030-08-27,15.26,15.48,15.14,8930061,15.39,0
2030-08-28,14.38,14.67,13.98,5743158,14.28,0
2030-08-29,8.43,8.66,8.32,51859153,8.32,0
2030-08-30,20.31,20.39,19.96,75935269,20.12,0
2030-09-02,8.18,8.24,7.94,45082624,8.06,0
2030-09-03,21.23,21.58,20.74,53337111,21.06,0
2030-09-04,14.85,15.21,14.53,9780015,14.71,0
2030-09-05,12.79,12.8,12.45,71726583,12.8,0
2030-09-06,20.94,21.56,20.71,8631617,21.32,0
2030-09-09,8.34,8.45,8.15,69920681,8.4,0
2030-09-10,16.14,16.31,15.79,78859096,16.31,0
2030-09-11,15.69,15.83,15.64,35972420,15.83,0
2030-09-12,11.07,11.13,10.89,75924996,11.13,0
2030-09-13,14.0,14.33,13.74,24252931,13.95,0
2030-09-16,17.13,17.62,16.99,10268085,17.01,0
2030-09-17,18.18,18.41,18.13,16794438,18.41,0
2030-09-18,8.01,8.24,7.78,25923199,8.14,0
2030-09-19,21.12,21.64,20.77,6123066,21.08,0
2030-09-20,10.3,10.45,10.18,28076694,10.18,0
2030-09-23,11.27,11.5,11.04,75932176,11.4,0
2030-09-24,11.69,11.84,11.61,8469981,11.61,0
2030-09-25,8.53,8.67,8.52,45014209,8.52,0
2030-09-26,9.72,9.74,9.7,61971083,9.74,0
2030-09-27,21.81,22.27,21.33,68438416,21.83,0
2030-09-30,12.41,12.43,12.12,71628931,12.43,0
2030-10-01,9.61,9.85,9.6,21226089,9.77,0
2030-10-02,9.5,9.74,9.35,75121800,9.52,0
2030-10-03,18.07,18.2,17.64,40819000,18.07,0
2030-10-04,19.96,20.15,19.78,7827838,19.79,0
2030-10-07,11.6,11.77,11.35,18759228,11.51,0
2030-10-08,8.29,8.44,8.11,36637592,8.39,0
2030-10-09,11.12,11.22,11.08,9926529,11.1,0
2030-10-10,8.79,8.95,8.57,29535719,8.67,0
2030-10-11,9.45,9.53,9.18,31742195,9.3,0
2030-10-14,14.04,14.06,13.73,7850187,14.02,0
2030-10-15,11.22,11.22,11.09,23955240,11.2,0
2030-10-16,15.22,15.27,14.82,42471870,15.27,0
2030-10-17,11.55,11.82,11.37,19938856,11.54,0
2030-10-18,21.17,21.78,20.93,5170632,20.93,0
2030-10-21,20.68,20.94,20.59,5126883,20.69,0
2030-10-22,15.94,16.19,15.57,13454767,16.19,0
2030-10-23,12.96,13.02,12.89,65195676,12.89,0
2030-10-24,13.34,13.56,13.03,9425932,13.44,0
2030-10-25,13.77,13.83,13.64,29028193,13.82,0
2030-10-28,18.19,18.52,17.88,9254991,18.37,0
2030-10-29,14.32,14.72,13.94,12198299,14.12,0
2030-10-30,19.99,20.11,19.82,52494576,20.11,0
2030-10-31,21.22,21.71,20.72,37723035,21.32,0
2030-11-01,12.7,12.71,12.39,6513916,12.71,0
2030-11-04,15.85,16.03,15.54,16412649,15.69,0
2030-11-05,9.33,9.36,9.23,5421181,9.36,0
2030-11-06,10.81,10.92,10.56,18967908,10.92,0
2030-11-07,13.79,13.86,13.45,31377623,13.73,0
2030-11-08,10.89,11.01,10.57,6944826,10.84,0
2030-11-11,20.27,20.52,19.95,11138383,20.4,0
2030-11-12,10.22,10.31,10.04,15066523,10.05,0
2030-11-13,14.38,14.66,14.05,64002315,14.52,0
2030-11-14,16.48,16.93,16.01,78517817,16.18,0
2030-11-15,17.69,17.9,17.39,5663027,17.47,0
2030-11-18,13.36,13.44,13.28,41239639,13.44,0
2030-11-19,20.17,20.33,20.0,14014267,20.0,0
2030-11-20,15.96,16.37,15.89,14843515,16.26,0
2030-11-21,14.15,14.39,13.73,40475808,14.36,0
2030-11-22,8.94,9.06,8.93,63806603,8.99,0
2030-11-25,14.51,14.58,14.22,69823582,14.58,0
2030-11-26,19.49,19.75,19.48,24768223,19.75,0
2030-11-27,16.6,16.74,16.23,13458192,16.44,0
2030-11-28,19.65,20.21,19.34,44388820,19.92,0
2030-11-29,14.92,15.32,14.63,10027803,14.74,0
2030-12-02,9.66,9.68,9.47,23888166,9.63,0
2030-12-03,8.19,8.32,8.15,13512680,8.21,0
2030-12-04,12.25,12.33,12.16,30876823,12.33,0
2030-12-05,17.77,17.99,17.77,9737313,17.77,0
2030-12-06,19.06,19.56,18.84,8504933,18.9,0
2030-12-09,12.14,12.33,11.94,63773468,12.19,0
2030-12-10,14.94,15.09,14.53,6630616,14.85,0
2030-12-11,13.9,13.99,13.9,20333120,13.99,0
2030-12-12,13.75,14.08,13.57,9223659,13.83,0
2030-12-13,11.24,11.45,11.14,5569887,11.14,0
2030-12-16,9.91,10.05,9.73,5525111,9.77,0
2030-12-17,10.75,10.82,10.6,8127520,10.81,0
2030-12-18,8.77,8.86,8.75,55292409,8.75,0
2030-12-19,10.77,11.08,10.5,10942292,10.63,0
2030-12-20,8.13,8.26,7.96,69732765,8.07,0
2030-12-23,16.78,16.98,16.35,25079163,16.65,0
2030-12-24,12.43,12.62,12.35,16776674,12.35,0
2030-12-25,21.62,22.13,21.01,24972761,21.66,0
2030-12-26,10.71,10.82,10.41,20947725,10.82,0
2030-12-27,12.84,12.91,12.57,40985256,12.88,0
2030-12-30,13.01,13.24,12.82,10942818,13.18,0
2030-12-31,8.12,8.28,7.98,13307149,8.0,0
2031-01-01,19.75,20.17,19.18,59644008,19.7,0
2031-01-02,8.45,8.67,8.44,68963168,8.49,0
2031-01-03,21.16,21.4,21.13,59390530,21.31,0
2031-01-06,20.49,20.54,20.05,15996896,20.54,0
2031-01-07,15.5,15.95,15.38,43513468,15.64,0
2031-01-08,15.61,15.81,15.41,18729897,15.7,0
2031-01-09,17.15,17.47,16.76,19864045,16.87,0
2031-01-10,13.42,13.69,13.12,8819205,13.52,0
2031-01-13,17.06,17.34,16.8,25749086,17.21,0
2031-01-14,8.63,8.68,8.48,8377221,8.68,0
2031-01-15,8.76,8.96,8.57,12537579,8.83,0
2031-01-16,14.4,14.75,14.32,53521584,14.51,0
2031-01-17,15.69,15.95,15.45,8877979,15.7,0
2031-01-20,20.43,20.73,20.22,6090502,20.73,0
2031-01-21,9.47,9.5,9.24,6054293,9.5,0
2031-01-22,19.52,19.57,19.25,67887129,19.57,0
2031-01-23,10.94,11.05,10.72,20387456,10.99,0
2031-01-24,13.52,13.65,13.33,15557910,13.33,0
2031-01-27,12.43,12.79,12.35,47354920,12.54,0
2031-01-28,13.6,13.92,13.51,50746338,13.71,0
2031-01-29,10.11,10.31,9.91,12559370,10.22,0
2031-01-30,15.05,15.28,14.91,34211283,14.91,0
2031-01-31,19.22,19.32,19.19,42412551,19.32,0
2031-02-03,14.18,14.6,14.02,30707749,14.06,0
2031-02-04,14.87,15.04,14.49,7612173,15.02,0
2031-02-05,19.88,19.94,19.69,56707216,19.69,0
2031-02-06,17.88,18.14,17.4,22289716,18.01,0
2031-02-07,14.87,15.26,14.81,10942100,14.81,0
2031-02-10,11.61,11.92,11.44,16255329,11.44,0
2031-02-11,20.39,20.4,20.01,5548941,20.4,0
2031-02-12,16.08,16.51,15.63,7127496,15.83,0
2031-02-13,11.1,11.19,10.89,41761890,11.17,0
2031-02-14,11.77,11.78,11.74,5000161,11.78,0
2031-02-17,19.24,19.73,18.67,15869573,19.6,0
2031-02-18,8.62,8.84,8.48,21288005,8.53,0
2031-02-19,21.89,22.28,21.84,5817768,22.16,0
2031-02-20,9.82,9.99,9.64,74245966,9.76,0
2031-02-21,19.14,19.61,18.81,9359487,19.45,0
2031-02-24,13.53,13.85,13.36,11621489,13.69,0
2031-02-25,14.89,15.29,14.65,11613236,14.65,0
2031-02-26,20.33,20.67,19.82,9471512,20.25,0
2031-02-27,13.78,14.18,13.37,5020473,13.69,0
2031-02-28,15.52,15.98,15.34,37773623,15.7,0
2031-03-03,8.69,8.72,8.67,72973973,8.67,0
2031-03-04,8.03,8.23,7.81,9312071,8.09,0
2031-03-05,11.43,11.6,11.16,31431013,11.48,0
2031-03-06,17.53,17.73,17.2,39111295,17.73,0
2031-03-07,9.7,9.88,9.64,52550392,9.87,0
2031-03-10,9.59,9.61,9.38,16138615,9.56,0
2031-03-11,13.75,13.96,13.7,11580709,13.87,0
2031-03-12,17.07,17.52,16.59,12321523,17.29,0
2031-03-13,17.97,18.09,17.94,36062148,18.09,0
2031-03-14,10.5,10.63,10.36,48136054,10.36,0
2031-03-17,9.11,9.37,9.02,8272847,9.04,0
2031-03-18,21.17,21.44,20.77,13983873,21.02,0
2031-03-19,11.65,11.78,11.57,60955685,11.62,0
2031-03-20,19.95,20.21,19.45,46808615,19.69,0
2031-03-21,20.09,20.4,19.52,76711008,20.09,0
2031-03-24,18.82,19.18,18.48,40473933,18.94,0
2031-03-25,10.36,10.61,10.31,14873878,10.36,0
2031-03-26,19.51,19.77,19.37,25713952,19.64,0
2031-03-27,18.77,19.23,18.5,31254350,18.5,0
2031-03-28,16.35,16.61,16.14,6214987,16.6,0
2031-03-31,12.72,12.85,12.39,22626098,12.85,0
2031-04-01,11.68,11.91,11.62,35733651,11.74,0
2031-04-02,9.71,9.92,9.65,7951424,9.86,0
2031-04-03,15.14,15.39,14.98,43545598,14.98,0
2031-04-04,16.19,16.22,15.93,25229142,16.22,0
2031-04-07,13.03,13.1,13.02,70074383,13.02,0
2031-04-08,14.66,14.79,14.61,5624081,14.61,0
2031-04-09,13.09,13.2,12.95,10434088,13.0,0
2031-04-10,16.97,17.31,16.65,26504099,17.03,0
2031-04-11,20.62,20.63,20.38,11377942,20.46,0
2031-04-14,10.29,10.52,10.16,36242856,10.35,0
2031-04-15,13.34,13.45,13.1,41011290,13.27,0
2031-04-16,9.97,10.06,9.76,6643723,10.06,0
2031-04-17,16.75,17.02,16.45,20783201,16.84,0
2031-04-18,18.2,18.32,17.97,20499123,17.99,0
2031-04-21,21.05,21.61,20.69,13919651,20.91,0
2031-04-22,11.9,11.93,11.64,66423763,11.93,0
2031-04-23,21.3,21.58,21.15,49589177,21.2,0
2031-04-24,8.89,9.12,8.77,34553636,8.9,0
2031-04-25,16.44,16.74,15.98,36233057,16.54,0
2031-04-28,8.8,8.88,8.63,17985878,8.75,0
2031-04-29,20.51,20.77,20.44,64262544,20.44,0
2031-04-30,15.42,15.75,15.31,34304116,15.4,0
2031-05-01,17.37,17.88,17.02,37735549,17.17,0
2031-05-02,19.64,20.17,19.6,54519171,19.6,0
2031-05-05,10.1,10.2,9.82,10690182,9.92,0
2031-05-06,8.54,8.8,8.53,46857618,8.53,0
2031-05-07,20.3,20.3,19.84,8591384,20.15,0
2031-05-08,12.41,12.42,12.04,13025762,12.42,0
2031-05-09,9.81,10.05,9.64,12679007,9.85,0
2031-05-12,14.56,14.65,14.28,75375824,14.65,0
2031-05-13,16.38,16.41,16.15,53745684,16.15,0
2031-05-14,8.43,8.49,8.38,34935153,8.38,0
2031-05-15,11.85,12.0,11.79,37534754,12.0,0
2031-05-16,8.46,8.65,8.31,23755987,8.5,0
2031-05-19,13.88,14.14,13.64,69084529,13.71,0
2031-05-20,20.53,20.68,20.01,19793613,20.45,0
2031-05-21,21.76,22.09,21.14,14360150,21.79,0
2031-05-22,16.92,17.39,16.74,7857495,17.15,0
2031-05-23,10.26,10.51,9.97,44223788,10.08,0
2031-05-26,20.68,20.88,20.51,38311453,20.76,0
2031-05-27,15.23,15.68,15.02,14513748,15.36,0
2031-05-28,10.15,10.37,9.91,5361742,10.34,0
2031-05-29,20.9,20.94,20.61,51194517,20.94,0
2031-05-30,18.6,18.62,18.14,5160819,18.43,0
2031-06-02,18.24,18.33,17.93,35181064,18.33,0
2031-06-03,17.93,18.32,17.82,73667508,18.12,0
2031-06-04,10.8,10.86,10.63,16825453,10.86,0
2031-06-05,10.95,11.12,10.67,9591934,11.09,0
2031-06-06,17.64,17.69,17.49,35295495,17.69,0
2031-06-09,11.08,11.39,10.81,48182611,10.9,0
2031-06-10,14.14,14.29,14.03,22747709,14.03,0
2031-06-11,18.95,19.47,18.65,73012380,19.17,0
2031-06-12,18.98,19.52,18.67,5770127,18.79,0
2031-06-13,14.35,14.35,14.29,20267700,14.29,0
2031-06-16,19.09,19.36,18.92,36650066,19.01,0
2031-06-17,19.74,19.75,19.17,54662896,19.75,0
2031-06-18,17.17,17.64,16.81,8218930,16.91,0
2031-06-19,11.2,11.37,11.16,45948378,11.28,0
2031-06-20,11.84,11.87,11.49,23147049,11.6,0
2031-06-23,12.41,12.45,12.24,15013025,12.24,0
2031-06-24,9.64,9.75,9.56,7203950,9.58,0
2031-06-25,11.82,12.15,11.69,55066810,11.69,0
2031-06-26,10.93,11.16,10.85,7732961,11.08,0
2031-06-27,14.37,14.74,14.25,11802982,14.58,0
2031-06-30,20.72,20.95,20.53,11174282,20.93,0
2031-07-01,9.46,9.47,9.41,56008902,9.41,0
2031-07-02,18.08,18.61,17.89,32283835,18.1,0
2031-07-03,17.62,17.63,17.3,45527101,17.4,0
2031-07-04,9.34,9.61,9.19,10012981,9.26,0
2031-07-07,20.92,21.15,20.74,28274400,20.93,0
2031-07-08,15.96,15.96,15.9,24401738,15.96,0
2031-07-09,13.09,13.36,12.8,50326613,12.88,0
2031-07-10,18.59,19.14,18.22,61660571,18.44,0
2031-07-11,11.6,11.94,11.58,5171401,11.8,0
2031-07-14,17.71,17.8,17.49,32401928,17.66,0
2031-07-15,8.56,8.61,8.35,5772800,8.61,0
2031-07-16,19.75,20.09,19.55,22901382,20.09,0
2031-07-17,14.27,14.54,14.27,11099779,14.29,0
2031-07-18,16.91,17.29,16.82,11704850,16.82,0
2031-07-21,11.1,11.16,11.02,13303760,11.16,0
2031-07-22,17.48,17.98,17.06,27995012,17.24,0
2031-07-23,18.81,19.17,18.74,12624269,18.74,0
2031-07-24,14.62,14.99,14.41,38126556,14.79,0
2031-07-25,16.65,16.92,16.59,15348626,16.61,0
2031-07-28,14.39,14.57,14.1,6043318,14.22,0
2031-07-29,20.52,21.12,19.94,43924911,20.64,0
2031-07-30,14.97,15.23,14.73,11042243,15.11,0
2031-07-31,19.79,20.3,19.36,16598669,19.49,0
2031-08-01,19.22,19.77,19.06,33444652,19.06,0
2031-08-04,13.75,14.03,13.73,12568606,13.73,0
2031-08-05,11.22,11.4,11.12,5849327,11.17,0
2031-08-06,13.69,13.69,13.64,14099893,13.69,0
2031-08-07,19.57,19.59,19.25,68580305,19.59,0
2031-08-08,11.19,11.26,11.11,29627514,11.26,0
2031-08-11,15.34,15.43,15.27,32174475,15.27,0
2031-08-12,19.29,19.44,19.12,28861147,19.12,0
2031-08-13,12.95,13.07,12.76,8681213,12.81,0
2031-08-14,16.99,17.17,16.8,15947557,16.84,0
2031-08-15,11.44,11.58,11.34,40104363,11.34,0
2031-08-18,9.53,9.56,9.32,6622701,9.5,0
2031-08-19,19.12,19.14,19.01,10802843,19.01,0
2031-08-20,9.39,9.58,9.38,10757005,9.48,0
2031-08-21,11.8,11.99,11.61,16564282,11.94,0
2031-08-22,19.97,20.24,19.79,75762029,20.03,0
2031-08-25,12.85,13.09,12.75,6029082,12.75,0
2031-08-26,21.62,22.16,21.4,21064358,21.96,0
2031-08-27,21.72,22.0,21.42,8221416,22.0,0
2031-08-28,11.76,11.99,11.72,73753227,11.72,0
2031-08-29,8.57,8.82,8.43,6845434,8.64,0
2031-09-01,17.87,18.32,17.37,15309254,18.11,0
2031-09-02,14.31,14.49,14.24,38678717,14.33,0
2031-09-03,9.41,9.59,9.32,35264528,9.34,0
2031-09-04,17.91,18.01,17.83,16143065,17.89,0
2031-09-05,8.44,8.58,8.22,13068528,8.44,0
2031-09-08,20.18,20.77,19.59,15057158,20.1,0
2031-09-09,9.94,10.09,9.92,10403760,10.09,0
2031-09-10,9.78,10.05,9.53,8835182,9.88,0
2031-09-11,10.46,10.59,10.4,19081291,10.4,0
2031-09-12,21.44,22.08,21.33,10527297,21.51,0
2031-09-15,17.7,18.01,17.55,11094515,17.83,0
2031-09-16,19.22,19.24,18.72,30887525,18.94,0
2031-09-17,13.57,13.81,13.43,73317080,13.49,0
2031-09-18,12.71,12.81,12.67,26657635,12.81,0
2031-09-19,11.28,11.29,11.09,6189599,11.29,0
2031-09-22,14.73,15.09,14.47,6165691,14.56,0
2031-09-23,15.73,15.86,15.47,69919404,15.49,0
2031-09-24,16.84,17.24,16.38,11401022,16.85,0
2031-09-25,11.6,11.7,11.56,6454011,11.62,0
2031-09-26,21.28,21.4,21.2,26320344,21.2,0
2031-09-29,10.38,10.68,10.38,28178506,10.43,0
2031-09-30,21.52,21.75,21.25,30188923,21.25,0
2031-10-01,8.21,8.36,8.15,10494316,8.15,0
2031-10-02,14.74,15.01,14.39,5213929,14.77,0
2031-10-03,12.67,12.88,12.54,72604626,12.54,0
2031-10-06,14.29,14.68,14.14,10024791,14.51,0
2031-10-07,15.99,16.31,15.94,32582677,15.94,0
2031-10-08,14.1,14.27,14.03,35468037,14.2,0
2031-10-09,13.81,14.17,13.78,27132645,13.78,0
2031-10-10,18.26,18.36,18.19,11905511,18.19,0
2031-10-13,17.6,17.89,17.53,10602357,17.79,0
2031-10-14,19.67,20.23,19.12,26220099,19.67,0
2031-10-15,11.5,11.72,11.45,55189068,11.6,0
2031-10-16,16.53,16.94,16.34,69016194,16.53,0
2031-10-17,16.19,16.51,15.89,6706459,16.25,0
2031-10-20,13.18,13.51,12.81,7680725,13.32,0
2031-10-21,14.8,15.22,14.66,68635027,14.86,0
2031-10-22,12.39,12.49,12.14,38534239,12.45,0
2031-10-23,9.99,10.04,9.83,57836302,10.04,0
2031-10-24,10.99,11.15,10.89,8769281,11.15,0
2031-10-27,9.48,9.68,9.45,25497282,9.45,0
2031-10-28,17.56,17.68,17.47,34932221,17.61,0
2031-10-29,17.25,17.25,16.97,32953862,16.97,0
2031-10-30,21.31,21.53,20.92,15503638,21.19,0
2031-10-31,18.22,18.75,17.8,5218039,18.16,0
2031-11-03,8.73,8.91,8.57,25169983,8.85,0
2031-11-04,20.38,20.63,19.84,10086364,20.39,0
2031-11-05,20.08,20.2,20.06,17423289,20.2,0
2031-11-06,14.21,14.36,14.03,71123389,14.03,0
2031-11-07,16.2,16.28,15.78,15116679,16.18,0
2031-11-10,21.67,21.74,21.25,51308805,21.74,0
2031-11-11,15.45,15.87,15.24,8433260,15.28,0
2031-11-12,20.67,21.29,20.38,32262137,20.38,0
2031-11-13,9.16,9.21,8.89,75059143,9.14,0
2031-11-14,10.67,10.69,10.65,6632260,10.69,0
2031-11-17,14.17,14.31,13.86,5116679,14.14,0
2031-11-18,16.19,16.41,15.71,16636260,16.16,0
2031-11-19,19.43,19.55,18.89,6464013,19.55,0
2031-11-20,21.84,22.04,21.56,39821219,21.63,0
2031-11-21,13.44,13.52,13.09,63124264,13.52,0
2031-11-24,8.66,8.86,8.41,16656484,8.54,0
2031-11-25,19.22,19.63,18.86,10244479,19.14,0
2031-11-26,16.46,16.77,16.27,16674151,16.56,0
2031-11-27,10.78,10.91,10.49,37161050,10.91,0
2031-11-28,14.93,15.34,14.62,5127106,15.1,0
2031-12-01,18.39,18.92,18.07,25629689,18.55,0
2031-12-02,18.79,18.89,18.32,27380841,18.68,0
2031-12-03,14.99,15.09,14.77,29297001,14.77,0
2031-12-04,12.27,12.46,11.93,9781234,12.13,0
2031-12-05,21.63,21.69,21.01,36205551,21.69,0
2031-12-08,17.29,17.52,17.04,6441935,17.52,0
2031-12-09,13.72,13.96,13.41,8687912,13.96,0
2031-12-10,11.93,12.12,11.61,56957277,11.73,0
2031-12-11,18.24,18.42,17.92,38768707,18.27,0
2031-12-12,11.39,11.58,11.36,5194231,11.46,0
2031-12-15,10.4,10.7,10.31,9955082,10.49,0
2031-12-16,15.42,15.52,15.33,9060270,15.51,0
2031-12-17,12.06,12.3,12.01,10593838,12.19,0
2031-12-18,16.8,16.82,16.79,9932571,16.79,0
2031-12-19,9.65,9.67,9.58,5946469,9.58,0
2031-12-22,17.17,17.45,16.97,17847996,16.97,0
2031-12-23,11.97,12.01,11.74,38130195,11.74,0
2031-12-24,8.0,8.01,7.8,26887337,7.95,0
2031-12-25,9.78,9.83,9.69,32298937,9.69,0
2031-12-26,21.07,21.43,21.07,6261572,21.07,0
2031-12-29,20.14,20.56,19.82,69932488,20.24,0
2031-12-30,11.27,11.34,11.18,51122817,11.34,0
2031-12-31,18.9,19.28,18.61,46601012,19.16,0
2032-01-01,16.52,16.61,16.24,48971257,16.36,0
2032-01-02,21.59,21.99,21.21,66384298,21.27,0
2032-01-05,13.23,13.39,13.03,22610860,13.07,0
2032-01-06,17.54,17.88,17.21,8712315,17.87,0
2032-01-07,8.89,9.16,8.82,27647220,8.91,0
2032-01-08,13.55,13.93,13.5,39218272,13.5,0
2032-01-09,21.49,21.49,21.41,38682193,21.49,0
2032-01-12,15.55,15.96,15.19,21225464,15.48,0
2032-01-13,12.03,12.05,11.99,6045086,12.05,0
2032-01-14,9.68,9.96,9.49,13990541,9.59,0
2032-01-15,17.85,18.0,17.48,64221948,17.77,0
2032-01-16,17.03,17.23,16.89,25276481,17.03,0
2032-01-19,13.24,13.28,12.96,22242636,13.28,0
2032-01-20,21.31,21.38,20.7,10536634,21.38,0
2032-01-21,8.31,8.49,8.15,13887584,8.33,0
2032-01-22,12.25,12.6,12.15,59851374,12.15,0
2032-01-23,20.89,21.27,20.47,31730103,20.81,0
2032-01-26,12.49,12.76,12.35,44368879,12.73,0
2032-01-27,11.53,11.79,11.41,17622049,11.58,0
2032-01-28,15.48,15.6,15.36,28698769,15.6,0
2032-01-29,19.53,19.56,19.47,9955284,19.49,0
2032-01-30,9.44,9.44,9.28,35353262,9.44,0
2032-02-02,21.2,21.42,20.67,16362638,21.14,0
2032-02-03,19.13,19.27,18.74,17054850,19.27,0
2032-02-04,10.54,10.56,10.36,30257427,10.56,0
2032-02-05,17.97,18.07,17.82,67044663,17.98,0
2032-02-06,13.39,13.44,12.99,5970921,13.38,0
2032-02-09,13.63,14.0,13.35,49210731,13.54,0
2032-02-10,18.97,19.05,18.84,11246939,18.84,0
2032-02-11,21.48,21.83,21.27,17119942,21.83,0
2032-02-12,9.77,9.94,9.69,5313201,9.7,0
2032-02-13,13.89,14.12,13.81,11520348,14.06,0
2032-02-16,14.73,14.77,14.63,20146441,14.77,0
2032-02-17,13.27,13.4,13.14,5842689,13.4,0
2032-02-18,13.08,13.1,12.86,19512287,13.1,0
2032-02-19,8.73,8.83,8.73,65361564,8.77,0
2032-02-20,17.6,17.7,17.37,6696935,17.7,0
2032-02-23,14.11,14.35,13.77,41634021,13.92,0
2032-02-24,10.73,10.95,10.5,15569086,10.78,0
2032-02-25,19.42,19.73,19.24,30752312,19.63,0
2032-02-26,19.24,19.49,19.2,10287885,19.2,0
2032-02-27,14.81,14.98,14.45,7780685,14.95,0
2032-03-01,12.18,12.49,11.84,7801646,12.32,0
2032-03-02,16.93,17.04,16.87,6079261,17.04,0
2032-03-03,12.03,12.29,12.0,8365866,12.0,0
2032-03-04,11.3,11.56,11.05,31533330,11.38,0
2032-03-05,18.23,18.46,17.89,57627700,18.09,0
2032-03-08,8.56,8.64,8.47,47783176,8.64,0
2032-03-09,9.33,9.46,9.14,33415958,9.32,0
2032-03-10,8.1,8.12,8.07,6791148,8.12,0
2032-03-11,10.14,10.15,9.87,11147729,10.11,0
2032-03-12,8.97,9.0,8.71,11803605,8.85,0
2032-03-15,21.94,22.06,21.42,9998806,21.66,0
2032-03-16,12.04,12.22,11.78,20849642,11.84,0
2032-03-17,10.09,10.35,9.82,22071968,10.14,0
2032-03-18,11.37,11.45,11.05,13449419,11.45,0
2032-03-19,21.11,21.7,20.96,13334434,20.96,0
2032-03-22,15.28,15.72,14.9,49733653,15.01,0
2032-03-23,13.11,13.49,13.08,44603947,13.09,0
2032-03-24,20.23,20.74,19.85,11737973,20.42,0
2032-03-25,13.53,13.68,13.4,62991352,13.4,0
2032-03-26,12.69,12.72,12.4,70189736,12.57,0
2032-03-29,10.9,11.09,10.65,12371069,10.78,0
2032-03-30,13.29,13.51,13.12,13357961,13.24,0
2032-03-31,12.43,12.75,12.27,20314877,12.29,0
2032-04-01,17.48,18.0,17.36,67950457,17.38,0
2032-04-02,12.05,12.23,11.96,56775863,12.16,0
2032-04-05,16.08,16.25,15.92,6644681,16.15,0
2032-04-06,8.92,8.97,8.77,14854736,8.77,0
2032-04-07,10.68,10.68,10.64,23189710,10.68,0
2032-04-08,13.7,13.91,13.54,20174458,13.69,0
2032-04-09,21.12,21.47,21.11,8558633,21.47,0
2032-04-12,13.28,13.61,13.21,54086445,13.21,0
2032-04-13,17.3,17.56,16.8,32665396,17.46,0
2032-04-14,11.57,11.89,11.33,51040183,11.68,0
2032-04-15,9.78,9.96,9.65,54078574,9.67,0
2032-04-16,8.82,9.04,8.75,39818073,8.96,0
2032-04-19,12.28,12.33,12.11,16897882,12.28,0
2032-04-20,10.21,10.47,10.14,27173248,10.28,0
2032-04-21,10.44,10.65,10.22,7799544,10.29,0
2032-04-22,18.65,18.75,18.19,32368302,18.47,0
2032-04-23,8.22,8.27,7.99,8218876,8.25,0
2032-04-26,15.81,16.25,15.61,34242745,15.7,0
2032-04-27,13.31,13.32,13.19,9450042,13.31,0
2032-04-28,15.09,15.3,14.78,6926532,15.01,0
2032-04-29,15.88,16.03,15.7,7906647,15.97,0
2032-04-30,12.39,12.64,12.04,5027693,12.38,0
2032-05-03,12.13,12.44,11.8,36679106,11.89,0
2032-05-04,18.27,18.47,18.11,38095067,18.38,0
2032-05-05,20.2,20.46,19.82,20845463,20.14,0
2032-05-06,10.7,11.02,10.59,7821142,10.63,0
2032-05-07,9.37,9.59,9.32,6303467,9.32,0
2032-05-10,20.57,21.12,20.48,5272342,20.48,0
2032-05-11,12.9,13.07,12.58,7916819,12.76,0
2032-05-12,15.72,15.83,15.48,59110816,15.83,0
2032-05-13,13.03,13.19,12.93,9768083,12.99,0
2032-05-14,9.76,9.97,9.69,13352273,9.69,0
2032-05-17,16.25,16.3,16.15,6696049,16.15,0
2032-05-18,15.35,15.47,14.99,9262318,15.09,0
2032-05-19,10.84,10.86,10.58,21094959,10.86,0
2032-05-20,14.33,14.52,14.15,26963555,14.15,0
2032-05-21,19.16,19.64,19.01,9871965,19.16,0
2032-05-24,16.27,16.28,15.94,5867951,16.19,0
2032-05-25,9.36,9.55,9.11,14784972,9.47,0
2032-05-26,15.67,16.11,15.54,9571477,15.56,0
2032-05-27,17.84,17.97,17.47,9190503,17.81,0
2032-05-28,19.1,19.5,18.62,71574774,19.27,0
2032-05-31,16.81,17.3,16.38,27610212,16.77,0
2032-06-01,10.14,10.43,9.93,23416310,10.26,0
2032-06-02,17.94,18.07,17.72,15834819,18.06,0
2032-06-03,17.48,17.53,17.14,16423679,17.42,0
2032-06-04,8.34,8.38,8.09,22401883,8.34,0
2032-06-07,13.76,14.05,13.39,34479031,14.02,0
2032-06-08,12.66,12.94,12.39,35029840,12.74,0
2032-06-09,17.37,17.72,17.19,8048410,17.65,0
2032-06-10,11.03,11.14,10.73,20006253,10.89,0
2032-06-11,16.27,16.35,16.06,15668123,16.26,0
2032-06-14,20.78,21.14,20.23,55871318,21.12,0
2032-06-15,19.17,19.45,18.72,28792153,19.03,0
2032-06-16,20.9,21.36,20.38,21886121,21.29,0
2032-06-17,21.7,21.99,21.09,6885239,21.35,0
2032-06-18,8.15,8.23,8.07,26805918,8.23,0
2032-06-21,16.72,16.87,16.45,6919864,16.68,0
2032-06-22,13.78,13.87,13.71,12735241,13.71,0
2032-06-23,20.04,20.2,19.5,7429659,20.2,0
2032-06-24,11.53,11.56,11.23,34065103,11.42,0
2032-06-25,21.73,21.96,21.28,8857727,21.31,0
2032-06-28,16.59,16.61,16.47,14818891,16.47,0
2032-06-29,19.11,19.22,18.71,59905942,19.22,0
2032-06-30,9.2,9.41,9.04,8810315,9.38,0
2032-07-01,10.57,10.67,10.35,20437522,10.41,0
2032-07-02,18.62,18.99,18.11,15989077,18.59,0
2032-07-05,8.31,8.49,8.29,5257672,8.29,0
2032-07-06,19.44,19.78,19.18,45034557,19.63,0
2032-07-07,8.2,8.44,8.15,6054936,8.15,0
2032-07-08,17.2,17.21,17.02,18622156,17.02,0
2032-07-09,13.11,13.4,12.92,23664315,12.95,0
2032-07-12,16.56,17.04,16.11,28554257,16.59,0
2032-07-13,17.74,18.2,17.55,33741556,18.0,0
2032-07-14,12.79,12.85,12.47,10091143,12.8,0
2032-07-15,9.51,9.6,9.34,5140267,9.34,0
2032-07-16,8.98,9.03,8.88,37160622,9.0,0
2032-07-19,16.25,16.54,16.14,22078259,16.44,0
2032-07-20,15.29,15.62,15.15,50787407,15.15,0
2032-07-21,18.39,18.56,18.21,48755111,18.21,0
2032-07-22,15.14,15.39,14.75,51812661,14.95,0
2032-07-23,13.91,14.2,13.64,19190318,14.05,0
2032-07-26,13.57,13.74,13.18,12609522,13.62,0
2032-07-27,8.37,8.58,8.3,44884982,8.38,0
2032-07-28,12.7,12.99,12.68,17473595,12.68,0
2032-07-29,21.66,21.7,21.18,8314888,21.51,0
2032-07-30,20.23,20.61,19.68,53513247,20.61,0
2032-08-02,12.61,12.7,12.41,57766757,12.48,0
2032-08-03,16.23,16.5,16.16,18216415,16.49,0
2032-08-04,19.86,20.43,19.59,6167676,19.92,0
2032-08-05,14.18,14.55,13.77,14654100,13.97,0
2032-08-06,8.25,8.35,8.24,46400831,8.24,0
2032-08-09,9.04,9.12,8.99,60927609,9.12,0
2032-08-10,15.15,15.26,14.76,8789731,15.1,0
2032-08-11,21.57,21.91,21.52,6020246,21.88,0
2032-08-12,17.7,17.76,17.41,56938394,17.53,0
2032-08-13,8.99,9.14,8.82,14718389,9.02,0
2032-08-16,10.65,10.65,10.48,22455111,10.65,0
2032-08-17,18.8,18.98,18.71,73221293,18.98,0
2032-08-18,19.78,19.91,19.58,6013425,19.77,0
2032-08-19,16.65,17.14,16.18,30173290,16.74,0
2032-08-20,17.02,17.39,17.0,6140473,17.0,0
2032-08-23,8.4,8.49,8.19,14160534,8.32,0
2032-08-24,19.6,19.65,19.45,46436466,19.45,0
2032-08-25,19.04,19.34,18.83,16631162,18.83,0
2032-08-26,11.63,11.7,11.35,79377461,11.53,0
2032-08-27,17.92,18.21,17.47,23558328,17.79,0
2032-08-30,11.01,11.29,10.97,12181135,11.22,0
2032-08-31,8.56,8.72,8.41,9204717,8.62,0
2032-09-01,10.82,11.03,10.71,13214136,10.79,0
2032-09-02,10.5,10.67,10.34,14045744,10.67,0
2032-09-03,12.73,13.08,12.63,6049361,12.63,0
2032-09-06,13.86,14.25,13.64,13930980,13.85,0
2032-09-07,15.12,15.35,14.8,18112103,15.21,0
2032-09-08,14.67,14.8,14.39,37087962,14.41,0
2032-09-09,11.79,11.95,11.74,30885249,11.89,0
2032-09-10,8.41,8.46,8.28,35678689,8.28,0
2032-09-13,16.47,16.78,16.08,5117300,16.23,0
2032-09-14,13.54,13.74,13.51,9142557,13.51,0
2032-09-15,12.18,12.22,12.11,31312466,12.22,0
2032-09-16,20.14,20.26,19.57,19131599,20.26,0
2032-09-17,18.45,18.72,18.45,5074206,18.56,0
2032-09-20,20.01,20.54,19.83,46524111,20.05,0
2032-09-21,14.93,15.18,14.55,42611366,14.81,0
2032-09-22,9.83,10.03,9.61,22873492,9.88,0
2032-09-23,17.75,17.93,17.59,6011735,17.69,0
2032-09-24,10.89,11.08,10.82,41874158,10.82,0
2032-09-27,14.18,14.37,13.86,25225001,14.29,0
2032-09-28,8.91,9.09,8.71,43706259,8.78,0
2032-09-29,19.55,19.58,19.14,40194218,19.31,0
2032-09-30,9.76,9.9,9.64,46331978,9.88,0
2032-10-01,20.64,20.82,20.13,21023928,20.77,0
2032-10-04,20.1,20.3,19.56,7377981,20.21,0
2032-10-05,14.5,14.92,14.36,32145792,14.45,0
2032-10-06,18.42,18.52,18.3,27931540,18.34,0
2032-10-07,16.67,16.83,16.42,39150012,16.8,0
2032-10-08,19.24,19.53,18.87,8008056,19.42,0
2032-10-11,14.05,14.41,13.81,8585064,14.06,0
2032-10-12,19.0,19.24,18.65,59037763,19.24,0
2032-10-13,14.47,14.79,14.45,39997538,14.73,0
2032-10-14,21.17,21.71,21.02,62027757,21.1,0
2032-10-15,14.81,14.95,14.46,40978333,14.95,0
2032-10-18,14.48,14.65,14.21,26182833,14.51,0
2032-10-19,18.99,19.19,18.73,30663682,19.0,0
2032-10-20,19.5,19.99,19.27,58828355,19.27,0
2032-10-21,15.76,15.78,15.51,24884148,15.78,0
2032-10-22,10.52,10.62,10.46,28869884,10.62,0
2032-10-25,14.55,14.85,14.45,7715903,14.71,0
2032-10-26,21.55,21.92,21.23,18604929,21.8,0
2032-10-27,18.54,18.78,18.46,36441654,18.46,0
2032-10-28,19.36,19.67,19.22,10597844,19.25,0
2032-10-29,8.46,8.51,8.4,8760085,8.4,0
2032-11-01,14.55,14.74,14.53,11935899,14.53,0
2032-11-02,17.05,17.31,16.67,9767102,17.1,0
2032-11-03,19.62,20.15,19.19,9072994,19.51,0
2032-11-04,8.69,8.76,8.66,16238331,8.71,0
2032-11-05,19.93,20.45,19.79,61960726,19.88,0
2032-11-08,15.68,15.98,15.65,20395326,15.65,0
2032-11-09,10.76,10.77,10.46,8418771,10.59,0
2032-11-10,12.44,12.71,12.3,6189465,12.63,0
2032-11-11,11.95,11.96,11.64,34452880,11.72,0
2032-11-12,15.43,15.89,15.2,14451258,15.2,0
2032-11-15,8.72,8.95,8.5,48814975,8.83,0
2032-11-16,10.22,10.31,9.95,31124336,10.31,0
2032-11-17,19.38,19.53,18.81,45471601,19.53,0
2032-11-18,9.86,9.97,9.75,10627367,9.75,0
2032-11-19,11.27,11.39,11.05,34092058,11.15,0
2032-11-22,14.35,14.51,13.96,10397581,14.51,0
2032-11-23,15.24,15.39,14.93,67564898,15.39,0
2032-11-24,18.69,19.04,18.22,29190464,18.74,0
2032-11-25,14.26,14.33,14.24,12294791,14.24,0
2032-11-26,19.06,19.54,18.67,10555884,18.69,0
2032-11-29,16.66,17.07,16.33,8489234,16.34,0
2032-11-30,9.58,9.72,9.53,34308447,9.62,0
2032-12-01,10.19,10.45,10.08,9169166,10.08,0
2032-12-02,14.12,14.22,14.0,26048731,14.22,0
2032-12-03,13.56,13.57,13.41,10414114,13.41,0
2032-12-06,18.41,18.75,18.38,31337189,18.57,0
2032-12-07,16.13,16.35,15.75,47891145,15.91,0
2032-12-08,13.43,13.66,13.43,43232042,13.45,0
2032-12-09,10.39,10.67,10.34,41221738,10.34,0
2032-12-10,11.18,11.51,11.04,8414151,11.3,0
2032-12-13,16.06,16.37,15.9,6388459,16.11,0
2032-12-14,13.93,14.25,13.78,34720683,13.78,0
2032-12-15,15.21,15.25,14.78,13883669,15.25,0
2032-12-16,10.39,10.44,10.15,16579321,10.41,0
2032-12-17,17.28,17.66,17.26,5451013,17.57,0
2032-12-20,19.94,20.2,19.66,10269072,20.2,0
2032-12-21,11.61,11.77,11.39,5489344,11.77,0
2032-12-22,14.88,15.02,14.77,57228869,14.77,0
2032-12-23,21.66,22.05,21.35,9818583,21.35,0
2032-12-24,12.67,12.74,12.29,23446112,12.74,0
2032-12-27,16.33,16.64,16.2,5570649,16.32,0
2032-12-28,9.26,9.31,9.19,31763933,9.19,0
2032-12-29,16.48,16.51,16.07,12244292,16.51,0
2032-12-30,9.25,9.34,9.24,60279888,9.24,0
2032-12-31,21.43,21.58,20.93,58663891,21.58,0
2033-01-03,18.02,18.5,17.73,12321368,18.26,0
2033-01-04,19.03,19.06,18.52,60790403,19.06,0
2033-01-05,17.86,17.95,17.65,79152268,17.7,0
2033-01-06,16.26,16.53,15.96,49302563,16.2,0
2033-01-07,14.3,14.51,14.02,52035110,14.25,0
2033-01-10,20.02,20.05,19.92,9972554,20.01,0
2033-01-11,21.4,21.4,20.76,24739384,21.12,0
2033-01-12,14.99,15.43,14.9,6024960,14.96,0
2033-01-13,21.04,21.46,20.77,6505229,21.05,0
2033-01-14,16.17,16.35,16.16,79754750,16.19,0
2033-01-17,15.54,15.76,15.35,12367527,15.74,0
2033-01-18,14.36,14.47,13.95,39799096,14.37,0
2033-01-19,10.93,11.04,10.62,46804921,10.81,0
2033-01-20,8.05,8.21,8.02,53967583,8.1,0
2033-01-21,11.38,11.68,11.33,79475665,11.52,0
2033-01-24,15.14,15.22,14.84,9766990,15.03,0
2033-01-25,13.32,13.66,13.17,5591872,13.4,0
2033-01-26,14.28,14.33,14.06,15634858,14.08,0
2033-01-27,21.73,21.87,21.71,7171380,21.71,0
2033-01-28,12.9,12.91,12.88,5320757,12.91,0
2033-01-31,14.33,14.39,14.32,13582107,14.39,0
2033-02-01,9.87,10.14,9.83,43922282,9.9,0
2033-02-02,8.67,8.79,8.65,24028103,8.74,0
2033-02-03,18.86,18.9,18.42,11901240,18.9,0
2033-02-04,15.99,16.45,15.91,30681479,16.28,0
2033-02-07,18.65,19.14,18.49,9513662,18.64,0
2033-02-08,10.1,10.33,10.09,5203397,10.12,0
2033-02-09,16.01,16.46,15.8,41623940,15.96,0
2033-02-10,11.55,11.63,11.23,28185875,11.35,0
2033-02-11,11.19,11.47,11.05,41387942,11.16,0
2033-02-14,8.16,8.33,8.08,5570011,8.25,0
2033-02-15,9.82,10.08,9.59,50928687,9.94,0
2033-02-16,12.33,12.62,12.11,27858253,12.52,0
2033-02-17,9.64,9.74,9.52,23843258,9.52,0
2033-02-18,21.8,22.31,21.39,28254021,21.82,0
2033-02-21,12.32,12.42,12.09,54935281,12.13,0
2033-02-22,9.82,9.92,9.56,25451418,9.7,0
2033-02-23,10.79,10.82,10.77,25032485,10.82,0
2033-02-24,16.23,16.69,16.11,77959056,16.23,0
2033-02-25,8.9,8.98,8.63,40753407,8.98,0
2033-02-28,20.07,20.38,19.93,17042952,19.93,0
2033-03-01,21.46,21.71,21.29,35543555,21.39,0
2033-03-02,11.45,11.78,11.11,14711271,11.53,0
2033-03-03,14.3,14.44,14.03,9431125,14.09,0
2033-03-04,8.31,8.5,8.21,26160815,8.25,0
2033-03-07,16.97,17.41,16.69,65556026,16.69,0
2033-03-08,13.79,13.97,13.7,65730278,13.87,0
2033-03-09,11.78,11.91,11.58,12902236,11.91,0
2033-03-10,10.9,11.14,10.62,21595188,11.04,0
2033-03-11,17.16,17.63,17.15,8990938,17.49,0
2033-03-14,13.83,14.14,13.52,79036795,14.02,0
2033-03-15,10.52,10.59,10.43,75919560,10.59,0
2033-03-16,17.65,18.12,17.2,30273085,17.7,0
2033-03-17,15.91,16.09,15.59,46513717,15.92,0
2033-03-18,20.02,20.37,19.68,36310849,19.94,0
2033-03-21,9.64,9.88,9.41,25894270,9.76,0
2033-03-22,19.0,19.11,18.69,5797055,18.76,0
2033-03-23,17.43,17.84,16.99,17642529,17.12,0
2033-03-24,9.61,9.78,9.48,32470851,9.78,0
2033-03-25,17.73,18.21,17.55,32718950,17.55,0
2033-03-28,14.18,14.25,13.78,14068714,14.25,0
2033-03-29,21.23,21.5,21.15,68058151,21.42,0
2033-03-30,9.98,10.23,9.74,7952212,9.91,0
2033-03-31,17.0,17.01,16.6,20019942,17.01,0
2033-04-01,13.35,13.39,13.21,33952926,13.39,0
2033-04-04,21.4,22.04,21.06,34546588,21.18,0
2033-04-05,12.62,12.73,12.43,30200152,12.73,0
2033-04-06,21.47,22.1,20.91,10726303,21.73,0
2033-04-07,20.62,20.73,20.5,7710126,20.5,0
2033-04-08,11.79,11.92,11.65,29155363,11.65,0
2033-04-11,19.25,19.68,18.75,26339144,19.02,0
2033-04-12,21.94,22.37,21.53,8221218,21.68,0
2033-04-13,11.54,11.74,11.47,35321744,11.47,0
2033-04-14,14.11,14.33,13.93,17662480,14.24,0
2033-04-15,15.28,15.67,14.87,31844459,15.21,0
2033-04-18,12.13,12.22,11.9,50963640,12.22,0
2033-04-19,8.21,8.32,8.02,8004669,8.13,0
2033-04-20,11.08,11.13,10.92,5272574,11.06,0
2033-04-21,11.95,12.16,11.89,43361370,12.02,0
2033-04-22,14.21,14.32,13.97,27109335,14.32,0
2033-04-25,10.4,10.5,10.22,34787241,10.41,0
2033-04-26,20.23,20.52,20.17,51075092,20.17,0
2033-04-27,17.87,17.88,17.64,46307432,17.88,0
2033-04-28,9.19,9.22,9.07,71784909,9.12,0
2033-04-29,17.1,17.45,16.72,22095312,16.81,0
2033-05-02,17.15,17.37,16.95,19372129,17.11,0
2033-05-03,21.39,21.94,21.12,15236682,21.63,0
2033-05-04,8.04,8.21,7.89,7656538,7.89,0
2033-05-05,11.47,11.47,11.47,24460077,11.47,0
2033-05-06,20.99,21.38,20.92,10777706,21.07,0
2033-05-09,21.05,21.11,20.89,64318334,21.11,0
2033-05-10,18.09,18.51,17.84,25188465,17.94,0
2033-05-11,18.72,19.28,18.42,25871447,18.55,0
2033-05-12,9.28,9.43,9.05,13376481,9.26,0
2033-05-13,15.19,15.5,14.87,5775258,15.1,0
2033-05-16,11.24,11.32,11.16,5460008,11.32,0
2033-05-17,10.54,10.68,10.37,16170234,10.6,0
2033-05-18,19.34,19.84,19.27,6321161,19.54,0
2033-05-19,9.89,9.94,9.64,26895929,9.94,0
2033-05-20,14.56,14.68,14.35,57513157,14.68,0
2033-05-23,21.14,21.42,20.92,57823633,21.08,0
2033-05-24,10.6,10.83,10.45,31084204,10.81,0
2033-05-25,21.69,21.93,21.62,8980871,21.62,0
2033-05-26,21.92,22.53,21.91,54716931,22.11,0
2033-05-27,15.78,15.82,15.36,58335485,15.8,0
2033-05-30,10.38,10.5,10.11,8625107,10.5,0
2033-05-31,12.43,12.69,12.11,38629536,12.42,0
2033-06-01,13.94,14.03,13.81,11065573,14.03,0
2033-06-02,12.33,12.57,12.1,46285530,12.54,0
2033-06-03,11.93,11.99,11.83,79389687,11.99,0
2033-06-06,21.61,21.65,21.22,5434066,21.65,0
2033-06-07,10.15,10.19,10.04,60187482,10.04,0
2033-06-08,18.27,18.78,18.14,28099065,18.14,0
2033-06-09,8.01,8.14,7.9,74308666,8.14,0
2033-06-10,16.35,16.74,16.12,18150862,16.48,0
2033-06-13,20.82,21.03,20.25,52399452,20.87,0
2033-06-14,12.03,12.24,11.82,5944289,11.97,0
2033-06-15,10.6,10.76,10.46,12667363,10.46,0
2033-06-16,17.12,17.61,16.84,6020963,17.03,0
2033-06-17,17.98,18.38,17.93,74713686,17.98,0
2033-06-20,17.63,18.02,17.58,48162011,17.58,0
2033-06-21,12.47,12.49,12.4,53154421,12.4,0
2033-06-22,11.53,11.72,11.31,67358543,11.53,0
2033-06-23,21.38,21.68,21.2,6330599,21.45,0
2033-06-24,20.93,21.51,20.55,14563836,20.71,0
2033-06-27,14.4,14.51,14.07,6088419,14.45,0
2033-06-28,19.85,20.01,19.46,8969953,20.01,0
2033-06-29,14.33,14.51,13.93,9443955,14.31,0
2033-06-30,13.94,14.04,13.66,18358254,14.04,0
2033-07-01,10.19,10.23,10.03,10528126,10.23,0
2033-07-04,13.97,14.33,13.95,6615456,13.95,0
2033-07-05,15.52,15.78,15.2,7955168,15.27,0
2033-07-06,8.32,8.53,8.3,7521552,8.31,0
2033-07-07,14.22,14.57,13.89,74245685,14.27,0
2033-07-08,18.94,19.1,18.48,41043963,18.88,0
2033-07-11,17.52,17.81,17.27,73159533,17.4,0
2033-07-12,16.89,16.93,16.72,16922726,16.93,0
2033-07-13,20.73,21.3,20.14,10818301,20.32,0
2033-07-14,8.25,8.35,8.06,45731010,8.35,0
2033-07-15,15.8,15.99,15.54,12354321,15.63,0
2033-07-18,19.02,19.19,18.64,11467362,19.19,0
2033-07-19,15.58,15.8,15.45,9526538,15.45,0
2033-07-20,12.53,12.62,12.35,7163398,12.4,0
2033-07-21,9.91,10.02,9.66,10180809,9.8,0
2033-07-22,20.43,20.92,20.37,13391142,20.84,0
2033-07-25,14.59,14.96,14.28,32399619,14.3,0
2033-07-26,20.29,20.48,20.13,5947105,20.4,0
2033-07-27,16.2,16.43,16.09,8962839,16.43,0
2033-07-28,17.44,17.9,17.42,47111999,17.56,0
2033-07-29,19.26,19.29,18.97,7514181,19.15,0
2033-08-01,17.23,17.69,17.03,12928730,17.55,0
2033-08-02,13.57,13.66,13.3,54969665,13.66,0
2033-08-03,15.19,15.5,15.04,7682785,15.15,0
2033-08-04,19.24,19.58,18.93,6289195,19.3,0
2033-08-05,13.23,13.45,13.01,19160723,13.45,0
2033-08-08,13.43,13.78,13.37,11564301,13.69,0
2033-08-09,9.34,9.37,9.07,23844119,9.32,0
2033-08-10,20.8,21.02,20.73,46435223,21.02,0
2033-08-11,9.27,9.42,9.23,7313297,9.23,0
2033-08-12,17.07,17.49,16.82,25015050,16.98,0
2033-08-15,13.78,13.87,13.57,20307815,13.6,0
2033-08-16,13.68,14.01,13.42,7455180,13.52,0
2033-08-17,17.51,17.72,17.51,28205841,17.62,0
2033-08-18,8.94,8.99,8.7,10677410,8.94,0
2033-08-19,16.31,16.68,16.11,19336642,16.13,0
2033-08-22,18.81,18.86,18.63,6281101,18.74,0
2033-08-23,19.59,19.89,19.55,17879870,19.55,0
2033-08-24,10.39,10.41,10.32,11694692,10.41,0
2033-08-25,20.56,20.78,20.34,48889507,20.78,0
2033-08-26,17.19,17.5,16.73,5855706,17.11,0
2033-08-29,20.35,20.69,19.97,15959651,20.69,0
2033-08-30,14.79,14.97,14.41,17822821,14.7,0
2033-08-31,15.59,15.79,15.53,37321948,15.69,0
2033-09-01,20.87,21.01,20.71,24574300,21.01,0
2033-09-02,20.6,20.88,20.45,31796090,20.51,0
2033-09-05,14.27,14.68,14.12,43115217,14.37,0
2033-09-06,11.84,12.14,11.66,54596630,11.74,0
2033-09-07,13.5,13.56,13.16,11937510,13.37,0
2033-09-08,13.43,13.44,13.16,22223574,13.44,0
2033-09-09,12.02,12.36,11.71,51352422,12.25,0
2033-09-12,11.76,11.95,11.66,77694072,11.74,0
2033-09-13,20.05,20.37,19.54,58892228,20.37,0
2033-09-14,8.98,9.19,8.9,14004292,9.13,0
2033-09-15,17.49,17.66,17.33,8589619,17.33,0
2033-09-16,10.42,10.57,10.25,19420363,10.38,0
2033-09-19,12.82,13.19,12.49,39083666,12.89,0
2033-09-20,8.86,9.04,8.68,19592158,8.87,0
2033-09-21,11.78,11.83,11.54,19088761,11.59,0
2033-09-22,18.76,18.83,18.59,51085777,18.83,0
2033-09-23,20.39,20.51,19.85,13618947,20.51,0
2033-09-26,11.1,11.36,11.04,54233290,11.07,0
2033-09-27,14.49,14.62,14.39,15445849,14.56,0
2033-09-28,14.58,14.59,14.22,12422301,14.34,0
2033-09-29,20.23,20.8,20.06,17604688,20.23,0
2033-09-30,18.68,18.78,18.49,41404507,18.78,0
2033-10-03,15.18,15.18,15.07,7090740,15.18,0
2033-10-04,17.39,17.51,16.97,8619505,17.28,0
2033-10-05,19.86,20.0,19.36,69923592,19.88,0
2033-10-06,8.13,8.23,7.94,8133603,8.19,0
2033-10-07,13.64,14.02,13.38,24131361,13.55,0
2033-10-10,20.7,21.25,20.57,24919202,20.57,0
2033-10-11,18.36,18.61,18.22,19432855,18.36,0
2033-10-12,15.6,15.79,15.57,29875876,15.66,0
2033-10-13,15.42,15.68,14.98,9456033,15.12,0
2033-10-14,12.87,12.96,12.49,23144174,12.66,0
2033-10-17,15.29,15.31,15.15,14031731,15.15,0
2033-10-18,17.18,17.66,16.81,31310988,17.08,0
2033-10-19,13.86,13.94,13.58,7396395,13.88,0
2033-10-20,18.0,18.11,17.76,24343045,17.85,0
2033-10-21,20.06,20.34,19.52,8357141,19.88,0
2033-10-24,10.17,10.32,10.06,10826540,10.32,0
2033-10-25,14.32,14.33,14.03,9169018,14.12,0
2033-10-26,13.71,13.77,13.56,8300966,13.71,0
2033-10-27,17.62,17.82,17.53,49342944,17.82,0
2033-10-28,11.5,11.74,11.21,11040689,11.56,0
2033-10-31,16.96,17.08,16.92,65363948,17.08,0
2033-11-01,20.28,20.54,19.99,73600017,20.22,0
2033-11-02,13.85,14.08,13.82,24368913,13.82,0
2033-11-03,20.75,21.3,20.26,7432938,20.87,0
2033-11-04,21.9,22.11,21.64,14124433,22.02,0
2033-11-07,9.49,9.53,9.32,45659943,9.34,0
2033-11-08,11.26,11.43,11.18,13846899,11.24,0
2033-11-09,21.31,21.79,21.06,6364278,21.66,0
2033-11-10,21.42,21.49,21.1,23410239,21.17,0
2033-11-11,9.37,9.49,9.35,52071119,9.36,0
2033-11-14,8.21,8.21,8.06,45431897,8.2,0
2033-11-15,10.26,10.27,10.02,8125298,10.27,0
2033-11-16,21.94,22.26,21.68,32289351,22.22,0
2033-11-17,10.52,10.61,10.4,9214751,10.61,0
2033-11-18,15.04,15.42,14.79,9156259,14.96,0
2033-11-21,19.88,20.24,19.57,56423145,19.57,0
2033-11-22,8.29,8.4,8.28,9990826,8.28,0
2033-11-23,16.46,16.66,16.33,10374123,16.58,0
2033-11-24,11.88,12.06,11.56,5009066,11.98,0
2033-11-25,20.07,20.09,19.6,55893330,20.09,0
2033-11-28,11.97,12.29,11.96,45014171,11.96,0
2033-11-29,17.61,18.14,17.47,28467499,17.7,0
2033-11-30,17.44,17.53,17.4,40029485,17.47,0
2033-12-01,11.1,11.14,10.87,7621750,10.94,0
2033-12-02,8.49,8.53,8.42,17817493,8.48,0
2033-12-05,13.73,14.0,13.61,13239765,13.75,0
2033-12-06,12.05,12.29,11.8,6484675,12.27,0
2033-12-07,19.33,19.82,19.07,19245511,19.23,0
2033-12-08,19.21,19.64,19.0,64217148,19.58,0
2033-12-09,14.4,14.59,14.18,5587351,14.42,0
2033-12-12,16.49,16.79,16.4,11218219,16.4,0
2033-12-13,16.46,16.8,16.38,8889436,16.38,0
2033-12-14,19.58,19.88,19.49,9676697,19.49,0
2033-12-15,13.95,14.15,13.87,62063205,13.92,0
2033-12-16,11.86,12.09,11.68,18305488,11.68,0
2033-12-19,11.71,11.91,11.49,18215892,11.68,0
2033-12-20,15.51,15.81,15.43,41190241,15.81,0
2033-12-21,14.29,14.55,14.07,7673565,14.39,0
2033-12-22,14.16,14.47,13.84,19306162,14.31,0
2033-12-23,9.28,9.46,9.14,16471145,9.14,0
2033-12-26,18.06,18.34,17.6,26165082,18.04,0
2033-12-27,10.99,11.21,10.89,79901956,10.9,0
2033-12-28,10.76,10.91,10.55,42216166,10.91,0
2033-12-29,13.78,13.88,13.47,15067738,13.6,0
2033-12-30,11.19,11.19,11.18,49595603,11.18,0
2034-01-02,16.17,16.44,16.06,8026447,16.23,0
2034-01-03,13.2,13.43,13.12,5440664,13.21,0
2034-01-04,14.28,14.7,14.12,8813540,14.47,0
2034-01-05,15.52,15.69,15.45,12848912,15.45,0
2034-01-06,10.85,10.98,10.77,20595413,10.8,0
2034-01-09,10.18,10.24,10.06,27520688,10.24,0
2034-01-10,20.33,20.37,20.31,62437937,20.35,0
2034-01-11,14.07,14.4,13.73,20553955,14.01,0
2034-01-12,13.77,13.87,13.75,20070862,13.75,0
2034-01-13,8.5,8.66,8.35,5747363,8.59,0
2034-01-16,14.97,15.28,14.76,5508175,15.25,0
2034-01-17,15.76,15.98,15.35,23047973,15.84,0
2034-01-18,15.82,16.24,15.6,16849601,16.05,0
2034-01-19,17.9,18.14,17.69,51220509,17.91,0
2034-01-20,10.48,10.57,10.48,7806341,10.48,0
2034-01-23,11.53,11.84,11.52,5358446,11.52,0
2034-01-24,19.35,19.85,19.33,17364671,19.47,0
2034-01-25,21.26,21.36,20.84,9658789,21.25,0
2034-01-26,9.9,9.91,9.9,5737354,9.91,0
2034-01-27,14.97,15.01,14.73,37279775,15.01,0
2034-01-30,11.0,11.09,10.95,6813047,11.09,0
2034-01-31,8.84,9.1,8.63,27005963,8.84,0
2034-02-01,12.56,12.77,12.37,10899024,12.52,0
2034-02-02,10.01,10.12,10.0,8088725,10.0,0
2034-02-03,17.94,18.42,17.91,14329677,17.92,0
2034-02-06,15.47,15.68,15.32,46132488,15.68,0
2034-02-07,10.01,10.1,9.95,14828517,9.95,0
2034-02-08,8.13,8.36,7.93,40085448,8.29,0
2034-02-09,19.31,19.8,19.15,7080608,19.69,0
2034-02-10,10.47,10.73,10.35,42606858,10.51,0
2034-02-13,16.49,16.74,16.04,9644199,16.38,0
2034-02-14,12.72,13.02,12.38,32706390,12.58,0
2034-02-15,16.2,16.29,15.77,24001527,16.06,0
2034-02-16,12.42,12.63,12.32,65731225,12.32,0
2034-02-17,9.22,9.49,8.98,14633654,9.21,0
2034-02-20,11.12,11.22,10.94,6006768,10.94,0
2034-02-21,10.63,10.88,10.42,5272730,10.72,0
2034-02-22,13.99,14.2,13.8,49500196,13.92,0
2034-02-23,17.22,17.24,17.07,21419763,17.07,0
2034-02-24,11.69,11.96,11.58,42899957,11.71,0
2034-02-27,8.17,8.21,8.05,9577376,8.21,0
2034-02-28,15.27,15.56,15.02,13016441,15.39,0
2034-03-01,16.48,16.52,16.18,5435239,16.47,0
2034-03-02,21.48,22.09,21.39,71898880,21.72,0
2034-03-03,16.25,16.39,15.92,31853936,16.39,0
2034-03-06,14.6,14.7,14.28,66475391,14.7,0
2034-03-07,16.03,16.09,15.91,10439015,15.91,0
2034-03-08,20.99,21.59,20.59,27242412,21.29,0
2034-03-09,19.6,20.02,19.51,32806914,19.51,0
2034-03-10,12.52,12.8,12.27,12059740,12.74,0
2034-03-13,11.32,11.49,11.22,52504349,11.22,0
2034-03-14,11.68,11.85,11.35,69098091,11.85,0
2034-03-15,15.06,15.11,14.78,58135543,15.11,0
2034-03-16,18.42,18.73,18.06,38805682,18.16,0
2034-03-17,15.05,15.16,14.97,10791226,15.16,0
2034-03-20,8.95,9.21,8.94,10916150,8.94,0
2034-03-21,18.13,18.56,17.84,72272224,17.93,0
2034-03-22,19.28,19.52,19.18,5144626,19.24,0
2034-03-23,12.05,12.1,11.94,36406597,12.1,0
2034-03-24,17.3,17.71,17.28,35430324,17.29,0
2034-03-27,13.97,14.02,13.89,28103663,14.0,0
2034-03-28,20.45,20.57,19.88,77835882,20.57,0
2034-03-29,19.83,19.96,19.66,11871628,19.96,0
2034-03-30,15.36,15.62,15.15,12833258,15.53,0
2034-03-31,17.68,18.1,17.16,6223326,17.48,0
2034-04-03,20.37,20.56,19.91,17066800,20.21,0
2034-04-04,14.94,14.98,14.9,10311070,14.9,0
2034-04-05,12.39,12.56,12.36,12955339,12.46,0
2034-04-06,18.55,18.97,18.44,50570189,18.44,0
2034-04-07,11.08,11.15,11.07,66896840,11.07,0
2034-04-10,13.44,13.53,13.36,8367870,13.53,0
2034-04-11,20.12,20.69,19.52,14044797,19.98,0
2034-04-12,18.14,18.66,17.75,65637589,18.19,0
2034-04-13,13.65,14.06,13.25,5934646,13.59,0
2034-04-14,11.01,11.28,10.71,6459266,10.82,0
2034-04-17,12.98,13.05,12.68,7852174,12.91,0
2034-04-18,11.98,12.06,11.8,26042200,11.94,0
2034-04-19,10.47,10.58,10.42,7588513,10.58,0
2034-04-20,18.41,18.59,18.33,73223439,18.33,0
2034-04-21,11.53,11.86,11.4,17253130,11.47,0
2034-04-24,14.36,14.7,14.33,20084351,14.52,0
2034-04-25,13.4,13.69,13.2,9907785,13.54,0
2034-04-26,21.75,21.87,21.68,18452816,21.87,0
2034-04-27,13.48,13.85,13.26,31332384,13.72,0
2034-04-28,9.12,9.35,8.92,40130762,9.23,0
2034-05-01,9.26,9.31,9.24,40431293,9.24,0
2034-05-02,16.27,16.7,15.97,24821055,16.48,0
2034-05-03,16.39,16.52,16.15,61365981,16.4,0
2034-05-04,13.86,13.89,13.58,48219991,13.74,0
2034-05-05,14.05,14.33,13.91,40789348,13.94,0
2034-05-08,8.76,8.93,8.76,5833453,8.76,0
2034-05-09,15.23,15.27,14.78,5096264,15.01,0
2034-05-10,15.07,15.21,15.02,9011187,15.02,0
2034-05-11,10.09,10.39,9.79,31472557,9.91,0
2034-05-12,9.45,9.64,9.27,15635116,9.6,0
2034-05-15,9.73,9.94,9.49,15258626,9.9,0
2034-05-16,9.41,9.47,9.34,58092324,9.44,0
2034-05-17,16.54,16.58,16.07,59887354,16.58,0
2034-05-18,10.75,10.84,10.61,62190795,10.61,0
2034-05-19,11.52,11.61,11.28,11937596,11.61,0
2034-05-22,10.43,10.5,10.16,33969106,10.43,0
2034-05-23,21.41,21.53,21.26,10618152,21.26,0
2034-05-24,19.96,20.3,19.49,8481782,19.67,0
2034-05-25,11.23,11.34,10.97,8342374,11.14,0
2034-05-26,12.59,12.9,12.32,12909476,12.36,0
2034-05-29,10.94,11.0,10.8,16469885,10.86,0
2034-05-30,14.89,15.1,14.74,50064802,14.74,0
2034-05-31,8.27,8.27,8.03,6971613,8.18,0
2034-06-01,17.4,17.65,17.0,38362677,17.24,0
2034-06-02,15.32,15.35,15.06,21822549,15.35,0
2034-06-05,20.58,21.18,20.17,11109404,20.36,0
2034-06-06,10.3,10.54,10.26,19605770,10.26,0
2034-06-07,19.26,19.54,19.14,11485139,19.4,0
2034-06-08,19.09,19.14,18.88,26105030,19.14,0
2034-06-09,9.78,9.95,9.59,16648310,9.74,0
2034-06-12,13.58,13.89,13.46,7887402,13.78,0
2034-06-13,10.38,10.44,10.33,6907963,10.33,0
2034-06-14,11.57,11.77,11.43,22764452,11.43,0
2034-06-15,11.69,11.98,11.61,61035649,11.61,0
2034-06-16,15.79,16.15,15.67,12975865,15.86,0
2034-06-19,13.76,14.09,13.58,38158393,13.69,0
2034-06-20,21.27,21.83,20.83,31051122,21.42,0
2034-06-21,9.77,10.04,9.7,66171944,9.7,0
2034-06-22,21.63,21.89,21.12,48700078,21.8,0
2034-06-23,11.23,11.42,11.16,24056405,11.16,0
2034-06-26,18.82,19.27,18.71,30911036,18.79,0
2034-06-27,12.75,13.02,12.68,60358036,12.78,0
2034-06-28,10.0,10.3,9.84,15136956,10.07,0
2034-06-29,20.01,20.02,19.53,12372858,19.8,0
2034-06-30,12.32,12.45,11.99,5152142,12.45,0
2034-07-03,17.22,17.37,17.09,49458014,17.37,0
2034-07-04,15.93,16.06,15.88,46073040,15.88,0
2034-07-05,14.6,14.7,14.45,6679528,14.7,0
2034-07-06,14.94,15.26,14.56,24750017,15.04,0
2034-07-07,18.25,18.3,18.21,18099211,18.22,0
2034-07-10,9.23,9.44,9.23,6948803,9.23,0
2034-07-11,17.35,17.71,17.06,75803944,17.37,0
2034-07-12,20.54,20.69,20.29,9067543,20.29,0
2034-07-13,8.81,8.88,8.75,6024597,8.79,0
2034-07-14,9.97,10.16,9.89,26015826,9.93,0
2034-07-17,18.03,18.44,18.01,38784137,18.19,0
2034-07-18,14.12,14.49,13.75,5470611,13.95,0
2034-07-19,13.65,14.0,13.48,31055968,13.83,0
2034-07-20,9.92,10.21,9.83,21873249,9.85,0
2034-07-21,15.09,15.35,15.04,6657535,15.06,0
2034-07-24,9.77,10.04,9.73,8066952,9.88,0
2034-07-25,14.67,15.03,14.66,24147891,14.74,0
2034-07-26,18.69,19.19,18.42,11371562,18.55,0
2034-07-27,11.62,11.62,11.56,67424032,11.57,0
2034-07-28,14.73,15.16,14.48,48398452,14.62,0
2034-07-31,21.89,22.2,21.51,76436877,21.97,0
2034-08-01,17.61,18.03,17.22,10271760,17.49,0
2034-08-02,19.78,19.86,19.67,73558626,19.86,0
2034-08-03,13.81,13.97,13.8,16528267,13.85,0
2034-08-04,18.75,18.9,18.33,13104617,18.48,0
2034-08-07,8.57,8.64,8.33,5749060,8.5,0
2034-08-08,9.72,9.76,9.67,5787696,9.67,0
2034-08-09,10.84,11.1,10.72,34059211,10.79,0
2034-08-10,13.63,13.63,13.61,17798010,13.63,0
2034-08-11,19.84,20.03,19.39,9369776,19.85,0
2034-08-14,12.85,12.92,12.49,27432407,12.92,0
2034-08-15,17.16,17.46,16.9,10079559,16.95,0
2034-08-16,17.93,18.07,17.44,24803213,18.07,0
2034-08-17,16.21,16.34,15.85,13536314,16.11,0
2034-08-18,13.0,13.19,12.66,49048496,12.9,0
2034-08-21,16.08,16.39,15.71,48661630,16.2,0
2034-08-22,12.79,12.84,12.45,18782663,12.84,0
2034-08-23,9.17,9.22,9.16,13225080,9.16,0
2034-08-24,21.9,22.06,21.43,13662668,22.06,0
2034-08-25,9.78,10.07,9.62,46681732,9.93,0
2034-08-28,9.01,9.12,8.98,12420454,9.11,0
2034-08-29,20.3,20.66,20.1,8926939,20.1,0
2034-08-30,12.23,12.32,12.09,6323317,12.32,0
2034-08-31,17.1,17.35,16.95,18235787,17.29,0
2034-09-01,12.61,12.64,12.55,19033335,12.64,0
2034-09-04,13.48,13.49,13.43,51466542,13.49,0
2034-09-05,11.67,11.83,11.54,9233534,11.83,0
2034-09-06,12.8,12.95,12.76,14379017,12.76,0
2034-09-07,13.75,13.81,13.56,47031357,13.56,0
2034-09-08,18.09,18.46,17.7,49058205,18.06,0
2034-09-11,15.16,15.61,15.11,14524055,15.11,0
2034-09-12,21.21,21.46,20.92,17857079,21.04,0
2034-09-13,8.59,8.75,8.57,11592113,8.62,0
2034-09-14,15.04,15.47,14.61,66355659,14.93,0
2034-09-15,16.18,16.58,15.89,6947544,16.3,0
2034-09-18,20.88,21.17,20.85,66575792,21.15,0
2034-09-19,8.69,8.88,8.49,33298699,8.66,0
2034-09-20,16.03,16.09,16.0,21829644,16.09,0
2034-09-21,19.95,20.26,19.92,5473882,19.92,0
2034-09-22,11.39,11.49,11.35,18691531,11.49,0
2034-09-25,20.27,20.37,20.0,15486299,20.37,0
2034-09-26,8.27,8.38,8.18,7818020,8.21,0
2034-09-27,18.25,18.32,18.18,30857869,18.18,0
2034-09-28,21.06,21.5,20.92,73850292,20.92,0
2034-09-29,17.2,17.44,17.01,23763630,17.41,0
2034-10-02,14.15,14.38,14.14,36275943,14.34,0
2034-10-03,8.63,8.67,8.55,6044948,8.57,0
2034-10-04,20.88,20.97,20.86,15918098,20.96,0
2034-10-05,14.58,14.84,14.17,6903663,14.37,0
2034-10-06,8.41,8.66,8.19,27343224,8.4,0
2034-10-09,17.66,17.71,17.37,67455152,17.71,0
2034-10-10,14.75,14.88,14.48,31320580,14.55,0
2034-10-11,9.74,9.99,9.68,6186572,9.91,0
2034-10-12,11.0,11.02,10.72,13366899,11.02,0
2034-10-13,8.9,9.13,8.89,23016262,9.07,0
2034-10-16,16.04,16.29,15.71,15292572,15.83,0
2034-10-17,16.71,16.91,16.42,50440272,16.52,0
2034-10-18,15.08,15.22,14.75,47855476,14.79,0
2034-10-19,19.44,19.61,19.19,27270177,19.61,0
2034-10-20,20.05,20.23,19.48,14081800,20.17,0
2034-10-23,16.62,17.06,16.2,10149056,16.41,0
2034-10-24,8.18,8.36,8.12,6705874,8.28,0
2034-10-25,17.73,18.09,17.3,13375481,17.59,0
2034-10-26,13.85,14.18,13.53,15720968,13.65,0
2034-10-27,15.92,16.04,15.82,32564311,15.87,0
2034-10-30,17.09,17.41,16.63,31007975,16.81,0
2034-10-31,12.9,13.08,12.68,6072795,12.78,0
2034-11-01,20.84,21.33,20.23,14959244,20.73,0
2034-11-02,9.88,9.97,9.69,8276631,9.97,0
2034-11-03,17.4,17.74,17.24,7723094,17.6,0
2034-11-06,8.06,8.27,7.84,49561113,8.04,0
2034-11-07,20.95,21.2,20.88,5616179,21.14,0
2034-11-08,9.58,9.6,9.55,15985141,9.6,0
2034-11-09,9.33,9.47,9.08,7970900,9.27,0
2034-11-10,12.66,12.79,12.66,57251792,12.77,0
2034-11-13,13.23,13.5,12.95,23426835,13.33,0
2034-11-14,11.0,11.31,10.7,9496860,11.05,0
2034-11-15,16.19,16.43,15.71,20135051,16.27,0
2034-11-16,14.2,14.4,13.95,37998578,14.3,0
2034-11-17,8.48,8.65,8.39,71229360,8.44,0
2034-11-20,12.48,12.52,12.23,9213262,12.52,0
2034-11-21,19.35,19.5,19.26,58349775,19.26,0
2034-11-22,17.66,18.15,17.51,66678260,17.93,0
2034-11-23,18.15,18.51,17.8,63452727,18.04,0
2034-11-24,17.77,17.78,17.63,29112877,17.63,0
2034-11-27,12.35,12.43,12.33,28664848,12.4,0
2034-11-28,9.4,9.59,9.14,15292694,9.35,0
2034-11-29,11.81,12.08,11.56,40266820,11.96,0
2034-11-30,19.64,20.13,19.32,21812817,19.59,0
2034-12-01,21.73,21.92,21.4,32710465,21.88,0
2034-12-04,14.91,15.33,14.71,16401544,14.8,0
2034-12-05,8.14,8.28,7.97,37999643,8.05,0
2034-12-06,9.96,10.17,9.86,49173671,9.92,0
2034-12-07,12.51,12.73,12.38,7504069,12.56,0
2034-12-08,16.1,16.16,15.9,50340476,16.16,0
2034-12-11,9.05,9.31,8.81,22364122,9.08,0
2034-12-12,21.21,21.29,20.88,52005479,21.29,0
2034-12-13,13.11,13.21,12.86,16531376,13.21,0
2034-12-14,20.78,21.29,20.46,14301455,21.14,0
2034-12-15,18.93,19.28,18.89,63213948,18.89,0
2034-12-18,18.58,19.05,18.29,10032472,18.29,0
2034-12-19,16.49,16.75,16.0,51940118,16.37,0
2034-12-20,16.77,16.96,16.49,19133254,16.53,0
2034-12-21,16.93,17.4,16.84,20797091,16.95,0
2034-12-22,16.8,16.82,16.69,11759878,16.81,0
2034-12-25,15.75,16.15,15.52,24489593,15.8,0
2034-12-26,21.81,21.96,21.32,12318655,21.96,0
2034-12-27,18.25,18.71,17.96,5575131,18.59,0
2034-12-28,18.88,18.96,18.63,10628916,18.96,0
2034-12-29,20.21,20.56,20.21,5089219,20.21,0
2035-01-01,11.02,11.31,10.9,75340163,10.95,0
2035-01-02,9.17,9.3,9.09,72752097,9.09,0
2035-01-03,14.76,15.09,14.53,14954930,14.57,0
2035-01-04,15.2,15.57,14.91,37671759,15.23,0
2035-01-05,19.61,20.04,19.5,13042536,19.65,0
2035-01-08,14.21,14.6,13.99,32140060,14.05,0
2035-01-09,15.99,16.2,15.99,46644927,16.13,0
2035-01-10,15.38,15.46,15.13,69020503,15.46,0
2035-01-11,8.53,8.54,8.29,15166089,8.37,0
2035-01-12,16.61,16.73,16.45,43868699,16.54,0
2035-01-15,19.59,19.67,19.03,10451527,19.67,0
2035-01-16,10.21,10.38,9.98,77884121,10.22,0
2035-01-17,16.32,16.41,16.0,5370314,16.22,0
2035-01-18,16.31,16.33,16.18,26649625,16.18,0
2035-01-19,10.3,10.31,10.14,31123923,10.19,0
2035-01-22,9.73,9.97,9.45,33686773,9.57,0
2035-01-23,21.72,22.11,21.47,6981216,22.0,0
2035-01-24,13.51,13.66,13.27,67464060,13.29,0
2035-01-25,11.18,11.48,11.15,8262974,11.15,0
2035-01-26,10.4,10.42,10.24,28108639,10.24,0
2035-01-29,17.35,17.86,17.2,9270405,17.55,0
2035-01-30,16.53,16.84,16.14,11719132,16.23,0
2035-01-31,17.01,17.1,16.89,22749489,16.89,0
2035-02-01,9.23,9.42,9.15,15897211,9.26,0
2035-02-02,20.51,20.98,20.45,7796521,20.45,0
2035-02-05,13.45,13.62,13.06,8031524,13.33,0
2035-02-06,12.39,12.71,12.18,15939199,12.28,0
2035-02-07,14.47,14.54,14.33,40815918,14.54,0
2035-02-08,13.46,13.57,13.09,60287487,13.57,0
2035-02-09,20.09,20.15,19.73,6313494,19.97,0
2035-02-12,21.01,21.14,20.97,14870113,20.97,0
2035-02-13,12.25,12.34,12.04,6602033,12.04,0
2035-02-14,20.1,20.65,20.09,5235394,20.31,0
2035-02-15,18.94,18.98,18.4,31315453,18.98,0
2035-02-16,21.03,21.3,20.85,26569992,21.27,0
2035-02-19,11.44,11.62,11.3,7857142,11.53,0
2035-02-20,16.08,16.51,15.84,9561119,16.34,0
2035-02-21,11.84,12.19,11.83,5339702,12.02,0
2035-02-22,19.54,19.98,19.03,50622853,19.77,0
2035-02-23,8.07,8.31,8.04,74578635,8.06,0
2035-02-26,15.91,16.29,15.76,7279131,15.79,0
2035-02-27,12.75,13.12,12.47,9499351,12.75,0
2035-02-28,12.52,12.79,12.48,55544270,12.52,0
2035-03-01,17.03,17.07,16.74,65244450,17.07,0
2035-03-02,19.92,20.16,19.81,16004854,19.81,0
2035-03-05,16.53,16.85,16.23,5753413,16.63,0
2035-03-06,19.94,20.15,19.85,5577024,19.91,0
2035-03-07,11.7,11.8,11.57,24551301,11.76,0
2035-03-08,15.27,15.53,14.88,14861507,15.11,0
2035-03-09,14.31,14.71,14.16,5413411,14.27,0
2035-03-12,8.16,8.17,7.96,25192767,8.07,0
2035-03-13,15.8,16.16,15.52,5159167,16.04,0
2035-03-14,17.26,17.63,16.83,44367025,17.25,0
2035-03-15,16.29,16.76,15.81,11693698,16.11,0
2035-03-16,18.31,18.82,17.88,5590433,17.97,0
2035-03-19,16.0,16.37,15.78,25551516,16.11,0
2035-03-20,8.93,9.07,8.79,15060166,8.83,0
2035-03-21,9.63,9.69,9.49,74394793,9.69,0
2035-03-22,16.35,16.62,15.98,22607393,16.37,0
2035-03-23,11.85,12.12,11.74,10724844,11.75,0
2035-03-26,9.12,9.37,9.04,35745347,9.18,0
2035-03-27,14.01,14.34,13.74,10613997,13.88,0
2035-03-28,15.76,15.85,15.7,61346165,15.85,0
2035-03-29,12.6,12.83,12.47,14131238,12.5,0
2035-03-30,18.09,18.27,17.93,22965596,18.27,0
2035-04-02,17.01,17.01,16.64,5752625,17.01,0
2035-04-03,12.66,12.74,12.28,16295628,12.74,0
2035-04-04,18.57,18.63,18.5,50261515,18.5,0
2035-04-05,17.08,17.51,16.99,46673227,16.99,0
2035-04-06,16.92,17.05,16.47,9312718,17.05,0
2035-04-09,15.75,15.88,15.45,9358286,15.85,0
2035-04-10,8.16,8.39,8.08,48206285,8.08,0
2035-04-11,17.75,17.95,17.56,65960104,17.65,0
2035-04-12,13.26,13.26,13.2,6513224,13.2,0
2035-04-13,21.2,21.38,20.65,17413842,21.3,0
2035-04-16,19.45,19.52,19.12,12743991,19.33,0
2035-04-17,16.23,16.28,15.79,55896340,16.11,0
2035-04-18,11.53,11.56,11.32,6302952,11.4,0
2035-04-19,10.85,11.04,10.53,8978235,10.81,0
2035-04-20,12.77,12.84,12.73,40274686,12.73,0
2035-04-23,14.67,14.83,14.46,5764132,14.83,0
2035-04-24,12.14,12.45,12.09,19590328,12.09,0
2035-04-25,15.21,15.4,14.78,17034129,15.4,0
2035-04-26,10.32,10.6,10.08,12636568,10.29,0
2035-04-27,21.69,22.01,21.21,14930777,21.58,0
2035-04-30,9.51,9.62,9.34,21731117,9.41,0
2035-05-01,21.05,21.52,20.93,7821241,21.16,0
2035-05-02,20.79,20.84,20.41,24418651,20.84,0
2035-05-03,15.36,15.4,14.99,46645222,15.34,0
2035-05-04,18.15,18.5,17.64,41142907,17.83,0
2035-05-07,14.1,14.31,13.71,7660973,14.31,0
2035-05-08,16.82,17.22,16.7,7562829,17.14,0
2035-05-09,12.77,13.12,12.56,10516812,12.73,0
2035-05-10,12.22,12.36,12.12,13606527,12.28,0
2035-05-11,16.1,16.39,15.95,15516706,16.07,0
2035-05-14,14.97,15.19,14.58,32915996,14.86,0
2035-05-15,16.11,16.58,15.7,5850865,15.84,0
2035-05-16,12.01,12.31,11.92,5504528,11.99,0
2035-05-17,13.14,13.5,13.03,14820994,13.31,0
2035-05-18,9.17,9.24,9.0,34549259,9.0,0
2035-05-21,8.73,8.93,8.49,8548489,8.76,0
2035-05-22,11.55,11.64,11.21,29608634,11.64,0
2035-05-23,9.04,9.1,8.85,10276240,8.94,0
2035-05-24,9.45,9.72,9.17,58334300,9.33,0
2035-05-25,19.38,19.39,18.93,59908461,19.39,0
2035-05-28,8.54,8.79,8.39,11400909,8.46,0
2035-05-29,17.23,17.31,16.78,9460413,17.02,0
2035-05-30,11.82,12.11,11.5,15639733,11.76,0
2035-05-31,20.2,20.37,20.14,9740896,20.14,0
2035-06-01,14.79,14.95,14.61,32255281,14.95,0
2035-06-04,12.28,12.36,12.26,49391362,12.34,0
2035-06-05,15.25,15.52,14.95,32318686,15.19,0
2035-06-06,13.35,13.49,13.22,49157168,13.37,0
2035-06-07,15.9,16.21,15.52,15031288,16.19,0
2035-06-08,9.6,9.6,9.49,7712486,9.49,0
2035-06-11,21.96,22.0,21.39,38685791,21.7,0
2035-06-12,13.96,14.0,13.54,13583903,14.0,0
2035-06-13,12.88,13.04,12.85,32155896,13.04,0
2035-06-14,17.94,18.38,17.7,10589069,17.71,0
2035-06-15,13.09,13.44,13.06,6262969,13.06,0
2035-06-18,19.67,19.81,19.28,78371395,19.61,0
2035-06-19,14.36,14.61,14.07,7710017,14.1,0
2035-06-20,18.07,18.49,17.75,77472483,18.18,0
2035-06-21,9.5,9.58,9.42,75115973,9.42,0
2035-06-22,19.85,20.09,19.59,45167104,19.59,0
2035-06-25,18.3,18.59,18.26,31116760,18.29,0
2035-06-26,10.96,11.0,10.64,24815271,11.0,0
2035-06-27,10.03,10.04,9.94,55189973,10.0,0
2035-06-28,12.43,12.49,12.18,11155522,12.36,0
2035-06-29,21.66,22.07,21.13,18285814,22.07,0
2035-07-02,11.6,11.63,11.43,27847733,11.61,0
2035-07-03,14.39,14.47,14.18,15634812,14.32,0
2035-07-04,8.42,8.51,8.2,16357427,8.38,0
2035-07-05,13.56,13.59,13.24,12493162,13.39,0
2035-07-06,16.0,16.09,15.72,23898619,16.01,0
2035-07-09,21.34,21.92,20.96,52864459,21.29,0
2035-07-10,15.23,15.24,14.92,8742474,15.09,0
2035-07-11,19.47,19.85,18.97,66702099,19.21,0
2035-07-12,15.66,15.84,15.19,33784245,15.54,0
2035-07-13,8.57,8.74,8.56,49010567,8.57,0
2035-07-16,12.41,12.63,12.39,23371702,12.39,0
2035-07-17,16.06,16.17,15.81,43411185,15.84,0
2035-07-18,21.31,21.85,21.31,5229705,21.69,0
2035-07-19,20.03,20.33,19.83,48350195,20.06,0
2035-07-20,11.2,11.48,10.89,5588587,11.0,0
2035-07-23,11.08,11.21,10.79,58956607,11.17,0
2035-07-24,10.82,11.14,10.79,78236997,10.79,0
2035-07-25,20.91,21.39,20.68,11299585,21.11,0
2035-07-26,19.94,20.52,19.85,8958159,20.14,0
2035-07-27,18.85,19.14,18.79,41740661,18.96,0
2035-07-30,13.5,13.69,13.28,10084261,13.63,0
2035-07-31,15.06,15.4,14.63,55107533,14.81,0
2035-08-01,14.5,14.88,14.15,6649742,14.63,0
2035-08-02,11.55,11.88,11.23,7089819,11.38,0
2035-08-03,15.07,15.22,14.7,75506781,14.97,0
2035-08-06,8.43,8.63,8.28,32385670,8.58,0
2035-08-07,9.85,9.91,9.59,52326759,9.85,0
2035-08-08,20.41,20.74,19.9,12288574,20.74,0
2035-08-09,18.52,18.62,18.21,32624030,18.22,0
2035-08-10,13.92,14.07,13.64,25972184,13.91,0
2035-08-13,15.24,15.67,15.0,26621659,15.0,0
2035-08-14,13.18,13.24,12.95,33175767,13.24,0
2035-08-15,18.37,18.72,18.17,24647421,18.17,0
2035-08-16,18.98,19.32,18.94,16429055,18.94,0
2035-08-17,18.69,18.76,18.19,10745188,18.51,0
2035-08-20,18.12,18.3,17.63,42114742,18.3,0
2035-08-21,10.86,11.04,10.81,9363305,10.81,0
2035-08-22,12.73,12.8,12.54,34091622,12.8,0
2035-08-23,14.58,14.93,14.48,9548403,14.48,0
2035-08-24,12.63,13.0,12.33,28310175,12.4,0
2035-08-27,18.57,18.69,18.47,39677278,18.49,0
2035-08-28,12.61,12.68,12.58,9169122,12.68,0
2035-08-29,9.94,10.08,9.83,5904035,9.83,0
2035-08-30,13.59,13.89,13.23,7189159,13.37,0
2035-08-31,21.72,21.9,21.65,26832619,21.9,0
2035-09-03,11.16,11.17,11.09,52699367,11.09,0
2035-09-04,16.57,16.84,16.45,5664370,16.71,0
2035-09-05,14.06,14.46,13.65,38280377,13.89,0
2035-09-06,8.99,9.1,8.94,12881268,8.98,0
2035-09-07,14.83,15.02,14.45,18844108,14.69,0
2035-09-10,17.83,18.35,17.41,65679275,17.8,0
2035-09-11,15.19,15.51,15.0,12551728,15.35,0
2035-09-12,20.21,20.65,19.76,18167347,20.42,0
2035-09-13,12.05,12.25,11.93,5193322,12.06,0
2035-09-14,9.21,9.48,9.1,6269381,9.37,0
2035-09-17,21.11,21.55,20.55,10241069,20.91,0
2035-09-18,13.29,13.65,13.15,5401414,13.15,0
2035-09-19,16.07,16.41,16.03,28788673,16.14,0
2035-09-20,19.09,19.51,18.61,16308153,19.18,0
2035-09-21,12.54,12.65,12.39,22856125,12.39,0
2035-09-24,18.03,18.19,17.67,8114582,18.11,0
2035-09-25,9.9,10.13,9.74,11358152,9.85,0
2035-09-26,12.08,12.19,11.82,31498823,12.19,0
2035-09-27,10.03,10.2,9.84,72662495,10.15,0
2035-09-28,19.36,19.5,18.8,5750132,19.4,0
2035-10-01,11.12,11.39,11.11,59033639,11.11,0
2035-10-02,18.04,18.1,17.84,24751652,18.1,0
2035-10-03,21.21,21.74,20.89,23877938,21.42,0
2035-10-04,15.39,15.67,15.11,20015451,15.24,0
2035-10-05,15.56,15.65,15.34,6060784,15.54,0
2035-10-08,14.45,14.68,14.18,6414939,14.68,0
2035-10-09,12.56,12.67,12.32,26456973,12.46,0
2035-10-10,14.66,14.8,14.42,12868414,14.5,0
2035-10-11,16.44,16.61,16.08,63602006,16.25,0
2035-10-12,21.8,21.84,21.26,15436676,21.84,0
2035-10-15,21.13,21.76,20.85,7438718,21.51,0
2035-10-16,20.07,20.09,19.98,36272479,20.09,0
2035-10-17,20.45,20.86,19.93,11277237,20.29,0
2035-10-18,14.55,14.71,14.13,21463439,14.63,0
2035-10-19,17.2,17.53,16.81,34613412,17.29,0
2035-10-22,20.53,20.75,20.52,60673076,20.61,0
2035-10-23,13.5,13.77,13.43,44963825,13.43,0
2035-10-24,21.46,21.93,21.2,32612935,21.58,0
2035-10-25,13.82,14.11,13.79,32910153,13.79,0
2035-10-26,16.42,16.48,16.15,68861546,16.15,0
2035-10-29,17.94,18.29,17.93,11354754,17.97,0
2035-10-30,21.31,21.49,20.86,5015441,21.49,0
2035-10-31,11.42,11.43,11.16,10627618,11.35,0
2035-11-01,18.45,18.68,18.25,9148236,18.68,0
2035-11-02,15.29,15.49,15.0,31325517,15.04,0
2035-11-05,11.76,11.92,11.63,28975758,11.87,0
2035-11-06,18.87,19.27,18.48,25916044,18.58,0
2035-11-07,15.73,15.88,15.55,5230330,15.59,0
2035-11-08,17.25,17.41,16.88,37714315,17.3,0
2035-11-09,12.52,12.54,12.16,12261382,12.54,0
2035-11-12,14.74,15.04,14.7,31606559,14.9,0
2035-11-13,16.64,16.92,16.58,23396840,16.72,0
2035-11-14,13.67,13.81,13.66,12931805,13.72,0
2035-11-15,10.78,11.01,10.69,7261327,10.96,0
2035-11-16,21.46,21.81,21.26,6496234,21.42,0
2035-11-19,15.16,15.37,14.96,50143870,14.99,0
2035-11-20,18.27,18.55,17.79,63801492,18.02,0
2035-11-21,13.75,14.01,13.42,30296522,13.69,0
2035-11-22,12.97,13.23,12.69,6660657,13.08,0
2035-11-23,13.7,13.82,13.65,15242598,13.65,0
2035-11-26,13.73,13.79,13.39,37731169,13.53,0
2035-11-27,15.62,15.69,15.58,43447812,15.58,0
2035-11-28,15.61,15.91,15.39,6939360,15.66,0
2035-11-29,14.96,15.35,14.83,5000426,14.83,0
2035-11-30,9.89,10.01,9.63,36013759,9.76,0
2035-12-03,14.95,15.03,14.62,13438617,15.01,0
2035-12-04,10.37,10.61,10.36,10125024,10.48,0
2035-12-05,9.77,10.01,9.55,5182032,9.7,0
2035-12-06,21.06,21.62,20.62,22364300,21.13,0
2035-12-07,16.47,16.77,16.07,52948982,16.21,0
2035-12-10,17.23,17.67,16.78,71133374,17.53,0
2035-12-11,13.63,13.64,13.32,23999092,13.54,0
2035-12-12,20.73,20.8,20.51,20818200,20.8,0
2035-12-13,16.93,16.98,16.65,6329772,16.98,0
2035-12-14,18.77,19.17,18.52,22902280,18.98,0
2035-12-17,13.16,13.19,12.81,14338721,12.91,0
2035-12-18,21.44,21.76,21.31,26917438,21.48,0
2035-12-19,19.49,19.77,19.36,14690723,19.36,0
2035-12-20,19.96,20.15,19.37,9734619,20.15,0
2035-12-21,10.41,10.68,10.22,6506083,10.53,0
2035-12-24,11.79,11.85,11.46,11972080,11.85,0
2035-12-25,12.0,12.13,11.93,6536451,12.05,0
2035-12-26,11.79,12.06,11.7,8165357,11.8,0
2035-12-27,19.98,20.0,19.92,77239811,20.0,0
2035-12-28,8.45,8.62,8.26,17128683,8.41,0
2035-12-31,9.07,9.29,8.92,21847786,9.06,0
2036-01-01,11.83,12.16,11.54,56352285,11.89,0
2036-01-02,10.8,11.08,10.6,79023163,10.99,0
2036-01-03,11.25,11.36,11.09,25155220,11.29,0
2036-01-04,19.17,19.51,18.63,47564832,19.44,0
2036-01-07,15.88,15.92,15.74,12377879,15.92,0
2036-01-08,8.08,8.14,7.97,11671385,8.09,0
2036-01-09,14.01,14.05,13.94,15271215,13.94,0
2036-01-10,13.71,13.84,13.41,32266320,13.79,0
2036-01-11,9.6,9.85,9.57,33144437,9.58,0
2036-01-14,17.47,17.65,17.47,11982739,17.47,0
2036-01-15,17.83,18.13,17.79,7233871,17.79,0
2036-01-16,18.09,18.33,17.97,28870279,18.33,0
2036-01-17,18.2,18.45,18.1,7136573,18.1,0
2036-01-18,8.0,8.23,7.9,24862477,8.06,0
2036-01-21,21.35,21.54,20.83,34192704,21.54,0
2036-01-22,19.4,19.77,19.21,34881111,19.52,0
2036-01-23,20.66,20.92,20.48,40386929,20.72,0
2036-01-24,8.22,8.24,8.22,56233806,8.24,0
2036-01-25,21.07,21.38,20.78,19997726,21.01,0
2036-01-28,19.34,19.81,18.92,37868460,19.02,0
2036-01-29,19.72,19.78,19.53,27830965,19.78,0
2036-01-30,9.31,9.33,9.3,8388936,9.3,0
2036-01-31,18.34,18.42,17.89,5369124,18.42,0
2036-02-01,21.44,21.93,21.01,11005049,21.47,0
2036-02-04,17.5,17.88,17.26,17077950,17.26,0
2036-02-05,15.99,16.26,15.59,27671940,16.26,0
2036-02-06,21.24,21.54,20.62,52774365,21.49,0
2036-02-07,14.2,14.58,13.92,8615359,14.0,0
2036-02-08,16.39,16.77,16.32,7081855,16.71,0
2036-02-11,14.67,15.03,14.25,72296199,14.81,0
2036-02-12,21.06,21.57,20.7,6746346,21.04,0
2036-02-13,9.07,9.24,9.01,18842159,9.11,0
2036-02-14,15.02,15.23,15.0,25354730,15.0,0
2036-02-15,17.62,18.08,17.61,22431058,17.66,0
2036-02-18,19.09,19.62,18.76,6346920,18.76,0
2036-02-19,16.16,16.17,16.14,5856488,16.17,0
2036-02-20,20.72,20.75,20.12,6698610,20.75,0
2036-02-21,21.19,21.8,21.03,25356414,21.51,0
2036-02-22,8.9,8.97,8.8,22616561,8.97,0
2036-02-25,13.63,13.99,13.32,9559209,13.49,0
2036-02-26,8.33,8.43,8.21,29303979,8.43,0
2036-02-27,12.61,12.66,12.28,48576886,12.65,0
2036-02-28,15.52,15.56,15.46,5610946,15.56,0
2036-02-29,20.75,20.85,20.35,19896570,20.48,0
2036-03-03,19.85,20.0,19.63,33805117,20.0,0
2036-03-04,9.78,9.92,9.53,10064306,9.92,0
2036-03-05,9.3,9.5,9.08,11737162,9.4,0
2036-03-06,16.25,16.73,16.25,27407137,16.54,0
2036-03-07,15.45,15.65,15.34,60282580,15.34,0
2036-03-10,11.73,11.91,11.72,47229808,11.9,0
2036-03-11,20.59,20.91,20.16,25184234,20.58,0
2036-03-12,20.98,21.32,20.45,37865576,20.7,0
2036-03-13,13.64,13.85,13.44,13748649,13.73,0
2036-03-14,20.46,20.47,20.15,29564423,20.47,0
2036-03-17,13.38,13.38,13.05,18209942,13.27,0
2036-03-18,18.32,18.37,18.17,8465954,18.17,0
2036-03-19,14.66,14.7,14.38,34990253,14.48,0
2036-03-20,9.72,9.93,9.48,23389460,9.68,0
2036-03-21,20.99,21.12,20.57,13514296,20.71,0
2036-03-24,14.36,14.75,14.17,62565041,14.18,0
2036-03-25,18.28,18.79,18.13,5298796,18.2,0
2036-03-26,13.14,13.52,12.94,12000484,13.38,0
2036-03-27,8.26,8.49,8.14,5854126,8.35,0
2036-03-28,9.41,9.49,9.17,41875583,9.34,0
2036-03-31,14.95,15.18,14.91,35026087,15.18,0
2036-04-01,17.66,17.75,17.62,12530195,17.75,0
2036-04-02,12.69,13.0,12.57,32549866,12.67,0
2036-04-03,17.74,18.21,17.22,14987387,17.72,0
2036-04-04,17.78,18.23,17.53,40699616,17.72,0
2036-04-07,17.86,18.09,17.66,17614147,17.67,0
2036-04-08,14.9,15.24,14.9,15682102,14.9,0
2036-04-09,20.81,20.87,20.81,66757025,20.83,0
2036-04-10,14.85,14.87,14.79,10024404,14.87,0
2036-04-11,14.3,14.62,13.9,6982373,14.45,0
2036-04-14,10.79,10.93,10.77,25283084,10.77,0
2036-04-15,12.31,12.68,12.17,73476721,12.42,0
2036-04-16,8.59,8.62,8.54,14253901,8.62,0
2036-04-17,16.87,17.3,16.57,5938404,17.18,0
2036-04-18,11.48,11.65,11.25,12809561,11.43,0
2036-04-21,12.26,12.56,12.06,20331640,12.46,0
2036-04-22,18.79,19.25,18.31,7833300,19.03,0
2036-04-23,12.58,12.93,12.34,31003023,12.65,0
2036-04-24,11.39,11.49,11.34,79502353,11.46,0
2036-04-25,10.37,10.67,10.07,17495185,10.2,0
2036-04-28,18.85,18.94,18.37,13369210,18.94,0
2036-04-29,9.82,9.84,9.56,15186787,9.67,0
2036-04-30,14.35,14.54,14.09,6880497,14.39,0
2036-05-01,15.1,15.48,15.1,57881183,15.1,0
2036-05-02,17.62,17.87,17.18,15793190,17.57,0
2036-05-05,16.87,17.29,16.44,14631702,16.94,0
2036-05-06,19.35,19.77,19.3,31139831,19.67,0
2036-05-07,8.63,8.68,8.6,17030652,8.62,0
2036-05-08,12.15,12.5,11.8,30166219,12.39,0
2036-05-09,11.92,11.94,11.83,5928690,11.94,0
2036-05-12,10.04,10.31,9.94,47729902,9.94,0
2036-05-13,12.05,12.16,11.97,67834341,11.97,0
2036-05-14,12.34,12.53,12.15,30210740,12.45,0
2036-05-15,15.31,15.5,15.31,70531304,15.31,0
2036-05-16,17.29,17.38,16.79,7608739,17.28,0
2036-05-19,13.34,13.48,13.03,18786089,13.15,0
2036-05-20,18.07,18.17,17.74,26522687,18.02,0
2036-05-21,12.71,12.79,12.5,25087115,12.79,0
2036-05-22,12.06,12.13,12.03,15218721,12.04,0
2036-05-23,15.58,15.81,15.37,12766275,15.37,0
2036-05-26,8.33,8.53,8.09,7106919,8.25,0
2036-05-27,9.12,9.28,8.96,14814088,9.07,0
2036-05-28,13.85,14.22,13.61,7849340,13.61,0
2036-05-29,21.2,21.6,21.18,38303141,21.27,0
2036-05-30,18.1,18.47,17.88,8921287,18.18,0
2036-06-02,9.23,9.41,9.13,5881521,9.13,0
2036-06-03,19.85,20.12,19.68,23125179,19.77,0
2036-06-04,18.25,18.63,18.12,26043420,18.19,0
2036-06-05,16.55,16.58,16.37,56086449,16.44,0
2036-06-06,19.48,19.98,19.03,24758544,19.52,0
2036-06-09,13.66,13.98,13.61,13030780,13.61,0
2036-06-10,11.1,11.18,11.01,46333239,11.06,0
2036-06-11,15.17,15.52,15.05,22363028,15.35,0
2036-06-12,15.68,15.69,15.68,6229210,15.68,0
2036-06-13,15.54,15.64,15.45,24006120,15.61,0
2036-06-16,15.91,15.94,15.83,61991662,15.91,0
2036-06-17,21.28,21.78,21.25,15002995,21.25,0
2036-06-18,20.63,21.1,20.1,11370559,20.82,0
2036-06-19,20.26,20.75,19.95,7442596,20.3,0
2036-06-20,19.22,19.22,18.98,7609018,19.2,0
2036-06-23,21.21,21.53,20.78,16598880,21.35,0
2036-06-24,9.38,9.58,9.33,26075941,9.49,0
2036-06-25,11.71,11.76,11.63,6252312,11.76,0
2036-06-26,14.93,15.22,14.8,67658648,15.01,0
2036-06-27,19.85,19.9,19.85,40573407,19.9,0
2036-06-30,15.07,15.15,14.74,25429369,14.77,0
2036-07-01,18.47,18.73,18.32,49717532,18.49,0
2036-07-02,9.95,10.15,9.82,6244886,9.84,0
2036-07-03,11.53,11.58,11.29,18756043,11.34,0
2036-07-04,18.24,18.34,17.78,28686511,18.26,0
2036-07-07,10.31,10.37,10.28,49747072,10.37,0
2036-07-08,12.92,13.01,12.76,43889573,12.87,0
2036-07-09,11.71,11.79,11.65,10779401,11.79,0
2036-07-10,12.9,13.05,12.72,67905135,12.89,0
2036-07-11,17.92,18.27,17.5,7058255,17.87,0
2036-07-14,13.15,13.32,12.89,56589503,13.04,0
2036-07-15,15.77,16.14,15.48,73807171,15.7,0
2036-07-16,9.4,9.6,9.39,8171167,9.39,0
2036-07-17,19.27,19.34,18.7,37018957,19.34,0
2036-07-18,13.18,13.2,13.17,5590860,13.17,0
2036-07-21,17.08,17.53,17.07,15386779,17.07,0
2036-07-22,18.16,18.2,18.16,20923630,18.2,0
2036-07-23,10.94,10.99,10.77,25011315,10.96,0
2036-07-24,20.39,20.4,20.37,66980864,20.37,0
2036-07-25,16.63,16.94,16.33,32243375,16.4,0
2036-07-28,14.0,14.24,13.59,18988314,13.95,0
2036-07-29,10.55,10.86,10.3,47197163,10.67,0
2036-07-30,21.19,21.75,21.16,69747006,21.52,0
2036-07-31,18.57,18.8,18.02,5315453,18.72,0
2036-08-01,10.91,11.03,10.76,76215535,10.76,0
2036-08-04,12.73,12.84,12.38,6348680,12.82,0
2036-08-05,19.34,19.43,18.93,47817779,19.14,0
2036-08-06,17.74,17.81,17.25,10877440,17.61,0
2036-08-07,18.72,18.79,18.64,7213236,18.64,0
2036-08-08,14.18,14.23,14.01,16928129,14.23,0
2036-08-11,18.03,18.16,17.98,29810619,18.14,0
2036-08-12,13.41,13.53,13.28,14377446,13.47,0
2036-08-13,10.96,11.28,10.95,5816655,11.03,0
2036-08-14,16.86,17.15,16.61,26350760,16.68,0
2036-08-15,21.66,22.3,21.43,61033998,21.61,0
2036-08-18,12.35,12.49,12.19,14467959,12.42,0
2036-08-19,14.45,14.65,14.23,9108789,14.53,0
2036-08-20,17.44,17.61,17.36,17056355,17.61,0
2036-08-21,15.58,15.67,15.41,5717478,15.45,0
2036-08-22,19.81,19.9,19.69,48633497,19.9,0
2036-08-25,18.66,19.19,18.54,49429189,18.62,0
2036-08-26,8.82,9.08,8.61,25526608,8.88,0
2036-08-27,21.98,22.01,21.75,13309087,21.94,0
2036-08-28,18.53,18.61,18.09,45920344,18.61,0
2036-08-29,20.09,20.35,19.84,23274467,19.84,0
2036-09-01,17.12,17.22,16.95,49373237,17.22,0
2036-09-02,19.99,20.21,19.99,28795336,20.05,0
2036-09-03,9.57,9.61,9.29,44003610,9.44,0
2036-09-04,12.87,13.05,12.52,26285223,12.65,0
2036-09-05,20.27,20.44,19.71,15763242,20.44,0
2036-09-08,10.82,10.93,10.62,71195371,10.67,0
2036-09-09,9.1,9.13,9.05,22414857,9.05,0
2036-09-10,19.03,19.27,18.94,26765193,19.27,0
2036-09-11,19.7,20.28,19.54,9214326,19.87,0
2036-09-12,10.28,10.38,10.25,28335353,10.25,0
2036-09-15,19.96,20.48,19.55,24392381,20.03,0
2036-09-16,17.61,18.06,17.13,8347138,17.63,0
2036-09-17,15.28,15.72,14.85,5898207,15.49,0
2036-09-18,19.62,20.09,19.53,26711061,19.8,0
2036-09-19,13.87,14.14,13.76,41547713,14.05,0
2036-09-22,10.72,11.0,10.62,21340670,10.62,0
2036-09-23,11.99,12.02,11.75,9376299,12.02,0
2036-09-24,15.07,15.28,14.79,31735287,14.79,0
2036-09-25,15.44,15.9,15.42,6243483,15.42,0
2036-09-26,19.28,19.73,18.74,17021224,19.44,0
2036-09-29,19.08,19.63,18.95,7864718,18.95,0
2036-09-30,16.14,16.52,15.81,8338364,16.19,0
2036-10-01,18.93,19.43,18.38,8761051,19.19,0
2036-10-02,10.68,10.91,10.6,14608704,10.63,0
2036-10-03,8.7,8.9,8.53,5761837,8.54,0
2036-10-06,20.23,20.55,20.06,15064719,20.4,0
2036-10-07,9.06,9.31,8.98,20659850,9.22,0
2036-10-08,11.45,11.73,11.29,19094765,11.55,0
2036-10-09,17.73,18.18,17.61,14450670,17.79,0
2036-10-10,13.73,14.01,13.56,51215711,13.58,0
2036-10-13,20.27,20.46,19.84,7481019,19.88,0
2036-10-14,12.17,12.18,12.07,20318402,12.18,0
2036-10-15,8.17,8.4,8.07,5938480,8.08,0
2036-10-16,12.21,12.42,11.85,6090458,12.38,0
2036-10-17,16.09,16.23,16.04,24545582,16.07,0
2036-10-20,13.26,13.32,13.08,24017295,13.28,0
2036-10-21,15.49,15.88,15.43,57046329,15.65,0
2036-10-22,20.27,20.78,20.2,23481014,20.5,0
2036-10-23,20.77,21.28,20.42,71560530,20.89,0
2036-10-24,11.72,11.95,11.55,5722746,11.93,0
2036-10-27,14.47,14.63,14.22,6561196,14.63,0
2036-10-28,15.69,15.83,15.43,5649768,15.83,0
2036-10-29,21.29,21.3,21.22,8357292,21.3,0
2036-10-30,21.98,22.53,21.84,22424572,22.16,0
2036-10-31,11.3,11.33,11.0,29944452,11.33,0
2036-11-03,18.18,18.52,17.97,5673617,17.97,0
2036-11-04,13.29,13.49,13.29,68870376,13.29,0
2036-11-05,8.11,8.24,8.01,51646175,8.01,0
2036-11-06,8.13,8.36,8.08,11379601,8.08,0
2036-11-07,14.45,14.46,14.35,6193171,14.41,0
2036-11-10,14.84,15.18,14.55,8008191,14.63,0
2036-11-11,8.32,8.33,8.16,7109291,8.33,0
2036-11-12,17.62,17.64,17.47,7037501,17.64,0
2036-11-13,12.12,12.28,11.94,21056224,11.94,0
2036-11-14,15.84,15.87,15.64,9885527,15.68,0
2036-11-17,12.21,12.5,12.1,13496252,12.37,0
2036-11-18,10.34,10.5,10.27,77705749,10.47,0
2036-11-19,13.7,13.71,13.4,33340067,13.71,0
2036-11-20,11.25,11.26,10.96,69447496,11.26,0
2036-11-21,15.49,15.77,15.16,7423782,15.77,0
2036-11-24,10.78,11.04,10.62,14424866,10.74,0
2036-11-25,15.12,15.32,14.82,23277356,14.97,0
2036-11-26,10.2,10.37,10.07,6185801,10.31,0
2036-11-27,17.39,17.81,16.9,5058389,17.25,0
2036-11-28,18.56,18.9,18.29,32081405,18.79,0
2036-12-01,9.55,9.61,9.37,29634507,9.56,0
2036-12-02,14.55,14.82,14.35,15617410,14.72,0
2036-12-03,8.99,9.16,8.83,19433912,8.91,0
2036-12-04,16.37,16.73,16.02,15820246,16.38,0
2036-12-05,11.7,11.92,11.67,5344105,11.73,0
2036-12-08,15.39,15.84,15.01,12670614,15.66,0
2036-12-09,15.24,15.33,15.09,8169553,15.1,0
2036-12-10,20.94,21.54,20.89,6568777,21.31,0
2036-12-11,15.69,15.94,15.47,70953888,15.88,0
2036-12-12,16.16,16.49,16.1,26343351,16.31,0
2036-12-15,13.62,13.66,13.26,37701584,13.66,0
2036-12-16,21.29,21.53,20.97,11986870,21.38,0
2036-12-17,18.88,19.32,18.57,14871895,18.69,0
2036-12-18,12.0,12.25,11.64,9643949,11.85,0
2036-12-19,19.82,19.84,19.49,6542268,19.84,0
2036-12-22,14.05,14.28,13.78,8213827,14.18,0
2036-12-23,19.6,19.65,19.41,45632326,19.41,0
2036-12-24,19.52,20.1,19.48,32720238,19.61,0
2036-12-25,10.64,10.93,10.35,22779175,10.62,0
2036-12-26,17.82,17.83,17.46,18665310,17.58,0
2036-12-29,12.07,12.38,11.87,64519584,12.09,0
2036-12-30,12.16,12.5,11.96,6117185,12.05,0
2036-12-31,12.15,12.28,12.07,10885467,12.07,0
2037-01-01,18.16,18.55,17.86,13192806,18.14,0
2037-01-02,11.22,11.37,10.89,43762745,11.26,0
2037-01-05,8.01,8.17,7.94,78356800,7.94,0
2037-01-06,18.01,18.19,17.95,9744649,17.95,0
2037-01-07,10.4,10.5,10.25,56460008,10.3,0
2037-01-08,9.46,9.58,9.34,50019514,9.34,0
2037-01-09,11.33,11.38,11.05,9321471,11.16,0
2037-01-12,13.32,13.65,13.01,15129144,13.13,0
2037-01-13,14.66,14.81,14.32,15569164,14.47,0
2037-01-14,8.62,8.72,8.47,75312152,8.72,0
2037-01-15,21.59,22.17,21.54,8256302,21.54,0
2037-01-16,18.02,18.29,17.76,45840789,17.77,0
2037-01-19,12.52,12.72,12.22,12629267,12.32,0
2037-01-20,12.46,12.82,12.19,37933734,12.36,0
2037-01-21,14.28,14.66,14.02,16021886,14.45,0
2037-01-22,16.77,16.86,16.58,24853328,16.68,0
2037-01-23,10.05,10.19,9.88,50296119,9.91,0
2037-01-26,10.65,10.96,10.46,46481681,10.61,0
2037-01-27,20.03,20.25,19.77,55239212,20.07,0
2037-01-28,11.59,11.72,11.33,5898701,11.37,0
2037-01-29,13.32,13.4,12.95,34062922,13.39,0
2037-01-30,20.2,20.27,19.61,7371088,20.12,0
2037-02-02,17.28,17.66,16.89,15836728,16.94,0
2037-02-03,12.78,13.08,12.43,22884229,12.87,0
2037-02-04,17.57,18.08,17.22,15272730,17.72,0
2037-02-05,8.28,8.47,8.22,21117612,8.32,0
2037-02-06,18.3,18.43,18.14,79233209,18.18,0
2037-02-09,14.82,14.84,14.65,7274244,14.84,0
2037-02-10,19.38,19.95,19.29,32531203,19.29,0
2037-02-11,21.36,21.58,20.9,14990036,21.53,0
2037-02-12,20.96,21.16,20.89,7229858,21.03,0
2037-02-13,20.73,21.29,20.36,7764404,20.38,0
2037-02-16,15.17,15.44,14.9,69503827,15.26,0
2037-02-17,13.04,13.12,12.81,57294871,13.12,0
2037-02-18,14.51,14.9,14.12,61824036,14.43,0
2037-02-19,17.66,18.19,17.65,78143783,17.93,0
2037-02-20,20.38,20.43,19.85,8908544,20.43,0
2037-02-23,10.9,11.18,10.68,13395583,10.76,0
2037-02-24,20.85,21.09,20.42,31973488,21.09,0
2037-02-25,19.41,19.72,18.87,19121692,19.36,0
2037-02-26,21.7,22.3,21.15,15950019,21.89,0
2037-02-27,20.32,20.91,19.74,13483967,20.58,0
2037-03-02,11.92,12.01,11.67,25938994,11.92,0
2037-03-03,9.48,9.54,9.44,24663434,9.44,0
2037-03-04,9.57,9.59,9.38,7823203,9.59,0
2037-03-05,12.08,12.28,11.76,18492744,11.95,0
2037-03-06,16.6,16.61,16.42,23196178,16.44,0
2037-03-09,19.26,19.5,19.26,24303225,19.26,0
2037-03-10,20.59,20.64,20.12,8952911,20.64,0
2037-03-11,16.73,16.93,16.37,39151988,16.93,0
2037-03-12,8.08,8.09,8.07,5361826,8.07,0
2037-03-13,10.61,10.88,10.35,13373040,10.76,0
2037-03-16,9.4,9.46,9.26,43495031,9.31,0
2037-03-17,13.09,13.22,12.79,23876174,13.22,0
2037-03-18,15.02,15.41,14.99,10314327,15.08,0
2037-03-19,8.61,8.8,8.61,34338154,8.61,0
2037-03-20,12.88,12.96,12.81,24108866,12.81,0
2037-03-23,10.51,10.53,10.29,45471873,10.36,0
2037-03-24,17.06,17.43,16.75,38373244,16.85,0
2037-03-25,14.5,14.67,14.17,27140206,14.66,0
2037-03-26,14.93,15.27,14.88,19355059,14.88,0
2037-03-27,13.99,14.18,13.95,7233313,14.18,0
2037-03-30,21.38,21.6,21.01,10319207,21.5,0
2037-03-31,11.01,11.16,10.9,15981445,11.09,0
2037-04-01,15.23,15.57,14.85,26338937,15.06,0
2037-04-02,18.3,18.8,17.99,20774754,18.59,0
2037-04-03,15.8,15.82,15.63,11116773,15.82,0
2037-04-06,21.01,21.34,20.62,5090423,21.32,0
2037-04-07,13.29,13.3,13.03,19792542,13.3,0
2037-04-08,14.49,14.69,14.06,11038193,14.27,0
2037-04-09,9.24,9.49,9.19,38328916,9.19,0
2037-04-10,16.53,16.71,16.48,5343234,16.71,0
2037-04-13,12.03,12.37,12.02,25303049,12.21,0
2037-04-14,10.24,10.43,10.15,68017074,10.27,0
2037-04-15,15.62,16.06,15.41,8109231,15.54,0
2037-04-16,15.45,15.8,15.11,18488113,15.54,0
2037-04-17,9.06,9.09,9.06,6442480,9.06,0
2037-04-20,17.78,17.9,17.56,28337798,17.59,0
2037-04-21,16.73,16.93,16.57,23007859,16.72,0
2037-04-22,10.65,10.7,10.55,15469881,10.55,0
2037-04-23,14.57,14.79,14.5,21221227,14.56,0
2037-04-24,18.08,18.34,17.54,60055594,18.34,0
2037-04-27,15.41,15.85,15.05,8616520,15.62,0
2037-04-28,13.54,13.72,13.4,5322803,13.72,0
2037-04-29,12.51,12.8,12.47,54515238,12.66,0
2037-04-30,16.55,17.02,16.39,24767845,16.45,0
2037-05-01,21.15,21.71,20.78,59078526,21.41,0
2037-05-04,17.4,17.51,17.07,26167587,17.51,0
2037-05-05,9.05,9.18,8.98,47260810,9.18,0
2037-05-06,14.45,14.6,14.34,16456910,14.56,0
2037-05-07,20.47,20.72,20.23,39984469,20.23,0
2037-05-08,9.32,9.42,9.12,62861028,9.15,0
2037-05-11,21.84,22.38,21.79,24427257,21.79,0
2037-05-12,21.29,21.58,21.0,8253858,21.58,0
2037-05-13,9.1,9.24,9.04,10535001,9.09,0
2037-05-14,21.07,21.69,20.57,8672851,21.37,0
2037-05-15,13.08,13.1,12.82,9913237,13.06,0
2037-05-18,19.83,20.12,19.76,11693135,19.96,0
2037-05-19,13.86,14.18,13.47,23303314,13.6,0
2037-05-20,14.17,14.23,13.96,25525983,14.03,0
2037-05-21,16.88,17.19,16.62,16312738,16.84,0
2037-05-22,18.84,18.98,18.7,27542951,18.94,0
2037-05-25,8.47,8.69,8.29,6268967,8.36,0
2037-05-26,16.3,16.46,15.92,6377898,16.46,0
2037-05-27,10.61,10.71,10.59,8051435,10.59,0
2037-05-28,12.84,13.07,12.68,21027976,13.0,0
2037-05-29,12.87,12.94,12.52,9049931,12.66,0
2037-06-01,14.57,14.69,14.22,10966762,14.67,0
2037-06-02,12.68,12.84,12.68,15170318,12.68,0
2037-06-03,9.5,9.6,9.27,47484758,9.6,0
2037-06-04,10.04,10.2,9.92,5195911,10.0,0
2037-06-05,8.47,8.62,8.32,30262167,8.53,0
2037-06-08,14.58,14.83,14.53,31943140,14.83,0
2037-06-09,21.36,21.78,21.2,45777006,21.2,0
2037-06-10,9.62,9.71,9.5,66392108,9.5,0
2037-06-11,21.25,21.33,20.62,5287111,21.33,0
2037-06-12,18.27,18.69,18.2,7658506,18.38,0
2037-06-15,16.92,17.35,16.64,58348080,16.78,0
2037-06-16,17.03,17.16,17.0,17827127,17.03,0
2037-06-17,19.57,19.81,19.27,23922407,19.27,0
2037-06-18,9.5,9.64,9.41,31429271,9.41,0
2037-06-19,15.07,15.31,14.65,32858495,15.02,0
2037-06-22,17.76,18.11,17.62,66205984,18.0,0
2037-06-23,16.22,16.24,15.9,79326213,16.21,0
2037-06-24,19.66,20.09,19.28,36823579,19.73,0
2037-06-25,9.01,9.03,8.77,11087121,9.03,0
2037-06-26,17.67,17.92,17.22,57318848,17.53,0
2037-06-29,15.48,15.86,15.1,5731099,15.6,0
2037-06-30,13.31,13.49,13.04,9488970,13.49,0
2037-07-01,12.76,12.82,12.72,60190795,12.72,0
2037-07-02,16.69,17.18,16.37,10173147,16.59,0
2037-07-03,20.47,21.02,20.3,9218502,20.86,0
2037-07-06,14.95,15.3,14.54,7333131,15.24,0
2037-07-07,19.55,19.79,19.31,54130699,19.33,0
2037-07-08,13.63,13.71,13.42,20003231,13.42,0
2037-07-09,9.43,9.7,9.42,32480477,9.42,0
2037-07-10,8.86,9.0,8.82,9701405,8.82,0
2037-07-13,8.72,8.94,8.58,40901725,8.7,0
2037-07-14,13.32,13.46,13.23,41125185,13.38,0
2037-07-15,12.72,12.85,12.41,11895304,12.85,0
2037-07-16,18.05,18.58,17.81,15612813,17.93,0
2037-07-17,18.4,18.69,17.89,8942568,18.66,0
2037-07-20,8.71,8.75,8.54,74966398,8.57,0
2037-07-21,11.1,11.17,10.84,29946976,10.9,0
2037-07-22,11.84,12.01,11.74,66722601,11.84,0
2037-07-23,15.67,15.69,15.43,11595316,15.43,0
2037-07-24,10.02,10.16,9.95,43697891,9.98,0
2037-07-27,9.88,10.0,9.74,41798019,10.0,0
2037-07-28,21.21,21.71,20.63,34025647,20.99,0
2037-07-29,19.26,19.47,19.11,72730268,19.42,0
2037-07-30,10.53,10.84,10.48,14888737,10.48,0
2037-07-31,13.69,13.76,13.65,7184050,13.65,0
2037-08-03,12.98,13.21,12.81,32194973,13.01,0
2037-08-04,19.07,19.12,18.93,37769959,19.12,0
2037-08-05,15.14,15.47,15.03,24627024,15.09,0
2037-08-06,9.79,10.08,9.54,8871633,9.84,0
2037-08-07,18.35,18.8,17.89,20248623,18.64,0
2037-08-10,13.56,13.79,13.18,11881846,13.72,0
2037-08-11,11.68,11.85,11.44,16356523,11.54,0
2037-08-12,13.26,13.59,13.05,29915109,13.38,0
2037-08-13,14.97,15.39,14.97,39472803,14.97,0
2037-08-14,12.8,13.18,12.58,9519111,12.93,0
2037-08-17,11.39,11.53,11.3,15382622,11.39,0
2037-08-18,13.58,13.98,13.46,10545637,13.46,0
2037-08-19,8.27,8.31,8.07,8672540,8.29,0
2037-08-20,18.81,18.95,18.28,43879555,18.8,0
2037-08-21,10.39,10.42,10.25,62204148,10.4,0
2037-08-24,8.61,8.68,8.53,13956418,8.68,0
2037-08-25,17.15,17.55,17.15,40142089,17.42,0
2037-08-26,18.84,19.32,18.48,60125674,18.8,0
2037-08-27,19.39,19.84,19.33,52216177,19.36,0
2037-08-28,14.91,15.19,14.63,8300405,14.92,0
2037-08-31,10.88,11.05,10.78,70869630,10.89,0
2037-09-01,18.32,18.71,18.1,14208022,18.65,0
2037-09-02,17.8,18.01,17.29,12807267,17.91,0
2037-09-03,11.45,11.74,11.13,5944904,11.35,0
2037-09-04,20.65,21.07,20.04,19247814,20.68,0
2037-09-07,9.46,9.66,9.28,6764497,9.51,0
2037-09-08,21.76,22.11,21.59,9959597,21.88,0
2037-09-09,20.04,20.57,19.54,12039458,20.11,0
2037-09-10,17.63,17.76,17.42,47086233,17.42,0
2037-09-11,21.14,21.38,20.69,56645235,20.75,0
2037-09-14,18.11,18.53,18.0,11565802,18.0,0
2037-09-15,10.67,10.83,10.61,54068656,10.64,0
2037-09-16,14.19,14.57,14.09,53849157,14.09,0
2037-09-17,9.0,9.09,8.87,41658295,9.09,0
2037-09-18,13.46,13.61,13.17,7509457,13.38,0
2037-09-21,18.38,18.87,18.27,33900144,18.68,0
2037-09-22,13.41,13.6,13.08,68689818,13.22,0
2037-09-23,12.62,12.82,12.35,33176505,12.4,0
2037-09-24,16.33,16.49,15.93,12539392,16.32,0
2037-09-25,20.21,20.38,20.01,20032150,20.01,0
2037-09-28,8.67,8.84,8.59,29957146,8.82,0
2037-09-29,13.4,13.45,13.26,20594822,13.26,0
2037-09-30,10.22,10.49,10.04,6972809,10.18,0
2037-10-01,17.73,18.14,17.25,11877706,18.03,0
2037-10-02,9.48,9.53,9.45,46254192,9.45,0
2037-10-05,17.31,17.67,17.05,54477941,17.05,0
2037-10-06,12.01,12.23,11.8,7316371,11.92,0
2037-10-07,10.78,10.84,10.65,70106442,10.78,0
2037-10-08,21.11,21.28,20.6,12442621,20.84,0
2037-10-09,8.26,8.36,8.05,31367161,8.25,0
2037-10-12,14.13,14.43,13.88,40202928,14.32,0
2037-10-13,8.3,8.46,8.11,47495306,8.42,0
2037-10-14,14.77,15.01,14.44,68828154,14.5,0
2037-10-15,15.01,15.36,14.96,11905912,14.96,0
2037-10-16,12.5,12.78,12.32,54039930,12.39,0
2037-10-19,9.85,10.03,9.7,7203388,9.89,0
2037-10-20,13.27,13.58,13.15,35312125,13.2,0
2037-10-21,17.41,17.58,17.38,39120123,17.58,0
2037-10-22,18.95,19.45,18.45,32736338,19.11,0
2037-10-23,15.43,15.71,15.35,10064384,15.35,0
2037-10-26,16.26,16.66,16.06,56262458,16.34,0
2037-10-27,10.81,10.99,10.53,7985385,10.64,0
2037-10-28,12.02,12.1,11.77,5801666,11.9,0
2037-10-29,10.27,10.44,10.11,36549710,10.14,0
2037-10-30,11.49,11.62,11.38,18685289,11.38,0
2037-11-02,11.15,11.38,10.9,52648487,11.2,0
2037-11-03,15.27,15.49,15.06,14475253,15.31,0
2037-11-04,15.88,16.28,15.73,7972557,15.73,0
2037-11-05,21.23,21.66,20.88,50833120,21.65,0
2037-11-06,10.74,10.96,10.7,22904618,10.71,0
2037-11-09,16.98,17.09,16.91,8448594,16.91,0
2037-11-10,19.44,20.01,19.13,36846715,19.14,0
2037-11-11,15.84,16.24,15.83,20625864,15.89,0
2037-11-12,11.57,11.84,11.25,26707629,11.79,0
2037-11-13,11.68,11.8,11.33,17945142,11.71,0
2037-11-16,8.55,8.69,8.39,49754808,8.69,0
2037-11-17,12.28,12.33,12.13,49872719,12.25,0
2037-11-18,18.42,18.72,18.22,35740388,18.37,0
2037-11-19,8.67,8.71,8.53,6697087,8.67,0
2037-11-20,11.07,11.25,10.78,51174158,11.16,0
2037-11-23,17.89,18.24,17.44,32132916,17.8,0
2037-11-24,18.96,19.18,18.88,34535896,19.18,0
2037-11-25,14.37,14.58,14.31,13678702,14.31,0
2037-11-26,17.77,18.24,17.6,57243752,17.73,0
2037-11-27,13.43,13.47,13.29,37359791,13.44,0
2037-11-30,10.24,10.48,10.12,6831915,10.28,0
2037-12-01,13.57,13.64,13.25,15487584,13.45,0
2037-12-02,16.12,16.14,15.84,58381912,16.07,0
2037-12-03,21.27,21.39,21.08,5699024,21.26,0
2037-12-04,8.96,9.17,8.84,71883790,9.03,0
2037-12-07,15.1,15.28,14.66,32867239,15.27,0
2037-12-08,12.6,12.93,12.58,28788725,12.72,0
2037-12-09,15.12,15.36,15.05,10586583,15.05,0
2037-12-10,8.34,8.35,8.15,9966557,8.35,0
2037-12-11,12.38,12.65,12.24,68127293,12.55,0
2037-12-14,19.48,19.54,19.44,11432095,19.44,0
2037-12-15,15.76,16.13,15.33,42931042,15.57,0
2037-12-16,14.31,14.38,14.1,14870851,14.2,0
2037-12-17,12.0,12.12,11.8,7356117,11.98,0
2037-12-18,12.17,12.45,11.95,5150774,12.34,0
2037-12-21,13.36,13.74,13.29,22611071,13.51,0
2037-12-22,19.7,19.92,19.33,74803993,19.92,0
2037-12-23,21.54,22.08,20.93,13914073,21.34,0
2037-12-24,14.14,14.22,13.74,13460848,14.19,0
2037-12-25,13.51,13.84,13.12,12980685,13.39,0
2037-12-28,19.85,20.24,19.5,21172261,19.54,0
2037-12-29,13.98,14.06,13.86,16966154,14.06,0
2037-12-30,15.73,15.87,15.35,57344635,15.51,0
2037-12-31,11.23,11.27,11.11,20308493,11.27,0
2038-01-01,18.41,18.62,18.24,20434846,18.52,0
2038-01-04,15.45,15.54,15.1,7338140,15.54,0
2038-01-05,19.33,19.7,19.1,76261672,19.1,0
2038-01-06,18.93,19.49,18.75,9999248,19.14,0
2038-01-07,11.01,11.01,10.83,6127864,11.01,0
2038-01-08,18.02,18.31,17.66,31439646,18.27,0
2038-01-11,19.2,19.53,18.98,26053288,19.39,0
2038-01-12,12.85,13.2,12.84,15807209,12.93,0
2038-01-13,10.42,10.58,10.24,16119075,10.39,0
2038-01-14,8.04,8.17,7.89,44084017,8.11,0
2038-01-15,14.31,14.51,14.08,8602635,14.44,0
2038-01-18,12.93,13.03,12.57,48601919,13.0,0
2038-01-19,15.77,15.8,15.56,30209210,15.8,0
2038-01-20,10.63,10.76,10.42,15975699,10.61,0
2038-01-21,20.04,20.07,19.51,17802927,19.74,0
2038-01-22,11.61,11.8,11.42,10186009,11.64,0
2038-01-25,11.17,11.27,10.84,40235176,11.07,0
2038-01-26,14.73,14.97,14.47,20726823,14.66,0
2038-01-27,14.98,15.04,14.58,12170751,14.69,0
2038-01-28,11.01,11.32,10.69,26102726,10.96,0
2038-01-29,11.81,12.13,11.75,79059444,11.96,0
2038-02-01,10.38,10.44,10.35,16713908,10.4,0
2038-02-02,18.06,18.25,17.63,64208558,17.71,0
2038-02-03,18.78,19.13,18.52,13014026,18.76,0
2038-02-04,14.47,14.51,14.16,5819354,14.35,0
2038-02-05,18.0,18.19,17.73,8808501,17.98,0
2038-02-08,18.3,18.44,17.99,15963540,18.23,0
2038-02-09,9.94,10.21,9.72,9192567,10.11,0
2038-02-10,21.53,22.08,21.34,5003148,21.34,0
2038-02-11,19.49,19.83,18.98,63203574,19.63,0
2038-02-12,10.86,11.03,10.55,51892198,11.01,0
2038-02-15,10.61,10.91,10.54,39154250,10.8,0
2038-02-16,9.76,10.03,9.66,7962307,9.66,0
2038-02-17,9.94,10.23,9.79,6980752,9.95,0
2038-02-18,18.47,18.54,18.18,6030790,18.18,0
2038-02-19,14.58,14.65,14.36,37220998,14.58,0
2038-02-22,18.96,19.34,18.64,65669881,18.68,0
2038-02-23,18.45,18.75,18.11,16496309,18.7,0
2038-02-24,16.46,16.47,16.21,6957123,16.21,0
2038-02-25,17.61,17.64,17.36,20699147,17.62,0
2038-02-26,8.26,8.48,8.18,13152414,8.27,0
2038-03-01,12.36,12.68,12.25,14135273,12.59,0
2038-03-02,16.93,17.11,16.61,27997975,17.03,0
2038-03-03,8.13,8.35,7.99,36676919,8.06,0
2038-03-04,8.46,8.61,8.3,6794383,8.37,0
2038-03-05,19.93,20.41,19.65,5518549,19.65,0
2038-03-08,17.58,17.81,17.29,78752254,17.76,0
2038-03-09,11.72,11.76,11.68,9532413,11.76,0
2038-03-10,17.63,17.86,17.47,5804815,17.71,0
2038-03-11,19.09,19.35,19.03,8464527,19.03,0
2038-03-12,12.3,12.5,12.19,5570317,12.43,0
2038-03-15,8.5,8.53,8.49,14816899,8.53,0
2038-03-16,21.06,21.69,20.83,46254930,21.45,0
2038-03-17,12.83,12.92,12.82,12878618,12.87,0
2038-03-18,9.49,9.55,9.25,17132476,9.42,0
2038-03-19,14.89,15.13,14.47,32542996,14.82,0
2038-03-22,18.76,19.06,18.52,20499323,18.52,0
2038-03-23,11.1,11.25,11.09,54482116,11.2,0
2038-03-24,11.77,12.04,11.56,55179895,11.87,0
2038-03-25,11.4,11.58,11.13,5139296,11.26,0
2038-03-26,21.88,22.28,21.57,43234567,21.58,0
2038-03-29,10.76,10.99,10.65,17936948,10.65,0
2038-03-30,16.06,16.07,15.73,77562654,16.07,0
2038-03-31,20.95,21.31,20.77,19091471,20.77,0
2038-04-01,10.06,10.33,10.05,77145595,10.05,0
2038-04-02,21.59,21.6,21.52,40509982,21.52,0
2038-04-05,21.26,21.52,20.81,9961394,21.19,0
2038-04-06,20.38,20.95,19.97,22246524,20.55,0
2038-04-07,11.0,11.12,10.79,78274509,11.12,0
2038-04-08,16.88,17.11,16.57,53893916,16.67,0
2038-04-09,18.65,19.2,18.15,6549549,18.79,0
2038-04-12,21.8,21.93,21.64,35442687,21.67,0
2038-04-13,10.53,10.55,10.33,13034347,10.55,0
2038-04-14,18.72,19.2,18.65,5097738,18.65,0
2038-04-15,12.74,13.07,12.71,15304160,12.71,0
2038-04-16,10.46,10.61,10.15,9586112,10.47,0
2038-04-19,13.9,14.11,13.9,48415771,13.9,0
2038-04-20,19.11,19.59,18.94,12739622,18.94,0
2038-04-21,14.51,14.83,14.3,49591566,14.63,0
2038-04-22,15.53,15.65,15.25,5008296,15.65,0
2038-04-23,21.93,21.94,21.61,11738732,21.9,0
2038-04-26,13.59,13.79,13.31,9758023,13.69,0
2038-04-27,16.62,17.05,16.43,9554614,16.65,0
2038-04-28,13.11,13.46,12.75,6040528,13.18,0
2038-04-29,13.5,13.89,13.35,8400209,13.55,0
2038-04-30,17.74,18.21,17.35,23330194,17.86,0
2038-05-03,21.13,21.5,20.51,11215114,20.88,0
2038-05-04,15.59,15.8,15.38,15906089,15.45,0
2038-05-05,18.76,19.2,18.52,14215526,18.71,0
2038-05-06,9.25,9.46,9.09,56710650,9.23,0
2038-05-07,10.96,11.14,10.65,61525991,11.08,0
2038-05-10,15.03,15.07,14.98,19613240,14.98,0
2038-05-11,8.28,8.51,8.18,12488704,8.18,0
2038-05-12,11.54,11.7,11.23,6723120,11.43,0
2038-05-13,15.24,15.41,15.02,70304231,15.07,0
2038-05-14,8.21,8.37,8.09,5908680,8.29,0
2038-05-17,11.7,11.94,11.37,11412391,11.69,0
2038-05-18,15.2,15.3,15.02,11425559,15.3,0
2038-05-19,16.02,16.42,15.93,12155466,15.97,0
2038-05-20,20.96,21.14,20.8,7884807,21.14,0
2038-05-21,17.03,17.13,16.62,43852094,17.13,0
2038-05-24,13.81,13.98,13.75,7022183,13.9,0
2038-05-25,21.02,21.48,20.61,29071926,21.33,0
2038-05-26,18.99,19.54,18.96,7048480,19.0,0
2038-05-27,10.8,11.06,10.5,6079997,10.99,0
2038-05-28,9.83,10.11,9.68,62234649,9.96,0
2038-05-31,17.46,17.53,17.25,8470477,17.53,0
2038-06-01,15.84,15.87,15.48,48736431,15.87,0
2038-06-02,19.06,19.38,18.93,22634501,19.27,0
2038-06-03,18.34,18.5,18.13,6204669,18.37,0
2038-06-04,16.75,17.17,16.26,70704046,16.59,0
2038-06-07,21.81,22.25,21.55,9916100,21.68,0
2038-06-08,15.47,15.92,15.23,54210841,15.71,0
2038-06-09,9.58,9.65,9.35,7984312,9.41,0
2038-06-10,19.6,19.89,19.6,53360476,19.67,0
2038-06-11,11.53,11.7,11.49,5186795,11.49,0
2038-06-14,18.88,19.02,18.48,20664033,18.79,0
2038-06-15,21.4,21.78,21.11,42215427,21.73,0
2038-06-16,17.76,18.0,17.4,66769168,18.0,0
2038-06-17,16.34,16.56,16.23,62195429,16.4,0
2038-06-18,14.45,14.61,14.42,48517307,14.42,0
2038-06-21,13.1,13.11,12.85,58675792,13.09,0
2038-06-22,12.94,13.14,12.86,8686692,12.89,0
2038-06-23,16.91,17.08,16.66,10994158,16.81,0
2038-06-24,18.52,18.52,18.18,11140964,18.23,0
2038-06-25,17.5,17.66,17.47,14222901,17.53,0
2038-06-28,10.78,10.87,10.62,14879053,10.69,0
2038-06-29,14.92,15.1,14.68,22629760,15.02,0
2038-06-30,19.08,19.16,18.89,7789049,18.94,0
2038-07-01,14.66,14.88,14.34,33987086,14.62,0
2038-07-02,15.51,15.83,15.2,7956833,15.23,0
2038-07-05,18.8,19.16,18.76,11820032,19.16,0
2038-07-06,17.26,17.68,17.09,20186356,17.27,0
2038-07-07,13.73,13.92,13.66,45496711,13.66,0
2038-07-08,20.54,20.86,20.09,38848986,20.57,0
2038-07-09,10.28,10.53,10.14,29941312,10.43,0
2038-07-12,21.94,22.22,21.92,7700868,22.18,0
2038-07-13,9.66,9.86,9.46,22786532,9.74,0
2038-07-14,8.21,8.32,8.0,6371858,8.09,0
2038-07-15,20.46,20.72,20.16,14235101,20.59,0
2038-07-16,11.43,11.69,11.22,15735970,11.55,0
2038-07-19,18.22,18.32,17.76,5583516,18.27,0
2038-07-20,19.35,19.55,19.29,10687707,19.55,0
2038-07-21,20.03,20.16,20.02,70743513,20.02,0
2038-07-22,21.88,22.12,21.6,70349025,21.65,0
2038-07-23,12.12,12.2,12.04,13280489,12.2,0
2038-07-26,17.94,18.25,17.86,5634660,18.03,0
2038-07-27,9.62,9.85,9.53,8215269,9.53,0
2038-07-28,13.7,14.02,13.31,14833625,13.62,0
2038-07-29,19.87,20.09,19.37,69216634,20.09,0
2038-07-30,13.15,13.54,12.78,7395893,12.9,0
2038-08-02,16.28,16.57,15.8,41527395,15.96,0
2038-08-03,15.05,15.23,14.74,6758290,14.92,0
2038-08-04,17.04,17.47,16.73,75948965,17.32,0
2038-08-05,21.62,22.09,21.13,14403965,21.97,0
2038-08-06,8.78,8.98,8.53,42898826,8.79,0
2038-08-09,16.04,16.13,15.81,12926792,16.07,0
2038-08-10,20.08,20.36,19.64,28494343,19.95,0
2038-08-11,14.74,15.12,14.65,8514917,14.65,0
2038-08-12,9.1,9.24,8.83,7495435,9.21,0
2038-08-13,15.85,16.17,15.78,67377017,15.78,0
2038-08-16,12.65,12.87,12.63,63668912,12.64,0
2038-08-17,10.17,10.43,10.08,58558385,10.22,0
2038-08-18,19.89,20.06,19.73,28318283,19.73,0
2038-08-19,15.3,15.56,15.27,47013427,15.31,0
2038-08-20,21.07,21.15,20.57,6054785,21.14,0
2038-08-23,19.28,19.68,19.28,12650165,19.47,0
2038-08-24,17.7,18.09,17.58,11931807,17.58,0
2038-08-25,8.07,8.08,8.0,29131526,8.0,0
2038-08-26,13.99,14.27,13.72,13414852,14.03,0
2038-08-27,10.76,10.89,10.61,7547272,10.89,0
2038-08-30,20.75,20.83,20.53,26132919,20.53,0
2038-08-31,10.44,10.57,10.32,47817400,10.57,0
2038-09-01,12.0,12.07,11.89,14424227,12.07,0
2038-09-02,15.24,15.43,14.82,7215018,15.43,0
2038-09-03,11.69,11.82,11.46,8625935,11.5,0
2038-09-06,10.94,11.18,10.75,9658916,10.85,0
2038-09-07,16.39,16.77,16.03,11483722,16.1,0
2038-09-08,9.25,9.42,9.02,29714771,9.2,0
2038-09-09,8.81,8.82,8.58,26459429,8.82,0
2038-09-10,13.21,13.58,12.96,34445594,13.0,0
2038-09-13,18.09,18.46,17.82,13660478,18.14,0
2038-09-14,15.77,15.79,15.33,49109108,15.46,0
2038-09-15,13.92,14.26,13.9,8804730,14.04,0
2038-09-16,15.92,16.02,15.81,18354871,15.81,0
2038-09-17,13.12,13.35,13.01,46067678,13.01,0
2038-09-20,21.11,21.41,20.59,8239534,20.97,0
2038-09-21,8.77,8.88,8.67,6780448,8.87,0
2038-09-22,17.43,17.9,17.18,57947076,17.18,0
2038-09-23,20.48,20.75,20.47,12938933,20.47,0
2038-09-24,19.25,19.29,19.1,33299038,19.1,0
2038-09-27,10.58,10.88,10.45,5364049,10.78,0
2038-09-28,12.14,12.48,12.09,33874216,12.18,0
2038-09-29,18.04,18.41,17.58,12011408,18.2,0
2038-09-30,9.18,9.31,8.91,5835643,9.24,0
2038-10-01,19.37,19.42,19.19,27118005,19.19,0
2038-10-04,18.06,18.49,17.57,9748251,18.13,0
2038-10-05,18.21,18.25,17.73,14612763,17.94,0
2038-10-06,9.4,9.42,9.33,6251712,9.36,0
2038-10-07,18.05,18.34,17.65,7519210,18.1,0
2038-10-08,17.52,17.6,17.32,11422741,17.56,0
2038-10-11,19.63,19.63,19.58,6412852,19.58,0
2038-10-12,8.58,8.69,8.4,62476129,8.42,0
2038-10-13,8.32,8.35,8.12,5084537,8.35,0
2038-10-14,13.22,13.28,12.87,19124750,13.28,0
2038-10-15,10.08,10.1,9.82,7036792,9.91,0
2038-10-18,15.82,15.92,15.37,11734175,15.58,0
2038-10-19,20.84,21.29,20.27,65171366,21.17,0
2038-10-20,13.48,13.81,13.25,7828339,13.63,0
2038-10-21,19.83,20.1,19.43,72769267,20.1,0
2038-10-22,8.0,8.12,7.93,8846493,7.93,0
2038-10-25,10.36,10.37,10.32,39075503,10.35,0
2038-10-26,8.43,8.45,8.38,22763290,8.38,0
2038-10-27,12.59,12.69,12.41,58074906,12.65,0
2038-10-28,20.71,21.05,20.15,23229740,20.39,0
2038-10-29,9.36,9.57,9.28,22011186,9.28,0
2038-11-01,16.49,16.79,16.17,8596564,16.21,0
2038-11-02,14.32,14.49,13.93,7927388,14.43,0
2038-11-03,21.14,21.22,21.04,63464798,21.13,0
2038-11-04,9.72,9.95,9.53,12408707,9.77,0
2038-11-05,10.97,11.09,10.71,14028191,11.09,0
2038-11-08,8.41,8.6,8.38,41104451,8.49,0
2038-11-09,14.08,14.3,14.04,12792462,14.06,0
2038-11-10,11.89,12.15,11.65,70043433,12.12,0
2038-11-11,20.18,20.73,19.79,38683305,20.14,0
2038-11-12,16.47,16.93,16.26,26202727,16.26,0
2038-11-15,16.6,16.87,16.47,57500745,16.87,0
2038-11-16,15.45,15.69,15.02,5737220,15.16,0
2038-11-17,9.29,9.36,9.18,10197749,9.31,0
2038-11-18,14.23,14.63,14.21,18152212,14.21,0
2038-11-19,21.99,22.29,21.5,9381654,21.99,0
2038-11-22,19.69,19.77,19.64,39329743,19.74,0
2038-11-23,20.51,20.78,20.48,63945025,20.48,0
2038-11-24,19.53,19.6,19.1,16189747,19.57,0
2038-11-25,9.44,9.58,9.37,12910370,9.54,0
2038-11-26,11.18,11.37,10.92,71910524,11.08,0
2038-11-29,8.04,8.12,7.98,17164285,8.0,0
2038-11-30,12.25,12.28,12.18,19401842,12.18,0
2038-12-01,9.52,9.79,9.31,13255577,9.64,0
2038-12-02,14.62,14.96,14.5,62255180,14.75,0
2038-12-03,17.48,17.92,17.38,24213673,17.74,0
2038-12-06,20.24,20.46,19.85,41373252,19.97,0
2038-12-07,18.49,18.91,18.03,47476937,18.17,0
2038-12-08,21.14,21.45,20.56,12900224,20.82,0
2038-12-09,8.75,8.8,8.64,16641406,8.64,0
2038-12-10,8.17,8.2,8.16,52557152,8.18,0
2038-12-13,17.26,17.44,17.17,13689041,17.44,0
2038-12-14,12.05,12.1,11.85,45181762,11.98,0
2038-12-15,11.55,11.9,11.39,67926254,11.76,0
2038-12-16,12.63,12.65,12.36,28144275,12.4,0
2038-12-17,11.78,11.94,11.48,39082131,11.94,0
2038-12-20,15.16,15.37,14.92,46601915,14.97,0
2038-12-21,14.16,14.29,13.93,52059397,14.29,0
2038-12-22,15.17,15.43,14.95,14950703,14.95,0
2038-12-23,17.42,17.5,17.4,5763647,17.5,0
2038-12-24,13.42,13.74,13.26,15236221,13.26,0
2038-12-27,11.52,11.63,11.38,32378248,11.43,0
2038-12-28,10.33,10.51,10.06,17427934,10.33,0
2038-12-29,12.89,13.17,12.89,39885175,12.89,0
2038-12-30,18.39,18.88,18.26,13453017,18.51,0
2038-12-31,18.59,19.06,18.52,29058829,18.94,0
2039-01-03,17.34,17.66,17.04,8383818,17.41,0
2039-01-04,11.28,11.41,11.11,39930129,11.38,0
2039-01-05,16.23,16.48,16.0,22701441,16.0,0
2039-01-06,15.99,16.36,15.6,8804162,16.07,0
2039-01-07,14.78,15.17,14.64,11232232,14.75,0
2039-01-10,15.7,15.75,15.65,39845998,15.75,0
2039-01-11,14.89,15.06,14.52,19058109,14.82,0
2039-01-12,15.92,16.29,15.48,9101182,16.03,0
2039-01-13,18.02,18.25,17.88,73060152,17.88,0
2039-01-14,9.53,9.62,9.32,36313351,9.44,0
2039-01-17,18.49,18.72,18.28,71035458,18.4,0
2039-01-18,9.9,10.08,9.81,16340138,9.82,0
2039-01-19,8.93,9.2,8.75,18665852,8.84,0
2039-01-20,21.67,21.99,21.55,60285910,21.55,0
2039-01-21,21.4,21.53,21.11,21438402,21.53,0
2039-01-24,8.85,8.89,8.82,35531920,8.82,0
2039-01-25,14.21,14.23,14.11,10060427,14.23,0
2039-01-26,10.61,10.79,10.57,17253701,10.57,0
2039-01-27,14.79,15.03,14.36,7040742,14.53,0
2039-01-28,19.62,19.74,19.17,8851048,19.67,0
2039-01-31,21.31,21.75,20.73,5013096,21.31,0
2039-02-01,16.88,17.26,16.6,5575064,16.87,0
2039-02-02,12.95,13.05,12.91,75116784,12.99,0
2039-02-03,16.45,16.62,16.19,9790231,16.31,0
2039-02-04,12.37,12.74,12.31,31453986,12.45,0
2039-02-07,20.74,20.97,20.32,51209050,20.74,0
2039-02-08,20.19,20.65,19.79,23016075,20.06,0
2039-02-09,15.82,16.03,15.77,7644945,16.03,0
2039-02-10,12.55,12.85,12.33,37645195,12.66,0
2039-02-11,12.11,12.39,12.03,26408560,12.06,0
2039-02-14,8.47,8.64,8.28,37973747,8.59,0
2039-02-15,19.42,19.92,19.39,42251029,19.75,0
2039-02-16,14.31,14.71,14.13,74727615,14.33,0
2039-02-17,12.55,12.77,12.46,24525000,12.46,0
2039-02-18,14.6,14.7,14.2,12892790,14.7,0
2039-02-21,19.46,19.69,19.16,30185553,19.22,0
2039-02-22,9.74,9.96,9.71,6044785,9.71,0
2039-02-23,20.01,20.4,19.94,60192731,19.94,0
2039-02-24,20.57,20.68,19.98,6961760,20.68,0
2039-02-25,21.25,21.28,20.81,12408867,21.28,0
2039-02-28,13.56,13.84,13.33,47998241,13.63,0
2039-03-01,11.04,11.12,10.77,26194238,11.12,0
