timestamp,open,high,low,close,vol_from,vol_to
2024-09-15 03:00:00,60257.18,60264.13,60159.69,60185.33,267.47,16106267.99
2024-09-15 04:00:00,60185.33,60242.3,60103.28,60146.68,272.04,16371163.47
2024-09-15 05:00:00,60146.68,60240.57,60145.51,60178.59,219.75,13230839.74
2024-09-15 06:00:00,60178.59,60206.7,60160.47,60178.5,82.48,4963151.06
2024-09-15 07:00:00,60178.5,60231.21,60146.3,60210.45,108.45,6528327.27
2024-09-15 08:00:00,60210.45,60219.72,60061.74,60090.01,202.62,12186109.48
2024-09-15 09:00:00,60090.01,60123.28,60028.66,60035.07,157.89,9487058.43
2024-09-15 10:00:00,60035.07,60062.26,59899.5,60009.68,308.89,18540279.44
2024-09-15 11:00:00,60009.68,60048.99,59920.88,60023.47,175.84,10547860.91
2024-09-15 12:00:00,60023.47,60137.0,59976.97,60118.82,210.77,12652015.97
2024-09-15 13:00:00,60118.82,60361.79,60104.16,60199.97,548.05,32996317.29
2024-09-15 14:00:00,60199.97,60293.59,59893.58,60291.74,639.67,38441767.06
2024-09-15 15:00:00,60291.74,60409.32,60191.48,60353.53,368.47,22221956.15
2024-09-15 16:00:00,60353.53,60369.35,59955.19,59970.24,1193.54,71736982.4
2024-09-15 17:00:00,59970.24,60056.64,59738.6,59837.6,1430.08,85598891.74
2024-09-15 18:00:00,59837.6,60199.05,59768.36,59988.66,1386.34,83080774.83
2024-09-15 19:00:00,59988.66,60154.73,59825.8,59891.72,1141.97,68472400.5
2024-09-15 20:00:00,59891.72,59951.02,59706.69,59812.75,1139.46,68163573.84
2024-09-15 21:00:00,59812.75,59817.63,59490.0,59663.8,1642.58,97917722.19
2024-09-15 22:00:00,59663.8,59676.35,59397.49,59436.04,2406.85,143151081.39
2024-09-15 23:00:00,59436.04,59463.49,58697.69,59139.21,3229.26,190746434.11
2024-09-16 00:00:00,59139.21,59215.73,58605.31,58670.08,2918.19,171632530.09
2024-09-16 01:00:00,58670.08,58801.13,58425.28,58609.9,3104.58,181952047.47
2024-09-16 02:00:00,58609.9,58671.78,58121.04,58269.55,2216.83,129476253.82
2024-09-16 03:00:00,58269.55,58605.93,58220.92,58571.6,606.13,35401748.59
2024-09-16 04:00:00,58571.6,58593.2,58315.67,58352.72,511.12,29873748.68
2024-09-16 05:00:00,58352.72,58669.39,58344.26,58663.37,510.1,29848669.4
2024-09-16 06:00:00,58663.37,58852.13,58629.62,58708.17,568.54,33397557.85
2024-09-16 07:00:00,58708.17,58964.42,58665.37,58907.61,592.64,34851929.65
2024-09-16 08:00:00,58907.61,59166.25,58854.66,58921.46,677.57,39977638.09
2024-09-16 09:00:00,58921.46,59036.49,58593.4,58639.65,666.18,39164855.56
2024-09-16 10:00:00,58639.65,58741.76,58504.95,58741.76,565.1,33117532.81
2024-09-16 11:00:00,58741.76,58839.99,58652.88,58663.18,326.75,19195615.68
2024-09-16 12:00:00,58663.18,58789.51,58445.29,58529.42,760.53,44567805.53
2024-09-16 13:00:00,58529.42,58610.48,58022.92,58491.75,1854.67,108196375.86
2024-09-16 14:00:00,58491.75,58553.29,57560.73,57595.26,2612.89,151310515.81
2024-09-16 15:00:00,57595.26,57992.8,57559.76,57874.7,1121.65,64842806.07
2024-09-16 16:00:00,57874.7,57945.83,57671.18,57806.27,1721.91,99538205.22
2024-09-16 17:00:00,57806.27,58262.26,57486.82,58164.3,2999.19,173293203.66
2024-09-16 18:00:00,58164.3,58188.6,57697.46,57886.85,2277.94,131815509.55
2024-09-16 19:00:00,57886.85,58025.33,57796.75,57934.79,1334.22,77276150.44
2024-09-16 20:00:00,57934.79,58180.94,57636.19,57677.06,2212.05,128146725.05
2024-09-16 21:00:00,57677.06,57997.74,57599.21,57992.74,971.98,56183825.29
2024-09-16 22:00:00,57992.74,58031.86,57840.8,57968.94,923.24,53480122.59
2024-09-16 23:00:00,57968.94,58410.22,57968.32,58210.01,1052.35,61248942.13
2024-09-17 00:00:00,58210.01,58346.81,57624.63,57634.8,1628.73,94523227.81
2024-09-17 01:00:00,57634.8,57961.49,57625.22,57896.79,1822.26,105343624.33
2024-09-17 02:00:00,57896.79,58209.95,57841.25,58109.27,927.83,53799354.39
2024-09-17 03:00:00,58109.27,58148.13,58014.45,58063.98,334.63,19438669.01
2024-09-17 04:00:00,58063.98,58338.6,58031.89,58249.54,539.03,31371610.61
2024-09-17 05:00:00,58249.54,58774.84,58233.91,58646.02,587.23,34368651.11
2024-09-17 06:00:00,58646.02,58667.8,58444.7,58485.84,367.23,21496432.47
2024-09-17 07:00:00,58485.84,58708.0,58455.05,58697.12,329.59,19315115.21
2024-09-17 08:00:00,58697.12,58853.99,58639.58,58792.48,474.54,27881891.49
2024-09-17 09:00:00,58792.48,59076.72,58698.19,58968.92,790.73,46557405.43
2024-09-17 10:00:00,58968.92,59273.49,58906.31,59244.93,733.28,43354791.54
2024-09-17 11:00:00,59244.93,59305.12,59042.57,59098.9,695.53,41143161.4
2024-09-17 12:00:00,59098.9,59453.09,59065.49,59391.49,1020.14,60434173.03
2024-09-17 13:00:00,59391.49,59422.7,58881.76,58980.92,1732.75,102483354.23
2024-09-17 14:00:00,58980.92,60407.37,58952.06,60281.11,5242.43,314621674.75
2024-09-17 15:00:00,60281.11,61356.68,60242.63,61141.1,5372.0,327659855.87
2024-09-17 16:00:00,61141.1,61273.76,60738.27,60888.75,3511.76,214109731.79
2024-09-17 17:00:00,60888.75,61015.38,60706.54,60968.04,2916.54,177538250.42
2024-09-17 18:00:00,60968.04,61089.09,60418.71,60556.91,2596.11,158002736.86
2024-09-17 19:00:00,60556.91,60716.43,59632.3,59985.41,3503.67,211114977.7
2024-09-17 20:00:00,59985.41,60362.77,59756.02,60144.28,2496.58,149974805.36
2024-09-17 21:00:00,60144.28,60438.73,60128.29,60350.62,917.31,55327995.41
2024-09-17 22:00:00,60350.62,60362.32,60137.6,60258.34,1208.79,72808447.27
2024-09-17 23:00:00,60258.34,60336.92,60025.95,60321.59,963.84,58010832.62
2024-09-18 00:00:00,60321.59,60348.87,59892.15,60246.54,1724.68,103710129.48
2024-09-18 01:00:00,60246.54,60334.1,60002.96,60123.46,1704.62,102555427.34
2024-09-18 02:00:00,60123.46,60367.49,60084.47,60359.75,876.45,52752705.77
2024-09-18 03:00:00,60359.75,60772.61,60358.13,60519.17,887.45,53756088.3
2024-09-18 04:00:00,60519.17,60700.75,60330.02,60434.57,802.46,48587143.44
2024-09-18 05:00:00,60434.57,60434.58,60207.72,60248.89,362.94,21890344.05
2024-09-18 06:00:00,60248.89,60488.58,60209.45,60458.29,358.35,21623547.54
2024-09-18 07:00:00,60458.29,60543.65,60344.17,60437.41,479.15,28960117.94
2024-09-18 08:00:00,60437.41,60437.69,60097.49,60203.17,667.01,40181658.48
2024-09-18 09:00:00,60203.17,60203.21,59660.57,59667.61,860.18,51548987.93
2024-09-18 10:00:00,59667.61,59925.56,59383.93,59909.41,1275.55,76098590.06
2024-09-18 11:00:00,59909.41,60009.15,59839.91,59855.72,348.79,20896070.8
2024-09-18 12:00:00,59855.72,60004.47,59701.11,59987.81,697.97,41786887.04
2024-09-18 13:00:00,59987.81,60160.98,59314.54,59501.74,1834.14,109512042.13
2024-09-18 14:00:00,59501.74,59772.94,59338.82,59487.31,1733.1,103152072.92
2024-09-18 15:00:00,59487.31,59752.0,59332.83,59432.67,1064.56,63369430.29
2024-09-18 16:00:00,59432.67,59955.09,59185.2,59919.72,2291.33,136697851.05
2024-09-18 17:00:00,59919.72,60252.13,59512.05,60014.36,2733.18,163650328.2
2024-09-18 18:00:00,60014.36,61339.23,59949.52,60640.07,11610.59,703946178.6
2024-09-18 19:00:00,60640.07,60765.15,59989.81,60073.07,7141.36,431193550.92
2024-09-18 20:00:00,60073.07,60319.79,59492.38,60229.42,2797.78,167599480.71
2024-09-18 21:00:00,60229.42,60493.04,60184.25,60209.14,1070.91,64608703.55
2024-09-18 22:00:00,60209.14,60710.72,60207.63,60698.05,1494.08,90384059.69
2024-09-18 23:00:00,60698.05,61794.54,60694.3,61775.68,3334.67,204166728.39
2024-09-19 00:00:00,61775.68,62599.87,61731.18,62255.04,6188.56,384849234.17
2024-09-19 01:00:00,62255.04,62343.06,61582.28,62028.55,3777.18,234007782.44
2024-09-19 02:00:00,62028.55,62348.35,61830.56,62222.43,1767.01,109676617.68
2024-09-19 03:00:00,62222.43,62285.79,62018.77,62135.6,868.11,53934297.48
2024-09-19 04:00:00,62135.6,62172.96,61916.4,62105.43,838.48,52017370.62
2024-09-19 05:00:00,62105.43,62199.51,61927.82,62013.89,729.82,45295017.44
2024-09-19 06:00:00,62013.89,62152.56,61838.77,62051.95,756.03,46882935.58
2024-09-19 07:00:00,62051.95,62184.3,61958.16,62106.55,781.23,48504026.58
2024-09-19 08:00:00,62106.55,62214.64,61899.87,61947.83,903.9,56102034.61
2024-09-19 09:00:00,61947.83,62371.81,61911.4,62290.25,1050.14,65306554.96
2024-09-19 10:00:00,62290.25,62735.11,62290.17,62343.6,1252.44,78249384.74
2024-09-19 11:00:00,62343.6,62727.44,62266.59,62667.69,1098.86,68691208.68
2024-09-19 12:00:00,62667.69,63224.08,62616.73,62941.41,2771.25,174470036.55
2024-09-19 13:00:00,62941.41,63378.51,62707.89,63050.59,2197.83,138583541.21
2024-09-19 14:00:00,63050.59,63521.37,62904.03,62955.87,2998.85,189575890.05
2024-09-19 15:00:00,62955.87,63366.79,62880.83,63167.48,1690.62,106697828.4
2024-09-19 16:00:00,63167.48,63704.94,62965.06,63579.13,2991.76,189589985.35
2024-09-19 17:00:00,63579.13,63881.87,63308.21,63738.38,3093.65,196885779.43
2024-09-19 18:00:00,63738.38,63816.93,63497.66,63656.07,2657.34,169165323.01
2024-09-19 19:00:00,63656.07,63663.06,63214.96,63271.89,2703.66,171437014.07
2024-09-19 20:00:00,63271.89,63273.95,63011.16,63036.88,1403.79,88688387.78
2024-09-19 21:00:00,63036.88,63180.1,62887.3,62893.59,1124.34,70851906.6
2024-09-19 22:00:00,62893.59,63103.41,62663.14,62954.68,2333.24,146672725.08
2024-09-19 23:00:00,62954.68,63088.8,62917.25,62963.41,851.86,53672409.55
2024-09-20 00:00:00,62963.41,63026.97,62697.64,62770.29,1194.53,75091852.64
2024-09-20 01:00:00,62770.29,63185.72,62628.31,63043.72,1460.45,91838421.11
2024-09-20 02:00:00,63043.72,63133.22,62820.54,63126.08,1144.68,72084783.59
2024-09-20 03:00:00,63126.08,63760.09,63090.49,63751.22,1139.76,72222505.23
2024-09-20 04:00:00,63751.22,64131.22,63678.21,63851.74,2736.09,174875736.09
2024-09-20 05:00:00,63851.74,64036.45,63611.56,63806.48,1429.54,91245607.54
2024-09-20 06:00:00,63806.48,63922.98,63647.09,63800.14,1205.63,76889163.72
2024-09-20 07:00:00,63800.14,63803.13,63409.01,63551.97,1786.16,113556946.16
2024-09-20 08:00:00,63551.97,63552.87,63118.92,63315.4,1095.5,69390345.03
2024-09-20 09:00:00,63315.4,63560.21,63286.8,63487.43,668.11,42405679.32
2024-09-20 10:00:00,63487.43,63677.41,63369.94,63675.78,1114.94,70853215.18
2024-09-20 11:00:00,63675.78,63710.93,63361.28,63456.17,1061.16,67402787.02
2024-09-20 12:00:00,63456.17,63553.02,63342.29,63430.05,1110.81,70469491.61
2024-09-20 13:00:00,63430.05,63464.17,62677.79,62839.05,2395.01,150751696.07
2024-09-20 14:00:00,62839.05,63513.39,62574.56,63036.66,2999.74,189168083.58
2024-09-20 15:00:00,63036.66,63360.09,62703.48,63157.42,1577.81,99444914.75
2024-09-20 16:00:00,63157.42,63283.39,62812.63,62871.99,1677.87,105708524.93
2024-09-20 17:00:00,62871.99,62989.94,62624.64,62704.46,1814.88,113967491.15
2024-09-20 18:00:00,62704.46,62963.95,62345.57,62871.03,2025.71,126880136.58
2024-09-20 19:00:00,62871.03,63028.98,62796.22,62812.76,1501.18,94445187.19
2024-09-20 20:00:00,62812.76,62944.76,62715.61,62823.47,897.81,56401635.09
2024-09-20 21:00:00,62823.47,63306.6,62816.04,63130.84,1320.05,83395718.34
2024-09-20 22:00:00,63130.84,63285.41,63128.85,63183.6,632.12,39968997.17
2024-09-20 23:00:00,63183.6,63222.78,63082.79,63211.47,627.99,39651944.88
2024-09-21 00:00:00,63211.47,63311.28,63048.23,63185.0,1135.63,71764637.72
2024-09-21 01:00:00,63185.0,63204.31,62835.67,62839.61,1264.6,79654588.62
2024-09-21 02:00:00,62839.61,62999.13,62828.82,62919.06,788.55,49604800.24
2024-09-21 03:00:00,62919.06,63010.28,62884.68,62897.41,444.2,27956604.01
2024-09-21 04:00:00,62897.41,62937.46,62818.35,62858.9,641.45,40326638.29
2024-09-21 05:00:00,62858.9,62951.24,62767.25,62916.71,538.99,33888128.67
2024-09-21 06:00:00,62916.71,63094.16,62895.4,63007.12,409.91,25835215.64
2024-09-21 07:00:00,63007.12,63136.22,62977.24,63092.78,309.11,19486103.05
2024-09-21 08:00:00,63092.78,63126.36,63012.9,63039.26,259.41,16359816.98
2024-09-21 09:00:00,63039.26,63148.62,63012.25,63126.89,199.3,12575571.29
2024-09-21 10:00:00,63126.89,63134.41,62977.22,62992.79,257.58,16241298.68
2024-09-21 11:00:00,62992.79,63115.31,62984.16,63101.57,247.04,15581939.11
2024-09-21 12:00:00,63101.57,63172.15,63044.27,63165.19,269.52,17001500.99
2024-09-21 13:00:00,63165.19,63235.22,63047.42,63193.92,387.49,24468489.5
2024-09-21 14:00:00,63193.92,63311.87,63149.78,63311.87,391.07,24726537.85
2024-09-21 15:00:00,63311.87,63314.74,63078.54,63188.24,360.98,22816711.52
2024-09-21 16:00:00,63188.24,63249.88,63100.05,63231.4,552.62,34913607.51
2024-09-21 17:00:00,63231.4,63417.23,63197.45,63292.79,722.6,45760833.57
2024-09-21 18:00:00,63292.79,63315.86,63245.82,63278.78,370.82,23461539.8
2024-09-21 19:00:00,63278.78,63342.21,63184.68,63221.35,435.63,27556094.06
2024-09-21 20:00:00,63221.35,63230.14,63150.27,63158.99,298.85,18886011.55
2024-09-21 21:00:00,63158.99,63168.15,63068.94,63104.54,400.27,25268087.6
2024-09-21 22:00:00,63104.54,63247.49,63077.02,63242.03,450.58,28449515.6
2024-09-21 23:00:00,63242.03,63548.08,63175.59,63363.17,1006.48,63780075.77
2024-09-22 00:00:00,63363.17,63462.11,63125.64,63243.21,1211.67,76662633.83
2024-09-22 01:00:00,63243.21,63307.14,63035.06,63057.58,634.59,40093758.27
2024-09-22 02:00:00,63057.58,63135.66,62851.85,62972.84,1100.58,69313921.57
2024-09-22 03:00:00,62972.84,63218.89,62942.28,63123.47,794.01,50112773.9
2024-09-22 04:00:00,63123.47,63213.88,63093.64,63099.21,321.76,20314860.74
2024-09-22 05:00:00,63099.21,63106.47,62924.63,62948.46,538.88,33947682.0
2024-09-22 06:00:00,62948.46,63051.18,62854.18,62890.94,485.05,30532177.47
2024-09-22 07:00:00,62890.94,62991.76,62890.38,62954.51,317.11,19959191.44
2024-09-22 08:00:00,62954.51,63042.46,62916.36,63037.69,239.84,15105183.74
2024-09-22 09:00:00,63037.69,63037.73,62673.62,62716.13,550.42,34578940.52
2024-09-22 10:00:00,62716.13,62792.82,62577.54,62670.84,319.64,20037308.44
2024-09-22 11:00:00,62670.84,62854.36,62574.46,62796.42,402.63,25256645.84
2024-09-22 12:00:00,62796.42,62939.66,62758.29,62791.93,380.6,23916076.82
2024-09-22 13:00:00,62791.93,62845.02,62584.49,62608.14,451.68,28337276.81
2024-09-22 14:00:00,62608.14,62706.94,62483.4,62673.11,631.72,39531880.02
2024-09-22 15:00:00,62673.11,62814.3,62587.04,62674.23,308.71,19358441.12
2024-09-22 16:00:00,62674.23,62846.94,62482.43,62784.55,1044.61,65461005.58
2024-09-22 17:00:00,62784.55,63136.84,62784.47,63069.52,971.89,61215962.83
2024-09-22 18:00:00,63069.52,63077.0,62842.74,62964.96,672.29,42335413.83
2024-09-22 19:00:00,62964.96,63229.02,62822.22,63172.71,783.06,49340458.51
2024-09-22 20:00:00,63172.71,63323.6,63116.96,63215.15,1068.09,67516570.51
2024-09-22 21:00:00,63215.15,63341.2,62770.82,62788.16,682.49,43097654.29
2024-09-22 22:00:00,62788.16,64015.58,62394.47,63884.71,3509.64,221759696.45
2024-09-22 23:00:00,63884.71,63964.4,63429.16,63587.45,1463.1,93135811.92
2024-09-23 00:00:00,63587.45,63759.41,62584.5,63588.12,2628.21,166074011.27
2024-09-23 01:00:00,63588.12,63963.16,63503.46,63828.83,1785.8,113880776.81
2024-09-23 02:00:00,63828.83,63978.85,63684.43,63941.65,978.43,62435774.73
2024-09-23 03:00:00,63941.65,64749.32,63925.19,64360.92,2829.72,182304885.71
2024-09-23 04:00:00,64360.92,64459.92,63790.22,63913.7,1333.5,85416922.19
2024-09-23 05:00:00,63913.7,63935.42,63671.08,63755.35,721.0,45998748.08
2024-09-23 06:00:00,63755.35,63774.45,63542.84,63667.03,735.05,46811894.53
2024-09-23 07:00:00,63667.03,63667.13,63399.2,63549.93,776.76,49344745.99
2024-09-23 08:00:00,63549.93,63613.7,63304.64,63491.32,582.11,36929398.73
2024-09-23 09:00:00,63491.32,63697.24,63489.21,63633.58,557.8,35473168.63
2024-09-23 10:00:00,63633.58,63648.89,63422.03,63498.87,507.34,32236183.85
2024-09-23 11:00:00,63498.87,63528.78,63373.47,63420.63,487.67,30943111.71
2024-09-23 12:00:00,63420.63,63518.8,63239.41,63311.41,651.48,41296183.05
2024-09-23 13:00:00,63311.41,63400.06,63062.82,63180.66,1435.77,90813479.12
2024-09-23 14:00:00,63180.66,63801.19,63095.64,63398.43,2391.51,151713630.12
2024-09-23 15:00:00,63398.43,63774.9,63114.44,63624.49,1014.62,64375261.01
2024-09-23 16:00:00,63624.49,63832.55,63205.48,63238.28,1659.93,105227226.28
2024-09-23 17:00:00,63238.28,63346.4,63109.55,63319.02,1145.49,72411002.0
2024-09-23 18:00:00,63319.02,63564.22,63281.23,63436.97,840.58,53320402.51
2024-09-23 19:00:00,63436.97,63495.09,63264.11,63305.63,846.51,53652727.64
2024-09-23 20:00:00,63305.63,63443.2,63269.6,63320.57,552.46,35001115.67
2024-09-23 21:00:00,63320.57,63498.51,63098.72,63380.48,1010.08,63959120.84
2024-09-23 22:00:00,63380.48,63380.55,63203.47,63230.56,887.35,56154556.13
2024-09-23 23:00:00,63230.56,63418.41,63192.61,63341.97,921.11,58332858.79
2024-09-24 00:00:00,63341.97,63401.16,62795.76,62915.37,2322.36,146574244.47
2024-09-24 01:00:00,62915.37,63261.57,62804.48,62942.72,1940.14,122200599.5
2024-09-24 02:00:00,62942.72,63150.55,62710.48,63128.73,1338.04,84175065.04
2024-09-24 03:00:00,63128.73,63185.02,62948.07,63123.92,509.39,32141093.11
2024-09-24 04:00:00,63123.92,63136.76,62943.83,63073.13,299.5,18880100.18
2024-09-24 05:00:00,63073.13,63223.99,63056.77,63214.2,284.47,17962986.55
2024-09-24 06:00:00,63214.2,63395.29,63212.45,63302.14,366.85,23226060.21
2024-09-24 07:00:00,63302.14,63573.01,63302.02,63562.25,623.48,39570903.33
2024-09-24 08:00:00,63562.25,63953.71,63544.95,63862.72,992.64,63270638.86
2024-09-24 09:00:00,63862.72,63896.0,63490.18,63523.24,592.38,37712036.08
2024-09-24 10:00:00,63523.24,63713.89,63503.49,63528.39,511.13,32522372.05
2024-09-24 11:00:00,63528.39,63602.62,63382.19,63472.92,563.53,35775156.16
2024-09-24 12:00:00,63472.92,63661.98,63412.09,63445.85,672.3,42716738.28
2024-09-24 13:00:00,63445.85,63779.73,63415.6,63527.0,1097.19,69774430.55
2024-09-24 14:00:00,63527.0,63559.29,62729.85,63196.77,3544.46,223760400.4
2024-09-24 15:00:00,63196.77,63367.47,63004.97,63159.01,1199.39,75806759.42
2024-09-24 16:00:00,63159.01,63376.6,63093.79,63263.94,1611.48,101874832.29
2024-09-24 17:00:00,63263.94,64006.6,63240.8,63777.15,2558.0,162899962.14
2024-09-24 18:00:00,63777.15,63891.44,63542.5,63726.65,1961.24,124980210.53
2024-09-24 19:00:00,63726.65,64385.42,63684.67,64304.86,2077.73,133024861.93
2024-09-24 20:00:00,64304.86,64599.4,64091.35,64222.93,2927.18,188176944.68
2024-09-24 21:00:00,64222.93,64296.47,63970.14,64037.91,1029.79,66074588.97
2024-09-24 22:00:00,64037.91,64698.02,64036.96,64592.24,1990.02,128114617.64
2024-09-24 23:00:00,64592.24,64634.45,64257.44,64276.65,1147.96,73969639.71
2024-09-25 00:00:00,64276.65,64452.6,63998.2,64136.35,1613.28,103614914.14
2024-09-25 01:00:00,64136.35,64823.35,64094.97,64400.64,2339.27,150740830.38
2024-09-25 02:00:00,64400.64,64562.69,64292.97,64426.35,842.35,54249912.2
2024-09-25 03:00:00,64426.35,64469.51,64232.73,64460.24,431.62,27768472.74
2024-09-25 04:00:00,64460.24,64463.08,64186.05,64190.87,447.88,28824367.65
2024-09-25 05:00:00,64190.87,64282.3,64150.01,64177.68,302.0,19393445.1
2024-09-25 06:00:00,64177.68,64177.7,63764.96,63810.25,708.96,45342795.74
2024-09-25 07:00:00,63810.25,63869.53,63645.74,63846.49,543.37,34667061.91
2024-09-25 08:00:00,63846.49,63919.22,63771.62,63827.34,350.71,22394760.59
2024-09-25 09:00:00,63827.34,63873.44,63613.31,63617.98,409.92,26129771.74
2024-09-25 10:00:00,63617.98,63747.45,63417.83,63633.46,848.47,53949570.72
2024-09-25 11:00:00,63633.46,63847.89,63495.79,63839.04,533.83,33990639.65
2024-09-25 12:00:00,63839.04,63841.9,63599.61,63599.61,473.74,30196546.48
2024-09-25 13:00:00,63599.61,63766.36,63313.98,63762.42,1360.62,86445892.19
2024-09-25 14:00:00,63762.42,63946.37,63646.02,63939.41,1211.17,77269012.61
2024-09-25 15:00:00,63939.41,63992.22,63452.91,63503.68,950.75,60642023.69
2024-09-25 16:00:00,63503.68,63668.41,63451.94,63462.33,1295.97,82382878.9
2024-09-25 17:00:00,63462.33,63548.93,62988.23,63161.76,2346.29,148347286.45
2024-09-25 18:00:00,63161.76,63376.27,63124.43,63342.58,1468.04,92834480.02
2024-09-25 19:00:00,63342.58,63469.58,63128.18,63165.9,1551.13,98192106.41
2024-09-25 20:00:00,63165.9,63514.47,63162.54,63494.19,951.06,60221721.65
2024-09-25 21:00:00,63494.19,63550.34,63410.77,63434.77,414.61,26321908.66
2024-09-25 22:00:00,63434.77,63502.73,63053.15,63264.66,1564.83,99072461.46
2024-09-25 23:00:00,63264.66,63270.93,62938.97,63144.83,1007.34,63548617.7
2024-09-26 00:00:00,63144.83,63271.6,62837.71,62933.79,1348.11,85017179.88
2024-09-26 01:00:00,62933.79,63148.12,62660.36,63148.12,1963.65,123492328.13
2024-09-26 02:00:00,63148.12,63374.98,63091.08,63342.69,775.23,49002225.55
2024-09-26 03:00:00,63342.69,63532.86,63291.67,63503.73,534.86,33914183.48
2024-09-26 04:00:00,63503.73,63523.42,63330.39,63415.4,302.44,19184364.67
2024-09-26 05:00:00,63415.4,63718.66,63357.04,63588.76,439.97,27966877.93
2024-09-26 06:00:00,63588.76,63778.71,63584.68,63718.51,517.11,32938868.1
2024-09-26 07:00:00,63718.51,63859.59,63667.57,63846.99,416.33,26557962.93
2024-09-26 08:00:00,63846.99,63887.64,63698.41,63716.2,437.14,27895289.33
2024-09-26 09:00:00,63716.2,63965.66,63584.54,63793.91,702.32,44789972.0
2024-09-26 10:00:00,63793.91,64465.51,63763.25,64387.24,1478.54,94969856.71
2024-09-26 11:00:00,64387.24,64509.97,64298.51,64402.25,880.23,56679784.75
2024-09-26 12:00:00,64402.25,64728.72,64332.83,64490.74,2383.97,153815509.91
2024-09-26 13:00:00,64490.74,64563.85,64162.78,64446.24,2665.21,171545064.09
2024-09-26 14:00:00,64446.24,65246.08,64398.38,64441.26,6295.68,408062669.53
2024-09-26 15:00:00,64441.26,65576.14,64339.12,65265.47,5656.1,368214561.77
2024-09-26 16:00:00,65265.47,65606.93,65133.79,65364.67,3701.67,242140064.6
2024-09-26 17:00:00,65364.67,65861.15,65150.71,65164.52,3366.37,220436525.98
2024-09-26 18:00:00,65164.52,65342.52,64979.21,65305.09,2062.7,134428988.57
2024-09-26 19:00:00,65305.09,65312.83,64700.85,64724.4,2224.62,144783307.16
2024-09-26 20:00:00,64724.4,64888.06,64662.95,64677.61,1885.58,122130082.12
2024-09-26 21:00:00,64677.61,65188.12,64654.52,65063.59,1097.76,71274102.0
2024-09-26 22:00:00,65063.59,65258.77,64979.91,65095.35,1147.58,74734022.81
2024-09-26 23:00:00,65095.35,65192.95,64747.48,65183.68,1019.42,66261193.89
2024-09-27 00:00:00,65183.68,65311.98,65018.88,65261.43,1551.17,101102890.14
2024-09-27 01:00:00,65261.43,65367.36,65036.04,65142.85,1339.0,87307884.38
2024-09-27 02:00:00,65142.85,65206.6,64847.42,64897.04,810.73,52717914.34
2024-09-27 03:00:00,64897.04,65430.33,64839.11,65377.8,904.49,58968222.99
2024-09-27 04:00:00,65377.8,65474.38,65294.42,65319.46,504.18,32960138.83
2024-09-27 05:00:00,65319.46,65388.14,65115.07,65371.81,553.02,36079583.37
2024-09-27 06:00:00,65371.81,65533.72,65244.5,65364.46,1164.19,76172075.16
2024-09-27 07:00:00,65364.46,65574.88,65288.44,65499.9,1032.39,67589559.12
2024-09-27 08:00:00,65499.9,65814.44,65449.35,65751.09,1144.3,75123780.94
2024-09-27 09:00:00,65751.09,66005.68,65697.93,65771.9,1474.39,97040875.69
2024-09-27 10:00:00,65771.9,65798.69,65505.09,65507.19,791.1,51906600.39
2024-09-27 11:00:00,65507.19,65627.79,65365.18,65454.81,741.85,48575406.53
2024-09-27 12:00:00,65454.81,65904.41,65350.77,65754.03,1718.45,112844087.06
2024-09-27 13:00:00,65754.03,65812.08,65378.64,65697.03,2666.3,174878626.05
2024-09-27 14:00:00,65697.03,66547.69,65599.73,66293.65,6113.85,404705580.49
2024-09-27 15:00:00,66293.65,66473.88,66039.7,66039.7,2790.06,184989247.39
2024-09-27 16:00:00,66039.7,66388.34,65922.88,66328.63,2345.31,155195697.49
2024-09-27 17:00:00,66328.63,66375.34,65718.14,65938.75,2238.92,147652335.58
2024-09-27 18:00:00,65938.75,65960.41,65531.56,65891.67,1820.49,119672533.07
2024-09-27 19:00:00,65891.67,65980.9,65647.67,65672.68,1778.33,117004223.92
2024-09-27 20:00:00,65672.68,65932.68,65635.34,65820.16,1155.15,75980130.64
2024-09-27 21:00:00,65820.16,65901.49,65779.54,65833.5,465.38,30634022.54
2024-09-27 22:00:00,65833.5,65979.42,65784.01,65893.89,600.13,39545068.81
2024-09-27 23:00:00,65893.89,65936.04,65698.19,65790.28,459.42,30231435.39
2024-09-28 00:00:00,65790.28,65915.59,65735.76,65913.64,552.1,36345101.56
2024-09-28 01:00:00,65913.64,66011.18,65806.98,66003.53,558.66,36802384.49
2024-09-28 02:00:00,66003.53,66202.03,65921.61,66179.82,664.39,43886766.01
2024-09-28 03:00:00,66179.82,66267.41,66001.39,66083.93,360.17,23814515.59
2024-09-28 04:00:00,66083.93,66105.7,65989.4,66030.04,246.37,16272503.64
2024-09-28 05:00:00,66030.04,66039.67,65928.12,65968.77,265.74,17535270.53
2024-09-28 06:00:00,65968.77,65972.59,65757.84,65820.06,366.75,24152373.81
2024-09-28 07:00:00,65820.06,65912.7,65779.18,65840.24,326.53,21502882.83
2024-09-28 08:00:00,65840.24,65840.38,65588.35,65653.08,394.31,25904212.9
2024-09-28 09:00:00,65653.08,65655.06,65470.78,65639.98,459.71,30138684.13
2024-09-28 10:00:00,65639.98,65789.16,65589.05,65776.75,246.6,16204514.95
2024-09-28 11:00:00,65776.75,65818.74,65712.15,65805.33,128.05,8421362.57
2024-09-28 12:00:00,65805.33,65806.02,65453.09,65559.15,552.34,36227952.14
2024-09-28 13:00:00,65559.15,65619.93,65442.19,65547.62,587.11,38472714.49
2024-09-28 14:00:00,65547.62,65829.91,65547.34,65738.16,698.45,45903384.52
2024-09-28 15:00:00,65738.16,65742.33,65628.73,65641.33,343.01,22528805.42
2024-09-28 16:00:00,65641.33,65688.07,65510.85,65531.74,479.23,31434726.69
2024-09-28 17:00:00,65531.74,65730.37,65523.38,65649.43,396.14,26001191.51
2024-09-28 18:00:00,65649.43,65835.41,65649.43,65714.03,385.69,25364165.1
2024-09-28 19:00:00,65714.03,65789.28,65712.43,65742.06,227.46,14953011.25
2024-09-28 20:00:00,65742.06,65786.33,65654.66,65658.4,252.83,16618699.97
2024-09-28 21:00:00,65658.4,65706.61,65444.59,65706.61,610.84,40064691.59
2024-09-28 22:00:00,65706.61,65793.73,65557.05,65699.81,724.84,47610410.19
2024-09-28 23:00:00,65699.81,65991.97,65631.81,65868.67,556.15,36604962.73
2024-09-29 00:00:00,65868.67,65990.64,65652.96,65686.16,772.17,50831006.61
2024-09-29 01:00:00,65686.16,65885.17,65670.31,65870.7,598.91,39388847.91
2024-09-29 02:00:00,65870.7,65941.64,65824.71,65825.28,466.2,30718361.68
2024-09-29 03:00:00,65825.28,65832.29,65733.34,65823.4,166.33,10942902.95
2024-09-29 04:00:00,65823.4,65823.9,65695.13,65753.24,152.23,10007147.99
2024-09-29 05:00:00,65753.24,65762.26,65527.12,65607.24,293.51,19263087.34
2024-09-29 06:00:00,65607.24,65634.11,65497.08,65509.08,282.87,18543237.57
2024-09-29 07:00:00,65509.08,65570.05,65440.3,65485.63,292.41,19154455.23
2024-09-29 08:00:00,65485.63,65615.03,65445.46,65574.23,293.7,19244567.51
2024-09-29 09:00:00,65574.23,65681.49,65569.07,65593.7,152.06,9979425.49
2024-09-29 10:00:00,65593.7,65596.3,65477.48,65576.27,197.2,12923271.01
2024-09-29 11:00:00,65576.27,65740.52,65566.77,65705.54,180.71,11866103.75
2024-09-29 12:00:00,65705.54,65768.19,65630.75,65640.29,263.82,17333021.65
2024-09-29 13:00:00,65640.29,65866.45,65592.28,65823.12,655.19,43082781.33
2024-09-29 14:00:00,65823.12,65833.61,65669.1,65705.14,549.7,36136216.07
2024-09-29 15:00:00,65705.14,65810.88,65609.19,65764.87,735.11,48303603.07
2024-09-29 16:00:00,65764.87,65809.63,65671.89,65783.37,427.06,28079108.11
2024-09-29 17:00:00,65783.37,65951.06,65779.72,65836.66,660.53,43515496.1
2024-09-29 18:00:00,65836.66,65868.59,65761.51,65804.31,325.97,21451978.69
2024-09-29 19:00:00,65804.31,65982.77,65796.62,65972.2,282.76,18631496.96
2024-09-29 20:00:00,65972.2,66081.97,65818.94,65831.71,930.92,61392551.79
2024-09-29 21:00:00,65831.71,65985.34,65813.4,65883.63,341.9,22524561.81
2024-09-29 22:00:00,65883.63,65960.88,65598.97,65682.42,1443.49,94912004.27
2024-09-29 23:00:00,65682.42,65746.48,65534.39,65611.98,1068.16,70096903.72
2024-09-30 00:00:00,65611.98,65627.43,65103.82,65478.06,2484.25,162364610.47
2024-09-30 01:00:00,65478.06,65551.27,64738.12,64778.22,2666.19,173657538.3
2024-09-30 02:00:00,64778.22,64827.24,64340.78,64382.35,2294.11,148186309.85
2024-09-30 03:00:00,64382.35,64572.95,64184.98,64548.75,1621.51,104458399.43
2024-09-30 04:00:00,64548.75,64559.66,64320.35,64438.05,568.4,36631818.42
2024-09-30 05:00:00,64438.05,64530.99,64395.38,64530.05,484.28,31226764.9
2024-09-30 06:00:00,64530.05,64714.26,64345.15,64345.28,792.8,51173591.24
2024-09-30 07:00:00,64345.28,64680.48,64342.0,64564.73,615.4,39723113.43
2024-09-30 08:00:00,64564.73,64578.95,64038.81,64313.66,1430.73,91950460.64
2024-09-30 09:00:00,64313.66,64313.66,63545.09,63546.9,1771.03,113145175.02
2024-09-30 10:00:00,63546.9,63665.85,63254.26,63645.19,2195.06,139341586.96
2024-09-30 11:00:00,63645.19,63871.57,63514.33,63825.73,1074.69,68436873.82
2024-09-30 12:00:00,63825.73,64127.27,63758.09,64045.34,1364.77,87220901.95
2024-09-30 13:00:00,64045.34,64158.92,63815.36,63874.73,2453.95,157070478.09
2024-09-30 14:00:00,63874.73,64004.8,63589.49,63748.63,3493.57,222790746.03
2024-09-30 15:00:00,63748.63,63974.84,63542.41,63560.24,2089.39,133219675.98
2024-09-30 16:00:00,63560.24,63722.02,63448.8,63477.6,2483.69,157906384.47
2024-09-30 17:00:00,63477.6,63689.77,63359.28,63676.3,2277.99,144695510.42
2024-09-30 18:00:00,63676.3,63710.97,63044.63,63316.37,3162.0,200133394.17
2024-09-30 19:00:00,63316.37,63611.95,63262.24,63466.65,1956.8,124113316.62
2024-09-30 20:00:00,63466.65,63843.16,63432.12,63790.19,1279.57,81455702.42
2024-09-30 21:00:00,63790.19,63817.73,63623.21,63690.52,450.68,28725728.76
2024-09-30 22:00:00,63690.52,63756.85,63470.05,63474.47,1181.91,75196008.96
2024-09-30 23:00:00,63474.47,63604.06,62846.03,63314.81,2203.22,139403140.97
2024-10-01 00:00:00,63314.81,63570.75,62974.44,63503.7,2757.67,174522678.65
2024-10-01 01:00:00,63503.7,63606.37,63372.62,63427.01,1908.19,121159541.67
2024-10-01 02:00:00,63427.01,63427.95,63143.55,63399.89,1304.77,82565273.91
2024-10-01 03:00:00,63399.89,63711.37,63388.68,63692.14,935.3,59454407.04
2024-10-01 04:00:00,63692.14,63828.57,63617.46,63820.13,720.43,45910678.01
2024-10-01 05:00:00,63820.13,63856.63,63644.03,63724.79,366.82,23375397.99
2024-10-01 06:00:00,63724.79,64080.29,63719.13,64018.48,547.36,34990557.61
2024-10-01 07:00:00,64018.48,64112.99,63906.6,64032.0,499.55,31978846.13
2024-10-01 08:00:00,64032.0,64085.33,63830.93,63945.22,476.61,30478868.88
2024-10-01 09:00:00,63945.22,64094.36,63854.88,63855.21,431.71,27628960.92
2024-10-01 10:00:00,63855.21,63940.79,63715.63,63910.79,493.53,31503936.47
2024-10-01 11:00:00,63910.79,63983.91,63712.74,63725.23,444.92,28405139.82
2024-10-01 12:00:00,63725.23,63807.55,63576.93,63665.74,873.34,55638256.05
2024-10-01 13:00:00,63665.74,63687.95,62506.49,62849.91,5023.54,316128825.97
2024-10-01 14:00:00,62849.91,63066.6,62425.68,62578.3,7721.7,484340321.23
2024-10-01 15:00:00,62578.3,62793.13,61789.27,62622.38,7266.25,452597793.34
2024-10-01 16:00:00,62622.38,62758.27,61885.04,62442.08,5628.95,350623191.83
2024-10-01 17:00:00,62442.08,62442.59,61067.56,62133.83,7805.46,481719384.36
2024-10-01 18:00:00,62133.83,62429.86,61851.87,61979.9,4230.59,263019585.49
2024-10-01 19:00:00,61979.9,62085.92,61595.29,61737.19,5152.68,318826291.3
2024-10-01 20:00:00,61737.19,61753.66,60156.13,60792.3,6863.51,417538206.62
2024-10-01 21:00:00,60792.3,61209.56,60645.2,61128.53,2224.9,135421496.94
2024-10-01 22:00:00,61128.53,61130.16,60619.68,60753.17,2212.84,134579725.32
2024-10-01 23:00:00,60753.17,61021.76,60636.2,60790.06,1435.9,87337467.46
2024-10-02 00:00:00,60790.06,61189.97,60719.81,61022.85,2092.46,127542693.96
2024-10-02 01:00:00,61022.85,61522.72,60977.7,61500.77,1581.93,96989563.36
2024-10-02 02:00:00,61500.77,61808.77,61415.36,61775.3,1456.63,89713025.11
2024-10-02 03:00:00,61775.3,61873.92,61653.31,61737.81,731.3,45169328.08
2024-10-02 04:00:00,61737.81,61739.03,61435.88,61482.69,748.72,46091629.84
2024-10-02 05:00:00,61482.69,61593.18,61340.14,61477.59,756.52,46513024.79
2024-10-02 06:00:00,61477.59,61778.09,61353.13,61697.01,721.25,44454623.88
2024-10-02 07:00:00,61697.01,61933.75,61577.53,61725.24,909.35,56165350.97
2024-10-02 08:00:00,61725.24,61898.05,61594.87,61794.76,618.15,38174616.32
2024-10-02 09:00:00,61794.76,61806.58,61128.33,61251.29,1165.47,71593568.77
2024-10-02 10:00:00,61251.29,61540.85,61149.14,61185.21,932.8,57195682.24
2024-10-02 11:00:00,61185.21,61368.32,60873.39,61155.13,1356.56,82999212.89
2024-10-02 12:00:00,61155.13,61211.12,60693.31,60792.12,2102.37,128234657.39
2024-10-02 13:00:00,60792.12,61453.41,60535.9,61342.3,4466.49,272093518.83
2024-10-02 14:00:00,61342.3,61666.54,61062.04,61077.36,5058.33,310398443.34
2024-10-02 15:00:00,61077.36,61937.63,61051.37,61886.86,3658.29,225440664.51
2024-10-02 16:00:00,61886.86,62383.28,61784.63,61803.5,3724.32,231183174.56
2024-10-02 17:00:00,61803.5,61843.41,61241.37,61630.96,3153.34,194249505.76
2024-10-02 18:00:00,61630.96,61692.38,60760.0,60765.57,3993.12,244099797.74
2024-10-02 19:00:00,60765.57,60926.63,59976.82,60182.16,6799.35,410461677.11
2024-10-02 20:00:00,60182.16,60987.66,60117.53,60912.49,4461.24,269918642.32
2024-10-02 21:00:00,60912.49,60942.42,60648.99,60819.37,1609.28,97810962.01
2024-10-02 22:00:00,60819.37,60843.09,60431.23,60840.66,2300.63,139469142.4
2024-10-02 23:00:00,60840.66,60856.86,60615.4,60641.8,1254.28,76194370.53
2024-10-03 00:00:00,60641.8,61092.2,60526.6,60974.3,2941.47,178903741.25
2024-10-03 01:00:00,60974.3,61173.23,60911.74,61014.37,2065.74,126144251.83
2024-10-03 02:00:00,61014.37,61273.15,60973.15,61176.6,1189.96,72734742.21
2024-10-03 03:00:00,61176.6,61467.66,61084.67,61461.32,743.21,45527939.03
2024-10-03 04:00:00,61461.32,61478.71,61273.24,61323.3,615.0,37746982.65
2024-10-03 05:00:00,61323.3,61353.04,61096.39,61172.52,590.84,36154816.88
2024-10-03 06:00:00,61172.52,61409.46,61104.17,61325.12,526.91,32288415.63
2024-10-03 07:00:00,61325.12,61420.67,60818.3,60921.51,1154.28,70576067.68
2024-10-03 08:00:00,60921.51,60967.64,60141.0,60347.71,1917.03,115809885.42
2024-10-03 09:00:00,60347.71,60764.76,60124.3,60716.71,1246.12,75380261.91
2024-10-03 10:00:00,60716.71,61026.07,60644.75,61021.94,830.84,50532421.87
2024-10-03 11:00:00,61021.94,61061.62,60593.63,60761.93,765.12,46551215.15
2024-10-03 12:00:00,60761.93,60765.44,60369.31,60461.51,2245.62,135890190.84
2024-10-03 13:00:00,60461.51,60570.72,59846.16,60367.96,5506.74,331885075.59
2024-10-03 14:00:00,60367.96,60880.2,60127.74,60162.81,6619.04,400175068.74
2024-10-03 15:00:00,60162.81,60675.63,60024.73,60629.06,3405.42,205210278.23
2024-10-03 16:00:00,60629.06,60765.55,60069.97,60159.55,3684.46,222324259.45
2024-10-03 17:00:00,60159.55,60710.43,59912.09,60616.97,3463.73,209356314.73
2024-10-03 18:00:00,60616.97,60847.4,60527.73,60711.39,2502.74,151818441.13
2024-10-03 19:00:00,60711.39,61052.91,60536.3,61027.43,2510.94,152678501.84
2024-10-03 20:00:00,61027.43,61096.27,60667.34,60777.99,1799.9,109552472.08
2024-10-03 21:00:00,60777.99,60953.5,60610.08,60812.28,1179.23,71679290.31
2024-10-03 22:00:00,60812.28,60979.07,60719.87,60893.2,1590.58,96763644.15
2024-10-03 23:00:00,60893.2,60982.66,60699.96,60746.35,1362.17,82815680.76
2024-10-04 00:00:00,60746.35,60809.42,60458.33,60497.62,2203.21,133625251.98
2024-10-04 01:00:00,60497.62,61251.45,60483.89,61214.45,2600.83,158530966.18
2024-10-04 02:00:00,61214.45,61270.58,60932.41,61031.78,1323.37,80863356.46
2024-10-04 03:00:00,61031.78,61064.76,60888.22,60945.0,468.59,28559121.85
2024-10-04 04:00:00,60945.0,61198.93,60922.37,60997.25,651.75,39802857.21
2024-10-04 05:00:00,60997.25,61241.47,60974.89,61228.14,432.4,26441422.82
2024-10-04 06:00:00,61228.14,61340.05,61093.83,61117.3,636.86,38992026.98
2024-10-04 07:00:00,61117.3,61498.8,61059.52,61434.46,699.34,42867523.99
2024-10-04 08:00:00,61434.46,61642.39,61332.83,61448.99,832.21,51199115.93
2024-10-04 09:00:00,61448.99,61583.61,61300.08,61331.56,772.22,47438278.21
2024-10-04 10:00:00,61331.56,61420.61,61250.91,61272.43,507.8,31139530.22
2024-10-04 11:00:00,61272.43,61462.4,61263.21,61437.2,704.42,43222032.74
2024-10-04 12:00:00,61437.2,61922.58,61201.5,61913.05,3410.89,209963610.19
2024-10-04 13:00:00,61913.05,61996.69,61469.95,61563.05,3373.64,208181501.79
2024-10-04 14:00:00,61563.05,61566.21,60776.16,61222.03,4709.13,287878235.96
2024-10-04 15:00:00,61222.03,61869.67,61212.83,61864.34,3369.22,207577454.83
2024-10-04 16:00:00,61864.34,62301.28,61632.09,62247.88,3230.17,200342551.02
2024-10-04 17:00:00,62247.88,62346.8,61846.44,61984.57,2250.2,139796653.71
2024-10-04 18:00:00,61984.57,62356.89,61905.02,62346.57,1757.72,109201505.06
2024-10-04 19:00:00,62346.57,62479.36,62252.1,62378.23,1937.1,120802700.53
2024-10-04 20:00:00,62378.23,62480.52,62168.78,62409.25,1087.07,67755056.98
2024-10-04 21:00:00,62409.25,62460.81,62273.26,62281.68,479.8,29923921.35
2024-10-04 22:00:00,62281.68,62355.45,62194.62,62218.97,820.63,51102522.9
2024-10-04 23:00:00,62218.97,62221.12,61979.03,62094.06,646.12,40112128.8
2024-10-05 00:00:00,62094.06,62201.73,62050.31,62174.24,619.34,38480289.75
2024-10-05 01:00:00,62174.24,62206.96,61991.71,62071.24,702.33,43603390.83
2024-10-05 02:00:00,62071.24,62073.89,61794.24,61816.46,423.72,26258425.97
2024-10-05 03:00:00,61816.46,61964.07,61689.84,61866.66,538.17,33282331.04
2024-10-05 04:00:00,61866.66,62016.74,61824.17,61945.85,217.34,13459239.98
2024-10-05 05:00:00,61945.85,62156.77,61942.11,62137.48,309.51,19212297.37
2024-10-05 06:00:00,62137.48,62241.64,62071.87,62224.82,197.06,12249366.2
2024-10-05 07:00:00,62224.82,62268.12,62081.16,62081.8,239.26,14875260.16
2024-10-05 08:00:00,62081.8,62201.83,62080.84,62148.29,150.5,9350254.28
2024-10-05 09:00:00,62148.29,62321.42,62140.98,62253.14,260.65,16223046.78
2024-10-05 10:00:00,62253.14,62272.83,62204.02,62215.66,174.52,10864215.02
2024-10-05 11:00:00,62215.66,62238.35,62179.27,62182.97,139.48,8677905.05
2024-10-05 12:00:00,62182.97,62310.89,62182.96,62309.98,224.51,13975778.39
2024-10-05 13:00:00,62309.98,62377.77,62105.57,62155.71,628.59,39122534.77
2024-10-05 14:00:00,62155.71,62244.66,62105.72,62196.88,559.31,34776383.4
2024-10-05 15:00:00,62196.88,62229.1,62117.67,62169.14,398.41,24770040.05
2024-10-05 16:00:00,62169.14,62184.41,61960.2,61962.23,627.75,38975496.03
2024-10-05 17:00:00,61962.23,62036.18,61908.51,62014.02,663.44,41115301.86
2024-10-05 18:00:00,62014.02,62048.81,61840.87,61861.18,619.79,38377503.67
2024-10-05 19:00:00,61861.18,61912.21,61782.96,61846.66,610.56,37761195.75
2024-10-05 20:00:00,61846.66,61846.7,61722.36,61725.97,563.33,34794417.83
2024-10-05 21:00:00,61725.97,61938.47,61703.43,61853.08,381.14,23567664.44
2024-10-05 22:00:00,61853.08,62089.89,61843.71,62040.58,559.26,34670407.04
2024-10-05 23:00:00,62040.58,62103.03,61977.4,62059.19,274.46,17022769.23
2024-10-06 00:00:00,62059.19,62093.97,61884.93,61917.6,431.42,26725828.08
2024-10-06 01:00:00,61917.6,62145.87,61916.47,62085.08,567.23,35196634.99
2024-10-06 02:00:00,62085.08,62118.75,61942.37,61969.08,276.66,17157033.67
2024-10-06 03:00:00,61969.08,62024.78,61879.41,61880.33,177.48,10993693.96
2024-10-06 04:00:00,61880.33,61965.33,61815.61,61876.87,193.45,11969688.3
2024-10-06 05:00:00,61876.87,61967.67,61837.32,61940.85,195.54,12107196.04
2024-10-06 06:00:00,61940.85,62014.45,61891.47,61962.9,177.43,10996273.43
2024-10-06 07:00:00,61962.9,62006.09,61946.13,61954.85,84.74,5251764.24
2024-10-06 08:00:00,61954.85,62074.13,61928.97,61992.88,144.85,8981002.88
2024-10-06 09:00:00,61992.88,62163.47,61979.27,62069.43,189.57,11765381.42
2024-10-06 10:00:00,62069.43,62080.21,62001.26,62019.45,103.75,6436441.5
2024-10-06 11:00:00,62019.45,62147.93,62004.39,62098.92,168.98,10491645.47
2024-10-06 12:00:00,62098.92,62228.36,62063.81,62219.33,357.14,22195778.52
2024-10-06 13:00:00,62219.33,62350.31,62217.32,62250.06,717.36,44685323.83
2024-10-06 14:00:00,62250.06,62770.41,62188.0,62711.11,1510.83,94435521.46
2024-10-06 15:00:00,62711.11,62760.97,62443.34,62714.98,1071.79,67099183.86
2024-10-06 16:00:00,62714.98,62921.39,62598.92,62600.71,1171.2,73508891.72
2024-10-06 17:00:00,62600.71,62752.7,62544.9,62591.24,625.7,39204464.91
2024-10-06 18:00:00,62591.24,62765.75,62591.2,62715.59,509.43,31939598.83
2024-10-06 19:00:00,62715.59,62976.08,62593.04,62636.69,1223.79,76869035.92
2024-10-06 20:00:00,62636.69,62762.59,62587.02,62623.34,563.5,35311611.84
2024-10-06 21:00:00,62623.34,62659.64,62297.89,62306.18,745.89,46608509.92
2024-10-06 22:00:00,62306.18,62626.98,62305.32,62615.98,926.61,57900652.56
2024-10-06 23:00:00,62615.98,62913.02,62614.54,62821.76,1284.6,80620181.63
2024-10-07 00:00:00,62821.76,63717.71,62656.57,63675.32,2913.48,183996137.97
2024-10-07 01:00:00,63675.32,63969.76,63664.33,63814.78,2235.91,142725704.5
2024-10-07 02:00:00,63814.78,63943.93,63597.37,63634.53,1039.68,66352936.43
2024-10-07 03:00:00,63634.53,63764.63,63344.17,63518.06,766.31,48679957.27
2024-10-07 04:00:00,63518.06,63661.6,63458.44,63464.21,369.28,23475237.03
2024-10-07 05:00:00,63464.21,63623.62,63356.52,63381.42,455.23,28888332.86
2024-10-07 06:00:00,63381.42,63716.85,63315.88,63705.66,497.35,31606203.03
2024-10-07 07:00:00,63705.66,63705.67,63446.54,63533.56,459.41,29195565.96
2024-10-07 08:00:00,63533.56,63702.55,63511.16,63545.66,498.58,31713277.91
2024-10-07 09:00:00,63545.66,63545.68,63069.7,63195.1,835.93,52871995.71
2024-10-07 10:00:00,63195.1,63207.99,62865.08,62874.25,888.11,55977660.64
2024-10-07 11:00:00,62874.25,63148.9,62642.25,63121.93,1173.65,73773766.62
2024-10-07 12:00:00,63121.93,63123.33,62818.24,62867.73,952.06,59941344.98
2024-10-07 13:00:00,62867.73,63573.54,62811.8,63456.86,3084.15,194987537.89
2024-10-07 14:00:00,63456.86,64458.38,63456.35,63977.82,5336.01,341671578.83
2024-10-07 15:00:00,63977.82,63988.66,63523.43,63649.4,3272.47,208556578.83
2024-10-07 16:00:00,63649.4,63863.45,63427.91,63806.34,1978.51,126059807.07
2024-10-07 17:00:00,63806.34,63897.85,63524.56,63808.09,1360.08,86652148.76
2024-10-07 18:00:00,63808.09,63810.85,62727.52,62840.5,3005.43,190012787.82
2024-10-07 19:00:00,62840.5,63457.78,62840.5,63369.73,3146.96,199033988.39
2024-10-07 20:00:00,63369.73,63401.79,62973.29,63011.92,1077.4,68060637.58
2024-10-07 21:00:00,63011.92,63359.72,62989.24,63357.87,679.87,42972812.13
2024-10-07 22:00:00,63357.87,63358.98,62434.35,62452.41,2227.95,140245213.98
2024-10-07 23:00:00,62452.41,62659.99,62129.23,62209.84,2808.81,175335697.88
2024-10-08 00:00:00,62209.84,62566.78,62147.15,62535.01,1873.61,116865943.47
2024-10-08 01:00:00,62535.01,62705.72,62305.67,62614.72,1595.61,99760557.81
2024-10-08 02:00:00,62614.72,62778.98,62405.04,62765.57,1092.12,68321943.77
2024-10-08 03:00:00,62765.57,62808.01,62543.34,62614.0,567.22,35540449.53
2024-10-08 04:00:00,62614.0,62767.32,62525.66,62685.17,410.56,25730025.13
2024-10-08 05:00:00,62685.17,62712.99,62299.73,62498.0,792.07,49481853.6
2024-10-08 06:00:00,62498.0,62513.54,62177.44,62485.04,789.36,49211508.56
2024-10-08 07:00:00,62485.04,62486.41,61991.62,62298.35,975.03,60648599.95
2024-10-08 08:00:00,62298.35,62426.26,62169.89,62398.79,619.87,38624166.47
2024-10-08 09:00:00,62398.79,62572.4,62291.35,62529.57,506.66,31625508.69
2024-10-08 10:00:00,62529.57,62570.58,62396.01,62502.81,511.61,31972775.44
2024-10-08 11:00:00,62502.81,62641.76,62451.28,62604.52,376.83,23568019.79
2024-10-08 12:00:00,62604.52,62647.82,62400.86,62420.07,884.0,55263882.24
2024-10-08 13:00:00,62420.07,63030.77,62308.39,63009.65,3045.19,190870859.33
2024-10-08 14:00:00,63009.65,63185.68,62143.94,62754.26,4434.68,277793780.72
2024-10-08 15:00:00,62754.26,62812.88,61855.0,62265.14,2692.34,167927924.74
2024-10-08 16:00:00,62265.14,62563.79,62023.4,62534.54,2105.09,131153760.21
2024-10-08 17:00:00,62534.54,62535.63,62053.54,62361.36,1937.84,120642953.59
2024-10-08 18:00:00,62361.36,62485.38,61890.26,62084.0,1853.09,115239674.64
2024-10-08 19:00:00,62084.0,62318.38,61832.71,62206.2,2829.14,175648223.76
2024-10-08 20:00:00,62206.2,62363.36,62112.7,62346.46,986.56,61416264.63
2024-10-08 21:00:00,62346.46,62523.28,62279.03,62397.74,628.89,39231193.37
2024-10-08 22:00:00,62397.74,62413.58,62112.42,62147.58,1194.35,74355428.85
2024-10-08 23:00:00,62147.58,62240.52,61990.93,62129.17,805.14,50005706.8
2024-10-09 00:00:00,62129.17,62237.92,61975.63,62125.13,1473.3,91480147.8
2024-10-09 01:00:00,62125.13,62467.57,62077.1,62377.91,2022.52,126012133.9
2024-10-09 02:00:00,62377.91,62392.33,62232.51,62240.09,874.76,54493284.0
2024-10-09 03:00:00,62240.09,62428.18,62119.67,62358.73,1004.62,62574527.76
2024-10-09 04:00:00,62358.73,62405.09,62270.31,62316.91,299.04,18643598.82
2024-10-09 05:00:00,62316.91,62513.84,62316.81,62495.62,471.08,29410354.21
2024-10-09 06:00:00,62495.62,62508.27,62351.1,62402.36,282.35,17633440.74
2024-10-09 07:00:00,62402.36,62403.51,62171.37,62242.54,383.91,23897956.22
2024-10-09 08:00:00,62242.54,62261.02,62023.26,62109.34,510.75,31726684.39
2024-10-09 09:00:00,62109.34,62232.45,62067.14,62217.33,381.5,23707660.7
2024-10-09 10:00:00,62217.33,62219.08,62011.22,62105.33,406.1,25211811.73
2024-10-09 11:00:00,62105.33,62172.7,62061.49,62148.97,321.11,19948642.52
2024-10-09 12:00:00,62148.97,62177.79,61713.93,61924.9,1868.92,115658481.27
2024-10-09 13:00:00,61924.9,61999.28,61705.57,61755.73,2942.5,182042844.8
2024-10-09 14:00:00,61755.73,61975.92,61573.78,61822.83,2970.29,183539180.92
2024-10-09 15:00:00,61822.83,62371.58,61736.17,62274.03,2319.72,144125663.6
2024-10-09 16:00:00,62274.03,62304.3,61640.61,61768.89,2638.86,163240200.3
2024-10-09 17:00:00,61768.89,61863.55,61622.82,61705.64,1658.0,102369736.35
2024-10-09 18:00:00,61705.64,61776.88,61101.82,61143.08,3543.81,217467616.16
2024-10-09 19:00:00,61143.08,61168.61,60776.76,60982.15,3589.27,218972868.96
2024-10-09 20:00:00,60982.15,61072.49,60252.65,60381.43,3214.57,195264268.37
2024-10-09 21:00:00,60381.43,60946.71,60317.91,60859.88,1694.06,102651322.21
2024-10-09 22:00:00,60859.88,60867.11,60654.96,60753.65,1484.19,90144334.74
2024-10-09 23:00:00,60753.65,60784.47,60558.36,60585.22,1173.48,71170472.97
2024-10-10 00:00:00,60585.22,60647.2,60313.04,60385.11,2009.97,121499225.84
2024-10-10 01:00:00,60385.11,60792.77,60374.79,60740.86,1692.28,102586449.03
2024-10-10 02:00:00,60740.86,60879.02,60648.9,60821.39,965.84,58720278.29
2024-10-10 03:00:00,60821.39,60900.88,60763.21,60809.7,425.5,25887721.94
2024-10-10 04:00:00,60809.7,60898.06,60755.84,60808.34,305.27,18570915.31
2024-10-10 05:00:00,60808.34,60988.97,60786.57,60878.4,584.16,35563350.21
2024-10-10 06:00:00,60878.4,61090.77,60828.33,61080.65,530.11,32324393.34
2024-10-10 07:00:00,61080.65,61089.1,60835.03,60839.92,355.6,21665914.26
2024-10-10 08:00:00,60839.92,61018.86,60744.27,60762.98,755.87,46035279.21
2024-10-10 09:00:00,60762.98,60920.99,60571.86,60873.7,737.18,44797894.64
2024-10-10 10:00:00,60873.7,61142.01,60871.02,61003.03,542.39,33092639.23
2024-10-10 11:00:00,61003.03,61244.22,60982.66,61193.17,510.18,31192599.06
2024-10-10 12:00:00,61193.17,61251.26,60698.14,60902.98,2475.52,150888280.24
2024-10-10 13:00:00,60902.98,61195.15,60556.76,60883.17,3196.09,194605070.69
2024-10-10 14:00:00,60883.17,60994.54,60451.42,60528.47,3330.84,202104680.52
2024-10-10 15:00:00,60528.47,60756.12,60380.88,60730.75,1944.63,117783097.36
2024-10-10 16:00:00,60730.75,60971.05,60193.81,60234.06,2627.89,159117673.18
2024-10-10 17:00:00,60234.06,60396.42,59483.44,59532.32,5190.02,311148678.01
2024-10-10 18:00:00,59532.32,59532.63,58869.24,59424.02,5946.79,351662250.68
2024-10-10 19:00:00,59424.02,59707.39,59286.27,59671.3,2944.39,175150288.56
2024-10-10 20:00:00,59671.3,59956.14,59511.22,59734.63,2025.94,120935209.08
2024-10-10 21:00:00,59734.63,60138.34,59631.68,60138.26,1061.05,63478239.87
2024-10-10 22:00:00,60138.26,60202.54,59891.54,60095.99,1485.55,89214221.22
2024-10-10 23:00:00,60095.99,60280.58,60095.98,60280.38,762.38,45897924.3
2024-10-11 00:00:00,60280.38,60319.09,60117.06,60148.15,941.11,56682016.37
2024-10-11 01:00:00,60148.15,60711.22,60039.18,60528.24,1438.69,86732500.97
2024-10-11 02:00:00,60528.24,60599.09,60327.04,60500.84,1201.31,72617991.52
2024-10-11 03:00:00,60500.84,60661.31,60499.92,60571.94,573.24,34733585.97
2024-10-11 04:00:00,60571.94,60673.57,60536.87,60656.64,472.27,28615182.29
2024-10-11 05:00:00,60656.64,60725.44,60551.45,60566.96,389.56,23617157.88
2024-10-11 06:00:00,60566.96,60877.37,60557.78,60755.53,600.52,36466207.37
2024-10-11 07:00:00,60755.53,60870.02,60614.69,60630.96,533.92,32438815.71
2024-10-11 08:00:00,60630.96,60766.8,60615.58,60626.4,373.93,22686691.76
2024-10-11 09:00:00,60626.4,61073.61,60613.8,61043.58,773.59,47076741.76
2024-10-11 10:00:00,61043.58,61211.79,60961.05,61117.35,851.64,52023014.95
2024-10-11 11:00:00,61117.35,61226.64,61038.32,61141.2,475.77,29078834.73
2024-10-11 12:00:00,61141.2,61442.38,61095.57,61349.89,1718.63,105315977.64
2024-10-11 13:00:00,61349.89,61829.54,61178.61,61655.18,2784.01,171287934.28
2024-10-11 14:00:00,61655.18,61931.36,61611.69,61733.97,3463.8,214054458.29
2024-10-11 15:00:00,61733.97,62441.56,61733.1,62265.12,2680.94,166545480.61
2024-10-11 16:00:00,62265.12,62448.13,62117.38,62262.05,3039.02,189274416.28
2024-10-11 17:00:00,62262.05,62939.16,62157.2,62914.09,3023.69,189268455.11
2024-10-11 18:00:00,62914.09,62979.47,62715.73,62922.29,2275.04,142971280.4
2024-10-11 19:00:00,62922.29,63418.56,62821.0,63094.2,4173.18,263248461.99
2024-10-11 20:00:00,63094.2,63096.02,62921.99,62997.05,1229.08,77429858.92
2024-10-11 21:00:00,62997.05,63161.61,62806.28,62848.15,782.65,49321714.33
2024-10-11 22:00:00,62848.15,62916.63,62371.85,62442.15,1484.44,92912260.58
2024-10-11 23:00:00,62442.15,62659.54,62340.19,62517.42,832.61,52022676.2
2024-10-12 00:00:00,62517.42,62910.59,62481.05,62829.89,1218.99,76409286.67
2024-10-12 01:00:00,62829.89,63061.47,62679.26,62720.81,1193.69,75017033.19
2024-10-12 02:00:00,62720.81,62749.45,62507.36,62543.26,692.52,43376679.87
2024-10-12 03:00:00,62543.26,62617.63,62473.78,62550.53,366.09,22897465.95
2024-10-12 04:00:00,62550.53,62728.26,62550.53,62573.25,420.19,26316417.27
2024-10-12 05:00:00,62573.25,62783.14,62561.83,62768.87,185.1,11597098.13
2024-10-12 06:00:00,62768.87,62769.39,62651.95,62666.81,183.08,11478134.04
2024-10-12 07:00:00,62666.81,62757.7,62630.5,62748.65,182.74,11456330.88
2024-10-12 08:00:00,62748.65,62757.11,62678.27,62701.83,181.0,11352338.28
2024-10-12 09:00:00,62701.83,62819.38,62655.54,62819.22,130.58,8191141.94
2024-10-12 10:00:00,62819.22,63030.28,62796.74,63021.03,403.36,25384923.15
2024-10-12 11:00:00,63021.03,63242.86,62902.89,62927.29,525.24,33137305.1
2024-10-12 12:00:00,62927.29,63052.2,62813.69,63038.71,658.67,41447737.31
2024-10-12 13:00:00,63038.71,63141.91,62956.96,63066.73,1042.41,65696959.75
2024-10-12 14:00:00,63066.73,63414.59,63007.17,63229.08,1605.67,101573928.68
2024-10-12 15:00:00,63229.08,63469.71,63052.65,63155.76,1391.95,88044390.43
2024-10-12 16:00:00,63155.76,63386.93,63061.24,63062.43,1174.75,74230577.55
2024-10-12 17:00:00,63062.43,63261.95,63052.16,63096.91,854.32,53933493.63
2024-10-12 18:00:00,63096.91,63177.85,62930.08,62937.92,963.08,60730163.62
2024-10-12 19:00:00,62937.92,63072.3,62903.74,62993.38,447.44,28186009.12
2024-10-12 20:00:00,62993.38,63105.69,62993.25,63033.6,430.34,27137291.76
2024-10-12 21:00:00,63033.6,63214.79,63030.67,63205.36,374.92,23669674.3
2024-10-12 22:00:00,63205.36,63315.48,63125.0,63280.61,663.51,41954894.93
2024-10-12 23:00:00,63280.61,63361.51,63160.6,63197.03,383.97,24290223.65
2024-10-13 00:00:00,63197.03,63276.36,63057.89,63178.11,657.19,41531675.29
2024-10-13 01:00:00,63178.11,63178.53,62816.76,62874.61,1247.99,78593413.89
2024-10-13 02:00:00,62874.61,62914.1,62692.51,62858.79,634.96,39873152.1
2024-10-13 03:00:00,62858.79,62890.25,62650.99,62700.76,474.4,29770183.27
2024-10-13 04:00:00,62700.76,62860.15,62696.53,62812.34,222.2,13956594.2
2024-10-13 05:00:00,62812.34,62953.66,62803.18,62847.94,177.51,11162408.68
2024-10-13 06:00:00,62847.94,62987.37,62847.12,62858.6,146.95,9244682.56
2024-10-13 07:00:00,62858.6,62906.04,62718.7,62838.2,201.4,12645079.67
2024-10-13 08:00:00,62838.2,62949.22,62785.46,62802.81,412.08,25907668.68
2024-10-13 09:00:00,62802.81,62855.52,62757.01,62820.8,180.2,11316505.11
2024-10-13 10:00:00,62820.8,62820.83,62678.37,62692.74,181.6,11395168.83
2024-10-13 11:00:00,62692.74,62768.61,62513.72,62548.34,460.67,28852699.5
2024-10-13 12:00:00,62548.34,62717.01,62539.71,62655.36,434.87,27246843.18
2024-10-13 13:00:00,62655.36,62814.66,62602.29,62643.95,522.46,32760628.68
2024-10-13 14:00:00,62643.95,62644.01,62187.81,62238.85,1543.11,96362994.63
2024-10-13 15:00:00,62238.85,62335.58,62036.49,62218.92,1368.61,85130351.34
2024-10-13 16:00:00,62218.92,62703.24,62161.01,62613.85,1295.45,80940884.04
2024-10-13 17:00:00,62613.85,62871.02,62409.51,62507.16,1266.35,79316014.7
2024-10-13 18:00:00,62507.16,62610.38,62306.75,62404.0,1154.92,72109877.62
2024-10-13 19:00:00,62404.0,62730.53,62403.96,62720.87,590.85,36975029.13
2024-10-13 20:00:00,62720.87,62752.78,62599.25,62749.4,582.21,36473696.59
2024-10-13 21:00:00,62749.4,63006.68,62673.36,62873.87,779.09,48961853.26
2024-10-13 22:00:00,62873.87,63108.81,62710.22,62823.16,1557.8,97964093.13
2024-10-13 23:00:00,62823.16,62885.68,62612.48,62854.48,693.14,43483326.41
2024-10-14 00:00:00,62854.48,62883.67,62438.82,62500.91,1029.46,64465506.85
2024-10-14 01:00:00,62500.91,62805.23,62490.59,62610.56,1012.76,63450905.94
2024-10-14 02:00:00,62610.56,62616.09,62460.39,62595.87,1059.37,66265488.21
2024-10-14 03:00:00,62595.87,64356.19,62588.41,64272.89,3432.07,218189551.57
2024-10-14 04:00:00,64272.89,64494.29,64067.64,64114.34,1852.95,119076381.94
2024-10-14 05:00:00,64114.34,64132.41,63754.36,63904.36,1109.81,70943527.35
2024-10-14 06:00:00,63904.36,64192.31,63764.98,64060.84,872.95,55891620.2
2024-10-14 07:00:00,64060.84,64643.22,64002.28,64582.56,1816.8,116867688.12
2024-10-14 08:00:00,64582.56,64819.87,64346.8,64391.61,1282.59,82773667.78
2024-10-14 09:00:00,64391.61,64856.95,64306.96,64783.45,1361.31,87928790.62
2024-10-14 10:00:00,64783.45,64977.97,64677.93,64829.31,1216.04,78854517.21
2024-10-14 11:00:00,64829.31,65115.73,64767.41,64885.02,1181.24,76682054.72
2024-10-14 12:00:00,64885.02,64995.96,64706.13,64849.45,2308.83,149772925.69
2024-10-14 13:00:00,64849.45,65271.23,64633.47,65126.19,4121.06,267496768.53
2024-10-14 14:00:00,65126.19,66276.44,65094.35,65902.1,7679.12,504930489.5
2024-10-14 15:00:00,65902.1,66105.88,65816.6,65859.06,3223.72,212618067.55
2024-10-14 16:00:00,65859.06,66039.44,65597.8,65674.53,3011.48,197990495.35
2024-10-14 17:00:00,65674.53,65824.84,65509.66,65616.03,1996.86,131116157.35
2024-10-14 18:00:00,65616.03,65945.12,65546.06,65748.93,2194.7,144418898.14
2024-10-14 19:00:00,65748.93,66063.83,65697.84,65929.18,2084.45,137428142.33
2024-10-14 20:00:00,65929.18,66044.76,65807.71,65914.43,1143.59,75429474.96
2024-10-14 21:00:00,65914.43,66000.69,65722.11,65777.89,728.48,47975369.17
2024-10-14 22:00:00,65777.89,66478.26,65770.86,66446.87,2774.4,183551970.43
2024-10-14 23:00:00,66446.87,66494.04,66026.77,66068.25,1899.48,125779591.16
2024-10-15 00:00:00,66068.25,66316.23,65850.01,65918.89,2087.12,137850332.6
2024-10-15 01:00:00,65918.89,66007.44,65727.31,65853.72,1653.76,108964122.11
2024-10-15 02:00:00,65853.72,65913.41,65686.51,65738.92,960.12,63157130.98
2024-10-15 03:00:00,65738.92,65739.13,65300.68,65373.46,929.64,60916585.36
2024-10-15 04:00:00,65373.46,65663.5,65302.8,65573.85,566.16,37090795.48
2024-10-15 05:00:00,65573.85,65578.97,65198.75,65333.91,711.66,46510288.64
2024-10-15 06:00:00,65333.91,65578.88,65260.79,65536.46,547.72,35834749.08
2024-10-15 07:00:00,65536.46,65815.01,65525.42,65625.23,614.79,40386802.69
2024-10-15 08:00:00,65625.23,65822.3,65601.86,65721.29,726.34,47728234.05
2024-10-15 09:00:00,65721.29,65747.47,65573.27,65607.7,593.45,38970175.77
2024-10-15 10:00:00,65607.7,65727.39,65550.78,65661.11,608.8,39978188.97
2024-10-15 11:00:00,65661.11,65702.18,65264.53,65379.36,1222.62,80050512.83
2024-10-15 12:00:00,65379.36,65943.6,65372.15,65786.88,1930.68,126809596.75
2024-10-15 13:00:00,65786.88,67749.37,65761.11,67650.06,5469.0,364779261.76
2024-10-15 14:00:00,67650.06,67938.85,65150.41,65365.61,9219.76,613181108.64
2024-10-15 15:00:00,65365.61,66271.94,64791.36,65996.97,5479.78,359145876.57
2024-10-15 16:00:00,65996.97,67205.85,65972.26,66861.69,3654.79,243578953.64
2024-10-15 17:00:00,66861.69,67048.12,66504.81,66810.32,2564.74,171287934.61
2024-10-15 18:00:00,66810.32,67377.95,66750.56,66892.15,2546.38,170774853.92
2024-10-15 19:00:00,66892.15,67043.79,66551.2,66972.58,3401.39,227218881.51
2024-10-15 20:00:00,66972.58,67009.37,66411.69,66477.9,1833.11,122283081.04
2024-10-15 21:00:00,66477.9,66608.83,66131.03,66427.12,1672.83,111043617.18
2024-10-15 22:00:00,66427.12,66986.55,66402.39,66742.56,1625.41,108426967.75
2024-10-15 23:00:00,66742.56,67144.15,66670.2,67064.69,1289.76,86343098.65
2024-10-16 00:00:00,67064.69,67133.15,66762.06,66874.5,1349.79,90308658.27
2024-10-16 01:00:00,66874.5,67489.44,66752.45,67372.55,2091.02,140503107.09
2024-10-16 02:00:00,67372.55,67552.56,67241.54,67280.28,1664.35,112136466.54
2024-10-16 03:00:00,67280.28,67289.94,67080.68,67098.51,870.25,58456258.33
2024-10-16 04:00:00,67098.51,67231.63,66891.5,67001.09,722.77,48456665.58
2024-10-16 05:00:00,67001.09,67353.63,66928.14,67217.39,840.11,56396046.55
2024-10-16 06:00:00,67217.39,67302.92,66972.5,67055.06,896.0,60154686.63
2024-10-16 07:00:00,67055.06,67055.09,66777.52,66976.64,1106.2,74022492.3
2024-10-16 08:00:00,66976.64,67253.3,66917.68,67124.86,1366.07,91702600.4
2024-10-16 09:00:00,67124.86,67461.86,67076.9,67415.19,1525.54,102692072.71
2024-10-16 10:00:00,67415.19,67792.55,67324.44,67706.41,1754.85,118671466.21
2024-10-16 11:00:00,67706.41,68401.67,67600.51,67886.25,4229.17,287905480.55
2024-10-16 12:00:00,67886.25,68045.04,67661.44,67829.57,2439.51,165604565.8
2024-10-16 13:00:00,67829.57,67962.83,67116.59,67385.84,3570.34,241212047.85
2024-10-16 14:00:00,67385.84,68303.91,67337.82,67665.75,4593.37,311304778.2
2024-10-16 15:00:00,67665.75,68038.2,67376.65,67738.6,2083.6,141201401.46
2024-10-16 16:00:00,67738.6,67914.41,67472.77,67813.09,2047.52,138551060.0
2024-10-16 17:00:00,67813.09,68092.31,67678.36,67938.23,1981.25,134528600.99
2024-10-16 18:00:00,67938.23,68062.64,67779.58,67817.83,1788.69,121468603.18
2024-10-16 19:00:00,67817.83,67948.54,67644.5,67730.32,1834.3,124349592.43
2024-10-16 20:00:00,67730.32,67952.95,67621.56,67621.56,990.08,67154647.12
2024-10-16 21:00:00,67621.56,67694.9,67486.43,67554.83,656.71,44382437.15
2024-10-16 22:00:00,67554.83,67852.0,67553.02,67776.96,858.04,58086190.27
2024-10-16 23:00:00,67776.96,67822.29,67601.46,67614.71,764.66,51763551.09
2024-10-17 00:00:00,67614.71,67931.28,67570.42,67696.98,961.18,65132282.53
2024-10-17 01:00:00,67696.98,67889.42,67395.09,67887.72,1516.55,102597497.81
2024-10-17 02:00:00,67887.72,67889.9,67392.55,67461.34,1280.06,86530257.14
2024-10-17 03:00:00,67461.34,67681.99,67421.21,67587.97,715.71,48331628.57
2024-10-17 04:00:00,67587.97,67588.0,67240.13,67242.48,839.54,56597380.34
2024-10-17 05:00:00,67242.48,67458.11,67241.03,67327.3,534.33,35985800.3
2024-10-17 06:00:00,67327.3,67482.12,67104.49,67139.9,957.07,64438746.28
2024-10-17 07:00:00,67139.9,67283.74,67063.79,67271.89,967.99,65020701.95
2024-10-17 08:00:00,67271.89,67450.47,67163.38,67428.21,703.59,47353759.45
2024-10-17 09:00:00,67428.21,67500.2,67164.98,67174.64,563.06,37918721.23
2024-10-17 10:00:00,67174.64,67275.75,66806.64,67191.57,1117.47,74935549.54
2024-10-17 11:00:00,67191.57,67258.64,66787.83,66852.96,1040.0,69601867.99
2024-10-17 12:00:00,66852.96,67159.3,66782.21,67147.59,1403.22,94031442.16
2024-10-17 13:00:00,67147.59,67332.58,66643.91,66999.23,2857.83,191545424.64
2024-10-17 14:00:00,66999.23,67277.45,66686.86,67100.44,4039.84,270424983.51
2024-10-17 15:00:00,67100.44,67654.42,66933.67,67573.59,2683.89,180583308.94
2024-10-17 16:00:00,67573.59,67582.98,67107.48,67362.59,1604.21,108001995.73
2024-10-17 17:00:00,67362.59,67523.34,67141.01,67273.88,1438.79,96916865.54
2024-10-17 18:00:00,67273.88,67294.77,66698.72,66918.06,2538.23,169840412.94
2024-10-17 19:00:00,66918.06,67005.75,66761.59,66822.19,1363.18,91185912.84
2024-10-17 20:00:00,66822.19,67126.99,66803.31,66925.61,859.91,57604406.94
2024-10-17 21:00:00,66925.61,67109.46,66920.1,67061.86,444.89,29824383.72
2024-10-17 22:00:00,67061.86,67459.92,67061.86,67421.93,948.31,63810841.15
2024-10-17 23:00:00,67421.93,67466.43,67272.58,67408.87,684.17,46079124.25
2024-10-18 00:00:00,67408.87,67435.98,67167.07,67194.73,1119.68,75353983.93
2024-10-18 01:00:00,67194.73,68237.71,67169.41,68065.88,2274.78,154085369.56
2024-10-18 02:00:00,68065.88,68117.12,67775.25,68083.84,1761.12,119675964.93
2024-10-18 03:00:00,68083.84,68090.0,67499.68,67529.88,1165.91,79092899.89
2024-10-18 04:00:00,67529.88,67842.33,67524.3,67714.44,706.59,47831639.04
2024-10-18 05:00:00,67714.44,68033.81,67612.08,67986.57,548.15,37176090.75
2024-10-18 06:00:00,67986.57,68359.97,67898.01,68085.02,1722.12,117316483.47
2024-10-18 07:00:00,68085.02,68180.91,67854.03,67953.57,941.71,64046124.17
2024-10-18 08:00:00,67953.57,68029.75,67806.35,67895.61,684.27,46457403.97
2024-10-18 09:00:00,67895.61,68018.49,67745.26,67780.61,732.27,49698283.11
2024-10-18 10:00:00,67780.61,67950.97,67758.03,67859.88,613.31,41616230.64
2024-10-18 11:00:00,67859.88,68014.12,67651.97,67677.86,892.37,60534762.01
2024-10-18 12:00:00,67677.86,67799.95,67621.77,67643.44,926.46,62712558.65
2024-10-18 13:00:00,67643.44,68192.6,67634.94,68186.81,2332.53,158469236.59
2024-10-18 14:00:00,68186.81,68611.78,67922.97,68435.1,5411.68,369817060.08
2024-10-18 15:00:00,68435.1,68883.89,68292.45,68746.53,3740.25,256673882.57
2024-10-18 16:00:00,68746.53,68918.61,68365.35,68799.07,2335.26,160411906.67
2024-10-18 17:00:00,68799.07,68917.66,68658.76,68724.02,1602.48,110273607.61
2024-10-18 18:00:00,68724.02,69016.74,68567.89,68908.15,2227.41,153317838.56
2024-10-18 19:00:00,68908.15,68987.0,68575.0,68609.6,2261.31,155485395.6
2024-10-18 20:00:00,68609.6,68694.78,68385.18,68428.41,1137.85,77977307.58
2024-10-18 21:00:00,68428.41,68490.74,68235.61,68414.71,504.45,34503449.46
2024-10-18 22:00:00,68414.71,68415.67,68202.5,68205.37,830.39,56723665.91
2024-10-18 23:00:00,68205.37,68466.82,68200.66,68425.63,397.25,27154732.6
2024-10-19 00:00:00,68425.63,68473.93,68291.81,68322.44,492.69,33686464.31
2024-10-19 01:00:00,68322.44,68448.94,68316.53,68327.24,511.87,35001847.35
2024-10-19 02:00:00,68327.24,68462.24,68317.22,68448.56,413.24,28266080.18
2024-10-19 03:00:00,68448.56,68681.33,68425.64,68444.59,574.85,39405173.59
2024-10-19 04:00:00,68444.59,68556.48,68334.47,68335.85,316.63,21669417.2
2024-10-19 05:00:00,68335.85,68430.32,68323.27,68385.76,260.57,17815725.07
2024-10-19 06:00:00,68385.76,68438.66,68325.14,68326.66,161.77,11061520.62
2024-10-19 07:00:00,68326.66,68399.21,68295.06,68342.71,135.52,9260783.39
2024-10-19 08:00:00,68342.71,68469.33,68340.14,68403.74,174.97,11967437.33
2024-10-19 09:00:00,68403.74,68429.73,68339.94,68344.3,124.57,8517502.88
2024-10-19 10:00:00,68344.3,68370.47,68233.99,68238.35,229.97,15707452.85
2024-10-19 11:00:00,68238.35,68290.82,68075.65,68084.48,399.0,27200182.97
2024-10-19 12:00:00,68084.48,68259.15,68078.3,68213.77,333.02,22704994.77
2024-10-19 13:00:00,68213.77,68218.18,68108.1,68111.92,286.7,19536628.23
2024-10-19 14:00:00,68111.92,68346.5,68111.71,68294.89,450.18,30726951.81
2024-10-19 15:00:00,68294.89,68333.89,68157.06,68223.39,396.16,27030538.5
2024-10-19 16:00:00,68223.39,68230.13,68038.5,68043.07,388.43,26460531.64
2024-10-19 17:00:00,68043.07,68141.9,68009.42,68121.72,285.53,19442408.31
2024-10-19 18:00:00,68121.72,68191.8,68091.38,68175.25,199.79,13616183.28
2024-10-19 19:00:00,68175.25,68245.08,68145.66,68178.81,192.46,13124943.4
2024-10-19 20:00:00,68178.81,68260.85,68164.84,68240.44,176.25,12023318.08
2024-10-19 21:00:00,68240.44,68337.25,68205.78,68213.49,270.65,18478779.34
2024-10-19 22:00:00,68213.49,68400.93,68196.04,68328.45,544.39,37174054.63
2024-10-19 23:00:00,68328.45,68407.02,68294.1,68370.04,393.17,26874719.01
2024-10-20 00:00:00,68370.04,68431.63,68218.56,68218.61,446.35,30499571.06
2024-10-20 01:00:00,68218.61,68242.67,68142.78,68146.76,397.93,27135475.95
2024-10-20 02:00:00,68146.76,68212.94,68106.31,68161.92,215.39,14681047.06
2024-10-20 03:00:00,68161.92,68194.93,68094.66,68179.98,207.69,14152248.92
2024-10-20 04:00:00,68179.98,68307.44,68178.44,68230.89,281.42,19197368.25
2024-10-20 05:00:00,68230.89,68285.11,68173.68,68210.3,135.33,9231834.19
2024-10-20 06:00:00,68210.3,68405.38,68168.99,68391.14,149.28,10191623.36
2024-10-20 07:00:00,68391.14,68426.22,68351.48,68364.5,111.66,7636313.36
2024-10-20 08:00:00,68364.5,68483.58,68348.2,68383.43,209.26,14314899.9
2024-10-20 09:00:00,68383.43,68438.12,68348.35,68424.11,99.86,6829723.13
2024-10-20 10:00:00,68424.11,68453.55,68369.56,68369.56,102.74,7029198.42
2024-10-20 11:00:00,68369.56,68440.5,68365.68,68419.37,91.59,6265864.76
2024-10-20 12:00:00,68419.37,68434.36,68253.64,68261.62,239.08,16345054.95
2024-10-20 13:00:00,68261.62,68477.84,68204.17,68446.71,473.12,32341741.86
2024-10-20 14:00:00,68446.71,68751.7,68446.71,68632.52,1151.81,79056747.49
2024-10-20 15:00:00,68632.52,68671.86,68344.4,68609.96,539.48,36962955.21
2024-10-20 16:00:00,68609.96,68639.48,68486.55,68489.64,340.47,23339957.79
2024-10-20 17:00:00,68489.64,68590.73,68407.04,68542.01,268.38,18383279.77
2024-10-20 18:00:00,68542.01,68640.8,68541.55,68586.48,279.2,19156415.11
2024-10-20 19:00:00,68586.48,68592.31,68480.33,68495.24,218.94,15002087.62
2024-10-20 20:00:00,68495.24,68894.39,68448.04,68766.5,561.73,38603920.16
2024-10-20 21:00:00,68766.5,68853.47,68647.92,68752.96,540.95,37181157.12
2024-10-20 22:00:00,68752.96,69385.31,68573.78,69128.38,3785.75,261267451.04
2024-10-20 23:00:00,69128.38,69177.67,68908.52,69020.94,1151.84,79528353.65
2024-10-21 00:00:00,69020.94,69501.44,68959.62,69140.67,2020.19,139908488.22
2024-10-21 01:00:00,69140.67,69465.74,69083.6,69188.72,1364.95,94571825.92
2024-10-21 02:00:00,69188.72,69243.59,68683.94,68700.51,1287.61,88811389.88
2024-10-21 03:00:00,68700.51,68925.13,68579.84,68913.36,868.32,59698331.64
2024-10-21 04:00:00,68913.36,69023.78,68766.29,69019.67,457.37,31500584.26
2024-10-21 05:00:00,69019.67,69174.56,68938.1,68980.74,586.55,40499602.28
2024-10-21 06:00:00,68980.74,69127.43,68622.07,68676.33,835.06,57580693.61
2024-10-21 07:00:00,68676.33,68776.59,68460.39,68486.3,1274.48,87472090.98
2024-10-21 08:00:00,68486.3,68632.63,68272.78,68279.25,915.52,62692817.27
2024-10-21 09:00:00,68279.25,68394.19,68107.74,68336.36,865.34,59071196.56
2024-10-21 10:00:00,68336.36,68443.37,68238.08,68253.08,579.17,39589375.04
2024-10-21 11:00:00,68253.08,68398.56,68146.82,68201.15,620.56,42372531.69
2024-10-21 12:00:00,68201.15,68293.07,68035.45,68166.63,948.77,64658388.48
2024-10-21 13:00:00,68166.63,68206.21,67097.89,67274.22,3719.53,251478455.68
2024-10-21 14:00:00,67274.22,67579.71,66984.0,67248.11,4089.15,275159575.96
2024-10-21 15:00:00,67248.11,67311.35,66811.42,67309.39,2382.61,159602204.73
2024-10-21 16:00:00,67309.39,67312.27,66864.36,67284.51,2185.43,146580895.24
2024-10-21 17:00:00,67284.51,67617.68,67214.77,67477.24,2052.8,138501309.88
2024-10-21 18:00:00,67477.24,67480.85,67009.12,67295.17,1837.68,123521858.56
2024-10-21 19:00:00,67295.17,67927.97,67293.91,67746.89,3382.58,228653130.73
2024-10-21 20:00:00,67746.89,67798.23,67604.83,67731.03,1036.13,70123805.7
2024-10-21 21:00:00,67731.03,67908.46,67672.56,67794.1,792.4,53719246.87
2024-10-21 22:00:00,67794.1,67867.22,67595.78,67764.2,1183.08,80147491.2
2024-10-21 23:00:00,67764.2,67764.25,67342.63,67358.14,1251.59,84484426.32
2024-10-22 00:00:00,67358.14,67382.33,66540.7,67118.1,2482.0,166242262.71
2024-10-22 01:00:00,67118.1,67506.74,67017.41,67476.12,1360.72,91610619.25
2024-10-22 02:00:00,67476.12,67660.62,67255.94,67282.59,993.57,67063449.89
2024-10-22 03:00:00,67282.59,67522.7,67273.65,67362.35,668.39,45025956.81
2024-10-22 04:00:00,67362.35,67464.26,67252.65,67462.53,385.47,25960902.68
2024-10-22 05:00:00,67462.53,67610.35,67421.86,67538.35,394.43,26638409.63
2024-10-22 06:00:00,67538.35,67753.56,67530.99,67531.28,815.53,55179931.15
2024-10-22 07:00:00,67531.28,67663.52,67343.99,67362.77,604.04,40786981.97
2024-10-22 08:00:00,67362.77,67363.22,66865.56,66894.96,1319.48,88510636.98
2024-10-22 09:00:00,66894.96,67078.47,66715.42,66920.72,1254.15,83868741.85
2024-10-22 10:00:00,66920.72,67188.53,66830.08,67142.29,816.73,54732594.59
2024-10-22 11:00:00,67142.29,67480.01,67119.46,67259.93,918.61,61830317.21
2024-10-22 12:00:00,67259.93,67431.35,66825.37,66948.03,1408.64,94492314.61
2024-10-22 13:00:00,66948.03,67124.04,66602.72,66955.63,2432.21,162699593.66
2024-10-22 14:00:00,66955.63,67639.06,66792.84,67527.67,4387.73,295346158.45
2024-10-22 15:00:00,67527.67,67659.4,67071.0,67242.05,2471.73,166483917.92
2024-10-22 16:00:00,67242.05,67242.15,66877.97,66921.61,2022.62,135566044.38
2024-10-22 17:00:00,66921.61,67385.39,66899.1,67288.39,2051.28,137921330.53
2024-10-22 18:00:00,67288.39,67488.38,67203.76,67340.54,1434.94,96680744.47
2024-10-22 19:00:00,67340.54,67606.89,67302.56,67445.31,1272.6,85875987.04
2024-10-22 20:00:00,67445.31,67541.54,67382.37,67488.41,624.62,42139591.69
2024-10-22 21:00:00,67488.41,67514.19,67371.99,67493.09,294.41,19849825.08
2024-10-22 22:00:00,67493.09,67800.62,67446.38,67691.65,1158.91,78401423.4
2024-10-22 23:00:00,67691.65,67743.99,67258.92,67390.32,911.94,61545117.66
2024-10-23 00:00:00,67390.32,67436.29,67087.84,67136.96,1108.33,74483140.24
2024-10-23 01:00:00,67136.96,67343.37,67128.23,67306.48,511.73,34413423.79
2024-10-23 02:00:00,67306.48,67343.52,67021.86,67049.07,729.18,48970752.04
2024-10-23 03:00:00,67049.07,67132.4,66846.98,67033.21,793.31,53131143.07
2024-10-23 04:00:00,67033.21,67192.62,66958.19,67171.15,553.47,37130965.49
2024-10-23 05:00:00,67171.15,67185.87,67011.34,67046.9,325.59,21843686.27
2024-10-23 06:00:00,67046.9,67260.01,66862.01,66878.71,569.82,38222695.05
2024-10-23 07:00:00,66878.71,66961.58,66752.26,66804.61,657.95,43989091.93
2024-10-23 08:00:00,66804.61,66995.55,66384.27,66474.59,1203.06,80222850.21
2024-10-23 09:00:00,66474.59,66548.37,66153.85,66469.98,1628.69,108078799.23
2024-10-23 10:00:00,66469.98,66598.79,66359.77,66366.36,834.86,55517221.34
2024-10-23 11:00:00,66366.36,66559.25,66288.46,66371.9,782.84,51984616.72
2024-10-23 12:00:00,66371.9,66456.87,66057.44,66368.31,1545.64,102467483.41
2024-10-23 13:00:00,66368.31,66855.38,66313.94,66751.73,1716.91,114286794.21
2024-10-23 14:00:00,66751.73,66830.8,66386.2,66436.57,2246.07,149606076.55
2024-10-23 15:00:00,66436.57,66444.96,65863.65,66163.35,2675.41,176911075.16
2024-10-23 16:00:00,66163.35,66236.81,65732.89,65810.46,2751.26,181398281.02
2024-10-23 17:00:00,65810.46,65913.86,65565.54,65635.54,2624.12,172459083.14
2024-10-23 18:00:00,65635.54,65984.68,65171.54,65972.76,3451.28,226145910.14
2024-10-23 19:00:00,65972.76,66491.11,65789.52,66392.65,2538.19,167963294.79
2024-10-23 20:00:00,66392.65,66604.82,66258.02,66594.43,1143.16,75918030.63
2024-10-23 21:00:00,66594.43,66607.75,66304.47,66353.22,633.62,42098826.96
2024-10-23 22:00:00,66353.22,66519.96,66290.75,66421.94,723.21,48035115.52
2024-10-23 23:00:00,66421.94,66764.77,66404.04,66612.97,741.09,49366090.97
2024-10-24 00:00:00,66612.97,67395.43,66456.7,67365.26,1395.42,93339223.64
2024-10-24 01:00:00,67365.26,67547.92,66998.63,67197.48,1936.62,130307395.16
2024-10-24 02:00:00,67197.48,67461.22,67099.32,67381.3,1085.32,73017589.91
2024-10-24 03:00:00,67381.3,67402.46,67151.66,67151.66,668.88,45014751.07
2024-10-24 04:00:00,67151.66,67363.44,67148.13,67320.37,443.91,29855081.02
2024-10-24 05:00:00,67320.37,67403.33,67281.52,67298.8,308.15,20751508.02
2024-10-24 06:00:00,67298.8,67405.75,67047.52,67054.34,471.03,31684938.82
2024-10-24 07:00:00,67054.34,67246.41,67010.31,67057.37,496.86,33352486.26
2024-10-24 08:00:00,67057.37,67179.9,66793.37,66793.37,533.71,35758147.3
2024-10-24 09:00:00,66793.37,66946.23,66670.0,66817.5,710.86,47491999.64
2024-10-24 10:00:00,66817.5,67060.99,66801.67,66933.16,814.89,54532533.24
2024-10-24 11:00:00,66933.16,67278.67,66926.45,67245.28,1223.65,82130591.51
2024-10-24 12:00:00,67245.28,67569.3,67219.18,67489.39,1512.32,101891898.88
2024-10-24 13:00:00,67489.39,67989.98,67419.52,67891.06,2971.49,201164314.28
2024-10-24 14:00:00,67891.06,67951.49,67507.9,67728.19,3303.6,223702177.9
2024-10-24 15:00:00,67728.19,67924.22,67542.15,67644.04,1816.76,123023012.1
2024-10-24 16:00:00,67644.04,67734.74,67292.12,67528.25,1885.21,127300528.63
2024-10-24 17:00:00,67528.25,67802.56,67404.64,67604.64,1405.32,95010014.57
2024-10-24 18:00:00,67604.64,67916.7,67574.21,67787.43,1538.34,104264281.7
2024-10-24 19:00:00,67787.43,68284.65,67680.76,68270.04,2639.62,179611975.46
2024-10-24 20:00:00,68270.04,68308.3,67942.65,68158.91,1230.12,83812347.82
2024-10-24 21:00:00,68158.91,68812.4,68158.91,68314.48,1593.03,109124193.85
2024-10-24 22:00:00,68314.48,68519.55,68145.53,68151.06,1168.29,79836209.38
2024-10-24 23:00:00,68151.06,68228.62,68022.95,68163.56,562.13,38303057.49
2024-10-25 00:00:00,68163.56,68241.12,67875.23,67955.64,1073.17,73032127.54
2024-10-25 01:00:00,67955.64,67969.32,67813.96,67938.01,1175.43,79786584.16
2024-10-25 02:00:00,67938.01,68047.5,67801.96,68028.1,793.92,53938656.44
2024-10-25 03:00:00,68028.1,68197.38,67952.23,67972.38,616.11,41944681.05
2024-10-25 04:00:00,67972.38,68009.28,67662.61,67706.5,733.55,49722441.37
2024-10-25 05:00:00,67706.5,67828.87,67562.49,67710.19,490.37,33199570.51
2024-10-25 06:00:00,67710.19,67809.89,67558.96,67596.95,282.96,19148570.39
2024-10-25 07:00:00,67596.95,67683.37,67214.15,67496.0,986.43,66498088.52
2024-10-25 08:00:00,67496.0,67710.47,67285.3,67613.71,611.23,41255723.08
2024-10-25 09:00:00,67613.71,67812.51,67479.58,67780.53,580.33,39240602.65
2024-10-25 10:00:00,67780.53,67825.9,67620.45,67815.42,415.8,28172322.25
2024-10-25 11:00:00,67815.42,68130.62,67750.07,68069.7,567.09,38533947.8
2024-10-25 12:00:00,68069.7,68255.99,67954.46,68031.02,1036.14,70547272.99
2024-10-25 13:00:00,68031.02,68385.2,67702.91,68291.5,2351.07,159870360.32
2024-10-25 14:00:00,68291.5,68745.57,68106.25,68288.2,4383.78,300054831.99
2024-10-25 15:00:00,68288.2,68505.18,67412.05,67659.03,3027.98,206058257.37
2024-10-25 16:00:00,67659.03,67822.26,67316.35,67632.22,2718.25,183867578.67
2024-10-25 17:00:00,67632.22,67777.86,66714.68,66781.85,3334.8,224343799.05
2024-10-25 18:00:00,66781.85,67521.89,65869.88,66924.55,7304.41,488283920.08
2024-10-25 19:00:00,66924.55,67130.44,66497.25,66739.59,3446.3,230337557.64
2024-10-25 20:00:00,66739.59,66882.65,66472.06,66782.72,1760.34,117416808.22
2024-10-25 21:00:00,66782.72,67183.35,66781.23,67177.7,842.49,56436713.23
2024-10-25 22:00:00,67177.7,67269.68,66514.35,66522.12,1373.26,91970217.51
2024-10-25 23:00:00,66522.12,66672.88,65510.53,66577.77,3919.22,259064310.89
2024-10-26 00:00:00,66577.77,66749.74,66431.44,66647.03,2079.54,138545892.0
2024-10-26 01:00:00,66647.03,66718.44,66444.8,66606.01,1124.12,74828720.43
2024-10-26 02:00:00,66606.01,66931.82,66343.25,66737.71,1153.52,76877337.56
2024-10-26 03:00:00,66737.71,66883.83,66591.95,66816.39,673.67,44957753.63
2024-10-26 04:00:00,66816.39,66904.57,66696.89,66858.87,449.07,30012074.15
2024-10-26 05:00:00,66858.87,67142.39,66857.52,67051.81,378.46,25363528.88
2024-10-26 06:00:00,67051.81,67151.62,66963.92,67092.61,283.07,18983428.61
2024-10-26 07:00:00,67092.61,67108.78,66920.36,66932.24,253.03,16955893.84
2024-10-26 08:00:00,66932.24,67098.79,66926.82,67066.93,225.21,15095147.04
2024-10-26 09:00:00,67066.93,67187.31,66978.05,66978.05,241.92,16228720.17
2024-10-26 10:00:00,66978.05,67105.64,66926.54,66983.39,220.83,14800318.1
2024-10-26 11:00:00,66983.39,67086.77,66883.75,67060.93,230.98,15471424.55
2024-10-26 12:00:00,67060.93,67104.8,66923.69,66953.4,398.67,26702429.87
2024-10-26 13:00:00,66953.4,67035.07,66802.49,66816.93,678.43,45391920.44
2024-10-26 14:00:00,66816.93,66876.39,66660.95,66716.97,1116.54,74527772.7
2024-10-26 15:00:00,66716.97,66923.39,66683.72,66801.85,776.67,51885178.08
2024-10-26 16:00:00,66801.85,66968.2,66730.68,66896.42,519.53,34722660.31
2024-10-26 17:00:00,66896.42,67052.84,66765.51,66980.58,479.54,32111224.89
2024-10-26 18:00:00,66980.58,67067.57,66940.44,66959.63,426.11,28552927.56
2024-10-26 19:00:00,66959.63,67100.71,66956.26,67093.84,642.94,43096897.58
2024-10-26 20:00:00,67093.84,67366.46,67056.77,67182.56,823.62,55349484.18
2024-10-26 21:00:00,67182.56,67188.9,67019.55,67094.52,335.23,22498813.04
2024-10-26 22:00:00,67094.52,67157.22,67024.36,67052.11,366.34,24577489.34
2024-10-26 23:00:00,67052.11,67072.65,67005.84,67014.72,282.11,18910356.71
2024-10-27 00:00:00,67014.72,67034.59,66893.04,66937.25,285.45,19115352.86
2024-10-27 01:00:00,66937.25,67042.59,66852.5,66991.72,484.39,32418739.9
2024-10-27 02:00:00,66991.72,67026.43,66945.24,66969.69,247.31,16564634.45
2024-10-27 03:00:00,66969.69,67227.13,66912.77,67193.75,415.54,27878205.77
2024-10-27 04:00:00,67193.75,67224.31,67030.62,67070.87,213.1,14306908.72
2024-10-27 05:00:00,67070.87,67126.15,67056.98,67098.39,100.94,6772059.02
2024-10-27 06:00:00,67098.39,67099.82,67040.72,67098.31,55.19,3701553.95
2024-10-27 07:00:00,67098.31,67143.55,67089.29,67117.74,82.74,5553059.18
2024-10-27 08:00:00,67117.74,67181.44,67087.31,67136.25,103.01,6914549.94
2024-10-27 09:00:00,67136.25,67136.27,67028.68,67069.46,92.72,6218244.54
2024-10-27 10:00:00,67069.46,67117.77,66996.65,67015.28,196.23,13155825.64
2024-10-27 11:00:00,67015.28,67107.58,66969.12,67052.67,152.78,10243138.82
2024-10-27 12:00:00,67052.67,67427.38,67046.71,67323.51,702.74,47285383.25
2024-10-27 13:00:00,67323.51,67689.37,67317.8,67545.27,1269.01,85725587.95
2024-10-27 14:00:00,67545.27,67671.75,67531.31,67623.6,650.04,43946806.45
2024-10-27 15:00:00,67623.6,67777.6,67622.62,67716.33,575.02,38928477.87
2024-10-27 16:00:00,67716.33,67796.4,67583.37,67745.9,757.7,51281665.33
2024-10-27 17:00:00,67745.9,67908.27,67647.79,67684.39,772.17,52327885.73
2024-10-27 18:00:00,67684.39,67693.1,67467.58,67482.85,525.21,35498721.41
2024-10-27 19:00:00,67482.85,67766.34,67479.5,67764.28,445.76,30146106.83
2024-10-27 20:00:00,67764.28,67841.72,67658.04,67689.32,421.63,28565693.94
2024-10-27 21:00:00,67689.32,68079.76,67659.12,67852.26,554.48,37620051.85
2024-10-27 22:00:00,67852.26,68254.55,67852.26,68041.09,2164.02,147371370.21
2024-10-27 23:00:00,68041.09,68207.37,67913.49,67945.14,838.13,57040987.56
2024-10-28 00:00:00,67945.14,68042.87,67761.38,67782.15,1120.12,76072921.16
2024-10-28 01:00:00,67782.15,67828.18,67660.28,67672.31,852.06,57721419.31
2024-10-28 02:00:00,67672.31,67779.18,67597.04,67724.19,620.15,41972986.48
2024-10-28 03:00:00,67724.19,67911.34,67633.03,67656.06,858.71,58195641.48
2024-10-28 04:00:00,67656.06,67726.83,67566.66,67671.36,498.17,33698035.71
2024-10-28 05:00:00,67671.36,67879.12,67541.0,67830.54,321.9,21783913.11
2024-10-28 06:00:00,67830.54,67864.44,67720.29,67864.43,239.86,16264189.25
2024-10-28 07:00:00,67864.43,68583.69,67864.43,68338.61,1407.97,96236279.06
2024-10-28 08:00:00,68338.61,68509.74,68250.75,68252.38,625.08,42717248.53
2024-10-28 09:00:00,68252.38,68531.87,68165.15,68495.75,469.65,32080125.16
2024-10-28 10:00:00,68495.75,68762.14,68471.99,68556.9,943.7,64760013.75
2024-10-28 11:00:00,68556.9,68694.65,68426.83,68689.16,508.73,34894618.43
2024-10-28 12:00:00,68689.16,68987.39,68524.18,68843.75,2365.88,162837015.3
2024-10-28 13:00:00,68843.75,69233.97,68721.11,68771.69,4075.16,281098612.75
2024-10-28 14:00:00,68771.69,69038.5,68637.38,68792.95,3293.33,226717123.9
2024-10-28 15:00:00,68792.95,68800.22,68398.95,68439.76,3035.41,208178003.82
2024-10-28 16:00:00,68439.76,68927.75,68395.42,68667.61,2375.42,163211160.99
2024-10-28 17:00:00,68667.61,69177.78,68470.68,68950.1,3150.64,217095768.52
2024-10-28 18:00:00,68950.1,69215.1,68814.72,69180.35,2262.49,156144454.11
2024-10-28 19:00:00,69180.35,69886.87,69149.96,69614.37,5776.7,402092900.78
2024-10-28 20:00:00,69614.37,69702.03,69420.73,69631.11,1211.74,84246533.8
2024-10-28 21:00:00,69631.11,69779.46,69498.17,69766.8,783.57,54591081.47
2024-10-28 22:00:00,69766.8,70241.74,69760.2,69907.91,4001.74,279927465.76
2024-10-28 23:00:00,69907.91,70105.91,69710.9,69925.83,1293.75,90456578.46
2024-10-29 00:00:00,69925.83,69974.73,69725.05,69915.59,1063.24,74251936.86
2024-10-29 01:00:00,69915.59,70307.33,69792.42,70250.51,1527.98,106937647.19
2024-10-29 02:00:00,70250.51,71505.72,70172.43,71131.22,5725.54,406662853.3
2024-10-29 03:00:00,71131.22,71365.48,70827.75,70882.35,1556.13,110694586.34
2024-10-29 04:00:00,70882.35,71076.84,70869.47,71023.18,861.43,61157388.06
2024-10-29 05:00:00,71023.18,71045.56,70849.44,70975.39,640.08,45404650.34
2024-10-29 06:00:00,70975.39,71301.54,70954.67,71199.16,737.61,52486763.13
2024-10-29 07:00:00,71199.16,71217.07,70800.22,70961.67,771.87,54797717.81
2024-10-29 08:00:00,70961.67,71174.01,70935.64,71093.76,502.17,35680448.24
2024-10-29 09:00:00,71093.76,71298.24,71072.76,71245.89,454.15,32330270.53
2024-10-29 10:00:00,71245.89,71290.5,71045.29,71130.52,425.5,30281618.22
2024-10-29 11:00:00,71130.52,71545.42,71110.48,71424.06,1162.06,82929247.39
2024-10-29 12:00:00,71424.06,71469.8,71066.56,71070.62,1456.58,103739261.66
2024-10-29 13:00:00,71070.62,71799.2,70879.59,71779.56,3707.07,264640758.88
2024-10-29 14:00:00,71779.56,71960.28,71293.13,71843.03,5227.21,374869314.11
2024-10-29 15:00:00,71843.03,72416.29,71634.12,72397.83,5718.52,411985258.34
2024-10-29 16:00:00,72397.83,72917.04,72354.19,72728.16,4987.68,362172811.87
2024-10-29 17:00:00,72728.16,72987.06,72526.96,72712.37,3914.39,284910941.4
2024-10-29 18:00:00,72712.37,73243.19,72659.78,73167.86,3243.06,236637024.26
2024-10-29 19:00:00,73167.86,73612.24,72503.36,72521.65,6710.54,490047292.9
2024-10-29 20:00:00,72521.65,72652.9,71857.98,72316.85,3575.52,258252559.78
2024-10-29 21:00:00,72316.85,72593.67,72209.61,72265.76,1013.95,73388997.69
2024-10-29 22:00:00,72265.76,72970.99,72175.7,72650.32,1811.52,131439206.79
2024-10-29 23:00:00,72650.32,72793.92,72509.56,72723.67,1495.56,108644738.49
2024-10-30 00:00:00,72723.67,72770.38,72109.52,72267.16,1688.64,122223117.9
2024-10-30 01:00:00,72267.16,72398.98,71998.77,72395.94,1886.85,136213830.6
2024-10-30 02:00:00,72395.94,72609.28,72302.79,72314.06,1184.46,85827533.34
2024-10-30 03:00:00,72314.06,72451.4,72162.97,72219.82,999.61,72258311.61
2024-10-30 04:00:00,72219.82,72335.34,72170.21,72264.05,517.43,37388249.57
2024-10-30 05:00:00,72264.05,72488.2,72261.84,72478.4,380.0,27509724.05
2024-10-30 06:00:00,72478.4,72591.16,72288.28,72290.06,430.13,31159314.73
2024-10-30 07:00:00,72290.06,72433.37,72093.79,72218.5,343.07,24783232.12
2024-10-30 08:00:00,72218.5,72536.48,72211.34,72226.64,698.39,50562777.15
2024-10-30 09:00:00,72226.64,72564.31,72217.67,72559.95,418.4,30304121.57
2024-10-30 10:00:00,72559.95,72583.1,72339.86,72347.1,438.72,31785822.54
2024-10-30 11:00:00,72347.1,72352.91,71917.19,71970.33,782.05,56425396.41
2024-10-30 12:00:00,71970.33,72131.91,71751.41,71851.3,2097.55,150868790.81
2024-10-30 13:00:00,71851.3,72077.8,71408.4,71948.43,3472.14,249053095.66
2024-10-30 14:00:00,71948.43,72454.08,71910.41,72414.38,3131.64,226181713.54
2024-10-30 15:00:00,72414.38,72444.42,71690.06,72046.29,3000.81,216136280.84
2024-10-30 16:00:00,72046.29,72188.19,71785.33,72109.3,2038.89,146799440.82
2024-10-30 17:00:00,72109.3,72120.38,71629.13,71875.87,1556.73,111831443.86
2024-10-30 18:00:00,71875.87,72134.15,71835.87,71961.21,1393.81,100315727.1
2024-10-30 19:00:00,71961.21,72058.88,71767.38,71819.3,2987.88,214842931.26
2024-10-30 20:00:00,71819.3,72847.67,71632.33,72845.64,5178.25,374012192.04
2024-10-30 21:00:00,72845.64,72945.06,72102.71,72374.1,1846.14,133888916.68
2024-10-30 22:00:00,72374.1,72635.51,72237.05,72376.15,1190.31,86197973.77
2024-10-30 23:00:00,72376.15,72678.54,72331.96,72331.96,730.25,52952608.29
2024-10-31 00:00:00,72331.96,72396.4,72028.89,72143.62,1172.74,84659959.39
2024-10-31 01:00:00,72143.62,72432.51,72007.18,72349.04,942.41,68098979.02
2024-10-31 02:00:00,72349.04,72556.33,72170.17,72533.52,902.07,65275017.17
2024-10-31 03:00:00,72533.52,72574.61,72277.32,72334.59,671.14,48625895.0
2024-10-31 04:00:00,72334.59,72367.36,72216.22,72259.79,476.22,34433715.43
2024-10-31 05:00:00,72259.79,72371.01,72190.4,72275.04,358.27,25893270.81
2024-10-31 06:00:00,72275.04,72311.94,72143.92,72200.76,305.99,22103470.97
2024-10-31 07:00:00,72200.76,72462.26,72138.47,72406.79,458.91,33191984.65
2024-10-31 08:00:00,72406.79,72439.33,72139.06,72258.75,319.76,23103493.28
2024-10-31 09:00:00,72258.75,72375.26,72235.75,72293.05,287.93,20817131.95
2024-10-31 10:00:00,72293.05,72675.24,72210.68,72624.79,713.66,51723876.38
2024-10-31 11:00:00,72624.79,72642.58,72202.79,72209.3,655.31,47407151.24
2024-10-31 12:00:00,72209.3,72255.22,71969.9,72099.25,1575.9,113682042.38
2024-10-31 13:00:00,72099.25,72168.05,71094.23,71279.81,3562.45,255378257.07
2024-10-31 14:00:00,71279.81,71358.16,70595.32,70716.74,5406.26,383560173.12
2024-10-31 15:00:00,70716.74,71014.28,70394.56,70577.48,4093.15,289504970.79
2024-10-31 16:00:00,70577.48,70860.37,70302.13,70338.17,3061.74,215826581.11
2024-10-31 17:00:00,70338.17,70750.62,70292.24,70738.84,2348.28,165689434.31
2024-10-31 18:00:00,70738.84,70740.69,70031.62,70571.67,2989.39,210368156.2
2024-10-31 19:00:00,70571.67,70684.86,69919.9,69976.07,2583.66,181682732.52
2024-10-31 20:00:00,69976.07,70194.61,69585.02,69924.34,3127.66,218797829.08
2024-10-31 21:00:00,69924.34,70434.71,69763.34,70350.82,1223.17,85776823.97
2024-10-31 22:00:00,70350.82,70439.77,70089.31,70386.6,1204.24,84626239.72
2024-10-31 23:00:00,70386.6,70551.42,70203.38,70207.54,917.84,64629451.27
2024-11-01 00:00:00,70207.54,70370.24,70051.45,70068.02,1035.08,72691133.99
2024-11-01 01:00:00,70068.02,70256.39,69218.95,69314.25,2655.45,185042220.82
2024-11-01 02:00:00,69314.25,69510.58,68755.75,69494.55,3003.36,207722630.91
2024-11-01 03:00:00,69494.55,69636.81,69247.95,69282.67,1234.19,85721794.91
2024-11-01 04:00:00,69282.67,69558.0,69255.66,69520.11,817.98,56782441.62
2024-11-01 05:00:00,69520.11,69605.55,69455.42,69546.01,248.45,17274528.53
2024-11-01 06:00:00,69546.01,69629.94,69153.28,69153.28,444.13,30802647.96
2024-11-01 07:00:00,69153.28,69361.7,69026.02,69205.25,648.87,44911927.61
2024-11-01 08:00:00,69205.25,69461.9,69165.82,69311.62,417.13,28919518.7
2024-11-01 09:00:00,69311.62,69526.42,69260.15,69474.36,306.2,21249356.08
2024-11-01 10:00:00,69474.36,70091.77,69456.29,69919.61,1252.82,87461490.54
2024-11-01 11:00:00,69919.61,70165.39,69910.29,69941.42,699.9,49030870.39
2024-11-01 12:00:00,69941.42,70398.74,69844.87,70297.19,2145.3,150512307.32
2024-11-01 13:00:00,70297.19,71175.08,70076.17,71150.52,3648.16,257486217.15
2024-11-01 14:00:00,71150.52,71616.01,70896.91,71264.32,6402.61,456452297.06
2024-11-01 15:00:00,71264.32,71347.92,69032.89,69372.24,5972.5,419329857.37
2024-11-01 16:00:00,69372.24,70492.71,69349.43,69909.59,3983.92,279015481.25
2024-11-01 17:00:00,69909.59,70161.07,69462.58,69560.58,3529.63,246346536.61
2024-11-01 18:00:00,69560.58,69614.02,69027.68,69111.42,3253.7,225646780.8
2024-11-01 19:00:00,69111.42,69392.29,68766.9,69218.17,3338.31,230548102.07
2024-11-01 20:00:00,69218.17,69419.72,69125.96,69205.36,1387.98,96136351.52
2024-11-01 21:00:00,69205.36,69311.05,68825.02,69221.02,1099.57,75944805.6
2024-11-01 22:00:00,69221.02,69417.38,69197.07,69402.16,921.55,63876838.05
2024-11-01 23:00:00,69402.16,69584.29,69327.37,69473.41,583.34,40535824.58
2024-11-02 00:00:00,69473.41,69656.05,69453.45,69647.46,581.32,40441083.96
2024-11-02 01:00:00,69647.46,69680.38,69482.32,69642.58,335.72,23360573.39
2024-11-02 02:00:00,69642.58,69884.38,69642.52,69642.73,443.54,30940679.48
2024-11-02 03:00:00,69642.73,69764.86,69547.76,69582.85,366.61,25538092.98
2024-11-02 04:00:00,69582.85,69607.88,69446.18,69544.85,268.8,18687735.48
2024-11-02 05:00:00,69544.85,69705.07,69430.79,69673.76,151.89,10570412.01
2024-11-02 06:00:00,69673.76,69723.2,69550.63,69723.2,132.64,9236310.62
2024-11-02 07:00:00,69723.2,69787.33,69659.82,69778.13,189.51,13212888.59
2024-11-02 08:00:00,69778.13,69804.67,69550.25,69612.77,186.13,12964460.62
2024-11-02 09:00:00,69612.77,69642.5,69488.53,69531.6,186.46,12967933.71
2024-11-02 10:00:00,69531.6,69599.04,69387.83,69596.0,334.63,23251302.93
2024-11-02 11:00:00,69596.0,69674.94,69558.31,69584.38,225.54,15698107.15
2024-11-02 12:00:00,69584.38,69654.37,69376.15,69435.45,623.38,43329872.21
2024-11-02 13:00:00,69435.45,69678.73,69338.36,69346.78,951.81,66155753.02
2024-11-02 14:00:00,69346.78,69407.77,69006.88,69240.71,1590.14,110046973.7
2024-11-02 15:00:00,69240.71,69415.24,69117.44,69375.21,751.09,52024798.46
2024-11-02 16:00:00,69375.21,69588.18,69293.92,69559.97,551.99,38334091.32
2024-11-02 17:00:00,69559.97,69573.52,69317.28,69378.89,482.03,33461949.6
2024-11-02 18:00:00,69378.89,69464.92,69206.42,69407.66,609.48,42258183.04
2024-11-02 19:00:00,69407.66,69544.92,69378.46,69496.98,303.34,21076654.37
2024-11-02 20:00:00,69496.98,69552.78,69451.74,69513.14,273.94,19041872.91
2024-11-02 21:00:00,69513.14,69540.03,69422.62,69422.63,215.4,14962375.58
2024-11-02 22:00:00,69422.63,69524.79,69344.5,69417.76,324.46,22529054.23
2024-11-02 23:00:00,69417.76,69430.76,69143.79,69354.01,731.32,50642129.4
2024-11-03 00:00:00,69354.01,69364.8,69147.19,69147.2,542.99,37604812.94
2024-11-03 01:00:00,69147.2,69202.78,68982.48,68994.86,969.98,67004808.74
2024-11-03 02:00:00,68994.86,69003.87,67845.35,68185.78,4875.36,333052566.63
2024-11-03 03:00:00,68185.78,68420.26,68004.71,68366.26,1443.97,98599737.58
2024-11-03 04:00:00,68366.26,68667.29,68286.82,68564.44,767.38,52548075.0
2024-11-03 05:00:00,68564.44,68662.76,68409.56,68413.04,293.84,20136300.06
2024-11-03 06:00:00,68413.04,68742.13,68376.08,68550.13,274.29,18795485.15
2024-11-03 07:00:00,68550.13,68683.3,68349.23,68363.48,536.36,36726490.63
2024-11-03 08:00:00,68363.48,68568.88,68274.03,68455.84,414.29,28336127.92
2024-11-03 09:00:00,68455.84,68496.73,68178.34,68214.07,287.55,19640355.03
2024-11-03 10:00:00,68214.07,68528.41,68210.89,68412.69,456.61,31230711.64
2024-11-03 11:00:00,68412.69,68541.55,68299.48,68337.24,249.32,17058640.57
2024-11-03 12:00:00,68337.24,68525.49,68275.1,68468.8,624.99,42763024.06
2024-11-03 13:00:00,68468.8,68485.65,67979.19,68032.38,1469.28,100232767.11
2024-11-03 14:00:00,68032.38,68170.55,67577.74,67747.02,2662.29,180604137.07
2024-11-03 15:00:00,67747.02,68197.03,67457.91,68070.85,2834.47,192000296.86
2024-11-03 16:00:00,68070.85,68513.08,68034.99,68129.63,2021.95,138040257.97
2024-11-03 17:00:00,68129.63,68451.33,68110.68,68335.55,901.78,61629573.22
2024-11-03 18:00:00,68335.55,68419.07,67680.48,67991.89,1318.42,89709042.7
2024-11-03 19:00:00,67991.89,68665.01,67978.36,68647.81,1264.98,86524239.7
2024-11-03 20:00:00,68647.81,68946.72,68485.38,68939.31,1073.02,73760947.42
2024-11-03 21:00:00,68939.31,69324.92,68936.82,69113.18,1736.49,120047338.03
2024-11-03 22:00:00,69113.18,69278.24,68761.13,68860.2,757.96,52328880.51
2024-11-03 23:00:00,68860.2,68881.47,68479.69,68747.04,1896.61,130296031.98
2024-11-04 00:00:00,68747.04,68747.67,68208.59,68674.94,1509.67,103404194.17
2024-11-04 01:00:00,68674.94,68997.52,68533.16,68934.44,1780.78,122472374.4
2024-11-04 02:00:00,68934.44,69283.84,68840.66,69257.38,1348.52,93145604.74
2024-11-04 03:00:00,69257.38,69453.56,68962.7,68998.97,953.44,65962798.64
2024-11-04 04:00:00,68998.97,69347.9,68998.93,69097.08,450.91,31174006.74
2024-11-04 05:00:00,69097.08,69124.38,68670.39,68767.11,405.47,27937089.71
2024-11-04 06:00:00,68767.11,69109.14,68764.88,69067.73,256.64,17700242.25
2024-11-04 07:00:00,69067.73,69117.81,68555.31,68555.46,642.18,44155861.11
2024-11-04 08:00:00,68555.46,68689.15,68416.02,68639.5,474.44,32520562.98
2024-11-04 09:00:00,68639.5,68866.47,68442.52,68596.48,832.24,57143566.6
2024-11-04 10:00:00,68596.48,68862.19,68554.17,68787.88,626.0,43046038.32
2024-11-04 11:00:00,68787.88,68987.38,68657.83,68742.14,591.56,40696831.59
2024-11-04 12:00:00,68742.14,68964.06,68679.73,68921.13,997.53,68693028.78
2024-11-04 13:00:00,68921.13,69213.64,68614.48,68626.19,1851.26,127644418.77
2024-11-04 14:00:00,68626.19,68677.42,68163.99,68362.99,3704.7,253453943.51
2024-11-04 15:00:00,68362.99,68729.72,68207.88,68614.32,3397.96,232406359.77
2024-11-04 16:00:00,68614.32,68766.68,67580.63,67713.41,3980.74,271281341.93
2024-11-04 17:00:00,67713.41,67890.16,67199.56,67795.94,4213.18,284841854.11
2024-11-04 18:00:00,67795.94,68009.51,67535.68,67611.44,3016.66,204283524.39
2024-11-04 19:00:00,67611.44,68023.19,67603.9,67806.85,2025.21,137434281.3
2024-11-04 20:00:00,67806.85,67806.97,67257.33,67295.11,2389.59,161318273.57
2024-11-04 21:00:00,67295.11,67564.5,66793.64,67077.11,4236.21,284413076.79
2024-11-04 22:00:00,67077.11,68052.77,67021.99,67887.04,2022.25,136679109.31
2024-11-04 23:00:00,67887.04,67988.15,67603.94,67811.95,1434.2,97248590.13
2024-11-05 00:00:00,67811.95,68130.28,67757.35,67981.77,1753.84,119213890.02
2024-11-05 01:00:00,67981.77,68041.04,67432.99,67944.98,1802.33,122149336.26
2024-11-05 02:00:00,67944.98,68025.66,67784.56,67839.72,1091.06,74100130.95
2024-11-05 03:00:00,67839.72,68211.49,67835.25,68203.02,858.42,58400955.74
2024-11-05 04:00:00,68203.02,68462.61,68176.42,68280.08,741.84,50685852.32
2024-11-05 05:00:00,68280.08,68747.25,68259.0,68701.29,569.85,39020694.37
2024-11-05 06:00:00,68701.29,68768.5,68540.53,68740.97,385.6,26471373.81
2024-11-05 07:00:00,68740.97,68939.89,68545.16,68860.43,568.3,39081077.95
2024-11-05 08:00:00,68860.43,69012.73,68749.28,69000.06,611.15,42085919.17
2024-11-05 09:00:00,69000.06,69062.65,68709.67,68742.29,740.32,50996867.15
2024-11-05 10:00:00,68742.29,68812.79,68588.71,68736.06,523.51,35963503.07
2024-11-05 11:00:00,68736.06,68935.77,68736.06,68783.98,555.66,38239733.95
2024-11-05 12:00:00,68783.98,68926.15,68648.64,68843.64,1075.35,73976738.03
2024-11-05 13:00:00,68843.64,68876.75,68647.08,68794.15,1231.8,84697954.67
2024-11-05 14:00:00,68794.15,70308.4,68742.89,69960.16,6050.88,421810632.22
2024-11-05 15:00:00,69960.16,70058.23,69213.11,69615.44,5804.45,404366671.06
2024-11-05 16:00:00,69615.44,70540.03,69513.86,70179.4,4628.47,324234282.66
2024-11-05 17:00:00,70179.4,70464.77,69893.23,69958.09,3190.32,223841805.11
2024-11-05 18:00:00,69958.09,70266.14,69741.67,70236.12,2425.72,169840929.75
2024-11-05 19:00:00,70236.12,70275.46,68735.34,69001.44,3712.45,258258787.93
2024-11-05 20:00:00,69001.44,69649.08,68833.13,69441.59,3768.44,261485430.74
2024-11-05 21:00:00,69441.59,69616.44,69085.13,69160.09,1567.64,108803336.63
2024-11-05 22:00:00,69160.09,69595.17,68896.37,69585.62,1411.23,97692471.05
2024-11-05 23:00:00,69585.62,69896.68,69294.4,69378.09,2142.74,149101602.31
2024-11-06 00:00:00,69378.09,71496.06,69295.92,71127.82,7642.3,538733193.33
2024-11-06 01:00:00,71127.82,71440.18,70625.65,71144.72,5522.34,392601374.32
2024-11-06 02:00:00,71144.72,73318.77,70961.64,73107.82,7766.82,562301281.74
2024-11-06 03:00:00,73107.82,75089.09,73076.05,74337.95,12107.74,897723995.88
2024-11-06 04:00:00,74337.95,74974.42,73921.38,74289.62,5377.43,400818672.42
2024-11-06 05:00:00,74289.62,74863.49,73671.17,74778.61,4081.72,302977176.52
2024-11-06 06:00:00,74778.61,75392.26,74245.17,74278.54,4561.0,341567124.36
2024-11-06 07:00:00,74278.54,74675.79,73152.74,73401.53,4597.78,340251902.46
2024-11-06 08:00:00,73401.53,73559.77,72726.93,73479.99,3304.56,241604154.3
2024-11-06 09:00:00,73479.99,74116.55,73473.53,73808.73,2280.97,168440104.19
2024-11-06 10:00:00,73808.73,73972.19,73430.97,73868.54,1685.75,124219372.76
2024-11-06 11:00:00,73868.54,74494.64,73699.06,74318.83,1645.62,122053115.75
2024-11-06 12:00:00,74318.83,74819.51,74204.38,74211.83,3330.3,248172687.7
2024-11-06 13:00:00,74211.83,74319.9,73642.32,74031.58,3350.98,247946131.86
2024-11-06 14:00:00,74031.58,74815.85,73540.86,73674.95,7419.67,550396979.75
2024-11-06 15:00:00,73674.95,74590.18,73577.23,74389.79,6309.72,468215775.67
2024-11-06 16:00:00,74389.79,74634.0,74187.63,74385.76,4489.92,333986797.44
2024-11-06 17:00:00,74385.76,74947.42,74215.23,74510.79,5337.7,398202024.13
2024-11-06 18:00:00,74510.79,75326.36,74461.46,75324.25,4547.84,340981463.69
2024-11-06 19:00:00,75324.25,75952.4,75143.04,75932.85,6747.45,509455444.32
2024-11-06 20:00:00,75932.85,76482.2,75599.32,76201.07,6980.27,530316400.56
2024-11-06 21:00:00,76201.07,76262.51,75752.21,75966.56,3848.59,292492230.6
2024-11-06 22:00:00,75966.56,76106.14,75591.78,75696.12,1580.39,119845351.16
2024-11-06 23:00:00,75696.12,75904.64,75628.05,75643.57,1690.99,128044991.08
2024-11-07 00:00:00,75643.57,75703.05,75126.99,75400.32,2135.78,160971080.78
2024-11-07 01:00:00,75400.32,76060.86,75282.17,75441.95,3300.05,249259818.66
2024-11-07 02:00:00,75441.95,75510.99,75187.7,75314.67,1920.72,144696515.59
2024-11-07 03:00:00,75314.67,75442.02,75060.59,75092.74,1544.92,116222796.98
2024-11-07 04:00:00,75092.74,75104.73,74669.58,74780.23,1144.03,85637250.36
2024-11-07 05:00:00,74780.23,74948.2,74733.83,74795.12,550.15,41174887.96
2024-11-07 06:00:00,74795.12,74875.75,74472.09,74807.21,901.34,67307590.39
2024-11-07 07:00:00,74807.21,74997.34,74725.45,74807.41,510.57,38232256.05
2024-11-07 08:00:00,74807.41,75173.46,74720.2,75171.52,700.52,52572078.43
2024-11-07 09:00:00,75171.52,75181.61,74867.14,74954.64,522.04,39168769.6
2024-11-07 10:00:00,74954.64,75062.9,74797.94,75054.35,649.7,48675269.87
2024-11-07 11:00:00,75054.35,75068.24,74739.37,74776.43,551.66,41325459.56
2024-11-07 12:00:00,74776.43,75151.29,74763.7,75028.34,1076.13,80709695.47
2024-11-07 13:00:00,75028.34,75079.85,74634.61,74709.68,1856.55,138936653.99
2024-11-07 14:00:00,74709.68,75040.74,74580.45,74874.12,3639.47,272359218.66
2024-11-07 15:00:00,74874.12,76147.64,74742.81,76144.59,5759.55,434773278.91
2024-11-07 16:00:00,76144.59,76277.69,75639.51,75986.11,4466.01,338913517.05
2024-11-07 17:00:00,75986.11,76565.04,75838.03,76359.76,4872.12,371628869.76
2024-11-07 18:00:00,76359.76,76779.48,75918.87,76676.94,4791.83,366224437.25
2024-11-07 19:00:00,76676.94,76680.11,76025.57,76625.8,5206.84,397640961.94
2024-11-07 20:00:00,76625.8,76963.92,76406.55,76574.29,6734.99,516360765.32
2024-11-07 21:00:00,76574.29,76688.77,75960.66,75967.23,2354.9,179848788.77
2024-11-07 22:00:00,75967.23,76065.9,75549.3,75923.93,1503.02,113890399.12
2024-11-07 23:00:00,75923.93,76136.56,75773.92,75922.41,1797.64,136533495.08
2024-11-08 00:00:00,75922.41,76415.02,75904.71,76073.47,2135.5,162675791.28
2024-11-08 01:00:00,76073.47,76393.4,75912.22,76047.83,2133.48,162420837.56
2024-11-08 02:00:00,76047.83,76085.58,75717.6,75783.1,1413.15,107181199.5
2024-11-08 03:00:00,75783.1,75971.06,75656.7,75970.65,979.09,74238381.92
2024-11-08 04:00:00,75970.65,76102.84,75883.51,75907.57,593.88,45138749.84
2024-11-08 05:00:00,75907.57,76213.96,75885.75,76049.43,649.32,49391809.35
2024-11-08 06:00:00,76049.43,76076.28,75892.19,75937.19,407.56,30966093.81
2024-11-08 07:00:00,75937.19,76329.36,75754.4,76276.19,1279.65,97434274.37
2024-11-08 08:00:00,76276.19,76288.86,75844.34,75890.69,639.9,48629636.61
2024-11-08 09:00:00,75890.69,76156.0,75862.22,76026.3,544.83,41432084.63
2024-11-08 10:00:00,76026.3,76395.45,75858.03,76316.24,603.15,45889640.09
2024-11-08 11:00:00,76316.24,76364.39,76013.13,76025.17,523.75,39916635.38
2024-11-08 12:00:00,76025.17,76258.26,76011.69,76150.01,1148.73,87460483.12
2024-11-08 13:00:00,76150.01,76379.4,75931.19,76361.36,1930.6,146946547.36
2024-11-08 14:00:00,76361.36,76422.83,75692.05,75816.08,3495.98,265933786.17
2024-11-08 15:00:00,75816.08,76665.22,75699.1,76515.41,4576.93,348857238.22
2024-11-08 16:00:00,76515.41,76605.79,75902.7,75986.03,3871.73,295159053.63
2024-11-08 17:00:00,75986.03,76597.05,75895.37,76452.67,3303.77,251700540.6
2024-11-08 18:00:00,76452.67,77105.12,76413.39,76915.72,5003.95,384072868.48
2024-11-08 19:00:00,76915.72,77289.29,76843.28,77022.43,4744.85,365680582.01
2024-11-08 20:00:00,77022.43,77207.57,76521.4,76698.69,4502.2,345657591.63
2024-11-08 21:00:00,76698.69,76787.32,76457.6,76536.35,2204.22,168890848.38
2024-11-08 22:00:00,76536.35,76679.14,76366.86,76429.24,1100.06,84219639.98
2024-11-08 23:00:00,76429.24,76580.32,76360.66,76562.31,843.04,64470074.53
2024-11-09 00:00:00,76562.31,76690.59,76419.36,76484.7,828.75,63450688.19
2024-11-09 01:00:00,76484.7,76597.21,76305.15,76358.67,879.33,67208866.98
2024-11-09 02:00:00,76358.67,76480.18,76190.12,76473.77,820.63,62628066.45
2024-11-09 03:00:00,76473.77,76493.2,76294.89,76400.94,456.0,34821968.42
2024-11-09 04:00:00,76400.94,76464.26,76343.33,76429.79,236.98,18109423.22
2024-11-09 05:00:00,76429.79,76699.14,76411.16,76596.88,444.95,34060873.04
2024-11-09 06:00:00,76596.88,76828.21,76462.86,76562.64,540.52,41426036.49
2024-11-09 07:00:00,76562.64,76584.31,76409.03,76582.43,287.85,22021834.96
2024-11-09 08:00:00,76582.43,76768.73,76485.16,76585.79,313.79,24040861.01
2024-11-09 09:00:00,76585.79,76680.54,76548.62,76601.05,333.02,25512330.54
2024-11-09 10:00:00,76601.05,76670.21,76460.05,76510.45,327.18,25046502.03
2024-11-09 11:00:00,76510.45,76557.93,76426.78,76533.64,176.9,13530604.82
2024-11-09 12:00:00,76533.64,76586.84,76328.91,76338.09,460.96,35232157.06
2024-11-09 13:00:00,76338.09,76517.98,76331.0,76467.23,505.18,38602209.11
2024-11-09 14:00:00,76467.23,76479.38,76309.42,76398.43,627.66,47932374.51
2024-11-09 15:00:00,76398.43,76450.38,76325.0,76352.87,397.59,30365652.84
2024-11-09 16:00:00,76352.87,76361.41,76099.68,76124.25,780.93,59491864.28
2024-11-09 17:00:00,76124.25,76280.11,75763.57,76274.78,1485.22,112878060.15
2024-11-09 18:00:00,76274.78,76424.16,76230.47,76397.33,703.78,53727638.89
2024-11-09 19:00:00,76397.33,76728.62,76157.43,76244.09,1469.58,112333692.47
2024-11-09 20:00:00,76244.09,76404.7,76215.45,76331.81,555.29,42386344.34
2024-11-09 21:00:00,76331.81,76520.38,76261.33,76481.56,568.74,43448394.56
2024-11-09 22:00:00,76481.56,76646.61,76394.91,76547.91,967.89,74054809.62
2024-11-09 23:00:00,76547.91,76949.29,76509.52,76716.41,1639.72,125849709.91
2024-11-10 00:00:00,76716.41,77138.71,76545.66,76929.82,1662.06,127730421.97
2024-11-10 01:00:00,76929.82,77007.64,76720.74,76745.45,1341.93,103063339.84
2024-11-10 02:00:00,76745.45,77516.75,76707.77,77076.24,3003.21,231938717.79
2024-11-10 03:00:00,77076.24,77469.09,77026.05,77265.38,1459.95,112821568.82
2024-11-10 04:00:00,77265.38,79321.98,77197.78,79139.6,5067.23,397079117.9
2024-11-10 05:00:00,79139.6,79774.77,78841.46,79099.92,3976.86,315543465.99
2024-11-10 06:00:00,79099.92,79279.89,78651.18,78931.48,1734.65,137001822.28
2024-11-10 07:00:00,78931.48,79170.78,78762.18,78857.19,619.64,48937334.15
2024-11-10 08:00:00,78857.19,79153.73,78857.18,79144.27,567.78,44870320.64
2024-11-10 09:00:00,79144.27,79524.13,79139.92,79407.77,922.79,73205616.61
2024-11-10 10:00:00,79407.77,79782.2,79314.22,79585.32,1300.43,103414068.17
2024-11-10 11:00:00,79585.32,80061.57,79581.04,79892.12,2048.79,163716672.66
2024-11-10 12:00:00,79892.12,80122.96,79316.37,79701.2,2833.02,225526691.39
2024-11-10 13:00:00,79701.2,79947.04,79594.63,79783.05,1365.52,108951261.68
2024-11-10 14:00:00,79783.05,80026.78,79247.62,79565.54,2361.13,187976647.27
2024-11-10 15:00:00,79565.54,79812.73,79435.71,79750.36,1509.4,120250182.33
2024-11-10 16:00:00,79750.36,79843.09,79551.58,79831.15,1257.03,100238398.39
2024-11-10 17:00:00,79831.15,80758.14,79712.49,80420.5,3535.07,283850237.86
2024-11-10 18:00:00,80420.5,81086.27,80419.17,80605.91,4410.6,356509374.0
2024-11-10 19:00:00,80605.91,80924.4,79418.01,79794.36,3157.39,253182310.24
2024-11-10 20:00:00,79794.36,79961.8,78983.57,78993.69,3091.94,245522076.19
2024-11-10 21:00:00,78993.69,80041.7,78525.54,79928.81,3329.39,264072008.39
2024-11-10 22:00:00,79928.81,81520.53,79849.8,80664.97,4210.74,339929032.07
2024-11-10 23:00:00,80664.97,80734.07,80025.01,80429.43,2948.65,237067782.26
2024-11-11 00:00:00,80429.43,80854.68,80283.65,80621.53,2524.49,203461212.8
2024-11-11 01:00:00,80621.53,81772.46,80423.29,81261.5,3279.74,265855927.02
2024-11-11 02:00:00,81261.5,81580.74,81097.5,81503.41,2577.4,209748360.41
2024-11-11 03:00:00,81503.41,81910.22,81031.62,81695.58,2067.12,168391811.52
2024-11-11 04:00:00,81695.58,81796.15,81239.34,81510.16,1088.9,88766316.77
2024-11-11 05:00:00,81510.16,81647.6,80525.66,80800.95,1227.78,99486869.14
2024-11-11 06:00:00,80800.95,81308.45,80666.08,80964.44,1105.21,89519741.24
2024-11-11 07:00:00,80964.44,81286.52,80833.89,81196.55,746.45,60489712.2
2024-11-11 08:00:00,81196.55,81444.37,81101.53,81320.77,963.26,78290721.7
2024-11-11 09:00:00,81320.77,81847.8,81240.5,81773.94,1204.78,98265986.68
2024-11-11 10:00:00,81773.94,82442.01,81748.92,82049.35,1760.53,144522444.1
2024-11-11 11:00:00,82049.35,82306.83,81908.07,82216.06,1035.79,85068767.84
2024-11-11 12:00:00,82216.06,82521.99,81819.03,82239.6,3194.73,262666962.23
2024-11-11 13:00:00,82239.6,82297.37,81560.86,81901.18,3150.74,257930556.76
2024-11-11 14:00:00,81901.18,82689.43,81612.03,82599.8,6464.84,531495965.94
2024-11-11 15:00:00,82599.8,84416.22,82463.72,84182.33,9829.96,821389868.98
2024-11-11 16:00:00,84182.33,85001.03,83936.14,84331.02,9570.05,809020438.44
2024-11-11 17:00:00,84331.02,84987.42,84318.33,84732.35,5439.44,460826546.61
2024-11-11 18:00:00,84732.35,85958.72,84321.31,85951.4,7234.48,615520382.0
2024-11-11 19:00:00,85951.4,86688.17,85554.24,86275.47,8418.73,725765980.4
2024-11-11 20:00:00,86275.47,87524.83,86242.46,87045.37,9000.81,783417005.79
2024-11-11 21:00:00,87045.37,88469.42,86854.26,88012.82,7460.85,655374147.33
2024-11-11 22:00:00,88012.82,88182.35,86520.29,88089.33,5633.81,491658223.3
2024-11-11 23:00:00,88089.33,89644.7,88088.16,88758.31,9427.43,838745680.83
2024-11-12 00:00:00,88758.31,89084.26,86696.48,89072.23,7118.77,625575946.85
2024-11-12 01:00:00,89072.23,89582.81,88518.99,88646.49,5086.49,453112525.89
2024-11-12 02:00:00,88646.49,88975.31,87080.96,87822.16,4244.49,373386931.99
2024-11-12 03:00:00,87822.16,88328.27,87608.3,88181.14,3009.05,264495136.22
2024-11-12 04:00:00,88181.14,89093.86,87833.22,88538.79,1679.34,148687715.23
2024-11-12 05:00:00,88538.79,88893.45,88275.74,88475.11,1619.34,143424301.63
2024-11-12 06:00:00,88475.11,89917.75,88266.82,89649.95,2257.89,201644891.04
2024-11-12 07:00:00,89649.95,90002.04,89092.46,89110.02,1978.24,177160186.97
2024-11-12 08:00:00,89110.02,89416.14,88850.57,89400.7,1477.35,131601033.89
2024-11-12 09:00:00,89400.7,89483.23,87740.43,87740.43,2787.5,246838884.69
2024-11-12 10:00:00,87740.43,88114.16,85359.9,86859.49,5752.27,499136187.95
2024-11-12 11:00:00,86859.49,87931.63,86616.12,87247.88,3347.77,292232108.47
2024-11-12 12:00:00,87247.88,87912.97,86276.88,86398.65,4782.14,416359910.46
2024-11-12 13:00:00,86398.65,86573.71,85125.04,86363.36,8627.38,740839146.98
2024-11-12 14:00:00,86363.36,87137.52,85267.09,87072.9,8063.49,695164456.15
2024-11-12 15:00:00,87072.9,87571.25,86232.23,86709.37,7034.02,611720461.32
2024-11-12 16:00:00,86709.37,87703.52,85818.81,87148.95,8088.15,701210878.48
2024-11-12 17:00:00,87148.95,88019.86,86996.52,87068.59,6731.55,589234765.11
2024-11-12 18:00:00,87068.59,89042.91,87028.69,88958.2,7030.91,620343045.78
2024-11-12 19:00:00,88958.2,89938.94,88792.39,88856.72,7238.17,646758202.65
2024-11-12 20:00:00,88856.72,90006.57,88816.12,89603.71,8522.51,763201312.69
2024-11-12 21:00:00,89603.71,89821.6,88193.14,88320.06,5276.76,468959963.37
2024-11-12 22:00:00,88320.06,88715.09,87687.34,88657.06,2862.43,252391151.23
2024-11-12 23:00:00,88657.06,88657.15,87514.85,88040.54,2989.89,263218522.39
2024-11-13 00:00:00,88040.54,88563.19,87696.83,88158.08,3450.09,304274927.74
2024-11-13 01:00:00,88158.08,88654.14,87824.38,88372.21,3841.3,338828182.05
2024-11-13 02:00:00,88372.21,88432.87,87148.52,87985.05,3872.37,339676512.25
2024-11-13 03:00:00,87985.05,88264.31,87180.9,87263.33,2929.27,256878782.06
2024-11-13 04:00:00,87263.33,87802.57,86384.2,87304.01,3204.63,278970124.92
2024-11-13 05:00:00,87304.01,87563.68,86588.95,86666.34,1568.09,136656521.85
2024-11-13 06:00:00,86666.34,87069.22,86252.86,86594.17,1589.28,137713876.16
2024-11-13 07:00:00,86594.17,87608.76,86578.6,87491.32,2154.9,187985199.14
2024-11-13 08:00:00,87491.32,87810.38,87228.34,87337.67,1683.89,147316998.89
2024-11-13 09:00:00,87337.67,87650.28,87201.65,87510.7,1265.76,110714962.49
2024-11-13 10:00:00,87510.7,87666.3,87240.96,87646.1,1158.64,101309609.52
2024-11-13 11:00:00,87646.1,88191.15,87571.92,87793.47,1739.15,152741359.82
2024-11-13 12:00:00,87793.47,88142.21,87631.36,87779.59,2245.51,197357217.52
2024-11-13 13:00:00,87779.59,89868.5,87701.43,89349.3,6866.4,609928957.75
2024-11-13 14:00:00,89349.3,91964.81,88850.02,91672.07,14536.92,1316711492.4
2024-11-13 15:00:00,91672.07,92904.52,90600.28,92758.7,13389.65,1228964851.77
2024-11-13 16:00:00,92758.7,93479.86,91645.46,92453.7,11331.94,1050449423.89
2024-11-13 17:00:00,92453.7,92990.59,91895.98,92363.09,6623.89,612403186.76
2024-11-13 18:00:00,92363.09,93278.17,92235.25,92953.94,6116.12,567364737.16
2024-11-13 19:00:00,92953.94,93010.15,90054.94,90314.85,11821.73,1075395936.84
2024-11-13 20:00:00,90314.85,91275.82,89410.53,89789.63,10052.32,909438766.67
2024-11-13 21:00:00,89789.63,89892.24,88061.18,88632.93,8036.05,714599241.55
2024-11-13 22:00:00,88632.93,89917.42,88457.1,89816.67,2404.04,215036864.23
2024-11-13 23:00:00,89816.67,90639.58,89367.11,90498.51,2884.9,259963886.85
2024-11-14 00:00:00,90498.51,90617.49,89789.46,90195.08,2666.57,240490903.11
2024-11-14 01:00:00,90195.08,90518.74,89611.03,90463.07,3103.73,279542755.23
2024-11-14 02:00:00,90463.07,90638.16,89753.12,90176.07,2534.83,228434561.69
2024-11-14 03:00:00,90176.07,90284.44,89615.02,90019.18,1894.84,170424170.52
2024-11-14 04:00:00,90019.18,90263.05,89409.76,90184.45,1446.41,129944713.45
2024-11-14 05:00:00,90184.45,90184.45,89720.57,90018.01,768.63,69149778.12
2024-11-14 06:00:00,90018.01,90347.04,89343.39,89372.93,888.19,79904233.88
2024-11-14 07:00:00,89372.93,90912.11,89156.92,90843.46,1321.26,118961261.22
2024-11-14 08:00:00,90843.46,91478.3,90393.89,90612.75,1977.25,179990853.08
2024-11-14 09:00:00,90612.75,90962.27,90414.04,90962.27,1059.72,96071434.48
2024-11-14 10:00:00,90962.27,91477.7,90895.24,91156.57,1608.55,146714654.85
2024-11-14 11:00:00,91156.57,91712.56,90534.49,91553.64,1533.3,139667581.78
2024-11-14 12:00:00,91553.64,91653.94,91011.72,91299.55,2545.91,232539820.35
2024-11-14 13:00:00,91299.55,91436.9,90639.83,90800.24,3034.38,276071521.33
2024-11-14 14:00:00,90800.24,91817.29,88711.97,88764.25,9810.23,883899382.63
2024-11-14 15:00:00,88764.25,89664.41,87829.6,87946.32,10862.14,964476920.61
2024-11-14 16:00:00,87946.32,89257.76,87543.0,89226.34,6698.1,591654570.04
2024-11-14 17:00:00,89226.34,89409.72,88618.43,89268.24,3950.48,351675818.13
2024-11-14 18:00:00,89268.24,89731.29,88956.58,89154.06,3641.86,325508043.83
2024-11-14 19:00:00,89154.06,89691.83,89150.43,89495.14,2455.1,219689866.39
2024-11-14 20:00:00,89495.14,89495.41,87544.52,87588.69,6605.08,583020877.64
2024-11-14 21:00:00,87588.69,88279.14,86995.51,88214.62,5323.46,466914224.92
2024-11-14 22:00:00,88214.62,88353.31,87068.61,87658.36,2353.37,206674382.96
2024-11-14 23:00:00,87658.36,87787.51,86679.1,87334.19,3762.82,328143427.01
2024-11-15 00:00:00,87334.19,88447.91,87259.57,87905.59,3194.66,281303264.16
2024-11-15 01:00:00,87905.59,88190.21,87419.51,88111.86,2620.03,230284152.38
2024-11-15 02:00:00,88111.86,88466.85,87755.32,88392.68,2106.63,185723245.56
2024-11-15 03:00:00,88392.68,88502.09,88150.47,88256.15,1316.18,116238637.89
2024-11-15 04:00:00,88256.15,88273.77,87118.43,87481.3,1742.94,152610545.61
2024-11-15 05:00:00,87481.3,87893.07,87324.2,87755.86,852.67,74759242.29
2024-11-15 06:00:00,87755.86,88205.63,87626.72,88202.91,606.64,53349164.52
2024-11-15 07:00:00,88202.91,88416.12,87638.8,87673.31,763.32,67224034.36
2024-11-15 08:00:00,87673.31,88180.43,87403.28,88105.55,795.63,69868186.09
2024-11-15 09:00:00,88105.55,89361.07,88042.58,89206.68,1856.35,165034489.14
2024-11-15 10:00:00,89206.68,89463.35,88968.65,89367.11,986.03,87998110.46
2024-11-15 11:00:00,89367.11,89776.63,89150.62,89747.3,878.77,78610692.63
2024-11-15 12:00:00,89747.3,90700.26,89607.02,89765.36,3647.31,328571366.24
2024-11-15 13:00:00,89765.36,90490.88,89321.93,90161.9,2905.4,261126295.7
2024-11-15 14:00:00,90161.9,90207.1,88587.8,89134.49,6723.26,600867097.26
2024-11-15 15:00:00,89134.49,89142.26,87747.96,88437.18,8886.96,785185041.41
2024-11-15 16:00:00,88437.18,89751.6,88395.74,89380.99,5583.4,498055577.25
2024-11-15 17:00:00,89380.99,89977.18,89244.09,89506.48,4257.2,381490036.29
2024-11-15 18:00:00,89506.48,89834.25,89229.81,89392.65,3393.13,303988986.72
2024-11-15 19:00:00,89392.65,90863.89,89269.07,90398.61,3989.53,359336818.01
2024-11-15 20:00:00,90398.61,91519.29,90364.71,91494.11,6231.75,567306351.74
2024-11-15 21:00:00,91494.11,91889.03,91121.46,91735.28,4014.77,366984630.87
2024-11-15 22:00:00,91735.28,91897.76,91123.63,91234.92,2027.59,185401587.76
2024-11-15 23:00:00,91234.92,91487.65,90905.37,91058.92,1669.73,152298414.37
2024-11-16 00:00:00,91058.92,91366.01,90892.06,91053.66,2319.19,211233496.46
2024-11-16 01:00:00,91053.66,91491.94,90991.74,91296.55,1758.7,160562368.96
2024-11-16 02:00:00,91296.55,91753.58,91209.75,91467.09,1445.83,132304731.79
2024-11-16 03:00:00,91467.09,91641.56,91103.5,91305.01,1070.93,97846775.12
2024-11-16 04:00:00,91305.01,91449.66,91125.15,91330.52,525.79,47979356.2
2024-11-16 05:00:00,91330.52,91810.87,91203.33,91390.21,605.75,55424607.96
2024-11-16 06:00:00,91390.21,91496.99,91205.33,91246.31,422.56,38594706.58
2024-11-16 07:00:00,91246.31,91439.99,91120.5,91162.82,437.27,39907850.02
2024-11-16 08:00:00,91162.82,91453.32,91067.19,91446.47,501.95,45819911.55
2024-11-16 09:00:00,91446.47,91459.23,91260.99,91261.71,377.41,34482742.6
2024-11-16 10:00:00,91261.71,91611.79,91252.33,91412.11,506.77,46335533.3
2024-11-16 11:00:00,91412.11,91437.99,91016.3,91196.36,691.37,63047947.93
2024-11-16 12:00:00,91196.36,91343.34,90528.19,90918.56,2189.91,199036111.79
2024-11-16 13:00:00,90918.56,91221.64,90714.47,90786.7,1311.99,119364068.27
2024-11-16 14:00:00,90786.7,91099.39,90648.72,90996.85,1365.1,124123531.38
2024-11-16 15:00:00,90996.85,91044.35,90092.82,90552.4,2592.43,234651570.62
2024-11-16 16:00:00,90552.4,90871.34,90234.4,90640.43,1851.52,167718645.12
2024-11-16 17:00:00,90640.43,91043.56,90541.14,90949.84,1243.34,112959854.22
2024-11-16 18:00:00,90949.84,91431.67,90873.48,91340.53,1241.7,113299328.89
2024-11-16 19:00:00,91340.53,91370.8,90984.78,91150.45,828.7,75529806.64
2024-11-16 20:00:00,91150.45,91221.5,90734.39,90798.71,1174.25,106782857.01
2024-11-16 21:00:00,90798.71,91118.81,90752.09,91052.1,933.86,84956639.91
2024-11-16 22:00:00,91052.1,91061.28,90362.59,90376.57,690.53,62661372.37
2024-11-16 23:00:00,90376.57,90704.5,90373.48,90630.94,1401.91,126952613.15
2024-11-17 00:00:00,90630.94,90927.13,90622.43,90843.59,1045.7,94941075.06
2024-11-17 01:00:00,90843.59,90908.67,90045.15,90312.58,1792.86,162150569.67
2024-11-17 02:00:00,90312.58,90321.8,89402.96,90073.79,3328.79,298866780.75
2024-11-17 03:00:00,90073.79,90294.06,89823.6,90291.87,929.47,83714556.58
2024-11-17 04:00:00,90291.87,90690.9,90192.26,90598.86,1038.9,93965941.48
2024-11-17 05:00:00,90598.86,90899.72,90376.31,90467.48,482.27,43718021.72
2024-11-17 06:00:00,90467.48,90771.95,90374.18,90632.4,270.82,24528121.95
2024-11-17 07:00:00,90632.4,90653.58,90365.96,90539.74,252.69,22872320.88
2024-11-17 08:00:00,90539.74,91039.63,90474.4,90970.68,669.88,60779258.88
2024-11-17 09:00:00,90970.68,91436.45,90955.45,91289.25,598.61,54604119.8
2024-11-17 10:00:00,91289.25,91330.88,90907.92,91071.1,414.65,37788693.8
2024-11-17 11:00:00,91071.1,91084.13,90522.53,90692.08,698.6,63380261.68
2024-11-17 12:00:00,90692.08,91170.96,90640.09,91071.2,1107.24,100673001.36
2024-11-17 13:00:00,91071.2,91092.6,90313.66,90502.65,1812.64,164341524.67
2024-11-17 14:00:00,90502.65,90753.47,89932.51,90311.48,1907.83,172323415.84
2024-11-17 15:00:00,90311.48,90584.52,90126.72,90263.03,1237.54,111829215.98
2024-11-17 16:00:00,90263.03,90526.27,90085.87,90452.55,1104.9,99756211.89
2024-11-17 17:00:00,90452.55,90628.53,90154.81,90579.77,1162.87,105171476.35
2024-11-17 18:00:00,90579.77,90620.24,89844.88,89941.69,1789.77,161264255.15
2024-11-17 19:00:00,89941.69,90152.49,89693.29,90050.41,1230.31,110638485.76
2024-11-17 20:00:00,90050.41,90222.18,89497.59,89643.24,1776.26,159516443.56
2024-11-17 21:00:00,89643.24,89734.38,89010.02,89139.53,2159.71,193118215.69
2024-11-17 22:00:00,89139.53,89647.65,88728.28,89559.51,2383.89,212732046.84
2024-11-17 23:00:00,89559.51,89885.08,89346.47,89877.16,1770.45,158646496.85
2024-11-18 00:00:00,89877.16,90123.68,89652.48,89958.1,1849.01,166245190.67
2024-11-18 01:00:00,89958.1,90942.15,89907.94,90753.95,2153.56,194969542.39
2024-11-18 02:00:00,90753.95,90855.24,90422.07,90501.53,1439.63,130426592.67
2024-11-18 03:00:00,90501.53,90674.4,90317.77,90663.46,796.01,72012809.89
2024-11-18 04:00:00,90663.46,90723.57,90458.89,90460.16,425.24,38516939.93
2024-11-18 05:00:00,90460.16,90818.2,90458.97,90621.67,422.91,38329941.31
2024-11-18 06:00:00,90621.67,92084.16,90620.35,92067.52,1424.73,130126088.98
2024-11-18 07:00:00,92067.52,92232.91,91424.68,91730.92,1323.27,121538908.45
2024-11-18 08:00:00,91730.92,92132.49,91571.4,91799.49,663.53,60944280.99
2024-11-18 09:00:00,91799.49,92211.32,91651.84,91725.97,776.41,71342860.26
2024-11-18 10:00:00,91725.97,92023.4,91675.05,91773.11,884.15,81246946.42
2024-11-18 11:00:00,91773.11,91824.58,90071.18,90279.01,1836.11,166810101.13
2024-11-18 12:00:00,90279.01,90767.87,90116.49,90538.94,2558.28,231548743.5
2024-11-18 13:00:00,90538.94,90609.38,87547.97,88230.26,5598.92,501488099.69
2024-11-18 14:00:00,88230.26,91005.18,87801.95,90316.32,5129.85,462880611.77
2024-11-18 15:00:00,90316.32,92649.98,90269.88,92395.35,7127.29,652570843.14
2024-11-18 16:00:00,92395.35,92612.04,91162.26,91465.65,5502.4,505750612.35
2024-11-18 17:00:00,91465.65,92209.2,90962.22,91629.77,4503.73,412349558.9
2024-11-18 18:00:00,91629.77,91723.54,90142.39,90418.05,3697.68,336474019.72
2024-11-18 19:00:00,90418.05,90715.41,89735.28,90684.31,3738.78,337142613.46
2024-11-18 20:00:00,90684.31,92029.69,90494.37,91578.68,7042.16,643852407.98
2024-11-18 21:00:00,91578.68,92088.93,91238.77,91372.31,3591.64,329573284.85
2024-11-18 22:00:00,91372.31,91545.96,91056.42,91234.47,1421.84,129807697.38
2024-11-18 23:00:00,91234.47,91285.98,90300.54,90514.83,2100.71,190574042.2
2024-11-19 00:00:00,90514.83,91255.4,90414.27,91083.23,1890.85,171584602.98
2024-11-19 01:00:00,91083.23,91292.22,90671.7,90758.61,1753.75,159579183.88
2024-11-19 02:00:00,90758.61,91330.37,90749.82,91291.78,1261.95,115013665.81
2024-11-19 03:00:00,91291.78,91586.45,91214.55,91476.19,900.53,82295145.42
2024-11-19 04:00:00,91476.19,91870.37,91296.12,91586.55,949.3,86906642.68
2024-11-19 05:00:00,91586.55,91958.56,91302.16,91941.88,715.28,65530500.6
2024-11-19 06:00:00,91941.88,92053.57,91664.38,92025.51,778.16,71506124.37
2024-11-19 07:00:00,92025.51,92093.92,91657.58,91676.97,807.02,74127557.57
2024-11-19 08:00:00,91676.97,91822.07,91438.7,91813.55,568.37,52098678.43
2024-11-19 09:00:00,91813.55,91983.15,91231.32,91759.55,913.98,83701355.71
2024-11-19 10:00:00,91759.55,91968.68,91545.04,91804.95,908.03,83336747.51
2024-11-19 11:00:00,91804.95,91906.84,91578.82,91716.32,454.83,41718955.25
2024-11-19 12:00:00,91716.32,92592.37,91716.32,92524.62,2701.38,249273840.97
2024-11-19 13:00:00,92524.62,92844.18,91113.09,91200.02,4874.82,448592153.54
2024-11-19 14:00:00,91200.02,92362.01,91044.29,91894.84,6253.74,573298534.88
2024-11-19 15:00:00,91894.84,92545.57,91563.79,92481.9,5559.27,512063001.96
2024-11-19 16:00:00,92481.9,92727.65,92243.72,92656.21,3368.12,311538706.29
2024-11-19 17:00:00,92656.21,93366.68,92466.37,92953.52,5177.38,481015148.29
2024-11-19 18:00:00,92953.52,93972.05,92825.77,93768.64,7591.11,709961003.78
2024-11-19 19:00:00,93768.64,94056.9,93182.34,93333.59,4388.05,411050377.36
2024-11-19 20:00:00,93333.59,93671.48,92270.91,92570.12,5211.89,484857319.96
2024-11-19 21:00:00,92570.12,92852.54,91908.92,92312.83,3554.14,328112088.38
2024-11-19 22:00:00,92312.83,92535.54,91430.47,91945.65,2361.49,217210133.71
2024-11-19 23:00:00,91945.65,92422.52,91696.33,92418.48,1966.11,181015018.15
2024-11-20 00:00:00,92418.48,92556.99,92127.4,92171.53,1739.7,160620351.32
2024-11-20 01:00:00,92171.53,92372.31,91855.73,92109.93,2120.72,195278952.84
2024-11-20 02:00:00,92109.93,92171.44,91718.2,91879.91,2335.09,214703596.49
2024-11-20 03:00:00,91879.91,92193.69,91612.46,92164.67,2713.89,249413097.52
2024-11-20 04:00:00,92164.67,92379.69,91986.02,92208.58,1567.41,144524280.31
2024-11-20 05:00:00,92208.58,92616.07,92035.47,92610.75,1403.88,129645600.73
2024-11-20 06:00:00,92610.75,92750.5,92452.56,92468.57,1052.9,97517562.0
2024-11-20 07:00:00,92468.57,92945.06,92389.99,92935.27,937.96,86998542.16
2024-11-20 08:00:00,92935.27,93425.46,92816.42,93289.24,1221.51,113774930.99
2024-11-20 09:00:00,93289.24,93749.89,93055.46,93181.02,1296.08,121019676.4
2024-11-20 10:00:00,93181.02,93610.82,93112.02,93383.77,844.95,78931164.95
2024-11-20 11:00:00,93383.77,93724.12,92923.67,93559.64,1102.5,102889759.94
2024-11-20 12:00:00,93559.64,93832.6,93427.62,93642.05,2183.75,204513670.3
2024-11-20 13:00:00,93642.05,94684.6,93640.75,94483.5,4809.54,453394303.6
2024-11-20 14:00:00,94483.5,94868.1,93933.74,94734.6,6952.85,656893133.25
2024-11-20 15:00:00,94734.6,95056.1,94173.63,94917.15,7117.46,674089504.57
2024-11-20 16:00:00,94917.15,95010.27,93406.35,94174.67,6579.9,619335251.14
2024-11-20 17:00:00,94174.67,94458.04,93713.95,94041.61,4478.77,421675888.76
2024-11-20 18:00:00,94041.61,94397.7,93253.59,93788.57,6317.95,593124320.09
2024-11-20 19:00:00,93788.57,94126.31,93337.13,94126.31,3814.18,357510240.12
2024-11-20 20:00:00,94126.31,94718.83,93940.91,94370.9,3912.42,369055869.31
2024-11-20 21:00:00,94370.9,94596.09,94011.72,94450.81,2432.07,229421060.09
2024-11-20 22:00:00,94450.81,94574.16,94017.38,94247.66,1276.61,120350180.36
2024-11-20 23:00:00,94247.66,94379.92,93862.08,94379.92,1968.1,185205527.66
2024-11-21 00:00:00,94379.92,95000.15,94278.42,94807.87,2709.87,256727578.37
2024-11-21 01:00:00,94807.87,95046.86,94694.57,94812.46,2522.23,239366303.6
2024-11-21 02:00:00,94812.46,94869.85,94152.97,94521.12,2748.96,259657194.41
2024-11-21 03:00:00,94521.12,96021.05,94504.71,95911.3,4881.42,465926080.63
2024-11-21 04:00:00,95911.3,97772.34,95905.64,97643.05,5650.55,546803203.72
2024-11-21 05:00:00,97643.05,97939.74,96771.36,97397.85,4130.01,402563422.63
2024-11-21 06:00:00,97397.85,97462.01,96858.78,97066.19,1794.69,174442527.36
2024-11-21 07:00:00,97066.19,97429.07,96969.9,96976.33,719.53,69910067.95
2024-11-21 08:00:00,96976.33,97189.54,96776.99,97150.01,865.07,83880524.63
2024-11-21 09:00:00,97150.01,97698.17,97078.94,97642.55,1339.05,130516164.34
2024-11-21 10:00:00,97642.55,97775.71,97306.31,97741.89,981.17,95726661.12
2024-11-21 11:00:00,97741.89,98351.75,97721.57,97992.92,2619.29,256773886.34
2024-11-21 12:00:00,97992.92,98248.06,97310.62,97325.66,4459.61,436440901.55
2024-11-21 13:00:00,97325.66,97767.44,97070.79,97570.32,3943.16,384357348.74
2024-11-21 14:00:00,97570.32,97714.67,96571.45,97077.77,5199.56,505445660.25
2024-11-21 15:00:00,97077.77,97156.6,95634.88,96704.67,7579.57,731652019.27
2024-11-21 16:00:00,96704.67,97490.3,96329.25,97210.25,4627.3,448808692.69
2024-11-21 17:00:00,97210.25,98145.36,96982.35,98135.42,4402.22,429560177.83
2024-11-21 18:00:00,98135.42,98502.28,97758.95,98379.28,6040.03,593032262.42
2024-11-21 19:00:00,98379.28,99056.4,97804.77,97921.16,7741.27,762894265.37
2024-11-21 20:00:00,97921.16,98805.03,97719.88,98236.53,6122.95,601940230.28
2024-11-21 21:00:00,98236.53,98307.77,97665.41,98084.58,3928.13,384981924.03
2024-11-21 22:00:00,98084.58,98536.02,97966.51,98468.35,1653.7,162473167.75
2024-11-21 23:00:00,98468.35,98833.38,98412.66,98436.25,2584.14,254805998.22
2024-11-22 00:00:00,98436.25,98623.74,97948.3,98104.12,2804.9,275747436.45
2024-11-22 01:00:00,98104.12,98498.54,97942.64,98178.06,2227.33,218675079.72
2024-11-22 02:00:00,98178.06,98883.52,98143.06,98710.98,2379.55,234483911.87
2024-11-22 03:00:00,98710.98,99377.76,98528.74,98950.52,3193.34,315949361.91
2024-11-22 04:00:00,98950.52,99217.57,98785.11,98910.9,1566.54,155040216.42
2024-11-22 05:00:00,98910.9,99115.02,98619.39,98909.93,1341.15,132655770.28
2024-11-22 06:00:00,98909.93,99156.75,98759.76,99117.81,1332.41,131801998.11
2024-11-22 07:00:00,99117.81,99532.91,98992.82,99307.66,2188.69,217407990.95
2024-11-22 08:00:00,99307.66,99396.9,98846.98,98915.42,1173.95,116320672.47
2024-11-22 09:00:00,98915.42,98944.51,98470.07,98792.25,1149.82,113478094.46
2024-11-22 10:00:00,98792.25,98859.3,98353.65,98451.62,1243.61,122510583.23
2024-11-22 11:00:00,98451.62,98986.76,98301.59,98955.64,1065.4,105204324.2
2024-11-22 12:00:00,98955.64,99033.11,98588.87,98719.75,1451.21,143392441.29
2024-11-22 13:00:00,98719.75,98726.83,97439.97,97843.54,4777.12,468157569.64
2024-11-22 14:00:00,97843.54,98211.12,97207.77,97365.62,5796.9,566203416.89
2024-11-22 15:00:00,97365.62,98940.55,97244.82,98810.19,6761.09,664695060.13
2024-11-22 16:00:00,98810.19,99147.08,98371.62,98992.03,4925.68,486316828.93
2024-11-22 17:00:00,98992.03,99433.0,98884.1,98934.82,4680.82,464118131.09
2024-11-22 18:00:00,98934.82,99333.04,98815.03,99278.96,4457.94,441811505.66
2024-11-22 19:00:00,99278.96,99772.99,99017.83,99257.54,7005.11,697050176.9
2024-11-22 20:00:00,99257.54,99631.16,99083.0,99313.35,6642.41,659855065.4
2024-11-22 21:00:00,99313.35,99447.16,98897.37,99430.79,2975.22,294958304.97
2024-11-22 22:00:00,99430.79,99524.15,98705.67,98732.89,1863.84,184627808.32
2024-11-22 23:00:00,98732.89,99030.23,98732.89,99010.89,1282.5,126821288.21
2024-11-23 00:00:00,99010.89,99023.88,98656.94,98746.98,1573.18,155462228.21
2024-11-23 01:00:00,98746.98,98767.27,98415.9,98691.42,1651.02,162746423.67
2024-11-23 02:00:00,98691.42,98718.86,98403.81,98590.76,1381.86,136152025.51
2024-11-23 03:00:00,98590.76,98930.11,98515.45,98768.71,1222.21,120695051.73
2024-11-23 04:00:00,98768.71,98805.66,98382.69,98671.44,1207.35,119065389.45
2024-11-23 05:00:00,98671.44,98886.02,98500.54,98854.03,810.26,79939986.72
2024-11-23 06:00:00,98854.03,98930.78,98702.62,98813.22,691.27,68289257.06
2024-11-23 07:00:00,98813.22,98853.98,98525.3,98672.15,708.11,69854038.85
2024-11-23 08:00:00,98672.15,98750.24,98467.07,98559.98,777.6,76629829.42
2024-11-23 09:00:00,98559.98,98657.53,98467.31,98563.68,843.45,83096104.74
2024-11-23 10:00:00,98563.68,98677.65,98409.21,98536.09,934.3,92029743.97
2024-11-23 11:00:00,98536.09,98655.55,98495.7,98543.12,734.23,72347689.49
2024-11-23 12:00:00,98543.12,98749.9,98531.54,98740.59,1001.12,98720128.37
2024-11-23 13:00:00,98740.59,98976.56,98655.56,98658.74,1274.38,125939491.0
2024-11-23 14:00:00,98658.74,98955.23,98584.44,98896.55,1437.82,142011314.85
2024-11-23 15:00:00,98896.55,98947.29,98575.82,98581.73,1227.22,121199274.3
2024-11-23 16:00:00,98581.73,98665.31,97746.48,97860.79,3523.24,345469729.54
2024-11-23 17:00:00,97860.79,98241.49,97500.02,98072.12,1939.68,189786375.33
2024-11-23 18:00:00,98072.12,98152.45,97813.48,97960.19,1022.73,100137883.77
2024-11-23 19:00:00,97960.19,97964.2,97491.75,97612.53,1021.75,99784406.97
2024-11-23 20:00:00,97612.53,97824.75,97219.23,97822.61,1576.38,153714275.67
2024-11-23 21:00:00,97822.61,98124.77,97659.16,98061.32,1015.61,99430935.08
2024-11-23 22:00:00,98061.32,98117.67,97622.61,97746.14,695.28,68054183.58
2024-11-23 23:00:00,97746.14,97854.17,97507.62,97765.04,747.1,72988410.7
2024-11-24 00:00:00,97765.04,98084.82,97715.59,98017.12,749.3,73404238.21
2024-11-24 01:00:00,98017.12,98473.17,98016.65,98291.55,968.13,95149432.98
2024-11-24 02:00:00,98291.55,98670.34,98290.89,98501.38,875.24,86231294.88
2024-11-24 03:00:00,98501.38,98536.84,98203.23,98292.86,679.87,66874760.59
2024-11-24 04:00:00,98292.86,98354.78,97992.39,98278.52,463.22,45478038.01
2024-11-24 05:00:00,98278.52,98370.35,98025.16,98352.27,386.82,37992136.36
2024-11-24 06:00:00,98352.27,98488.63,98127.06,98438.69,286.69,28185582.39
2024-11-24 07:00:00,98438.69,98499.24,98274.67,98496.49,221.5,21792690.74
2024-11-24 08:00:00,98496.49,98538.48,98038.72,98165.68,309.73,30442615.63
2024-11-24 09:00:00,98165.68,98288.96,97915.83,98039.67,302.12,29627265.15
2024-11-24 10:00:00,98039.67,98073.95,97566.01,97786.39,368.43,36047518.1
2024-11-24 11:00:00,97786.39,97857.2,97355.42,97393.62,525.97,51325140.54
2024-11-24 12:00:00,97393.62,97524.01,96500.94,96975.2,3011.67,291939742.52
2024-11-24 13:00:00,96975.2,97709.4,96826.54,97302.72,2027.66,197444168.35
2024-11-24 14:00:00,97302.72,97307.88,96651.75,97115.8,2274.74,220536900.01
2024-11-24 15:00:00,97115.8,97161.18,95955.47,95964.92,2680.86,258674686.82
2024-11-24 16:00:00,95964.92,96790.15,95787.8,96461.97,2480.7,238820206.92
2024-11-24 17:00:00,96461.97,96475.35,95781.2,95930.39,2111.03,202722382.28
2024-11-24 18:00:00,95930.39,96618.21,95856.74,96595.24,1378.35,132655282.2
2024-11-24 19:00:00,96595.24,96595.24,96188.83,96364.08,1356.62,130725948.22
2024-11-24 20:00:00,96364.08,96887.78,96238.71,96873.19,1231.5,118950074.21
2024-11-24 21:00:00,96873.19,97058.04,96649.16,97045.03,916.41,88740340.37
2024-11-24 22:00:00,97045.03,98103.41,97045.01,98103.41,1623.88,158529286.89
2024-11-24 23:00:00,98103.41,98458.61,97626.68,98018.2,3039.21,298106347.25
2024-11-25 00:00:00,98018.2,98152.62,97639.4,97844.56,1835.6,179706732.77
2024-11-25 01:00:00,97844.56,97938.63,97001.91,97312.88,2466.32,240142274.07
2024-11-25 02:00:00,97312.88,97825.12,97307.12,97477.78,1041.66,101665164.17
2024-11-25 03:00:00,97477.78,97993.73,97458.63,97991.89,937.58,91654767.73
2024-11-25 04:00:00,97991.89,98150.29,97663.06,97919.99,801.16,78443971.47
2024-11-25 05:00:00,97919.99,98350.22,97899.82,98184.97,599.69,58859756.68
2024-11-25 06:00:00,98184.97,98478.52,98164.31,98196.35,602.11,59197673.9
2024-11-25 07:00:00,98196.35,98387.26,97841.08,98150.11,582.64,57162522.2
2024-11-25 08:00:00,98150.11,98388.67,97957.04,98317.76,530.15,52094672.56
2024-11-25 09:00:00,98317.76,98974.51,98304.09,98589.07,1354.62,133673917.15
2024-11-25 10:00:00,98589.07,98779.04,98297.24,98397.53,986.65,97138699.86
2024-11-25 11:00:00,98397.53,98626.44,98117.86,98278.93,722.37,71072095.77
2024-11-25 12:00:00,98278.93,98393.75,97942.78,97979.87,1501.59,147327505.4
2024-11-25 13:00:00,97979.87,98007.36,97311.68,97536.22,2184.91,213262145.72
2024-11-25 14:00:00,97536.22,97694.93,95343.47,95350.46,5582.62,539174951.19
2024-11-25 15:00:00,95350.46,96520.58,94589.29,96024.8,9039.04,863868115.8
2024-11-25 16:00:00,96024.8,96514.46,95712.99,95929.03,3639.75,349667140.54
2024-11-25 17:00:00,95929.03,95931.43,94828.24,95217.82,4963.64,472683332.28
2024-11-25 18:00:00,95217.82,95901.61,94862.33,95127.27,3455.92,329424568.3
2024-11-25 19:00:00,95127.27,95282.42,94453.07,94629.1,4111.66,389996100.78
2024-11-25 20:00:00,94629.1,95248.5,94448.39,94867.82,6903.82,654718698.49
2024-11-25 21:00:00,94867.82,95087.65,93554.79,93720.94,5343.31,503898947.27
2024-11-25 22:00:00,93720.94,94394.89,92592.66,94389.34,5109.68,478126805.17
2024-11-25 23:00:00,94389.34,94401.97,92823.58,93019.38,3962.69,370843836.28
2024-11-26 00:00:00,93019.38,94354.74,92746.96,93832.58,3714.88,348007757.98
2024-11-26 01:00:00,93832.58,94894.94,93816.76,94889.14,2485.25,234693700.31
2024-11-26 02:00:00,94889.14,94946.78,94445.69,94623.92,1439.34,136316771.85
2024-11-26 03:00:00,94623.92,94738.65,94276.21,94503.49,1162.74,109885816.44
2024-11-26 04:00:00,94503.49,94570.94,94090.03,94327.52,787.34,74268203.76
2024-11-26 05:00:00,94327.52,94705.34,94211.45,94676.2,543.74,51370539.71
2024-11-26 06:00:00,94676.2,95007.52,94493.41,94534.32,528.59,50098371.84
2024-11-26 07:00:00,94534.32,94544.99,93540.47,93792.08,952.13,89447605.62
2024-11-26 08:00:00,93792.08,93794.16,92316.1,93141.0,2992.22,277915222.68
2024-11-26 09:00:00,93141.0,93729.12,93074.07,93527.23,1860.61,173807127.64
2024-11-26 10:00:00,93527.23,93748.92,92164.75,92232.09,2318.59,215233500.11
2024-11-26 11:00:00,92232.09,92622.36,91408.71,92329.96,3193.05,293593544.17
2024-11-26 12:00:00,92329.96,92641.4,91776.99,92138.35,3949.36,364010539.19
2024-11-26 13:00:00,92138.35,92887.14,91897.37,92149.29,4008.34,370442195.16
2024-11-26 14:00:00,92149.29,93533.06,91690.72,93284.34,6577.56,609550722.64
2024-11-26 15:00:00,93284.34,93587.9,92342.79,92834.62,6779.46,631297620.56
2024-11-26 16:00:00,92834.62,94726.38,92709.12,94061.06,5094.53,478643084.26
2024-11-26 17:00:00,94061.06,94066.46,93443.83,93563.91,3347.32,313755352.6
2024-11-26 18:00:00,93563.91,93645.38,92008.13,92125.12,5518.92,511176496.1
2024-11-26 19:00:00,92125.12,92681.44,91575.37,91686.41,4968.46,457294286.13
2024-11-26 20:00:00,91686.41,92020.12,90730.54,90974.08,7753.88,707999193.34
2024-11-26 21:00:00,90974.08,91850.4,90771.17,91610.02,3620.24,330705476.07
2024-11-26 22:00:00,91610.02,92238.36,91472.16,91617.2,1781.27,163779323.35
2024-11-26 23:00:00,91617.2,91985.77,91368.4,91903.89,1709.96,156773867.25
2024-11-27 00:00:00,91903.89,92394.76,91757.22,91900.41,2383.99,219551459.65
2024-11-27 01:00:00,91900.41,92779.75,91791.09,92730.94,2050.05,189341169.3
2024-11-27 02:00:00,92730.94,93006.89,92277.03,92911.01,1934.62,179367142.64
2024-11-27 03:00:00,92911.01,92915.7,92483.58,92559.39,1091.95,101250548.8
2024-11-27 04:00:00,92559.39,93177.51,92485.92,92545.31,1033.39,95899330.78
2024-11-27 05:00:00,92545.31,92791.03,92338.43,92732.56,438.67,40611725.12
2024-11-27 06:00:00,92732.56,93380.9,92732.56,93053.94,802.26,74715175.22
2024-11-27 07:00:00,93053.94,93629.08,93006.49,93582.06,569.46,53179466.09
2024-11-27 08:00:00,93582.06,93593.88,93245.51,93432.17,631.43,58984670.45
2024-11-27 09:00:00,93432.17,93486.88,93112.11,93408.24,373.68,34864744.34
2024-11-27 10:00:00,93408.24,93889.13,93357.36,93836.67,663.55,62160237.76
2024-11-27 11:00:00,93836.67,93840.07,93334.98,93384.84,643.05,60129927.81
2024-11-27 12:00:00,93384.84,93513.56,92867.84,93501.95,1379.08,128496361.72
2024-11-27 13:00:00,93501.95,94285.49,93425.22,94285.48,1788.81,167757654.67
2024-11-27 14:00:00,94285.48,94945.87,94146.03,94902.2,3931.61,371776348.41
2024-11-27 15:00:00,94902.2,95942.59,94354.17,95647.68,5370.03,510909164.89
2024-11-27 16:00:00,95647.68,96433.25,95268.44,95779.95,4041.52,387426045.07
2024-11-27 17:00:00,95779.95,96399.41,95393.02,96356.87,2965.39,284416316.32
2024-11-27 18:00:00,96356.87,96648.73,96132.64,96226.04,2863.73,275998134.96
2024-11-27 19:00:00,96226.04,96774.5,96019.07,96771.65,2327.99,224423321.65
2024-11-27 20:00:00,96771.65,97373.56,96450.17,96622.66,5118.79,496215126.75
2024-11-27 21:00:00,96622.66,96732.47,96201.24,96409.7,2705.44,260959747.71
2024-11-27 22:00:00,96409.7,96642.14,96148.89,96158.88,1064.22,102561425.45
2024-11-27 23:00:00,96158.88,96283.83,95844.59,95957.51,1593.21,152988025.17
2024-11-28 00:00:00,95957.51,96672.28,95829.12,96655.13,1361.11,130849175.85
2024-11-28 01:00:00,96655.13,96655.13,96189.6,96376.0,1086.02,104622394.73
2024-11-28 02:00:00,96376.0,96542.21,95717.8,95786.11,1129.26,108664563.34
2024-11-28 03:00:00,95786.11,95872.17,94916.17,95563.92,1820.97,173662600.86
2024-11-28 04:00:00,95563.92,95904.84,95431.32,95822.36,486.72,46579161.68
2024-11-28 05:00:00,95822.36,95992.35,95437.82,95529.41,403.19,38592635.19
2024-11-28 06:00:00,95529.41,95752.47,95151.25,95542.81,616.0,58804017.92
2024-11-28 07:00:00,95542.81,95812.9,95281.85,95365.25,417.16,39866200.64
2024-11-28 08:00:00,95365.25,95663.19,95151.17,95487.71,521.81,49787726.09
2024-11-28 09:00:00,95487.71,95548.73,94991.53,95018.47,514.38,49007630.4
2024-11-28 10:00:00,95018.47,95184.24,94677.17,95003.78,835.18,79273868.8
2024-11-28 11:00:00,95003.78,95820.01,94816.83,95487.3,868.04,82690471.4
2024-11-28 12:00:00,95487.3,95694.45,95246.05,95524.18,1099.97,105011275.96
2024-11-28 13:00:00,95524.18,95810.55,95071.95,95756.35,1325.44,126439871.56
2024-11-28 14:00:00,95756.35,96249.56,95409.52,95418.21,2082.59,199455795.95
2024-11-28 15:00:00,95418.21,95537.48,94923.36,95026.46,2146.05,204383076.17
2024-11-28 16:00:00,95026.46,95325.13,94849.33,94995.64,1324.38,125986862.14
2024-11-28 17:00:00,94995.64,95263.7,94852.08,94889.02,1020.02,96970207.04
2024-11-28 18:00:00,94889.02,95337.96,94879.14,95312.81,756.11,71944367.26
2024-11-28 19:00:00,95312.81,95449.56,95048.85,95131.47,656.45,62490630.79
2024-11-28 20:00:00,95131.47,95144.84,94712.94,94830.21,958.17,90931446.5
2024-11-28 21:00:00,94830.21,95193.55,94819.05,95138.34,761.78,72405253.3
2024-11-28 22:00:00,95138.34,95669.46,95040.3,95669.46,718.22,68524981.73
2024-11-28 23:00:00,95669.46,96045.18,95545.44,95670.41,1305.47,124995284.38
2024-11-29 00:00:00,95670.41,95851.32,95391.39,95503.3,1291.63,123516744.86
2024-11-29 01:00:00,95503.3,95991.09,95435.77,95938.33,1023.71,97964294.17
2024-11-29 02:00:00,95938.33,96887.41,95934.71,96779.04,1948.92,188047157.42
2024-11-29 03:00:00,96779.04,96838.19,96461.7,96610.08,770.81,74505469.56
2024-11-29 04:00:00,96610.08,96651.9,96265.28,96292.0,410.3,39553686.4
2024-11-29 05:00:00,96292.0,96549.07,96192.43,96201.89,290.29,27982622.53
2024-11-29 06:00:00,96201.89,96403.97,96036.98,96280.3,395.6,38062599.72
2024-11-29 07:00:00,96280.3,96428.87,95622.57,95643.73,580.27,55689830.75
2024-11-29 08:00:00,95643.73,96015.03,95641.09,95993.12,590.67,56604778.05
2024-11-29 09:00:00,95993.12,96489.11,95894.47,96384.49,528.12,50815636.49
2024-11-29 10:00:00,96384.49,96889.24,96324.29,96889.2,742.68,71791018.68
2024-11-29 11:00:00,96889.2,97409.81,96585.27,97293.9,1045.24,101408991.81
2024-11-29 12:00:00,97293.9,97548.57,96936.18,96967.84,1848.59,179770802.86
2024-11-29 13:00:00,96967.84,97294.85,96803.8,97257.93,1274.94,123661391.35
2024-11-29 14:00:00,97257.93,98144.2,96957.46,98098.92,3930.73,383689831.74
2024-11-29 15:00:00,98098.92,98735.69,97807.17,98151.39,7010.46,689368607.96
2024-11-29 16:00:00,98151.39,98590.06,97850.08,97928.9,4336.29,425872498.01
2024-11-29 17:00:00,97928.9,97960.35,97029.23,97064.49,4073.28,396475828.32
2024-11-29 18:00:00,97064.49,97458.69,96944.92,97276.77,2105.28,204732896.89
2024-11-29 19:00:00,97276.77,97536.65,96981.38,97438.48,1494.7,145452898.85
2024-11-29 20:00:00,97438.48,97719.58,97303.0,97416.26,1656.33,161468774.46
2024-11-29 21:00:00,97416.26,97532.23,97087.7,97469.68,981.91,95573503.97
2024-11-29 22:00:00,97469.68,97563.86,97311.99,97375.25,706.15,68813182.05
2024-11-29 23:00:00,97375.25,97530.42,97175.21,97510.92,847.92,82543902.68
2024-11-30 00:00:00,97510.92,97514.26,96996.52,97018.13,1125.17,109368422.1
2024-11-30 01:00:00,97018.13,97018.17,96465.78,96467.42,1507.99,145893300.62
2024-11-30 02:00:00,96467.42,96735.46,96352.1,96638.07,948.03,91521975.0
2024-11-30 03:00:00,96638.07,96727.29,96438.87,96681.31,577.37,55782291.04
2024-11-30 04:00:00,96681.31,96774.13,96586.81,96736.27,297.17,28737238.97
2024-11-30 05:00:00,96736.27,97237.46,96736.26,97161.26,410.31,39765582.28
2024-11-30 06:00:00,97161.26,97279.04,96659.05,96692.05,917.43,88965890.54
2024-11-30 07:00:00,96692.05,96961.58,96615.67,96829.09,261.19,25287778.69
2024-11-30 08:00:00,96829.09,97010.97,96752.2,96986.75,219.11,21236115.69
2024-11-30 09:00:00,96986.75,96986.75,96650.78,96817.43,179.15,17336337.99
2024-11-30 10:00:00,96817.43,96845.16,96158.11,96183.17,410.43,39592406.47
2024-11-30 11:00:00,96183.17,96497.52,96137.13,96305.63,253.58,24431468.45
2024-11-30 12:00:00,96305.63,96603.2,96289.66,96599.93,367.88,35502147.71
2024-11-30 13:00:00,96599.93,96725.84,96459.16,96461.95,394.76,38142053.12
2024-11-30 14:00:00,96461.95,96764.86,96356.78,96504.5,523.46,50558107.16
2024-11-30 15:00:00,96504.5,96785.25,96457.16,96694.56,521.1,50368497.32
2024-11-30 16:00:00,96694.56,96997.72,96572.8,96925.53,541.93,52430276.15
2024-11-30 17:00:00,96925.53,97011.47,96821.82,96838.83,412.48,39976601.31
2024-11-30 18:00:00,96838.83,97060.22,96819.37,97008.28,370.94,35953102.48
2024-11-30 19:00:00,97008.28,97105.69,96925.07,97069.17,353.45,34287691.52
2024-11-30 20:00:00,97069.17,97099.88,96885.56,97035.12,351.71,34115376.16
2024-11-30 21:00:00,97035.12,97040.99,96827.03,96840.18,382.92,37110141.9
2024-11-30 22:00:00,96840.18,96877.92,96408.83,96523.75,545.12,52687122.02
2024-11-30 23:00:00,96523.75,96646.34,96379.27,96473.51,692.33,66811313.93
2024-12-01 00:00:00,96473.51,96718.93,96325.9,96395.85,878.15,84754379.9
2024-12-01 01:00:00,96395.85,96548.86,96117.92,96163.33,1186.59,114337560.18
2024-12-01 02:00:00,96163.33,96432.11,95752.22,95830.94,2095.08,201455111.29
2024-12-01 03:00:00,95830.94,96489.43,95829.82,96371.75,645.15,62059032.61
2024-12-01 04:00:00,96371.75,96568.63,96243.59,96553.15,296.25,28552784.06
2024-12-01 05:00:00,96553.15,96554.06,96345.68,96377.7,288.36,27820574.22
2024-12-01 06:00:00,96377.7,96538.62,96346.93,96396.1,167.36,16142966.88
2024-12-01 07:00:00,96396.1,96554.14,96369.7,96531.96,188.0,18137312.87
2024-12-01 08:00:00,96531.96,97226.93,96487.14,97108.6,1038.78,100779877.38
2024-12-01 09:00:00,97108.6,97155.63,96917.77,97084.14,220.09,21350631.04
2024-12-01 10:00:00,97084.14,97097.47,96625.36,96879.57,277.1,26838278.84
2024-12-01 11:00:00,96879.57,97211.67,96878.08,97183.52,239.16,23215796.39
2024-12-01 12:00:00,97183.52,97200.47,96848.71,96849.4,669.91,64986378.5
2024-12-01 13:00:00,96849.4,97471.99,96744.72,97146.77,977.43,94980824.68
2024-12-01 14:00:00,97146.77,97411.52,97047.05,97376.34,770.34,74898251.17
2024-12-01 15:00:00,97376.34,97394.92,97045.42,97110.48,723.87,70382254.75
2024-12-01 16:00:00,97110.48,97413.81,97088.08,97274.05,731.33,71161846.09
2024-12-01 17:00:00,97274.05,97370.96,97111.98,97369.82,446.29,43395682.26
2024-12-01 18:00:00,97369.82,97592.38,97156.56,97191.06,641.3,62471680.4
2024-12-01 19:00:00,97191.06,97370.31,97026.17,97238.26,610.05,59284400.31
2024-12-01 20:00:00,97238.26,97269.93,96865.17,97152.49,715.16,69394954.83
2024-12-01 21:00:00,97152.49,97845.54,97102.72,97836.54,800.32,78023736.45
2024-12-01 22:00:00,97836.54,97896.77,97431.53,97617.48,1038.95,101390970.69
2024-12-01 23:00:00,97617.48,97841.67,97261.72,97276.47,1475.21,144004848.94
2024-12-02 00:00:00,97276.47,97672.11,97151.66,97520.77,1413.61,137667009.01
2024-12-02 01:00:00,97520.77,98219.29,97476.33,98062.78,1806.27,176732902.48
2024-12-02 02:00:00,98062.78,98129.84,97530.35,97734.21,1147.67,112198497.58
2024-12-02 03:00:00,97734.21,97751.76,96436.9,96553.14,1364.23,132594031.63
2024-12-02 04:00:00,96553.14,96894.96,96159.47,96765.22,1518.06,146427075.2
2024-12-02 05:00:00,96765.22,96978.85,96421.63,96433.76,403.8,39054907.97
2024-12-02 06:00:00,96433.76,96492.14,96190.22,96338.36,489.64,47160042.92
2024-12-02 07:00:00,96338.36,96528.22,95823.55,96059.81,664.73,63853911.42
2024-12-02 08:00:00,96059.81,96164.79,94936.09,95089.6,1378.86,131540932.38
2024-12-02 09:00:00,95089.6,95573.41,95002.33,95529.53,894.88,85270573.53
2024-12-02 10:00:00,95529.53,95534.5,94845.63,94985.66,889.29,84574980.57
2024-12-02 11:00:00,94985.66,95337.19,94880.58,95139.21,714.87,67990887.26
2024-12-02 12:00:00,95139.21,95400.3,94800.45,94989.64,1631.02,155165315.89
2024-12-02 13:00:00,94989.64,95819.13,94849.62,95714.1,2119.26,202421805.35
2024-12-02 14:00:00,95714.1,96878.4,95552.06,96389.56,3551.22,341976634.34
2024-12-02 15:00:00,96389.56,97290.8,95806.39,97132.03,5648.2,546507156.4
2024-12-02 16:00:00,97132.03,97440.36,96075.5,96229.32,5150.86,498558434.86
2024-12-02 17:00:00,96229.32,96629.05,94419.96,94630.67,5968.73,570466580.2
2024-12-02 18:00:00,94630.67,95882.87,94507.43,95675.9,3910.71,373275441.26
2024-12-02 19:00:00,95675.9,95868.96,95180.39,95827.81,2925.75,279483262.23
2024-12-02 20:00:00,95827.81,96353.41,95478.41,95695.27,3342.27,320564785.65
2024-12-02 21:00:00,95695.27,95770.02,95363.43,95421.56,2691.81,257211473.37
2024-12-02 22:00:00,95421.56,95563.22,95126.36,95409.99,1348.95,128663746.15
2024-12-02 23:00:00,95409.99,95881.64,95358.65,95859.75,1479.52,141495271.13
2024-12-03 00:00:00,95859.75,96131.98,95710.84,95822.66,1903.93,182613898.47
2024-12-03 01:00:00,95822.66,95942.65,95460.86,95522.86,1915.08,183263907.03
2024-12-03 02:00:00,95522.86,96302.45,95408.57,96046.18,1533.17,146989834.17
2024-12-03 03:00:00,96046.18,96222.99,95923.65,96089.67,873.84,83948857.52
2024-12-03 04:00:00,96089.67,96238.67,95916.36,95932.73,590.43,56726700.76
2024-12-03 05:00:00,95932.73,96186.09,95870.06,96168.35,533.06,51196122.93
2024-12-03 06:00:00,96168.35,96259.29,95561.76,95661.26,896.98,86175697.68
2024-12-03 07:00:00,95661.26,95741.17,95294.0,95573.65,801.99,76621448.57
2024-12-03 08:00:00,95573.65,95681.03,95330.26,95550.89,623.96,59583897.35
2024-12-03 09:00:00,95550.89,95568.64,95183.59,95278.02,512.91,48889652.08
2024-12-03 10:00:00,95278.02,95497.65,94686.92,94725.45,925.51,88052534.09
2024-12-03 11:00:00,94725.45,95039.34,94640.58,94998.31,1158.56,109871023.96
2024-12-03 12:00:00,94998.31,95000.33,94688.6,94825.48,847.96,80425161.26
2024-12-03 13:00:00,94825.48,94865.41,93651.7,93695.23,4247.63,400429016.77
2024-12-03 14:00:00,93695.23,95461.5,93590.91,95260.11,6812.66,643240890.64
2024-12-03 15:00:00,95260.11,96304.02,95134.68,95733.58,7775.87,745019960.27
2024-12-03 16:00:00,95733.58,96200.01,94918.28,95160.86,4147.32,396502625.26
2024-12-03 17:00:00,95160.86,95951.22,94921.9,95868.2,3914.06,373235352.61
2024-12-03 18:00:00,95868.2,95868.28,95298.67,95502.93,3033.78,289966640.66
2024-12-03 19:00:00,95502.93,95522.48,94971.91,95455.74,2829.79,269570258.56
2024-12-03 20:00:00,95455.74,95725.26,95296.18,95662.36,2972.59,284001664.77
2024-12-03 21:00:00,95662.36,96173.47,95601.88,96076.6,2058.23,197460836.01
2024-12-03 22:00:00,96076.6,96187.76,95768.78,96180.83,864.12,82941656.64
2024-12-03 23:00:00,96180.83,96187.25,95889.29,95928.37,1007.75,96766097.15
2024-12-04 00:00:00,95928.37,96082.34,95639.96,95821.55,1138.7,109146335.78
2024-12-04 01:00:00,95821.55,96696.75,95569.3,96301.28,1758.65,169035061.17
2024-12-04 02:00:00,96301.28,96314.25,95293.6,95854.42,1743.42,166894056.24
2024-12-04 03:00:00,95854.42,95963.21,95651.59,95842.24,600.65,57572350.99
2024-12-04 04:00:00,95842.24,96073.28,95786.69,96070.63,375.7,36028609.75
2024-12-04 05:00:00,96070.63,96557.19,96059.48,96554.25,478.71,46125431.45
2024-12-04 06:00:00,96554.25,96781.57,96360.38,96604.14,554.63,53574975.82
2024-12-04 07:00:00,96604.14,96771.19,96480.09,96663.6,313.79,30312265.09
2024-12-04 08:00:00,96663.6,96884.6,96600.81,96757.39,737.83,71412199.27
2024-12-04 09:00:00,96757.39,97019.35,96727.01,96882.97,469.38,45493761.55
2024-12-04 10:00:00,96882.97,96912.51,96498.92,96577.31,409.41,39592917.62
2024-12-04 11:00:00,96577.31,96583.07,96242.09,96256.95,384.06,37033971.53
2024-12-04 12:00:00,96256.95,96341.3,95755.43,96025.99,1358.36,130407441.23
2024-12-04 13:00:00,96025.99,96063.42,95403.78,95709.57,2219.2,212481607.42
2024-12-04 14:00:00,95709.57,96626.52,95518.5,95912.08,3706.65,356245558.25
2024-12-04 15:00:00,95912.08,96500.83,95511.39,95859.25,4773.61,458517919.21
2024-12-04 16:00:00,95859.25,95930.9,94663.42,94897.97,5556.86,528760428.64
2024-12-04 17:00:00,94897.97,95642.27,94750.24,95614.8,3337.93,317503052.12
2024-12-04 18:00:00,95614.8,96342.6,95536.25,96228.85,3111.04,298502516.42
2024-12-04 19:00:00,96228.85,97388.63,96161.56,97379.76,3408.02,329862661.07
2024-12-04 20:00:00,97379.76,99226.36,97285.02,98989.27,11689.43,1152722014.65
2024-12-04 21:00:00,98989.27,99137.53,97626.26,97871.49,5751.63,566220394.07
2024-12-04 22:00:00,97871.49,98748.15,97727.85,98352.2,2708.8,266480192.96
2024-12-04 23:00:00,98352.2,99163.28,98328.68,98751.87,2506.1,247809953.74
2024-12-05 00:00:00,98751.87,98980.04,98403.33,98478.67,2959.86,292110227.72
2024-12-05 01:00:00,98478.67,98791.95,98072.53,98331.28,3050.69,300302984.71
2024-12-05 02:00:00,98331.28,101659.17,98300.78,101311.69,15050.53,1510378805.63
2024-12-05 03:00:00,101311.69,104028.51,101307.63,103063.42,7931.66,815979723.29
2024-12-05 04:00:00,103063.42,103648.34,102557.94,103403.9,3672.47,378281133.42
2024-12-05 05:00:00,103403.9,103535.65,101909.8,102567.53,2643.33,271974048.43
2024-12-05 06:00:00,102567.53,102768.28,101543.0,101958.19,1786.17,182261149.32
2024-12-05 07:00:00,101958.19,102812.41,101419.1,102418.05,2169.23,221917912.84
2024-12-05 08:00:00,102418.05,103142.22,102417.01,102968.64,2756.27,283597465.07
2024-12-05 09:00:00,102968.64,103304.82,102673.66,102794.61,1492.91,153726912.02
2024-12-05 10:00:00,102794.61,103015.6,102344.79,102363.62,1170.34,120163391.26
2024-12-05 11:00:00,102363.62,102761.52,102327.5,102649.78,830.45,85133026.82
2024-12-05 12:00:00,102649.78,103380.6,102532.36,102955.24,2621.44,269798347.18
2024-12-05 13:00:00,102955.24,103345.61,102787.39,102845.24,2372.05,244499744.25
2024-12-05 14:00:00,102845.24,103644.93,102360.28,103611.29,5463.75,563489886.23
2024-12-05 15:00:00,103611.29,103636.04,101043.69,101390.87,9820.19,1005015571.13
2024-12-05 16:00:00,101390.87,102108.22,100670.79,101123.79,6291.72,638510544.98
2024-12-05 17:00:00,101123.79,101430.66,100601.94,101360.25,4539.51,458593278.07
2024-12-05 18:00:00,101360.25,101551.65,100220.08,100223.9,4742.57,479178977.74
2024-12-05 19:00:00,100223.9,100984.23,98660.75,99063.07,6563.11,656215710.11
2024-12-05 20:00:00,99063.07,99414.26,97935.56,99140.8,11002.6,1086013317.79
2024-12-05 21:00:00,99140.8,99570.65,98905.88,99009.07,3171.33,314719487.3
2024-12-05 22:00:00,99009.07,99130.24,91741.97,96825.42,12566.2,1206067814.56
2024-12-05 23:00:00,96825.42,97596.66,95568.63,97053.82,5207.39,503509826.82
2024-12-06 00:00:00,97053.82,97829.95,96427.0,97602.62,4432.5,430489063.45
2024-12-06 01:00:00,97602.62,98827.71,97168.44,98161.35,3316.71,324953954.4
2024-12-06 02:00:00,98161.35,98191.27,97529.93,97631.94,2293.99,224549503.02
2024-12-06 03:00:00,97631.94,97795.27,97240.63,97783.65,2111.59,205869639.16
2024-12-06 04:00:00,97783.65,98020.03,97421.55,97927.84,719.36,70327091.3
2024-12-06 05:00:00,97927.84,98321.03,97682.43,97923.78,789.87,77395811.37
2024-12-06 06:00:00,97923.78,98312.84,97820.67,98140.36,720.92,70713889.28
2024-12-06 07:00:00,98140.36,98342.66,97838.94,98213.11,633.1,62075777.08
2024-12-06 08:00:00,98213.11,98766.22,98103.02,98419.97,840.38,82779550.83
2024-12-06 09:00:00,98419.97,98515.63,98020.48,98090.52,1044.53,102668589.5
2024-12-06 10:00:00,98090.52,98279.54,97739.6,98225.1,975.61,95600554.69
2024-12-06 11:00:00,98225.1,98404.06,97897.09,98157.03,580.31,56921166.49
2024-12-06 12:00:00,98157.03,98486.09,97607.01,97717.86,1244.77,122119374.9
2024-12-06 13:00:00,97717.86,98993.53,97590.62,98693.84,3038.16,298898130.48
2024-12-06 14:00:00,98693.84,99598.27,98466.02,99591.28,4642.2,459978125.49
2024-12-06 15:00:00,99591.28,99614.62,98686.85,99434.22,4351.09,431618270.6
2024-12-06 16:00:00,99434.22,99646.62,98889.31,99137.05,3230.07,320728349.92
2024-12-06 17:00:00,99137.05,101355.25,99012.0,100969.51,5201.58,521932212.3
2024-12-06 18:00:00,100969.51,101893.55,100732.82,101511.95,5613.52,569364506.6
2024-12-06 19:00:00,101511.95,101966.14,101347.74,101614.11,2843.51,288936924.27
2024-12-06 20:00:00,101614.11,102088.57,101233.64,101553.16,3267.18,332548179.58
2024-12-06 21:00:00,101553.16,101637.84,100504.27,100551.02,2010.99,203235394.74
2024-12-06 22:00:00,100551.02,100863.88,100517.32,100662.55,837.29,84324238.2
2024-12-06 23:00:00,100662.55,100734.78,99241.62,99897.97,2160.44,215950768.66
2024-12-07 00:00:00,99897.97,100552.65,99694.93,100423.28,1526.45,152993199.37
2024-12-07 01:00:00,100423.28,100578.8,100016.83,100196.89,1043.79,104668321.39
2024-12-07 02:00:00,100196.89,100314.88,100022.09,100092.44,746.37,74793672.57
2024-12-07 03:00:00,100092.44,100096.45,99431.03,99447.02,880.66,87790912.28
2024-12-07 04:00:00,99447.02,99827.05,99206.4,99652.9,675.84,67268069.53
2024-12-07 05:00:00,99652.9,99787.75,99025.63,99313.17,803.78,79917109.3
2024-12-07 06:00:00,99313.17,99532.02,99238.66,99484.97,549.09,54586022.58
2024-12-07 07:00:00,99484.97,99632.3,99247.13,99544.76,345.18,34329413.75
2024-12-07 08:00:00,99544.76,99706.33,99416.88,99555.51,315.83,31456077.67
2024-12-07 09:00:00,99555.51,99959.99,99549.98,99790.58,393.22,39221659.22
2024-12-07 10:00:00,99790.58,99819.08,99538.92,99637.05,256.92,25603734.96
2024-12-07 11:00:00,99637.05,99856.61,99533.53,99737.22,206.78,20604091.89
2024-12-07 12:00:00,99737.22,99813.43,99479.59,99536.3,472.82,47133638.1
2024-12-07 13:00:00,99536.3,99631.44,99422.92,99460.98,499.65,49713696.98
2024-12-07 14:00:00,99460.98,99878.61,99153.48,99574.78,1054.83,104935434.9
2024-12-07 15:00:00,99574.78,99894.02,99434.38,99843.67,1380.0,137515877.28
2024-12-07 16:00:00,99843.67,99880.41,99572.4,99712.05,846.05,84360320.41
2024-12-07 17:00:00,99712.05,99823.45,99555.55,99728.99,708.4,70601484.22
2024-12-07 18:00:00,99728.99,100360.99,99687.78,100232.3,1013.61,101345052.03
2024-12-07 19:00:00,100232.3,100355.05,100026.96,100169.44,790.08,79192595.44
2024-12-07 20:00:00,100169.44,100468.17,100169.31,100403.26,650.82,65297086.19
2024-12-07 21:00:00,100403.26,100530.09,99797.62,99977.59,1007.51,100867870.03
2024-12-07 22:00:00,99977.59,100150.74,99690.46,99690.5,522.67,52253175.64
2024-12-07 23:00:00,99690.5,100356.35,99688.69,99926.38,616.59,61654059.76
2024-12-08 00:00:00,99926.38,100065.1,99732.32,100064.02,733.35,73269392.84
2024-12-08 01:00:00,100064.02,100216.41,99783.95,99935.6,656.64,65669506.7
2024-12-08 02:00:00,99935.6,100417.98,99842.99,100229.27,664.03,66502170.16
2024-12-08 03:00:00,100229.27,100347.64,99990.02,100018.66,609.59,61068387.97
2024-12-08 04:00:00,100018.66,100107.52,99778.1,99839.05,351.5,35122214.96
2024-12-08 05:00:00,99839.05,99872.34,99430.99,99605.48,352.3,35107605.91
2024-12-08 06:00:00,99605.48,99870.48,99424.82,99750.27,164.49,16397428.11
2024-12-08 07:00:00,99750.27,99929.63,99696.05,99747.14,112.97,11275453.65
2024-12-08 08:00:00,99747.14,99760.42,99029.68,99050.63,295.18,29328927.01
2024-12-08 09:00:00,99050.63,99360.03,98730.22,98952.32,620.91,61503762.16
2024-12-08 10:00:00,98952.32,99463.78,98945.27,99311.64,388.56,38584039.57
2024-12-08 11:00:00,99311.64,99892.95,99195.28,99762.52,336.13,33465693.71
2024-12-08 12:00:00,99762.52,100260.71,99530.56,99982.36,1059.79,105855820.49
2024-12-08 13:00:00,99982.36,100571.19,99872.74,100468.63,1338.96,134184172.25
2024-12-08 14:00:00,100468.63,100496.2,99797.3,99805.51,982.5,98417834.32
2024-12-08 15:00:00,99805.51,100025.18,99430.0,99970.27,1645.49,164073685.23
2024-12-08 16:00:00,99970.27,100177.13,99783.09,99886.59,1120.03,111936682.4
2024-12-08 17:00:00,99886.59,100061.54,99682.41,99994.6,880.23,87932885.3
2024-12-08 18:00:00,99994.6,100060.61,99628.77,99718.26,734.5,73351202.23
2024-12-08 19:00:00,99718.26,100226.3,99529.51,100136.09,688.77,68744275.96
2024-12-08 20:00:00,100136.09,100195.25,99847.73,99860.62,817.53,81757959.79
2024-12-08 21:00:00,99860.62,100120.88,99780.71,100085.78,550.32,55016251.29
2024-12-08 22:00:00,100085.78,100335.18,99943.96,100297.12,564.98,56549529.94
2024-12-08 23:00:00,100297.12,101430.6,100159.53,101189.81,2183.05,219936153.37
2024-12-09 00:00:00,101189.81,101290.02,99402.21,99711.9,3770.8,377281603.2
2024-12-09 01:00:00,99711.9,99910.35,99467.94,99611.33,1457.08,145269752.17
2024-12-09 02:00:00,99611.33,99790.66,99067.69,99251.0,1630.2,162066451.15
2024-12-09 03:00:00,99251.0,99416.3,98529.0,99153.44,1517.9,150354277.08
2024-12-09 04:00:00,99153.44,99519.64,98859.46,99476.68,738.7,73325582.26
2024-12-09 05:00:00,99476.68,99590.17,99373.11,99483.53,260.82,25949632.42
2024-12-09 06:00:00,99483.53,99515.29,98902.48,99111.53,439.78,43625121.76
2024-12-09 07:00:00,99111.53,99769.59,98376.22,99611.69,1092.13,108078417.58
2024-12-09 08:00:00,99611.69,99705.71,98825.57,98923.89,782.08,77681326.51
2024-12-09 09:00:00,98923.89,99111.18,98414.21,98416.56,1055.28,104151532.29
2024-12-09 10:00:00,98416.56,98759.85,98268.78,98713.17,1594.94,157026678.41
2024-12-09 11:00:00,98713.17,98713.29,98022.18,98066.46,814.78,80066176.05
2024-12-09 12:00:00,98066.46,98597.92,97933.01,98571.33,1816.94,178643401.51
2024-12-09 13:00:00,98571.33,99183.19,98203.13,98978.91,2178.39,215212673.09
2024-12-09 14:00:00,98978.91,100419.26,98853.0,100183.34,4048.93,403352248.9
2024-12-09 15:00:00,100183.34,100453.41,97489.93,97757.1,7443.99,733745853.86
2024-12-09 16:00:00,97757.1,98353.03,97429.3,97817.22,4170.85,408563741.85
2024-12-09 17:00:00,97817.22,98210.5,97304.59,97337.46,2578.79,252121556.16
2024-12-09 18:00:00,97337.46,98263.21,97325.29,97762.2,2831.2,277091858.28
2024-12-09 19:00:00,97762.2,97764.26,96925.17,97006.16,3858.75,375537406.83
2024-12-09 20:00:00,97006.16,97280.35,96089.32,96221.34,7498.11,725302351.55
2024-12-09 21:00:00,96221.34,97577.23,94567.01,96938.02,11359.19,1092218048.78
2024-12-09 22:00:00,96938.02,97406.72,94865.01,97008.45,5886.27,568851544.5
2024-12-09 23:00:00,97008.45,97562.7,96738.37,97338.34,1155.67,112440983.16
2024-12-10 00:00:00,97338.34,98177.58,97035.27,97902.11,2770.07,270475124.69
2024-12-10 01:00:00,97902.11,98109.76,97491.9,97993.33,2187.45,214078046.33
2024-12-10 02:00:00,97993.33,98006.47,96682.57,96741.96,2488.9,242637083.13
2024-12-10 03:00:00,96741.96,97002.42,95625.09,96967.34,4390.4,422795903.24
2024-12-10 04:00:00,96967.34,97170.11,95950.66,97086.14,1567.75,151569828.06
2024-12-10 05:00:00,97086.14,97103.51,96567.47,96977.39,823.86,79777228.79
2024-12-10 06:00:00,96977.39,97532.73,96844.21,97492.55,701.99,68234044.35
2024-12-10 07:00:00,97492.55,97520.24,96936.09,97220.0,478.61,46517611.58
2024-12-10 08:00:00,97220.0,97567.17,96986.84,97431.72,528.87,51433662.65
2024-12-10 09:00:00,97431.72,97727.79,97263.54,97513.64,688.84,67155529.78
2024-12-10 10:00:00,97513.64,97901.69,97513.64,97730.44,978.57,95650599.03
2024-12-10 11:00:00,97730.44,97964.35,97479.05,97770.53,599.51,58588110.99
2024-12-10 12:00:00,97770.53,97886.63,96896.56,97182.43,2431.7,236590701.86
2024-12-10 13:00:00,97182.43,97961.72,97162.78,97776.77,2806.41,274047294.93
2024-12-10 14:00:00,97776.77,98316.66,97171.15,97859.17,4599.79,450001098.39
2024-12-10 15:00:00,97859.17,98150.97,95668.2,95695.57,5091.05,493159003.84
2024-12-10 16:00:00,95695.57,96539.37,94561.1,96343.31,8186.23,781802630.57
2024-12-10 17:00:00,96343.31,96377.78,94423.51,94517.28,8608.12,818399767.94
2024-12-10 18:00:00,94517.28,95543.37,94284.0,95138.3,5110.45,485068433.77
2024-12-10 19:00:00,95138.3,96201.65,94989.02,95884.74,2955.02,282906025.79
2024-12-10 20:00:00,95884.74,96749.69,95644.41,96480.74,4405.92,424274195.95
2024-12-10 21:00:00,96480.74,97262.51,96437.2,96908.59,3528.42,341633567.04
2024-12-10 22:00:00,96908.59,97160.84,96644.34,96918.35,1468.99,142344247.34
2024-12-10 23:00:00,96918.35,97189.22,96494.31,96657.88,1264.15,122476355.1
2024-12-11 00:00:00,96657.88,96915.63,95877.98,96476.4,2414.84,232839488.47
2024-12-11 01:00:00,96476.4,96705.51,95730.76,95820.09,2538.87,244395102.13
2024-12-11 02:00:00,95820.09,97496.53,95743.51,97274.41,2466.91,238543533.18
2024-12-11 03:00:00,97274.41,97675.01,97181.06,97435.78,1611.46,156988601.6
2024-12-11 04:00:00,97435.78,97637.26,97218.83,97585.3,890.9,86779347.65
2024-12-11 05:00:00,97585.3,97731.27,97345.6,97538.43,560.92,54692143.76
2024-12-11 06:00:00,97538.43,97798.23,97441.91,97717.87,314.38,30705129.82
2024-12-11 07:00:00,97717.87,97822.23,97292.66,97387.7,372.11,36304275.94
2024-12-11 08:00:00,97387.7,98510.2,97363.02,98148.21,1028.09,100789820.21
2024-12-11 09:00:00,98148.21,98213.48,97782.99,98010.97,521.93,51126628.57
2024-12-11 10:00:00,98010.97,98321.15,97897.47,98241.57,479.48,47026493.87
2024-12-11 11:00:00,98241.57,98501.2,98186.56,98350.66,639.61,62904198.94
2024-12-11 12:00:00,98350.66,98541.48,98218.69,98290.57,943.83,92863530.33
2024-12-11 13:00:00,98290.57,98910.55,98114.2,98790.77,2642.25,260529908.75
2024-12-11 14:00:00,98790.77,99627.59,98411.37,99607.15,4035.41,399767720.0
2024-12-11 15:00:00,99607.15,100859.03,99492.73,100453.51,7790.27,781049674.57
2024-12-11 16:00:00,100453.51,101212.66,100410.05,100687.18,4822.93,486144885.02
2024-12-11 17:00:00,100687.18,101095.6,99755.9,99868.39,3360.38,338102803.0
2024-12-11 18:00:00,99868.39,100891.15,99700.24,100481.41,3824.34,383790122.25
2024-12-11 19:00:00,100481.41,101284.91,100481.31,101253.93,3517.01,354974436.5
2024-12-11 20:00:00,101253.93,101813.36,101160.12,101400.19,4612.18,467914028.37
2024-12-11 21:00:00,101400.19,101634.69,100965.37,101614.97,2792.94,282820073.09
2024-12-11 22:00:00,101614.97,101979.09,101252.92,101282.84,1517.8,154272435.81
2024-12-11 23:00:00,101282.84,101584.46,101150.79,101203.07,1348.65,136691017.29
2024-12-12 00:00:00,101203.07,101276.86,100650.64,100856.0,1451.77,146632041.72
2024-12-12 01:00:00,100856.0,100937.15,100413.91,100583.18,1560.27,157106168.75
2024-12-12 02:00:00,100583.18,101920.25,100582.46,101909.77,1729.79,175116790.57
2024-12-12 03:00:00,101909.77,101920.58,100869.86,101095.07,1775.02,179988594.03
2024-12-12 04:00:00,101095.07,101254.63,100633.1,100744.57,740.41,74707029.48
2024-12-12 05:00:00,100744.57,101150.77,100663.61,100665.6,679.05,68523824.28
2024-12-12 06:00:00,100665.6,100743.7,100444.27,100616.73,507.43,51044430.51
2024-12-12 07:00:00,100616.73,100852.94,100525.4,100532.08,308.72,31073081.03
2024-12-12 08:00:00,100532.08,101079.43,100502.38,101014.85,544.07,54874617.9
2024-12-12 09:00:00,101014.85,101153.81,100836.92,100846.59,424.71,42892802.24
2024-12-12 10:00:00,100846.59,100847.5,100507.45,100619.64,576.79,58045439.67
2024-12-12 11:00:00,100619.64,100664.76,100204.19,100384.5,625.65,62809251.52
2024-12-12 12:00:00,100384.5,100962.71,100381.46,100854.82,1086.42,109448932.56
2024-12-12 13:00:00,100854.82,101575.82,100599.01,100944.52,3081.26,311460662.53
2024-12-12 14:00:00,100944.52,101757.71,100643.69,101744.51,4926.9,498839166.53
2024-12-12 15:00:00,101744.51,101910.84,100744.73,101859.26,5060.92,513297124.24
2024-12-12 16:00:00,101859.26,102598.04,101510.2,101510.21,5197.76,530828405.94
2024-12-12 17:00:00,101510.21,101754.15,101265.05,101663.99,2489.13,252692256.87
2024-12-12 18:00:00,101663.99,101711.38,100853.21,100881.92,2060.62,208779064.39
2024-12-12 19:00:00,100881.92,101072.13,99311.56,99487.64,4116.17,411815721.41
2024-12-12 20:00:00,99487.64,100460.72,99476.92,100046.49,3963.33,395958370.34
2024-12-12 21:00:00,100046.49,100140.89,99722.65,99789.79,1947.66,194601060.22
2024-12-12 22:00:00,99789.79,100507.4,99539.66,100474.96,1336.63,133648033.8
2024-12-12 23:00:00,100474.96,100499.47,99911.47,100041.98,1010.18,101218369.85
2024-12-13 00:00:00,100041.98,100375.01,99968.82,100115.0,874.94,87671030.59
2024-12-13 01:00:00,100115.0,100169.27,99241.66,99360.97,1199.65,119624204.93
2024-12-13 02:00:00,99360.97,99704.94,99232.64,99505.64,1325.16,131810287.48
2024-12-13 03:00:00,99505.64,99810.7,99504.11,99743.71,746.65,74429359.54
2024-12-13 04:00:00,99743.71,100071.3,99672.95,100018.54,456.56,45597883.31
2024-12-13 05:00:00,100018.54,100193.07,99878.87,99921.91,318.7,31882687.01
2024-12-13 06:00:00,99921.91,100117.06,99723.37,99723.37,375.53,37530006.0
2024-12-13 07:00:00,99723.37,100245.36,99517.84,100161.84,964.08,96396985.3
2024-12-13 08:00:00,100161.84,100380.25,99915.47,100288.72,501.12,50201304.21
2024-12-13 09:00:00,100288.72,100346.56,99912.32,100112.69,404.18,40466149.63
2024-12-13 10:00:00,100112.69,100572.77,99934.79,100483.07,509.15,51063131.21
2024-12-13 11:00:00,100483.07,100791.26,100321.27,100364.47,642.68,64594454.24
2024-12-13 12:00:00,100364.47,100471.39,100142.17,100296.42,734.01,73626998.99
2024-12-13 13:00:00,100296.42,100522.58,99940.4,100286.25,1007.88,100980955.65
2024-12-13 14:00:00,100286.25,101055.14,100226.19,101055.14,2712.19,273053439.51
2024-12-13 15:00:00,101055.14,101405.46,99717.92,99887.7,4098.46,413337230.59
2024-12-13 16:00:00,99887.7,101275.72,99807.93,100984.17,3677.32,369719360.42
2024-12-13 17:00:00,100984.17,101800.67,100780.54,101764.5,3572.19,361919562.27
2024-12-13 18:00:00,101764.5,101947.1,101320.6,101526.33,3672.96,373503142.48
2024-12-13 19:00:00,101526.33,101629.85,101217.15,101487.59,1712.57,173655635.04
2024-12-13 20:00:00,101487.59,101907.45,101260.91,101717.27,2612.81,265530928.1
2024-12-13 21:00:00,101717.27,101722.19,101298.33,101349.59,1105.83,112217454.02
2024-12-13 22:00:00,101349.59,101428.53,101114.88,101270.34,646.46,65461945.86
2024-12-13 23:00:00,101270.34,101527.5,101146.97,101429.78,768.78,77857818.51
2024-12-14 00:00:00,101429.78,101535.05,101151.05,101291.19,639.2,64772783.62
2024-12-14 01:00:00,101291.19,102653.76,101291.13,102161.63,3306.1,337730163.94
2024-12-14 02:00:00,102161.63,102285.42,101683.07,102050.1,1295.43,132076393.42
2024-12-14 03:00:00,102050.1,102366.09,102033.94,102101.54,474.11,48443695.96
2024-12-14 04:00:00,102101.54,102153.51,101604.59,101695.83,510.03,51924483.19
2024-12-14 05:00:00,101695.83,101837.67,101651.92,101731.19,309.5,31490254.35
2024-12-14 06:00:00,101731.19,102000.65,101704.02,101907.49,364.08,37106233.43
2024-12-14 07:00:00,101907.49,101929.64,101637.66,101828.2,227.92,23194109.72
2024-12-14 08:00:00,101828.2,101872.44,101591.32,101812.03,251.0,25533860.96
2024-12-14 09:00:00,101812.03,101812.07,101483.69,101551.96,226.69,23032292.94
2024-12-14 10:00:00,101551.96,101593.85,101323.52,101551.96,274.77,27875494.57
2024-12-14 11:00:00,101551.96,101699.22,101461.57,101579.49,176.22,17902212.18
2024-12-14 12:00:00,101579.49,101641.13,101252.11,101298.37,585.75,59401655.53
2024-12-14 13:00:00,101298.37,101411.13,100828.47,101176.27,1230.63,124434336.08
2024-12-14 14:00:00,101176.27,101533.78,101159.08,101433.7,603.14,61149436.48
2024-12-14 15:00:00,101433.7,101735.67,101338.67,101617.44,598.27,60778587.55
2024-12-14 16:00:00,101617.44,101649.89,101422.41,101643.27,607.28,61653608.74
2024-12-14 17:00:00,101643.27,101725.12,100891.97,100985.49,887.68,89887984.58
2024-12-14 18:00:00,100985.49,101185.94,100827.49,100885.94,1040.8,105105876.66
2024-12-14 19:00:00,100885.94,101345.76,100861.58,101317.5,736.33,74488896.2
2024-12-14 20:00:00,101317.5,101414.76,100606.28,100747.29,713.67,72075370.26
2024-12-14 21:00:00,100747.29,101179.5,100747.14,101069.95,631.61,63826914.28
2024-12-14 22:00:00,101069.95,101253.74,100890.22,101114.39,366.1,37009120.15
2024-12-14 23:00:00,101114.39,101463.26,101048.66,101402.95,521.43,52816252.61
2024-12-15 00:00:00,101402.95,101549.39,101228.16,101427.76,452.95,45937531.76
2024-12-15 01:00:00,101427.76,102157.83,101404.29,102098.24,693.22,70556129.32
2024-12-15 02:00:00,102098.24,102102.44,101737.9,101798.35,607.02,61853654.6
2024-12-15 03:00:00,101798.35,101910.76,101700.21,101708.68,312.01,31762234.6
2024-12-15 04:00:00,101708.68,102803.5,101708.56,102339.37,1675.49,171639212.18
2024-12-15 05:00:00,102339.37,102472.7,102069.24,102117.58,590.06,60373131.77
2024-12-15 06:00:00,102117.58,102129.49,101742.81,101742.81,334.9,34152041.84
2024-12-15 07:00:00,101742.81,101913.07,101520.92,101714.51,269.83,27452296.15
2024-12-15 08:00:00,101714.51,101990.1,101569.37,101987.76,236.44,24063145.34
2024-12-15 09:00:00,101987.76,102227.23,101895.3,102224.13,272.36,27807109.9
2024-12-15 10:00:00,102224.13,102419.95,102130.68,102257.07,368.57,37697600.9
2024-12-15 11:00:00,102257.07,102651.49,102210.35,102641.2,369.75,37877253.79
2024-12-15 12:00:00,102641.2,103296.98,102494.02,102895.35,1939.97,199642956.37
2024-12-15 13:00:00,102895.35,102941.07,102430.35,102745.71,1052.93,108121663.29
2024-12-15 14:00:00,102745.71,103016.01,102611.53,102947.1,960.0,98704306.99
2024-12-15 15:00:00,102947.1,102987.81,102659.41,102667.61,800.97,82370066.65
2024-12-15 16:00:00,102667.61,103425.75,102558.11,103070.34,1720.17,177284429.29
2024-12-15 17:00:00,103070.34,103313.08,102940.6,103123.48,891.43,91884231.57
2024-12-15 18:00:00,103123.48,103314.07,102957.38,103155.39,689.83,71137141.42
2024-12-15 19:00:00,103155.39,103398.15,103145.22,103220.55,578.8,59773099.12
2024-12-15 20:00:00,103220.55,103367.71,103033.82,103113.4,598.65,61767798.78
2024-12-15 21:00:00,103113.4,103163.5,102619.82,102841.85,1270.27,130668784.53
2024-12-15 22:00:00,102841.85,103354.56,102618.48,103251.13,1070.0,110203534.39
2024-12-15 23:00:00,103251.13,105140.47,103224.5,104424.54,7044.05,735264863.07
2024-12-16 00:00:00,104424.54,106542.4,104304.34,105376.05,5824.11,614880550.46
2024-12-16 01:00:00,105376.05,105502.73,104919.63,105480.44,2328.59,245059188.56
2024-12-16 02:00:00,105480.44,105600.57,104425.27,104548.18,2178.15,228445841.44
2024-12-16 03:00:00,104548.18,104949.79,104253.14,104545.23,1331.57,139332119.59
2024-12-16 04:00:00,104545.23,104766.76,104435.63,104649.35,694.45,72643137.2
2024-12-16 05:00:00,104649.35,105043.32,104459.96,104999.2,529.78,55527179.77
2024-12-16 06:00:00,104999.2,105330.22,104930.82,105120.99,683.47,71845698.04
2024-12-16 07:00:00,105120.99,105371.03,104878.13,104956.07,381.08,40071648.88
2024-12-16 08:00:00,104956.07,104987.45,104475.82,104499.42,575.84,60306877.77
2024-12-16 09:00:00,104499.42,104916.8,104471.8,104659.22,632.05,66153150.59
2024-12-16 10:00:00,104659.22,104692.76,104323.23,104640.55,647.84,67724241.38
2024-12-16 11:00:00,104640.55,104798.67,103612.56,103728.63,784.4,81706952.5
2024-12-16 12:00:00,103728.63,104108.92,103299.75,103599.75,1799.14,186721529.3
2024-12-16 13:00:00,103599.75,104086.32,103427.64,103859.73,1550.28,161016433.64
2024-12-16 14:00:00,103859.73,105987.76,103830.71,105458.27,5151.28,541502645.58
2024-12-16 15:00:00,105458.27,106499.28,105257.67,106356.73,7248.23,769045024.19
2024-12-16 16:00:00,106356.73,107157.53,106155.94,106839.11,6030.67,643570286.02
2024-12-16 17:00:00,106839.11,107226.05,106720.38,107118.37,4194.77,448828445.15
2024-12-16 18:00:00,107118.37,107829.08,106923.94,107134.84,5045.93,542016717.66
2024-12-16 19:00:00,107134.84,107138.64,105821.0,106617.77,4731.93,503167064.57
2024-12-16 20:00:00,106617.77,106685.99,105795.69,105831.76,4023.54,427476616.95
2024-12-16 21:00:00,105831.76,106295.02,105697.21,106071.52,1740.4,184385306.99
2024-12-16 22:00:00,106071.52,106308.85,105739.84,105838.37,1068.29,113314675.78
2024-12-16 23:00:00,105838.37,106097.34,105503.37,106089.2,1263.41,133707720.05
2024-12-17 00:00:00,106089.2,106266.11,105702.31,105896.41,1625.86,172424638.53
2024-12-17 01:00:00,105896.41,106465.78,105777.83,106391.9,1334.44,141657255.25
2024-12-17 02:00:00,106391.9,106596.61,106209.18,106269.07,834.8,88854882.8
2024-12-17 03:00:00,106269.07,106998.69,106239.93,106880.93,952.87,101690363.94
2024-12-17 04:00:00,106880.93,106881.93,106416.77,106505.79,510.38,54394333.53
2024-12-17 05:00:00,106505.79,106817.16,106453.46,106808.61,340.92,36342555.18
2024-12-17 06:00:00,106808.61,106844.19,106370.21,106544.78,404.48,43100353.72
2024-12-17 07:00:00,106544.78,107114.3,106463.79,106821.34,741.83,79288803.64
2024-12-17 08:00:00,106821.34,107513.46,106764.17,107396.66,879.83,94328552.79
2024-12-17 09:00:00,107396.66,107467.2,107121.43,107298.0,514.98,55251123.4
2024-12-17 10:00:00,107298.0,107340.89,106931.07,107201.25,473.79,50734181.33
2024-12-17 11:00:00,107201.25,107322.06,106714.36,106804.21,564.37,60399097.32
2024-12-17 12:00:00,106804.21,107167.99,106533.63,107125.36,1163.55,124313318.05
2024-12-17 13:00:00,107125.36,107604.92,106979.23,107287.45,1249.23,134060873.3
2024-12-17 14:00:00,107287.45,108369.13,107075.99,108272.5,4411.67,475249320.72
2024-12-17 15:00:00,108272.5,108279.49,105727.41,106487.1,6386.2,681303869.54
2024-12-17 16:00:00,106487.1,107082.04,106152.08,107079.28,2996.93,319927584.71
2024-12-17 17:00:00,107079.28,107629.03,106722.28,107524.43,2321.15,249018492.59
2024-12-17 18:00:00,107524.43,107666.72,106421.44,106554.56,3222.43,345060960.33
2024-12-17 19:00:00,106554.56,107028.96,106207.83,106472.72,3170.16,337824518.74
2024-12-17 20:00:00,106472.72,106888.81,106134.48,106714.89,2333.34,248640787.8
2024-12-17 21:00:00,106714.89,106790.62,106234.07,106402.57,1023.12,108960861.45
2024-12-17 22:00:00,106402.57,106409.2,105308.99,105978.29,1528.09,161730852.79
2024-12-17 23:00:00,105978.29,106340.7,105554.27,106140.14,1894.85,200903024.1
2024-12-18 00:00:00,106140.14,106477.61,105659.23,106108.89,1555.21,164981373.0
2024-12-18 01:00:00,106108.89,106502.15,104966.47,105352.49,2218.45,234805505.92
2024-12-18 02:00:00,105352.49,105647.19,105033.94,105311.23,1859.16,195936141.54
2024-12-18 03:00:00,105311.23,105325.69,104579.33,104766.97,1608.65,168723840.7
2024-12-18 04:00:00,104766.97,104766.98,103573.18,103872.88,1828.95,190269615.45
2024-12-18 05:00:00,103872.88,104111.97,103260.02,103556.15,1143.56,118629101.49
2024-12-18 06:00:00,103556.15,103996.22,103130.19,103761.59,998.32,103488302.84
2024-12-18 07:00:00,103761.59,104297.47,103702.26,104239.72,702.56,73133538.76
2024-12-18 08:00:00,104239.72,104363.17,103721.04,103785.82,493.61,51332658.07
2024-12-18 09:00:00,103785.82,104417.69,103782.7,104029.95,436.3,45443072.05
2024-12-18 10:00:00,104029.95,104662.47,103965.1,104517.44,572.86,59764665.79
2024-12-18 11:00:00,104517.44,105006.77,104486.18,104995.29,599.36,62787311.48
2024-12-18 12:00:00,104995.29,105327.13,104677.52,104895.82,1554.69,163223506.99
2024-12-18 13:00:00,104895.82,105237.48,104523.01,104565.74,1366.45,143337253.65
2024-12-18 14:00:00,104565.74,104841.87,103848.73,104002.76,3490.49,364148362.24
2024-12-18 15:00:00,104002.76,104540.24,103619.42,104407.32,3810.62,396736320.24
2024-12-18 16:00:00,104407.32,104441.26,103384.46,104163.91,3122.61,324384982.35
2024-12-18 17:00:00,104163.91,104816.59,103849.47,104644.98,2058.49,214884048.14
2024-12-18 18:00:00,104644.98,104981.17,104126.9,104777.27,2420.94,253280785.87
2024-12-18 19:00:00,104777.27,104786.98,102746.66,102754.02,8611.1,892248518.62
2024-12-18 20:00:00,102754.02,102916.64,100179.91,100758.56,22656.42,2297830503.82
2024-12-18 21:00:00,100758.56,101652.93,100392.44,100956.75,5900.67,596119603.18
2024-12-18 22:00:00,100956.75,101495.23,100586.57,101119.84,2048.24,206724387.36
2024-12-18 23:00:00,101119.84,101136.48,99946.11,100147.26,4036.7,405782390.87
2024-12-19 00:00:00,100147.26,100920.89,100079.49,100742.9,2324.48,233893127.48
2024-12-19 01:00:00,100742.9,100827.09,99534.71,99682.18,2352.54,235767723.2
2024-12-19 02:00:00,99682.18,100444.19,98706.43,100444.19,4759.84,473091598.08
2024-12-19 03:00:00,100444.19,101236.65,100375.21,101114.27,2633.49,265633914.35
2024-12-19 04:00:00,101114.27,101157.92,100586.1,100612.39,688.88,69523359.4
2024-12-19 05:00:00,100612.39,101358.32,100611.73,101248.86,518.25,52421279.36
2024-12-19 06:00:00,101248.86,101328.83,100950.66,101142.5,401.59,40626183.02
2024-12-19 07:00:00,101142.5,101680.29,101071.0,101609.58,428.57,43470804.66
2024-12-19 08:00:00,101609.58,101787.85,101332.02,101607.29,549.75,55853338.81
2024-12-19 09:00:00,101607.29,101840.32,101505.86,101766.8,473.79,48182000.21
2024-12-19 10:00:00,101766.8,102574.68,101701.5,102379.95,735.65,75187606.17
2024-12-19 11:00:00,102379.95,102455.17,102143.55,102398.23,461.51,47214334.79
2024-12-19 12:00:00,102398.23,102510.2,101820.7,101934.01,1202.29,122846376.73
2024-12-19 13:00:00,101934.01,102149.45,101617.99,101898.52,1786.19,182062585.74
2024-12-19 14:00:00,101898.52,102767.84,100693.38,100901.38,4941.54,502933513.61
2024-12-19 15:00:00,100901.38,101013.5,99414.29,100609.22,7352.01,736310751.85
2024-12-19 16:00:00,100609.22,101118.39,99800.29,100625.89,4689.43,471268687.32
2024-12-19 17:00:00,100625.89,100650.68,97331.95,98703.74,8693.87,859403957.31
2024-12-19 18:00:00,98703.74,98833.6,96745.23,98810.98,8438.11,825891217.17
2024-12-19 19:00:00,98810.98,98953.74,96146.43,97097.43,6726.47,654701925.02
2024-12-19 20:00:00,97097.43,97180.95,95555.55,96264.16,11245.4,1083912691.63
2024-12-19 21:00:00,96264.16,97966.3,95713.48,97321.72,5297.96,514799181.17
2024-12-19 22:00:00,97321.72,98317.96,97139.63,98285.58,2102.39,205062181.91
2024-12-19 23:00:00,98285.58,98286.96,97368.57,97381.1,2165.48,211700995.65
2024-12-20 00:00:00,97381.1,97722.41,96556.65,97149.94,3720.6,361572584.0
2024-12-20 01:00:00,97149.94,97439.21,96056.7,96207.16,3548.39,343320605.36
2024-12-20 02:00:00,96207.16,97606.56,95864.78,97514.95,3680.94,355990606.39
2024-12-20 03:00:00,97514.95,97687.88,96881.02,97009.85,1555.44,151339720.84
2024-12-20 04:00:00,97009.85,97748.34,96770.99,97217.22,985.89,96009923.92
2024-12-20 05:00:00,97217.22,97399.29,96598.3,96661.32,617.44,59893577.55
2024-12-20 06:00:00,96661.32,97222.89,96317.08,97185.06,984.71,95241953.55
2024-12-20 07:00:00,97185.06,98131.87,97184.71,97703.46,1437.9,140632790.35
2024-12-20 08:00:00,97703.46,97753.95,95193.62,95362.74,2096.18,201381614.28
2024-12-20 09:00:00,95362.74,95614.39,94586.29,94693.14,2771.12,263499757.51
2024-12-20 10:00:00,94693.14,94951.24,93873.08,94234.46,4203.62,397059628.51
2024-12-20 11:00:00,94234.46,94511.75,92508.09,92590.73,5836.56,544812418.92
2024-12-20 12:00:00,92590.73,94144.96,92144.03,93826.27,7367.39,685771880.9
2024-12-20 13:00:00,93826.27,95712.07,93491.57,95119.16,7387.68,700032907.13
2024-12-20 14:00:00,95119.16,96115.3,94666.16,95542.51,6903.47,658255898.76
2024-12-20 15:00:00,95542.51,97486.85,95525.49,96923.17,6827.04,659725098.69
2024-12-20 16:00:00,96923.17,97656.79,96275.57,96695.9,5615.06,545421636.64
2024-12-20 17:00:00,96695.9,97348.19,96408.86,97183.4,3688.6,357483270.94
2024-12-20 18:00:00,97183.4,97288.5,96579.98,96970.47,3048.17,295417401.25
2024-12-20 19:00:00,96970.47,97741.88,96821.57,97084.4,3022.66,294202941.31
2024-12-20 20:00:00,97084.4,97204.58,96346.02,96385.19,3709.09,359157385.72
2024-12-20 21:00:00,96385.19,96594.19,95378.12,96567.26,3419.58,328433689.54
2024-12-20 22:00:00,96567.26,97463.54,96407.57,97409.8,1429.35,138547545.15
2024-12-20 23:00:00,97409.8,97783.35,97340.27,97769.49,1110.32,108331589.47
2024-12-21 00:00:00,97769.49,97787.51,97169.42,97493.29,1322.44,128821816.03
2024-12-21 01:00:00,97493.29,97637.88,97178.15,97323.15,1331.58,129719103.65
2024-12-21 02:00:00,97323.15,97584.45,97159.07,97366.75,1021.24,99432540.48
2024-12-21 03:00:00,97366.75,97451.14,97207.68,97450.91,791.33,77004241.34
2024-12-21 04:00:00,97450.91,97588.06,97335.06,97534.3,333.83,32539423.85
2024-12-21 05:00:00,97534.3,98640.59,97489.03,98638.86,835.54,81936518.52
2024-12-21 06:00:00,98638.86,98787.4,98293.81,98677.86,967.34,95333591.14
2024-12-21 07:00:00,98677.86,99529.45,98451.37,98983.53,2089.01,207259282.86
2024-12-21 08:00:00,98983.53,99140.18,98434.09,98625.58,618.27,61036167.96
2024-12-21 09:00:00,98625.58,98652.33,98267.17,98540.64,379.25,37327760.6
2024-12-21 10:00:00,98540.64,98624.8,98024.53,98102.84,508.71,50032486.02
2024-12-21 11:00:00,98102.84,98385.95,97771.06,98238.6,469.97,46098112.09
2024-12-21 12:00:00,98238.6,98265.46,97066.15,97105.17,1765.01,172399702.11
2024-12-21 13:00:00,97105.17,97459.53,96379.46,97313.12,2991.68,290336969.0
2024-12-21 14:00:00,97313.12,97714.15,97038.01,97052.45,1837.15,178992065.45
2024-12-21 15:00:00,97052.45,97690.35,97035.65,97492.44,1244.29,121146266.32
2024-12-21 16:00:00,97492.44,97673.6,96918.95,97253.52,1832.28,178331789.74
2024-12-21 17:00:00,97253.52,97666.74,97007.28,97573.24,1686.97,164236967.41
2024-12-21 18:00:00,97573.24,97691.12,97258.86,97366.97,1052.59,102604454.42
2024-12-21 19:00:00,97366.97,97401.71,96781.78,97216.32,1283.46,124489296.18
2024-12-21 20:00:00,97216.32,97998.25,97184.77,97415.73,1576.57,153885380.83
2024-12-21 21:00:00,97415.73,97539.48,96508.19,96849.31,1712.88,166274966.27
2024-12-21 22:00:00,96849.31,97334.31,96579.73,97086.46,1180.83,114451124.91
2024-12-21 23:00:00,97086.46,97260.3,96850.32,97223.39,965.28,93668244.57
2024-12-22 00:00:00,97223.39,97387.01,96999.23,97191.16,1246.6,121125748.76
2024-12-22 01:00:00,97191.16,97371.94,96666.55,96998.6,1099.38,106712344.72
2024-12-22 02:00:00,96998.6,97174.5,96556.19,96665.32,985.43,95418895.36
2024-12-22 03:00:00,96665.32,97251.17,96501.53,96932.19,1103.38,106888178.41
2024-12-22 04:00:00,96932.19,97017.71,96014.32,96025.48,610.72,58896947.51
2024-12-22 05:00:00,96025.48,96353.4,95844.76,96111.96,725.15,69667626.47
2024-12-22 06:00:00,96111.96,96683.67,96064.34,96682.38,368.13,35487786.08
2024-12-22 07:00:00,96682.38,96787.29,96023.6,96137.32,282.03,27170792.35
2024-12-22 08:00:00,96137.32,96619.38,96125.8,96473.48,244.81,23603865.05
2024-12-22 09:00:00,96473.48,97177.2,96259.35,96874.6,669.56,64853627.42
2024-12-22 10:00:00,96874.6,97287.01,96790.01,96932.56,423.19,41074914.71
2024-12-22 11:00:00,96932.56,97265.24,96900.97,97041.69,205.88,19987713.93
2024-12-22 12:00:00,97041.69,97230.91,96775.63,96931.14,629.01,61019389.43
2024-12-22 13:00:00,96931.14,97191.48,96783.66,96923.15,689.65,66888159.78
2024-12-22 14:00:00,96923.15,96996.81,95216.45,95278.9,2792.81,267796607.98
2024-12-22 15:00:00,95278.9,95580.23,95067.18,95306.19,2596.61,247530813.95
2024-12-22 16:00:00,95306.19,95802.74,95130.75,95651.84,1726.47,164914451.99
2024-12-22 17:00:00,95651.84,95795.91,95400.49,95559.17,1182.82,113102167.09
2024-12-22 18:00:00,95559.17,96383.52,95332.63,95888.91,2004.13,192167237.34
2024-12-22 19:00:00,95888.91,96080.15,94614.04,94744.9,2174.91,207330365.44
2024-12-22 20:00:00,94744.9,95526.82,94337.92,95497.94,2448.59,232122624.88
2024-12-22 21:00:00,95497.94,95650.48,94994.25,95110.9,1569.29,149683060.4
2024-12-22 22:00:00,95110.9,95530.14,94186.04,95451.54,2330.51,220919094.47
2024-12-22 23:00:00,95451.54,95718.98,94931.52,95098.66,1552.68,147917730.19
2024-12-23 00:00:00,95098.66,95324.22,94262.15,94311.91,1965.3,186093306.06
2024-12-23 01:00:00,94311.91,95006.43,93675.94,94376.6,3178.16,299864848.52
2024-12-23 02:00:00,94376.6,94663.63,93633.39,94615.16,3298.21,310425990.07
2024-12-23 03:00:00,94615.16,95931.9,94511.77,95913.67,2196.46,209337614.35
2024-12-23 04:00:00,95913.67,96419.66,95561.1,95756.45,1048.55,100675629.54
2024-12-23 05:00:00,95756.45,95886.28,95267.36,95531.18,520.79,49770958.65
2024-12-23 06:00:00,95531.18,95571.44,94633.09,94744.43,680.06,64627358.79
2024-12-23 07:00:00,94744.43,95490.72,94744.43,95317.86,744.15,70793010.34
2024-12-23 08:00:00,95317.86,95479.16,94957.11,95428.83,509.11,48471471.82
2024-12-23 09:00:00,95428.83,96081.71,95414.58,95921.59,704.95,67588141.17
2024-12-23 10:00:00,95921.59,96340.3,95877.74,96286.33,589.36,56608032.26
2024-12-23 11:00:00,96286.33,96428.13,95719.67,95825.07,492.08,47238918.46
2024-12-23 12:00:00,95825.07,96307.78,95748.76,96200.24,1394.13,133927076.05
2024-12-23 13:00:00,96200.24,96243.09,94726.13,94816.01,2183.32,208201177.36
2024-12-23 14:00:00,94816.01,95505.75,93585.59,94262.12,4901.96,463411472.69
2024-12-23 15:00:00,94262.12,94307.87,92997.29,93137.0,6740.43,630079779.96
2024-12-23 16:00:00,93137.0,94130.34,92816.79,93849.58,4675.52,436335315.38
2024-12-23 17:00:00,93849.58,94004.67,93104.63,93259.93,3630.09,339147847.21
2024-12-23 18:00:00,93259.93,93632.05,92560.23,92621.75,3274.65,304844904.25
2024-12-23 19:00:00,92621.75,93583.57,92568.96,92919.68,2829.44,263425806.57
2024-12-23 20:00:00,92919.68,93375.54,92378.53,93035.63,5159.78,478862661.54
2024-12-23 21:00:00,93035.63,94159.71,93030.08,93847.49,3441.05,322780343.01
2024-12-23 22:00:00,93847.49,95064.3,93784.36,95064.13,1505.62,142084337.88
2024-12-23 23:00:00,95064.13,95390.07,94563.37,94771.64,1976.14,187685366.64
2024-12-24 00:00:00,94771.64,94773.0,94023.07,94435.54,1811.13,170897165.55
2024-12-24 01:00:00,94435.54,94546.52,93919.87,94005.72,1345.18,126737188.25
2024-12-24 02:00:00,94005.72,94211.85,93437.9,93830.93,1670.73,156745469.6
2024-12-24 03:00:00,93830.93,94273.08,93699.8,94223.67,1101.64,103537744.7
2024-12-24 04:00:00,94223.67,94293.79,93914.8,94293.79,627.9,59113445.01
2024-12-24 05:00:00,94293.79,94534.79,94193.61,94480.71,352.95,33315047.32
2024-12-24 06:00:00,94480.71,94481.98,93720.17,93803.94,365.25,34372297.07
2024-12-24 07:00:00,93803.94,94168.38,93693.43,94096.98,226.23,21251703.9
2024-12-24 08:00:00,94096.98,94502.31,93996.61,94368.78,456.59,43064893.36
2024-12-24 09:00:00,94368.78,94404.08,93825.76,93945.67,391.48,36816603.99
2024-12-24 10:00:00,93945.67,94046.82,93711.62,93832.08,507.71,47643939.64
2024-12-24 11:00:00,93832.08,94283.17,93788.29,94258.82,383.98,36111812.51
2024-12-24 12:00:00,94258.82,94272.21,93929.44,94158.67,729.24,68615100.93
2024-12-24 13:00:00,94158.67,95977.04,94146.19,95972.72,2053.71,195316321.53
2024-12-24 14:00:00,95972.72,97435.88,95753.51,97395.23,4492.23,434164322.27
2024-12-24 15:00:00,97395.23,98228.66,97189.59,98228.66,3996.66,390197738.78
2024-12-24 16:00:00,98228.66,98642.5,97915.28,98467.26,4645.54,456345446.42
2024-12-24 17:00:00,98467.26,98998.72,98298.53,98780.76,4394.09,433576808.82
2024-12-24 18:00:00,98780.76,99439.54,98376.5,98573.26,3227.06,318984410.85
2024-12-24 19:00:00,98573.26,98693.93,97507.9,97564.48,1935.22,189932700.93
2024-12-24 20:00:00,97564.48,97992.56,97193.85,97225.44,2795.42,272886232.93
2024-12-24 21:00:00,97225.44,98381.61,97211.29,98322.37,1486.92,145646237.85
2024-12-24 22:00:00,98322.37,99003.59,98278.31,98700.3,1152.05,113650885.98
2024-12-24 23:00:00,98700.3,98968.62,98430.63,98606.93,796.7,78651307.59
2024-12-25 00:00:00,98606.93,98804.36,98349.56,98358.97,1172.1,115515045.92
2024-12-25 01:00:00,98358.97,98525.63,97834.4,97915.4,1041.93,102286088.46
2024-12-25 02:00:00,97915.4,98280.22,97651.65,98061.74,971.3,95154095.32
2024-12-25 03:00:00,98061.74,98202.54,97860.12,97958.89,720.12,70602293.29
2024-12-25 04:00:00,97958.89,98283.17,97810.73,98168.64,277.78,27239781.85
2024-12-25 05:00:00,98168.64,98279.24,98089.62,98202.42,151.15,14839792.02
2024-12-25 06:00:00,98202.42,98482.7,97777.01,97813.37,302.43,29655491.38
2024-12-25 07:00:00,97813.37,98290.45,97792.07,98010.23,241.19,23643170.18
2024-12-25 08:00:00,98010.23,98191.76,97856.91,97998.74,220.12,21576511.38
2024-12-25 09:00:00,97998.74,98188.43,97926.1,98108.81,180.44,17689916.19
2024-12-25 10:00:00,98108.81,99253.92,98072.49,98371.85,1151.33,113659185.3
2024-12-25 11:00:00,98371.85,98796.09,97712.23,97828.68,720.65,70902983.38
2024-12-25 12:00:00,97828.68,98527.47,97568.85,98100.63,2285.73,224154117.6
2024-12-25 13:00:00,98100.63,98537.96,98049.23,98387.28,1082.0,106379229.6
2024-12-25 14:00:00,98387.28,98747.15,98192.0,98626.51,1026.75,101188718.58
2024-12-25 15:00:00,98626.51,98646.01,98119.79,98433.05,1216.06,119651867.82
2024-12-25 16:00:00,98433.05,98605.1,98045.88,98328.56,1081.54,106297690.29
2024-12-25 17:00:00,98328.56,98567.81,98093.98,98474.32,875.86,86133217.95
2024-12-25 18:00:00,98474.32,98874.38,98452.84,98653.25,1108.46,109452988.62
2024-12-25 19:00:00,98653.25,99200.07,98632.93,98929.1,778.96,77085477.56
2024-12-25 20:00:00,98929.1,99317.48,98805.46,99065.15,1132.64,112203531.9
2024-12-25 21:00:00,99065.15,99484.75,98306.07,98434.85,1811.91,178909237.54
2024-12-25 22:00:00,98434.85,99023.6,98359.47,98730.37,777.26,76671193.41
2024-12-25 23:00:00,98730.37,99481.5,98728.72,99356.06,1473.84,146158373.16
2024-12-26 00:00:00,99356.06,99888.75,98886.11,98964.55,2068.96,205650992.3
2024-12-26 01:00:00,98964.55,99191.55,98517.89,98993.16,1595.86,157713517.55
2024-12-26 02:00:00,98993.16,99121.08,98410.47,98672.59,1445.71,142845194.95
2024-12-26 03:00:00,98672.59,99064.49,98495.98,98925.64,1047.14,103397064.89
2024-12-26 04:00:00,98925.64,98925.73,98180.17,98215.11,609.82,60037657.06
2024-12-26 05:00:00,98215.11,98367.44,97999.07,98284.13,397.83,39058743.51
2024-12-26 06:00:00,98284.13,98383.62,97933.0,98025.23,237.21,23266413.37
2024-12-26 07:00:00,98025.23,98195.55,97635.51,97663.83,582.44,56961170.59
2024-12-26 08:00:00,97663.83,97704.17,95537.91,95812.09,2212.1,213478912.96
2024-12-26 09:00:00,95812.09,95889.78,95325.57,95335.85,1053.59,100660927.04
2024-12-26 10:00:00,95335.85,95663.79,95098.08,95398.16,671.33,64008198.31
2024-12-26 11:00:00,95398.16,95915.41,95363.83,95585.03,598.48,57251990.02
2024-12-26 12:00:00,95585.03,95773.2,95344.56,95571.25,1278.91,122181667.25
2024-12-26 13:00:00,95571.25,95661.73,95174.41,95599.54,1586.64,151340502.3
2024-12-26 14:00:00,95599.54,96173.9,95126.05,95359.2,3158.52,301906751.68
2024-12-26 15:00:00,95359.2,96142.61,95157.44,95968.23,3442.45,329383108.37
2024-12-26 16:00:00,95968.23,96563.65,95720.25,96449.6,2720.12,261536289.79
2024-12-26 17:00:00,96449.6,96476.25,95608.86,95737.58,2355.62,226120258.68
2024-12-26 18:00:00,95737.58,95906.03,95386.29,95660.0,2091.03,200017979.18
2024-12-26 19:00:00,95660.0,96122.62,95354.49,96027.78,1780.18,170196418.77
2024-12-26 20:00:00,96027.78,96039.36,95277.83,95476.92,4002.31,382395008.06
2024-12-26 21:00:00,95476.92,95826.01,95203.98,95701.86,1678.57,160352290.52
2024-12-26 22:00:00,95701.86,95856.83,95527.46,95716.44,598.87,57312193.68
2024-12-26 23:00:00,95716.44,95780.09,95273.15,95680.19,1223.85,116934342.36
2024-12-27 00:00:00,95680.19,95816.7,95287.56,95669.1,1377.69,131656107.71
2024-12-27 01:00:00,95669.1,96110.3,95450.54,95785.83,1338.16,128189815.91
2024-12-27 02:00:00,95785.83,96294.48,95587.37,95933.61,1431.76,137486564.84
2024-12-27 03:00:00,95933.61,96319.89,95857.02,96297.08,1272.06,122281095.57
2024-12-27 04:00:00,96297.08,96456.54,96113.63,96180.14,596.91,57482466.0
2024-12-27 05:00:00,96180.14,96200.4,95868.42,96131.87,350.84,33693356.92
2024-12-27 06:00:00,96131.87,96478.44,95999.62,96478.4,459.22,44202101.1
2024-12-27 07:00:00,96478.4,96495.53,94557.54,94985.9,2659.87,253066793.41
2024-12-27 08:00:00,94985.9,96276.67,94984.21,95597.53,1118.08,107039581.33
2024-12-27 09:00:00,95597.53,97351.17,95549.41,96670.84,1887.67,182819499.22
2024-12-27 10:00:00,96670.84,96900.58,96078.17,96490.04,740.75,71450886.93
2024-12-27 11:00:00,96490.04,96844.37,96264.58,96841.97,440.02,42467018.55
2024-12-27 12:00:00,96841.97,96927.86,96514.98,96578.34,1277.81,123555292.84
2024-12-27 13:00:00,96578.34,96578.45,96165.01,96314.52,1653.87,159339194.17
2024-12-27 14:00:00,96314.52,96380.81,95045.23,95567.12,3625.75,346978573.93
2024-12-27 15:00:00,95567.12,95596.09,93854.82,94431.08,7210.02,681329340.14
2024-12-27 16:00:00,94431.08,94854.95,93950.81,94011.14,4257.6,401484301.37
2024-12-27 17:00:00,94011.14,94178.95,93270.34,94145.01,5046.2,473238799.13
2024-12-27 18:00:00,94145.01,94622.27,94085.47,94425.94,1975.42,186443789.69
2024-12-27 19:00:00,94425.94,94655.29,94109.7,94610.42,1895.16,178771946.81
2024-12-27 20:00:00,94610.42,94633.47,94186.2,94442.43,3218.88,303816689.03
2024-12-27 21:00:00,94442.43,94700.58,94254.87,94400.39,1447.51,136780361.19
2024-12-27 22:00:00,94400.39,94540.7,94069.84,94306.31,807.48,76140239.91
2024-12-27 23:00:00,94306.31,94396.38,93999.35,94170.09,1060.57,99940879.34
2024-12-28 00:00:00,94170.09,94394.86,94129.46,94264.62,970.53,91482553.17
2024-12-28 01:00:00,94264.62,94481.02,94008.53,94417.56,879.05,82837256.44
2024-12-28 02:00:00,94417.56,94490.3,94147.27,94199.25,686.82,64809372.8
2024-12-28 03:00:00,94199.25,94577.18,94198.84,94450.63,459.21,43357918.59
2024-12-28 04:00:00,94450.63,94498.67,94360.5,94387.0,175.11,16536758.76
2024-12-28 05:00:00,94387.0,94646.48,94382.36,94482.14,268.56,25388069.48
2024-12-28 06:00:00,94482.14,94577.22,94263.38,94322.36,203.7,19227969.74
2024-12-28 07:00:00,94322.36,94488.35,94145.75,94218.59,222.94,21026059.87
2024-12-28 08:00:00,94218.59,94382.73,94154.01,94332.46,203.4,19180612.53
2024-12-28 09:00:00,94332.46,94536.67,94320.79,94437.87,294.59,27834056.51
2024-12-28 10:00:00,94437.87,94572.06,94346.09,94480.9,363.88,34389088.95
2024-12-28 11:00:00,94480.9,94732.08,94451.54,94602.84,257.54,24357685.1
2024-12-28 12:00:00,94602.84,94724.04,94449.06,94454.35,494.74,46792036.41
2024-12-28 13:00:00,94454.35,94601.88,94334.09,94510.13,536.79,50728963.09
2024-12-28 14:00:00,94510.13,95167.34,94259.27,94428.21,1529.91,144851383.75
2024-12-28 15:00:00,94428.21,94662.34,94204.42,94291.11,1096.54,103573803.64
2024-12-28 16:00:00,94291.11,94765.1,94241.16,94710.53,802.38,75797293.01
2024-12-28 17:00:00,94710.53,95078.35,94653.73,94866.34,1196.33,113543976.5
2024-12-28 18:00:00,94866.34,94945.45,94550.47,94685.48,632.65,59951182.18
2024-12-28 19:00:00,94685.48,94974.01,94680.81,94863.04,502.58,47677282.32
2024-12-28 20:00:00,94863.04,94982.34,94711.53,94912.68,436.95,41425618.76
2024-12-28 21:00:00,94912.68,95048.31,94795.33,94996.51,387.64,36787499.63
2024-12-28 22:00:00,94996.51,95542.25,94876.8,95154.9,756.42,71950705.79
2024-12-28 23:00:00,95154.9,95251.11,94951.13,95140.15,801.43,76236399.47
2024-12-29 00:00:00,95140.15,95175.67,94890.06,94991.04,700.07,66511410.02
2024-12-29 01:00:00,94991.04,95054.05,94667.67,94705.4,548.77,52043764.45
2024-12-29 02:00:00,94705.4,95051.8,94699.22,94997.69,442.05,41964108.06
2024-12-29 03:00:00,94997.69,95052.94,94822.79,95011.15,338.92,32181907.27
2024-12-29 04:00:00,95011.15,95117.95,94905.44,94965.21,111.16,10565045.16
2024-12-29 05:00:00,94965.21,95039.72,94915.49,94975.06,107.56,10217117.23
2024-12-29 06:00:00,94975.06,95061.96,94820.93,95032.73,122.42,11625351.04
2024-12-29 07:00:00,95032.73,95116.51,94920.08,95116.51,146.59,13931565.16
2024-12-29 08:00:00,95116.51,95156.76,94929.55,94979.4,100.79,9579329.92
2024-12-29 09:00:00,94979.4,95061.83,94905.74,95040.85,152.7,14508187.39
2024-12-29 10:00:00,95040.85,95132.01,94953.8,95020.3,160.02,15210231.56
2024-12-29 11:00:00,95020.3,95039.34,94878.23,94894.12,144.39,13715000.27
2024-12-29 12:00:00,94894.12,94997.02,94759.97,94765.93,365.04,34623986.97
2024-12-29 13:00:00,94765.93,94863.84,94616.34,94781.14,549.53,52086053.29
2024-12-29 14:00:00,94781.14,95080.71,93893.04,94474.17,2423.09,228588217.87
2024-12-29 15:00:00,94474.17,94656.33,94254.3,94360.66,1051.85,99348996.82
2024-12-29 16:00:00,94360.66,94419.46,93428.73,93747.72,1670.33,156689570.23
2024-12-29 17:00:00,93747.72,93950.6,93648.2,93795.15,975.84,91526491.13
2024-12-29 18:00:00,93795.15,93797.48,93438.66,93507.18,1057.66,99007124.98
2024-12-29 19:00:00,93507.18,93712.93,93224.38,93441.34,1180.38,110324184.58
2024-12-29 20:00:00,93441.34,93693.57,93190.54,93677.81,1026.92,95901879.45
2024-12-29 21:00:00,93677.81,93766.26,92991.86,93209.2,1371.07,128080774.92
2024-12-29 22:00:00,93209.2,93594.28,92920.15,92970.99,1311.76,122236719.83
2024-12-29 23:00:00,92970.99,93697.72,92850.44,93564.85,1863.01,173667718.23
2024-12-30 00:00:00,93564.85,93737.07,93336.1,93408.22,1540.78,144004548.76
2024-12-30 01:00:00,93408.22,94079.69,93192.1,93743.37,2326.46,217667023.54
2024-12-30 02:00:00,93743.37,93779.32,93234.43,93709.41,1677.57,156786703.97
2024-12-30 03:00:00,93709.41,93877.12,93445.82,93514.05,1060.52,99376360.39
2024-12-30 04:00:00,93514.05,93750.04,93072.97,93084.21,596.48,55710250.14
2024-12-30 05:00:00,93084.21,93381.01,93044.14,93381.01,517.84,48254345.27
2024-12-30 06:00:00,93381.01,93839.53,93317.06,93695.57,492.43,46103252.79
2024-12-30 07:00:00,93695.57,93745.89,93154.82,93551.97,453.82,42396756.89
2024-12-30 08:00:00,93551.97,93778.48,93538.85,93683.48,447.01,41873941.75
2024-12-30 09:00:00,93683.48,93856.41,93512.7,93719.11,358.4,33585726.4
2024-12-30 10:00:00,93719.11,93891.82,93549.56,93625.42,276.5,25917072.05
2024-12-30 11:00:00,93625.42,93780.92,93306.82,93755.49,429.61,40183274.33
2024-12-30 12:00:00,93755.49,94117.81,93594.34,93627.16,1434.09,134529397.74
2024-12-30 13:00:00,93627.16,93698.24,92431.66,92504.64,3721.76,345901245.73
2024-12-30 14:00:00,92504.64,92958.27,91638.34,91675.28,6477.9,597877371.1
2024-12-30 15:00:00,91675.28,92275.72,91310.52,91953.46,6881.45,630590454.72
2024-12-30 16:00:00,91953.46,92062.28,91647.56,91959.15,2835.87,260505890.73
2024-12-30 17:00:00,91959.15,94052.37,91817.59,93694.16,4814.02,447616125.33
2024-12-30 18:00:00,93694.16,94586.33,93412.38,94488.66,5090.43,479718463.19
2024-12-30 19:00:00,94488.66,94516.55,93826.12,94299.4,2896.65,272861535.2
2024-12-30 20:00:00,94299.4,94910.24,94171.19,94221.93,3716.69,351096033.89
2024-12-30 21:00:00,94221.93,94254.14,91784.53,91940.45,4693.73,435525707.78
2024-12-30 22:00:00,91940.45,92874.32,91808.31,92641.98,2551.33,235640922.77
2024-12-30 23:00:00,92641.98,92734.48,92235.73,92646.21,1554.74,143776058.05
2024-12-31 00:00:00,92646.21,92742.65,92222.24,92304.83,1753.75,162219423.08
2024-12-31 01:00:00,92304.83,92423.42,91894.97,92268.88,1906.07,175724946.15
2024-12-31 02:00:00,92268.88,92553.21,92148.05,92313.42,1281.91,118407193.13
2024-12-31 03:00:00,92313.42,92487.62,92092.32,92361.6,988.13,91208510.63
2024-12-31 04:00:00,92361.6,92664.76,92219.67,92311.97,514.48,47574007.67
2024-12-31 05:00:00,92311.97,92624.0,92219.78,92482.68,298.11,27572930.77
2024-12-31 06:00:00,92482.68,92909.4,92443.75,92694.64,366.14,33939789.78
2024-12-31 07:00:00,92694.64,92791.71,92650.33,92736.26,326.13,30251753.48
2024-12-31 08:00:00,92736.26,94575.95,92716.87,93794.59,1581.93,148483702.54
2024-12-31 09:00:00,93794.59,94020.9,93687.95,93878.89,453.32,42556662.22
2024-12-31 10:00:00,93878.89,94119.71,93522.05,93971.16,587.37,55142721.29
2024-12-31 11:00:00,93971.16,94151.41,93846.9,94095.71,350.45,32958065.79
2024-12-31 12:00:00,94095.71,94805.2,94095.71,94417.71,1671.17,157883813.55
2024-12-31 13:00:00,94417.71,95909.52,94400.08,95457.53,3106.89,296330929.24
2024-12-31 14:00:00,95457.53,96139.7,95267.48,95571.27,3806.63,363943195.43
2024-12-31 15:00:00,95571.27,95849.99,94804.45,95289.31,3839.2,366062441.48
2024-12-31 16:00:00,95289.31,95454.03,94450.74,94693.63,2913.49,276464401.92
2024-12-31 17:00:00,94693.63,94876.59,93049.88,93969.7,3526.65,331170735.59
2024-12-31 18:00:00,93969.7,94257.24,93649.44,93756.06,2341.19,219948952.33
2024-12-31 19:00:00,93756.06,94168.28,93579.62,94034.29,1687.12,158370798.46
2024-12-31 20:00:00,94034.29,94077.34,93285.79,93405.03,2439.1,228540151.27
2024-12-31 21:00:00,93405.03,93789.94,93326.62,93724.89,1277.01,119444567.71
2024-12-31 22:00:00,93724.89,93726.5,93217.49,93308.18,701.06,65551349.39
2024-12-31 23:00:00,93308.18,93585.25,93215.57,93391.98,1180.42,110243825.35
2025-01-01 00:00:00,93391.98,94297.0,93294.16,94203.42,1249.98,117098823.75
2025-01-01 01:00:00,94203.42,94222.25,93411.07,93437.0,907.94,85135997.89
2025-01-01 02:00:00,93437.0,93904.41,93416.89,93895.87,630.16,59017056.09
2025-01-01 03:00:00,93895.87,93897.61,93545.5,93651.42,436.39,40890332.18
2025-01-01 04:00:00,93651.42,93652.02,93332.1,93369.83,403.8,37758786.24
2025-01-01 05:00:00,93369.83,93714.43,93357.07,93588.94,265.08,24800060.05
2025-01-01 06:00:00,93588.94,93594.07,93371.37,93556.09,265.6,24830213.16
2025-01-01 07:00:00,93556.09,93605.93,93460.16,93495.75,172.5,16140484.15
2025-01-01 08:00:00,93495.75,93560.47,93124.24,93258.72,271.72,25369666.32
2025-01-01 09:00:00,93258.72,93313.68,92728.81,93230.03,607.16,56475924.15
2025-01-01 10:00:00,93230.03,93349.42,93099.3,93139.83,503.82,46979237.13
2025-01-01 11:00:00,93139.83,93521.93,93004.32,93268.28,491.78,45858865.81
2025-01-01 12:00:00,93268.28,93773.46,93209.49,93627.56,914.49,85516946.51
2025-01-01 13:00:00,93627.56,93853.87,93411.34,93828.5,1100.86,103013166.74
2025-01-01 14:00:00,93828.5,94246.81,93476.97,93980.85,1766.5,165891883.76
2025-01-01 15:00:00,93980.85,94294.95,93718.67,94235.68,1153.88,108444756.8
2025-01-01 16:00:00,94235.68,94294.06,93722.29,93892.29,1381.5,129797254.86
2025-01-01 17:00:00,93892.29,93985.95,93551.4,93940.69,1296.9,121603071.44
2025-01-01 18:00:00,93940.69,94171.1,93736.34,94130.9,869.66,81715401.28
2025-01-01 19:00:00,94130.9,94617.9,93930.31,94430.97,968.96,91324718.56
2025-01-01 20:00:00,94430.97,94667.98,94400.53,94599.82,907.19,85762154.03
2025-01-01 21:00:00,94599.82,94953.5,94503.7,94770.13,954.23,90340317.57
2025-01-01 22:00:00,94770.13,94794.9,94496.72,94608.02,634.61,60051492.62
2025-01-01 23:00:00,94608.02,94759.64,94347.55,94392.51,998.31,94344856.73
2025-01-02 00:00:00,94392.51,95180.33,94197.85,94929.82,2208.97,209345037.5
2025-01-02 01:00:00,94929.82,95330.95,94546.75,94687.84,1615.22,153376736.3
2025-01-02 02:00:00,94687.84,95055.8,94628.07,95054.79,862.42,81788148.39
2025-01-02 03:00:00,95054.79,95115.42,94738.25,94838.91,624.55,59254179.63
2025-01-02 04:00:00,94838.91,95827.71,94822.4,95538.39,794.26,75754714.67
2025-01-02 05:00:00,95538.39,95630.93,95217.04,95421.67,435.01,41516025.25
2025-01-02 06:00:00,95421.67,95521.89,95202.99,95433.84,240.42,22920237.21
2025-01-02 07:00:00,95433.84,95754.48,95380.25,95694.26,354.99,33954183.1
2025-01-02 08:00:00,95694.26,96075.23,95506.58,96007.5,548.91,52582554.63
2025-01-02 09:00:00,96007.5,96671.55,95912.49,96630.56,685.98,66045102.48
2025-01-02 10:00:00,96630.56,96683.44,96432.07,96612.08,551.55,53257461.94
2025-01-02 11:00:00,96612.08,96772.36,96386.47,96642.12,522.08,50414780.06
2025-01-02 12:00:00,96642.12,96799.63,96517.85,96764.33,967.37,93510950.53
2025-01-02 13:00:00,96764.33,96887.62,96339.84,96365.48,1308.62,126454234.07
2025-01-02 14:00:00,96365.48,97286.55,95867.51,97187.31,5460.61,527727674.68
2025-01-02 15:00:00,97187.31,97250.18,96055.31,96375.21,4453.71,430300836.99
2025-01-02 16:00:00,96375.21,97588.1,95945.96,97173.05,3823.67,370819797.84
2025-01-02 17:00:00,97173.05,97519.07,96256.15,96668.19,3257.65,315532307.14
2025-01-02 18:00:00,96668.19,97269.78,96322.36,97229.05,2780.76,269235741.06
2025-01-02 19:00:00,97229.05,97698.23,97107.64,97234.23,2103.16,204789487.67
2025-01-02 20:00:00,97234.23,97766.59,97211.08,97220.47,2555.24,249112891.84
2025-01-02 21:00:00,97220.47,97264.56,96954.58,97117.04,777.21,75471642.77
2025-01-02 22:00:00,97117.04,97117.05,96604.54,96817.79,681.15,65962420.14
2025-01-02 23:00:00,96817.79,96987.26,96689.94,96900.96,669.78,64858009.36
2025-01-03 00:00:00,96900.96,96989.49,96707.39,96748.78,721.92,69923172.9
2025-01-03 01:00:00,96748.78,96918.13,96568.03,96892.56,701.26,67824310.5
2025-01-03 02:00:00,96892.56,97258.96,96761.96,96899.75,1209.72,117413705.26
2025-01-03 03:00:00,96899.75,97010.34,96752.08,96985.95,460.25,44598007.03
2025-01-03 04:00:00,96985.95,96987.64,96694.05,96736.58,283.23,27427260.8
2025-01-03 05:00:00,96736.58,96786.24,96512.04,96684.84,228.7,22101464.5
2025-01-03 06:00:00,96684.84,96841.44,96439.05,96476.97,271.09,26194165.35
2025-01-03 07:00:00,96476.97,96590.67,96215.93,96242.96,389.26,37516519.18
2025-01-03 08:00:00,96242.96,96456.15,96033.19,96054.9,400.93,38572524.4
2025-01-03 09:00:00,96054.9,96628.11,96021.74,96484.15,496.05,47814119.32
2025-01-03 10:00:00,96484.15,96578.92,96331.02,96416.96,253.52,24448559.99
2025-01-03 11:00:00,96416.96,96759.81,96407.68,96690.6,296.12,28608777.83
2025-01-03 12:00:00,96690.6,96868.42,96592.61,96592.62,569.18,55057690.42
2025-01-03 13:00:00,96592.62,96754.84,96400.78,96442.45,1079.31,104199749.48
2025-01-03 14:00:00,96442.45,97284.4,96440.48,96963.68,2927.07,283701473.54
2025-01-03 15:00:00,96963.68,97605.46,96703.57,97468.37,4202.26,408400022.84
2025-01-03 16:00:00,97468.37,98387.61,97357.76,97810.05,3590.72,351670314.15
2025-01-03 17:00:00,97810.05,98241.33,97790.27,97973.11,1944.39,190638977.66
2025-01-03 18:00:00,97973.11,98654.76,97940.72,98489.14,2003.38,196979250.56
2025-01-03 19:00:00,98489.14,98963.23,98469.32,98568.15,1902.06,187780693.4
2025-01-03 20:00:00,98568.15,98731.86,98266.83,98284.14,2717.9,267630507.49
2025-01-03 21:00:00,98284.14,98392.27,98154.33,98235.1,871.57,85629363.02
2025-01-03 22:00:00,98235.1,98486.67,98219.05,98272.07,410.7,40392121.16
2025-01-03 23:00:00,98272.07,98352.08,98033.0,98135.8,496.73,48766205.12
2025-01-04 00:00:00,98135.8,98239.6,97853.97,97924.11,514.02,50385589.07
2025-01-04 01:00:00,97924.11,98060.15,97770.32,97993.3,414.04,40544504.53
2025-01-04 02:00:00,97993.3,98267.18,97813.8,98262.04,498.91,48893852.91
2025-01-04 03:00:00,98262.04,98262.05,98011.2,98169.65,354.44,34784957.72
2025-01-04 04:00:00,98169.65,98169.68,97840.5,97962.6,225.22,22056400.45
2025-01-04 05:00:00,97962.6,98162.22,97953.0,98098.92,174.83,17144587.34
2025-01-04 06:00:00,98098.92,98163.16,98009.45,98090.47,138.91,13622914.93
2025-01-04 07:00:00,98090.47,98293.37,98065.24,98235.31,172.12,16900754.83
2025-01-04 08:00:00,98235.31,98266.51,97879.23,97888.64,210.59,20659178.6
2025-01-04 09:00:00,97888.64,97966.89,97527.11,97660.95,335.13,32766490.01
2025-01-04 10:00:00,97660.95,97825.48,97575.67,97765.48,162.75,15902768.32
2025-01-04 11:00:00,97765.48,97893.93,97683.24,97860.11,180.9,17687739.27
2025-01-04 12:00:00,97860.11,97984.74,97776.74,97859.75,385.2,37697894.18
2025-01-04 13:00:00,97859.75,98043.61,97724.14,97955.83,521.67,51053530.19
2025-01-04 14:00:00,97955.83,98060.13,97808.35,98018.51,398.92,39075863.75
2025-01-04 15:00:00,98018.51,98131.44,97522.47,97656.7,1254.28,122562804.76
2025-01-04 16:00:00,97656.7,97854.24,97568.8,97703.23,724.24,70755742.68
2025-01-04 17:00:00,97703.23,98040.96,97680.53,98008.6,373.2,36513638.19
2025-01-04 18:00:00,98008.6,98126.36,97898.59,97953.34,394.99,38718942.72
2025-01-04 19:00:00,97953.34,98350.59,97920.58,98158.14,515.5,50603092.29
2025-01-04 20:00:00,98158.14,98665.86,98155.08,98592.84,646.29,63616672.3
2025-01-04 21:00:00,98592.84,98757.16,98324.44,98353.06,632.54,62326299.68
2025-01-04 22:00:00,98353.06,98483.99,98260.74,98407.49,279.7,27511625.19
2025-01-04 23:00:00,98407.49,98415.89,98147.25,98213.69,411.08,40395593.39
2025-01-05 00:00:00,98213.69,98380.87,98142.85,98215.89,317.68,31213680.53
2025-01-05 01:00:00,98215.89,98315.38,98034.39,98118.5,345.03,33866744.67
2025-01-05 02:00:00,98118.5,98212.62,98094.51,98211.44,214.72,21074721.2
2025-01-05 03:00:00,98211.44,98212.75,98053.85,98159.49,169.26,16610245.43
2025-01-05 04:00:00,98159.49,98496.87,98159.12,98337.07,204.0,20061290.77
2025-01-05 05:00:00,98337.07,98473.47,98246.98,98340.51,108.19,10639384.41
2025-01-05 06:00:00,98340.51,98473.62,98277.77,98437.99,90.11,8862750.07
2025-01-05 07:00:00,98437.99,98448.64,98253.44,98255.82,73.01,7179563.2
2025-01-05 08:00:00,98255.82,98255.91,97763.3,97842.14,260.31,25491348.89
2025-01-05 09:00:00,97842.14,97915.77,97613.23,97635.72,191.97,18769133.78
2025-01-05 10:00:00,97635.72,97742.0,97564.69,97708.09,164.56,16070789.32
2025-01-05 11:00:00,97708.09,97804.4,97595.29,97620.54,142.55,13924535.62
2025-01-05 12:00:00,97620.54,97926.0,97550.98,97743.47,400.93,39190793.28
2025-01-05 13:00:00,97743.47,97997.7,97661.53,97681.51,354.42,34675315.04
2025-01-05 14:00:00,97681.51,97934.12,97248.4,97834.98,1234.79,120431808.46
2025-01-05 15:00:00,97834.98,98245.88,97689.89,98007.16,833.66,81673237.0
2025-01-05 16:00:00,98007.16,98313.83,97919.3,98018.11,708.88,69533004.12
2025-01-05 17:00:00,98018.11,98053.14,97657.01,97722.68,440.15,43072941.72
2025-01-05 18:00:00,97722.68,97916.26,97576.26,97902.73,542.44,53007860.71
2025-01-05 19:00:00,97902.73,98102.3,97839.67,98054.12,505.48,49534282.84
2025-01-05 20:00:00,98054.12,98644.62,98004.02,98261.01,838.21,82452957.42
2025-01-05 21:00:00,98261.01,98512.53,98206.73,98485.36,529.6,52091369.65
2025-01-05 22:00:00,98485.36,98733.57,98329.82,98666.9,367.58,36216831.96
2025-01-05 23:00:00,98666.9,98818.4,98299.54,98346.97,835.14,82296950.0
2025-01-06 00:00:00,98346.97,98741.2,98176.56,98204.7,1039.07,102267923.35
2025-01-06 01:00:00,98204.7,98789.75,97908.09,98725.02,1067.79,104921405.57
2025-01-06 02:00:00,98725.02,99256.21,98628.04,98792.77,2571.75,254453237.01
2025-01-06 03:00:00,98792.77,99200.69,98733.39,99007.63,715.67,70857915.44
2025-01-06 04:00:00,99007.63,99467.52,99007.63,99440.51,641.51,63678091.84
2025-01-06 05:00:00,99440.51,99875.41,99374.18,99582.39,1069.82,106604628.31
2025-01-06 06:00:00,99582.39,99741.47,99407.56,99483.51,513.26,51100582.43
2025-01-06 07:00:00,99483.51,99509.11,99153.71,99291.4,374.8,37225784.14
2025-01-06 08:00:00,99291.4,99600.74,98977.37,99026.82,535.71,53180744.44
2025-01-06 09:00:00,99026.82,99227.88,98926.27,98979.01,292.88,29013499.41
2025-01-06 10:00:00,98979.01,99033.7,98674.69,98741.51,496.14,49034754.21
2025-01-06 11:00:00,98741.51,99373.0,98671.81,99226.46,451.4,44727685.53
2025-01-06 12:00:00,99226.46,99692.56,99122.45,99138.37,1030.76,102484974.62
2025-01-06 13:00:00,99138.37,99548.12,98877.66,99475.52,1376.96,136579866.53
2025-01-06 14:00:00,99475.52,101273.15,98689.25,100750.11,6860.58,685652569.29
2025-01-06 15:00:00,100750.11,102491.8,100484.01,102175.15,8007.36,813096370.75
2025-01-06 16:00:00,102175.15,102530.34,101775.63,102227.58,4549.89,465195369.23
2025-01-06 17:00:00,102227.58,102227.76,101291.97,101874.51,3537.63,360279329.55
2025-01-06 18:00:00,101874.51,102102.72,101616.43,101800.79,2349.09,239428052.33
2025-01-06 19:00:00,101800.79,102088.05,101683.2,101857.77,2162.54,220396684.35
2025-01-06 20:00:00,101857.77,102386.85,101852.26,102191.55,3537.39,361317742.11
2025-01-06 21:00:00,102191.55,102409.65,101633.55,101658.76,1569.47,160211611.76
2025-01-06 22:00:00,101658.76,102125.52,101646.4,102049.67,567.79,57842174.14
2025-01-06 23:00:00,102049.67,102290.16,101936.28,102282.2,827.71,84527186.34
2025-01-07 00:00:00,102282.2,102747.54,102000.71,102092.61,1687.27,172638821.11
2025-01-07 01:00:00,102092.61,102115.3,101724.92,101953.61,1027.77,104749573.84
2025-01-07 02:00:00,101953.61,102062.67,101689.28,101718.15,652.89,66535339.52
2025-01-07 03:00:00,101718.15,101848.54,101541.44,101731.43,668.29,67982730.45
2025-01-07 04:00:00,101731.43,101947.11,101686.07,101686.6,369.48,37622024.88
2025-01-07 05:00:00,101686.6,101811.13,101601.7,101754.36,365.49,37173126.89
2025-01-07 06:00:00,101754.36,101911.9,101652.81,101828.48,238.96,24326466.19
2025-01-07 07:00:00,101828.48,102026.98,101667.67,101689.11,378.66,38556299.67
2025-01-07 08:00:00,101689.11,101993.91,101632.46,101903.59,360.71,36719054.17
2025-01-07 09:00:00,101903.59,101918.88,101629.75,101722.71,379.91,38656696.32
2025-01-07 10:00:00,101722.71,101722.76,101372.48,101405.76,672.53,68270851.71
2025-01-07 11:00:00,101405.76,101459.05,100473.31,100837.98,1278.02,128960733.15
2025-01-07 12:00:00,100837.98,100960.06,100620.94,100756.21,981.78,98958061.4
2025-01-07 13:00:00,100756.21,100956.05,100607.23,100630.29,939.19,94633599.29
2025-01-07 14:00:00,100630.29,100861.5,99755.18,99975.64,3906.94,392324025.76
2025-01-07 15:00:00,99975.64,100097.87,97114.59,97902.4,13927.71,1371102753.16
2025-01-07 16:00:00,97902.4,98313.2,97527.9,97707.17,4923.16,481905607.78
2025-01-07 17:00:00,97707.17,97769.46,96545.2,97232.27,4345.16,422414464.75
2025-01-07 18:00:00,97232.27,97504.8,96552.58,96703.32,3418.19,331568140.28
2025-01-07 19:00:00,96703.32,97145.64,96275.71,96402.99,3382.85,327083973.27
2025-01-07 20:00:00,96402.99,96791.57,96112.95,96465.32,5467.02,526973164.06
2025-01-07 21:00:00,96465.32,97055.03,96364.23,96474.46,2262.63,218748256.17
2025-01-07 22:00:00,96474.46,97197.61,96389.13,97147.54,1276.72,123668714.73
2025-01-07 23:00:00,97147.54,97151.41,96779.05,96942.47,1407.8,136507518.69
2025-01-08 00:00:00,96942.47,97251.53,96688.2,97238.47,1409.1,136667411.67
2025-01-08 01:00:00,97238.47,97238.52,96597.49,96887.82,1120.91,108628898.78
2025-01-08 02:00:00,96887.82,97161.2,96764.25,96865.92,953.2,92455615.65
2025-01-08 03:00:00,96865.92,96866.77,96209.8,96522.05,2150.43,207575548.83
2025-01-08 04:00:00,96522.05,96609.23,96061.84,96255.12,1177.93,113454071.65
2025-01-08 05:00:00,96255.12,96636.06,96093.33,96469.55,505.11,48702471.76
2025-01-08 06:00:00,96469.55,96621.78,95228.5,95265.4,1431.34,137056856.81
2025-01-08 07:00:00,95265.4,95787.19,95232.75,95627.44,737.29,70421450.34
2025-01-08 08:00:00,95627.44,96105.68,95498.44,95920.56,693.87,66480117.44
2025-01-08 09:00:00,95920.56,96069.5,95394.67,95407.83,459.61,44040630.65
2025-01-08 10:00:00,95407.83,95969.7,95407.57,95925.72,624.21,59712860.69
2025-01-08 11:00:00,95925.72,96024.76,94511.12,95100.33,1764.93,167877294.02
2025-01-08 12:00:00,95100.33,95337.95,94837.77,94856.14,2176.98,206976765.11
2025-01-08 13:00:00,94856.14,95636.38,94856.14,95354.41,2863.18,272950126.82
2025-01-08 14:00:00,95354.41,95835.47,94875.33,95274.3,5398.07,514372000.38
2025-01-08 15:00:00,95274.3,96036.75,94605.48,95464.39,6374.06,606875863.28
2025-01-08 16:00:00,95464.39,95471.8,94524.43,94750.05,3593.46,341126171.35
2025-01-08 17:00:00,94750.05,94818.95,92488.45,94008.02,8740.26,817959812.09
2025-01-08 18:00:00,94008.02,95111.05,93736.39,94228.63,4822.24,455277988.69
2025-01-08 19:00:00,94228.63,94841.48,94026.37,94218.49,3556.61,335728972.79
2025-01-08 20:00:00,94218.49,94386.02,93729.8,93948.73,3236.56,304354640.91
2025-01-08 21:00:00,93948.73,94561.63,93582.15,94442.59,1989.67,187298276.74
2025-01-08 22:00:00,94442.59,95277.18,94432.02,95275.12,1236.25,117209593.76
2025-01-08 23:00:00,95275.12,95286.41,94895.2,95051.06,706.67,67159809.2
2025-01-09 00:00:00,95051.06,95119.18,94781.34,95108.01,1095.83,104032516.54
2025-01-09 01:00:00,95108.01,95345.44,94947.16,94966.36,1289.33,122627916.1
2025-01-09 02:00:00,94966.36,95007.48,93426.15,94752.98,3670.18,345653528.64
2025-01-09 03:00:00,94752.98,94769.86,93978.85,93986.61,646.68,60962470.38
2025-01-09 04:00:00,93986.61,94457.65,93761.15,94378.13,497.8,46825451.67
2025-01-09 05:00:00,94378.13,94530.57,94246.53,94437.33,230.86,21787109.76
2025-01-09 06:00:00,94437.33,94580.59,94000.56,94057.01,314.55,29657057.62
2025-01-09 07:00:00,94057.01,94259.1,93172.34,93190.84,753.9,70578834.29
2025-01-09 08:00:00,93190.84,93352.28,92710.65,92984.74,1461.38,135959196.07
2025-01-09 09:00:00,92984.74,93699.01,92931.94,93471.7,432.48,40404687.78
2025-01-09 10:00:00,93471.7,93616.69,92990.89,93420.2,436.78,40754887.46
2025-01-09 11:00:00,93420.2,93816.81,93184.37,93425.52,544.39,50912295.2
2025-01-09 12:00:00,93425.52,93647.27,93116.05,93376.15,1491.15,139293724.85
2025-01-09 13:00:00,93376.15,93443.74,91866.22,91953.37,4085.6,377595283.8
2025-01-09 14:00:00,91953.37,92851.97,91765.27,92826.56,4325.84,399283198.11
2025-01-09 15:00:00,92826.56,94559.72,92634.1,94233.76,4284.75,400736099.51
2025-01-09 16:00:00,94233.76,94687.81,93839.05,94242.66,2544.39,239715254.75
2025-01-09 17:00:00,94242.66,94280.05,92322.55,92691.74,3285.5,306339784.13
2025-01-09 18:00:00,92691.74,93229.78,92396.16,93010.07,3596.92,333846209.25
2025-01-09 19:00:00,93010.07,93276.93,91895.56,91905.41,2770.02,256469004.72
2025-01-09 20:00:00,91905.41,92345.64,91197.56,91881.34,6689.05,613357075.75
2025-01-09 21:00:00,91881.34,92492.92,91780.64,92108.15,2757.21,254071494.52
2025-01-09 22:00:00,92108.15,92709.31,91643.23,92455.61,1713.19,157856934.34
2025-01-09 23:00:00,92455.61,92681.99,92052.53,92548.12,1601.51,147978477.09
2025-01-10 00:00:00,92548.12,92847.17,92460.52,92779.29,1299.63,120401544.08
2025-01-10 01:00:00,92779.29,93151.98,92597.4,93098.55,1448.78,134548844.99
2025-01-10 02:00:00,93098.55,93689.21,93031.1,93369.84,1389.07,129646463.3
2025-01-10 03:00:00,93369.84,93716.54,93323.21,93705.47,899.66,84136654.24
2025-01-10 04:00:00,93705.47,93905.19,93506.41,93843.85,641.2,60088938.92
2025-01-10 05:00:00,93843.85,94256.37,93647.16,93970.16,663.79,62367703.39
2025-01-10 06:00:00,93970.16,94334.44,93748.51,94255.93,508.75,47837032.61
2025-01-10 07:00:00,94255.93,94983.97,94077.28,94502.78,908.96,86002198.01
2025-01-10 08:00:00,94502.78,94767.57,94399.14,94680.14,417.86,39537469.23
2025-01-10 09:00:00,94680.14,94987.43,94590.26,94808.04,405.65,38462962.39
2025-01-10 10:00:00,94808.04,95284.65,94773.68,95229.78,488.46,46396060.42
2025-01-10 11:00:00,95229.78,95269.02,94634.37,95085.67,578.96,54956455.87
2025-01-10 12:00:00,95085.67,95134.68,94716.28,95024.74,1069.37,101509843.55
2025-01-10 13:00:00,95024.74,95032.47,92747.23,93555.91,7109.47,666185575.43
2025-01-10 14:00:00,93555.91,94676.63,93419.23,94105.29,6687.8,628833548.65
2025-01-10 15:00:00,94105.29,94522.0,92206.53,93727.63,9507.98,887755408.83
2025-01-10 16:00:00,93727.63,94025.39,93178.76,93650.55,5010.38,469117056.48
2025-01-10 17:00:00,93650.55,95845.36,93322.33,95790.42,4514.65,426567629.18
2025-01-10 18:00:00,95790.42,95793.23,94581.18,94865.85,4215.89,401443463.86
2025-01-10 19:00:00,94865.85,95394.28,94408.57,95331.4,2749.97,261099264.86
2025-01-10 20:00:00,95331.4,95448.0,94606.02,94680.26,2889.39,274268243.41
2025-01-10 21:00:00,94680.26,94917.81,94606.88,94613.04,1034.74,98042471.39
2025-01-10 22:00:00,94613.04,94957.8,94579.21,94757.14,562.82,53300238.9
2025-01-10 23:00:00,94757.14,94880.22,94640.85,94710.29,476.61,45162699.55
2025-01-11 00:00:00,94710.29,94725.19,94334.23,94573.9,744.96,70392670.66
2025-01-11 01:00:00,94573.9,94674.42,94202.86,94411.15,616.49,58242745.3
2025-01-11 02:00:00,94411.15,94475.79,94162.93,94400.7,507.29,47848926.43
2025-01-11 03:00:00,94400.7,94413.84,94087.4,94183.95,374.61,35290516.16
2025-01-11 04:00:00,94183.95,94290.15,93826.56,94042.72,297.87,28017308.73
2025-01-11 05:00:00,94042.72,94355.68,93997.53,94350.54,126.29,11895971.37
2025-01-11 06:00:00,94350.54,94410.4,94192.54,94192.54,92.43,8720984.32
2025-01-11 07:00:00,94192.54,94303.16,94130.81,94211.86,66.72,6285372.24
2025-01-11 08:00:00,94211.86,94366.71,93999.59,94046.12,125.35,11806100.46
2025-01-11 09:00:00,94046.12,94304.34,94016.25,94301.09,66.69,6278452.12
2025-01-11 10:00:00,94301.09,94491.27,94273.88,94456.4,158.08,14917860.55
2025-01-11 11:00:00,94456.4,94755.95,94418.53,94582.16,143.47,13571102.35
2025-01-11 12:00:00,94582.16,94609.55,94484.69,94513.3,263.78,24937004.11
2025-01-11 13:00:00,94513.3,94567.57,94308.39,94360.38,343.96,32473681.27
2025-01-11 14:00:00,94360.38,94601.3,94270.95,94571.94,372.15,35146392.81
2025-01-11 15:00:00,94571.94,94613.35,94341.97,94381.82,375.08,35421987.83
2025-01-11 16:00:00,94381.82,94682.22,94280.65,94410.34,945.39,89310002.77
2025-01-11 17:00:00,94410.34,94413.62,93918.8,94115.04,1342.03,126323408.14
2025-01-11 18:00:00,94115.04,94261.68,94070.18,94228.08,350.94,33048592.29
2025-01-11 19:00:00,94228.08,94292.53,94030.53,94192.53,306.44,28853392.37
2025-01-11 20:00:00,94192.53,94628.38,94141.18,94551.96,403.92,38116244.18
2025-01-11 21:00:00,94551.96,94985.54,94530.87,94906.46,760.69,72058982.74
2025-01-11 22:00:00,94906.46,94954.13,94529.2,94553.96,343.47,32536750.81
2025-01-11 23:00:00,94553.96,94723.9,94511.3,94569.95,466.11,44092270.06
2025-01-12 00:00:00,94569.95,94624.35,94385.65,94413.1,437.85,41380838.93
2025-01-12 01:00:00,94413.1,94548.61,94265.78,94532.34,320.89,30289538.67
2025-01-12 02:00:00,94532.34,94623.57,94435.6,94576.33,285.36,26973368.85
2025-01-12 03:00:00,94576.33,94650.44,94375.79,94579.09,257.83,24367700.64
2025-01-12 04:00:00,94579.09,94611.57,94460.18,94541.07,100.73,9523731.89
2025-01-12 05:00:00,94541.07,94590.4,94459.86,94522.54,64.09,6058699.55
2025-01-12 06:00:00,94522.54,94574.57,94334.51,94355.63,97.13,9172314.75
2025-01-12 07:00:00,94355.63,94402.03,94245.22,94284.87,95.44,9001835.85
2025-01-12 08:00:00,94284.87,94345.16,94079.41,94136.08,125.68,11840112.85
2025-01-12 09:00:00,94136.08,94184.86,93675.7,93870.02,341.91,32122608.97
2025-01-12 10:00:00,93870.02,94010.68,93787.28,93969.42,213.49,20045674.41
2025-01-12 11:00:00,93969.42,94304.76,93969.08,94213.69,207.33,19521355.91
2025-01-12 12:00:00,94213.69,94557.53,94129.82,94291.48,408.7,38568096.12
2025-01-12 13:00:00,94291.48,94680.05,94260.45,94613.31,658.9,62285889.53
2025-01-12 14:00:00,94613.31,94930.12,94612.25,94759.1,653.72,61975761.41
2025-01-12 15:00:00,94759.1,95388.08,94635.09,95029.85,1268.55,120589896.68
2025-01-12 16:00:00,95029.85,95090.79,94765.4,95009.78,700.54,66493224.49
2025-01-12 17:00:00,95009.78,95219.97,94942.83,95097.61,512.09,48697644.17
2025-01-12 18:00:00,95097.61,95261.76,94876.59,94954.87,523.5,49761396.53
2025-01-12 19:00:00,94954.87,95019.72,94542.44,94613.78,514.85,48785585.88
2025-01-12 20:00:00,94613.78,94768.39,94579.98,94652.95,423.94,40138203.04
2025-01-12 21:00:00,94652.95,94689.6,94267.56,94311.04,583.0,55076004.77
2025-01-12 22:00:00,94311.04,94325.62,93755.99,93915.95,912.32,85738011.12
2025-01-12 23:00:00,93915.95,94527.71,93914.92,94505.67,1158.08,109074784.91
2025-01-13 00:00:00,94505.67,95894.16,94405.31,95296.97,2786.7,265692993.32
2025-01-13 01:00:00,95296.97,95367.81,94047.41,94168.69,2630.47,249310934.15
2025-01-13 02:00:00,94168.69,94458.17,93860.35,94174.69,1565.17,147348753.05
2025-01-13 03:00:00,94174.69,94371.39,93944.31,94232.78,951.73,89632778.47
2025-01-13 04:00:00,94232.78,94869.73,94162.64,94464.36,579.88,54827070.72
2025-01-13 05:00:00,94464.36,94495.63,94002.63,94128.28,250.68,23615093.24
2025-01-13 06:00:00,94128.28,94284.15,93220.53,93573.63,708.5,66363064.68
2025-01-13 07:00:00,93573.63,93905.49,93417.32,93517.77,330.88,30984954.84
2025-01-13 08:00:00,93517.77,93597.49,92845.72,92991.95,633.14,58973514.24
2025-01-13 09:00:00,92991.95,93132.75,92578.52,92797.75,835.51,77609122.81
2025-01-13 10:00:00,92797.75,92830.02,91309.1,91557.84,1902.26,174899883.05
2025-01-13 11:00:00,91557.84,91688.22,90752.27,90764.62,1974.57,180102231.73
2025-01-13 12:00:00,90764.62,91226.08,90196.88,90643.97,4941.63,448134500.19
2025-01-13 13:00:00,90643.97,91681.57,90485.5,91054.87,3497.02,318925365.36
2025-01-13 14:00:00,91054.87,92246.99,89153.4,91777.06,10439.85,948045293.55
2025-01-13 15:00:00,91777.06,93075.71,91523.9,92103.74,7293.86,673328673.05
2025-01-13 16:00:00,92103.74,92248.12,91193.45,91278.33,5158.35,473373324.33
2025-01-13 17:00:00,91278.33,92255.96,91186.3,91927.44,3906.65,358464980.61
2025-01-13 18:00:00,91927.44,92357.24,91543.92,92032.42,3841.23,353135848.0
2025-01-13 19:00:00,92032.42,92491.09,91552.55,92266.98,3228.91,297351949.78
2025-01-13 20:00:00,92266.98,93746.12,91856.56,93556.49,4084.28,378858139.01
2025-01-13 21:00:00,93556.49,94445.26,93380.03,94174.82,3695.81,347011356.37
2025-01-13 22:00:00,94174.82,94689.27,94122.42,94372.73,1768.84,167014021.46
2025-01-13 23:00:00,94372.73,94589.86,94163.72,94517.66,972.65,91783802.39
2025-01-14 00:00:00,94517.66,94853.47,94324.09,94449.64,1465.18,138505006.86
2025-01-14 01:00:00,94449.64,95018.3,94438.46,94805.78,1653.75,156740525.82
2025-01-14 02:00:00,94805.78,95255.04,94717.55,94869.44,1641.65,155996744.28
2025-01-14 03:00:00,94869.44,95094.54,94796.02,94845.74,859.18,81547356.73
2025-01-14 04:00:00,94845.74,95129.1,94800.78,95096.67,488.37,46388636.23
2025-01-14 05:00:00,95096.67,95456.67,94842.87,94884.51,573.79,54631774.58
2025-01-14 06:00:00,94884.51,94994.05,94707.01,94992.56,420.99,39917405.28
2025-01-14 07:00:00,94992.56,95141.02,94826.02,94833.84,257.71,24476068.01
2025-01-14 08:00:00,94833.84,95788.79,94833.74,95483.69,1003.96,95817447.81
2025-01-14 09:00:00,95483.69,97357.87,95446.76,97141.92,2124.71,205092317.27
2025-01-14 10:00:00,97141.92,97181.72,96562.92,96655.51,1157.07,112005730.81
2025-01-14 11:00:00,96655.51,96667.35,96321.6,96517.71,527.89,50941268.52
2025-01-14 12:00:00,96517.71,96670.1,95954.41,95957.98,1327.83,127752809.06
2025-01-14 13:00:00,95957.98,97239.84,95728.5,96301.7,3919.34,378110807.87
2025-01-14 14:00:00,96301.7,97229.23,95981.1,96253.04,4719.18,455940419.64
2025-01-14 15:00:00,96253.04,96956.08,96151.03,96430.33,4558.0,440186510.82
2025-01-14 16:00:00,96430.33,96432.18,95303.78,95696.23,4487.69,429909514.91
2025-01-14 17:00:00,95696.23,96529.45,95518.28,96490.29,2717.88,260854428.63
2025-01-14 18:00:00,96490.29,96921.83,96240.14,96736.51,2426.39,234417967.45
2025-01-14 19:00:00,96736.51,97051.76,96419.71,96496.3,2090.65,202346751.51
2025-01-14 20:00:00,96496.3,96885.82,96093.2,96468.27,3364.63,324660509.51
2025-01-14 21:00:00,96468.27,96637.65,96276.9,96446.23,1275.78,123069832.1
2025-01-14 22:00:00,96446.23,96715.92,96410.55,96667.33,572.36,55259890.81
2025-01-14 23:00:00,96667.33,96751.44,96474.07,96526.87,713.3,68901370.52
2025-01-15 00:00:00,96526.87,97305.42,96466.75,96864.56,1578.33,152953479.77
2025-01-15 01:00:00,96864.56,97522.68,96767.35,97313.09,1779.34,172855556.01
2025-01-15 02:00:00,97313.09,97418.82,96704.66,96791.51,1379.42,133835810.74
2025-01-15 03:00:00,96791.51,97293.24,96725.51,97287.4,1072.59,104050698.14
2025-01-15 04:00:00,97287.4,97687.64,97035.86,97157.02,1083.04,105467038.52
2025-01-15 05:00:00,97157.02,97199.64,96717.08,96999.48,469.47,45494426.01
2025-01-15 06:00:00,96999.48,97108.44,96822.6,97068.42,246.12,23861950.5
2025-01-15 07:00:00,97068.42,97555.22,97067.52,97277.0,433.99,42237959.93
2025-01-15 08:00:00,97277.0,97505.53,97134.79,97181.6,380.91,37069464.73
2025-01-15 09:00:00,97181.6,97343.6,96760.63,96801.48,571.44,55425978.55
2025-01-15 10:00:00,96801.48,97114.32,96699.27,96911.68,399.9,38756663.08
2025-01-15 11:00:00,96911.68,96926.9,96479.62,96722.2,565.18,54628267.85
2025-01-15 12:00:00,96722.2,97136.71,96506.92,96908.56,935.71,90538813.23
2025-01-15 13:00:00,96908.56,99024.95,96815.39,98957.26,3560.52,349605919.89
2025-01-15 14:00:00,98957.26,99511.78,98583.33,99443.15,5796.67,573996814.69
2025-01-15 15:00:00,99443.15,99793.98,98982.14,98994.04,5690.91,565885725.22
2025-01-15 16:00:00,98994.04,99494.36,98891.25,99024.4,3014.07,298956587.95
2025-01-15 17:00:00,99024.4,99352.9,98616.72,98651.65,2303.75,228351861.51
2025-01-15 18:00:00,98651.65,99471.67,98651.3,99460.87,1776.39,176080895.23
2025-01-15 19:00:00,99460.87,99984.7,99302.3,99864.98,2207.76,219844206.36
2025-01-15 20:00:00,99864.98,100719.11,99480.44,99583.9,4541.32,454323393.36
2025-01-15 21:00:00,99583.9,99882.76,99493.26,99695.32,1421.81,141770177.7
2025-01-15 22:00:00,99695.32,99853.6,99578.12,99729.58,609.89,60791554.22
2025-01-15 23:00:00,99729.58,100526.62,99647.69,100510.84,1348.68,134881509.04
2025-01-16 00:00:00,100510.84,100867.35,99644.99,99871.96,2967.49,297291261.3
2025-01-16 01:00:00,99871.96,100215.52,99817.76,100094.71,1311.89,131215247.91
2025-01-16 02:00:00,100094.71,100132.01,99472.77,99636.54,1085.46,108335913.72
2025-01-16 03:00:00,99636.54,99849.75,99155.53,99462.86,1028.11,102289420.61
2025-01-16 04:00:00,99462.86,99682.99,99462.61,99596.71,332.31,33096455.75
2025-01-16 05:00:00,99596.71,99597.39,99341.7,99361.3,355.28,35336190.81
2025-01-16 06:00:00,99361.3,99879.76,99307.17,99771.44,504.18,50224507.53
2025-01-16 07:00:00,99771.44,99829.6,99626.41,99770.0,377.4,37627941.34
2025-01-16 08:00:00,99770.0,99791.66,98596.02,98929.7,1110.37,110079537.43
2025-01-16 09:00:00,98929.7,99294.79,98627.68,99128.25,701.61,69400390.29
2025-01-16 10:00:00,99128.25,99391.9,99089.59,99199.35,330.67,32818540.1
2025-01-16 11:00:00,99199.35,99306.84,98718.17,99150.44,639.96,63384797.83
2025-01-16 12:00:00,99150.44,99496.6,98883.35,99368.79,1441.56,143090111.9
2025-01-16 13:00:00,99368.79,99421.89,98778.32,99068.81,2420.64,239834052.36
2025-01-16 14:00:00,99068.81,99380.04,97445.77,97574.5,4592.68,451306125.49
2025-01-16 15:00:00,97574.5,99275.79,97275.38,99272.5,5193.72,509499995.07
2025-01-16 16:00:00,99272.5,99865.88,99060.55,99339.14,4587.67,456384954.87
2025-01-16 17:00:00,99339.14,100350.61,99164.81,99832.22,3477.08,346799482.82
2025-01-16 18:00:00,99832.22,100061.69,99244.0,99568.72,2047.38,203840359.26
2025-01-16 19:00:00,99568.72,100431.95,99393.4,100399.35,1986.35,198440007.64
2025-01-16 20:00:00,100399.35,100641.77,100264.19,100338.38,2957.69,297176069.78
2025-01-16 21:00:00,100338.38,100381.93,99715.28,100133.27,1920.67,192167701.61
2025-01-16 22:00:00,100133.27,100133.82,99376.43,99831.34,976.51,97356551.56
2025-01-16 23:00:00,99831.34,100098.9,99729.55,99979.43,1080.2,107935173.44
2025-01-17 00:00:00,99979.43,100430.51,99941.15,100128.86,1028.35,103029395.08
2025-01-17 01:00:00,100128.86,101805.86,100036.69,101641.11,3329.23,336649586.9
2025-01-17 02:00:00,101641.11,102111.8,100762.91,101074.04,2449.8,248899111.65
2025-01-17 03:00:00,101074.04,101254.56,100913.94,101027.78,925.05,93489953.15
2025-01-17 04:00:00,101027.78,101474.35,100934.2,101459.04,628.89,63600896.67
2025-01-17 05:00:00,101459.04,101755.77,101282.95,101326.93,688.24,69890014.25
2025-01-17 06:00:00,101326.93,101581.45,101300.39,101394.92,253.53,25717559.55
2025-01-17 07:00:00,101394.92,101887.06,101394.91,101463.79,464.78,47212979.24
2025-01-17 08:00:00,101463.79,102188.29,101441.27,102110.85,987.32,100582362.95
2025-01-17 09:00:00,102110.85,102281.71,101723.95,101840.87,823.27,83970851.34
2025-01-17 10:00:00,101840.87,102550.84,101782.96,102303.5,1096.34,111996559.3
2025-01-17 11:00:00,102303.5,102438.79,102074.35,102226.01,367.46,37579879.11
2025-01-17 12:00:00,102226.01,102947.09,102179.06,102748.64,1881.22,192999784.15
2025-01-17 13:00:00,102748.64,102978.59,102414.79,102450.45,1872.78,192291718.62
2025-01-17 14:00:00,102450.45,103397.71,102276.09,103397.71,5342.32,549274922.58
2025-01-17 15:00:00,103397.71,104317.48,103304.45,104053.37,7010.75,728551281.73
2025-01-17 16:00:00,104053.37,105076.39,103884.09,105033.07,5310.71,555669083.46
2025-01-17 17:00:00,105033.07,105321.73,104053.78,104155.12,4094.25,428714894.73
2025-01-17 18:00:00,104155.12,104999.1,104077.23,104895.58,2939.47,307562818.93
2025-01-17 19:00:00,104895.58,105926.06,104738.54,105919.43,3760.6,396600332.59
2025-01-17 20:00:00,105919.43,105923.31,104583.48,104726.74,5667.09,596361577.41
2025-01-17 21:00:00,104726.74,105089.48,104508.16,104654.92,1863.17,195236131.45
2025-01-17 22:00:00,104654.92,104736.63,104230.88,104451.15,762.29,79679556.87
2025-01-17 23:00:00,104451.15,104563.05,104100.0,104111.13,653.93,68249228.33
2025-01-18 00:00:00,104111.13,104689.3,104101.48,104687.11,731.72,76393402.0
2025-01-18 01:00:00,104687.11,104687.21,104135.57,104304.54,851.88,88943172.18
2025-01-18 02:00:00,104304.54,104524.83,104263.73,104338.99,463.99,48453345.84
2025-01-18 03:00:00,104338.99,104478.92,103064.73,103557.85,1534.12,159155304.7
2025-01-18 04:00:00,103557.85,103688.59,102658.9,103558.4,1279.66,132122606.13
2025-01-18 05:00:00,103558.4,103734.27,102808.56,102816.29,1448.87,149833239.46
2025-01-18 06:00:00,102816.29,103576.08,102814.38,103396.52,710.45,73361540.75
2025-01-18 07:00:00,103396.52,103459.38,102561.27,102781.27,535.6,55142111.42
2025-01-18 08:00:00,102781.27,103296.26,102234.37,103230.22,701.07,72013897.74
2025-01-18 09:00:00,103230.22,103418.31,103013.43,103097.06,457.14,47188592.81
2025-01-18 10:00:00,103097.06,103228.98,102783.4,103122.05,624.78,64368220.47
2025-01-18 11:00:00,103122.05,103822.35,102880.09,103545.36,480.41,49630733.97
2025-01-18 12:00:00,103545.36,103980.31,103333.38,103402.95,933.42,96679186.63
2025-01-18 13:00:00,103402.95,104340.32,103085.41,104306.48,1295.8,134365180.85
2025-01-18 14:00:00,104306.48,104501.02,103695.97,103942.0,1740.86,181254260.93
2025-01-18 15:00:00,103942.0,104927.11,103714.36,104504.94,1798.1,187752769.56
2025-01-18 16:00:00,104504.94,104639.15,103074.04,103182.14,2839.22,294759988.59
2025-01-18 17:00:00,103182.14,104126.17,103181.52,103743.29,1420.78,147453549.34
2025-01-18 18:00:00,103743.29,104321.38,103710.74,104019.94,1548.42,161022774.24
2025-01-18 19:00:00,104019.94,104388.21,103993.08,104283.36,848.48,88383965.74
2025-01-18 20:00:00,104283.36,104391.9,103689.36,103935.05,964.3,100248253.25
2025-01-18 21:00:00,103935.05,104162.39,103787.52,103794.62,900.91,93667214.72
2025-01-18 22:00:00,103794.62,104208.83,103768.11,104195.18,443.25,46099630.99
2025-01-18 23:00:00,104195.18,104637.39,104194.93,104431.52,813.35,84930028.72
2025-01-19 00:00:00,104431.52,104433.1,104019.28,104021.86,697.17,72660908.12
2025-01-19 01:00:00,104021.86,104571.01,103908.42,104379.92,868.65,90569610.66
2025-01-19 02:00:00,104379.92,105328.22,104379.9,104769.84,1427.35,149721652.62
2025-01-19 03:00:00,104769.84,105057.87,104458.81,104864.02,862.46,90342819.83
2025-01-19 04:00:00,104864.02,105138.13,104559.59,104906.73,809.59,84888063.96
2025-01-19 05:00:00,104906.73,105020.05,104152.44,105004.56,790.56,82678085.98
2025-01-19 06:00:00,105004.56,105490.13,104917.47,105436.47,464.91,48889468.9
2025-01-19 07:00:00,105436.47,105460.26,104789.91,105010.98,504.69,53028041.03
2025-01-19 08:00:00,105010.98,105011.1,104163.93,104261.13,714.44,74656328.11
2025-01-19 09:00:00,104261.13,105289.13,103290.24,105146.53,1756.21,182874904.38
2025-01-19 10:00:00,105146.53,105147.76,104248.63,104646.61,852.33,89224752.17
2025-01-19 11:00:00,104646.61,105181.75,104042.86,104191.56,1171.2,122543011.68
2025-01-19 12:00:00,104191.56,104865.79,104150.58,104770.24,1672.36,174762797.76
2025-01-19 13:00:00,104770.24,105162.05,104704.15,104800.45,1463.69,153578670.02
2025-01-19 14:00:00,104800.45,105549.03,104633.19,105004.42,2409.62,252936764.11
2025-01-19 15:00:00,105004.42,105089.4,104395.26,104792.26,1504.18,157497781.69
2025-01-19 16:00:00,104792.26,105072.35,104559.05,104811.68,884.43,92681274.33
2025-01-19 17:00:00,104811.68,105033.68,104392.18,104988.59,1095.32,114600026.73
2025-01-19 18:00:00,104988.59,105126.62,104789.33,104903.26,662.51,69544940.46
2025-01-19 19:00:00,104903.26,106075.45,104848.61,106062.98,1103.41,116417006.17
2025-01-19 20:00:00,106062.98,106317.18,105392.01,106178.06,2461.26,260770072.03
2025-01-19 21:00:00,106178.06,106267.6,103537.47,103537.47,5402.84,564754194.35
2025-01-19 22:00:00,103537.47,104351.2,101015.12,103301.37,5796.08,597762141.59
2025-01-19 23:00:00,103301.37,103304.82,99537.53,101212.56,6222.09,628522285.42
2025-01-20 00:00:00,101212.56,101557.79,99449.75,99664.33,3621.51,364167796.36
2025-01-20 01:00:00,99664.33,100823.82,99497.32,100539.87,2662.92,266414314.19
2025-01-20 02:00:00,100539.87,102167.09,100459.31,101797.17,1730.4,175406724.73
2025-01-20 03:00:00,101797.17,102067.41,101317.55,101791.76,1365.84,138777876.13
2025-01-20 04:00:00,101791.76,102678.65,101443.03,102126.94,965.91,98496373.09
2025-01-20 05:00:00,102126.94,102711.36,102017.34,102229.36,833.43,85352188.06
2025-01-20 06:00:00,102229.36,109340.21,102126.7,107304.25,6012.04,640180394.79
2025-01-20 07:00:00,107304.25,109214.4,106779.4,106962.44,5529.49,598592422.28
2025-01-20 08:00:00,106962.44,108239.9,106939.47,108180.49,1796.36,193694578.81
2025-01-20 09:00:00,108180.49,109043.4,107428.58,107995.06,2265.16,245232737.47
2025-01-20 10:00:00,107995.06,108580.13,107641.3,107834.59,1568.06,169578658.55
2025-01-20 11:00:00,107834.59,108396.43,107657.51,108107.42,1048.49,113326143.68
2025-01-20 12:00:00,108107.42,108552.98,105356.34,106790.36,3975.22,423840032.31
2025-01-20 13:00:00,106790.36,107979.61,106527.1,107814.65,2005.35,215237893.3
2025-01-20 14:00:00,107814.65,107979.86,107140.8,107737.51,1768.63,190301100.28
2025-01-20 15:00:00,107737.51,107838.31,104384.87,104830.15,3383.52,359251542.94
2025-01-20 16:00:00,104830.15,106885.4,103636.91,106533.66,3339.75,351681769.47
2025-01-20 17:00:00,106533.66,106616.81,100529.19,102851.98,13951.46,1441254141.0
2025-01-20 18:00:00,102851.98,104368.71,102641.3,103834.75,3102.6,321449608.54
2025-01-20 19:00:00,103834.75,103863.5,102656.98,103586.96,1879.18,194177580.84
2025-01-20 20:00:00,103586.96,104217.42,103269.6,103539.5,1321.74,137115266.06
2025-01-20 21:00:00,103539.5,103954.36,102467.17,102474.11,1431.52,147852599.78
2025-01-20 22:00:00,102474.11,103682.75,101775.14,103476.72,1486.23,152645269.03
2025-01-20 23:00:00,103476.72,103544.4,101619.42,102148.74,1795.55,184278673.67
2025-01-21 00:00:00,102148.74,102527.75,100972.6,101045.06,2649.71,269580585.69
2025-01-21 01:00:00,101045.06,102087.91,100069.04,101368.97,7123.01,720612411.8
2025-01-21 02:00:00,101368.97,102621.11,100966.4,102414.65,4175.56,425890601.53
2025-01-21 03:00:00,102414.65,103119.97,102171.62,102812.15,2608.17,267908463.28
2025-01-21 04:00:00,102812.15,102843.12,101821.01,102208.7,2347.48,240234422.96
2025-01-21 05:00:00,102208.7,102394.05,101225.14,101251.84,2139.34,217576319.35
2025-01-21 06:00:00,101251.84,102049.08,100989.28,102030.06,2007.07,203897991.5
2025-01-21 07:00:00,102030.06,102351.13,101714.35,101866.79,1674.44,170959733.71
2025-01-21 08:00:00,101866.79,102361.02,101627.45,102332.77,1670.01,170505316.2
2025-01-21 09:00:00,102332.77,102758.52,101971.04,102598.18,2018.13,206670770.79
2025-01-21 10:00:00,102598.18,103264.42,102459.76,103059.56,1935.68,199064768.06
2025-01-21 11:00:00,103059.56,103866.19,102980.47,103665.49,2214.41,229283349.79
2025-01-21 12:00:00,103665.49,104619.05,103519.95,104407.6,2541.79,264935633.81
2025-01-21 13:00:00,104407.6,104891.38,104063.14,104369.49,2373.42,248058418.26
2025-01-21 14:00:00,104369.49,105231.2,102926.1,103171.9,6474.1,672749769.84
2025-01-21 15:00:00,103171.9,103996.1,102696.36,103859.16,6368.76,657997504.23
2025-01-21 16:00:00,103859.16,106477.52,103737.36,104925.78,9288.73,979742168.1
2025-01-21 17:00:00,104925.78,106396.73,104842.84,106173.6,4449.21,470294126.36
2025-01-21 18:00:00,106173.6,107252.77,105877.37,106866.55,5870.2,625968547.75
2025-01-21 19:00:00,106866.55,107151.49,106263.15,107043.98,4143.15,442233533.47
2025-01-21 20:00:00,107043.98,107206.02,105928.94,106132.91,4736.81,504688565.99
2025-01-21 21:00:00,106132.91,106837.88,105776.11,106806.64,2545.71,270628746.91
2025-01-21 22:00:00,106806.64,106808.62,106002.94,106017.44,965.07,102752580.47
2025-01-21 23:00:00,106017.44,106294.38,105434.49,106155.61,2232.82,236386789.42
2025-01-22 00:00:00,106155.61,106319.05,105799.02,105946.45,1595.73,169137366.81
2025-01-22 01:00:00,105946.45,106398.57,105454.98,105801.81,1706.1,180553240.98
2025-01-22 02:00:00,105801.81,106199.05,105562.57,105594.12,1086.83,115087997.9
2025-01-22 03:00:00,105594.12,105914.66,105593.6,105613.84,737.47,77983806.45
2025-01-22 04:00:00,105613.84,105818.07,105296.42,105574.87,837.51,88450287.94
2025-01-22 05:00:00,105574.87,105860.12,105493.88,105695.27,654.36,69145430.5
2025-01-22 06:00:00,105695.27,105952.79,105181.65,105376.81,1024.66,108155296.46
2025-01-22 07:00:00,105376.81,105667.63,105053.9,105079.59,924.7,97376011.54
2025-01-22 08:00:00,105079.59,105343.92,104707.48,105255.53,1600.0,168002362.12
2025-01-22 09:00:00,105255.53,105261.3,104914.99,104979.87,978.54,102781703.53
2025-01-22 10:00:00,104979.87,105156.24,104638.31,105123.52,1007.46,105681228.07
2025-01-22 11:00:00,105123.52,105445.72,104614.44,105072.26,1472.22,154514380.16
2025-01-22 12:00:00,105072.26,105584.66,105054.48,105275.18,977.02,102922412.51
2025-01-22 13:00:00,105275.18,105355.07,103801.78,104052.9,2351.56,245859490.28
2025-01-22 14:00:00,104052.9,104912.83,103631.42,104385.96,4524.56,471435023.96
2025-01-22 15:00:00,104385.96,105151.68,103964.33,104191.51,4476.77,467850197.8
2025-01-22 16:00:00,104191.51,104220.37,103321.48,103699.37,3680.92,382067514.89
2025-01-22 17:00:00,103699.37,104600.65,103665.36,104356.25,2775.13,289343929.67
2025-01-22 18:00:00,104356.25,104685.3,103738.72,103885.89,2287.61,238628280.53
2025-01-22 19:00:00,103885.89,104725.8,103841.79,104610.39,2178.5,227505873.06
2025-01-22 20:00:00,104610.39,104812.85,104059.38,104304.61,3239.51,338192616.83
2025-01-22 21:00:00,104304.61,104355.95,103596.93,104073.14,1750.29,181973258.95
2025-01-22 22:00:00,104073.14,104486.77,103754.48,103856.55,960.41,99948786.18
2025-01-22 23:00:00,103856.55,104123.98,103613.15,103669.08,1168.63,121376900.07
2025-01-23 00:00:00,103669.08,103776.85,103007.32,103245.38,1810.41,187115112.94
2025-01-23 01:00:00,103245.38,103601.53,102515.18,102889.99,2320.89,239143852.48
2025-01-23 02:00:00,102889.99,102940.98,102028.19,102604.57,3005.8,307701246.95
2025-01-23 03:00:00,102604.57,102935.25,102131.4,102392.43,1344.87,138070985.6
2025-01-23 04:00:00,102392.43,102423.98,101520.1,101984.34,1328.74,135444203.44
2025-01-23 05:00:00,101984.34,102571.1,101922.77,102479.11,552.93,56515801.82
2025-01-23 06:00:00,102479.11,102910.45,102165.37,102220.06,621.8,63773328.3
2025-01-23 07:00:00,102220.06,102729.59,102026.39,102655.38,495.76,50725621.96
2025-01-23 08:00:00,102655.38,102655.49,102015.94,102171.6,544.02,55673798.59
2025-01-23 09:00:00,102171.6,102420.08,101597.48,101615.4,662.1,67531186.06
2025-01-23 10:00:00,101615.4,102020.42,101221.0,101651.05,960.15,97560499.2
2025-01-23 11:00:00,101651.05,102160.91,101649.99,101918.8,610.72,62258843.52
2025-01-23 12:00:00,101918.8,102095.2,101371.57,101595.75,1455.88,147979479.14
2025-01-23 13:00:00,101595.75,102669.0,101277.07,102471.13,2112.22,215308280.2
2025-01-23 14:00:00,102471.13,106057.12,101957.15,105192.91,8796.8,919347174.51
2025-01-23 15:00:00,105192.91,105809.71,102687.92,105282.63,13844.13,1441886883.53
2025-01-23 16:00:00,105282.63,106865.3,105066.51,105169.57,9612.22,1017807198.36
2025-01-23 17:00:00,105169.57,106269.19,104248.06,105958.86,4887.39,514100991.2
2025-01-23 18:00:00,105958.86,106194.46,105150.18,105473.57,2789.77,294642659.92
2025-01-23 19:00:00,105473.57,105549.7,103437.61,103814.24,4056.45,424312211.66
2025-01-23 20:00:00,103814.24,106493.83,102610.04,103335.15,21656.8,2269227581.74
2025-01-23 21:00:00,103335.15,103450.11,102272.96,103108.48,5925.38,609894106.71
2025-01-23 22:00:00,103108.48,104723.83,103015.53,104006.01,2939.61,305336608.77
2025-01-23 23:00:00,104006.01,104581.8,103807.76,103933.88,1728.81,180203958.13
2025-01-24 00:00:00,103933.88,104172.4,103422.28,103450.08,1324.86,137471102.31
2025-01-24 01:00:00,103450.08,103884.78,103047.47,103213.67,1184.73,122550468.15
2025-01-24 02:00:00,103213.67,103520.12,102955.95,103015.47,1313.47,135596680.48
2025-01-24 03:00:00,103015.47,104282.06,102751.09,103886.95,2295.17,237909567.94
2025-01-24 04:00:00,103886.95,104899.16,103793.51,104612.81,1077.97,112428522.76
2025-01-24 05:00:00,104612.81,105252.25,104543.48,105217.01,999.68,104860540.34
2025-01-24 06:00:00,105217.01,105341.08,104624.24,104986.6,691.18,72528731.97
2025-01-24 07:00:00,104986.6,105173.14,104661.35,105062.32,1046.33,109778656.31
2025-01-24 08:00:00,105062.32,105645.69,104926.45,105515.77,807.7,85087194.19
2025-01-24 09:00:00,105515.77,105767.76,105069.09,105166.85,730.98,77060515.35
2025-01-24 10:00:00,105166.85,105439.44,105054.0,105433.74,665.94,70100671.55
2025-01-24 11:00:00,105433.74,105538.38,105229.17,105436.82,349.44,36827500.02
2025-01-24 12:00:00,105436.82,105613.39,105202.73,105539.66,807.62,85119868.03
2025-01-24 13:00:00,105539.66,105802.23,104992.49,105122.21,1226.78,129135497.13
2025-01-24 14:00:00,105122.21,106335.36,104680.91,105782.05,3910.3,412793988.31
2025-01-24 15:00:00,105782.05,106023.16,105264.75,105887.11,3507.3,370945584.59
2025-01-24 16:00:00,105887.11,106206.14,105609.65,105680.59,2577.38,273247565.98
2025-01-24 17:00:00,105680.59,106749.26,105643.45,106513.38,2864.34,304463719.72
2025-01-24 18:00:00,106513.38,107170.86,106093.13,106361.08,3210.67,342802476.75
2025-01-24 19:00:00,106361.08,106661.6,105733.29,105802.03,2063.72,219083004.28
2025-01-24 20:00:00,105802.03,105802.03,104738.95,104858.83,3746.24,394239987.88
2025-01-24 21:00:00,104858.83,105396.63,104854.64,105108.5,1780.77,187229520.04
2025-01-24 22:00:00,105108.5,105484.2,104723.81,104775.15,844.93,88860708.81
2025-01-24 23:00:00,104775.15,104928.8,104462.63,104854.78,1174.44,122915085.06
2025-01-25 00:00:00,104854.78,104863.26,104357.48,104418.83,1185.59,124024999.44
2025-01-25 01:00:00,104418.83,104795.57,104374.84,104719.9,759.02,79430168.9
2025-01-25 02:00:00,104719.9,104821.24,104457.7,104538.31,575.77,60241521.04
2025-01-25 03:00:00,104538.31,105251.53,104442.75,105176.5,760.92,79767113.79
2025-01-25 04:00:00,105176.5,105181.74,104599.94,104636.84,341.78,35837996.93
2025-01-25 05:00:00,104636.84,104670.86,104229.02,104344.09,529.17,55284515.12
2025-01-25 06:00:00,104344.09,104448.54,104202.44,104292.22,530.89,55372571.85
2025-01-25 07:00:00,104292.22,104499.95,104271.05,104369.72,173.41,18105341.85
2025-01-25 08:00:00,104369.72,104484.38,104138.6,104330.05,214.49,22370954.21
2025-01-25 09:00:00,104330.05,104441.21,104263.1,104362.87,171.25,17870724.85
2025-01-25 10:00:00,104362.87,104644.01,104107.08,104528.73,405.52,42318101.76
2025-01-25 11:00:00,104528.73,104686.14,104389.03,104668.02,263.23,27521189.84
2025-01-25 12:00:00,104668.02,104786.74,104453.27,104744.97,329.63,34483543.13
2025-01-25 13:00:00,104744.97,104853.36,104625.28,104700.3,457.15,47889225.78
2025-01-25 14:00:00,104700.3,104710.94,104466.28,104589.44,377.46,39473139.6
2025-01-25 15:00:00,104589.44,105100.37,104582.15,104897.66,737.62,77354177.48
2025-01-25 16:00:00,104897.66,104996.81,104583.36,104658.95,655.26,68662172.09
2025-01-25 17:00:00,104658.95,104919.02,104448.52,104885.64,724.15,75798974.8
2025-01-25 18:00:00,104885.64,105282.15,104823.41,104967.93,788.16,82750037.09
2025-01-25 19:00:00,104967.93,105174.24,104900.83,105033.34,448.63,47133067.07
2025-01-25 20:00:00,105033.34,105178.1,104943.92,104953.2,269.09,28271553.18
2025-01-25 21:00:00,104953.2,105111.56,104852.09,105088.52,361.81,37973222.96
2025-01-25 22:00:00,105088.52,105241.71,104985.78,105071.55,313.66,32968940.21
2025-01-25 23:00:00,105071.55,105116.71,104681.47,104733.15,462.01,48467078.59
2025-01-26 00:00:00,104733.15,104828.73,104514.5,104582.41,357.06,37379784.56
2025-01-26 01:00:00,104582.41,104752.58,104507.29,104602.16,310.21,32451613.19
2025-01-26 02:00:00,104602.16,104697.96,104509.71,104664.08,255.99,26775170.57
2025-01-26 03:00:00,104664.08,105208.78,104664.08,105044.0,500.64,52533566.01
2025-01-26 04:00:00,105044.0,105475.33,104960.94,105146.1,382.8,40270896.87
2025-01-26 05:00:00,105146.1,105178.06,104978.63,105075.22,186.59,19605366.24
2025-01-26 06:00:00,105075.22,105091.13,104944.98,104971.0,85.57,8986540.83
2025-01-26 07:00:00,104971.0,105064.26,104925.85,104975.05,97.47,10231825.21
2025-01-26 08:00:00,104975.05,105193.06,104859.09,105013.59,227.58,23898546.57
2025-01-26 09:00:00,105013.59,105019.44,104427.01,104619.62,485.05,50749490.68
2025-01-26 10:00:00,104619.62,104709.71,104492.3,104696.28,193.3,20218898.95
2025-01-26 11:00:00,104696.28,104841.92,104668.44,104812.69,147.18,15416534.44
2025-01-26 12:00:00,104812.69,104890.72,104702.25,104890.72,157.7,16520229.05
2025-01-26 13:00:00,104890.72,105045.65,104829.89,104950.53,340.2,35695594.08
2025-01-26 14:00:00,104950.53,105001.08,104796.5,104930.32,275.69,28915196.84
2025-01-26 15:00:00,104930.32,105052.56,104872.79,104961.04,413.97,43463673.19
2025-01-26 16:00:00,104961.04,105021.39,104885.2,104929.12,265.85,27902482.03
2025-01-26 17:00:00,104929.12,105028.5,104903.57,104933.89,191.4,20091305.64
2025-01-26 18:00:00,104933.89,105234.58,104894.07,105160.9,541.65,56929320.09
2025-01-26 19:00:00,105160.9,105218.62,105018.1,105067.31,276.17,29023706.33
2025-01-26 20:00:00,105067.31,105174.63,104901.7,104928.88,319.42,33549921.41
2025-01-26 21:00:00,104928.88,104970.87,104552.56,104555.58,681.1,71356506.59
2025-01-26 22:00:00,104555.58,104694.14,104295.7,104322.06,976.12,101964310.88
2025-01-26 23:00:00,104322.06,104322.12,102487.8,102576.93,6449.92,665504017.74
2025-01-27 00:00:00,102576.93,103230.24,101531.73,101669.98,3948.54,404356285.11
2025-01-27 01:00:00,101669.98,102025.24,101100.95,101237.35,4365.72,443450433.41
2025-01-27 02:00:00,101237.35,101620.68,100786.15,100933.73,3665.15,370715422.95
2025-01-27 03:00:00,100933.73,101813.58,100667.26,101366.75,1769.31,179244245.7
2025-01-27 04:00:00,101366.75,101368.49,100212.03,100359.82,2706.2,272443707.38
2025-01-27 05:00:00,100359.82,100685.55,99701.56,100319.75,2878.51,288346652.84
2025-01-27 06:00:00,100319.75,100446.92,98672.14,98900.7,4763.47,473744480.56
2025-01-27 07:00:00,98900.7,99349.16,97712.77,99000.52,5642.65,556202014.1
2025-01-27 08:00:00,99000.52,99326.91,98668.2,98996.55,2483.94,245791160.14
2025-01-27 09:00:00,98996.55,99494.71,98753.83,99382.72,1952.13,193540608.56
2025-01-27 10:00:00,99382.72,99423.62,98217.63,98334.44,2947.65,291343769.66
2025-01-27 11:00:00,98334.44,99295.49,98276.59,98719.44,2404.17,237608085.26
2025-01-27 12:00:00,98719.44,100837.27,98676.29,100584.48,3363.52,335285327.87
2025-01-27 13:00:00,100584.48,101651.98,100012.13,100492.28,6039.02,609191958.76
2025-01-27 14:00:00,100492.28,102338.48,100109.33,101907.74,8284.58,837951603.78
2025-01-27 15:00:00,101907.74,102119.87,100843.56,101095.22,5615.02,570400390.93
2025-01-27 16:00:00,101095.22,101223.83,99544.82,99701.85,5661.35,567916842.48
2025-01-27 17:00:00,99701.85,100007.28,99023.61,99100.37,4911.25,488749969.81
2025-01-27 18:00:00,99100.37,99705.54,98814.21,99138.02,3831.2,380236149.14
2025-01-27 19:00:00,99138.02,99904.07,99119.78,99644.42,3585.99,356756089.55
2025-01-27 20:00:00,99644.42,101728.64,99556.04,101367.22,5413.86,545188923.89
2025-01-27 21:00:00,101367.22,102405.54,100904.64,101314.07,5197.75,528964656.34
2025-01-27 22:00:00,101314.07,101930.11,101247.65,101613.08,1278.45,129845668.85
2025-01-27 23:00:00,101613.08,102160.42,101609.79,102065.72,1762.68,179622332.17
2025-01-28 00:00:00,102065.72,102924.31,101769.41,101847.27,3535.79,362297033.33
2025-01-28 01:00:00,101847.27,101985.78,101372.06,101372.06,1375.64,139870360.71
2025-01-28 02:00:00,101372.06,102422.41,101329.64,102388.42,1702.33,173490895.72
2025-01-28 03:00:00,102388.42,102874.36,102041.27,102639.1,1229.34,125928529.2
2025-01-28 04:00:00,102639.1,103363.33,102596.59,102915.0,918.93,94649282.66
2025-01-28 05:00:00,102915.0,103346.66,102818.01,103015.65,524.96,54119786.69
2025-01-28 06:00:00,103015.65,103197.97,102623.81,102749.05,354.01,36417358.28
2025-01-28 07:00:00,102749.05,103329.86,102523.59,102801.61,734.64,75632344.32
2025-01-28 08:00:00,102801.61,103031.71,102627.88,102842.91,408.9,42037038.31
2025-01-28 09:00:00,102842.91,102948.21,102389.09,102939.86,450.55,46272171.22
2025-01-28 10:00:00,102939.86,103180.52,102587.43,102732.52,482.53,49646340.01
2025-01-28 11:00:00,102732.52,102919.8,102556.5,102759.05,321.09,32988855.82
2025-01-28 12:00:00,102759.05,102980.77,102472.25,102598.92,1098.92,112850915.77
2025-01-28 13:00:00,102598.92,102936.59,102491.06,102585.61,934.16,95925543.89
2025-01-28 14:00:00,102585.61,102884.43,101812.79,102639.64,5301.25,542849513.72
2025-01-28 15:00:00,102639.64,103787.72,102499.88,102772.19,5302.49,546609406.02
2025-01-28 16:00:00,102772.19,102912.68,101916.06,102247.87,3458.29,353791765.25
2025-01-28 17:00:00,102247.87,103093.01,102212.86,102578.7,2654.64,272586952.26
2025-01-28 18:00:00,102578.7,103099.17,102136.06,102180.67,2534.48,260189255.95
2025-01-28 19:00:00,102180.67,102638.95,101802.25,102404.03,2128.72,217507461.81
2025-01-28 20:00:00,102404.03,102509.51,101164.67,101212.89,2409.28,245354956.86
2025-01-28 21:00:00,101212.89,101474.3,100222.46,100282.81,2898.58,292677796.74
2025-01-28 22:00:00,100282.81,101340.81,100221.08,101199.32,1944.6,195808104.39
2025-01-28 23:00:00,101199.32,101392.94,100697.08,101284.47,1392.25,140749208.57
2025-01-29 00:00:00,101284.47,101767.04,101279.83,101647.28,1188.43,120624761.66
2025-01-29 01:00:00,101647.28,101932.56,101412.18,101786.32,920.89,93660162.24
2025-01-29 02:00:00,101786.32,102277.33,101649.66,101740.95,967.12,98554683.17
2025-01-29 03:00:00,101740.95,102134.54,101722.87,102015.79,770.77,78570861.5
2025-01-29 04:00:00,102015.79,102155.64,101942.98,101962.85,342.86,34990888.38
2025-01-29 05:00:00,101962.85,102347.58,101938.65,102234.35,365.43,37346118.07
2025-01-29 06:00:00,102234.35,102813.57,102211.35,102776.52,509.05,52190664.57
2025-01-29 07:00:00,102776.52,102780.02,102432.6,102698.82,372.15,38171629.12
2025-01-29 08:00:00,102698.82,102985.69,102649.96,102702.11,503.92,51809835.04
2025-01-29 09:00:00,102702.11,102733.31,102252.78,102289.82,402.74,41280972.61
2025-01-29 10:00:00,102289.82,102672.1,102138.17,102499.56,454.18,46528867.37
2025-01-29 11:00:00,102499.56,102757.47,102371.47,102581.34,442.07,45326011.57
2025-01-29 12:00:00,102581.34,102768.46,102177.3,102196.44,1015.1,104000753.3
2025-01-29 13:00:00,102196.44,102290.82,101679.92,101803.5,1740.98,177452776.36
2025-01-29 14:00:00,101803.5,102342.47,101548.41,101996.84,2883.42,293988878.47
2025-01-29 15:00:00,101996.84,102476.35,101758.94,101959.17,2545.84,259886679.33
2025-01-29 16:00:00,101959.17,102117.33,101645.24,102064.49,1534.35,156374570.18
2025-01-29 17:00:00,102064.49,102771.3,101972.83,102391.7,1798.14,184183550.38
2025-01-29 18:00:00,102391.7,103015.63,101991.16,102851.48,2668.27,273642065.32
2025-01-29 19:00:00,102851.48,103974.16,101397.92,103583.27,10725.33,1102014168.13
2025-01-29 20:00:00,103583.27,104796.98,102842.68,104211.04,8606.34,894311438.09
2025-01-29 21:00:00,104211.04,104388.56,103738.29,103746.41,3769.57,392298274.07
2025-01-29 22:00:00,103746.41,104010.41,103396.53,103518.69,1075.85,111483523.3
2025-01-29 23:00:00,103518.69,104350.95,103460.18,103742.97,1477.27,153587457.19
2025-01-30 00:00:00,103742.97,104133.9,103297.81,104031.9,1548.89,160595375.78
2025-01-30 01:00:00,104031.9,104559.18,103929.24,104271.62,1477.8,154065693.14
2025-01-30 02:00:00,104271.62,104663.17,103994.58,104663.16,1200.59,125230694.98
2025-01-30 03:00:00,104663.16,105309.74,104503.43,105214.68,2146.06,225112821.55
2025-01-30 04:00:00,105214.68,105613.7,104850.24,105499.77,1282.49,134885102.98
2025-01-30 05:00:00,105499.77,105537.6,105049.49,105385.07,798.95,84166205.14
2025-01-30 06:00:00,105385.07,105594.2,105173.43,105191.87,570.25,60086349.72
2025-01-30 07:00:00,105191.87,105355.47,104830.22,105142.63,660.23,69332909.35
2025-01-30 08:00:00,105142.63,105348.68,104946.15,105058.98,589.85,62039419.82
2025-01-30 09:00:00,105058.98,105538.63,105019.15,105409.02,423.2,44587181.13
2025-01-30 10:00:00,105409.02,105409.04,105105.24,105333.11,473.52,49828378.59
2025-01-30 11:00:00,105333.11,105394.61,105070.89,105299.32,351.45,36984425.03
2025-01-30 12:00:00,105299.32,105313.57,104851.38,105011.95,640.55,67283751.53
2025-01-30 13:00:00,105011.95,105351.94,104819.17,104860.89,1475.34,155051114.6
2025-01-30 14:00:00,104860.89,106235.49,104640.84,105932.19,4654.48,490785275.46
2025-01-30 15:00:00,105932.19,106472.04,105401.78,105589.27,4904.22,519576320.02
2025-01-30 16:00:00,105589.27,106029.37,105493.03,105712.36,2018.35,213542702.91
2025-01-30 17:00:00,105712.36,105714.19,104927.53,105299.07,2103.97,221423263.57
2025-01-30 18:00:00,105299.07,105616.09,104754.74,105600.19,2141.5,225422287.66
2025-01-30 19:00:00,105600.19,105804.56,105253.91,105736.33,1602.81,169085947.46
2025-01-30 20:00:00,105736.33,105848.6,104858.18,104926.62,3254.32,342880819.55
2025-01-30 21:00:00,104926.62,105240.56,104817.68,105067.07,1257.7,132112877.45
2025-01-30 22:00:00,105067.07,105367.31,104991.69,105114.9,365.28,38406351.72
2025-01-30 23:00:00,105114.9,105266.27,104701.2,104739.58,717.38,75372437.22
2025-01-31 00:00:00,104739.58,105044.46,104411.73,104913.66,1294.46,135536499.12
2025-01-31 01:00:00,104913.66,104923.47,104419.25,104737.92,832.68,87150010.51
2025-01-31 02:00:00,104737.92,104860.24,104244.74,104335.76,1020.71,106638182.08
2025-01-31 03:00:00,104335.76,104372.77,103922.09,104325.51,1106.0,115162278.79
2025-01-31 04:00:00,104325.51,104536.98,103947.59,103992.65,474.38,49451699.15
2025-01-31 05:00:00,103992.65,104469.32,103988.21,104307.13,268.66,28024390.31
2025-01-31 06:00:00,104307.13,104738.66,104289.82,104521.95,277.87,29044722.14
2025-01-31 07:00:00,104521.95,104798.49,104015.11,104191.09,718.67,74998772.38
2025-01-31 08:00:00,104191.09,104314.39,104019.54,104023.75,406.6,42348330.15
2025-01-31 09:00:00,104023.75,104315.42,103904.69,104249.88,378.83,39439453.55
2025-01-31 10:00:00,104249.88,104426.12,104079.47,104278.59,234.69,24464532.93
2025-01-31 11:00:00,104278.59,104841.5,104276.54,104737.22,513.02,53687147.56
2025-01-31 12:00:00,104737.22,104912.43,104545.58,104708.42,917.87,96100228.08
2025-01-31 13:00:00,104708.42,105030.03,104554.48,104658.57,1143.17,119795650.83
2025-01-31 14:00:00,104658.57,104850.2,104099.56,104435.85,2260.32,236097570.45
2025-01-31 15:00:00,104435.85,106101.91,104434.68,105496.48,5645.05,594437576.25
2025-01-31 16:00:00,105496.48,105622.74,104720.32,105086.62,2550.98,268197434.64
2025-01-31 17:00:00,105086.62,105089.18,104547.07,104576.16,1702.19,178381327.15
2025-01-31 18:00:00,104576.16,104825.51,102547.03,102587.9,6295.09,651022999.16
2025-01-31 19:00:00,102587.9,102989.54,102068.43,102260.36,5349.75,548163540.65
2025-01-31 20:00:00,102260.36,102263.25,101547.23,101620.46,5513.28,561808994.42
2025-01-31 21:00:00,101620.46,102119.88,101514.21,102111.44,1923.71,195755721.82
2025-01-31 22:00:00,102111.44,102465.53,101896.18,102246.16,766.78,78345823.83
2025-01-31 23:00:00,102246.16,102419.22,101936.48,102412.41,627.55,64118178.45
2025-02-01 00:00:00,102412.41,102552.77,102194.06,102464.26,727.67,74517895.24
2025-02-01 01:00:00,102464.26,102751.79,102428.99,102554.22,748.42,76789851.6
2025-02-01 02:00:00,102554.22,102768.26,102385.67,102451.04,634.8,65127436.56
2025-02-01 03:00:00,102451.04,102511.8,102186.77,102227.02,503.28,51504212.76
2025-02-01 04:00:00,102227.02,102480.27,102118.96,102301.74,351.2,35919333.39
2025-02-01 05:00:00,102301.74,102576.62,102232.25,102477.01,226.72,23223017.66
2025-02-01 06:00:00,102477.01,102561.32,102174.84,102389.32,157.01,16068974.77
2025-02-01 07:00:00,102389.32,102474.95,102142.39,102150.71,154.61,15816758.77
2025-02-01 08:00:00,102150.71,102258.4,101821.38,101994.04,308.53,31477883.44
2025-02-01 09:00:00,101994.04,101994.49,101394.18,101648.91,557.55,56688524.7
2025-02-01 10:00:00,101648.91,101956.41,101609.73,101621.4,365.19,37158959.31
2025-02-01 11:00:00,101621.4,102030.74,101621.38,102008.08,304.25,30992097.14
2025-02-01 12:00:00,102008.08,102304.79,101982.05,102255.51,466.88,47690992.18
2025-02-01 13:00:00,102255.51,102264.2,101793.24,101836.31,534.2,54529866.92
2025-02-01 14:00:00,101836.31,102139.75,101787.05,101805.65,741.5,75574539.81
2025-02-01 15:00:00,101805.65,102157.96,101709.03,102056.74,686.89,70023557.12
2025-02-01 16:00:00,102056.74,102201.22,101853.9,101885.39,569.87,58140580.9
2025-02-01 17:00:00,101885.39,102270.9,101885.37,102250.18,563.98,57613224.41
2025-02-01 18:00:00,102250.18,102260.38,101952.43,101989.42,439.68,44895022.35
2025-02-01 19:00:00,101989.42,102011.27,101436.5,101655.12,865.87,88085894.01
2025-02-01 20:00:00,101655.12,101655.91,100924.27,101309.14,1777.01,179882379.87
2025-02-01 21:00:00,101309.14,101557.96,100994.75,101186.26,1024.94,103872936.45
2025-02-01 22:00:00,101186.26,101402.2,100483.01,100640.23,1323.72,133512563.94
2025-02-01 23:00:00,100640.23,100847.82,100270.22,100619.87,1657.94,166695162.96
2025-02-02 00:00:00,100619.87,101279.35,100483.81,101230.35,1042.66,105252338.32
2025-02-02 01:00:00,101230.35,101436.9,101141.1,101217.0,671.46,68016418.25
2025-02-02 02:00:00,101217.0,101244.92,100404.23,100434.22,1091.71,110009516.31
2025-02-02 03:00:00,100434.22,100729.19,99144.99,99178.11,3871.96,386273606.68
2025-02-02 04:00:00,99178.11,99839.23,99028.94,99525.19,1296.92,128921876.97
2025-02-02 05:00:00,99525.19,100318.97,99470.82,100243.97,502.85,50251807.05
2025-02-02 06:00:00,100243.97,100481.58,100091.64,100254.1,408.51,40981116.65
2025-02-02 07:00:00,100254.1,100262.22,99592.14,99606.8,470.75,46998188.73
2025-02-02 08:00:00,99606.8,100073.23,99311.45,99807.48,611.85,60992935.44
2025-02-02 09:00:00,99807.48,99833.35,99352.22,99663.16,549.87,54767570.26
2025-02-02 10:00:00,99663.16,99669.62,99220.84,99398.84,547.87,54462699.77
2025-02-02 11:00:00,99398.84,99565.41,98609.45,98825.37,1133.05,112215310.54
2025-02-02 12:00:00,98825.37,99121.83,98123.81,98149.09,2224.57,219474603.47
2025-02-02 13:00:00,98149.09,98785.53,98135.73,98756.7,1851.61,182467012.1
2025-02-02 14:00:00,98756.7,99412.17,98677.83,99194.74,1696.07,168218578.29
2025-02-02 15:00:00,99194.74,99367.53,98708.35,99317.3,1707.66,169215332.5
2025-02-02 16:00:00,99317.3,99332.45,98055.64,98244.62,2911.24,287272631.07
2025-02-02 17:00:00,98244.62,98506.1,96947.34,97162.89,6582.98,643606255.19
2025-02-02 18:00:00,97162.89,97864.76,96781.05,97022.78,5921.32,575829799.32
2025-02-02 19:00:00,97022.78,98654.99,96782.66,98221.51,5233.27,510812057.02
2025-02-02 20:00:00,98221.51,98582.26,97622.93,97759.47,2194.8,215365160.17
2025-02-02 21:00:00,97759.47,97937.35,96557.32,97003.17,3331.97,323663571.24
2025-02-02 22:00:00,97003.17,98003.26,96158.45,97953.56,3606.5,350249835.09
2025-02-02 23:00:00,97953.56,97953.83,96520.97,97665.06,7158.87,696685521.35
2025-02-03 00:00:00,97665.06,97749.64,95475.11,96472.17,10660.52,1030082375.75
2025-02-03 01:00:00,96472.17,96882.5,92020.42,93400.49,17625.87,1665480331.99
2025-02-03 02:00:00,93400.49,95016.48,91142.87,93565.8,14644.07,1370128199.6
2025-02-03 03:00:00,93565.8,94735.79,93427.92,94111.3,4642.44,437494762.57
2025-02-03 04:00:00,94111.3,94551.07,92702.65,92839.58,2032.66,190020693.42
2025-02-03 05:00:00,92839.58,94325.08,92822.47,94260.38,1715.42,160387742.23
2025-02-03 06:00:00,94260.38,94701.16,93733.48,93987.29,1541.65,145230949.93
2025-02-03 07:00:00,93987.29,95496.15,93928.77,95416.65,1540.54,145867265.89
2025-02-03 08:00:00,95416.65,95709.43,94943.8,95413.16,1582.26,150831201.66
2025-02-03 09:00:00,95413.16,96037.77,95326.94,95365.64,1581.85,151456531.27
2025-02-03 10:00:00,95365.64,95806.13,94876.1,95776.02,1344.74,128108964.96
2025-02-03 11:00:00,95776.02,95797.92,95017.18,95179.57,894.48,85312388.3
2025-02-03 12:00:00,95179.57,95683.21,94854.57,94856.88,3616.53,343053192.14
2025-02-03 13:00:00,94856.88,95471.72,94460.44,94740.34,3158.27,299848671.62
2025-02-03 14:00:00,94740.34,96794.35,94222.36,96689.63,9453.46,903783763.44
2025-02-03 15:00:00,96689.63,99658.73,96269.57,99027.01,10655.86,1045012980.71
2025-02-03 16:00:00,99027.01,99223.88,98322.95,98691.22,5680.71,561181955.14
2025-02-03 17:00:00,98691.22,99450.16,98146.98,99348.07,4752.44,469227683.06
2025-02-03 18:00:00,99348.07,100108.37,99097.31,100011.24,4561.99,454325288.13
2025-02-03 19:00:00,100011.24,102071.77,99773.35,102071.77,5351.05,540570783.76
2025-02-03 20:00:00,102071.77,102118.12,101187.34,101218.06,5306.29,539628400.92
2025-02-03 21:00:00,101218.06,102071.28,101030.57,101910.29,3195.23,324357653.4
2025-02-03 22:00:00,101910.29,102575.82,101603.75,101794.75,2491.23,254223335.58
2025-02-03 23:00:00,101794.75,101943.02,101391.58,101451.28,1066.19,108394922.57
2025-02-04 00:00:00,101451.28,101777.53,101158.81,101166.02,1256.31,127537404.03
2025-02-04 01:00:00,101166.02,101800.32,100827.66,101469.59,1904.34,192904080.36
2025-02-04 02:00:00,101469.59,101517.06,100896.75,100927.86,1134.9,114875566.94
2025-02-04 03:00:00,100927.86,101107.81,100646.67,100707.28,996.22,100451987.09
2025-02-04 04:00:00,100707.28,100843.39,100107.05,100150.97,800.82,80391052.11
2025-02-04 05:00:00,100150.97,100193.31,98311.6,98958.97,2645.67,262006950.39
2025-02-04 06:00:00,98958.97,99711.58,98929.61,99446.4,1282.87,127432417.32
2025-02-04 07:00:00,99446.4,99558.02,98390.8,98516.16,1178.18,116564646.14
2025-02-04 08:00:00,98516.16,98791.49,97929.94,98364.52,1346.31,132373247.06
2025-02-04 09:00:00,98364.52,98881.96,98340.07,98412.53,780.43,76978000.14
2025-02-04 10:00:00,98412.53,99032.68,98407.1,98861.34,866.87,85629484.74
2025-02-04 11:00:00,98861.34,99510.78,98826.86,99046.99,970.09,96318391.65
2025-02-04 12:00:00,99046.99,99862.47,99044.22,99455.51,1607.64,159866432.43
2025-02-04 13:00:00,99455.51,99635.53,99058.05,99104.44,1783.27,177365539.18
2025-02-04 14:00:00,99104.44,100495.12,98657.26,100077.59,5091.3,508133828.53
2025-02-04 15:00:00,100077.59,100327.78,98370.35,99432.4,6305.12,626266784.65
2025-02-04 16:00:00,99432.4,99947.29,99087.94,99101.78,3197.51,318237153.55
2025-02-04 17:00:00,99101.78,99665.17,98877.53,99218.37,2651.69,263062681.87
2025-02-04 18:00:00,99218.37,99632.4,98822.27,99464.76,1845.93,183200579.45
2025-02-04 19:00:00,99464.76,100855.9,98852.22,98921.05,4958.65,495500524.77
2025-02-04 20:00:00,98921.05,99500.97,98001.33,98698.5,7996.02,788813006.38
2025-02-04 21:00:00,98698.5,98705.77,96164.76,96282.46,7331.67,713213525.93
2025-02-04 22:00:00,96282.46,97999.37,95090.81,97720.71,3776.04,363984972.87
2025-02-04 23:00:00,97720.71,98239.17,97512.96,97794.88,1640.34,160454708.99
2025-02-05 00:00:00,97794.88,98432.8,97746.77,98318.72,1900.73,186427495.72
2025-02-05 01:00:00,98318.72,98974.06,97715.05,97871.23,1853.41,182359183.77
2025-02-05 02:00:00,97871.23,98227.44,97167.05,98029.93,2427.27,237138382.5
2025-02-05 03:00:00,98029.93,98351.85,97801.84,98083.28,1111.79,109019371.24
2025-02-05 04:00:00,98083.28,98372.11,97930.12,98077.25,431.65,42361060.05
2025-02-05 05:00:00,98077.25,98369.01,97731.45,98171.3,460.33,45125600.31
2025-02-05 06:00:00,98171.3,98255.28,97587.48,97671.72,646.52,63293932.2
2025-02-05 07:00:00,97671.72,98023.06,97407.11,97908.01,667.26,65157652.33
2025-02-05 08:00:00,97908.01,98087.46,97606.07,97676.0,388.95,38055464.56
2025-02-05 09:00:00,97676.0,98002.85,97308.88,97447.55,608.88,59445287.61
2025-02-05 10:00:00,97447.55,98077.6,97412.09,97790.19,636.17,62229530.6
2025-02-05 11:00:00,97790.19,98274.7,97758.51,98261.99,747.22,73287275.34
2025-02-05 12:00:00,98261.99,98762.29,98040.75,98096.75,1521.62,149815951.95
2025-02-05 13:00:00,98096.75,98729.83,97996.28,98634.97,1422.19,139965218.17
2025-02-05 14:00:00,98634.97,99208.65,98152.16,98327.21,2958.25,292040544.07
2025-02-05 15:00:00,98327.21,98595.76,97791.26,98146.08,3542.99,347856037.42
2025-02-05 16:00:00,98146.08,98314.79,97360.43,98004.52,3158.25,308873484.59
2025-02-05 17:00:00,98004.52,98289.89,97375.7,97591.02,2744.51,268102322.89
2025-02-05 18:00:00,97591.02,97724.0,96525.51,96738.41,3762.73,365257997.86
2025-02-05 19:00:00,96738.41,97526.53,96499.83,97386.68,2657.43,257917080.65
2025-02-05 20:00:00,97386.68,97733.54,96896.49,97329.98,3087.08,300824058.63
2025-02-05 21:00:00,97329.98,97548.82,96809.02,96942.65,1828.25,177853766.69
2025-02-05 22:00:00,96942.65,97076.47,96292.54,96490.73,1980.61,191468387.0
2025-02-05 23:00:00,96490.73,96867.13,96175.47,96633.71,2151.52,207685437.01
2025-02-06 00:00:00,96633.71,97003.65,96459.74,96830.97,2195.33,212394416.3
2025-02-06 01:00:00,96830.97,97248.61,96649.76,97177.87,1548.35,150244390.45
2025-02-06 02:00:00,97177.87,97463.35,97110.69,97387.26,1088.51,105885386.68
2025-02-06 03:00:00,97387.26,97514.04,97097.18,97367.71,680.98,66260971.93
2025-02-06 04:00:00,97367.71,97862.75,97282.2,97641.17,612.13,59744748.62
2025-02-06 05:00:00,97641.17,97903.1,97622.52,97848.49,271.53,26544447.73
2025-02-06 06:00:00,97848.49,98464.09,97732.54,98394.3,790.56,77619770.77
2025-02-06 07:00:00,98394.3,98395.95,98045.81,98240.57,492.5,48376990.12
2025-02-06 08:00:00,98240.57,98350.92,97935.37,98174.51,412.17,40460629.33
2025-02-06 09:00:00,98174.51,98775.68,98163.93,98666.25,814.37,80278316.56
2025-02-06 10:00:00,98666.25,99098.26,98665.27,99064.68,706.33,69841069.46
2025-02-06 11:00:00,99064.68,99180.75,98444.81,98921.43,833.92,82429427.46
2025-02-06 12:00:00,98921.43,99093.8,98323.84,98375.29,1700.66,167725060.25
2025-02-06 13:00:00,98375.29,98816.37,98197.25,98651.78,1739.66,171347981.91
2025-02-06 14:00:00,98651.78,98943.68,97820.06,97870.81,4132.77,406328761.04
2025-02-06 15:00:00,97870.81,98094.78,96966.36,97351.8,5473.24,533556690.16
2025-02-06 16:00:00,97351.8,97581.41,96427.63,96609.99,3930.62,381291119.82
2025-02-06 17:00:00,96609.99,97207.48,96415.9,96739.84,2571.08,248752448.99
2025-02-06 18:00:00,96739.84,96868.34,95903.97,96341.91,4089.84,394115595.52
2025-02-06 19:00:00,96341.91,96934.21,95691.57,96004.99,2964.35,285249394.23
2025-02-06 20:00:00,96004.99,97102.08,95814.06,96933.12,2580.28,249009025.74
2025-02-06 21:00:00,96933.12,96952.98,96125.0,96815.89,2431.57,234986057.58
2025-02-06 22:00:00,96815.89,96947.33,96189.84,96947.33,1344.54,129717509.54
2025-02-06 23:00:00,96947.33,96965.64,96204.9,96564.27,1319.8,127465130.79
2025-02-07 00:00:00,96564.27,96939.3,96429.32,96524.26,1460.35,141196339.61
2025-02-07 01:00:00,96524.26,97838.91,96518.63,97420.36,1584.98,153905558.26
2025-02-07 02:00:00,97420.36,97645.41,97078.84,97586.84,1550.9,151091518.45
2025-02-07 03:00:00,97586.84,97780.97,97261.5,97469.79,873.06,85116228.25
2025-02-07 04:00:00,97469.79,97893.36,97407.17,97452.8,531.48,51906091.32
2025-02-07 05:00:00,97452.8,97555.71,97162.46,97369.11,259.47,25258755.1
2025-02-07 06:00:00,97369.11,97377.67,96615.61,96780.41,688.95,66769911.74
2025-02-07 07:00:00,96780.41,97236.58,96666.85,96762.49,473.6,45916880.19
2025-02-07 08:00:00,96762.49,97269.93,96632.77,97049.19,431.76,41867008.86
2025-02-07 09:00:00,97049.19,97412.43,97049.17,97315.38,321.13,31242816.91
2025-02-07 10:00:00,97315.38,97506.97,97274.53,97296.97,299.55,29170239.9
2025-02-07 11:00:00,97296.97,97785.16,97296.48,97778.94,485.03,47367647.4
2025-02-07 12:00:00,97778.94,98065.15,97543.52,97992.23,985.91,96458133.41
2025-02-07 13:00:00,97992.23,98888.81,97217.33,98862.74,4258.41,417631031.48
2025-02-07 14:00:00,98862.74,100202.29,98727.62,99790.03,6034.06,601431587.01
2025-02-07 15:00:00,99790.03,99790.03,97661.31,98339.7,8223.21,810657577.82
2025-02-07 16:00:00,98339.7,98618.82,97698.28,97872.1,4838.04,474452539.05
2025-02-07 17:00:00,97872.1,98213.31,97191.69,97456.16,4025.01,393024318.11
2025-02-07 18:00:00,97456.16,98394.11,97318.89,97766.13,2241.31,219511228.28
2025-02-07 19:00:00,97766.13,97864.02,96903.55,96910.06,2112.26,205579053.99
2025-02-07 20:00:00,96910.06,96949.05,95630.04,95769.2,5636.77,542088526.14
2025-02-07 21:00:00,95769.2,96174.87,95705.55,96017.37,2344.16,224828598.33
2025-02-07 22:00:00,96017.37,96120.03,95651.34,96080.83,1282.97,122916730.65
2025-02-07 23:00:00,96080.83,96548.5,95892.56,96532.73,996.75,95896902.17
2025-02-08 00:00:00,96532.73,96876.73,96375.88,96683.99,1119.75,108212930.88
2025-02-08 01:00:00,96683.99,96809.73,96414.51,96557.81,729.02,70473190.34
2025-02-08 02:00:00,96557.81,96836.06,96442.84,96781.1,656.93,63483380.11
2025-02-08 03:00:00,96781.1,96906.35,96560.69,96715.33,496.12,47999014.96
2025-02-08 04:00:00,96715.33,96716.43,96237.08,96312.2,357.87,34520578.36
2025-02-08 05:00:00,96312.2,96373.52,96072.38,96221.57,294.19,28309494.32
2025-02-08 06:00:00,96221.57,96228.18,95902.34,96002.74,257.18,24715331.98
2025-02-08 07:00:00,96002.74,96311.66,95791.62,96236.03,280.78,26965743.84
2025-02-08 08:00:00,96236.03,96300.78,95886.99,95899.47,209.41,20121411.56
2025-02-08 09:00:00,95899.47,96193.6,95899.46,96166.37,159.66,15342302.5
2025-02-08 10:00:00,96166.37,96289.06,96008.47,96054.03,231.96,22306820.07
2025-02-08 11:00:00,96054.03,96127.06,95856.33,96118.58,184.82,17742233.93
2025-02-08 12:00:00,96118.58,96257.77,95894.73,96055.89,550.43,52877587.41
2025-02-08 13:00:00,96055.89,96486.74,96010.09,96241.58,662.11,63722715.44
2025-02-08 14:00:00,96241.58,96369.35,95949.2,96093.08,664.37,63842640.83
2025-02-08 15:00:00,96093.08,96201.0,95685.31,95841.48,698.45,66972281.94
2025-02-08 16:00:00,95841.48,96128.95,95736.58,96121.7,663.38,63646705.25
2025-02-08 17:00:00,96121.7,96391.31,96112.26,96369.24,736.21,70871953.13
2025-02-08 18:00:00,96369.24,96534.22,96234.68,96522.86,655.68,63213130.7
2025-02-08 19:00:00,96522.86,96767.0,96409.23,96602.6,641.72,61992914.58
2025-02-08 20:00:00,96602.6,96648.38,96378.85,96477.09,627.27,60511113.23
2025-02-08 21:00:00,96477.09,96624.5,96374.25,96554.05,606.99,58568749.44
2025-02-08 22:00:00,96554.05,96718.88,96408.96,96501.58,509.78,49231394.94
2025-02-08 23:00:00,96501.58,96719.16,96456.62,96475.59,535.27,51710454.15
2025-02-09 00:00:00,96475.59,96620.63,96385.51,96601.7,599.12,57813915.31
2025-02-09 01:00:00,96601.7,97013.37,96517.9,97002.19,853.36,82572178.92
2025-02-09 02:00:00,97002.19,97060.96,96712.65,96759.98,590.59,57215034.24
2025-02-09 03:00:00,96759.98,97331.6,96722.45,97331.38,834.8,81017665.72
2025-02-09 04:00:00,97331.38,97340.86,96994.85,97250.3,316.11,30712588.17
2025-02-09 05:00:00,97250.3,97257.54,97029.83,97056.24,121.07,11758563.62
2025-02-09 06:00:00,97056.24,97090.58,96801.69,97028.69,230.96,22389350.74
2025-02-09 07:00:00,97028.69,97147.53,96957.23,97089.3,99.96,9703627.65
2025-02-09 08:00:00,97089.3,97309.03,97086.93,97107.63,151.11,14688455.33
2025-02-09 09:00:00,97107.63,97119.26,96926.91,96950.3,155.21,15054090.17
2025-02-09 10:00:00,96950.3,96953.11,96679.26,96798.6,269.81,26120579.81
2025-02-09 11:00:00,96798.6,97042.5,96579.6,96580.76,286.75,27756818.86
2025-02-09 12:00:00,96580.76,96730.54,96424.92,96554.53,584.09,56400774.81
2025-02-09 13:00:00,96554.53,96568.45,95840.05,95899.94,1099.35,105740703.35
2025-02-09 14:00:00,95899.94,96310.52,95737.9,96143.41,991.48,95252599.06
2025-02-09 15:00:00,96143.41,96677.35,96136.01,96512.09,846.72,81650992.27
2025-02-09 16:00:00,96512.09,96575.95,96346.63,96481.15,540.06,52097943.54
2025-02-09 17:00:00,96481.15,96593.36,95953.61,96194.38,765.99,73701460.67
2025-02-09 18:00:00,96194.38,96304.76,96013.36,96232.84,532.96,51236312.87
2025-02-09 19:00:00,96232.84,96294.03,95912.88,96087.36,602.78,57909053.61
2025-02-09 20:00:00,96087.36,96765.11,96072.92,96336.14,878.94,84742657.45
2025-02-09 21:00:00,96336.14,96356.45,94752.27,95210.48,3482.41,332001161.48
2025-02-09 22:00:00,95210.48,96464.09,94834.57,95857.34,2449.29,233857010.15
2025-02-09 23:00:00,95857.34,96596.03,95748.69,96485.6,1355.58,130292809.28
2025-02-10 00:00:00,96485.6,97148.24,96480.58,96749.73,1685.6,163277949.69
2025-02-10 01:00:00,96749.73,96848.12,95276.7,95598.45,1946.58,186758153.02
2025-02-10 02:00:00,95598.45,96094.39,95442.75,95813.56,1681.71,160954177.2
2025-02-10 03:00:00,95813.56,97102.01,95786.41,96819.29,1875.19,181215768.95
2025-02-10 04:00:00,96819.29,97179.6,96643.67,96945.82,573.37,55571990.61
2025-02-10 05:00:00,96945.82,97663.01,96791.66,97016.23,806.38,78387060.41
2025-02-10 06:00:00,97016.23,97229.39,96813.09,97173.89,624.32,60579585.47
2025-02-10 07:00:00,97173.89,97498.11,97118.23,97449.05,470.29,45768064.81
2025-02-10 08:00:00,97449.05,97909.11,97378.24,97699.04,868.19,84827185.79
2025-02-10 09:00:00,97699.04,97893.53,97485.71,97690.4,411.75,40218625.06
2025-02-10 10:00:00,97690.4,97983.32,97632.52,97748.11,618.68,60522953.29
2025-02-10 11:00:00,97748.11,97927.07,97644.56,97690.61,359.08,35115754.49
2025-02-10 12:00:00,97690.61,97814.97,97206.04,97380.2,809.44,78905602.39
2025-02-10 13:00:00,97380.2,98363.35,97380.2,98240.86,1382.87,135284328.72
2025-02-10 14:00:00,98240.86,98335.67,97114.22,97299.75,3080.76,300803922.68
2025-02-10 15:00:00,97299.75,97598.18,96893.98,97256.16,1990.54,193550556.79
2025-02-10 16:00:00,97256.16,97418.79,96890.57,97336.81,1615.59,156992953.69
2025-02-10 17:00:00,97336.81,97549.96,96904.75,97526.12,1569.06,152578010.27
2025-02-10 18:00:00,97526.12,97580.98,97210.8,97580.42,1387.11,135128570.42
2025-02-10 19:00:00,97580.42,97660.55,97276.58,97398.45,1075.26,104857518.33
2025-02-10 20:00:00,97398.45,97516.38,97253.93,97368.04,1638.35,159563517.36
2025-02-10 21:00:00,97368.04,97410.27,97156.2,97402.99,620.72,60394869.21
2025-02-10 22:00:00,97402.99,97504.53,97297.89,97416.16,420.58,40959394.75
2025-02-10 23:00:00,97416.16,97481.38,97261.27,97458.59,607.99,59194138.16
2025-02-11 00:00:00,97458.59,98158.69,97445.47,97806.63,1373.88,134396790.93
2025-02-11 01:00:00,97806.63,98121.14,97805.66,98018.41,809.29,79313779.71
2025-02-11 02:00:00,98018.41,98122.58,97489.6,97795.73,784.52,76706248.39
2025-02-11 03:00:00,97795.73,97800.27,97511.91,97641.01,436.11,42570109.88
2025-02-11 04:00:00,97641.01,98209.22,97582.86,98089.05,422.05,41326377.26
2025-02-11 05:00:00,98089.05,98499.44,98033.52,98439.5,681.81,67002226.06
2025-02-11 06:00:00,98439.5,98496.25,98158.43,98443.57,298.2,29321991.82
2025-02-11 07:00:00,98443.57,98478.72,98281.86,98286.23,354.97,34932288.46
2025-02-11 08:00:00,98286.23,98345.18,98128.7,98240.26,212.2,20844139.15
2025-02-11 09:00:00,98240.26,98323.13,97947.38,98024.65,255.55,25074724.68
2025-02-11 10:00:00,98024.65,98154.82,97913.18,97977.04,290.76,28501342.13
2025-02-11 11:00:00,97977.04,98245.13,97908.31,98163.55,188.76,18512489.14
2025-02-11 12:00:00,98163.55,98175.15,97688.0,97793.09,940.1,91994147.46
2025-02-11 13:00:00,97793.09,97875.14,96708.74,96813.98,1754.85,170738806.73
2025-02-11 14:00:00,96813.98,97329.16,96619.69,96974.52,2359.16,228742833.41
2025-02-11 15:00:00,96974.52,97281.82,96655.05,97022.56,1734.13,168179328.27
2025-02-11 16:00:00,97022.56,97053.8,96305.44,96359.68,2088.84,201811731.85
2025-02-11 17:00:00,96359.68,96386.11,95954.6,96153.95,2014.5,193766805.97
2025-02-11 18:00:00,96153.95,96154.52,95397.82,95454.31,2516.21,240937491.95
2025-02-11 19:00:00,95454.31,95653.33,94852.37,95041.72,2976.25,283120212.9
2025-02-11 20:00:00,95041.72,95428.61,94925.53,95284.25,2542.92,241984249.81
2025-02-11 21:00:00,95284.25,96437.47,95251.5,96376.19,1811.16,173528328.21
2025-02-11 22:00:00,96376.19,96498.89,95360.23,95563.07,1043.2,100142444.16
2025-02-11 23:00:00,95563.07,95966.14,95503.28,95781.05,1113.18,106587346.13
2025-02-12 00:00:00,95781.05,96112.06,95682.29,96053.28,930.82,89262965.62
2025-02-12 01:00:00,96053.28,96248.56,95805.62,96186.73,752.38,72233715.28
2025-02-12 02:00:00,96186.73,96205.59,95369.72,95554.0,978.55,93776036.42
2025-02-12 03:00:00,95554.0,95741.61,95070.6,95274.13,1244.99,118845179.18
2025-02-12 04:00:00,95274.13,95589.98,95236.49,95535.34,620.66,59227937.74
2025-02-12 05:00:00,95535.34,95904.5,95488.99,95876.48,366.66,35108803.58
2025-02-12 06:00:00,95876.48,95934.08,95674.05,95816.41,265.99,25491794.93
2025-02-12 07:00:00,95816.41,96164.48,95794.34,96062.33,274.28,26330163.89
2025-02-12 08:00:00,96062.33,96467.51,96046.27,96359.17,309.29,29768872.67
2025-02-12 09:00:00,96359.17,96371.95,96040.0,96133.88,323.04,31073886.22
2025-02-12 10:00:00,96133.88,96200.19,95913.84,95978.41,337.61,32445930.22
2025-02-12 11:00:00,95978.41,96374.23,95978.4,96103.96,363.61,34983618.17
2025-02-12 12:00:00,96103.96,96355.64,95949.3,95986.2,604.17,58111304.54
2025-02-12 13:00:00,95986.2,96618.45,94087.33,94975.56,7420.98,705134973.72
2025-02-12 14:00:00,94975.56,95697.91,94515.64,95651.52,4957.71,471660211.62
2025-02-12 15:00:00,95651.52,95994.3,94742.19,95821.17,4092.33,390610932.89
2025-02-12 16:00:00,95821.17,97116.62,95122.37,97006.56,2971.86,285341572.77
2025-02-12 17:00:00,97006.56,97717.29,96790.23,97378.55,3510.08,341262509.16
2025-02-12 18:00:00,97378.55,97464.38,96630.08,96930.31,1545.63,149839108.31
2025-02-12 19:00:00,96930.31,97289.91,96359.86,97207.55,1201.69,116332163.06
2025-02-12 20:00:00,97207.55,97658.45,96947.13,97037.98,2241.35,217985682.55
2025-02-12 21:00:00,97037.98,97925.96,96868.03,97664.01,1413.12,137740645.23
2025-02-12 22:00:00,97664.01,98127.45,97428.42,97818.57,1491.72,145966926.58
2025-02-12 23:00:00,97818.57,98033.69,97107.8,97874.61,1900.2,185445473.34
2025-02-13 00:00:00,97874.61,97874.69,97529.03,97817.26,636.2,62145653.26
2025-02-13 01:00:00,97817.26,98104.11,97753.07,97998.3,896.54,87767567.64
2025-02-13 02:00:00,97998.3,98000.63,97379.5,97480.72,547.77,53509961.75
2025-02-13 03:00:00,97480.72,97635.64,97466.55,97510.92,378.75,36943913.42
2025-02-13 04:00:00,97510.92,97566.53,96785.21,96941.73,414.31,40266816.79
2025-02-13 05:00:00,96941.73,96944.3,96532.74,96665.71,508.81,49211422.7
2025-02-13 06:00:00,96665.71,96750.73,95796.1,96045.6,1186.19,114168841.83
2025-02-13 07:00:00,96045.6,96227.98,95902.8,96069.65,433.9,41679138.82
2025-02-13 08:00:00,96069.65,96175.72,95720.01,95954.21,477.37,45817627.56
2025-02-13 09:00:00,95954.21,96307.04,95795.99,96266.25,337.35,32434223.71
2025-02-13 10:00:00,96266.25,96351.93,96130.34,96170.02,253.89,24433956.42
2025-02-13 11:00:00,96170.02,96290.27,95606.33,95946.39,503.5,48316203.0
2025-02-13 12:00:00,95946.39,96088.64,95727.62,95841.64,626.93,60129041.4
2025-02-13 13:00:00,95841.64,96313.28,95684.89,96093.41,1861.09,178706836.47
2025-02-13 14:00:00,96093.41,96115.57,95340.42,95871.4,2248.23,215396596.44
2025-02-13 15:00:00,95871.4,96480.77,95551.85,95999.24,2145.05,205968021.87
2025-02-13 16:00:00,95999.24,96015.68,95225.08,95351.84,1930.86,184510780.32
2025-02-13 17:00:00,95351.84,96012.5,95307.13,95699.44,1162.79,111269929.12
2025-02-13 18:00:00,95699.44,95999.52,95355.98,95984.65,1588.05,151922714.16
2025-02-13 19:00:00,95984.65,96388.85,95587.93,95636.88,1298.23,124598548.55
2025-02-13 20:00:00,95636.88,96309.93,95611.63,96292.24,1516.75,145753696.46
2025-02-13 21:00:00,96292.24,96781.78,96277.59,96497.29,1125.96,108687931.37
2025-02-13 22:00:00,96497.29,96613.81,96281.38,96424.63,432.92,41762892.22
2025-02-13 23:00:00,96424.63,96652.54,96334.92,96632.78,735.31,70942270.47
2025-02-14 00:00:00,96632.78,96992.69,96560.12,96770.36,726.35,70259599.93
2025-02-14 01:00:00,96770.36,96908.46,96393.94,96556.32,607.28,58695101.9
2025-02-14 02:00:00,96556.32,96842.09,96465.78,96564.56,515.78,49881560.97
2025-02-14 03:00:00,96564.56,97208.07,96561.21,97159.91,556.95,53947184.51
2025-02-14 04:00:00,97159.91,97247.78,96777.51,96781.88,304.59,29531015.09
2025-02-14 05:00:00,96781.88,96923.76,96585.85,96701.4,205.68,19904629.93
2025-02-14 06:00:00,96701.4,96877.57,96641.2,96847.76,227.65,22031427.77
2025-02-14 07:00:00,96847.76,97093.36,96834.28,96968.46,433.75,42080971.66
2025-02-14 08:00:00,96968.46,97043.9,96814.1,96901.92,194.1,18813527.82
2025-02-14 09:00:00,96901.92,97173.02,96868.86,97123.65,246.22,23897870.08
2025-02-14 10:00:00,97123.65,97207.21,96994.65,97042.58,246.34,23917754.38
2025-02-14 11:00:00,97042.58,97154.95,96811.92,96899.28,223.96,21716811.7
2025-02-14 12:00:00,96899.28,96899.33,96530.81,96663.21,397.32,38422284.11
2025-02-14 13:00:00,96663.21,96978.86,96473.08,96812.12,543.37,52563475.19
2025-02-14 14:00:00,96812.12,97586.1,96583.53,97300.06,1504.3,146151494.71
2025-02-14 15:00:00,97300.06,97415.69,96282.72,96943.53,1915.47,185290475.2
2025-02-14 16:00:00,96943.53,97713.9,96515.22,97666.91,1212.21,117561778.41
2025-02-14 17:00:00,97666.91,98869.28,97148.89,98569.88,3046.41,298713219.23
2025-02-14 18:00:00,98569.88,98777.03,98222.54,98236.21,2414.28,237834089.06
2025-02-14 19:00:00,98236.21,98475.08,97713.8,97986.26,1202.99,118068050.57
2025-02-14 20:00:00,97986.26,98296.62,97046.41,97222.17,1546.93,151239309.14
2025-02-14 21:00:00,97222.17,97526.92,96735.89,97498.01,1099.15,106763633.17
2025-02-14 22:00:00,97498.01,97573.17,96960.55,97153.77,437.39,42564813.98
2025-02-14 23:00:00,97153.77,97526.96,97031.95,97508.71,378.72,36854739.07
2025-02-15 00:00:00,97508.71,97528.01,97245.24,97478.24,769.32,74943195.97
2025-02-15 01:00:00,97478.24,97845.5,97457.36,97811.55,359.53,35117886.83
2025-02-15 02:00:00,97811.55,97930.19,97641.85,97851.96,354.72,34698963.88
2025-02-15 03:00:00,97851.96,97979.54,97663.66,97684.97,170.23,16648878.66
2025-02-15 04:00:00,97684.97,97801.15,97510.27,97544.19,140.25,13695709.26
2025-02-15 05:00:00,97544.19,97652.99,97475.11,97620.15,75.43,7360451.41
2025-02-15 06:00:00,97620.15,97681.04,97455.36,97502.76,102.29,9980202.0
2025-02-15 07:00:00,97502.76,97538.99,97371.37,97375.97,75.98,7402607.48
2025-02-15 08:00:00,97375.97,97563.04,97329.9,97526.77,102.98,10037586.05
2025-02-15 09:00:00,97526.77,97614.63,97455.46,97566.82,85.11,8302677.18
2025-02-15 10:00:00,97566.82,97749.57,97466.66,97673.98,123.86,12090636.21
2025-02-15 11:00:00,97673.98,97693.84,97495.94,97627.94,161.32,15743913.92
2025-02-15 12:00:00,97627.94,97839.39,97550.61,97765.69,305.14,29808963.17
2025-02-15 13:00:00,97765.69,97944.8,97685.17,97733.75,352.77,34492651.77
2025-02-15 14:00:00,97733.75,97776.35,97444.33,97615.43,460.42,44951310.91
2025-02-15 15:00:00,97615.43,97721.14,97563.7,97641.04,214.12,20909279.81
2025-02-15 16:00:00,97641.04,97718.79,97481.74,97545.28,236.2,23052868.74
2025-02-15 17:00:00,97545.28,97588.48,97336.51,97420.46,257.23,25066667.07
2025-02-15 18:00:00,97420.46,97597.72,97383.13,97557.66,255.89,24944117.39
2025-02-15 19:00:00,97557.66,97666.52,97529.56,97547.46,139.22,13588354.22
2025-02-15 20:00:00,97547.46,97656.39,97428.93,97540.55,181.39,17692193.77
2025-02-15 21:00:00,97540.55,97704.99,97537.53,97694.96,208.98,20403229.25
2025-02-15 22:00:00,97694.96,97752.58,97455.08,97541.26,182.19,17774910.84
2025-02-15 23:00:00,97541.26,97655.21,97446.5,97596.21,516.91,50413336.27
2025-02-16 00:00:00,97596.21,97728.27,97583.41,97609.76,225.85,22057470.51
2025-02-16 01:00:00,97609.76,97680.45,97556.74,97663.05,149.44,14586805.7
2025-02-16 02:00:00,97663.05,97672.43,97494.66,97539.79,356.08,34752495.47
2025-02-16 03:00:00,97539.79,97559.34,97447.15,97553.06,340.6,33207702.36
2025-02-16 04:00:00,97553.06,97595.86,97483.6,97534.12,145.61,14201171.94
2025-02-16 05:00:00,97534.12,97677.91,97486.04,97613.4,104.54,10197896.84
2025-02-16 06:00:00,97613.4,97627.19,97463.65,97497.21,91.17,8893928.79
2025-02-16 07:00:00,97497.21,97497.23,97222.69,97255.28,103.2,10048001.31
2025-02-16 08:00:00,97255.28,97340.6,97145.15,97173.63,97.46,9477017.57
2025-02-16 09:00:00,97173.63,97371.67,97080.59,97368.21,134.35,13058306.06
2025-02-16 10:00:00,97368.21,97395.54,97196.44,97201.22,92.23,8972292.04
2025-02-16 11:00:00,97201.22,97343.71,97180.9,97336.38,62.56,6083644.78
2025-02-16 12:00:00,97336.38,97346.07,97112.61,97139.46,124.1,12063970.8
2025-02-16 13:00:00,97139.46,97223.47,96805.22,96850.84,399.02,38707445.14
2025-02-16 14:00:00,96850.84,97042.1,96681.62,96983.16,559.08,54141016.87
2025-02-16 15:00:00,96983.16,97103.97,96926.53,96927.94,227.44,22065095.03
2025-02-16 16:00:00,96927.94,97132.3,96895.28,97064.39,153.91,14932251.39
2025-02-16 17:00:00,97064.39,97179.71,96943.99,96987.26,230.83,22400304.54
2025-02-16 18:00:00,96987.26,97006.11,96671.84,96899.93,420.89,40765951.88
2025-02-16 19:00:00,96899.93,97126.8,96785.16,97077.38,238.8,23152680.12
2025-02-16 20:00:00,97077.38,97172.02,96889.63,96925.4,176.86,17157474.31
2025-02-16 21:00:00,96925.4,97283.09,96875.96,97180.66,290.33,28178711.99
2025-02-16 22:00:00,97180.66,97199.57,96593.78,96877.48,289.02,28003795.27
2025-02-16 23:00:00,96877.48,96898.37,96069.15,96132.69,1619.4,156040838.76
2025-02-17 00:00:00,96132.69,96445.39,96056.02,96322.53,665.68,64102158.12
2025-02-17 01:00:00,96322.53,96547.51,96092.2,96521.93,538.34,51853035.13
2025-02-17 02:00:00,96521.93,96636.74,96182.46,96239.62,337.51,32538107.85
2025-02-17 03:00:00,96239.62,96290.71,96076.95,96228.34,329.18,31665193.91
2025-02-17 04:00:00,96228.34,96264.05,96027.84,96051.83,204.52,19664809.01
2025-02-17 05:00:00,96051.83,96337.8,95824.84,96256.33,484.52,46549957.45
2025-02-17 06:00:00,96256.33,96462.78,96228.03,96394.16,187.42,18064969.9
2025-02-17 07:00:00,96394.16,96476.87,95918.23,96088.89,257.62,24768001.73
2025-02-17 08:00:00,96088.89,96301.83,95961.59,96161.42,220.96,21239780.6
2025-02-17 09:00:00,96161.42,96331.75,96107.16,96180.57,153.42,14761189.1
2025-02-17 10:00:00,96180.57,96411.52,96069.72,96122.36,232.83,22407125.29
2025-02-17 11:00:00,96122.36,96310.59,96004.15,96077.86,290.78,27946861.08
2025-02-17 12:00:00,96077.86,96519.15,96071.16,96468.98,448.34,43179213.16
2025-02-17 13:00:00,96468.98,96495.62,96277.31,96420.54,350.46,33773896.14
2025-02-17 14:00:00,96420.54,97046.2,96411.11,96815.47,1099.85,106413968.64
2025-02-17 15:00:00,96815.47,96903.73,95586.63,95681.86,1554.41,149426864.68
2025-02-17 16:00:00,95681.86,95954.26,95329.73,95352.73,1688.83,161420411.06
2025-02-17 17:00:00,95352.73,95737.41,95288.65,95495.72,1106.06,105629430.24
2025-02-17 18:00:00,95495.72,95785.11,95266.66,95345.0,1012.05,96602949.2
2025-02-17 19:00:00,95345.0,95607.3,95226.61,95547.29,856.13,81664358.07
2025-02-17 20:00:00,95547.29,96283.82,95512.31,95991.55,863.67,82839496.09
2025-02-17 21:00:00,95991.55,96433.5,95939.87,96420.75,746.31,71759775.38
2025-02-17 22:00:00,96420.75,96431.4,95870.56,95900.64,330.13,31730818.19
2025-02-17 23:00:00,95900.64,96023.85,95719.22,95790.31,606.28,58126180.66
2025-02-18 00:00:00,95790.31,96057.24,95558.92,95634.19,667.61,63919373.31
2025-02-18 01:00:00,95634.19,96292.57,95619.69,96270.12,608.61,58442732.59
2025-02-18 02:00:00,96270.12,96316.92,96025.04,96067.86,337.25,32435088.89
2025-02-18 03:00:00,96067.86,96291.61,96007.34,96202.33,345.93,33282506.12
2025-02-18 04:00:00,96202.33,96299.58,95966.44,96069.29,204.43,19663771.85
2025-02-18 05:00:00,96069.29,96103.26,95562.26,95607.97,356.19,34125645.71
2025-02-18 06:00:00,95607.97,95644.1,95265.05,95368.92,680.46,64942234.85
2025-02-18 07:00:00,95368.92,95696.77,95301.34,95452.9,374.96,35805174.46
2025-02-18 08:00:00,95452.9,95567.81,95104.15,95233.46,531.88,50697699.4
2025-02-18 09:00:00,95233.46,95774.48,95154.15,95766.58,356.31,34043640.14
2025-02-18 10:00:00,95766.58,95866.09,95628.44,95736.4,199.63,19117996.45
2025-02-18 11:00:00,95736.4,95768.61,95555.08,95625.77,201.17,19245126.76
2025-02-18 12:00:00,95625.77,96263.59,95597.06,96183.56,586.12,56271799.37
2025-02-18 13:00:00,96183.56,96448.89,96108.84,96223.34,647.3,62318204.4
2025-02-18 14:00:00,96223.34,96736.69,95408.57,95511.9,2311.56,222013515.85
2025-02-18 15:00:00,95511.9,95702.7,95185.18,95534.35,1967.78,187850057.83
2025-02-18 16:00:00,95534.35,95620.8,94591.07,94616.71,2239.13,212740414.69
2025-02-18 17:00:00,94616.71,94854.38,94080.07,94080.07,2420.51,228551483.33
2025-02-18 18:00:00,94080.07,94306.67,93566.32,93901.11,3337.1,313388710.26
2025-02-18 19:00:00,93901.11,94363.48,93361.47,94061.81,2264.1,212230451.57
2025-02-18 20:00:00,94061.81,94432.09,93706.64,94175.61,1972.7,185558250.6
2025-02-18 21:00:00,94175.61,95300.53,94098.69,95016.67,2496.62,236889367.43
2025-02-18 22:00:00,95016.67,95476.49,94844.9,95270.75,544.1,51796770.37
2025-02-18 23:00:00,95270.75,95637.71,95230.34,95630.67,708.08,67572509.71
2025-02-19 00:00:00,95630.67,95796.45,95259.96,95305.14,814.14,77777637.93
2025-02-19 01:00:00,95305.14,95440.34,95032.61,95438.43,663.57,63155011.74
2025-02-19 02:00:00,95438.43,95927.52,95424.6,95802.13,549.6,52558831.13
2025-02-19 03:00:00,95802.13,95810.74,95550.94,95692.53,376.53,36038874.26
2025-02-19 04:00:00,95692.53,95748.76,95221.8,95221.8,412.76,39423682.73
2025-02-19 05:00:00,95221.8,95323.57,95034.97,95268.73,345.0,32843953.1
2025-02-19 06:00:00,95268.73,95648.08,95228.05,95603.34,293.83,28036648.86
2025-02-19 07:00:00,95603.34,95833.28,95580.66,95679.44,311.89,29850936.97
2025-02-19 08:00:00,95679.44,95852.82,95619.83,95628.53,255.29,24445698.43
2025-02-19 09:00:00,95628.53,96003.1,95620.37,95929.17,334.28,32031239.25
2025-02-19 10:00:00,95929.17,96455.69,95928.78,96320.79,767.45,73896754.88
2025-02-19 11:00:00,96320.79,96420.62,96218.02,96415.42,280.09,26974302.74
2025-02-19 12:00:00,96415.42,96493.12,96163.39,96167.24,479.33,46184022.85
2025-02-19 13:00:00,96167.24,96489.26,96167.21,96294.05,540.93,52103618.56
2025-02-19 14:00:00,96294.05,96710.14,95688.47,95760.81,1571.67,151241008.92
2025-02-19 15:00:00,95760.81,96393.44,95528.88,95933.74,1517.85,145686712.3
2025-02-19 16:00:00,95933.74,96370.4,95932.97,96304.9,815.14,78401377.93
2025-02-19 17:00:00,96304.9,96489.42,96131.1,96398.92,783.22,75447720.51
2025-02-19 18:00:00,96398.92,96418.42,95629.45,95666.04,1187.85,113956018.37
2025-02-19 19:00:00,95666.04,96223.81,95416.06,96199.11,1399.63,134219336.57
2025-02-19 20:00:00,96199.11,96478.98,96099.84,96172.32,1778.1,171289636.71
2025-02-19 21:00:00,96172.32,96471.69,96058.69,96318.08,511.01,49207388.04
2025-02-19 22:00:00,96318.08,96604.16,96311.55,96538.51,371.08,35795866.22
2025-02-19 23:00:00,96538.51,96885.35,96532.21,96640.99,688.28,66558413.48
2025-02-20 00:00:00,96640.99,96861.61,96430.11,96860.57,520.13,50247131.85
2025-02-20 01:00:00,96860.57,97001.47,96652.02,96777.78,544.79,52722381.6
2025-02-20 02:00:00,96777.78,97284.7,96763.82,97150.6,771.26,74786679.71
2025-02-20 03:00:00,97150.6,97373.22,96993.88,97079.04,590.18,57339952.41
2025-02-20 04:00:00,97079.04,97355.44,97063.49,97231.44,466.5,45346863.91
2025-02-20 05:00:00,97231.44,97233.88,96861.62,96931.48,663.34,64388790.19
2025-02-20 06:00:00,96931.48,96999.7,96802.49,96923.8,393.88,38170786.16
2025-02-20 07:00:00,96923.8,97107.36,96825.25,96889.89,397.5,38545062.19
2025-02-20 08:00:00,96889.89,97220.99,96815.12,97176.42,328.4,31849565.06
2025-02-20 09:00:00,97176.42,97287.13,97165.35,97206.59,374.46,36408130.44
2025-02-20 10:00:00,97206.59,97385.09,97112.44,97385.09,473.39,46035672.37
2025-02-20 11:00:00,97385.09,97399.19,97176.28,97223.63,352.43,34289050.66
2025-02-20 12:00:00,97223.63,97559.54,97221.66,97443.8,569.12,55455268.7
2025-02-20 13:00:00,97443.8,97584.26,97298.48,97571.44,675.29,65804638.04
2025-02-20 14:00:00,97571.44,98076.07,96897.15,96987.58,2711.56,264782355.23
2025-02-20 15:00:00,96987.58,97327.48,96826.66,96917.03,2013.62,195499573.92
2025-02-20 16:00:00,96917.03,97988.72,96897.12,97562.5,1698.3,165664654.25
2025-02-20 17:00:00,97562.5,98036.49,97551.2,97990.72,1271.7,124480448.44
2025-02-20 18:00:00,97990.72,98469.97,97980.83,98334.6,1532.48,150595385.19
2025-02-20 19:00:00,98334.6,98556.05,98271.9,98455.98,1136.23,111838524.98
2025-02-20 20:00:00,98455.98,98763.14,98350.72,98508.19,1636.03,161279343.2
2025-02-20 21:00:00,98508.19,98553.98,98048.2,98128.46,706.26,69411681.47
2025-02-20 22:00:00,98128.46,98415.01,98107.22,98166.16,485.53,47696724.86
2025-02-20 23:00:00,98166.16,98545.07,98150.17,98345.66,756.09,74385709.87
2025-02-21 00:00:00,98345.66,98540.89,98119.71,98268.93,618.71,60840421.5
2025-02-21 01:00:00,98268.93,98396.47,98143.65,98352.66,478.8,47042501.5
2025-02-21 02:00:00,98352.66,98414.52,98141.57,98150.21,425.21,41801212.34
2025-02-21 03:00:00,98150.21,98322.41,98123.31,98176.22,410.43,40306609.22
2025-02-21 04:00:00,98176.22,98314.99,98156.81,98238.01,364.98,35862219.77
2025-02-21 05:00:00,98238.01,98427.83,98200.33,98372.67,365.74,35964340.15
2025-02-21 06:00:00,98372.67,98454.13,98333.37,98428.57,323.31,31818236.96
2025-02-21 07:00:00,98428.57,98630.5,98210.76,98217.98,496.63,48864058.64
2025-02-21 08:00:00,98217.98,98292.83,98159.49,98247.0,257.27,25274082.47
2025-02-21 09:00:00,98247.0,98933.18,98143.64,98379.03,963.31,94967389.76
2025-02-21 10:00:00,98379.03,98695.9,98273.5,98643.76,433.77,42725059.84
2025-02-21 11:00:00,98643.76,98841.23,98514.83,98663.52,473.45,46725945.28
2025-02-21 12:00:00,98663.52,98985.42,98564.03,98936.77,701.24,69286842.88
2025-02-21 13:00:00,98936.77,99519.21,98833.36,99384.32,2278.37,226232422.34
2025-02-21 14:00:00,99384.32,99411.0,98385.22,98814.96,2669.47,263955555.97
2025-02-21 15:00:00,98814.96,99359.94,97185.46,98127.48,5568.96,546254359.6
2025-02-21 16:00:00,98127.48,98769.99,97767.77,98231.98,3298.12,324306037.45
2025-02-21 17:00:00,98231.98,98454.41,96825.66,96967.51,3112.03,303222461.06
2025-02-21 18:00:00,96967.51,97231.34,96507.87,96523.45,3133.36,303592786.82
2025-02-21 19:00:00,96523.45,96810.52,95188.7,95241.65,4284.57,410667541.36
2025-02-21 20:00:00,95241.65,95615.66,94775.25,94957.56,4804.02,457299619.26
2025-02-21 21:00:00,94957.56,95396.37,94919.79,95313.23,2385.98,227007088.68
2025-02-21 22:00:00,95313.23,95859.62,95175.1,95788.64,1284.14,122704552.75
2025-02-21 23:00:00,95788.64,96196.83,95615.6,96150.27,1273.0,122183772.11
2025-02-22 00:00:00,96150.27,96206.28,95771.79,96185.35,1403.01,134713305.06
2025-02-22 01:00:00,96185.35,96457.56,96120.0,96233.79,754.65,72657080.03
2025-02-22 02:00:00,96233.79,96461.2,96111.39,96347.48,535.06,51519651.02
2025-02-22 03:00:00,96347.48,96377.22,96171.14,96303.34,400.58,38567968.59
2025-02-22 04:00:00,96303.34,96486.12,96287.99,96406.69,378.62,36498975.83
2025-02-22 05:00:00,96406.69,96531.17,96323.99,96513.94,309.98,29902057.44
2025-02-22 06:00:00,96513.94,96574.64,96338.8,96400.5,329.85,31816148.37
2025-02-22 07:00:00,96400.5,96518.27,96295.17,96296.24,323.27,31175628.91
2025-02-22 08:00:00,96296.24,96345.56,96138.94,96201.37,406.17,39091757.01
2025-02-22 09:00:00,96201.37,96511.2,96151.64,96485.52,396.93,38255913.34
2025-02-22 10:00:00,96485.52,96573.85,96424.52,96486.43,404.47,39033236.63
2025-02-22 11:00:00,96486.43,96619.29,96481.78,96576.77,290.56,28053949.36
2025-02-22 12:00:00,96576.77,96973.86,96563.74,96823.86,612.31,59243651.86
2025-02-22 13:00:00,96823.86,96893.27,96524.91,96552.43,571.6,55299529.32
2025-02-22 14:00:00,96552.43,96710.96,96533.11,96537.7,451.54,43627098.1
2025-02-22 15:00:00,96537.7,96713.71,96497.12,96605.51,507.04,48981915.21
2025-02-22 16:00:00,96605.51,96811.12,96463.63,96514.97,699.82,67667501.19
2025-02-22 17:00:00,96514.97,96689.06,96483.43,96632.75,474.33,45822914.39
2025-02-22 18:00:00,96632.75,96821.36,96414.72,96455.54,510.11,49306690.27
2025-02-22 19:00:00,96455.54,96673.44,96364.69,96646.1,388.58,37519306.68
2025-02-22 20:00:00,96646.1,96662.45,96525.15,96585.21,401.6,38792214.79
2025-02-22 21:00:00,96585.21,96701.87,96529.96,96689.0,373.86,36112854.73
2025-02-22 22:00:00,96689.0,96733.41,96607.56,96655.03,355.59,34375131.7
2025-02-22 23:00:00,96655.03,96692.83,96513.48,96580.46,394.23,38086226.36
2025-02-23 00:00:00,96580.46,96674.04,96509.2,96670.45,411.49,39740521.73
2025-02-23 01:00:00,96670.45,96670.52,96392.08,96475.81,375.12,36207797.65
2025-02-23 02:00:00,96475.81,96532.55,96415.26,96436.57,333.37,32160476.82
2025-02-23 03:00:00,96436.57,96595.85,96416.61,96447.28,379.04,36585586.66
2025-02-23 04:00:00,96447.28,96547.19,96407.97,96410.37,354.21,34168858.62
2025-02-23 05:00:00,96410.37,96438.05,96221.86,96222.87,413.37,39820987.67
2025-02-23 06:00:00,96222.87,96378.86,96163.23,96368.27,364.57,35104924.25
2025-02-23 07:00:00,96368.27,96599.03,96321.96,96540.06,369.41,35637810.48
2025-02-23 08:00:00,96540.06,96540.06,96323.78,96385.31,89.2,8599219.81
2025-02-23 09:00:00,96385.31,96490.32,96275.28,96305.96,103.0,9925951.65
2025-02-23 10:00:00,96305.96,96317.48,96085.72,96187.79,212.93,20482793.16
2025-02-23 11:00:00,96211.86,96512.88,95640.67,96111.99,7455.43,716556206.2
2025-02-23 12:00:00,96121.24,96161.93,95676.68,95741.47,306.69,29404136.45
2025-02-23 13:00:00,95741.47,95978.65,95734.56,95974.78,310.58,29774837.25
2025-02-23 14:00:00,95974.78,96040.52,95556.46,95600.42,339.09,32496019.51
2025-02-23 15:00:00,95600.42,95738.45,95437.53,95456.7,370.92,35458863.23
2025-02-23 16:00:00,95456.7,95633.98,95429.47,95440.06,296.98,28373113.77
2025-02-23 17:00:00,95440.06,95762.94,95255.75,95668.27,547.22,52222814.18
2025-02-23 18:00:00,95668.27,95886.87,95634.3,95754.9,276.58,26491281.57
2025-02-23 19:00:00,95754.9,95866.15,95727.79,95774.19,149.92,14361920.34
2025-02-23 20:00:00,95774.19,95830.7,95691.19,95795.32,106.51,10199866.8
2025-02-23 21:00:00,95795.32,95796.87,95657.5,95775.81,161.43,15454512.2
2025-02-23 22:00:00,95775.81,95951.53,95541.79,95808.12,213.03,20391269.71
2025-02-23 23:00:00,95808.12,96332.22,95788.98,96274.12,919.31,88313478.96
2025-02-24 00:00:00,96274.12,96514.26,96172.51,96263.74,600.15,57841853.56
2025-02-24 01:00:00,96263.74,96356.56,95787.57,95992.13,579.25,55640854.2
2025-02-24 02:00:00,95992.13,96201.0,95769.47,95833.4,509.1,48866212.09
2025-02-24 03:00:00,95833.4,95834.36,95342.25,95445.71,691.5,66124813.02
2025-02-24 04:00:00,95445.71,95592.42,95086.6,95303.95,810.28,77259742.63
2025-02-24 05:00:00,95303.95,95772.94,95254.58,95741.2,296.79,28355134.65
2025-02-24 06:00:00,95741.2,95909.63,95640.09,95878.88,284.15,27217310.16
2025-02-24 07:00:00,95878.88,95973.42,95728.23,95897.15,290.04,27804416.72
2025-02-24 08:00:00,95897.15,95944.67,95402.59,95532.03,417.21,39887663.36
2025-02-24 09:00:00,95532.03,96179.76,95526.97,95799.98,386.14,37019057.05
2025-02-24 10:00:00,95799.98,95948.51,95391.73,95654.75,325.37,31114503.94
2025-02-24 11:00:00,95654.75,95879.41,95434.16,95848.21,280.62,26839773.52
2025-02-24 12:00:00,95848.21,95968.07,95714.01,95808.77,331.34,31753280.05
2025-02-24 13:00:00,95808.77,96097.99,95366.18,95599.08,1002.69,95997534.8
2025-02-24 14:00:00,95599.08,95805.11,94572.54,94674.98,2397.25,228220927.49
2025-02-24 15:00:00,94674.98,94954.12,93823.66,94315.82,3929.36,370738272.76
2025-02-24 16:00:00,94315.82,94981.77,94150.68,94407.81,1837.08,173725322.7
2025-02-24 17:00:00,94407.81,95200.01,94311.65,94654.18,1664.57,157852359.61
2025-02-24 18:00:00,94654.18,94854.98,94137.58,94174.66,1098.52,103819571.5
2025-02-24 19:00:00,94174.66,94559.17,93678.49,93943.22,1858.92,174949296.51
2025-02-24 20:00:00,93943.22,94554.14,93791.93,93990.9,3685.7,347398708.9
2025-02-24 21:00:00,93990.9,94318.11,93594.29,93963.74,1429.19,134317751.56
2025-02-24 22:00:00,93963.74,93978.94,92394.75,92444.5,2977.77,277480728.67
2025-02-24 23:00:00,92444.5,92862.67,91349.77,91536.97,3533.16,325197493.57
2025-02-25 00:00:00,91536.97,92161.83,90933.98,91855.99,3607.27,330586004.04
2025-02-25 01:00:00,91855.99,92415.72,91183.04,92035.76,2562.61,235473970.78
2025-02-25 02:00:00,92035.76,92507.71,91601.98,92375.02,1590.75,146447355.41
2025-02-25 03:00:00,92375.02,92540.35,91954.38,92172.97,1006.53,92827903.1
2025-02-25 04:00:00,92172.97,92326.56,91850.73,91926.66,784.84,72265702.77
2025-02-25 05:00:00,91926.66,92109.9,91732.99,92061.38,529.92,48734434.42
2025-02-25 06:00:00,92061.38,92123.67,91224.04,91274.52,719.85,65950087.62
2025-02-25 07:00:00,91274.52,91422.32,88369.44,89353.43,7371.45,662178866.46
2025-02-25 08:00:00,89353.43,90016.35,89045.25,89404.27,1633.96,146587603.81
2025-02-25 09:00:00,89404.27,89595.55,88279.87,88293.88,1726.42,153504080.62
2025-02-25 10:00:00,88293.88,88865.82,86860.62,88185.09,4054.38,356001967.29
2025-02-25 11:00:00,88185.09,89332.92,87606.5,89234.37,1773.89,156790306.04
2025-02-25 12:00:00,89234.37,89528.12,88920.09,89401.0,2122.56,189269573.2
2025-02-25 13:00:00,89401.0,89519.88,88745.51,88819.05,1592.77,141911091.11
2025-02-25 14:00:00,88819.05,89339.4,87023.43,87109.61,4803.84,423472239.06
2025-02-25 15:00:00,87109.61,87679.71,85944.14,87147.51,8152.95,707386819.0
2025-02-25 16:00:00,87147.51,87690.57,86103.61,87391.22,5674.09,492712257.91
2025-02-25 17:00:00,87391.22,87730.97,86759.79,87162.52,4661.58,406678215.99
2025-02-25 18:00:00,87162.52,87692.37,86830.96,86984.23,3484.56,303725237.5
2025-02-25 19:00:00,86984.23,87967.94,86419.23,87845.94,3916.95,341040859.86
2025-02-25 20:00:00,87845.94,88954.88,87538.11,88093.38,7005.18,618010398.66
2025-02-25 21:00:00,88093.38,88733.88,87689.09,88723.16,1708.98,150739576.16
2025-02-25 22:00:00,88723.16,89394.9,88456.39,88761.23,1610.39,143148445.73
2025-02-25 23:00:00,88761.23,89078.22,88607.0,88609.26,990.02,87971682.31
2025-02-26 00:00:00,88609.26,88617.98,88065.4,88069.4,1019.96,90046011.45
2025-02-26 01:00:00,88069.4,88745.05,88066.92,88610.79,905.16,79945251.93
2025-02-26 02:00:00,88610.79,89105.47,88344.45,88920.93,937.45,83144665.98
2025-02-26 03:00:00,88920.93,89320.19,88816.15,88816.39,976.93,87011009.96
2025-02-26 04:00:00,88816.39,89152.3,88610.32,88622.07,526.08,46765157.31
2025-02-26 05:00:00,88622.07,88800.54,88336.84,88348.7,464.82,41206872.25
2025-02-26 06:00:00,88348.7,88853.44,88348.04,88844.79,372.29,33002919.08
2025-02-26 07:00:00,88844.79,89097.97,88375.34,88655.23,675.76,59965983.66
2025-02-26 08:00:00,88655.23,88723.14,88082.81,88432.79,614.96,54332608.4
2025-02-26 09:00:00,88432.79,89231.96,88402.34,89065.31,638.81,56779207.97
2025-02-26 10:00:00,89065.31,89251.02,88826.71,89200.97,371.2,33053342.04
2025-02-26 11:00:00,89200.97,89209.01,88525.71,88560.5,520.28,46220285.76
2025-02-26 12:00:00,88560.5,88624.86,87551.59,87882.4,1557.03,137281659.54
2025-02-26 13:00:00,87882.4,88017.6,86979.62,87105.93,2005.48,175645052.89
2025-02-26 14:00:00,87105.93,87618.79,85397.67,87532.93,6540.77,565356697.16
2025-02-26 15:00:00,87532.93,88443.93,87322.84,87462.81,3789.81,332813753.15
2025-02-26 16:00:00,87462.81,87707.96,86196.02,86715.99,3352.34,291248595.73
2025-02-26 17:00:00,86715.99,87203.05,85606.44,85964.6,2684.13,232285017.22
2025-02-26 18:00:00,85964.6,86410.64,83478.28,84203.28,9906.15,839258637.25
2025-02-26 19:00:00,84203.28,84984.54,83683.41,83786.06,4587.96,386564190.16
2025-02-26 20:00:00,83786.06,84530.95,82199.13,84296.57,8105.55,676397650.18
2025-02-26 21:00:00,84296.57,85044.07,83389.09,84506.33,4781.44,402497665.78
2025-02-26 22:00:00,84506.33,85295.79,84071.86,84329.26,2109.94,178643986.29
2025-02-26 23:00:00,84329.26,84676.56,83818.01,84128.38,1667.08,140271442.91
2025-02-27 00:00:00,84128.38,84688.98,83956.75,84633.86,2049.4,172875960.78
2025-02-27 01:00:00,84633.86,85334.47,84235.13,84667.95,1738.58,147444244.58
2025-02-27 02:00:00,84667.95,85105.32,84163.84,84232.2,2102.56,177795627.34
2025-02-27 03:00:00,84232.2,85266.88,84222.5,85158.27,1314.71,111396901.27
2025-02-27 04:00:00,85158.27,85275.6,84625.72,85085.6,824.41,69999053.87
2025-02-27 05:00:00,85085.6,85880.68,84995.07,85823.78,1031.79,88173570.55
2025-02-27 06:00:00,85823.78,86654.23,85655.22,86206.07,1018.67,87708006.71
2025-02-27 07:00:00,86206.07,86521.84,86047.18,86226.69,727.81,62816103.24
2025-02-27 08:00:00,86226.69,86371.26,85850.01,86014.42,662.09,56983555.34
2025-02-27 09:00:00,86014.42,86283.15,85816.23,86108.53,630.61,54289646.65
2025-02-27 10:00:00,86108.53,87006.25,85997.28,86960.52,918.61,79439102.92
2025-02-27 11:00:00,86960.52,87008.08,86353.51,86642.61,723.91,62738412.64
2025-02-27 12:00:00,86642.61,86729.82,86207.11,86264.93,879.52,75996000.75
2025-02-27 13:00:00,86264.93,86701.35,85727.63,86054.21,2508.99,216294715.62
2025-02-27 14:00:00,86054.21,86346.34,84891.84,84914.08,4576.53,392275013.5
2025-02-27 15:00:00,84914.08,86063.85,84592.11,85445.75,4648.7,396819791.33
2025-02-27 16:00:00,85445.75,85622.84,84304.49,84400.38,3144.23,267338274.73
2025-02-27 17:00:00,84400.38,84969.36,84287.08,84503.51,2379.56,201052179.18
2025-02-27 18:00:00,84503.51,84892.19,84417.37,84525.88,2027.06,171562758.48
2025-02-27 19:00:00,84525.88,84534.38,83505.42,84012.46,2940.91,246960830.39
2025-02-27 20:00:00,84012.46,84054.57,82601.58,83401.55,5438.28,452287104.89
2025-02-27 21:00:00,83401.55,84315.99,83118.74,84299.28,2209.32,185060880.4
2025-02-27 22:00:00,84299.28,84648.0,83801.86,84636.47,702.66,59128665.56
2025-02-27 23:00:00,84636.47,84858.26,84337.62,84657.34,1102.55,93244758.94
2025-02-28 00:00:00,84657.34,84822.58,84159.05,84200.67,984.01,83145894.23
2025-02-28 01:00:00,84200.67,84330.96,81131.57,81614.91,6654.6,548058518.51
2025-02-28 02:00:00,81614.91,82815.88,79532.2,80759.62,9936.5,802611023.78
2025-02-28 03:00:00,80759.62,81495.86,80192.01,80375.99,4598.99,371840552.37
2025-02-28 04:00:00,80375.99,80893.94,79358.99,80329.34,4364.71,349455245.61
2025-02-28 05:00:00,80329.34,80455.43,79069.76,79856.48,3015.57,240403517.61
2025-02-28 06:00:00,79856.48,80349.84,78958.92,79270.3,2732.92,217278347.38
2025-02-28 07:00:00,79270.3,80165.22,78784.7,79126.58,2294.24,182064982.28
2025-02-28 08:00:00,79126.58,79350.91,78203.72,78912.99,2840.03,223601510.09
2025-02-28 09:00:00,78912.99,80667.18,78838.15,80302.36,3492.06,279855366.53
2025-02-28 10:00:00,80302.36,80427.06,79531.73,79983.25,1242.91,99264555.02
2025-02-28 11:00:00,79983.25,80794.48,79947.11,80474.68,1205.54,96938330.53
2025-02-28 12:00:00,80474.68,80783.16,80039.7,80746.58,2095.74,168395990.42
2025-02-28 13:00:00,80746.58,81696.46,80572.27,81465.52,3993.33,324209706.66
2025-02-28 14:00:00,81465.52,82517.77,81058.1,82082.43,5555.44,455125452.43
2025-02-28 15:00:00,82082.43,84451.32,81973.18,84021.88,6507.21,543491197.02
2025-02-28 16:00:00,84021.88,84929.18,83503.73,84366.85,3858.32,324609304.47
2025-02-28 17:00:00,84366.85,84407.38,83575.31,83604.86,2677.68,224899547.57
2025-02-28 18:00:00,83604.86,85114.25,83188.74,84451.63,3692.51,310709913.07
2025-02-28 19:00:00,84451.63,84789.1,84200.49,84425.26,2056.29,173728373.55
2025-02-28 20:00:00,84425.26,84786.15,83590.62,84166.32,3082.94,259071722.08
2025-02-28 21:00:00,84166.32,84575.57,83983.28,84217.32,1414.15,119109975.67
2025-02-28 22:00:00,84217.32,84426.11,83862.79,84113.69,697.33,58672377.99
2025-02-28 23:00:00,84113.69,84511.74,83986.88,84322.57,546.17,45997870.27
2025-03-01 00:00:00,84322.57,84588.47,83798.96,83832.24,628.38,52906420.69
2025-03-01 01:00:00,83832.24,84815.82,83815.03,84621.85,1176.28,99175427.15
2025-03-01 02:00:00,84621.85,85637.55,84328.7,85217.94,1701.42,144734683.8
2025-03-01 03:00:00,85217.94,85476.18,84944.02,85310.45,870.27,74138616.96
2025-03-01 04:00:00,85310.45,86537.62,85292.93,86173.31,1206.01,103751872.16
2025-03-01 05:00:00,86173.31,86253.57,85568.91,85575.51,538.19,46235959.11
2025-03-01 06:00:00,85575.51,85644.64,84853.53,85045.67,766.52,65290936.36
2025-03-01 07:00:00,85045.67,85046.16,84712.68,84717.19,1463.75,124290249.12
2025-03-01 08:00:00,84717.19,85312.73,84717.15,85290.61,418.38,35632113.11
2025-03-01 09:00:00,85290.61,85490.36,85108.81,85367.68,397.13,33908203.7
2025-03-01 10:00:00,85367.68,85417.74,84780.89,84876.37,546.53,46484166.95
2025-03-01 11:00:00,84876.37,84941.43,84358.88,84613.85,609.05,51539187.32
2025-03-01 12:00:00,84613.85,84913.66,84455.66,84748.67,450.53,38146905.28
2025-03-01 13:00:00,84748.67,84914.1,84327.44,84503.31,643.78,54402034.19
2025-03-01 14:00:00,84503.31,84830.04,84402.92,84686.7,612.63,51826835.35
2025-03-01 15:00:00,84686.7,84870.87,84531.33,84772.17,702.5,59511563.89
2025-03-01 16:00:00,84772.17,85250.63,84679.4,85238.85,905.53,76936109.3
2025-03-01 17:00:00,85238.85,85342.54,84936.07,85192.7,760.01,64694956.23
2025-03-01 18:00:00,85192.7,85311.01,85052.81,85299.07,614.33,52335336.62
2025-03-01 19:00:00,85299.07,85539.72,85189.68,85459.86,860.37,73407541.33
2025-03-01 20:00:00,85459.86,85570.55,85327.3,85513.8,461.71,39461563.46
2025-03-01 21:00:00,85513.8,86137.54,85281.32,86064.03,700.01,59975567.33
2025-03-01 22:00:00,86064.03,86252.92,85669.81,86106.93,896.85,77080448.77
2025-03-01 23:00:00,86106.93,86180.3,85668.42,86050.58,599.86,51509066.99
2025-03-02 00:00:00,86050.58,86296.44,85801.56,86003.6,752.57,64796295.96
2025-03-02 01:00:00,86003.6,86338.18,85986.31,86338.18,543.23,46823803.78
2025-03-02 02:00:00,86338.18,86480.03,85619.78,85757.75,802.33,68998925.32
2025-03-02 03:00:00,85757.75,86188.11,85756.18,85863.52,413.15,35494844.79
2025-03-02 04:00:00,85863.52,85866.06,85526.99,85730.71,320.27,27446385.61
2025-03-02 05:00:00,85730.71,86021.22,85654.81,85935.47,221.54,19035787.64
2025-03-02 06:00:00,85935.47,86538.26,85912.89,86260.11,432.55,37311941.98
2025-03-02 07:00:00,86260.11,86332.47,86068.35,86230.78,224.3,19346969.06
2025-03-02 08:00:00,86230.78,86245.23,85710.38,85746.95,435.53,37399051.44
2025-03-02 09:00:00,85746.95,86103.96,85659.92,85897.78,260.58,22383793.14
2025-03-02 10:00:00,85897.78,85991.9,85790.12,85989.18,246.96,21217839.49
2025-03-02 11:00:00,85989.18,86211.8,85950.35,86098.05,268.89,23149396.18
2025-03-02 12:00:00,86098.05,86100.6,85739.49,85980.07,325.2,27936227.22
2025-03-02 13:00:00,85980.07,85983.89,85483.91,85702.44,586.12,50285354.31
2025-03-02 14:00:00,85702.44,85892.38,85047.82,85104.24,1372.12,117060271.85
2025-03-02 15:00:00,85104.24,88662.04,85067.08,87433.23,6871.29,600089078.0
2025-03-02 16:00:00,87433.23,91954.91,87352.89,91247.12,12097.35,1088301762.32
2025-03-02 17:00:00,91247.12,95106.04,90689.81,94130.91,8378.28,779141558.92
2025-03-02 18:00:00,94130.91,94445.48,92346.14,92790.1,4417.8,412083783.1
2025-03-02 19:00:00,92790.1,93566.85,92621.9,93530.41,1859.78,173254122.51
2025-03-02 20:00:00,93530.41,94477.41,93526.55,94365.6,1899.24,178537577.21
2025-03-02 21:00:00,94365.6,94447.18,93699.08,94294.98,1760.33,165519498.67
2025-03-02 22:00:00,94294.98,94739.17,93933.32,94261.55,1109.88,104634896.33
2025-03-02 23:00:00,94261.55,94846.49,93862.7,94275.76,2438.78,230392999.66
2025-03-03 00:00:00,94275.76,94415.65,93285.93,93294.22,2005.49,188003293.61
2025-03-03 01:00:00,93294.22,93390.7,92641.41,93060.88,1655.62,153932850.92
2025-03-03 02:00:00,93060.88,93429.95,92421.74,93283.78,1567.08,145638045.09
2025-03-03 03:00:00,93283.78,93405.36,92456.03,92687.54,1102.68,102285951.68
2025-03-03 04:00:00,92687.54,92926.86,92570.42,92840.41,654.46,60691043.35
2025-03-03 05:00:00,92840.41,93320.49,92817.19,93305.57,644.18,59971888.19
2025-03-03 06:00:00,93305.57,93312.93,91318.99,91614.84,1290.63,118898787.28
2025-03-03 07:00:00,91614.84,92534.98,91170.02,92347.11,1415.62,130050986.73
2025-03-03 08:00:00,92347.11,92370.23,91131.16,91443.75,1084.64,99609220.36
2025-03-03 09:00:00,91443.75,92019.94,91177.48,91818.14,1392.52,127660461.51
2025-03-03 10:00:00,91818.14,92550.54,91529.31,92526.89,899.0,82749587.47
2025-03-03 11:00:00,92526.89,92871.27,92409.14,92713.38,927.86,85935933.23
2025-03-03 12:00:00,92713.38,93229.03,92654.5,92994.05,1523.68,141661557.68
2025-03-03 13:00:00,92994.05,93663.56,92860.4,93571.95,1543.86,143975296.45
2025-03-03 14:00:00,93571.95,93708.94,89157.47,89189.29,7951.87,727326506.13
2025-03-03 15:00:00,89189.29,91252.06,89130.39,89969.6,7440.02,671583534.78
2025-03-03 16:00:00,89969.6,90674.68,89608.59,90113.31,3148.35,283664891.83
2025-03-03 17:00:00,90113.31,90941.48,89857.19,90246.8,2042.31,184463149.28
2025-03-03 18:00:00,90246.8,90391.66,86722.25,87098.28,7783.13,685241943.02
2025-03-03 19:00:00,87098.28,87667.35,85487.47,85528.04,6569.76,569350300.78
2025-03-03 20:00:00,85528.04,86342.58,85120.01,85987.8,6762.52,579728519.43
2025-03-03 21:00:00,85987.8,86506.27,85071.66,85314.94,2410.9,207395528.65
2025-03-03 22:00:00,85314.94,86974.81,85249.33,86594.51,1378.18,118884101.98
2025-03-03 23:00:00,86594.51,86744.22,85945.98,86158.95,2039.35,176031023.57
2025-03-04 00:00:00,86158.95,86730.05,85831.78,85983.03,2403.07,207160046.01
2025-03-04 01:00:00,85983.03,86131.28,82629.43,83316.0,6322.06,532046603.54
2025-03-04 02:00:00,83316.0,84346.04,82429.42,83879.55,4822.19,401892171.06
2025-03-04 03:00:00,83879.55,84393.17,83579.6,83939.99,2163.1,181709140.64
2025-03-04 04:00:00,83939.99,83992.01,83286.97,83368.95,1478.51,123805108.7
2025-03-04 05:00:00,83368.95,84518.67,83325.8,84225.19,1329.2,111644221.7
2025-03-04 06:00:00,84225.19,84354.0,83555.9,83823.17,645.71,54210965.88
2025-03-04 07:00:00,83823.17,83965.87,83101.97,83142.07,950.28,79340833.15
2025-03-04 08:00:00,83142.07,83884.72,83000.38,83848.81,1109.14,92560856.97
2025-03-04 09:00:00,83848.81,84137.54,83600.2,83707.42,849.84,71303144.85
2025-03-04 10:00:00,83707.42,84009.07,83461.77,83922.77,745.83,62441276.48
2025-03-04 11:00:00,83922.77,84319.57,83666.97,83905.84,683.65,57409507.54
2025-03-04 12:00:00,83905.84,83934.63,83245.73,83739.6,1519.73,127074401.79
2025-03-04 13:00:00,83739.6,83739.8,82284.36,82758.85,3126.05,259448834.22
2025-03-04 14:00:00,82758.85,84892.52,82025.07,83139.73,7563.26,632558932.34
2025-03-04 15:00:00,83139.73,83310.6,81449.43,82914.46,6337.12,522932838.16
2025-03-04 16:00:00,82914.46,83753.0,81979.78,83518.97,3442.79,284834432.91
2025-03-04 17:00:00,83518.97,85473.52,83370.11,85398.45,4407.89,372809904.88
2025-03-04 18:00:00,85398.45,86911.43,85124.42,86758.67,3406.29,292399647.1
2025-03-04 19:00:00,86758.67,88490.35,86531.04,88206.87,4285.1,376238615.53
2025-03-04 20:00:00,88206.87,88832.01,86682.81,86814.78,4407.38,387440461.36
2025-03-04 21:00:00,86814.78,88941.97,86579.72,87495.59,3425.41,300602087.53
2025-03-04 22:00:00,87495.59,87939.52,87402.38,87463.59,720.06,63152055.42
2025-03-04 23:00:00,87463.59,87727.93,87076.84,87255.42,873.55,76360218.95
2025-03-05 00:00:00,87255.42,87259.03,86341.87,86777.09,1711.0,148495609.01
2025-03-05 01:00:00,86777.09,87767.13,86582.4,87626.14,1589.58,138606109.36
2025-03-05 02:00:00,87626.14,87869.22,87038.33,87457.62,1376.09,120303431.8
2025-03-05 03:00:00,87457.62,87861.65,86763.5,86813.24,1059.37,92716389.98
2025-03-05 04:00:00,86813.24,87378.3,86709.05,86898.09,730.01,63525471.38
2025-03-05 05:00:00,86898.09,87232.82,86835.24,87133.8,241.1,20987930.11
2025-03-05 06:00:00,87133.8,87552.5,86987.99,87475.39,289.47,25264326.73
2025-03-05 07:00:00,87475.39,87700.12,87346.99,87606.47,382.22,33452723.83
2025-03-05 08:00:00,87606.47,87910.97,87582.48,87738.21,405.47,35582046.02
2025-03-05 09:00:00,87738.21,88811.09,87666.94,88471.71,798.63,70552743.29
2025-03-05 10:00:00,88471.71,90647.93,88365.79,89929.24,1762.72,158114249.8
2025-03-05 11:00:00,89929.24,90111.21,89565.92,89817.09,896.2,80533459.16
2025-03-05 12:00:00,89817.09,90933.37,89810.57,90361.52,2031.35,183687290.71
2025-03-05 13:00:00,90361.52,90596.83,89125.47,89473.93,2892.79,259681324.96
2025-03-05 14:00:00,89473.93,89833.34,88162.51,88518.76,3908.52,348416873.06
2025-03-05 15:00:00,88518.76,89549.81,87920.23,88338.73,4032.46,357470813.77
2025-03-05 16:00:00,88338.73,89251.52,87579.44,88917.46,2945.63,259615156.7
2025-03-05 17:00:00,88917.46,90465.84,88779.89,89683.32,2922.75,261820510.43
2025-03-05 18:00:00,89683.32,89921.96,88852.26,89708.39,2346.11,209481969.72
2025-03-05 19:00:00,89708.39,90125.19,89469.54,89742.24,1406.32,126306221.61
2025-03-05 20:00:00,89742.24,90557.11,89670.24,90495.33,2547.88,229808227.47
2025-03-05 21:00:00,90495.33,90674.47,89944.35,90375.12,1074.88,96985418.47
2025-03-05 22:00:00,90375.12,90533.23,90023.14,90449.0,517.67,46723728.67
2025-03-05 23:00:00,90449.0,91001.98,90310.21,90610.8,988.55,89590642.85
2025-03-06 00:00:00,90610.8,90817.53,89984.91,90058.67,1227.54,110885491.41
2025-03-06 01:00:00,90058.67,91882.69,90050.4,91056.52,1665.19,151585195.91
2025-03-06 02:00:00,91056.52,92009.4,91013.68,91812.52,1890.86,173003296.09
2025-03-06 03:00:00,91812.52,92010.78,91413.1,91607.03,1113.88,102110118.86
2025-03-06 04:00:00,91607.03,92453.08,91532.32,92277.09,841.6,77439242.12
2025-03-06 05:00:00,92277.09,92808.83,92135.5,92749.63,653.07,60392363.65
2025-03-06 06:00:00,92749.63,92764.34,91787.81,91917.43,744.99,68653543.25
2025-03-06 07:00:00,91917.43,91992.53,91258.29,91336.45,559.19,51222409.44
2025-03-06 08:00:00,91336.45,91589.96,91138.12,91181.34,562.28,51388766.67
2025-03-06 09:00:00,91181.34,91182.18,90614.48,90747.94,638.09,57972261.02
2025-03-06 10:00:00,90747.94,91653.42,90612.04,91292.36,675.82,61648740.17
2025-03-06 11:00:00,91292.36,91590.64,91003.36,91354.07,530.88,48477233.81
2025-03-06 12:00:00,91354.07,91395.03,89829.68,90101.08,1619.75,146518850.76
2025-03-06 13:00:00,90101.08,90457.21,89471.24,89550.72,1781.4,160487392.52
2025-03-06 14:00:00,89550.72,90374.67,89115.7,89796.81,3588.66,321708251.31
2025-03-06 15:00:00,89796.81,91453.54,89618.15,90817.43,3405.82,309170407.04
2025-03-06 16:00:00,90817.43,91059.95,89216.61,89297.93,2561.04,231153283.05
2025-03-06 17:00:00,89297.93,89334.29,87986.79,88606.07,4045.1,358349353.31
2025-03-06 18:00:00,88606.07,88944.26,88128.88,88409.83,2009.3,177935870.76
2025-03-06 19:00:00,88409.83,89383.98,87818.33,88510.74,2217.06,196035373.12
2025-03-06 20:00:00,88510.74,89345.11,88459.7,89030.19,2306.4,205249125.55
2025-03-06 21:00:00,89030.19,89840.19,88966.62,89766.57,1360.69,121700870.91
2025-03-06 22:00:00,89766.57,90746.44,89518.26,90316.18,1982.42,178996005.17
2025-03-06 23:00:00,90316.18,90564.64,89905.98,89931.91,996.51,89941711.59
2025-03-07 00:00:00,89931.91,91275.25,84649.25,85515.45,10799.19,942011769.69
2025-03-07 01:00:00,85515.45,88914.01,85207.7,88252.69,6208.96,541157972.04
2025-03-07 02:00:00,88252.69,88444.49,87247.77,87258.24,2712.41,238107361.87
2025-03-07 03:00:00,87258.24,87689.2,86779.32,86967.06,1518.58,132512545.07
2025-03-07 04:00:00,86967.06,87874.88,86859.71,87627.4,941.51,82187563.92
2025-03-07 05:00:00,87627.4,88434.49,87594.41,88220.7,786.38,69309976.28
2025-03-07 06:00:00,88220.7,88347.04,87809.79,88205.73,503.2,44328243.86
2025-03-07 07:00:00,88205.73,88608.19,88090.55,88363.14,610.73,53960800.19
2025-03-07 08:00:00,88363.14,88477.2,87998.9,88392.85,491.63,43362770.14
2025-03-07 09:00:00,88392.85,89700.11,88365.04,88939.96,1109.08,98718676.19
2025-03-07 10:00:00,88939.96,89290.47,88754.97,89265.7,518.06,46147902.78
2025-03-07 11:00:00,89265.7,89442.03,88849.6,88965.64,559.19,49830488.14
2025-03-07 12:00:00,88965.64,89332.1,88333.34,89054.5,1721.36,153048095.08
2025-03-07 13:00:00,89054.5,90339.83,88986.64,89148.69,4029.12,361376091.33
2025-03-07 14:00:00,89148.69,91103.62,88667.85,90455.47,5710.65,513377895.01
2025-03-07 15:00:00,90455.47,90792.45,88026.98,88439.51,5684.67,506913239.98
2025-03-07 16:00:00,88439.51,88941.27,86600.76,87192.98,5825.39,510805793.3
2025-03-07 17:00:00,87192.98,88613.5,86523.15,87651.28,3878.01,338787437.33
2025-03-07 18:00:00,87651.28,89015.85,87500.34,88566.53,3103.08,273785643.07
2025-03-07 19:00:00,88566.53,88884.38,87318.67,87784.36,2067.68,182271349.72
2025-03-07 20:00:00,87784.36,88471.08,86555.4,86975.18,4253.35,372418313.91
2025-03-07 21:00:00,86975.18,87326.89,85568.25,86296.06,5107.66,441275722.74
2025-03-07 22:00:00,86296.06,86819.49,85591.69,86722.52,1296.53,111651836.2
2025-03-07 23:00:00,86722.52,86808.96,85961.06,86766.61,1027.86,88791862.89
2025-03-08 00:00:00,86766.61,86860.89,86502.14,86700.77,683.49,59243955.9
2025-03-08 01:00:00,86700.77,86733.17,85206.97,86072.13,1614.47,138543163.43
2025-03-08 02:00:00,86072.13,86313.72,85916.64,86155.04,736.74,63448274.04
2025-03-08 03:00:00,86155.04,86157.2,85434.68,85906.57,618.68,53108606.85
2025-03-08 04:00:00,85906.57,86477.81,85636.45,86426.69,408.0,35150312.54
2025-03-08 05:00:00,86426.69,86438.07,86007.78,86262.06,185.72,16018183.56
2025-03-08 06:00:00,86262.06,86634.11,86252.53,86457.76,267.51,23133009.76
2025-03-08 07:00:00,86457.76,86520.1,86090.77,86177.33,236.55,20428342.44
2025-03-08 08:00:00,86177.33,86299.62,86029.89,86053.97,200.85,17310294.89
2025-03-08 09:00:00,86053.97,86440.22,85829.26,85911.69,250.12,21559329.22
2025-03-08 10:00:00,85911.69,86241.28,85911.68,86109.74,199.26,17159397.8
2025-03-08 11:00:00,86109.74,86110.08,85752.87,85927.02,232.29,19957904.87
2025-03-08 12:00:00,85927.02,86385.26,85796.0,86188.73,500.42,43112340.98
2025-03-08 13:00:00,86188.73,86499.78,86104.61,86304.04,473.89,40902401.57
2025-03-08 14:00:00,86304.04,86601.0,86199.33,86347.14,484.63,41875443.02
2025-03-08 15:00:00,86347.14,86590.67,86183.79,86369.55,338.51,29252066.92
2025-03-08 16:00:00,86369.55,86435.42,85808.3,86120.33,588.12,50632148.86
2025-03-08 17:00:00,86120.33,86131.7,85647.26,85926.62,668.9,57462939.73
2025-03-08 18:00:00,85926.62,86069.68,85857.75,86021.33,301.42,25929243.52
2025-03-08 19:00:00,86021.33,86477.06,85778.62,86213.55,489.13,42150023.49
2025-03-08 20:00:00,86213.55,86355.92,86179.52,86268.75,190.15,16410288.64
2025-03-08 21:00:00,86268.75,86505.32,86203.1,86230.73,272.76,23558501.33
2025-03-08 22:00:00,86230.73,86372.33,85869.96,86349.87,314.99,27125413.48
2025-03-08 23:00:00,86349.87,86393.74,86075.33,86225.0,317.58,27390580.59
2025-03-09 00:00:00,86225.0,86465.65,86132.17,86426.19,285.01,24613678.99
2025-03-09 01:00:00,86426.19,86509.85,86106.96,86203.08,282.84,24420494.87
2025-03-09 02:00:00,86203.08,86287.2,86020.56,86026.17,314.52,27102003.82
2025-03-09 03:00:00,86026.17,86232.99,85976.24,86144.48,250.66,21586142.73
2025-03-09 04:00:00,86144.48,86146.5,85962.21,86071.48,178.59,15370675.46
2025-03-09 05:00:00,86071.48,86167.83,85995.71,86050.81,142.03,12232261.79
2025-03-09 06:00:00,86050.81,86059.41,85837.58,85921.14,190.81,16404555.32
2025-03-09 07:00:00,85921.14,86170.37,85874.63,86024.52,159.99,13770763.95
2025-03-09 08:00:00,86024.52,86101.18,85803.52,85815.39,162.51,13973170.42
2025-03-09 09:00:00,85815.39,85894.61,85425.58,85568.29,243.64,20886320.89
2025-03-09 10:00:00,85568.29,85637.28,84735.36,84855.21,612.62,52150697.2
2025-03-09 11:00:00,84855.21,85107.8,84681.16,85040.43,457.69,38857575.88
2025-03-09 12:00:00,85040.43,85065.92,84268.0,84601.77,929.45,78565089.18
2025-03-09 13:00:00,84601.77,84704.04,83510.49,83515.79,1145.33,96372525.08
2025-03-09 14:00:00,83515.79,83820.17,83029.09,83612.96,1659.17,138378445.67
2025-03-09 15:00:00,83612.96,83761.23,82782.75,83086.81,1009.37,84056256.42
2025-03-09 16:00:00,83086.81,83741.0,82333.51,82507.07,2029.49,168234337.35
2025-03-09 17:00:00,82507.07,82946.01,82226.62,82364.26,1850.89,152675150.07
2025-03-09 18:00:00,82364.26,83334.18,82281.94,82674.6,1813.67,150133743.89
2025-03-09 19:00:00,82674.6,82975.76,82340.21,82629.56,1112.9,91944860.28
2025-03-09 20:00:00,82629.56,83532.77,82614.02,83096.4,955.94,79462545.98
2025-03-09 21:00:00,83096.4,83103.18,81581.95,81848.18,1687.89,138660714.26
2025-03-09 22:00:00,81848.18,82064.9,80193.04,80335.31,3165.41,256865587.81
2025-03-09 23:00:00,80335.31,81024.81,80006.76,80719.05,2924.93,235644990.23
2025-03-10 00:00:00,80719.05,81480.01,80059.01,81279.19,2865.54,231550150.54
2025-03-10 01:00:00,81279.19,81878.92,80823.28,81758.48,1809.48,147406467.52
2025-03-10 02:00:00,81758.48,82743.29,81526.11,82204.57,1916.9,157658392.25
2025-03-10 03:00:00,82204.57,82326.79,81802.61,82043.89,989.02,81162220.96
2025-03-10 04:00:00,82043.89,82652.68,82006.4,82636.22,472.06,38916490.75
2025-03-10 05:00:00,82636.22,82791.24,82141.96,82314.78,476.59,39307440.06
2025-03-10 06:00:00,82314.78,82418.05,81997.88,82335.65,468.14,38484742.94
2025-03-10 07:00:00,82335.65,82693.77,82056.65,82318.05,547.07,45040200.32
2025-03-10 08:00:00,82318.05,82383.22,81166.27,81365.75,805.04,65798224.65
2025-03-10 09:00:00,81365.75,84037.25,81345.08,82494.61,1985.3,164573843.93
2025-03-10 10:00:00,82494.61,82680.2,81643.69,82303.09,896.58,73668388.82
2025-03-10 11:00:00,82303.09,83785.79,82081.45,83566.77,1152.15,95507171.45
2025-03-10 12:00:00,83566.77,83771.11,82646.71,83268.81,1977.63,164551568.99
2025-03-10 13:00:00,83268.81,83325.84,81414.1,81527.98,3619.48,298047060.51
2025-03-10 14:00:00,81527.98,81528.0,79162.51,79825.22,6701.59,536416577.66
2025-03-10 15:00:00,79825.22,81106.02,79553.41,80012.62,3570.54,286597380.78
2025-03-10 16:00:00,80012.62,80221.48,78944.29,78964.8,3328.4,264513742.89
2025-03-10 17:00:00,78964.8,79293.16,78161.73,78418.54,5670.56,446322190.01
2025-03-10 18:00:00,78418.54,79100.32,77467.13,77615.78,4148.1,324625914.4
2025-03-10 19:00:00,77615.78,79479.77,77420.92,79001.24,5565.59,436953501.25
2025-03-10 20:00:00,79001.24,79679.75,78365.84,79273.13,2130.23,168188119.22
2025-03-10 21:00:00,79273.13,79844.92,78923.27,79524.79,1492.88,118603794.72
2025-03-10 22:00:00,79524.79,79799.46,79171.49,79484.22,861.65,68440912.26
2025-03-10 23:00:00,79484.22,79676.2,78460.8,78561.62,1546.47,122360864.76
2025-03-11 00:00:00,78561.62,79197.4,76581.52,77643.44,5036.07,390144086.02
2025-03-11 01:00:00,77643.44,79083.49,76799.22,79075.22,3178.77,247453768.71
2025-03-11 02:00:00,79075.22,79634.42,78901.04,79336.72,2245.67,178014999.57
2025-03-11 03:00:00,79336.72,79900.61,79265.11,79503.78,1276.66,101527715.39
2025-03-11 04:00:00,79503.78,80227.86,79429.42,79742.43,886.87,70876313.09
2025-03-11 05:00:00,79742.43,80438.14,79707.29,80240.43,666.57,53430195.54
2025-03-11 06:00:00,80240.43,80535.3,80094.08,80094.08,506.2,40672328.11
2025-03-11 07:00:00,80094.08,80595.07,80082.1,80428.79,643.88,51762612.43
2025-03-11 08:00:00,80428.79,81515.65,80335.66,81136.09,1304.0,105577957.05
2025-03-11 09:00:00,81136.09,81891.01,81131.47,81459.11,768.43,62640316.54
2025-03-11 10:00:00,81459.11,81871.53,81282.27,81801.06,530.02,43279133.79
2025-03-11 11:00:00,81801.06,82080.85,81414.64,81716.86,833.9,68205221.96
2025-03-11 12:00:00,81716.86,81901.97,81055.88,81217.76,1505.57,122654490.27
2025-03-11 13:00:00,81217.76,82214.24,80546.68,80884.5,3911.82,317776380.45
2025-03-11 14:00:00,80884.5,81353.12,79030.98,79748.38,5326.18,427142538.1
2025-03-11 15:00:00,79748.38,81635.22,79661.41,81202.16,3559.46,288019778.65
2025-03-11 16:00:00,81202.16,81885.81,80622.51,81369.46,2451.53,199326374.83
2025-03-11 17:00:00,81369.46,81699.7,80769.28,81299.18,2262.41,183831005.85
2025-03-11 18:00:00,81299.18,83461.43,81273.19,83274.14,3608.43,298024884.32
2025-03-11 19:00:00,83274.14,83608.26,82847.15,83091.1,2869.79,238684506.1
2025-03-11 20:00:00,83091.1,83149.8,82595.12,82788.02,1147.6,95092372.93
2025-03-11 21:00:00,82788.02,83247.11,82787.99,83109.36,634.76,52739855.48
2025-03-11 22:00:00,83109.36,83293.36,82976.49,83132.23,512.4,42610742.54
2025-03-11 23:00:00,83132.23,83166.97,82550.08,82919.47,789.32,65335326.14
2025-03-12 00:00:00,82919.47,83118.46,82600.18,82745.72,726.21,60155540.08
2025-03-12 01:00:00,82745.72,83755.11,82741.13,83296.72,1286.64,107120912.3
2025-03-12 02:00:00,83296.72,83312.11,82225.04,82424.77,1398.47,115672507.27
2025-03-12 03:00:00,82424.77,82585.86,82095.53,82109.35,741.41,61039076.74
2025-03-12 04:00:00,82109.35,82144.82,81592.5,81771.62,1647.53,134793394.98
2025-03-12 05:00:00,81771.62,82003.29,81586.9,81954.65,436.86,35745305.91
2025-03-12 06:00:00,81954.65,81956.87,81263.75,81413.71,484.18,39504244.82
2025-03-12 07:00:00,81413.71,82503.75,81302.54,82414.9,862.63,70567345.18
2025-03-12 08:00:00,82414.9,82800.18,82014.83,82665.13,902.19,74414148.68
2025-03-12 09:00:00,82665.13,82910.24,82229.49,82661.43,689.99,56932457.55
2025-03-12 10:00:00,82661.43,82751.01,82092.44,82481.71,763.29,62882827.16
2025-03-12 11:00:00,82481.71,83050.78,82430.7,82991.61,453.71,37544717.81
2025-03-12 12:00:00,82991.61,84410.29,82853.72,84050.97,3498.51,292966092.6
2025-03-12 13:00:00,84050.97,84197.77,82356.7,82676.81,3219.06,268527620.27
2025-03-12 14:00:00,82676.81,82910.67,81505.38,81508.68,3416.78,280505211.01
2025-03-12 15:00:00,81508.68,81982.54,80596.11,81719.66,3878.07,315345350.6
2025-03-12 16:00:00,81719.66,82260.66,81613.05,81948.38,1795.55,147175485.68
2025-03-12 17:00:00,81948.38,82873.64,81771.97,81830.24,1664.88,137161931.52
2025-03-12 18:00:00,81830.24,82800.09,81718.3,82629.2,1627.71,134190822.27
2025-03-12 19:00:00,82629.2,83141.74,82477.98,82919.91,1307.21,108255368.88
2025-03-12 20:00:00,82919.91,83168.23,82704.07,83108.4,594.4,49309596.48
2025-03-12 21:00:00,83108.4,83306.62,82861.42,83070.4,530.15,44075359.05
2025-03-12 22:00:00,83070.4,83682.99,83061.48,83647.79,722.14,60273157.21
2025-03-12 23:00:00,83647.79,83871.78,83397.26,83665.14,673.21,56289931.04
2025-03-13 00:00:00,83665.14,83998.22,83429.3,83432.57,852.12,71320558.72
2025-03-13 01:00:00,83432.57,84200.12,83304.38,83915.56,698.84,58545898.45
2025-03-13 02:00:00,83915.56,84307.29,83755.73,83775.08,791.72,66510480.28
2025-03-13 03:00:00,83775.08,84169.15,83541.51,83560.39,526.66,44140897.49
2025-03-13 04:00:00,83560.39,83688.65,83211.13,83283.44,361.13,30133060.46
2025-03-13 05:00:00,83283.44,83518.26,83084.31,83146.99,379.19,31570610.51
2025-03-13 06:00:00,83146.99,83317.22,82856.19,83281.29,315.07,26172441.61
2025-03-13 07:00:00,83281.29,83529.6,83132.28,83147.16,314.37,26191025.74
2025-03-13 08:00:00,83147.16,83242.54,82406.69,82977.19,702.86,58173382.33
2025-03-13 09:00:00,82977.19,83499.6,82972.67,83415.25,645.55,53755962.65
2025-03-13 10:00:00,83415.25,83469.75,82991.3,83169.31,443.45,36898302.93
2025-03-13 11:00:00,83169.31,83207.39,82699.55,82946.83,479.55,39753039.87
2025-03-13 12:00:00,82946.83,83794.84,82277.69,82491.3,1592.65,132173810.79
2025-03-13 13:00:00,82491.3,83080.62,81580.53,81747.34,2553.34,210480963.68
2025-03-13 14:00:00,81747.34,82469.79,81529.89,81981.39,2453.09,201174974.93
2025-03-13 15:00:00,81981.39,82150.7,80945.01,81025.45,2187.74,178178202.43
2025-03-13 16:00:00,81025.45,81230.23,80630.13,80835.53,1518.97,122896714.42
2025-03-13 17:00:00,80835.53,80854.97,79915.4,80018.88,2546.04,204507000.31
2025-03-13 18:00:00,80018.88,80916.61,79971.79,80779.96,1633.98,131723029.94
2025-03-13 19:00:00,80779.96,80993.19,80086.11,80147.97,2048.61,164823205.1
2025-03-13 20:00:00,80147.97,80683.1,80114.14,80323.07,919.09,73916536.44
2025-03-13 21:00:00,80323.07,80834.63,80241.13,80753.11,600.01,48346311.94
2025-03-13 22:00:00,80753.11,81366.61,80688.31,81357.27,535.63,43394649.91
2025-03-13 23:00:00,81357.27,81444.84,81017.43,81081.43,714.18,57981171.55
2025-03-14 00:00:00,81081.43,81653.58,80787.81,81469.55,859.87,69867282.31
2025-03-14 01:00:00,81469.55,81856.19,81186.57,81576.9,520.34,42417733.74
2025-03-14 02:00:00,81576.9,82237.06,81571.96,82195.66,790.47,64728905.24
2025-03-14 03:00:00,82195.66,82221.73,81734.94,81876.88,557.68,45711996.45
2025-03-14 04:00:00,81876.88,82023.41,81828.86,81936.1,334.28,27394337.52
2025-03-14 05:00:00,81936.1,82197.96,81820.51,82140.6,212.25,17403962.73
2025-03-14 06:00:00,82140.6,82167.74,81769.09,82029.68,348.22,28540658.0
2025-03-14 07:00:00,82029.68,82433.96,81897.31,82187.28,290.73,23892350.8
2025-03-14 08:00:00,82187.28,82628.2,82171.36,82588.66,477.3,39346281.1
2025-03-14 09:00:00,82588.66,82924.65,82575.04,82773.39,538.64,44591143.29
2025-03-14 10:00:00,82773.39,83271.36,82669.21,83039.78,773.87,64236104.32
2025-03-14 11:00:00,83039.78,83340.24,82974.64,83252.26,693.63,57694346.86
2025-03-14 12:00:00,83252.26,83518.29,83048.41,83418.31,964.5,80367995.98
2025-03-14 13:00:00,83418.31,83889.48,83053.29,83606.53,2430.36,202989352.8
2025-03-14 14:00:00,83606.53,83606.7,82631.74,83528.17,3387.93,281529037.33
2025-03-14 15:00:00,83528.17,85315.9,83528.17,84739.19,4254.89,360228947.25
2025-03-14 16:00:00,84739.19,84965.09,83959.46,84795.87,3398.13,286997064.8
2025-03-14 17:00:00,84795.87,84841.74,84211.22,84373.09,1326.5,112075793.01
2025-03-14 18:00:00,84373.09,84730.68,84218.87,84587.99,1211.06,102339749.83
2025-03-14 19:00:00,84587.99,84953.27,84469.15,84574.98,1469.43,124412709.16
2025-03-14 20:00:00,84574.98,84579.11,83736.97,84156.43,1214.46,102224525.08
2025-03-14 21:00:00,84156.43,84320.55,83974.67,84218.01,566.51,47688901.24
2025-03-14 22:00:00,84218.01,84529.79,84125.33,84457.02,663.5,56046585.8
2025-03-14 23:00:00,84457.02,84460.48,83977.48,83995.47,407.66,34326235.53
2025-03-15 00:00:00,83995.47,84368.76,83987.04,84316.4,368.7,31049248.05
2025-03-15 01:00:00,84316.4,84589.85,84132.86,84379.57,432.13,36449999.73
2025-03-15 02:00:00,84379.57,84643.14,84189.32,84572.94,406.7,34330204.57
2025-03-15 03:00:00,84572.94,84688.82,84437.38,84499.88,330.71,27966455.88
2025-03-15 04:00:00,84499.88,84574.09,84315.33,84480.42,206.51,17442047.33
2025-03-15 05:00:00,84480.42,84491.24,84285.94,84287.84,120.4,10158636.29
2025-03-15 06:00:00,84287.84,84321.39,84188.79,84198.67,95.8,8069999.68
2025-03-15 07:00:00,84198.67,84211.53,83822.98,83857.07,296.82,24930382.24
2025-03-15 08:00:00,83857.07,84027.79,83628.73,83912.71,227.38,19059138.68
2025-03-15 09:00:00,83912.71,83975.71,83730.08,83967.92,146.79,12306734.63
2025-03-15 10:00:00,83967.92,83991.56,83679.25,83928.37,214.47,17985807.91
2025-03-15 11:00:00,83928.37,84186.47,83863.19,84123.2,190.67,16023780.8
2025-03-15 12:00:00,84123.2,84294.41,84034.44,84165.12,299.46,25211846.15
2025-03-15 13:00:00,84165.12,84489.22,84155.0,84476.88,298.17,25160525.19
2025-03-15 14:00:00,84476.88,84477.02,84130.08,84155.18,304.5,25654951.26
2025-03-15 15:00:00,84155.18,84411.11,84154.75,84347.59,397.33,33500400.6
2025-03-15 16:00:00,84347.59,84493.0,84207.82,84363.55,287.35,24239624.05
2025-03-15 17:00:00,84363.55,84502.6,84285.57,84432.45,255.76,21590482.86
2025-03-15 18:00:00,84432.45,84479.68,84159.08,84238.28,263.59,22220513.82
2025-03-15 19:00:00,84238.28,84336.67,84132.51,84315.81,200.23,16866076.13
2025-03-15 20:00:00,84315.81,84459.38,84315.81,84403.01,241.31,20369339.84
2025-03-15 21:00:00,84403.01,84480.44,84264.06,84405.47,210.09,17730058.19
2025-03-15 22:00:00,84405.47,84459.69,84346.15,84401.35,140.67,11874989.51
2025-03-15 23:00:00,84401.35,84411.96,84292.43,84355.92,145.55,12275672.77
2025-03-16 00:00:00,84355.92,84392.22,84235.69,84268.86,198.74,16753235.97
2025-03-16 01:00:00,84268.86,84289.66,83857.94,83898.16,486.44,40890394.2
2025-03-16 02:00:00,83898.16,84141.38,83764.31,83976.75,370.93,31129360.22
2025-03-16 03:00:00,83976.75,84383.09,83915.86,84336.72,223.77,18827558.36
2025-03-16 04:00:00,84336.72,84419.44,84258.02,84412.21,141.83,11964903.47
2025-03-16 05:00:00,84412.21,84422.28,84322.68,84399.1,79.82,6733809.26
2025-03-16 06:00:00,84399.1,84410.45,84243.73,84245.82,58.38,4923087.12
2025-03-16 07:00:00,84245.82,84382.2,83992.04,84286.44,194.76,16403234.37
2025-03-16 08:00:00,84286.44,84342.03,84174.03,84278.85,78.39,6603801.05
2025-03-16 09:00:00,84278.85,84286.69,83825.04,83893.88,201.94,16964078.68
2025-03-16 10:00:00,83893.88,84058.7,83673.74,83679.82,316.33,26514876.86
2025-03-16 11:00:00,83679.82,83697.78,82391.02,82420.13,1021.5,84701757.18
2025-03-16 12:00:00,82420.13,82922.41,82402.42,82766.12,680.43,56246843.19
2025-03-16 13:00:00,82766.12,83135.77,82513.56,82603.39,678.2,56178429.83
2025-03-16 14:00:00,82603.39,83376.43,82587.11,83367.99,635.03,52679849.6
2025-03-16 15:00:00,83367.99,83474.5,82984.93,83328.44,602.58,50160185.11
2025-03-16 16:00:00,83328.44,85083.1,83306.53,83634.81,2314.49,194946780.68
2025-03-16 17:00:00,83634.81,84102.05,83494.3,83917.68,688.58,57690418.05
2025-03-16 18:00:00,83917.68,84094.36,83642.51,83702.84,522.93,43850734.85
2025-03-16 19:00:00,83702.84,83728.53,82589.32,83107.67,972.02,80773091.64
2025-03-16 20:00:00,83107.67,83445.41,82915.14,83216.09,587.0,48808934.72
2025-03-16 21:00:00,83216.09,83220.26,82690.22,82762.16,423.41,35097661.81
2025-03-16 22:00:00,82762.16,82839.63,82089.77,82094.35,806.92,66471673.88
2025-03-16 23:00:00,82094.35,82626.95,81992.19,82572.37,834.78,68716904.55
2025-03-17 00:00:00,82572.37,83140.83,82525.55,83051.38,679.48,56289050.28
2025-03-17 01:00:00,83051.38,83383.87,82831.42,83231.77,606.4,50398225.97
2025-03-17 02:00:00,83231.77,83356.56,82974.42,83209.61,429.4,35718457.72
2025-03-17 03:00:00,83209.61,83716.54,83209.57,83676.18,370.24,30913113.83
2025-03-17 04:00:00,83676.18,83857.49,83514.56,83600.24,305.68,25585202.68
2025-03-17 05:00:00,83600.24,83600.25,83119.76,83120.43,284.95,23735131.62
2025-03-17 06:00:00,83120.43,83273.27,82676.87,83207.13,395.29,32806075.7
2025-03-17 07:00:00,83207.13,83607.35,83198.61,83557.34,300.97,25100633.54
2025-03-17 08:00:00,83557.34,83690.58,83204.46,83537.09,232.12,19376518.56
2025-03-17 09:00:00,83537.09,83760.94,83424.49,83650.19,343.08,28683184.68
2025-03-17 10:00:00,83650.19,83672.59,83257.36,83330.64,318.5,26570765.81
2025-03-17 11:00:00,83330.64,83675.16,83219.62,83518.2,378.52,31608457.59
2025-03-17 12:00:00,83518.2,83960.63,82997.61,83047.49,2350.18,196037908.15
2025-03-17 13:00:00,83047.49,83720.53,82793.25,83027.85,1814.01,150944931.8
2025-03-17 14:00:00,83027.85,83347.16,82442.95,82904.59,2424.89,200905566.66
2025-03-17 15:00:00,82904.59,83698.47,82707.78,83530.42,1346.89,112212283.2
2025-03-17 16:00:00,83530.42,83867.66,83110.84,83447.81,1155.57,96530769.61
2025-03-17 17:00:00,83447.81,84336.58,83363.72,84195.74,1723.14,144739456.37
2025-03-17 18:00:00,84195.74,84595.63,83991.6,84503.16,1364.17,115010850.85
2025-03-17 19:00:00,84503.16,84760.98,84317.07,84482.4,1182.53,99940460.05
2025-03-17 20:00:00,84482.4,84504.65,83852.05,83967.18,806.29,67838190.26
2025-03-17 21:00:00,83967.18,84240.41,83885.67,84080.42,377.69,31741662.58
2025-03-17 22:00:00,84080.42,84249.46,84012.32,84073.47,277.92,23387587.74
2025-03-17 23:00:00,84073.47,84141.68,83757.38,84025.12,498.15,41837124.18
2025-03-18 00:00:00,84025.12,84039.3,83723.76,83804.87,406.71,34107098.19
2025-03-18 01:00:00,83804.87,83918.41,83016.8,83168.44,982.44,81848277.54
2025-03-18 02:00:00,83168.44,83527.04,83091.31,83372.02,548.63,45724485.1
2025-03-18 03:00:00,83372.02,83372.09,82962.23,83140.65,533.46,44361254.84
2025-03-18 04:00:00,83140.65,83206.02,82849.63,82991.53,460.15,38215480.23
2025-03-18 05:00:00,82991.53,83121.36,82909.7,83023.35,311.17,25836707.22
2025-03-18 06:00:00,83023.35,83023.77,82251.69,82451.7,758.19,62622646.17
2025-03-18 07:00:00,82451.7,83271.46,82368.37,83164.51,899.9,74651941.28
2025-03-18 08:00:00,83164.51,83458.07,83052.34,83289.24,333.5,27770447.87
2025-03-18 09:00:00,83289.24,83345.85,82790.7,82839.3,352.92,29332966.24
2025-03-18 10:00:00,82839.3,82935.35,82610.86,82818.9,384.7,31842619.12
2025-03-18 11:00:00,82818.9,82862.19,82507.5,82592.28,336.0,27778718.82
2025-03-18 12:00:00,82592.28,82813.8,82334.71,82400.14,661.95,54639485.92
2025-03-18 13:00:00,82400.14,82474.24,81158.95,81362.07,2594.36,212064923.25
2025-03-18 14:00:00,81362.07,81958.4,81137.39,81843.97,2284.55,186141999.99
2025-03-18 15:00:00,81843.97,82195.83,81527.69,81601.04,1428.65,116818252.93
2025-03-18 16:00:00,81601.04,82156.48,81542.84,81856.98,1239.26,101360582.81
2025-03-18 17:00:00,81856.98,81974.42,81323.71,81458.45,1335.66,109023067.69
2025-03-18 18:00:00,81458.45,81942.47,81243.5,81872.05,1111.01,90622542.72
2025-03-18 19:00:00,81872.05,82489.94,81759.86,82315.4,1928.28,158315497.84
2025-03-18 20:00:00,82315.4,82356.93,81877.7,82041.09,573.96,47125985.35
2025-03-18 21:00:00,82041.09,82193.12,81931.66,82046.33,320.93,26336265.61
2025-03-18 22:00:00,82046.33,82556.43,81991.03,82394.43,507.33,41746960.01
2025-03-18 23:00:00,82394.43,82807.09,82394.43,82716.74,646.26,53413953.17
2025-03-19 00:00:00,82716.74,83230.31,82609.36,83113.18,735.09,60994898.87
2025-03-19 01:00:00,83113.18,83159.67,82618.25,82628.13,553.7,45904367.23
2025-03-19 02:00:00,82628.13,82896.49,82562.03,82873.58,532.2,44033386.93
2025-03-19 03:00:00,82873.58,83095.72,82754.45,83056.14,460.7,38209919.56
2025-03-19 04:00:00,83056.14,83089.81,82801.88,82971.93,356.52,29576055.15
2025-03-19 05:00:00,82971.93,83334.22,82926.11,83258.93,770.0,63999649.67
2025-03-19 06:00:00,83258.93,83334.99,83146.37,83222.23,399.62,33259332.77
2025-03-19 07:00:00,83222.23,83379.7,83070.12,83216.53,897.55,74672433.14
2025-03-19 08:00:00,83216.53,83528.81,83202.29,83433.05,392.89,32768858.52
2025-03-19 09:00:00,83433.05,83607.96,83379.44,83544.96,354.82,29630668.57
2025-03-19 10:00:00,83544.96,83831.72,83473.82,83483.75,695.28,58154807.79
2025-03-19 11:00:00,83483.75,84093.41,83397.45,83890.63,937.47,78579936.09
2025-03-19 12:00:00,83890.63,83928.48,83536.05,83761.2,679.32,56860109.09
2025-03-19 13:00:00,83761.2,84331.84,83631.01,84107.61,1975.98,165982473.7
2025-03-19 14:00:00,84107.61,84405.04,83888.77,84321.07,1903.97,160307825.65
2025-03-19 15:00:00,84321.07,84910.6,84122.26,84755.38,1599.77,135196470.31
2025-03-19 16:00:00,84755.38,84844.03,84446.02,84603.61,1392.09,117801887.62
2025-03-19 17:00:00,84603.61,84724.06,83796.57,84234.76,2072.71,174778226.09
2025-03-19 18:00:00,84234.76,85903.34,83594.37,85660.2,5010.16,424346219.71
2025-03-19 19:00:00,85660.2,85974.21,84977.23,85472.02,4150.34,354628613.94
2025-03-19 20:00:00,85472.02,85882.7,85243.65,85384.77,1180.51,101083792.89
2025-03-19 21:00:00,85384.77,85938.58,85362.41,85677.62,869.38,74469992.13
2025-03-19 22:00:00,85677.62,86535.71,85660.39,86186.99,1390.72,119730025.69
2025-03-19 23:00:00,86186.99,87036.45,86186.98,86878.5,1453.33,125972989.36
2025-03-20 00:00:00,86878.5,87483.4,85978.42,86050.62,3019.85,262164300.99
2025-03-20 01:00:00,86050.62,86389.44,85753.5,85897.35,1158.56,99710957.84
2025-03-20 02:00:00,85897.35,86147.32,85650.6,86098.51,990.74,85071445.87
2025-03-20 03:00:00,86098.51,86159.52,85853.4,85905.92,407.56,35045358.4
2025-03-20 04:00:00,85905.92,85946.22,85453.33,85689.78,373.59,32004495.61
2025-03-20 05:00:00,85689.78,85845.12,85487.9,85840.76,295.76,25340252.91
2025-03-20 06:00:00,85840.76,86016.34,85650.25,85774.14,302.94,26002085.37
2025-03-20 07:00:00,85774.14,85977.0,85720.23,85833.25,165.02,14169927.36
2025-03-20 08:00:00,85833.25,86318.56,85724.37,86255.42,295.24,25405029.95
2025-03-20 09:00:00,86255.42,86279.69,85824.9,85889.28,352.05,30323794.43
2025-03-20 10:00:00,85889.28,85947.47,84756.87,85149.71,1150.1,98051809.11
2025-03-20 11:00:00,85149.71,85490.28,85142.49,85482.23,350.38,29900532.55
2025-03-20 12:00:00,85482.23,85535.63,85187.04,85329.1,581.65,49643326.5
2025-03-20 13:00:00,85329.1,85829.08,85060.68,85485.94,1246.74,106491580.35
2025-03-20 14:00:00,85485.94,86504.86,85459.15,86138.11,2283.08,196656536.01
2025-03-20 15:00:00,86138.11,86187.39,84561.66,84674.61,2900.41,247762129.98
2025-03-20 16:00:00,84674.61,84871.79,83611.66,83759.48,2618.54,220401168.35
2025-03-20 17:00:00,83759.48,84323.37,83694.52,84049.49,1647.61,138364019.02
2025-03-20 18:00:00,84049.49,84290.27,83892.22,84004.15,1117.76,93955873.62
2025-03-20 19:00:00,84004.15,84387.38,83872.32,84141.26,1652.65,139082225.59
2025-03-20 20:00:00,84141.26,84564.75,84111.44,84505.38,697.53,58872102.68
2025-03-20 21:00:00,84505.38,84569.02,84221.69,84327.1,468.34,39526209.71
2025-03-20 22:00:00,84327.1,84470.98,83968.0,84108.54,493.14,41501617.52
2025-03-20 23:00:00,84108.54,84310.8,83879.93,84178.31,470.91,39581357.1
2025-03-21 00:00:00,84178.31,84475.77,84148.27,84449.04,343.56,28982364.16
2025-03-21 01:00:00,84449.04,84741.92,84327.55,84733.06,373.9,31604810.13
2025-03-21 02:00:00,84733.06,84798.7,84481.18,84636.21,367.93,31135932.6
2025-03-21 03:00:00,84636.21,84680.23,84239.41,84421.02,397.98,33593167.47
2025-03-21 04:00:00,84421.02,84781.49,84420.16,84646.27,296.59,25101459.72
2025-03-21 05:00:00,84646.27,84647.09,84317.51,84433.83,192.34,16239498.26
2025-03-21 06:00:00,84433.83,84438.5,84041.57,84172.12,350.36,29498853.65
2025-03-21 07:00:00,84172.12,84241.52,83705.01,83901.29,382.42,32098656.98
2025-03-21 08:00:00,83901.29,84114.82,83701.26,83986.73,403.8,33886850.83
2025-03-21 09:00:00,83986.73,84289.28,83766.49,84096.96,276.14,23216677.03
2025-03-21 10:00:00,84096.96,84247.65,83870.53,84128.01,252.78,21252288.11
2025-03-21 11:00:00,84128.01,84139.89,83909.81,84016.54,191.78,16113260.68
2025-03-21 12:00:00,84016.54,84319.12,83357.21,83424.14,941.3,78868350.31
2025-03-21 13:00:00,83424.14,84051.7,83129.17,83892.65,1960.3,163925851.56
2025-03-21 14:00:00,83892.65,84245.61,83468.75,84207.37,1915.48,160752822.42
2025-03-21 15:00:00,84207.37,84246.76,83514.26,83525.65,1032.7,86527082.69
2025-03-21 16:00:00,83525.65,84101.01,83332.67,84062.98,1019.6,85370412.92
2025-03-21 17:00:00,84062.98,84120.0,83664.13,83985.94,889.24,74595023.25
2025-03-21 18:00:00,83985.94,84384.39,83865.11,84071.2,744.55,62608546.73
2025-03-21 19:00:00,84071.2,84154.16,83763.88,83921.44,1107.59,93004090.52
2025-03-21 20:00:00,83921.44,84204.05,83780.07,84181.03,992.12,83310456.52
2025-03-21 21:00:00,84181.03,84551.92,84147.9,84371.18,616.95,52030999.32
2025-03-21 22:00:00,84371.18,84380.08,84076.67,84145.31,512.34,43160489.92
2025-03-21 23:00:00,84145.31,84194.74,84016.07,84060.48,237.7,19988826.52
2025-03-22 00:00:00,84060.48,84223.21,84015.14,84168.4,282.34,23751350.22
2025-03-22 01:00:00,84168.4,84295.22,83968.5,84048.47,247.46,20818549.42
2025-03-22 02:00:00,84048.47,84222.53,83996.55,84159.45,140.84,11848344.6
2025-03-22 03:00:00,84159.45,84262.0,84109.28,84228.37,136.5,11492099.92
2025-03-22 04:00:00,84228.37,84358.06,84181.1,84337.39,108.9,9176863.65
2025-03-22 05:00:00,84337.39,84395.84,84226.68,84285.32,100.8,8497718.23
2025-03-22 06:00:00,84285.32,84364.4,84139.76,84306.23,108.4,9138126.13
2025-03-22 07:00:00,84306.23,84362.83,84204.8,84253.07,130.47,10998322.02
2025-03-22 08:00:00,84253.07,84263.18,84111.83,84201.06,123.32,10384311.44
2025-03-22 09:00:00,84201.06,84503.68,84200.97,84334.68,225.68,19042478.36
2025-03-22 10:00:00,84334.68,84416.21,84332.99,84391.7,144.16,12163531.7
2025-03-22 11:00:00,84391.7,84401.54,84192.4,84213.65,161.91,13645721.17
2025-03-22 12:00:00,84213.65,84270.04,84165.95,84212.11,152.59,12849888.15
2025-03-22 13:00:00,84212.11,84226.3,84042.68,84162.21,198.87,16732099.85
2025-03-22 14:00:00,84162.21,84191.03,83995.12,84005.21,225.15,18935054.05
2025-03-22 15:00:00,84005.21,84124.01,83971.1,84103.09,223.26,18762914.22
2025-03-22 16:00:00,84103.09,84149.14,84055.86,84134.46,270.02,22708393.62
2025-03-22 17:00:00,84134.46,84256.14,84111.64,84237.67,263.75,22201145.61
2025-03-22 18:00:00,84237.67,84319.08,84192.84,84246.84,191.95,16174830.71
2025-03-22 19:00:00,84246.84,84273.32,84163.46,84173.9,190.97,16084754.98
2025-03-22 20:00:00,84173.9,84210.45,83937.77,83938.31,294.38,24757990.38
2025-03-22 21:00:00,83938.31,84092.84,83843.64,84000.51,299.67,25169416.96
2025-03-22 22:00:00,84000.51,84073.27,83954.86,83958.73,161.6,13577100.49
2025-03-22 23:00:00,83958.73,83969.8,83661.65,83837.39,401.28,33637870.42
2025-03-23 00:00:00,83837.39,84048.78,83807.2,84005.17,203.08,17049355.09
2025-03-23 01:00:00,84005.17,84130.31,83979.6,84064.43,173.73,14605322.11
2025-03-23 02:00:00,84064.43,84266.86,83991.6,84226.82,219.0,18428343.74
2025-03-23 03:00:00,84226.82,84242.29,84134.48,84222.53,181.79,15306149.55
2025-03-23 04:00:00,84222.53,84226.6,84071.42,84108.7,140.85,11848932.44
2025-03-23 05:00:00,84108.7,84243.03,84103.19,84225.16,125.16,10535044.82
2025-03-23 06:00:00,84225.16,84297.4,84193.61,84243.2,100.48,8464980.57
2025-03-23 07:00:00,84243.2,84328.27,84219.22,84275.57,103.53,8724726.06
2025-03-23 08:00:00,84275.57,84352.62,84258.68,84340.05,116.5,9823363.31
2025-03-23 09:00:00,84340.05,84375.7,84310.82,84322.16,128.65,10850174.1
2025-03-23 10:00:00,84322.16,84505.39,84309.08,84461.34,165.28,13949498.69
2025-03-23 11:00:00,84461.34,85022.53,84461.3,84683.87,582.5,49405356.62
2025-03-23 12:00:00,84683.87,84807.84,84577.0,84723.44,228.39,19346450.26
2025-03-23 13:00:00,84723.44,85086.6,84645.76,85068.37,360.11,30574935.58
2025-03-23 14:00:00,85068.37,85190.02,84860.39,84898.81,439.39,37341157.18
2025-03-23 15:00:00,84898.81,85241.48,84894.05,85176.4,396.4,33733546.1
2025-03-23 16:00:00,85176.4,85371.82,84954.48,85250.79,492.87,41984448.01
2025-03-23 17:00:00,85250.79,85403.82,84888.11,85012.55,656.65,55882576.38
2025-03-23 18:00:00,85012.55,85032.35,84815.28,84979.02,363.0,30829483.83
2025-03-23 19:00:00,84979.02,85082.63,84909.96,85017.18,306.75,26084336.01
2025-03-23 20:00:00,85017.18,85272.41,85017.16,85114.17,276.71,23571031.69
2025-03-23 21:00:00,85114.17,85193.35,84932.5,85189.53,346.75,29479848.95
2025-03-23 22:00:00,85189.53,85683.2,85176.69,85375.31,613.25,52374268.15
2025-03-23 23:00:00,85375.31,86126.45,85375.3,86091.67,729.78,62594662.42
2025-03-24 00:00:00,86091.67,86643.18,85869.23,86037.95,910.84,78551513.34
2025-03-24 01:00:00,86037.95,86046.34,85550.23,85576.1,525.93,45103450.68
2025-03-24 02:00:00,85576.1,85952.19,85546.71,85894.22,488.71,41903113.82
2025-03-24 03:00:00,85894.22,86566.34,85881.98,86533.51,723.37,62415696.77
2025-03-24 04:00:00,86533.51,86938.04,86533.48,86853.82,515.43,44723246.17
2025-03-24 05:00:00,86853.82,87033.17,86825.09,86915.14,460.48,40031931.33
2025-03-24 06:00:00,86915.14,87295.59,86911.32,87122.43,681.94,59383183.73
2025-03-24 07:00:00,87122.43,87188.38,86773.24,86891.58,357.59,31091169.66
2025-03-24 08:00:00,86891.58,87519.83,86874.62,87421.37,476.99,41636293.09
2025-03-24 09:00:00,87421.37,87514.61,87138.4,87171.65,350.05,30560112.27
2025-03-24 10:00:00,87171.65,87895.13,87141.61,87807.68,504.33,44189781.99
2025-03-24 11:00:00,87807.68,87844.77,87538.31,87707.11,361.03,31667707.15
2025-03-24 12:00:00,87707.11,87714.14,87273.02,87338.84,1052.19,92008514.98
2025-03-24 13:00:00,87338.84,87728.98,87151.54,87712.52,1441.6,126002611.46
2025-03-24 14:00:00,87712.52,88782.52,87666.26,87986.29,4352.33,384167884.84
2025-03-24 15:00:00,87986.29,88410.34,87727.27,88353.78,2166.17,190775073.06
2025-03-24 16:00:00,88353.78,88514.21,87721.18,88070.27,1713.45,150987617.95
2025-03-24 17:00:00,88070.27,88481.25,87969.07,88477.97,1063.33,93903849.37
2025-03-24 18:00:00,88477.97,88574.4,88159.57,88495.43,1805.5,159641714.73
2025-03-24 19:00:00,88495.43,88558.79,88016.13,88291.95,2228.63,196778689.53
2025-03-24 20:00:00,88291.95,88531.17,87854.58,87875.33,1650.06,145547809.87
2025-03-24 21:00:00,87875.33,88310.63,87853.86,88146.92,896.29,78945274.17
2025-03-24 22:00:00,88146.92,88220.42,87354.81,87469.9,842.71,73903771.53
2025-03-24 23:00:00,87469.9,87546.43,87092.21,87520.48,656.76,57342354.35
2025-03-25 00:00:00,87520.48,87705.81,87280.8,87628.94,556.15,48676373.75
2025-03-25 01:00:00,87628.94,87628.96,86831.65,87111.28,725.73,63220010.84
2025-03-25 02:00:00,87111.28,87112.43,86855.2,86879.23,442.12,38456966.89
2025-03-25 03:00:00,86879.23,87010.61,86361.38,86535.52,819.98,71046403.7
2025-03-25 04:00:00,86535.52,86666.29,86325.18,86559.42,460.81,39857177.2
2025-03-25 05:00:00,86559.42,86791.01,86423.22,86678.73,395.75,34280115.78
2025-03-25 06:00:00,86678.73,86885.51,86547.16,86559.78,455.35,39483713.12
2025-03-25 07:00:00,86559.78,86829.56,86348.96,86453.39,438.35,37940335.35
2025-03-25 08:00:00,86453.39,86770.91,86425.16,86732.81,264.4,22903398.73
2025-03-25 09:00:00,86732.81,87350.93,86663.16,87243.34,582.47,50720385.64
2025-03-25 10:00:00,87243.34,87299.19,86970.53,87148.13,340.55,29670681.68
2025-03-25 11:00:00,87148.13,87509.45,87075.79,87388.73,458.99,40096182.6
2025-03-25 12:00:00,87388.73,87454.25,86953.16,87095.92,644.65,56213851.22
2025-03-25 13:00:00,87095.92,87986.09,87067.13,87629.93,2193.35,192001921.32
2025-03-25 14:00:00,87629.93,88248.52,87367.6,88043.98,2363.52,207612856.75
2025-03-25 15:00:00,88043.98,88287.47,87746.06,87804.78,1770.95,155807839.5
2025-03-25 16:00:00,87804.78,87992.79,87668.58,87832.21,1091.0,95801861.79
2025-03-25 17:00:00,87832.21,88363.49,87832.21,87970.0,1796.14,158256121.72
2025-03-25 18:00:00,87970.0,88081.22,87620.72,87869.03,954.91,83850228.8
2025-03-25 19:00:00,87869.03,88308.82,87864.47,88164.21,1693.25,149116384.47
2025-03-25 20:00:00,88164.21,88575.0,87862.5,87904.55,1741.56,153714933.04
2025-03-25 21:00:00,87904.55,88252.78,87770.43,87797.31,862.68,75928560.5
2025-03-25 22:00:00,87797.31,87851.73,87222.66,87504.34,1248.33,109350307.84
2025-03-25 23:00:00,87504.34,87544.81,87178.86,87439.7,796.21,69567838.59
2025-03-26 00:00:00,87439.7,87835.41,87267.02,87675.59,491.25,43024178.52
2025-03-26 01:00:00,87675.59,87922.61,87607.27,87869.22,465.74,40889791.46
2025-03-26 02:00:00,87869.22,87869.28,87339.77,87359.81,523.19,45826962.23
2025-03-26 03:00:00,87359.81,87432.25,87067.39,87178.28,420.29,36657597.02
2025-03-26 04:00:00,87178.28,87478.39,87090.8,87353.64,355.04,30987585.47
2025-03-26 05:00:00,87353.64,87661.68,87253.87,87552.47,350.52,30657809.95
2025-03-26 06:00:00,87552.47,87958.41,87483.73,87934.76,274.77,24093307.66
2025-03-26 07:00:00,87934.76,88297.12,87791.39,88173.12,387.5,34130697.02
2025-03-26 08:00:00,88173.12,88225.68,87918.33,87990.33,248.34,21863023.83
2025-03-26 09:00:00,87990.33,88069.18,87863.56,87964.34,192.99,16975685.7
2025-03-26 10:00:00,87964.34,88290.92,87964.32,88247.14,243.69,21484331.66
2025-03-26 11:00:00,88247.14,88282.57,87976.27,87996.71,380.2,33514572.59
2025-03-26 12:00:00,87996.71,88043.22,87626.25,87827.72,700.82,61565835.15
2025-03-26 13:00:00,87827.72,87957.49,86754.14,86883.01,1860.65,162803800.7
2025-03-26 14:00:00,86883.01,87319.07,86473.15,86793.0,2680.45,232750139.15
2025-03-26 15:00:00,86793.0,87031.02,86584.34,86766.22,1590.71,138100262.44
2025-03-26 16:00:00,86766.22,87062.11,86421.26,86528.34,1239.85,107518245.28
2025-03-26 17:00:00,86528.34,86840.88,86496.39,86570.23,1015.91,87986926.13
2025-03-26 18:00:00,86570.23,86759.07,86193.65,86216.44,853.57,73857075.63
2025-03-26 19:00:00,86216.44,86791.58,85867.66,86577.81,1763.42,152180090.35
2025-03-26 20:00:00,86577.81,87420.39,86527.38,87287.0,2209.82,192500153.98
2025-03-26 21:00:00,87287.0,87307.23,86756.71,87144.61,487.36,42443290.83
2025-03-26 22:00:00,87144.61,87148.94,86784.75,86853.1,408.02,35472591.14
2025-03-26 23:00:00,86853.1,86955.65,86586.97,86923.95,513.25,44538893.68
2025-03-27 00:00:00,86923.95,87319.8,86818.96,87306.08,577.24,50266628.88
2025-03-27 01:00:00,87306.08,87534.67,87211.46,87405.76,423.74,37021326.51
2025-03-27 02:00:00,87405.76,87779.02,87367.74,87596.01,483.37,42340927.28
2025-03-27 03:00:00,87596.01,87701.08,87469.69,87692.56,339.94,29775029.63
2025-03-27 04:00:00,87692.56,87717.17,87451.2,87546.72,185.61,16249161.28
2025-03-27 05:00:00,87546.72,87546.73,87295.87,87336.63,182.13,15920243.32
2025-03-27 06:00:00,87336.63,87568.73,87319.86,87370.06,145.54,12728004.26
2025-03-27 07:00:00,87370.06,87449.1,87288.13,87431.74,170.65,14908180.72
2025-03-27 08:00:00,87431.74,87608.99,87291.38,87459.87,315.95,27630711.67
2025-03-27 09:00:00,87459.87,87551.32,87421.35,87441.95,234.5,20516913.29
2025-03-27 10:00:00,87441.95,87602.42,87142.22,87214.27,262.0,22892868.49
2025-03-27 11:00:00,87214.27,87329.84,86819.57,86959.42,344.7,29998405.43
2025-03-27 12:00:00,86959.42,87119.46,86732.8,86775.03,471.66,41008207.21
2025-03-27 13:00:00,86775.03,86868.33,85817.84,86381.13,2360.92,203512922.46
2025-03-27 14:00:00,86381.13,87310.06,86195.43,87293.57,2625.08,227710926.24
2025-03-27 15:00:00,87293.57,87575.11,86756.46,86960.25,2076.4,181101057.24
2025-03-27 16:00:00,86960.25,87259.87,86798.27,86823.33,874.8,76132076.53
2025-03-27 17:00:00,86823.33,87147.27,86784.13,86893.18,972.88,84581493.72
2025-03-27 18:00:00,86893.18,87413.85,86865.57,87193.19,780.13,68000766.76
2025-03-27 19:00:00,87193.19,87420.41,87015.83,87050.85,1437.68,125456996.66
2025-03-27 20:00:00,87050.85,87339.28,86934.19,87311.65,528.04,46028356.91
2025-03-27 21:00:00,87311.65,87713.63,87240.05,87555.57,572.73,50086206.04
2025-03-27 22:00:00,87555.57,87589.96,87302.31,87340.81,245.42,21453173.38
2025-03-27 23:00:00,87340.81,87353.57,87116.54,87218.89,357.41,31172310.56
2025-03-28 00:00:00,87218.89,87385.48,86916.28,87341.67,502.09,43747741.82
2025-03-28 01:00:00,87341.67,87492.39,87109.94,87222.29,397.69,34717968.74
2025-03-28 02:00:00,87222.29,87314.87,86936.95,86964.92,527.66,45974707.29
2025-03-28 03:00:00,86964.92,86997.14,86738.55,86772.44,710.7,61715498.77
2025-03-28 04:00:00,86772.44,86813.23,85936.85,86290.56,1111.51,96049014.61
2025-03-28 05:00:00,86290.56,86290.64,85806.63,86040.04,499.17,42938027.28
2025-03-28 06:00:00,86040.04,86226.05,85647.03,85696.68,664.59,57117614.7
2025-03-28 07:00:00,85696.68,85848.58,85131.56,85175.96,1059.39,90527867.63
2025-03-28 08:00:00,85175.96,85404.74,85028.38,85184.93,772.02,65778345.49
2025-03-28 09:00:00,85184.93,85377.51,84974.08,85129.37,603.99,51429987.89
2025-03-28 10:00:00,85129.37,85230.9,84876.91,84925.87,501.15,42630749.75
2025-03-28 11:00:00,84925.87,85226.09,84785.87,85221.95,690.51,58695211.73
2025-03-28 12:00:00,85221.95,85524.25,84870.4,85016.29,1361.72,115919004.56
2025-03-28 13:00:00,85016.29,85544.05,84895.58,84974.66,1900.51,161974157.83
2025-03-28 14:00:00,84974.66,85081.81,84110.74,84127.16,3480.8,293750813.07
2025-03-28 15:00:00,84127.16,84492.54,83910.88,84013.32,2259.02,190178338.48
2025-03-28 16:00:00,84013.32,84158.41,83634.94,83750.32,1805.35,151474428.29
2025-03-28 17:00:00,83750.32,83957.44,83544.63,83948.33,1234.24,103346357.39
2025-03-28 18:00:00,83948.33,84120.17,83676.52,83827.88,1062.92,89175820.63
2025-03-28 19:00:00,83827.88,83846.66,83590.9,83742.26,2015.52,168676735.05
2025-03-28 20:00:00,83742.26,84102.64,83680.58,83767.07,1110.14,93072747.56
2025-03-28 21:00:00,83767.07,84066.67,83674.42,84007.8,329.27,27618857.84
2025-03-28 22:00:00,84007.8,84438.52,84007.8,84436.82,464.1,39086016.46
2025-03-28 23:00:00,84436.82,84485.28,84174.38,84387.01,319.88,26971371.29
2025-03-29 00:00:00,84387.01,84583.02,84330.44,84365.62,333.58,28170381.78
2025-03-29 01:00:00,84365.62,84474.67,84192.0,84257.56,334.26,28181530.8
2025-03-29 02:00:00,84257.56,84397.45,83814.31,83837.07,503.03,42344256.38
2025-03-29 03:00:00,83837.07,84233.07,83692.55,84151.58,511.76,42965666.03
2025-03-29 04:00:00,84151.58,84232.85,83951.14,84048.77,184.45,15506909.65
2025-03-29 05:00:00,84048.77,84067.6,83835.18,83993.23,274.98,23084042.05
2025-03-29 06:00:00,83993.23,83993.49,83654.53,83769.58,126.47,10595510.42
2025-03-29 07:00:00,83769.58,83850.88,83640.96,83711.05,103.01,8628295.05
2025-03-29 08:00:00,83711.05,83904.32,83651.65,83893.93,123.92,10382927.47
2025-03-29 09:00:00,83893.93,83911.07,83233.83,83518.0,632.34,52780768.09
2025-03-29 10:00:00,83518.0,83527.1,82793.49,82890.14,659.69,54840371.62
2025-03-29 11:00:00,82890.14,83067.94,81985.66,82259.03,1178.07,97194343.67
2025-03-29 12:00:00,82259.03,82476.51,82120.32,82430.49,632.21,52043692.04
2025-03-29 13:00:00,82430.49,82830.31,82426.3,82813.48,525.51,43429742.66
2025-03-29 14:00:00,82813.48,82854.1,82441.07,82487.25,454.84,37580493.6
2025-03-29 15:00:00,82487.25,82602.44,82371.35,82395.32,350.03,28867858.23
2025-03-29 16:00:00,82395.32,82652.34,82156.9,82172.06,718.99,59225699.42
2025-03-29 17:00:00,82172.06,82587.6,81634.23,82318.83,1353.03,111014285.69
2025-03-29 18:00:00,82318.83,82647.18,82207.6,82333.33,580.89,47883781.51
2025-03-29 19:00:00,82333.33,82728.9,82190.15,82728.2,589.32,48530692.58
2025-03-29 20:00:00,82728.2,82764.32,82414.18,82486.37,499.42,41248423.05
2025-03-29 21:00:00,82486.37,82661.17,82346.17,82496.22,289.04,23849531.08
2025-03-29 22:00:00,82496.22,82499.11,82246.16,82382.37,175.85,14492315.6
2025-03-29 23:00:00,82382.37,82649.85,82323.22,82625.65,193.93,15993299.86
2025-03-30 00:00:00,82625.65,82866.34,82489.94,82780.42,372.79,30820032.86
2025-03-30 01:00:00,82780.42,83047.64,82753.69,82925.41,513.3,42570945.81
2025-03-30 02:00:00,82925.41,83350.01,82908.28,83303.68,439.86,36586063.5
2025-03-30 03:00:00,83303.68,83485.53,83042.37,83077.75,402.47,33520402.89
2025-03-30 04:00:00,83077.75,83294.3,83068.97,83100.4,176.69,14695753.11
2025-03-30 05:00:00,83100.4,83205.74,82921.11,82951.89,241.0,20044000.99
2025-03-30 06:00:00,82951.89,83281.32,82857.54,83173.35,250.67,20816983.89
2025-03-30 07:00:00,83173.35,83300.12,83060.42,83066.34,148.56,12357202.76
2025-03-30 08:00:00,83066.34,83384.63,83066.17,83364.37,196.64,16380512.48
2025-03-30 09:00:00,83364.37,83500.5,83248.84,83483.2,162.99,13592041.1
2025-03-30 10:00:00,83483.2,83516.72,83054.06,83109.39,266.67,22189553.75
2025-03-30 11:00:00,83109.39,83347.06,82972.45,83100.15,229.46,19077429.53
2025-03-30 12:00:00,83100.15,83248.44,82974.93,83053.16,299.48,24881134.51
2025-03-30 13:00:00,83053.16,83137.45,82571.55,82675.08,710.73,58843855.58
2025-03-30 14:00:00,82675.08,83002.51,82609.08,82784.98,483.28,39999985.21
2025-03-30 15:00:00,82784.98,83040.41,82701.36,82711.21,290.81,24093109.58
2025-03-30 16:00:00,82711.21,82791.55,82165.44,82272.42,738.16,60861287.25
2025-03-30 17:00:00,82272.42,82545.82,82038.3,82391.04,649.79,53511809.8
2025-03-30 18:00:00,82391.04,82769.2,82390.77,82710.3,613.0,50652160.88
2025-03-30 19:00:00,82710.3,82874.12,82540.51,82540.98,425.08,35141419.86
2025-03-30 20:00:00,82540.98,82638.61,82387.15,82547.21,330.45,27291201.64
2025-03-30 21:00:00,82547.21,82684.86,82064.91,82244.42,372.37,30701186.42
2025-03-30 22:00:00,82244.42,82741.5,81563.47,82415.15,1040.19,85453808.34
2025-03-30 23:00:00,82415.15,82427.37,81937.09,82379.51,797.14,65508387.32
2025-03-31 00:00:00,82379.51,82445.15,81290.13,81632.27,1255.23,102650974.09
2025-03-31 01:00:00,81632.27,82259.67,81546.91,81964.38,1113.14,91173096.42
2025-03-31 02:00:00,81964.38,82163.22,81649.77,81933.44,726.11,59430307.09
2025-03-31 03:00:00,81933.44,82030.17,81486.59,81526.06,654.23,53467198.22
2025-03-31 04:00:00,81526.06,81864.83,81416.41,81848.03,280.68,22909538.44
2025-03-31 05:00:00,81848.03,82295.59,81840.88,82155.6,280.23,23010300.43
2025-03-31 06:00:00,82155.6,82250.77,81928.26,82042.99,297.73,24438577.47
2025-03-31 07:00:00,82042.99,82288.81,81752.14,81905.88,402.48,32974271.82
2025-03-31 08:00:00,81905.88,82254.91,81889.21,81899.93,304.69,25017892.7
2025-03-31 09:00:00,81899.93,81963.89,81335.17,81452.16,406.18,33141573.54
2025-03-31 10:00:00,81452.16,82212.94,81297.81,82169.0,547.34,44742825.35
2025-03-31 11:00:00,82169.0,82266.35,81901.02,82186.48,467.1,38334554.25
2025-03-31 12:00:00,82186.48,83146.29,81915.5,82786.43,1252.03,103314024.97
2025-03-31 13:00:00,82786.43,82867.6,81651.54,82494.02,2593.4,213287713.12
2025-03-31 14:00:00,82494.02,83742.08,82490.14,83493.61,3336.32,277573564.0
2025-03-31 15:00:00,83493.61,83917.4,83398.99,83419.41,1536.41,128467412.27
2025-03-31 16:00:00,83419.41,83692.01,83252.88,83294.15,987.89,82410361.41
2025-03-31 17:00:00,83294.15,83538.76,82571.01,82682.07,1214.95,100893810.06
2025-03-31 18:00:00,82682.07,83557.75,82674.35,83290.88,1173.67,97707905.26
2025-03-31 19:00:00,83290.88,83429.22,82383.02,82436.23,1827.52,151511568.4
2025-03-31 20:00:00,82436.23,82833.26,82353.5,82424.27,798.56,65961678.42
2025-03-31 21:00:00,82424.27,82727.74,82408.86,82548.34,707.84,58454718.22
2025-03-31 22:00:00,82548.34,82554.34,82253.78,82388.0,302.65,24926245.62
2025-03-31 23:00:00,82388.0,82846.65,82277.45,82539.52,471.09,38866305.03
2025-04-01 00:00:00,82539.52,82801.8,82419.98,82638.92,519.54,42929844.27
2025-04-01 01:00:00,82638.92,82724.22,82448.52,82689.83,466.79,38557035.9
2025-04-01 02:00:00,82689.83,83088.58,82640.27,83081.38,524.78,43500560.55
2025-04-01 03:00:00,83081.38,83231.93,82922.61,82952.06,416.76,34630204.6
2025-04-01 04:00:00,82952.06,83219.98,82881.57,83057.25,185.02,15366261.04
2025-04-01 05:00:00,83057.25,83312.61,82987.55,82995.97,204.81,17036030.31
2025-04-01 06:00:00,82995.97,83491.73,82886.49,83452.84,411.03,34195666.99
2025-04-01 07:00:00,83452.84,83590.21,83384.33,83458.12,293.85,24532261.13
2025-04-01 08:00:00,83458.12,84199.92,83429.45,84111.91,885.34,74301056.61
2025-04-01 09:00:00,84111.91,84387.67,84108.78,84350.12,445.71,37554796.33
2025-04-01 10:00:00,84350.12,84502.82,84160.71,84182.42,711.0,59948544.0
2025-04-01 11:00:00,84182.42,84204.93,83837.8,83921.77,540.14,45382562.25
2025-04-01 12:00:00,83921.77,84144.89,83610.49,83612.16,535.83,44948438.86
2025-04-01 13:00:00,83612.16,83883.96,83402.02,83673.03,1598.56,133740855.41
2025-04-01 14:00:00,83673.03,84340.72,82512.89,84197.53,4168.85,347214543.65
2025-04-01 15:00:00,84197.53,85509.24,84181.84,85288.63,3792.34,322062222.01
2025-04-01 16:00:00,85288.63,85492.53,84832.45,85124.0,1940.86,165223863.9
2025-04-01 17:00:00,85124.0,85330.73,84912.34,85121.34,1201.13,102238648.82
2025-04-01 18:00:00,85121.34,85174.92,84719.35,85119.51,1032.86,87726658.4
2025-04-01 19:00:00,85119.51,85176.59,84806.22,84955.09,1150.51,97814228.44
2025-04-01 20:00:00,84955.09,85342.71,84774.81,85245.5,726.04,61760537.77
2025-04-01 21:00:00,85245.5,85472.65,85139.64,85216.36,487.94,41606562.82
2025-04-01 22:00:00,85216.36,85464.62,85089.94,85100.36,523.06,44599082.2
2025-04-01 23:00:00,85100.36,85554.98,84983.0,85174.96,533.61,45485596.32
2025-04-02 00:00:00,85174.96,85257.28,84931.95,84966.68,580.11,49371738.86
2025-04-02 01:00:00,84966.68,85209.85,84863.47,85157.84,480.77,40867772.65
2025-04-02 02:00:00,85157.84,85166.82,84649.62,84724.25,645.02,54702855.87
2025-04-02 03:00:00,84724.25,84907.96,84511.96,84555.07,501.8,42507771.33
2025-04-02 04:00:00,84555.07,84727.13,84314.68,84608.83,472.07,39858930.37
2025-04-02 05:00:00,84608.83,84608.86,84109.55,84109.76,350.28,29523378.05
2025-04-02 06:00:00,84109.76,84351.78,83917.91,84132.96,545.12,45843153.64
2025-04-02 07:00:00,84132.96,84459.7,84013.23,84427.45,414.0,34883915.26
2025-04-02 08:00:00,84427.45,84747.91,84273.48,84673.35,562.86,47585692.15
2025-04-02 09:00:00,84673.35,85432.83,84643.62,85022.02,597.61,50837170.2
2025-04-02 10:00:00,85022.02,85296.71,84839.57,84860.76,431.11,36642294.23
2025-04-02 11:00:00,84860.76,84971.56,84548.02,84564.82,329.32,27915702.8
2025-04-02 12:00:00,84564.82,85057.22,84476.68,85050.98,865.11,73321633.06
2025-04-02 13:00:00,85050.98,86099.08,84484.2,85255.38,2775.8,237084528.05
2025-04-02 14:00:00,85255.38,85966.47,85224.91,85876.35,2419.5,207236490.26
2025-04-02 15:00:00,85876.35,87370.2,85823.05,86777.89,5117.91,444135692.07
2025-04-02 16:00:00,86777.89,87230.46,86603.79,87060.58,1472.59,128043218.91
2025-04-02 17:00:00,87060.58,87323.06,86356.7,86623.64,1717.39,149163415.18
2025-04-02 18:00:00,86623.64,86732.69,86218.03,86287.73,1369.86,118451354.62
2025-04-02 19:00:00,86287.73,87009.03,86190.16,86925.72,1631.09,141023553.47
2025-04-02 20:00:00,86925.72,88505.24,85214.92,85644.77,8964.98,774840353.0
2025-04-02 21:00:00,85644.77,85722.46,84030.18,84847.38,3200.38,270843425.37
2025-04-02 22:00:00,84847.38,84847.38,82654.33,82793.98,3290.26,275061124.24
2025-04-02 23:00:00,82793.98,82794.59,82299.2,82490.58,2425.12,200169056.75
2025-04-03 00:00:00,82490.58,83388.18,82153.71,83206.03,1685.41,139712646.22
2025-04-03 01:00:00,83206.03,83928.41,83089.07,83756.9,1212.71,101247619.05
2025-04-03 02:00:00,83756.9,83879.27,83263.47,83757.43,921.12,76985678.55
2025-04-03 03:00:00,83757.43,83765.07,83350.24,83478.66,472.5,39468240.07
2025-04-03 04:00:00,83478.66,83730.92,83276.95,83557.34,361.2,30157144.47
2025-04-03 05:00:00,83557.34,83693.56,83336.46,83337.9,319.65,26686101.42
2025-04-03 06:00:00,83337.9,83402.63,83009.08,83051.04,400.57,33348806.69
2025-04-03 07:00:00,83051.04,83482.72,82999.03,83456.24,382.56,31830615.79
2025-04-03 08:00:00,83456.24,83769.81,83449.9,83687.33,602.46,50383125.58
2025-04-03 09:00:00,83687.33,83754.26,83445.29,83473.34,334.51,27979254.45
2025-04-03 10:00:00,83473.34,83734.32,83151.21,83222.53,748.28,62447986.06
2025-04-03 11:00:00,83222.53,83335.14,83025.26,83071.09,482.6,40128114.79
2025-04-03 12:00:00,83071.09,83123.75,81852.26,81927.07,2091.24,172221401.24
2025-04-03 13:00:00,81927.07,82737.84,81760.43,82328.66,3421.63,281162514.19
2025-04-03 14:00:00,82328.66,82360.17,81271.92,81489.49,3963.4,324464713.27
2025-04-03 15:00:00,81489.49,82052.56,81178.57,82008.33,2514.29,205315453.29
2025-04-03 16:00:00,82008.33,82423.73,81690.42,81791.24,1784.51,146413598.52
2025-04-03 17:00:00,81791.24,82129.1,81599.16,81796.3,1176.49,96275613.36
2025-04-03 18:00:00,81796.3,82258.48,81500.72,82055.98,1452.45,118791797.94
2025-04-03 19:00:00,82055.98,82302.7,81776.81,81943.13,1451.77,119082351.43
2025-04-03 20:00:00,81943.13,82381.8,81758.71,82317.97,615.97,50501420.29
2025-04-03 21:00:00,82317.97,82816.22,82289.1,82689.6,665.82,54935336.74
2025-04-03 22:00:00,82689.6,82839.2,82567.75,82701.74,504.99,41775197.16
2025-04-03 23:00:00,82701.74,83283.37,82469.68,83158.8,774.33,64147577.84
2025-04-04 00:00:00,83158.8,83378.45,82966.04,83011.79,776.97,64615199.45
2025-04-04 01:00:00,83011.79,83310.66,82568.71,82666.61,743.9,61737318.79
2025-04-04 02:00:00,82666.61,83157.86,82666.61,82877.44,462.02,38313743.05
2025-04-04 03:00:00,82877.44,83028.67,82666.63,82791.21,371.55,30768938.04
2025-04-04 04:00:00,82791.21,82891.8,82584.07,82694.98,384.86,31844429.27
2025-04-04 05:00:00,82694.98,83178.59,82617.48,83170.47,333.29,27653511.79
2025-04-04 06:00:00,83170.47,83228.24,83015.52,83026.71,298.59,24826341.98
2025-04-04 07:00:00,83026.71,83995.21,83026.7,83982.6,750.49,62762532.5
2025-04-04 08:00:00,83982.6,84636.97,83982.6,84408.27,1029.17,86841268.75
2025-04-04 09:00:00,84408.27,84716.02,84127.61,84577.23,608.67,51394388.74
2025-04-04 10:00:00,84577.23,84687.87,82413.17,82558.3,2590.9,215624736.9
2025-04-04 11:00:00,82558.3,82758.95,81648.68,82663.6,1943.75,159726124.98
2025-04-04 12:00:00,82663.6,83071.78,82190.85,82841.01,3659.51,302206869.56
2025-04-04 13:00:00,82841.01,83457.93,82104.43,83321.56,3846.06,318057306.53
2025-04-04 14:00:00,83321.56,83472.75,81797.08,82531.85,4359.96,360017725.08
2025-04-04 15:00:00,82531.85,83672.01,82433.72,82824.23,3787.24,314889018.97
2025-04-04 16:00:00,82824.23,83511.44,82696.26,83350.05,2524.52,209872354.07
2025-04-04 17:00:00,83350.05,84578.91,82909.28,84429.62,2830.78,237172168.47
2025-04-04 18:00:00,84429.62,84556.5,83705.02,83948.4,1985.86,166845255.79
2025-04-04 19:00:00,83948.4,84427.47,83751.28,83976.37,1696.46,142699078.28
2025-04-04 20:00:00,83976.37,84247.82,83458.27,84129.5,1022.44,85783364.7
2025-04-04 21:00:00,84129.5,84415.43,83910.49,84154.73,481.1,40490932.39
2025-04-04 22:00:00,84154.73,84238.44,83995.53,84031.05,238.1,20022692.65
2025-04-04 23:00:00,84031.05,84074.35,83617.39,83860.21,378.43,31720440.34
2025-04-05 00:00:00,83860.21,83860.22,83405.94,83759.96,435.01,36381191.95
2025-04-05 01:00:00,83759.96,84230.44,83759.94,83952.58,483.21,40599774.82
2025-04-05 02:00:00,83952.58,84061.34,83778.4,83941.86,360.79,30279388.52
2025-04-05 03:00:00,83941.86,83945.05,83603.44,83606.04,293.62,24589263.81
2025-04-05 04:00:00,83606.04,83836.41,83587.82,83658.47,212.94,17824685.28
2025-04-05 05:00:00,83658.47,83833.68,83610.8,83665.45,111.41,9329034.69
2025-04-05 06:00:00,83665.45,83697.99,83311.8,83446.51,245.89,20526484.38
2025-04-05 07:00:00,83446.51,83529.95,83340.61,83491.28,139.4,11628143.07
2025-04-05 08:00:00,83491.28,83617.07,83342.13,83492.38,156.66,13080411.25
2025-04-05 09:00:00,83492.38,83821.27,83488.21,83805.77,196.46,16439064.1
2025-04-05 10:00:00,83805.77,83867.46,83557.52,83621.0,115.19,9640734.55
2025-04-05 11:00:00,83621.0,83667.8,83422.13,83435.51,259.19,21665577.15
2025-04-05 12:00:00,83435.51,83531.77,83108.44,83253.26,310.4,25859659.14
2025-04-05 13:00:00,83253.26,83309.9,82510.56,82728.19,733.94,60765907.88
2025-04-05 14:00:00,82728.19,82995.26,82653.31,82892.49,530.29,43933655.29
2025-04-05 15:00:00,82892.49,82892.52,82357.52,82587.24,638.75,52768619.82
2025-04-05 16:00:00,82587.24,82793.39,82576.62,82716.18,277.7,22961328.88
2025-04-05 17:00:00,82716.18,82920.89,82659.67,82844.95,238.45,19749401.97
2025-04-05 18:00:00,82844.95,83075.45,82829.18,83016.22,329.54,27343101.28
2025-04-05 19:00:00,83016.22,83111.88,82755.34,82828.87,241.74,20050350.9
2025-04-05 20:00:00,82828.87,83083.46,82809.81,83048.21,285.79,23711467.73
2025-04-05 21:00:00,83048.21,83196.78,82883.61,82892.85,298.26,24770901.66
2025-04-05 22:00:00,82892.85,83181.58,82892.85,83161.46,227.24,18871758.46
2025-04-05 23:00:00,83161.46,83631.71,83115.38,83503.37,356.79,29727082.83
2025-04-06 00:00:00,83503.37,83578.18,83401.04,83495.06,323.54,27005029.1
2025-04-06 01:00:00,83495.06,83756.1,83405.08,83408.72,315.62,26366155.62
2025-04-06 02:00:00,83408.72,83464.41,83256.45,83273.6,179.94,15002410.38
2025-04-06 03:00:00,83273.6,83372.02,83149.72,83314.41,199.42,16602782.14
2025-04-06 04:00:00,83314.41,83474.05,83213.43,83472.45,142.93,11911721.7
2025-04-06 05:00:00,83472.45,83502.86,83310.57,83423.04,129.14,10775569.01
2025-04-06 06:00:00,83423.04,83436.42,83096.08,83096.09,140.44,11691077.33
2025-04-06 07:00:00,83096.09,83160.36,82998.08,82998.08,204.02,16945121.9
2025-04-06 08:00:00,82998.08,83009.1,82691.63,82991.19,222.24,18415924.2
2025-04-06 09:00:00,82991.19,83123.27,82897.49,83029.75,96.68,8025495.38
2025-04-06 10:00:00,83029.75,83033.08,82685.84,82823.17,231.76,19190462.39
2025-04-06 11:00:00,82823.17,82869.26,82630.06,82804.66,167.9,13887746.07
2025-04-06 12:00:00,82804.66,82929.31,82611.6,82655.27,359.09,29719677.15
2025-04-06 13:00:00,82655.27,82787.77,82204.71,82271.45,682.26,56273014.66
2025-04-06 14:00:00,82271.45,82739.33,82201.74,82628.33,664.38,54771750.91
2025-04-06 15:00:00,82628.33,82779.63,82374.31,82523.93,412.73,34072432.13
2025-04-06 16:00:00,82523.93,82527.08,81913.18,81949.5,781.11,64202428.46
2025-04-06 17:00:00,81949.5,81949.5,80546.74,80776.23,2847.08,231285194.59
2025-04-06 18:00:00,80776.23,80776.58,78638.47,79034.88,5216.2,415622025.29
2025-04-06 19:00:00,79034.88,79790.87,78794.63,79580.74,2668.92,211848206.91
2025-04-06 20:00:00,79580.74,79839.26,78529.32,78816.47,2494.93,197424649.59
2025-04-06 21:00:00,78816.47,79611.73,78683.98,78903.5,1823.1,144233302.73
2025-04-06 22:00:00,78903.5,79055.58,77752.8,77979.07,5612.03,440905762.71
2025-04-06 23:00:00,77979.07,78611.37,77079.93,78365.57,3838.42,298454041.84
2025-04-07 00:00:00,78365.57,78451.02,77364.78,78273.81,2479.2,193117001.14
2025-04-07 01:00:00,78273.81,79295.22,78265.68,79098.39,2498.46,196938451.49
2025-04-07 02:00:00,79098.39,79163.29,78342.84,78390.1,1254.26,98749946.64
2025-04-07 03:00:00,78390.1,78450.66,77312.99,77660.75,1487.98,115948127.61
2025-04-07 04:00:00,77660.75,77922.49,76604.62,76922.3,2070.29,159533019.77
2025-04-07 05:00:00,76922.3,77440.51,76598.4,76878.01,1385.59,106671806.78
2025-04-07 06:00:00,76878.01,77217.69,74495.83,74721.88,4632.53,349707929.64
2025-04-07 07:00:00,74721.88,75382.06,74426.93,75041.85,2524.37,189212968.88
2025-04-07 08:00:00,75041.85,76769.01,75016.55,76205.52,2002.15,152285563.03
2025-04-07 09:00:00,76205.52,76740.21,75705.75,76232.41,1565.19,119315568.32
2025-04-07 10:00:00,76232.41,77514.33,76108.2,76946.74,2168.11,167036635.8
2025-04-07 11:00:00,76946.74,77352.57,76400.44,76641.56,1078.26,82893047.39
2025-04-07 12:00:00,76641.56,77592.32,76371.91,77277.26,3137.38,241675816.15
2025-04-07 13:00:00,77277.26,78419.93,75747.25,78308.67,6129.04,471297537.82
2025-04-07 14:00:00,78308.67,81172.27,77853.67,79002.31,12421.92,981994455.81
2025-04-07 15:00:00,79002.31,79323.77,77553.43,78441.21,6090.66,477606597.18
2025-04-07 16:00:00,78441.21,78536.04,77278.3,77387.56,3837.76,299610241.03
2025-04-07 17:00:00,77387.56,79152.31,77385.36,79031.6,4016.77,315003344.92
2025-04-07 18:00:00,79031.6,79320.21,78250.63,78453.57,3091.33,243690140.84
2025-04-07 19:00:00,78453.57,78914.35,77983.15,78080.64,3081.31,241552994.33
2025-04-07 20:00:00,78080.64,79093.12,78064.4,78916.62,1513.92,119060787.81
2025-04-07 21:00:00,78916.62,79538.54,78652.91,79197.9,822.81,65079714.28
2025-04-07 22:00:00,79197.9,80186.51,79149.63,79937.41,936.95,74700919.56
2025-04-07 23:00:00,79937.41,80058.86,79071.1,79143.06,1053.47,83817166.89
2025-04-08 00:00:00,79143.06,79567.07,78972.11,78997.87,1198.68,95024518.98
2025-04-08 01:00:00,78997.87,80768.52,78760.03,80578.08,1849.01,147636641.49
2025-04-08 02:00:00,80578.08,80835.83,79875.56,79919.35,1173.33,94315913.87
2025-04-08 03:00:00,79919.35,80179.69,79742.33,79887.67,833.74,66655678.78
2025-04-08 04:00:00,79887.67,80386.32,79842.44,80280.45,514.58,41229400.86
2025-04-08 05:00:00,80280.45,80289.69,79515.89,79847.59,478.3,38144061.98
2025-04-08 06:00:00,79847.59,79847.94,79242.73,79432.04,511.47,40653909.76
2025-04-08 07:00:00,79432.04,79679.57,79205.45,79465.46,664.85,52805165.08
2025-04-08 08:00:00,79465.46,79490.13,78921.1,79137.34,612.5,48460918.43
2025-04-08 09:00:00,79137.34,79190.24,78843.78,78885.04,504.2,39837905.08
2025-04-08 10:00:00,78885.04,79145.02,78804.12,78982.59,504.71,39861497.94
2025-04-08 11:00:00,78982.59,80036.41,78954.04,79955.85,1032.66,82076989.37
2025-04-08 12:00:00,79955.85,80102.82,79552.15,79809.07,1257.2,100375285.76
2025-04-08 13:00:00,79809.07,80342.34,79350.99,79869.22,2976.07,237785738.79
2025-04-08 14:00:00,79869.22,80226.89,78440.68,78445.98,3424.81,272078493.28
2025-04-08 15:00:00,78445.98,78819.27,78142.92,78469.21,2518.54,197503697.79
2025-04-08 16:00:00,78469.21,78488.71,77302.69,77359.75,3381.2,263001512.2
2025-04-08 17:00:00,77359.75,77498.66,76493.86,77287.07,4773.81,367455456.94
2025-04-08 18:00:00,77287.07,77929.31,77029.06,77195.98,2645.39,204762824.92
2025-04-08 19:00:00,77195.98,77299.35,76251.65,76754.35,3831.33,293820095.37
2025-04-08 20:00:00,76754.35,77137.56,76538.65,77052.55,1613.85,123983429.69
2025-04-08 21:00:00,77052.55,77208.4,76667.2,77034.08,705.89,54315445.14
2025-04-08 22:00:00,77034.08,77060.33,76181.24,76656.0,1248.37,95607154.2
2025-04-08 23:00:00,76656.0,76722.72,76232.41,76255.1,1143.33,87369085.17
2025-04-09 00:00:00,76255.1,76791.81,75857.08,76449.62,2067.93,158035620.17
2025-04-09 01:00:00,76449.62,76527.88,74569.86,76020.76,4539.74,342203880.3
2025-04-09 02:00:00,76020.76,76378.69,75508.31,75601.38,1904.89,144682707.82
2025-04-09 03:00:00,75601.38,75802.68,74960.63,75010.1,1539.61,116199815.37
2025-04-09 04:00:00,75010.1,76834.93,74934.14,76359.79,1710.26,129742025.74
2025-04-09 05:00:00,76359.79,76791.11,76155.92,76673.91,739.83,56604550.09
2025-04-09 06:00:00,76673.91,77277.99,76659.28,76779.42,806.08,62024908.88
2025-04-09 07:00:00,76779.42,77906.94,76769.88,77663.26,2113.91,163857144.65
2025-04-09 08:00:00,77663.26,77840.39,77046.05,77261.15,676.7,52327690.76
2025-04-09 09:00:00,77261.15,77506.5,77135.11,77445.83,766.8,59271921.43
2025-04-09 10:00:00,77445.83,77527.18,76913.43,77136.99,792.42,61219921.55
2025-04-09 11:00:00,77136.99,77148.2,75737.14,76197.51,3137.63,239362133.74
2025-04-09 12:00:00,76197.51,77009.27,75992.9,76714.89,1983.87,151600458.76
2025-04-09 13:00:00,76714.89,77789.74,76661.51,77639.7,3270.74,252527296.66
2025-04-09 14:00:00,77639.7,78250.45,76723.07,76796.58,3865.21,299617590.59
2025-04-09 15:00:00,76796.58,77568.88,76772.36,77193.51,2047.93,158194037.74
2025-04-09 16:00:00,77193.51,78286.49,77070.85,78206.19,2099.8,163230654.98
2025-04-09 17:00:00,78206.19,82261.0,77614.68,82183.66,11649.18,937772288.18
2025-04-09 18:00:00,82183.66,82977.63,81666.34,81759.01,6651.41,547561395.57
2025-04-09 19:00:00,81759.01,82556.33,81730.53,82297.85,3629.24,298395629.95
2025-04-09 20:00:00,82297.85,83231.74,81993.13,83179.24,2670.14,220381011.22
2025-04-09 21:00:00,83179.24,83574.06,82843.08,83271.71,1954.02,162646992.63
2025-04-09 22:00:00,83271.71,83469.48,82946.73,83045.92,1167.28,97170000.98
2025-04-09 23:00:00,83045.92,83145.68,82522.02,82587.03,1068.55,88503180.6
2025-04-10 00:00:00,82587.03,82710.13,82040.98,82314.05,1243.99,102424144.48
2025-04-10 01:00:00,82314.05,82565.38,82197.45,82217.46,876.59,72231463.47
2025-04-10 02:00:00,82217.46,82532.4,82171.94,82177.19,698.87,57549891.87
2025-04-10 03:00:00,82177.19,82196.35,81449.58,81739.3,1192.55,97463891.91
2025-04-10 04:00:00,81739.3,82037.95,81624.17,81990.38,473.29,38718309.68
2025-04-10 05:00:00,81990.38,82205.57,81901.1,82141.29,375.94,30860835.65
2025-04-10 06:00:00,82141.29,82313.33,81820.72,82129.15,318.09,26097731.06
2025-04-10 07:00:00,82129.15,82209.37,81285.59,81576.06,556.17,45422988.14
2025-04-10 08:00:00,81576.06,81811.63,81413.68,81523.06,372.99,30440829.39
2025-04-10 09:00:00,81523.06,82056.86,81326.52,82017.47,469.54,38376385.71
2025-04-10 10:00:00,82017.47,82100.12,81528.49,81721.94,721.57,59053709.57
2025-04-10 11:00:00,81721.94,81892.18,81461.06,81834.77,537.94,43974983.84
2025-04-10 12:00:00,81834.77,82374.98,81422.58,81666.68,2621.27,214548510.53
2025-04-10 13:00:00,81666.68,81896.92,80730.7,80817.49,2666.35,216759445.37
2025-04-10 14:00:00,80817.49,81778.83,80579.97,81216.15,2509.98,203830539.61
2025-04-10 15:00:00,81216.15,81286.17,78573.22,78699.84,3663.93,292091430.78
2025-04-10 16:00:00,78699.84,79620.95,78405.82,79397.93,3035.68,239675993.0
2025-04-10 17:00:00,79397.93,79616.74,78557.66,79272.56,3105.99,245584765.85
2025-04-10 18:00:00,79272.56,79830.87,79168.1,79444.62,1841.86,146445763.28
2025-04-10 19:00:00,79444.62,79972.93,79257.29,79583.24,1955.94,155562710.55
2025-04-10 20:00:00,79583.24,79898.86,79521.5,79861.06,725.13,57810431.13
2025-04-10 21:00:00,79861.06,79987.84,79638.23,79672.22,386.42,30834417.91
2025-04-10 22:00:00,79672.22,79871.34,79509.23,79652.04,354.29,28244929.53
2025-04-10 23:00:00,79652.04,79696.6,79340.02,79554.96,657.76,52313718.72
2025-04-11 00:00:00,79554.96,79701.89,78924.27,78992.44,1262.72,100251602.32
2025-04-11 01:00:00,78992.44,80401.76,78966.12,80393.12,1455.38,116080104.76
2025-04-11 02:00:00,80393.12,80773.61,80115.68,80249.81,1313.41,105651167.17
2025-04-11 03:00:00,80249.81,80852.44,80246.7,80796.68,750.38,60459740.36
2025-04-11 04:00:00,80796.68,81050.83,80681.11,80849.9,539.01,43572505.52
2025-04-11 05:00:00,80849.9,80864.24,80473.34,80776.92,408.38,32935718.79
2025-04-11 06:00:00,80776.92,81278.29,80776.66,81054.1,449.19,36412406.24
2025-04-11 07:00:00,81054.1,81389.54,80813.4,81223.91,381.36,30952803.17
2025-04-11 08:00:00,81223.91,81852.62,80750.79,81577.81,1232.98,100341809.9
2025-04-11 09:00:00,81577.81,82394.47,81403.43,82389.64,882.4,72348875.81
2025-04-11 10:00:00,82389.64,82941.41,82261.48,82667.22,1065.48,88000833.9
2025-04-11 11:00:00,82667.22,82856.96,81981.35,82084.09,867.74,71483613.66
2025-04-11 12:00:00,82084.09,82474.19,81790.78,82072.63,1363.2,111974847.87
2025-04-11 13:00:00,82072.63,83286.91,81790.89,82897.25,2499.68,206404344.63
2025-04-11 14:00:00,82897.25,82897.25,81298.65,81851.41,3128.26,256849954.0
2025-04-11 15:00:00,81851.41,82656.47,81672.52,82478.04,1876.75,154218629.98
2025-04-11 16:00:00,82478.04,82984.32,81972.68,82757.55,1645.86,135896479.48
2025-04-11 17:00:00,82757.55,84013.16,82661.49,83903.15,2672.37,222967934.6
2025-04-11 18:00:00,83903.15,84183.69,83489.06,83583.63,1827.28,153285202.5
2025-04-11 19:00:00,83583.63,83931.43,83539.88,83829.42,1221.97,102384171.48
2025-04-11 20:00:00,83829.42,83997.21,83682.65,83825.26,753.49,63184149.07
2025-04-11 21:00:00,83825.26,84266.51,83615.13,83642.18,848.93,71210393.13
2025-04-11 22:00:00,83642.18,83673.51,83282.53,83385.58,434.92,36299461.31
2025-04-11 23:00:00,83385.58,83524.43,83126.28,83386.0,468.36,39020208.75
2025-04-12 00:00:00,83386.0,83526.44,83221.59,83334.44,630.8,52587282.96
2025-04-12 01:00:00,83334.44,83411.01,83125.26,83180.8,404.87,33697904.69
2025-04-12 02:00:00,83180.8,83265.4,82784.05,82784.05,475.64,39516629.75
2025-04-12 03:00:00,82784.05,83110.2,82766.93,82950.65,397.92,33011934.3
2025-04-12 04:00:00,82950.65,83410.07,82838.7,83178.44,451.33,37514333.46
2025-04-12 05:00:00,83178.44,83465.67,83166.92,83301.6,161.18,13432829.88
2025-04-12 06:00:00,83301.6,83742.72,83301.58,83537.49,274.68,22949957.28
2025-04-12 07:00:00,83537.49,83786.64,83470.74,83694.56,237.32,19845823.36
2025-04-12 08:00:00,83694.56,83988.23,83468.55,83579.54,313.97,26277055.71
2025-04-12 09:00:00,83579.54,83739.92,83401.89,83527.18,204.38,17067116.71
2025-04-12 10:00:00,83527.18,83529.05,83275.67,83393.82,245.61,20478900.47
2025-04-12 11:00:00,83393.82,83609.57,83393.81,83497.91,205.92,17193973.34
2025-04-12 12:00:00,83497.91,83888.26,83448.22,83796.84,483.42,40460964.0
2025-04-12 13:00:00,83796.84,84642.49,83545.1,84430.47,1601.61,134680470.87
2025-04-12 14:00:00,84430.47,85223.32,84289.06,84818.98,1934.18,164028110.09
2025-04-12 15:00:00,84818.98,85379.27,84621.39,84986.39,1245.76,105951437.2
2025-04-12 16:00:00,84986.39,85171.82,84559.76,84635.36,766.93,65082638.34
2025-04-12 17:00:00,84635.36,84834.14,84402.03,84733.87,617.9,52294779.43
2025-04-12 18:00:00,84733.87,85176.38,84727.36,85157.34,494.53,42019264.82
2025-04-12 19:00:00,85157.34,85243.15,84832.05,84928.76,629.91,53558980.35
2025-04-12 20:00:00,84928.76,85899.74,84882.0,85507.43,1080.11,92285522.22
2025-04-12 21:00:00,85507.43,85559.01,85265.13,85371.87,682.99,58326987.7
2025-04-12 22:00:00,85371.87,85689.51,85327.99,85335.31,294.71,25198940.31
2025-04-12 23:00:00,85335.31,85413.3,85167.85,85272.12,345.11,29433605.49
2025-04-13 00:00:00,85272.12,85546.13,85010.92,85489.01,508.34,43364868.73
2025-04-13 01:00:00,85489.01,86079.47,85131.36,85253.37,1186.34,101540205.31
2025-04-13 02:00:00,85253.37,85399.69,84728.93,85279.84,923.27,78508782.47
2025-04-13 03:00:00,85279.84,85689.6,85226.29,85414.24,566.01,48342922.87
2025-04-13 04:00:00,85414.24,85417.93,84479.43,84592.44,676.84,57444065.57
2025-04-13 05:00:00,84592.44,84781.39,84391.2,84497.64,343.62,29062645.28
2025-04-13 06:00:00,84497.64,84819.84,84448.16,84600.84,198.6,16811906.58
2025-04-13 07:00:00,84600.84,84750.18,84410.93,84410.93,146.66,12408850.16
2025-04-13 08:00:00,84410.93,84658.66,84272.16,84641.33,255.86,21604619.53
2025-04-13 09:00:00,84641.33,84920.61,84493.64,84886.46,211.23,17896107.62
2025-04-13 10:00:00,84886.46,84916.92,84508.84,84672.38,266.4,22563244.98
2025-04-13 11:00:00,84672.38,84732.85,84204.87,84494.42,357.38,30169320.35
2025-04-13 12:00:00,84494.42,84652.65,84226.9,84419.55,569.5,48069709.08
2025-04-13 13:00:00,84419.55,84572.79,83465.54,83559.3,1029.39,86491935.71
2025-04-13 14:00:00,83559.3,84113.12,83462.69,84056.97,874.76,73356469.9
2025-04-13 15:00:00,84056.97,84057.36,83644.96,83819.5,539.01,45163547.58
2025-04-13 16:00:00,83819.5,84384.86,83811.39,84202.33,777.25,65414874.94
2025-04-13 17:00:00,84202.33,84972.18,84171.91,84753.16,960.22,81326787.33
2025-04-13 18:00:00,84753.16,84927.21,84517.94,84709.04,545.68,46233165.12
2025-04-13 19:00:00,84709.04,84711.46,83039.82,83954.33,1441.26,120861623.33
2025-04-13 20:00:00,83954.33,84397.65,83149.98,83476.35,1267.34,106182382.22
2025-04-13 21:00:00,83476.35,83784.7,83019.76,83578.76,1160.03,96706091.73
2025-04-13 22:00:00,83578.76,83839.35,83148.06,83311.02,797.64,66533054.84
2025-04-13 23:00:00,83311.02,83810.68,83151.25,83730.92,708.29,59130228.15
2025-04-14 00:00:00,83730.92,85091.21,83667.03,84300.12,1623.46,137214115.9
2025-04-14 01:00:00,84300.12,84636.91,84061.91,84206.32,832.01,70212460.88
2025-04-14 02:00:00,84206.32,85487.64,84017.76,85096.1,1424.2,121009296.44
2025-04-14 03:00:00,85096.1,85104.31,84439.23,84543.6,898.44,76145625.83
2025-04-14 04:00:00,84543.6,85070.99,84407.2,84849.45,363.84,30832620.17
2025-04-14 05:00:00,84849.45,84967.38,84325.35,84547.26,307.28,25982978.36
2025-04-14 06:00:00,84547.26,84624.57,84272.87,84604.81,283.71,23957183.23
2025-04-14 07:00:00,84604.81,84754.59,84209.64,84562.49,280.38,23689595.69
2025-04-14 08:00:00,84562.49,84938.63,84436.73,84748.08,522.04,44206198.99
2025-04-14 09:00:00,84748.08,84883.3,84242.35,84434.83,353.64,29890717.7
2025-04-14 10:00:00,84434.83,84803.44,84303.72,84647.82,422.29,35716873.78
2025-04-14 11:00:00,84647.82,84945.03,84495.5,84914.71,460.15,39014279.68
2025-04-14 12:00:00,84914.71,85209.88,84750.45,85115.72,740.53,62940204.87
2025-04-14 13:00:00,85115.72,85263.67,84058.77,84360.92,2170.79,183716003.63
2025-04-14 14:00:00,84360.92,85796.21,84251.63,85423.59,2542.45,216371606.37
2025-04-14 15:00:00,85423.59,85457.23,83719.44,84096.05,2490.46,210454554.78
2025-04-14 16:00:00,84096.05,84666.02,83852.26,84342.76,1597.67,134687593.78
2025-04-14 17:00:00,84342.76,84891.05,84212.84,84865.88,1418.92,119920015.49
2025-04-14 18:00:00,84865.88,85065.92,84691.48,84989.95,1185.08,100633859.44
2025-04-14 19:00:00,84989.95,85209.81,84781.4,84902.91,1687.97,143491448.83
2025-04-14 20:00:00,84902.91,84967.98,84540.02,84851.48,1028.09,87124352.35
2025-04-14 21:00:00,84851.48,84963.72,84448.45,84707.93,536.68,45459916.21
2025-04-14 22:00:00,84707.93,84738.73,84431.02,84506.56,552.26,46709882.9
2025-04-14 23:00:00,84506.56,84760.82,84420.22,84575.75,396.26,33517836.19
2025-04-15 00:00:00,84575.75,84942.12,84352.96,84916.82,646.93,54776644.3
2025-04-15 01:00:00,84916.82,85119.62,84537.08,84956.63,713.16,60541461.04
2025-04-15 02:00:00,84956.63,85279.54,84692.63,85221.49,635.82,54022649.33
2025-04-15 03:00:00,85221.49,85397.37,85071.44,85366.46,595.79,50781130.09
2025-04-15 04:00:00,85366.46,85510.79,85152.94,85483.3,326.77,27881377.26
2025-04-15 05:00:00,85483.3,85850.71,85481.09,85538.4,472.64,40482047.09
2025-04-15 06:00:00,85538.4,85671.78,85350.09,85383.75,298.8,25546900.95
2025-04-15 07:00:00,85383.75,85766.21,85381.25,85738.5,327.54,28048462.18
2025-04-15 08:00:00,85738.5,85973.61,85669.33,85836.63,542.46,46563269.13
2025-04-15 09:00:00,85836.63,85975.5,85604.09,85975.15,344.91,29605756.86
2025-04-15 10:00:00,85975.15,85992.45,85449.08,85640.86,371.14,31797794.65
2025-04-15 11:00:00,85640.86,85669.23,85359.29,85584.02,378.65,32374697.62
2025-04-15 12:00:00,85584.02,85816.05,85442.59,85813.4,508.15,43501246.13
2025-04-15 13:00:00,85813.4,86473.18,85526.17,85594.4,2046.32,175934478.4
2025-04-15 14:00:00,85594.4,85982.54,84846.14,85152.78,2770.76,236378651.6
2025-04-15 15:00:00,85152.78,85385.78,84631.27,84910.5,1100.22,93570088.53
2025-04-15 16:00:00,84910.5,85141.7,84782.98,84851.68,729.46,61979469.32
2025-04-15 17:00:00,84851.68,85002.19,84424.69,84483.44,801.61,67941868.18
2025-04-15 18:00:00,84483.44,84600.58,84151.89,84199.37,993.28,83802676.24
2025-04-15 19:00:00,84199.37,84220.66,83899.45,83994.77,1055.53,88732688.12
2025-04-15 20:00:00,83994.77,84202.62,83813.54,84020.0,591.03,49648074.53
2025-04-15 21:00:00,84020.0,84227.7,83889.39,84179.97,383.76,32262364.85
2025-04-15 22:00:00,84179.97,84179.98,83691.04,83832.2,781.93,65619748.82
2025-04-15 23:00:00,83832.2,83854.15,83596.04,83638.17,793.32,66394331.32
2025-04-16 00:00:00,83638.17,83682.54,83131.04,83143.33,981.76,81862472.62
2025-04-16 01:00:00,83143.33,83642.57,83094.96,83625.21,839.19,69996234.71
2025-04-16 02:00:00,83625.21,83909.38,83583.2,83881.99,549.84,46060095.2
2025-04-16 03:00:00,83881.99,83931.48,83655.79,83686.23,286.76,24035849.77
2025-04-16 04:00:00,83686.23,83777.8,83396.63,83577.58,362.81,30312216.44
2025-04-16 05:00:00,83577.58,83805.64,83218.31,83361.73,419.19,34987979.85
2025-04-16 06:00:00,83361.73,83713.15,83272.61,83646.7,289.15,24151516.14
2025-04-16 07:00:00,83646.7,83747.58,83305.23,83349.65,483.34,40344026.12
2025-04-16 08:00:00,83349.65,84104.46,83143.45,83729.64,917.78,76751471.7
2025-04-16 09:00:00,83729.64,83922.93,83600.13,83600.48,440.48,36900309.63
2025-04-16 10:00:00,83600.48,83981.81,83575.87,83942.14,385.46,32320015.32
2025-04-16 11:00:00,83942.14,84125.29,83780.03,84033.94,386.86,32492415.49
2025-04-16 12:00:00,84033.94,84257.56,83735.21,83764.28,654.57,55001216.71
2025-04-16 13:00:00,83764.28,84192.5,83502.38,83745.5,1280.57,107339203.16
2025-04-16 14:00:00,83745.5,84849.29,83729.55,84605.78,1935.04,163277995.72
2025-04-16 15:00:00,84605.78,85262.74,84508.53,84848.63,2075.78,176285175.84
2025-04-16 16:00:00,84848.63,85231.45,84718.17,85062.32,1259.37,106947333.25
2025-04-16 17:00:00,85062.32,85485.35,83289.76,83293.29,2773.39,234593509.43
2025-04-16 18:00:00,83293.29,84471.98,83280.32,84026.73,2504.26,210267385.94
2025-04-16 19:00:00,84026.73,84488.78,83804.73,84347.67,1733.12,145798198.57
2025-04-16 20:00:00,84347.67,84648.38,84256.39,84307.27,593.63,50132310.12
2025-04-16 21:00:00,84307.27,84681.57,84268.47,84552.78,395.79,33447688.8
2025-04-16 22:00:00,84552.78,84592.98,84305.7,84468.6,263.41,22241985.6
2025-04-16 23:00:00,84468.6,84490.51,84027.74,84029.4,432.82,36437378.18
2025-04-17 00:00:00,84029.4,84212.37,83933.09,84209.64,470.46,39541086.68
2025-04-17 01:00:00,84209.64,84484.4,84116.56,84332.22,378.74,31924060.65
2025-04-17 02:00:00,84332.22,84332.23,84033.67,84267.67,301.92,25405529.03
2025-04-17 03:00:00,84267.67,84291.02,83817.63,83999.77,347.16,29161048.56
2025-04-17 04:00:00,83999.77,84180.19,83907.0,84155.02,201.43,16922667.83
2025-04-17 05:00:00,84155.02,84484.66,84094.62,84390.12,280.36,23644635.07
2025-04-17 06:00:00,84390.12,84856.05,84315.19,84785.38,339.3,28694767.88
2025-04-17 07:00:00,84785.38,85026.01,84600.2,84668.88,343.9,29153611.02
2025-04-17 08:00:00,84668.88,84766.13,84406.58,84451.29,234.24,19818595.39
2025-04-17 09:00:00,84451.29,84515.22,84341.47,84463.06,241.34,20375729.31
2025-04-17 10:00:00,84463.06,84493.81,84179.81,84364.19,196.8,16593407.41
2025-04-17 11:00:00,84364.19,84743.28,84279.25,84563.85,274.37,23186348.95
2025-04-17 12:00:00,84563.85,84856.83,84560.55,84763.31,589.8,49990248.09
2025-04-17 13:00:00,84763.31,84763.46,84309.72,84461.05,1123.01,94936782.84
2025-04-17 14:00:00,84461.05,84461.06,83725.98,84075.69,1858.14,156199982.12
2025-04-17 15:00:00,84075.69,84687.29,84075.17,84529.19,1241.46,104877085.99
2025-04-17 16:00:00,84529.19,85077.84,84399.82,84936.72,1533.88,130045312.47
2025-04-17 17:00:00,84936.72,85208.39,84784.72,85108.5,836.07,71106529.03
2025-04-17 18:00:00,85108.5,85472.23,84906.03,84913.06,1384.57,118083686.4
2025-04-17 19:00:00,84913.06,85117.88,84514.5,84857.41,1596.03,135372650.48
2025-04-17 20:00:00,84857.41,85148.53,84857.17,85140.98,594.7,50554363.09
2025-04-17 21:00:00,85140.98,85143.83,84901.88,85071.18,288.27,24502393.89
2025-04-17 22:00:00,85071.18,85089.43,84732.22,84738.49,294.2,24987392.88
2025-04-17 23:00:00,84738.49,85015.68,84735.4,84943.42,279.45,23725055.7
2025-04-18 00:00:00,84943.42,85017.89,84732.38,84814.12,355.21,30145023.36
2025-04-18 01:00:00,84814.12,85132.75,84814.0,84930.09,351.11,29840623.88
2025-04-18 02:00:00,84930.09,84980.41,84813.56,84898.46,238.02,20205433.83
2025-04-18 03:00:00,84898.46,84906.15,84743.6,84836.41,218.21,18504008.9
2025-04-18 04:00:00,84836.41,84842.86,84601.73,84672.06,220.42,18666178.99
2025-04-18 05:00:00,84672.06,84743.95,84530.32,84735.82,176.6,14939537.55
2025-04-18 06:00:00,84735.82,84769.46,84591.51,84714.58,94.79,8023844.46
2025-04-18 07:00:00,84714.58,84725.8,84411.2,84642.48,255.08,21569589.44
2025-04-18 08:00:00,84642.48,84750.92,84601.21,84628.49,127.28,10777947.2
2025-04-18 09:00:00,84628.49,84637.18,84515.06,84534.85,145.27,12283559.17
2025-04-18 10:00:00,84534.85,84637.21,84475.48,84515.6,91.57,7741890.32
2025-04-18 11:00:00,84515.6,84652.68,84461.27,84650.79,155.47,13144404.47
2025-04-18 12:00:00,84650.79,84748.27,84554.26,84624.05,243.86,20641851.7
2025-04-18 13:00:00,84624.05,84624.27,84470.86,84557.18,358.77,30326676.4
2025-04-18 14:00:00,84557.18,84607.91,84374.53,84563.29,392.83,33188748.3
2025-04-18 15:00:00,84563.29,84587.05,84326.68,84356.78,343.72,29017884.54
2025-04-18 16:00:00,84356.78,84530.13,84287.73,84467.29,254.37,21483305.03
2025-04-18 17:00:00,84467.29,84581.38,84375.65,84549.49,324.76,27443183.12
2025-04-18 18:00:00,84549.49,84624.87,84495.36,84594.45,197.45,16699305.33
2025-04-18 19:00:00,84594.45,84613.36,84495.3,84534.15,164.65,13921465.1
2025-04-18 20:00:00,84534.15,84604.28,84450.02,84494.86,241.86,20438519.55
2025-04-18 21:00:00,84494.86,84665.32,84468.63,84604.34,207.71,17562938.98
2025-04-18 22:00:00,84604.34,84623.83,84412.43,84507.94,138.76,11725970.38
2025-04-18 23:00:00,84507.94,84508.26,84339.62,84459.96,207.05,17479279.04
2025-04-19 00:00:00,84459.96,84465.4,84355.7,84423.28,155.48,13125128.35
2025-04-19 01:00:00,84423.28,84574.91,84412.23,84528.22,147.24,12445014.05
2025-04-19 02:00:00,84528.22,84779.06,84491.01,84763.82,317.75,26905566.62
2025-04-19 03:00:00,84763.82,84949.1,84759.61,84870.15,362.92,30791275.52
2025-04-19 04:00:00,84870.15,85236.99,84868.94,85017.66,360.27,30652292.56
2025-04-19 05:00:00,85017.66,85165.81,84993.07,85073.66,150.18,12779736.45
2025-04-19 06:00:00,85073.66,85092.52,84884.4,84910.76,104.89,8912782.69
2025-04-19 07:00:00,84910.76,85230.53,84907.6,85203.33,153.52,13069784.68
2025-04-19 08:00:00,85203.33,85367.51,85105.26,85298.45,166.06,14158872.25
2025-04-19 09:00:00,85298.45,85420.87,85216.44,85323.39,163.62,13964502.47
2025-04-19 10:00:00,85323.39,85336.89,85150.07,85243.98,163.66,13947689.25
2025-04-19 11:00:00,85243.98,85271.11,85120.71,85203.31,133.96,11410515.12
2025-04-19 12:00:00,85203.31,85307.05,85196.11,85275.41,131.96,11250070.54
2025-04-19 13:00:00,85275.41,85474.08,85195.06,85459.54,245.3,20935022.64
2025-04-19 14:00:00,85459.54,85476.99,85347.84,85390.9,271.72,23210961.78
2025-04-19 15:00:00,85390.9,85614.27,85065.78,85175.33,578.59,49407498.77
2025-04-19 16:00:00,85175.33,85304.21,84696.82,84835.83,562.9,47862405.56
2025-04-19 17:00:00,84835.83,85225.52,84819.43,85219.73,291.89,24818220.06
2025-04-19 18:00:00,85219.73,85304.87,85123.13,85129.14,203.03,17302360.78
2025-04-19 19:00:00,85129.14,85188.82,85031.48,85074.01,142.22,12103204.45
2025-04-19 20:00:00,85074.01,85250.3,85007.17,85185.92,115.48,9835161.63
2025-04-19 21:00:00,85185.92,85352.44,85176.61,85327.21,152.45,13001876.78
2025-04-19 22:00:00,85327.21,85339.17,85205.34,85239.99,124.57,10619808.23
2025-04-19 23:00:00,85239.99,85241.96,85056.87,85061.54,142.53,12132483.35
2025-04-20 00:00:00,85061.54,85205.11,85038.05,85144.29,209.8,17861257.69
2025-04-20 01:00:00,85144.29,85298.55,85128.18,85298.36,166.47,14191148.03
2025-04-20 02:00:00,85298.36,85302.3,85195.64,85220.09,108.28,9230732.78
2025-04-20 03:00:00,85220.09,85245.85,85107.95,85149.11,93.38,7952305.96
2025-04-20 04:00:00,85149.11,85233.67,85102.11,85176.3,97.71,8318843.4
2025-04-20 05:00:00,85176.3,85183.4,85084.39,85084.42,53.35,4542596.91
2025-04-20 06:00:00,85084.42,85145.75,84848.63,84949.37,204.26,17359957.58
2025-04-20 07:00:00,84949.37,84949.95,84675.83,84774.07,205.66,17436312.51
2025-04-20 08:00:00,84774.07,84777.53,84610.68,84629.26,113.37,9599844.32
2025-04-20 09:00:00,84629.26,84631.97,84446.22,84535.7,172.12,14549450.74
2025-04-20 10:00:00,84535.7,84535.7,83986.23,84161.22,346.93,29230172.67
2025-04-20 11:00:00,84161.22,84231.71,83954.54,84117.99,254.8,21420913.31
2025-04-20 12:00:00,84117.99,84472.11,84098.32,84358.22,249.97,21075522.58
2025-04-20 13:00:00,84358.22,84442.9,84153.46,84314.03,238.37,20094283.48
2025-04-20 14:00:00,84314.03,84648.08,84254.88,84620.52,309.98,26198302.19
2025-04-20 15:00:00,84620.52,84620.61,84304.18,84343.11,234.52,19804288.87
2025-04-20 16:00:00,84343.11,84606.68,84273.12,84597.15,208.97,17657443.08
2025-04-20 17:00:00,84597.15,84607.3,84444.75,84571.68,122.14,10321776.21
2025-04-20 18:00:00,84571.68,84621.6,84460.04,84563.94,146.35,12369901.69
2025-04-20 19:00:00,84563.94,84646.42,84511.96,84631.01,102.08,8632037.53
2025-04-20 20:00:00,84631.01,85224.9,84599.69,85099.31,750.16,63793552.33
2025-04-20 21:00:00,85099.31,85198.73,84908.63,84994.66,287.49,24447063.9
2025-04-20 22:00:00,84994.66,85004.33,84669.3,84821.31,266.24,22581875.84
2025-04-20 23:00:00,84821.31,85283.39,84821.15,85167.14,752.05,64002124.34
2025-04-21 00:00:00,85167.14,86992.0,85132.52,86604.71,2530.43,218224931.82
2025-04-21 01:00:00,86604.71,87432.8,86604.6,87273.08,1964.35,171126015.01
2025-04-21 02:00:00,87273.08,87617.7,87136.29,87348.44,1286.73,112371587.89
2025-04-21 03:00:00,87348.44,87610.13,87163.8,87196.17,630.4,55087922.89
2025-04-21 04:00:00,87196.17,87375.6,87065.86,87349.01,408.56,35638815.34
2025-04-21 05:00:00,87349.01,87718.54,87331.74,87536.64,431.08,37709227.26
2025-04-21 06:00:00,87536.64,87679.4,87369.12,87512.44,340.85,29817784.61
2025-04-21 07:00:00,87512.44,87599.14,87350.73,87424.13,294.87,25789628.25
2025-04-21 08:00:00,87424.13,87699.19,87411.62,87568.51,268.91,23539784.94
2025-04-21 09:00:00,87568.51,87772.39,87297.18,87499.98,408.57,35731604.12
2025-04-21 10:00:00,87499.98,87555.64,87250.43,87347.17,315.45,27555008.96
2025-04-21 11:00:00,87347.17,87351.64,86643.31,86974.87,569.64,49520401.07
2025-04-21 12:00:00,86974.87,87532.31,86969.68,87043.82,748.37,65307614.66
2025-04-21 13:00:00,87043.82,87577.23,86796.76,87051.54,2703.54,235956292.14
2025-04-21 14:00:00,87051.54,88526.3,86963.91,88261.94,5330.44,469192774.96
2025-04-21 15:00:00,88261.94,88417.23,87953.82,88093.82,3378.33,298064625.96
2025-04-21 16:00:00,88093.82,88299.93,87055.41,87178.42,1943.3,170604179.47
2025-04-21 17:00:00,87178.42,87326.65,86385.92,86862.84,2317.25,201244653.33
2025-04-21 18:00:00,86862.84,87051.63,86643.65,86802.35,915.46,79538049.75
2025-04-21 19:00:00,86802.35,87482.14,86732.21,87413.58,1772.28,154620468.59
2025-04-21 20:00:00,87413.58,87419.08,87143.53,87360.25,488.88,42648197.67
2025-04-21 21:00:00,87360.25,87382.22,86924.98,87280.12,439.24,38292137.73
2025-04-21 22:00:00,87280.12,87285.29,86935.9,87167.13,411.98,35875533.81
2025-04-21 23:00:00,87167.13,87616.21,87037.55,87515.57,504.1,43995414.22
2025-04-22 00:00:00,87515.57,87714.18,87084.84,87695.56,870.71,76133894.51
2025-04-22 01:00:00,87695.56,88854.09,87514.56,88409.12,1624.49,143472737.18
2025-04-22 02:00:00,88409.12,88673.56,87908.61,88180.15,798.15,70425672.62
2025-04-22 03:00:00,88180.15,88275.23,87841.62,88164.66,573.19,50494308.29
2025-04-22 04:00:00,88164.66,88369.12,88051.48,88062.61,324.03,28589126.46
2025-04-22 05:00:00,88062.61,88408.95,87974.7,88388.25,262.4,23137335.36
2025-04-22 06:00:00,88388.25,88452.39,87998.23,88239.57,361.18,31853590.19
2025-04-22 07:00:00,88239.57,88493.3,88172.36,88479.62,268.91,23756318.6
2025-04-22 08:00:00,88479.62,88681.37,88335.37,88407.87,329.7,29175394.83
2025-04-22 09:00:00,88407.87,88599.48,88328.19,88570.02,235.95,20869280.06
2025-04-22 10:00:00,88570.02,88596.2,88250.42,88517.57,306.74,27134982.21
2025-04-22 11:00:00,88517.57,88696.75,88488.03,88625.04,428.62,37976851.55
2025-04-22 12:00:00,88625.04,89235.8,88502.23,89007.79,1519.5,134940780.83
2025-04-22 13:00:00,89007.79,90521.48,88970.11,90281.06,5810.89,522390351.31
2025-04-22 14:00:00,90281.06,91012.97,90086.62,90852.16,4585.47,415152289.51
2025-04-22 15:00:00,90852.16,91522.49,90480.31,91031.81,5038.72,458757404.89
2025-04-22 16:00:00,91031.81,91137.73,90718.42,90761.66,3048.52,277011506.23
2025-04-22 17:00:00,90761.66,91577.85,90743.04,91502.88,3061.73,279124758.45
2025-04-22 18:00:00,91502.88,91745.4,91230.56,91590.29,2266.85,207279901.35
2025-04-22 19:00:00,91590.29,91775.31,91015.86,91508.05,3043.39,278561349.35
2025-04-22 20:00:00,91508.05,91584.46,91132.08,91180.17,1173.41,107208004.38
2025-04-22 21:00:00,91180.17,93937.07,91123.42,93047.63,3277.63,302236150.15
2025-04-22 22:00:00,93047.63,93375.37,92558.83,92821.06,1835.62,170461086.94
2025-04-22 23:00:00,92821.06,93884.96,92821.06,93483.3,1758.9,164303869.35
2025-04-23 00:00:00,93483.3,93915.87,92842.77,92932.42,1429.9,133538656.12
2025-04-23 01:00:00,92932.42,93524.67,92630.8,92667.35,1161.86,108125172.36
2025-04-23 02:00:00,92667.35,93267.64,92643.7,92898.58,1092.28,101503034.12
2025-04-23 03:00:00,92898.58,93235.24,92724.58,93190.14,739.88,68746230.62
2025-04-23 04:00:00,93190.14,93706.93,93059.03,93694.59,566.26,52829567.91
2025-04-23 05:00:00,93694.59,93694.59,93327.39,93511.2,634.46,59313196.82
2025-04-23 06:00:00,93511.2,93891.42,93454.86,93664.38,447.47,41927067.45
2025-04-23 07:00:00,93664.38,94263.58,93515.01,94154.78,710.77,66698456.71
2025-04-23 08:00:00,94154.78,94505.89,93944.29,94306.57,806.66,76032752.3
2025-04-23 09:00:00,94306.57,94409.73,93922.58,93926.24,716.95,67497124.79
2025-04-23 10:00:00,93926.24,93927.69,93374.57,93754.82,919.85,86106328.66
2025-04-23 11:00:00,93754.82,93797.55,93346.79,93481.05,552.78,51716998.95
2025-04-23 12:00:00,93481.05,93886.64,93445.34,93767.6,719.39,67418632.58
2025-04-23 13:00:00,93767.6,94656.65,92908.47,93050.9,4319.17,405322488.96
2025-04-23 14:00:00,93050.9,93694.74,92708.55,92967.0,3159.71,294293955.13
2025-04-23 15:00:00,92967.0,93257.28,91943.03,93215.79,3604.29,333406024.41
2025-04-23 16:00:00,93215.79,93772.72,92923.6,93671.41,2346.23,219083973.64
2025-04-23 17:00:00,93671.41,93985.61,93559.91,93924.13,1722.08,161545234.39
2025-04-23 18:00:00,93924.13,94243.95,93657.26,93657.26,1404.38,131988805.09
2025-04-23 19:00:00,93657.26,93664.25,92995.84,93559.65,3204.44,299270820.09
2025-04-23 20:00:00,93559.65,93924.35,93533.14,93694.63,991.78,92990062.56
2025-04-23 21:00:00,93694.63,93954.63,93336.11,93520.14,638.13,59817068.53
2025-04-23 22:00:00,93520.14,93825.77,93280.5,93825.75,637.86,59651150.34
2025-04-23 23:00:00,93825.75,93879.34,93573.62,93729.23,451.29,42301799.93
2025-04-24 00:00:00,93729.23,93819.91,93295.33,93413.2,768.71,71899958.86
2025-04-24 01:00:00,93413.2,93643.8,93116.1,93533.14,677.73,63275384.65
2025-04-24 02:00:00,93533.14,93659.99,93083.44,93137.05,544.91,50899204.17
2025-04-24 03:00:00,93137.05,93349.87,92672.47,92697.72,850.05,79061675.54
2025-04-24 04:00:00,92697.72,92853.53,92409.9,92771.85,620.21,57470339.05
2025-04-24 05:00:00,92771.85,92918.86,92552.12,92603.92,233.2,21626555.32
2025-04-24 06:00:00,92603.92,92682.05,92283.41,92423.4,447.4,41376644.4
2025-04-24 07:00:00,92423.4,92651.28,92121.49,92221.64,469.76,43393642.73
2025-04-24 08:00:00,92221.64,92377.1,91693.21,92037.54,975.93,89808232.43
2025-04-24 09:00:00,92037.54,92577.82,92002.63,92485.54,405.38,37417611.09
2025-04-24 10:00:00,92485.54,92671.65,92384.26,92573.05,298.32,27607292.97
2025-04-24 11:00:00,92573.05,92659.98,92299.01,92641.04,365.72,33816462.72
2025-04-24 12:00:00,92641.04,92821.27,92456.12,92803.4,893.78,82825859.77
2025-04-24 13:00:00,92803.4,93017.95,92604.59,92857.17,1931.8,179278438.7
2025-04-24 14:00:00,92857.17,93440.62,92667.35,93137.15,2380.97,221540191.56
2025-04-24 15:00:00,93137.15,93502.72,93058.27,93249.59,1170.8,109240400.47
2025-04-24 16:00:00,93249.59,93645.68,93249.48,93401.11,1395.65,130507424.63
2025-04-24 17:00:00,93401.11,93478.78,92729.1,93043.18,1110.38,103288210.54
2025-04-24 18:00:00,93043.18,93506.45,93034.58,93425.71,886.99,82769169.65
2025-04-24 19:00:00,93425.71,93734.07,93244.24,93622.75,2273.56,212713892.92
2025-04-24 20:00:00,93622.75,93702.77,93358.27,93452.47,1050.65,98265305.66
2025-04-24 21:00:00,93452.47,93620.23,93088.87,93398.74,463.32,43273730.85
2025-04-24 22:00:00,93398.74,93637.82,93339.34,93479.81,388.89,36366985.79
2025-04-24 23:00:00,93479.81,94047.54,93423.69,94022.48,886.44,83138484.41
2025-04-25 00:00:00,94022.48,94052.97,93573.69,93948.03,692.32,64949041.99
2025-04-25 01:00:00,93948.03,94483.85,93662.65,93706.5,976.99,91894409.85
2025-04-25 02:00:00,93706.5,93908.68,92924.7,93023.97,892.69,83315089.98
2025-04-25 03:00:00,93023.97,93417.75,92883.11,93345.74,600.98,55974768.16
2025-04-25 04:00:00,93345.74,93529.35,93079.96,93088.09,334.96,31250898.86
2025-04-25 05:00:00,93088.09,93457.24,93050.04,93235.07,252.12,23522247.52
2025-04-25 06:00:00,93235.07,93643.52,93231.44,93579.24,329.51,30792574.05
2025-04-25 07:00:00,93579.24,93898.52,93534.31,93814.53,1016.19,95217071.25
2025-04-25 08:00:00,93814.53,93926.39,93655.68,93716.51,469.89,44056302.12
2025-04-25 09:00:00,93716.51,93900.46,93587.82,93856.57,376.12,35253301.76
2025-04-25 10:00:00,93856.57,94000.87,93620.73,93676.85,593.04,55608487.0
2025-04-25 11:00:00,93676.85,94690.49,93676.85,94662.05,842.66,79416145.97
2025-04-25 12:00:00,94662.05,95032.66,94339.03,94468.11,2192.99,207777225.0
2025-04-25 13:00:00,94468.11,94747.61,94005.24,94468.17,1877.51,177353362.78
2025-04-25 14:00:00,94468.17,95924.19,94464.12,95541.58,7158.26,681001825.41
2025-04-25 15:00:00,95541.58,95821.66,94907.69,95164.43,3661.09,349178094.17
2025-04-25 16:00:00,95164.43,95457.8,94808.87,95301.45,1637.74,155888513.85
2025-04-25 17:00:00,95301.45,95629.92,94429.63,94586.16,1896.72,180373476.28
2025-04-25 18:00:00,94586.16,95322.29,94586.15,95065.35,1882.36,178851962.84
2025-04-25 19:00:00,95065.35,95435.85,94970.47,95410.23,2739.5,260837260.09
2025-04-25 20:00:00,95410.23,95453.87,94876.28,94967.37,833.56,79287780.42
2025-04-25 21:00:00,94967.37,95122.52,94562.22,94693.98,590.2,55971813.28
2025-04-25 22:00:00,94693.98,95051.87,94677.74,94929.81,274.48,26049165.14
2025-04-25 23:00:00,94929.81,95037.08,94689.98,94711.24,361.26,34252572.74
2025-04-26 00:00:00,94711.24,95000.83,94624.0,94952.79,518.67,49185823.44
2025-04-26 01:00:00,94952.79,95258.03,94822.95,95078.34,401.78,38200042.77
2025-04-26 02:00:00,95078.34,95206.44,94768.64,95057.07,380.57,36145203.16
2025-04-26 03:00:00,95057.07,95110.79,94759.88,94786.02,228.19,21654548.27
2025-04-26 04:00:00,94786.02,94866.9,94554.9,94576.2,217.57,20600757.23
2025-04-26 05:00:00,94576.2,94740.88,94427.79,94667.31,226.13,21387320.39
2025-04-26 06:00:00,94667.31,94777.23,94635.25,94675.01,124.72,11811122.52
2025-04-26 07:00:00,94675.01,94839.18,94622.49,94626.82,272.28,25798153.68
2025-04-26 08:00:00,94626.82,94761.89,94318.32,94352.61,348.72,32954064.64
2025-04-26 09:00:00,94352.61,94460.73,94167.61,94307.41,218.44,20598668.55
2025-04-26 10:00:00,94307.41,94428.29,94188.56,94250.45,159.8,15070647.9
2025-04-26 11:00:00,94250.45,94288.8,94040.08,94182.29,298.35,28094909.29
2025-04-26 12:00:00,94182.29,94362.89,94150.56,94280.72,246.3,23218815.84
2025-04-26 13:00:00,94280.72,94333.42,93916.48,94182.29,488.63,45980935.7
2025-04-26 14:00:00,94182.29,94301.52,93957.14,94278.2,350.93,33031760.38
2025-04-26 15:00:00,94278.2,94438.99,94224.72,94414.77,276.89,26126407.19
2025-04-26 16:00:00,94414.77,94419.02,94084.46,94330.21,351.92,33174186.28
2025-04-26 17:00:00,94330.21,94400.99,94267.03,94361.45,188.72,17804011.13
2025-04-26 18:00:00,94361.45,94414.26,94161.24,94186.91,379.18,35731805.0
2025-04-26 19:00:00,94186.91,94364.25,94141.75,94346.32,336.03,31661431.69
2025-04-26 20:00:00,94346.32,94415.42,94139.79,94147.15,304.65,28722707.7
2025-04-26 21:00:00,94147.15,94401.77,94146.81,94401.25,224.99,21220616.75
2025-04-26 22:00:00,94401.25,94833.55,94401.23,94825.57,512.34,48498227.55
2025-04-26 23:00:00,94825.57,94925.61,94611.41,94663.66,335.61,31799478.48
2025-04-27 00:00:00,94663.66,95013.92,94628.23,94916.32,451.31,42820879.76
2025-04-27 01:00:00,94916.32,95346.43,94104.59,94168.88,1149.59,108900864.52
2025-04-27 02:00:00,94168.88,94499.65,94124.42,94371.41,321.24,30302818.42
2025-04-27 03:00:00,94371.41,94489.42,94175.1,94195.08,228.4,21538571.97
2025-04-27 04:00:00,94195.08,94320.64,94047.47,94054.17,195.53,18413894.16
2025-04-27 05:00:00,94054.17,94197.48,93688.51,93948.81,495.69,46564583.17
2025-04-27 06:00:00,93948.81,94121.41,93910.44,94047.49,153.96,14474780.95
2025-04-27 07:00:00,94047.49,94160.64,93967.83,94101.07,97.81,9202747.92
2025-04-27 08:00:00,94101.07,94348.68,94056.88,94246.88,148.83,14023330.89
2025-04-27 09:00:00,94246.88,94252.99,94145.26,94190.7,98.66,9293060.47
2025-04-27 10:00:00,94190.7,94210.98,93973.81,94077.17,142.52,13407827.09
2025-04-27 11:00:00,94077.17,94111.32,93918.9,93951.6,148.91,13997656.44
2025-04-27 12:00:00,93951.6,94005.37,93729.64,93784.35,468.28,43947571.11
2025-04-27 13:00:00,93784.35,94118.44,93671.22,94098.15,491.63,46154556.47
2025-04-27 14:00:00,94098.15,94204.71,93978.93,94021.7,334.19,31432955.73
2025-04-27 15:00:00,94021.7,94034.22,93835.96,93936.0,185.05,17380042.1
2025-04-27 16:00:00,93936.0,93958.53,93759.34,93908.08,255.4,23973398.75
2025-04-27 17:00:00,93908.08,94182.3,93844.74,94080.65,297.69,27994108.05
2025-04-27 18:00:00,94080.65,94440.07,94030.75,94319.11,256.65,24192736.79
2025-04-27 19:00:00,94319.11,94465.65,94240.7,94459.12,225.41,21270723.24
2025-04-27 20:00:00,94459.12,94466.6,94294.55,94301.42,186.03,17555651.13
2025-04-27 21:00:00,94301.42,94570.5,94203.89,94365.35,331.15,31262667.12
2025-04-27 22:00:00,94365.35,94374.26,93680.16,93974.16,691.37,64987385.3
2025-04-27 23:00:00,93974.16,93974.16,93694.19,93777.44,358.67,33646415.14
2025-04-28 00:00:00,93777.44,93826.71,93328.58,93453.94,1261.63,118040892.43
2025-04-28 01:00:00,93453.94,93631.77,92864.35,92989.51,1617.45,150684106.88
2025-04-28 02:00:00,92989.51,93665.28,92944.82,93654.42,783.83,73155303.51
2025-04-28 03:00:00,93654.42,94025.93,93520.45,93891.54,474.75,44534440.05
2025-04-28 04:00:00,93891.54,94205.74,93891.54,94077.34,279.28,26273114.34
2025-04-28 05:00:00,94077.34,94369.59,94013.93,94264.84,404.61,38115018.19
2025-04-28 06:00:00,94264.84,94694.62,94264.84,94628.34,357.21,33747555.53
2025-04-28 07:00:00,94628.34,94829.51,94528.45,94732.51,335.27,31747092.72
2025-04-28 08:00:00,94732.51,94871.42,94642.46,94749.71,310.76,29449124.1
2025-04-28 09:00:00,94749.71,94919.33,94726.16,94774.7,475.95,45135022.55
2025-04-28 10:00:00,94774.7,95248.89,94387.62,95103.06,1189.9,112907343.79
2025-04-28 11:00:00,95103.06,95573.81,95048.28,95345.82,695.5,66324084.74
2025-04-28 12:00:00,95345.82,95636.66,95115.3,95385.12,812.78,77514153.4
2025-04-28 13:00:00,95385.12,95546.74,93964.94,94000.96,1989.77,188563361.05
2025-04-28 14:00:00,94000.96,94937.41,93890.75,94473.5,1876.79,177408281.89
2025-04-28 15:00:00,94473.5,94575.65,93627.64,93869.92,1646.06,154553399.06
2025-04-28 16:00:00,93869.92,94062.87,93481.23,93766.85,1227.84,115107460.25
2025-04-28 17:00:00,93766.85,94129.07,93534.15,94122.8,1040.19,97560142.24
2025-04-28 18:00:00,94122.8,94257.57,93822.74,94231.9,487.67,45853864.77
2025-04-28 19:00:00,94231.9,94947.06,94205.09,94821.85,1181.07,111857479.91
2025-04-28 20:00:00,94821.85,94838.98,94412.41,94505.98,620.1,58665454.34
2025-04-28 21:00:00,94505.98,94581.42,94328.01,94570.54,271.75,25667098.33
2025-04-28 22:00:00,94570.54,94909.61,94512.05,94847.23,392.35,37147265.58
2025-04-28 23:00:00,94847.23,95194.99,94823.44,95035.06,684.54,65060091.36
2025-04-29 00:00:00,95035.06,95248.15,94861.81,95087.2,547.07,51994541.87
2025-04-29 01:00:00,95087.2,95471.9,94770.71,94895.61,1151.95,109609749.46
2025-04-29 02:00:00,94895.61,94986.68,94542.38,94648.45,696.79,66035116.42
2025-04-29 03:00:00,94648.45,94818.87,94475.13,94686.89,425.3,40257172.0
2025-04-29 04:00:00,94686.89,94904.63,94347.6,94391.06,401.36,37969832.63
2025-04-29 05:00:00,94391.06,94436.49,94248.41,94311.83,281.05,26512766.49
2025-04-29 06:00:00,94311.83,94847.4,94296.23,94816.83,317.72,30074703.54
2025-04-29 07:00:00,94816.83,94997.06,94749.34,94959.91,228.94,21719424.28
2025-04-29 08:00:00,94959.91,95137.9,94866.8,95062.17,409.03,38852440.56
2025-04-29 09:00:00,95062.17,95124.24,94840.0,95029.96,350.37,33272061.88
2025-04-29 10:00:00,95029.96,95081.63,94796.1,94855.8,333.4,31654504.14
2025-04-29 11:00:00,94855.8,95326.28,94847.85,95165.25,508.2,48366070.75
2025-04-29 12:00:00,95165.25,95204.8,94833.16,94857.09,430.11,40864524.86
2025-04-29 13:00:00,94857.09,95066.46,94639.92,94837.95,1007.21,95514924.24
2025-04-29 14:00:00,94837.95,95309.32,94579.81,95070.3,1246.01,118310391.43
2025-04-29 15:00:00,95070.3,95149.0,94759.46,94865.2,760.93,72222076.37
2025-04-29 16:00:00,94865.2,95487.2,94831.06,94994.52,1296.73,123492905.62
2025-04-29 17:00:00,94994.52,95387.23,94693.95,95263.94,1173.47,111587430.73
2025-04-29 18:00:00,95263.94,95480.97,95093.15,95432.77,853.93,81434091.98
2025-04-29 19:00:00,95432.77,95466.77,95257.52,95342.22,797.93,76097650.91
2025-04-29 20:00:00,95342.22,95435.67,94854.64,94873.2,718.3,68296316.83
2025-04-29 21:00:00,94873.2,94996.24,94399.17,94777.07,1045.24,98917767.04
2025-04-29 22:00:00,94777.07,94777.08,94079.51,94188.42,794.45,74919703.87
2025-04-29 23:00:00,94188.42,94326.5,93780.51,94274.16,1081.25,101655467.55
2025-04-30 00:00:00,94274.16,94660.15,94166.68,94567.39,507.99,47971468.84
2025-04-30 01:00:00,94567.39,94629.94,94318.69,94561.88,419.27,39622602.97
2025-04-30 02:00:00,94561.88,94813.06,94485.95,94674.0,406.6,38482720.91
2025-04-30 03:00:00,94674.0,95147.37,94539.72,95058.3,465.73,44168171.26
2025-04-30 04:00:00,95058.3,95191.66,94900.4,95085.86,350.95,33342218.92
2025-04-30 05:00:00,95085.86,95137.14,94910.19,94927.17,202.15,19207426.44
2025-04-30 06:00:00,94927.17,94989.72,94779.96,94785.04,289.96,27515557.32
2025-04-30 07:00:00,94785.04,94895.47,94537.43,94654.21,239.72,22703746.74
2025-04-30 08:00:00,94654.21,94819.98,94551.0,94731.8,260.12,24625050.15
2025-04-30 09:00:00,94731.8,95047.47,94699.34,94994.42,262.06,24873126.8
2025-04-30 10:00:00,94994.42,95040.72,94877.57,94969.52,199.13,18908707.82
2025-04-30 11:00:00,94969.52,95250.77,94967.2,95206.54,784.48,74623283.79
2025-04-30 12:00:00,95206.54,95238.69,94386.87,94594.99,1701.19,161259890.91
2025-04-30 13:00:00,94594.99,94670.25,93061.63,93083.37,3765.83,353970191.45
2025-04-30 14:00:00,93083.37,94369.47,92968.85,93739.4,3239.94,303408905.36
2025-04-30 15:00:00,93739.4,94117.73,93672.94,94020.56,1466.67,137778180.2
2025-04-30 16:00:00,94020.56,94190.35,93550.28,93958.8,1299.78,122003181.26
2025-04-30 17:00:00,93958.8,94280.99,93764.91,94115.32,1135.28,106753088.84
2025-04-30 18:00:00,94115.32,94518.39,94023.3,94100.56,1033.43,97395990.13
2025-04-30 19:00:00,94100.56,94279.01,93770.32,94171.92,1048.09,98530490.35
2025-04-30 20:00:00,94171.92,94748.53,94142.3,94586.2,937.53,88613653.9
2025-04-30 21:00:00,94586.2,94791.84,94404.32,94450.29,382.05,36143753.45
2025-04-30 22:00:00,94450.29,94737.83,94086.29,94142.73,609.07,57507574.8
2025-04-30 23:00:00,94142.73,94348.49,94022.36,94186.14,479.02,45130269.35
2025-05-01 00:00:00,94186.14,94410.31,94150.92,94409.55,386.53,36446088.72
2025-05-01 01:00:00,94409.55,94723.87,94404.61,94656.33,613.63,58059929.42
2025-05-01 02:00:00,94656.33,94989.18,94638.56,94853.63,611.99,58045903.89
2025-05-01 03:00:00,94853.63,95023.12,94702.83,94802.88,568.05,53873990.14
2025-05-01 04:00:00,94802.88,94944.28,94741.65,94892.09,219.48,20813989.94
2025-05-01 05:00:00,94892.09,95196.0,94864.44,95164.35,502.94,47783982.1
2025-05-01 06:00:00,95164.35,95193.84,94835.14,94919.06,429.66,40830958.05
2025-05-01 07:00:00,94919.06,95123.24,94832.59,95050.06,148.75,14135554.5
2025-05-01 08:00:00,95050.06,95229.11,94930.01,95222.98,274.28,26081559.6
2025-05-01 09:00:00,95222.98,95830.53,95165.95,95551.12,921.89,88011405.34
2025-05-01 10:00:00,95551.12,96400.84,95551.12,96193.79,1492.17,143367127.75
2025-05-01 11:00:00,96193.79,96269.25,95871.27,96210.77,1245.82,119728605.12
2025-05-01 12:00:00,96210.77,96491.46,96154.91,96409.8,1902.18,183205751.36
2025-05-01 13:00:00,96409.8,96764.01,95861.53,95861.73,2230.44,214906898.21
2025-05-01 14:00:00,95861.73,96957.49,95861.72,96910.11,2878.39,277647385.2
2025-05-01 15:00:00,96910.11,97505.38,96837.31,96920.01,2382.34,231433715.08
2025-05-01 16:00:00,96920.01,97441.97,96920.0,97087.85,1446.75,140640734.61
2025-05-01 17:00:00,97087.85,97281.85,96585.64,96839.86,1228.31,119086246.15
2025-05-01 18:00:00,96839.86,97004.66,96495.54,96935.73,942.54,91230994.14
2025-05-01 19:00:00,96935.73,96945.4,96480.55,96590.65,884.35,85455404.42
2025-05-01 20:00:00,96590.65,96979.44,96394.24,96479.55,1195.23,115580844.37
2025-05-01 21:00:00,96479.55,96820.3,96465.02,96514.65,289.23,27952760.69
2025-05-01 22:00:00,96514.65,96680.97,96405.52,96418.75,344.98,33300080.53
2025-05-01 23:00:00,96418.75,96535.89,96223.29,96519.31,525.22,50608492.9
2025-05-02 00:00:00,96519.31,97067.05,96508.2,97063.35,539.94,52276236.44
2025-05-02 01:00:00,97063.35,97201.14,96810.37,97002.64,551.64,53522498.37
2025-05-02 02:00:00,97002.64,97077.1,96759.34,96990.06,436.43,42306831.16
2025-05-02 03:00:00,96990.06,97271.99,96989.98,97143.07,383.61,37267631.5
2025-05-02 04:00:00,97143.07,97325.25,96910.95,96969.48,345.98,33607309.08
2025-05-02 05:00:00,96969.48,97028.28,96661.65,96734.87,243.59,23591126.8
2025-05-02 06:00:00,96734.87,96907.9,96594.33,96742.25,299.27,28948612.34
2025-05-02 07:00:00,96742.25,96756.47,96390.11,96391.39,389.48,37606269.82
2025-05-02 08:00:00,96391.39,96799.69,96386.78,96665.31,252.42,24389733.94
2025-05-02 09:00:00,96665.31,96810.86,96509.65,96644.69,208.99,20201536.16
2025-05-02 10:00:00,96644.69,96964.3,96642.55,96929.8,253.82,24583748.03
2025-05-02 11:00:00,96929.8,97137.7,96924.26,96967.33,377.06,36576585.96
2025-05-02 12:00:00,96967.33,97230.73,96703.24,97227.87,1065.59,103336787.66
2025-05-02 13:00:00,97227.87,97299.59,96711.26,96801.39,1206.64,116960323.62
2025-05-02 14:00:00,96801.39,97937.68,96740.06,97796.73,2573.43,250600672.82
2025-05-02 15:00:00,97796.73,97939.99,97113.82,97366.83,1461.34,142579195.19
2025-05-02 16:00:00,97366.83,97831.65,97366.8,97404.94,1247.35,121804950.59
2025-05-02 17:00:00,97404.94,97492.97,97120.93,97450.85,755.94,73573107.07
2025-05-02 18:00:00,97450.85,97664.65,97207.13,97224.37,1008.8,98336198.33
2025-05-02 19:00:00,97224.37,97234.08,96809.72,96971.46,1403.53,136199718.48
2025-05-02 20:00:00,96971.46,97192.85,96895.01,97068.75,374.3,36333380.88
2025-05-02 21:00:00,97068.75,97090.18,96611.68,96772.12,245.5,23789465.0
2025-05-02 22:00:00,96772.12,96834.34,96615.46,96690.99,271.15,26222617.47
2025-05-02 23:00:00,96690.99,96933.86,96634.92,96925.07,279.26,27030058.91
2025-05-03 00:00:00,96925.07,96963.89,96665.77,96739.78,287.8,27867250.31
2025-05-03 01:00:00,96739.78,96763.43,96472.03,96530.4,395.81,38223170.23
2025-05-03 02:00:00,96530.4,96729.94,96524.99,96563.54,270.61,26151206.25
2025-05-03 03:00:00,96563.54,96575.47,96347.96,96378.5,347.76,33543006.78
2025-05-03 04:00:00,96378.5,96620.41,96351.9,96548.61,144.07,13902581.13
2025-05-03 05:00:00,96548.61,96626.54,96454.92,96456.73,113.79,10985763.69
2025-05-03 06:00:00,96456.73,96457.42,96169.02,96212.07,397.9,38331892.36
2025-05-03 07:00:00,96212.07,96417.26,96198.96,96365.67,254.72,24534725.73
2025-05-03 08:00:00,96365.67,96448.88,96181.14,96330.35,195.89,18867301.3
2025-05-03 09:00:00,96330.35,96424.07,96232.74,96290.47,142.13,13690345.44
2025-05-03 10:00:00,96290.47,96290.48,95907.11,95948.61,628.46,60428453.64
2025-05-03 11:00:00,95948.61,96118.88,95913.54,95978.71,261.69,25137070.05
2025-05-03 12:00:00,95978.71,96191.32,95930.14,96156.38,236.45,22718137.18
2025-05-03 13:00:00,96156.38,96366.11,96145.57,96366.0,250.87,24153909.78
2025-05-03 14:00:00,96366.0,96477.45,96330.19,96409.81,243.55,23477226.46
2025-05-03 15:00:00,96409.81,96537.93,96359.48,96448.31,250.97,24210051.95
2025-05-03 16:00:00,96448.31,96456.71,96121.56,96237.7,286.8,27606634.98
2025-05-03 17:00:00,96237.7,96238.02,95943.64,96224.62,400.11,38453074.77
2025-05-03 18:00:00,96224.62,96296.27,96133.29,96175.91,175.78,16909144.37
2025-05-03 19:00:00,96175.91,96390.82,96157.16,96389.89,163.76,15769578.31
2025-05-03 20:00:00,96389.89,96420.81,96319.31,96369.08,237.97,22931975.14
2025-05-03 21:00:00,96369.08,96463.07,96274.8,96301.1,350.13,33734213.59
2025-05-03 22:00:00,96301.1,96371.57,96199.48,96203.13,325.99,31378081.84
2025-05-03 23:00:00,96203.13,96204.04,95826.0,95903.14,719.91,69116916.17
2025-05-04 00:00:00,95903.14,96079.44,95839.16,95911.25,494.58,47438276.11
2025-05-04 01:00:00,95911.25,96207.96,95672.94,96139.58,891.73,85513470.68
2025-05-04 02:00:00,96139.58,96326.95,95870.1,95939.74,440.33,42314351.06
2025-05-04 03:00:00,95939.74,95946.81,95733.1,95783.99,255.07,24438117.95
2025-05-04 04:00:00,95783.99,95975.61,95778.13,95783.94,168.72,16173820.67
2025-05-04 05:00:00,95783.94,96158.39,95756.29,96091.54,191.54,18381221.79
2025-05-04 06:00:00,96091.54,96170.98,95907.02,95954.01,115.28,11068310.06
2025-05-04 07:00:00,95954.01,96097.09,95865.85,95916.48,115.35,11069588.17
2025-05-04 08:00:00,95916.48,95959.24,95538.19,95699.77,603.44,57815000.28
2025-05-04 09:00:00,95699.77,95726.29,95527.99,95553.39,297.46,28457628.98
2025-05-04 10:00:00,95553.39,95570.42,95388.21,95477.0,328.1,31360147.16
2025-05-04 11:00:00,95477.0,95599.13,95438.39,95484.26,271.75,25971057.24
2025-05-04 12:00:00,95484.26,95635.4,95476.39,95529.26,262.94,25123305.12
2025-05-04 13:00:00,95529.26,95632.38,95318.46,95436.86,515.2,49200704.64
2025-05-04 14:00:00,95436.86,95690.41,95396.07,95666.94,264.01,25225116.79
2025-05-04 15:00:00,95666.94,95721.99,95487.84,95522.69,268.58,25671449.73
2025-05-04 16:00:00,95522.69,95606.7,95376.22,95407.05,312.38,29814625.97
2025-05-04 17:00:00,95407.05,95527.41,95326.71,95465.46,321.11,30634525.68
2025-05-04 18:00:00,95465.46,95539.51,95423.81,95434.2,163.3,15586635.64
2025-05-04 19:00:00,95434.2,95682.04,95409.39,95628.22,207.23,19798332.83
2025-05-04 20:00:00,95628.22,95769.35,95628.22,95745.99,221.0,21148300.99
2025-05-04 21:00:00,95745.99,95794.15,95688.3,95731.25,217.54,20825467.43
2025-05-04 22:00:00,95731.25,95736.37,94888.35,95084.04,1796.79,171108431.58
2025-05-04 23:00:00,95084.04,95097.81,94313.27,94394.09,2237.32,211877959.02
2025-05-05 00:00:00,94394.09,94878.9,94343.85,94799.04,919.11,86907054.15
2025-05-05 01:00:00,94799.04,94815.36,93929.11,94046.3,1740.07,163975347.6
2025-05-05 02:00:00,94046.3,94472.59,93707.7,94331.1,1224.79,115234920.68
2025-05-05 03:00:00,94331.1,94382.52,94110.28,94137.23,340.34,32035677.11
2025-05-05 04:00:00,94137.23,94512.02,94119.12,94496.47,235.92,22243032.22
2025-05-05 05:00:00,94496.47,94824.08,94330.35,94791.3,261.25,24680737.03
2025-05-05 06:00:00,94791.3,94836.7,94662.53,94835.45,190.57,18048676.84
2025-05-05 07:00:00,94835.45,94870.86,94626.8,94817.3,271.73,25733898.37
2025-05-05 08:00:00,94817.3,94839.68,94569.96,94624.35,313.91,29729748.68
2025-05-05 09:00:00,94624.35,94701.91,94567.03,94627.64,181.08,17133439.31
2025-05-05 10:00:00,94627.64,94636.73,94199.28,94239.13,780.15,73710369.46
2025-05-05 11:00:00,94239.13,94354.31,94044.51,94150.65,675.29,63670843.83
2025-05-05 12:00:00,94150.65,94413.09,94027.33,94394.92,509.02,47965755.56
2025-05-05 13:00:00,94394.92,94471.02,93751.44,94275.47,2018.78,189770197.13
2025-05-05 14:00:00,94275.47,94598.74,93811.9,93931.23,1493.57,140557296.51
2025-05-05 15:00:00,93931.23,94012.82,93694.42,93814.73,1184.71,111153188.08
2025-05-05 16:00:00,93814.73,94325.5,93809.17,94256.15,649.4,61110282.6
2025-05-05 17:00:00,94256.15,94655.16,94126.45,94551.9,857.15,80897301.17
2025-05-05 18:00:00,94551.9,94937.7,94494.31,94776.55,695.04,65833006.01
2025-05-05 19:00:00,94776.55,94947.37,94334.23,94378.91,1159.61,109721584.58
2025-05-05 20:00:00,94378.91,94400.89,93916.45,94280.2,604.26,56881747.05
2025-05-05 21:00:00,94280.2,94869.07,94278.97,94751.38,408.39,38624857.68
2025-05-05 22:00:00,94751.38,95224.21,94745.33,95087.66,565.8,53718321.03
2025-05-05 23:00:00,95087.66,95147.2,94752.39,94767.95,340.0,32270727.78
2025-05-06 00:00:00,94767.95,94806.71,94462.02,94610.67,502.01,47473182.46
2025-05-06 01:00:00,94610.67,94938.82,94330.79,94332.98,581.68,55018318.2
2025-05-06 02:00:00,94332.98,94414.46,94040.07,94339.29,598.31,56350832.03
2025-05-06 03:00:00,94339.29,94515.17,94250.16,94468.9,309.56,29206015.26
2025-05-06 04:00:00,94468.9,94591.78,94367.49,94586.28,236.78,22372084.41
2025-05-06 05:00:00,94586.28,94612.67,94330.71,94353.86,223.8,21129284.54
2025-05-06 06:00:00,94353.86,94498.01,94347.32,94498.01,133.63,12617826.33
2025-05-06 07:00:00,94498.01,94632.19,94371.43,94407.32,305.55,28863787.05
2025-05-06 08:00:00,94407.32,94408.93,94031.23,94377.6,468.62,44163729.93
2025-05-06 09:00:00,94377.6,94378.92,94123.9,94219.84,137.45,12947561.29
2025-05-06 10:00:00,94219.84,94331.33,93878.77,93946.51,531.92,50040852.94
2025-05-06 11:00:00,93946.51,94061.5,93719.7,93801.4,463.06,43489622.86
2025-05-06 12:00:00,93801.4,94041.31,93772.91,93954.77,438.78,41204552.42
2025-05-06 13:00:00,93954.77,94003.29,93382.91,93610.37,1634.06,153131362.71
2025-05-06 14:00:00,93610.37,94673.8,93606.02,94160.44,1931.58,181967104.84
2025-05-06 15:00:00,94160.44,94731.61,94070.9,94560.91,841.05,79446966.75
2025-05-06 16:00:00,94560.91,94816.59,94224.35,94244.13,1162.98,109959713.93
2025-05-06 17:00:00,94244.13,94864.82,94240.84,94524.64,897.4,84885355.13
2025-05-06 18:00:00,94524.64,95093.57,94514.32,95076.81,980.05,92899934.37
2025-05-06 19:00:00,95076.81,95170.78,94940.48,94977.24,1261.74,119942600.13
2025-05-06 20:00:00,94977.24,95039.08,94648.47,94701.2,789.7,74890920.01
2025-05-06 21:00:00,94701.2,94809.18,94478.32,94696.47,529.11,50065022.47
2025-05-06 22:00:00,94696.47,96284.49,94686.8,96256.62,1940.51,185424140.11
2025-05-06 23:00:00,96256.62,96911.52,96116.33,96835.87,1430.91,138122311.72
2025-05-07 00:00:00,96835.87,97492.95,96758.22,97424.93,1345.94,130777464.4
2025-05-07 01:00:00,97424.93,97720.02,97206.63,97255.31,1145.99,111679776.08
2025-05-07 02:00:00,97255.31,97281.87,96498.6,96634.91,1137.27,110176393.95
2025-05-07 03:00:00,96634.91,96668.73,96214.78,96502.18,820.82,79158522.49
2025-05-07 04:00:00,96502.18,96699.52,96417.05,96572.43,350.16,33813077.65
2025-05-07 05:00:00,96572.43,96572.43,96324.71,96375.75,230.36,22213074.71
2025-05-07 06:00:00,96375.75,96654.39,96361.06,96553.43,269.34,26000626.23
2025-05-07 07:00:00,96553.43,97015.23,96543.93,96994.73,368.66,35697929.58
2025-05-07 08:00:00,96994.73,97084.15,96870.89,97027.33,284.92,27625098.3
2025-05-07 09:00:00,97027.33,97057.66,96874.06,96983.99,179.11,17366237.45
2025-05-07 10:00:00,96983.99,97110.73,96847.81,97032.55,293.44,28456483.74
2025-05-07 11:00:00,97032.55,97088.36,96954.65,97058.64,234.21,22724528.02
2025-05-07 12:00:00,97058.64,97197.46,96896.01,96976.48,508.93,49381433.98
2025-05-07 13:00:00,96976.48,97309.55,96719.4,97032.0,1266.82,122866479.35
2025-05-07 14:00:00,97032.0,97507.72,96825.62,96948.87,1812.62,176290206.06
2025-05-07 15:00:00,96948.87,97173.17,96777.79,96946.13,856.62,83081064.67
2025-05-07 16:00:00,96946.13,96969.06,96530.19,96868.63,877.52,84906157.41
2025-05-07 17:00:00,96868.63,96900.52,96202.99,96318.55,1035.59,99981191.72
2025-05-07 18:00:00,96318.55,96879.89,95908.81,96613.68,2613.23,251839573.27
2025-05-07 19:00:00,96613.68,96633.78,95816.56,96206.66,1829.45,176113518.2
2025-05-07 20:00:00,96206.66,96796.31,96102.37,96796.31,834.9,80552280.46
2025-05-07 21:00:00,96796.31,97337.35,96690.39,97143.67,731.12,70890570.28
2025-05-07 22:00:00,97143.67,97329.97,97035.79,97275.62,442.34,42993376.29
2025-05-07 23:00:00,97275.62,97406.16,96995.92,97052.27,531.57,51700570.11
2025-05-08 00:00:00,97052.27,97797.84,96905.18,97767.4,741.85,72172011.38
2025-05-08 01:00:00,97767.4,98370.3,97624.52,97830.47,1854.82,181752031.19
2025-05-08 02:00:00,97830.47,98859.58,97830.39,98695.81,1426.52,140488764.15
2025-05-08 03:00:00,98695.81,99211.27,98555.87,99160.93,1230.23,121680651.06
2025-05-08 04:00:00,99160.93,99419.24,98953.63,98973.1,1034.69,102667126.73
2025-05-08 05:00:00,98973.1,99138.87,98753.71,98760.81,529.74,52407633.41
2025-05-08 06:00:00,98760.81,99030.96,98719.98,99023.31,495.13,48949045.5
2025-05-08 07:00:00,99023.31,99375.8,99022.71,99273.96,574.34,56993253.68
2025-05-08 08:00:00,99273.96,99793.75,99238.03,99690.16,988.46,98431080.87
2025-05-08 09:00:00,99690.16,99818.54,99563.44,99809.3,445.39,44387902.65
2025-05-08 10:00:00,99809.3,99904.67,99705.46,99804.84,571.02,56991100.38
2025-05-08 11:00:00,99804.84,99804.84,99428.57,99432.31,434.23,43245994.84
2025-05-08 12:00:00,99432.31,99568.74,99278.17,99309.07,630.58,62691265.73
2025-05-08 13:00:00,99309.07,99650.78,99116.4,99318.9,1514.69,150502109.81
2025-05-08 14:00:00,99318.9,99854.67,99199.64,99417.12,2540.01,252833220.19
2025-05-08 15:00:00,99417.12,101533.3,99357.94,100790.04,6247.3,628319043.04
2025-05-08 16:00:00,100790.04,101393.17,100612.53,101316.61,3306.91,334118091.77
2025-05-08 17:00:00,101316.61,101732.61,100826.51,101043.13,2718.24,275421479.86
2025-05-08 18:00:00,101043.13,101484.32,101007.55,101396.69,1878.53,190326684.34
2025-05-08 19:00:00,101396.69,101396.74,101001.42,101320.85,2376.94,240569806.12
2025-05-08 20:00:00,101320.85,102834.65,101317.06,102615.84,2742.32,279652414.11
2025-05-08 21:00:00,102615.84,104147.97,102132.4,102813.97,3330.92,343310013.77
2025-05-08 22:00:00,102813.97,103204.55,102403.73,102992.46,1239.99,127449509.93
2025-05-08 23:00:00,102992.46,103282.67,102775.24,103259.0,1447.1,149125930.85
2025-05-09 00:00:00,103259.0,103259.63,102539.07,102804.3,1221.46,125673573.49
2025-05-09 01:00:00,102804.3,103118.23,102542.1,103082.85,918.97,94464767.29
2025-05-09 02:00:00,103082.85,103088.58,102504.54,102581.37,607.88,62474180.87
2025-05-09 03:00:00,102581.37,102780.67,102352.73,102430.88,660.19,67698700.5
2025-05-09 04:00:00,102430.88,102824.07,102365.2,102808.91,576.02,59101829.5
2025-05-09 05:00:00,102808.91,102943.92,102575.16,102943.86,554.11,56966043.63
2025-05-09 06:00:00,102943.86,103235.65,102907.88,103210.82,686.66,70768852.29
2025-05-09 07:00:00,103210.82,104353.74,103125.8,103663.04,1360.75,141157607.81
2025-05-09 08:00:00,103663.04,103946.61,102674.51,102961.31,1075.6,111180948.01
2025-05-09 09:00:00,102961.31,103281.46,102424.18,102906.22,731.01,75137402.2
2025-05-09 10:00:00,102906.22,103442.17,102807.48,103345.7,496.64,51207763.52
2025-05-09 11:00:00,103345.7,103463.61,102660.22,102947.75,796.4,82116514.32
2025-05-09 12:00:00,102947.75,103144.78,102796.62,102894.33,638.22,65730237.47
2025-05-09 13:00:00,102894.33,103790.19,102829.57,103645.16,1717.53,177578442.43
2025-05-09 14:00:00,103645.16,103757.15,102417.19,103168.36,3223.49,332280195.04
2025-05-09 15:00:00,103168.36,103311.58,102695.09,102896.53,1456.86,149971253.29
2025-05-09 16:00:00,102896.53,102933.94,102332.43,102492.44,1184.45,121675879.45
2025-05-09 17:00:00,102492.44,103234.76,102360.83,103214.13,1047.0,107759996.84
2025-05-09 18:00:00,103214.13,103390.28,102971.33,103199.91,745.78,76986457.6
2025-05-09 19:00:00,103199.91,103301.9,102914.38,103223.98,1617.36,166793714.05
2025-05-09 20:00:00,103223.98,103441.65,103169.04,103205.61,604.91,62478533.21
2025-05-09 21:00:00,103205.61,103229.18,102799.27,102993.02,367.81,37874870.07
2025-05-09 22:00:00,102993.02,103076.71,102763.9,102793.48,205.1,21118946.42
2025-05-09 23:00:00,102793.48,102987.71,102751.46,102982.3,266.25,27395537.57
2025-05-10 00:00:00,102982.3,103115.0,102830.2,102864.31,347.38,35773305.64
2025-05-10 01:00:00,102864.31,103115.15,102863.26,102990.9,247.0,25441248.51
2025-05-10 02:00:00,102990.9,103269.75,102956.15,103148.77,212.75,21935777.94
2025-05-10 03:00:00,103148.77,103235.31,102996.14,103227.51,191.75,19772045.3
2025-05-10 04:00:00,103227.51,103229.16,103056.08,103167.56,188.75,19469393.17
2025-05-10 05:00:00,103167.56,103355.98,103108.72,103353.83,265.2,27369476.24
2025-05-10 06:00:00,103353.83,103939.97,103349.83,103937.47,468.32,48533012.88
2025-05-10 07:00:00,103937.47,104090.08,103652.19,103771.15,416.58,43261844.55
2025-05-10 08:00:00,103771.15,104081.73,103488.08,103635.97,363.4,37732218.06
2025-05-10 09:00:00,103635.97,103907.53,103376.84,103778.71,306.68,31767514.52
2025-05-10 10:00:00,103778.71,103890.18,103600.4,103607.55,189.89,19704981.97
2025-05-10 11:00:00,103607.55,103656.65,103394.27,103431.08,198.07,20503415.7
2025-05-10 12:00:00,103431.08,103829.45,103425.66,103707.19,288.68,29924943.11
2025-05-10 13:00:00,103707.19,103803.97,103542.22,103633.95,229.19,23751515.65
2025-05-10 14:00:00,103633.95,103671.34,103433.96,103528.33,267.2,27664987.65
2025-05-10 15:00:00,103528.33,103538.68,103115.12,103152.6,514.73,53186247.33
2025-05-10 16:00:00,103152.6,103523.81,103146.89,103435.89,404.13,41759026.26
2025-05-10 17:00:00,103435.89,103606.27,103180.87,103188.19,488.5,50503050.95
2025-05-10 18:00:00,103188.19,103312.82,103018.5,103251.6,429.12,44281674.25
2025-05-10 19:00:00,103251.6,103319.63,103094.98,103198.08,226.72,23401455.27
2025-05-10 20:00:00,103198.08,103320.62,103086.91,103189.75,225.36,23264162.7
2025-05-10 21:00:00,103189.75,103799.3,103166.08,103759.35,341.02,35267589.74
2025-05-10 22:00:00,103759.35,103827.13,103568.56,103606.19,359.83,37305331.76
2025-05-10 23:00:00,103606.19,104980.23,103580.5,104814.08,1937.15,202473043.27
2025-05-11 00:00:00,104814.08,104958.29,103923.62,104419.92,1067.24,111483232.59
2025-05-11 01:00:00,104419.92,104526.71,103879.13,104127.28,505.59,52717675.85
2025-05-11 02:00:00,104127.28,104273.49,103472.27,103767.17,710.51,73845033.64
2025-05-11 03:00:00,103767.17,104194.2,103666.68,104033.25,391.4,40678453.09
2025-05-11 04:00:00,104033.25,104402.38,104012.71,104156.52,309.39,32245216.83
2025-05-11 05:00:00,104156.52,104200.13,103816.24,103845.85,194.37,20210433.79
2025-05-11 06:00:00,103845.85,103978.84,103626.71,103863.67,258.85,26872283.26
2025-05-11 07:00:00,103863.67,103877.29,103353.87,103393.86,339.94,35215529.66
2025-05-11 08:00:00,103393.86,104020.17,103389.81,103826.69,262.23,27222474.56
2025-05-11 09:00:00,103826.69,104476.55,103824.05,104361.86,247.15,25753237.56
2025-05-11 10:00:00,104361.86,104650.78,104215.63,104648.24,240.47,25111414.6
2025-05-11 11:00:00,104648.24,104762.73,104388.26,104659.62,280.58,29331718.3
2025-05-11 12:00:00,104659.62,104888.95,104530.83,104613.89,585.25,61279421.77
2025-05-11 13:00:00,104613.89,104667.71,103972.82,103992.31,555.09,57926196.5
2025-05-11 14:00:00,103992.31,104310.39,103812.62,104182.4,570.09,59318389.04
2025-05-11 15:00:00,104182.4,104687.32,103938.5,104167.99,604.97,63099203.83
2025-05-11 16:00:00,104167.99,104198.09,103773.4,104002.25,520.76,54141758.16
2025-05-11 17:00:00,104002.25,104165.16,103823.8,104050.82,405.05,42119470.16
2025-05-11 18:00:00,104050.82,104835.55,103874.82,104557.69,670.79,70003780.42
2025-05-11 19:00:00,104557.69,104671.21,104392.42,104444.94,472.2,49364833.45
2025-05-11 20:00:00,104444.94,104463.5,104188.43,104300.82,346.09,36113973.52
2025-05-11 21:00:00,104300.82,104414.76,103994.59,104379.7,304.49,31723650.6
2025-05-11 22:00:00,104379.7,104589.68,103586.12,103810.7,657.74,68388682.4
2025-05-11 23:00:00,103810.7,104141.54,103787.44,104124.02,480.71,49971550.93
2025-05-12 00:00:00,104124.02,104650.88,104081.68,104606.12,757.64,79115419.32
2025-05-12 01:00:00,104606.12,105075.82,103773.56,103991.73,1761.25,184234947.25
2025-05-12 02:00:00,103991.73,104202.32,103719.7,103890.51,682.61,70990747.3
2025-05-12 03:00:00,103890.51,104095.95,103721.3,104095.95,363.81,37799913.66
2025-05-12 04:00:00,104095.95,104160.88,103835.04,104056.07,288.47,30007324.48
2025-05-12 05:00:00,104056.07,104068.65,103766.69,103947.88,278.36,28913362.56
2025-05-12 06:00:00,103947.88,104410.92,103827.56,104389.81,326.07,33975730.01
2025-05-12 07:00:00,104389.81,105783.35,104160.7,104471.29,2947.79,309954384.15
2025-05-12 08:00:00,104471.29,104731.05,104090.58,104620.65,676.55,70615810.42
2025-05-12 09:00:00,104620.65,104671.72,104386.66,104463.88,391.4,40900315.31
2025-05-12 10:00:00,104463.88,104539.91,104172.29,104516.21,589.77,61552329.78
2025-05-12 11:00:00,104516.21,104615.85,103615.94,103749.05,950.26,98942674.59
2025-05-12 12:00:00,103749.05,104135.09,103716.73,103889.66,819.95,85229096.5
2025-05-12 13:00:00,103889.66,104630.29,103673.73,104332.71,1898.59,197683596.96
2025-05-12 14:00:00,104332.71,104406.33,102575.09,102796.56,3258.07,336872945.25
2025-05-12 15:00:00,102796.56,103197.13,102387.69,102522.81,2468.38,253636512.05
2025-05-12 16:00:00,102522.81,103076.13,102438.64,102854.46,1118.72,115006314.36
2025-05-12 17:00:00,102854.46,103085.65,102538.91,102560.63,843.74,86756302.05
2025-05-12 18:00:00,102560.63,102653.19,100723.18,101631.1,3320.61,337523384.32
2025-05-12 19:00:00,101631.1,102102.1,101483.64,101843.27,1370.27,139506941.44
2025-05-12 20:00:00,101843.27,102887.11,101769.1,102690.4,1213.99,124235162.59
2025-05-12 21:00:00,102690.4,102743.4,102367.99,102528.62,626.71,64252418.43
2025-05-12 22:00:00,102528.62,102933.71,102368.58,102857.91,322.89,33164213.94
2025-05-12 23:00:00,102857.91,103126.61,102802.44,102802.44,403.05,41495095.46
2025-05-13 00:00:00,102802.44,102802.53,102176.56,102266.9,613.65,62881224.52
2025-05-13 01:00:00,102266.9,102719.79,102089.78,102403.75,817.2,83704719.03
2025-05-13 02:00:00,102403.75,102691.29,101714.65,102074.61,1053.85,107642188.86
2025-05-13 03:00:00,102074.61,102154.85,101466.16,101724.35,608.26,61898453.78
2025-05-13 04:00:00,101724.35,102760.97,101630.76,102741.26,540.14,55228320.97
2025-05-13 05:00:00,102741.26,102741.26,102277.97,102453.87,199.5,20451564.16
2025-05-13 06:00:00,102453.87,102675.6,102327.36,102544.41,190.53,19534557.81
2025-05-13 07:00:00,102544.41,102935.01,102543.87,102670.57,263.18,27043561.84
2025-05-13 08:00:00,102670.57,102954.39,102554.96,102723.51,447.27,45960760.3
2025-05-13 09:00:00,102723.51,103520.35,102723.44,103469.24,393.34,40600374.5
2025-05-13 10:00:00,103469.24,103623.98,103285.07,103576.79,468.59,48470590.81
2025-05-13 11:00:00,103576.79,103838.35,103475.33,103740.91,378.56,39236040.79
2025-05-13 12:00:00,103740.91,103978.02,103473.5,103696.87,1664.08,172638888.42
2025-05-13 13:00:00,103696.87,103935.01,103424.48,103739.91,1293.0,134064324.06
2025-05-13 14:00:00,103739.91,103765.84,102844.55,103203.1,1538.02,158787320.84
2025-05-13 15:00:00,103203.1,103882.29,103153.47,103707.31,1077.19,111602611.07
2025-05-13 16:00:00,103707.31,104422.12,103563.13,103748.25,1560.27,162384189.61
2025-05-13 17:00:00,103748.25,104332.06,103732.07,104298.41,1142.17,118801877.3
2025-05-13 18:00:00,104298.41,104462.7,104115.92,104399.68,1107.7,115575088.73
2025-05-13 19:00:00,104399.68,105015.14,104204.46,104838.09,1896.75,198549510.69
2025-05-13 20:00:00,104838.09,104965.64,104449.54,104587.92,1029.76,107738905.39
2025-05-13 21:00:00,104587.92,104641.41,104227.88,104367.29,661.71,69109828.42
2025-05-13 22:00:00,104367.29,104451.96,104111.6,104148.86,598.21,62365412.39
2025-05-13 23:00:00,104148.86,104293.73,103895.4,104136.59,784.05,81618857.09
2025-05-14 00:00:00,104136.59,104142.05,103781.83,103921.08,601.89,62571744.88
2025-05-14 01:00:00,103921.08,104068.95,103696.92,103733.56,917.8,95396644.63
2025-05-14 02:00:00,103733.56,103784.49,103493.25,103706.46,488.72,50651648.31
2025-05-14 03:00:00,103706.46,103769.69,103458.96,103582.84,256.21,26537515.99
2025-05-14 04:00:00,103582.84,103846.97,103467.65,103740.26,349.3,36190840.56
2025-05-14 05:00:00,103740.26,103987.16,103703.49,103899.57,197.26,20482087.84
2025-05-14 06:00:00,103899.57,103962.06,103668.21,103756.71,396.33,41138475.75
2025-05-14 07:00:00,103756.71,103796.09,103410.28,103712.3,848.44,87830297.6
2025-05-14 08:00:00,103712.3,103868.92,103218.89,103222.36,784.03,81180391.2
2025-05-14 09:00:00,103222.36,103491.11,102881.08,103485.15,442.18,45619763.73
2025-05-14 10:00:00,103485.15,103948.67,103458.56,103716.1,479.88,49761472.18
2025-05-14 11:00:00,103716.1,104141.6,103716.09,103951.31,450.41,46813278.76
2025-05-14 12:00:00,103951.31,104226.5,103920.52,104017.13,386.75,40252692.1
2025-05-14 13:00:00,104017.13,104357.47,103491.73,103973.43,1338.37,139077792.04
2025-05-14 14:00:00,103973.43,103977.36,102919.76,103285.37,2089.54,216022750.67
2025-05-14 15:00:00,103285.37,103567.02,102870.94,103536.75,1023.74,105723587.93
2025-05-14 16:00:00,103536.75,103632.29,103194.49,103388.05,800.59,82828002.72
2025-05-14 17:00:00,103388.05,103462.64,102615.68,103269.95,983.72,101390716.48
2025-05-14 18:00:00,103269.95,103542.66,103046.65,103533.83,648.82,67021106.71
2025-05-14 19:00:00,103533.83,103735.05,103256.8,103310.07,918.96,95111240.55
2025-05-14 20:00:00,103310.07,103687.89,103305.86,103578.6,562.54,58224918.51
2025-05-14 21:00:00,103578.6,103690.28,103468.46,103664.05,456.15,47246329.07
2025-05-14 22:00:00,103664.05,103669.63,103459.05,103531.67,428.9,44396349.3
2025-05-14 23:00:00,103531.67,103633.43,103399.45,103543.76,726.72,75219973.21
2025-05-15 00:00:00,103543.76,103893.85,103523.83,103830.77,291.69,30264735.21
2025-05-15 01:00:00,103830.77,103830.8,103000.79,103066.87,756.19,78216229.17
2025-05-15 02:00:00,103066.87,103234.1,102935.08,103070.18,465.97,48035659.54
2025-05-15 03:00:00,103070.18,103156.66,102746.89,102784.47,384.38,39559581.36
2025-05-15 04:00:00,102784.47,102976.38,102733.43,102909.88,195.88,20146138.94
2025-05-15 05:00:00,102909.88,102943.05,102358.09,102393.83,345.1,35394863.86
2025-05-15 06:00:00,102393.83,102705.91,102178.04,102280.39,348.58,35692768.3
2025-05-15 07:00:00,102280.39,102467.36,101751.13,101807.48,453.42,46260863.68
2025-05-15 08:00:00,101807.48,102349.77,101785.75,102298.14,348.54,35594955.02
2025-05-15 09:00:00,102298.14,102300.79,101541.87,101839.57,411.69,41940139.45
2025-05-15 10:00:00,101839.57,101947.99,101627.49,101836.5,243.73,24805414.52
2025-05-15 11:00:00,101836.5,102456.4,101810.49,102398.58,394.35,40292217.9
2025-05-15 12:00:00,102398.58,102863.27,102302.29,102583.64,882.13,90487775.92
2025-05-15 13:00:00,102583.64,102817.25,101597.02,102160.57,1417.88,144960427.71
2025-05-15 14:00:00,102160.57,102423.41,101407.14,101993.8,1758.45,179240975.72
2025-05-15 15:00:00,101993.8,103315.2,101942.02,103289.73,1641.95,168473121.47
2025-05-15 16:00:00,103289.73,103864.46,103050.55,103861.12,1482.85,153309347.28
2025-05-15 17:00:00,103861.12,104197.65,103676.51,103991.76,1100.19,114350836.86
2025-05-15 18:00:00,103991.76,104034.39,102667.34,102713.24,939.45,97194028.93
2025-05-15 19:00:00,102713.24,103250.21,102578.49,103181.58,1517.23,156289272.94
2025-05-15 20:00:00,103181.58,103508.32,102923.86,103464.9,860.64,88875931.89
2025-05-15 21:00:00,103464.9,103465.0,102739.08,103313.76,441.4,45515995.89
2025-05-15 22:00:00,103313.76,103998.01,103271.58,103526.09,609.44,63186181.84
2025-05-15 23:00:00,103526.09,103912.68,103265.53,103787.64,576.38,59710552.71
2025-05-16 00:00:00,103787.64,104048.57,103677.39,103780.01,449.75,46718098.2
2025-05-16 01:00:00,103780.01,104122.55,103493.19,104071.99,609.67,63318633.84
2025-05-16 02:00:00,104071.99,104481.93,103957.77,104223.3,1007.72,105050532.88
2025-05-16 03:00:00,104223.3,104342.98,104017.35,104047.14,384.93,40095951.65
2025-05-16 04:00:00,104047.14,104212.22,103846.91,103946.81,248.23,25812747.8
2025-05-16 05:00:00,103946.81,104166.54,103853.32,103938.26,219.62,22841647.46
2025-05-16 06:00:00,103938.26,104117.69,103895.46,104010.31,194.97,20276957.99
2025-05-16 07:00:00,104010.31,104198.72,103730.62,103740.82,833.49,86602724.52
2025-05-16 08:00:00,103740.82,103793.79,103138.18,103430.78,383.67,39677830.02
2025-05-16 09:00:00,103430.78,103849.29,103430.75,103834.42,429.24,44513851.73
2025-05-16 10:00:00,103834.42,103914.79,103677.26,103847.09,346.31,35953209.49
2025-05-16 11:00:00,103847.09,103941.19,103595.95,103701.94,252.69,26217413.73
2025-05-16 12:00:00,103701.94,103818.11,103545.45,103552.5,284.44,29490343.87
2025-05-16 13:00:00,103552.5,104139.43,103488.05,104053.0,898.58,93309580.39
2025-05-16 14:00:00,104053.0,104054.07,103379.71,103616.0,1218.47,126389596.47
2025-05-16 15:00:00,103616.0,104318.61,103615.97,104219.82,1115.42,116039863.74
2025-05-16 16:00:00,104219.82,104594.19,103888.52,104197.55,1254.45,130821479.71
2025-05-16 17:00:00,104197.55,104439.55,103813.4,103901.0,667.46,69528076.9
2025-05-16 18:00:00,103901.0,104123.27,103723.85,103723.85,554.1,57577384.93
2025-05-16 19:00:00,103723.85,104086.62,103619.15,104064.76,993.14,103100066.61
2025-05-16 20:00:00,104064.76,104072.28,103562.97,103722.24,504.69,52375149.56
2025-05-16 21:00:00,103722.24,103818.99,103538.42,103643.59,356.41,36962479.71
2025-05-16 22:00:00,103643.59,103649.83,103450.36,103551.32,978.41,101260889.5
2025-05-16 23:00:00,103551.32,103718.44,103465.47,103499.6,312.4,32355068.37
2025-05-17 00:00:00,103499.6,103569.6,103141.31,103388.02,488.11,50440671.96
2025-05-17 01:00:00,103388.02,103388.09,102642.39,102859.21,669.72,68915256.62
2025-05-17 02:00:00,102859.21,103372.51,102779.28,103300.94,354.89,36593117.55
2025-05-17 03:00:00,103300.94,103602.02,103194.16,103533.62,214.89,22216342.03
2025-05-17 04:00:00,103533.62,103682.73,103492.07,103673.88,148.3,15361635.69
2025-05-17 05:00:00,103673.88,103729.29,103359.19,103374.34,78.43,8120325.51
2025-05-17 06:00:00,103374.34,103521.91,103316.18,103507.47,135.83,14049537.87
2025-05-17 07:00:00,103507.47,103650.19,103453.32,103473.6,133.56,13823690.57
2025-05-17 08:00:00,103473.6,103585.88,103156.54,103450.78,227.61,23534523.22
2025-05-17 09:00:00,103450.78,103569.49,102862.08,102933.95,287.45,29634918.35
2025-05-17 10:00:00,102933.95,103073.54,102852.72,102906.61,179.02,18427104.63
2025-05-17 11:00:00,102906.61,103126.71,102792.2,103021.58,139.82,14391454.26
2025-05-17 12:00:00,103021.58,103085.89,102918.43,102963.07,207.48,21370132.91
2025-05-17 13:00:00,102963.07,103128.58,102681.69,102740.31,246.85,25397900.32
2025-05-17 14:00:00,102740.31,103204.14,102735.07,103162.81,276.24,28454770.7
2025-05-17 15:00:00,103162.81,103205.12,102977.22,102980.84,179.84,18539529.59
2025-05-17 16:00:00,102980.84,103131.67,102803.48,102971.89,244.7,25190526.78
2025-05-17 17:00:00,102971.89,103330.62,102962.22,103167.17,207.36,21397015.18
2025-05-17 18:00:00,103167.17,103386.71,103014.44,103033.87,386.6,39895203.19
2025-05-17 19:00:00,103033.87,103230.32,102970.77,103198.42,121.78,12558157.61
2025-05-17 20:00:00,103198.42,103460.59,103124.78,103414.37,245.83,25382692.66
2025-05-17 21:00:00,103414.37,103508.62,103170.83,103281.78,253.23,26162492.37
2025-05-17 22:00:00,103281.78,103292.79,102948.93,103078.61,240.93,24834766.78
2025-05-17 23:00:00,103078.61,103241.93,102995.64,103159.32,161.67,16674827.74
2025-05-18 00:00:00,103159.32,103446.25,103144.58,103406.96,201.81,20843132.3
2025-05-18 01:00:00,103406.96,103433.56,103180.03,103284.28,133.06,13744416.86
2025-05-18 02:00:00,103284.28,103384.05,103279.69,103363.57,91.19,9422730.1
2025-05-18 03:00:00,103363.57,103420.0,103176.28,103317.24,121.88,12589578.27
2025-05-18 04:00:00,103317.24,103466.52,103316.37,103377.04,48.46,5009679.66
2025-05-18 05:00:00,103377.04,103692.59,103376.99,103667.77,104.62,10829552.23
2025-05-18 06:00:00,103667.77,103690.0,103401.09,103491.05,90.92,9412860.56
2025-05-18 07:00:00,103491.05,103992.84,103478.5,103949.71,195.23,20252901.36
2025-05-18 08:00:00,103949.71,104100.71,103852.33,103929.85,270.47,28122774.73
2025-05-18 09:00:00,103929.85,104044.77,103872.43,103892.38,122.72,12758073.41
2025-05-18 10:00:00,103892.38,103946.33,103828.84,103883.64,88.95,9238990.28
2025-05-18 11:00:00,103883.64,104017.82,103832.53,103836.78,149.75,15559231.98
2025-05-18 12:00:00,103836.78,103970.68,103745.2,103969.67,130.68,13571097.53
2025-05-18 13:00:00,103969.67,104809.27,103925.43,104764.56,572.47,59753477.67
2025-05-18 14:00:00,104764.56,105553.96,104577.5,105277.82,1312.06,137873237.4
2025-05-18 15:00:00,105277.82,105689.76,105007.79,105535.94,784.81,82671539.45
2025-05-18 16:00:00,105535.94,105969.77,105185.88,105836.02,1015.63,107243964.36
2025-05-18 17:00:00,105836.02,105906.28,104873.38,104888.09,1096.4,115653376.54
2025-05-18 18:00:00,104888.09,104945.09,104026.98,104528.95,1462.67,152818123.69
2025-05-18 19:00:00,104528.95,104780.88,103902.37,103942.42,708.89,73970716.4
2025-05-18 20:00:00,103942.42,104279.26,103333.46,104121.18,1204.18,125029235.0
2025-05-18 21:00:00,104121.18,104640.04,104120.56,104244.97,473.6,49421620.29
2025-05-18 22:00:00,104244.97,105998.96,104025.63,105970.83,1147.38,120492888.72
2025-05-18 23:00:00,105970.83,106670.63,105506.84,106488.62,1459.04,154727537.25
2025-05-19 00:00:00,106488.62,107117.46,105175.97,105270.3,2166.76,229983577.05
2025-05-19 01:00:00,105270.3,105407.77,104760.59,105082.57,1061.04,111480080.69
2025-05-19 02:00:00,105082.57,105178.78,104585.9,104653.28,851.61,89251384.04
2025-05-19 03:00:00,104653.28,104653.29,103567.82,103624.57,1127.65,117351460.79
2025-05-19 04:00:00,103624.57,103780.78,102806.93,103017.38,1300.42,134281963.28
2025-05-19 05:00:00,103017.38,103124.37,102585.44,103052.73,723.71,74467720.37
2025-05-19 06:00:00,103052.73,103194.56,102104.37,102240.61,894.26,91757941.08
2025-05-19 07:00:00,102240.61,103362.0,102222.17,103259.75,459.0,47223973.2
2025-05-19 08:00:00,103259.75,103375.17,102968.98,103252.52,264.07,27251747.51
2025-05-19 09:00:00,103252.52,103408.67,103033.02,103093.81,422.82,43643561.54
2025-05-19 10:00:00,103093.81,103106.01,102876.84,102961.31,296.46,30533674.84
2025-05-19 11:00:00,102961.31,103083.13,102813.5,102995.92,248.94,25640053.51
2025-05-19 12:00:00,102995.92,102995.97,102175.96,102475.48,764.18,78336596.19
2025-05-19 13:00:00,102475.48,103552.3,102343.53,103326.4,1511.57,155680832.39
2025-05-19 14:00:00,103326.4,104410.65,103229.54,104354.14,2072.66,215109725.09
2025-05-19 15:00:00,104354.14,104996.08,104314.96,104823.69,1808.36,189349086.56
2025-05-19 16:00:00,104823.69,105453.73,104536.22,105390.61,1498.75,157251113.27
2025-05-19 17:00:00,105390.61,105569.06,104968.68,105401.1,1489.83,156908647.8
2025-05-19 18:00:00,105401.1,105569.56,104733.48,104801.6,1158.74,121796672.83
2025-05-19 19:00:00,104801.6,105588.89,104668.9,105557.04,1402.55,147524799.27
2025-05-19 20:00:00,105557.04,105824.3,105368.56,105498.59,836.76,88361135.68
2025-05-19 21:00:00,105498.59,105540.68,105063.29,105489.23,507.71,53455168.75
2025-05-19 22:00:00,105489.23,105681.68,105218.52,105589.67,490.54,51733386.96
2025-05-19 23:00:00,105589.67,105852.27,105487.98,105618.19,398.34,42089086.23
2025-05-20 00:00:00,105618.19,106585.42,105599.67,105755.64,1364.96,144699888.2
2025-05-20 01:00:00,105755.64,106791.87,105729.66,106482.04,1057.32,112373120.71
2025-05-20 02:00:00,106482.04,106863.96,106023.01,106114.47,1070.13,113964482.69
2025-05-20 03:00:00,106114.47,106183.4,105562.15,105777.85,593.39,62847345.22
2025-05-20 04:00:00,105777.85,106263.78,105568.77,106237.34,358.51,37939771.73
2025-05-20 05:00:00,106237.34,106430.87,106107.2,106127.55,397.95,42286171.93
2025-05-20 06:00:00,106127.55,106224.15,105418.76,105484.94,370.03,39110104.3
2025-05-20 07:00:00,105484.94,105756.55,104961.18,105063.95,487.94,51402955.66
2025-05-20 08:00:00,105063.95,105270.06,104883.15,105247.0,345.38,36296368.59
2025-05-20 09:00:00,105247.0,105416.72,105217.47,105313.72,231.4,24372026.66
2025-05-20 10:00:00,105313.72,105430.93,105041.24,105055.55,243.04,25570771.22
2025-05-20 11:00:00,105055.55,105371.04,104942.53,105237.87,240.3,25269329.7
2025-05-20 12:00:00,105237.87,105244.04,104690.44,104810.78,319.27,33492328.12
2025-05-20 13:00:00,104810.78,104900.56,104220.59,104478.5,989.08,103365014.59
2025-05-20 14:00:00,104478.5,104998.17,104329.41,104555.5,1069.16,111950582.35
2025-05-20 15:00:00,104555.5,105423.38,104527.42,105377.73,864.4,90803832.66
2025-05-20 16:00:00,105377.73,105547.85,105134.27,105242.11,661.63,69712082.6
2025-05-20 17:00:00,105242.11,106378.75,105242.11,106246.22,1149.33,121924724.62
2025-05-20 18:00:00,106246.22,106456.72,105273.74,105312.31,1123.33,118961815.34
2025-05-20 19:00:00,105312.31,107296.48,105235.59,107077.03,2739.87,291919267.58
2025-05-20 20:00:00,107077.03,107339.72,106472.91,106960.79,1398.42,149436002.05
2025-05-20 21:00:00,106960.79,107275.72,106203.51,106660.88,958.37,102251057.53
2025-05-20 22:00:00,106660.88,106911.41,105979.54,106808.32,807.67,85961114.93
2025-05-20 23:00:00,106808.32,107231.1,106690.76,106875.88,619.83,66289155.35
2025-05-21 00:00:00,106875.88,107247.83,106517.92,106788.23,647.03,69137776.25
2025-05-21 01:00:00,106788.23,107129.61,106481.31,106540.23,448.82,47953508.95
2025-05-21 02:00:00,106540.23,106953.27,106244.93,106898.62,453.7,48366835.03
2025-05-21 03:00:00,106898.62,107145.34,106801.43,106894.67,425.47,45522899.76
2025-05-21 04:00:00,106894.67,107739.55,106795.2,107352.86,1044.44,112189948.11
2025-05-21 05:00:00,107352.86,107766.7,107338.79,107594.28,619.57,66654536.38
2025-05-21 06:00:00,107594.28,108040.51,107356.65,107817.75,1094.82,118079358.0
2025-05-21 07:00:00,107817.75,107912.17,106514.43,106566.19,1537.25,164643035.67
2025-05-21 08:00:00,106566.19,106834.67,106402.94,106424.66,1021.92,108845677.03
2025-05-21 09:00:00,106424.66,106563.04,106133.62,106240.41,404.97,43056939.2
2025-05-21 10:00:00,106240.41,106478.57,106177.26,106372.14,421.13,44777985.9
2025-05-21 11:00:00,106372.14,106755.9,106311.94,106592.11,483.61,51536972.13
2025-05-21 12:00:00,106592.11,106922.15,106465.53,106605.36,636.61,67909404.71
2025-05-21 13:00:00,106605.36,107710.93,106388.14,107314.55,1782.29,190610677.77
2025-05-21 14:00:00,107314.55,109084.46,107077.04,109072.65,3438.31,370880958.77
2025-05-21 15:00:00,109072.65,109512.59,108381.3,109037.01,5018.03,546816110.97
2025-05-21 16:00:00,109037.01,109882.98,108778.19,109198.25,2650.21,289912797.66
2025-05-21 17:00:00,109198.25,109393.67,106186.83,106638.13,5162.58,555568887.51
2025-05-21 18:00:00,106638.13,107482.86,106401.73,107025.67,1862.04,199188387.76
2025-05-21 19:00:00,107025.67,108921.64,106675.23,108685.79,2915.5,314199992.52
2025-05-21 20:00:00,108685.79,108809.67,107801.68,108290.03,1206.82,130707697.22
2025-05-21 21:00:00,108290.03,108607.67,108010.06,108479.27,595.31,64495471.17
2025-05-21 22:00:00,108479.27,109102.66,108345.73,108804.42,809.81,88086130.07
2025-05-21 23:00:00,108804.42,110778.49,108741.03,109699.86,3324.86,365057588.4
2025-05-22 00:00:00,109699.86,110194.65,109250.4,109982.74,1312.16,144082479.59
2025-05-22 01:00:00,109982.74,110588.22,109727.48,109950.07,1204.12,132629257.94
2025-05-22 02:00:00,109950.07,110990.48,109868.77,110507.8,1249.64,138030611.21
2025-05-22 03:00:00,110507.8,111899.81,110370.16,111783.61,2193.3,243973059.65
2025-05-22 04:00:00,111783.61,111796.78,111256.89,111495.63,952.76,106217363.41
2025-05-22 05:00:00,111495.63,111663.76,110832.16,110868.3,982.12,109288671.13
2025-05-22 06:00:00,110868.3,111175.0,110486.4,110606.55,927.74,102826723.17
2025-05-22 07:00:00,110606.55,111154.82,110483.51,111070.18,535.58,59355926.89
2025-05-22 08:00:00,111070.18,111155.68,110392.14,110413.59,730.46,80939346.51
2025-05-22 09:00:00,110413.59,110838.28,110290.24,110826.92,482.45,53343361.03
2025-05-22 10:00:00,110826.92,110955.33,110624.66,110806.97,413.57,45832710.15
2025-05-22 11:00:00,110806.97,111335.79,110504.61,110995.6,467.6,51819248.4
2025-05-22 12:00:00,110995.6,111617.09,110830.3,111616.85,1084.79,120763111.98
2025-05-22 13:00:00,111616.85,111631.78,110928.41,110937.65,1457.41,162189934.93
2025-05-22 14:00:00,110937.65,111413.71,110566.72,110918.76,2033.77,225682121.02
2025-05-22 15:00:00,110918.76,111571.2,110820.97,111320.95,1326.12,147470352.42
2025-05-22 16:00:00,111320.95,111838.76,111130.2,111306.75,1239.7,138168009.47
2025-05-22 17:00:00,111306.75,111998.96,111213.07,111538.25,1279.8,142888791.8
2025-05-22 18:00:00,111538.25,111995.01,111408.04,111774.02,864.95,96634706.88
2025-05-22 19:00:00,111774.02,111967.98,110970.4,111229.68,2345.01,261516153.99
2025-05-22 20:00:00,111229.68,111477.67,110871.19,111106.16,996.3,110726159.83
2025-05-22 21:00:00,111106.16,111131.64,110790.96,110866.09,503.36,55835012.0
2025-05-22 22:00:00,110866.09,111271.98,110865.91,111057.48,307.73,34195511.37
2025-05-22 23:00:00,111057.48,111743.46,111056.89,111722.11,501.23,55825868.6
2025-05-23 00:00:00,111722.11,111810.26,111413.93,111632.89,530.9,59250426.21
2025-05-23 01:00:00,111632.89,111745.79,111235.66,111351.6,472.01,52580802.91
2025-05-23 02:00:00,111351.6,111612.7,111207.38,111278.43,494.87,55142346.78
2025-05-23 03:00:00,111278.43,111374.44,111024.85,111106.3,361.64,40204625.52
2025-05-23 04:00:00,111106.3,111186.75,110552.85,110838.42,546.41,60556936.29
2025-05-23 05:00:00,110838.42,110934.55,110665.7,110842.09,291.39,32283703.89
2025-05-23 06:00:00,110842.09,110845.91,110398.94,110506.93,547.57,60526780.72
2025-05-23 07:00:00,110506.93,110841.96,110506.86,110718.55,384.61,42573156.06
2025-05-23 08:00:00,110718.55,111007.46,110714.46,110928.72,180.52,20012894.25
2025-05-23 09:00:00,110928.72,111366.36,110907.0,111321.52,339.55,37738570.73
2025-05-23 10:00:00,111321.52,111331.45,110823.12,111055.85,369.46,41026564.96
2025-05-23 11:00:00,111055.85,111081.78,108894.08,109085.98,2290.74,251950413.28
2025-05-23 12:00:00,109085.98,109096.72,107351.15,108454.7,3301.26,357671668.35
2025-05-23 13:00:00,108454.7,109753.29,107984.94,109676.57,2607.57,284053488.02
2025-05-23 14:00:00,109676.57,110034.32,109554.79,109714.98,1739.44,191025287.77
2025-05-23 15:00:00,109714.98,109895.85,108946.14,108966.56,1132.63,123914300.91
2025-05-23 16:00:00,108966.56,109248.42,108039.26,109087.48,2064.54,224396428.3
2025-05-23 17:00:00,109087.48,109835.33,109049.15,109446.28,1360.81,149057697.73
2025-05-23 18:00:00,109446.28,109514.68,108691.81,108822.56,1148.71,125250892.92
2025-05-23 19:00:00,108822.56,109182.93,108644.34,108748.98,1838.52,200261516.11
2025-05-23 20:00:00,108748.98,108751.88,108212.85,108268.03,860.74,93409354.96
2025-05-23 21:00:00,108268.03,108685.59,108089.44,108299.23,551.66,59788558.5
2025-05-23 22:00:00,108299.23,108586.86,107655.62,107818.31,590.73,63877046.93
2025-05-23 23:00:00,107818.31,107912.61,106807.62,107332.91,1384.05,148554916.11
2025-05-24 00:00:00,107332.91,107692.67,106896.28,107391.53,919.19,98672760.55
2025-05-24 01:00:00,107391.53,107886.61,107372.5,107504.95,459.57,49476373.87
2025-05-24 02:00:00,107504.95,107904.24,107276.83,107811.76,370.99,39950779.25
2025-05-24 03:00:00,107811.76,108378.17,107764.08,108374.42,475.62,51428657.54
2025-05-24 04:00:00,108374.42,108589.19,108324.2,108507.12,281.67,30548901.5
2025-05-24 05:00:00,108507.12,108536.08,108144.11,108253.01,222.63,24117737.41
2025-05-24 06:00:00,108253.01,108348.59,107707.26,107970.99,394.26,42570935.35
2025-05-24 07:00:00,107970.99,108254.16,107593.82,107616.4,223.7,24143580.38
2025-05-24 08:00:00,107616.4,108302.15,107616.39,108268.33,264.58,28556256.0
2025-05-24 09:00:00,108268.33,108451.62,108191.31,108204.83,199.03,21554589.45
2025-05-24 10:00:00,108204.83,109274.48,108199.75,109120.76,427.89,46560965.83
2025-05-24 11:00:00,109120.76,109512.56,109119.94,109221.15,336.13,36749287.81
2025-05-24 12:00:00,109221.15,109288.95,108659.8,108825.86,452.85,49320422.6
2025-05-24 13:00:00,108825.86,108918.3,108575.22,108628.6,275.53,29961531.27
2025-05-24 14:00:00,108628.6,109049.82,108618.1,108995.77,354.83,38619317.69
2025-05-24 15:00:00,108995.77,109235.25,108863.38,108958.88,308.8,33671448.35
2025-05-24 16:00:00,108958.88,109128.15,108724.24,109036.02,309.4,33686420.87
2025-05-24 17:00:00,109036.02,109220.91,108918.56,108964.96,246.47,26871087.41
2025-05-24 18:00:00,108964.96,109101.45,108810.71,108846.44,222.77,24271529.51
2025-05-24 19:00:00,108846.44,109025.39,108820.65,108969.23,247.75,26972033.61
2025-05-24 20:00:00,108969.23,109124.33,108864.16,108873.32,184.59,20110230.88
2025-05-24 21:00:00,108873.32,108881.88,108599.33,108829.42,164.93,17936719.54
2025-05-24 22:00:00,108829.42,108831.3,108006.66,108101.03,485.13,52581823.13
2025-05-24 23:00:00,108101.03,108399.56,107515.37,107779.46,1146.53,123778708.19
2025-05-25 00:00:00,107779.46,108137.05,107310.83,107450.59,651.22,70156431.28
2025-05-25 01:00:00,107450.59,108015.55,107225.39,107675.58,601.85,64762511.0
2025-05-25 02:00:00,107675.58,108007.79,107512.88,107938.56,383.6,41330848.34
2025-05-25 03:00:00,107938.56,108270.01,107931.19,108117.06,280.38,30330439.92
2025-05-25 04:00:00,108117.06,108281.41,107960.64,108255.74,156.33,16899492.35
2025-05-25 05:00:00,108255.74,108295.07,107988.34,108112.62,97.61,10551544.76
2025-05-25 06:00:00,108112.62,108153.68,107692.01,107930.12,173.97,18775953.36
2025-05-25 07:00:00,107930.12,107937.31,107452.23,107678.75,190.64,20521088.55
2025-05-25 08:00:00,107678.75,107693.74,106948.56,107122.1,413.8,44395228.93
2025-05-25 09:00:00,107122.1,107260.83,106720.91,107121.51,484.81,51875513.88
2025-05-25 10:00:00,107121.51,107379.18,106847.68,106961.41,269.06,28835063.07
2025-05-25 11:00:00,106961.41,107288.92,106859.64,107267.82,193.65,20740782.45
2025-05-25 12:00:00,107267.82,107620.96,107209.42,107532.53,316.29,33984468.64
2025-05-25 13:00:00,107532.53,107759.15,107323.52,107550.43,368.26,39619831.33
2025-05-25 14:00:00,107550.43,107663.17,107175.31,107387.89,403.95,43401289.95
2025-05-25 15:00:00,107387.89,107446.71,106643.02,106995.91,866.75,92804163.52
2025-05-25 16:00:00,106995.91,107275.13,106677.56,107218.6,631.38,67535864.92
2025-05-25 17:00:00,107218.6,107412.18,107152.44,107398.78,229.23,24595236.02
2025-05-25 18:00:00,107398.78,107636.81,107311.35,107454.58,216.05,23212843.87
2025-05-25 19:00:00,107454.58,107966.44,107452.87,107750.45,215.99,23261719.7
2025-05-25 20:00:00,107750.45,107777.18,107477.66,107704.81,275.14,29613034.68
2025-05-25 21:00:00,107704.81,107935.13,107219.57,107502.88,279.48,30072223.41
2025-05-25 22:00:00,107502.88,109240.25,107401.25,109208.2,1546.81,167815212.83
2025-05-25 23:00:00,109208.2,109349.07,108617.07,109041.44,787.08,85759295.44
2025-05-26 00:00:00,109041.44,109641.28,108718.82,109595.19,621.58,67853046.66
2025-05-26 01:00:00,109595.19,109888.42,109276.77,109591.13,924.83,101352914.61
2025-05-26 02:00:00,109591.13,109814.65,109244.23,109433.65,445.17,48752765.68
2025-05-26 03:00:00,109433.65,109803.09,109332.49,109668.07,375.26,41121093.01
2025-05-26 04:00:00,109668.07,109770.85,109548.63,109583.58,256.68,28151188.75
2025-05-26 05:00:00,109583.58,109718.35,109411.85,109680.32,299.19,32787024.31
2025-05-26 06:00:00,109680.32,109991.02,109564.64,109980.87,393.12,43162791.32
2025-05-26 07:00:00,109980.87,110264.26,109790.82,110145.67,637.08,70083723.99
2025-05-26 08:00:00,110145.67,110224.99,109662.86,109715.14,270.22,29691104.17
2025-05-26 09:00:00,109715.14,110039.63,109646.87,109761.52,708.82,77877366.33
2025-05-26 10:00:00,109761.52,109901.46,109625.18,109689.8,180.8,19842260.94
2025-05-26 11:00:00,109689.8,109872.93,109613.4,109822.84,148.49,16292113.44
2025-05-26 12:00:00,109822.84,110105.43,109709.67,109881.43,435.91,47889283.94
2025-05-26 13:00:00,109881.43,110022.6,109545.21,109643.03,819.83,89997280.63
2025-05-26 14:00:00,109643.03,109779.64,109543.44,109692.03,769.71,84401131.17
2025-05-26 15:00:00,109692.03,110451.83,109584.96,110049.15,1285.79,141518397.07
2025-05-26 16:00:00,110049.15,110459.23,109140.89,109417.38,1782.69,195513178.32
2025-05-26 17:00:00,109417.38,109723.46,108926.68,109201.53,884.19,96636062.51
2025-05-26 18:00:00,109201.53,109485.48,109035.34,109112.32,598.86,65418817.29
2025-05-26 19:00:00,109112.32,109202.93,108881.99,109146.34,541.26,59019091.76
2025-05-26 20:00:00,109146.34,109630.41,108971.18,109613.95,795.97,87035161.45
2025-05-26 21:00:00,109613.95,109669.25,109177.62,109382.26,316.86,34660236.09
2025-05-26 22:00:00,109382.26,109911.47,109205.7,109227.28,373.61,40909398.74
2025-05-26 23:00:00,109227.28,109488.73,109100.09,109461.24,444.39,48565872.26
2025-05-27 00:00:00,109461.24,109703.69,109163.13,109181.32,423.76,46366936.7
2025-05-27 01:00:00,109181.32,109183.68,107543.83,108421.77,1896.07,205354037.0
2025-05-27 02:00:00,108421.77,108717.28,107920.85,108303.38,814.02,88205639.37
2025-05-27 03:00:00,108303.38,109327.98,108301.7,108917.55,947.65,103193173.82
2025-05-27 04:00:00,108917.55,109371.82,108897.01,108984.34,258.51,28205552.85
2025-05-27 05:00:00,108984.34,108995.08,108584.27,108942.27,290.77,31627438.97
2025-05-27 06:00:00,108942.27,109298.88,108870.76,108876.08,328.36,35832276.08
2025-05-27 07:00:00,108876.08,109655.78,108875.97,109539.8,295.66,32324283.11
2025-05-27 08:00:00,109539.8,109801.33,109526.88,109734.91,325.55,35709083.32
2025-05-27 09:00:00,109734.91,109945.5,109467.0,109882.45,703.22,77113653.18
2025-05-27 10:00:00,109882.45,109907.24,109681.27,109743.42,195.46,21459948.45
2025-05-27 11:00:00,109743.42,109815.29,109480.98,109625.69,241.18,26434920.53
2025-05-27 12:00:00,109625.69,109868.8,109505.65,109644.46,441.02,48386163.61
2025-05-27 13:00:00,109644.46,110802.2,109623.64,109898.99,2986.42,329517798.75
2025-05-27 14:00:00,109898.99,110279.83,108712.11,109429.69,2246.74,246274962.96
2025-05-27 15:00:00,109429.69,110282.14,109074.81,110202.78,1725.89,189449444.08
2025-05-27 16:00:00,110202.78,110564.78,110011.78,110277.63,1873.18,206591030.56
2025-05-27 17:00:00,110277.63,110526.24,110015.84,110302.01,1764.36,194548181.6
2025-05-27 18:00:00,110302.01,110477.2,109873.05,109934.65,961.7,105961129.13
2025-05-27 19:00:00,109934.65,110110.66,109616.49,109938.94,1595.08,175168098.18
2025-05-27 20:00:00,109938.94,109953.22,109608.44,109612.48,820.33,90075619.07
2025-05-27 21:00:00,109612.48,109731.37,108883.46,108965.5,806.58,88135026.52
2025-05-27 22:00:00,108965.5,109214.0,108641.94,109072.77,523.52,57049729.94
2025-05-27 23:00:00,109072.77,109202.32,108963.11,108975.95,525.04,57272953.38
2025-05-28 00:00:00,108975.95,109297.46,108731.52,109250.84,635.15,69206013.8
2025-05-28 01:00:00,109250.84,109328.61,108687.12,108720.73,659.29,71830824.98
2025-05-28 02:00:00,108720.73,108919.72,108453.62,108671.78,701.88,76306035.79
2025-05-28 03:00:00,108671.78,109007.22,108613.2,108914.97,406.43,44225882.61
2025-05-28 04:00:00,108914.97,109110.03,108677.67,109023.04,296.73,32324287.23
2025-05-28 05:00:00,109023.04,109130.67,108896.48,109043.19,221.67,24161286.08
2025-05-28 06:00:00,109043.19,109043.29,108674.8,108766.18,449.27,48882226.09
2025-05-28 07:00:00,108766.18,109045.19,108754.17,108863.19,194.18,21152047.12
2025-05-28 08:00:00,108863.19,109179.59,108654.03,109084.69,510.06,55583116.93
2025-05-28 09:00:00,109084.69,109123.05,108558.27,108838.39,462.87,50349119.06
2025-05-28 10:00:00,108838.39,108981.67,108312.26,108876.21,554.37,60236742.58
2025-05-28 11:00:00,108876.21,108984.13,108767.25,108913.4,260.22,28328533.22
2025-05-28 12:00:00,108913.4,109093.63,108829.59,108936.81,395.27,43081295.65
2025-05-28 13:00:00,108936.81,109034.75,108031.78,108095.33,1655.11,179687187.71
2025-05-28 14:00:00,108095.33,108291.89,107507.9,107556.88,2423.33,261340904.16
2025-05-28 15:00:00,107556.88,107709.46,107069.65,107137.91,1321.7,141905713.92
2025-05-28 16:00:00,107137.91,107474.94,107137.71,107438.32,993.36,106622569.85
2025-05-28 17:00:00,107438.32,107871.89,107396.32,107711.3,909.81,97934947.96
2025-05-28 18:00:00,107711.3,107888.31,107421.0,107501.38,733.36,78958452.73
2025-05-28 19:00:00,107501.38,107819.16,106944.93,106955.94,1587.02,170370881.77
2025-05-28 20:00:00,106955.94,107429.82,106799.94,107346.0,1335.43,143068597.18
2025-05-28 21:00:00,107346.0,107581.97,107204.87,107529.37,505.98,54340846.21
2025-05-28 22:00:00,107529.37,107530.05,107182.94,107435.23,416.9,44761483.18
2025-05-28 23:00:00,107435.23,108086.7,107435.2,107821.11,981.15,105859286.27
2025-05-29 00:00:00,107821.11,108321.11,107455.93,108302.75,906.7,97761006.77
2025-05-29 01:00:00,108302.75,108374.21,107843.55,108202.17,874.02,94470507.93
2025-05-29 02:00:00,108202.17,108517.26,107977.56,108464.76,598.99,64829660.16
2025-05-29 03:00:00,108464.76,108472.62,108003.68,108086.24,459.27,49704186.25
2025-05-29 04:00:00,108086.24,108147.55,107005.07,107615.05,688.71,74075839.0
2025-05-29 05:00:00,107615.05,107811.39,107537.66,107726.21,216.39,23299668.64
2025-05-29 06:00:00,107726.21,107994.25,107697.12,107949.6,145.86,15735969.35
2025-05-29 07:00:00,107949.6,108057.16,107808.98,107918.13,145.91,15747553.96
2025-05-29 08:00:00,107918.13,108601.61,107731.92,108534.62,596.72,64589284.23
2025-05-29 09:00:00,108534.62,108676.45,108375.71,108568.91,428.77,46531576.0
2025-05-29 10:00:00,108568.91,108902.66,108441.17,108796.7,498.6,54168297.54
2025-05-29 11:00:00,108796.7,108929.95,108712.76,108813.34,421.09,45829595.47
2025-05-29 12:00:00,108813.34,108842.35,108416.92,108470.04,609.6,66218054.52
2025-05-29 13:00:00,108470.04,108624.39,107465.75,107637.8,1733.58,187220672.63
2025-05-29 14:00:00,107637.8,107843.61,106481.47,107639.75,3271.24,350614522.49
2025-05-29 15:00:00,107639.75,107752.2,106960.59,107030.61,1543.18,165765258.17
2025-05-29 16:00:00,107030.61,107182.86,106598.22,106761.45,1597.04,170743421.88
2025-05-29 17:00:00,106761.45,106892.36,106111.87,106309.44,2069.92,220576268.45
2025-05-29 18:00:00,106309.44,106619.64,105795.68,105834.93,2022.53,215034517.63
2025-05-29 19:00:00,105834.93,106105.39,105656.6,105749.07,2691.83,284985797.24
2025-05-29 20:00:00,105749.07,106229.55,105746.74,106191.74,887.03,94100177.47
2025-05-29 21:00:00,106191.74,106472.64,106108.89,106450.27,517.95,55060565.72
2025-05-29 22:00:00,106450.27,106458.72,105919.23,105937.48,494.03,52476532.93
2025-05-29 23:00:00,105937.48,106080.84,105327.79,105586.78,953.08,100741867.12
2025-05-30 00:00:00,105586.78,106212.3,104626.22,104907.05,1451.64,153133904.01
2025-05-30 01:00:00,104907.05,105942.55,104907.05,105685.14,1298.35,136927670.09
2025-05-30 02:00:00,105685.14,106182.4,105667.04,106022.7,681.86,72270790.49
2025-05-30 03:00:00,106022.7,106217.85,105946.19,106048.82,427.27,45320679.5
2025-05-30 04:00:00,106048.82,106159.81,105927.47,106136.8,405.97,43036133.36
2025-05-30 05:00:00,106136.8,106348.19,106066.9,106118.26,222.57,23636433.82
2025-05-30 06:00:00,106118.26,106169.11,105565.62,105739.94,305.95,32391954.55
2025-05-30 07:00:00,105739.94,105886.53,104773.83,105078.22,985.98,103815491.25
2025-05-30 08:00:00,105078.22,105400.87,104890.57,105208.86,707.37,74395592.98
2025-05-30 09:00:00,105208.86,105685.23,104635.21,105661.18,810.42,85252600.61
2025-05-30 10:00:00,105661.18,105965.84,105326.58,105956.79,558.53,59018290.92
2025-05-30 11:00:00,105956.79,106008.5,105723.74,105905.85,393.77,41689541.23
2025-05-30 12:00:00,105905.85,106027.89,105184.33,105714.33,1081.2,114222758.87
2025-05-30 13:00:00,105714.33,106001.54,105394.87,105512.73,1389.55,146836860.43
2025-05-30 14:00:00,105512.73,105856.27,105069.83,105374.35,2166.73,228506717.82
2025-05-30 15:00:00,105374.35,105848.98,105322.78,105561.23,869.54,91838940.93
2025-05-30 16:00:00,105561.23,105577.92,103689.92,103893.44,3322.8,346854719.67
2025-05-30 17:00:00,103893.44,104293.99,103836.89,104176.47,1615.77,168145224.14
2025-05-30 18:00:00,104176.47,104924.35,104071.63,104906.49,1107.35,115817381.01
2025-05-30 19:00:00,104906.49,105001.23,104478.91,104653.17,1104.56,115669234.34
2025-05-30 20:00:00,104653.17,104864.79,104415.69,104605.52,692.23,72383729.24
2025-05-30 21:00:00,104605.52,104920.9,104576.95,104654.48,365.84,38321498.57
2025-05-30 22:00:00,104654.48,104791.29,104018.35,104018.35,593.1,61922683.93
2025-05-30 23:00:00,104018.35,104288.14,103650.43,104039.27,983.4,102249192.97
2025-05-31 00:00:00,104039.27,104328.31,103598.68,104000.46,805.67,83799813.45
2025-05-31 01:00:00,104000.46,104240.55,103333.69,103529.41,951.42,98760116.73
2025-05-31 02:00:00,103529.41,103894.95,103151.84,103229.12,724.53,75013760.6
2025-05-31 03:00:00,103229.12,103734.52,103127.75,103721.14,617.53,63860009.1
2025-05-31 04:00:00,103721.14,103863.04,103534.77,103852.74,204.49,21208141.73
2025-05-31 05:00:00,103852.74,103950.23,103563.07,103569.72,147.65,15319377.1
2025-05-31 06:00:00,103569.72,103947.63,103564.6,103900.85,113.02,11726934.02
2025-05-31 07:00:00,103900.85,103900.85,103681.35,103803.43,139.46,14472619.47
2025-05-31 08:00:00,103803.43,103858.57,103571.79,103707.12,195.46,20273130.19
2025-05-31 09:00:00,103707.12,103784.75,103530.94,103587.87,194.51,20159306.69
2025-05-31 10:00:00,103587.87,103649.37,103337.89,103457.45,311.93,32278836.41
2025-05-31 11:00:00,103457.45,103573.5,103351.9,103551.23,174.69,18076656.02
2025-05-31 12:00:00,103551.23,104087.06,103532.75,104087.06,409.1,42491895.01
2025-05-31 13:00:00,104087.06,104256.43,104032.4,104174.44,391.41,40774246.51
2025-05-31 14:00:00,104174.44,104640.3,104168.02,104627.03,571.77,59709798.49
2025-05-31 15:00:00,104627.03,104906.44,104507.64,104612.19,599.03,62706407.41
2025-05-31 16:00:00,104612.19,104849.38,104468.78,104554.64,390.81,40906854.53
2025-05-31 17:00:00,104554.64,104686.93,104328.81,104406.96,268.66,28075895.17
2025-05-31 18:00:00,104406.96,104677.92,104406.86,104557.9,142.25,14874107.18
2025-05-31 19:00:00,104557.9,104813.09,104554.93,104764.34,219.14,22952082.54
2025-05-31 20:00:00,104764.34,104865.6,104592.8,104842.59,168.51,17649376.62
2025-05-31 21:00:00,104842.59,104947.21,104708.42,104925.93,276.69,29011942.92
2025-05-31 22:00:00,104925.93,104959.61,104676.71,104694.48,206.97,21694372.79
2025-05-31 23:00:00,104694.48,104901.39,104538.41,104654.65,327.9,34342746.46
2025-06-01 00:00:00,104654.65,104706.63,104382.81,104507.13,266.88,27891610.75
2025-06-01 01:00:00,104507.13,104561.81,104051.7,104178.19,330.29,34449416.94
2025-06-01 02:00:00,104178.19,104375.18,103983.02,104251.13,284.02,29589459.42
2025-06-01 03:00:00,104251.13,104513.45,104040.82,104436.85,204.95,21365144.72
2025-06-01 04:00:00,104436.85,104786.38,104422.22,104694.34,123.9,12961073.56
2025-06-01 05:00:00,104694.34,104763.27,104506.97,104590.32,111.39,11658044.14
2025-06-01 06:00:00,104590.32,104590.33,104262.49,104321.71,132.07,13788692.5
2025-06-01 07:00:00,104321.71,104432.49,104260.18,104339.67,107.03,11167332.7
2025-06-01 08:00:00,104339.67,104448.41,104281.27,104443.32,93.59,9767195.74
2025-06-01 09:00:00,104443.32,104521.04,103823.88,103988.02,384.15,39964485.74
2025-06-01 10:00:00,103988.02,104095.07,103835.09,103983.11,153.89,16001629.9
2025-06-01 11:00:00,103983.11,104200.61,103918.14,104143.92,122.16,12714487.14
2025-06-01 12:00:00,104143.92,104248.57,103842.15,104014.24,257.06,26741911.92
2025-06-01 13:00:00,104014.24,104472.6,104003.8,104313.16,272.06,28370420.32
2025-06-01 14:00:00,104313.16,104819.41,104309.97,104658.86,471.03,49304764.48
2025-06-01 15:00:00,104658.86,104859.56,104573.45,104774.25,282.86,29624335.5
2025-06-01 16:00:00,104774.25,105362.88,104715.64,105101.92,746.01,78426922.22
2025-06-01 17:00:00,105101.92,105250.93,105046.58,105123.51,262.38,27588360.78
2025-06-01 18:00:00,105123.51,105133.38,104405.19,104951.24,548.62,57484449.39
2025-06-01 19:00:00,104951.24,105207.93,104881.56,105177.78,342.36,35965386.27
2025-06-01 20:00:00,105177.78,105355.43,104968.24,105014.64,417.28,43877234.57
2025-06-01 21:00:00,105014.64,105560.75,104982.94,105548.28,395.1,41613940.26
2025-06-01 22:00:00,105548.28,105799.96,105473.6,105558.12,722.54,76303480.67
2025-06-01 23:00:00,105558.12,105924.77,105517.79,105702.19,493.16,52161560.63
2025-06-02 00:00:00,105702.19,105795.11,105459.3,105483.23,617.98,65254017.4
2025-06-02 01:00:00,105483.23,105690.18,105409.26,105440.94,584.46,61654348.45
2025-06-02 02:00:00,105440.94,105474.18,105066.66,105081.9,495.52,52160027.29
2025-06-02 03:00:00,105081.9,105096.11,104622.11,104881.73,429.94,45098627.72
2025-06-02 04:00:00,104881.73,105032.35,104753.0,104811.39,221.06,23191578.97
2025-06-02 05:00:00,104811.39,104965.35,104670.82,104878.82,156.38,16394475.12
2025-06-02 06:00:00,104878.82,105300.97,104792.66,105218.35,225.78,23705023.99
2025-06-02 07:00:00,105218.35,105490.56,105217.88,105441.33,136.21,14353693.66
2025-06-02 08:00:00,105441.33,105988.22,105301.33,105387.95,494.73,52265728.76
2025-06-02 09:00:00,105387.95,105392.9,104539.05,104628.34,646.45,67773621.41
2025-06-02 10:00:00,104628.34,104697.74,104308.43,104423.67,553.95,57883822.38
2025-06-02 11:00:00,104423.67,104532.19,103981.3,104082.94,629.97,65672706.9
2025-06-02 12:00:00,104082.94,104326.05,103909.15,104243.6,590.34,61444566.78
2025-06-02 13:00:00,104243.6,104604.09,103740.91,103850.4,1527.32,159030638.88
2025-06-02 14:00:00,103850.4,104726.59,103708.71,104217.69,1595.34,166302017.62
2025-06-02 15:00:00,104217.69,104612.03,103954.14,104489.7,722.58,75378538.99
2025-06-02 16:00:00,104489.7,104501.59,104086.6,104335.01,574.99,59959181.98
2025-06-02 17:00:00,104335.01,104539.52,104147.72,104452.25,605.15,63143388.94
2025-06-02 18:00:00,104452.25,104783.24,104256.66,104400.92,991.66,103605963.23
2025-06-02 19:00:00,104400.92,104559.96,104103.76,104479.13,571.76,59680480.6
2025-06-02 20:00:00,104479.13,105042.63,104478.24,104948.58,627.45,65781464.1
2025-06-02 21:00:00,104948.58,105170.18,104643.59,105009.89,494.84,51934242.41
2025-06-02 22:00:00,105009.89,105854.19,105005.87,105734.79,1031.86,108874958.79
2025-06-02 23:00:00,105734.79,105985.9,105629.99,105908.79,652.98,69122511.44
2025-06-03 00:00:00,105908.79,106460.42,105810.17,106352.14,830.7,88226733.9
2025-06-03 01:00:00,106352.14,106572.11,106193.97,106548.04,551.28,58634114.35
2025-06-03 02:00:00,106548.04,106573.03,105642.86,105689.67,600.21,63678870.17
2025-06-03 03:00:00,105689.67,105780.9,105419.51,105554.93,381.85,40321544.96
2025-06-03 04:00:00,105554.93,105582.89,105186.71,105234.68,266.78,28107539.55
2025-06-03 05:00:00,105234.68,105520.43,105233.08,105515.63,186.32,19636526.23
2025-06-03 06:00:00,105515.63,105522.75,105279.12,105475.42,167.74,17676676.21
2025-06-03 07:00:00,105475.42,105490.1,105220.34,105237.14,194.17,20455069.81
2025-06-03 08:00:00,105237.14,105306.83,104926.88,105141.68,524.16,55063047.2
2025-06-03 09:00:00,105141.68,105328.06,105109.36,105251.93,222.24,23382818.69
2025-06-03 10:00:00,105251.93,105406.99,105197.0,105341.14,260.4,27429137.0
2025-06-03 11:00:00,105341.14,105415.34,105243.1,105352.59,217.86,22946271.67
2025-06-03 12:00:00,105352.59,105492.53,105296.78,105374.8,412.46,43473264.94
2025-06-03 13:00:00,105374.8,105725.08,105105.97,105510.37,912.76,96254949.28
2025-06-03 14:00:00,105510.37,106790.45,105223.79,106657.43,2264.35,240061416.45
2025-06-03 15:00:00,106657.43,106888.12,106427.54,106703.11,1337.6,142694331.12
2025-06-03 16:00:00,106703.11,106760.21,105882.97,105904.11,1231.69,131006461.5
2025-06-03 17:00:00,105904.11,106220.44,105854.02,106026.85,779.59,82655051.42
2025-06-03 18:00:00,106026.85,106125.08,105659.05,106081.51,832.69,88165451.23
2025-06-03 19:00:00,106081.51,106515.32,106081.51,106307.8,1297.17,137893990.72
2025-06-03 20:00:00,106307.8,106325.54,105438.78,105814.95,843.13,89261512.72
2025-06-03 21:00:00,105814.95,105921.69,105366.7,105458.77,426.06,45004435.04
2025-06-03 22:00:00,105458.77,105976.78,105394.79,105821.4,357.03,37753153.81
2025-06-03 23:00:00,105821.4,105823.18,105335.02,105447.66,498.72,52612005.09
2025-06-04 00:00:00,105447.66,105602.03,105191.5,105541.4,500.97,52809510.71
2025-06-04 01:00:00,105541.4,105795.05,105493.46,105650.4,432.77,45723306.9
2025-06-04 02:00:00,105650.4,105900.81,105493.38,105549.01,352.07,37213798.2
2025-06-04 03:00:00,105549.01,105812.33,105517.79,105595.76,245.93,25993138.73
2025-06-04 04:00:00,105595.76,105687.81,105477.26,105491.97,147.48,15570454.58
2025-06-04 05:00:00,105491.97,105601.38,105421.46,105431.7,156.51,16509046.8
2025-06-04 06:00:00,105431.7,105508.71,105322.38,105369.53,227.55,23982681.47
2025-06-04 07:00:00,105369.53,105531.31,105331.69,105381.19,162.43,17119481.31
2025-06-04 08:00:00,105381.19,105648.09,105377.85,105503.34,184.23,19438150.81
2025-06-04 09:00:00,105503.34,105956.66,105385.53,105884.82,343.24,36254871.12
2025-06-04 10:00:00,105884.82,106044.55,105714.72,105759.58,305.86,32376988.71
2025-06-04 11:00:00,105759.58,105859.24,105144.32,105147.96,641.6,67628537.31
2025-06-04 12:00:00,105147.96,105216.92,104857.79,105105.84,871.33,91550076.32
2025-06-04 13:00:00,105105.84,105330.77,104745.0,104789.17,1168.16,122710420.74
2025-06-04 14:00:00,104789.17,105090.29,104206.69,105075.19,1798.43,188080877.18
2025-06-04 15:00:00,105075.19,105602.25,104980.24,105344.56,960.8,101241852.75
2025-06-04 16:00:00,105344.56,105517.51,105140.74,105500.84,501.49,52824269.81
2025-06-04 17:00:00,105500.84,105533.13,105011.4,105096.05,505.54,53227775.85
2025-06-04 18:00:00,105096.05,105344.09,104973.84,105003.71,545.6,57382796.9
2025-06-04 19:00:00,105003.71,105133.0,104914.39,104971.39,848.54,89114104.36
2025-06-04 20:00:00,104971.39,105013.01,104475.74,104674.22,710.92,74452224.33
2025-06-04 21:00:00,104674.22,105101.38,104606.9,104987.91,359.69,37711493.95
2025-06-04 22:00:00,104987.91,105089.23,104802.08,104842.52,369.69,38783292.48
2025-06-04 23:00:00,104842.52,104932.46,104679.63,104746.0,281.12,29456774.2
2025-06-05 00:00:00,104746.0,105030.99,104720.43,105028.12,456.51,47872067.45
2025-06-05 01:00:00,105028.12,105206.02,104750.86,104823.26,373.28,39184599.53
2025-06-05 02:00:00,104823.26,105289.26,104819.59,105057.39,440.63,46305210.27
2025-06-05 03:00:00,105057.39,105107.71,104935.02,105084.79,214.25,22497724.15
2025-06-05 04:00:00,105084.79,105273.0,105081.01,105230.93,181.86,19128655.47
2025-06-05 05:00:00,105230.93,105241.51,104625.88,104692.54,216.52,22710331.9
2025-06-05 06:00:00,104692.54,104737.49,104413.63,104502.39,400.83,41913797.59
2025-06-05 07:00:00,104502.39,104659.13,104461.04,104561.82,259.19,27099677.83
2025-06-05 08:00:00,104561.82,104719.72,104470.01,104719.71,251.98,26364756.42
2025-06-05 09:00:00,104719.71,104965.06,104719.64,104947.32,205.74,21565684.27
2025-06-05 10:00:00,104947.32,104950.29,104572.65,104715.05,263.39,27591296.89
2025-06-05 11:00:00,104715.05,104907.37,104610.19,104879.77,176.38,18482790.1
2025-06-05 12:00:00,104879.77,105830.3,104839.53,105703.84,1183.15,124798749.39
2025-06-05 13:00:00,105703.84,105975.11,104352.17,104554.51,1812.01,190729172.37
2025-06-05 14:00:00,104554.51,104957.31,103923.48,104697.34,2225.77,232198796.73
2025-06-05 15:00:00,104697.34,104907.79,104378.21,104580.62,943.71,98784345.91
2025-06-05 16:00:00,104580.62,104631.36,103275.44,103290.74,2517.67,261436075.07
2025-06-05 17:00:00,103290.74,103614.5,103162.7,103257.95,1674.08,173085895.4
2025-06-05 18:00:00,103257.95,103371.03,102581.43,103019.35,1908.36,196685608.85
2025-06-05 19:00:00,103019.35,103058.19,101640.66,101907.35,3625.56,370427865.15
2025-06-05 20:00:00,101907.35,102183.51,100418.61,100516.65,4321.99,437673046.48
2025-06-05 21:00:00,100516.65,101688.48,100469.19,101601.94,2049.54,207213741.45
2025-06-05 22:00:00,101601.94,101754.5,101078.97,101557.29,991.55,100539873.16
2025-06-05 23:00:00,101557.29,101880.37,101545.15,101580.61,796.01,80964601.81
2025-06-06 00:00:00,101580.61,101965.81,101174.97,101955.4,1464.92,148756391.06
2025-06-06 01:00:00,101955.4,102000.24,101743.89,101906.61,699.06,71235130.15
2025-06-06 02:00:00,101906.61,102257.52,101599.9,102253.67,762.54,77654326.16
2025-06-06 03:00:00,102253.67,102593.87,102117.79,102566.53,872.67,89359716.4
2025-06-06 04:00:00,102566.53,102879.09,102465.16,102862.73,1058.45,108649734.48
2025-06-06 05:00:00,102862.73,103040.08,102755.73,103031.85,591.38,60854295.71
2025-06-06 06:00:00,103031.85,103286.33,102972.38,103257.58,803.12,82829229.78
2025-06-06 07:00:00,103257.58,103544.47,103134.8,103222.56,858.44,88671594.1
2025-06-06 08:00:00,103222.56,103671.02,103222.56,103591.68,723.86,74924436.53
2025-06-06 09:00:00,103591.68,103822.79,103591.67,103726.72,680.3,70554879.29
2025-06-06 10:00:00,103726.72,103884.73,103638.94,103755.49,561.2,58237083.05
2025-06-06 11:00:00,103755.49,104077.0,103727.28,104016.66,849.53,88283002.11
2025-06-06 12:00:00,104016.66,104376.14,103617.46,103855.57,1537.06,159916554.41
2025-06-06 13:00:00,103855.57,104624.46,103853.54,104177.74,1631.95,170141008.3
2025-06-06 14:00:00,104177.74,104986.03,104098.58,104885.87,1741.74,182202928.57
2025-06-06 15:00:00,104885.87,105426.24,104717.72,105181.47,1885.26,197954774.86
2025-06-06 16:00:00,105181.47,105391.59,104801.88,104861.35,1382.66,145360485.78
2025-06-06 17:00:00,104861.35,105049.83,104540.26,105017.97,893.57,93603557.65
2025-06-06 18:00:00,105017.97,105066.75,104551.06,104586.65,973.66,101981563.38
2025-06-06 19:00:00,104586.65,104680.73,104136.75,104305.21,1018.3,106312368.95
2025-06-06 20:00:00,104305.21,104695.93,104258.42,104575.47,735.33,76815221.14
2025-06-06 21:00:00,104575.47,104587.9,104379.49,104481.6,498.68,52101590.26
2025-06-06 22:00:00,104481.6,104589.74,104333.82,104569.94,484.06,50553777.46
2025-06-06 23:00:00,104569.94,104585.43,104302.15,104392.54,332.74,34744811.49
2025-06-07 00:00:00,104392.54,104606.43,103976.29,104603.45,560.38,58448187.49
2025-06-07 01:00:00,104603.45,104659.01,104438.68,104540.74,412.48,43124108.89
2025-06-07 02:00:00,104540.74,104707.88,104426.51,104627.25,377.29,39439166.17
2025-06-07 03:00:00,104627.25,105007.93,104575.78,104959.99,561.37,58859223.11
2025-06-07 04:00:00,104959.99,104965.23,104733.85,104905.0,371.0,38912269.8
2025-06-07 05:00:00,104905.0,105082.07,104834.42,104960.08,252.25,26472455.21
2025-06-07 06:00:00,104960.08,105406.64,104873.78,105404.16,571.26,60075776.15
2025-06-07 07:00:00,105404.16,105405.65,104916.25,104952.95,353.77,37167958.96
2025-06-07 08:00:00,104952.95,105042.85,104776.28,104822.68,254.58,26711735.1
2025-06-07 09:00:00,104822.68,105029.43,104822.62,104919.46,321.67,33755193.98
2025-06-07 10:00:00,104919.46,105263.54,104905.96,105216.21,387.59,40739561.66
2025-06-07 11:00:00,105216.21,105343.53,105126.57,105212.42,320.94,33780721.41
2025-06-07 12:00:00,105212.42,105745.64,105212.27,105522.57,576.95,60855952.95
2025-06-07 13:00:00,105522.57,105870.04,105373.62,105682.76,530.98,56096381.6
2025-06-07 14:00:00,105682.76,105746.69,105463.8,105492.1,380.25,40152140.26
2025-06-07 15:00:00,105492.1,105649.91,105390.83,105622.6,301.7,31839376.39
2025-06-07 16:00:00,105622.6,105735.52,105329.23,105404.62,266.54,28134044.34
2025-06-07 17:00:00,105404.62,105612.44,105386.5,105458.23,153.61,16207232.74
2025-06-07 18:00:00,105458.23,105944.06,105458.14,105663.56,422.26,44647636.64
2025-06-07 19:00:00,105663.56,105927.12,105653.63,105786.61,264.46,27984180.37
2025-06-07 20:00:00,105786.61,105974.42,105786.58,105926.31,356.34,37746151.0
2025-06-07 21:00:00,105926.31,105937.16,105789.96,105834.47,132.45,14024357.99
2025-06-07 22:00:00,105834.47,105970.7,105744.57,105884.72,212.41,22489593.5
2025-06-07 23:00:00,105884.72,105892.62,105605.16,105625.23,247.01,26113086.38
2025-06-08 00:00:00,105625.23,105718.58,105507.54,105539.45,232.68,24567285.93
2025-06-08 01:00:00,105539.45,105833.29,105463.27,105755.76,154.9,16363769.81
2025-06-08 02:00:00,105755.76,105755.76,105500.5,105508.81,157.21,16599685.23
2025-06-08 03:00:00,105508.81,105570.01,105461.38,105544.96,84.2,8883999.15
2025-06-08 04:00:00,105544.96,105692.69,105475.1,105673.22,132.3,13971647.52
2025-06-08 05:00:00,105673.22,105698.56,105478.31,105497.85,98.02,10352362.39
2025-06-08 06:00:00,105497.85,105657.99,105491.13,105503.54,111.9,11810951.44
2025-06-08 07:00:00,105503.54,105609.25,105472.35,105486.03,70.32,7421278.29
2025-06-08 08:00:00,105486.03,105553.44,105417.57,105429.44,78.07,8235125.61
2025-06-08 09:00:00,105429.44,105454.72,105146.72,105198.64,287.86,30308047.73
2025-06-08 10:00:00,105198.64,105519.2,105042.03,105407.71,216.91,22832453.22
2025-06-08 11:00:00,105407.71,105762.51,105407.11,105725.95,183.64,19400654.13
2025-06-08 12:00:00,105725.95,105815.46,105578.53,105765.82,243.77,25765562.35
2025-06-08 13:00:00,105765.82,106171.26,105626.61,105669.28,487.28,51588794.47
2025-06-08 14:00:00,105669.28,105949.18,105624.85,105881.96,287.65,30428243.61
2025-06-08 15:00:00,105881.96,106134.98,105877.01,106040.53,359.32,38103641.77
2025-06-08 16:00:00,106040.53,106346.17,106014.55,106252.22,471.01,50024554.02
2025-06-08 17:00:00,106252.22,106409.26,106152.07,106152.91,331.42,35230299.12
2025-06-08 18:00:00,106152.91,106383.61,106100.62,106367.95,260.56,27695332.42
2025-06-08 19:00:00,106367.95,106391.17,106246.11,106350.86,132.54,14095508.86
2025-06-08 20:00:00,106350.86,106376.72,106187.21,106212.62,177.24,18844764.81
2025-06-08 21:00:00,106212.62,106537.25,106212.6,106397.82,217.55,23138926.95
2025-06-08 22:00:00,106397.82,106428.59,105752.54,105821.94,644.79,68366417.11
2025-06-08 23:00:00,105821.94,105826.1,105623.11,105779.28,450.57,47638023.37
2025-06-09 00:00:00,105779.28,106025.84,105647.97,105757.61,583.83,61766878.78
2025-06-09 01:00:00,105757.61,105799.58,105499.55,105574.86,363.45,38397698.93
2025-06-09 02:00:00,105574.86,105773.21,105531.03,105623.49,261.75,27656380.62
2025-06-09 03:00:00,105623.49,105750.25,105372.62,105713.86,343.87,36296855.11
2025-06-09 04:00:00,105713.86,105774.89,105476.93,105500.63,220.13,23259763.24
2025-06-09 05:00:00,105500.63,105574.25,105391.65,105439.24,177.03,18669157.61
2025-06-09 06:00:00,105439.24,105745.16,105383.36,105739.11,205.88,21737279.68
2025-06-09 07:00:00,105739.11,105739.11,105555.63,105615.82,186.64,19711683.68
2025-06-09 08:00:00,105615.82,105997.89,105534.55,105985.2,313.74,33179608.29
2025-06-09 09:00:00,105985.2,106941.21,105883.36,106675.25,891.24,95002927.75
2025-06-09 10:00:00,106675.25,107503.28,106633.61,107245.43,961.23,103021761.91
2025-06-09 11:00:00,107245.43,107857.07,107207.61,107807.37,629.19,67665901.7
2025-06-09 12:00:00,107807.37,107997.18,107602.56,107808.63,681.93,73503992.59
2025-06-09 13:00:00,107808.63,107938.44,106931.45,107092.27,1161.63,124846536.41
2025-06-09 14:00:00,107092.27,108073.6,107090.13,107671.48,1320.81,142191628.57
2025-06-09 15:00:00,107671.48,108083.6,107589.17,107710.73,984.43,106200484.53
2025-06-09 16:00:00,107710.73,108214.24,107709.97,107786.47,1112.86,120173060.2
2025-06-09 17:00:00,107786.47,108496.77,107744.1,108423.25,1169.52,126635053.52
2025-06-09 18:00:00,108423.25,108627.27,108370.75,108528.36,788.56,85559822.45
2025-06-09 19:00:00,108528.36,108840.67,108437.94,108665.77,1332.41,144745628.08
2025-06-09 20:00:00,108665.77,108829.72,108541.27,108779.1,573.46,62350410.39
2025-06-09 21:00:00,108779.1,110543.89,108779.08,110014.97,1931.8,211970677.04
2025-06-09 22:00:00,110014.97,110463.38,109790.94,110228.08,884.43,97415228.57
2025-06-09 23:00:00,110228.08,110350.84,109924.71,110302.12,772.1,85062109.2
2025-06-10 00:00:00,110302.12,110353.52,109955.05,109961.66,657.65,72447593.48
2025-06-10 01:00:00,109961.66,110005.73,109689.6,109824.72,492.86,54145399.74
2025-06-10 02:00:00,109824.72,109824.76,109433.07,109696.51,585.5,64183485.0
2025-06-10 03:00:00,109696.51,109729.47,109442.55,109607.77,338.25,37049435.83
2025-06-10 04:00:00,109607.77,109682.58,109413.24,109572.47,191.81,21007813.27
2025-06-10 05:00:00,109572.47,109772.97,109253.68,109360.16,325.05,35584968.47
2025-06-10 06:00:00,109360.16,109678.83,109192.11,109550.24,278.57,30479419.64
2025-06-10 07:00:00,109550.24,109563.15,109157.23,109276.06,281.34,30766662.01
2025-06-10 08:00:00,109276.06,109464.01,109112.36,109136.29,368.71,40282644.24
2025-06-10 09:00:00,109136.29,109553.16,109128.9,109549.63,344.98,37719052.08
2025-06-10 10:00:00,109549.63,109639.51,109327.08,109353.09,383.61,42002077.2
2025-06-10 11:00:00,109353.09,109891.59,109259.25,109585.09,590.2,64729920.83
2025-06-10 12:00:00,109585.09,109726.83,109462.88,109718.12,475.4,52093338.49
2025-06-10 13:00:00,109718.12,109923.22,108889.81,109330.42,1301.05,142319363.63
2025-06-10 14:00:00,109330.42,109371.04,108507.67,108648.16,1278.3,139150589.29
2025-06-10 15:00:00,108648.16,109226.79,108373.44,109044.38,1242.18,135142321.52
2025-06-10 16:00:00,109044.38,109281.97,108713.13,108749.04,806.19,87882811.77
2025-06-10 17:00:00,108749.04,109078.92,108648.94,108746.98,567.62,61788351.94
2025-06-10 18:00:00,108746.98,109490.17,108551.32,109309.82,860.98,93831170.31
2025-06-10 19:00:00,109309.82,110403.6,109308.21,109543.94,1880.89,206602375.74
2025-06-10 20:00:00,109543.94,110035.76,109279.08,109984.78,735.94,80628461.88
2025-06-10 21:00:00,109984.78,110015.89,109449.58,109882.41,525.78,57718470.55
2025-06-10 22:00:00,109882.41,110195.34,109633.42,109751.15,473.53,52067957.29
2025-06-10 23:00:00,109751.15,110314.64,109613.48,110296.2,660.47,72628567.09
2025-06-11 00:00:00,110296.2,110299.82,109797.63,109836.54,524.08,57655143.8
2025-06-11 01:00:00,109836.54,109846.76,109582.18,109621.82,431.51,47328410.4
2025-06-11 02:00:00,109621.82,109865.52,109566.3,109707.0,255.78,28051736.14
2025-06-11 03:00:00,109707.0,109886.85,109643.14,109747.68,222.32,24401280.14
2025-06-11 04:00:00,109747.68,109764.52,109582.1,109596.63,161.97,17758396.55
2025-06-11 05:00:00,109596.63,109668.77,109461.53,109502.79,153.71,16835709.37
2025-06-11 06:00:00,109502.79,109677.46,109390.92,109610.72,126.82,13888231.81
2025-06-11 07:00:00,109610.72,109752.39,109463.63,109464.15,147.9,16210982.05
2025-06-11 08:00:00,109464.15,109677.32,109464.15,109582.42,207.19,22703036.97
2025-06-11 09:00:00,109582.42,109620.6,109235.89,109275.15,340.53,37253497.2
2025-06-11 10:00:00,109275.15,109473.69,109210.13,109380.24,268.86,29389376.22
2025-06-11 11:00:00,109380.24,109399.14,109219.51,109255.59,202.98,22181788.85
2025-06-11 12:00:00,109255.59,109926.35,109031.53,109718.82,1455.71,159484359.49
2025-06-11 13:00:00,109718.82,109905.52,109325.32,109698.63,1308.86,143522740.6
2025-06-11 14:00:00,109698.63,110425.64,109661.34,109903.7,1648.61,181492726.07
2025-06-11 15:00:00,109903.7,110066.18,109691.05,109756.69,614.93,67543724.18
2025-06-11 16:00:00,109756.69,109844.14,109358.35,109472.2,850.86,93214579.81
2025-06-11 17:00:00,109472.2,109786.62,108992.93,109006.58,828.0,90568645.97
2025-06-11 18:00:00,109006.58,109095.61,108446.79,108841.58,1483.2,161322876.84
2025-06-11 19:00:00,108841.58,108993.65,108611.06,108783.04,1102.9,120000242.4
2025-06-11 20:00:00,108783.04,109048.13,108530.57,108951.98,539.32,58693656.52
2025-06-11 21:00:00,108951.98,109251.32,108414.22,108547.42,567.81,61776103.97
2025-06-11 22:00:00,108547.42,108663.81,108096.82,108469.55,767.12,83130481.46
2025-06-11 23:00:00,108469.55,108723.8,108368.42,108676.78,286.25,31085029.95
2025-06-12 00:00:00,108676.78,108843.81,108358.61,108733.73,417.16,45324499.38
2025-06-12 01:00:00,108733.73,108734.14,108291.32,108544.62,484.82,52596848.81
2025-06-12 02:00:00,108544.62,108783.06,108389.91,108415.53,705.02,76459320.55
2025-06-12 03:00:00,108415.53,108470.68,107747.59,107884.45,834.97,90211833.9
2025-06-12 04:00:00,107884.45,107941.8,107344.78,107782.45,453.1,48782870.94
2025-06-12 05:00:00,107782.45,107944.86,107618.84,107763.49,284.5,30664959.41
2025-06-12 06:00:00,107763.49,108011.8,107662.52,107929.0,219.44,23664493.26
2025-06-12 07:00:00,107929.0,107979.26,107477.17,107648.32,286.86,30896636.75
2025-06-12 08:00:00,107648.32,107860.41,107468.64,107754.53,307.46,33125289.58
2025-06-12 09:00:00,107754.53,107795.93,107515.46,107537.25,221.78,23876310.08
2025-06-12 10:00:00,107537.25,107556.13,107235.14,107349.01,414.3,44474108.89
2025-06-12 11:00:00,107349.01,107374.01,106901.37,106930.01,682.99,73143027.1
2025-06-12 12:00:00,106930.01,107454.93,106897.87,107006.84,814.22,87218979.19
2025-06-12 13:00:00,107006.84,107214.23,106599.8,107074.73,1197.66,128102823.05
2025-06-12 14:00:00,107074.73,107746.24,107074.58,107635.84,862.72,92731384.58
2025-06-12 15:00:00,107635.84,107841.86,106924.46,107038.12,912.9,98006623.55
2025-06-12 16:00:00,107038.12,107845.81,107008.37,107757.08,932.23,100250876.11
2025-06-12 17:00:00,107757.08,108471.68,107728.97,108329.18,826.58,89401459.72
2025-06-12 18:00:00,108329.18,108449.28,107255.44,107597.47,1121.78,120927128.62
2025-06-12 19:00:00,107597.47,107926.67,106727.27,106847.04,1947.08,209260333.63
2025-06-12 20:00:00,106847.04,106995.15,105822.63,106035.11,1983.12,211083869.58
2025-06-12 21:00:00,106035.11,106478.43,105935.31,105964.94,815.24,86570971.24
2025-06-12 22:00:00,105964.94,106287.36,105788.14,105943.67,765.14,81087385.88
2025-06-12 23:00:00,105943.67,106183.49,105721.73,105726.04,560.28,59411942.49
2025-06-13 00:00:00,105726.04,105740.35,103290.25,103873.27,4386.14,457217820.8
2025-06-13 01:00:00,103873.27,103940.75,102773.14,103854.54,2831.75,292720128.81
2025-06-13 02:00:00,103854.54,104041.72,103149.9,103707.34,1734.66,179914036.34
2025-06-13 03:00:00,103707.34,104690.67,103681.37,104369.09,1092.05,113827734.17
2025-06-13 04:00:00,104369.09,104579.36,103856.52,104483.95,653.09,68081899.03
2025-06-13 05:00:00,104483.95,104526.66,104079.48,104086.87,412.29,43022032.37
2025-06-13 06:00:00,104086.87,104783.64,103909.56,104767.23,573.09,59714135.11
2025-06-13 07:00:00,104767.23,104992.69,104442.5,104942.0,533.68,55882539.33
2025-06-13 08:00:00,104942.0,105496.1,104756.89,104798.65,901.89,94820353.52
2025-06-13 09:00:00,104798.65,104975.79,104560.88,104895.28,614.97,64421451.17
2025-06-13 10:00:00,104895.28,104970.12,104484.46,104929.33,552.13,57841355.71
2025-06-13 11:00:00,104929.33,105102.75,104711.05,105087.69,453.76,47617810.26
2025-06-13 12:00:00,105087.69,105342.13,104893.21,104922.44,739.6,77738986.41
2025-06-13 13:00:00,104922.44,105360.12,104730.36,104782.26,1308.57,137430818.07
2025-06-13 14:00:00,104782.26,105058.18,104163.29,105016.85,1871.91,195800287.85
2025-06-13 15:00:00,105016.85,105809.31,104915.47,105499.85,1933.7,204054114.8
2025-06-13 16:00:00,105499.85,106033.65,105381.38,105849.74,1235.06,130631437.86
2025-06-13 17:00:00,105849.74,105849.75,104946.71,105452.66,1106.26,116523877.19
2025-06-13 18:00:00,105452.66,105541.71,104720.19,105238.03,1328.33,139543949.17
2025-06-13 19:00:00,105238.03,105488.56,104959.67,105149.44,1043.3,109755124.91
2025-06-13 20:00:00,105149.44,105567.65,105080.65,105484.01,805.37,84815926.72
2025-06-13 21:00:00,105484.01,105840.85,105377.92,105668.83,428.89,45270329.77
2025-06-13 22:00:00,105668.83,105906.17,105608.25,105817.32,349.04,36921576.78
2025-06-13 23:00:00,105817.32,106224.76,105815.49,106121.08,376.85,39941803.78
2025-06-14 00:00:00,106121.08,106260.08,105764.07,105862.66,735.62,77971296.75
2025-06-14 01:00:00,105862.66,105863.11,105503.76,105537.95,401.88,42445070.82
2025-06-14 02:00:00,105537.95,105670.15,105382.85,105441.72,213.85,22561109.54
2025-06-14 03:00:00,105441.72,105500.16,105275.3,105308.48,170.78,18001605.05
2025-06-14 04:00:00,105308.48,105470.07,105288.62,105437.04,141.42,14905109.12
2025-06-14 05:00:00,105437.04,105467.11,105323.78,105362.28,98.91,10428410.2
2025-06-14 06:00:00,105362.28,105393.82,105180.88,105180.88,157.46,16578599.75
2025-06-14 07:00:00,105180.88,105205.38,104863.51,105138.62,224.21,23560795.6
2025-06-14 08:00:00,105138.62,105190.45,104935.73,105163.92,170.4,17904531.9
2025-06-14 09:00:00,105163.92,105178.13,104915.77,104935.47,179.1,18816728.91
2025-06-14 10:00:00,104935.47,105169.46,104901.23,105066.76,199.61,20968023.58
2025-06-14 11:00:00,105066.76,105162.42,105016.83,105141.18,177.08,18611407.27
2025-06-14 12:00:00,105141.18,105158.14,104800.05,105100.38,333.45,35012792.02
2025-06-14 13:00:00,105100.38,105185.58,104964.7,105085.73,241.34,25361402.72
2025-06-14 14:00:00,105085.73,105136.31,104915.92,104985.94,201.33,21151069.1
2025-06-14 15:00:00,104985.94,105052.91,104704.18,104898.67,330.83,34699881.86
2025-06-14 16:00:00,104898.67,104975.71,104431.37,104515.06,582.24,60942982.72
2025-06-14 17:00:00,104515.06,104777.47,104466.46,104674.6,343.9,35988811.46
2025-06-14 18:00:00,104674.6,105042.05,104430.77,104952.41,768.18,80413758.37
2025-06-14 19:00:00,104952.41,105096.87,104717.21,104723.69,408.73,42893125.35
2025-06-14 20:00:00,104723.69,105058.89,104386.29,104957.41,616.34,64542045.11
2025-06-14 21:00:00,104957.41,105531.76,104930.6,105400.94,464.89,48908909.47
2025-06-14 22:00:00,105400.94,105555.8,105356.86,105486.76,219.1,23110228.55
2025-06-14 23:00:00,105486.76,105544.81,105421.02,105481.13,162.77,17171239.24
2025-06-15 00:00:00,105481.13,105741.29,105344.26,105719.99,225.83,23836306.63
2025-06-15 01:00:00,105719.99,105755.19,105480.65,105498.01,214.58,22653037.17
2025-06-15 02:00:00,105498.01,105697.68,105496.02,105555.83,158.94,16789260.19
2025-06-15 03:00:00,105555.83,105647.92,105544.74,105558.67,87.49,9238011.29
2025-06-15 04:00:00,105558.67,105644.92,105557.47,105632.64,78.32,8270480.58
2025-06-15 05:00:00,105632.64,106160.97,105578.38,106138.52,179.09,18963482.38
2025-06-15 06:00:00,106138.52,106189.63,105505.1,105526.92,225.01,23809627.88
2025-06-15 07:00:00,105526.92,105534.78,105291.43,105503.53,181.33,19117884.31
2025-06-15 08:00:00,105503.53,105544.94,105205.98,105254.73,151.71,15981761.26
2025-06-15 09:00:00,105254.73,105254.9,104940.16,104989.38,225.59,23695367.21
2025-06-15 10:00:00,104989.38,105238.75,104988.98,105177.81,168.83,17751618.2
2025-06-15 11:00:00,105177.81,105221.55,104974.29,105024.76,152.53,16029685.71
2025-06-15 12:00:00,105024.76,105345.2,105012.31,105343.27,269.83,28380809.44
2025-06-15 13:00:00,105343.27,105702.78,105286.36,105587.31,478.75,50507491.29
2025-06-15 14:00:00,105587.31,105887.84,105370.67,105707.86,444.07,46897505.14
2025-06-15 15:00:00,105707.86,105856.12,105595.32,105627.69,206.95,21876551.77
2025-06-15 16:00:00,105627.69,105732.86,105388.22,105616.65,318.4,33606951.77
2025-06-15 17:00:00,105616.65,105829.51,105538.23,105740.39,303.93,32119080.22
2025-06-15 18:00:00,105740.39,105744.81,105530.75,105551.62,219.57,23183715.85
2025-06-15 19:00:00,105551.62,105622.81,105151.37,105352.6,419.63,44249289.29
2025-06-15 20:00:00,105352.6,105358.94,104666.42,104791.37,510.46,53559759.43
2025-06-15 21:00:00,104791.37,104876.09,104546.11,104848.51,451.77,47306276.25
2025-06-15 22:00:00,104848.51,105408.78,104788.44,105308.13,552.65,58118375.05
2025-06-15 23:00:00,105308.13,105650.82,105282.72,105625.23,357.85,37744644.74
2025-06-16 00:00:00,105625.23,105806.76,105400.16,105478.53,514.68,54324643.88
2025-06-16 01:00:00,105478.53,105919.67,105016.81,105849.57,794.57,83744952.32
2025-06-16 02:00:00,105849.57,106005.89,105733.91,105827.74,543.14,57504303.49
2025-06-16 03:00:00,105827.74,106005.44,105751.68,105968.78,260.14,27545967.55
2025-06-16 04:00:00,105968.78,106439.5,105923.45,106439.5,455.41,48376379.78
2025-06-16 05:00:00,106439.5,106824.75,106362.1,106616.76,375.57,40039698.52
2025-06-16 06:00:00,106616.76,106804.73,106557.79,106624.08,264.81,28253388.12
2025-06-16 07:00:00,106624.08,107293.82,106623.95,107092.27,540.95,57882630.77
2025-06-16 08:00:00,107092.27,107270.79,106995.22,107214.37,296.61,31770365.31
2025-06-16 09:00:00,107214.37,107273.8,106934.34,106988.76,368.32,39435070.62
2025-06-16 10:00:00,106988.76,107232.76,106777.38,106866.18,300.54,32168477.35
2025-06-16 11:00:00,106866.18,106989.32,106616.28,106915.86,332.22,35488922.25
2025-06-16 12:00:00,106915.86,106922.79,106631.6,106718.9,374.71,40018102.54
2025-06-16 13:00:00,106718.9,107200.7,106543.04,107186.3,1067.44,113965495.33
2025-06-16 14:00:00,107186.3,107840.14,106833.36,107588.93,1948.05,209301278.39
2025-06-16 15:00:00,107588.93,107765.22,107370.2,107485.87,876.86,94353345.64
2025-06-16 16:00:00,107485.87,107960.72,107380.3,107829.97,759.63,81813276.67
2025-06-16 17:00:00,107829.97,108074.24,107690.49,107807.99,857.7,92536573.44
2025-06-16 18:00:00,107807.99,108336.02,107746.65,108322.89,811.93,87732544.13
2025-06-16 19:00:00,108322.89,108951.62,108322.88,108707.64,1682.33,182821294.59
2025-06-16 20:00:00,108707.64,108899.43,108504.67,108850.8,894.2,97172168.57
2025-06-16 21:00:00,108850.8,108881.31,108395.23,108575.11,409.52,44484248.17
2025-06-16 22:00:00,108575.11,109014.33,107492.54,107755.78,1329.5,143741370.43
2025-06-16 23:00:00,107755.78,108045.47,106765.47,106855.39,1132.19,121634993.38
2025-06-17 00:00:00,106855.39,107301.44,106186.2,107281.55,1948.8,207988436.96
2025-06-17 01:00:00,107281.55,107449.57,106978.69,107234.85,643.43,68968050.21
2025-06-17 02:00:00,107234.85,107624.03,106622.23,107528.91,688.26,73682555.64
2025-06-17 03:00:00,107528.91,107795.31,107410.09,107637.22,452.74,48718781.28
2025-06-17 04:00:00,107637.22,107740.11,107354.96,107379.87,270.99,29150259.36
2025-06-17 05:00:00,107379.87,107438.22,107097.41,107161.92,196.04,21023710.54
2025-06-17 06:00:00,107161.92,107271.75,106770.12,106877.17,343.2,36719624.54
2025-06-17 07:00:00,106877.17,106908.99,106516.96,106799.76,232.99,24864518.0
2025-06-17 08:00:00,106799.76,106857.9,106529.26,106600.59,278.46,29711139.38
2025-06-17 09:00:00,106600.59,106687.68,106113.21,106194.42,462.26,49178382.91
2025-06-17 10:00:00,106194.42,106270.33,105780.2,105977.87,538.42,57069319.54
2025-06-17 11:00:00,105977.87,105977.93,105536.7,105670.84,352.22,37229634.41
2025-06-17 12:00:00,105670.84,105879.41,105466.02,105544.47,619.67,65510456.06
2025-06-17 13:00:00,105544.47,105782.97,105225.54,105375.7,1132.4,119482322.05
2025-06-17 14:00:00,105375.7,105722.58,104814.22,104871.04,1444.08,151965783.36
2025-06-17 15:00:00,104871.04,104988.48,104153.3,104254.81,1909.75,199628253.47
2025-06-17 16:00:00,104254.81,104497.34,103502.69,103637.6,2190.94,227984066.58
2025-06-17 17:00:00,103637.6,104267.53,103378.64,103843.17,1897.34,196885036.11
2025-06-17 18:00:00,103843.17,104441.52,103656.27,104440.24,1048.88,109057409.89
2025-06-17 19:00:00,104440.24,105371.64,104435.23,104719.35,3348.54,351530831.17
2025-06-17 20:00:00,104719.35,104914.19,104302.39,104401.84,1003.44,104949816.76
2025-06-17 21:00:00,104401.84,104849.09,104299.03,104596.42,567.85,59366210.45
2025-06-17 22:00:00,104596.42,104767.54,104248.12,104261.5,740.57,77429258.24
2025-06-17 23:00:00,104261.5,104755.95,104261.5,104598.68,340.85,35650311.97
2025-06-18 00:00:00,104598.68,104881.27,104408.07,104862.28,463.01,48464842.22
2025-06-18 01:00:00,104862.28,105207.31,104716.58,104815.64,451.51,47378320.11
2025-06-18 02:00:00,104815.64,105122.09,104731.83,104896.4,336.26,35280440.44
2025-06-18 03:00:00,104896.4,105274.79,104885.62,105218.75,256.26,26933075.16
2025-06-18 04:00:00,105218.75,105536.68,105115.96,105477.61,234.05,24651109.2
2025-06-18 05:00:00,105477.61,105579.84,105423.5,105447.61,161.22,17011959.85
2025-06-18 06:00:00,105447.61,105553.13,104939.12,105007.64,303.95,32002487.82
2025-06-18 07:00:00,105007.64,105032.9,104762.77,105000.2,210.69,22113380.45
2025-06-18 08:00:00,105000.2,105336.55,104786.66,104984.22,304.69,32017274.76
2025-06-18 09:00:00,104984.22,105154.48,104597.66,104722.74,301.94,31658478.99
2025-06-18 10:00:00,104722.74,104825.94,104220.59,104309.22,588.11,61472716.94
2025-06-18 11:00:00,104309.22,104886.44,104239.15,104866.12,412.34,43107398.56
2025-06-18 12:00:00,104866.12,104923.66,104512.34,104556.43,516.87,54118366.79
2025-06-18 13:00:00,104556.43,104587.89,103867.53,104472.2,1782.84,185723900.72
2025-06-18 14:00:00,104472.2,105353.44,104270.83,104656.39,2062.1,216428178.0
2025-06-18 15:00:00,104656.39,105019.86,104187.9,104847.13,991.04,103752196.6
2025-06-18 16:00:00,104847.13,104878.61,104390.82,104467.81,871.13,91114874.72
2025-06-18 17:00:00,104467.81,104542.86,103650.85,104364.03,1271.88,132456452.4
2025-06-18 18:00:00,104364.03,104729.35,103616.62,103656.5,2537.46,264574050.86
2025-06-18 19:00:00,103656.5,104464.09,103547.15,103835.27,1851.25,192589648.21
2025-06-18 20:00:00,103835.27,105021.35,103670.43,104853.06,1116.54,116439790.25
2025-06-18 21:00:00,104853.06,105181.4,104414.04,105128.06,820.93,86034995.73
2025-06-18 22:00:00,105128.06,105187.93,104843.65,104868.26,435.91,45769120.69
2025-06-18 23:00:00,104868.26,105004.5,104677.81,104927.87,323.61,33931746.82
2025-06-19 00:00:00,104927.87,105264.38,104733.08,105004.18,523.11,54952720.9
2025-06-19 01:00:00,105004.18,105021.6,104512.84,104655.81,644.78,67507191.44
2025-06-19 02:00:00,104655.81,105054.82,104510.82,104765.42,607.68,63696652.82
2025-06-19 03:00:00,104765.42,105152.47,104765.42,105142.86,387.63,40709504.26
2025-06-19 04:00:00,105142.86,105152.05,104840.67,105121.33,434.48,45617213.87
2025-06-19 05:00:00,105121.33,105259.5,104874.79,104937.59,211.73,22250092.59
2025-06-19 06:00:00,104937.59,105023.46,104672.79,104753.35,278.34,29164512.9
2025-06-19 07:00:00,104753.35,104892.83,104663.63,104679.74,128.23,13440026.77
2025-06-19 08:00:00,104679.74,105018.71,104668.3,104782.5,172.58,18102412.47
2025-06-19 09:00:00,104782.5,105062.68,104771.02,105030.42,207.7,21800961.69
2025-06-19 10:00:00,105030.42,105118.16,104896.1,104957.7,279.32,29335941.35
2025-06-19 11:00:00,104957.7,104957.86,104770.52,104815.53,248.55,26066514.65
2025-06-19 12:00:00,104815.53,104945.28,104708.46,104789.62,295.35,30963992.5
2025-06-19 13:00:00,104789.62,104819.5,104282.36,104319.12,514.21,53762801.99
2025-06-19 14:00:00,104319.12,104703.91,104138.73,104181.46,680.8,71069098.96
2025-06-19 15:00:00,104181.46,104477.52,104118.99,104140.69,610.51,63674145.81
2025-06-19 16:00:00,104140.69,104452.06,103961.05,104029.74,508.45,52991734.1
2025-06-19 17:00:00,104029.74,104847.39,103951.44,104549.24,826.72,86327514.82
2025-06-19 18:00:00,104549.24,104730.51,104329.98,104420.27,463.99,48505394.79
2025-06-19 19:00:00,104420.27,104495.29,104162.06,104283.59,348.52,36360240.02
2025-06-19 20:00:00,104283.59,104533.04,104180.3,104311.74,525.1,54797158.8
2025-06-19 21:00:00,104311.74,104452.08,104262.15,104362.97,258.6,26991205.84
2025-06-19 22:00:00,104362.97,104808.4,104362.97,104638.07,428.71,44851007.22
2025-06-19 23:00:00,104638.07,104917.32,104507.25,104699.72,320.85,33602417.62
2025-06-20 00:00:00,104699.72,104845.85,104598.19,104733.26,300.92,31513549.21
2025-06-20 01:00:00,104733.26,104826.86,104448.53,104807.11,270.04,28244283.49
2025-06-20 02:00:00,104807.11,104834.39,104548.26,104668.28,259.27,27146550.42
2025-06-20 03:00:00,104668.28,104733.56,104552.79,104647.55,192.67,20166989.42
2025-06-20 04:00:00,104647.55,104648.68,104275.9,104297.17,175.73,18356694.4
2025-06-20 05:00:00,104297.17,104616.38,104295.05,104616.07,163.07,17027912.66
2025-06-20 06:00:00,104616.07,104797.78,104616.07,104761.35,167.27,17518464.07
2025-06-20 07:00:00,104761.35,105852.57,104684.12,105847.31,566.41,59665776.69
2025-06-20 08:00:00,105847.31,106559.45,105826.59,106005.07,1125.17,119517744.0
2025-06-20 09:00:00,106005.07,106113.11,105806.56,105992.66,325.62,34497633.1
2025-06-20 10:00:00,105992.66,106200.39,105874.37,105997.6,290.47,30804266.34
2025-06-20 11:00:00,105997.6,106104.74,105852.63,106019.96,236.78,25095722.27
2025-06-20 12:00:00,106019.96,106135.52,105910.19,106007.49,390.25,41370834.96
2025-06-20 13:00:00,106007.49,106170.27,105406.04,105689.88,1137.21,120361914.48
2025-06-20 14:00:00,105689.88,105809.56,103904.04,103957.92,2002.47,210117161.48
2025-06-20 15:00:00,103957.92,104638.56,103929.58,104251.75,1466.05,152880409.28
2025-06-20 16:00:00,104251.75,104291.44,103659.83,103699.02,1089.86,113334914.99
2025-06-20 17:00:00,103699.02,103775.62,102367.77,103288.52,3154.84,324783588.23
2025-06-20 18:00:00,103288.52,103444.82,103060.25,103186.26,1171.7,120961235.8
2025-06-20 19:00:00,103186.26,103510.62,103024.2,103342.72,1170.51,120862275.78
2025-06-20 20:00:00,103342.72,103843.58,103330.5,103726.1,756.19,78354218.87
2025-06-20 21:00:00,103726.1,103745.52,103387.91,103559.78,352.02,36450937.29
2025-06-20 22:00:00,103559.78,103563.52,103009.07,103124.31,564.33,58249491.82
2025-06-20 23:00:00,103124.31,103357.48,102996.37,103313.31,371.93,38388019.07
2025-06-21 00:00:00,103313.31,103363.08,103151.65,103277.25,363.68,37555885.99
2025-06-21 01:00:00,103277.25,103544.0,103176.77,103543.37,285.32,29494823.07
2025-06-21 02:00:00,103543.37,103563.2,103409.08,103530.13,186.89,19341580.15
2025-06-21 03:00:00,103530.13,103715.02,103529.43,103530.08,210.39,21804759.63
2025-06-21 04:00:00,103530.08,103561.88,103370.62,103423.57,139.19,14400684.68
2025-06-21 05:00:00,103423.57,103521.04,103386.17,103460.74,80.17,8294937.31
2025-06-21 06:00:00,103460.74,103637.21,103364.19,103613.95,148.53,15375469.03
2025-06-21 07:00:00,103613.95,103616.1,103410.99,103485.71,105.66,10937174.2
2025-06-21 08:00:00,103485.71,103854.41,103485.52,103844.05,177.38,18385554.05
2025-06-21 09:00:00,103844.05,103976.9,103705.08,103884.55,257.58,26744444.03
2025-06-21 10:00:00,103884.55,104021.01,103813.72,103872.76,183.95,19121382.39
2025-06-21 11:00:00,103872.76,103954.14,103766.58,103910.78,124.14,12897789.12
2025-06-21 12:00:00,103910.78,103975.16,103817.66,103838.58,214.5,22285042.55
2025-06-21 13:00:00,103838.58,103908.03,103581.4,103610.13,356.31,36972592.37
2025-06-21 14:00:00,103610.13,103804.71,103430.39,103585.25,461.95,47854483.24
2025-06-21 15:00:00,103585.25,103720.03,103331.65,103603.97,414.25,42894712.51
2025-06-21 16:00:00,103603.97,103690.38,103500.01,103529.94,266.25,27580775.73
2025-06-21 17:00:00,103529.94,103634.18,103216.07,103227.16,323.7,33465206.29
2025-06-21 18:00:00,103227.16,103453.39,102687.27,102697.23,627.34,64691446.0
2025-06-21 19:00:00,102697.23,102791.35,102243.68,102287.55,1093.86,112130033.89
2025-06-21 20:00:00,102287.55,102916.18,102237.79,102815.64,1033.39,105977512.11
2025-06-21 21:00:00,102815.64,102860.83,101133.13,101488.03,1768.26,179943610.58
2025-06-21 22:00:00,101488.03,102024.66,101478.4,101822.02,775.77,79003278.07
2025-06-21 23:00:00,101822.02,102326.83,100925.53,102165.68,1618.72,164246381.13
2025-06-22 00:00:00,102165.68,103430.09,101890.38,102906.89,2471.35,253613669.13
2025-06-22 01:00:00,102906.89,103049.6,102284.53,102442.94,1238.23,127108974.15
2025-06-22 02:00:00,102442.94,102922.05,101931.56,102402.45,1558.27,159396238.93
2025-06-22 03:00:00,102402.45,102635.78,102178.03,102412.77,502.96,51488572.78
2025-06-22 04:00:00,102412.77,102811.55,102301.41,102598.52,358.76,36808374.83
2025-06-22 05:00:00,102598.52,102954.3,102598.26,102899.77,197.7,20323826.4
2025-06-22 06:00:00,102899.77,102982.96,102747.44,102787.48,184.88,19022173.65
2025-06-22 07:00:00,102787.48,102798.7,102317.81,102471.56,276.77,28379496.32
2025-06-22 08:00:00,102471.56,102748.93,102362.61,102748.93,246.11,25241180.87
2025-06-22 09:00:00,102748.93,102842.71,102130.25,102241.14,422.44,43282348.22
2025-06-22 10:00:00,102241.14,102562.49,102198.94,102530.52,271.0,27753426.62
2025-06-22 11:00:00,102530.52,102795.0,102475.82,102773.46,251.09,25783185.48
2025-06-22 12:00:00,102773.46,102861.18,102619.02,102789.49,363.72,37361493.41
2025-06-22 13:00:00,102789.49,102839.56,100332.16,100897.97,2877.21,290770409.04
2025-06-22 14:00:00,100897.97,101270.27,99112.1,99672.23,4833.44,482909665.78
2025-06-22 15:00:00,99672.23,99850.87,98968.26,98969.64,2459.07,244654874.59
2025-06-22 16:00:00,98969.64,99724.47,98732.38,99702.02,2521.67,249971965.06
2025-06-22 17:00:00,99702.02,100409.59,99461.18,99532.59,1589.09,158643359.74
2025-06-22 18:00:00,99532.59,99815.15,99395.29,99479.46,779.84,77648956.31
2025-06-22 19:00:00,99479.46,99497.15,98854.98,98926.5,1010.9,100248234.22
2025-06-22 20:00:00,98926.5,99797.57,98264.46,99572.21,2700.6,266863092.77
2025-06-22 21:00:00,99572.21,99693.47,99061.82,99223.27,889.45,88414578.71
2025-06-22 22:00:00,99223.27,101026.73,99187.29,101024.34,1734.42,174117117.81
2025-06-22 23:00:00,101024.34,101083.59,100718.38,101015.42,961.24,97000854.91
2025-06-23 00:00:00,101015.42,101664.19,100545.91,100964.4,1206.63,121878183.0
2025-06-23 01:00:00,100964.4,101163.99,100618.84,101156.16,796.94,80375319.57
2025-06-23 02:00:00,101156.16,101440.71,100989.36,101346.11,668.05,67623816.73
2025-06-23 03:00:00,101346.11,101427.2,101137.85,101213.15,482.24,48825537.74
2025-06-23 04:00:00,101213.15,101374.32,101047.84,101233.23,339.49,34364232.66
2025-06-23 05:00:00,101233.23,101886.5,101233.23,101832.35,352.87,35852812.98
2025-06-23 06:00:00,101832.35,102109.81,101706.93,101990.44,462.22,47114026.09
2025-06-23 07:00:00,101990.44,102178.08,101814.76,101984.16,406.92,41499744.99
2025-06-23 08:00:00,101984.16,102121.97,101803.59,101926.46,371.74,37895038.52
2025-06-23 09:00:00,101926.46,101932.64,101448.31,101611.71,550.86,55982940.51
2025-06-23 10:00:00,101611.71,101632.34,101254.27,101515.46,375.08,38062337.2
2025-06-23 11:00:00,101515.46,101613.6,101165.43,101346.36,598.62,60680555.9
2025-06-23 12:00:00,101346.36,101716.18,101165.07,101713.2,660.74,66996936.16
2025-06-23 13:00:00,101713.2,102525.57,100859.39,102412.17,2626.01,267330906.25
2025-06-23 14:00:00,102412.17,102671.01,101571.15,101687.93,3291.65,336023299.37
2025-06-23 15:00:00,101687.93,102102.26,101369.93,101487.59,1281.14,130364648.38
2025-06-23 16:00:00,101487.59,101513.61,99685.07,100743.79,3953.6,397391731.69
2025-06-23 17:00:00,100743.79,102765.08,100542.53,102561.94,4248.28,432568043.87
2025-06-23 18:00:00,102561.94,103381.34,102478.0,103027.29,2847.32,293323090.17
2025-06-23 19:00:00,103027.29,103315.89,102754.1,103241.31,1362.26,140374789.73
2025-06-23 20:00:00,103241.31,103984.17,102953.12,103806.1,1600.45,165854776.72
2025-06-23 21:00:00,103806.1,104287.6,103710.52,103776.19,977.51,101594330.89
2025-06-23 22:00:00,103776.19,106134.09,103776.18,105639.08,4327.33,455753909.22
2025-06-23 23:00:00,105639.08,105763.24,105203.86,105423.73,1410.93,148870769.07
2025-06-24 00:00:00,105423.73,105578.61,104997.5,105209.86,850.16,89487236.42
2025-06-24 01:00:00,105209.86,105564.56,105060.37,105532.33,765.91,80597268.4
2025-06-24 02:00:00,105532.33,105532.33,104813.42,104850.22,837.4,87944446.0
2025-06-24 03:00:00,104850.22,105202.28,104815.43,105001.82,568.39,59682792.48
2025-06-24 04:00:00,105001.82,105044.87,104787.19,104902.09,298.03,31275654.73
2025-06-24 05:00:00,104902.09,105492.77,104902.05,105474.84,711.27,74853693.41
2025-06-24 06:00:00,105474.84,105895.13,105327.75,105747.17,556.95,58825969.41
2025-06-24 07:00:00,105747.17,105855.25,104980.43,105020.82,1014.69,106926511.7
2025-06-24 08:00:00,105020.82,105236.69,104710.65,105083.51,972.3,102077066.76
2025-06-24 09:00:00,105083.51,105654.75,105046.54,105279.37,502.74,52952692.68
2025-06-24 10:00:00,105279.37,105428.8,105153.87,105342.96,357.3,37619083.21
2025-06-24 11:00:00,105342.96,105490.71,105082.34,105252.55,369.58,38909563.28
2025-06-24 12:00:00,105252.55,105367.48,105037.93,105265.4,593.77,62457351.53
2025-06-24 13:00:00,105265.4,105451.59,104860.38,105131.01,1351.02,142055177.66
2025-06-24 14:00:00,105131.01,105741.89,105009.11,105579.96,1948.02,205350571.42
2025-06-24 15:00:00,105579.96,105795.17,105213.11,105300.93,1083.23,114347497.27
2025-06-24 16:00:00,105300.93,106339.71,105242.61,106287.14,1560.5,165020633.13
2025-06-24 17:00:00,106287.14,106358.78,105686.09,106122.73,1338.07,141884795.88
2025-06-24 18:00:00,106122.73,106169.01,105594.74,105596.12,903.13,95604586.23
2025-06-24 19:00:00,105596.12,105739.18,105355.22,105713.67,889.96,93911506.56
2025-06-24 20:00:00,105713.67,106169.0,105511.76,106147.74,967.47,102382722.9
2025-06-24 21:00:00,106147.74,106165.1,105796.25,106037.57,791.6,83918495.04
2025-06-24 22:00:00,106037.57,106082.65,105798.92,106068.59,388.69,41177399.08
2025-06-24 23:00:00,106068.59,106133.25,105829.25,106133.25,288.11,30524531.48
2025-06-25 00:00:00,106133.25,106523.08,105880.48,106447.58,811.0,86143114.09
2025-06-25 01:00:00,106447.58,106670.71,106077.18,106441.06,835.52,88862977.64
2025-06-25 02:00:00,106441.06,106859.92,106370.36,106535.87,810.73,86467081.7
2025-06-25 03:00:00,106535.87,106670.2,106287.98,106302.26,308.77,32882014.72
2025-06-25 04:00:00,106302.26,106391.49,106064.55,106253.68,263.7,28021996.84
2025-06-25 05:00:00,106253.68,106457.44,106107.94,106282.74,149.19,15855400.94
2025-06-25 06:00:00,106282.74,106513.12,106193.7,106459.01,200.7,21344260.91
2025-06-25 07:00:00,106459.01,106766.51,106385.03,106671.94,250.45,26709728.85
2025-06-25 08:00:00,106671.94,106721.78,106398.25,106688.32,319.68,34060265.38
2025-06-25 09:00:00,106688.32,107029.02,106524.26,106701.14,618.38,66044252.32
2025-06-25 10:00:00,106701.14,107230.14,106636.8,107182.57,661.54,70803328.54
2025-06-25 11:00:00,107182.57,107279.41,106929.16,107249.85,566.5,60682944.26
2025-06-25 12:00:00,107249.85,107339.15,106981.06,107286.43,592.85,63518363.04
2025-06-25 13:00:00,107286.43,108185.44,107232.3,107994.37,1942.42,209416174.29
2025-06-25 14:00:00,107994.37,108196.78,107306.7,107706.76,2187.8,235845689.89
2025-06-25 15:00:00,107706.76,107718.87,106830.79,107105.14,2065.31,221527368.8
2025-06-25 16:00:00,107105.14,107567.66,107052.66,107213.88,1184.05,127107215.14
2025-06-25 17:00:00,107213.88,107599.38,106995.16,107468.15,1142.21,122585821.56
2025-06-25 18:00:00,107468.15,107606.37,107255.27,107478.58,967.19,103946732.37
2025-06-25 19:00:00,107478.58,107980.78,107458.16,107825.01,1639.61,176713532.8
2025-06-25 20:00:00,107825.01,107933.16,107556.81,107854.57,964.76,103957728.42
2025-06-25 21:00:00,107854.57,108066.94,107522.31,107636.96,551.54,59420175.68
2025-06-25 22:00:00,107636.96,107641.02,107287.63,107344.8,374.08,40191416.35
2025-06-25 23:00:00,107344.8,107441.45,107156.8,107399.88,430.92,46233366.99
2025-06-26 00:00:00,107399.88,107675.4,107329.87,107388.27,398.62,42852465.78
2025-06-26 01:00:00,107388.27,107945.97,107177.42,107692.9,724.45,77940179.78
2025-06-26 02:00:00,107692.9,108104.02,107645.91,107993.82,673.94,72695963.21
2025-06-26 03:00:00,107993.82,108330.6,107861.02,107926.46,667.79,72166615.6
2025-06-26 04:00:00,107926.46,108019.21,107760.2,107900.8,272.04,29348912.47
2025-06-26 05:00:00,107900.8,107900.81,107587.16,107679.08,180.96,19496677.09
2025-06-26 06:00:00,107679.08,107862.26,107620.7,107817.24,128.11,13807670.4
2025-06-26 07:00:00,107817.24,108151.35,107809.94,107890.98,382.26,41286749.41
2025-06-26 08:00:00,107890.98,108228.33,107780.6,107825.63,452.66,48872729.0
2025-06-26 09:00:00,107825.63,107858.88,107349.2,107391.23,511.62,55019724.24
2025-06-26 10:00:00,107391.23,107521.96,107312.32,107444.38,280.18,30094874.35
2025-06-26 11:00:00,107444.38,107456.74,107173.4,107380.35,269.43,28914322.06
2025-06-26 12:00:00,107380.35,107476.88,107091.19,107172.11,529.95,56846216.47
2025-06-26 13:00:00,107172.11,107394.05,106859.37,106997.0,1260.04,134964271.89
2025-06-26 14:00:00,106997.0,107811.57,106927.42,107499.45,1595.36,171296002.07
2025-06-26 15:00:00,107499.45,107572.23,106605.5,107357.89,1170.11,125344604.83
2025-06-26 16:00:00,107357.89,107448.42,107069.58,107242.69,692.07,74208086.36
2025-06-26 17:00:00,107242.69,107479.94,107198.47,107246.99,651.96,69990352.96
2025-06-26 18:00:00,107246.99,107632.85,107191.8,107426.24,598.45,64287128.58
2025-06-26 19:00:00,107426.24,107721.11,107374.82,107589.18,699.28,75222795.1
2025-06-26 20:00:00,107589.18,108061.28,107509.23,107825.59,901.48,97145544.87
2025-06-26 21:00:00,107825.59,107847.73,106897.44,107073.76,745.33,79973379.49
2025-06-26 22:00:00,107073.76,107289.76,107006.64,107045.56,471.98,50568105.07
2025-06-26 23:00:00,107045.56,107122.84,106934.56,107012.17,406.18,43467561.84
2025-06-27 00:00:00,107012.17,107239.54,106725.36,106744.69,419.24,44864323.21
2025-06-27 01:00:00,106744.69,107275.0,106477.58,107181.46,709.6,75863175.39
2025-06-27 02:00:00,107181.46,107347.77,107113.02,107305.26,349.96,37540635.06
2025-06-27 03:00:00,107305.26,107577.72,107227.94,107536.84,332.5,35715449.4
2025-06-27 04:00:00,107536.84,107633.61,107422.31,107572.52,238.78,25674516.22
2025-06-27 05:00:00,107572.52,107611.43,107327.14,107327.14,166.8,17922273.17
2025-06-27 06:00:00,107327.14,107447.81,107270.29,107344.3,125.6,13486064.17
2025-06-27 07:00:00,107344.3,107793.99,106923.58,106946.94,1254.92,134533694.82
2025-06-27 08:00:00,106946.94,107134.08,106743.02,107056.56,442.15,47282005.74
2025-06-27 09:00:00,107056.56,107177.08,106846.99,107136.63,355.93,38089612.51
2025-06-27 10:00:00,107136.63,107209.54,107007.42,107043.53,397.51,42570759.15
2025-06-27 11:00:00,107043.53,107184.18,106958.61,107020.58,259.0,27722686.24
2025-06-27 12:00:00,107020.58,107228.77,106646.68,106719.21,811.03,86725066.19
2025-06-27 13:00:00,106719.21,107024.91,106421.82,106865.9,1314.41,140337931.78
2025-06-27 14:00:00,106865.9,107144.36,106431.62,106630.09,2134.58,227793412.91
2025-06-27 15:00:00,106630.09,107481.55,106541.11,107384.84,1331.81,142402156.55
2025-06-27 16:00:00,107384.84,107736.27,107162.46,107535.4,1436.65,154380562.55
2025-06-27 17:00:00,107535.4,107554.84,106510.97,106921.27,1135.44,121414092.28
2025-06-27 18:00:00,106921.27,107050.53,106495.34,106757.56,1089.78,116345206.12
2025-06-27 19:00:00,106757.56,107070.62,106649.84,106857.33,1187.25,126901694.67
2025-06-27 20:00:00,106857.33,107194.75,106845.9,107183.24,543.06,58148067.71
2025-06-27 21:00:00,107183.24,107333.59,107097.74,107113.22,382.41,41003663.03
2025-06-27 22:00:00,107113.22,107262.1,107111.75,107168.71,153.87,16495476.02
2025-06-27 23:00:00,107168.71,107235.66,107026.39,107105.16,249.03,26673198.57
2025-06-28 00:00:00,107105.16,107232.38,106916.42,107124.1,275.38,29482716.8
2025-06-28 01:00:00,107124.1,107181.12,106884.15,107133.64,225.15,24094922.51
2025-06-28 02:00:00,107133.64,107259.44,107076.45,107170.89,185.41,19872488.28
2025-06-28 03:00:00,107170.89,107402.64,107147.67,107354.51,139.74,14990348.61
2025-06-28 04:00:00,107354.51,107372.07,107249.2,107258.48,112.57,12078706.29
2025-06-28 05:00:00,107258.48,107364.96,107253.56,107354.9,92.13,9888670.07
2025-06-28 06:00:00,107354.9,107498.29,107354.9,107477.28,77.18,8292570.91
2025-06-28 07:00:00,107477.28,107552.62,107461.98,107538.22,73.2,7869224.67
2025-06-28 08:00:00,107538.22,107554.29,107408.97,107437.58,115.93,12458995.06
2025-06-28 09:00:00,107437.58,107437.7,107335.59,107366.37,98.35,10559695.65
2025-06-28 10:00:00,107366.37,107428.59,107314.62,107328.3,143.98,15458463.55
2025-06-28 11:00:00,107328.3,107430.12,107328.21,107428.16,73.97,7942071.76
2025-06-28 12:00:00,107428.16,107434.59,107352.54,107395.32,72.73,7810164.39
2025-06-28 13:00:00,107395.32,107417.78,107153.28,107167.71,129.92,13933984.82
2025-06-28 14:00:00,107167.71,107314.98,107165.8,107263.7,115.02,12336416.04
2025-06-28 15:00:00,107263.7,107591.48,107261.13,107510.85,220.32,23658132.5
2025-06-28 16:00:00,107510.85,107570.61,107312.29,107355.02,239.64,25744032.52
2025-06-28 17:00:00,107355.02,107587.58,107343.42,107516.21,179.48,19286861.71
2025-06-28 18:00:00,107516.21,107519.6,107313.09,107375.42,322.13,34581751.99
2025-06-28 19:00:00,107375.42,107387.86,107279.93,107279.93,87.75,9419069.5
2025-06-28 20:00:00,107279.93,107279.93,107211.72,107224.4,126.29,13545406.73
2025-06-28 21:00:00,107224.4,107398.19,107222.66,107382.38,142.64,15304814.18
2025-06-28 22:00:00,107382.38,107420.72,107326.59,107407.87,149.29,16030468.95
2025-06-28 23:00:00,107407.87,107408.25,107338.14,107346.44,74.27,7974467.24
2025-06-29 00:00:00,107346.44,107543.84,107311.57,107515.02,169.6,18223906.38
2025-06-29 01:00:00,107515.02,107519.65,107363.71,107367.3,110.78,11902970.59
2025-06-29 02:00:00,107367.3,107389.94,107233.58,107345.77,133.51,14325576.77
2025-06-29 03:00:00,107345.77,107345.77,107247.51,107266.71,61.16,6562834.25
2025-06-29 04:00:00,107266.71,107310.57,107263.59,107309.84,40.18,4310778.87
2025-06-29 05:00:00,107309.84,107353.75,107263.86,107342.41,35.28,3785480.37
2025-06-29 06:00:00,107342.41,107427.05,107342.14,107415.95,38.81,4167967.17
2025-06-29 07:00:00,107415.95,107440.74,107376.01,107440.74,53.19,5712513.39
2025-06-29 08:00:00,107440.74,107752.26,107437.97,107733.69,233.5,25132923.15
2025-06-29 09:00:00,107733.69,108005.15,107676.34,107932.38,347.28,37461490.07
2025-06-29 10:00:00,107932.38,108322.85,107904.85,108188.5,546.25,59072344.99
2025-06-29 11:00:00,108188.5,108507.21,108131.88,108506.61,281.05,30442178.51
2025-06-29 12:00:00,108506.61,108538.36,108074.62,108227.11,351.13,38023076.48
2025-06-29 13:00:00,108227.11,108261.53,108065.68,108099.12,191.97,20762248.29
2025-06-29 14:00:00,108099.12,108243.29,107823.97,107979.01,316.72,34207857.68
2025-06-29 15:00:00,107979.01,108056.86,107690.14,107786.28,266.27,28729068.59
2025-06-29 16:00:00,107786.28,107820.52,107363.41,107588.94,428.44,46097929.0
2025-06-29 17:00:00,107588.94,107628.54,107360.71,107572.51,279.09,30004062.52
2025-06-29 18:00:00,107572.51,107748.95,107492.11,107681.43,192.13,20679341.47
2025-06-29 19:00:00,107681.43,107681.52,107399.55,107438.95,200.69,21585526.43
2025-06-29 20:00:00,107438.95,107513.03,107410.12,107410.14,162.51,17464634.31
2025-06-29 21:00:00,107410.14,107746.18,107311.11,107582.23,342.89,36851585.88
2025-06-29 22:00:00,107582.23,108298.31,107582.2,108113.77,667.16,72067373.17
2025-06-29 23:00:00,108113.77,108469.9,108056.6,108391.87,644.76,69829453.02
2025-06-30 00:00:00,108391.87,108815.66,108291.55,108759.92,990.8,107608003.64
2025-06-30 01:00:00,108759.92,108808.46,108465.61,108546.23,560.7,60929947.67
2025-06-30 02:00:00,108546.23,108689.13,108491.53,108533.16,332.17,36076708.83
2025-06-30 03:00:00,108533.16,108618.77,108479.87,108555.29,175.96,19099645.2
2025-06-30 04:00:00,108555.29,108578.38,108354.53,108369.39,145.39,15773235.87
2025-06-30 05:00:00,108369.39,108420.33,108200.0,108316.01,190.75,20658270.94
2025-06-30 06:00:00,108316.01,108333.11,107551.37,107608.27,500.19,53955719.9
2025-06-30 07:00:00,107608.27,107778.65,107519.07,107654.54,294.33,31685148.55
2025-06-30 08:00:00,107654.54,107768.22,107493.68,107533.81,208.45,22432253.65
2025-06-30 09:00:00,107533.81,107727.26,107500.56,107509.91,239.4,25763187.11
2025-06-30 10:00:00,107509.91,107679.25,107425.21,107671.5,228.35,24561427.47
2025-06-30 11:00:00,107671.5,107988.8,107647.81,107688.72,323.53,34879225.09
2025-06-30 12:00:00,107688.72,107849.33,107590.83,107613.06,282.21,30392148.41
2025-06-30 13:00:00,107613.06,107888.0,107498.6,107540.63,1019.16,109743705.87
2025-06-30 14:00:00,107540.63,107652.85,106793.88,106826.29,2379.7,255201040.53
2025-06-30 15:00:00,106826.29,107810.9,106756.38,107617.4,1596.4,171118134.95
2025-06-30 16:00:00,107617.4,107856.91,107317.08,107659.89,1329.66,143034342.86
2025-06-30 17:00:00,107659.89,107836.2,107480.28,107510.53,790.64,85134277.88
2025-06-30 18:00:00,107510.53,107655.27,107160.74,107275.48,539.46,57905805.94
2025-06-30 19:00:00,107275.48,107805.8,107243.99,107765.02,623.42,67041250.2
2025-06-30 20:00:00,107765.02,107786.93,107507.14,107608.8,370.66,39891996.81
2025-06-30 21:00:00,107608.8,107623.5,106964.28,107163.68,407.86,43757917.5
2025-06-30 22:00:00,107163.68,107351.98,107065.52,107142.23,385.02,41289462.01
2025-06-30 23:00:00,107142.23,107264.0,107100.09,107169.82,306.3,32823702.46
2025-07-01 00:00:00,107169.82,107480.7,107069.0,107403.1,448.01,48059171.49
2025-07-01 01:00:00,107403.1,107574.08,107214.22,107256.42,351.56,37763351.7
2025-07-01 02:00:00,107256.42,107441.32,107131.98,107133.86,378.34,40584115.92
2025-07-01 03:00:00,107133.86,107241.88,107103.34,107221.82,223.82,23985292.04
2025-07-01 04:00:00,107221.82,107244.12,106910.48,106928.89,176.59,18911154.11
2025-07-01 05:00:00,106928.89,106992.75,106784.66,106974.67,255.98,27358621.06
2025-07-01 06:00:00,106974.67,106974.8,106802.12,106930.38,183.81,19640995.35
2025-07-01 07:00:00,106930.38,107214.95,106670.36,107214.54,411.81,44043973.4
2025-07-01 08:00:00,107214.54,107214.63,106722.53,106750.03,249.23,26643416.9
2025-07-01 09:00:00,106750.03,106829.09,106544.02,106593.16,550.1,58706020.01
2025-07-01 10:00:00,106593.16,106665.34,106360.94,106522.23,884.41,94270999.88
2025-07-01 11:00:00,106522.23,106662.6,106365.42,106647.7,329.46,35111673.15
2025-07-01 12:00:00,106647.7,106745.48,106431.48,106478.75,482.72,51428093.81
2025-07-01 13:00:00,106478.75,106932.18,106346.71,106866.58,1780.91,189978077.33
2025-07-01 14:00:00,106866.58,107238.57,105773.41,105961.24,2826.43,300793046.61
2025-07-01 15:00:00,105961.24,106250.02,105676.44,106008.52,1168.02,123699338.55
2025-07-01 16:00:00,106008.52,106319.46,105878.85,106128.45,673.17,71451230.95
2025-07-01 17:00:00,106128.45,106336.48,105969.41,106300.6,499.66,53059107.95
2025-07-01 18:00:00,106300.6,106312.55,105726.09,105788.75,711.81,75431329.72
2025-07-01 19:00:00,105788.75,105832.71,105419.08,105426.01,1102.02,116371048.25
2025-07-01 20:00:00,105426.01,106023.45,105295.02,105957.67,908.86,95968237.97
2025-07-01 21:00:00,105957.67,106127.06,105768.82,105814.03,486.94,51573247.52
2025-07-01 22:00:00,105814.03,105948.79,105654.88,105669.19,337.01,35651333.43
2025-07-01 23:00:00,105669.19,105735.44,105397.13,105724.18,309.82,32690267.68
2025-07-02 00:00:00,105724.18,105811.78,105419.16,105427.87,455.51,48123257.75
2025-07-02 01:00:00,105427.87,105830.1,105143.1,105756.32,541.08,57109255.62
2025-07-02 02:00:00,105756.32,105937.04,105573.87,105931.13,439.66,46491980.09
2025-07-02 03:00:00,105931.13,106250.37,105905.37,106227.95,391.93,41590633.98
2025-07-02 04:00:00,106227.95,106415.63,106168.23,106415.63,232.48,24702130.27
2025-07-02 05:00:00,106415.63,106700.97,106341.16,106675.13,267.13,28456806.81
2025-07-02 06:00:00,106675.13,107053.44,106670.49,107053.44,406.31,43427039.88
2025-07-02 07:00:00,107053.44,107229.38,106892.54,107141.29,385.25,41240127.64
2025-07-02 08:00:00,107141.29,107784.43,107137.5,107783.82,747.62,80427309.92
2025-07-02 09:00:00,107783.82,107835.41,107582.58,107695.25,583.92,62883821.68
2025-07-02 10:00:00,107695.25,107892.43,107671.99,107878.29,312.67,33703278.35
2025-07-02 11:00:00,107878.29,107878.31,107392.16,107511.72,338.57,36447739.15
2025-07-02 12:00:00,107511.72,107521.54,107229.27,107420.07,486.28,52208174.28
2025-07-02 13:00:00,107420.07,108045.76,107315.3,107823.35,1625.36,175092241.86
2025-07-02 14:00:00,107823.35,108230.13,107720.79,108203.33,1552.94,167681417.07
2025-07-02 15:00:00,108203.33,108814.1,108187.73,108802.84,1297.26,140700257.04
2025-07-02 16:00:00,108802.84,109710.64,108724.47,109500.91,3564.06,389809841.65
2025-07-02 17:00:00,109500.91,109818.47,108925.42,109210.8,1932.93,211410788.09
2025-07-02 18:00:00,109210.8,109616.75,109089.23,109614.89,1029.55,112580810.3
2025-07-02 19:00:00,109614.89,109767.14,109366.88,109752.11,921.35,100926463.12
2025-07-02 20:00:00,109752.11,109758.41,109198.16,109203.69,866.31,94807754.82
2025-07-02 21:00:00,109203.69,109577.29,109195.02,109488.5,388.87,42517345.99
2025-07-02 22:00:00,109488.5,109549.96,109154.21,109194.93,433.99,47449124.77
2025-07-02 23:00:00,109194.93,109220.84,108778.15,108886.62,410.42,44728458.93
2025-07-03 00:00:00,108886.62,109152.1,108776.39,108984.01,401.93,43793274.45
2025-07-03 01:00:00,108984.01,109155.88,108866.61,109034.0,383.83,41851749.82
2025-07-03 02:00:00,109034.0,109034.02,108579.56,108765.14,403.36,43869598.13
2025-07-03 03:00:00,108765.14,108850.85,108668.37,108685.28,241.79,26295514.51
2025-07-03 04:00:00,108685.28,109036.6,108614.53,108833.5,209.56,22813103.43
2025-07-03 05:00:00,108833.5,109408.72,108833.5,109388.35,287.37,31379364.67
2025-07-03 06:00:00,109388.35,109596.32,109302.96,109516.4,457.02,50011965.33
2025-07-03 07:00:00,109516.4,109516.59,109191.43,109332.16,237.71,25988221.79
2025-07-03 08:00:00,109332.16,109624.38,109332.15,109431.52,339.88,37223796.03
2025-07-03 09:00:00,109431.52,110303.67,109431.0,109991.95,1143.44,125726956.91
2025-07-03 10:00:00,109991.95,110042.37,109672.0,109884.89,342.34,37602183.12
2025-07-03 11:00:00,109884.89,109885.18,109623.85,109635.01,274.58,30125037.07
2025-07-03 12:00:00,109635.01,109943.24,108784.16,109205.73,1523.58,166536785.06
2025-07-03 13:00:00,109205.73,110584.4,109179.15,110331.12,2458.37,270466994.8
2025-07-03 14:00:00,110331.12,110568.17,109623.42,109784.24,1767.72,194656094.93
2025-07-03 15:00:00,109784.24,109890.27,109142.9,109178.85,1182.34,129395721.73
2025-07-03 16:00:00,109178.85,109742.25,109059.0,109331.31,1267.39,138572480.65
2025-07-03 17:00:00,109331.31,109699.52,109311.49,109596.35,577.98,63303678.37
2025-07-03 18:00:00,109596.35,109762.1,109386.69,109720.18,465.82,51045797.99
2025-07-03 19:00:00,109720.18,109957.62,109678.12,109845.51,1278.99,140459108.09
2025-07-03 20:00:00,109845.51,109996.8,109816.59,109993.66,429.37,47194731.7
2025-07-03 21:00:00,109993.66,110041.27,109739.65,109830.87,463.48,50927814.55
2025-07-03 22:00:00,109830.87,109915.82,109696.64,109748.82,250.44,27496322.93
2025-07-03 23:00:00,109748.82,109866.51,109580.23,109638.97,259.36,28445845.73
2025-07-04 00:00:00,109638.97,109746.46,109432.55,109515.78,345.9,37914860.52
2025-07-04 01:00:00,109515.78,109810.02,109491.05,109551.05,294.65,32302733.48
2025-07-04 02:00:00,109551.05,109551.69,109158.58,109237.05,407.25,44520320.47
2025-07-04 03:00:00,109237.05,109425.97,109177.82,109288.1,175.76,19208861.72
2025-07-04 04:00:00,109288.1,109370.92,109009.9,109030.23,208.55,22775151.05
2025-07-04 05:00:00,109030.23,109249.91,108974.21,109056.28,219.8,23983661.69
2025-07-04 06:00:00,109056.28,109076.09,108853.92,109065.64,240.03,26156137.52
2025-07-04 07:00:00,109065.64,109176.97,108756.88,108756.88,322.62,35130726.31
2025-07-04 08:00:00,108756.88,108932.95,108551.51,108806.81,357.17,38850289.82
2025-07-04 09:00:00,108806.81,109109.42,108806.56,109039.53,206.05,22456995.19
2025-07-04 10:00:00,109039.53,109112.5,108913.9,108944.92,206.8,22542097.22
2025-07-04 11:00:00,108944.92,109149.28,108895.25,108935.19,174.64,19041685.03
2025-07-04 12:00:00,108935.19,109013.32,108656.32,108775.9,241.93,26334267.52
2025-07-04 13:00:00,108775.9,108891.28,108006.1,108016.84,1059.69,114881006.42
2025-07-04 14:00:00,108016.84,108147.74,107546.8,107862.96,1704.63,183905343.24
2025-07-04 15:00:00,107862.96,107985.78,107611.76,107613.58,758.68,81781516.82
2025-07-04 16:00:00,107613.58,107775.19,107376.41,107661.47,919.21,98877061.74
2025-07-04 17:00:00,107661.47,107965.31,107655.12,107919.16,769.79,83032154.53
2025-07-04 18:00:00,107919.16,107923.7,107525.49,107525.82,372.06,40088644.24
2025-07-04 19:00:00,107525.82,107662.27,107283.92,107501.66,370.53,39819935.66
2025-07-04 20:00:00,107501.66,107835.96,107464.91,107730.88,285.52,30748472.22
2025-07-04 21:00:00,107730.88,107967.6,107730.85,107947.76,274.1,29554645.79
2025-07-04 22:00:00,107947.76,108307.76,107921.65,108283.98,331.02,35797816.38
2025-07-04 23:00:00,108283.98,108291.41,107997.27,108027.71,193.72,20943216.2
2025-07-05 00:00:00,108027.71,108263.65,107991.82,108230.17,168.05,18168477.91
2025-07-05 01:00:00,108230.17,108230.2,107938.52,108027.92,159.59,17241364.94
2025-07-05 02:00:00,108027.92,108132.16,107798.16,108109.5,220.44,23799929.15
2025-07-05 03:00:00,108109.5,108302.37,108109.48,108196.16,163.88,17735735.9
2025-07-05 04:00:00,108196.16,108444.73,108079.09,108182.55,163.19,17663522.0
2025-07-05 05:00:00,108182.55,108210.11,108055.39,108175.21,95.98,10379644.79
2025-07-05 06:00:00,108175.21,108329.58,108112.66,108319.19,110.49,11960875.92
2025-07-05 07:00:00,108319.19,108319.27,108050.53,108103.67,138.31,14958191.26
2025-07-05 08:00:00,108103.67,108158.19,107977.43,108059.13,98.71,10666248.11
2025-07-05 09:00:00,108059.13,108167.41,107927.73,108128.19,119.1,12865669.02
2025-07-05 10:00:00,108128.19,108242.08,108104.33,108136.15,99.88,10804356.2
2025-07-05 11:00:00,108136.15,108264.09,108135.93,108162.24,115.82,12533666.56
2025-07-05 12:00:00,108162.24,108192.15,108014.69,108188.32,126.47,13669829.78
2025-07-05 13:00:00,108188.32,108272.27,108146.24,108168.49,118.79,12852751.36
2025-07-05 14:00:00,108168.49,108266.2,108143.96,108230.79,143.17,15492327.64
2025-07-05 15:00:00,108230.79,108231.15,108089.84,108104.24,107.41,11617092.57
2025-07-05 16:00:00,108104.24,108151.32,107916.09,108145.58,257.36,27797990.07
2025-07-05 17:00:00,108145.58,108201.55,107980.74,108130.86,149.09,16114174.4
2025-07-05 18:00:00,108130.86,108142.23,108007.58,108039.41,116.33,12569969.15
2025-07-05 19:00:00,108039.41,108211.38,107997.7,108183.43,156.98,16969647.61
2025-07-05 20:00:00,108183.43,108200.84,108032.25,108140.84,173.22,18728589.61
2025-07-05 21:00:00,108140.84,108194.32,108103.35,108128.16,190.35,20586346.58
2025-07-05 22:00:00,108128.16,108238.42,108096.01,108221.99,140.63,15213356.59
2025-07-05 23:00:00,108221.99,108273.79,108215.11,108244.51,131.9,14278334.61
2025-07-06 00:00:00,108244.51,108284.03,108154.07,108250.04,120.87,13079761.82
2025-07-06 01:00:00,108250.04,108250.34,108126.07,108244.74,75.37,8153633.95
2025-07-06 02:00:00,108244.74,108301.83,108095.67,108101.22,101.56,10990127.17
2025-07-06 03:00:00,108101.22,108140.36,108059.75,108087.98,78.02,8433445.86
2025-07-06 04:00:00,108087.98,108143.11,107993.59,108027.92,48.97,5291936.53
2025-07-06 05:00:00,108027.92,108059.69,108009.68,108041.3,36.22,3913596.41
2025-07-06 06:00:00,108041.3,108259.09,108012.08,108173.12,113.29,12253549.87
2025-07-06 07:00:00,108173.12,108230.96,108086.54,108086.55,36.65,3964353.64
2025-07-06 08:00:00,108086.55,108110.38,108013.61,108048.43,69.21,7478811.88
2025-07-06 09:00:00,108048.43,108102.44,107865.59,107892.73,138.25,14929070.74
2025-07-06 10:00:00,107892.73,108164.1,107846.02,108029.0,147.06,15883363.84
2025-07-06 11:00:00,108029.0,108132.37,107998.65,108113.08,88.2,9526099.72
2025-07-06 12:00:00,108113.08,108283.68,108088.2,108276.34,146.86,15886148.07
2025-07-06 13:00:00,108276.34,109154.57,108233.23,108801.57,769.56,83673932.84
2025-07-06 14:00:00,108801.57,109066.33,108649.07,108960.11,505.18,54994850.78
2025-07-06 15:00:00,108960.11,109016.26,108699.87,108937.95,221.45,24108908.78
2025-07-06 16:00:00,108937.95,108985.35,108740.64,108884.99,230.09,25044016.99
2025-07-06 17:00:00,108884.99,108993.44,108764.63,108940.98,186.61,20319893.8
2025-07-06 18:00:00,108940.98,108955.84,108329.38,108495.15,399.91,43411873.87
2025-07-06 19:00:00,108495.15,108651.97,108340.43,108575.44,184.59,20029291.78
2025-07-06 20:00:00,108575.44,108872.05,108565.54,108706.55,269.65,29330819.97
2025-07-06 21:00:00,108706.55,109728.96,108701.84,109244.03,784.66,85782668.57
2025-07-06 22:00:00,109244.03,109562.38,109238.57,109266.68,505.52,55294222.3
2025-07-06 23:00:00,109266.68,109298.36,109024.05,109233.93,393.81,42989193.72
2025-07-07 00:00:00,109233.93,109313.13,108823.55,108847.68,632.66,68983634.02
2025-07-07 01:00:00,108847.68,109128.71,108695.32,109046.04,476.6,51894127.96
2025-07-07 02:00:00,109046.04,109546.99,109045.43,109403.97,457.8,50093813.76
2025-07-07 03:00:00,109403.97,109737.83,109403.6,109423.09,306.26,33551150.14
2025-07-07 04:00:00,109423.09,109477.89,109145.75,109146.4,152.83,16707038.86
2025-07-07 05:00:00,109146.4,109217.94,109050.19,109106.69,112.32,12260404.97
2025-07-07 06:00:00,109106.69,109191.85,108784.29,108795.11,224.77,24495401.39
2025-07-07 07:00:00,108795.11,109084.42,108682.7,109083.8,152.59,16609828.37
2025-07-07 08:00:00,109083.8,109107.34,108888.89,109038.98,222.26,24228587.04
2025-07-07 09:00:00,109038.98,109038.98,108791.67,108879.48,181.54,19768446.85
2025-07-07 10:00:00,108879.48,108929.49,108699.49,108709.52,351.72,38273286.09
2025-07-07 11:00:00,108709.52,108823.18,108600.94,108663.21,148.09,16099633.86
2025-07-07 12:00:00,108663.21,108663.25,108334.07,108364.51,403.67,43791457.08
2025-07-07 13:00:00,108364.51,108573.63,108013.72,108539.89,1486.44,160904945.3
2025-07-07 14:00:00,108539.89,108673.8,107977.77,108240.89,1365.57,147864819.19
2025-07-07 15:00:00,108240.89,108646.17,108234.94,108319.74,920.21,99788370.3
2025-07-07 16:00:00,108319.74,108517.65,107920.9,107978.97,1266.76,137060962.93
2025-07-07 17:00:00,107978.97,108366.36,107803.87,107946.52,1012.12,109315919.9
2025-07-07 18:00:00,107946.52,108110.28,107513.97,108027.27,872.18,93999407.51
2025-07-07 19:00:00,108027.27,108324.71,108004.02,108066.26,936.51,101298293.21
2025-07-07 20:00:00,108066.26,108167.16,107879.47,107902.09,580.83,62734938.57
2025-07-07 21:00:00,107902.09,108234.49,107817.4,108191.93,523.59,56551782.69
2025-07-07 22:00:00,108191.93,108211.27,108001.99,108028.1,313.51,33879351.2
2025-07-07 23:00:00,108028.1,108318.55,108027.42,108277.16,249.59,27004832.84
2025-07-08 00:00:00,108277.16,108538.36,108194.43,108305.41,623.65,67560170.77
2025-07-08 01:00:00,108305.41,108305.95,107683.74,107699.44,574.65,62062550.87
2025-07-08 02:00:00,107699.44,107946.86,107445.04,107776.22,792.41,85347030.06
2025-07-08 03:00:00,107776.22,108010.89,107698.32,107910.16,213.05,22980054.52
2025-07-08 04:00:00,107910.16,108033.87,107761.77,108033.87,147.98,15964979.03
2025-07-08 05:00:00,108033.87,108230.29,107994.48,108211.53,137.72,14883992.81
2025-07-08 06:00:00,108211.53,108386.07,108140.41,108304.48,158.71,17179980.37
2025-07-08 07:00:00,108304.48,108509.34,108235.41,108503.35,156.14,16925324.67
2025-07-08 08:00:00,108503.35,108538.57,108279.88,108279.88,195.96,21248416.16
2025-07-08 09:00:00,108279.88,108499.46,108239.47,108474.43,154.6,16752341.14
2025-07-08 10:00:00,108474.43,108928.82,108426.14,108845.39,448.54,48767438.14
2025-07-08 11:00:00,108845.39,109026.95,108771.64,108778.27,391.08,42587628.66
2025-07-08 12:00:00,108778.27,108978.46,108709.54,108976.58,292.48,31826688.37
2025-07-08 13:00:00,108976.58,109248.31,108660.63,109062.95,1102.06,120107157.54
2025-07-08 14:00:00,109062.95,109108.2,108272.29,108394.88,1246.96,135436680.09
2025-07-08 15:00:00,108394.88,108553.25,108231.92,108281.37,637.26,69062976.88
2025-07-08 16:00:00,108281.37,108557.26,108103.64,108462.97,745.57,80767488.3
2025-07-08 17:00:00,108462.97,109105.51,108456.37,109007.68,1208.97,131607280.59
2025-07-08 18:00:00,109007.68,109188.32,108927.71,109185.23,1075.12,117261560.57
2025-07-08 19:00:00,109185.23,109185.28,108749.38,108786.7,621.65,67724670.57
2025-07-08 20:00:00,108786.7,108960.23,108672.98,108672.98,449.37,48878771.13
2025-07-08 21:00:00,108672.98,108999.96,108647.6,108926.65,301.28,32789004.5
2025-07-08 22:00:00,108926.65,109006.45,108843.41,108945.27,202.68,22076071.43
2025-07-08 23:00:00,108945.27,109009.91,108852.65,108955.05,244.24,26610617.72
2025-07-09 00:00:00,108955.05,108985.85,108811.72,108965.92,203.06,22111716.4
2025-07-09 01:00:00,108965.92,109156.07,108753.57,108806.09,354.79,38652847.85
2025-07-09 02:00:00,108806.09,108869.15,108616.29,108645.04,243.41,26469364.3
2025-07-09 03:00:00,108645.04,108692.58,108360.39,108385.83,279.69,30338432.25
2025-07-09 04:00:00,108385.83,108585.6,108341.92,108564.91,197.59,21428238.26
2025-07-09 05:00:00,108564.91,108939.4,108512.12,108789.54,330.42,35935650.94
2025-07-09 06:00:00,108789.54,108879.81,108689.44,108864.15,117.97,12831872.33
2025-07-09 07:00:00,108864.15,108894.05,108697.68,108731.28,103.61,11271676.21
2025-07-09 08:00:00,108731.28,108862.09,108677.68,108678.86,138.29,15042364.52
2025-07-09 09:00:00,108678.86,108796.2,108577.89,108766.41,143.3,15572682.48
2025-07-09 10:00:00,108766.41,108920.09,108719.11,108919.09,133.46,14525518.97
2025-07-09 11:00:00,108919.09,109148.44,108918.99,109085.92,345.51,37684196.27
2025-07-09 12:00:00,109085.92,109552.16,109016.36,109357.26,770.09,84252728.38
2025-07-09 13:00:00,109357.26,109807.77,109159.34,109206.46,1205.85,132084744.67
2025-07-09 14:00:00,109206.46,109489.18,108506.28,108906.01,1524.57,166050294.08
2025-07-09 15:00:00,108906.01,109225.18,108830.72,109092.56,499.19,54410474.57
2025-07-09 16:00:00,109092.56,109508.47,109047.66,109438.67,683.69,74727948.76
2025-07-09 17:00:00,109438.67,109485.85,109056.68,109179.07,687.6,75109809.25
2025-07-09 18:00:00,109179.07,109606.1,109152.14,109563.93,802.65,87872200.29
2025-07-09 19:00:00,109563.93,112077.21,109534.91,111786.79,5340.0,592173123.72
2025-07-09 20:00:00,111786.79,111968.68,110612.64,110759.06,3074.73,342162654.22
2025-07-09 21:00:00,110759.06,111326.46,110722.01,110887.75,1049.47,116583512.7
2025-07-09 22:00:00,110887.75,111464.01,110887.73,111434.03,817.22,90942012.82
2025-07-09 23:00:00,111434.03,111585.19,111285.35,111291.7,715.18,79717368.32
2025-07-10 00:00:00,111291.7,111370.7,110959.55,110962.5,478.91,53250718.11
2025-07-10 01:00:00,110962.5,111397.24,110936.58,111243.22,420.48,46735064.68
2025-07-10 02:00:00,111243.22,111609.84,111200.04,111264.46,617.8,68806166.87
2025-07-10 03:00:00,111264.46,111265.0,111048.35,111116.53,283.91,31558876.86
2025-07-10 04:00:00,111116.53,111233.03,111007.82,111202.21,240.81,26758638.36
2025-07-10 05:00:00,111202.21,111213.08,111002.23,111147.02,235.13,26117047.4
2025-07-10 06:00:00,111147.02,111355.32,111147.02,111288.71,324.53,36108843.3
2025-07-10 07:00:00,111288.71,111488.7,111199.69,111281.28,514.44,57302872.37
2025-07-10 08:00:00,111281.28,111450.86,111171.45,111279.19,322.12,35856292.1
2025-07-10 09:00:00,111279.19,111314.48,111065.53,111089.37,471.83,52454633.75
2025-07-10 10:00:00,111089.37,111159.59,110919.01,111139.35,391.02,43425081.69
2025-07-10 11:00:00,111139.35,111232.9,111033.16,111077.53,490.28,54492261.31
2025-07-10 12:00:00,111077.53,111077.54,110808.33,110901.3,489.55,54292266.76
2025-07-10 13:00:00,110901.3,111084.54,110555.52,110843.34,1066.68,118238365.49
2025-07-10 14:00:00,110843.34,111377.38,110688.25,111313.94,1496.94,166270458.25
2025-07-10 15:00:00,111313.94,111485.95,111038.96,111482.74,929.28,103443525.45
2025-07-10 16:00:00,111482.74,112800.74,111408.93,112733.79,4366.63,490471488.93
2025-07-10 17:00:00,112733.79,113864.15,112657.64,113807.16,4347.39,492808517.63
2025-07-10 18:00:00,113807.16,113828.84,113046.49,113490.98,1825.25,206963000.71
2025-07-10 19:00:00,113490.98,113763.83,113185.64,113403.21,2190.76,248665829.42
2025-07-10 20:00:00,113403.21,113671.82,113354.91,113575.53,1138.18,129235440.99
2025-07-10 21:00:00,113575.53,116848.31,113485.58,116469.33,6944.13,804338251.9
2025-07-10 22:00:00,116469.33,116471.05,115797.65,116022.47,1492.2,173281390.72
2025-07-10 23:00:00,116022.47,116105.52,115676.0,116023.34,827.02,95844294.72
2025-07-11 00:00:00,116023.34,116089.74,115236.69,115608.07,1066.13,123278599.37
2025-07-11 01:00:00,115608.07,116087.67,115528.22,115987.76,699.54,81039331.59
2025-07-11 02:00:00,115987.76,116826.01,115730.42,116699.07,1118.07,130103346.56
2025-07-11 03:00:00,116699.07,116983.68,116419.9,116923.62,726.58,84754498.8
2025-07-11 04:00:00,116923.62,116947.16,116520.8,116930.42,546.26,63770526.26
2025-07-11 05:00:00,116930.42,118431.69,116930.41,117892.09,1855.57,218386364.01
2025-07-11 06:00:00,117892.09,118429.18,117631.35,117679.41,858.46,101335564.09
2025-07-11 07:00:00,117679.41,118138.51,117504.35,117599.61,852.69,100442745.01
2025-07-11 08:00:00,117599.61,118192.23,117599.59,118022.62,771.57,91000394.62
2025-07-11 09:00:00,118022.62,118890.32,117933.64,118514.52,875.1,103657945.97
2025-07-11 10:00:00,118514.52,118516.2,117995.01,118026.34,1014.09,119884339.96
2025-07-11 11:00:00,118026.34,118147.88,117631.87,117846.89,625.19,73679760.85
2025-07-11 12:00:00,117846.89,118277.59,117741.18,117899.19,588.26,69383296.76
2025-07-11 13:00:00,117899.19,118191.91,117271.72,118001.61,1659.63,195325811.69
2025-07-11 14:00:00,118001.61,118190.03,117417.5,117900.29,1859.85,219312381.41
2025-07-11 15:00:00,117900.29,117988.29,116749.1,116902.63,1767.12,207561373.11
2025-07-11 16:00:00,116902.63,117484.87,116636.38,117445.94,1651.83,193363728.9
2025-07-11 17:00:00,117445.94,117785.55,117200.89,117675.04,1326.97,155948612.1
2025-07-11 18:00:00,117675.04,117779.41,117342.88,117749.36,1246.26,146582608.99
2025-07-11 19:00:00,117749.36,118213.71,117484.51,118181.07,2240.47,264216071.12
2025-07-11 20:00:00,118181.07,118181.88,117735.28,117735.58,822.17,96975853.2
2025-07-11 21:00:00,117735.58,117944.52,117530.64,117667.21,610.15,71820186.64
2025-07-11 22:00:00,117667.21,117717.55,117223.16,117662.51,804.29,94525914.19
2025-07-11 23:00:00,117662.51,117720.99,117482.06,117573.92,464.0,54562287.95
2025-07-12 00:00:00,117573.92,117686.08,117187.9,117451.53,428.25,50279124.1
2025-07-12 01:00:00,117451.53,117737.12,117447.06,117690.5,335.14,39434660.88
2025-07-12 02:00:00,117690.5,117843.18,117629.68,117657.45,237.96,28016119.98
2025-07-12 03:00:00,117657.45,117902.99,117651.41,117822.59,217.7,25647356.99
2025-07-12 04:00:00,117822.59,117932.75,117643.62,117706.63,285.39,33622506.92
2025-07-12 05:00:00,117706.63,117768.37,117573.45,117745.02,169.81,19982803.15
2025-07-12 06:00:00,117745.02,118045.58,117715.1,117905.96,262.3,30926301.38
2025-07-12 07:00:00,117905.96,118120.61,117696.45,117785.13,211.99,25003001.11
2025-07-12 08:00:00,117785.13,118001.91,117781.95,117972.77,197.79,23317761.48
2025-07-12 09:00:00,117972.77,118239.99,117928.63,118208.26,286.94,33878951.7
2025-07-12 10:00:00,118208.26,118208.48,117923.84,118121.45,404.67,47787739.92
2025-07-12 11:00:00,118121.45,118150.8,117682.41,117868.74,402.29,47449268.05
2025-07-12 12:00:00,117868.74,117923.46,117354.18,117583.45,667.95,78576247.02
2025-07-12 13:00:00,117583.45,117625.67,117287.12,117536.94,569.95,66950009.66
2025-07-12 14:00:00,117536.94,117777.15,117355.67,117426.55,414.89,48782625.82
2025-07-12 15:00:00,117426.55,117504.62,116954.09,117150.78,576.28,67556865.97
2025-07-12 16:00:00,117150.78,117428.56,117100.68,117239.22,283.53,33252975.18
2025-07-12 17:00:00,117239.22,117586.27,117219.61,117511.27,242.12,28434554.96
2025-07-12 18:00:00,117511.27,117552.54,117420.42,117540.22,156.94,18436474.28
2025-07-12 19:00:00,117540.22,117683.76,117494.64,117601.03,179.86,21151722.96
2025-07-12 20:00:00,117601.03,117603.93,117083.16,117083.16,212.76,24972506.6
2025-07-12 21:00:00,117083.16,117604.34,117063.22,117526.31,245.81,28849533.45
2025-07-12 22:00:00,117526.31,117598.05,117356.74,117428.91,154.99,18208012.92
2025-07-12 23:00:00,117428.91,117506.79,117268.9,117468.16,250.35,29382492.85
2025-07-13 00:00:00,117468.16,117501.3,117298.34,117358.12,173.02,20312369.3
2025-07-13 01:00:00,117358.12,117673.07,117264.6,117592.19,309.06,36312802.9
2025-07-13 02:00:00,117592.19,117836.39,117450.21,117665.98,167.74,19725254.72
2025-07-13 03:00:00,117665.98,117854.64,117641.41,117802.56,162.57,19145580.81
2025-07-13 04:00:00,117802.56,117926.59,117735.06,117918.92,105.19,12393583.78
2025-07-13 05:00:00,117918.92,117952.61,117750.65,117802.16,116.81,13768005.24
2025-07-13 06:00:00,117802.16,118021.24,117783.34,117934.12,103.46,12201244.53
2025-07-13 07:00:00,117934.12,118089.61,117900.63,118025.26,132.55,15640302.99
2025-07-13 08:00:00,118025.26,118041.07,117805.81,117940.07,99.22,11698046.18
2025-07-13 09:00:00,117940.07,117950.0,117742.69,117782.51,102.78,12109270.63
2025-07-13 10:00:00,117782.51,117882.03,117782.5,117804.85,63.74,7509928.36
2025-07-13 11:00:00,117804.85,118135.62,117803.75,118122.0,175.28,20684163.12
2025-07-13 12:00:00,118122.0,118667.89,118037.66,118466.7,596.71,70609525.72
2025-07-13 13:00:00,118466.7,118794.3,118200.67,118658.21,632.52,74963934.15
2025-07-13 14:00:00,118658.21,119415.14,118415.5,118802.59,1712.09,203657953.37
2025-07-13 15:00:00,118802.59,119159.16,118583.04,118724.01,564.84,67146398.28
2025-07-13 16:00:00,118724.01,119028.22,118571.4,118572.82,431.06,51215682.57
2025-07-13 17:00:00,118572.82,118877.48,118437.52,118745.97,324.26,38485507.35
2025-07-13 18:00:00,118745.97,119098.31,118644.11,119027.96,407.64,48473911.52
2025-07-13 19:00:00,119027.96,119503.56,118956.4,119004.16,857.6,102233868.41
2025-07-13 20:00:00,119004.16,119407.87,118872.68,119132.05,377.92,45019932.67
2025-07-13 21:00:00,119132.05,119133.56,118550.08,118687.77,492.35,58502834.78
2025-07-13 22:00:00,118687.77,118838.11,118300.66,118582.64,673.08,79817582.43
2025-07-13 23:00:00,118582.64,119243.1,118436.89,119127.66,772.03,91740583.94
2025-07-14 00:00:00,119127.66,119492.63,118980.93,119128.63,639.68,76269660.59
2025-07-14 01:00:00,119128.63,119266.03,118951.55,119135.61,490.35,58388427.64
2025-07-14 02:00:00,119135.61,120034.86,119017.93,119694.06,1232.91,147593468.89
2025-07-14 03:00:00,119694.06,121427.12,119645.1,120781.78,2420.52,291812246.35
2025-07-14 04:00:00,120781.78,121448.3,120585.01,121417.23,922.43,111576974.29
2025-07-14 05:00:00,121417.23,122618.5,121177.52,122493.64,1864.38,227613386.74
2025-07-14 06:00:00,122493.64,122496.88,122062.77,122143.07,707.7,86513223.6
2025-07-14 07:00:00,122143.07,123220.28,122118.91,122751.24,773.57,94906721.15
2025-07-14 08:00:00,122751.24,122787.9,122308.96,122590.8,714.91,87591254.84
2025-07-14 09:00:00,122590.8,122601.11,121911.33,121989.01,664.66,81196298.21
2025-07-14 10:00:00,121989.01,122143.4,121668.4,121923.34,744.53,90760833.5
2025-07-14 11:00:00,121923.34,121923.35,121362.71,121470.72,601.37,73111650.33
2025-07-14 12:00:00,121470.72,121932.06,121404.86,121919.58,722.28,87953041.04
2025-07-14 13:00:00,121919.58,122137.43,121191.11,121726.87,1581.06,192492643.64
2025-07-14 14:00:00,121726.87,121997.4,120628.08,121176.39,2911.62,352957787.5
2025-07-14 15:00:00,121176.39,121182.17,119606.79,119865.15,3092.71,371952401.41
2025-07-14 16:00:00,119865.15,120303.83,119202.49,120278.89,3025.01,362083942.9
2025-07-14 17:00:00,120278.89,120531.52,119762.23,119897.55,1611.18,193582616.28
2025-07-14 18:00:00,119897.55,120192.43,119641.85,119643.54,995.58,119336034.02
2025-07-14 19:00:00,119643.54,120119.91,119608.01,119949.4,2147.19,257317143.35
2025-07-14 20:00:00,119949.4,120478.22,119539.47,120208.69,1198.42,143715178.14
2025-07-14 21:00:00,120208.69,120263.2,119871.48,120058.39,694.1,83334235.33
2025-07-14 22:00:00,120058.39,120326.14,119946.28,120074.17,993.96,119388599.27
2025-07-14 23:00:00,120074.17,120080.46,119793.39,119869.01,611.57,73327152.44
2025-07-15 00:00:00,119869.01,119958.94,119168.45,119529.69,1005.88,120296737.91
2025-07-15 01:00:00,119529.69,119562.67,118389.61,118501.52,3602.63,428962582.38
2025-07-15 02:00:00,118501.52,118869.05,117792.64,118240.19,4459.56,526602824.36
2025-07-15 03:00:00,118240.19,118240.19,116845.95,117165.12,2426.18,284993933.79
2025-07-15 04:00:00,117165.12,117514.13,116264.85,117491.26,1336.75,156390398.26
2025-07-15 05:00:00,117491.26,117761.7,116973.05,117324.61,719.97,84495701.28
2025-07-15 06:00:00,117324.61,117325.46,116759.48,117054.0,829.52,97065683.36
2025-07-15 07:00:00,117054.0,117257.56,116386.3,116770.4,1639.45,191543292.68
2025-07-15 08:00:00,116770.4,116850.97,116295.42,116754.81,1051.57,122763564.77
2025-07-15 09:00:00,116754.81,117199.5,116713.68,116774.49,787.99,92157567.69
2025-07-15 10:00:00,116774.49,117193.47,116722.01,117018.58,950.56,111128314.05
2025-07-15 11:00:00,117018.58,117157.31,116330.35,117107.76,1091.6,127507396.35
2025-07-15 12:00:00,117107.76,117453.89,116418.89,117189.9,1794.96,210107966.78
2025-07-15 13:00:00,117189.9,118448.11,117148.98,118073.89,4685.63,552426031.84
2025-07-15 14:00:00,118073.89,118455.26,115709.64,115978.17,5095.97,597266155.87
2025-07-15 15:00:00,115978.17,116697.16,115771.66,116343.09,4943.36,574547966.64
2025-07-15 16:00:00,116343.09,117697.02,116319.6,117168.64,2131.53,249493280.49
2025-07-15 17:00:00,117168.64,117503.63,117122.07,117362.11,2822.26,331017717.25
2025-07-15 18:00:00,117362.11,117380.45,116011.08,116703.12,2489.47,290713096.7
2025-07-15 19:00:00,116703.12,117190.13,116292.33,116414.22,2108.09,246135743.98
2025-07-15 20:00:00,116414.22,116717.32,116214.61,116424.21,1277.61,148836618.56
2025-07-15 21:00:00,116424.21,117595.58,116353.03,117568.65,1311.9,153775690.83
2025-07-15 22:00:00,117568.65,117883.24,117260.14,117851.77,801.93,94258011.5
2025-07-15 23:00:00,117851.77,117988.85,117528.07,117777.9,758.82,89362003.56
2025-07-16 00:00:00,117777.9,118199.87,117443.0,118134.58,747.83,88081474.45
2025-07-16 01:00:00,118134.58,118222.72,117607.99,117744.96,669.44,78871630.73
2025-07-16 02:00:00,117744.96,117780.4,117043.92,117336.19,860.8,101012531.72
2025-07-16 03:00:00,117336.19,117540.1,117241.85,117497.24,367.98,43212272.59
2025-07-16 04:00:00,117497.24,117719.69,117297.69,117624.35,291.55,34258262.17
2025-07-16 05:00:00,117624.35,118025.33,117624.35,117886.06,346.69,40874520.67
2025-07-16 06:00:00,117886.06,118324.2,117784.68,118301.1,289.64,34205418.74
2025-07-16 07:00:00,118301.1,118328.37,118082.47,118223.49,324.63,38380485.83
2025-07-16 08:00:00,118223.49,118799.33,118149.88,118725.14,427.25,50614522.57
2025-07-16 09:00:00,118725.14,119223.77,118718.88,119221.14,678.18,80709001.63
2025-07-16 10:00:00,119221.14,119318.11,118767.75,118771.63,473.83,56429667.51
2025-07-16 11:00:00,118771.63,118949.37,118694.89,118801.38,374.2,44477947.67
2025-07-16 12:00:00,118801.38,119108.67,118631.03,118652.71,743.64,88408066.52
2025-07-16 13:00:00,118652.71,118964.09,118200.23,118720.19,1822.65,216111457.24
2025-07-16 14:00:00,118720.19,119319.14,118245.37,119092.86,2674.22,317300008.54
2025-07-16 15:00:00,119092.86,119865.16,118392.55,119161.56,4104.61,489484260.14
2025-07-16 16:00:00,119161.56,119393.27,118516.57,119363.8,2280.15,271433500.48
2025-07-16 17:00:00,119363.8,119784.02,119035.37,119143.11,1794.87,214379200.05
2025-07-16 18:00:00,119143.11,120007.92,118958.26,119589.98,1825.78,218299890.05
2025-07-16 19:00:00,119589.98,119719.9,118920.84,119317.88,2135.69,254697763.53
2025-07-16 20:00:00,119317.88,120003.61,119010.35,119973.7,1636.74,195689610.94
2025-07-16 21:00:00,119973.7,120122.22,119285.4,119377.26,1092.06,130883351.65
2025-07-16 22:00:00,119377.26,119585.58,118687.9,118746.05,940.77,112087326.21
2025-07-16 23:00:00,118746.05,118908.24,118499.23,118700.37,934.49,110951038.17
2025-07-17 00:00:00,118700.37,119235.82,118680.18,118961.88,943.35,112218051.94
2025-07-17 01:00:00,118961.88,119153.94,117735.41,118189.75,1323.6,156641700.19
2025-07-17 02:00:00,118189.75,118567.61,118057.31,118380.08,630.45,74608603.08
2025-07-17 03:00:00,118380.08,118411.15,117812.47,118176.7,477.48,56355084.06
2025-07-17 04:00:00,118176.7,118552.28,118015.32,118552.21,296.2,35059229.32
2025-07-17 05:00:00,118552.21,118701.25,118286.21,118649.12,222.26,26333502.56
2025-07-17 06:00:00,118649.12,118832.05,118405.95,118510.12,361.04,42823548.25
2025-07-17 07:00:00,118510.12,118602.15,117908.64,118375.13,526.1,62200586.28
2025-07-17 08:00:00,118375.13,118482.58,118152.14,118381.87,480.51,56855641.57
2025-07-17 09:00:00,118381.87,119245.69,118299.92,118834.47,687.87,81764161.08
2025-07-17 10:00:00,118834.47,118927.75,118285.69,118398.5,554.22,65720011.36
2025-07-17 11:00:00,118398.5,118449.92,118007.79,118027.39,373.41,44144538.96
2025-07-17 12:00:00,118027.39,118226.19,117485.98,117914.54,1361.35,160416015.11
2025-07-17 13:00:00,117914.54,118497.45,117570.99,118341.17,1522.6,179618071.74
2025-07-17 14:00:00,118341.17,118899.28,118212.33,118833.56,1918.63,227521864.97
2025-07-17 15:00:00,118833.56,119147.08,118398.9,118940.75,1166.63,138605713.79
2025-07-17 16:00:00,118940.75,119016.92,118403.05,118594.18,1177.06,139616352.26
2025-07-17 17:00:00,118594.18,119384.89,118565.36,119324.84,1293.88,153880822.84
2025-07-17 18:00:00,119324.84,119859.47,119280.92,119656.6,1570.58,187875869.18
2025-07-17 19:00:00,119656.6,119949.1,118904.58,119035.85,1999.83,239165128.15
2025-07-17 20:00:00,119035.85,119509.86,118469.17,119499.53,1663.18,197909263.49
2025-07-17 21:00:00,119499.53,121020.95,119492.47,120338.4,2629.66,316667659.59
2025-07-17 22:00:00,120338.4,120771.12,119572.03,119850.5,1055.59,126911633.18
2025-07-17 23:00:00,119850.5,119965.22,119256.04,119282.74,983.02,117619736.43
2025-07-18 00:00:00,119282.74,119894.65,119132.33,119859.34,1060.47,126789928.23
2025-07-18 01:00:00,119859.34,120882.84,119761.9,120458.09,1703.25,204998867.37
2025-07-18 02:00:00,120458.09,120497.38,119998.04,120201.98,1050.25,126312568.78
2025-07-18 03:00:00,120201.98,120583.36,120062.86,120329.88,724.96,87183700.84
2025-07-18 04:00:00,120329.88,120582.9,119850.77,120519.93,516.81,62134638.7
2025-07-18 05:00:00,120519.93,120733.65,120312.89,120682.3,462.35,55731979.36
2025-07-18 06:00:00,120682.3,120911.16,120180.57,120350.15,400.41,48222547.87
2025-07-18 07:00:00,120350.15,120468.11,119395.22,119450.22,538.3,64555285.75
2025-07-18 08:00:00,119450.22,119560.96,118456.07,118696.23,769.62,91559653.58
2025-07-18 09:00:00,118696.23,119048.51,118515.2,118943.63,523.15,62180119.32
2025-07-18 10:00:00,118943.63,119329.5,118584.93,119308.31,674.04,80172321.91
2025-07-18 11:00:00,119308.31,119351.03,118854.33,119241.76,380.07,45255932.66
2025-07-18 12:00:00,119241.76,119578.68,119212.6,119520.53,530.72,63369552.57
2025-07-18 13:00:00,119520.53,119520.55,118555.27,118855.87,1751.03,208169204.25
2025-07-18 14:00:00,118855.87,119342.87,117350.53,118197.64,3645.04,430700922.63
2025-07-18 15:00:00,118197.64,118329.85,117520.48,117908.89,1721.62,202911567.16
2025-07-18 16:00:00,117908.89,118121.98,117526.1,117607.1,1974.62,232562723.04
2025-07-18 17:00:00,117607.1,118050.84,117416.56,117646.7,1101.73,129670047.57
2025-07-18 18:00:00,117646.7,117774.55,117300.34,117366.38,950.91,111781732.95
2025-07-18 19:00:00,117366.38,117942.05,117199.56,117431.26,2280.99,268146477.16
2025-07-18 20:00:00,117431.26,117623.3,116902.92,117483.18,1570.99,184133155.42
2025-07-18 21:00:00,117483.18,117963.47,117446.72,117751.09,521.54,61432480.46
2025-07-18 22:00:00,117751.09,118073.21,117483.04,117780.91,766.24,90316752.21
2025-07-18 23:00:00,117780.91,118124.71,117557.35,118025.92,492.38,58047245.54
2025-07-19 00:00:00,118025.92,118127.01,117804.82,117829.77,409.44,48310596.06
2025-07-19 01:00:00,117829.77,118191.33,117718.27,118141.64,394.74,46582780.81
2025-07-19 02:00:00,118141.64,118378.12,118039.7,118307.57,487.18,57584202.49
2025-07-19 03:00:00,118307.57,118474.69,118226.45,118428.37,291.23,34470226.59
2025-07-19 04:00:00,118428.37,118458.92,118196.32,118245.27,197.65,23393772.36
2025-07-19 05:00:00,118245.27,118393.16,118158.41,118316.88,165.29,19551869.56
2025-07-19 06:00:00,118316.88,118371.76,118182.18,118270.04,133.76,15820616.07
2025-07-19 07:00:00,118270.04,118424.04,118250.75,118269.2,158.99,18813589.86
2025-07-19 08:00:00,118269.2,118363.96,118037.44,118191.75,283.84,33546596.42
2025-07-19 09:00:00,118191.75,118412.87,118160.91,118330.6,192.09,22726424.62
2025-07-19 10:00:00,118330.6,118548.27,118261.94,118513.78,243.87,28876306.56
2025-07-19 11:00:00,118513.78,118572.53,118251.14,118411.49,230.48,27303303.91
2025-07-19 12:00:00,118411.49,118414.71,118176.72,118310.56,230.32,27245522.49
2025-07-19 13:00:00,118310.56,118386.6,118152.51,118262.72,162.54,19227621.5
2025-07-19 14:00:00,118262.72,118296.28,117706.76,117743.47,556.78,65692412.81
2025-07-19 15:00:00,117743.47,118309.66,117728.64,118127.36,258.76,30566520.99
2025-07-19 16:00:00,118127.36,118214.32,117917.84,118034.68,333.37,39359549.46
2025-07-19 17:00:00,118034.68,118041.95,117805.97,117870.47,232.04,27361314.76
2025-07-19 18:00:00,117870.47,118087.04,117820.09,117924.63,258.17,30461831.04
2025-07-19 19:00:00,117924.63,118208.94,117670.07,118084.56,285.61,33683674.48
2025-07-19 20:00:00,118084.56,118211.08,117770.38,117786.41,244.05,28804075.57
2025-07-19 21:00:00,117786.41,117908.93,117339.41,117776.39,599.97,70560567.46
2025-07-19 22:00:00,117776.39,117925.83,117599.36,117857.64,195.43,23024124.07
2025-07-19 23:00:00,117857.64,117996.47,117812.41,117913.27,160.52,18926076.86
2025-07-20 00:00:00,117913.27,118058.64,117723.06,118008.01,218.77,25783456.04
2025-07-20 01:00:00,118008.01,118191.89,117961.01,118010.15,324.03,38261280.27
2025-07-20 02:00:00,118010.15,118074.45,117845.58,118054.68,239.74,28283806.42
2025-07-20 03:00:00,118054.16,119100.94,116423.09,118027.73,32449.45,3829935020.25
2025-07-20 04:00:00,118033.01,118187.39,117958.07,118020.18,139.5,16467630.24
2025-07-20 05:00:00,118020.18,118045.01,117865.29,117913.94,85.21,10049795.14
2025-07-20 06:00:00,117913.94,117946.12,117833.08,117892.42,52.56,6196081.15
2025-07-20 07:00:00,117892.42,118272.75,117890.53,118089.8,140.95,16644600.61
2025-07-20 08:00:00,118089.8,118317.74,118089.8,118222.63,234.81,27764836.29
2025-07-20 09:00:00,118222.63,118345.79,117959.03,117979.66,225.48,26639611.38
2025-07-20 10:00:00,117979.66,118061.05,117942.73,117955.85,141.84,16737771.23
2025-07-20 11:00:00,117955.85,118129.37,117879.66,117938.17,166.89,19689446.6
2025-07-20 12:00:00,117938.17,118219.65,117785.05,118133.8,461.77,54479101.69
2025-07-20 13:00:00,118133.8,118449.36,118127.35,118442.19,285.28,33724575.59
2025-07-20 14:00:00,118442.19,118844.1,118345.68,118509.3,769.02,91225141.74
2025-07-20 15:00:00,118509.3,118821.9,118414.15,118728.91,352.28,41792547.24
2025-07-20 16:00:00,118728.91,118903.91,118507.66,118611.97,523.97,62195907.16
2025-07-20 17:00:00,118611.97,118612.01,118010.48,118059.0,621.85,73564042.09
2025-07-20 18:00:00,118059.0,118493.69,118058.91,118409.91,356.06,42109020.16
2025-07-20 19:00:00,118409.91,118608.77,118219.94,118221.31,210.29,24916055.68
2025-07-20 20:00:00,118221.31,118316.52,117915.54,118138.37,430.82,50884660.34
2025-07-20 21:00:00,118138.37,118208.31,117892.51,118059.5,351.51,41492353.45
2025-07-20 22:00:00,118059.5,118100.41,116533.22,117550.91,1995.79,234069630.57
2025-07-20 23:00:00,117550.91,117610.5,117021.32,117328.61,535.73,62860225.26
2025-07-21 00:00:00,117328.61,117422.76,116581.7,117412.8,1012.69,118532944.98
2025-07-21 01:00:00,117412.8,117499.92,116854.77,117370.11,747.84,87637381.29
2025-07-21 02:00:00,117370.11,118257.14,117369.62,118246.19,718.37,84685226.77
2025-07-21 03:00:00,118246.19,118669.12,118212.76,118456.31,484.87,57439964.58
2025-07-21 04:00:00,118456.31,118686.8,118345.69,118396.61,217.39,25760020.11
2025-07-21 05:00:00,118396.61,118467.8,118232.8,118466.27,133.12,15754543.95
2025-07-21 06:00:00,118466.27,119278.46,118325.77,119218.44,502.0,59702907.33
2025-07-21 07:00:00,119218.44,119712.2,119212.53,119402.8,387.07,46228517.44
2025-07-21 08:00:00,119402.8,119539.35,118894.39,119049.32,480.24,57243256.37
2025-07-21 09:00:00,119049.32,119140.53,118590.36,118733.93,286.9,34089594.59
2025-07-21 10:00:00,118733.93,118843.61,118377.06,118612.39,340.23,40352395.59
2025-07-21 11:00:00,118612.39,118823.94,118111.22,118116.38,375.87,44566915.61
2025-07-21 12:00:00,118116.38,118627.68,117816.47,118210.96,949.96,112290760.97
2025-07-21 13:00:00,118210.96,119159.66,117932.02,118902.24,1577.52,187109415.91
2025-07-21 14:00:00,118902.24,119310.22,118491.54,118894.39,1500.77,178524857.57
2025-07-21 15:00:00,118894.39,119195.15,118349.12,118388.66,699.54,83062619.86
2025-07-21 16:00:00,118388.66,118461.2,117554.97,117797.26,1572.65,185475373.65
2025-07-21 17:00:00,117797.26,118152.45,117399.76,117908.14,1008.1,118701508.34
2025-07-21 18:00:00,117908.14,118240.35,117132.6,117207.67,1347.69,158601661.93
2025-07-21 19:00:00,117207.67,117575.51,116707.67,116798.59,1769.98,207167485.95
2025-07-21 20:00:00,116798.59,117310.26,116688.73,116998.13,1067.77,124949073.45
2025-07-21 21:00:00,116998.13,117438.57,116938.59,117283.93,489.45,57372593.32
2025-07-21 22:00:00,117283.93,117696.66,117178.67,117417.94,438.15,51462732.28
2025-07-21 23:00:00,117417.94,117563.38,117173.63,117441.75,435.54,51124528.85
2025-07-22 00:00:00,117441.75,117573.87,117082.15,117178.38,502.91,59010147.92
2025-07-22 01:00:00,117178.38,118024.08,116186.23,117820.68,2134.79,250134232.04
2025-07-22 02:00:00,117820.68,117875.06,117028.82,117085.98,827.36,97213060.01
2025-07-22 03:00:00,117085.98,117325.17,116758.02,117268.2,721.53,84459305.6
2025-07-22 04:00:00,117268.2,117401.72,116617.79,116617.8,440.48,51560714.23
2025-07-22 05:00:00,116617.8,117396.78,116612.46,117378.43,485.5,56834334.29
2025-07-22 06:00:00,117378.43,117881.6,117335.73,117876.96,330.15,38850449.95
2025-07-22 07:00:00,117876.96,118628.43,117829.74,118038.03,686.6,81170746.95
2025-07-22 08:00:00,118038.03,118402.09,117545.21,118340.08,566.63,66837368.7
2025-07-22 09:00:00,118340.08,118699.28,117936.49,118455.09,465.36,55090777.47
2025-07-22 10:00:00,118455.09,119006.34,118363.01,119006.34,689.63,81857587.09
2025-07-22 11:00:00,119006.34,119252.57,118841.55,119218.31,564.32,67212294.04
2025-07-22 12:00:00,119218.31,119483.66,119117.34,119361.85,758.62,90519088.13
2025-07-22 13:00:00,119361.85,119652.79,118080.39,118202.66,2189.54,260589738.18
2025-07-22 14:00:00,118202.66,119181.14,117604.32,119123.02,2250.43,266458236.06
2025-07-22 15:00:00,119123.02,119241.4,118751.2,118966.42,860.52,102468324.84
2025-07-22 16:00:00,118966.42,119434.41,118667.95,118722.12,1045.22,124427241.19
2025-07-22 17:00:00,118722.12,119275.33,118443.77,119256.87,1044.37,124186761.68
2025-07-22 18:00:00,119256.87,120277.31,119137.43,119815.99,2124.76,254290436.61
2025-07-22 19:00:00,119815.99,119980.27,119160.62,119335.74,879.95,105241307.18
2025-07-22 20:00:00,119335.74,119959.65,119260.92,119773.45,841.91,100783136.92
2025-07-22 21:00:00,119773.45,119832.71,119452.84,119452.95,375.16,44879893.19
2025-07-22 22:00:00,119452.95,120073.1,119450.38,119902.56,621.82,74530653.2
2025-07-22 23:00:00,119902.56,120298.65,119891.97,120023.5,573.93,68934699.71
2025-07-23 00:00:00,120023.5,120167.5,119568.3,119626.92,504.42,60461312.56
2025-07-23 01:00:00,119626.92,119749.43,119462.21,119561.55,408.05,48797460.35
2025-07-23 02:00:00,119561.55,119595.04,119049.92,119150.54,653.98,77999008.58
2025-07-23 03:00:00,119150.54,119165.29,118592.23,118671.7,414.74,49306813.2
2025-07-23 04:00:00,118671.7,119035.15,118638.19,119035.15,303.85,36101030.4
2025-07-23 05:00:00,119035.15,119051.42,118671.32,118693.09,169.62,20157835.88
2025-07-23 06:00:00,118693.09,118768.62,118436.68,118480.12,270.08,32019913.72
2025-07-23 07:00:00,118480.12,118647.42,118367.8,118416.82,208.24,24677843.88
2025-07-23 08:00:00,118416.82,118608.88,118280.32,118465.76,309.0,36590393.79
2025-07-23 09:00:00,118465.76,118508.95,117966.86,118090.38,571.7,67555995.51
2025-07-23 10:00:00,118090.38,118447.64,117876.99,118427.36,543.61,64224123.46
2025-07-23 11:00:00,118427.36,118685.19,118225.42,118596.9,274.64,32548090.76
2025-07-23 12:00:00,118596.9,118716.29,117882.08,118044.54,729.11,86276529.8
2025-07-23 13:00:00,118044.54,118262.5,117379.76,117431.66,2155.13,253878197.74
2025-07-23 14:00:00,117431.66,118267.57,117361.89,118267.57,1328.31,156600295.28
2025-07-23 15:00:00,118267.57,118787.56,117892.73,118649.4,786.24,92999810.47
2025-07-23 16:00:00,118649.4,118649.58,117614.31,117783.8,1217.33,143599200.43
2025-07-23 17:00:00,117783.8,118202.88,117390.03,118193.56,1561.72,183939577.92
2025-07-23 18:00:00,118193.56,118447.66,118063.5,118444.24,1040.72,123087851.02
2025-07-23 19:00:00,118444.24,118538.7,118299.54,118454.26,1105.11,130855069.94
2025-07-23 20:00:00,118454.26,118562.78,117618.95,117960.88,1003.94,118571824.94
2025-07-23 21:00:00,117960.88,118226.36,117434.42,118224.43,757.3,89194001.51
2025-07-23 22:00:00,118224.43,118680.12,118001.14,118625.32,464.91,55060798.87
2025-07-23 23:00:00,118625.32,118820.26,118500.1,118808.78,381.94,45329636.06
2025-07-24 00:00:00,118808.78,119183.11,118642.46,119111.15,724.71,86199999.2
2025-07-24 01:00:00,119111.15,119164.63,118856.79,119153.04,420.59,50056844.65
2025-07-24 02:00:00,119153.04,119153.6,118867.78,119018.91,387.94,46156843.77
2025-07-24 03:00:00,119018.91,119328.69,118553.35,118574.42,428.32,50969489.87
2025-07-24 04:00:00,118574.42,118652.31,117907.93,118029.63,449.84,53211208.07
2025-07-24 05:00:00,118029.63,118032.25,117575.75,117674.27,534.11,62906884.32
2025-07-24 06:00:00,117674.27,117928.09,117470.1,117541.67,518.79,61053974.7
2025-07-24 07:00:00,117541.67,118533.66,117214.42,118477.96,676.42,79697571.02
2025-07-24 08:00:00,118477.96,118863.88,118304.37,118843.87,385.41,45745660.63
2025-07-24 09:00:00,118843.87,118889.2,118370.47,118559.76,634.2,75213191.49
2025-07-24 10:00:00,118559.76,118713.73,118031.16,118456.17,440.04,52076930.55
2025-07-24 11:00:00,118456.17,118797.31,118391.83,118669.42,364.15,43213303.77
2025-07-24 12:00:00,118669.42,118792.66,118359.87,118597.93,671.27,79583351.36
2025-07-24 13:00:00,118597.93,118785.99,118280.73,118292.49,944.41,112051563.41
2025-07-24 14:00:00,118292.49,119198.99,117898.69,119140.32,1578.03,186911461.48
2025-07-24 15:00:00,119140.32,119555.88,118688.82,119164.39,1511.37,180102389.33
2025-07-24 16:00:00,119164.39,119272.97,118433.41,118592.04,1240.54,147372217.36
2025-07-24 17:00:00,118592.04,119396.61,118548.57,119202.67,957.85,114094908.74
2025-07-24 18:00:00,119202.67,119486.26,119046.35,119123.37,912.58,108839028.09
2025-07-24 19:00:00,119123.37,119440.34,118978.24,119028.9,775.97,92505035.52
2025-07-24 20:00:00,119028.9,119081.51,118774.23,118781.46,1226.37,145807636.45
2025-07-24 21:00:00,118781.46,118849.29,118551.42,118594.22,679.22,80620125.71
2025-07-24 22:00:00,118594.22,118701.88,118253.16,118350.9,762.6,90358025.49
2025-07-24 23:00:00,118350.9,118520.6,118248.1,118397.33,705.98,83592435.84
2025-07-25 00:00:00,118397.33,118523.27,117707.37,117721.99,1431.73,168917666.85
2025-07-25 01:00:00,117721.99,117844.88,117256.83,117406.6,3247.31,381528833.95
2025-07-25 02:00:00,117406.6,117429.98,116406.43,116410.62,2109.97,246744119.14
2025-07-25 03:00:00,116410.62,116466.78,115376.45,115421.46,3329.87,385629827.51
2025-07-25 04:00:00,115421.46,116172.05,115124.89,116136.75,4796.57,554250653.58
2025-07-25 05:00:00,116136.75,116136.8,115325.46,115561.57,2011.12,232666299.09
2025-07-25 06:00:00,115561.57,115566.7,115248.51,115336.19,1214.76,140191185.16
2025-07-25 07:00:00,115336.19,115990.0,114756.37,115339.08,1800.45,207449991.11
2025-07-25 08:00:00,115339.08,115999.81,115040.6,115186.64,2991.64,345419837.07
2025-07-25 09:00:00,115186.64,116067.8,114999.97,116057.61,1952.85,225209555.89
2025-07-25 10:00:00,116057.61,116517.41,116009.92,116327.73,685.13,79668790.76
2025-07-25 11:00:00,116327.73,116803.05,116327.68,116532.27,2123.92,247626095.34
2025-07-25 12:00:00,116532.27,116654.84,115965.73,116119.32,1857.81,216086984.62
2025-07-25 13:00:00,116119.32,116641.78,115572.14,116246.45,2408.31,279397312.2
2025-07-25 14:00:00,116246.45,116310.74,114894.96,114958.64,4252.81,490964528.27
2025-07-25 15:00:00,114958.64,115870.67,114915.98,115744.25,2070.0,238905283.56
2025-07-25 16:00:00,115744.25,116219.49,115471.59,116208.67,1597.1,185059426.17
2025-07-25 17:00:00,116208.67,116391.34,115899.86,116079.62,1481.0,172098592.6
2025-07-25 18:00:00,116079.62,116619.76,116075.96,116533.96,973.68,113360313.21
2025-07-25 19:00:00,116533.96,117055.67,116448.42,116733.21,2152.92,251435815.57
2025-07-25 20:00:00,116733.21,117345.68,116612.66,117102.66,1303.76,152509717.57
2025-07-25 21:00:00,117102.66,117418.79,116988.13,117245.85,921.18,107997718.42
2025-07-25 22:00:00,117245.85,117402.62,117145.63,117311.15,512.97,60154444.85
2025-07-25 23:00:00,117311.15,117688.96,117214.59,117644.11,541.09,63545219.4
2025-07-26 00:00:00,117644.11,117653.82,117370.11,117536.52,639.82,75189625.03
2025-07-26 01:00:00,117536.52,117609.19,117143.68,117200.16,605.83,71128529.26
2025-07-26 02:00:00,117200.16,117793.27,117200.15,117517.22,645.49,75864423.36
2025-07-26 03:00:00,117517.22,117658.1,117513.34,117533.67,504.35,59309289.89
2025-07-26 04:00:00,117533.67,117603.48,117463.48,117547.81,460.81,54167129.6
2025-07-26 05:00:00,117547.81,117621.91,117473.13,117503.6,362.97,42662882.91
2025-07-26 06:00:00,117503.6,117540.01,117378.75,117409.02,407.95,47913023.15
2025-07-26 07:00:00,117409.02,117450.81,117369.49,117373.78,403.67,47395531.58
2025-07-26 08:00:00,117373.78,117681.88,117372.08,117619.68,477.49,56110110.75
2025-07-26 09:00:00,117619.68,117673.49,117500.71,117635.35,377.53,44395451.89
2025-07-26 10:00:00,117635.35,118257.21,117583.6,118028.09,751.29,88606850.86
2025-07-26 11:00:00,118028.09,118125.12,117830.04,117836.12,468.26,55244291.44
2025-07-26 12:00:00,117836.12,118068.95,117822.77,117968.65,445.29,52524202.45
2025-07-26 13:00:00,117968.65,118295.53,117902.98,118185.27,594.84,70292240.71
2025-07-26 14:00:00,118185.27,118286.45,118023.71,118124.92,492.37,58182940.0
2025-07-26 15:00:00,118124.92,118207.95,117891.27,118177.9,491.74,58045893.89
2025-07-26 16:00:00,118177.9,118267.67,118060.03,118118.05,481.29,56870878.7
2025-07-26 17:00:00,118118.05,118155.56,118035.2,118077.21,346.8,40953813.8
2025-07-26 18:00:00,118077.21,118180.0,117994.34,118147.63,354.49,41868807.14
2025-07-26 19:00:00,118147.63,118355.11,118089.71,118279.71,342.11,40439209.09
2025-07-26 20:00:00,118279.71,118280.5,117928.33,118002.27,356.47,42087659.74
2025-07-26 21:00:00,118002.27,118134.0,117936.63,118088.13,316.62,37368511.59
2025-07-26 22:00:00,118088.13,118330.4,118026.69,118062.3,358.73,42384768.98
2025-07-26 23:00:00,118062.3,118121.31,117935.0,117971.27,273.61,32290732.71
2025-07-27 00:00:00,117971.27,118018.13,117872.15,117996.71,283.33,33417227.28
2025-07-27 01:00:00,117996.71,118270.42,117963.08,118149.53,333.36,39390147.72
2025-07-27 02:00:00,118149.53,118428.33,118071.25,118371.68,365.0,43174075.85
2025-07-27 03:00:00,118371.68,118390.42,118138.15,118231.62,365.23,43187230.71
2025-07-27 04:00:00,118231.62,118321.82,118197.58,118261.59,233.13,27571420.74
2025-07-27 05:00:00,118261.59,118362.1,118209.49,118334.75,189.48,22413577.09
2025-07-27 06:00:00,118334.75,118494.37,118255.51,118329.12,253.27,29977562.87
2025-07-27 07:00:00,118329.12,118329.34,118131.87,118168.76,228.2,26979497.76
2025-07-27 08:00:00,118168.76,118212.71,117991.22,117999.2,363.5,42922666.74
2025-07-27 09:00:00,117999.2,118052.98,117878.7,117987.42,305.21,35994518.49
2025-07-27 10:00:00,117987.42,118351.01,117987.35,118245.8,247.43,29254379.45
2025-07-27 11:00:00,118245.8,118335.84,118099.35,118131.77,277.35,32788738.88
2025-07-27 12:00:00,118131.77,118202.53,117941.19,118157.69,362.47,42797275.38
2025-07-27 13:00:00,118157.69,118293.56,118138.32,118267.25,279.86,33086476.75
2025-07-27 14:00:00,118267.25,118540.54,118212.03,118461.07,632.99,74955309.91
2025-07-27 15:00:00,118461.07,118642.53,118292.49,118622.93,511.22,60570779.72
2025-07-27 16:00:00,118622.93,119567.99,118622.85,119101.81,1551.38,184941752.88
2025-07-27 17:00:00,119101.81,119368.08,118885.34,119239.58,623.74,74297752.4
2025-07-27 18:00:00,119239.58,119427.41,118992.55,119069.21,527.19,62849164.53
2025-07-27 19:00:00,119069.21,119120.22,118937.67,119013.05,157.86,18788877.81
2025-07-27 20:00:00,119013.05,119216.76,118773.54,118799.08,512.97,61033087.68
2025-07-27 21:00:00,118799.08,119305.33,118772.76,119302.52,234.65,27923740.83
2025-07-27 22:00:00,119302.52,119808.28,119260.01,119553.65,1019.69,122008610.34
2025-07-27 23:00:00,119553.65,119583.76,119192.51,119468.71,483.15,57700936.38
2025-07-28 00:00:00,119468.71,119722.7,119167.24,119280.56,580.89,69402588.38
2025-07-28 01:00:00,119280.56,119514.37,118989.54,119062.62,574.34,68470876.29
2025-07-28 02:00:00,119062.62,119835.44,119051.17,119460.6,554.8,66306427.22
2025-07-28 03:00:00,119460.6,119547.16,119255.27,119308.83,247.2,29508104.23
2025-07-28 04:00:00,119308.83,119425.64,119151.95,119238.81,239.83,28607981.76
2025-07-28 05:00:00,119238.81,119708.07,119169.68,119558.44,436.52,52144873.29
2025-07-28 06:00:00,119558.44,119630.6,119467.15,119487.51,299.85,35836398.85
2025-07-28 07:00:00,119487.51,119493.52,118784.32,118907.13,748.75,89099530.24
2025-07-28 08:00:00,118907.13,119116.26,118786.1,119087.09,343.74,40883942.84
2025-07-28 09:00:00,119087.09,119087.87,118731.77,118954.1,275.22,32731968.22
2025-07-28 10:00:00,118954.1,118977.32,118655.73,118786.44,286.49,34040627.0
2025-07-28 11:00:00,118786.44,118880.79,118495.54,118839.27,648.86,76989520.04
2025-07-28 12:00:00,118839.27,119137.58,118712.26,118861.03,1104.63,131379486.66
2025-07-28 13:00:00,118861.03,119107.91,118255.87,118438.78,1514.08,179609716.51
2025-07-28 14:00:00,118438.78,118693.13,117909.98,117987.73,1875.41,221592390.44
2025-07-28 15:00:00,117987.73,118503.3,117910.93,118174.21,732.82,86615718.35
2025-07-28 16:00:00,118174.21,118379.65,118010.91,118023.57,675.23,79794212.39
2025-07-28 17:00:00,118023.57,118116.8,117651.41,117679.87,1252.45,147610541.87
2025-07-28 18:00:00,117679.87,117852.3,117403.28,117778.51,1462.76,172034299.92
2025-07-28 19:00:00,117778.51,118248.96,117547.68,118069.5,1219.88,143918675.66
2025-07-28 20:00:00,118069.5,118149.42,117503.75,118044.25,1097.68,129334772.62
2025-07-28 21:00:00,118044.25,118344.12,117957.26,118119.29,614.55,72592703.02
2025-07-28 22:00:00,118119.29,118272.84,117782.08,117871.28,770.6,90971254.91
2025-07-28 23:00:00,117871.28,118191.26,117827.01,118059.92,536.03,63263851.72
2025-07-29 00:00:00,118059.92,118458.89,117566.13,117991.81,899.6,106200326.65
2025-07-29 01:00:00,117991.81,118263.26,117795.42,117795.42,343.39,40551032.99
2025-07-29 02:00:00,117795.42,118118.19,117487.95,118101.56,625.79,73733956.74
2025-07-29 03:00:00,118101.56,118809.83,118101.56,118766.24,683.51,80970103.74
2025-07-29 04:00:00,118766.24,118806.31,118426.08,118537.0,361.55,42900466.68
2025-07-29 05:00:00,118537.0,118869.18,118531.14,118818.96,249.24,29587440.97
2025-07-29 06:00:00,118818.96,119082.78,118752.64,118772.43,366.76,43616819.12
2025-07-29 07:00:00,118772.43,119285.96,118770.56,118896.61,378.85,45077356.64
2025-07-29 08:00:00,118896.61,119062.61,118767.85,118926.4,234.23,27856824.89
2025-07-29 09:00:00,118926.4,119000.17,118765.18,118790.67,247.21,29384245.5
2025-07-29 10:00:00,118790.67,118835.67,118311.18,118329.52,440.64,52261401.22
2025-07-29 11:00:00,118329.52,118609.15,118172.49,118604.76,304.16,36008467.18
2025-07-29 12:00:00,118604.76,119077.27,118471.12,118896.14,673.76,80073477.28
2025-07-29 13:00:00,118896.14,119026.51,118535.13,118608.86,1160.39,137846330.99
2025-07-29 14:00:00,118608.86,118624.27,117710.49,117817.61,1339.43,158254102.92
2025-07-29 15:00:00,117817.61,117952.21,117253.47,117374.64,1900.95,223440308.67
2025-07-29 16:00:00,117374.64,117732.91,116933.73,117715.98,2222.05,260664301.74
2025-07-29 17:00:00,117715.98,118042.59,117624.98,117765.28,891.6,105052891.8
2025-07-29 18:00:00,117765.28,117817.23,117466.54,117590.52,695.35,81815362.66
2025-07-29 19:00:00,117590.52,117988.36,117395.3,117500.38,1112.82,130894479.68
2025-07-29 20:00:00,117500.38,117840.83,117071.56,117470.8,1334.07,156573855.56
2025-07-29 21:00:00,117470.8,117672.73,117167.95,117586.17,488.72,57351973.88
2025-07-29 22:00:00,117586.17,117852.77,117435.56,117833.31,347.95,40932743.07
2025-07-29 23:00:00,117833.31,117983.29,117726.75,117942.11,278.05,32772174.61
2025-07-30 00:00:00,117942.11,117992.9,117536.48,117745.95,432.23,50891158.73
2025-07-30 01:00:00,117745.95,118003.07,117423.09,117850.35,385.31,45363176.47
2025-07-30 02:00:00,117850.35,118113.97,117793.75,118025.53,394.76,46577906.43
2025-07-30 03:00:00,118025.53,118252.67,117917.02,118159.52,321.5,37956601.75
2025-07-30 04:00:00,118159.52,118266.56,117969.68,118007.14,193.16,22816545.94
2025-07-30 05:00:00,118007.14,118080.98,117682.7,117989.43,188.43,22213054.68
2025-07-30 06:00:00,117989.43,118327.19,117988.04,118284.91,195.06,23048928.04
2025-07-30 07:00:00,118284.91,118418.23,118122.88,118130.93,218.03,25786156.92
2025-07-30 08:00:00,118130.93,118484.23,117971.06,118385.25,253.44,29965190.22
2025-07-30 09:00:00,118385.25,118429.3,118010.47,118175.2,217.71,25728352.68
2025-07-30 10:00:00,118175.2,118430.14,117953.1,118023.5,296.45,35056089.85
2025-07-30 11:00:00,118023.5,118192.44,117361.12,117573.56,518.43,61058191.25
2025-07-30 12:00:00,117573.56,117917.79,117364.34,117745.95,855.37,100655767.37
2025-07-30 13:00:00,117745.95,117885.06,117405.73,117683.7,1451.8,170772813.67
2025-07-30 14:00:00,117683.7,118742.89,117629.68,118727.95,1457.13,172192077.07
2025-07-30 15:00:00,118727.95,118800.1,117845.16,118003.17,1048.07,124045173.77
2025-07-30 16:00:00,118003.17,118022.6,117645.42,117750.89,693.52,81714296.36
2025-07-30 17:00:00,117750.89,117960.84,117672.29,117809.08,512.2,60340627.76
2025-07-30 18:00:00,117809.08,118046.55,116493.45,116513.93,2219.09,260206844.91
2025-07-30 19:00:00,116513.93,117113.48,115769.47,116916.96,3650.43,424501482.99
2025-07-30 20:00:00,116916.96,117326.17,116879.92,117159.94,1022.69,119797689.77
2025-07-30 21:00:00,117159.94,117357.26,116959.07,117349.74,536.53,62853247.95
2025-07-30 22:00:00,117349.74,117523.7,117265.18,117518.18,572.46,67209649.04
2025-07-30 23:00:00,117518.18,117934.12,117474.91,117853.3,701.55,82573986.85
2025-07-31 00:00:00,117853.3,118543.83,117795.68,118415.49,882.52,104280361.13
2025-07-31 01:00:00,118415.49,118468.99,117993.45,118056.74,489.2,57863509.9
2025-07-31 02:00:00,118056.74,118508.5,117976.99,118448.01,446.76,52830895.31
2025-07-31 03:00:00,118448.01,118624.2,118390.16,118477.24,366.49,43416055.91
2025-07-31 04:00:00,118477.24,118560.48,118376.0,118515.0,182.96,21676394.18
2025-07-31 05:00:00,118515.0,118546.3,118340.28,118364.67,192.45,22788988.02
2025-07-31 06:00:00,118364.67,118737.05,118289.37,118698.57,236.78,28057605.94
2025-07-31 07:00:00,118698.57,118927.15,118613.14,118682.83,310.08,36824889.82
2025-07-31 08:00:00,118682.83,118770.42,118574.85,118596.36,166.79,19792285.2
2025-07-31 09:00:00,118596.36,118622.43,118468.76,118603.08,152.87,18120750.27
2025-07-31 10:00:00,118603.08,118716.01,118432.48,118509.99,222.5,26377646.63
2025-07-31 11:00:00,118509.99,118555.93,118289.45,118361.32,214.65,25420410.54
2025-07-31 12:00:00,118361.32,118635.75,118271.17,118613.59,403.98,47844011.94
2025-07-31 13:00:00,118613.59,118699.49,117812.06,118574.43,1282.16,151656569.29
2025-07-31 14:00:00,118574.43,118661.15,117891.74,117909.77,1356.77,160316658.84
2025-07-31 15:00:00,117909.77,118350.51,117877.58,118292.58,949.77,112206973.35
2025-07-31 16:00:00,118292.58,118885.26,118223.15,118530.87,943.54,111855698.89
2025-07-31 17:00:00,118530.87,118547.4,117708.66,117742.21,1141.82,134743744.64
2025-07-31 18:00:00,117742.21,117990.07,117396.86,117651.44,969.93,114160520.59
2025-07-31 19:00:00,117651.44,117741.21,116742.03,116766.79,1429.5,167429796.51
2025-07-31 20:00:00,116766.79,116955.11,116433.84,116498.83,1403.42,163682243.14
2025-07-31 21:00:00,116498.83,116895.1,116233.7,116531.72,688.71,80269365.18
2025-07-31 22:00:00,116531.72,116536.51,116012.14,116016.4,857.0,99595460.44
2025-07-31 23:00:00,116016.4,116380.67,115493.77,115765.36,1644.25,190637964.41
2025-08-01 00:00:00,115765.36,115932.2,114305.92,115430.41,2847.9,328146854.29
2025-08-01 01:00:00,115430.41,115612.33,114616.47,115325.78,2168.93,249695153.6
2025-08-01 02:00:00,115325.78,116017.2,115231.25,115970.43,911.25,105406618.72
2025-08-01 03:00:00,115970.43,116060.68,115617.25,115651.98,415.95,48198426.98
2025-08-01 04:00:00,115651.98,115698.2,115277.32,115694.27,558.15,64476240.83
2025-08-01 05:00:00,115694.27,115914.69,115389.43,115576.03,407.17,47097640.26
2025-08-01 06:00:00,115576.03,115656.42,115063.77,115156.3,453.9,52327700.91
2025-08-01 07:00:00,115156.3,115296.46,114620.66,115043.81,570.23,65507042.93
2025-08-01 08:00:00,115043.81,115043.9,114101.57,114598.18,1025.62,117468626.29
2025-08-01 09:00:00,114598.18,115321.1,114536.55,114945.23,678.59,78076530.56
2025-08-01 10:00:00,114945.23,115191.17,114692.03,114739.18,576.86,66295426.7
2025-08-01 11:00:00,114739.18,115320.6,114587.65,115276.3,632.11,72667857.43
2025-08-01 12:00:00,115276.3,115892.34,115163.73,115721.52,1231.99,142419761.3
2025-08-01 13:00:00,115721.52,116001.7,114145.24,114317.61,2681.88,308675257.13
2025-08-01 14:00:00,114317.61,115819.31,113938.66,115598.48,3283.66,378109766.82
2025-08-01 15:00:00,115598.48,115620.41,114657.84,115339.78,1698.68,195459320.69
2025-08-01 16:00:00,115339.78,115690.96,114795.04,114967.71,1274.57,146985290.58
2025-08-01 17:00:00,114967.71,115049.75,114308.69,114386.96,2028.96,232558895.96
2025-08-01 18:00:00,114386.96,114460.48,113634.53,113785.95,2915.3,332423883.72
2025-08-01 19:00:00,113785.95,113871.12,113173.57,113259.21,2916.04,330922743.59
2025-08-01 20:00:00,113259.21,113941.35,113106.92,113910.68,1321.14,149884655.36
2025-08-01 21:00:00,113910.68,114051.48,113669.03,113842.5,660.17,75192457.78
2025-08-01 22:00:00,113842.5,113963.77,112682.82,113089.27,1548.87,175292951.06
2025-08-01 23:00:00,113089.27,113506.69,112873.78,113263.48,780.93,88430125.24
2025-08-02 00:00:00,113263.48,113811.52,113159.75,113793.04,781.48,88687164.51
2025-08-02 01:00:00,113793.04,113879.25,113403.28,113632.16,447.5,50860936.39
2025-08-02 02:00:00,113632.16,113734.34,113507.96,113677.34,278.18,31614003.32
2025-08-02 03:00:00,113677.34,113891.11,113676.16,113891.11,303.29,34519458.24
2025-08-02 04:00:00,113891.11,114031.97,113797.74,114008.23,246.63,28101323.16
2025-08-02 05:00:00,114008.23,114033.98,113846.02,113964.26,170.36,19415511.42
2025-08-02 06:00:00,113964.26,113971.52,113451.66,113684.91,300.85,34195359.4
2025-08-02 07:00:00,113684.91,114002.86,113548.63,113967.24,212.78,24216913.16
2025-08-02 08:00:00,113967.24,114026.8,113673.26,113674.19,274.77,31276835.01
2025-08-02 09:00:00,113674.19,113833.81,113563.57,113669.34,260.36,29600207.5
2025-08-02 10:00:00,113669.34,113693.73,113422.45,113549.21,293.48,33326734.08
2025-08-02 11:00:00,113549.21,113901.27,113441.88,113776.57,312.63,35559025.14
2025-08-02 12:00:00,113776.57,113783.11,113563.26,113621.1,259.11,29457728.75
2025-08-02 13:00:00,113621.1,113634.74,113213.92,113452.58,428.64,48618992.84
2025-08-02 14:00:00,113452.58,113522.78,112930.82,113100.22,634.07,71750542.3
2025-08-02 15:00:00,113100.22,113414.7,112808.25,112827.61,578.68,65430326.18
2025-08-02 16:00:00,112827.61,113238.25,112711.02,113176.14,912.3,102976433.59
2025-08-02 17:00:00,113176.14,113410.24,112569.25,112711.42,637.4,72050585.6
2025-08-02 18:00:00,112711.42,112899.13,112063.12,112308.18,1519.67,170896678.96
2025-08-02 19:00:00,112308.18,112917.81,112006.36,112215.15,1278.13,143687660.77
2025-08-02 20:00:00,112215.15,112768.94,112063.27,112768.94,865.91,97263989.76
2025-08-02 21:00:00,112768.94,113053.01,112549.33,112856.35,548.22,61804572.27
2025-08-02 22:00:00,112856.35,113007.1,112545.03,112857.07,340.78,38436424.85
2025-08-02 23:00:00,112857.07,112860.07,112285.48,112546.32,567.35,63862241.82
2025-08-03 00:00:00,112546.32,112973.8,111925.95,112931.34,1011.55,113801603.52
2025-08-03 01:00:00,112931.34,113244.08,112832.97,113093.29,601.6,68011752.4
2025-08-03 02:00:00,113093.29,113511.62,113086.82,113509.4,399.08,45234382.48
2025-08-03 03:00:00,113509.4,113729.62,113429.55,113602.97,338.95,38489980.27
2025-08-03 04:00:00,113602.97,113603.14,113348.96,113469.01,190.6,21627461.8
2025-08-03 05:00:00,113469.01,113665.86,113421.05,113625.51,127.69,14502617.06
2025-08-03 06:00:00,113625.51,113644.94,113490.17,113559.05,83.65,9502150.06
2025-08-03 07:00:00,113559.05,113723.09,113558.9,113710.39,120.25,13670910.82
2025-08-03 08:00:00,113710.39,113809.4,113560.3,113693.09,198.93,22617881.34
2025-08-03 09:00:00,113693.09,113716.83,113633.12,113669.24,137.24,15601413.66
2025-08-03 10:00:00,113669.24,113915.3,113666.16,113906.2,159.06,18106950.1
2025-08-03 11:00:00,113906.2,114262.11,113874.18,113874.99,493.91,56344139.9
2025-08-03 12:00:00,113874.99,114108.91,113678.1,114031.5,368.11,41927371.05
2025-08-03 13:00:00,114031.5,114098.01,113823.88,113959.41,313.76,35756119.62
2025-08-03 14:00:00,113959.41,114073.44,113608.53,113802.41,489.48,55713913.09
2025-08-03 15:00:00,113802.41,113980.74,113692.18,113966.54,301.68,34346227.23
2025-08-03 16:00:00,113966.54,114040.07,113786.35,114013.53,251.2,28622693.85
2025-08-03 17:00:00,114013.53,114189.23,113985.26,114143.71,343.18,39154575.61
2025-08-03 18:00:00,114143.71,114472.92,114090.57,114419.61,434.41,49659118.47
2025-08-03 19:00:00,114419.61,114803.51,114294.82,114339.88,566.32,64863869.7
2025-08-03 20:00:00,114339.88,114484.82,114199.34,114447.66,389.82,44562188.5
2025-08-03 21:00:00,114447.66,114555.91,114395.67,114475.15,224.45,25694900.67
2025-08-03 22:00:00,114475.15,114636.9,114097.24,114343.18,423.62,48416162.23
2025-08-03 23:00:00,114343.18,114526.35,114205.32,114238.83,358.31,40968053.67
2025-08-04 00:00:00,114238.83,114949.49,114155.7,114929.28,692.36,79297646.55
2025-08-04 01:00:00,114929.28,115022.8,114658.49,114715.13,557.86,64046222.49
2025-08-04 02:00:00,114715.13,114908.31,114466.71,114832.96,495.29,56813531.51
2025-08-04 03:00:00,114832.96,114836.17,114565.14,114609.65,244.53,28050085.59
2025-08-04 04:00:00,114609.65,114683.03,114379.83,114407.57,226.28,25917576.29
2025-08-04 05:00:00,114407.57,114436.52,114208.64,114416.58,263.85,30158793.06
2025-08-04 06:00:00,114416.58,114503.27,114178.23,114451.27,192.15,21971325.38
2025-08-04 07:00:00,114451.27,114804.88,114427.08,114689.37,235.44,26984228.24
2025-08-04 08:00:00,114689.37,114783.52,114398.95,114571.76,334.06,38283908.35
2025-08-04 09:00:00,114571.76,114776.72,114327.77,114348.33,322.3,36924759.51
2025-08-04 10:00:00,114348.33,114517.98,114251.77,114267.03,322.97,36936294.66
2025-08-04 11:00:00,114267.03,114540.43,114237.97,114512.67,254.37,29097354.72
2025-08-04 12:00:00,114512.67,114556.9,114333.01,114461.48,432.27,49473165.76
2025-08-04 13:00:00,114461.48,114940.24,114140.41,114927.3,1071.06,122659213.62
2025-08-04 14:00:00,114927.3,115491.49,114678.49,114763.91,1981.72,228294648.1
2025-08-04 15:00:00,114763.91,115052.88,114578.13,114840.96,805.28,92473775.81
2025-08-04 16:00:00,114840.96,115429.15,114840.79,115308.48,1052.02,121092809.69
2025-08-04 17:00:00,115308.48,115744.56,115160.84,115206.46,1044.15,120514595.37
2025-08-04 18:00:00,115206.46,115336.72,114912.13,114949.04,894.79,103014412.82
2025-08-04 19:00:00,114949.04,115133.43,114716.13,114760.97,905.91,104054082.78
2025-08-04 20:00:00,114760.97,115049.67,114615.68,114807.38,944.63,108435540.16
2025-08-04 21:00:00,114807.38,115273.97,114805.84,115131.26,443.86,51062439.34
2025-08-04 22:00:00,115131.26,115350.98,115095.45,115349.56,494.21,56952684.9
2025-08-04 23:00:00,115349.56,115364.43,115061.7,115065.9,259.27,29881362.24
2025-08-05 00:00:00,115065.9,115111.39,114828.27,114877.4,576.24,66241335.56
2025-08-05 01:00:00,114877.4,115042.39,114684.36,114707.2,542.36,62287469.21
2025-08-05 02:00:00,114707.2,114823.54,114622.04,114721.22,312.36,35828054.67
2025-08-05 03:00:00,114721.22,114743.95,114244.86,114251.44,586.87,67128483.11
2025-08-05 04:00:00,114251.44,114419.78,114168.01,114332.78,258.71,29570753.09
2025-08-05 05:00:00,114332.78,114474.67,114246.07,114404.88,200.53,22935772.1
2025-08-05 06:00:00,114404.88,114501.32,114087.46,114161.99,306.86,35073822.9
2025-08-05 07:00:00,114161.99,114391.72,113711.64,113967.13,417.45,47617778.71
2025-08-05 08:00:00,113967.13,114503.83,113914.85,114265.29,422.79,48288616.89
2025-08-05 09:00:00,114265.29,114787.52,114264.26,114684.96,390.95,44786842.35
2025-08-05 10:00:00,114684.96,115084.29,114575.32,114843.1,453.21,52047201.19
2025-08-05 11:00:00,114843.1,114974.59,114746.85,114822.14,252.16,28956643.4
2025-08-05 12:00:00,114822.14,114889.58,113511.9,113940.63,1181.87,135007300.58
2025-08-05 13:00:00,113940.63,114588.28,113880.79,114380.77,1095.02,125085280.81
2025-08-05 14:00:00,114380.77,114402.6,112629.49,113026.18,2895.47,327972966.41
2025-08-05 15:00:00,113026.18,113232.14,112686.22,112911.31,1350.97,152551837.37
2025-08-05 16:00:00,112911.31,113343.67,112802.53,113150.42,1552.3,175519166.15
2025-08-05 17:00:00,113150.42,113651.75,113074.31,113615.31,1049.93,118974775.18
2025-08-05 18:00:00,113615.31,113642.64,113242.7,113619.66,874.74,99260490.21
2025-08-05 19:00:00,113619.66,113748.83,113399.62,113614.38,510.17,57972174.53
2025-08-05 20:00:00,113614.38,113986.09,113490.79,113681.88,496.37,56462417.23
2025-08-05 21:00:00,113681.88,113867.01,113560.61,113587.74,313.72,35684977.65
2025-08-05 22:00:00,113587.74,113982.6,113300.67,113955.11,470.02,53462887.45
2025-08-05 23:00:00,113955.11,114226.55,113915.06,114127.63,411.83,46987313.44
2025-08-06 00:00:00,114127.63,114138.42,113746.6,113881.53,435.34,49606574.54
2025-08-06 01:00:00,113881.53,113938.89,113585.15,113826.29,510.28,58050141.55
2025-08-06 02:00:00,113826.29,113831.28,113501.96,113633.46,403.93,45909564.92
2025-08-06 03:00:00,113633.46,113665.59,113418.95,113519.73,351.81,39944962.92
2025-08-06 04:00:00,113519.73,113590.0,113364.73,113431.02,206.05,23380291.14
2025-08-06 05:00:00,113431.02,114415.79,113397.93,114148.64,489.57,55837283.0
2025-08-06 06:00:00,114148.64,114198.22,113936.18,114088.34,225.05,25673015.76
2025-08-06 07:00:00,114088.34,114296.83,114022.2,114233.34,248.75,28410606.31
2025-08-06 08:00:00,114233.34,114258.58,113733.43,113944.27,356.89,40689510.03
2025-08-06 09:00:00,113944.27,114369.97,113915.31,114092.03,391.85,44710959.69
2025-08-06 10:00:00,114092.03,114226.24,113900.27,114073.2,292.03,33310010.77
2025-08-06 11:00:00,114073.2,114403.77,114015.62,114237.47,280.22,32008650.24
2025-08-06 12:00:00,114237.47,114338.0,113807.43,113928.18,638.72,72863241.78
2025-08-06 13:00:00,113928.18,114391.16,113576.19,114267.35,1378.85,157209048.32
2025-08-06 14:00:00,114267.35,115226.86,113868.48,115214.32,1882.98,215578866.4
2025-08-06 15:00:00,115214.32,115590.02,114849.14,115449.24,1432.2,164978535.93
2025-08-06 16:00:00,115449.24,115523.35,114966.53,115160.49,1168.47,134617081.51
2025-08-06 17:00:00,115160.49,115543.44,115041.17,115541.81,626.24,72226979.92
2025-08-06 18:00:00,115541.81,115748.22,115336.13,115453.45,1181.84,136586323.34
2025-08-06 19:00:00,115453.45,115556.08,115160.51,115304.39,550.68,63529072.93
2025-08-06 20:00:00,115304.39,115305.05,115053.21,115094.19,458.52,52799097.29
2025-08-06 21:00:00,115094.19,115269.43,114839.46,115106.93,322.6,37124691.38
2025-08-06 22:00:00,115106.93,115264.92,115085.49,115139.83,444.21,51159082.54
2025-08-06 23:00:00,115139.83,115158.68,115016.63,115038.45,203.59,23426590.48
2025-08-07 00:00:00,115038.45,115059.12,114901.41,114938.98,211.77,24348077.41
2025-08-07 01:00:00,114938.98,115224.01,114625.65,114785.58,354.98,40814358.15
2025-08-07 02:00:00,114785.58,114893.9,114445.1,114593.47,328.51,37681789.62
2025-08-07 03:00:00,114593.47,114643.86,114429.23,114581.66,288.92,33092580.88
2025-08-07 04:00:00,114581.66,114681.71,114288.63,114377.38,346.45,39652583.08
2025-08-07 05:00:00,114377.38,114590.82,114303.12,114589.93,209.79,24017118.93
2025-08-07 06:00:00,114589.93,114814.02,114540.26,114693.1,297.5,34106723.7
2025-08-07 07:00:00,114693.1,114906.02,114677.91,114821.78,132.87,15255982.28
2025-08-07 08:00:00,114821.78,115206.37,114819.68,114996.89,275.42,31686195.68
2025-08-07 09:00:00,114996.89,115104.32,114884.28,115091.9,211.81,24360722.83
2025-08-07 10:00:00,115091.9,116464.55,115068.17,116379.95,1360.99,157749767.51
2025-08-07 11:00:00,116379.95,116853.84,116379.95,116553.41,742.82,86622666.14
2025-08-07 12:00:00,116553.41,116617.08,116062.63,116394.51,544.14,63316668.79
2025-08-07 13:00:00,116394.51,116789.73,116222.87,116678.08,972.18,113302592.5
2025-08-07 14:00:00,116678.08,116726.49,116239.72,116398.17,1076.69,125397369.69
2025-08-07 15:00:00,116398.17,116846.7,116280.98,116749.61,1073.83,125227965.01
2025-08-07 16:00:00,116749.61,116797.47,115686.17,116297.46,1238.99,144224625.71
2025-08-07 17:00:00,116297.46,116601.74,116169.71,116539.98,1173.33,136578636.01
2025-08-07 18:00:00,116539.98,116623.96,116191.68,116605.5,716.73,83418398.59
2025-08-07 19:00:00,116605.5,117597.07,116535.92,117533.76,2249.88,263527463.31
2025-08-07 20:00:00,117533.76,117566.52,117206.32,117244.89,827.44,97154808.46
2025-08-07 21:00:00,117244.89,117421.08,117070.95,117149.7,454.45,53292562.08
2025-08-07 22:00:00,117149.7,117690.87,117142.68,117626.32,800.88,94078184.36
2025-08-07 23:00:00,117626.32,117649.49,117352.32,117522.28,469.27,55122637.92
2025-08-08 00:00:00,117522.28,117698.38,116909.1,117329.56,1430.47,167893798.05
2025-08-08 01:00:00,117329.56,117338.41,116834.09,116928.26,1349.37,157960456.79
2025-08-08 02:00:00,116928.26,116965.05,116734.95,116747.78,380.5,44461691.8
2025-08-08 03:00:00,116747.78,117017.39,116733.33,116788.28,287.86,33636591.59
2025-08-08 04:00:00,116788.28,116903.97,116712.32,116793.23,158.33,18493247.21
2025-08-08 05:00:00,116793.23,116793.36,116551.62,116571.56,155.32,18121378.82
2025-08-08 06:00:00,116571.56,116798.0,116413.89,116782.1,470.03,54764347.69
2025-08-08 07:00:00,116782.1,117017.84,116598.49,116875.42,389.74,45561848.24
2025-08-08 08:00:00,116875.42,116975.35,116492.05,116669.9,278.86,32536410.37
2025-08-08 09:00:00,116669.9,116770.48,116535.78,116729.35,203.4,23726601.47
2025-08-08 10:00:00,116729.35,116762.69,116361.95,116576.99,224.51,26165530.41
2025-08-08 11:00:00,116576.99,116963.94,116576.99,116946.22,174.24,20353625.52
2025-08-08 12:00:00,116946.22,116946.38,116551.47,116553.07,280.5,32733096.23
2025-08-08 13:00:00,116553.07,117016.32,116553.02,116957.52,728.19,85050171.27
2025-08-08 14:00:00,116957.52,117326.08,116402.35,116519.74,1343.92,156930706.15
2025-08-08 15:00:00,116519.74,116562.97,115895.35,116225.69,1221.56,141888016.32
2025-08-08 16:00:00,116225.69,116388.56,116018.58,116214.64,590.24,68574936.11
2025-08-08 17:00:00,116214.64,116724.31,116179.03,116723.12,593.69,69147207.19
2025-08-08 18:00:00,116723.12,116917.34,116356.76,116532.56,834.1,97318662.34
2025-08-08 19:00:00,116532.56,116757.06,116376.26,116488.26,2118.85,246946662.92
2025-08-08 20:00:00,116488.26,116924.56,116348.86,116924.56,464.95,54219389.17
2025-08-08 21:00:00,116924.56,117003.0,116770.65,116959.74,269.69,31520542.42
2025-08-08 22:00:00,116959.74,117007.38,116783.25,116906.31,273.27,31950488.95
2025-08-08 23:00:00,116906.31,116943.05,116671.1,116692.86,360.78,42132946.24
2025-08-09 00:00:00,116692.86,116774.26,116588.76,116609.35,450.78,52592697.02
2025-08-09 01:00:00,116609.35,116669.6,116541.85,116577.42,413.83,48249743.27
2025-08-09 02:00:00,116577.42,116577.48,116402.36,116412.29,408.65,47590695.88
2025-08-09 03:00:00,116412.29,116497.81,116360.05,116403.92,243.79,28381250.03
2025-08-09 04:00:00,116403.92,116691.91,116376.25,116467.06,209.37,24394627.25
2025-08-09 05:00:00,116467.06,116996.3,116441.91,116754.8,420.74,49128114.95
2025-08-09 06:00:00,116754.8,116771.22,116566.58,116679.85,200.62,23403756.34
2025-08-09 07:00:00,116679.85,116920.75,116653.52,116777.37,151.77,17727705.02
2025-08-09 08:00:00,116777.37,117188.1,116770.85,117121.97,281.21,32890751.07
2025-08-09 09:00:00,117121.97,117518.08,117069.69,117515.78,370.49,43464137.84
2025-08-09 10:00:00,117515.78,117940.29,117407.53,117445.79,584.26,68746652.92
2025-08-09 11:00:00,117445.79,117485.27,117102.24,117130.97,264.02,30962232.19
2025-08-09 12:00:00,117130.97,117252.91,117025.53,117123.05,271.4,31794385.32
2025-08-09 13:00:00,117123.05,117164.42,116893.89,116985.64,309.98,36266067.92
2025-08-09 14:00:00,116985.64,117019.91,116783.31,116987.98,331.04,38699532.77
2025-08-09 15:00:00,116987.98,117160.0,116731.95,116912.4,418.86,48977230.07
2025-08-09 16:00:00,116912.4,116970.41,116665.82,116678.69,317.84,37120989.01
2025-08-09 17:00:00,116678.69,116817.49,116649.94,116704.96,236.63,27622882.48
2025-08-09 18:00:00,116704.96,116748.61,116577.67,116663.77,258.27,30134955.69
2025-08-09 19:00:00,116663.77,116755.03,116544.33,116578.18,224.65,26202807.05
2025-08-09 20:00:00,116578.18,117048.98,116531.7,116801.69,512.28,59814147.16
2025-08-09 21:00:00,116801.69,116824.43,116412.9,116563.18,479.64,55901980.95
2025-08-09 22:00:00,116563.18,116762.42,116534.6,116579.42,298.39,34804474.31
2025-08-09 23:00:00,116579.42,116626.65,116467.04,116501.28,272.01,31687087.55
2025-08-10 00:00:00,116501.28,116772.42,116496.35,116765.72,182.07,21236426.79
2025-08-10 01:00:00,116765.72,116795.35,116571.87,116603.7,250.67,29248830.88
2025-08-10 02:00:00,116603.7,117329.49,116602.57,117323.24,487.92,57065041.96
2025-08-10 03:00:00,117323.24,118510.21,117264.48,118508.2,1284.62,151737761.69
2025-08-10 04:00:00,118508.2,118751.64,118410.87,118502.07,662.69,78613065.12
2025-08-10 05:00:00,118502.07,118528.51,117942.16,118067.85,351.62,41557714.05
2025-08-10 06:00:00,118067.85,118167.67,117761.99,118090.46,244.07,28793791.65
2025-08-10 07:00:00,118090.46,118247.93,117499.07,117815.69,279.12,32891098.35
2025-08-10 08:00:00,117815.69,118404.89,117643.15,118319.5,302.14,35672718.31
2025-08-10 09:00:00,118319.5,118440.18,118137.04,118296.57,229.9,27194824.47
2025-08-10 10:00:00,118296.57,118296.67,118015.11,118024.13,191.35,22609460.33
2025-08-10 11:00:00,118024.13,118514.85,117953.35,118339.67,259.02,30633896.03
2025-08-10 12:00:00,118339.67,118735.32,118256.38,118516.24,479.64,56869588.17
2025-08-10 13:00:00,118516.24,118690.61,118383.45,118457.16,492.3,58356339.5
2025-08-10 14:00:00,118457.16,118847.73,118343.6,118789.34,764.65,90744459.99
2025-08-10 15:00:00,118789.34,119116.93,118577.23,118816.27,483.64,57484169.69
2025-08-10 16:00:00,118816.27,118947.04,118636.23,118676.18,376.03,44662090.52
2025-08-10 17:00:00,118676.18,118704.77,118463.87,118538.92,277.16,32858897.6
2025-08-10 18:00:00,118538.92,118617.77,118445.26,118561.99,150.49,17837204.36
2025-08-10 19:00:00,118561.99,118719.81,118474.45,118681.7,193.17,22913057.64
2025-08-10 20:00:00,118681.7,118766.44,118112.07,118355.17,900.98,106681614.36
2025-08-10 21:00:00,118355.17,118702.25,118127.77,118702.25,484.75,57336670.87
2025-08-10 22:00:00,118702.25,119071.56,118644.26,119067.52,525.86,62511510.46
2025-08-10 23:00:00,119067.52,119320.76,118883.18,119311.7,700.29,83436198.36
2025-08-11 00:00:00,119311.7,119505.77,119144.74,119168.56,765.3,91306547.15
2025-08-11 01:00:00,119168.56,119958.33,119015.15,119958.33,1264.28,151167018.68
2025-08-11 02:00:00,119958.33,121897.73,119944.5,121874.95,2994.76,362773529.88
2025-08-11 03:00:00,121874.95,122168.04,121560.97,121717.95,1226.28,149383493.4
2025-08-11 04:00:00,121717.95,122165.47,121624.16,122080.32,1284.12,156450500.49
2025-08-11 05:00:00,122080.32,122298.7,121801.37,122032.21,593.79,72463813.68
2025-08-11 06:00:00,122032.21,122309.71,121948.88,122288.75,489.51,59790301.35
2025-08-11 07:00:00,122288.75,122301.92,121469.0,121526.23,459.85,56042298.31
2025-08-11 08:00:00,121526.23,121790.43,121212.43,121675.76,544.48,66171732.33
2025-08-11 09:00:00,121675.76,121699.39,121136.68,121400.18,476.87,57878687.16
2025-08-11 10:00:00,121400.18,121426.7,120956.22,121156.57,479.95,58165882.71
2025-08-11 11:00:00,121156.57,121248.12,120278.76,120550.3,1003.66,121122975.71
2025-08-11 12:00:00,120550.3,120634.66,119514.75,119622.66,1811.16,217326839.01
2025-08-11 13:00:00,119622.66,120298.78,119360.63,119983.21,1873.0,224361081.13
2025-08-11 14:00:00,119983.21,120569.9,119789.64,120219.25,1395.47,167607232.0
2025-08-11 15:00:00,120219.25,120401.81,119839.17,120307.1,1177.61,141483889.25
2025-08-11 16:00:00,120307.1,120799.38,119928.36,119956.62,1269.17,152824753.88
2025-08-11 17:00:00,119956.62,120155.81,119477.66,119507.3,1004.89,120371774.04
2025-08-11 18:00:00,119507.3,119883.33,119270.86,119775.75,932.49,111497362.28
2025-08-11 19:00:00,119775.75,119791.86,118618.32,119078.56,1534.2,182813310.69
2025-08-11 20:00:00,119078.56,119086.3,118575.15,118849.36,949.11,112776875.33
2025-08-11 21:00:00,118849.36,119188.93,118106.91,118731.63,1076.52,127750593.23
2025-08-11 22:00:00,118731.63,118933.13,118297.55,118911.29,711.73,84421110.69
2025-08-11 23:00:00,118911.29,118911.29,118612.14,118714.58,341.69,40588652.65
2025-08-12 00:00:00,118714.58,119045.16,118622.48,118974.8,651.32,77398173.01
2025-08-12 01:00:00,118974.8,119135.38,118802.15,119000.8,549.5,65398618.61
2025-08-12 02:00:00,119000.8,119296.45,118856.75,119073.86,432.31,51483811.8
2025-08-12 03:00:00,119073.86,119130.76,118774.7,118861.42,326.32,38820239.68
2025-08-12 04:00:00,118861.42,119167.79,118814.77,119082.91,239.95,28555027.55
2025-08-12 05:00:00,119082.91,119083.03,118443.15,118827.24,501.22,59491972.0
2025-08-12 06:00:00,118827.24,119031.59,118615.99,118852.38,412.68,49058602.48
2025-08-12 07:00:00,118852.38,119165.51,118852.38,119001.72,192.77,22949261.18
2025-08-12 08:00:00,119001.72,119064.15,118755.31,118825.11,311.94,37094201.88
2025-08-12 09:00:00,118825.11,118899.93,118418.03,118425.17,386.72,45878901.17
2025-08-12 10:00:00,118425.17,118654.7,118224.95,118451.63,496.56,58805401.97
2025-08-12 11:00:00,118451.63,118651.3,118214.28,118511.29,369.77,43787959.67
2025-08-12 12:00:00,118511.29,119268.28,118272.83,119268.15,1798.32,213780520.27
2025-08-12 13:00:00,119268.15,119711.71,118629.0,118846.52,2283.86,272000504.83
2025-08-12 14:00:00,118846.52,119449.84,118764.0,119446.35,1396.12,166330842.64
2025-08-12 15:00:00,119446.35,119973.57,119320.63,119946.72,1314.86,157350174.4
2025-08-12 16:00:00,119946.72,120208.71,119542.63,119668.75,1070.41,128246643.34
2025-08-12 17:00:00,119668.75,119873.82,119204.37,119288.23,923.01,110353886.11
2025-08-12 18:00:00,119288.23,120094.89,119276.16,119352.45,973.35,116475712.19
2025-08-12 19:00:00,119352.45,119982.32,119313.76,119665.12,743.4,88986947.62
2025-08-12 20:00:00,119665.12,120325.99,119504.35,120191.08,1101.39,132134601.88
2025-08-12 21:00:00,120191.08,120204.03,119804.14,119900.28,684.61,82162465.96
2025-08-12 22:00:00,119900.28,120090.42,119643.75,120089.31,580.28,69547954.31
2025-08-12 23:00:00,120089.31,120288.43,119899.17,120128.24,472.95,56815665.19
2025-08-13 00:00:00,120128.24,120162.82,119628.56,119703.75,598.7,71789382.44
2025-08-13 01:00:00,119703.75,119712.05,119335.97,119456.17,809.84,96780394.5
2025-08-13 02:00:00,119456.17,119731.69,119071.12,119547.61,653.13,77973549.03
2025-08-13 03:00:00,119547.61,119632.67,119307.8,119481.8,441.06,52694431.79
2025-08-13 04:00:00,119481.8,119832.02,119330.99,119342.51,489.02,58483342.63
2025-08-13 05:00:00,119342.51,119680.18,118948.18,119069.01,375.94,44846256.38
2025-08-13 06:00:00,119069.01,119433.43,118962.28,119426.69,262.7,31323009.49
2025-08-13 07:00:00,119426.69,119644.67,119312.99,119599.8,257.62,30764335.41
2025-08-13 08:00:00,119599.8,120053.87,119464.68,120052.76,550.01,65902874.9
2025-08-13 09:00:00,120052.76,120170.5,119796.13,120128.52,744.87,89401191.17
2025-08-13 10:00:00,120128.52,120500.7,120054.78,120493.14,1053.86,126814513.55
2025-08-13 11:00:00,120493.14,120725.98,120436.15,120575.08,592.18,71416432.83
2025-08-13 12:00:00,120575.08,120680.15,120218.61,120288.33,876.89,105638987.41
2025-08-13 13:00:00,120288.33,122075.11,120119.03,121783.93,2364.07,286250954.82
2025-08-13 14:00:00,121783.93,122240.84,120800.93,120917.55,3832.71,466604973.6
2025-08-13 15:00:00,120917.55,121370.18,120349.94,120951.84,1810.69,218868081.55
2025-08-13 16:00:00,120951.84,121759.82,120951.79,121451.45,1495.05,181663811.15
2025-08-13 17:00:00,121451.45,121889.17,121448.58,121848.98,1035.92,126073570.67
2025-08-13 18:00:00,121848.98,121977.39,121470.28,121654.61,1094.92,133278832.18
2025-08-13 19:00:00,121654.61,122896.71,121544.84,122810.04,2525.46,309068101.46
2025-08-13 20:00:00,122810.04,123045.11,122532.9,122972.37,1238.31,152089108.48
2025-08-13 21:00:00,122972.37,123079.89,122370.41,122618.57,1169.29,143557277.67
2025-08-13 22:00:00,122618.57,123685.12,122618.57,123016.15,1901.58,234322765.68
2025-08-13 23:00:00,123016.15,123735.38,122970.46,123374.56,1179.16,145490761.1
2025-08-14 00:00:00,123374.56,124532.7,123323.09,123901.8,2194.91,271988337.74
2025-08-14 01:00:00,123901.8,123998.06,123400.2,123400.75,1018.28,125942125.42
2025-08-14 02:00:00,123400.75,123747.17,123328.36,123713.03,802.8,99164355.31
2025-08-14 03:00:00,123713.03,123906.95,123357.31,123406.33,390.1,48233580.47
2025-08-14 04:00:00,123406.33,123472.17,123063.65,123063.65,457.49,56399048.78
2025-08-14 05:00:00,123063.65,123175.5,122135.12,122194.3,736.85,90383472.8
2025-08-14 06:00:00,122194.3,122200.95,121365.05,121825.9,1103.86,134443697.27
2025-08-14 07:00:00,121825.9,122101.16,121594.23,121792.05,493.14,60051149.46
2025-08-14 08:00:00,121792.05,122079.22,121623.17,121685.07,564.86,68816050.49
2025-08-14 09:00:00,121685.07,121978.2,121577.26,121705.17,483.84,58913806.41
2025-08-14 10:00:00,121705.17,121828.9,120816.42,120981.31,1160.89,140800552.25
2025-08-14 11:00:00,120981.31,121075.7,120744.88,121009.79,850.09,102790101.91
2025-08-14 12:00:00,121009.79,121205.01,118069.02,118926.14,5195.49,621472372.96
2025-08-14 13:00:00,118926.14,119313.21,117769.44,118479.02,4771.44,565596824.87
2025-08-14 14:00:00,118479.02,119442.88,118058.61,118877.97,2923.87,347324940.57
2025-08-14 15:00:00,118877.97,118963.89,117907.65,118286.59,2233.52,264258954.9
2025-08-14 16:00:00,118286.59,118287.35,117435.83,117921.03,2420.67,285175750.33
2025-08-14 17:00:00,117921.03,118194.88,117565.71,117974.0,1267.92,149397392.96
2025-08-14 18:00:00,117974.0,118292.51,117241.12,118168.06,1471.44,173393608.08
2025-08-14 19:00:00,118168.06,118603.36,117990.34,118011.52,1401.35,165765480.6
2025-08-14 20:00:00,118011.52,118221.42,117805.4,117960.76,1154.93,136268080.37
2025-08-14 21:00:00,117960.76,118289.43,117412.95,117997.05,1105.12,130251859.18
2025-08-14 22:00:00,117997.05,118448.16,117737.87,118387.64,763.23,90214925.97
2025-08-14 23:00:00,118387.64,118614.02,118334.19,118391.59,525.78,62309072.45
2025-08-15 00:00:00,118391.59,118577.13,118153.0,118300.31,711.38,84216292.15
2025-08-15 01:00:00,118300.31,118851.06,118154.49,118799.2,728.23,86326668.72
2025-08-15 02:00:00,118799.2,119036.69,118705.03,118831.81,754.83,89728610.85
2025-08-15 03:00:00,118831.81,119207.34,118746.22,119098.5,647.67,77104794.85
2025-08-15 04:00:00,119098.5,119327.68,118906.86,118951.75,923.19,109743553.02
2025-08-15 05:00:00,118951.75,119097.5,118756.59,119079.52,340.45,40475929.01
2025-08-15 06:00:00,119079.52,119335.93,118980.71,119200.63,325.95,38849188.85
2025-08-15 07:00:00,119200.63,119203.14,118851.5,119049.23,265.85,31633238.11
2025-08-15 08:00:00,119049.23,119255.58,118972.16,118972.18,365.55,43544691.36
2025-08-15 09:00:00,118972.18,119134.19,118695.34,118785.47,305.54,36329213.48
2025-08-15 10:00:00,118785.47,119107.17,118785.41,118971.72,302.93,36050899.97
2025-08-15 11:00:00,118971.72,119187.98,118971.61,119087.93,206.79,24634251.36
2025-08-15 12:00:00,119087.93,119202.81,118620.81,118742.54,920.85,109487835.7
2025-08-15 13:00:00,118742.54,118830.1,117789.33,117834.25,1926.26,227796818.6
2025-08-15 14:00:00,117834.25,118335.64,117304.01,117450.67,2197.96,258989280.99
2025-08-15 15:00:00,117450.67,117648.08,116895.4,117331.58,1865.69,218762180.84
2025-08-15 16:00:00,117331.58,117485.17,116865.92,117428.55,1598.41,187261678.94
2025-08-15 17:00:00,117428.55,117943.91,117054.53,117659.36,1169.2,137382705.11
2025-08-15 18:00:00,117659.36,117732.92,117093.69,117221.44,819.87,96250647.36
2025-08-15 19:00:00,117221.44,117477.21,116913.42,116998.86,1324.5,155150276.51
2025-08-15 20:00:00,116998.86,117399.66,116930.05,117358.03,655.76,76845468.02
2025-08-15 21:00:00,117358.03,117433.68,117089.1,117405.95,392.98,46098664.08
2025-08-15 22:00:00,117405.95,117833.5,117381.6,117796.48,378.54,44505853.91
2025-08-15 23:00:00,117796.48,117859.88,117146.98,117440.09,596.18,69989410.51
2025-08-16 00:00:00,117440.09,117880.87,117343.78,117840.07,635.54,74749192.33
2025-08-16 01:00:00,117840.07,118000.57,117731.41,117926.32,447.73,52767419.37
2025-08-16 02:00:00,117926.32,117929.82,117549.95,117615.93,610.38,71854883.74
2025-08-16 03:00:00,117615.93,117772.91,117495.54,117538.63,297.85,35045485.77
2025-08-16 04:00:00,117538.63,117991.61,117531.93,117924.28,266.81,31428065.85
2025-08-16 05:00:00,117924.28,117961.14,117636.88,117706.22,156.56,18434836.97
2025-08-16 06:00:00,117706.22,117742.79,117396.21,117498.94,231.83,27249240.62
2025-08-16 07:00:00,117498.94,117773.15,117453.51,117705.19,189.38,22275353.35
2025-08-16 08:00:00,117705.19,117766.58,117594.61,117722.01,156.94,18467999.9
2025-08-16 09:00:00,117722.01,117802.07,117396.99,117407.26,260.25,30616078.29
2025-08-16 10:00:00,117407.26,117538.62,117242.73,117484.52,403.45,47370752.67
2025-08-16 11:00:00,117484.52,117629.43,117448.34,117473.0,144.14,16943932.56
2025-08-16 12:00:00,117473.0,117835.08,117426.76,117825.22,326.27,38384370.54
2025-08-16 13:00:00,117825.22,117881.26,117679.36,117727.22,318.52,37517155.3
2025-08-16 14:00:00,117727.22,117868.66,117632.36,117860.11,310.5,36565321.67
2025-08-16 15:00:00,117860.11,117909.44,117704.02,117769.11,214.91,25318707.73
2025-08-16 16:00:00,117769.11,117902.23,117767.42,117840.4,196.41,23144471.97
2025-08-16 17:00:00,117840.4,117847.98,117742.28,117784.08,144.45,17014126.54
2025-08-16 18:00:00,117784.08,117835.92,117712.63,117768.14,132.11,15559506.29
2025-08-16 19:00:00,117768.14,117844.99,117733.5,117751.48,124.34,14645065.22
2025-08-16 20:00:00,117751.48,117795.04,117609.48,117741.78,187.13,22030527.01
2025-08-16 21:00:00,117741.78,117741.93,117524.64,117533.62,139.0,16352008.03
2025-08-16 22:00:00,117533.62,117634.79,117313.54,117553.14,335.66,39439605.33
2025-08-16 23:00:00,117553.14,117563.25,117368.81,117469.52,175.83,20653383.12
2025-08-17 00:00:00,117469.52,117500.87,117343.78,117345.71,247.62,29073257.01
2025-08-17 01:00:00,117345.71,117576.57,117268.69,117517.71,315.37,37028804.63
2025-08-17 02:00:00,117517.71,117706.77,117473.6,117688.6,248.17,29182155.49
2025-08-17 03:00:00,117688.6,117836.79,117593.63,117764.66,236.45,27833613.89
2025-08-17 04:00:00,117764.66,118265.71,117764.56,118166.54,295.6,34879120.55
2025-08-17 05:00:00,118166.54,118323.3,118086.65,118094.9,237.31,28048253.67
2025-08-17 06:00:00,118094.9,118201.38,117991.77,118017.58,106.88,12621949.11
2025-08-17 07:00:00,118017.58,118126.59,117939.52,118092.17,113.37,13381939.56
2025-08-17 08:00:00,118092.17,118475.14,118017.95,118456.89,215.33,25463326.72
2025-08-17 09:00:00,118456.89,118559.89,118304.09,118407.18,364.31,43140845.12
2025-08-17 10:00:00,118407.18,118459.74,118259.14,118456.58,284.14,33626747.0
2025-08-17 11:00:00,118456.58,118462.18,118341.53,118382.2,182.82,21646393.86
2025-08-17 12:00:00,118382.2,118423.49,118209.87,118229.21,222.37,26311517.81
2025-08-17 13:00:00,118229.21,118639.81,118141.41,118504.88,375.85,44477456.34
2025-08-17 14:00:00,118504.88,118543.38,118219.0,118222.04,276.18,32689803.79
2025-08-17 15:00:00,118222.04,118326.15,118203.68,118307.93,259.22,30650556.08
2025-08-17 16:00:00,118307.93,118376.98,117790.91,117893.37,564.57,66667379.15
2025-08-17 17:00:00,117893.37,118008.97,117723.64,117971.62,300.09,35377313.18
2025-08-17 18:00:00,117971.62,118020.84,117392.95,117619.1,408.77,48128061.35
2025-08-17 19:00:00,117619.1,117820.28,117543.97,117656.63,318.28,37457373.83
2025-08-17 20:00:00,117656.63,117823.78,117584.87,117686.85,201.2,23683954.66
2025-08-17 21:00:00,117686.85,117852.58,117686.11,117784.79,188.82,22232661.78
2025-08-17 22:00:00,117784.79,118078.22,117763.92,118035.06,350.74,41359484.83
2025-08-17 23:00:00,118035.06,118053.83,117456.48,117488.0,392.85,46238472.15
2025-08-18 00:00:00,117488.0,117627.66,117108.09,117366.94,766.68,89977200.69
2025-08-18 01:00:00,117366.94,117485.06,116267.85,116360.31,1989.81,232337080.96
2025-08-18 02:00:00,116360.31,116414.01,115404.69,115535.6,2003.61,232212647.13
2025-08-18 03:00:00,115535.6,115711.35,115076.99,115396.66,1088.47,125604828.96
2025-08-18 04:00:00,115396.66,115611.75,115169.92,115557.11,588.18,67882421.5
2025-08-18 05:00:00,115557.11,115768.06,115073.9,115768.06,537.97,62102741.15
2025-08-18 06:00:00,115768.06,115795.41,114966.11,115326.05,872.82,100608660.82
2025-08-18 07:00:00,115326.05,115558.32,115277.22,115290.05,502.39,57996419.5
2025-08-18 08:00:00,115290.05,115472.66,115156.21,115213.54,485.92,56038484.78
2025-08-18 09:00:00,115213.54,115219.61,114716.49,115110.51,1152.28,132469575.97
2025-08-18 10:00:00,115110.51,115337.22,115062.78,115144.99,397.2,45762427.05
2025-08-18 11:00:00,115144.99,115211.29,114934.17,115019.01,760.19,87445346.59
2025-08-18 12:00:00,115019.01,115577.99,114978.93,115577.98,642.61,74063861.27
2025-08-18 13:00:00,115577.98,115809.64,114891.47,114909.98,1661.05,191821129.91
2025-08-18 14:00:00,114909.98,115696.88,114909.98,115693.26,1832.6,211173325.83
2025-08-18 15:00:00,115693.26,116246.26,115474.93,116215.23,1050.25,121656994.5
2025-08-18 16:00:00,116215.23,116429.66,115920.7,116040.72,1171.32,136078211.56
2025-08-18 17:00:00,116040.72,116883.88,116040.66,116503.51,1125.03,131137490.67
2025-08-18 18:00:00,116503.51,116649.32,116301.25,116553.74,746.2,86917755.61
2025-08-18 19:00:00,116553.74,116692.75,116267.8,116379.16,906.75,105546293.01
2025-08-18 20:00:00,116379.16,116603.26,116064.26,116474.75,803.44,93492905.38
2025-08-18 21:00:00,116474.75,116757.69,116471.99,116730.63,516.51,60240669.38
2025-08-18 22:00:00,116730.63,117050.07,116460.42,116471.47,735.38,85946520.0
2025-08-18 23:00:00,116471.47,116623.96,116169.37,116292.15,396.16,46105675.55
2025-08-19 00:00:00,116292.15,116620.38,115594.66,116615.62,1151.56,133759743.42
2025-08-19 01:00:00,116615.62,116789.95,115779.33,115853.05,807.16,93836463.31
2025-08-19 02:00:00,115853.05,116100.82,115701.86,115807.07,627.86,72757060.74
2025-08-19 03:00:00,115807.07,115813.58,114864.95,114876.4,1355.36,156195582.28
2025-08-19 04:00:00,114876.4,115408.89,114441.44,115357.4,1232.18,141556464.29
2025-08-19 05:00:00,115357.4,115524.68,115010.26,115024.09,502.75,57960372.21
2025-08-19 06:00:00,115024.09,115259.07,114965.87,115066.02,368.07,42354545.01
2025-08-19 07:00:00,115066.02,115109.23,114676.04,115032.84,502.39,57717093.59
2025-08-19 08:00:00,115032.84,115350.24,114858.01,115251.74,467.95,53846508.78
2025-08-19 09:00:00,115251.74,115549.81,115244.65,115391.51,558.09,64418040.16
2025-08-19 10:00:00,115391.51,115640.43,115373.59,115454.66,415.44,47984909.0
2025-08-19 11:00:00,115454.66,115709.18,115454.66,115569.97,423.14,48922880.48
2025-08-19 12:00:00,115569.97,115672.96,115327.94,115639.17,472.61,54601323.3
2025-08-19 13:00:00,115639.17,115925.54,114914.42,115225.81,1853.73,213831700.0
2025-08-19 14:00:00,115225.81,115404.96,113779.88,113903.56,4272.57,488474834.16
2025-08-19 15:00:00,113903.56,114190.08,113592.83,113793.87,2220.52,252903890.8
2025-08-19 16:00:00,113793.87,113905.53,113349.46,113395.6,1401.38,159238355.71
2025-08-19 17:00:00,113395.6,113606.2,113117.19,113524.31,1698.13,192473575.39
2025-08-19 18:00:00,113524.31,113524.52,112839.6,113067.5,1560.87,176667921.67
2025-08-19 19:00:00,113067.5,113544.27,112765.28,113123.03,1615.25,182804904.64
2025-08-19 20:00:00,113123.03,113575.81,112933.18,113575.81,890.19,100791324.37
2025-08-19 21:00:00,113575.81,113586.36,113415.08,113424.31,357.95,40632446.48
2025-08-19 22:00:00,113424.31,113443.79,113071.65,113177.29,528.78,59874971.36
2025-08-19 23:00:00,113177.29,113201.59,112738.04,112870.67,1002.92,113246838.75
2025-08-20 00:00:00,112870.67,113330.89,112841.39,113225.33,937.42,106051936.71
2025-08-20 01:00:00,113225.33,113418.73,112582.8,113013.59,1083.05,122361904.16
2025-08-20 02:00:00,113013.59,113522.1,112966.22,113463.4,641.41,72656698.14
2025-08-20 03:00:00,113463.4,113659.76,113347.2,113544.15,509.69,57852670.82
2025-08-20 04:00:00,113544.15,113714.9,113490.82,113649.17,283.75,32242671.61
2025-08-20 05:00:00,113649.17,113787.93,113493.59,113733.82,219.79,24977508.22
2025-08-20 06:00:00,113733.82,113759.29,113523.27,113684.7,299.65,34062449.22
2025-08-20 07:00:00,113684.7,113862.02,113462.17,113509.02,285.59,32472122.01
2025-08-20 08:00:00,113509.02,114037.42,113428.38,114018.81,663.18,75486041.66
2025-08-20 09:00:00,114018.81,114021.41,113645.52,113707.23,502.62,57238012.73
2025-08-20 10:00:00,113707.23,113880.64,113593.93,113804.13,532.08,60517380.49
2025-08-20 11:00:00,113804.13,113862.41,113080.98,113678.64,753.35,85446434.73
2025-08-20 12:00:00,113678.64,113958.04,113537.3,113689.6,907.52,103266795.49
2025-08-20 13:00:00,113689.6,113690.6,112598.12,112694.73,2136.78,241555807.22
2025-08-20 14:00:00,112694.73,113871.42,112387.14,113477.2,3082.11,348577721.12
2025-08-20 15:00:00,113477.2,114339.14,113251.24,113361.29,2272.36,258930314.82
2025-08-20 16:00:00,113361.29,114326.43,113286.07,113856.69,1504.54,171291967.03
2025-08-20 17:00:00,113856.69,114466.36,113801.0,114224.76,1211.07,138141529.26
2025-08-20 18:00:00,114224.76,114301.34,113271.03,113506.86,1574.39,178888831.02
2025-08-20 19:00:00,113506.86,114353.31,113483.35,114298.48,1175.98,134119269.17
2025-08-20 20:00:00,114298.48,114402.41,114013.84,114398.37,721.61,82417339.43
2025-08-20 21:00:00,114398.37,114495.92,114018.07,114379.49,583.66,66710202.21
2025-08-20 22:00:00,114379.49,114642.26,114228.12,114617.71,648.62,74219949.6
2025-08-20 23:00:00,114617.71,114640.97,114238.23,114291.37,448.02,51231757.05
2025-08-21 00:00:00,114291.37,114509.73,114029.55,114309.99,694.53,79345005.11
2025-08-21 01:00:00,114309.99,114741.92,113971.56,114736.52,812.37,92870327.22
2025-08-21 02:00:00,114736.52,114816.84,113923.81,114050.32,764.77,87352802.86
2025-08-21 03:00:00,114050.32,114537.6,113966.29,113968.99,507.04,57925945.48
2025-08-21 04:00:00,113968.99,114036.83,113804.68,113812.65,338.88,38613295.4
2025-08-21 05:00:00,113812.65,114013.89,113639.79,113987.79,353.66,40248524.48
2025-08-21 06:00:00,113987.79,113987.8,113619.03,113811.02,366.48,41683447.34
2025-08-21 07:00:00,113811.02,113929.72,113583.46,113894.05,388.88,44235895.35
2025-08-21 08:00:00,113894.05,113987.27,113587.23,113587.24,397.35,45211680.78
2025-08-21 09:00:00,113587.24,113610.02,113298.57,113379.8,632.97,71809251.41
2025-08-21 10:00:00,113379.8,113467.97,113225.08,113337.79,467.59,53012274.68
2025-08-21 11:00:00,113337.79,113540.09,113006.26,113143.92,474.35,53746758.56
2025-08-21 12:00:00,113143.92,113407.64,112944.14,113090.6,837.17,94737545.06
2025-08-21 13:00:00,113090.6,113721.96,113044.74,113486.09,1539.86,174584048.08
2025-08-21 14:00:00,113486.09,113985.45,112918.64,113273.44,1920.23,217919631.58
2025-08-21 15:00:00,113273.44,113381.42,112603.87,112775.31,1922.24,217075935.47
2025-08-21 16:00:00,112775.31,112959.41,112308.34,112361.9,1452.7,163681959.02
2025-08-21 17:00:00,112361.9,112576.67,112166.3,112395.78,1417.92,159262018.58
2025-08-21 18:00:00,112395.78,112663.74,112207.04,112588.89,884.23,99380254.3
2025-08-21 19:00:00,112588.89,112717.27,111993.84,112171.02,1223.81,137313757.09
2025-08-21 20:00:00,112171.02,112839.17,112048.6,112434.57,1093.0,122854116.5
2025-08-21 21:00:00,112434.57,112724.63,112098.75,112605.64,780.41,87749661.44
2025-08-21 22:00:00,112605.64,112691.8,112395.91,112488.25,368.81,41508128.25
2025-08-21 23:00:00,112488.25,112492.58,112249.09,112491.84,308.06,34612990.75
2025-08-22 00:00:00,112491.84,112828.33,112465.65,112608.74,827.47,93196161.52
2025-08-22 01:00:00,112608.74,112899.98,112314.09,112820.54,645.09,72677826.48
2025-08-22 02:00:00,112820.54,113507.64,112766.25,113133.81,966.73,109477881.62
2025-08-22 03:00:00,113133.81,113430.11,112870.24,112907.39,430.26,48687169.94
2025-08-22 04:00:00,112907.39,113231.79,112686.31,112814.28,547.52,61873825.66
2025-08-22 05:00:00,112814.28,113252.06,112814.03,113210.6,350.73,39640747.65
2025-08-22 06:00:00,113210.6,113363.89,112826.11,112973.29,508.69,57525013.93
2025-08-22 07:00:00,112973.29,113227.42,112930.0,113070.21,340.95,38562178.27
2025-08-22 08:00:00,113070.21,113288.89,112922.17,112963.68,424.46,48003878.01
2025-08-22 09:00:00,112963.68,113103.98,112793.2,113030.08,478.46,54025417.56
2025-08-22 10:00:00,113030.08,113047.09,112500.83,112519.74,424.97,47887206.35
2025-08-22 11:00:00,112519.74,112602.65,112166.18,112307.66,371.61,41746246.54
2025-08-22 12:00:00,112307.66,112685.82,111675.14,112326.01,1801.33,201988456.06
2025-08-22 13:00:00,112326.01,112654.49,111936.06,112469.84,1789.08,200970055.19
2025-08-22 14:00:00,112469.84,116132.18,112469.84,115819.98,6802.74,783000789.4
2025-08-22 15:00:00,115819.98,117316.46,115819.94,116393.76,3272.72,382053932.04
2025-08-22 16:00:00,116393.76,116789.87,116127.29,116156.44,2223.04,258818050.68
2025-08-22 17:00:00,116156.44,117022.44,116155.94,117016.82,1667.38,194619710.09
2025-08-22 18:00:00,117016.82,117428.1,116749.36,116804.34,1363.85,159665462.05
2025-08-22 19:00:00,116804.34,116915.42,116511.45,116654.72,1085.27,126654418.53
2025-08-22 20:00:00,116654.72,117124.0,116587.03,117039.47,705.62,82491618.42
2025-08-22 21:00:00,117039.47,117179.85,116832.09,117019.13,525.54,61471510.38
2025-08-22 22:00:00,117019.13,117043.51,116553.19,116744.86,535.02,62468288.44
2025-08-22 23:00:00,116744.86,116914.47,116665.64,116909.79,287.19,33536799.44
2025-08-23 00:00:00,116909.79,117003.31,116711.75,116838.6,404.01,47214756.98
2025-08-23 01:00:00,116838.6,116845.8,116277.26,116411.1,541.83,63142936.02
2025-08-23 02:00:00,116411.1,116503.72,115465.12,115900.55,1033.1,119747298.84
2025-08-23 03:00:00,115900.55,115993.13,115425.7,115528.32,507.36,58689057.86
2025-08-23 04:00:00,115528.32,115918.81,115514.32,115883.01,347.38,40202696.31
2025-08-23 05:00:00,115883.01,115984.03,115755.86,115915.58,225.66,26153315.22
2025-08-23 06:00:00,115915.58,115977.28,115658.69,115732.26,255.72,29614377.55
2025-08-23 07:00:00,115732.26,115887.09,115631.51,115771.13,217.04,25122522.46
2025-08-23 08:00:00,115771.13,115831.63,115579.99,115713.6,208.18,24090597.58
2025-08-23 09:00:00,115713.6,115754.07,115573.53,115726.41,213.5,24688506.18
2025-08-23 10:00:00,115726.41,115738.35,115544.66,115544.66,157.09,18163210.43
2025-08-23 11:00:00,115544.66,115597.41,115183.84,115250.88,197.13,22752280.67
2025-08-23 12:00:00,115250.88,115441.41,115156.38,115180.57,335.38,38675861.86
2025-08-23 13:00:00,115180.57,115181.15,114712.25,114836.11,812.33,93372935.44
2025-08-23 14:00:00,114836.11,115054.13,114592.56,114604.39,636.17,73044606.18
2025-08-23 15:00:00,114604.39,114926.06,114533.54,114795.83,410.67,47130410.75
2025-08-23 16:00:00,114795.83,115066.63,114658.2,114978.89,395.7,45442609.42
2025-08-23 17:00:00,114978.89,115139.04,114924.33,115063.7,347.68,39993123.77
2025-08-23 18:00:00,115063.7,115153.29,115018.99,115119.78,188.74,21723768.14
2025-08-23 19:00:00,115119.78,115142.72,115019.55,115108.36,122.98,14151578.17
2025-08-23 20:00:00,115108.36,115301.16,115082.17,115300.1,184.48,21248495.4
2025-08-23 21:00:00,115300.1,115300.37,114985.3,115007.13,208.31,23978354.42
2025-08-23 22:00:00,115007.13,115289.63,115006.93,115285.3,166.21,19146819.09
2025-08-23 23:00:00,115285.3,115396.71,115212.64,115391.76,154.61,17821644.98
2025-08-24 00:00:00,115391.76,115507.65,115277.3,115345.11,267.07,30811186.85
2025-08-24 01:00:00,115345.11,115534.85,115165.45,115443.35,344.87,39780412.26
2025-08-24 02:00:00,115443.35,115626.28,114977.71,114981.41,425.55,49087314.45
2025-08-24 03:00:00,114981.41,115123.28,114918.0,115007.75,283.65,32624235.65
2025-08-24 04:00:00,115007.75,115254.41,115007.64,115135.55,176.73,20349707.63
2025-08-24 05:00:00,115135.55,115170.95,114899.02,114959.11,145.21,16700084.41
2025-08-24 06:00:00,114959.11,115017.65,114817.83,114831.95,162.57,18681416.55
2025-08-24 07:00:00,114831.95,115074.72,114823.42,114863.96,168.67,19389228.01
2025-08-24 08:00:00,114863.96,114942.25,114729.48,114801.7,212.16,24356480.07
2025-08-24 09:00:00,114801.7,115014.87,114645.12,114816.57,257.03,29513104.69
2025-08-24 10:00:00,114816.57,114917.88,114575.05,114772.61,287.93,33037594.11
2025-08-24 11:00:00,114772.61,114868.14,114603.77,114715.19,188.16,21581388.34
2025-08-24 12:00:00,114715.19,114808.68,114581.71,114650.78,200.38,22980286.04
2025-08-24 13:00:00,114650.78,114847.16,114542.58,114546.58,402.82,46195770.45
2025-08-24 14:00:00,114546.58,114629.66,114340.63,114498.14,848.03,97071210.25
2025-08-24 15:00:00,114498.14,114834.14,114384.57,114386.04,455.87,52256010.8
2025-08-24 16:00:00,114386.04,114515.51,114240.52,114254.27,446.32,51050475.9
2025-08-24 17:00:00,114254.27,114544.22,114225.23,114391.3,675.26,77234787.58
2025-08-24 18:00:00,114391.3,114879.77,114280.29,114595.9,898.23,102965616.3
2025-08-24 19:00:00,114595.9,114750.86,110860.71,112594.74,4937.53,555628250.05
2025-08-24 20:00:00,112594.74,112991.23,111675.22,112762.03,2635.17,296385735.96
2025-08-24 21:00:00,112762.03,113390.52,112400.39,112984.32,980.21,110593725.68
2025-08-24 22:00:00,112984.32,113495.12,112626.33,113449.72,915.84,103497878.75
2025-08-24 23:00:00,113449.72,113686.34,113365.86,113486.67,710.58,80662785.46
2025-08-25 00:00:00,113486.67,113504.15,112157.1,112638.37,1170.23,132068262.63
2025-08-25 01:00:00,112638.37,113126.47,112624.33,113072.11,814.16,91907659.38
2025-08-25 02:00:00,113072.11,113615.59,113064.84,113404.39,670.78,76046203.65
2025-08-25 03:00:00,113404.39,113648.57,112896.54,112909.14,592.29,67121011.03
2025-08-25 04:00:00,112909.14,113039.42,112609.32,112752.76,534.78,60336454.54
2025-08-25 05:00:00,112752.76,112847.2,112315.51,112315.51,364.7,41042412.83
2025-08-25 06:00:00,112315.51,112441.59,111744.18,111917.08,705.5,79058210.77
2025-08-25 07:00:00,111917.08,112133.78,111304.9,111497.98,991.38,110720307.32
2025-08-25 08:00:00,111497.98,111808.93,110979.49,111411.65,1065.93,118799337.95
2025-08-25 09:00:00,111411.65,111810.92,111260.53,111778.47,589.93,65791667.51
2025-08-25 10:00:00,111778.47,111785.69,110926.17,110968.77,1036.89,115377301.53
2025-08-25 11:00:00,110968.77,111262.73,110912.2,111203.34,928.6,103157375.09
2025-08-25 12:00:00,111203.34,111669.18,111050.74,111581.53,1232.1,137204699.76
2025-08-25 13:00:00,111581.53,111745.92,110578.11,111483.1,2588.03,287755339.95
2025-08-25 14:00:00,111483.1,112324.72,111327.96,112268.07,2372.64,265661325.14
2025-08-25 15:00:00,112268.07,112574.31,111844.01,112206.89,1484.84,166721605.17
2025-08-25 16:00:00,112206.89,112943.22,112045.84,112530.09,1376.09,154921981.73
2025-08-25 17:00:00,112530.09,112810.91,112180.08,112442.07,1272.72,143158872.66
2025-08-25 18:00:00,112442.07,112636.2,112251.82,112408.02,883.48,99346758.84
2025-08-25 19:00:00,112408.02,112437.09,110666.37,110702.03,1961.58,218731041.2
2025-08-25 20:00:00,110702.03,111088.95,109434.43,109593.73,6311.11,695084118.06
2025-08-25 21:00:00,109593.73,110314.23,109292.22,109926.33,2663.32,292310303.58
2025-08-25 22:00:00,109926.33,110631.36,109922.32,110188.1,918.49,101304417.56
2025-08-25 23:00:00,110188.1,110298.23,109818.25,110150.15,775.77,85372079.51
2025-08-26 00:00:00,110150.15,110150.25,108963.26,109133.53,3230.49,353861760.06
2025-08-26 01:00:00,109133.53,109941.46,108701.29,109923.82,1972.38,215973079.28
2025-08-26 02:00:00,109923.82,110056.59,109547.49,109744.46,899.68,98776495.98
2025-08-26 03:00:00,109744.46,109949.63,109461.51,109899.54,581.67,63853622.08
2025-08-26 04:00:00,109899.54,110262.24,109899.54,110126.79,427.96,47119431.48
2025-08-26 05:00:00,110126.79,110399.06,110124.63,110236.19,286.32,31575698.71
2025-08-26 06:00:00,110236.19,110368.27,109945.82,110020.7,360.81,39731232.97
2025-08-26 07:00:00,110020.7,110567.07,109794.74,110318.83,428.26,47185092.3
2025-08-26 08:00:00,110318.83,110480.96,110029.04,110132.69,518.94,57200336.54
2025-08-26 09:00:00,110132.69,110434.9,110060.14,110177.29,404.05,44548208.88
2025-08-26 10:00:00,110177.29,110442.78,110085.94,110242.22,491.91,54266871.79
2025-08-26 11:00:00,110242.22,110253.24,109588.32,109889.43,644.43,70782784.05
2025-08-26 12:00:00,109889.43,110817.83,109627.34,110228.96,1714.91,188962178.32
2025-08-26 13:00:00,110228.96,110279.28,109395.44,110095.74,2550.47,280365757.8
2025-08-26 14:00:00,110095.74,110562.51,109811.67,110375.27,2619.25,288704546.28
2025-08-26 15:00:00,110375.27,110567.46,109559.16,109684.37,1573.23,173128527.25
2025-08-26 16:00:00,109684.37,110176.79,109461.11,110176.78,1155.96,126818171.42
2025-08-26 17:00:00,110176.78,110222.11,109612.28,110007.91,1183.19,129990133.69
2025-08-26 18:00:00,110007.91,111007.03,109988.16,110724.93,1494.51,165161338.67
2025-08-26 19:00:00,110724.93,111194.88,110529.89,111151.8,1410.04,156519226.45
2025-08-26 20:00:00,111151.8,111414.44,110939.44,111363.15,1204.2,133975022.57
2025-08-26 21:00:00,111363.15,111618.72,111156.03,111614.19,429.26,47794507.83
2025-08-26 22:00:00,111614.19,111976.68,111596.69,111940.08,848.66,94863932.03
2025-08-26 23:00:00,111940.08,112407.53,111768.52,111805.93,785.23,87994268.94
2025-08-27 00:00:00,111805.93,111844.43,111364.9,111387.89,683.86,76350234.97
2025-08-27 01:00:00,111387.89,111495.03,111130.64,111325.32,515.66,57399855.38
2025-08-27 02:00:00,111325.32,111506.61,111149.27,111176.74,548.64,61091356.06
2025-08-27 03:00:00,111176.74,111742.87,110949.29,111449.82,653.1,72681409.06
2025-08-27 04:00:00,111449.82,111745.02,111433.28,111601.41,373.58,41693231.21
2025-08-27 05:00:00,111601.41,111688.67,111353.75,111382.28,274.61,30611188.32
2025-08-27 06:00:00,111382.28,111382.4,111034.93,111050.7,182.98,20358213.54
2025-08-27 07:00:00,111050.7,111137.0,110662.41,110743.49,391.02,43332429.04
2025-08-27 08:00:00,110743.49,110852.42,110381.63,110773.11,581.55,64331147.26
2025-08-27 09:00:00,110773.11,111143.07,110738.95,110830.87,483.45,53621056.69
2025-08-27 10:00:00,110830.87,111284.06,110830.87,111006.12,412.66,45836661.61
2025-08-27 11:00:00,111006.12,111414.96,111006.08,111346.15,239.27,26626727.62
2025-08-27 12:00:00,111346.15,111416.77,111053.2,111368.62,625.32,69557151.74
2025-08-27 13:00:00,111368.62,111922.63,111044.97,111530.52,2004.72,223472016.37
2025-08-27 14:00:00,111530.52,112669.11,111325.09,111842.62,2607.85,292133910.8
2025-08-27 15:00:00,111842.62,112119.75,111545.32,112048.24,1469.75,164428164.88
2025-08-27 16:00:00,112048.24,112298.26,111587.57,112156.47,1242.16,139080611.73
2025-08-27 17:00:00,112156.47,112477.21,111927.19,112371.79,937.78,105250129.62
2025-08-27 18:00:00,112371.79,112637.85,111951.31,111972.69,897.73,100906919.47
2025-08-27 19:00:00,111972.69,112234.51,111600.69,112093.08,1312.1,146940217.58
2025-08-27 20:00:00,112093.08,112427.63,110973.07,112427.63,3158.73,353475916.68
2025-08-27 21:00:00,112427.63,112463.67,111385.01,111538.63,938.7,105063594.99
2025-08-27 22:00:00,111538.63,111629.75,111088.8,111438.2,744.66,82907261.8
2025-08-27 23:00:00,111438.2,111560.3,111114.91,111276.98,570.96,63557577.23
2025-08-28 00:00:00,111276.98,111556.64,110887.39,111361.1,833.89,92748871.62
2025-08-28 01:00:00,111361.1,111739.04,111352.13,111671.59,633.29,70644562.2
2025-08-28 02:00:00,111671.59,111783.15,111465.59,111518.24,539.18,60175241.96
2025-08-28 03:00:00,111518.24,112059.19,111429.38,112033.02,381.96,42735794.96
2025-08-28 04:00:00,112033.02,113099.85,111972.65,112992.89,679.81,76551502.02
2025-08-28 05:00:00,112992.89,113183.15,112722.17,112881.3,412.2,46554879.78
2025-08-28 06:00:00,112881.3,113286.37,112736.74,113230.06,453.62,51258704.64
2025-08-28 07:00:00,113230.06,113380.27,113031.44,113149.68,449.17,50852464.2
2025-08-28 08:00:00,113149.68,113366.2,113025.71,113151.32,502.28,56852796.47
2025-08-28 09:00:00,113151.32,113157.67,112870.43,112884.3,301.92,34122946.37
2025-08-28 10:00:00,112884.3,113144.77,112843.19,113143.88,411.48,46490266.37
2025-08-28 11:00:00,113143.88,113175.0,112877.33,112946.58,314.43,35532419.71
2025-08-28 12:00:00,112946.58,113361.64,112820.06,113269.39,803.14,90813727.19
2025-08-28 13:00:00,113269.39,113487.65,112589.34,112821.67,1703.3,192430603.56
2025-08-28 14:00:00,112821.67,113326.91,112549.7,113184.24,1407.6,159015360.69
2025-08-28 15:00:00,113184.24,113276.57,112409.42,112697.32,1020.71,115072177.29
2025-08-28 16:00:00,112697.32,113219.38,112365.34,112365.34,1436.81,162118107.1
2025-08-28 17:00:00,112365.34,112645.27,112237.64,112415.91,1119.91,125906752.71
2025-08-28 18:00:00,112415.91,112725.99,112249.05,112386.6,784.18,88185528.54
2025-08-28 19:00:00,112386.6,112576.58,111909.04,111911.44,709.06,79571122.16
2025-08-28 20:00:00,111911.44,112128.65,111877.27,111926.3,906.98,101564562.64
2025-08-28 21:00:00,111926.3,112161.02,111921.12,112043.31,273.95,30686670.54
2025-08-28 22:00:00,112043.31,112515.35,112039.35,112370.83,319.99,35957552.32
2025-08-28 23:00:00,112370.83,112595.8,112329.73,112582.21,466.27,52435990.79
2025-08-29 00:00:00,112582.21,112646.73,112151.58,112225.12,789.69,88771874.74
2025-08-29 01:00:00,112225.12,112286.25,111440.48,111514.43,1059.07,118323391.42
2025-08-29 02:00:00,111514.43,111801.81,111399.13,111457.23,645.2,71994730.84
2025-08-29 03:00:00,111457.23,111854.45,111344.72,111741.71,464.97,51902437.14
2025-08-29 04:00:00,111741.71,111880.68,111443.06,111524.75,373.71,41736399.3
2025-08-29 05:00:00,111524.75,111601.86,111154.72,111324.38,424.62,47287363.44
2025-08-29 06:00:00,111324.38,111418.18,110989.46,111300.91,473.06,52585859.64
2025-08-29 07:00:00,111300.91,111304.43,109923.2,110036.5,1265.71,139783481.37
2025-08-29 08:00:00,110036.5,110292.87,109628.22,109638.7,1054.77,115986116.33
2025-08-29 09:00:00,109638.7,109942.93,109422.82,109792.95,707.5,77610597.82
2025-08-29 10:00:00,109792.95,110043.26,109774.45,110025.99,493.42,54253035.99
2025-08-29 11:00:00,110025.99,110173.32,109858.9,110124.76,580.34,63853906.83
2025-08-29 12:00:00,110124.76,111473.5,110101.99,110746.65,1767.96,195771591.31
2025-08-29 13:00:00,110746.65,110797.48,108925.01,109112.54,2710.82,297519510.49
2025-08-29 14:00:00,109112.54,109536.6,108119.28,108212.66,4500.4,489162900.09
2025-08-29 15:00:00,108212.66,108741.33,108206.46,108423.66,1759.94,190871123.86
2025-08-29 16:00:00,108423.66,108865.98,108164.23,108740.73,1616.48,175598288.43
2025-08-29 17:00:00,108740.73,108761.87,108196.27,108490.63,1252.81,135880314.22
2025-08-29 18:00:00,108490.63,108510.23,108109.86,108162.83,1214.85,131499794.54
2025-08-29 19:00:00,108162.83,108756.1,107954.45,108230.93,1827.95,198152225.61
2025-08-29 20:00:00,108230.93,108274.36,107549.88,107803.49,1901.5,205097877.89
2025-08-29 21:00:00,107803.49,108486.47,107512.41,108457.78,1035.12,111755575.6
2025-08-29 22:00:00,108457.78,108490.7,108216.29,108388.5,558.86,60548324.02
2025-08-29 23:00:00,108388.5,108563.37,108357.07,108393.15,644.23,69880933.77
2025-08-30 00:00:00,108393.15,108431.81,108166.87,108312.09,663.13,71813944.55
2025-08-30 01:00:00,108312.09,108367.42,107381.29,107457.18,753.91,81345381.42
2025-08-30 02:00:00,107457.18,107966.98,107416.26,107799.77,720.7,77668729.86
2025-08-30 03:00:00,107799.77,108440.93,107787.03,108440.85,723.62,78295333.95
2025-08-30 04:00:00,108440.85,108673.52,108385.5,108443.95,422.86,45891851.56
2025-08-30 05:00:00,108443.95,108485.5,108145.06,108359.93,348.29,37732030.28
2025-08-30 06:00:00,108359.93,108557.39,108221.7,108322.26,371.35,40238852.49
2025-08-30 07:00:00,108322.26,108523.99,108130.18,108523.99,306.34,33188619.57
2025-08-30 08:00:00,108523.99,108773.79,108492.57,108581.53,268.57,29178396.11
2025-08-30 09:00:00,108581.53,108617.68,108481.95,108527.95,286.43,31090980.23
2025-08-30 10:00:00,108527.95,108705.26,108418.01,108439.24,428.43,46513471.93
2025-08-30 11:00:00,108439.24,108726.4,108431.12,108694.27,300.43,32622190.54
2025-08-30 12:00:00,108694.27,108695.2,108355.56,108625.59,490.84,53265914.49
2025-08-30 13:00:00,108625.59,108626.22,108222.42,108549.59,600.8,65150721.14
2025-08-30 14:00:00,108549.59,108740.22,108429.62,108679.08,379.37,41195935.5
2025-08-30 15:00:00,108679.08,108937.23,108564.6,108887.21,487.11,52996458.88
2025-08-30 16:00:00,108887.21,108893.25,108687.11,108838.26,371.57,40429021.68
2025-08-30 17:00:00,108838.26,108919.98,108637.75,108802.48,303.65,33043010.5
2025-08-30 18:00:00,108802.48,108866.09,108651.78,108763.15,254.21,27649071.81
2025-08-30 19:00:00,108763.15,108928.74,108688.14,108860.49,197.99,21542987.26
2025-08-30 20:00:00,108860.49,108864.27,108623.46,108675.94,325.02,35335746.96
2025-08-30 21:00:00,108675.94,108716.39,108543.0,108617.46,313.72,34097912.59
2025-08-30 22:00:00,108617.46,108620.7,108500.83,108555.44,161.36,17520028.75
2025-08-30 23:00:00,108555.44,108836.34,108553.02,108833.53,203.28,22099655.86
2025-08-31 00:00:00,108833.53,109421.44,108826.57,109410.18,773.08,84365272.92
2025-08-31 01:00:00,109410.18,109510.25,109172.76,109457.72,610.49,66753160.93
2025-08-31 02:00:00,109457.72,109475.46,109211.76,109252.17,261.26,28569882.21
2025-08-31 03:00:00,109252.17,109404.7,109197.02,109248.19,245.96,26883238.7
2025-08-31 04:00:00,109248.19,109257.29,108710.64,108837.53,281.26,30643495.37
2025-08-31 05:00:00,108837.53,108837.93,108595.14,108784.04,250.53,27231091.78
2025-08-31 06:00:00,108784.04,108803.63,108559.05,108744.19,160.12,17407113.23
2025-08-31 07:00:00,108744.19,108855.48,108699.25,108740.65,158.25,17215529.46
2025-08-31 08:00:00,108740.65,109049.81,108736.93,109043.69,172.07,18742965.58
2025-08-31 09:00:00,109043.69,109129.52,108480.08,108531.49,370.82,40352849.95
2025-08-31 10:00:00,108531.49,108655.03,108344.58,108596.13,378.39,41048116.17
2025-08-31 11:00:00,108596.13,108624.51,108352.37,108412.38,210.22,22803448.18
2025-08-31 12:00:00,108412.38,108501.99,108329.12,108344.91,338.19,36660374.23
2025-08-31 13:00:00,108344.91,108464.25,108216.83,108429.87,512.97,55562919.59
2025-08-31 14:00:00,108429.87,108528.5,108285.7,108485.72,395.59,42886148.34
2025-08-31 15:00:00,108485.72,108864.9,108481.43,108830.14,347.24,37727611.51
2025-08-31 16:00:00,108830.14,108993.35,108585.92,108943.91,555.8,60469700.37
2025-08-31 17:00:00,108943.91,109021.53,108873.7,109016.26,295.58,32204854.13
2025-08-31 18:00:00,109016.26,109248.07,108953.82,109166.4,380.65,41528956.41
2025-08-31 19:00:00,109166.4,109188.54,108936.64,108953.12,251.23,27397845.16
2025-08-31 20:00:00,108953.12,109148.51,108900.96,109145.48,311.47,33963845.45
2025-08-31 21:00:00,109145.48,109145.75,108976.85,109067.26,234.12,25535254.35
2025-08-31 22:00:00,109067.26,109252.84,108785.8,108904.31,537.96,58632167.33
2025-08-31 23:00:00,108904.31,108928.23,108095.95,108273.72,1066.29,115571983.23
2025-09-01 00:00:00,108273.72,108418.89,107659.28,108248.83,1484.83,160369745.36
2025-09-01 01:00:00,108248.83,108491.29,107994.27,108172.6,1098.14,118827613.91
2025-09-01 02:00:00,108172.6,108219.13,107452.46,107649.04,1511.49,162863030.05
2025-09-01 03:00:00,107649.04,107791.55,107420.71,107682.29,768.11,82628057.14
2025-09-01 04:00:00,107682.29,107766.01,107293.13,107420.51,515.08,55359319.43
2025-09-01 05:00:00,107420.51,107994.63,107271.39,107879.93,460.53,49566232.02
2025-09-01 06:00:00,107879.93,108139.81,107615.21,108083.97,327.17,35322030.19
2025-09-01 07:00:00,108083.97,109441.88,108007.59,109441.88,815.43,88657307.71
2025-09-01 08:00:00,109441.88,109820.02,109440.77,109608.54,907.79,99503701.9
2025-09-01 09:00:00,109608.54,109913.29,109501.71,109532.29,783.25,85918577.22
2025-09-01 10:00:00,109532.29,109548.89,108198.93,108579.64,1106.39,120356103.48
2025-09-01 11:00:00,108579.64,108864.05,108473.88,108789.01,393.05,42708544.06
2025-09-01 12:00:00,108789.01,109161.59,108652.14,109114.05,742.28,80871082.51
2025-09-01 13:00:00,109114.05,109536.56,108955.85,109039.52,1145.11,125087904.98
2025-09-01 14:00:00,109039.52,109337.03,108844.47,109177.62,956.53,104352568.47
2025-09-01 15:00:00,109177.62,109395.92,108591.52,108796.89,883.26,96205117.76
2025-09-01 16:00:00,108796.89,109113.94,108677.2,108799.82,761.29,82922437.4
2025-09-01 17:00:00,108799.82,108975.16,108422.3,108946.09,1136.89,123591292.51
2025-09-01 18:00:00,108946.09,109275.85,108936.01,109242.81,637.12,69521446.27
2025-09-01 19:00:00,109242.81,109330.53,109178.77,109228.06,315.46,34466558.58
2025-09-01 20:00:00,109228.06,109230.82,108284.6,108878.67,1406.57,152999546.25
2025-09-01 21:00:00,108878.67,108938.72,107479.64,107802.06,1581.73,170962033.26
2025-09-01 22:00:00,107802.06,108521.89,107614.39,108464.43,896.94,96922819.39
2025-09-01 23:00:00,108464.43,109454.48,108447.11,109256.28,1149.38,125101002.27
2025-09-02 00:00:00,109256.28,109340.95,108900.97,109048.45,843.79,92060191.1
2025-09-02 01:00:00,109048.45,109620.82,109002.23,109332.15,1137.25,124312301.55
2025-09-02 02:00:00,109332.15,110271.38,109193.22,110250.57,1003.67,110037630.73
2025-09-02 03:00:00,110250.57,110619.19,110080.8,110341.26,1239.67,136767022.99
2025-09-02 04:00:00,110341.26,110416.49,110163.24,110311.29,660.91,72874992.34
2025-09-02 05:00:00,110311.29,110335.89,110062.37,110229.44,281.1,30976397.12
2025-09-02 06:00:00,110229.44,110630.91,110189.46,110399.43,429.23,47398079.45
2025-09-02 07:00:00,110399.43,110416.89,110024.45,110247.9,402.76,44399228.71
2025-09-02 08:00:00,110247.9,110719.09,110067.09,110379.98,628.77,69394307.04
2025-09-02 09:00:00,110379.98,110697.47,110287.22,110472.93,636.38,70317194.43
2025-09-02 10:00:00,110472.93,110502.92,110158.02,110283.13,489.07,53957793.5
2025-09-02 11:00:00,110283.13,110285.34,109605.46,109764.03,435.9,47935587.0
2025-09-02 12:00:00,109764.03,109869.29,108420.77,108824.33,2082.54,227142713.33
2025-09-02 13:00:00,108824.33,111316.35,108779.96,111191.03,3819.54,420732576.39
2025-09-02 14:00:00,111191.03,111796.23,110822.95,111375.51,3095.82,344633519.81
2025-09-02 15:00:00,111375.51,111551.14,110647.57,110847.0,2030.48,225556009.17
2025-09-02 16:00:00,110847.0,111144.98,110498.75,110803.39,1647.7,182578529.24
2025-09-02 17:00:00,110803.39,111067.49,110645.09,110930.45,1185.02,131371843.08
2025-09-02 18:00:00,110930.45,110957.31,110200.45,110657.02,1537.14,169959241.58
2025-09-02 19:00:00,110657.02,110851.13,110465.86,110825.09,1028.33,113796196.96
2025-09-02 20:00:00,110825.09,111443.62,110735.62,111436.97,1140.95,126867240.53
2025-09-02 21:00:00,111436.97,111556.62,111145.29,111145.29,488.77,54442396.01
2025-09-02 22:00:00,111145.29,111281.51,110887.9,111281.51,514.1,57111389.33
2025-09-02 23:00:00,111281.51,111291.74,111029.49,111245.94,354.01,39346794.38
2025-09-03 00:00:00,111245.94,111784.15,111239.59,111351.45,788.58,87924231.09
2025-09-03 01:00:00,111351.45,111414.63,110906.58,111186.48,868.19,96469939.75
2025-09-03 02:00:00,111186.48,111492.75,111052.6,111389.63,692.74,77111012.7
2025-09-03 03:00:00,111389.63,111414.6,110906.66,111060.44,505.84,56210178.66
2025-09-03 04:00:00,111060.44,111164.68,110852.69,111039.87,262.27,29120304.45
2025-09-03 05:00:00,111039.87,111081.98,110687.32,110716.84,299.08,33153658.39
2025-09-03 06:00:00,110716.84,110896.64,110588.72,110745.92,331.17,36669120.48
2025-09-03 07:00:00,110745.92,111124.56,110556.54,111106.49,531.07,58844422.1
2025-09-03 08:00:00,111106.49,111289.92,110996.82,111035.71,354.1,39354157.07
2025-09-03 09:00:00,111035.71,111330.21,110918.04,111318.8,375.24,41712412.89
2025-09-03 10:00:00,111318.8,111496.46,111184.06,111466.33,421.4,46939280.76
2025-09-03 11:00:00,111466.33,111725.78,111413.58,111478.7,345.09,38501568.21
2025-09-03 12:00:00,111478.7,111886.09,111070.33,111148.32,954.68,106431188.91
2025-09-03 13:00:00,111148.32,111928.52,111107.94,111491.96,1866.23,208086788.96
2025-09-03 14:00:00,111491.96,112545.3,111143.27,112293.52,2809.0,314166893.0
2025-09-03 15:00:00,112293.52,112404.38,111934.3,112249.3,1404.5,157586804.37
2025-09-03 16:00:00,112249.3,112374.19,111715.94,111892.04,969.44,108613897.12
2025-09-03 17:00:00,111892.04,112601.73,111883.58,112340.18,1223.43,137460832.47
2025-09-03 18:00:00,112340.18,112561.06,111822.44,112036.33,1183.69,132837444.68
2025-09-03 19:00:00,112036.33,112293.46,111809.33,112245.42,1040.64,116536191.06
2025-09-03 20:00:00,112245.42,112298.05,112103.05,112267.03,494.06,55432089.55
2025-09-03 21:00:00,112267.03,112311.29,111811.95,112045.64,448.06,50226108.55
2025-09-03 22:00:00,112045.64,112202.72,111891.21,112005.7,384.69,43110094.16
2025-09-03 23:00:00,112005.7,112036.83,111678.76,111751.51,534.28,59740420.21
2025-09-04 00:00:00,111751.51,112225.93,111661.91,112126.96,582.52,65219246.32
2025-09-04 01:00:00,112126.96,112129.75,111698.28,112000.25,520.61,58253047.5
2025-09-04 02:00:00,112000.25,112025.73,111456.41,111502.4,662.12,73947034.01
2025-09-04 03:00:00,111502.4,111760.77,111179.15,111193.75,777.5,86650484.91
2025-09-04 04:00:00,111193.75,111369.49,110964.7,110969.68,337.25,37502275.22
2025-09-04 05:00:00,110969.68,110973.14,110625.97,110696.12,558.98,61917442.99
2025-09-04 06:00:00,110696.12,110760.66,110320.83,110435.68,483.45,53436962.27
2025-09-04 07:00:00,110435.68,110681.41,110385.62,110502.81,355.61,39292320.56
2025-09-04 08:00:00,110502.81,110876.62,110453.03,110679.04,372.0,41180191.72
2025-09-04 09:00:00,110679.04,110891.76,110679.04,110852.88,240.68,26675606.0
2025-09-04 10:00:00,110852.88,111178.98,110662.91,110662.91,458.96,50925419.84
2025-09-04 11:00:00,110662.91,111080.79,110579.46,110850.54,467.77,51873706.0
2025-09-04 12:00:00,110850.54,111158.75,110569.66,110970.3,829.93,92007136.02
2025-09-04 13:00:00,110970.3,111003.8,110237.31,110486.07,1652.85,182874508.28
2025-09-04 14:00:00,110486.07,110539.75,109734.86,109869.26,2292.67,252254751.33
2025-09-04 15:00:00,109869.26,109885.4,109345.22,109520.12,1722.13,188632106.28
2025-09-04 16:00:00,109520.12,109699.72,109373.85,109442.46,1123.41,123033592.17
2025-09-04 17:00:00,109442.46,109927.62,109431.87,109801.6,901.19,98907042.57
2025-09-04 18:00:00,109801.6,110223.61,109721.57,110000.23,918.18,101031536.24
2025-09-04 19:00:00,110000.23,110132.76,109740.76,109818.28,1443.81,158735600.59
2025-09-04 20:00:00,109818.28,110432.57,109771.69,110415.26,839.16,92497784.19
2025-09-04 21:00:00,110415.26,110566.59,110343.69,110511.63,316.51,34962553.91
2025-09-04 22:00:00,110511.63,111590.28,110494.88,111494.91,752.29,83422103.15
2025-09-04 23:00:00,111494.91,111751.51,110610.4,110732.33,967.62,107605955.74
2025-09-05 00:00:00,110732.33,110943.53,110453.67,110474.07,751.31,83165107.95
2025-09-05 01:00:00,110474.07,111153.87,110472.14,111128.52,657.19,72828713.98
2025-09-05 02:00:00,111128.52,111495.99,111057.45,111352.43,902.68,100470024.64
2025-09-05 03:00:00,111352.43,111352.52,111110.88,111331.68,323.29,35962115.16
2025-09-05 04:00:00,111331.68,111482.59,111162.05,111459.02,214.08,23833528.73
2025-09-05 05:00:00,111459.02,111732.15,111429.83,111592.12,298.95,33360203.58
2025-09-05 06:00:00,111592.12,111918.97,111529.57,111910.93,267.91,29917191.26
2025-09-05 07:00:00,111910.93,113009.39,111900.31,112973.38,1495.32,168346224.15
2025-09-05 08:00:00,112973.38,112999.81,112622.27,112638.92,486.01,54824349.21
2025-09-05 09:00:00,112638.92,112642.3,112141.73,112310.22,866.49,97321849.91
2025-09-05 10:00:00,112310.22,112581.06,112207.41,112262.52,533.44,59930213.31
2025-09-05 11:00:00,112262.52,112445.15,112155.34,112362.53,365.63,41060637.61
2025-09-05 12:00:00,112362.53,113400.39,112102.1,113233.13,3486.03,393119287.49
2025-09-05 13:00:00,113233.13,113332.94,112730.91,113099.15,2518.03,284662056.54
2025-09-05 14:00:00,113099.15,113099.55,110500.13,110576.66,4975.24,554035018.73
2025-09-05 15:00:00,110576.66,111033.19,110280.98,110724.94,1900.48,210336500.99
2025-09-05 16:00:00,110724.94,110939.8,110536.15,110819.7,1129.26,125040434.12
2025-09-05 17:00:00,110819.7,110821.28,110217.27,110613.18,1025.38,113369453.83
2025-09-05 18:00:00,110613.18,111319.52,110583.95,111220.66,1006.91,111781755.82
2025-09-05 19:00:00,111220.66,111646.5,111143.93,111629.32,1809.45,201509701.97
2025-09-05 20:00:00,111629.32,111675.04,111323.66,111651.69,886.39,98824403.13
2025-09-05 21:00:00,111651.69,111708.7,110425.34,110622.91,1677.73,186149833.15
2025-09-05 22:00:00,110622.91,110947.0,110528.65,110829.63,406.94,45080467.29
2025-09-05 23:00:00,110829.63,110887.36,110618.92,110676.99,344.16,38116408.61
2025-09-06 00:00:00,110676.99,110843.34,110567.35,110796.28,356.86,39504504.85
2025-09-06 01:00:00,110796.28,110932.37,110757.24,110883.37,200.36,22206058.28
2025-09-06 02:00:00,110883.37,111224.95,110752.33,111221.69,294.76,32698494.13
2025-09-06 03:00:00,111221.69,111320.3,111022.59,111092.83,386.21,42937390.92
2025-09-06 04:00:00,111092.83,111093.47,110800.63,110891.02,206.21,22869831.64
2025-09-06 05:00:00,110891.02,110891.06,110717.9,110731.02,150.6,16683741.09
2025-09-06 06:00:00,110731.02,110824.19,110721.53,110774.3,100.28,11107123.5
2025-09-06 07:00:00,110774.3,110850.04,110768.2,110837.03,62.13,6883460.62
2025-09-06 08:00:00,110837.03,110980.78,110791.94,110961.27,96.47,10695097.1
2025-09-06 09:00:00,110961.27,110961.31,110716.75,110717.94,167.51,18557445.09
2025-09-06 10:00:00,110717.94,110808.92,110691.36,110789.43,144.56,16008442.39
2025-09-06 11:00:00,110789.43,110888.94,110690.43,110799.02,196.35,21743914.15
2025-09-06 12:00:00,110799.02,110915.31,110776.48,110847.05,195.42,21661087.54
2025-09-06 13:00:00,110847.05,110965.04,110838.28,110949.49,229.94,25499112.16
2025-09-06 14:00:00,110949.49,111010.23,110807.63,110833.81,237.42,26332109.23
2025-09-06 15:00:00,110833.81,110862.9,110394.82,110421.88,536.46,59340762.81
2025-09-06 16:00:00,110421.88,110436.89,110019.89,110302.55,1314.03,144915048.99
2025-09-06 17:00:00,110302.55,110313.69,110041.54,110191.99,377.13,41557805.07
2025-09-06 18:00:00,110191.99,110319.07,110103.77,110269.76,265.44,29258299.65
2025-09-06 19:00:00,110269.76,110300.83,110053.59,110082.04,240.35,26479426.47
2025-09-06 20:00:00,110082.04,110199.44,110081.44,110199.44,228.56,25169582.91
2025-09-06 21:00:00,110199.44,110253.81,110137.78,110235.26,196.36,21640677.55
2025-09-06 22:00:00,110235.26,110261.85,110126.73,110204.98,246.42,27156330.14
2025-09-06 23:00:00,110204.98,110311.6,110157.58,110230.16,210.8,23237692.79
2025-09-07 00:00:00,110230.16,110394.67,110215.7,110386.33,184.37,20335012.74
2025-09-07 01:00:00,110386.33,110616.74,110363.41,110584.27,272.31,30092837.52
2025-09-07 02:00:00,110584.27,110722.82,110478.28,110693.39,178.78,19768855.15
2025-09-07 03:00:00,110693.39,110761.81,110630.01,110662.66,152.59,16891039.41
2025-09-07 04:00:00,110662.66,110674.22,110530.04,110592.18,122.04,13496222.55
2025-09-07 05:00:00,110592.18,110733.0,110592.08,110691.48,189.46,20963426.35
2025-09-07 06:00:00,110691.48,110699.98,110519.87,110543.95,89.95,9949022.9
2025-09-07 07:00:00,110543.95,110936.5,110510.73,110782.35,332.53,36826369.94
2025-09-07 08:00:00,110782.35,111377.92,110762.05,111091.2,543.83,60425231.21
2025-09-07 09:00:00,111091.2,111261.64,110914.24,111128.47,357.94,39768003.34
2025-09-07 10:00:00,111128.47,111234.85,111060.21,111227.68,180.09,20017834.28
2025-09-07 11:00:00,111227.68,111296.73,111206.25,111296.73,135.92,15122046.24
2025-09-07 12:00:00,111296.73,111298.78,111087.36,111135.52,193.69,21531272.97
2025-09-07 13:00:00,111135.52,111244.09,111063.21,111220.49,179.07,19904185.78
2025-09-07 14:00:00,111220.49,111406.09,111076.04,111145.2,395.62,43996837.58
2025-09-07 15:00:00,111145.2,111370.52,111119.0,111329.3,237.33,26407982.41
2025-09-07 16:00:00,111329.3,111367.32,111171.85,111210.38,241.72,26890721.72
2025-09-07 17:00:00,111210.38,111244.89,110906.36,110985.59,406.83,45180160.91
2025-09-07 18:00:00,110985.59,111073.39,110879.17,111063.28,245.86,27285619.03
2025-09-07 19:00:00,111063.28,111298.17,111061.38,111265.09,239.91,26674701.75
2025-09-07 20:00:00,111265.09,111367.22,111155.45,111338.79,346.15,38500858.85
2025-09-07 21:00:00,111338.79,111340.75,111056.8,111056.8,179.21,19927417.46
2025-09-07 22:00:00,111056.8,111359.06,111016.26,111257.77,457.51,50865115.85
2025-09-07 23:00:00,111257.77,111607.85,111083.03,111143.24,629.7,70133606.37
2025-09-08 00:00:00,111143.24,111288.1,110737.24,110838.48,876.46,97318163.65
2025-09-08 01:00:00,110838.48,110986.39,110730.66,110895.37,741.76,82236134.92
2025-09-08 02:00:00,110895.37,111357.78,110628.16,111237.6,723.5,80326444.7
2025-09-08 03:00:00,111237.6,111344.31,111025.42,111051.94,475.82,52903808.64
2025-09-08 04:00:00,111051.94,111207.33,110929.91,110983.41,388.09,43089036.84
2025-09-08 05:00:00,110983.41,111056.1,110911.21,111036.48,281.6,31249790.33
2025-09-08 06:00:00,111036.48,111198.09,110924.41,111124.25,177.67,19735731.82
2025-09-08 07:00:00,111124.25,111608.36,111119.33,111275.64,367.35,40927157.85
2025-09-08 08:00:00,111275.64,111891.04,111256.22,111668.85,613.09,68435918.42
2025-09-08 09:00:00,111668.85,112084.26,111587.09,112084.26,756.66,84667186.23
2025-09-08 10:00:00,112084.26,112187.05,111915.01,112044.19,628.02,70380215.36
2025-09-08 11:00:00,112044.19,112116.46,111764.71,112059.45,449.73,50326890.77
2025-09-08 12:00:00,112059.45,112148.96,111923.9,112034.98,522.76,58560303.25
2025-09-08 13:00:00,112034.98,112359.13,111872.67,111900.54,1588.92,178236777.76
2025-09-08 14:00:00,111900.54,112782.93,111887.8,112652.7,1708.09,191937306.7
2025-09-08 15:00:00,112652.7,112937.76,112538.22,112640.41,1002.45,112998549.52
2025-09-08 16:00:00,112640.41,112684.14,112319.11,112417.24,1009.53,113545867.11
2025-09-08 17:00:00,112417.24,112563.75,112103.89,112229.0,841.97,94611513.44
2025-09-08 18:00:00,112229.0,112537.88,112216.04,112498.18,732.1,82268824.34
2025-09-08 19:00:00,112498.18,112498.23,112009.76,112099.99,692.5,77681845.41
2025-09-08 20:00:00,112099.99,112167.53,111916.48,111996.6,561.4,62893492.26
2025-09-08 21:00:00,111996.6,112348.39,111956.74,112345.36,319.75,35871360.66
2025-09-08 22:00:00,112345.36,112520.5,112230.14,112259.96,602.57,67725617.82
2025-09-08 23:00:00,112259.96,112321.05,112003.47,112089.06,284.03,31860958.67
2025-09-09 00:00:00,112089.06,112115.75,111473.24,111663.31,802.32,89676802.72
2025-09-09 01:00:00,111663.31,111754.23,111287.46,111383.71,690.32,76926739.77
2025-09-09 02:00:00,111383.71,111456.83,111131.2,111340.75,632.58,70406233.16
2025-09-09 03:00:00,111340.75,111762.01,111255.83,111720.81,394.97,44048829.11
2025-09-09 04:00:00,111720.81,112104.07,111646.52,112037.07,592.33,66300739.49
2025-09-09 05:00:00,112037.07,112259.52,111871.84,112213.3,292.05,32715086.37
2025-09-09 06:00:00,112213.3,113167.49,112174.64,113037.46,993.88,112107532.28
2025-09-09 07:00:00,113037.46,113293.12,112777.43,113009.09,784.5,88712927.46
2025-09-09 08:00:00,113009.09,113180.98,112908.4,112998.6,421.61,47654999.16
2025-09-09 09:00:00,112998.6,113073.92,112918.87,112974.99,262.68,29677626.45
2025-09-09 10:00:00,112974.99,113050.0,112658.03,112752.4,454.9,51322841.58
2025-09-09 11:00:00,112752.4,112823.45,112429.78,112453.6,311.27,35063365.91
2025-09-09 12:00:00,112453.6,112844.05,112417.0,112693.92,627.91,70754451.12
2025-09-09 13:00:00,112693.92,112962.92,112506.25,112785.89,1445.17,162978765.8
2025-09-09 14:00:00,112785.89,112971.01,111519.51,111778.66,2837.27,317950721.06
2025-09-09 15:00:00,111778.66,111836.05,110777.59,110885.58,2093.55,232810695.13
2025-09-09 16:00:00,110885.58,111151.79,110789.84,110973.88,1218.03,135142125.69
2025-09-09 17:00:00,110973.88,111198.45,110891.38,111039.11,744.02,82611589.98
2025-09-09 18:00:00,111039.11,111313.66,110919.92,111161.77,657.91,73118352.43
2025-09-09 19:00:00,111161.77,111401.66,111141.12,111318.65,515.52,57380164.36
2025-09-09 20:00:00,111318.65,111534.96,111102.19,111533.0,805.84,89656097.73
2025-09-09 21:00:00,111533.0,111749.15,111278.98,111305.65,449.78,50164863.83
2025-09-09 22:00:00,111305.65,111631.3,111275.2,111562.46,344.02,38348188.24
2025-09-09 23:00:00,111562.46,111584.35,111366.03,111549.14,472.15,52633871.6
2025-09-10 00:00:00,111549.14,111571.68,110949.81,111014.17,978.74,108909414.52
2025-09-10 01:00:00,111014.17,111225.04,110940.58,111015.81,765.2,84973819.88
2025-09-10 02:00:00,111015.81,111557.96,111015.79,111418.0,664.31,73969562.39
2025-09-10 03:00:00,111418.0,111586.41,111383.37,111547.73,336.5,37513341.1
2025-09-10 04:00:00,111547.73,111657.38,111425.39,111540.07,247.95,27654380.29
2025-09-10 05:00:00,111540.07,111718.12,111388.78,111577.45,354.74,39570861.82
2025-09-10 06:00:00,111577.45,111968.45,111421.41,111802.18,398.77,44556121.93
2025-09-10 07:00:00,111802.18,112593.61,111777.63,112551.83,639.25,71725762.46
2025-09-10 08:00:00,112551.83,112852.44,112345.96,112385.34,750.43,84529067.0
2025-09-10 09:00:00,112385.34,112435.65,112119.91,112276.46,509.4,57196222.4
2025-09-10 10:00:00,112276.46,112431.61,112219.4,112281.01,446.28,50139347.78
2025-09-10 11:00:00,112281.01,112408.8,112175.44,112308.63,307.95,34577676.22
2025-09-10 12:00:00,112308.63,113539.87,112307.13,113416.41,3107.74,351562750.47
2025-09-10 13:00:00,113416.41,114341.92,113411.6,113995.46,3690.57,420060158.19
2025-09-10 14:00:00,113995.46,114337.24,113842.96,113936.51,2184.69,249319143.79
2025-09-10 15:00:00,113936.51,114143.95,113765.66,113892.84,984.61,112193768.46
2025-09-10 16:00:00,113892.84,113970.43,113598.85,113796.77,1014.65,115416379.25
2025-09-10 17:00:00,113796.77,114116.55,113453.76,113772.36,1156.52,131555437.3
2025-09-10 18:00:00,113772.36,113924.6,113376.94,113623.15,1223.22,138952617.53
2025-09-10 19:00:00,113623.15,113648.88,113192.28,113617.42,1473.95,167121109.23
2025-09-10 20:00:00,113617.42,113916.18,113606.08,113622.51,815.36,92754970.35
2025-09-10 21:00:00,113622.51,113889.28,113589.36,113878.64,362.46,41243480.89
2025-09-10 22:00:00,113878.64,114028.89,113760.54,113916.29,487.67,55558063.69
2025-09-10 23:00:00,113916.29,114063.34,113814.99,113988.2,622.12,70898704.95
2025-09-11 00:00:00,113988.2,114031.78,113716.57,113918.36,477.94,54433095.43
2025-09-11 01:00:00,113918.36,114204.97,113875.51,113940.31,442.0,50390268.63
2025-09-11 02:00:00,113940.31,113982.06,113763.28,113859.39,345.4,39335957.51
2025-09-11 03:00:00,113859.39,114480.67,113858.11,114439.71,524.63,59921970.92
2025-09-11 04:00:00,114439.71,114440.94,114117.93,114181.86,321.67,36753919.82
2025-09-11 05:00:00,114181.86,114368.49,114002.1,114305.49,326.04,37230803.67
2025-09-11 06:00:00,114305.49,114497.34,114116.72,114377.76,273.1,31222972.69
2025-09-11 07:00:00,114377.76,114377.91,114045.86,114125.5,408.57,46637393.29
2025-09-11 08:00:00,114125.5,114237.13,114029.15,114091.96,298.52,34072936.95
2025-09-11 09:00:00,114091.96,114114.9,113803.79,113924.71,490.26,55860661.81
2025-09-11 10:00:00,113924.71,114149.1,113913.54,114102.95,389.84,44465484.31
2025-09-11 11:00:00,114102.95,114144.35,113945.66,114045.47,291.51,33244977.4
2025-09-11 12:00:00,114045.47,114513.46,113582.03,114016.15,2545.57,290303275.17
2025-09-11 13:00:00,114016.15,114752.73,113457.52,114664.71,2446.24,278829408.48
2025-09-11 14:00:00,114664.71,114703.31,113974.74,114509.8,2190.81,250509771.42
2025-09-11 15:00:00,114509.8,114740.42,114040.32,114219.58,1348.77,154368012.71
2025-09-11 16:00:00,114219.58,114627.26,114216.63,114524.95,908.23,103951554.12
2025-09-11 17:00:00,114524.95,114645.25,114381.4,114628.14,649.42,74384358.3
2025-09-11 18:00:00,114628.14,114653.2,114143.51,114337.05,714.39,81667507.97
2025-09-11 19:00:00,114337.05,114573.67,114224.27,114472.67,667.08,76314482.74
2025-09-11 20:00:00,114472.67,114536.42,114305.76,114442.51,503.94,57654110.85
2025-09-11 21:00:00,114442.51,114564.45,114439.49,114530.72,186.56,21363816.51
2025-09-11 22:00:00,114530.72,115305.26,114484.4,115145.09,1048.66,120593473.61
2025-09-11 23:00:00,115145.09,115543.74,115143.53,115537.84,546.53,63065318.5
2025-09-12 00:00:00,115537.84,116365.99,115477.19,115902.0,1633.64,189318185.52
2025-09-12 01:00:00,115902.0,116069.01,115431.8,115441.56,1104.53,127847842.87
2025-09-12 02:00:00,115441.56,115700.04,115314.03,115442.81,809.4,93500602.63
2025-09-12 03:00:00,115442.81,115473.22,115107.01,115252.29,586.46,67601032.7
2025-09-12 04:00:00,115252.29,115546.75,115138.43,115412.52,602.47,69500384.8
2025-09-12 05:00:00,115412.52,115711.32,115373.12,115666.98,433.94,50145394.13
2025-09-12 06:00:00,115666.98,115667.0,115315.33,115357.24,235.54,27194277.17
2025-09-12 07:00:00,115357.24,115440.06,115136.49,115142.87,478.48,55143432.94
2025-09-12 08:00:00,115142.87,115305.36,114998.04,115090.98,555.45,63937508.81
2025-09-12 09:00:00,115090.98,115162.18,114917.44,115068.03,409.16,47061327.35
2025-09-12 10:00:00,115068.03,115114.43,114969.24,115016.49,287.64,33086685.8
2025-09-12 11:00:00,115016.49,115171.45,114947.52,114959.45,290.15,33373978.15
2025-09-12 12:00:00,114959.45,115201.82,114785.3,115126.82,609.5,70101788.43
2025-09-12 13:00:00,115126.82,115266.7,114861.68,115208.98,866.97,99734212.62
2025-09-12 14:00:00,115208.98,115530.36,114901.29,115319.21,1770.44,203931386.48
2025-09-12 15:00:00,115319.21,115341.05,114997.57,115171.01,722.45,83203478.31
2025-09-12 16:00:00,115171.01,115573.83,115079.88,115548.47,973.65,112331413.85
2025-09-12 17:00:00,115548.47,116012.28,115457.59,115894.51,1772.87,205351074.96
2025-09-12 18:00:00,115894.51,116590.03,115850.95,116571.62,2009.39,233765259.9
2025-09-12 19:00:00,116571.62,116816.49,116331.59,116791.09,2151.31,250820073.19
2025-09-12 20:00:00,116791.09,116791.1,116088.57,116268.37,1125.33,130937554.43
2025-09-12 21:00:00,116268.37,116268.41,115864.12,115967.76,569.26,66072116.67
2025-09-12 22:00:00,115967.76,116449.54,115966.98,116118.57,478.07,55542354.02
2025-09-12 23:00:00,116118.57,116246.25,116025.47,116116.26,366.73,42588610.56
2025-09-13 00:00:00,116116.26,116361.05,116047.75,116291.31,445.39,51745142.13
2025-09-13 01:00:00,116291.31,116347.83,115685.83,115840.61,563.81,65422003.38
2025-09-13 02:00:00,115840.61,116066.45,115773.31,115952.3,293.11,33993782.14
2025-09-13 03:00:00,115952.3,116079.57,115920.14,116025.12,328.73,38130928.51
2025-09-13 04:00:00,116025.12,116025.3,115760.41,115773.92,157.29,18226738.55
2025-09-13 05:00:00,115773.92,115922.36,115743.92,115787.82,165.84,19205037.02
2025-09-13 06:00:00,115787.82,115874.93,115741.01,115809.48,142.98,16555416.06
2025-09-13 07:00:00,115809.48,115925.99,115780.77,115855.93,105.99,12281308.1
2025-09-13 08:00:00,115855.93,116123.32,115846.86,116045.33,134.78,15633107.77
2025-09-13 09:00:00,116045.33,116104.53,115942.52,116097.9,222.36,25794750.92
2025-09-13 10:00:00,116097.9,116250.63,115993.02,116016.7,229.83,26687619.59
2025-09-13 11:00:00,116016.7,116083.58,115961.45,116043.85,156.64,18173442.38
2025-09-13 12:00:00,116043.85,116135.14,115939.81,116070.19,160.47,18618412.04
2025-09-13 13:00:00,116070.19,116074.32,115709.21,115835.5,262.05,30372078.49
2025-09-13 14:00:00,115835.5,116023.19,115682.61,115867.53,601.81,69733655.7
2025-09-13 15:00:00,115867.53,115986.84,115696.9,115838.71,312.13,36153518.91
2025-09-13 16:00:00,115838.71,115887.16,115207.42,115406.27,920.45,106340639.79
2025-09-13 17:00:00,115406.27,115649.37,115250.78,115627.35,588.21,67904635.31
2025-09-13 18:00:00,115627.35,115719.44,115501.41,115706.54,235.7,27253313.62
2025-09-13 19:00:00,115706.54,115870.49,115646.48,115862.64,268.1,31035105.9
2025-09-13 20:00:00,115862.64,116051.54,115860.4,115972.38,305.92,35482776.88
2025-09-13 21:00:00,115972.38,116046.95,115908.61,115958.92,168.7,19567666.91
2025-09-13 22:00:00,115958.92,115995.89,115883.63,115937.47,151.69,17586487.53
2025-09-13 23:00:00,115937.47,116042.03,115931.7,115971.92,161.59,18740567.66
2025-09-14 00:00:00,115971.92,116060.21,115893.38,115990.29,220.39,25565849.72
2025-09-14 01:00:00,115990.29,116049.7,115815.11,116023.34,275.01,31879318.05
2025-09-14 02:00:00,116023.34,116173.39,115830.35,115925.15,310.65,36036841.83
2025-09-14 03:00:00,115925.15,115937.14,115718.86,115748.13,266.22,30830866.91
2025-09-14 04:00:00,115748.13,115839.12,115534.38,115815.55,161.25,18659490.22
2025-09-14 05:00:00,115815.55,115988.01,115806.37,115938.86,119.31,13830521.86
2025-09-14 06:00:00,115938.86,116005.26,115777.7,115804.39,105.37,12209322.14
2025-09-14 07:00:00,115804.39,115892.46,115798.83,115867.63,81.76,9472198.39
2025-09-14 08:00:00,115867.63,116043.74,115824.4,116001.47,107.95,12517989.77
2025-09-14 09:00:00,116001.47,116227.37,115962.52,116114.96,182.97,21247183.45
2025-09-14 10:00:00,116114.96,116202.59,116025.9,116095.63,158.6,18418177.76
2025-09-14 11:00:00,116095.63,116164.41,115826.41,115873.47,262.99,30488421.93
2025-09-14 12:00:00,115873.47,115942.21,115737.36,115841.37,228.24,26441815.05
2025-09-14 13:00:00,115841.37,115852.41,115299.88,115413.52,622.96,71936693.86
2025-09-14 14:00:00,115413.52,115773.51,115251.0,115477.76,723.97,83581492.83
2025-09-14 15:00:00,115477.76,115499.11,115279.84,115294.4,330.16,38092412.32
2025-09-14 16:00:00,115294.4,115607.93,115262.01,115543.56,359.06,41449840.46
2025-09-14 17:00:00,115543.56,115719.0,115477.99,115625.67,259.27,29977886.61
2025-09-14 18:00:00,115625.67,115625.95,115440.63,115456.32,126.92,14663693.6
2025-09-14 19:00:00,115456.32,115704.85,115396.46,115704.85,175.75,20303894.61
2025-09-14 20:00:00,115704.85,115915.56,115697.74,115868.32,279.88,32412678.13
2025-09-14 21:00:00,115868.32,116150.69,115667.4,116119.03,363.95,42194079.81
2025-09-14 22:00:00,116119.03,116138.53,115879.26,116068.85,453.46,52613587.82
2025-09-14 23:00:00,116068.85,116070.09,115203.8,115351.87,1114.36,128769301.36
2025-09-15 00:00:00,115351.87,115352.14,115035.72,115139.85,1217.68,140270355.44
2025-09-15 01:00:00,115139.85,115342.28,114899.12,115297.83,694.15,79886431.8
2025-09-15 02:00:00,115297.83,115494.41,115281.83,115474.06,119.08,13743980.2
